design_cell,plant,sfr_period_s,sg_reserve,mechanism,severity,capability_change_time_policy,load_event_relation,load_shape,measurement_noise,communication,initial_soc_band,knowledge_split,scenario_id,episode_seed,factor_source,execution_status,status_reason
core_000,A,2,adequate,nominal,mild,uniform_20_120_s,simultaneous,pulse,medium,random_dropout,low_0p25_0p40,final_known_negative_control,core_000_seed_00,15485863,explicit_locked_manifest,not_evaluated,not_evaluated_due_to_H2_PASSIVE_CAPABILITY_SET_NOT_SUPPORTED
core_000,A,2,adequate,nominal,mild,uniform_20_120_s,simultaneous,pulse,medium,random_dropout,low_0p25_0p40,final_known_negative_control,core_000_seed_01,32452843,explicit_locked_manifest,not_evaluated,not_evaluated_due_to_H2_PASSIVE_CAPABILITY_SET_NOT_SUPPORTED
core_000,A,2,adequate,nominal,mild,uniform_20_120_s,simultaneous,pulse,medium,random_dropout,low_0p25_0p40,final_known_negative_control,core_000_seed_02,49979687,explicit_locked_manifest,not_evaluated,not_evaluated_due_to_H2_PASSIVE_CAPABILITY_SET_NOT_SUPPORTED
core_000,A,2,adequate,nominal,mild,uniform_20_120_s,simultaneous,pulse,medium,random_dropout,low_0p25_0p40,final_known_negative_control,core_000_seed_03,67867967,explicit_locked_manifest,not_evaluated,not_evaluated_due_to_H2_PASSIVE_CAPABILITY_SET_NOT_SUPPORTED
core_000,A,2,adequate,nominal,mild,uniform_20_120_s,simultaneous,pulse,medium,random_dropout,low_0p25_0p40,final_known_negative_control,core_000_seed_04,86028121,explicit_locked_manifest,not_evaluated,not_evaluated_due_to_H2_PASSIVE_CAPABILITY_SET_NOT_SUPPORTED
core_000,A,2,adequate,nominal,mild,uniform_20_120_s,simultaneous,pulse,medium,random_dropout,low_0p25_0p40,final_known_negative_control,core_000_seed_05,104395303,explicit_locked_manifest,not_evaluated,not_evaluated_due_to_H2_PASSIVE_CAPABILITY_SET_NOT_SUPPORTED
core_000,A,2,adequate,nominal,mild,uniform_20_120_s,simultaneous,pulse,medium,random_dropout,low_0p25_0p40,final_known_negative_control,core_000_seed_06,122949823,explicit_locked_manifest,not_evaluated,not_evaluated_due_to_H2_PASSIVE_CAPABILITY_SET_NOT_SUPPORTED
core_000,A,2,adequate,nominal,mild,uniform_20_120_s,simultaneous,pulse,medium,random_dropout,low_0p25_0p40,final_known_negative_control,core_000_seed_07,141650939,explicit_locked_manifest,not_evaluated,not_evaluated_due_to_H2_PASSIVE_CAPABILITY_SET_NOT_SUPPORTED
core_000,A,2,adequate,nominal,mild,uniform_20_120_s,simultaneous,pulse,medium,random_dropout,low_0p25_0p40,final_known_negative_control,core_000_seed_08,160481183,explicit_locked_manifest,not_evaluated,not_evaluated_due_to_H2_PASSIVE_CAPABILITY_SET_NOT_SUPPORTED
core_000,A,2,adequate,nominal,mild,uniform_20_120_s,simultaneous,pulse,medium,random_dropout,low_0p25_0p40,final_known_negative_control,core_000_seed_09,179424673,explicit_locked_manifest,not_evaluated,not_evaluated_due_to_H2_PASSIVE_CAPABILITY_SET_NOT_SUPPORTED
core_000,A,2,adequate,nominal,mild,uniform_20_120_s,simultaneous,pulse,medium,random_dropout,low_0p25_0p40,final_known_negative_control,core_000_seed_10,198491317,explicit_locked_manifest,not_evaluated,not_evaluated_due_to_H2_PASSIVE_CAPABILITY_SET_NOT_SUPPORTED
core_000,A,2,adequate,nominal,mild,uniform_20_120_s,simultaneous,pulse,medium,random_dropout,low_0p25_0p40,final_known_negative_control,core_000_seed_11,217645199,explicit_locked_manifest,not_evaluated,not_evaluated_due_to_H2_PASSIVE_CAPABILITY_SET_NOT_SUPPORTED
core_000,A,2,adequate,nominal,mild,uniform_20_120_s,simultaneous,pulse,medium,random_dropout,low_0p25_0p40,final_known_negative_control,core_000_seed_12,236887699,explicit_locked_manifest,not_evaluated,not_evaluated_due_to_H2_PASSIVE_CAPABILITY_SET_NOT_SUPPORTED
core_000,A,2,adequate,nominal,mild,uniform_20_120_s,simultaneous,pulse,medium,random_dropout,low_0p25_0p40,final_known_negative_control,core_000_seed_13,256203221,explicit_locked_manifest,not_evaluated,not_evaluated_due_to_H2_PASSIVE_CAPABILITY_SET_NOT_SUPPORTED
core_000,A,2,adequate,nominal,mild,uniform_20_120_s,simultaneous,pulse,medium,random_dropout,low_0p25_0p40,final_known_negative_control,core_000_seed_14,275604541,explicit_locked_manifest,not_evaluated,not_evaluated_due_to_H2_PASSIVE_CAPABILITY_SET_NOT_SUPPORTED
core_000,A,2,adequate,nominal,mild,uniform_20_120_s,simultaneous,pulse,medium,random_dropout,low_0p25_0p40,final_known_negative_control,core_000_seed_15,295075147,explicit_locked_manifest,not_evaluated,not_evaluated_due_to_H2_PASSIVE_CAPABILITY_SET_NOT_SUPPORTED
core_000,A,2,adequate,nominal,mild,uniform_20_120_s,simultaneous,pulse,medium,random_dropout,low_0p25_0p40,final_known_negative_control,core_000_seed_16,314606891,explicit_locked_manifest,not_evaluated,not_evaluated_due_to_H2_PASSIVE_CAPABILITY_SET_NOT_SUPPORTED
core_000,A,2,adequate,nominal,mild,uniform_20_120_s,simultaneous,pulse,medium,random_dropout,low_0p25_0p40,final_known_negative_control,core_000_seed_17,334214467,explicit_locked_manifest,not_evaluated,not_evaluated_due_to_H2_PASSIVE_CAPABILITY_SET_NOT_SUPPORTED
core_000,A,2,adequate,nominal,mild,uniform_20_120_s,simultaneous,pulse,medium,random_dropout,low_0p25_0p40,final_known_negative_control,core_000_seed_18,353868013,explicit_locked_manifest,not_evaluated,not_evaluated_due_to_H2_PASSIVE_CAPABILITY_SET_NOT_SUPPORTED
core_000,A,2,adequate,nominal,mild,uniform_20_120_s,simultaneous,pulse,medium,random_dropout,low_0p25_0p40,final_known_negative_control,core_000_seed_19,373587883,explicit_locked_manifest,not_evaluated,not_evaluated_due_to_H2_PASSIVE_CAPABILITY_SET_NOT_SUPPORTED
core_001,A,2,scarce,nominal,mild,uniform_20_120_s,before,stochastic_net_load,high,jitter,mid_0p45_0p60,final_known_negative_control,core_001_seed_00,15485863,explicit_locked_manifest,not_evaluated,not_evaluated_due_to_H2_PASSIVE_CAPABILITY_SET_NOT_SUPPORTED
core_001,A,2,scarce,nominal,mild,uniform_20_120_s,before,stochastic_net_load,high,jitter,mid_0p45_0p60,final_known_negative_control,core_001_seed_01,32452843,explicit_locked_manifest,not_evaluated,not_evaluated_due_to_H2_PASSIVE_CAPABILITY_SET_NOT_SUPPORTED
core_001,A,2,scarce,nominal,mild,uniform_20_120_s,before,stochastic_net_load,high,jitter,mid_0p45_0p60,final_known_negative_control,core_001_seed_02,49979687,explicit_locked_manifest,not_evaluated,not_evaluated_due_to_H2_PASSIVE_CAPABILITY_SET_NOT_SUPPORTED
core_001,A,2,scarce,nominal,mild,uniform_20_120_s,before,stochastic_net_load,high,jitter,mid_0p45_0p60,final_known_negative_control,core_001_seed_03,67867967,explicit_locked_manifest,not_evaluated,not_evaluated_due_to_H2_PASSIVE_CAPABILITY_SET_NOT_SUPPORTED
core_001,A,2,scarce,nominal,mild,uniform_20_120_s,before,stochastic_net_load,high,jitter,mid_0p45_0p60,final_known_negative_control,core_001_seed_04,86028121,explicit_locked_manifest,not_evaluated,not_evaluated_due_to_H2_PASSIVE_CAPABILITY_SET_NOT_SUPPORTED
core_001,A,2,scarce,nominal,mild,uniform_20_120_s,before,stochastic_net_load,high,jitter,mid_0p45_0p60,final_known_negative_control,core_001_seed_05,104395303,explicit_locked_manifest,not_evaluated,not_evaluated_due_to_H2_PASSIVE_CAPABILITY_SET_NOT_SUPPORTED
core_001,A,2,scarce,nominal,mild,uniform_20_120_s,before,stochastic_net_load,high,jitter,mid_0p45_0p60,final_known_negative_control,core_001_seed_06,122949823,explicit_locked_manifest,not_evaluated,not_evaluated_due_to_H2_PASSIVE_CAPABILITY_SET_NOT_SUPPORTED
core_001,A,2,scarce,nominal,mild,uniform_20_120_s,before,stochastic_net_load,high,jitter,mid_0p45_0p60,final_known_negative_control,core_001_seed_07,141650939,explicit_locked_manifest,not_evaluated,not_evaluated_due_to_H2_PASSIVE_CAPABILITY_SET_NOT_SUPPORTED
core_001,A,2,scarce,nominal,mild,uniform_20_120_s,before,stochastic_net_load,high,jitter,mid_0p45_0p60,final_known_negative_control,core_001_seed_08,160481183,explicit_locked_manifest,not_evaluated,not_evaluated_due_to_H2_PASSIVE_CAPABILITY_SET_NOT_SUPPORTED
core_001,A,2,scarce,nominal,mild,uniform_20_120_s,before,stochastic_net_load,high,jitter,mid_0p45_0p60,final_known_negative_control,core_001_seed_09,179424673,explicit_locked_manifest,not_evaluated,not_evaluated_due_to_H2_PASSIVE_CAPABILITY_SET_NOT_SUPPORTED
core_001,A,2,scarce,nominal,mild,uniform_20_120_s,before,stochastic_net_load,high,jitter,mid_0p45_0p60,final_known_negative_control,core_001_seed_10,198491317,explicit_locked_manifest,not_evaluated,not_evaluated_due_to_H2_PASSIVE_CAPABILITY_SET_NOT_SUPPORTED
core_001,A,2,scarce,nominal,mild,uniform_20_120_s,before,stochastic_net_load,high,jitter,mid_0p45_0p60,final_known_negative_control,core_001_seed_11,217645199,explicit_locked_manifest,not_evaluated,not_evaluated_due_to_H2_PASSIVE_CAPABILITY_SET_NOT_SUPPORTED
core_001,A,2,scarce,nominal,mild,uniform_20_120_s,before,stochastic_net_load,high,jitter,mid_0p45_0p60,final_known_negative_control,core_001_seed_12,236887699,explicit_locked_manifest,not_evaluated,not_evaluated_due_to_H2_PASSIVE_CAPABILITY_SET_NOT_SUPPORTED
core_001,A,2,scarce,nominal,mild,uniform_20_120_s,before,stochastic_net_load,high,jitter,mid_0p45_0p60,final_known_negative_control,core_001_seed_13,256203221,explicit_locked_manifest,not_evaluated,not_evaluated_due_to_H2_PASSIVE_CAPABILITY_SET_NOT_SUPPORTED
core_001,A,2,scarce,nominal,mild,uniform_20_120_s,before,stochastic_net_load,high,jitter,mid_0p45_0p60,final_known_negative_control,core_001_seed_14,275604541,explicit_locked_manifest,not_evaluated,not_evaluated_due_to_H2_PASSIVE_CAPABILITY_SET_NOT_SUPPORTED
core_001,A,2,scarce,nominal,mild,uniform_20_120_s,before,stochastic_net_load,high,jitter,mid_0p45_0p60,final_known_negative_control,core_001_seed_15,295075147,explicit_locked_manifest,not_evaluated,not_evaluated_due_to_H2_PASSIVE_CAPABILITY_SET_NOT_SUPPORTED
core_001,A,2,scarce,nominal,mild,uniform_20_120_s,before,stochastic_net_load,high,jitter,mid_0p45_0p60,final_known_negative_control,core_001_seed_16,314606891,explicit_locked_manifest,not_evaluated,not_evaluated_due_to_H2_PASSIVE_CAPABILITY_SET_NOT_SUPPORTED
core_001,A,2,scarce,nominal,mild,uniform_20_120_s,before,stochastic_net_load,high,jitter,mid_0p45_0p60,final_known_negative_control,core_001_seed_17,334214467,explicit_locked_manifest,not_evaluated,not_evaluated_due_to_H2_PASSIVE_CAPABILITY_SET_NOT_SUPPORTED
core_001,A,2,scarce,nominal,mild,uniform_20_120_s,before,stochastic_net_load,high,jitter,mid_0p45_0p60,final_known_negative_control,core_001_seed_18,353868013,explicit_locked_manifest,not_evaluated,not_evaluated_due_to_H2_PASSIVE_CAPABILITY_SET_NOT_SUPPORTED
core_001,A,2,scarce,nominal,mild,uniform_20_120_s,before,stochastic_net_load,high,jitter,mid_0p45_0p60,final_known_negative_control,core_001_seed_19,373587883,explicit_locked_manifest,not_evaluated,not_evaluated_due_to_H2_PASSIVE_CAPABILITY_SET_NOT_SUPPORTED
core_002,A,2,critical,nominal,mild,uniform_20_120_s,no_incident,step,low,normal,high_0p65_0p80,final_known_negative_control,core_002_seed_00,15485863,explicit_locked_manifest,not_evaluated,not_evaluated_due_to_H2_PASSIVE_CAPABILITY_SET_NOT_SUPPORTED
core_002,A,2,critical,nominal,mild,uniform_20_120_s,no_incident,step,low,normal,high_0p65_0p80,final_known_negative_control,core_002_seed_01,32452843,explicit_locked_manifest,not_evaluated,not_evaluated_due_to_H2_PASSIVE_CAPABILITY_SET_NOT_SUPPORTED
core_002,A,2,critical,nominal,mild,uniform_20_120_s,no_incident,step,low,normal,high_0p65_0p80,final_known_negative_control,core_002_seed_02,49979687,explicit_locked_manifest,not_evaluated,not_evaluated_due_to_H2_PASSIVE_CAPABILITY_SET_NOT_SUPPORTED
core_002,A,2,critical,nominal,mild,uniform_20_120_s,no_incident,step,low,normal,high_0p65_0p80,final_known_negative_control,core_002_seed_03,67867967,explicit_locked_manifest,not_evaluated,not_evaluated_due_to_H2_PASSIVE_CAPABILITY_SET_NOT_SUPPORTED
core_002,A,2,critical,nominal,mild,uniform_20_120_s,no_incident,step,low,normal,high_0p65_0p80,final_known_negative_control,core_002_seed_04,86028121,explicit_locked_manifest,not_evaluated,not_evaluated_due_to_H2_PASSIVE_CAPABILITY_SET_NOT_SUPPORTED
core_002,A,2,critical,nominal,mild,uniform_20_120_s,no_incident,step,low,normal,high_0p65_0p80,final_known_negative_control,core_002_seed_05,104395303,explicit_locked_manifest,not_evaluated,not_evaluated_due_to_H2_PASSIVE_CAPABILITY_SET_NOT_SUPPORTED
core_002,A,2,critical,nominal,mild,uniform_20_120_s,no_incident,step,low,normal,high_0p65_0p80,final_known_negative_control,core_002_seed_06,122949823,explicit_locked_manifest,not_evaluated,not_evaluated_due_to_H2_PASSIVE_CAPABILITY_SET_NOT_SUPPORTED
core_002,A,2,critical,nominal,mild,uniform_20_120_s,no_incident,step,low,normal,high_0p65_0p80,final_known_negative_control,core_002_seed_07,141650939,explicit_locked_manifest,not_evaluated,not_evaluated_due_to_H2_PASSIVE_CAPABILITY_SET_NOT_SUPPORTED
core_002,A,2,critical,nominal,mild,uniform_20_120_s,no_incident,step,low,normal,high_0p65_0p80,final_known_negative_control,core_002_seed_08,160481183,explicit_locked_manifest,not_evaluated,not_evaluated_due_to_H2_PASSIVE_CAPABILITY_SET_NOT_SUPPORTED
core_002,A,2,critical,nominal,mild,uniform_20_120_s,no_incident,step,low,normal,high_0p65_0p80,final_known_negative_control,core_002_seed_09,179424673,explicit_locked_manifest,not_evaluated,not_evaluated_due_to_H2_PASSIVE_CAPABILITY_SET_NOT_SUPPORTED
core_002,A,2,critical,nominal,mild,uniform_20_120_s,no_incident,step,low,normal,high_0p65_0p80,final_known_negative_control,core_002_seed_10,198491317,explicit_locked_manifest,not_evaluated,not_evaluated_due_to_H2_PASSIVE_CAPABILITY_SET_NOT_SUPPORTED
core_002,A,2,critical,nominal,mild,uniform_20_120_s,no_incident,step,low,normal,high_0p65_0p80,final_known_negative_control,core_002_seed_11,217645199,explicit_locked_manifest,not_evaluated,not_evaluated_due_to_H2_PASSIVE_CAPABILITY_SET_NOT_SUPPORTED
core_002,A,2,critical,nominal,mild,uniform_20_120_s,no_incident,step,low,normal,high_0p65_0p80,final_known_negative_control,core_002_seed_12,236887699,explicit_locked_manifest,not_evaluated,not_evaluated_due_to_H2_PASSIVE_CAPABILITY_SET_NOT_SUPPORTED
core_002,A,2,critical,nominal,mild,uniform_20_120_s,no_incident,step,low,normal,high_0p65_0p80,final_known_negative_control,core_002_seed_13,256203221,explicit_locked_manifest,not_evaluated,not_evaluated_due_to_H2_PASSIVE_CAPABILITY_SET_NOT_SUPPORTED
core_002,A,2,critical,nominal,mild,uniform_20_120_s,no_incident,step,low,normal,high_0p65_0p80,final_known_negative_control,core_002_seed_14,275604541,explicit_locked_manifest,not_evaluated,not_evaluated_due_to_H2_PASSIVE_CAPABILITY_SET_NOT_SUPPORTED
core_002,A,2,critical,nominal,mild,uniform_20_120_s,no_incident,step,low,normal,high_0p65_0p80,final_known_negative_control,core_002_seed_15,295075147,explicit_locked_manifest,not_evaluated,not_evaluated_due_to_H2_PASSIVE_CAPABILITY_SET_NOT_SUPPORTED
core_002,A,2,critical,nominal,mild,uniform_20_120_s,no_incident,step,low,normal,high_0p65_0p80,final_known_negative_control,core_002_seed_16,314606891,explicit_locked_manifest,not_evaluated,not_evaluated_due_to_H2_PASSIVE_CAPABILITY_SET_NOT_SUPPORTED
core_002,A,2,critical,nominal,mild,uniform_20_120_s,no_incident,step,low,normal,high_0p65_0p80,final_known_negative_control,core_002_seed_17,334214467,explicit_locked_manifest,not_evaluated,not_evaluated_due_to_H2_PASSIVE_CAPABILITY_SET_NOT_SUPPORTED
core_002,A,2,critical,nominal,mild,uniform_20_120_s,no_incident,step,low,normal,high_0p65_0p80,final_known_negative_control,core_002_seed_18,353868013,explicit_locked_manifest,not_evaluated,not_evaluated_due_to_H2_PASSIVE_CAPABILITY_SET_NOT_SUPPORTED
core_002,A,2,critical,nominal,mild,uniform_20_120_s,no_incident,step,low,normal,high_0p65_0p80,final_known_negative_control,core_002_seed_19,373587883,explicit_locked_manifest,not_evaluated,not_evaluated_due_to_H2_PASSIVE_CAPABILITY_SET_NOT_SUPPORTED
core_003,A,4,adequate,nominal,medium,uniform_20_120_s,after,ramp,medium,random_dropout,low_0p25_0p40,final_known_negative_control,core_003_seed_00,15485863,explicit_locked_manifest,not_evaluated,not_evaluated_due_to_H2_PASSIVE_CAPABILITY_SET_NOT_SUPPORTED
core_003,A,4,adequate,nominal,medium,uniform_20_120_s,after,ramp,medium,random_dropout,low_0p25_0p40,final_known_negative_control,core_003_seed_01,32452843,explicit_locked_manifest,not_evaluated,not_evaluated_due_to_H2_PASSIVE_CAPABILITY_SET_NOT_SUPPORTED
core_003,A,4,adequate,nominal,medium,uniform_20_120_s,after,ramp,medium,random_dropout,low_0p25_0p40,final_known_negative_control,core_003_seed_02,49979687,explicit_locked_manifest,not_evaluated,not_evaluated_due_to_H2_PASSIVE_CAPABILITY_SET_NOT_SUPPORTED
core_003,A,4,adequate,nominal,medium,uniform_20_120_s,after,ramp,medium,random_dropout,low_0p25_0p40,final_known_negative_control,core_003_seed_03,67867967,explicit_locked_manifest,not_evaluated,not_evaluated_due_to_H2_PASSIVE_CAPABILITY_SET_NOT_SUPPORTED
core_003,A,4,adequate,nominal,medium,uniform_20_120_s,after,ramp,medium,random_dropout,low_0p25_0p40,final_known_negative_control,core_003_seed_04,86028121,explicit_locked_manifest,not_evaluated,not_evaluated_due_to_H2_PASSIVE_CAPABILITY_SET_NOT_SUPPORTED
core_003,A,4,adequate,nominal,medium,uniform_20_120_s,after,ramp,medium,random_dropout,low_0p25_0p40,final_known_negative_control,core_003_seed_05,104395303,explicit_locked_manifest,not_evaluated,not_evaluated_due_to_H2_PASSIVE_CAPABILITY_SET_NOT_SUPPORTED
core_003,A,4,adequate,nominal,medium,uniform_20_120_s,after,ramp,medium,random_dropout,low_0p25_0p40,final_known_negative_control,core_003_seed_06,122949823,explicit_locked_manifest,not_evaluated,not_evaluated_due_to_H2_PASSIVE_CAPABILITY_SET_NOT_SUPPORTED
core_003,A,4,adequate,nominal,medium,uniform_20_120_s,after,ramp,medium,random_dropout,low_0p25_0p40,final_known_negative_control,core_003_seed_07,141650939,explicit_locked_manifest,not_evaluated,not_evaluated_due_to_H2_PASSIVE_CAPABILITY_SET_NOT_SUPPORTED
core_003,A,4,adequate,nominal,medium,uniform_20_120_s,after,ramp,medium,random_dropout,low_0p25_0p40,final_known_negative_control,core_003_seed_08,160481183,explicit_locked_manifest,not_evaluated,not_evaluated_due_to_H2_PASSIVE_CAPABILITY_SET_NOT_SUPPORTED
core_003,A,4,adequate,nominal,medium,uniform_20_120_s,after,ramp,medium,random_dropout,low_0p25_0p40,final_known_negative_control,core_003_seed_09,179424673,explicit_locked_manifest,not_evaluated,not_evaluated_due_to_H2_PASSIVE_CAPABILITY_SET_NOT_SUPPORTED
core_003,A,4,adequate,nominal,medium,uniform_20_120_s,after,ramp,medium,random_dropout,low_0p25_0p40,final_known_negative_control,core_003_seed_10,198491317,explicit_locked_manifest,not_evaluated,not_evaluated_due_to_H2_PASSIVE_CAPABILITY_SET_NOT_SUPPORTED
core_003,A,4,adequate,nominal,medium,uniform_20_120_s,after,ramp,medium,random_dropout,low_0p25_0p40,final_known_negative_control,core_003_seed_11,217645199,explicit_locked_manifest,not_evaluated,not_evaluated_due_to_H2_PASSIVE_CAPABILITY_SET_NOT_SUPPORTED
core_003,A,4,adequate,nominal,medium,uniform_20_120_s,after,ramp,medium,random_dropout,low_0p25_0p40,final_known_negative_control,core_003_seed_12,236887699,explicit_locked_manifest,not_evaluated,not_evaluated_due_to_H2_PASSIVE_CAPABILITY_SET_NOT_SUPPORTED
core_003,A,4,adequate,nominal,medium,uniform_20_120_s,after,ramp,medium,random_dropout,low_0p25_0p40,final_known_negative_control,core_003_seed_13,256203221,explicit_locked_manifest,not_evaluated,not_evaluated_due_to_H2_PASSIVE_CAPABILITY_SET_NOT_SUPPORTED
core_003,A,4,adequate,nominal,medium,uniform_20_120_s,after,ramp,medium,random_dropout,low_0p25_0p40,final_known_negative_control,core_003_seed_14,275604541,explicit_locked_manifest,not_evaluated,not_evaluated_due_to_H2_PASSIVE_CAPABILITY_SET_NOT_SUPPORTED
core_003,A,4,adequate,nominal,medium,uniform_20_120_s,after,ramp,medium,random_dropout,low_0p25_0p40,final_known_negative_control,core_003_seed_15,295075147,explicit_locked_manifest,not_evaluated,not_evaluated_due_to_H2_PASSIVE_CAPABILITY_SET_NOT_SUPPORTED
core_003,A,4,adequate,nominal,medium,uniform_20_120_s,after,ramp,medium,random_dropout,low_0p25_0p40,final_known_negative_control,core_003_seed_16,314606891,explicit_locked_manifest,not_evaluated,not_evaluated_due_to_H2_PASSIVE_CAPABILITY_SET_NOT_SUPPORTED
core_003,A,4,adequate,nominal,medium,uniform_20_120_s,after,ramp,medium,random_dropout,low_0p25_0p40,final_known_negative_control,core_003_seed_17,334214467,explicit_locked_manifest,not_evaluated,not_evaluated_due_to_H2_PASSIVE_CAPABILITY_SET_NOT_SUPPORTED
core_003,A,4,adequate,nominal,medium,uniform_20_120_s,after,ramp,medium,random_dropout,low_0p25_0p40,final_known_negative_control,core_003_seed_18,353868013,explicit_locked_manifest,not_evaluated,not_evaluated_due_to_H2_PASSIVE_CAPABILITY_SET_NOT_SUPPORTED
core_003,A,4,adequate,nominal,medium,uniform_20_120_s,after,ramp,medium,random_dropout,low_0p25_0p40,final_known_negative_control,core_003_seed_19,373587883,explicit_locked_manifest,not_evaluated,not_evaluated_due_to_H2_PASSIVE_CAPABILITY_SET_NOT_SUPPORTED
core_004,A,4,scarce,nominal,medium,uniform_20_120_s,simultaneous,pulse,high,jitter,mid_0p45_0p60,final_known_negative_control,core_004_seed_00,15485863,explicit_locked_manifest,not_evaluated,not_evaluated_due_to_H2_PASSIVE_CAPABILITY_SET_NOT_SUPPORTED
core_004,A,4,scarce,nominal,medium,uniform_20_120_s,simultaneous,pulse,high,jitter,mid_0p45_0p60,final_known_negative_control,core_004_seed_01,32452843,explicit_locked_manifest,not_evaluated,not_evaluated_due_to_H2_PASSIVE_CAPABILITY_SET_NOT_SUPPORTED
core_004,A,4,scarce,nominal,medium,uniform_20_120_s,simultaneous,pulse,high,jitter,mid_0p45_0p60,final_known_negative_control,core_004_seed_02,49979687,explicit_locked_manifest,not_evaluated,not_evaluated_due_to_H2_PASSIVE_CAPABILITY_SET_NOT_SUPPORTED
core_004,A,4,scarce,nominal,medium,uniform_20_120_s,simultaneous,pulse,high,jitter,mid_0p45_0p60,final_known_negative_control,core_004_seed_03,67867967,explicit_locked_manifest,not_evaluated,not_evaluated_due_to_H2_PASSIVE_CAPABILITY_SET_NOT_SUPPORTED
core_004,A,4,scarce,nominal,medium,uniform_20_120_s,simultaneous,pulse,high,jitter,mid_0p45_0p60,final_known_negative_control,core_004_seed_04,86028121,explicit_locked_manifest,not_evaluated,not_evaluated_due_to_H2_PASSIVE_CAPABILITY_SET_NOT_SUPPORTED
core_004,A,4,scarce,nominal,medium,uniform_20_120_s,simultaneous,pulse,high,jitter,mid_0p45_0p60,final_known_negative_control,core_004_seed_05,104395303,explicit_locked_manifest,not_evaluated,not_evaluated_due_to_H2_PASSIVE_CAPABILITY_SET_NOT_SUPPORTED
core_004,A,4,scarce,nominal,medium,uniform_20_120_s,simultaneous,pulse,high,jitter,mid_0p45_0p60,final_known_negative_control,core_004_seed_06,122949823,explicit_locked_manifest,not_evaluated,not_evaluated_due_to_H2_PASSIVE_CAPABILITY_SET_NOT_SUPPORTED
core_004,A,4,scarce,nominal,medium,uniform_20_120_s,simultaneous,pulse,high,jitter,mid_0p45_0p60,final_known_negative_control,core_004_seed_07,141650939,explicit_locked_manifest,not_evaluated,not_evaluated_due_to_H2_PASSIVE_CAPABILITY_SET_NOT_SUPPORTED
core_004,A,4,scarce,nominal,medium,uniform_20_120_s,simultaneous,pulse,high,jitter,mid_0p45_0p60,final_known_negative_control,core_004_seed_08,160481183,explicit_locked_manifest,not_evaluated,not_evaluated_due_to_H2_PASSIVE_CAPABILITY_SET_NOT_SUPPORTED
core_004,A,4,scarce,nominal,medium,uniform_20_120_s,simultaneous,pulse,high,jitter,mid_0p45_0p60,final_known_negative_control,core_004_seed_09,179424673,explicit_locked_manifest,not_evaluated,not_evaluated_due_to_H2_PASSIVE_CAPABILITY_SET_NOT_SUPPORTED
core_004,A,4,scarce,nominal,medium,uniform_20_120_s,simultaneous,pulse,high,jitter,mid_0p45_0p60,final_known_negative_control,core_004_seed_10,198491317,explicit_locked_manifest,not_evaluated,not_evaluated_due_to_H2_PASSIVE_CAPABILITY_SET_NOT_SUPPORTED
core_004,A,4,scarce,nominal,medium,uniform_20_120_s,simultaneous,pulse,high,jitter,mid_0p45_0p60,final_known_negative_control,core_004_seed_11,217645199,explicit_locked_manifest,not_evaluated,not_evaluated_due_to_H2_PASSIVE_CAPABILITY_SET_NOT_SUPPORTED
core_004,A,4,scarce,nominal,medium,uniform_20_120_s,simultaneous,pulse,high,jitter,mid_0p45_0p60,final_known_negative_control,core_004_seed_12,236887699,explicit_locked_manifest,not_evaluated,not_evaluated_due_to_H2_PASSIVE_CAPABILITY_SET_NOT_SUPPORTED
core_004,A,4,scarce,nominal,medium,uniform_20_120_s,simultaneous,pulse,high,jitter,mid_0p45_0p60,final_known_negative_control,core_004_seed_13,256203221,explicit_locked_manifest,not_evaluated,not_evaluated_due_to_H2_PASSIVE_CAPABILITY_SET_NOT_SUPPORTED
core_004,A,4,scarce,nominal,medium,uniform_20_120_s,simultaneous,pulse,high,jitter,mid_0p45_0p60,final_known_negative_control,core_004_seed_14,275604541,explicit_locked_manifest,not_evaluated,not_evaluated_due_to_H2_PASSIVE_CAPABILITY_SET_NOT_SUPPORTED
core_004,A,4,scarce,nominal,medium,uniform_20_120_s,simultaneous,pulse,high,jitter,mid_0p45_0p60,final_known_negative_control,core_004_seed_15,295075147,explicit_locked_manifest,not_evaluated,not_evaluated_due_to_H2_PASSIVE_CAPABILITY_SET_NOT_SUPPORTED
core_004,A,4,scarce,nominal,medium,uniform_20_120_s,simultaneous,pulse,high,jitter,mid_0p45_0p60,final_known_negative_control,core_004_seed_16,314606891,explicit_locked_manifest,not_evaluated,not_evaluated_due_to_H2_PASSIVE_CAPABILITY_SET_NOT_SUPPORTED
core_004,A,4,scarce,nominal,medium,uniform_20_120_s,simultaneous,pulse,high,jitter,mid_0p45_0p60,final_known_negative_control,core_004_seed_17,334214467,explicit_locked_manifest,not_evaluated,not_evaluated_due_to_H2_PASSIVE_CAPABILITY_SET_NOT_SUPPORTED
core_004,A,4,scarce,nominal,medium,uniform_20_120_s,simultaneous,pulse,high,jitter,mid_0p45_0p60,final_known_negative_control,core_004_seed_18,353868013,explicit_locked_manifest,not_evaluated,not_evaluated_due_to_H2_PASSIVE_CAPABILITY_SET_NOT_SUPPORTED
core_004,A,4,scarce,nominal,medium,uniform_20_120_s,simultaneous,pulse,high,jitter,mid_0p45_0p60,final_known_negative_control,core_004_seed_19,373587883,explicit_locked_manifest,not_evaluated,not_evaluated_due_to_H2_PASSIVE_CAPABILITY_SET_NOT_SUPPORTED
core_005,A,4,critical,nominal,medium,uniform_20_120_s,before,stochastic_net_load,low,normal,high_0p65_0p80,final_known_negative_control,core_005_seed_00,15485863,explicit_locked_manifest,not_evaluated,not_evaluated_due_to_H2_PASSIVE_CAPABILITY_SET_NOT_SUPPORTED
core_005,A,4,critical,nominal,medium,uniform_20_120_s,before,stochastic_net_load,low,normal,high_0p65_0p80,final_known_negative_control,core_005_seed_01,32452843,explicit_locked_manifest,not_evaluated,not_evaluated_due_to_H2_PASSIVE_CAPABILITY_SET_NOT_SUPPORTED
core_005,A,4,critical,nominal,medium,uniform_20_120_s,before,stochastic_net_load,low,normal,high_0p65_0p80,final_known_negative_control,core_005_seed_02,49979687,explicit_locked_manifest,not_evaluated,not_evaluated_due_to_H2_PASSIVE_CAPABILITY_SET_NOT_SUPPORTED
core_005,A,4,critical,nominal,medium,uniform_20_120_s,before,stochastic_net_load,low,normal,high_0p65_0p80,final_known_negative_control,core_005_seed_03,67867967,explicit_locked_manifest,not_evaluated,not_evaluated_due_to_H2_PASSIVE_CAPABILITY_SET_NOT_SUPPORTED
core_005,A,4,critical,nominal,medium,uniform_20_120_s,before,stochastic_net_load,low,normal,high_0p65_0p80,final_known_negative_control,core_005_seed_04,86028121,explicit_locked_manifest,not_evaluated,not_evaluated_due_to_H2_PASSIVE_CAPABILITY_SET_NOT_SUPPORTED
core_005,A,4,critical,nominal,medium,uniform_20_120_s,before,stochastic_net_load,low,normal,high_0p65_0p80,final_known_negative_control,core_005_seed_05,104395303,explicit_locked_manifest,not_evaluated,not_evaluated_due_to_H2_PASSIVE_CAPABILITY_SET_NOT_SUPPORTED
core_005,A,4,critical,nominal,medium,uniform_20_120_s,before,stochastic_net_load,low,normal,high_0p65_0p80,final_known_negative_control,core_005_seed_06,122949823,explicit_locked_manifest,not_evaluated,not_evaluated_due_to_H2_PASSIVE_CAPABILITY_SET_NOT_SUPPORTED
core_005,A,4,critical,nominal,medium,uniform_20_120_s,before,stochastic_net_load,low,normal,high_0p65_0p80,final_known_negative_control,core_005_seed_07,141650939,explicit_locked_manifest,not_evaluated,not_evaluated_due_to_H2_PASSIVE_CAPABILITY_SET_NOT_SUPPORTED
core_005,A,4,critical,nominal,medium,uniform_20_120_s,before,stochastic_net_load,low,normal,high_0p65_0p80,final_known_negative_control,core_005_seed_08,160481183,explicit_locked_manifest,not_evaluated,not_evaluated_due_to_H2_PASSIVE_CAPABILITY_SET_NOT_SUPPORTED
core_005,A,4,critical,nominal,medium,uniform_20_120_s,before,stochastic_net_load,low,normal,high_0p65_0p80,final_known_negative_control,core_005_seed_09,179424673,explicit_locked_manifest,not_evaluated,not_evaluated_due_to_H2_PASSIVE_CAPABILITY_SET_NOT_SUPPORTED
core_005,A,4,critical,nominal,medium,uniform_20_120_s,before,stochastic_net_load,low,normal,high_0p65_0p80,final_known_negative_control,core_005_seed_10,198491317,explicit_locked_manifest,not_evaluated,not_evaluated_due_to_H2_PASSIVE_CAPABILITY_SET_NOT_SUPPORTED
core_005,A,4,critical,nominal,medium,uniform_20_120_s,before,stochastic_net_load,low,normal,high_0p65_0p80,final_known_negative_control,core_005_seed_11,217645199,explicit_locked_manifest,not_evaluated,not_evaluated_due_to_H2_PASSIVE_CAPABILITY_SET_NOT_SUPPORTED
core_005,A,4,critical,nominal,medium,uniform_20_120_s,before,stochastic_net_load,low,normal,high_0p65_0p80,final_known_negative_control,core_005_seed_12,236887699,explicit_locked_manifest,not_evaluated,not_evaluated_due_to_H2_PASSIVE_CAPABILITY_SET_NOT_SUPPORTED
core_005,A,4,critical,nominal,medium,uniform_20_120_s,before,stochastic_net_load,low,normal,high_0p65_0p80,final_known_negative_control,core_005_seed_13,256203221,explicit_locked_manifest,not_evaluated,not_evaluated_due_to_H2_PASSIVE_CAPABILITY_SET_NOT_SUPPORTED
core_005,A,4,critical,nominal,medium,uniform_20_120_s,before,stochastic_net_load,low,normal,high_0p65_0p80,final_known_negative_control,core_005_seed_14,275604541,explicit_locked_manifest,not_evaluated,not_evaluated_due_to_H2_PASSIVE_CAPABILITY_SET_NOT_SUPPORTED
core_005,A,4,critical,nominal,medium,uniform_20_120_s,before,stochastic_net_load,low,normal,high_0p65_0p80,final_known_negative_control,core_005_seed_15,295075147,explicit_locked_manifest,not_evaluated,not_evaluated_due_to_H2_PASSIVE_CAPABILITY_SET_NOT_SUPPORTED
core_005,A,4,critical,nominal,medium,uniform_20_120_s,before,stochastic_net_load,low,normal,high_0p65_0p80,final_known_negative_control,core_005_seed_16,314606891,explicit_locked_manifest,not_evaluated,not_evaluated_due_to_H2_PASSIVE_CAPABILITY_SET_NOT_SUPPORTED
core_005,A,4,critical,nominal,medium,uniform_20_120_s,before,stochastic_net_load,low,normal,high_0p65_0p80,final_known_negative_control,core_005_seed_17,334214467,explicit_locked_manifest,not_evaluated,not_evaluated_due_to_H2_PASSIVE_CAPABILITY_SET_NOT_SUPPORTED
core_005,A,4,critical,nominal,medium,uniform_20_120_s,before,stochastic_net_load,low,normal,high_0p65_0p80,final_known_negative_control,core_005_seed_18,353868013,explicit_locked_manifest,not_evaluated,not_evaluated_due_to_H2_PASSIVE_CAPABILITY_SET_NOT_SUPPORTED
core_005,A,4,critical,nominal,medium,uniform_20_120_s,before,stochastic_net_load,low,normal,high_0p65_0p80,final_known_negative_control,core_005_seed_19,373587883,explicit_locked_manifest,not_evaluated,not_evaluated_due_to_H2_PASSIVE_CAPABILITY_SET_NOT_SUPPORTED
core_006,A,2,adequate,nominal,severe,uniform_20_120_s,no_incident,step,medium,random_dropout,low_0p25_0p40,final_known_negative_control,core_006_seed_00,15485863,explicit_locked_manifest,not_evaluated,not_evaluated_due_to_H2_PASSIVE_CAPABILITY_SET_NOT_SUPPORTED
core_006,A,2,adequate,nominal,severe,uniform_20_120_s,no_incident,step,medium,random_dropout,low_0p25_0p40,final_known_negative_control,core_006_seed_01,32452843,explicit_locked_manifest,not_evaluated,not_evaluated_due_to_H2_PASSIVE_CAPABILITY_SET_NOT_SUPPORTED
core_006,A,2,adequate,nominal,severe,uniform_20_120_s,no_incident,step,medium,random_dropout,low_0p25_0p40,final_known_negative_control,core_006_seed_02,49979687,explicit_locked_manifest,not_evaluated,not_evaluated_due_to_H2_PASSIVE_CAPABILITY_SET_NOT_SUPPORTED
core_006,A,2,adequate,nominal,severe,uniform_20_120_s,no_incident,step,medium,random_dropout,low_0p25_0p40,final_known_negative_control,core_006_seed_03,67867967,explicit_locked_manifest,not_evaluated,not_evaluated_due_to_H2_PASSIVE_CAPABILITY_SET_NOT_SUPPORTED
core_006,A,2,adequate,nominal,severe,uniform_20_120_s,no_incident,step,medium,random_dropout,low_0p25_0p40,final_known_negative_control,core_006_seed_04,86028121,explicit_locked_manifest,not_evaluated,not_evaluated_due_to_H2_PASSIVE_CAPABILITY_SET_NOT_SUPPORTED
core_006,A,2,adequate,nominal,severe,uniform_20_120_s,no_incident,step,medium,random_dropout,low_0p25_0p40,final_known_negative_control,core_006_seed_05,104395303,explicit_locked_manifest,not_evaluated,not_evaluated_due_to_H2_PASSIVE_CAPABILITY_SET_NOT_SUPPORTED
core_006,A,2,adequate,nominal,severe,uniform_20_120_s,no_incident,step,medium,random_dropout,low_0p25_0p40,final_known_negative_control,core_006_seed_06,122949823,explicit_locked_manifest,not_evaluated,not_evaluated_due_to_H2_PASSIVE_CAPABILITY_SET_NOT_SUPPORTED
core_006,A,2,adequate,nominal,severe,uniform_20_120_s,no_incident,step,medium,random_dropout,low_0p25_0p40,final_known_negative_control,core_006_seed_07,141650939,explicit_locked_manifest,not_evaluated,not_evaluated_due_to_H2_PASSIVE_CAPABILITY_SET_NOT_SUPPORTED
core_006,A,2,adequate,nominal,severe,uniform_20_120_s,no_incident,step,medium,random_dropout,low_0p25_0p40,final_known_negative_control,core_006_seed_08,160481183,explicit_locked_manifest,not_evaluated,not_evaluated_due_to_H2_PASSIVE_CAPABILITY_SET_NOT_SUPPORTED
core_006,A,2,adequate,nominal,severe,uniform_20_120_s,no_incident,step,medium,random_dropout,low_0p25_0p40,final_known_negative_control,core_006_seed_09,179424673,explicit_locked_manifest,not_evaluated,not_evaluated_due_to_H2_PASSIVE_CAPABILITY_SET_NOT_SUPPORTED
core_006,A,2,adequate,nominal,severe,uniform_20_120_s,no_incident,step,medium,random_dropout,low_0p25_0p40,final_known_negative_control,core_006_seed_10,198491317,explicit_locked_manifest,not_evaluated,not_evaluated_due_to_H2_PASSIVE_CAPABILITY_SET_NOT_SUPPORTED
core_006,A,2,adequate,nominal,severe,uniform_20_120_s,no_incident,step,medium,random_dropout,low_0p25_0p40,final_known_negative_control,core_006_seed_11,217645199,explicit_locked_manifest,not_evaluated,not_evaluated_due_to_H2_PASSIVE_CAPABILITY_SET_NOT_SUPPORTED
core_006,A,2,adequate,nominal,severe,uniform_20_120_s,no_incident,step,medium,random_dropout,low_0p25_0p40,final_known_negative_control,core_006_seed_12,236887699,explicit_locked_manifest,not_evaluated,not_evaluated_due_to_H2_PASSIVE_CAPABILITY_SET_NOT_SUPPORTED
core_006,A,2,adequate,nominal,severe,uniform_20_120_s,no_incident,step,medium,random_dropout,low_0p25_0p40,final_known_negative_control,core_006_seed_13,256203221,explicit_locked_manifest,not_evaluated,not_evaluated_due_to_H2_PASSIVE_CAPABILITY_SET_NOT_SUPPORTED
core_006,A,2,adequate,nominal,severe,uniform_20_120_s,no_incident,step,medium,random_dropout,low_0p25_0p40,final_known_negative_control,core_006_seed_14,275604541,explicit_locked_manifest,not_evaluated,not_evaluated_due_to_H2_PASSIVE_CAPABILITY_SET_NOT_SUPPORTED
core_006,A,2,adequate,nominal,severe,uniform_20_120_s,no_incident,step,medium,random_dropout,low_0p25_0p40,final_known_negative_control,core_006_seed_15,295075147,explicit_locked_manifest,not_evaluated,not_evaluated_due_to_H2_PASSIVE_CAPABILITY_SET_NOT_SUPPORTED
core_006,A,2,adequate,nominal,severe,uniform_20_120_s,no_incident,step,medium,random_dropout,low_0p25_0p40,final_known_negative_control,core_006_seed_16,314606891,explicit_locked_manifest,not_evaluated,not_evaluated_due_to_H2_PASSIVE_CAPABILITY_SET_NOT_SUPPORTED
core_006,A,2,adequate,nominal,severe,uniform_20_120_s,no_incident,step,medium,random_dropout,low_0p25_0p40,final_known_negative_control,core_006_seed_17,334214467,explicit_locked_manifest,not_evaluated,not_evaluated_due_to_H2_PASSIVE_CAPABILITY_SET_NOT_SUPPORTED
core_006,A,2,adequate,nominal,severe,uniform_20_120_s,no_incident,step,medium,random_dropout,low_0p25_0p40,final_known_negative_control,core_006_seed_18,353868013,explicit_locked_manifest,not_evaluated,not_evaluated_due_to_H2_PASSIVE_CAPABILITY_SET_NOT_SUPPORTED
core_006,A,2,adequate,nominal,severe,uniform_20_120_s,no_incident,step,medium,random_dropout,low_0p25_0p40,final_known_negative_control,core_006_seed_19,373587883,explicit_locked_manifest,not_evaluated,not_evaluated_due_to_H2_PASSIVE_CAPABILITY_SET_NOT_SUPPORTED
core_007,A,2,scarce,nominal,severe,uniform_20_120_s,after,ramp,high,jitter,mid_0p45_0p60,final_known_negative_control,core_007_seed_00,15485863,explicit_locked_manifest,not_evaluated,not_evaluated_due_to_H2_PASSIVE_CAPABILITY_SET_NOT_SUPPORTED
core_007,A,2,scarce,nominal,severe,uniform_20_120_s,after,ramp,high,jitter,mid_0p45_0p60,final_known_negative_control,core_007_seed_01,32452843,explicit_locked_manifest,not_evaluated,not_evaluated_due_to_H2_PASSIVE_CAPABILITY_SET_NOT_SUPPORTED
core_007,A,2,scarce,nominal,severe,uniform_20_120_s,after,ramp,high,jitter,mid_0p45_0p60,final_known_negative_control,core_007_seed_02,49979687,explicit_locked_manifest,not_evaluated,not_evaluated_due_to_H2_PASSIVE_CAPABILITY_SET_NOT_SUPPORTED
core_007,A,2,scarce,nominal,severe,uniform_20_120_s,after,ramp,high,jitter,mid_0p45_0p60,final_known_negative_control,core_007_seed_03,67867967,explicit_locked_manifest,not_evaluated,not_evaluated_due_to_H2_PASSIVE_CAPABILITY_SET_NOT_SUPPORTED
core_007,A,2,scarce,nominal,severe,uniform_20_120_s,after,ramp,high,jitter,mid_0p45_0p60,final_known_negative_control,core_007_seed_04,86028121,explicit_locked_manifest,not_evaluated,not_evaluated_due_to_H2_PASSIVE_CAPABILITY_SET_NOT_SUPPORTED
core_007,A,2,scarce,nominal,severe,uniform_20_120_s,after,ramp,high,jitter,mid_0p45_0p60,final_known_negative_control,core_007_seed_05,104395303,explicit_locked_manifest,not_evaluated,not_evaluated_due_to_H2_PASSIVE_CAPABILITY_SET_NOT_SUPPORTED
core_007,A,2,scarce,nominal,severe,uniform_20_120_s,after,ramp,high,jitter,mid_0p45_0p60,final_known_negative_control,core_007_seed_06,122949823,explicit_locked_manifest,not_evaluated,not_evaluated_due_to_H2_PASSIVE_CAPABILITY_SET_NOT_SUPPORTED
core_007,A,2,scarce,nominal,severe,uniform_20_120_s,after,ramp,high,jitter,mid_0p45_0p60,final_known_negative_control,core_007_seed_07,141650939,explicit_locked_manifest,not_evaluated,not_evaluated_due_to_H2_PASSIVE_CAPABILITY_SET_NOT_SUPPORTED
core_007,A,2,scarce,nominal,severe,uniform_20_120_s,after,ramp,high,jitter,mid_0p45_0p60,final_known_negative_control,core_007_seed_08,160481183,explicit_locked_manifest,not_evaluated,not_evaluated_due_to_H2_PASSIVE_CAPABILITY_SET_NOT_SUPPORTED
core_007,A,2,scarce,nominal,severe,uniform_20_120_s,after,ramp,high,jitter,mid_0p45_0p60,final_known_negative_control,core_007_seed_09,179424673,explicit_locked_manifest,not_evaluated,not_evaluated_due_to_H2_PASSIVE_CAPABILITY_SET_NOT_SUPPORTED
core_007,A,2,scarce,nominal,severe,uniform_20_120_s,after,ramp,high,jitter,mid_0p45_0p60,final_known_negative_control,core_007_seed_10,198491317,explicit_locked_manifest,not_evaluated,not_evaluated_due_to_H2_PASSIVE_CAPABILITY_SET_NOT_SUPPORTED
core_007,A,2,scarce,nominal,severe,uniform_20_120_s,after,ramp,high,jitter,mid_0p45_0p60,final_known_negative_control,core_007_seed_11,217645199,explicit_locked_manifest,not_evaluated,not_evaluated_due_to_H2_PASSIVE_CAPABILITY_SET_NOT_SUPPORTED
core_007,A,2,scarce,nominal,severe,uniform_20_120_s,after,ramp,high,jitter,mid_0p45_0p60,final_known_negative_control,core_007_seed_12,236887699,explicit_locked_manifest,not_evaluated,not_evaluated_due_to_H2_PASSIVE_CAPABILITY_SET_NOT_SUPPORTED
core_007,A,2,scarce,nominal,severe,uniform_20_120_s,after,ramp,high,jitter,mid_0p45_0p60,final_known_negative_control,core_007_seed_13,256203221,explicit_locked_manifest,not_evaluated,not_evaluated_due_to_H2_PASSIVE_CAPABILITY_SET_NOT_SUPPORTED
core_007,A,2,scarce,nominal,severe,uniform_20_120_s,after,ramp,high,jitter,mid_0p45_0p60,final_known_negative_control,core_007_seed_14,275604541,explicit_locked_manifest,not_evaluated,not_evaluated_due_to_H2_PASSIVE_CAPABILITY_SET_NOT_SUPPORTED
core_007,A,2,scarce,nominal,severe,uniform_20_120_s,after,ramp,high,jitter,mid_0p45_0p60,final_known_negative_control,core_007_seed_15,295075147,explicit_locked_manifest,not_evaluated,not_evaluated_due_to_H2_PASSIVE_CAPABILITY_SET_NOT_SUPPORTED
core_007,A,2,scarce,nominal,severe,uniform_20_120_s,after,ramp,high,jitter,mid_0p45_0p60,final_known_negative_control,core_007_seed_16,314606891,explicit_locked_manifest,not_evaluated,not_evaluated_due_to_H2_PASSIVE_CAPABILITY_SET_NOT_SUPPORTED
core_007,A,2,scarce,nominal,severe,uniform_20_120_s,after,ramp,high,jitter,mid_0p45_0p60,final_known_negative_control,core_007_seed_17,334214467,explicit_locked_manifest,not_evaluated,not_evaluated_due_to_H2_PASSIVE_CAPABILITY_SET_NOT_SUPPORTED
core_007,A,2,scarce,nominal,severe,uniform_20_120_s,after,ramp,high,jitter,mid_0p45_0p60,final_known_negative_control,core_007_seed_18,353868013,explicit_locked_manifest,not_evaluated,not_evaluated_due_to_H2_PASSIVE_CAPABILITY_SET_NOT_SUPPORTED
core_007,A,2,scarce,nominal,severe,uniform_20_120_s,after,ramp,high,jitter,mid_0p45_0p60,final_known_negative_control,core_007_seed_19,373587883,explicit_locked_manifest,not_evaluated,not_evaluated_due_to_H2_PASSIVE_CAPABILITY_SET_NOT_SUPPORTED
core_008,A,2,critical,nominal,severe,uniform_20_120_s,simultaneous,pulse,low,normal,high_0p65_0p80,final_known_negative_control,core_008_seed_00,15485863,explicit_locked_manifest,not_evaluated,not_evaluated_due_to_H2_PASSIVE_CAPABILITY_SET_NOT_SUPPORTED
core_008,A,2,critical,nominal,severe,uniform_20_120_s,simultaneous,pulse,low,normal,high_0p65_0p80,final_known_negative_control,core_008_seed_01,32452843,explicit_locked_manifest,not_evaluated,not_evaluated_due_to_H2_PASSIVE_CAPABILITY_SET_NOT_SUPPORTED
core_008,A,2,critical,nominal,severe,uniform_20_120_s,simultaneous,pulse,low,normal,high_0p65_0p80,final_known_negative_control,core_008_seed_02,49979687,explicit_locked_manifest,not_evaluated,not_evaluated_due_to_H2_PASSIVE_CAPABILITY_SET_NOT_SUPPORTED
core_008,A,2,critical,nominal,severe,uniform_20_120_s,simultaneous,pulse,low,normal,high_0p65_0p80,final_known_negative_control,core_008_seed_03,67867967,explicit_locked_manifest,not_evaluated,not_evaluated_due_to_H2_PASSIVE_CAPABILITY_SET_NOT_SUPPORTED
core_008,A,2,critical,nominal,severe,uniform_20_120_s,simultaneous,pulse,low,normal,high_0p65_0p80,final_known_negative_control,core_008_seed_04,86028121,explicit_locked_manifest,not_evaluated,not_evaluated_due_to_H2_PASSIVE_CAPABILITY_SET_NOT_SUPPORTED
core_008,A,2,critical,nominal,severe,uniform_20_120_s,simultaneous,pulse,low,normal,high_0p65_0p80,final_known_negative_control,core_008_seed_05,104395303,explicit_locked_manifest,not_evaluated,not_evaluated_due_to_H2_PASSIVE_CAPABILITY_SET_NOT_SUPPORTED
core_008,A,2,critical,nominal,severe,uniform_20_120_s,simultaneous,pulse,low,normal,high_0p65_0p80,final_known_negative_control,core_008_seed_06,122949823,explicit_locked_manifest,not_evaluated,not_evaluated_due_to_H2_PASSIVE_CAPABILITY_SET_NOT_SUPPORTED
core_008,A,2,critical,nominal,severe,uniform_20_120_s,simultaneous,pulse,low,normal,high_0p65_0p80,final_known_negative_control,core_008_seed_07,141650939,explicit_locked_manifest,not_evaluated,not_evaluated_due_to_H2_PASSIVE_CAPABILITY_SET_NOT_SUPPORTED
core_008,A,2,critical,nominal,severe,uniform_20_120_s,simultaneous,pulse,low,normal,high_0p65_0p80,final_known_negative_control,core_008_seed_08,160481183,explicit_locked_manifest,not_evaluated,not_evaluated_due_to_H2_PASSIVE_CAPABILITY_SET_NOT_SUPPORTED
core_008,A,2,critical,nominal,severe,uniform_20_120_s,simultaneous,pulse,low,normal,high_0p65_0p80,final_known_negative_control,core_008_seed_09,179424673,explicit_locked_manifest,not_evaluated,not_evaluated_due_to_H2_PASSIVE_CAPABILITY_SET_NOT_SUPPORTED
core_008,A,2,critical,nominal,severe,uniform_20_120_s,simultaneous,pulse,low,normal,high_0p65_0p80,final_known_negative_control,core_008_seed_10,198491317,explicit_locked_manifest,not_evaluated,not_evaluated_due_to_H2_PASSIVE_CAPABILITY_SET_NOT_SUPPORTED
core_008,A,2,critical,nominal,severe,uniform_20_120_s,simultaneous,pulse,low,normal,high_0p65_0p80,final_known_negative_control,core_008_seed_11,217645199,explicit_locked_manifest,not_evaluated,not_evaluated_due_to_H2_PASSIVE_CAPABILITY_SET_NOT_SUPPORTED
core_008,A,2,critical,nominal,severe,uniform_20_120_s,simultaneous,pulse,low,normal,high_0p65_0p80,final_known_negative_control,core_008_seed_12,236887699,explicit_locked_manifest,not_evaluated,not_evaluated_due_to_H2_PASSIVE_CAPABILITY_SET_NOT_SUPPORTED
core_008,A,2,critical,nominal,severe,uniform_20_120_s,simultaneous,pulse,low,normal,high_0p65_0p80,final_known_negative_control,core_008_seed_13,256203221,explicit_locked_manifest,not_evaluated,not_evaluated_due_to_H2_PASSIVE_CAPABILITY_SET_NOT_SUPPORTED
core_008,A,2,critical,nominal,severe,uniform_20_120_s,simultaneous,pulse,low,normal,high_0p65_0p80,final_known_negative_control,core_008_seed_14,275604541,explicit_locked_manifest,not_evaluated,not_evaluated_due_to_H2_PASSIVE_CAPABILITY_SET_NOT_SUPPORTED
core_008,A,2,critical,nominal,severe,uniform_20_120_s,simultaneous,pulse,low,normal,high_0p65_0p80,final_known_negative_control,core_008_seed_15,295075147,explicit_locked_manifest,not_evaluated,not_evaluated_due_to_H2_PASSIVE_CAPABILITY_SET_NOT_SUPPORTED
core_008,A,2,critical,nominal,severe,uniform_20_120_s,simultaneous,pulse,low,normal,high_0p65_0p80,final_known_negative_control,core_008_seed_16,314606891,explicit_locked_manifest,not_evaluated,not_evaluated_due_to_H2_PASSIVE_CAPABILITY_SET_NOT_SUPPORTED
core_008,A,2,critical,nominal,severe,uniform_20_120_s,simultaneous,pulse,low,normal,high_0p65_0p80,final_known_negative_control,core_008_seed_17,334214467,explicit_locked_manifest,not_evaluated,not_evaluated_due_to_H2_PASSIVE_CAPABILITY_SET_NOT_SUPPORTED
core_008,A,2,critical,nominal,severe,uniform_20_120_s,simultaneous,pulse,low,normal,high_0p65_0p80,final_known_negative_control,core_008_seed_18,353868013,explicit_locked_manifest,not_evaluated,not_evaluated_due_to_H2_PASSIVE_CAPABILITY_SET_NOT_SUPPORTED
core_008,A,2,critical,nominal,severe,uniform_20_120_s,simultaneous,pulse,low,normal,high_0p65_0p80,final_known_negative_control,core_008_seed_19,373587883,explicit_locked_manifest,not_evaluated,not_evaluated_due_to_H2_PASSIVE_CAPABILITY_SET_NOT_SUPPORTED
core_009,A,4,adequate,headroom_only,mild,uniform_20_120_s,before,stochastic_net_load,medium,random_dropout,low_0p25_0p40,final_known,core_009_seed_00,15485863,explicit_locked_manifest,not_evaluated,not_evaluated_due_to_H2_PASSIVE_CAPABILITY_SET_NOT_SUPPORTED
core_009,A,4,adequate,headroom_only,mild,uniform_20_120_s,before,stochastic_net_load,medium,random_dropout,low_0p25_0p40,final_known,core_009_seed_01,32452843,explicit_locked_manifest,not_evaluated,not_evaluated_due_to_H2_PASSIVE_CAPABILITY_SET_NOT_SUPPORTED
core_009,A,4,adequate,headroom_only,mild,uniform_20_120_s,before,stochastic_net_load,medium,random_dropout,low_0p25_0p40,final_known,core_009_seed_02,49979687,explicit_locked_manifest,not_evaluated,not_evaluated_due_to_H2_PASSIVE_CAPABILITY_SET_NOT_SUPPORTED
core_009,A,4,adequate,headroom_only,mild,uniform_20_120_s,before,stochastic_net_load,medium,random_dropout,low_0p25_0p40,final_known,core_009_seed_03,67867967,explicit_locked_manifest,not_evaluated,not_evaluated_due_to_H2_PASSIVE_CAPABILITY_SET_NOT_SUPPORTED
core_009,A,4,adequate,headroom_only,mild,uniform_20_120_s,before,stochastic_net_load,medium,random_dropout,low_0p25_0p40,final_known,core_009_seed_04,86028121,explicit_locked_manifest,not_evaluated,not_evaluated_due_to_H2_PASSIVE_CAPABILITY_SET_NOT_SUPPORTED
core_009,A,4,adequate,headroom_only,mild,uniform_20_120_s,before,stochastic_net_load,medium,random_dropout,low_0p25_0p40,final_known,core_009_seed_05,104395303,explicit_locked_manifest,not_evaluated,not_evaluated_due_to_H2_PASSIVE_CAPABILITY_SET_NOT_SUPPORTED
core_009,A,4,adequate,headroom_only,mild,uniform_20_120_s,before,stochastic_net_load,medium,random_dropout,low_0p25_0p40,final_known,core_009_seed_06,122949823,explicit_locked_manifest,not_evaluated,not_evaluated_due_to_H2_PASSIVE_CAPABILITY_SET_NOT_SUPPORTED
core_009,A,4,adequate,headroom_only,mild,uniform_20_120_s,before,stochastic_net_load,medium,random_dropout,low_0p25_0p40,final_known,core_009_seed_07,141650939,explicit_locked_manifest,not_evaluated,not_evaluated_due_to_H2_PASSIVE_CAPABILITY_SET_NOT_SUPPORTED
core_009,A,4,adequate,headroom_only,mild,uniform_20_120_s,before,stochastic_net_load,medium,random_dropout,low_0p25_0p40,final_known,core_009_seed_08,160481183,explicit_locked_manifest,not_evaluated,not_evaluated_due_to_H2_PASSIVE_CAPABILITY_SET_NOT_SUPPORTED
core_009,A,4,adequate,headroom_only,mild,uniform_20_120_s,before,stochastic_net_load,medium,random_dropout,low_0p25_0p40,final_known,core_009_seed_09,179424673,explicit_locked_manifest,not_evaluated,not_evaluated_due_to_H2_PASSIVE_CAPABILITY_SET_NOT_SUPPORTED
core_009,A,4,adequate,headroom_only,mild,uniform_20_120_s,before,stochastic_net_load,medium,random_dropout,low_0p25_0p40,final_known,core_009_seed_10,198491317,explicit_locked_manifest,not_evaluated,not_evaluated_due_to_H2_PASSIVE_CAPABILITY_SET_NOT_SUPPORTED
core_009,A,4,adequate,headroom_only,mild,uniform_20_120_s,before,stochastic_net_load,medium,random_dropout,low_0p25_0p40,final_known,core_009_seed_11,217645199,explicit_locked_manifest,not_evaluated,not_evaluated_due_to_H2_PASSIVE_CAPABILITY_SET_NOT_SUPPORTED
core_009,A,4,adequate,headroom_only,mild,uniform_20_120_s,before,stochastic_net_load,medium,random_dropout,low_0p25_0p40,final_known,core_009_seed_12,236887699,explicit_locked_manifest,not_evaluated,not_evaluated_due_to_H2_PASSIVE_CAPABILITY_SET_NOT_SUPPORTED
core_009,A,4,adequate,headroom_only,mild,uniform_20_120_s,before,stochastic_net_load,medium,random_dropout,low_0p25_0p40,final_known,core_009_seed_13,256203221,explicit_locked_manifest,not_evaluated,not_evaluated_due_to_H2_PASSIVE_CAPABILITY_SET_NOT_SUPPORTED
core_009,A,4,adequate,headroom_only,mild,uniform_20_120_s,before,stochastic_net_load,medium,random_dropout,low_0p25_0p40,final_known,core_009_seed_14,275604541,explicit_locked_manifest,not_evaluated,not_evaluated_due_to_H2_PASSIVE_CAPABILITY_SET_NOT_SUPPORTED
core_009,A,4,adequate,headroom_only,mild,uniform_20_120_s,before,stochastic_net_load,medium,random_dropout,low_0p25_0p40,final_known,core_009_seed_15,295075147,explicit_locked_manifest,not_evaluated,not_evaluated_due_to_H2_PASSIVE_CAPABILITY_SET_NOT_SUPPORTED
core_009,A,4,adequate,headroom_only,mild,uniform_20_120_s,before,stochastic_net_load,medium,random_dropout,low_0p25_0p40,final_known,core_009_seed_16,314606891,explicit_locked_manifest,not_evaluated,not_evaluated_due_to_H2_PASSIVE_CAPABILITY_SET_NOT_SUPPORTED
core_009,A,4,adequate,headroom_only,mild,uniform_20_120_s,before,stochastic_net_load,medium,random_dropout,low_0p25_0p40,final_known,core_009_seed_17,334214467,explicit_locked_manifest,not_evaluated,not_evaluated_due_to_H2_PASSIVE_CAPABILITY_SET_NOT_SUPPORTED
core_009,A,4,adequate,headroom_only,mild,uniform_20_120_s,before,stochastic_net_load,medium,random_dropout,low_0p25_0p40,final_known,core_009_seed_18,353868013,explicit_locked_manifest,not_evaluated,not_evaluated_due_to_H2_PASSIVE_CAPABILITY_SET_NOT_SUPPORTED
core_009,A,4,adequate,headroom_only,mild,uniform_20_120_s,before,stochastic_net_load,medium,random_dropout,low_0p25_0p40,final_known,core_009_seed_19,373587883,explicit_locked_manifest,not_evaluated,not_evaluated_due_to_H2_PASSIVE_CAPABILITY_SET_NOT_SUPPORTED
core_010,A,4,scarce,headroom_only,mild,uniform_20_120_s,no_incident,step,high,jitter,mid_0p45_0p60,final_known,core_010_seed_00,15485863,explicit_locked_manifest,not_evaluated,not_evaluated_due_to_H2_PASSIVE_CAPABILITY_SET_NOT_SUPPORTED
core_010,A,4,scarce,headroom_only,mild,uniform_20_120_s,no_incident,step,high,jitter,mid_0p45_0p60,final_known,core_010_seed_01,32452843,explicit_locked_manifest,not_evaluated,not_evaluated_due_to_H2_PASSIVE_CAPABILITY_SET_NOT_SUPPORTED
core_010,A,4,scarce,headroom_only,mild,uniform_20_120_s,no_incident,step,high,jitter,mid_0p45_0p60,final_known,core_010_seed_02,49979687,explicit_locked_manifest,not_evaluated,not_evaluated_due_to_H2_PASSIVE_CAPABILITY_SET_NOT_SUPPORTED
core_010,A,4,scarce,headroom_only,mild,uniform_20_120_s,no_incident,step,high,jitter,mid_0p45_0p60,final_known,core_010_seed_03,67867967,explicit_locked_manifest,not_evaluated,not_evaluated_due_to_H2_PASSIVE_CAPABILITY_SET_NOT_SUPPORTED
core_010,A,4,scarce,headroom_only,mild,uniform_20_120_s,no_incident,step,high,jitter,mid_0p45_0p60,final_known,core_010_seed_04,86028121,explicit_locked_manifest,not_evaluated,not_evaluated_due_to_H2_PASSIVE_CAPABILITY_SET_NOT_SUPPORTED
core_010,A,4,scarce,headroom_only,mild,uniform_20_120_s,no_incident,step,high,jitter,mid_0p45_0p60,final_known,core_010_seed_05,104395303,explicit_locked_manifest,not_evaluated,not_evaluated_due_to_H2_PASSIVE_CAPABILITY_SET_NOT_SUPPORTED
core_010,A,4,scarce,headroom_only,mild,uniform_20_120_s,no_incident,step,high,jitter,mid_0p45_0p60,final_known,core_010_seed_06,122949823,explicit_locked_manifest,not_evaluated,not_evaluated_due_to_H2_PASSIVE_CAPABILITY_SET_NOT_SUPPORTED
core_010,A,4,scarce,headroom_only,mild,uniform_20_120_s,no_incident,step,high,jitter,mid_0p45_0p60,final_known,core_010_seed_07,141650939,explicit_locked_manifest,not_evaluated,not_evaluated_due_to_H2_PASSIVE_CAPABILITY_SET_NOT_SUPPORTED
core_010,A,4,scarce,headroom_only,mild,uniform_20_120_s,no_incident,step,high,jitter,mid_0p45_0p60,final_known,core_010_seed_08,160481183,explicit_locked_manifest,not_evaluated,not_evaluated_due_to_H2_PASSIVE_CAPABILITY_SET_NOT_SUPPORTED
core_010,A,4,scarce,headroom_only,mild,uniform_20_120_s,no_incident,step,high,jitter,mid_0p45_0p60,final_known,core_010_seed_09,179424673,explicit_locked_manifest,not_evaluated,not_evaluated_due_to_H2_PASSIVE_CAPABILITY_SET_NOT_SUPPORTED
core_010,A,4,scarce,headroom_only,mild,uniform_20_120_s,no_incident,step,high,jitter,mid_0p45_0p60,final_known,core_010_seed_10,198491317,explicit_locked_manifest,not_evaluated,not_evaluated_due_to_H2_PASSIVE_CAPABILITY_SET_NOT_SUPPORTED
core_010,A,4,scarce,headroom_only,mild,uniform_20_120_s,no_incident,step,high,jitter,mid_0p45_0p60,final_known,core_010_seed_11,217645199,explicit_locked_manifest,not_evaluated,not_evaluated_due_to_H2_PASSIVE_CAPABILITY_SET_NOT_SUPPORTED
core_010,A,4,scarce,headroom_only,mild,uniform_20_120_s,no_incident,step,high,jitter,mid_0p45_0p60,final_known,core_010_seed_12,236887699,explicit_locked_manifest,not_evaluated,not_evaluated_due_to_H2_PASSIVE_CAPABILITY_SET_NOT_SUPPORTED
core_010,A,4,scarce,headroom_only,mild,uniform_20_120_s,no_incident,step,high,jitter,mid_0p45_0p60,final_known,core_010_seed_13,256203221,explicit_locked_manifest,not_evaluated,not_evaluated_due_to_H2_PASSIVE_CAPABILITY_SET_NOT_SUPPORTED
core_010,A,4,scarce,headroom_only,mild,uniform_20_120_s,no_incident,step,high,jitter,mid_0p45_0p60,final_known,core_010_seed_14,275604541,explicit_locked_manifest,not_evaluated,not_evaluated_due_to_H2_PASSIVE_CAPABILITY_SET_NOT_SUPPORTED
core_010,A,4,scarce,headroom_only,mild,uniform_20_120_s,no_incident,step,high,jitter,mid_0p45_0p60,final_known,core_010_seed_15,295075147,explicit_locked_manifest,not_evaluated,not_evaluated_due_to_H2_PASSIVE_CAPABILITY_SET_NOT_SUPPORTED
core_010,A,4,scarce,headroom_only,mild,uniform_20_120_s,no_incident,step,high,jitter,mid_0p45_0p60,final_known,core_010_seed_16,314606891,explicit_locked_manifest,not_evaluated,not_evaluated_due_to_H2_PASSIVE_CAPABILITY_SET_NOT_SUPPORTED
core_010,A,4,scarce,headroom_only,mild,uniform_20_120_s,no_incident,step,high,jitter,mid_0p45_0p60,final_known,core_010_seed_17,334214467,explicit_locked_manifest,not_evaluated,not_evaluated_due_to_H2_PASSIVE_CAPABILITY_SET_NOT_SUPPORTED
core_010,A,4,scarce,headroom_only,mild,uniform_20_120_s,no_incident,step,high,jitter,mid_0p45_0p60,final_known,core_010_seed_18,353868013,explicit_locked_manifest,not_evaluated,not_evaluated_due_to_H2_PASSIVE_CAPABILITY_SET_NOT_SUPPORTED
core_010,A,4,scarce,headroom_only,mild,uniform_20_120_s,no_incident,step,high,jitter,mid_0p45_0p60,final_known,core_010_seed_19,373587883,explicit_locked_manifest,not_evaluated,not_evaluated_due_to_H2_PASSIVE_CAPABILITY_SET_NOT_SUPPORTED
core_011,A,4,critical,headroom_only,mild,uniform_20_120_s,after,ramp,low,normal,high_0p65_0p80,final_known,core_011_seed_00,15485863,explicit_locked_manifest,not_evaluated,not_evaluated_due_to_H2_PASSIVE_CAPABILITY_SET_NOT_SUPPORTED
core_011,A,4,critical,headroom_only,mild,uniform_20_120_s,after,ramp,low,normal,high_0p65_0p80,final_known,core_011_seed_01,32452843,explicit_locked_manifest,not_evaluated,not_evaluated_due_to_H2_PASSIVE_CAPABILITY_SET_NOT_SUPPORTED
core_011,A,4,critical,headroom_only,mild,uniform_20_120_s,after,ramp,low,normal,high_0p65_0p80,final_known,core_011_seed_02,49979687,explicit_locked_manifest,not_evaluated,not_evaluated_due_to_H2_PASSIVE_CAPABILITY_SET_NOT_SUPPORTED
core_011,A,4,critical,headroom_only,mild,uniform_20_120_s,after,ramp,low,normal,high_0p65_0p80,final_known,core_011_seed_03,67867967,explicit_locked_manifest,not_evaluated,not_evaluated_due_to_H2_PASSIVE_CAPABILITY_SET_NOT_SUPPORTED
core_011,A,4,critical,headroom_only,mild,uniform_20_120_s,after,ramp,low,normal,high_0p65_0p80,final_known,core_011_seed_04,86028121,explicit_locked_manifest,not_evaluated,not_evaluated_due_to_H2_PASSIVE_CAPABILITY_SET_NOT_SUPPORTED
core_011,A,4,critical,headroom_only,mild,uniform_20_120_s,after,ramp,low,normal,high_0p65_0p80,final_known,core_011_seed_05,104395303,explicit_locked_manifest,not_evaluated,not_evaluated_due_to_H2_PASSIVE_CAPABILITY_SET_NOT_SUPPORTED
core_011,A,4,critical,headroom_only,mild,uniform_20_120_s,after,ramp,low,normal,high_0p65_0p80,final_known,core_011_seed_06,122949823,explicit_locked_manifest,not_evaluated,not_evaluated_due_to_H2_PASSIVE_CAPABILITY_SET_NOT_SUPPORTED
core_011,A,4,critical,headroom_only,mild,uniform_20_120_s,after,ramp,low,normal,high_0p65_0p80,final_known,core_011_seed_07,141650939,explicit_locked_manifest,not_evaluated,not_evaluated_due_to_H2_PASSIVE_CAPABILITY_SET_NOT_SUPPORTED
core_011,A,4,critical,headroom_only,mild,uniform_20_120_s,after,ramp,low,normal,high_0p65_0p80,final_known,core_011_seed_08,160481183,explicit_locked_manifest,not_evaluated,not_evaluated_due_to_H2_PASSIVE_CAPABILITY_SET_NOT_SUPPORTED
core_011,A,4,critical,headroom_only,mild,uniform_20_120_s,after,ramp,low,normal,high_0p65_0p80,final_known,core_011_seed_09,179424673,explicit_locked_manifest,not_evaluated,not_evaluated_due_to_H2_PASSIVE_CAPABILITY_SET_NOT_SUPPORTED
core_011,A,4,critical,headroom_only,mild,uniform_20_120_s,after,ramp,low,normal,high_0p65_0p80,final_known,core_011_seed_10,198491317,explicit_locked_manifest,not_evaluated,not_evaluated_due_to_H2_PASSIVE_CAPABILITY_SET_NOT_SUPPORTED
core_011,A,4,critical,headroom_only,mild,uniform_20_120_s,after,ramp,low,normal,high_0p65_0p80,final_known,core_011_seed_11,217645199,explicit_locked_manifest,not_evaluated,not_evaluated_due_to_H2_PASSIVE_CAPABILITY_SET_NOT_SUPPORTED
core_011,A,4,critical,headroom_only,mild,uniform_20_120_s,after,ramp,low,normal,high_0p65_0p80,final_known,core_011_seed_12,236887699,explicit_locked_manifest,not_evaluated,not_evaluated_due_to_H2_PASSIVE_CAPABILITY_SET_NOT_SUPPORTED
core_011,A,4,critical,headroom_only,mild,uniform_20_120_s,after,ramp,low,normal,high_0p65_0p80,final_known,core_011_seed_13,256203221,explicit_locked_manifest,not_evaluated,not_evaluated_due_to_H2_PASSIVE_CAPABILITY_SET_NOT_SUPPORTED
core_011,A,4,critical,headroom_only,mild,uniform_20_120_s,after,ramp,low,normal,high_0p65_0p80,final_known,core_011_seed_14,275604541,explicit_locked_manifest,not_evaluated,not_evaluated_due_to_H2_PASSIVE_CAPABILITY_SET_NOT_SUPPORTED
core_011,A,4,critical,headroom_only,mild,uniform_20_120_s,after,ramp,low,normal,high_0p65_0p80,final_known,core_011_seed_15,295075147,explicit_locked_manifest,not_evaluated,not_evaluated_due_to_H2_PASSIVE_CAPABILITY_SET_NOT_SUPPORTED
core_011,A,4,critical,headroom_only,mild,uniform_20_120_s,after,ramp,low,normal,high_0p65_0p80,final_known,core_011_seed_16,314606891,explicit_locked_manifest,not_evaluated,not_evaluated_due_to_H2_PASSIVE_CAPABILITY_SET_NOT_SUPPORTED
core_011,A,4,critical,headroom_only,mild,uniform_20_120_s,after,ramp,low,normal,high_0p65_0p80,final_known,core_011_seed_17,334214467,explicit_locked_manifest,not_evaluated,not_evaluated_due_to_H2_PASSIVE_CAPABILITY_SET_NOT_SUPPORTED
core_011,A,4,critical,headroom_only,mild,uniform_20_120_s,after,ramp,low,normal,high_0p65_0p80,final_known,core_011_seed_18,353868013,explicit_locked_manifest,not_evaluated,not_evaluated_due_to_H2_PASSIVE_CAPABILITY_SET_NOT_SUPPORTED
core_011,A,4,critical,headroom_only,mild,uniform_20_120_s,after,ramp,low,normal,high_0p65_0p80,final_known,core_011_seed_19,373587883,explicit_locked_manifest,not_evaluated,not_evaluated_due_to_H2_PASSIVE_CAPABILITY_SET_NOT_SUPPORTED
core_012,A,2,adequate,headroom_only,medium,uniform_20_120_s,simultaneous,pulse,medium,random_dropout,low_0p25_0p40,final_known,core_012_seed_00,15485863,explicit_locked_manifest,not_evaluated,not_evaluated_due_to_H2_PASSIVE_CAPABILITY_SET_NOT_SUPPORTED
core_012,A,2,adequate,headroom_only,medium,uniform_20_120_s,simultaneous,pulse,medium,random_dropout,low_0p25_0p40,final_known,core_012_seed_01,32452843,explicit_locked_manifest,not_evaluated,not_evaluated_due_to_H2_PASSIVE_CAPABILITY_SET_NOT_SUPPORTED
core_012,A,2,adequate,headroom_only,medium,uniform_20_120_s,simultaneous,pulse,medium,random_dropout,low_0p25_0p40,final_known,core_012_seed_02,49979687,explicit_locked_manifest,not_evaluated,not_evaluated_due_to_H2_PASSIVE_CAPABILITY_SET_NOT_SUPPORTED
core_012,A,2,adequate,headroom_only,medium,uniform_20_120_s,simultaneous,pulse,medium,random_dropout,low_0p25_0p40,final_known,core_012_seed_03,67867967,explicit_locked_manifest,not_evaluated,not_evaluated_due_to_H2_PASSIVE_CAPABILITY_SET_NOT_SUPPORTED
core_012,A,2,adequate,headroom_only,medium,uniform_20_120_s,simultaneous,pulse,medium,random_dropout,low_0p25_0p40,final_known,core_012_seed_04,86028121,explicit_locked_manifest,not_evaluated,not_evaluated_due_to_H2_PASSIVE_CAPABILITY_SET_NOT_SUPPORTED
core_012,A,2,adequate,headroom_only,medium,uniform_20_120_s,simultaneous,pulse,medium,random_dropout,low_0p25_0p40,final_known,core_012_seed_05,104395303,explicit_locked_manifest,not_evaluated,not_evaluated_due_to_H2_PASSIVE_CAPABILITY_SET_NOT_SUPPORTED
core_012,A,2,adequate,headroom_only,medium,uniform_20_120_s,simultaneous,pulse,medium,random_dropout,low_0p25_0p40,final_known,core_012_seed_06,122949823,explicit_locked_manifest,not_evaluated,not_evaluated_due_to_H2_PASSIVE_CAPABILITY_SET_NOT_SUPPORTED
core_012,A,2,adequate,headroom_only,medium,uniform_20_120_s,simultaneous,pulse,medium,random_dropout,low_0p25_0p40,final_known,core_012_seed_07,141650939,explicit_locked_manifest,not_evaluated,not_evaluated_due_to_H2_PASSIVE_CAPABILITY_SET_NOT_SUPPORTED
core_012,A,2,adequate,headroom_only,medium,uniform_20_120_s,simultaneous,pulse,medium,random_dropout,low_0p25_0p40,final_known,core_012_seed_08,160481183,explicit_locked_manifest,not_evaluated,not_evaluated_due_to_H2_PASSIVE_CAPABILITY_SET_NOT_SUPPORTED
core_012,A,2,adequate,headroom_only,medium,uniform_20_120_s,simultaneous,pulse,medium,random_dropout,low_0p25_0p40,final_known,core_012_seed_09,179424673,explicit_locked_manifest,not_evaluated,not_evaluated_due_to_H2_PASSIVE_CAPABILITY_SET_NOT_SUPPORTED
core_012,A,2,adequate,headroom_only,medium,uniform_20_120_s,simultaneous,pulse,medium,random_dropout,low_0p25_0p40,final_known,core_012_seed_10,198491317,explicit_locked_manifest,not_evaluated,not_evaluated_due_to_H2_PASSIVE_CAPABILITY_SET_NOT_SUPPORTED
core_012,A,2,adequate,headroom_only,medium,uniform_20_120_s,simultaneous,pulse,medium,random_dropout,low_0p25_0p40,final_known,core_012_seed_11,217645199,explicit_locked_manifest,not_evaluated,not_evaluated_due_to_H2_PASSIVE_CAPABILITY_SET_NOT_SUPPORTED
core_012,A,2,adequate,headroom_only,medium,uniform_20_120_s,simultaneous,pulse,medium,random_dropout,low_0p25_0p40,final_known,core_012_seed_12,236887699,explicit_locked_manifest,not_evaluated,not_evaluated_due_to_H2_PASSIVE_CAPABILITY_SET_NOT_SUPPORTED
core_012,A,2,adequate,headroom_only,medium,uniform_20_120_s,simultaneous,pulse,medium,random_dropout,low_0p25_0p40,final_known,core_012_seed_13,256203221,explicit_locked_manifest,not_evaluated,not_evaluated_due_to_H2_PASSIVE_CAPABILITY_SET_NOT_SUPPORTED
core_012,A,2,adequate,headroom_only,medium,uniform_20_120_s,simultaneous,pulse,medium,random_dropout,low_0p25_0p40,final_known,core_012_seed_14,275604541,explicit_locked_manifest,not_evaluated,not_evaluated_due_to_H2_PASSIVE_CAPABILITY_SET_NOT_SUPPORTED
core_012,A,2,adequate,headroom_only,medium,uniform_20_120_s,simultaneous,pulse,medium,random_dropout,low_0p25_0p40,final_known,core_012_seed_15,295075147,explicit_locked_manifest,not_evaluated,not_evaluated_due_to_H2_PASSIVE_CAPABILITY_SET_NOT_SUPPORTED
core_012,A,2,adequate,headroom_only,medium,uniform_20_120_s,simultaneous,pulse,medium,random_dropout,low_0p25_0p40,final_known,core_012_seed_16,314606891,explicit_locked_manifest,not_evaluated,not_evaluated_due_to_H2_PASSIVE_CAPABILITY_SET_NOT_SUPPORTED
core_012,A,2,adequate,headroom_only,medium,uniform_20_120_s,simultaneous,pulse,medium,random_dropout,low_0p25_0p40,final_known,core_012_seed_17,334214467,explicit_locked_manifest,not_evaluated,not_evaluated_due_to_H2_PASSIVE_CAPABILITY_SET_NOT_SUPPORTED
core_012,A,2,adequate,headroom_only,medium,uniform_20_120_s,simultaneous,pulse,medium,random_dropout,low_0p25_0p40,final_known,core_012_seed_18,353868013,explicit_locked_manifest,not_evaluated,not_evaluated_due_to_H2_PASSIVE_CAPABILITY_SET_NOT_SUPPORTED
core_012,A,2,adequate,headroom_only,medium,uniform_20_120_s,simultaneous,pulse,medium,random_dropout,low_0p25_0p40,final_known,core_012_seed_19,373587883,explicit_locked_manifest,not_evaluated,not_evaluated_due_to_H2_PASSIVE_CAPABILITY_SET_NOT_SUPPORTED
core_013,A,2,scarce,headroom_only,medium,uniform_20_120_s,before,stochastic_net_load,high,jitter,mid_0p45_0p60,final_known,core_013_seed_00,15485863,explicit_locked_manifest,not_evaluated,not_evaluated_due_to_H2_PASSIVE_CAPABILITY_SET_NOT_SUPPORTED
core_013,A,2,scarce,headroom_only,medium,uniform_20_120_s,before,stochastic_net_load,high,jitter,mid_0p45_0p60,final_known,core_013_seed_01,32452843,explicit_locked_manifest,not_evaluated,not_evaluated_due_to_H2_PASSIVE_CAPABILITY_SET_NOT_SUPPORTED
core_013,A,2,scarce,headroom_only,medium,uniform_20_120_s,before,stochastic_net_load,high,jitter,mid_0p45_0p60,final_known,core_013_seed_02,49979687,explicit_locked_manifest,not_evaluated,not_evaluated_due_to_H2_PASSIVE_CAPABILITY_SET_NOT_SUPPORTED
core_013,A,2,scarce,headroom_only,medium,uniform_20_120_s,before,stochastic_net_load,high,jitter,mid_0p45_0p60,final_known,core_013_seed_03,67867967,explicit_locked_manifest,not_evaluated,not_evaluated_due_to_H2_PASSIVE_CAPABILITY_SET_NOT_SUPPORTED
core_013,A,2,scarce,headroom_only,medium,uniform_20_120_s,before,stochastic_net_load,high,jitter,mid_0p45_0p60,final_known,core_013_seed_04,86028121,explicit_locked_manifest,not_evaluated,not_evaluated_due_to_H2_PASSIVE_CAPABILITY_SET_NOT_SUPPORTED
core_013,A,2,scarce,headroom_only,medium,uniform_20_120_s,before,stochastic_net_load,high,jitter,mid_0p45_0p60,final_known,core_013_seed_05,104395303,explicit_locked_manifest,not_evaluated,not_evaluated_due_to_H2_PASSIVE_CAPABILITY_SET_NOT_SUPPORTED
core_013,A,2,scarce,headroom_only,medium,uniform_20_120_s,before,stochastic_net_load,high,jitter,mid_0p45_0p60,final_known,core_013_seed_06,122949823,explicit_locked_manifest,not_evaluated,not_evaluated_due_to_H2_PASSIVE_CAPABILITY_SET_NOT_SUPPORTED
core_013,A,2,scarce,headroom_only,medium,uniform_20_120_s,before,stochastic_net_load,high,jitter,mid_0p45_0p60,final_known,core_013_seed_07,141650939,explicit_locked_manifest,not_evaluated,not_evaluated_due_to_H2_PASSIVE_CAPABILITY_SET_NOT_SUPPORTED
core_013,A,2,scarce,headroom_only,medium,uniform_20_120_s,before,stochastic_net_load,high,jitter,mid_0p45_0p60,final_known,core_013_seed_08,160481183,explicit_locked_manifest,not_evaluated,not_evaluated_due_to_H2_PASSIVE_CAPABILITY_SET_NOT_SUPPORTED
core_013,A,2,scarce,headroom_only,medium,uniform_20_120_s,before,stochastic_net_load,high,jitter,mid_0p45_0p60,final_known,core_013_seed_09,179424673,explicit_locked_manifest,not_evaluated,not_evaluated_due_to_H2_PASSIVE_CAPABILITY_SET_NOT_SUPPORTED
core_013,A,2,scarce,headroom_only,medium,uniform_20_120_s,before,stochastic_net_load,high,jitter,mid_0p45_0p60,final_known,core_013_seed_10,198491317,explicit_locked_manifest,not_evaluated,not_evaluated_due_to_H2_PASSIVE_CAPABILITY_SET_NOT_SUPPORTED
core_013,A,2,scarce,headroom_only,medium,uniform_20_120_s,before,stochastic_net_load,high,jitter,mid_0p45_0p60,final_known,core_013_seed_11,217645199,explicit_locked_manifest,not_evaluated,not_evaluated_due_to_H2_PASSIVE_CAPABILITY_SET_NOT_SUPPORTED
core_013,A,2,scarce,headroom_only,medium,uniform_20_120_s,before,stochastic_net_load,high,jitter,mid_0p45_0p60,final_known,core_013_seed_12,236887699,explicit_locked_manifest,not_evaluated,not_evaluated_due_to_H2_PASSIVE_CAPABILITY_SET_NOT_SUPPORTED
core_013,A,2,scarce,headroom_only,medium,uniform_20_120_s,before,stochastic_net_load,high,jitter,mid_0p45_0p60,final_known,core_013_seed_13,256203221,explicit_locked_manifest,not_evaluated,not_evaluated_due_to_H2_PASSIVE_CAPABILITY_SET_NOT_SUPPORTED
core_013,A,2,scarce,headroom_only,medium,uniform_20_120_s,before,stochastic_net_load,high,jitter,mid_0p45_0p60,final_known,core_013_seed_14,275604541,explicit_locked_manifest,not_evaluated,not_evaluated_due_to_H2_PASSIVE_CAPABILITY_SET_NOT_SUPPORTED
core_013,A,2,scarce,headroom_only,medium,uniform_20_120_s,before,stochastic_net_load,high,jitter,mid_0p45_0p60,final_known,core_013_seed_15,295075147,explicit_locked_manifest,not_evaluated,not_evaluated_due_to_H2_PASSIVE_CAPABILITY_SET_NOT_SUPPORTED
core_013,A,2,scarce,headroom_only,medium,uniform_20_120_s,before,stochastic_net_load,high,jitter,mid_0p45_0p60,final_known,core_013_seed_16,314606891,explicit_locked_manifest,not_evaluated,not_evaluated_due_to_H2_PASSIVE_CAPABILITY_SET_NOT_SUPPORTED
core_013,A,2,scarce,headroom_only,medium,uniform_20_120_s,before,stochastic_net_load,high,jitter,mid_0p45_0p60,final_known,core_013_seed_17,334214467,explicit_locked_manifest,not_evaluated,not_evaluated_due_to_H2_PASSIVE_CAPABILITY_SET_NOT_SUPPORTED
core_013,A,2,scarce,headroom_only,medium,uniform_20_120_s,before,stochastic_net_load,high,jitter,mid_0p45_0p60,final_known,core_013_seed_18,353868013,explicit_locked_manifest,not_evaluated,not_evaluated_due_to_H2_PASSIVE_CAPABILITY_SET_NOT_SUPPORTED
core_013,A,2,scarce,headroom_only,medium,uniform_20_120_s,before,stochastic_net_load,high,jitter,mid_0p45_0p60,final_known,core_013_seed_19,373587883,explicit_locked_manifest,not_evaluated,not_evaluated_due_to_H2_PASSIVE_CAPABILITY_SET_NOT_SUPPORTED
core_014,A,2,critical,headroom_only,medium,uniform_20_120_s,no_incident,step,low,normal,high_0p65_0p80,final_known,core_014_seed_00,15485863,explicit_locked_manifest,not_evaluated,not_evaluated_due_to_H2_PASSIVE_CAPABILITY_SET_NOT_SUPPORTED
core_014,A,2,critical,headroom_only,medium,uniform_20_120_s,no_incident,step,low,normal,high_0p65_0p80,final_known,core_014_seed_01,32452843,explicit_locked_manifest,not_evaluated,not_evaluated_due_to_H2_PASSIVE_CAPABILITY_SET_NOT_SUPPORTED
core_014,A,2,critical,headroom_only,medium,uniform_20_120_s,no_incident,step,low,normal,high_0p65_0p80,final_known,core_014_seed_02,49979687,explicit_locked_manifest,not_evaluated,not_evaluated_due_to_H2_PASSIVE_CAPABILITY_SET_NOT_SUPPORTED
core_014,A,2,critical,headroom_only,medium,uniform_20_120_s,no_incident,step,low,normal,high_0p65_0p80,final_known,core_014_seed_03,67867967,explicit_locked_manifest,not_evaluated,not_evaluated_due_to_H2_PASSIVE_CAPABILITY_SET_NOT_SUPPORTED
core_014,A,2,critical,headroom_only,medium,uniform_20_120_s,no_incident,step,low,normal,high_0p65_0p80,final_known,core_014_seed_04,86028121,explicit_locked_manifest,not_evaluated,not_evaluated_due_to_H2_PASSIVE_CAPABILITY_SET_NOT_SUPPORTED
core_014,A,2,critical,headroom_only,medium,uniform_20_120_s,no_incident,step,low,normal,high_0p65_0p80,final_known,core_014_seed_05,104395303,explicit_locked_manifest,not_evaluated,not_evaluated_due_to_H2_PASSIVE_CAPABILITY_SET_NOT_SUPPORTED
core_014,A,2,critical,headroom_only,medium,uniform_20_120_s,no_incident,step,low,normal,high_0p65_0p80,final_known,core_014_seed_06,122949823,explicit_locked_manifest,not_evaluated,not_evaluated_due_to_H2_PASSIVE_CAPABILITY_SET_NOT_SUPPORTED
core_014,A,2,critical,headroom_only,medium,uniform_20_120_s,no_incident,step,low,normal,high_0p65_0p80,final_known,core_014_seed_07,141650939,explicit_locked_manifest,not_evaluated,not_evaluated_due_to_H2_PASSIVE_CAPABILITY_SET_NOT_SUPPORTED
core_014,A,2,critical,headroom_only,medium,uniform_20_120_s,no_incident,step,low,normal,high_0p65_0p80,final_known,core_014_seed_08,160481183,explicit_locked_manifest,not_evaluated,not_evaluated_due_to_H2_PASSIVE_CAPABILITY_SET_NOT_SUPPORTED
core_014,A,2,critical,headroom_only,medium,uniform_20_120_s,no_incident,step,low,normal,high_0p65_0p80,final_known,core_014_seed_09,179424673,explicit_locked_manifest,not_evaluated,not_evaluated_due_to_H2_PASSIVE_CAPABILITY_SET_NOT_SUPPORTED
core_014,A,2,critical,headroom_only,medium,uniform_20_120_s,no_incident,step,low,normal,high_0p65_0p80,final_known,core_014_seed_10,198491317,explicit_locked_manifest,not_evaluated,not_evaluated_due_to_H2_PASSIVE_CAPABILITY_SET_NOT_SUPPORTED
core_014,A,2,critical,headroom_only,medium,uniform_20_120_s,no_incident,step,low,normal,high_0p65_0p80,final_known,core_014_seed_11,217645199,explicit_locked_manifest,not_evaluated,not_evaluated_due_to_H2_PASSIVE_CAPABILITY_SET_NOT_SUPPORTED
core_014,A,2,critical,headroom_only,medium,uniform_20_120_s,no_incident,step,low,normal,high_0p65_0p80,final_known,core_014_seed_12,236887699,explicit_locked_manifest,not_evaluated,not_evaluated_due_to_H2_PASSIVE_CAPABILITY_SET_NOT_SUPPORTED
core_014,A,2,critical,headroom_only,medium,uniform_20_120_s,no_incident,step,low,normal,high_0p65_0p80,final_known,core_014_seed_13,256203221,explicit_locked_manifest,not_evaluated,not_evaluated_due_to_H2_PASSIVE_CAPABILITY_SET_NOT_SUPPORTED
core_014,A,2,critical,headroom_only,medium,uniform_20_120_s,no_incident,step,low,normal,high_0p65_0p80,final_known,core_014_seed_14,275604541,explicit_locked_manifest,not_evaluated,not_evaluated_due_to_H2_PASSIVE_CAPABILITY_SET_NOT_SUPPORTED
core_014,A,2,critical,headroom_only,medium,uniform_20_120_s,no_incident,step,low,normal,high_0p65_0p80,final_known,core_014_seed_15,295075147,explicit_locked_manifest,not_evaluated,not_evaluated_due_to_H2_PASSIVE_CAPABILITY_SET_NOT_SUPPORTED
core_014,A,2,critical,headroom_only,medium,uniform_20_120_s,no_incident,step,low,normal,high_0p65_0p80,final_known,core_014_seed_16,314606891,explicit_locked_manifest,not_evaluated,not_evaluated_due_to_H2_PASSIVE_CAPABILITY_SET_NOT_SUPPORTED
core_014,A,2,critical,headroom_only,medium,uniform_20_120_s,no_incident,step,low,normal,high_0p65_0p80,final_known,core_014_seed_17,334214467,explicit_locked_manifest,not_evaluated,not_evaluated_due_to_H2_PASSIVE_CAPABILITY_SET_NOT_SUPPORTED
core_014,A,2,critical,headroom_only,medium,uniform_20_120_s,no_incident,step,low,normal,high_0p65_0p80,final_known,core_014_seed_18,353868013,explicit_locked_manifest,not_evaluated,not_evaluated_due_to_H2_PASSIVE_CAPABILITY_SET_NOT_SUPPORTED
core_014,A,2,critical,headroom_only,medium,uniform_20_120_s,no_incident,step,low,normal,high_0p65_0p80,final_known,core_014_seed_19,373587883,explicit_locked_manifest,not_evaluated,not_evaluated_due_to_H2_PASSIVE_CAPABILITY_SET_NOT_SUPPORTED
core_015,A,4,adequate,headroom_only,severe,uniform_20_120_s,after,ramp,medium,random_dropout,low_0p25_0p40,final_known,core_015_seed_00,15485863,explicit_locked_manifest,not_evaluated,not_evaluated_due_to_H2_PASSIVE_CAPABILITY_SET_NOT_SUPPORTED
core_015,A,4,adequate,headroom_only,severe,uniform_20_120_s,after,ramp,medium,random_dropout,low_0p25_0p40,final_known,core_015_seed_01,32452843,explicit_locked_manifest,not_evaluated,not_evaluated_due_to_H2_PASSIVE_CAPABILITY_SET_NOT_SUPPORTED
core_015,A,4,adequate,headroom_only,severe,uniform_20_120_s,after,ramp,medium,random_dropout,low_0p25_0p40,final_known,core_015_seed_02,49979687,explicit_locked_manifest,not_evaluated,not_evaluated_due_to_H2_PASSIVE_CAPABILITY_SET_NOT_SUPPORTED
core_015,A,4,adequate,headroom_only,severe,uniform_20_120_s,after,ramp,medium,random_dropout,low_0p25_0p40,final_known,core_015_seed_03,67867967,explicit_locked_manifest,not_evaluated,not_evaluated_due_to_H2_PASSIVE_CAPABILITY_SET_NOT_SUPPORTED
core_015,A,4,adequate,headroom_only,severe,uniform_20_120_s,after,ramp,medium,random_dropout,low_0p25_0p40,final_known,core_015_seed_04,86028121,explicit_locked_manifest,not_evaluated,not_evaluated_due_to_H2_PASSIVE_CAPABILITY_SET_NOT_SUPPORTED
core_015,A,4,adequate,headroom_only,severe,uniform_20_120_s,after,ramp,medium,random_dropout,low_0p25_0p40,final_known,core_015_seed_05,104395303,explicit_locked_manifest,not_evaluated,not_evaluated_due_to_H2_PASSIVE_CAPABILITY_SET_NOT_SUPPORTED
core_015,A,4,adequate,headroom_only,severe,uniform_20_120_s,after,ramp,medium,random_dropout,low_0p25_0p40,final_known,core_015_seed_06,122949823,explicit_locked_manifest,not_evaluated,not_evaluated_due_to_H2_PASSIVE_CAPABILITY_SET_NOT_SUPPORTED
core_015,A,4,adequate,headroom_only,severe,uniform_20_120_s,after,ramp,medium,random_dropout,low_0p25_0p40,final_known,core_015_seed_07,141650939,explicit_locked_manifest,not_evaluated,not_evaluated_due_to_H2_PASSIVE_CAPABILITY_SET_NOT_SUPPORTED
core_015,A,4,adequate,headroom_only,severe,uniform_20_120_s,after,ramp,medium,random_dropout,low_0p25_0p40,final_known,core_015_seed_08,160481183,explicit_locked_manifest,not_evaluated,not_evaluated_due_to_H2_PASSIVE_CAPABILITY_SET_NOT_SUPPORTED
core_015,A,4,adequate,headroom_only,severe,uniform_20_120_s,after,ramp,medium,random_dropout,low_0p25_0p40,final_known,core_015_seed_09,179424673,explicit_locked_manifest,not_evaluated,not_evaluated_due_to_H2_PASSIVE_CAPABILITY_SET_NOT_SUPPORTED
core_015,A,4,adequate,headroom_only,severe,uniform_20_120_s,after,ramp,medium,random_dropout,low_0p25_0p40,final_known,core_015_seed_10,198491317,explicit_locked_manifest,not_evaluated,not_evaluated_due_to_H2_PASSIVE_CAPABILITY_SET_NOT_SUPPORTED
core_015,A,4,adequate,headroom_only,severe,uniform_20_120_s,after,ramp,medium,random_dropout,low_0p25_0p40,final_known,core_015_seed_11,217645199,explicit_locked_manifest,not_evaluated,not_evaluated_due_to_H2_PASSIVE_CAPABILITY_SET_NOT_SUPPORTED
core_015,A,4,adequate,headroom_only,severe,uniform_20_120_s,after,ramp,medium,random_dropout,low_0p25_0p40,final_known,core_015_seed_12,236887699,explicit_locked_manifest,not_evaluated,not_evaluated_due_to_H2_PASSIVE_CAPABILITY_SET_NOT_SUPPORTED
core_015,A,4,adequate,headroom_only,severe,uniform_20_120_s,after,ramp,medium,random_dropout,low_0p25_0p40,final_known,core_015_seed_13,256203221,explicit_locked_manifest,not_evaluated,not_evaluated_due_to_H2_PASSIVE_CAPABILITY_SET_NOT_SUPPORTED
core_015,A,4,adequate,headroom_only,severe,uniform_20_120_s,after,ramp,medium,random_dropout,low_0p25_0p40,final_known,core_015_seed_14,275604541,explicit_locked_manifest,not_evaluated,not_evaluated_due_to_H2_PASSIVE_CAPABILITY_SET_NOT_SUPPORTED
core_015,A,4,adequate,headroom_only,severe,uniform_20_120_s,after,ramp,medium,random_dropout,low_0p25_0p40,final_known,core_015_seed_15,295075147,explicit_locked_manifest,not_evaluated,not_evaluated_due_to_H2_PASSIVE_CAPABILITY_SET_NOT_SUPPORTED
core_015,A,4,adequate,headroom_only,severe,uniform_20_120_s,after,ramp,medium,random_dropout,low_0p25_0p40,final_known,core_015_seed_16,314606891,explicit_locked_manifest,not_evaluated,not_evaluated_due_to_H2_PASSIVE_CAPABILITY_SET_NOT_SUPPORTED
core_015,A,4,adequate,headroom_only,severe,uniform_20_120_s,after,ramp,medium,random_dropout,low_0p25_0p40,final_known,core_015_seed_17,334214467,explicit_locked_manifest,not_evaluated,not_evaluated_due_to_H2_PASSIVE_CAPABILITY_SET_NOT_SUPPORTED
core_015,A,4,adequate,headroom_only,severe,uniform_20_120_s,after,ramp,medium,random_dropout,low_0p25_0p40,final_known,core_015_seed_18,353868013,explicit_locked_manifest,not_evaluated,not_evaluated_due_to_H2_PASSIVE_CAPABILITY_SET_NOT_SUPPORTED
core_015,A,4,adequate,headroom_only,severe,uniform_20_120_s,after,ramp,medium,random_dropout,low_0p25_0p40,final_known,core_015_seed_19,373587883,explicit_locked_manifest,not_evaluated,not_evaluated_due_to_H2_PASSIVE_CAPABILITY_SET_NOT_SUPPORTED
core_016,A,4,scarce,headroom_only,severe,uniform_20_120_s,simultaneous,pulse,high,jitter,mid_0p45_0p60,final_known,core_016_seed_00,15485863,explicit_locked_manifest,not_evaluated,not_evaluated_due_to_H2_PASSIVE_CAPABILITY_SET_NOT_SUPPORTED
core_016,A,4,scarce,headroom_only,severe,uniform_20_120_s,simultaneous,pulse,high,jitter,mid_0p45_0p60,final_known,core_016_seed_01,32452843,explicit_locked_manifest,not_evaluated,not_evaluated_due_to_H2_PASSIVE_CAPABILITY_SET_NOT_SUPPORTED
core_016,A,4,scarce,headroom_only,severe,uniform_20_120_s,simultaneous,pulse,high,jitter,mid_0p45_0p60,final_known,core_016_seed_02,49979687,explicit_locked_manifest,not_evaluated,not_evaluated_due_to_H2_PASSIVE_CAPABILITY_SET_NOT_SUPPORTED
core_016,A,4,scarce,headroom_only,severe,uniform_20_120_s,simultaneous,pulse,high,jitter,mid_0p45_0p60,final_known,core_016_seed_03,67867967,explicit_locked_manifest,not_evaluated,not_evaluated_due_to_H2_PASSIVE_CAPABILITY_SET_NOT_SUPPORTED
core_016,A,4,scarce,headroom_only,severe,uniform_20_120_s,simultaneous,pulse,high,jitter,mid_0p45_0p60,final_known,core_016_seed_04,86028121,explicit_locked_manifest,not_evaluated,not_evaluated_due_to_H2_PASSIVE_CAPABILITY_SET_NOT_SUPPORTED
core_016,A,4,scarce,headroom_only,severe,uniform_20_120_s,simultaneous,pulse,high,jitter,mid_0p45_0p60,final_known,core_016_seed_05,104395303,explicit_locked_manifest,not_evaluated,not_evaluated_due_to_H2_PASSIVE_CAPABILITY_SET_NOT_SUPPORTED
core_016,A,4,scarce,headroom_only,severe,uniform_20_120_s,simultaneous,pulse,high,jitter,mid_0p45_0p60,final_known,core_016_seed_06,122949823,explicit_locked_manifest,not_evaluated,not_evaluated_due_to_H2_PASSIVE_CAPABILITY_SET_NOT_SUPPORTED
core_016,A,4,scarce,headroom_only,severe,uniform_20_120_s,simultaneous,pulse,high,jitter,mid_0p45_0p60,final_known,core_016_seed_07,141650939,explicit_locked_manifest,not_evaluated,not_evaluated_due_to_H2_PASSIVE_CAPABILITY_SET_NOT_SUPPORTED
core_016,A,4,scarce,headroom_only,severe,uniform_20_120_s,simultaneous,pulse,high,jitter,mid_0p45_0p60,final_known,core_016_seed_08,160481183,explicit_locked_manifest,not_evaluated,not_evaluated_due_to_H2_PASSIVE_CAPABILITY_SET_NOT_SUPPORTED
core_016,A,4,scarce,headroom_only,severe,uniform_20_120_s,simultaneous,pulse,high,jitter,mid_0p45_0p60,final_known,core_016_seed_09,179424673,explicit_locked_manifest,not_evaluated,not_evaluated_due_to_H2_PASSIVE_CAPABILITY_SET_NOT_SUPPORTED
core_016,A,4,scarce,headroom_only,severe,uniform_20_120_s,simultaneous,pulse,high,jitter,mid_0p45_0p60,final_known,core_016_seed_10,198491317,explicit_locked_manifest,not_evaluated,not_evaluated_due_to_H2_PASSIVE_CAPABILITY_SET_NOT_SUPPORTED
core_016,A,4,scarce,headroom_only,severe,uniform_20_120_s,simultaneous,pulse,high,jitter,mid_0p45_0p60,final_known,core_016_seed_11,217645199,explicit_locked_manifest,not_evaluated,not_evaluated_due_to_H2_PASSIVE_CAPABILITY_SET_NOT_SUPPORTED
core_016,A,4,scarce,headroom_only,severe,uniform_20_120_s,simultaneous,pulse,high,jitter,mid_0p45_0p60,final_known,core_016_seed_12,236887699,explicit_locked_manifest,not_evaluated,not_evaluated_due_to_H2_PASSIVE_CAPABILITY_SET_NOT_SUPPORTED
core_016,A,4,scarce,headroom_only,severe,uniform_20_120_s,simultaneous,pulse,high,jitter,mid_0p45_0p60,final_known,core_016_seed_13,256203221,explicit_locked_manifest,not_evaluated,not_evaluated_due_to_H2_PASSIVE_CAPABILITY_SET_NOT_SUPPORTED
core_016,A,4,scarce,headroom_only,severe,uniform_20_120_s,simultaneous,pulse,high,jitter,mid_0p45_0p60,final_known,core_016_seed_14,275604541,explicit_locked_manifest,not_evaluated,not_evaluated_due_to_H2_PASSIVE_CAPABILITY_SET_NOT_SUPPORTED
core_016,A,4,scarce,headroom_only,severe,uniform_20_120_s,simultaneous,pulse,high,jitter,mid_0p45_0p60,final_known,core_016_seed_15,295075147,explicit_locked_manifest,not_evaluated,not_evaluated_due_to_H2_PASSIVE_CAPABILITY_SET_NOT_SUPPORTED
core_016,A,4,scarce,headroom_only,severe,uniform_20_120_s,simultaneous,pulse,high,jitter,mid_0p45_0p60,final_known,core_016_seed_16,314606891,explicit_locked_manifest,not_evaluated,not_evaluated_due_to_H2_PASSIVE_CAPABILITY_SET_NOT_SUPPORTED
core_016,A,4,scarce,headroom_only,severe,uniform_20_120_s,simultaneous,pulse,high,jitter,mid_0p45_0p60,final_known,core_016_seed_17,334214467,explicit_locked_manifest,not_evaluated,not_evaluated_due_to_H2_PASSIVE_CAPABILITY_SET_NOT_SUPPORTED
core_016,A,4,scarce,headroom_only,severe,uniform_20_120_s,simultaneous,pulse,high,jitter,mid_0p45_0p60,final_known,core_016_seed_18,353868013,explicit_locked_manifest,not_evaluated,not_evaluated_due_to_H2_PASSIVE_CAPABILITY_SET_NOT_SUPPORTED
core_016,A,4,scarce,headroom_only,severe,uniform_20_120_s,simultaneous,pulse,high,jitter,mid_0p45_0p60,final_known,core_016_seed_19,373587883,explicit_locked_manifest,not_evaluated,not_evaluated_due_to_H2_PASSIVE_CAPABILITY_SET_NOT_SUPPORTED
core_017,A,4,critical,headroom_only,severe,uniform_20_120_s,before,stochastic_net_load,low,normal,high_0p65_0p80,final_known,core_017_seed_00,15485863,explicit_locked_manifest,not_evaluated,not_evaluated_due_to_H2_PASSIVE_CAPABILITY_SET_NOT_SUPPORTED
core_017,A,4,critical,headroom_only,severe,uniform_20_120_s,before,stochastic_net_load,low,normal,high_0p65_0p80,final_known,core_017_seed_01,32452843,explicit_locked_manifest,not_evaluated,not_evaluated_due_to_H2_PASSIVE_CAPABILITY_SET_NOT_SUPPORTED
core_017,A,4,critical,headroom_only,severe,uniform_20_120_s,before,stochastic_net_load,low,normal,high_0p65_0p80,final_known,core_017_seed_02,49979687,explicit_locked_manifest,not_evaluated,not_evaluated_due_to_H2_PASSIVE_CAPABILITY_SET_NOT_SUPPORTED
core_017,A,4,critical,headroom_only,severe,uniform_20_120_s,before,stochastic_net_load,low,normal,high_0p65_0p80,final_known,core_017_seed_03,67867967,explicit_locked_manifest,not_evaluated,not_evaluated_due_to_H2_PASSIVE_CAPABILITY_SET_NOT_SUPPORTED
core_017,A,4,critical,headroom_only,severe,uniform_20_120_s,before,stochastic_net_load,low,normal,high_0p65_0p80,final_known,core_017_seed_04,86028121,explicit_locked_manifest,not_evaluated,not_evaluated_due_to_H2_PASSIVE_CAPABILITY_SET_NOT_SUPPORTED
core_017,A,4,critical,headroom_only,severe,uniform_20_120_s,before,stochastic_net_load,low,normal,high_0p65_0p80,final_known,core_017_seed_05,104395303,explicit_locked_manifest,not_evaluated,not_evaluated_due_to_H2_PASSIVE_CAPABILITY_SET_NOT_SUPPORTED
core_017,A,4,critical,headroom_only,severe,uniform_20_120_s,before,stochastic_net_load,low,normal,high_0p65_0p80,final_known,core_017_seed_06,122949823,explicit_locked_manifest,not_evaluated,not_evaluated_due_to_H2_PASSIVE_CAPABILITY_SET_NOT_SUPPORTED
core_017,A,4,critical,headroom_only,severe,uniform_20_120_s,before,stochastic_net_load,low,normal,high_0p65_0p80,final_known,core_017_seed_07,141650939,explicit_locked_manifest,not_evaluated,not_evaluated_due_to_H2_PASSIVE_CAPABILITY_SET_NOT_SUPPORTED
core_017,A,4,critical,headroom_only,severe,uniform_20_120_s,before,stochastic_net_load,low,normal,high_0p65_0p80,final_known,core_017_seed_08,160481183,explicit_locked_manifest,not_evaluated,not_evaluated_due_to_H2_PASSIVE_CAPABILITY_SET_NOT_SUPPORTED
core_017,A,4,critical,headroom_only,severe,uniform_20_120_s,before,stochastic_net_load,low,normal,high_0p65_0p80,final_known,core_017_seed_09,179424673,explicit_locked_manifest,not_evaluated,not_evaluated_due_to_H2_PASSIVE_CAPABILITY_SET_NOT_SUPPORTED
core_017,A,4,critical,headroom_only,severe,uniform_20_120_s,before,stochastic_net_load,low,normal,high_0p65_0p80,final_known,core_017_seed_10,198491317,explicit_locked_manifest,not_evaluated,not_evaluated_due_to_H2_PASSIVE_CAPABILITY_SET_NOT_SUPPORTED
core_017,A,4,critical,headroom_only,severe,uniform_20_120_s,before,stochastic_net_load,low,normal,high_0p65_0p80,final_known,core_017_seed_11,217645199,explicit_locked_manifest,not_evaluated,not_evaluated_due_to_H2_PASSIVE_CAPABILITY_SET_NOT_SUPPORTED
core_017,A,4,critical,headroom_only,severe,uniform_20_120_s,before,stochastic_net_load,low,normal,high_0p65_0p80,final_known,core_017_seed_12,236887699,explicit_locked_manifest,not_evaluated,not_evaluated_due_to_H2_PASSIVE_CAPABILITY_SET_NOT_SUPPORTED
core_017,A,4,critical,headroom_only,severe,uniform_20_120_s,before,stochastic_net_load,low,normal,high_0p65_0p80,final_known,core_017_seed_13,256203221,explicit_locked_manifest,not_evaluated,not_evaluated_due_to_H2_PASSIVE_CAPABILITY_SET_NOT_SUPPORTED
core_017,A,4,critical,headroom_only,severe,uniform_20_120_s,before,stochastic_net_load,low,normal,high_0p65_0p80,final_known,core_017_seed_14,275604541,explicit_locked_manifest,not_evaluated,not_evaluated_due_to_H2_PASSIVE_CAPABILITY_SET_NOT_SUPPORTED
core_017,A,4,critical,headroom_only,severe,uniform_20_120_s,before,stochastic_net_load,low,normal,high_0p65_0p80,final_known,core_017_seed_15,295075147,explicit_locked_manifest,not_evaluated,not_evaluated_due_to_H2_PASSIVE_CAPABILITY_SET_NOT_SUPPORTED
core_017,A,4,critical,headroom_only,severe,uniform_20_120_s,before,stochastic_net_load,low,normal,high_0p65_0p80,final_known,core_017_seed_16,314606891,explicit_locked_manifest,not_evaluated,not_evaluated_due_to_H2_PASSIVE_CAPABILITY_SET_NOT_SUPPORTED
core_017,A,4,critical,headroom_only,severe,uniform_20_120_s,before,stochastic_net_load,low,normal,high_0p65_0p80,final_known,core_017_seed_17,334214467,explicit_locked_manifest,not_evaluated,not_evaluated_due_to_H2_PASSIVE_CAPABILITY_SET_NOT_SUPPORTED
core_017,A,4,critical,headroom_only,severe,uniform_20_120_s,before,stochastic_net_load,low,normal,high_0p65_0p80,final_known,core_017_seed_18,353868013,explicit_locked_manifest,not_evaluated,not_evaluated_due_to_H2_PASSIVE_CAPABILITY_SET_NOT_SUPPORTED
core_017,A,4,critical,headroom_only,severe,uniform_20_120_s,before,stochastic_net_load,low,normal,high_0p65_0p80,final_known,core_017_seed_19,373587883,explicit_locked_manifest,not_evaluated,not_evaluated_due_to_H2_PASSIVE_CAPABILITY_SET_NOT_SUPPORTED
core_018,A,2,adequate,ramp_only,mild,uniform_20_120_s,no_incident,step,medium,random_dropout,low_0p25_0p40,final_known,core_018_seed_00,15485863,explicit_locked_manifest,not_evaluated,not_evaluated_due_to_H2_PASSIVE_CAPABILITY_SET_NOT_SUPPORTED
core_018,A,2,adequate,ramp_only,mild,uniform_20_120_s,no_incident,step,medium,random_dropout,low_0p25_0p40,final_known,core_018_seed_01,32452843,explicit_locked_manifest,not_evaluated,not_evaluated_due_to_H2_PASSIVE_CAPABILITY_SET_NOT_SUPPORTED
core_018,A,2,adequate,ramp_only,mild,uniform_20_120_s,no_incident,step,medium,random_dropout,low_0p25_0p40,final_known,core_018_seed_02,49979687,explicit_locked_manifest,not_evaluated,not_evaluated_due_to_H2_PASSIVE_CAPABILITY_SET_NOT_SUPPORTED
core_018,A,2,adequate,ramp_only,mild,uniform_20_120_s,no_incident,step,medium,random_dropout,low_0p25_0p40,final_known,core_018_seed_03,67867967,explicit_locked_manifest,not_evaluated,not_evaluated_due_to_H2_PASSIVE_CAPABILITY_SET_NOT_SUPPORTED
core_018,A,2,adequate,ramp_only,mild,uniform_20_120_s,no_incident,step,medium,random_dropout,low_0p25_0p40,final_known,core_018_seed_04,86028121,explicit_locked_manifest,not_evaluated,not_evaluated_due_to_H2_PASSIVE_CAPABILITY_SET_NOT_SUPPORTED
core_018,A,2,adequate,ramp_only,mild,uniform_20_120_s,no_incident,step,medium,random_dropout,low_0p25_0p40,final_known,core_018_seed_05,104395303,explicit_locked_manifest,not_evaluated,not_evaluated_due_to_H2_PASSIVE_CAPABILITY_SET_NOT_SUPPORTED
core_018,A,2,adequate,ramp_only,mild,uniform_20_120_s,no_incident,step,medium,random_dropout,low_0p25_0p40,final_known,core_018_seed_06,122949823,explicit_locked_manifest,not_evaluated,not_evaluated_due_to_H2_PASSIVE_CAPABILITY_SET_NOT_SUPPORTED
core_018,A,2,adequate,ramp_only,mild,uniform_20_120_s,no_incident,step,medium,random_dropout,low_0p25_0p40,final_known,core_018_seed_07,141650939,explicit_locked_manifest,not_evaluated,not_evaluated_due_to_H2_PASSIVE_CAPABILITY_SET_NOT_SUPPORTED
core_018,A,2,adequate,ramp_only,mild,uniform_20_120_s,no_incident,step,medium,random_dropout,low_0p25_0p40,final_known,core_018_seed_08,160481183,explicit_locked_manifest,not_evaluated,not_evaluated_due_to_H2_PASSIVE_CAPABILITY_SET_NOT_SUPPORTED
core_018,A,2,adequate,ramp_only,mild,uniform_20_120_s,no_incident,step,medium,random_dropout,low_0p25_0p40,final_known,core_018_seed_09,179424673,explicit_locked_manifest,not_evaluated,not_evaluated_due_to_H2_PASSIVE_CAPABILITY_SET_NOT_SUPPORTED
core_018,A,2,adequate,ramp_only,mild,uniform_20_120_s,no_incident,step,medium,random_dropout,low_0p25_0p40,final_known,core_018_seed_10,198491317,explicit_locked_manifest,not_evaluated,not_evaluated_due_to_H2_PASSIVE_CAPABILITY_SET_NOT_SUPPORTED
core_018,A,2,adequate,ramp_only,mild,uniform_20_120_s,no_incident,step,medium,random_dropout,low_0p25_0p40,final_known,core_018_seed_11,217645199,explicit_locked_manifest,not_evaluated,not_evaluated_due_to_H2_PASSIVE_CAPABILITY_SET_NOT_SUPPORTED
core_018,A,2,adequate,ramp_only,mild,uniform_20_120_s,no_incident,step,medium,random_dropout,low_0p25_0p40,final_known,core_018_seed_12,236887699,explicit_locked_manifest,not_evaluated,not_evaluated_due_to_H2_PASSIVE_CAPABILITY_SET_NOT_SUPPORTED
core_018,A,2,adequate,ramp_only,mild,uniform_20_120_s,no_incident,step,medium,random_dropout,low_0p25_0p40,final_known,core_018_seed_13,256203221,explicit_locked_manifest,not_evaluated,not_evaluated_due_to_H2_PASSIVE_CAPABILITY_SET_NOT_SUPPORTED
core_018,A,2,adequate,ramp_only,mild,uniform_20_120_s,no_incident,step,medium,random_dropout,low_0p25_0p40,final_known,core_018_seed_14,275604541,explicit_locked_manifest,not_evaluated,not_evaluated_due_to_H2_PASSIVE_CAPABILITY_SET_NOT_SUPPORTED
core_018,A,2,adequate,ramp_only,mild,uniform_20_120_s,no_incident,step,medium,random_dropout,low_0p25_0p40,final_known,core_018_seed_15,295075147,explicit_locked_manifest,not_evaluated,not_evaluated_due_to_H2_PASSIVE_CAPABILITY_SET_NOT_SUPPORTED
core_018,A,2,adequate,ramp_only,mild,uniform_20_120_s,no_incident,step,medium,random_dropout,low_0p25_0p40,final_known,core_018_seed_16,314606891,explicit_locked_manifest,not_evaluated,not_evaluated_due_to_H2_PASSIVE_CAPABILITY_SET_NOT_SUPPORTED
core_018,A,2,adequate,ramp_only,mild,uniform_20_120_s,no_incident,step,medium,random_dropout,low_0p25_0p40,final_known,core_018_seed_17,334214467,explicit_locked_manifest,not_evaluated,not_evaluated_due_to_H2_PASSIVE_CAPABILITY_SET_NOT_SUPPORTED
core_018,A,2,adequate,ramp_only,mild,uniform_20_120_s,no_incident,step,medium,random_dropout,low_0p25_0p40,final_known,core_018_seed_18,353868013,explicit_locked_manifest,not_evaluated,not_evaluated_due_to_H2_PASSIVE_CAPABILITY_SET_NOT_SUPPORTED
core_018,A,2,adequate,ramp_only,mild,uniform_20_120_s,no_incident,step,medium,random_dropout,low_0p25_0p40,final_known,core_018_seed_19,373587883,explicit_locked_manifest,not_evaluated,not_evaluated_due_to_H2_PASSIVE_CAPABILITY_SET_NOT_SUPPORTED
core_019,A,2,scarce,ramp_only,mild,uniform_20_120_s,after,ramp,high,jitter,mid_0p45_0p60,final_known,core_019_seed_00,15485863,explicit_locked_manifest,not_evaluated,not_evaluated_due_to_H2_PASSIVE_CAPABILITY_SET_NOT_SUPPORTED
core_019,A,2,scarce,ramp_only,mild,uniform_20_120_s,after,ramp,high,jitter,mid_0p45_0p60,final_known,core_019_seed_01,32452843,explicit_locked_manifest,not_evaluated,not_evaluated_due_to_H2_PASSIVE_CAPABILITY_SET_NOT_SUPPORTED
core_019,A,2,scarce,ramp_only,mild,uniform_20_120_s,after,ramp,high,jitter,mid_0p45_0p60,final_known,core_019_seed_02,49979687,explicit_locked_manifest,not_evaluated,not_evaluated_due_to_H2_PASSIVE_CAPABILITY_SET_NOT_SUPPORTED
core_019,A,2,scarce,ramp_only,mild,uniform_20_120_s,after,ramp,high,jitter,mid_0p45_0p60,final_known,core_019_seed_03,67867967,explicit_locked_manifest,not_evaluated,not_evaluated_due_to_H2_PASSIVE_CAPABILITY_SET_NOT_SUPPORTED
core_019,A,2,scarce,ramp_only,mild,uniform_20_120_s,after,ramp,high,jitter,mid_0p45_0p60,final_known,core_019_seed_04,86028121,explicit_locked_manifest,not_evaluated,not_evaluated_due_to_H2_PASSIVE_CAPABILITY_SET_NOT_SUPPORTED
core_019,A,2,scarce,ramp_only,mild,uniform_20_120_s,after,ramp,high,jitter,mid_0p45_0p60,final_known,core_019_seed_05,104395303,explicit_locked_manifest,not_evaluated,not_evaluated_due_to_H2_PASSIVE_CAPABILITY_SET_NOT_SUPPORTED
core_019,A,2,scarce,ramp_only,mild,uniform_20_120_s,after,ramp,high,jitter,mid_0p45_0p60,final_known,core_019_seed_06,122949823,explicit_locked_manifest,not_evaluated,not_evaluated_due_to_H2_PASSIVE_CAPABILITY_SET_NOT_SUPPORTED
core_019,A,2,scarce,ramp_only,mild,uniform_20_120_s,after,ramp,high,jitter,mid_0p45_0p60,final_known,core_019_seed_07,141650939,explicit_locked_manifest,not_evaluated,not_evaluated_due_to_H2_PASSIVE_CAPABILITY_SET_NOT_SUPPORTED
core_019,A,2,scarce,ramp_only,mild,uniform_20_120_s,after,ramp,high,jitter,mid_0p45_0p60,final_known,core_019_seed_08,160481183,explicit_locked_manifest,not_evaluated,not_evaluated_due_to_H2_PASSIVE_CAPABILITY_SET_NOT_SUPPORTED
core_019,A,2,scarce,ramp_only,mild,uniform_20_120_s,after,ramp,high,jitter,mid_0p45_0p60,final_known,core_019_seed_09,179424673,explicit_locked_manifest,not_evaluated,not_evaluated_due_to_H2_PASSIVE_CAPABILITY_SET_NOT_SUPPORTED
core_019,A,2,scarce,ramp_only,mild,uniform_20_120_s,after,ramp,high,jitter,mid_0p45_0p60,final_known,core_019_seed_10,198491317,explicit_locked_manifest,not_evaluated,not_evaluated_due_to_H2_PASSIVE_CAPABILITY_SET_NOT_SUPPORTED
core_019,A,2,scarce,ramp_only,mild,uniform_20_120_s,after,ramp,high,jitter,mid_0p45_0p60,final_known,core_019_seed_11,217645199,explicit_locked_manifest,not_evaluated,not_evaluated_due_to_H2_PASSIVE_CAPABILITY_SET_NOT_SUPPORTED
core_019,A,2,scarce,ramp_only,mild,uniform_20_120_s,after,ramp,high,jitter,mid_0p45_0p60,final_known,core_019_seed_12,236887699,explicit_locked_manifest,not_evaluated,not_evaluated_due_to_H2_PASSIVE_CAPABILITY_SET_NOT_SUPPORTED
core_019,A,2,scarce,ramp_only,mild,uniform_20_120_s,after,ramp,high,jitter,mid_0p45_0p60,final_known,core_019_seed_13,256203221,explicit_locked_manifest,not_evaluated,not_evaluated_due_to_H2_PASSIVE_CAPABILITY_SET_NOT_SUPPORTED
core_019,A,2,scarce,ramp_only,mild,uniform_20_120_s,after,ramp,high,jitter,mid_0p45_0p60,final_known,core_019_seed_14,275604541,explicit_locked_manifest,not_evaluated,not_evaluated_due_to_H2_PASSIVE_CAPABILITY_SET_NOT_SUPPORTED
core_019,A,2,scarce,ramp_only,mild,uniform_20_120_s,after,ramp,high,jitter,mid_0p45_0p60,final_known,core_019_seed_15,295075147,explicit_locked_manifest,not_evaluated,not_evaluated_due_to_H2_PASSIVE_CAPABILITY_SET_NOT_SUPPORTED
core_019,A,2,scarce,ramp_only,mild,uniform_20_120_s,after,ramp,high,jitter,mid_0p45_0p60,final_known,core_019_seed_16,314606891,explicit_locked_manifest,not_evaluated,not_evaluated_due_to_H2_PASSIVE_CAPABILITY_SET_NOT_SUPPORTED
core_019,A,2,scarce,ramp_only,mild,uniform_20_120_s,after,ramp,high,jitter,mid_0p45_0p60,final_known,core_019_seed_17,334214467,explicit_locked_manifest,not_evaluated,not_evaluated_due_to_H2_PASSIVE_CAPABILITY_SET_NOT_SUPPORTED
core_019,A,2,scarce,ramp_only,mild,uniform_20_120_s,after,ramp,high,jitter,mid_0p45_0p60,final_known,core_019_seed_18,353868013,explicit_locked_manifest,not_evaluated,not_evaluated_due_to_H2_PASSIVE_CAPABILITY_SET_NOT_SUPPORTED
core_019,A,2,scarce,ramp_only,mild,uniform_20_120_s,after,ramp,high,jitter,mid_0p45_0p60,final_known,core_019_seed_19,373587883,explicit_locked_manifest,not_evaluated,not_evaluated_due_to_H2_PASSIVE_CAPABILITY_SET_NOT_SUPPORTED
core_020,A,2,critical,ramp_only,mild,uniform_20_120_s,simultaneous,pulse,low,normal,high_0p65_0p80,final_known,core_020_seed_00,15485863,explicit_locked_manifest,not_evaluated,not_evaluated_due_to_H2_PASSIVE_CAPABILITY_SET_NOT_SUPPORTED
core_020,A,2,critical,ramp_only,mild,uniform_20_120_s,simultaneous,pulse,low,normal,high_0p65_0p80,final_known,core_020_seed_01,32452843,explicit_locked_manifest,not_evaluated,not_evaluated_due_to_H2_PASSIVE_CAPABILITY_SET_NOT_SUPPORTED
core_020,A,2,critical,ramp_only,mild,uniform_20_120_s,simultaneous,pulse,low,normal,high_0p65_0p80,final_known,core_020_seed_02,49979687,explicit_locked_manifest,not_evaluated,not_evaluated_due_to_H2_PASSIVE_CAPABILITY_SET_NOT_SUPPORTED
core_020,A,2,critical,ramp_only,mild,uniform_20_120_s,simultaneous,pulse,low,normal,high_0p65_0p80,final_known,core_020_seed_03,67867967,explicit_locked_manifest,not_evaluated,not_evaluated_due_to_H2_PASSIVE_CAPABILITY_SET_NOT_SUPPORTED
core_020,A,2,critical,ramp_only,mild,uniform_20_120_s,simultaneous,pulse,low,normal,high_0p65_0p80,final_known,core_020_seed_04,86028121,explicit_locked_manifest,not_evaluated,not_evaluated_due_to_H2_PASSIVE_CAPABILITY_SET_NOT_SUPPORTED
core_020,A,2,critical,ramp_only,mild,uniform_20_120_s,simultaneous,pulse,low,normal,high_0p65_0p80,final_known,core_020_seed_05,104395303,explicit_locked_manifest,not_evaluated,not_evaluated_due_to_H2_PASSIVE_CAPABILITY_SET_NOT_SUPPORTED
core_020,A,2,critical,ramp_only,mild,uniform_20_120_s,simultaneous,pulse,low,normal,high_0p65_0p80,final_known,core_020_seed_06,122949823,explicit_locked_manifest,not_evaluated,not_evaluated_due_to_H2_PASSIVE_CAPABILITY_SET_NOT_SUPPORTED
core_020,A,2,critical,ramp_only,mild,uniform_20_120_s,simultaneous,pulse,low,normal,high_0p65_0p80,final_known,core_020_seed_07,141650939,explicit_locked_manifest,not_evaluated,not_evaluated_due_to_H2_PASSIVE_CAPABILITY_SET_NOT_SUPPORTED
core_020,A,2,critical,ramp_only,mild,uniform_20_120_s,simultaneous,pulse,low,normal,high_0p65_0p80,final_known,core_020_seed_08,160481183,explicit_locked_manifest,not_evaluated,not_evaluated_due_to_H2_PASSIVE_CAPABILITY_SET_NOT_SUPPORTED
core_020,A,2,critical,ramp_only,mild,uniform_20_120_s,simultaneous,pulse,low,normal,high_0p65_0p80,final_known,core_020_seed_09,179424673,explicit_locked_manifest,not_evaluated,not_evaluated_due_to_H2_PASSIVE_CAPABILITY_SET_NOT_SUPPORTED
core_020,A,2,critical,ramp_only,mild,uniform_20_120_s,simultaneous,pulse,low,normal,high_0p65_0p80,final_known,core_020_seed_10,198491317,explicit_locked_manifest,not_evaluated,not_evaluated_due_to_H2_PASSIVE_CAPABILITY_SET_NOT_SUPPORTED
core_020,A,2,critical,ramp_only,mild,uniform_20_120_s,simultaneous,pulse,low,normal,high_0p65_0p80,final_known,core_020_seed_11,217645199,explicit_locked_manifest,not_evaluated,not_evaluated_due_to_H2_PASSIVE_CAPABILITY_SET_NOT_SUPPORTED
core_020,A,2,critical,ramp_only,mild,uniform_20_120_s,simultaneous,pulse,low,normal,high_0p65_0p80,final_known,core_020_seed_12,236887699,explicit_locked_manifest,not_evaluated,not_evaluated_due_to_H2_PASSIVE_CAPABILITY_SET_NOT_SUPPORTED
core_020,A,2,critical,ramp_only,mild,uniform_20_120_s,simultaneous,pulse,low,normal,high_0p65_0p80,final_known,core_020_seed_13,256203221,explicit_locked_manifest,not_evaluated,not_evaluated_due_to_H2_PASSIVE_CAPABILITY_SET_NOT_SUPPORTED
core_020,A,2,critical,ramp_only,mild,uniform_20_120_s,simultaneous,pulse,low,normal,high_0p65_0p80,final_known,core_020_seed_14,275604541,explicit_locked_manifest,not_evaluated,not_evaluated_due_to_H2_PASSIVE_CAPABILITY_SET_NOT_SUPPORTED
core_020,A,2,critical,ramp_only,mild,uniform_20_120_s,simultaneous,pulse,low,normal,high_0p65_0p80,final_known,core_020_seed_15,295075147,explicit_locked_manifest,not_evaluated,not_evaluated_due_to_H2_PASSIVE_CAPABILITY_SET_NOT_SUPPORTED
core_020,A,2,critical,ramp_only,mild,uniform_20_120_s,simultaneous,pulse,low,normal,high_0p65_0p80,final_known,core_020_seed_16,314606891,explicit_locked_manifest,not_evaluated,not_evaluated_due_to_H2_PASSIVE_CAPABILITY_SET_NOT_SUPPORTED
core_020,A,2,critical,ramp_only,mild,uniform_20_120_s,simultaneous,pulse,low,normal,high_0p65_0p80,final_known,core_020_seed_17,334214467,explicit_locked_manifest,not_evaluated,not_evaluated_due_to_H2_PASSIVE_CAPABILITY_SET_NOT_SUPPORTED
core_020,A,2,critical,ramp_only,mild,uniform_20_120_s,simultaneous,pulse,low,normal,high_0p65_0p80,final_known,core_020_seed_18,353868013,explicit_locked_manifest,not_evaluated,not_evaluated_due_to_H2_PASSIVE_CAPABILITY_SET_NOT_SUPPORTED
core_020,A,2,critical,ramp_only,mild,uniform_20_120_s,simultaneous,pulse,low,normal,high_0p65_0p80,final_known,core_020_seed_19,373587883,explicit_locked_manifest,not_evaluated,not_evaluated_due_to_H2_PASSIVE_CAPABILITY_SET_NOT_SUPPORTED
core_021,A,4,adequate,ramp_only,medium,uniform_20_120_s,before,stochastic_net_load,medium,random_dropout,low_0p25_0p40,final_known,core_021_seed_00,15485863,explicit_locked_manifest,not_evaluated,not_evaluated_due_to_H2_PASSIVE_CAPABILITY_SET_NOT_SUPPORTED
core_021,A,4,adequate,ramp_only,medium,uniform_20_120_s,before,stochastic_net_load,medium,random_dropout,low_0p25_0p40,final_known,core_021_seed_01,32452843,explicit_locked_manifest,not_evaluated,not_evaluated_due_to_H2_PASSIVE_CAPABILITY_SET_NOT_SUPPORTED
core_021,A,4,adequate,ramp_only,medium,uniform_20_120_s,before,stochastic_net_load,medium,random_dropout,low_0p25_0p40,final_known,core_021_seed_02,49979687,explicit_locked_manifest,not_evaluated,not_evaluated_due_to_H2_PASSIVE_CAPABILITY_SET_NOT_SUPPORTED
core_021,A,4,adequate,ramp_only,medium,uniform_20_120_s,before,stochastic_net_load,medium,random_dropout,low_0p25_0p40,final_known,core_021_seed_03,67867967,explicit_locked_manifest,not_evaluated,not_evaluated_due_to_H2_PASSIVE_CAPABILITY_SET_NOT_SUPPORTED
core_021,A,4,adequate,ramp_only,medium,uniform_20_120_s,before,stochastic_net_load,medium,random_dropout,low_0p25_0p40,final_known,core_021_seed_04,86028121,explicit_locked_manifest,not_evaluated,not_evaluated_due_to_H2_PASSIVE_CAPABILITY_SET_NOT_SUPPORTED
core_021,A,4,adequate,ramp_only,medium,uniform_20_120_s,before,stochastic_net_load,medium,random_dropout,low_0p25_0p40,final_known,core_021_seed_05,104395303,explicit_locked_manifest,not_evaluated,not_evaluated_due_to_H2_PASSIVE_CAPABILITY_SET_NOT_SUPPORTED
core_021,A,4,adequate,ramp_only,medium,uniform_20_120_s,before,stochastic_net_load,medium,random_dropout,low_0p25_0p40,final_known,core_021_seed_06,122949823,explicit_locked_manifest,not_evaluated,not_evaluated_due_to_H2_PASSIVE_CAPABILITY_SET_NOT_SUPPORTED
core_021,A,4,adequate,ramp_only,medium,uniform_20_120_s,before,stochastic_net_load,medium,random_dropout,low_0p25_0p40,final_known,core_021_seed_07,141650939,explicit_locked_manifest,not_evaluated,not_evaluated_due_to_H2_PASSIVE_CAPABILITY_SET_NOT_SUPPORTED
core_021,A,4,adequate,ramp_only,medium,uniform_20_120_s,before,stochastic_net_load,medium,random_dropout,low_0p25_0p40,final_known,core_021_seed_08,160481183,explicit_locked_manifest,not_evaluated,not_evaluated_due_to_H2_PASSIVE_CAPABILITY_SET_NOT_SUPPORTED
core_021,A,4,adequate,ramp_only,medium,uniform_20_120_s,before,stochastic_net_load,medium,random_dropout,low_0p25_0p40,final_known,core_021_seed_09,179424673,explicit_locked_manifest,not_evaluated,not_evaluated_due_to_H2_PASSIVE_CAPABILITY_SET_NOT_SUPPORTED
core_021,A,4,adequate,ramp_only,medium,uniform_20_120_s,before,stochastic_net_load,medium,random_dropout,low_0p25_0p40,final_known,core_021_seed_10,198491317,explicit_locked_manifest,not_evaluated,not_evaluated_due_to_H2_PASSIVE_CAPABILITY_SET_NOT_SUPPORTED
core_021,A,4,adequate,ramp_only,medium,uniform_20_120_s,before,stochastic_net_load,medium,random_dropout,low_0p25_0p40,final_known,core_021_seed_11,217645199,explicit_locked_manifest,not_evaluated,not_evaluated_due_to_H2_PASSIVE_CAPABILITY_SET_NOT_SUPPORTED
core_021,A,4,adequate,ramp_only,medium,uniform_20_120_s,before,stochastic_net_load,medium,random_dropout,low_0p25_0p40,final_known,core_021_seed_12,236887699,explicit_locked_manifest,not_evaluated,not_evaluated_due_to_H2_PASSIVE_CAPABILITY_SET_NOT_SUPPORTED
core_021,A,4,adequate,ramp_only,medium,uniform_20_120_s,before,stochastic_net_load,medium,random_dropout,low_0p25_0p40,final_known,core_021_seed_13,256203221,explicit_locked_manifest,not_evaluated,not_evaluated_due_to_H2_PASSIVE_CAPABILITY_SET_NOT_SUPPORTED
core_021,A,4,adequate,ramp_only,medium,uniform_20_120_s,before,stochastic_net_load,medium,random_dropout,low_0p25_0p40,final_known,core_021_seed_14,275604541,explicit_locked_manifest,not_evaluated,not_evaluated_due_to_H2_PASSIVE_CAPABILITY_SET_NOT_SUPPORTED
core_021,A,4,adequate,ramp_only,medium,uniform_20_120_s,before,stochastic_net_load,medium,random_dropout,low_0p25_0p40,final_known,core_021_seed_15,295075147,explicit_locked_manifest,not_evaluated,not_evaluated_due_to_H2_PASSIVE_CAPABILITY_SET_NOT_SUPPORTED
core_021,A,4,adequate,ramp_only,medium,uniform_20_120_s,before,stochastic_net_load,medium,random_dropout,low_0p25_0p40,final_known,core_021_seed_16,314606891,explicit_locked_manifest,not_evaluated,not_evaluated_due_to_H2_PASSIVE_CAPABILITY_SET_NOT_SUPPORTED
core_021,A,4,adequate,ramp_only,medium,uniform_20_120_s,before,stochastic_net_load,medium,random_dropout,low_0p25_0p40,final_known,core_021_seed_17,334214467,explicit_locked_manifest,not_evaluated,not_evaluated_due_to_H2_PASSIVE_CAPABILITY_SET_NOT_SUPPORTED
core_021,A,4,adequate,ramp_only,medium,uniform_20_120_s,before,stochastic_net_load,medium,random_dropout,low_0p25_0p40,final_known,core_021_seed_18,353868013,explicit_locked_manifest,not_evaluated,not_evaluated_due_to_H2_PASSIVE_CAPABILITY_SET_NOT_SUPPORTED
core_021,A,4,adequate,ramp_only,medium,uniform_20_120_s,before,stochastic_net_load,medium,random_dropout,low_0p25_0p40,final_known,core_021_seed_19,373587883,explicit_locked_manifest,not_evaluated,not_evaluated_due_to_H2_PASSIVE_CAPABILITY_SET_NOT_SUPPORTED
core_022,A,4,scarce,ramp_only,medium,uniform_20_120_s,no_incident,step,high,jitter,mid_0p45_0p60,final_known,core_022_seed_00,15485863,explicit_locked_manifest,not_evaluated,not_evaluated_due_to_H2_PASSIVE_CAPABILITY_SET_NOT_SUPPORTED
core_022,A,4,scarce,ramp_only,medium,uniform_20_120_s,no_incident,step,high,jitter,mid_0p45_0p60,final_known,core_022_seed_01,32452843,explicit_locked_manifest,not_evaluated,not_evaluated_due_to_H2_PASSIVE_CAPABILITY_SET_NOT_SUPPORTED
core_022,A,4,scarce,ramp_only,medium,uniform_20_120_s,no_incident,step,high,jitter,mid_0p45_0p60,final_known,core_022_seed_02,49979687,explicit_locked_manifest,not_evaluated,not_evaluated_due_to_H2_PASSIVE_CAPABILITY_SET_NOT_SUPPORTED
core_022,A,4,scarce,ramp_only,medium,uniform_20_120_s,no_incident,step,high,jitter,mid_0p45_0p60,final_known,core_022_seed_03,67867967,explicit_locked_manifest,not_evaluated,not_evaluated_due_to_H2_PASSIVE_CAPABILITY_SET_NOT_SUPPORTED
core_022,A,4,scarce,ramp_only,medium,uniform_20_120_s,no_incident,step,high,jitter,mid_0p45_0p60,final_known,core_022_seed_04,86028121,explicit_locked_manifest,not_evaluated,not_evaluated_due_to_H2_PASSIVE_CAPABILITY_SET_NOT_SUPPORTED
core_022,A,4,scarce,ramp_only,medium,uniform_20_120_s,no_incident,step,high,jitter,mid_0p45_0p60,final_known,core_022_seed_05,104395303,explicit_locked_manifest,not_evaluated,not_evaluated_due_to_H2_PASSIVE_CAPABILITY_SET_NOT_SUPPORTED
core_022,A,4,scarce,ramp_only,medium,uniform_20_120_s,no_incident,step,high,jitter,mid_0p45_0p60,final_known,core_022_seed_06,122949823,explicit_locked_manifest,not_evaluated,not_evaluated_due_to_H2_PASSIVE_CAPABILITY_SET_NOT_SUPPORTED
core_022,A,4,scarce,ramp_only,medium,uniform_20_120_s,no_incident,step,high,jitter,mid_0p45_0p60,final_known,core_022_seed_07,141650939,explicit_locked_manifest,not_evaluated,not_evaluated_due_to_H2_PASSIVE_CAPABILITY_SET_NOT_SUPPORTED
core_022,A,4,scarce,ramp_only,medium,uniform_20_120_s,no_incident,step,high,jitter,mid_0p45_0p60,final_known,core_022_seed_08,160481183,explicit_locked_manifest,not_evaluated,not_evaluated_due_to_H2_PASSIVE_CAPABILITY_SET_NOT_SUPPORTED
core_022,A,4,scarce,ramp_only,medium,uniform_20_120_s,no_incident,step,high,jitter,mid_0p45_0p60,final_known,core_022_seed_09,179424673,explicit_locked_manifest,not_evaluated,not_evaluated_due_to_H2_PASSIVE_CAPABILITY_SET_NOT_SUPPORTED
core_022,A,4,scarce,ramp_only,medium,uniform_20_120_s,no_incident,step,high,jitter,mid_0p45_0p60,final_known,core_022_seed_10,198491317,explicit_locked_manifest,not_evaluated,not_evaluated_due_to_H2_PASSIVE_CAPABILITY_SET_NOT_SUPPORTED
core_022,A,4,scarce,ramp_only,medium,uniform_20_120_s,no_incident,step,high,jitter,mid_0p45_0p60,final_known,core_022_seed_11,217645199,explicit_locked_manifest,not_evaluated,not_evaluated_due_to_H2_PASSIVE_CAPABILITY_SET_NOT_SUPPORTED
core_022,A,4,scarce,ramp_only,medium,uniform_20_120_s,no_incident,step,high,jitter,mid_0p45_0p60,final_known,core_022_seed_12,236887699,explicit_locked_manifest,not_evaluated,not_evaluated_due_to_H2_PASSIVE_CAPABILITY_SET_NOT_SUPPORTED
core_022,A,4,scarce,ramp_only,medium,uniform_20_120_s,no_incident,step,high,jitter,mid_0p45_0p60,final_known,core_022_seed_13,256203221,explicit_locked_manifest,not_evaluated,not_evaluated_due_to_H2_PASSIVE_CAPABILITY_SET_NOT_SUPPORTED
core_022,A,4,scarce,ramp_only,medium,uniform_20_120_s,no_incident,step,high,jitter,mid_0p45_0p60,final_known,core_022_seed_14,275604541,explicit_locked_manifest,not_evaluated,not_evaluated_due_to_H2_PASSIVE_CAPABILITY_SET_NOT_SUPPORTED
core_022,A,4,scarce,ramp_only,medium,uniform_20_120_s,no_incident,step,high,jitter,mid_0p45_0p60,final_known,core_022_seed_15,295075147,explicit_locked_manifest,not_evaluated,not_evaluated_due_to_H2_PASSIVE_CAPABILITY_SET_NOT_SUPPORTED
core_022,A,4,scarce,ramp_only,medium,uniform_20_120_s,no_incident,step,high,jitter,mid_0p45_0p60,final_known,core_022_seed_16,314606891,explicit_locked_manifest,not_evaluated,not_evaluated_due_to_H2_PASSIVE_CAPABILITY_SET_NOT_SUPPORTED
core_022,A,4,scarce,ramp_only,medium,uniform_20_120_s,no_incident,step,high,jitter,mid_0p45_0p60,final_known,core_022_seed_17,334214467,explicit_locked_manifest,not_evaluated,not_evaluated_due_to_H2_PASSIVE_CAPABILITY_SET_NOT_SUPPORTED
core_022,A,4,scarce,ramp_only,medium,uniform_20_120_s,no_incident,step,high,jitter,mid_0p45_0p60,final_known,core_022_seed_18,353868013,explicit_locked_manifest,not_evaluated,not_evaluated_due_to_H2_PASSIVE_CAPABILITY_SET_NOT_SUPPORTED
core_022,A,4,scarce,ramp_only,medium,uniform_20_120_s,no_incident,step,high,jitter,mid_0p45_0p60,final_known,core_022_seed_19,373587883,explicit_locked_manifest,not_evaluated,not_evaluated_due_to_H2_PASSIVE_CAPABILITY_SET_NOT_SUPPORTED
core_023,A,4,critical,ramp_only,medium,uniform_20_120_s,after,ramp,low,normal,high_0p65_0p80,final_known,core_023_seed_00,15485863,explicit_locked_manifest,not_evaluated,not_evaluated_due_to_H2_PASSIVE_CAPABILITY_SET_NOT_SUPPORTED
core_023,A,4,critical,ramp_only,medium,uniform_20_120_s,after,ramp,low,normal,high_0p65_0p80,final_known,core_023_seed_01,32452843,explicit_locked_manifest,not_evaluated,not_evaluated_due_to_H2_PASSIVE_CAPABILITY_SET_NOT_SUPPORTED
core_023,A,4,critical,ramp_only,medium,uniform_20_120_s,after,ramp,low,normal,high_0p65_0p80,final_known,core_023_seed_02,49979687,explicit_locked_manifest,not_evaluated,not_evaluated_due_to_H2_PASSIVE_CAPABILITY_SET_NOT_SUPPORTED
core_023,A,4,critical,ramp_only,medium,uniform_20_120_s,after,ramp,low,normal,high_0p65_0p80,final_known,core_023_seed_03,67867967,explicit_locked_manifest,not_evaluated,not_evaluated_due_to_H2_PASSIVE_CAPABILITY_SET_NOT_SUPPORTED
core_023,A,4,critical,ramp_only,medium,uniform_20_120_s,after,ramp,low,normal,high_0p65_0p80,final_known,core_023_seed_04,86028121,explicit_locked_manifest,not_evaluated,not_evaluated_due_to_H2_PASSIVE_CAPABILITY_SET_NOT_SUPPORTED
core_023,A,4,critical,ramp_only,medium,uniform_20_120_s,after,ramp,low,normal,high_0p65_0p80,final_known,core_023_seed_05,104395303,explicit_locked_manifest,not_evaluated,not_evaluated_due_to_H2_PASSIVE_CAPABILITY_SET_NOT_SUPPORTED
core_023,A,4,critical,ramp_only,medium,uniform_20_120_s,after,ramp,low,normal,high_0p65_0p80,final_known,core_023_seed_06,122949823,explicit_locked_manifest,not_evaluated,not_evaluated_due_to_H2_PASSIVE_CAPABILITY_SET_NOT_SUPPORTED
core_023,A,4,critical,ramp_only,medium,uniform_20_120_s,after,ramp,low,normal,high_0p65_0p80,final_known,core_023_seed_07,141650939,explicit_locked_manifest,not_evaluated,not_evaluated_due_to_H2_PASSIVE_CAPABILITY_SET_NOT_SUPPORTED
core_023,A,4,critical,ramp_only,medium,uniform_20_120_s,after,ramp,low,normal,high_0p65_0p80,final_known,core_023_seed_08,160481183,explicit_locked_manifest,not_evaluated,not_evaluated_due_to_H2_PASSIVE_CAPABILITY_SET_NOT_SUPPORTED
core_023,A,4,critical,ramp_only,medium,uniform_20_120_s,after,ramp,low,normal,high_0p65_0p80,final_known,core_023_seed_09,179424673,explicit_locked_manifest,not_evaluated,not_evaluated_due_to_H2_PASSIVE_CAPABILITY_SET_NOT_SUPPORTED
core_023,A,4,critical,ramp_only,medium,uniform_20_120_s,after,ramp,low,normal,high_0p65_0p80,final_known,core_023_seed_10,198491317,explicit_locked_manifest,not_evaluated,not_evaluated_due_to_H2_PASSIVE_CAPABILITY_SET_NOT_SUPPORTED
core_023,A,4,critical,ramp_only,medium,uniform_20_120_s,after,ramp,low,normal,high_0p65_0p80,final_known,core_023_seed_11,217645199,explicit_locked_manifest,not_evaluated,not_evaluated_due_to_H2_PASSIVE_CAPABILITY_SET_NOT_SUPPORTED
core_023,A,4,critical,ramp_only,medium,uniform_20_120_s,after,ramp,low,normal,high_0p65_0p80,final_known,core_023_seed_12,236887699,explicit_locked_manifest,not_evaluated,not_evaluated_due_to_H2_PASSIVE_CAPABILITY_SET_NOT_SUPPORTED
core_023,A,4,critical,ramp_only,medium,uniform_20_120_s,after,ramp,low,normal,high_0p65_0p80,final_known,core_023_seed_13,256203221,explicit_locked_manifest,not_evaluated,not_evaluated_due_to_H2_PASSIVE_CAPABILITY_SET_NOT_SUPPORTED
core_023,A,4,critical,ramp_only,medium,uniform_20_120_s,after,ramp,low,normal,high_0p65_0p80,final_known,core_023_seed_14,275604541,explicit_locked_manifest,not_evaluated,not_evaluated_due_to_H2_PASSIVE_CAPABILITY_SET_NOT_SUPPORTED
core_023,A,4,critical,ramp_only,medium,uniform_20_120_s,after,ramp,low,normal,high_0p65_0p80,final_known,core_023_seed_15,295075147,explicit_locked_manifest,not_evaluated,not_evaluated_due_to_H2_PASSIVE_CAPABILITY_SET_NOT_SUPPORTED
core_023,A,4,critical,ramp_only,medium,uniform_20_120_s,after,ramp,low,normal,high_0p65_0p80,final_known,core_023_seed_16,314606891,explicit_locked_manifest,not_evaluated,not_evaluated_due_to_H2_PASSIVE_CAPABILITY_SET_NOT_SUPPORTED
core_023,A,4,critical,ramp_only,medium,uniform_20_120_s,after,ramp,low,normal,high_0p65_0p80,final_known,core_023_seed_17,334214467,explicit_locked_manifest,not_evaluated,not_evaluated_due_to_H2_PASSIVE_CAPABILITY_SET_NOT_SUPPORTED
core_023,A,4,critical,ramp_only,medium,uniform_20_120_s,after,ramp,low,normal,high_0p65_0p80,final_known,core_023_seed_18,353868013,explicit_locked_manifest,not_evaluated,not_evaluated_due_to_H2_PASSIVE_CAPABILITY_SET_NOT_SUPPORTED
core_023,A,4,critical,ramp_only,medium,uniform_20_120_s,after,ramp,low,normal,high_0p65_0p80,final_known,core_023_seed_19,373587883,explicit_locked_manifest,not_evaluated,not_evaluated_due_to_H2_PASSIVE_CAPABILITY_SET_NOT_SUPPORTED
core_024,A,2,adequate,ramp_only,severe,uniform_20_120_s,simultaneous,pulse,medium,random_dropout,low_0p25_0p40,final_known,core_024_seed_00,15485863,explicit_locked_manifest,not_evaluated,not_evaluated_due_to_H2_PASSIVE_CAPABILITY_SET_NOT_SUPPORTED
core_024,A,2,adequate,ramp_only,severe,uniform_20_120_s,simultaneous,pulse,medium,random_dropout,low_0p25_0p40,final_known,core_024_seed_01,32452843,explicit_locked_manifest,not_evaluated,not_evaluated_due_to_H2_PASSIVE_CAPABILITY_SET_NOT_SUPPORTED
core_024,A,2,adequate,ramp_only,severe,uniform_20_120_s,simultaneous,pulse,medium,random_dropout,low_0p25_0p40,final_known,core_024_seed_02,49979687,explicit_locked_manifest,not_evaluated,not_evaluated_due_to_H2_PASSIVE_CAPABILITY_SET_NOT_SUPPORTED
core_024,A,2,adequate,ramp_only,severe,uniform_20_120_s,simultaneous,pulse,medium,random_dropout,low_0p25_0p40,final_known,core_024_seed_03,67867967,explicit_locked_manifest,not_evaluated,not_evaluated_due_to_H2_PASSIVE_CAPABILITY_SET_NOT_SUPPORTED
core_024,A,2,adequate,ramp_only,severe,uniform_20_120_s,simultaneous,pulse,medium,random_dropout,low_0p25_0p40,final_known,core_024_seed_04,86028121,explicit_locked_manifest,not_evaluated,not_evaluated_due_to_H2_PASSIVE_CAPABILITY_SET_NOT_SUPPORTED
core_024,A,2,adequate,ramp_only,severe,uniform_20_120_s,simultaneous,pulse,medium,random_dropout,low_0p25_0p40,final_known,core_024_seed_05,104395303,explicit_locked_manifest,not_evaluated,not_evaluated_due_to_H2_PASSIVE_CAPABILITY_SET_NOT_SUPPORTED
core_024,A,2,adequate,ramp_only,severe,uniform_20_120_s,simultaneous,pulse,medium,random_dropout,low_0p25_0p40,final_known,core_024_seed_06,122949823,explicit_locked_manifest,not_evaluated,not_evaluated_due_to_H2_PASSIVE_CAPABILITY_SET_NOT_SUPPORTED
core_024,A,2,adequate,ramp_only,severe,uniform_20_120_s,simultaneous,pulse,medium,random_dropout,low_0p25_0p40,final_known,core_024_seed_07,141650939,explicit_locked_manifest,not_evaluated,not_evaluated_due_to_H2_PASSIVE_CAPABILITY_SET_NOT_SUPPORTED
core_024,A,2,adequate,ramp_only,severe,uniform_20_120_s,simultaneous,pulse,medium,random_dropout,low_0p25_0p40,final_known,core_024_seed_08,160481183,explicit_locked_manifest,not_evaluated,not_evaluated_due_to_H2_PASSIVE_CAPABILITY_SET_NOT_SUPPORTED
core_024,A,2,adequate,ramp_only,severe,uniform_20_120_s,simultaneous,pulse,medium,random_dropout,low_0p25_0p40,final_known,core_024_seed_09,179424673,explicit_locked_manifest,not_evaluated,not_evaluated_due_to_H2_PASSIVE_CAPABILITY_SET_NOT_SUPPORTED
core_024,A,2,adequate,ramp_only,severe,uniform_20_120_s,simultaneous,pulse,medium,random_dropout,low_0p25_0p40,final_known,core_024_seed_10,198491317,explicit_locked_manifest,not_evaluated,not_evaluated_due_to_H2_PASSIVE_CAPABILITY_SET_NOT_SUPPORTED
core_024,A,2,adequate,ramp_only,severe,uniform_20_120_s,simultaneous,pulse,medium,random_dropout,low_0p25_0p40,final_known,core_024_seed_11,217645199,explicit_locked_manifest,not_evaluated,not_evaluated_due_to_H2_PASSIVE_CAPABILITY_SET_NOT_SUPPORTED
core_024,A,2,adequate,ramp_only,severe,uniform_20_120_s,simultaneous,pulse,medium,random_dropout,low_0p25_0p40,final_known,core_024_seed_12,236887699,explicit_locked_manifest,not_evaluated,not_evaluated_due_to_H2_PASSIVE_CAPABILITY_SET_NOT_SUPPORTED
core_024,A,2,adequate,ramp_only,severe,uniform_20_120_s,simultaneous,pulse,medium,random_dropout,low_0p25_0p40,final_known,core_024_seed_13,256203221,explicit_locked_manifest,not_evaluated,not_evaluated_due_to_H2_PASSIVE_CAPABILITY_SET_NOT_SUPPORTED
core_024,A,2,adequate,ramp_only,severe,uniform_20_120_s,simultaneous,pulse,medium,random_dropout,low_0p25_0p40,final_known,core_024_seed_14,275604541,explicit_locked_manifest,not_evaluated,not_evaluated_due_to_H2_PASSIVE_CAPABILITY_SET_NOT_SUPPORTED
core_024,A,2,adequate,ramp_only,severe,uniform_20_120_s,simultaneous,pulse,medium,random_dropout,low_0p25_0p40,final_known,core_024_seed_15,295075147,explicit_locked_manifest,not_evaluated,not_evaluated_due_to_H2_PASSIVE_CAPABILITY_SET_NOT_SUPPORTED
core_024,A,2,adequate,ramp_only,severe,uniform_20_120_s,simultaneous,pulse,medium,random_dropout,low_0p25_0p40,final_known,core_024_seed_16,314606891,explicit_locked_manifest,not_evaluated,not_evaluated_due_to_H2_PASSIVE_CAPABILITY_SET_NOT_SUPPORTED
core_024,A,2,adequate,ramp_only,severe,uniform_20_120_s,simultaneous,pulse,medium,random_dropout,low_0p25_0p40,final_known,core_024_seed_17,334214467,explicit_locked_manifest,not_evaluated,not_evaluated_due_to_H2_PASSIVE_CAPABILITY_SET_NOT_SUPPORTED
core_024,A,2,adequate,ramp_only,severe,uniform_20_120_s,simultaneous,pulse,medium,random_dropout,low_0p25_0p40,final_known,core_024_seed_18,353868013,explicit_locked_manifest,not_evaluated,not_evaluated_due_to_H2_PASSIVE_CAPABILITY_SET_NOT_SUPPORTED
core_024,A,2,adequate,ramp_only,severe,uniform_20_120_s,simultaneous,pulse,medium,random_dropout,low_0p25_0p40,final_known,core_024_seed_19,373587883,explicit_locked_manifest,not_evaluated,not_evaluated_due_to_H2_PASSIVE_CAPABILITY_SET_NOT_SUPPORTED
core_025,A,2,scarce,ramp_only,severe,uniform_20_120_s,before,stochastic_net_load,high,jitter,mid_0p45_0p60,final_known,core_025_seed_00,15485863,explicit_locked_manifest,not_evaluated,not_evaluated_due_to_H2_PASSIVE_CAPABILITY_SET_NOT_SUPPORTED
core_025,A,2,scarce,ramp_only,severe,uniform_20_120_s,before,stochastic_net_load,high,jitter,mid_0p45_0p60,final_known,core_025_seed_01,32452843,explicit_locked_manifest,not_evaluated,not_evaluated_due_to_H2_PASSIVE_CAPABILITY_SET_NOT_SUPPORTED
core_025,A,2,scarce,ramp_only,severe,uniform_20_120_s,before,stochastic_net_load,high,jitter,mid_0p45_0p60,final_known,core_025_seed_02,49979687,explicit_locked_manifest,not_evaluated,not_evaluated_due_to_H2_PASSIVE_CAPABILITY_SET_NOT_SUPPORTED
core_025,A,2,scarce,ramp_only,severe,uniform_20_120_s,before,stochastic_net_load,high,jitter,mid_0p45_0p60,final_known,core_025_seed_03,67867967,explicit_locked_manifest,not_evaluated,not_evaluated_due_to_H2_PASSIVE_CAPABILITY_SET_NOT_SUPPORTED
core_025,A,2,scarce,ramp_only,severe,uniform_20_120_s,before,stochastic_net_load,high,jitter,mid_0p45_0p60,final_known,core_025_seed_04,86028121,explicit_locked_manifest,not_evaluated,not_evaluated_due_to_H2_PASSIVE_CAPABILITY_SET_NOT_SUPPORTED
core_025,A,2,scarce,ramp_only,severe,uniform_20_120_s,before,stochastic_net_load,high,jitter,mid_0p45_0p60,final_known,core_025_seed_05,104395303,explicit_locked_manifest,not_evaluated,not_evaluated_due_to_H2_PASSIVE_CAPABILITY_SET_NOT_SUPPORTED
core_025,A,2,scarce,ramp_only,severe,uniform_20_120_s,before,stochastic_net_load,high,jitter,mid_0p45_0p60,final_known,core_025_seed_06,122949823,explicit_locked_manifest,not_evaluated,not_evaluated_due_to_H2_PASSIVE_CAPABILITY_SET_NOT_SUPPORTED
core_025,A,2,scarce,ramp_only,severe,uniform_20_120_s,before,stochastic_net_load,high,jitter,mid_0p45_0p60,final_known,core_025_seed_07,141650939,explicit_locked_manifest,not_evaluated,not_evaluated_due_to_H2_PASSIVE_CAPABILITY_SET_NOT_SUPPORTED
core_025,A,2,scarce,ramp_only,severe,uniform_20_120_s,before,stochastic_net_load,high,jitter,mid_0p45_0p60,final_known,core_025_seed_08,160481183,explicit_locked_manifest,not_evaluated,not_evaluated_due_to_H2_PASSIVE_CAPABILITY_SET_NOT_SUPPORTED
core_025,A,2,scarce,ramp_only,severe,uniform_20_120_s,before,stochastic_net_load,high,jitter,mid_0p45_0p60,final_known,core_025_seed_09,179424673,explicit_locked_manifest,not_evaluated,not_evaluated_due_to_H2_PASSIVE_CAPABILITY_SET_NOT_SUPPORTED
core_025,A,2,scarce,ramp_only,severe,uniform_20_120_s,before,stochastic_net_load,high,jitter,mid_0p45_0p60,final_known,core_025_seed_10,198491317,explicit_locked_manifest,not_evaluated,not_evaluated_due_to_H2_PASSIVE_CAPABILITY_SET_NOT_SUPPORTED
core_025,A,2,scarce,ramp_only,severe,uniform_20_120_s,before,stochastic_net_load,high,jitter,mid_0p45_0p60,final_known,core_025_seed_11,217645199,explicit_locked_manifest,not_evaluated,not_evaluated_due_to_H2_PASSIVE_CAPABILITY_SET_NOT_SUPPORTED
core_025,A,2,scarce,ramp_only,severe,uniform_20_120_s,before,stochastic_net_load,high,jitter,mid_0p45_0p60,final_known,core_025_seed_12,236887699,explicit_locked_manifest,not_evaluated,not_evaluated_due_to_H2_PASSIVE_CAPABILITY_SET_NOT_SUPPORTED
core_025,A,2,scarce,ramp_only,severe,uniform_20_120_s,before,stochastic_net_load,high,jitter,mid_0p45_0p60,final_known,core_025_seed_13,256203221,explicit_locked_manifest,not_evaluated,not_evaluated_due_to_H2_PASSIVE_CAPABILITY_SET_NOT_SUPPORTED
core_025,A,2,scarce,ramp_only,severe,uniform_20_120_s,before,stochastic_net_load,high,jitter,mid_0p45_0p60,final_known,core_025_seed_14,275604541,explicit_locked_manifest,not_evaluated,not_evaluated_due_to_H2_PASSIVE_CAPABILITY_SET_NOT_SUPPORTED
core_025,A,2,scarce,ramp_only,severe,uniform_20_120_s,before,stochastic_net_load,high,jitter,mid_0p45_0p60,final_known,core_025_seed_15,295075147,explicit_locked_manifest,not_evaluated,not_evaluated_due_to_H2_PASSIVE_CAPABILITY_SET_NOT_SUPPORTED
core_025,A,2,scarce,ramp_only,severe,uniform_20_120_s,before,stochastic_net_load,high,jitter,mid_0p45_0p60,final_known,core_025_seed_16,314606891,explicit_locked_manifest,not_evaluated,not_evaluated_due_to_H2_PASSIVE_CAPABILITY_SET_NOT_SUPPORTED
core_025,A,2,scarce,ramp_only,severe,uniform_20_120_s,before,stochastic_net_load,high,jitter,mid_0p45_0p60,final_known,core_025_seed_17,334214467,explicit_locked_manifest,not_evaluated,not_evaluated_due_to_H2_PASSIVE_CAPABILITY_SET_NOT_SUPPORTED
core_025,A,2,scarce,ramp_only,severe,uniform_20_120_s,before,stochastic_net_load,high,jitter,mid_0p45_0p60,final_known,core_025_seed_18,353868013,explicit_locked_manifest,not_evaluated,not_evaluated_due_to_H2_PASSIVE_CAPABILITY_SET_NOT_SUPPORTED
core_025,A,2,scarce,ramp_only,severe,uniform_20_120_s,before,stochastic_net_load,high,jitter,mid_0p45_0p60,final_known,core_025_seed_19,373587883,explicit_locked_manifest,not_evaluated,not_evaluated_due_to_H2_PASSIVE_CAPABILITY_SET_NOT_SUPPORTED
core_026,A,2,critical,ramp_only,severe,uniform_20_120_s,no_incident,step,low,normal,high_0p65_0p80,final_known,core_026_seed_00,15485863,explicit_locked_manifest,not_evaluated,not_evaluated_due_to_H2_PASSIVE_CAPABILITY_SET_NOT_SUPPORTED
core_026,A,2,critical,ramp_only,severe,uniform_20_120_s,no_incident,step,low,normal,high_0p65_0p80,final_known,core_026_seed_01,32452843,explicit_locked_manifest,not_evaluated,not_evaluated_due_to_H2_PASSIVE_CAPABILITY_SET_NOT_SUPPORTED
core_026,A,2,critical,ramp_only,severe,uniform_20_120_s,no_incident,step,low,normal,high_0p65_0p80,final_known,core_026_seed_02,49979687,explicit_locked_manifest,not_evaluated,not_evaluated_due_to_H2_PASSIVE_CAPABILITY_SET_NOT_SUPPORTED
core_026,A,2,critical,ramp_only,severe,uniform_20_120_s,no_incident,step,low,normal,high_0p65_0p80,final_known,core_026_seed_03,67867967,explicit_locked_manifest,not_evaluated,not_evaluated_due_to_H2_PASSIVE_CAPABILITY_SET_NOT_SUPPORTED
core_026,A,2,critical,ramp_only,severe,uniform_20_120_s,no_incident,step,low,normal,high_0p65_0p80,final_known,core_026_seed_04,86028121,explicit_locked_manifest,not_evaluated,not_evaluated_due_to_H2_PASSIVE_CAPABILITY_SET_NOT_SUPPORTED
core_026,A,2,critical,ramp_only,severe,uniform_20_120_s,no_incident,step,low,normal,high_0p65_0p80,final_known,core_026_seed_05,104395303,explicit_locked_manifest,not_evaluated,not_evaluated_due_to_H2_PASSIVE_CAPABILITY_SET_NOT_SUPPORTED
core_026,A,2,critical,ramp_only,severe,uniform_20_120_s,no_incident,step,low,normal,high_0p65_0p80,final_known,core_026_seed_06,122949823,explicit_locked_manifest,not_evaluated,not_evaluated_due_to_H2_PASSIVE_CAPABILITY_SET_NOT_SUPPORTED
core_026,A,2,critical,ramp_only,severe,uniform_20_120_s,no_incident,step,low,normal,high_0p65_0p80,final_known,core_026_seed_07,141650939,explicit_locked_manifest,not_evaluated,not_evaluated_due_to_H2_PASSIVE_CAPABILITY_SET_NOT_SUPPORTED
core_026,A,2,critical,ramp_only,severe,uniform_20_120_s,no_incident,step,low,normal,high_0p65_0p80,final_known,core_026_seed_08,160481183,explicit_locked_manifest,not_evaluated,not_evaluated_due_to_H2_PASSIVE_CAPABILITY_SET_NOT_SUPPORTED
core_026,A,2,critical,ramp_only,severe,uniform_20_120_s,no_incident,step,low,normal,high_0p65_0p80,final_known,core_026_seed_09,179424673,explicit_locked_manifest,not_evaluated,not_evaluated_due_to_H2_PASSIVE_CAPABILITY_SET_NOT_SUPPORTED
core_026,A,2,critical,ramp_only,severe,uniform_20_120_s,no_incident,step,low,normal,high_0p65_0p80,final_known,core_026_seed_10,198491317,explicit_locked_manifest,not_evaluated,not_evaluated_due_to_H2_PASSIVE_CAPABILITY_SET_NOT_SUPPORTED
core_026,A,2,critical,ramp_only,severe,uniform_20_120_s,no_incident,step,low,normal,high_0p65_0p80,final_known,core_026_seed_11,217645199,explicit_locked_manifest,not_evaluated,not_evaluated_due_to_H2_PASSIVE_CAPABILITY_SET_NOT_SUPPORTED
core_026,A,2,critical,ramp_only,severe,uniform_20_120_s,no_incident,step,low,normal,high_0p65_0p80,final_known,core_026_seed_12,236887699,explicit_locked_manifest,not_evaluated,not_evaluated_due_to_H2_PASSIVE_CAPABILITY_SET_NOT_SUPPORTED
core_026,A,2,critical,ramp_only,severe,uniform_20_120_s,no_incident,step,low,normal,high_0p65_0p80,final_known,core_026_seed_13,256203221,explicit_locked_manifest,not_evaluated,not_evaluated_due_to_H2_PASSIVE_CAPABILITY_SET_NOT_SUPPORTED
core_026,A,2,critical,ramp_only,severe,uniform_20_120_s,no_incident,step,low,normal,high_0p65_0p80,final_known,core_026_seed_14,275604541,explicit_locked_manifest,not_evaluated,not_evaluated_due_to_H2_PASSIVE_CAPABILITY_SET_NOT_SUPPORTED
core_026,A,2,critical,ramp_only,severe,uniform_20_120_s,no_incident,step,low,normal,high_0p65_0p80,final_known,core_026_seed_15,295075147,explicit_locked_manifest,not_evaluated,not_evaluated_due_to_H2_PASSIVE_CAPABILITY_SET_NOT_SUPPORTED
core_026,A,2,critical,ramp_only,severe,uniform_20_120_s,no_incident,step,low,normal,high_0p65_0p80,final_known,core_026_seed_16,314606891,explicit_locked_manifest,not_evaluated,not_evaluated_due_to_H2_PASSIVE_CAPABILITY_SET_NOT_SUPPORTED
core_026,A,2,critical,ramp_only,severe,uniform_20_120_s,no_incident,step,low,normal,high_0p65_0p80,final_known,core_026_seed_17,334214467,explicit_locked_manifest,not_evaluated,not_evaluated_due_to_H2_PASSIVE_CAPABILITY_SET_NOT_SUPPORTED
core_026,A,2,critical,ramp_only,severe,uniform_20_120_s,no_incident,step,low,normal,high_0p65_0p80,final_known,core_026_seed_18,353868013,explicit_locked_manifest,not_evaluated,not_evaluated_due_to_H2_PASSIVE_CAPABILITY_SET_NOT_SUPPORTED
core_026,A,2,critical,ramp_only,severe,uniform_20_120_s,no_incident,step,low,normal,high_0p65_0p80,final_known,core_026_seed_19,373587883,explicit_locked_manifest,not_evaluated,not_evaluated_due_to_H2_PASSIVE_CAPABILITY_SET_NOT_SUPPORTED
core_027,A,4,adequate,delay_only,mild,uniform_20_120_s,after,ramp,medium,random_dropout,low_0p25_0p40,final_known,core_027_seed_00,15485863,explicit_locked_manifest,not_evaluated,not_evaluated_due_to_H2_PASSIVE_CAPABILITY_SET_NOT_SUPPORTED
core_027,A,4,adequate,delay_only,mild,uniform_20_120_s,after,ramp,medium,random_dropout,low_0p25_0p40,final_known,core_027_seed_01,32452843,explicit_locked_manifest,not_evaluated,not_evaluated_due_to_H2_PASSIVE_CAPABILITY_SET_NOT_SUPPORTED
core_027,A,4,adequate,delay_only,mild,uniform_20_120_s,after,ramp,medium,random_dropout,low_0p25_0p40,final_known,core_027_seed_02,49979687,explicit_locked_manifest,not_evaluated,not_evaluated_due_to_H2_PASSIVE_CAPABILITY_SET_NOT_SUPPORTED
core_027,A,4,adequate,delay_only,mild,uniform_20_120_s,after,ramp,medium,random_dropout,low_0p25_0p40,final_known,core_027_seed_03,67867967,explicit_locked_manifest,not_evaluated,not_evaluated_due_to_H2_PASSIVE_CAPABILITY_SET_NOT_SUPPORTED
core_027,A,4,adequate,delay_only,mild,uniform_20_120_s,after,ramp,medium,random_dropout,low_0p25_0p40,final_known,core_027_seed_04,86028121,explicit_locked_manifest,not_evaluated,not_evaluated_due_to_H2_PASSIVE_CAPABILITY_SET_NOT_SUPPORTED
core_027,A,4,adequate,delay_only,mild,uniform_20_120_s,after,ramp,medium,random_dropout,low_0p25_0p40,final_known,core_027_seed_05,104395303,explicit_locked_manifest,not_evaluated,not_evaluated_due_to_H2_PASSIVE_CAPABILITY_SET_NOT_SUPPORTED
core_027,A,4,adequate,delay_only,mild,uniform_20_120_s,after,ramp,medium,random_dropout,low_0p25_0p40,final_known,core_027_seed_06,122949823,explicit_locked_manifest,not_evaluated,not_evaluated_due_to_H2_PASSIVE_CAPABILITY_SET_NOT_SUPPORTED
core_027,A,4,adequate,delay_only,mild,uniform_20_120_s,after,ramp,medium,random_dropout,low_0p25_0p40,final_known,core_027_seed_07,141650939,explicit_locked_manifest,not_evaluated,not_evaluated_due_to_H2_PASSIVE_CAPABILITY_SET_NOT_SUPPORTED
core_027,A,4,adequate,delay_only,mild,uniform_20_120_s,after,ramp,medium,random_dropout,low_0p25_0p40,final_known,core_027_seed_08,160481183,explicit_locked_manifest,not_evaluated,not_evaluated_due_to_H2_PASSIVE_CAPABILITY_SET_NOT_SUPPORTED
core_027,A,4,adequate,delay_only,mild,uniform_20_120_s,after,ramp,medium,random_dropout,low_0p25_0p40,final_known,core_027_seed_09,179424673,explicit_locked_manifest,not_evaluated,not_evaluated_due_to_H2_PASSIVE_CAPABILITY_SET_NOT_SUPPORTED
core_027,A,4,adequate,delay_only,mild,uniform_20_120_s,after,ramp,medium,random_dropout,low_0p25_0p40,final_known,core_027_seed_10,198491317,explicit_locked_manifest,not_evaluated,not_evaluated_due_to_H2_PASSIVE_CAPABILITY_SET_NOT_SUPPORTED
core_027,A,4,adequate,delay_only,mild,uniform_20_120_s,after,ramp,medium,random_dropout,low_0p25_0p40,final_known,core_027_seed_11,217645199,explicit_locked_manifest,not_evaluated,not_evaluated_due_to_H2_PASSIVE_CAPABILITY_SET_NOT_SUPPORTED
core_027,A,4,adequate,delay_only,mild,uniform_20_120_s,after,ramp,medium,random_dropout,low_0p25_0p40,final_known,core_027_seed_12,236887699,explicit_locked_manifest,not_evaluated,not_evaluated_due_to_H2_PASSIVE_CAPABILITY_SET_NOT_SUPPORTED
core_027,A,4,adequate,delay_only,mild,uniform_20_120_s,after,ramp,medium,random_dropout,low_0p25_0p40,final_known,core_027_seed_13,256203221,explicit_locked_manifest,not_evaluated,not_evaluated_due_to_H2_PASSIVE_CAPABILITY_SET_NOT_SUPPORTED
core_027,A,4,adequate,delay_only,mild,uniform_20_120_s,after,ramp,medium,random_dropout,low_0p25_0p40,final_known,core_027_seed_14,275604541,explicit_locked_manifest,not_evaluated,not_evaluated_due_to_H2_PASSIVE_CAPABILITY_SET_NOT_SUPPORTED
core_027,A,4,adequate,delay_only,mild,uniform_20_120_s,after,ramp,medium,random_dropout,low_0p25_0p40,final_known,core_027_seed_15,295075147,explicit_locked_manifest,not_evaluated,not_evaluated_due_to_H2_PASSIVE_CAPABILITY_SET_NOT_SUPPORTED
core_027,A,4,adequate,delay_only,mild,uniform_20_120_s,after,ramp,medium,random_dropout,low_0p25_0p40,final_known,core_027_seed_16,314606891,explicit_locked_manifest,not_evaluated,not_evaluated_due_to_H2_PASSIVE_CAPABILITY_SET_NOT_SUPPORTED
core_027,A,4,adequate,delay_only,mild,uniform_20_120_s,after,ramp,medium,random_dropout,low_0p25_0p40,final_known,core_027_seed_17,334214467,explicit_locked_manifest,not_evaluated,not_evaluated_due_to_H2_PASSIVE_CAPABILITY_SET_NOT_SUPPORTED
core_027,A,4,adequate,delay_only,mild,uniform_20_120_s,after,ramp,medium,random_dropout,low_0p25_0p40,final_known,core_027_seed_18,353868013,explicit_locked_manifest,not_evaluated,not_evaluated_due_to_H2_PASSIVE_CAPABILITY_SET_NOT_SUPPORTED
core_027,A,4,adequate,delay_only,mild,uniform_20_120_s,after,ramp,medium,random_dropout,low_0p25_0p40,final_known,core_027_seed_19,373587883,explicit_locked_manifest,not_evaluated,not_evaluated_due_to_H2_PASSIVE_CAPABILITY_SET_NOT_SUPPORTED
core_028,A,4,scarce,delay_only,mild,uniform_20_120_s,simultaneous,pulse,high,jitter,mid_0p45_0p60,final_known,core_028_seed_00,15485863,explicit_locked_manifest,not_evaluated,not_evaluated_due_to_H2_PASSIVE_CAPABILITY_SET_NOT_SUPPORTED
core_028,A,4,scarce,delay_only,mild,uniform_20_120_s,simultaneous,pulse,high,jitter,mid_0p45_0p60,final_known,core_028_seed_01,32452843,explicit_locked_manifest,not_evaluated,not_evaluated_due_to_H2_PASSIVE_CAPABILITY_SET_NOT_SUPPORTED
core_028,A,4,scarce,delay_only,mild,uniform_20_120_s,simultaneous,pulse,high,jitter,mid_0p45_0p60,final_known,core_028_seed_02,49979687,explicit_locked_manifest,not_evaluated,not_evaluated_due_to_H2_PASSIVE_CAPABILITY_SET_NOT_SUPPORTED
core_028,A,4,scarce,delay_only,mild,uniform_20_120_s,simultaneous,pulse,high,jitter,mid_0p45_0p60,final_known,core_028_seed_03,67867967,explicit_locked_manifest,not_evaluated,not_evaluated_due_to_H2_PASSIVE_CAPABILITY_SET_NOT_SUPPORTED
core_028,A,4,scarce,delay_only,mild,uniform_20_120_s,simultaneous,pulse,high,jitter,mid_0p45_0p60,final_known,core_028_seed_04,86028121,explicit_locked_manifest,not_evaluated,not_evaluated_due_to_H2_PASSIVE_CAPABILITY_SET_NOT_SUPPORTED
core_028,A,4,scarce,delay_only,mild,uniform_20_120_s,simultaneous,pulse,high,jitter,mid_0p45_0p60,final_known,core_028_seed_05,104395303,explicit_locked_manifest,not_evaluated,not_evaluated_due_to_H2_PASSIVE_CAPABILITY_SET_NOT_SUPPORTED
core_028,A,4,scarce,delay_only,mild,uniform_20_120_s,simultaneous,pulse,high,jitter,mid_0p45_0p60,final_known,core_028_seed_06,122949823,explicit_locked_manifest,not_evaluated,not_evaluated_due_to_H2_PASSIVE_CAPABILITY_SET_NOT_SUPPORTED
core_028,A,4,scarce,delay_only,mild,uniform_20_120_s,simultaneous,pulse,high,jitter,mid_0p45_0p60,final_known,core_028_seed_07,141650939,explicit_locked_manifest,not_evaluated,not_evaluated_due_to_H2_PASSIVE_CAPABILITY_SET_NOT_SUPPORTED
core_028,A,4,scarce,delay_only,mild,uniform_20_120_s,simultaneous,pulse,high,jitter,mid_0p45_0p60,final_known,core_028_seed_08,160481183,explicit_locked_manifest,not_evaluated,not_evaluated_due_to_H2_PASSIVE_CAPABILITY_SET_NOT_SUPPORTED
core_028,A,4,scarce,delay_only,mild,uniform_20_120_s,simultaneous,pulse,high,jitter,mid_0p45_0p60,final_known,core_028_seed_09,179424673,explicit_locked_manifest,not_evaluated,not_evaluated_due_to_H2_PASSIVE_CAPABILITY_SET_NOT_SUPPORTED
core_028,A,4,scarce,delay_only,mild,uniform_20_120_s,simultaneous,pulse,high,jitter,mid_0p45_0p60,final_known,core_028_seed_10,198491317,explicit_locked_manifest,not_evaluated,not_evaluated_due_to_H2_PASSIVE_CAPABILITY_SET_NOT_SUPPORTED
core_028,A,4,scarce,delay_only,mild,uniform_20_120_s,simultaneous,pulse,high,jitter,mid_0p45_0p60,final_known,core_028_seed_11,217645199,explicit_locked_manifest,not_evaluated,not_evaluated_due_to_H2_PASSIVE_CAPABILITY_SET_NOT_SUPPORTED
core_028,A,4,scarce,delay_only,mild,uniform_20_120_s,simultaneous,pulse,high,jitter,mid_0p45_0p60,final_known,core_028_seed_12,236887699,explicit_locked_manifest,not_evaluated,not_evaluated_due_to_H2_PASSIVE_CAPABILITY_SET_NOT_SUPPORTED
core_028,A,4,scarce,delay_only,mild,uniform_20_120_s,simultaneous,pulse,high,jitter,mid_0p45_0p60,final_known,core_028_seed_13,256203221,explicit_locked_manifest,not_evaluated,not_evaluated_due_to_H2_PASSIVE_CAPABILITY_SET_NOT_SUPPORTED
core_028,A,4,scarce,delay_only,mild,uniform_20_120_s,simultaneous,pulse,high,jitter,mid_0p45_0p60,final_known,core_028_seed_14,275604541,explicit_locked_manifest,not_evaluated,not_evaluated_due_to_H2_PASSIVE_CAPABILITY_SET_NOT_SUPPORTED
core_028,A,4,scarce,delay_only,mild,uniform_20_120_s,simultaneous,pulse,high,jitter,mid_0p45_0p60,final_known,core_028_seed_15,295075147,explicit_locked_manifest,not_evaluated,not_evaluated_due_to_H2_PASSIVE_CAPABILITY_SET_NOT_SUPPORTED
core_028,A,4,scarce,delay_only,mild,uniform_20_120_s,simultaneous,pulse,high,jitter,mid_0p45_0p60,final_known,core_028_seed_16,314606891,explicit_locked_manifest,not_evaluated,not_evaluated_due_to_H2_PASSIVE_CAPABILITY_SET_NOT_SUPPORTED
core_028,A,4,scarce,delay_only,mild,uniform_20_120_s,simultaneous,pulse,high,jitter,mid_0p45_0p60,final_known,core_028_seed_17,334214467,explicit_locked_manifest,not_evaluated,not_evaluated_due_to_H2_PASSIVE_CAPABILITY_SET_NOT_SUPPORTED
core_028,A,4,scarce,delay_only,mild,uniform_20_120_s,simultaneous,pulse,high,jitter,mid_0p45_0p60,final_known,core_028_seed_18,353868013,explicit_locked_manifest,not_evaluated,not_evaluated_due_to_H2_PASSIVE_CAPABILITY_SET_NOT_SUPPORTED
core_028,A,4,scarce,delay_only,mild,uniform_20_120_s,simultaneous,pulse,high,jitter,mid_0p45_0p60,final_known,core_028_seed_19,373587883,explicit_locked_manifest,not_evaluated,not_evaluated_due_to_H2_PASSIVE_CAPABILITY_SET_NOT_SUPPORTED
core_029,A,4,critical,delay_only,mild,uniform_20_120_s,before,stochastic_net_load,low,normal,high_0p65_0p80,final_known,core_029_seed_00,15485863,explicit_locked_manifest,not_evaluated,not_evaluated_due_to_H2_PASSIVE_CAPABILITY_SET_NOT_SUPPORTED
core_029,A,4,critical,delay_only,mild,uniform_20_120_s,before,stochastic_net_load,low,normal,high_0p65_0p80,final_known,core_029_seed_01,32452843,explicit_locked_manifest,not_evaluated,not_evaluated_due_to_H2_PASSIVE_CAPABILITY_SET_NOT_SUPPORTED
core_029,A,4,critical,delay_only,mild,uniform_20_120_s,before,stochastic_net_load,low,normal,high_0p65_0p80,final_known,core_029_seed_02,49979687,explicit_locked_manifest,not_evaluated,not_evaluated_due_to_H2_PASSIVE_CAPABILITY_SET_NOT_SUPPORTED
core_029,A,4,critical,delay_only,mild,uniform_20_120_s,before,stochastic_net_load,low,normal,high_0p65_0p80,final_known,core_029_seed_03,67867967,explicit_locked_manifest,not_evaluated,not_evaluated_due_to_H2_PASSIVE_CAPABILITY_SET_NOT_SUPPORTED
core_029,A,4,critical,delay_only,mild,uniform_20_120_s,before,stochastic_net_load,low,normal,high_0p65_0p80,final_known,core_029_seed_04,86028121,explicit_locked_manifest,not_evaluated,not_evaluated_due_to_H2_PASSIVE_CAPABILITY_SET_NOT_SUPPORTED
core_029,A,4,critical,delay_only,mild,uniform_20_120_s,before,stochastic_net_load,low,normal,high_0p65_0p80,final_known,core_029_seed_05,104395303,explicit_locked_manifest,not_evaluated,not_evaluated_due_to_H2_PASSIVE_CAPABILITY_SET_NOT_SUPPORTED
core_029,A,4,critical,delay_only,mild,uniform_20_120_s,before,stochastic_net_load,low,normal,high_0p65_0p80,final_known,core_029_seed_06,122949823,explicit_locked_manifest,not_evaluated,not_evaluated_due_to_H2_PASSIVE_CAPABILITY_SET_NOT_SUPPORTED
core_029,A,4,critical,delay_only,mild,uniform_20_120_s,before,stochastic_net_load,low,normal,high_0p65_0p80,final_known,core_029_seed_07,141650939,explicit_locked_manifest,not_evaluated,not_evaluated_due_to_H2_PASSIVE_CAPABILITY_SET_NOT_SUPPORTED
core_029,A,4,critical,delay_only,mild,uniform_20_120_s,before,stochastic_net_load,low,normal,high_0p65_0p80,final_known,core_029_seed_08,160481183,explicit_locked_manifest,not_evaluated,not_evaluated_due_to_H2_PASSIVE_CAPABILITY_SET_NOT_SUPPORTED
core_029,A,4,critical,delay_only,mild,uniform_20_120_s,before,stochastic_net_load,low,normal,high_0p65_0p80,final_known,core_029_seed_09,179424673,explicit_locked_manifest,not_evaluated,not_evaluated_due_to_H2_PASSIVE_CAPABILITY_SET_NOT_SUPPORTED
core_029,A,4,critical,delay_only,mild,uniform_20_120_s,before,stochastic_net_load,low,normal,high_0p65_0p80,final_known,core_029_seed_10,198491317,explicit_locked_manifest,not_evaluated,not_evaluated_due_to_H2_PASSIVE_CAPABILITY_SET_NOT_SUPPORTED
core_029,A,4,critical,delay_only,mild,uniform_20_120_s,before,stochastic_net_load,low,normal,high_0p65_0p80,final_known,core_029_seed_11,217645199,explicit_locked_manifest,not_evaluated,not_evaluated_due_to_H2_PASSIVE_CAPABILITY_SET_NOT_SUPPORTED
core_029,A,4,critical,delay_only,mild,uniform_20_120_s,before,stochastic_net_load,low,normal,high_0p65_0p80,final_known,core_029_seed_12,236887699,explicit_locked_manifest,not_evaluated,not_evaluated_due_to_H2_PASSIVE_CAPABILITY_SET_NOT_SUPPORTED
core_029,A,4,critical,delay_only,mild,uniform_20_120_s,before,stochastic_net_load,low,normal,high_0p65_0p80,final_known,core_029_seed_13,256203221,explicit_locked_manifest,not_evaluated,not_evaluated_due_to_H2_PASSIVE_CAPABILITY_SET_NOT_SUPPORTED
core_029,A,4,critical,delay_only,mild,uniform_20_120_s,before,stochastic_net_load,low,normal,high_0p65_0p80,final_known,core_029_seed_14,275604541,explicit_locked_manifest,not_evaluated,not_evaluated_due_to_H2_PASSIVE_CAPABILITY_SET_NOT_SUPPORTED
core_029,A,4,critical,delay_only,mild,uniform_20_120_s,before,stochastic_net_load,low,normal,high_0p65_0p80,final_known,core_029_seed_15,295075147,explicit_locked_manifest,not_evaluated,not_evaluated_due_to_H2_PASSIVE_CAPABILITY_SET_NOT_SUPPORTED
core_029,A,4,critical,delay_only,mild,uniform_20_120_s,before,stochastic_net_load,low,normal,high_0p65_0p80,final_known,core_029_seed_16,314606891,explicit_locked_manifest,not_evaluated,not_evaluated_due_to_H2_PASSIVE_CAPABILITY_SET_NOT_SUPPORTED
core_029,A,4,critical,delay_only,mild,uniform_20_120_s,before,stochastic_net_load,low,normal,high_0p65_0p80,final_known,core_029_seed_17,334214467,explicit_locked_manifest,not_evaluated,not_evaluated_due_to_H2_PASSIVE_CAPABILITY_SET_NOT_SUPPORTED
core_029,A,4,critical,delay_only,mild,uniform_20_120_s,before,stochastic_net_load,low,normal,high_0p65_0p80,final_known,core_029_seed_18,353868013,explicit_locked_manifest,not_evaluated,not_evaluated_due_to_H2_PASSIVE_CAPABILITY_SET_NOT_SUPPORTED
core_029,A,4,critical,delay_only,mild,uniform_20_120_s,before,stochastic_net_load,low,normal,high_0p65_0p80,final_known,core_029_seed_19,373587883,explicit_locked_manifest,not_evaluated,not_evaluated_due_to_H2_PASSIVE_CAPABILITY_SET_NOT_SUPPORTED
core_030,A,2,adequate,delay_only,medium,uniform_20_120_s,no_incident,step,medium,random_dropout,low_0p25_0p40,final_known,core_030_seed_00,15485863,explicit_locked_manifest,not_evaluated,not_evaluated_due_to_H2_PASSIVE_CAPABILITY_SET_NOT_SUPPORTED
core_030,A,2,adequate,delay_only,medium,uniform_20_120_s,no_incident,step,medium,random_dropout,low_0p25_0p40,final_known,core_030_seed_01,32452843,explicit_locked_manifest,not_evaluated,not_evaluated_due_to_H2_PASSIVE_CAPABILITY_SET_NOT_SUPPORTED
core_030,A,2,adequate,delay_only,medium,uniform_20_120_s,no_incident,step,medium,random_dropout,low_0p25_0p40,final_known,core_030_seed_02,49979687,explicit_locked_manifest,not_evaluated,not_evaluated_due_to_H2_PASSIVE_CAPABILITY_SET_NOT_SUPPORTED
core_030,A,2,adequate,delay_only,medium,uniform_20_120_s,no_incident,step,medium,random_dropout,low_0p25_0p40,final_known,core_030_seed_03,67867967,explicit_locked_manifest,not_evaluated,not_evaluated_due_to_H2_PASSIVE_CAPABILITY_SET_NOT_SUPPORTED
core_030,A,2,adequate,delay_only,medium,uniform_20_120_s,no_incident,step,medium,random_dropout,low_0p25_0p40,final_known,core_030_seed_04,86028121,explicit_locked_manifest,not_evaluated,not_evaluated_due_to_H2_PASSIVE_CAPABILITY_SET_NOT_SUPPORTED
core_030,A,2,adequate,delay_only,medium,uniform_20_120_s,no_incident,step,medium,random_dropout,low_0p25_0p40,final_known,core_030_seed_05,104395303,explicit_locked_manifest,not_evaluated,not_evaluated_due_to_H2_PASSIVE_CAPABILITY_SET_NOT_SUPPORTED
core_030,A,2,adequate,delay_only,medium,uniform_20_120_s,no_incident,step,medium,random_dropout,low_0p25_0p40,final_known,core_030_seed_06,122949823,explicit_locked_manifest,not_evaluated,not_evaluated_due_to_H2_PASSIVE_CAPABILITY_SET_NOT_SUPPORTED
core_030,A,2,adequate,delay_only,medium,uniform_20_120_s,no_incident,step,medium,random_dropout,low_0p25_0p40,final_known,core_030_seed_07,141650939,explicit_locked_manifest,not_evaluated,not_evaluated_due_to_H2_PASSIVE_CAPABILITY_SET_NOT_SUPPORTED
core_030,A,2,adequate,delay_only,medium,uniform_20_120_s,no_incident,step,medium,random_dropout,low_0p25_0p40,final_known,core_030_seed_08,160481183,explicit_locked_manifest,not_evaluated,not_evaluated_due_to_H2_PASSIVE_CAPABILITY_SET_NOT_SUPPORTED
core_030,A,2,adequate,delay_only,medium,uniform_20_120_s,no_incident,step,medium,random_dropout,low_0p25_0p40,final_known,core_030_seed_09,179424673,explicit_locked_manifest,not_evaluated,not_evaluated_due_to_H2_PASSIVE_CAPABILITY_SET_NOT_SUPPORTED
core_030,A,2,adequate,delay_only,medium,uniform_20_120_s,no_incident,step,medium,random_dropout,low_0p25_0p40,final_known,core_030_seed_10,198491317,explicit_locked_manifest,not_evaluated,not_evaluated_due_to_H2_PASSIVE_CAPABILITY_SET_NOT_SUPPORTED
core_030,A,2,adequate,delay_only,medium,uniform_20_120_s,no_incident,step,medium,random_dropout,low_0p25_0p40,final_known,core_030_seed_11,217645199,explicit_locked_manifest,not_evaluated,not_evaluated_due_to_H2_PASSIVE_CAPABILITY_SET_NOT_SUPPORTED
core_030,A,2,adequate,delay_only,medium,uniform_20_120_s,no_incident,step,medium,random_dropout,low_0p25_0p40,final_known,core_030_seed_12,236887699,explicit_locked_manifest,not_evaluated,not_evaluated_due_to_H2_PASSIVE_CAPABILITY_SET_NOT_SUPPORTED
core_030,A,2,adequate,delay_only,medium,uniform_20_120_s,no_incident,step,medium,random_dropout,low_0p25_0p40,final_known,core_030_seed_13,256203221,explicit_locked_manifest,not_evaluated,not_evaluated_due_to_H2_PASSIVE_CAPABILITY_SET_NOT_SUPPORTED
core_030,A,2,adequate,delay_only,medium,uniform_20_120_s,no_incident,step,medium,random_dropout,low_0p25_0p40,final_known,core_030_seed_14,275604541,explicit_locked_manifest,not_evaluated,not_evaluated_due_to_H2_PASSIVE_CAPABILITY_SET_NOT_SUPPORTED
core_030,A,2,adequate,delay_only,medium,uniform_20_120_s,no_incident,step,medium,random_dropout,low_0p25_0p40,final_known,core_030_seed_15,295075147,explicit_locked_manifest,not_evaluated,not_evaluated_due_to_H2_PASSIVE_CAPABILITY_SET_NOT_SUPPORTED
core_030,A,2,adequate,delay_only,medium,uniform_20_120_s,no_incident,step,medium,random_dropout,low_0p25_0p40,final_known,core_030_seed_16,314606891,explicit_locked_manifest,not_evaluated,not_evaluated_due_to_H2_PASSIVE_CAPABILITY_SET_NOT_SUPPORTED
core_030,A,2,adequate,delay_only,medium,uniform_20_120_s,no_incident,step,medium,random_dropout,low_0p25_0p40,final_known,core_030_seed_17,334214467,explicit_locked_manifest,not_evaluated,not_evaluated_due_to_H2_PASSIVE_CAPABILITY_SET_NOT_SUPPORTED
core_030,A,2,adequate,delay_only,medium,uniform_20_120_s,no_incident,step,medium,random_dropout,low_0p25_0p40,final_known,core_030_seed_18,353868013,explicit_locked_manifest,not_evaluated,not_evaluated_due_to_H2_PASSIVE_CAPABILITY_SET_NOT_SUPPORTED
core_030,A,2,adequate,delay_only,medium,uniform_20_120_s,no_incident,step,medium,random_dropout,low_0p25_0p40,final_known,core_030_seed_19,373587883,explicit_locked_manifest,not_evaluated,not_evaluated_due_to_H2_PASSIVE_CAPABILITY_SET_NOT_SUPPORTED
core_031,A,2,scarce,delay_only,medium,uniform_20_120_s,after,ramp,high,jitter,mid_0p45_0p60,final_known,core_031_seed_00,15485863,explicit_locked_manifest,not_evaluated,not_evaluated_due_to_H2_PASSIVE_CAPABILITY_SET_NOT_SUPPORTED
core_031,A,2,scarce,delay_only,medium,uniform_20_120_s,after,ramp,high,jitter,mid_0p45_0p60,final_known,core_031_seed_01,32452843,explicit_locked_manifest,not_evaluated,not_evaluated_due_to_H2_PASSIVE_CAPABILITY_SET_NOT_SUPPORTED
core_031,A,2,scarce,delay_only,medium,uniform_20_120_s,after,ramp,high,jitter,mid_0p45_0p60,final_known,core_031_seed_02,49979687,explicit_locked_manifest,not_evaluated,not_evaluated_due_to_H2_PASSIVE_CAPABILITY_SET_NOT_SUPPORTED
core_031,A,2,scarce,delay_only,medium,uniform_20_120_s,after,ramp,high,jitter,mid_0p45_0p60,final_known,core_031_seed_03,67867967,explicit_locked_manifest,not_evaluated,not_evaluated_due_to_H2_PASSIVE_CAPABILITY_SET_NOT_SUPPORTED
core_031,A,2,scarce,delay_only,medium,uniform_20_120_s,after,ramp,high,jitter,mid_0p45_0p60,final_known,core_031_seed_04,86028121,explicit_locked_manifest,not_evaluated,not_evaluated_due_to_H2_PASSIVE_CAPABILITY_SET_NOT_SUPPORTED
core_031,A,2,scarce,delay_only,medium,uniform_20_120_s,after,ramp,high,jitter,mid_0p45_0p60,final_known,core_031_seed_05,104395303,explicit_locked_manifest,not_evaluated,not_evaluated_due_to_H2_PASSIVE_CAPABILITY_SET_NOT_SUPPORTED
core_031,A,2,scarce,delay_only,medium,uniform_20_120_s,after,ramp,high,jitter,mid_0p45_0p60,final_known,core_031_seed_06,122949823,explicit_locked_manifest,not_evaluated,not_evaluated_due_to_H2_PASSIVE_CAPABILITY_SET_NOT_SUPPORTED
core_031,A,2,scarce,delay_only,medium,uniform_20_120_s,after,ramp,high,jitter,mid_0p45_0p60,final_known,core_031_seed_07,141650939,explicit_locked_manifest,not_evaluated,not_evaluated_due_to_H2_PASSIVE_CAPABILITY_SET_NOT_SUPPORTED
core_031,A,2,scarce,delay_only,medium,uniform_20_120_s,after,ramp,high,jitter,mid_0p45_0p60,final_known,core_031_seed_08,160481183,explicit_locked_manifest,not_evaluated,not_evaluated_due_to_H2_PASSIVE_CAPABILITY_SET_NOT_SUPPORTED
core_031,A,2,scarce,delay_only,medium,uniform_20_120_s,after,ramp,high,jitter,mid_0p45_0p60,final_known,core_031_seed_09,179424673,explicit_locked_manifest,not_evaluated,not_evaluated_due_to_H2_PASSIVE_CAPABILITY_SET_NOT_SUPPORTED
core_031,A,2,scarce,delay_only,medium,uniform_20_120_s,after,ramp,high,jitter,mid_0p45_0p60,final_known,core_031_seed_10,198491317,explicit_locked_manifest,not_evaluated,not_evaluated_due_to_H2_PASSIVE_CAPABILITY_SET_NOT_SUPPORTED
core_031,A,2,scarce,delay_only,medium,uniform_20_120_s,after,ramp,high,jitter,mid_0p45_0p60,final_known,core_031_seed_11,217645199,explicit_locked_manifest,not_evaluated,not_evaluated_due_to_H2_PASSIVE_CAPABILITY_SET_NOT_SUPPORTED
core_031,A,2,scarce,delay_only,medium,uniform_20_120_s,after,ramp,high,jitter,mid_0p45_0p60,final_known,core_031_seed_12,236887699,explicit_locked_manifest,not_evaluated,not_evaluated_due_to_H2_PASSIVE_CAPABILITY_SET_NOT_SUPPORTED
core_031,A,2,scarce,delay_only,medium,uniform_20_120_s,after,ramp,high,jitter,mid_0p45_0p60,final_known,core_031_seed_13,256203221,explicit_locked_manifest,not_evaluated,not_evaluated_due_to_H2_PASSIVE_CAPABILITY_SET_NOT_SUPPORTED
core_031,A,2,scarce,delay_only,medium,uniform_20_120_s,after,ramp,high,jitter,mid_0p45_0p60,final_known,core_031_seed_14,275604541,explicit_locked_manifest,not_evaluated,not_evaluated_due_to_H2_PASSIVE_CAPABILITY_SET_NOT_SUPPORTED
core_031,A,2,scarce,delay_only,medium,uniform_20_120_s,after,ramp,high,jitter,mid_0p45_0p60,final_known,core_031_seed_15,295075147,explicit_locked_manifest,not_evaluated,not_evaluated_due_to_H2_PASSIVE_CAPABILITY_SET_NOT_SUPPORTED
core_031,A,2,scarce,delay_only,medium,uniform_20_120_s,after,ramp,high,jitter,mid_0p45_0p60,final_known,core_031_seed_16,314606891,explicit_locked_manifest,not_evaluated,not_evaluated_due_to_H2_PASSIVE_CAPABILITY_SET_NOT_SUPPORTED
core_031,A,2,scarce,delay_only,medium,uniform_20_120_s,after,ramp,high,jitter,mid_0p45_0p60,final_known,core_031_seed_17,334214467,explicit_locked_manifest,not_evaluated,not_evaluated_due_to_H2_PASSIVE_CAPABILITY_SET_NOT_SUPPORTED
core_031,A,2,scarce,delay_only,medium,uniform_20_120_s,after,ramp,high,jitter,mid_0p45_0p60,final_known,core_031_seed_18,353868013,explicit_locked_manifest,not_evaluated,not_evaluated_due_to_H2_PASSIVE_CAPABILITY_SET_NOT_SUPPORTED
core_031,A,2,scarce,delay_only,medium,uniform_20_120_s,after,ramp,high,jitter,mid_0p45_0p60,final_known,core_031_seed_19,373587883,explicit_locked_manifest,not_evaluated,not_evaluated_due_to_H2_PASSIVE_CAPABILITY_SET_NOT_SUPPORTED
core_032,A,2,critical,delay_only,medium,uniform_20_120_s,simultaneous,pulse,low,normal,high_0p65_0p80,final_known,core_032_seed_00,15485863,explicit_locked_manifest,not_evaluated,not_evaluated_due_to_H2_PASSIVE_CAPABILITY_SET_NOT_SUPPORTED
core_032,A,2,critical,delay_only,medium,uniform_20_120_s,simultaneous,pulse,low,normal,high_0p65_0p80,final_known,core_032_seed_01,32452843,explicit_locked_manifest,not_evaluated,not_evaluated_due_to_H2_PASSIVE_CAPABILITY_SET_NOT_SUPPORTED
core_032,A,2,critical,delay_only,medium,uniform_20_120_s,simultaneous,pulse,low,normal,high_0p65_0p80,final_known,core_032_seed_02,49979687,explicit_locked_manifest,not_evaluated,not_evaluated_due_to_H2_PASSIVE_CAPABILITY_SET_NOT_SUPPORTED
core_032,A,2,critical,delay_only,medium,uniform_20_120_s,simultaneous,pulse,low,normal,high_0p65_0p80,final_known,core_032_seed_03,67867967,explicit_locked_manifest,not_evaluated,not_evaluated_due_to_H2_PASSIVE_CAPABILITY_SET_NOT_SUPPORTED
core_032,A,2,critical,delay_only,medium,uniform_20_120_s,simultaneous,pulse,low,normal,high_0p65_0p80,final_known,core_032_seed_04,86028121,explicit_locked_manifest,not_evaluated,not_evaluated_due_to_H2_PASSIVE_CAPABILITY_SET_NOT_SUPPORTED
core_032,A,2,critical,delay_only,medium,uniform_20_120_s,simultaneous,pulse,low,normal,high_0p65_0p80,final_known,core_032_seed_05,104395303,explicit_locked_manifest,not_evaluated,not_evaluated_due_to_H2_PASSIVE_CAPABILITY_SET_NOT_SUPPORTED
core_032,A,2,critical,delay_only,medium,uniform_20_120_s,simultaneous,pulse,low,normal,high_0p65_0p80,final_known,core_032_seed_06,122949823,explicit_locked_manifest,not_evaluated,not_evaluated_due_to_H2_PASSIVE_CAPABILITY_SET_NOT_SUPPORTED
core_032,A,2,critical,delay_only,medium,uniform_20_120_s,simultaneous,pulse,low,normal,high_0p65_0p80,final_known,core_032_seed_07,141650939,explicit_locked_manifest,not_evaluated,not_evaluated_due_to_H2_PASSIVE_CAPABILITY_SET_NOT_SUPPORTED
core_032,A,2,critical,delay_only,medium,uniform_20_120_s,simultaneous,pulse,low,normal,high_0p65_0p80,final_known,core_032_seed_08,160481183,explicit_locked_manifest,not_evaluated,not_evaluated_due_to_H2_PASSIVE_CAPABILITY_SET_NOT_SUPPORTED
core_032,A,2,critical,delay_only,medium,uniform_20_120_s,simultaneous,pulse,low,normal,high_0p65_0p80,final_known,core_032_seed_09,179424673,explicit_locked_manifest,not_evaluated,not_evaluated_due_to_H2_PASSIVE_CAPABILITY_SET_NOT_SUPPORTED
core_032,A,2,critical,delay_only,medium,uniform_20_120_s,simultaneous,pulse,low,normal,high_0p65_0p80,final_known,core_032_seed_10,198491317,explicit_locked_manifest,not_evaluated,not_evaluated_due_to_H2_PASSIVE_CAPABILITY_SET_NOT_SUPPORTED
core_032,A,2,critical,delay_only,medium,uniform_20_120_s,simultaneous,pulse,low,normal,high_0p65_0p80,final_known,core_032_seed_11,217645199,explicit_locked_manifest,not_evaluated,not_evaluated_due_to_H2_PASSIVE_CAPABILITY_SET_NOT_SUPPORTED
core_032,A,2,critical,delay_only,medium,uniform_20_120_s,simultaneous,pulse,low,normal,high_0p65_0p80,final_known,core_032_seed_12,236887699,explicit_locked_manifest,not_evaluated,not_evaluated_due_to_H2_PASSIVE_CAPABILITY_SET_NOT_SUPPORTED
core_032,A,2,critical,delay_only,medium,uniform_20_120_s,simultaneous,pulse,low,normal,high_0p65_0p80,final_known,core_032_seed_13,256203221,explicit_locked_manifest,not_evaluated,not_evaluated_due_to_H2_PASSIVE_CAPABILITY_SET_NOT_SUPPORTED
core_032,A,2,critical,delay_only,medium,uniform_20_120_s,simultaneous,pulse,low,normal,high_0p65_0p80,final_known,core_032_seed_14,275604541,explicit_locked_manifest,not_evaluated,not_evaluated_due_to_H2_PASSIVE_CAPABILITY_SET_NOT_SUPPORTED
core_032,A,2,critical,delay_only,medium,uniform_20_120_s,simultaneous,pulse,low,normal,high_0p65_0p80,final_known,core_032_seed_15,295075147,explicit_locked_manifest,not_evaluated,not_evaluated_due_to_H2_PASSIVE_CAPABILITY_SET_NOT_SUPPORTED
core_032,A,2,critical,delay_only,medium,uniform_20_120_s,simultaneous,pulse,low,normal,high_0p65_0p80,final_known,core_032_seed_16,314606891,explicit_locked_manifest,not_evaluated,not_evaluated_due_to_H2_PASSIVE_CAPABILITY_SET_NOT_SUPPORTED
core_032,A,2,critical,delay_only,medium,uniform_20_120_s,simultaneous,pulse,low,normal,high_0p65_0p80,final_known,core_032_seed_17,334214467,explicit_locked_manifest,not_evaluated,not_evaluated_due_to_H2_PASSIVE_CAPABILITY_SET_NOT_SUPPORTED
core_032,A,2,critical,delay_only,medium,uniform_20_120_s,simultaneous,pulse,low,normal,high_0p65_0p80,final_known,core_032_seed_18,353868013,explicit_locked_manifest,not_evaluated,not_evaluated_due_to_H2_PASSIVE_CAPABILITY_SET_NOT_SUPPORTED
core_032,A,2,critical,delay_only,medium,uniform_20_120_s,simultaneous,pulse,low,normal,high_0p65_0p80,final_known,core_032_seed_19,373587883,explicit_locked_manifest,not_evaluated,not_evaluated_due_to_H2_PASSIVE_CAPABILITY_SET_NOT_SUPPORTED
core_033,A,4,adequate,delay_only,severe,uniform_20_120_s,before,stochastic_net_load,medium,random_dropout,low_0p25_0p40,final_known,core_033_seed_00,15485863,explicit_locked_manifest,not_evaluated,not_evaluated_due_to_H2_PASSIVE_CAPABILITY_SET_NOT_SUPPORTED
core_033,A,4,adequate,delay_only,severe,uniform_20_120_s,before,stochastic_net_load,medium,random_dropout,low_0p25_0p40,final_known,core_033_seed_01,32452843,explicit_locked_manifest,not_evaluated,not_evaluated_due_to_H2_PASSIVE_CAPABILITY_SET_NOT_SUPPORTED
core_033,A,4,adequate,delay_only,severe,uniform_20_120_s,before,stochastic_net_load,medium,random_dropout,low_0p25_0p40,final_known,core_033_seed_02,49979687,explicit_locked_manifest,not_evaluated,not_evaluated_due_to_H2_PASSIVE_CAPABILITY_SET_NOT_SUPPORTED
core_033,A,4,adequate,delay_only,severe,uniform_20_120_s,before,stochastic_net_load,medium,random_dropout,low_0p25_0p40,final_known,core_033_seed_03,67867967,explicit_locked_manifest,not_evaluated,not_evaluated_due_to_H2_PASSIVE_CAPABILITY_SET_NOT_SUPPORTED
core_033,A,4,adequate,delay_only,severe,uniform_20_120_s,before,stochastic_net_load,medium,random_dropout,low_0p25_0p40,final_known,core_033_seed_04,86028121,explicit_locked_manifest,not_evaluated,not_evaluated_due_to_H2_PASSIVE_CAPABILITY_SET_NOT_SUPPORTED
core_033,A,4,adequate,delay_only,severe,uniform_20_120_s,before,stochastic_net_load,medium,random_dropout,low_0p25_0p40,final_known,core_033_seed_05,104395303,explicit_locked_manifest,not_evaluated,not_evaluated_due_to_H2_PASSIVE_CAPABILITY_SET_NOT_SUPPORTED
core_033,A,4,adequate,delay_only,severe,uniform_20_120_s,before,stochastic_net_load,medium,random_dropout,low_0p25_0p40,final_known,core_033_seed_06,122949823,explicit_locked_manifest,not_evaluated,not_evaluated_due_to_H2_PASSIVE_CAPABILITY_SET_NOT_SUPPORTED
core_033,A,4,adequate,delay_only,severe,uniform_20_120_s,before,stochastic_net_load,medium,random_dropout,low_0p25_0p40,final_known,core_033_seed_07,141650939,explicit_locked_manifest,not_evaluated,not_evaluated_due_to_H2_PASSIVE_CAPABILITY_SET_NOT_SUPPORTED
core_033,A,4,adequate,delay_only,severe,uniform_20_120_s,before,stochastic_net_load,medium,random_dropout,low_0p25_0p40,final_known,core_033_seed_08,160481183,explicit_locked_manifest,not_evaluated,not_evaluated_due_to_H2_PASSIVE_CAPABILITY_SET_NOT_SUPPORTED
core_033,A,4,adequate,delay_only,severe,uniform_20_120_s,before,stochastic_net_load,medium,random_dropout,low_0p25_0p40,final_known,core_033_seed_09,179424673,explicit_locked_manifest,not_evaluated,not_evaluated_due_to_H2_PASSIVE_CAPABILITY_SET_NOT_SUPPORTED
core_033,A,4,adequate,delay_only,severe,uniform_20_120_s,before,stochastic_net_load,medium,random_dropout,low_0p25_0p40,final_known,core_033_seed_10,198491317,explicit_locked_manifest,not_evaluated,not_evaluated_due_to_H2_PASSIVE_CAPABILITY_SET_NOT_SUPPORTED
core_033,A,4,adequate,delay_only,severe,uniform_20_120_s,before,stochastic_net_load,medium,random_dropout,low_0p25_0p40,final_known,core_033_seed_11,217645199,explicit_locked_manifest,not_evaluated,not_evaluated_due_to_H2_PASSIVE_CAPABILITY_SET_NOT_SUPPORTED
core_033,A,4,adequate,delay_only,severe,uniform_20_120_s,before,stochastic_net_load,medium,random_dropout,low_0p25_0p40,final_known,core_033_seed_12,236887699,explicit_locked_manifest,not_evaluated,not_evaluated_due_to_H2_PASSIVE_CAPABILITY_SET_NOT_SUPPORTED
core_033,A,4,adequate,delay_only,severe,uniform_20_120_s,before,stochastic_net_load,medium,random_dropout,low_0p25_0p40,final_known,core_033_seed_13,256203221,explicit_locked_manifest,not_evaluated,not_evaluated_due_to_H2_PASSIVE_CAPABILITY_SET_NOT_SUPPORTED
core_033,A,4,adequate,delay_only,severe,uniform_20_120_s,before,stochastic_net_load,medium,random_dropout,low_0p25_0p40,final_known,core_033_seed_14,275604541,explicit_locked_manifest,not_evaluated,not_evaluated_due_to_H2_PASSIVE_CAPABILITY_SET_NOT_SUPPORTED
core_033,A,4,adequate,delay_only,severe,uniform_20_120_s,before,stochastic_net_load,medium,random_dropout,low_0p25_0p40,final_known,core_033_seed_15,295075147,explicit_locked_manifest,not_evaluated,not_evaluated_due_to_H2_PASSIVE_CAPABILITY_SET_NOT_SUPPORTED
core_033,A,4,adequate,delay_only,severe,uniform_20_120_s,before,stochastic_net_load,medium,random_dropout,low_0p25_0p40,final_known,core_033_seed_16,314606891,explicit_locked_manifest,not_evaluated,not_evaluated_due_to_H2_PASSIVE_CAPABILITY_SET_NOT_SUPPORTED
core_033,A,4,adequate,delay_only,severe,uniform_20_120_s,before,stochastic_net_load,medium,random_dropout,low_0p25_0p40,final_known,core_033_seed_17,334214467,explicit_locked_manifest,not_evaluated,not_evaluated_due_to_H2_PASSIVE_CAPABILITY_SET_NOT_SUPPORTED
core_033,A,4,adequate,delay_only,severe,uniform_20_120_s,before,stochastic_net_load,medium,random_dropout,low_0p25_0p40,final_known,core_033_seed_18,353868013,explicit_locked_manifest,not_evaluated,not_evaluated_due_to_H2_PASSIVE_CAPABILITY_SET_NOT_SUPPORTED
core_033,A,4,adequate,delay_only,severe,uniform_20_120_s,before,stochastic_net_load,medium,random_dropout,low_0p25_0p40,final_known,core_033_seed_19,373587883,explicit_locked_manifest,not_evaluated,not_evaluated_due_to_H2_PASSIVE_CAPABILITY_SET_NOT_SUPPORTED
core_034,A,4,scarce,delay_only,severe,uniform_20_120_s,no_incident,step,high,jitter,mid_0p45_0p60,final_known,core_034_seed_00,15485863,explicit_locked_manifest,not_evaluated,not_evaluated_due_to_H2_PASSIVE_CAPABILITY_SET_NOT_SUPPORTED
core_034,A,4,scarce,delay_only,severe,uniform_20_120_s,no_incident,step,high,jitter,mid_0p45_0p60,final_known,core_034_seed_01,32452843,explicit_locked_manifest,not_evaluated,not_evaluated_due_to_H2_PASSIVE_CAPABILITY_SET_NOT_SUPPORTED
core_034,A,4,scarce,delay_only,severe,uniform_20_120_s,no_incident,step,high,jitter,mid_0p45_0p60,final_known,core_034_seed_02,49979687,explicit_locked_manifest,not_evaluated,not_evaluated_due_to_H2_PASSIVE_CAPABILITY_SET_NOT_SUPPORTED
core_034,A,4,scarce,delay_only,severe,uniform_20_120_s,no_incident,step,high,jitter,mid_0p45_0p60,final_known,core_034_seed_03,67867967,explicit_locked_manifest,not_evaluated,not_evaluated_due_to_H2_PASSIVE_CAPABILITY_SET_NOT_SUPPORTED
core_034,A,4,scarce,delay_only,severe,uniform_20_120_s,no_incident,step,high,jitter,mid_0p45_0p60,final_known,core_034_seed_04,86028121,explicit_locked_manifest,not_evaluated,not_evaluated_due_to_H2_PASSIVE_CAPABILITY_SET_NOT_SUPPORTED
core_034,A,4,scarce,delay_only,severe,uniform_20_120_s,no_incident,step,high,jitter,mid_0p45_0p60,final_known,core_034_seed_05,104395303,explicit_locked_manifest,not_evaluated,not_evaluated_due_to_H2_PASSIVE_CAPABILITY_SET_NOT_SUPPORTED
core_034,A,4,scarce,delay_only,severe,uniform_20_120_s,no_incident,step,high,jitter,mid_0p45_0p60,final_known,core_034_seed_06,122949823,explicit_locked_manifest,not_evaluated,not_evaluated_due_to_H2_PASSIVE_CAPABILITY_SET_NOT_SUPPORTED
core_034,A,4,scarce,delay_only,severe,uniform_20_120_s,no_incident,step,high,jitter,mid_0p45_0p60,final_known,core_034_seed_07,141650939,explicit_locked_manifest,not_evaluated,not_evaluated_due_to_H2_PASSIVE_CAPABILITY_SET_NOT_SUPPORTED
core_034,A,4,scarce,delay_only,severe,uniform_20_120_s,no_incident,step,high,jitter,mid_0p45_0p60,final_known,core_034_seed_08,160481183,explicit_locked_manifest,not_evaluated,not_evaluated_due_to_H2_PASSIVE_CAPABILITY_SET_NOT_SUPPORTED
core_034,A,4,scarce,delay_only,severe,uniform_20_120_s,no_incident,step,high,jitter,mid_0p45_0p60,final_known,core_034_seed_09,179424673,explicit_locked_manifest,not_evaluated,not_evaluated_due_to_H2_PASSIVE_CAPABILITY_SET_NOT_SUPPORTED
core_034,A,4,scarce,delay_only,severe,uniform_20_120_s,no_incident,step,high,jitter,mid_0p45_0p60,final_known,core_034_seed_10,198491317,explicit_locked_manifest,not_evaluated,not_evaluated_due_to_H2_PASSIVE_CAPABILITY_SET_NOT_SUPPORTED
core_034,A,4,scarce,delay_only,severe,uniform_20_120_s,no_incident,step,high,jitter,mid_0p45_0p60,final_known,core_034_seed_11,217645199,explicit_locked_manifest,not_evaluated,not_evaluated_due_to_H2_PASSIVE_CAPABILITY_SET_NOT_SUPPORTED
core_034,A,4,scarce,delay_only,severe,uniform_20_120_s,no_incident,step,high,jitter,mid_0p45_0p60,final_known,core_034_seed_12,236887699,explicit_locked_manifest,not_evaluated,not_evaluated_due_to_H2_PASSIVE_CAPABILITY_SET_NOT_SUPPORTED
core_034,A,4,scarce,delay_only,severe,uniform_20_120_s,no_incident,step,high,jitter,mid_0p45_0p60,final_known,core_034_seed_13,256203221,explicit_locked_manifest,not_evaluated,not_evaluated_due_to_H2_PASSIVE_CAPABILITY_SET_NOT_SUPPORTED
core_034,A,4,scarce,delay_only,severe,uniform_20_120_s,no_incident,step,high,jitter,mid_0p45_0p60,final_known,core_034_seed_14,275604541,explicit_locked_manifest,not_evaluated,not_evaluated_due_to_H2_PASSIVE_CAPABILITY_SET_NOT_SUPPORTED
core_034,A,4,scarce,delay_only,severe,uniform_20_120_s,no_incident,step,high,jitter,mid_0p45_0p60,final_known,core_034_seed_15,295075147,explicit_locked_manifest,not_evaluated,not_evaluated_due_to_H2_PASSIVE_CAPABILITY_SET_NOT_SUPPORTED
core_034,A,4,scarce,delay_only,severe,uniform_20_120_s,no_incident,step,high,jitter,mid_0p45_0p60,final_known,core_034_seed_16,314606891,explicit_locked_manifest,not_evaluated,not_evaluated_due_to_H2_PASSIVE_CAPABILITY_SET_NOT_SUPPORTED
core_034,A,4,scarce,delay_only,severe,uniform_20_120_s,no_incident,step,high,jitter,mid_0p45_0p60,final_known,core_034_seed_17,334214467,explicit_locked_manifest,not_evaluated,not_evaluated_due_to_H2_PASSIVE_CAPABILITY_SET_NOT_SUPPORTED
core_034,A,4,scarce,delay_only,severe,uniform_20_120_s,no_incident,step,high,jitter,mid_0p45_0p60,final_known,core_034_seed_18,353868013,explicit_locked_manifest,not_evaluated,not_evaluated_due_to_H2_PASSIVE_CAPABILITY_SET_NOT_SUPPORTED
core_034,A,4,scarce,delay_only,severe,uniform_20_120_s,no_incident,step,high,jitter,mid_0p45_0p60,final_known,core_034_seed_19,373587883,explicit_locked_manifest,not_evaluated,not_evaluated_due_to_H2_PASSIVE_CAPABILITY_SET_NOT_SUPPORTED
core_035,A,4,critical,delay_only,severe,uniform_20_120_s,after,ramp,low,normal,high_0p65_0p80,final_known,core_035_seed_00,15485863,explicit_locked_manifest,not_evaluated,not_evaluated_due_to_H2_PASSIVE_CAPABILITY_SET_NOT_SUPPORTED
core_035,A,4,critical,delay_only,severe,uniform_20_120_s,after,ramp,low,normal,high_0p65_0p80,final_known,core_035_seed_01,32452843,explicit_locked_manifest,not_evaluated,not_evaluated_due_to_H2_PASSIVE_CAPABILITY_SET_NOT_SUPPORTED
core_035,A,4,critical,delay_only,severe,uniform_20_120_s,after,ramp,low,normal,high_0p65_0p80,final_known,core_035_seed_02,49979687,explicit_locked_manifest,not_evaluated,not_evaluated_due_to_H2_PASSIVE_CAPABILITY_SET_NOT_SUPPORTED
core_035,A,4,critical,delay_only,severe,uniform_20_120_s,after,ramp,low,normal,high_0p65_0p80,final_known,core_035_seed_03,67867967,explicit_locked_manifest,not_evaluated,not_evaluated_due_to_H2_PASSIVE_CAPABILITY_SET_NOT_SUPPORTED
core_035,A,4,critical,delay_only,severe,uniform_20_120_s,after,ramp,low,normal,high_0p65_0p80,final_known,core_035_seed_04,86028121,explicit_locked_manifest,not_evaluated,not_evaluated_due_to_H2_PASSIVE_CAPABILITY_SET_NOT_SUPPORTED
core_035,A,4,critical,delay_only,severe,uniform_20_120_s,after,ramp,low,normal,high_0p65_0p80,final_known,core_035_seed_05,104395303,explicit_locked_manifest,not_evaluated,not_evaluated_due_to_H2_PASSIVE_CAPABILITY_SET_NOT_SUPPORTED
core_035,A,4,critical,delay_only,severe,uniform_20_120_s,after,ramp,low,normal,high_0p65_0p80,final_known,core_035_seed_06,122949823,explicit_locked_manifest,not_evaluated,not_evaluated_due_to_H2_PASSIVE_CAPABILITY_SET_NOT_SUPPORTED
core_035,A,4,critical,delay_only,severe,uniform_20_120_s,after,ramp,low,normal,high_0p65_0p80,final_known,core_035_seed_07,141650939,explicit_locked_manifest,not_evaluated,not_evaluated_due_to_H2_PASSIVE_CAPABILITY_SET_NOT_SUPPORTED
core_035,A,4,critical,delay_only,severe,uniform_20_120_s,after,ramp,low,normal,high_0p65_0p80,final_known,core_035_seed_08,160481183,explicit_locked_manifest,not_evaluated,not_evaluated_due_to_H2_PASSIVE_CAPABILITY_SET_NOT_SUPPORTED
core_035,A,4,critical,delay_only,severe,uniform_20_120_s,after,ramp,low,normal,high_0p65_0p80,final_known,core_035_seed_09,179424673,explicit_locked_manifest,not_evaluated,not_evaluated_due_to_H2_PASSIVE_CAPABILITY_SET_NOT_SUPPORTED
core_035,A,4,critical,delay_only,severe,uniform_20_120_s,after,ramp,low,normal,high_0p65_0p80,final_known,core_035_seed_10,198491317,explicit_locked_manifest,not_evaluated,not_evaluated_due_to_H2_PASSIVE_CAPABILITY_SET_NOT_SUPPORTED
core_035,A,4,critical,delay_only,severe,uniform_20_120_s,after,ramp,low,normal,high_0p65_0p80,final_known,core_035_seed_11,217645199,explicit_locked_manifest,not_evaluated,not_evaluated_due_to_H2_PASSIVE_CAPABILITY_SET_NOT_SUPPORTED
core_035,A,4,critical,delay_only,severe,uniform_20_120_s,after,ramp,low,normal,high_0p65_0p80,final_known,core_035_seed_12,236887699,explicit_locked_manifest,not_evaluated,not_evaluated_due_to_H2_PASSIVE_CAPABILITY_SET_NOT_SUPPORTED
core_035,A,4,critical,delay_only,severe,uniform_20_120_s,after,ramp,low,normal,high_0p65_0p80,final_known,core_035_seed_13,256203221,explicit_locked_manifest,not_evaluated,not_evaluated_due_to_H2_PASSIVE_CAPABILITY_SET_NOT_SUPPORTED
core_035,A,4,critical,delay_only,severe,uniform_20_120_s,after,ramp,low,normal,high_0p65_0p80,final_known,core_035_seed_14,275604541,explicit_locked_manifest,not_evaluated,not_evaluated_due_to_H2_PASSIVE_CAPABILITY_SET_NOT_SUPPORTED
core_035,A,4,critical,delay_only,severe,uniform_20_120_s,after,ramp,low,normal,high_0p65_0p80,final_known,core_035_seed_15,295075147,explicit_locked_manifest,not_evaluated,not_evaluated_due_to_H2_PASSIVE_CAPABILITY_SET_NOT_SUPPORTED
core_035,A,4,critical,delay_only,severe,uniform_20_120_s,after,ramp,low,normal,high_0p65_0p80,final_known,core_035_seed_16,314606891,explicit_locked_manifest,not_evaluated,not_evaluated_due_to_H2_PASSIVE_CAPABILITY_SET_NOT_SUPPORTED
core_035,A,4,critical,delay_only,severe,uniform_20_120_s,after,ramp,low,normal,high_0p65_0p80,final_known,core_035_seed_17,334214467,explicit_locked_manifest,not_evaluated,not_evaluated_due_to_H2_PASSIVE_CAPABILITY_SET_NOT_SUPPORTED
core_035,A,4,critical,delay_only,severe,uniform_20_120_s,after,ramp,low,normal,high_0p65_0p80,final_known,core_035_seed_18,353868013,explicit_locked_manifest,not_evaluated,not_evaluated_due_to_H2_PASSIVE_CAPABILITY_SET_NOT_SUPPORTED
core_035,A,4,critical,delay_only,severe,uniform_20_120_s,after,ramp,low,normal,high_0p65_0p80,final_known,core_035_seed_19,373587883,explicit_locked_manifest,not_evaluated,not_evaluated_due_to_H2_PASSIVE_CAPABILITY_SET_NOT_SUPPORTED
core_036,A,2,adequate,energy_only,mild,uniform_20_120_s,simultaneous,pulse,medium,random_dropout,low_0p25_0p40,final_known,core_036_seed_00,15485863,explicit_locked_manifest,not_evaluated,not_evaluated_due_to_H2_PASSIVE_CAPABILITY_SET_NOT_SUPPORTED
core_036,A,2,adequate,energy_only,mild,uniform_20_120_s,simultaneous,pulse,medium,random_dropout,low_0p25_0p40,final_known,core_036_seed_01,32452843,explicit_locked_manifest,not_evaluated,not_evaluated_due_to_H2_PASSIVE_CAPABILITY_SET_NOT_SUPPORTED
core_036,A,2,adequate,energy_only,mild,uniform_20_120_s,simultaneous,pulse,medium,random_dropout,low_0p25_0p40,final_known,core_036_seed_02,49979687,explicit_locked_manifest,not_evaluated,not_evaluated_due_to_H2_PASSIVE_CAPABILITY_SET_NOT_SUPPORTED
core_036,A,2,adequate,energy_only,mild,uniform_20_120_s,simultaneous,pulse,medium,random_dropout,low_0p25_0p40,final_known,core_036_seed_03,67867967,explicit_locked_manifest,not_evaluated,not_evaluated_due_to_H2_PASSIVE_CAPABILITY_SET_NOT_SUPPORTED
core_036,A,2,adequate,energy_only,mild,uniform_20_120_s,simultaneous,pulse,medium,random_dropout,low_0p25_0p40,final_known,core_036_seed_04,86028121,explicit_locked_manifest,not_evaluated,not_evaluated_due_to_H2_PASSIVE_CAPABILITY_SET_NOT_SUPPORTED
core_036,A,2,adequate,energy_only,mild,uniform_20_120_s,simultaneous,pulse,medium,random_dropout,low_0p25_0p40,final_known,core_036_seed_05,104395303,explicit_locked_manifest,not_evaluated,not_evaluated_due_to_H2_PASSIVE_CAPABILITY_SET_NOT_SUPPORTED
core_036,A,2,adequate,energy_only,mild,uniform_20_120_s,simultaneous,pulse,medium,random_dropout,low_0p25_0p40,final_known,core_036_seed_06,122949823,explicit_locked_manifest,not_evaluated,not_evaluated_due_to_H2_PASSIVE_CAPABILITY_SET_NOT_SUPPORTED
core_036,A,2,adequate,energy_only,mild,uniform_20_120_s,simultaneous,pulse,medium,random_dropout,low_0p25_0p40,final_known,core_036_seed_07,141650939,explicit_locked_manifest,not_evaluated,not_evaluated_due_to_H2_PASSIVE_CAPABILITY_SET_NOT_SUPPORTED
core_036,A,2,adequate,energy_only,mild,uniform_20_120_s,simultaneous,pulse,medium,random_dropout,low_0p25_0p40,final_known,core_036_seed_08,160481183,explicit_locked_manifest,not_evaluated,not_evaluated_due_to_H2_PASSIVE_CAPABILITY_SET_NOT_SUPPORTED
core_036,A,2,adequate,energy_only,mild,uniform_20_120_s,simultaneous,pulse,medium,random_dropout,low_0p25_0p40,final_known,core_036_seed_09,179424673,explicit_locked_manifest,not_evaluated,not_evaluated_due_to_H2_PASSIVE_CAPABILITY_SET_NOT_SUPPORTED
core_036,A,2,adequate,energy_only,mild,uniform_20_120_s,simultaneous,pulse,medium,random_dropout,low_0p25_0p40,final_known,core_036_seed_10,198491317,explicit_locked_manifest,not_evaluated,not_evaluated_due_to_H2_PASSIVE_CAPABILITY_SET_NOT_SUPPORTED
core_036,A,2,adequate,energy_only,mild,uniform_20_120_s,simultaneous,pulse,medium,random_dropout,low_0p25_0p40,final_known,core_036_seed_11,217645199,explicit_locked_manifest,not_evaluated,not_evaluated_due_to_H2_PASSIVE_CAPABILITY_SET_NOT_SUPPORTED
core_036,A,2,adequate,energy_only,mild,uniform_20_120_s,simultaneous,pulse,medium,random_dropout,low_0p25_0p40,final_known,core_036_seed_12,236887699,explicit_locked_manifest,not_evaluated,not_evaluated_due_to_H2_PASSIVE_CAPABILITY_SET_NOT_SUPPORTED
core_036,A,2,adequate,energy_only,mild,uniform_20_120_s,simultaneous,pulse,medium,random_dropout,low_0p25_0p40,final_known,core_036_seed_13,256203221,explicit_locked_manifest,not_evaluated,not_evaluated_due_to_H2_PASSIVE_CAPABILITY_SET_NOT_SUPPORTED
core_036,A,2,adequate,energy_only,mild,uniform_20_120_s,simultaneous,pulse,medium,random_dropout,low_0p25_0p40,final_known,core_036_seed_14,275604541,explicit_locked_manifest,not_evaluated,not_evaluated_due_to_H2_PASSIVE_CAPABILITY_SET_NOT_SUPPORTED
core_036,A,2,adequate,energy_only,mild,uniform_20_120_s,simultaneous,pulse,medium,random_dropout,low_0p25_0p40,final_known,core_036_seed_15,295075147,explicit_locked_manifest,not_evaluated,not_evaluated_due_to_H2_PASSIVE_CAPABILITY_SET_NOT_SUPPORTED
core_036,A,2,adequate,energy_only,mild,uniform_20_120_s,simultaneous,pulse,medium,random_dropout,low_0p25_0p40,final_known,core_036_seed_16,314606891,explicit_locked_manifest,not_evaluated,not_evaluated_due_to_H2_PASSIVE_CAPABILITY_SET_NOT_SUPPORTED
core_036,A,2,adequate,energy_only,mild,uniform_20_120_s,simultaneous,pulse,medium,random_dropout,low_0p25_0p40,final_known,core_036_seed_17,334214467,explicit_locked_manifest,not_evaluated,not_evaluated_due_to_H2_PASSIVE_CAPABILITY_SET_NOT_SUPPORTED
core_036,A,2,adequate,energy_only,mild,uniform_20_120_s,simultaneous,pulse,medium,random_dropout,low_0p25_0p40,final_known,core_036_seed_18,353868013,explicit_locked_manifest,not_evaluated,not_evaluated_due_to_H2_PASSIVE_CAPABILITY_SET_NOT_SUPPORTED
core_036,A,2,adequate,energy_only,mild,uniform_20_120_s,simultaneous,pulse,medium,random_dropout,low_0p25_0p40,final_known,core_036_seed_19,373587883,explicit_locked_manifest,not_evaluated,not_evaluated_due_to_H2_PASSIVE_CAPABILITY_SET_NOT_SUPPORTED
core_037,A,2,scarce,energy_only,mild,uniform_20_120_s,before,stochastic_net_load,high,jitter,mid_0p45_0p60,final_known,core_037_seed_00,15485863,explicit_locked_manifest,not_evaluated,not_evaluated_due_to_H2_PASSIVE_CAPABILITY_SET_NOT_SUPPORTED
core_037,A,2,scarce,energy_only,mild,uniform_20_120_s,before,stochastic_net_load,high,jitter,mid_0p45_0p60,final_known,core_037_seed_01,32452843,explicit_locked_manifest,not_evaluated,not_evaluated_due_to_H2_PASSIVE_CAPABILITY_SET_NOT_SUPPORTED
core_037,A,2,scarce,energy_only,mild,uniform_20_120_s,before,stochastic_net_load,high,jitter,mid_0p45_0p60,final_known,core_037_seed_02,49979687,explicit_locked_manifest,not_evaluated,not_evaluated_due_to_H2_PASSIVE_CAPABILITY_SET_NOT_SUPPORTED
core_037,A,2,scarce,energy_only,mild,uniform_20_120_s,before,stochastic_net_load,high,jitter,mid_0p45_0p60,final_known,core_037_seed_03,67867967,explicit_locked_manifest,not_evaluated,not_evaluated_due_to_H2_PASSIVE_CAPABILITY_SET_NOT_SUPPORTED
core_037,A,2,scarce,energy_only,mild,uniform_20_120_s,before,stochastic_net_load,high,jitter,mid_0p45_0p60,final_known,core_037_seed_04,86028121,explicit_locked_manifest,not_evaluated,not_evaluated_due_to_H2_PASSIVE_CAPABILITY_SET_NOT_SUPPORTED
core_037,A,2,scarce,energy_only,mild,uniform_20_120_s,before,stochastic_net_load,high,jitter,mid_0p45_0p60,final_known,core_037_seed_05,104395303,explicit_locked_manifest,not_evaluated,not_evaluated_due_to_H2_PASSIVE_CAPABILITY_SET_NOT_SUPPORTED
core_037,A,2,scarce,energy_only,mild,uniform_20_120_s,before,stochastic_net_load,high,jitter,mid_0p45_0p60,final_known,core_037_seed_06,122949823,explicit_locked_manifest,not_evaluated,not_evaluated_due_to_H2_PASSIVE_CAPABILITY_SET_NOT_SUPPORTED
core_037,A,2,scarce,energy_only,mild,uniform_20_120_s,before,stochastic_net_load,high,jitter,mid_0p45_0p60,final_known,core_037_seed_07,141650939,explicit_locked_manifest,not_evaluated,not_evaluated_due_to_H2_PASSIVE_CAPABILITY_SET_NOT_SUPPORTED
core_037,A,2,scarce,energy_only,mild,uniform_20_120_s,before,stochastic_net_load,high,jitter,mid_0p45_0p60,final_known,core_037_seed_08,160481183,explicit_locked_manifest,not_evaluated,not_evaluated_due_to_H2_PASSIVE_CAPABILITY_SET_NOT_SUPPORTED
core_037,A,2,scarce,energy_only,mild,uniform_20_120_s,before,stochastic_net_load,high,jitter,mid_0p45_0p60,final_known,core_037_seed_09,179424673,explicit_locked_manifest,not_evaluated,not_evaluated_due_to_H2_PASSIVE_CAPABILITY_SET_NOT_SUPPORTED
core_037,A,2,scarce,energy_only,mild,uniform_20_120_s,before,stochastic_net_load,high,jitter,mid_0p45_0p60,final_known,core_037_seed_10,198491317,explicit_locked_manifest,not_evaluated,not_evaluated_due_to_H2_PASSIVE_CAPABILITY_SET_NOT_SUPPORTED
core_037,A,2,scarce,energy_only,mild,uniform_20_120_s,before,stochastic_net_load,high,jitter,mid_0p45_0p60,final_known,core_037_seed_11,217645199,explicit_locked_manifest,not_evaluated,not_evaluated_due_to_H2_PASSIVE_CAPABILITY_SET_NOT_SUPPORTED
core_037,A,2,scarce,energy_only,mild,uniform_20_120_s,before,stochastic_net_load,high,jitter,mid_0p45_0p60,final_known,core_037_seed_12,236887699,explicit_locked_manifest,not_evaluated,not_evaluated_due_to_H2_PASSIVE_CAPABILITY_SET_NOT_SUPPORTED
core_037,A,2,scarce,energy_only,mild,uniform_20_120_s,before,stochastic_net_load,high,jitter,mid_0p45_0p60,final_known,core_037_seed_13,256203221,explicit_locked_manifest,not_evaluated,not_evaluated_due_to_H2_PASSIVE_CAPABILITY_SET_NOT_SUPPORTED
core_037,A,2,scarce,energy_only,mild,uniform_20_120_s,before,stochastic_net_load,high,jitter,mid_0p45_0p60,final_known,core_037_seed_14,275604541,explicit_locked_manifest,not_evaluated,not_evaluated_due_to_H2_PASSIVE_CAPABILITY_SET_NOT_SUPPORTED
core_037,A,2,scarce,energy_only,mild,uniform_20_120_s,before,stochastic_net_load,high,jitter,mid_0p45_0p60,final_known,core_037_seed_15,295075147,explicit_locked_manifest,not_evaluated,not_evaluated_due_to_H2_PASSIVE_CAPABILITY_SET_NOT_SUPPORTED
core_037,A,2,scarce,energy_only,mild,uniform_20_120_s,before,stochastic_net_load,high,jitter,mid_0p45_0p60,final_known,core_037_seed_16,314606891,explicit_locked_manifest,not_evaluated,not_evaluated_due_to_H2_PASSIVE_CAPABILITY_SET_NOT_SUPPORTED
core_037,A,2,scarce,energy_only,mild,uniform_20_120_s,before,stochastic_net_load,high,jitter,mid_0p45_0p60,final_known,core_037_seed_17,334214467,explicit_locked_manifest,not_evaluated,not_evaluated_due_to_H2_PASSIVE_CAPABILITY_SET_NOT_SUPPORTED
core_037,A,2,scarce,energy_only,mild,uniform_20_120_s,before,stochastic_net_load,high,jitter,mid_0p45_0p60,final_known,core_037_seed_18,353868013,explicit_locked_manifest,not_evaluated,not_evaluated_due_to_H2_PASSIVE_CAPABILITY_SET_NOT_SUPPORTED
core_037,A,2,scarce,energy_only,mild,uniform_20_120_s,before,stochastic_net_load,high,jitter,mid_0p45_0p60,final_known,core_037_seed_19,373587883,explicit_locked_manifest,not_evaluated,not_evaluated_due_to_H2_PASSIVE_CAPABILITY_SET_NOT_SUPPORTED
core_038,A,2,critical,energy_only,mild,uniform_20_120_s,no_incident,step,low,normal,high_0p65_0p80,final_known,core_038_seed_00,15485863,explicit_locked_manifest,not_evaluated,not_evaluated_due_to_H2_PASSIVE_CAPABILITY_SET_NOT_SUPPORTED
core_038,A,2,critical,energy_only,mild,uniform_20_120_s,no_incident,step,low,normal,high_0p65_0p80,final_known,core_038_seed_01,32452843,explicit_locked_manifest,not_evaluated,not_evaluated_due_to_H2_PASSIVE_CAPABILITY_SET_NOT_SUPPORTED
core_038,A,2,critical,energy_only,mild,uniform_20_120_s,no_incident,step,low,normal,high_0p65_0p80,final_known,core_038_seed_02,49979687,explicit_locked_manifest,not_evaluated,not_evaluated_due_to_H2_PASSIVE_CAPABILITY_SET_NOT_SUPPORTED
core_038,A,2,critical,energy_only,mild,uniform_20_120_s,no_incident,step,low,normal,high_0p65_0p80,final_known,core_038_seed_03,67867967,explicit_locked_manifest,not_evaluated,not_evaluated_due_to_H2_PASSIVE_CAPABILITY_SET_NOT_SUPPORTED
core_038,A,2,critical,energy_only,mild,uniform_20_120_s,no_incident,step,low,normal,high_0p65_0p80,final_known,core_038_seed_04,86028121,explicit_locked_manifest,not_evaluated,not_evaluated_due_to_H2_PASSIVE_CAPABILITY_SET_NOT_SUPPORTED
core_038,A,2,critical,energy_only,mild,uniform_20_120_s,no_incident,step,low,normal,high_0p65_0p80,final_known,core_038_seed_05,104395303,explicit_locked_manifest,not_evaluated,not_evaluated_due_to_H2_PASSIVE_CAPABILITY_SET_NOT_SUPPORTED
core_038,A,2,critical,energy_only,mild,uniform_20_120_s,no_incident,step,low,normal,high_0p65_0p80,final_known,core_038_seed_06,122949823,explicit_locked_manifest,not_evaluated,not_evaluated_due_to_H2_PASSIVE_CAPABILITY_SET_NOT_SUPPORTED
core_038,A,2,critical,energy_only,mild,uniform_20_120_s,no_incident,step,low,normal,high_0p65_0p80,final_known,core_038_seed_07,141650939,explicit_locked_manifest,not_evaluated,not_evaluated_due_to_H2_PASSIVE_CAPABILITY_SET_NOT_SUPPORTED
core_038,A,2,critical,energy_only,mild,uniform_20_120_s,no_incident,step,low,normal,high_0p65_0p80,final_known,core_038_seed_08,160481183,explicit_locked_manifest,not_evaluated,not_evaluated_due_to_H2_PASSIVE_CAPABILITY_SET_NOT_SUPPORTED
core_038,A,2,critical,energy_only,mild,uniform_20_120_s,no_incident,step,low,normal,high_0p65_0p80,final_known,core_038_seed_09,179424673,explicit_locked_manifest,not_evaluated,not_evaluated_due_to_H2_PASSIVE_CAPABILITY_SET_NOT_SUPPORTED
core_038,A,2,critical,energy_only,mild,uniform_20_120_s,no_incident,step,low,normal,high_0p65_0p80,final_known,core_038_seed_10,198491317,explicit_locked_manifest,not_evaluated,not_evaluated_due_to_H2_PASSIVE_CAPABILITY_SET_NOT_SUPPORTED
core_038,A,2,critical,energy_only,mild,uniform_20_120_s,no_incident,step,low,normal,high_0p65_0p80,final_known,core_038_seed_11,217645199,explicit_locked_manifest,not_evaluated,not_evaluated_due_to_H2_PASSIVE_CAPABILITY_SET_NOT_SUPPORTED
core_038,A,2,critical,energy_only,mild,uniform_20_120_s,no_incident,step,low,normal,high_0p65_0p80,final_known,core_038_seed_12,236887699,explicit_locked_manifest,not_evaluated,not_evaluated_due_to_H2_PASSIVE_CAPABILITY_SET_NOT_SUPPORTED
core_038,A,2,critical,energy_only,mild,uniform_20_120_s,no_incident,step,low,normal,high_0p65_0p80,final_known,core_038_seed_13,256203221,explicit_locked_manifest,not_evaluated,not_evaluated_due_to_H2_PASSIVE_CAPABILITY_SET_NOT_SUPPORTED
core_038,A,2,critical,energy_only,mild,uniform_20_120_s,no_incident,step,low,normal,high_0p65_0p80,final_known,core_038_seed_14,275604541,explicit_locked_manifest,not_evaluated,not_evaluated_due_to_H2_PASSIVE_CAPABILITY_SET_NOT_SUPPORTED
core_038,A,2,critical,energy_only,mild,uniform_20_120_s,no_incident,step,low,normal,high_0p65_0p80,final_known,core_038_seed_15,295075147,explicit_locked_manifest,not_evaluated,not_evaluated_due_to_H2_PASSIVE_CAPABILITY_SET_NOT_SUPPORTED
core_038,A,2,critical,energy_only,mild,uniform_20_120_s,no_incident,step,low,normal,high_0p65_0p80,final_known,core_038_seed_16,314606891,explicit_locked_manifest,not_evaluated,not_evaluated_due_to_H2_PASSIVE_CAPABILITY_SET_NOT_SUPPORTED
core_038,A,2,critical,energy_only,mild,uniform_20_120_s,no_incident,step,low,normal,high_0p65_0p80,final_known,core_038_seed_17,334214467,explicit_locked_manifest,not_evaluated,not_evaluated_due_to_H2_PASSIVE_CAPABILITY_SET_NOT_SUPPORTED
core_038,A,2,critical,energy_only,mild,uniform_20_120_s,no_incident,step,low,normal,high_0p65_0p80,final_known,core_038_seed_18,353868013,explicit_locked_manifest,not_evaluated,not_evaluated_due_to_H2_PASSIVE_CAPABILITY_SET_NOT_SUPPORTED
core_038,A,2,critical,energy_only,mild,uniform_20_120_s,no_incident,step,low,normal,high_0p65_0p80,final_known,core_038_seed_19,373587883,explicit_locked_manifest,not_evaluated,not_evaluated_due_to_H2_PASSIVE_CAPABILITY_SET_NOT_SUPPORTED
core_039,A,4,adequate,energy_only,medium,uniform_20_120_s,after,ramp,medium,random_dropout,low_0p25_0p40,final_known,core_039_seed_00,15485863,explicit_locked_manifest,not_evaluated,not_evaluated_due_to_H2_PASSIVE_CAPABILITY_SET_NOT_SUPPORTED
core_039,A,4,adequate,energy_only,medium,uniform_20_120_s,after,ramp,medium,random_dropout,low_0p25_0p40,final_known,core_039_seed_01,32452843,explicit_locked_manifest,not_evaluated,not_evaluated_due_to_H2_PASSIVE_CAPABILITY_SET_NOT_SUPPORTED
core_039,A,4,adequate,energy_only,medium,uniform_20_120_s,after,ramp,medium,random_dropout,low_0p25_0p40,final_known,core_039_seed_02,49979687,explicit_locked_manifest,not_evaluated,not_evaluated_due_to_H2_PASSIVE_CAPABILITY_SET_NOT_SUPPORTED
core_039,A,4,adequate,energy_only,medium,uniform_20_120_s,after,ramp,medium,random_dropout,low_0p25_0p40,final_known,core_039_seed_03,67867967,explicit_locked_manifest,not_evaluated,not_evaluated_due_to_H2_PASSIVE_CAPABILITY_SET_NOT_SUPPORTED
core_039,A,4,adequate,energy_only,medium,uniform_20_120_s,after,ramp,medium,random_dropout,low_0p25_0p40,final_known,core_039_seed_04,86028121,explicit_locked_manifest,not_evaluated,not_evaluated_due_to_H2_PASSIVE_CAPABILITY_SET_NOT_SUPPORTED
core_039,A,4,adequate,energy_only,medium,uniform_20_120_s,after,ramp,medium,random_dropout,low_0p25_0p40,final_known,core_039_seed_05,104395303,explicit_locked_manifest,not_evaluated,not_evaluated_due_to_H2_PASSIVE_CAPABILITY_SET_NOT_SUPPORTED
core_039,A,4,adequate,energy_only,medium,uniform_20_120_s,after,ramp,medium,random_dropout,low_0p25_0p40,final_known,core_039_seed_06,122949823,explicit_locked_manifest,not_evaluated,not_evaluated_due_to_H2_PASSIVE_CAPABILITY_SET_NOT_SUPPORTED
core_039,A,4,adequate,energy_only,medium,uniform_20_120_s,after,ramp,medium,random_dropout,low_0p25_0p40,final_known,core_039_seed_07,141650939,explicit_locked_manifest,not_evaluated,not_evaluated_due_to_H2_PASSIVE_CAPABILITY_SET_NOT_SUPPORTED
core_039,A,4,adequate,energy_only,medium,uniform_20_120_s,after,ramp,medium,random_dropout,low_0p25_0p40,final_known,core_039_seed_08,160481183,explicit_locked_manifest,not_evaluated,not_evaluated_due_to_H2_PASSIVE_CAPABILITY_SET_NOT_SUPPORTED
core_039,A,4,adequate,energy_only,medium,uniform_20_120_s,after,ramp,medium,random_dropout,low_0p25_0p40,final_known,core_039_seed_09,179424673,explicit_locked_manifest,not_evaluated,not_evaluated_due_to_H2_PASSIVE_CAPABILITY_SET_NOT_SUPPORTED
core_039,A,4,adequate,energy_only,medium,uniform_20_120_s,after,ramp,medium,random_dropout,low_0p25_0p40,final_known,core_039_seed_10,198491317,explicit_locked_manifest,not_evaluated,not_evaluated_due_to_H2_PASSIVE_CAPABILITY_SET_NOT_SUPPORTED
core_039,A,4,adequate,energy_only,medium,uniform_20_120_s,after,ramp,medium,random_dropout,low_0p25_0p40,final_known,core_039_seed_11,217645199,explicit_locked_manifest,not_evaluated,not_evaluated_due_to_H2_PASSIVE_CAPABILITY_SET_NOT_SUPPORTED
core_039,A,4,adequate,energy_only,medium,uniform_20_120_s,after,ramp,medium,random_dropout,low_0p25_0p40,final_known,core_039_seed_12,236887699,explicit_locked_manifest,not_evaluated,not_evaluated_due_to_H2_PASSIVE_CAPABILITY_SET_NOT_SUPPORTED
core_039,A,4,adequate,energy_only,medium,uniform_20_120_s,after,ramp,medium,random_dropout,low_0p25_0p40,final_known,core_039_seed_13,256203221,explicit_locked_manifest,not_evaluated,not_evaluated_due_to_H2_PASSIVE_CAPABILITY_SET_NOT_SUPPORTED
core_039,A,4,adequate,energy_only,medium,uniform_20_120_s,after,ramp,medium,random_dropout,low_0p25_0p40,final_known,core_039_seed_14,275604541,explicit_locked_manifest,not_evaluated,not_evaluated_due_to_H2_PASSIVE_CAPABILITY_SET_NOT_SUPPORTED
core_039,A,4,adequate,energy_only,medium,uniform_20_120_s,after,ramp,medium,random_dropout,low_0p25_0p40,final_known,core_039_seed_15,295075147,explicit_locked_manifest,not_evaluated,not_evaluated_due_to_H2_PASSIVE_CAPABILITY_SET_NOT_SUPPORTED
core_039,A,4,adequate,energy_only,medium,uniform_20_120_s,after,ramp,medium,random_dropout,low_0p25_0p40,final_known,core_039_seed_16,314606891,explicit_locked_manifest,not_evaluated,not_evaluated_due_to_H2_PASSIVE_CAPABILITY_SET_NOT_SUPPORTED
core_039,A,4,adequate,energy_only,medium,uniform_20_120_s,after,ramp,medium,random_dropout,low_0p25_0p40,final_known,core_039_seed_17,334214467,explicit_locked_manifest,not_evaluated,not_evaluated_due_to_H2_PASSIVE_CAPABILITY_SET_NOT_SUPPORTED
core_039,A,4,adequate,energy_only,medium,uniform_20_120_s,after,ramp,medium,random_dropout,low_0p25_0p40,final_known,core_039_seed_18,353868013,explicit_locked_manifest,not_evaluated,not_evaluated_due_to_H2_PASSIVE_CAPABILITY_SET_NOT_SUPPORTED
core_039,A,4,adequate,energy_only,medium,uniform_20_120_s,after,ramp,medium,random_dropout,low_0p25_0p40,final_known,core_039_seed_19,373587883,explicit_locked_manifest,not_evaluated,not_evaluated_due_to_H2_PASSIVE_CAPABILITY_SET_NOT_SUPPORTED
core_040,A,4,scarce,energy_only,medium,uniform_20_120_s,simultaneous,pulse,high,jitter,mid_0p45_0p60,final_known,core_040_seed_00,15485863,explicit_locked_manifest,not_evaluated,not_evaluated_due_to_H2_PASSIVE_CAPABILITY_SET_NOT_SUPPORTED
core_040,A,4,scarce,energy_only,medium,uniform_20_120_s,simultaneous,pulse,high,jitter,mid_0p45_0p60,final_known,core_040_seed_01,32452843,explicit_locked_manifest,not_evaluated,not_evaluated_due_to_H2_PASSIVE_CAPABILITY_SET_NOT_SUPPORTED
core_040,A,4,scarce,energy_only,medium,uniform_20_120_s,simultaneous,pulse,high,jitter,mid_0p45_0p60,final_known,core_040_seed_02,49979687,explicit_locked_manifest,not_evaluated,not_evaluated_due_to_H2_PASSIVE_CAPABILITY_SET_NOT_SUPPORTED
core_040,A,4,scarce,energy_only,medium,uniform_20_120_s,simultaneous,pulse,high,jitter,mid_0p45_0p60,final_known,core_040_seed_03,67867967,explicit_locked_manifest,not_evaluated,not_evaluated_due_to_H2_PASSIVE_CAPABILITY_SET_NOT_SUPPORTED
core_040,A,4,scarce,energy_only,medium,uniform_20_120_s,simultaneous,pulse,high,jitter,mid_0p45_0p60,final_known,core_040_seed_04,86028121,explicit_locked_manifest,not_evaluated,not_evaluated_due_to_H2_PASSIVE_CAPABILITY_SET_NOT_SUPPORTED
core_040,A,4,scarce,energy_only,medium,uniform_20_120_s,simultaneous,pulse,high,jitter,mid_0p45_0p60,final_known,core_040_seed_05,104395303,explicit_locked_manifest,not_evaluated,not_evaluated_due_to_H2_PASSIVE_CAPABILITY_SET_NOT_SUPPORTED
core_040,A,4,scarce,energy_only,medium,uniform_20_120_s,simultaneous,pulse,high,jitter,mid_0p45_0p60,final_known,core_040_seed_06,122949823,explicit_locked_manifest,not_evaluated,not_evaluated_due_to_H2_PASSIVE_CAPABILITY_SET_NOT_SUPPORTED
core_040,A,4,scarce,energy_only,medium,uniform_20_120_s,simultaneous,pulse,high,jitter,mid_0p45_0p60,final_known,core_040_seed_07,141650939,explicit_locked_manifest,not_evaluated,not_evaluated_due_to_H2_PASSIVE_CAPABILITY_SET_NOT_SUPPORTED
core_040,A,4,scarce,energy_only,medium,uniform_20_120_s,simultaneous,pulse,high,jitter,mid_0p45_0p60,final_known,core_040_seed_08,160481183,explicit_locked_manifest,not_evaluated,not_evaluated_due_to_H2_PASSIVE_CAPABILITY_SET_NOT_SUPPORTED
core_040,A,4,scarce,energy_only,medium,uniform_20_120_s,simultaneous,pulse,high,jitter,mid_0p45_0p60,final_known,core_040_seed_09,179424673,explicit_locked_manifest,not_evaluated,not_evaluated_due_to_H2_PASSIVE_CAPABILITY_SET_NOT_SUPPORTED
core_040,A,4,scarce,energy_only,medium,uniform_20_120_s,simultaneous,pulse,high,jitter,mid_0p45_0p60,final_known,core_040_seed_10,198491317,explicit_locked_manifest,not_evaluated,not_evaluated_due_to_H2_PASSIVE_CAPABILITY_SET_NOT_SUPPORTED
core_040,A,4,scarce,energy_only,medium,uniform_20_120_s,simultaneous,pulse,high,jitter,mid_0p45_0p60,final_known,core_040_seed_11,217645199,explicit_locked_manifest,not_evaluated,not_evaluated_due_to_H2_PASSIVE_CAPABILITY_SET_NOT_SUPPORTED
core_040,A,4,scarce,energy_only,medium,uniform_20_120_s,simultaneous,pulse,high,jitter,mid_0p45_0p60,final_known,core_040_seed_12,236887699,explicit_locked_manifest,not_evaluated,not_evaluated_due_to_H2_PASSIVE_CAPABILITY_SET_NOT_SUPPORTED
core_040,A,4,scarce,energy_only,medium,uniform_20_120_s,simultaneous,pulse,high,jitter,mid_0p45_0p60,final_known,core_040_seed_13,256203221,explicit_locked_manifest,not_evaluated,not_evaluated_due_to_H2_PASSIVE_CAPABILITY_SET_NOT_SUPPORTED
core_040,A,4,scarce,energy_only,medium,uniform_20_120_s,simultaneous,pulse,high,jitter,mid_0p45_0p60,final_known,core_040_seed_14,275604541,explicit_locked_manifest,not_evaluated,not_evaluated_due_to_H2_PASSIVE_CAPABILITY_SET_NOT_SUPPORTED
core_040,A,4,scarce,energy_only,medium,uniform_20_120_s,simultaneous,pulse,high,jitter,mid_0p45_0p60,final_known,core_040_seed_15,295075147,explicit_locked_manifest,not_evaluated,not_evaluated_due_to_H2_PASSIVE_CAPABILITY_SET_NOT_SUPPORTED
core_040,A,4,scarce,energy_only,medium,uniform_20_120_s,simultaneous,pulse,high,jitter,mid_0p45_0p60,final_known,core_040_seed_16,314606891,explicit_locked_manifest,not_evaluated,not_evaluated_due_to_H2_PASSIVE_CAPABILITY_SET_NOT_SUPPORTED
core_040,A,4,scarce,energy_only,medium,uniform_20_120_s,simultaneous,pulse,high,jitter,mid_0p45_0p60,final_known,core_040_seed_17,334214467,explicit_locked_manifest,not_evaluated,not_evaluated_due_to_H2_PASSIVE_CAPABILITY_SET_NOT_SUPPORTED
core_040,A,4,scarce,energy_only,medium,uniform_20_120_s,simultaneous,pulse,high,jitter,mid_0p45_0p60,final_known,core_040_seed_18,353868013,explicit_locked_manifest,not_evaluated,not_evaluated_due_to_H2_PASSIVE_CAPABILITY_SET_NOT_SUPPORTED
core_040,A,4,scarce,energy_only,medium,uniform_20_120_s,simultaneous,pulse,high,jitter,mid_0p45_0p60,final_known,core_040_seed_19,373587883,explicit_locked_manifest,not_evaluated,not_evaluated_due_to_H2_PASSIVE_CAPABILITY_SET_NOT_SUPPORTED
core_041,A,4,critical,energy_only,medium,uniform_20_120_s,before,stochastic_net_load,low,normal,high_0p65_0p80,final_known,core_041_seed_00,15485863,explicit_locked_manifest,not_evaluated,not_evaluated_due_to_H2_PASSIVE_CAPABILITY_SET_NOT_SUPPORTED
core_041,A,4,critical,energy_only,medium,uniform_20_120_s,before,stochastic_net_load,low,normal,high_0p65_0p80,final_known,core_041_seed_01,32452843,explicit_locked_manifest,not_evaluated,not_evaluated_due_to_H2_PASSIVE_CAPABILITY_SET_NOT_SUPPORTED
core_041,A,4,critical,energy_only,medium,uniform_20_120_s,before,stochastic_net_load,low,normal,high_0p65_0p80,final_known,core_041_seed_02,49979687,explicit_locked_manifest,not_evaluated,not_evaluated_due_to_H2_PASSIVE_CAPABILITY_SET_NOT_SUPPORTED
core_041,A,4,critical,energy_only,medium,uniform_20_120_s,before,stochastic_net_load,low,normal,high_0p65_0p80,final_known,core_041_seed_03,67867967,explicit_locked_manifest,not_evaluated,not_evaluated_due_to_H2_PASSIVE_CAPABILITY_SET_NOT_SUPPORTED
core_041,A,4,critical,energy_only,medium,uniform_20_120_s,before,stochastic_net_load,low,normal,high_0p65_0p80,final_known,core_041_seed_04,86028121,explicit_locked_manifest,not_evaluated,not_evaluated_due_to_H2_PASSIVE_CAPABILITY_SET_NOT_SUPPORTED
core_041,A,4,critical,energy_only,medium,uniform_20_120_s,before,stochastic_net_load,low,normal,high_0p65_0p80,final_known,core_041_seed_05,104395303,explicit_locked_manifest,not_evaluated,not_evaluated_due_to_H2_PASSIVE_CAPABILITY_SET_NOT_SUPPORTED
core_041,A,4,critical,energy_only,medium,uniform_20_120_s,before,stochastic_net_load,low,normal,high_0p65_0p80,final_known,core_041_seed_06,122949823,explicit_locked_manifest,not_evaluated,not_evaluated_due_to_H2_PASSIVE_CAPABILITY_SET_NOT_SUPPORTED
core_041,A,4,critical,energy_only,medium,uniform_20_120_s,before,stochastic_net_load,low,normal,high_0p65_0p80,final_known,core_041_seed_07,141650939,explicit_locked_manifest,not_evaluated,not_evaluated_due_to_H2_PASSIVE_CAPABILITY_SET_NOT_SUPPORTED
core_041,A,4,critical,energy_only,medium,uniform_20_120_s,before,stochastic_net_load,low,normal,high_0p65_0p80,final_known,core_041_seed_08,160481183,explicit_locked_manifest,not_evaluated,not_evaluated_due_to_H2_PASSIVE_CAPABILITY_SET_NOT_SUPPORTED
core_041,A,4,critical,energy_only,medium,uniform_20_120_s,before,stochastic_net_load,low,normal,high_0p65_0p80,final_known,core_041_seed_09,179424673,explicit_locked_manifest,not_evaluated,not_evaluated_due_to_H2_PASSIVE_CAPABILITY_SET_NOT_SUPPORTED
core_041,A,4,critical,energy_only,medium,uniform_20_120_s,before,stochastic_net_load,low,normal,high_0p65_0p80,final_known,core_041_seed_10,198491317,explicit_locked_manifest,not_evaluated,not_evaluated_due_to_H2_PASSIVE_CAPABILITY_SET_NOT_SUPPORTED
core_041,A,4,critical,energy_only,medium,uniform_20_120_s,before,stochastic_net_load,low,normal,high_0p65_0p80,final_known,core_041_seed_11,217645199,explicit_locked_manifest,not_evaluated,not_evaluated_due_to_H2_PASSIVE_CAPABILITY_SET_NOT_SUPPORTED
core_041,A,4,critical,energy_only,medium,uniform_20_120_s,before,stochastic_net_load,low,normal,high_0p65_0p80,final_known,core_041_seed_12,236887699,explicit_locked_manifest,not_evaluated,not_evaluated_due_to_H2_PASSIVE_CAPABILITY_SET_NOT_SUPPORTED
core_041,A,4,critical,energy_only,medium,uniform_20_120_s,before,stochastic_net_load,low,normal,high_0p65_0p80,final_known,core_041_seed_13,256203221,explicit_locked_manifest,not_evaluated,not_evaluated_due_to_H2_PASSIVE_CAPABILITY_SET_NOT_SUPPORTED
core_041,A,4,critical,energy_only,medium,uniform_20_120_s,before,stochastic_net_load,low,normal,high_0p65_0p80,final_known,core_041_seed_14,275604541,explicit_locked_manifest,not_evaluated,not_evaluated_due_to_H2_PASSIVE_CAPABILITY_SET_NOT_SUPPORTED
core_041,A,4,critical,energy_only,medium,uniform_20_120_s,before,stochastic_net_load,low,normal,high_0p65_0p80,final_known,core_041_seed_15,295075147,explicit_locked_manifest,not_evaluated,not_evaluated_due_to_H2_PASSIVE_CAPABILITY_SET_NOT_SUPPORTED
core_041,A,4,critical,energy_only,medium,uniform_20_120_s,before,stochastic_net_load,low,normal,high_0p65_0p80,final_known,core_041_seed_16,314606891,explicit_locked_manifest,not_evaluated,not_evaluated_due_to_H2_PASSIVE_CAPABILITY_SET_NOT_SUPPORTED
core_041,A,4,critical,energy_only,medium,uniform_20_120_s,before,stochastic_net_load,low,normal,high_0p65_0p80,final_known,core_041_seed_17,334214467,explicit_locked_manifest,not_evaluated,not_evaluated_due_to_H2_PASSIVE_CAPABILITY_SET_NOT_SUPPORTED
core_041,A,4,critical,energy_only,medium,uniform_20_120_s,before,stochastic_net_load,low,normal,high_0p65_0p80,final_known,core_041_seed_18,353868013,explicit_locked_manifest,not_evaluated,not_evaluated_due_to_H2_PASSIVE_CAPABILITY_SET_NOT_SUPPORTED
core_041,A,4,critical,energy_only,medium,uniform_20_120_s,before,stochastic_net_load,low,normal,high_0p65_0p80,final_known,core_041_seed_19,373587883,explicit_locked_manifest,not_evaluated,not_evaluated_due_to_H2_PASSIVE_CAPABILITY_SET_NOT_SUPPORTED
core_042,A,2,adequate,energy_only,severe,uniform_20_120_s,no_incident,step,medium,random_dropout,low_0p25_0p40,final_known,core_042_seed_00,15485863,explicit_locked_manifest,not_evaluated,not_evaluated_due_to_H2_PASSIVE_CAPABILITY_SET_NOT_SUPPORTED
core_042,A,2,adequate,energy_only,severe,uniform_20_120_s,no_incident,step,medium,random_dropout,low_0p25_0p40,final_known,core_042_seed_01,32452843,explicit_locked_manifest,not_evaluated,not_evaluated_due_to_H2_PASSIVE_CAPABILITY_SET_NOT_SUPPORTED
core_042,A,2,adequate,energy_only,severe,uniform_20_120_s,no_incident,step,medium,random_dropout,low_0p25_0p40,final_known,core_042_seed_02,49979687,explicit_locked_manifest,not_evaluated,not_evaluated_due_to_H2_PASSIVE_CAPABILITY_SET_NOT_SUPPORTED
core_042,A,2,adequate,energy_only,severe,uniform_20_120_s,no_incident,step,medium,random_dropout,low_0p25_0p40,final_known,core_042_seed_03,67867967,explicit_locked_manifest,not_evaluated,not_evaluated_due_to_H2_PASSIVE_CAPABILITY_SET_NOT_SUPPORTED
core_042,A,2,adequate,energy_only,severe,uniform_20_120_s,no_incident,step,medium,random_dropout,low_0p25_0p40,final_known,core_042_seed_04,86028121,explicit_locked_manifest,not_evaluated,not_evaluated_due_to_H2_PASSIVE_CAPABILITY_SET_NOT_SUPPORTED
core_042,A,2,adequate,energy_only,severe,uniform_20_120_s,no_incident,step,medium,random_dropout,low_0p25_0p40,final_known,core_042_seed_05,104395303,explicit_locked_manifest,not_evaluated,not_evaluated_due_to_H2_PASSIVE_CAPABILITY_SET_NOT_SUPPORTED
core_042,A,2,adequate,energy_only,severe,uniform_20_120_s,no_incident,step,medium,random_dropout,low_0p25_0p40,final_known,core_042_seed_06,122949823,explicit_locked_manifest,not_evaluated,not_evaluated_due_to_H2_PASSIVE_CAPABILITY_SET_NOT_SUPPORTED
core_042,A,2,adequate,energy_only,severe,uniform_20_120_s,no_incident,step,medium,random_dropout,low_0p25_0p40,final_known,core_042_seed_07,141650939,explicit_locked_manifest,not_evaluated,not_evaluated_due_to_H2_PASSIVE_CAPABILITY_SET_NOT_SUPPORTED
core_042,A,2,adequate,energy_only,severe,uniform_20_120_s,no_incident,step,medium,random_dropout,low_0p25_0p40,final_known,core_042_seed_08,160481183,explicit_locked_manifest,not_evaluated,not_evaluated_due_to_H2_PASSIVE_CAPABILITY_SET_NOT_SUPPORTED
core_042,A,2,adequate,energy_only,severe,uniform_20_120_s,no_incident,step,medium,random_dropout,low_0p25_0p40,final_known,core_042_seed_09,179424673,explicit_locked_manifest,not_evaluated,not_evaluated_due_to_H2_PASSIVE_CAPABILITY_SET_NOT_SUPPORTED
core_042,A,2,adequate,energy_only,severe,uniform_20_120_s,no_incident,step,medium,random_dropout,low_0p25_0p40,final_known,core_042_seed_10,198491317,explicit_locked_manifest,not_evaluated,not_evaluated_due_to_H2_PASSIVE_CAPABILITY_SET_NOT_SUPPORTED
core_042,A,2,adequate,energy_only,severe,uniform_20_120_s,no_incident,step,medium,random_dropout,low_0p25_0p40,final_known,core_042_seed_11,217645199,explicit_locked_manifest,not_evaluated,not_evaluated_due_to_H2_PASSIVE_CAPABILITY_SET_NOT_SUPPORTED
core_042,A,2,adequate,energy_only,severe,uniform_20_120_s,no_incident,step,medium,random_dropout,low_0p25_0p40,final_known,core_042_seed_12,236887699,explicit_locked_manifest,not_evaluated,not_evaluated_due_to_H2_PASSIVE_CAPABILITY_SET_NOT_SUPPORTED
core_042,A,2,adequate,energy_only,severe,uniform_20_120_s,no_incident,step,medium,random_dropout,low_0p25_0p40,final_known,core_042_seed_13,256203221,explicit_locked_manifest,not_evaluated,not_evaluated_due_to_H2_PASSIVE_CAPABILITY_SET_NOT_SUPPORTED
core_042,A,2,adequate,energy_only,severe,uniform_20_120_s,no_incident,step,medium,random_dropout,low_0p25_0p40,final_known,core_042_seed_14,275604541,explicit_locked_manifest,not_evaluated,not_evaluated_due_to_H2_PASSIVE_CAPABILITY_SET_NOT_SUPPORTED
core_042,A,2,adequate,energy_only,severe,uniform_20_120_s,no_incident,step,medium,random_dropout,low_0p25_0p40,final_known,core_042_seed_15,295075147,explicit_locked_manifest,not_evaluated,not_evaluated_due_to_H2_PASSIVE_CAPABILITY_SET_NOT_SUPPORTED
core_042,A,2,adequate,energy_only,severe,uniform_20_120_s,no_incident,step,medium,random_dropout,low_0p25_0p40,final_known,core_042_seed_16,314606891,explicit_locked_manifest,not_evaluated,not_evaluated_due_to_H2_PASSIVE_CAPABILITY_SET_NOT_SUPPORTED
core_042,A,2,adequate,energy_only,severe,uniform_20_120_s,no_incident,step,medium,random_dropout,low_0p25_0p40,final_known,core_042_seed_17,334214467,explicit_locked_manifest,not_evaluated,not_evaluated_due_to_H2_PASSIVE_CAPABILITY_SET_NOT_SUPPORTED
core_042,A,2,adequate,energy_only,severe,uniform_20_120_s,no_incident,step,medium,random_dropout,low_0p25_0p40,final_known,core_042_seed_18,353868013,explicit_locked_manifest,not_evaluated,not_evaluated_due_to_H2_PASSIVE_CAPABILITY_SET_NOT_SUPPORTED
core_042,A,2,adequate,energy_only,severe,uniform_20_120_s,no_incident,step,medium,random_dropout,low_0p25_0p40,final_known,core_042_seed_19,373587883,explicit_locked_manifest,not_evaluated,not_evaluated_due_to_H2_PASSIVE_CAPABILITY_SET_NOT_SUPPORTED
core_043,A,2,scarce,energy_only,severe,uniform_20_120_s,after,ramp,high,jitter,mid_0p45_0p60,final_known,core_043_seed_00,15485863,explicit_locked_manifest,not_evaluated,not_evaluated_due_to_H2_PASSIVE_CAPABILITY_SET_NOT_SUPPORTED
core_043,A,2,scarce,energy_only,severe,uniform_20_120_s,after,ramp,high,jitter,mid_0p45_0p60,final_known,core_043_seed_01,32452843,explicit_locked_manifest,not_evaluated,not_evaluated_due_to_H2_PASSIVE_CAPABILITY_SET_NOT_SUPPORTED
core_043,A,2,scarce,energy_only,severe,uniform_20_120_s,after,ramp,high,jitter,mid_0p45_0p60,final_known,core_043_seed_02,49979687,explicit_locked_manifest,not_evaluated,not_evaluated_due_to_H2_PASSIVE_CAPABILITY_SET_NOT_SUPPORTED
core_043,A,2,scarce,energy_only,severe,uniform_20_120_s,after,ramp,high,jitter,mid_0p45_0p60,final_known,core_043_seed_03,67867967,explicit_locked_manifest,not_evaluated,not_evaluated_due_to_H2_PASSIVE_CAPABILITY_SET_NOT_SUPPORTED
core_043,A,2,scarce,energy_only,severe,uniform_20_120_s,after,ramp,high,jitter,mid_0p45_0p60,final_known,core_043_seed_04,86028121,explicit_locked_manifest,not_evaluated,not_evaluated_due_to_H2_PASSIVE_CAPABILITY_SET_NOT_SUPPORTED
core_043,A,2,scarce,energy_only,severe,uniform_20_120_s,after,ramp,high,jitter,mid_0p45_0p60,final_known,core_043_seed_05,104395303,explicit_locked_manifest,not_evaluated,not_evaluated_due_to_H2_PASSIVE_CAPABILITY_SET_NOT_SUPPORTED
core_043,A,2,scarce,energy_only,severe,uniform_20_120_s,after,ramp,high,jitter,mid_0p45_0p60,final_known,core_043_seed_06,122949823,explicit_locked_manifest,not_evaluated,not_evaluated_due_to_H2_PASSIVE_CAPABILITY_SET_NOT_SUPPORTED
core_043,A,2,scarce,energy_only,severe,uniform_20_120_s,after,ramp,high,jitter,mid_0p45_0p60,final_known,core_043_seed_07,141650939,explicit_locked_manifest,not_evaluated,not_evaluated_due_to_H2_PASSIVE_CAPABILITY_SET_NOT_SUPPORTED
core_043,A,2,scarce,energy_only,severe,uniform_20_120_s,after,ramp,high,jitter,mid_0p45_0p60,final_known,core_043_seed_08,160481183,explicit_locked_manifest,not_evaluated,not_evaluated_due_to_H2_PASSIVE_CAPABILITY_SET_NOT_SUPPORTED
core_043,A,2,scarce,energy_only,severe,uniform_20_120_s,after,ramp,high,jitter,mid_0p45_0p60,final_known,core_043_seed_09,179424673,explicit_locked_manifest,not_evaluated,not_evaluated_due_to_H2_PASSIVE_CAPABILITY_SET_NOT_SUPPORTED
core_043,A,2,scarce,energy_only,severe,uniform_20_120_s,after,ramp,high,jitter,mid_0p45_0p60,final_known,core_043_seed_10,198491317,explicit_locked_manifest,not_evaluated,not_evaluated_due_to_H2_PASSIVE_CAPABILITY_SET_NOT_SUPPORTED
core_043,A,2,scarce,energy_only,severe,uniform_20_120_s,after,ramp,high,jitter,mid_0p45_0p60,final_known,core_043_seed_11,217645199,explicit_locked_manifest,not_evaluated,not_evaluated_due_to_H2_PASSIVE_CAPABILITY_SET_NOT_SUPPORTED
core_043,A,2,scarce,energy_only,severe,uniform_20_120_s,after,ramp,high,jitter,mid_0p45_0p60,final_known,core_043_seed_12,236887699,explicit_locked_manifest,not_evaluated,not_evaluated_due_to_H2_PASSIVE_CAPABILITY_SET_NOT_SUPPORTED
core_043,A,2,scarce,energy_only,severe,uniform_20_120_s,after,ramp,high,jitter,mid_0p45_0p60,final_known,core_043_seed_13,256203221,explicit_locked_manifest,not_evaluated,not_evaluated_due_to_H2_PASSIVE_CAPABILITY_SET_NOT_SUPPORTED
core_043,A,2,scarce,energy_only,severe,uniform_20_120_s,after,ramp,high,jitter,mid_0p45_0p60,final_known,core_043_seed_14,275604541,explicit_locked_manifest,not_evaluated,not_evaluated_due_to_H2_PASSIVE_CAPABILITY_SET_NOT_SUPPORTED
core_043,A,2,scarce,energy_only,severe,uniform_20_120_s,after,ramp,high,jitter,mid_0p45_0p60,final_known,core_043_seed_15,295075147,explicit_locked_manifest,not_evaluated,not_evaluated_due_to_H2_PASSIVE_CAPABILITY_SET_NOT_SUPPORTED
core_043,A,2,scarce,energy_only,severe,uniform_20_120_s,after,ramp,high,jitter,mid_0p45_0p60,final_known,core_043_seed_16,314606891,explicit_locked_manifest,not_evaluated,not_evaluated_due_to_H2_PASSIVE_CAPABILITY_SET_NOT_SUPPORTED
core_043,A,2,scarce,energy_only,severe,uniform_20_120_s,after,ramp,high,jitter,mid_0p45_0p60,final_known,core_043_seed_17,334214467,explicit_locked_manifest,not_evaluated,not_evaluated_due_to_H2_PASSIVE_CAPABILITY_SET_NOT_SUPPORTED
core_043,A,2,scarce,energy_only,severe,uniform_20_120_s,after,ramp,high,jitter,mid_0p45_0p60,final_known,core_043_seed_18,353868013,explicit_locked_manifest,not_evaluated,not_evaluated_due_to_H2_PASSIVE_CAPABILITY_SET_NOT_SUPPORTED
core_043,A,2,scarce,energy_only,severe,uniform_20_120_s,after,ramp,high,jitter,mid_0p45_0p60,final_known,core_043_seed_19,373587883,explicit_locked_manifest,not_evaluated,not_evaluated_due_to_H2_PASSIVE_CAPABILITY_SET_NOT_SUPPORTED
core_044,A,2,critical,energy_only,severe,uniform_20_120_s,simultaneous,pulse,low,normal,high_0p65_0p80,final_known,core_044_seed_00,15485863,explicit_locked_manifest,not_evaluated,not_evaluated_due_to_H2_PASSIVE_CAPABILITY_SET_NOT_SUPPORTED
core_044,A,2,critical,energy_only,severe,uniform_20_120_s,simultaneous,pulse,low,normal,high_0p65_0p80,final_known,core_044_seed_01,32452843,explicit_locked_manifest,not_evaluated,not_evaluated_due_to_H2_PASSIVE_CAPABILITY_SET_NOT_SUPPORTED
core_044,A,2,critical,energy_only,severe,uniform_20_120_s,simultaneous,pulse,low,normal,high_0p65_0p80,final_known,core_044_seed_02,49979687,explicit_locked_manifest,not_evaluated,not_evaluated_due_to_H2_PASSIVE_CAPABILITY_SET_NOT_SUPPORTED
core_044,A,2,critical,energy_only,severe,uniform_20_120_s,simultaneous,pulse,low,normal,high_0p65_0p80,final_known,core_044_seed_03,67867967,explicit_locked_manifest,not_evaluated,not_evaluated_due_to_H2_PASSIVE_CAPABILITY_SET_NOT_SUPPORTED
core_044,A,2,critical,energy_only,severe,uniform_20_120_s,simultaneous,pulse,low,normal,high_0p65_0p80,final_known,core_044_seed_04,86028121,explicit_locked_manifest,not_evaluated,not_evaluated_due_to_H2_PASSIVE_CAPABILITY_SET_NOT_SUPPORTED
core_044,A,2,critical,energy_only,severe,uniform_20_120_s,simultaneous,pulse,low,normal,high_0p65_0p80,final_known,core_044_seed_05,104395303,explicit_locked_manifest,not_evaluated,not_evaluated_due_to_H2_PASSIVE_CAPABILITY_SET_NOT_SUPPORTED
core_044,A,2,critical,energy_only,severe,uniform_20_120_s,simultaneous,pulse,low,normal,high_0p65_0p80,final_known,core_044_seed_06,122949823,explicit_locked_manifest,not_evaluated,not_evaluated_due_to_H2_PASSIVE_CAPABILITY_SET_NOT_SUPPORTED
core_044,A,2,critical,energy_only,severe,uniform_20_120_s,simultaneous,pulse,low,normal,high_0p65_0p80,final_known,core_044_seed_07,141650939,explicit_locked_manifest,not_evaluated,not_evaluated_due_to_H2_PASSIVE_CAPABILITY_SET_NOT_SUPPORTED
core_044,A,2,critical,energy_only,severe,uniform_20_120_s,simultaneous,pulse,low,normal,high_0p65_0p80,final_known,core_044_seed_08,160481183,explicit_locked_manifest,not_evaluated,not_evaluated_due_to_H2_PASSIVE_CAPABILITY_SET_NOT_SUPPORTED
core_044,A,2,critical,energy_only,severe,uniform_20_120_s,simultaneous,pulse,low,normal,high_0p65_0p80,final_known,core_044_seed_09,179424673,explicit_locked_manifest,not_evaluated,not_evaluated_due_to_H2_PASSIVE_CAPABILITY_SET_NOT_SUPPORTED
core_044,A,2,critical,energy_only,severe,uniform_20_120_s,simultaneous,pulse,low,normal,high_0p65_0p80,final_known,core_044_seed_10,198491317,explicit_locked_manifest,not_evaluated,not_evaluated_due_to_H2_PASSIVE_CAPABILITY_SET_NOT_SUPPORTED
core_044,A,2,critical,energy_only,severe,uniform_20_120_s,simultaneous,pulse,low,normal,high_0p65_0p80,final_known,core_044_seed_11,217645199,explicit_locked_manifest,not_evaluated,not_evaluated_due_to_H2_PASSIVE_CAPABILITY_SET_NOT_SUPPORTED
core_044,A,2,critical,energy_only,severe,uniform_20_120_s,simultaneous,pulse,low,normal,high_0p65_0p80,final_known,core_044_seed_12,236887699,explicit_locked_manifest,not_evaluated,not_evaluated_due_to_H2_PASSIVE_CAPABILITY_SET_NOT_SUPPORTED
core_044,A,2,critical,energy_only,severe,uniform_20_120_s,simultaneous,pulse,low,normal,high_0p65_0p80,final_known,core_044_seed_13,256203221,explicit_locked_manifest,not_evaluated,not_evaluated_due_to_H2_PASSIVE_CAPABILITY_SET_NOT_SUPPORTED
core_044,A,2,critical,energy_only,severe,uniform_20_120_s,simultaneous,pulse,low,normal,high_0p65_0p80,final_known,core_044_seed_14,275604541,explicit_locked_manifest,not_evaluated,not_evaluated_due_to_H2_PASSIVE_CAPABILITY_SET_NOT_SUPPORTED
core_044,A,2,critical,energy_only,severe,uniform_20_120_s,simultaneous,pulse,low,normal,high_0p65_0p80,final_known,core_044_seed_15,295075147,explicit_locked_manifest,not_evaluated,not_evaluated_due_to_H2_PASSIVE_CAPABILITY_SET_NOT_SUPPORTED
core_044,A,2,critical,energy_only,severe,uniform_20_120_s,simultaneous,pulse,low,normal,high_0p65_0p80,final_known,core_044_seed_16,314606891,explicit_locked_manifest,not_evaluated,not_evaluated_due_to_H2_PASSIVE_CAPABILITY_SET_NOT_SUPPORTED
core_044,A,2,critical,energy_only,severe,uniform_20_120_s,simultaneous,pulse,low,normal,high_0p65_0p80,final_known,core_044_seed_17,334214467,explicit_locked_manifest,not_evaluated,not_evaluated_due_to_H2_PASSIVE_CAPABILITY_SET_NOT_SUPPORTED
core_044,A,2,critical,energy_only,severe,uniform_20_120_s,simultaneous,pulse,low,normal,high_0p65_0p80,final_known,core_044_seed_18,353868013,explicit_locked_manifest,not_evaluated,not_evaluated_due_to_H2_PASSIVE_CAPABILITY_SET_NOT_SUPPORTED
core_044,A,2,critical,energy_only,severe,uniform_20_120_s,simultaneous,pulse,low,normal,high_0p65_0p80,final_known,core_044_seed_19,373587883,explicit_locked_manifest,not_evaluated,not_evaluated_due_to_H2_PASSIVE_CAPABILITY_SET_NOT_SUPPORTED
core_045,A,4,adequate,availability_only,mild,uniform_20_120_s,before,stochastic_net_load,medium,random_dropout,low_0p25_0p40,final_known,core_045_seed_00,15485863,explicit_locked_manifest,not_evaluated,not_evaluated_due_to_H2_PASSIVE_CAPABILITY_SET_NOT_SUPPORTED
core_045,A,4,adequate,availability_only,mild,uniform_20_120_s,before,stochastic_net_load,medium,random_dropout,low_0p25_0p40,final_known,core_045_seed_01,32452843,explicit_locked_manifest,not_evaluated,not_evaluated_due_to_H2_PASSIVE_CAPABILITY_SET_NOT_SUPPORTED
core_045,A,4,adequate,availability_only,mild,uniform_20_120_s,before,stochastic_net_load,medium,random_dropout,low_0p25_0p40,final_known,core_045_seed_02,49979687,explicit_locked_manifest,not_evaluated,not_evaluated_due_to_H2_PASSIVE_CAPABILITY_SET_NOT_SUPPORTED
core_045,A,4,adequate,availability_only,mild,uniform_20_120_s,before,stochastic_net_load,medium,random_dropout,low_0p25_0p40,final_known,core_045_seed_03,67867967,explicit_locked_manifest,not_evaluated,not_evaluated_due_to_H2_PASSIVE_CAPABILITY_SET_NOT_SUPPORTED
core_045,A,4,adequate,availability_only,mild,uniform_20_120_s,before,stochastic_net_load,medium,random_dropout,low_0p25_0p40,final_known,core_045_seed_04,86028121,explicit_locked_manifest,not_evaluated,not_evaluated_due_to_H2_PASSIVE_CAPABILITY_SET_NOT_SUPPORTED
core_045,A,4,adequate,availability_only,mild,uniform_20_120_s,before,stochastic_net_load,medium,random_dropout,low_0p25_0p40,final_known,core_045_seed_05,104395303,explicit_locked_manifest,not_evaluated,not_evaluated_due_to_H2_PASSIVE_CAPABILITY_SET_NOT_SUPPORTED
core_045,A,4,adequate,availability_only,mild,uniform_20_120_s,before,stochastic_net_load,medium,random_dropout,low_0p25_0p40,final_known,core_045_seed_06,122949823,explicit_locked_manifest,not_evaluated,not_evaluated_due_to_H2_PASSIVE_CAPABILITY_SET_NOT_SUPPORTED
core_045,A,4,adequate,availability_only,mild,uniform_20_120_s,before,stochastic_net_load,medium,random_dropout,low_0p25_0p40,final_known,core_045_seed_07,141650939,explicit_locked_manifest,not_evaluated,not_evaluated_due_to_H2_PASSIVE_CAPABILITY_SET_NOT_SUPPORTED
core_045,A,4,adequate,availability_only,mild,uniform_20_120_s,before,stochastic_net_load,medium,random_dropout,low_0p25_0p40,final_known,core_045_seed_08,160481183,explicit_locked_manifest,not_evaluated,not_evaluated_due_to_H2_PASSIVE_CAPABILITY_SET_NOT_SUPPORTED
core_045,A,4,adequate,availability_only,mild,uniform_20_120_s,before,stochastic_net_load,medium,random_dropout,low_0p25_0p40,final_known,core_045_seed_09,179424673,explicit_locked_manifest,not_evaluated,not_evaluated_due_to_H2_PASSIVE_CAPABILITY_SET_NOT_SUPPORTED
core_045,A,4,adequate,availability_only,mild,uniform_20_120_s,before,stochastic_net_load,medium,random_dropout,low_0p25_0p40,final_known,core_045_seed_10,198491317,explicit_locked_manifest,not_evaluated,not_evaluated_due_to_H2_PASSIVE_CAPABILITY_SET_NOT_SUPPORTED
core_045,A,4,adequate,availability_only,mild,uniform_20_120_s,before,stochastic_net_load,medium,random_dropout,low_0p25_0p40,final_known,core_045_seed_11,217645199,explicit_locked_manifest,not_evaluated,not_evaluated_due_to_H2_PASSIVE_CAPABILITY_SET_NOT_SUPPORTED
core_045,A,4,adequate,availability_only,mild,uniform_20_120_s,before,stochastic_net_load,medium,random_dropout,low_0p25_0p40,final_known,core_045_seed_12,236887699,explicit_locked_manifest,not_evaluated,not_evaluated_due_to_H2_PASSIVE_CAPABILITY_SET_NOT_SUPPORTED
core_045,A,4,adequate,availability_only,mild,uniform_20_120_s,before,stochastic_net_load,medium,random_dropout,low_0p25_0p40,final_known,core_045_seed_13,256203221,explicit_locked_manifest,not_evaluated,not_evaluated_due_to_H2_PASSIVE_CAPABILITY_SET_NOT_SUPPORTED
core_045,A,4,adequate,availability_only,mild,uniform_20_120_s,before,stochastic_net_load,medium,random_dropout,low_0p25_0p40,final_known,core_045_seed_14,275604541,explicit_locked_manifest,not_evaluated,not_evaluated_due_to_H2_PASSIVE_CAPABILITY_SET_NOT_SUPPORTED
core_045,A,4,adequate,availability_only,mild,uniform_20_120_s,before,stochastic_net_load,medium,random_dropout,low_0p25_0p40,final_known,core_045_seed_15,295075147,explicit_locked_manifest,not_evaluated,not_evaluated_due_to_H2_PASSIVE_CAPABILITY_SET_NOT_SUPPORTED
core_045,A,4,adequate,availability_only,mild,uniform_20_120_s,before,stochastic_net_load,medium,random_dropout,low_0p25_0p40,final_known,core_045_seed_16,314606891,explicit_locked_manifest,not_evaluated,not_evaluated_due_to_H2_PASSIVE_CAPABILITY_SET_NOT_SUPPORTED
core_045,A,4,adequate,availability_only,mild,uniform_20_120_s,before,stochastic_net_load,medium,random_dropout,low_0p25_0p40,final_known,core_045_seed_17,334214467,explicit_locked_manifest,not_evaluated,not_evaluated_due_to_H2_PASSIVE_CAPABILITY_SET_NOT_SUPPORTED
core_045,A,4,adequate,availability_only,mild,uniform_20_120_s,before,stochastic_net_load,medium,random_dropout,low_0p25_0p40,final_known,core_045_seed_18,353868013,explicit_locked_manifest,not_evaluated,not_evaluated_due_to_H2_PASSIVE_CAPABILITY_SET_NOT_SUPPORTED
core_045,A,4,adequate,availability_only,mild,uniform_20_120_s,before,stochastic_net_load,medium,random_dropout,low_0p25_0p40,final_known,core_045_seed_19,373587883,explicit_locked_manifest,not_evaluated,not_evaluated_due_to_H2_PASSIVE_CAPABILITY_SET_NOT_SUPPORTED
core_046,A,4,scarce,availability_only,mild,uniform_20_120_s,no_incident,step,high,jitter,mid_0p45_0p60,final_known,core_046_seed_00,15485863,explicit_locked_manifest,not_evaluated,not_evaluated_due_to_H2_PASSIVE_CAPABILITY_SET_NOT_SUPPORTED
core_046,A,4,scarce,availability_only,mild,uniform_20_120_s,no_incident,step,high,jitter,mid_0p45_0p60,final_known,core_046_seed_01,32452843,explicit_locked_manifest,not_evaluated,not_evaluated_due_to_H2_PASSIVE_CAPABILITY_SET_NOT_SUPPORTED
core_046,A,4,scarce,availability_only,mild,uniform_20_120_s,no_incident,step,high,jitter,mid_0p45_0p60,final_known,core_046_seed_02,49979687,explicit_locked_manifest,not_evaluated,not_evaluated_due_to_H2_PASSIVE_CAPABILITY_SET_NOT_SUPPORTED
core_046,A,4,scarce,availability_only,mild,uniform_20_120_s,no_incident,step,high,jitter,mid_0p45_0p60,final_known,core_046_seed_03,67867967,explicit_locked_manifest,not_evaluated,not_evaluated_due_to_H2_PASSIVE_CAPABILITY_SET_NOT_SUPPORTED
core_046,A,4,scarce,availability_only,mild,uniform_20_120_s,no_incident,step,high,jitter,mid_0p45_0p60,final_known,core_046_seed_04,86028121,explicit_locked_manifest,not_evaluated,not_evaluated_due_to_H2_PASSIVE_CAPABILITY_SET_NOT_SUPPORTED
core_046,A,4,scarce,availability_only,mild,uniform_20_120_s,no_incident,step,high,jitter,mid_0p45_0p60,final_known,core_046_seed_05,104395303,explicit_locked_manifest,not_evaluated,not_evaluated_due_to_H2_PASSIVE_CAPABILITY_SET_NOT_SUPPORTED
core_046,A,4,scarce,availability_only,mild,uniform_20_120_s,no_incident,step,high,jitter,mid_0p45_0p60,final_known,core_046_seed_06,122949823,explicit_locked_manifest,not_evaluated,not_evaluated_due_to_H2_PASSIVE_CAPABILITY_SET_NOT_SUPPORTED
core_046,A,4,scarce,availability_only,mild,uniform_20_120_s,no_incident,step,high,jitter,mid_0p45_0p60,final_known,core_046_seed_07,141650939,explicit_locked_manifest,not_evaluated,not_evaluated_due_to_H2_PASSIVE_CAPABILITY_SET_NOT_SUPPORTED
core_046,A,4,scarce,availability_only,mild,uniform_20_120_s,no_incident,step,high,jitter,mid_0p45_0p60,final_known,core_046_seed_08,160481183,explicit_locked_manifest,not_evaluated,not_evaluated_due_to_H2_PASSIVE_CAPABILITY_SET_NOT_SUPPORTED
core_046,A,4,scarce,availability_only,mild,uniform_20_120_s,no_incident,step,high,jitter,mid_0p45_0p60,final_known,core_046_seed_09,179424673,explicit_locked_manifest,not_evaluated,not_evaluated_due_to_H2_PASSIVE_CAPABILITY_SET_NOT_SUPPORTED
core_046,A,4,scarce,availability_only,mild,uniform_20_120_s,no_incident,step,high,jitter,mid_0p45_0p60,final_known,core_046_seed_10,198491317,explicit_locked_manifest,not_evaluated,not_evaluated_due_to_H2_PASSIVE_CAPABILITY_SET_NOT_SUPPORTED
core_046,A,4,scarce,availability_only,mild,uniform_20_120_s,no_incident,step,high,jitter,mid_0p45_0p60,final_known,core_046_seed_11,217645199,explicit_locked_manifest,not_evaluated,not_evaluated_due_to_H2_PASSIVE_CAPABILITY_SET_NOT_SUPPORTED
core_046,A,4,scarce,availability_only,mild,uniform_20_120_s,no_incident,step,high,jitter,mid_0p45_0p60,final_known,core_046_seed_12,236887699,explicit_locked_manifest,not_evaluated,not_evaluated_due_to_H2_PASSIVE_CAPABILITY_SET_NOT_SUPPORTED
core_046,A,4,scarce,availability_only,mild,uniform_20_120_s,no_incident,step,high,jitter,mid_0p45_0p60,final_known,core_046_seed_13,256203221,explicit_locked_manifest,not_evaluated,not_evaluated_due_to_H2_PASSIVE_CAPABILITY_SET_NOT_SUPPORTED
core_046,A,4,scarce,availability_only,mild,uniform_20_120_s,no_incident,step,high,jitter,mid_0p45_0p60,final_known,core_046_seed_14,275604541,explicit_locked_manifest,not_evaluated,not_evaluated_due_to_H2_PASSIVE_CAPABILITY_SET_NOT_SUPPORTED
core_046,A,4,scarce,availability_only,mild,uniform_20_120_s,no_incident,step,high,jitter,mid_0p45_0p60,final_known,core_046_seed_15,295075147,explicit_locked_manifest,not_evaluated,not_evaluated_due_to_H2_PASSIVE_CAPABILITY_SET_NOT_SUPPORTED
core_046,A,4,scarce,availability_only,mild,uniform_20_120_s,no_incident,step,high,jitter,mid_0p45_0p60,final_known,core_046_seed_16,314606891,explicit_locked_manifest,not_evaluated,not_evaluated_due_to_H2_PASSIVE_CAPABILITY_SET_NOT_SUPPORTED
core_046,A,4,scarce,availability_only,mild,uniform_20_120_s,no_incident,step,high,jitter,mid_0p45_0p60,final_known,core_046_seed_17,334214467,explicit_locked_manifest,not_evaluated,not_evaluated_due_to_H2_PASSIVE_CAPABILITY_SET_NOT_SUPPORTED
core_046,A,4,scarce,availability_only,mild,uniform_20_120_s,no_incident,step,high,jitter,mid_0p45_0p60,final_known,core_046_seed_18,353868013,explicit_locked_manifest,not_evaluated,not_evaluated_due_to_H2_PASSIVE_CAPABILITY_SET_NOT_SUPPORTED
core_046,A,4,scarce,availability_only,mild,uniform_20_120_s,no_incident,step,high,jitter,mid_0p45_0p60,final_known,core_046_seed_19,373587883,explicit_locked_manifest,not_evaluated,not_evaluated_due_to_H2_PASSIVE_CAPABILITY_SET_NOT_SUPPORTED
core_047,A,4,critical,availability_only,mild,uniform_20_120_s,after,ramp,low,normal,high_0p65_0p80,final_known,core_047_seed_00,15485863,explicit_locked_manifest,not_evaluated,not_evaluated_due_to_H2_PASSIVE_CAPABILITY_SET_NOT_SUPPORTED
core_047,A,4,critical,availability_only,mild,uniform_20_120_s,after,ramp,low,normal,high_0p65_0p80,final_known,core_047_seed_01,32452843,explicit_locked_manifest,not_evaluated,not_evaluated_due_to_H2_PASSIVE_CAPABILITY_SET_NOT_SUPPORTED
core_047,A,4,critical,availability_only,mild,uniform_20_120_s,after,ramp,low,normal,high_0p65_0p80,final_known,core_047_seed_02,49979687,explicit_locked_manifest,not_evaluated,not_evaluated_due_to_H2_PASSIVE_CAPABILITY_SET_NOT_SUPPORTED
core_047,A,4,critical,availability_only,mild,uniform_20_120_s,after,ramp,low,normal,high_0p65_0p80,final_known,core_047_seed_03,67867967,explicit_locked_manifest,not_evaluated,not_evaluated_due_to_H2_PASSIVE_CAPABILITY_SET_NOT_SUPPORTED
core_047,A,4,critical,availability_only,mild,uniform_20_120_s,after,ramp,low,normal,high_0p65_0p80,final_known,core_047_seed_04,86028121,explicit_locked_manifest,not_evaluated,not_evaluated_due_to_H2_PASSIVE_CAPABILITY_SET_NOT_SUPPORTED
core_047,A,4,critical,availability_only,mild,uniform_20_120_s,after,ramp,low,normal,high_0p65_0p80,final_known,core_047_seed_05,104395303,explicit_locked_manifest,not_evaluated,not_evaluated_due_to_H2_PASSIVE_CAPABILITY_SET_NOT_SUPPORTED
core_047,A,4,critical,availability_only,mild,uniform_20_120_s,after,ramp,low,normal,high_0p65_0p80,final_known,core_047_seed_06,122949823,explicit_locked_manifest,not_evaluated,not_evaluated_due_to_H2_PASSIVE_CAPABILITY_SET_NOT_SUPPORTED
core_047,A,4,critical,availability_only,mild,uniform_20_120_s,after,ramp,low,normal,high_0p65_0p80,final_known,core_047_seed_07,141650939,explicit_locked_manifest,not_evaluated,not_evaluated_due_to_H2_PASSIVE_CAPABILITY_SET_NOT_SUPPORTED
core_047,A,4,critical,availability_only,mild,uniform_20_120_s,after,ramp,low,normal,high_0p65_0p80,final_known,core_047_seed_08,160481183,explicit_locked_manifest,not_evaluated,not_evaluated_due_to_H2_PASSIVE_CAPABILITY_SET_NOT_SUPPORTED
core_047,A,4,critical,availability_only,mild,uniform_20_120_s,after,ramp,low,normal,high_0p65_0p80,final_known,core_047_seed_09,179424673,explicit_locked_manifest,not_evaluated,not_evaluated_due_to_H2_PASSIVE_CAPABILITY_SET_NOT_SUPPORTED
core_047,A,4,critical,availability_only,mild,uniform_20_120_s,after,ramp,low,normal,high_0p65_0p80,final_known,core_047_seed_10,198491317,explicit_locked_manifest,not_evaluated,not_evaluated_due_to_H2_PASSIVE_CAPABILITY_SET_NOT_SUPPORTED
core_047,A,4,critical,availability_only,mild,uniform_20_120_s,after,ramp,low,normal,high_0p65_0p80,final_known,core_047_seed_11,217645199,explicit_locked_manifest,not_evaluated,not_evaluated_due_to_H2_PASSIVE_CAPABILITY_SET_NOT_SUPPORTED
core_047,A,4,critical,availability_only,mild,uniform_20_120_s,after,ramp,low,normal,high_0p65_0p80,final_known,core_047_seed_12,236887699,explicit_locked_manifest,not_evaluated,not_evaluated_due_to_H2_PASSIVE_CAPABILITY_SET_NOT_SUPPORTED
core_047,A,4,critical,availability_only,mild,uniform_20_120_s,after,ramp,low,normal,high_0p65_0p80,final_known,core_047_seed_13,256203221,explicit_locked_manifest,not_evaluated,not_evaluated_due_to_H2_PASSIVE_CAPABILITY_SET_NOT_SUPPORTED
core_047,A,4,critical,availability_only,mild,uniform_20_120_s,after,ramp,low,normal,high_0p65_0p80,final_known,core_047_seed_14,275604541,explicit_locked_manifest,not_evaluated,not_evaluated_due_to_H2_PASSIVE_CAPABILITY_SET_NOT_SUPPORTED
core_047,A,4,critical,availability_only,mild,uniform_20_120_s,after,ramp,low,normal,high_0p65_0p80,final_known,core_047_seed_15,295075147,explicit_locked_manifest,not_evaluated,not_evaluated_due_to_H2_PASSIVE_CAPABILITY_SET_NOT_SUPPORTED
core_047,A,4,critical,availability_only,mild,uniform_20_120_s,after,ramp,low,normal,high_0p65_0p80,final_known,core_047_seed_16,314606891,explicit_locked_manifest,not_evaluated,not_evaluated_due_to_H2_PASSIVE_CAPABILITY_SET_NOT_SUPPORTED
core_047,A,4,critical,availability_only,mild,uniform_20_120_s,after,ramp,low,normal,high_0p65_0p80,final_known,core_047_seed_17,334214467,explicit_locked_manifest,not_evaluated,not_evaluated_due_to_H2_PASSIVE_CAPABILITY_SET_NOT_SUPPORTED
core_047,A,4,critical,availability_only,mild,uniform_20_120_s,after,ramp,low,normal,high_0p65_0p80,final_known,core_047_seed_18,353868013,explicit_locked_manifest,not_evaluated,not_evaluated_due_to_H2_PASSIVE_CAPABILITY_SET_NOT_SUPPORTED
core_047,A,4,critical,availability_only,mild,uniform_20_120_s,after,ramp,low,normal,high_0p65_0p80,final_known,core_047_seed_19,373587883,explicit_locked_manifest,not_evaluated,not_evaluated_due_to_H2_PASSIVE_CAPABILITY_SET_NOT_SUPPORTED
core_048,A,2,adequate,availability_only,medium,uniform_20_120_s,simultaneous,pulse,medium,random_dropout,low_0p25_0p40,final_known,core_048_seed_00,15485863,explicit_locked_manifest,not_evaluated,not_evaluated_due_to_H2_PASSIVE_CAPABILITY_SET_NOT_SUPPORTED
core_048,A,2,adequate,availability_only,medium,uniform_20_120_s,simultaneous,pulse,medium,random_dropout,low_0p25_0p40,final_known,core_048_seed_01,32452843,explicit_locked_manifest,not_evaluated,not_evaluated_due_to_H2_PASSIVE_CAPABILITY_SET_NOT_SUPPORTED
core_048,A,2,adequate,availability_only,medium,uniform_20_120_s,simultaneous,pulse,medium,random_dropout,low_0p25_0p40,final_known,core_048_seed_02,49979687,explicit_locked_manifest,not_evaluated,not_evaluated_due_to_H2_PASSIVE_CAPABILITY_SET_NOT_SUPPORTED
core_048,A,2,adequate,availability_only,medium,uniform_20_120_s,simultaneous,pulse,medium,random_dropout,low_0p25_0p40,final_known,core_048_seed_03,67867967,explicit_locked_manifest,not_evaluated,not_evaluated_due_to_H2_PASSIVE_CAPABILITY_SET_NOT_SUPPORTED
core_048,A,2,adequate,availability_only,medium,uniform_20_120_s,simultaneous,pulse,medium,random_dropout,low_0p25_0p40,final_known,core_048_seed_04,86028121,explicit_locked_manifest,not_evaluated,not_evaluated_due_to_H2_PASSIVE_CAPABILITY_SET_NOT_SUPPORTED
core_048,A,2,adequate,availability_only,medium,uniform_20_120_s,simultaneous,pulse,medium,random_dropout,low_0p25_0p40,final_known,core_048_seed_05,104395303,explicit_locked_manifest,not_evaluated,not_evaluated_due_to_H2_PASSIVE_CAPABILITY_SET_NOT_SUPPORTED
core_048,A,2,adequate,availability_only,medium,uniform_20_120_s,simultaneous,pulse,medium,random_dropout,low_0p25_0p40,final_known,core_048_seed_06,122949823,explicit_locked_manifest,not_evaluated,not_evaluated_due_to_H2_PASSIVE_CAPABILITY_SET_NOT_SUPPORTED
core_048,A,2,adequate,availability_only,medium,uniform_20_120_s,simultaneous,pulse,medium,random_dropout,low_0p25_0p40,final_known,core_048_seed_07,141650939,explicit_locked_manifest,not_evaluated,not_evaluated_due_to_H2_PASSIVE_CAPABILITY_SET_NOT_SUPPORTED
core_048,A,2,adequate,availability_only,medium,uniform_20_120_s,simultaneous,pulse,medium,random_dropout,low_0p25_0p40,final_known,core_048_seed_08,160481183,explicit_locked_manifest,not_evaluated,not_evaluated_due_to_H2_PASSIVE_CAPABILITY_SET_NOT_SUPPORTED
core_048,A,2,adequate,availability_only,medium,uniform_20_120_s,simultaneous,pulse,medium,random_dropout,low_0p25_0p40,final_known,core_048_seed_09,179424673,explicit_locked_manifest,not_evaluated,not_evaluated_due_to_H2_PASSIVE_CAPABILITY_SET_NOT_SUPPORTED
core_048,A,2,adequate,availability_only,medium,uniform_20_120_s,simultaneous,pulse,medium,random_dropout,low_0p25_0p40,final_known,core_048_seed_10,198491317,explicit_locked_manifest,not_evaluated,not_evaluated_due_to_H2_PASSIVE_CAPABILITY_SET_NOT_SUPPORTED
core_048,A,2,adequate,availability_only,medium,uniform_20_120_s,simultaneous,pulse,medium,random_dropout,low_0p25_0p40,final_known,core_048_seed_11,217645199,explicit_locked_manifest,not_evaluated,not_evaluated_due_to_H2_PASSIVE_CAPABILITY_SET_NOT_SUPPORTED
core_048,A,2,adequate,availability_only,medium,uniform_20_120_s,simultaneous,pulse,medium,random_dropout,low_0p25_0p40,final_known,core_048_seed_12,236887699,explicit_locked_manifest,not_evaluated,not_evaluated_due_to_H2_PASSIVE_CAPABILITY_SET_NOT_SUPPORTED
core_048,A,2,adequate,availability_only,medium,uniform_20_120_s,simultaneous,pulse,medium,random_dropout,low_0p25_0p40,final_known,core_048_seed_13,256203221,explicit_locked_manifest,not_evaluated,not_evaluated_due_to_H2_PASSIVE_CAPABILITY_SET_NOT_SUPPORTED
core_048,A,2,adequate,availability_only,medium,uniform_20_120_s,simultaneous,pulse,medium,random_dropout,low_0p25_0p40,final_known,core_048_seed_14,275604541,explicit_locked_manifest,not_evaluated,not_evaluated_due_to_H2_PASSIVE_CAPABILITY_SET_NOT_SUPPORTED
core_048,A,2,adequate,availability_only,medium,uniform_20_120_s,simultaneous,pulse,medium,random_dropout,low_0p25_0p40,final_known,core_048_seed_15,295075147,explicit_locked_manifest,not_evaluated,not_evaluated_due_to_H2_PASSIVE_CAPABILITY_SET_NOT_SUPPORTED
core_048,A,2,adequate,availability_only,medium,uniform_20_120_s,simultaneous,pulse,medium,random_dropout,low_0p25_0p40,final_known,core_048_seed_16,314606891,explicit_locked_manifest,not_evaluated,not_evaluated_due_to_H2_PASSIVE_CAPABILITY_SET_NOT_SUPPORTED
core_048,A,2,adequate,availability_only,medium,uniform_20_120_s,simultaneous,pulse,medium,random_dropout,low_0p25_0p40,final_known,core_048_seed_17,334214467,explicit_locked_manifest,not_evaluated,not_evaluated_due_to_H2_PASSIVE_CAPABILITY_SET_NOT_SUPPORTED
core_048,A,2,adequate,availability_only,medium,uniform_20_120_s,simultaneous,pulse,medium,random_dropout,low_0p25_0p40,final_known,core_048_seed_18,353868013,explicit_locked_manifest,not_evaluated,not_evaluated_due_to_H2_PASSIVE_CAPABILITY_SET_NOT_SUPPORTED
core_048,A,2,adequate,availability_only,medium,uniform_20_120_s,simultaneous,pulse,medium,random_dropout,low_0p25_0p40,final_known,core_048_seed_19,373587883,explicit_locked_manifest,not_evaluated,not_evaluated_due_to_H2_PASSIVE_CAPABILITY_SET_NOT_SUPPORTED
core_049,A,2,scarce,availability_only,medium,uniform_20_120_s,before,stochastic_net_load,high,jitter,mid_0p45_0p60,final_known,core_049_seed_00,15485863,explicit_locked_manifest,not_evaluated,not_evaluated_due_to_H2_PASSIVE_CAPABILITY_SET_NOT_SUPPORTED
core_049,A,2,scarce,availability_only,medium,uniform_20_120_s,before,stochastic_net_load,high,jitter,mid_0p45_0p60,final_known,core_049_seed_01,32452843,explicit_locked_manifest,not_evaluated,not_evaluated_due_to_H2_PASSIVE_CAPABILITY_SET_NOT_SUPPORTED
core_049,A,2,scarce,availability_only,medium,uniform_20_120_s,before,stochastic_net_load,high,jitter,mid_0p45_0p60,final_known,core_049_seed_02,49979687,explicit_locked_manifest,not_evaluated,not_evaluated_due_to_H2_PASSIVE_CAPABILITY_SET_NOT_SUPPORTED
core_049,A,2,scarce,availability_only,medium,uniform_20_120_s,before,stochastic_net_load,high,jitter,mid_0p45_0p60,final_known,core_049_seed_03,67867967,explicit_locked_manifest,not_evaluated,not_evaluated_due_to_H2_PASSIVE_CAPABILITY_SET_NOT_SUPPORTED
core_049,A,2,scarce,availability_only,medium,uniform_20_120_s,before,stochastic_net_load,high,jitter,mid_0p45_0p60,final_known,core_049_seed_04,86028121,explicit_locked_manifest,not_evaluated,not_evaluated_due_to_H2_PASSIVE_CAPABILITY_SET_NOT_SUPPORTED
core_049,A,2,scarce,availability_only,medium,uniform_20_120_s,before,stochastic_net_load,high,jitter,mid_0p45_0p60,final_known,core_049_seed_05,104395303,explicit_locked_manifest,not_evaluated,not_evaluated_due_to_H2_PASSIVE_CAPABILITY_SET_NOT_SUPPORTED
core_049,A,2,scarce,availability_only,medium,uniform_20_120_s,before,stochastic_net_load,high,jitter,mid_0p45_0p60,final_known,core_049_seed_06,122949823,explicit_locked_manifest,not_evaluated,not_evaluated_due_to_H2_PASSIVE_CAPABILITY_SET_NOT_SUPPORTED
core_049,A,2,scarce,availability_only,medium,uniform_20_120_s,before,stochastic_net_load,high,jitter,mid_0p45_0p60,final_known,core_049_seed_07,141650939,explicit_locked_manifest,not_evaluated,not_evaluated_due_to_H2_PASSIVE_CAPABILITY_SET_NOT_SUPPORTED
core_049,A,2,scarce,availability_only,medium,uniform_20_120_s,before,stochastic_net_load,high,jitter,mid_0p45_0p60,final_known,core_049_seed_08,160481183,explicit_locked_manifest,not_evaluated,not_evaluated_due_to_H2_PASSIVE_CAPABILITY_SET_NOT_SUPPORTED
core_049,A,2,scarce,availability_only,medium,uniform_20_120_s,before,stochastic_net_load,high,jitter,mid_0p45_0p60,final_known,core_049_seed_09,179424673,explicit_locked_manifest,not_evaluated,not_evaluated_due_to_H2_PASSIVE_CAPABILITY_SET_NOT_SUPPORTED
core_049,A,2,scarce,availability_only,medium,uniform_20_120_s,before,stochastic_net_load,high,jitter,mid_0p45_0p60,final_known,core_049_seed_10,198491317,explicit_locked_manifest,not_evaluated,not_evaluated_due_to_H2_PASSIVE_CAPABILITY_SET_NOT_SUPPORTED
core_049,A,2,scarce,availability_only,medium,uniform_20_120_s,before,stochastic_net_load,high,jitter,mid_0p45_0p60,final_known,core_049_seed_11,217645199,explicit_locked_manifest,not_evaluated,not_evaluated_due_to_H2_PASSIVE_CAPABILITY_SET_NOT_SUPPORTED
core_049,A,2,scarce,availability_only,medium,uniform_20_120_s,before,stochastic_net_load,high,jitter,mid_0p45_0p60,final_known,core_049_seed_12,236887699,explicit_locked_manifest,not_evaluated,not_evaluated_due_to_H2_PASSIVE_CAPABILITY_SET_NOT_SUPPORTED
core_049,A,2,scarce,availability_only,medium,uniform_20_120_s,before,stochastic_net_load,high,jitter,mid_0p45_0p60,final_known,core_049_seed_13,256203221,explicit_locked_manifest,not_evaluated,not_evaluated_due_to_H2_PASSIVE_CAPABILITY_SET_NOT_SUPPORTED
core_049,A,2,scarce,availability_only,medium,uniform_20_120_s,before,stochastic_net_load,high,jitter,mid_0p45_0p60,final_known,core_049_seed_14,275604541,explicit_locked_manifest,not_evaluated,not_evaluated_due_to_H2_PASSIVE_CAPABILITY_SET_NOT_SUPPORTED
core_049,A,2,scarce,availability_only,medium,uniform_20_120_s,before,stochastic_net_load,high,jitter,mid_0p45_0p60,final_known,core_049_seed_15,295075147,explicit_locked_manifest,not_evaluated,not_evaluated_due_to_H2_PASSIVE_CAPABILITY_SET_NOT_SUPPORTED
core_049,A,2,scarce,availability_only,medium,uniform_20_120_s,before,stochastic_net_load,high,jitter,mid_0p45_0p60,final_known,core_049_seed_16,314606891,explicit_locked_manifest,not_evaluated,not_evaluated_due_to_H2_PASSIVE_CAPABILITY_SET_NOT_SUPPORTED
core_049,A,2,scarce,availability_only,medium,uniform_20_120_s,before,stochastic_net_load,high,jitter,mid_0p45_0p60,final_known,core_049_seed_17,334214467,explicit_locked_manifest,not_evaluated,not_evaluated_due_to_H2_PASSIVE_CAPABILITY_SET_NOT_SUPPORTED
core_049,A,2,scarce,availability_only,medium,uniform_20_120_s,before,stochastic_net_load,high,jitter,mid_0p45_0p60,final_known,core_049_seed_18,353868013,explicit_locked_manifest,not_evaluated,not_evaluated_due_to_H2_PASSIVE_CAPABILITY_SET_NOT_SUPPORTED
core_049,A,2,scarce,availability_only,medium,uniform_20_120_s,before,stochastic_net_load,high,jitter,mid_0p45_0p60,final_known,core_049_seed_19,373587883,explicit_locked_manifest,not_evaluated,not_evaluated_due_to_H2_PASSIVE_CAPABILITY_SET_NOT_SUPPORTED
core_050,A,2,critical,availability_only,medium,uniform_20_120_s,no_incident,step,low,normal,high_0p65_0p80,final_known,core_050_seed_00,15485863,explicit_locked_manifest,not_evaluated,not_evaluated_due_to_H2_PASSIVE_CAPABILITY_SET_NOT_SUPPORTED
core_050,A,2,critical,availability_only,medium,uniform_20_120_s,no_incident,step,low,normal,high_0p65_0p80,final_known,core_050_seed_01,32452843,explicit_locked_manifest,not_evaluated,not_evaluated_due_to_H2_PASSIVE_CAPABILITY_SET_NOT_SUPPORTED
core_050,A,2,critical,availability_only,medium,uniform_20_120_s,no_incident,step,low,normal,high_0p65_0p80,final_known,core_050_seed_02,49979687,explicit_locked_manifest,not_evaluated,not_evaluated_due_to_H2_PASSIVE_CAPABILITY_SET_NOT_SUPPORTED
core_050,A,2,critical,availability_only,medium,uniform_20_120_s,no_incident,step,low,normal,high_0p65_0p80,final_known,core_050_seed_03,67867967,explicit_locked_manifest,not_evaluated,not_evaluated_due_to_H2_PASSIVE_CAPABILITY_SET_NOT_SUPPORTED
core_050,A,2,critical,availability_only,medium,uniform_20_120_s,no_incident,step,low,normal,high_0p65_0p80,final_known,core_050_seed_04,86028121,explicit_locked_manifest,not_evaluated,not_evaluated_due_to_H2_PASSIVE_CAPABILITY_SET_NOT_SUPPORTED
core_050,A,2,critical,availability_only,medium,uniform_20_120_s,no_incident,step,low,normal,high_0p65_0p80,final_known,core_050_seed_05,104395303,explicit_locked_manifest,not_evaluated,not_evaluated_due_to_H2_PASSIVE_CAPABILITY_SET_NOT_SUPPORTED
core_050,A,2,critical,availability_only,medium,uniform_20_120_s,no_incident,step,low,normal,high_0p65_0p80,final_known,core_050_seed_06,122949823,explicit_locked_manifest,not_evaluated,not_evaluated_due_to_H2_PASSIVE_CAPABILITY_SET_NOT_SUPPORTED
core_050,A,2,critical,availability_only,medium,uniform_20_120_s,no_incident,step,low,normal,high_0p65_0p80,final_known,core_050_seed_07,141650939,explicit_locked_manifest,not_evaluated,not_evaluated_due_to_H2_PASSIVE_CAPABILITY_SET_NOT_SUPPORTED
core_050,A,2,critical,availability_only,medium,uniform_20_120_s,no_incident,step,low,normal,high_0p65_0p80,final_known,core_050_seed_08,160481183,explicit_locked_manifest,not_evaluated,not_evaluated_due_to_H2_PASSIVE_CAPABILITY_SET_NOT_SUPPORTED
core_050,A,2,critical,availability_only,medium,uniform_20_120_s,no_incident,step,low,normal,high_0p65_0p80,final_known,core_050_seed_09,179424673,explicit_locked_manifest,not_evaluated,not_evaluated_due_to_H2_PASSIVE_CAPABILITY_SET_NOT_SUPPORTED
core_050,A,2,critical,availability_only,medium,uniform_20_120_s,no_incident,step,low,normal,high_0p65_0p80,final_known,core_050_seed_10,198491317,explicit_locked_manifest,not_evaluated,not_evaluated_due_to_H2_PASSIVE_CAPABILITY_SET_NOT_SUPPORTED
core_050,A,2,critical,availability_only,medium,uniform_20_120_s,no_incident,step,low,normal,high_0p65_0p80,final_known,core_050_seed_11,217645199,explicit_locked_manifest,not_evaluated,not_evaluated_due_to_H2_PASSIVE_CAPABILITY_SET_NOT_SUPPORTED
core_050,A,2,critical,availability_only,medium,uniform_20_120_s,no_incident,step,low,normal,high_0p65_0p80,final_known,core_050_seed_12,236887699,explicit_locked_manifest,not_evaluated,not_evaluated_due_to_H2_PASSIVE_CAPABILITY_SET_NOT_SUPPORTED
core_050,A,2,critical,availability_only,medium,uniform_20_120_s,no_incident,step,low,normal,high_0p65_0p80,final_known,core_050_seed_13,256203221,explicit_locked_manifest,not_evaluated,not_evaluated_due_to_H2_PASSIVE_CAPABILITY_SET_NOT_SUPPORTED
core_050,A,2,critical,availability_only,medium,uniform_20_120_s,no_incident,step,low,normal,high_0p65_0p80,final_known,core_050_seed_14,275604541,explicit_locked_manifest,not_evaluated,not_evaluated_due_to_H2_PASSIVE_CAPABILITY_SET_NOT_SUPPORTED
core_050,A,2,critical,availability_only,medium,uniform_20_120_s,no_incident,step,low,normal,high_0p65_0p80,final_known,core_050_seed_15,295075147,explicit_locked_manifest,not_evaluated,not_evaluated_due_to_H2_PASSIVE_CAPABILITY_SET_NOT_SUPPORTED
core_050,A,2,critical,availability_only,medium,uniform_20_120_s,no_incident,step,low,normal,high_0p65_0p80,final_known,core_050_seed_16,314606891,explicit_locked_manifest,not_evaluated,not_evaluated_due_to_H2_PASSIVE_CAPABILITY_SET_NOT_SUPPORTED
core_050,A,2,critical,availability_only,medium,uniform_20_120_s,no_incident,step,low,normal,high_0p65_0p80,final_known,core_050_seed_17,334214467,explicit_locked_manifest,not_evaluated,not_evaluated_due_to_H2_PASSIVE_CAPABILITY_SET_NOT_SUPPORTED
core_050,A,2,critical,availability_only,medium,uniform_20_120_s,no_incident,step,low,normal,high_0p65_0p80,final_known,core_050_seed_18,353868013,explicit_locked_manifest,not_evaluated,not_evaluated_due_to_H2_PASSIVE_CAPABILITY_SET_NOT_SUPPORTED
core_050,A,2,critical,availability_only,medium,uniform_20_120_s,no_incident,step,low,normal,high_0p65_0p80,final_known,core_050_seed_19,373587883,explicit_locked_manifest,not_evaluated,not_evaluated_due_to_H2_PASSIVE_CAPABILITY_SET_NOT_SUPPORTED
core_051,A,4,adequate,availability_only,severe,uniform_20_120_s,after,ramp,medium,random_dropout,low_0p25_0p40,final_known,core_051_seed_00,15485863,explicit_locked_manifest,not_evaluated,not_evaluated_due_to_H2_PASSIVE_CAPABILITY_SET_NOT_SUPPORTED
core_051,A,4,adequate,availability_only,severe,uniform_20_120_s,after,ramp,medium,random_dropout,low_0p25_0p40,final_known,core_051_seed_01,32452843,explicit_locked_manifest,not_evaluated,not_evaluated_due_to_H2_PASSIVE_CAPABILITY_SET_NOT_SUPPORTED
core_051,A,4,adequate,availability_only,severe,uniform_20_120_s,after,ramp,medium,random_dropout,low_0p25_0p40,final_known,core_051_seed_02,49979687,explicit_locked_manifest,not_evaluated,not_evaluated_due_to_H2_PASSIVE_CAPABILITY_SET_NOT_SUPPORTED
core_051,A,4,adequate,availability_only,severe,uniform_20_120_s,after,ramp,medium,random_dropout,low_0p25_0p40,final_known,core_051_seed_03,67867967,explicit_locked_manifest,not_evaluated,not_evaluated_due_to_H2_PASSIVE_CAPABILITY_SET_NOT_SUPPORTED
core_051,A,4,adequate,availability_only,severe,uniform_20_120_s,after,ramp,medium,random_dropout,low_0p25_0p40,final_known,core_051_seed_04,86028121,explicit_locked_manifest,not_evaluated,not_evaluated_due_to_H2_PASSIVE_CAPABILITY_SET_NOT_SUPPORTED
core_051,A,4,adequate,availability_only,severe,uniform_20_120_s,after,ramp,medium,random_dropout,low_0p25_0p40,final_known,core_051_seed_05,104395303,explicit_locked_manifest,not_evaluated,not_evaluated_due_to_H2_PASSIVE_CAPABILITY_SET_NOT_SUPPORTED
core_051,A,4,adequate,availability_only,severe,uniform_20_120_s,after,ramp,medium,random_dropout,low_0p25_0p40,final_known,core_051_seed_06,122949823,explicit_locked_manifest,not_evaluated,not_evaluated_due_to_H2_PASSIVE_CAPABILITY_SET_NOT_SUPPORTED
core_051,A,4,adequate,availability_only,severe,uniform_20_120_s,after,ramp,medium,random_dropout,low_0p25_0p40,final_known,core_051_seed_07,141650939,explicit_locked_manifest,not_evaluated,not_evaluated_due_to_H2_PASSIVE_CAPABILITY_SET_NOT_SUPPORTED
core_051,A,4,adequate,availability_only,severe,uniform_20_120_s,after,ramp,medium,random_dropout,low_0p25_0p40,final_known,core_051_seed_08,160481183,explicit_locked_manifest,not_evaluated,not_evaluated_due_to_H2_PASSIVE_CAPABILITY_SET_NOT_SUPPORTED
core_051,A,4,adequate,availability_only,severe,uniform_20_120_s,after,ramp,medium,random_dropout,low_0p25_0p40,final_known,core_051_seed_09,179424673,explicit_locked_manifest,not_evaluated,not_evaluated_due_to_H2_PASSIVE_CAPABILITY_SET_NOT_SUPPORTED
core_051,A,4,adequate,availability_only,severe,uniform_20_120_s,after,ramp,medium,random_dropout,low_0p25_0p40,final_known,core_051_seed_10,198491317,explicit_locked_manifest,not_evaluated,not_evaluated_due_to_H2_PASSIVE_CAPABILITY_SET_NOT_SUPPORTED
core_051,A,4,adequate,availability_only,severe,uniform_20_120_s,after,ramp,medium,random_dropout,low_0p25_0p40,final_known,core_051_seed_11,217645199,explicit_locked_manifest,not_evaluated,not_evaluated_due_to_H2_PASSIVE_CAPABILITY_SET_NOT_SUPPORTED
core_051,A,4,adequate,availability_only,severe,uniform_20_120_s,after,ramp,medium,random_dropout,low_0p25_0p40,final_known,core_051_seed_12,236887699,explicit_locked_manifest,not_evaluated,not_evaluated_due_to_H2_PASSIVE_CAPABILITY_SET_NOT_SUPPORTED
core_051,A,4,adequate,availability_only,severe,uniform_20_120_s,after,ramp,medium,random_dropout,low_0p25_0p40,final_known,core_051_seed_13,256203221,explicit_locked_manifest,not_evaluated,not_evaluated_due_to_H2_PASSIVE_CAPABILITY_SET_NOT_SUPPORTED
core_051,A,4,adequate,availability_only,severe,uniform_20_120_s,after,ramp,medium,random_dropout,low_0p25_0p40,final_known,core_051_seed_14,275604541,explicit_locked_manifest,not_evaluated,not_evaluated_due_to_H2_PASSIVE_CAPABILITY_SET_NOT_SUPPORTED
core_051,A,4,adequate,availability_only,severe,uniform_20_120_s,after,ramp,medium,random_dropout,low_0p25_0p40,final_known,core_051_seed_15,295075147,explicit_locked_manifest,not_evaluated,not_evaluated_due_to_H2_PASSIVE_CAPABILITY_SET_NOT_SUPPORTED
core_051,A,4,adequate,availability_only,severe,uniform_20_120_s,after,ramp,medium,random_dropout,low_0p25_0p40,final_known,core_051_seed_16,314606891,explicit_locked_manifest,not_evaluated,not_evaluated_due_to_H2_PASSIVE_CAPABILITY_SET_NOT_SUPPORTED
core_051,A,4,adequate,availability_only,severe,uniform_20_120_s,after,ramp,medium,random_dropout,low_0p25_0p40,final_known,core_051_seed_17,334214467,explicit_locked_manifest,not_evaluated,not_evaluated_due_to_H2_PASSIVE_CAPABILITY_SET_NOT_SUPPORTED
core_051,A,4,adequate,availability_only,severe,uniform_20_120_s,after,ramp,medium,random_dropout,low_0p25_0p40,final_known,core_051_seed_18,353868013,explicit_locked_manifest,not_evaluated,not_evaluated_due_to_H2_PASSIVE_CAPABILITY_SET_NOT_SUPPORTED
core_051,A,4,adequate,availability_only,severe,uniform_20_120_s,after,ramp,medium,random_dropout,low_0p25_0p40,final_known,core_051_seed_19,373587883,explicit_locked_manifest,not_evaluated,not_evaluated_due_to_H2_PASSIVE_CAPABILITY_SET_NOT_SUPPORTED
core_052,A,4,scarce,availability_only,severe,uniform_20_120_s,simultaneous,pulse,high,jitter,mid_0p45_0p60,final_known,core_052_seed_00,15485863,explicit_locked_manifest,not_evaluated,not_evaluated_due_to_H2_PASSIVE_CAPABILITY_SET_NOT_SUPPORTED
core_052,A,4,scarce,availability_only,severe,uniform_20_120_s,simultaneous,pulse,high,jitter,mid_0p45_0p60,final_known,core_052_seed_01,32452843,explicit_locked_manifest,not_evaluated,not_evaluated_due_to_H2_PASSIVE_CAPABILITY_SET_NOT_SUPPORTED
core_052,A,4,scarce,availability_only,severe,uniform_20_120_s,simultaneous,pulse,high,jitter,mid_0p45_0p60,final_known,core_052_seed_02,49979687,explicit_locked_manifest,not_evaluated,not_evaluated_due_to_H2_PASSIVE_CAPABILITY_SET_NOT_SUPPORTED
core_052,A,4,scarce,availability_only,severe,uniform_20_120_s,simultaneous,pulse,high,jitter,mid_0p45_0p60,final_known,core_052_seed_03,67867967,explicit_locked_manifest,not_evaluated,not_evaluated_due_to_H2_PASSIVE_CAPABILITY_SET_NOT_SUPPORTED
core_052,A,4,scarce,availability_only,severe,uniform_20_120_s,simultaneous,pulse,high,jitter,mid_0p45_0p60,final_known,core_052_seed_04,86028121,explicit_locked_manifest,not_evaluated,not_evaluated_due_to_H2_PASSIVE_CAPABILITY_SET_NOT_SUPPORTED
core_052,A,4,scarce,availability_only,severe,uniform_20_120_s,simultaneous,pulse,high,jitter,mid_0p45_0p60,final_known,core_052_seed_05,104395303,explicit_locked_manifest,not_evaluated,not_evaluated_due_to_H2_PASSIVE_CAPABILITY_SET_NOT_SUPPORTED
core_052,A,4,scarce,availability_only,severe,uniform_20_120_s,simultaneous,pulse,high,jitter,mid_0p45_0p60,final_known,core_052_seed_06,122949823,explicit_locked_manifest,not_evaluated,not_evaluated_due_to_H2_PASSIVE_CAPABILITY_SET_NOT_SUPPORTED
core_052,A,4,scarce,availability_only,severe,uniform_20_120_s,simultaneous,pulse,high,jitter,mid_0p45_0p60,final_known,core_052_seed_07,141650939,explicit_locked_manifest,not_evaluated,not_evaluated_due_to_H2_PASSIVE_CAPABILITY_SET_NOT_SUPPORTED
core_052,A,4,scarce,availability_only,severe,uniform_20_120_s,simultaneous,pulse,high,jitter,mid_0p45_0p60,final_known,core_052_seed_08,160481183,explicit_locked_manifest,not_evaluated,not_evaluated_due_to_H2_PASSIVE_CAPABILITY_SET_NOT_SUPPORTED
core_052,A,4,scarce,availability_only,severe,uniform_20_120_s,simultaneous,pulse,high,jitter,mid_0p45_0p60,final_known,core_052_seed_09,179424673,explicit_locked_manifest,not_evaluated,not_evaluated_due_to_H2_PASSIVE_CAPABILITY_SET_NOT_SUPPORTED
core_052,A,4,scarce,availability_only,severe,uniform_20_120_s,simultaneous,pulse,high,jitter,mid_0p45_0p60,final_known,core_052_seed_10,198491317,explicit_locked_manifest,not_evaluated,not_evaluated_due_to_H2_PASSIVE_CAPABILITY_SET_NOT_SUPPORTED
core_052,A,4,scarce,availability_only,severe,uniform_20_120_s,simultaneous,pulse,high,jitter,mid_0p45_0p60,final_known,core_052_seed_11,217645199,explicit_locked_manifest,not_evaluated,not_evaluated_due_to_H2_PASSIVE_CAPABILITY_SET_NOT_SUPPORTED
core_052,A,4,scarce,availability_only,severe,uniform_20_120_s,simultaneous,pulse,high,jitter,mid_0p45_0p60,final_known,core_052_seed_12,236887699,explicit_locked_manifest,not_evaluated,not_evaluated_due_to_H2_PASSIVE_CAPABILITY_SET_NOT_SUPPORTED
core_052,A,4,scarce,availability_only,severe,uniform_20_120_s,simultaneous,pulse,high,jitter,mid_0p45_0p60,final_known,core_052_seed_13,256203221,explicit_locked_manifest,not_evaluated,not_evaluated_due_to_H2_PASSIVE_CAPABILITY_SET_NOT_SUPPORTED
core_052,A,4,scarce,availability_only,severe,uniform_20_120_s,simultaneous,pulse,high,jitter,mid_0p45_0p60,final_known,core_052_seed_14,275604541,explicit_locked_manifest,not_evaluated,not_evaluated_due_to_H2_PASSIVE_CAPABILITY_SET_NOT_SUPPORTED
core_052,A,4,scarce,availability_only,severe,uniform_20_120_s,simultaneous,pulse,high,jitter,mid_0p45_0p60,final_known,core_052_seed_15,295075147,explicit_locked_manifest,not_evaluated,not_evaluated_due_to_H2_PASSIVE_CAPABILITY_SET_NOT_SUPPORTED
core_052,A,4,scarce,availability_only,severe,uniform_20_120_s,simultaneous,pulse,high,jitter,mid_0p45_0p60,final_known,core_052_seed_16,314606891,explicit_locked_manifest,not_evaluated,not_evaluated_due_to_H2_PASSIVE_CAPABILITY_SET_NOT_SUPPORTED
core_052,A,4,scarce,availability_only,severe,uniform_20_120_s,simultaneous,pulse,high,jitter,mid_0p45_0p60,final_known,core_052_seed_17,334214467,explicit_locked_manifest,not_evaluated,not_evaluated_due_to_H2_PASSIVE_CAPABILITY_SET_NOT_SUPPORTED
core_052,A,4,scarce,availability_only,severe,uniform_20_120_s,simultaneous,pulse,high,jitter,mid_0p45_0p60,final_known,core_052_seed_18,353868013,explicit_locked_manifest,not_evaluated,not_evaluated_due_to_H2_PASSIVE_CAPABILITY_SET_NOT_SUPPORTED
core_052,A,4,scarce,availability_only,severe,uniform_20_120_s,simultaneous,pulse,high,jitter,mid_0p45_0p60,final_known,core_052_seed_19,373587883,explicit_locked_manifest,not_evaluated,not_evaluated_due_to_H2_PASSIVE_CAPABILITY_SET_NOT_SUPPORTED
core_053,A,4,critical,availability_only,severe,uniform_20_120_s,before,stochastic_net_load,low,normal,high_0p65_0p80,final_known,core_053_seed_00,15485863,explicit_locked_manifest,not_evaluated,not_evaluated_due_to_H2_PASSIVE_CAPABILITY_SET_NOT_SUPPORTED
core_053,A,4,critical,availability_only,severe,uniform_20_120_s,before,stochastic_net_load,low,normal,high_0p65_0p80,final_known,core_053_seed_01,32452843,explicit_locked_manifest,not_evaluated,not_evaluated_due_to_H2_PASSIVE_CAPABILITY_SET_NOT_SUPPORTED
core_053,A,4,critical,availability_only,severe,uniform_20_120_s,before,stochastic_net_load,low,normal,high_0p65_0p80,final_known,core_053_seed_02,49979687,explicit_locked_manifest,not_evaluated,not_evaluated_due_to_H2_PASSIVE_CAPABILITY_SET_NOT_SUPPORTED
core_053,A,4,critical,availability_only,severe,uniform_20_120_s,before,stochastic_net_load,low,normal,high_0p65_0p80,final_known,core_053_seed_03,67867967,explicit_locked_manifest,not_evaluated,not_evaluated_due_to_H2_PASSIVE_CAPABILITY_SET_NOT_SUPPORTED
core_053,A,4,critical,availability_only,severe,uniform_20_120_s,before,stochastic_net_load,low,normal,high_0p65_0p80,final_known,core_053_seed_04,86028121,explicit_locked_manifest,not_evaluated,not_evaluated_due_to_H2_PASSIVE_CAPABILITY_SET_NOT_SUPPORTED
core_053,A,4,critical,availability_only,severe,uniform_20_120_s,before,stochastic_net_load,low,normal,high_0p65_0p80,final_known,core_053_seed_05,104395303,explicit_locked_manifest,not_evaluated,not_evaluated_due_to_H2_PASSIVE_CAPABILITY_SET_NOT_SUPPORTED
core_053,A,4,critical,availability_only,severe,uniform_20_120_s,before,stochastic_net_load,low,normal,high_0p65_0p80,final_known,core_053_seed_06,122949823,explicit_locked_manifest,not_evaluated,not_evaluated_due_to_H2_PASSIVE_CAPABILITY_SET_NOT_SUPPORTED
core_053,A,4,critical,availability_only,severe,uniform_20_120_s,before,stochastic_net_load,low,normal,high_0p65_0p80,final_known,core_053_seed_07,141650939,explicit_locked_manifest,not_evaluated,not_evaluated_due_to_H2_PASSIVE_CAPABILITY_SET_NOT_SUPPORTED
core_053,A,4,critical,availability_only,severe,uniform_20_120_s,before,stochastic_net_load,low,normal,high_0p65_0p80,final_known,core_053_seed_08,160481183,explicit_locked_manifest,not_evaluated,not_evaluated_due_to_H2_PASSIVE_CAPABILITY_SET_NOT_SUPPORTED
core_053,A,4,critical,availability_only,severe,uniform_20_120_s,before,stochastic_net_load,low,normal,high_0p65_0p80,final_known,core_053_seed_09,179424673,explicit_locked_manifest,not_evaluated,not_evaluated_due_to_H2_PASSIVE_CAPABILITY_SET_NOT_SUPPORTED
core_053,A,4,critical,availability_only,severe,uniform_20_120_s,before,stochastic_net_load,low,normal,high_0p65_0p80,final_known,core_053_seed_10,198491317,explicit_locked_manifest,not_evaluated,not_evaluated_due_to_H2_PASSIVE_CAPABILITY_SET_NOT_SUPPORTED
core_053,A,4,critical,availability_only,severe,uniform_20_120_s,before,stochastic_net_load,low,normal,high_0p65_0p80,final_known,core_053_seed_11,217645199,explicit_locked_manifest,not_evaluated,not_evaluated_due_to_H2_PASSIVE_CAPABILITY_SET_NOT_SUPPORTED
core_053,A,4,critical,availability_only,severe,uniform_20_120_s,before,stochastic_net_load,low,normal,high_0p65_0p80,final_known,core_053_seed_12,236887699,explicit_locked_manifest,not_evaluated,not_evaluated_due_to_H2_PASSIVE_CAPABILITY_SET_NOT_SUPPORTED
core_053,A,4,critical,availability_only,severe,uniform_20_120_s,before,stochastic_net_load,low,normal,high_0p65_0p80,final_known,core_053_seed_13,256203221,explicit_locked_manifest,not_evaluated,not_evaluated_due_to_H2_PASSIVE_CAPABILITY_SET_NOT_SUPPORTED
core_053,A,4,critical,availability_only,severe,uniform_20_120_s,before,stochastic_net_load,low,normal,high_0p65_0p80,final_known,core_053_seed_14,275604541,explicit_locked_manifest,not_evaluated,not_evaluated_due_to_H2_PASSIVE_CAPABILITY_SET_NOT_SUPPORTED
core_053,A,4,critical,availability_only,severe,uniform_20_120_s,before,stochastic_net_load,low,normal,high_0p65_0p80,final_known,core_053_seed_15,295075147,explicit_locked_manifest,not_evaluated,not_evaluated_due_to_H2_PASSIVE_CAPABILITY_SET_NOT_SUPPORTED
core_053,A,4,critical,availability_only,severe,uniform_20_120_s,before,stochastic_net_load,low,normal,high_0p65_0p80,final_known,core_053_seed_16,314606891,explicit_locked_manifest,not_evaluated,not_evaluated_due_to_H2_PASSIVE_CAPABILITY_SET_NOT_SUPPORTED
core_053,A,4,critical,availability_only,severe,uniform_20_120_s,before,stochastic_net_load,low,normal,high_0p65_0p80,final_known,core_053_seed_17,334214467,explicit_locked_manifest,not_evaluated,not_evaluated_due_to_H2_PASSIVE_CAPABILITY_SET_NOT_SUPPORTED
core_053,A,4,critical,availability_only,severe,uniform_20_120_s,before,stochastic_net_load,low,normal,high_0p65_0p80,final_known,core_053_seed_18,353868013,explicit_locked_manifest,not_evaluated,not_evaluated_due_to_H2_PASSIVE_CAPABILITY_SET_NOT_SUPPORTED
core_053,A,4,critical,availability_only,severe,uniform_20_120_s,before,stochastic_net_load,low,normal,high_0p65_0p80,final_known,core_053_seed_19,373587883,explicit_locked_manifest,not_evaluated,not_evaluated_due_to_H2_PASSIVE_CAPABILITY_SET_NOT_SUPPORTED
core_054,B,2,adequate,nominal,mild,uniform_20_120_s,no_incident,step,medium,random_dropout,low_0p25_0p40,final_known_negative_control,core_054_seed_00,15485863,explicit_locked_manifest,not_evaluated,not_evaluated_due_to_H2_PASSIVE_CAPABILITY_SET_NOT_SUPPORTED
core_054,B,2,adequate,nominal,mild,uniform_20_120_s,no_incident,step,medium,random_dropout,low_0p25_0p40,final_known_negative_control,core_054_seed_01,32452843,explicit_locked_manifest,not_evaluated,not_evaluated_due_to_H2_PASSIVE_CAPABILITY_SET_NOT_SUPPORTED
core_054,B,2,adequate,nominal,mild,uniform_20_120_s,no_incident,step,medium,random_dropout,low_0p25_0p40,final_known_negative_control,core_054_seed_02,49979687,explicit_locked_manifest,not_evaluated,not_evaluated_due_to_H2_PASSIVE_CAPABILITY_SET_NOT_SUPPORTED
core_054,B,2,adequate,nominal,mild,uniform_20_120_s,no_incident,step,medium,random_dropout,low_0p25_0p40,final_known_negative_control,core_054_seed_03,67867967,explicit_locked_manifest,not_evaluated,not_evaluated_due_to_H2_PASSIVE_CAPABILITY_SET_NOT_SUPPORTED
core_054,B,2,adequate,nominal,mild,uniform_20_120_s,no_incident,step,medium,random_dropout,low_0p25_0p40,final_known_negative_control,core_054_seed_04,86028121,explicit_locked_manifest,not_evaluated,not_evaluated_due_to_H2_PASSIVE_CAPABILITY_SET_NOT_SUPPORTED
core_054,B,2,adequate,nominal,mild,uniform_20_120_s,no_incident,step,medium,random_dropout,low_0p25_0p40,final_known_negative_control,core_054_seed_05,104395303,explicit_locked_manifest,not_evaluated,not_evaluated_due_to_H2_PASSIVE_CAPABILITY_SET_NOT_SUPPORTED
core_054,B,2,adequate,nominal,mild,uniform_20_120_s,no_incident,step,medium,random_dropout,low_0p25_0p40,final_known_negative_control,core_054_seed_06,122949823,explicit_locked_manifest,not_evaluated,not_evaluated_due_to_H2_PASSIVE_CAPABILITY_SET_NOT_SUPPORTED
core_054,B,2,adequate,nominal,mild,uniform_20_120_s,no_incident,step,medium,random_dropout,low_0p25_0p40,final_known_negative_control,core_054_seed_07,141650939,explicit_locked_manifest,not_evaluated,not_evaluated_due_to_H2_PASSIVE_CAPABILITY_SET_NOT_SUPPORTED
core_054,B,2,adequate,nominal,mild,uniform_20_120_s,no_incident,step,medium,random_dropout,low_0p25_0p40,final_known_negative_control,core_054_seed_08,160481183,explicit_locked_manifest,not_evaluated,not_evaluated_due_to_H2_PASSIVE_CAPABILITY_SET_NOT_SUPPORTED
core_054,B,2,adequate,nominal,mild,uniform_20_120_s,no_incident,step,medium,random_dropout,low_0p25_0p40,final_known_negative_control,core_054_seed_09,179424673,explicit_locked_manifest,not_evaluated,not_evaluated_due_to_H2_PASSIVE_CAPABILITY_SET_NOT_SUPPORTED
core_054,B,2,adequate,nominal,mild,uniform_20_120_s,no_incident,step,medium,random_dropout,low_0p25_0p40,final_known_negative_control,core_054_seed_10,198491317,explicit_locked_manifest,not_evaluated,not_evaluated_due_to_H2_PASSIVE_CAPABILITY_SET_NOT_SUPPORTED
core_054,B,2,adequate,nominal,mild,uniform_20_120_s,no_incident,step,medium,random_dropout,low_0p25_0p40,final_known_negative_control,core_054_seed_11,217645199,explicit_locked_manifest,not_evaluated,not_evaluated_due_to_H2_PASSIVE_CAPABILITY_SET_NOT_SUPPORTED
core_054,B,2,adequate,nominal,mild,uniform_20_120_s,no_incident,step,medium,random_dropout,low_0p25_0p40,final_known_negative_control,core_054_seed_12,236887699,explicit_locked_manifest,not_evaluated,not_evaluated_due_to_H2_PASSIVE_CAPABILITY_SET_NOT_SUPPORTED
core_054,B,2,adequate,nominal,mild,uniform_20_120_s,no_incident,step,medium,random_dropout,low_0p25_0p40,final_known_negative_control,core_054_seed_13,256203221,explicit_locked_manifest,not_evaluated,not_evaluated_due_to_H2_PASSIVE_CAPABILITY_SET_NOT_SUPPORTED
core_054,B,2,adequate,nominal,mild,uniform_20_120_s,no_incident,step,medium,random_dropout,low_0p25_0p40,final_known_negative_control,core_054_seed_14,275604541,explicit_locked_manifest,not_evaluated,not_evaluated_due_to_H2_PASSIVE_CAPABILITY_SET_NOT_SUPPORTED
core_054,B,2,adequate,nominal,mild,uniform_20_120_s,no_incident,step,medium,random_dropout,low_0p25_0p40,final_known_negative_control,core_054_seed_15,295075147,explicit_locked_manifest,not_evaluated,not_evaluated_due_to_H2_PASSIVE_CAPABILITY_SET_NOT_SUPPORTED
core_054,B,2,adequate,nominal,mild,uniform_20_120_s,no_incident,step,medium,random_dropout,low_0p25_0p40,final_known_negative_control,core_054_seed_16,314606891,explicit_locked_manifest,not_evaluated,not_evaluated_due_to_H2_PASSIVE_CAPABILITY_SET_NOT_SUPPORTED
core_054,B,2,adequate,nominal,mild,uniform_20_120_s,no_incident,step,medium,random_dropout,low_0p25_0p40,final_known_negative_control,core_054_seed_17,334214467,explicit_locked_manifest,not_evaluated,not_evaluated_due_to_H2_PASSIVE_CAPABILITY_SET_NOT_SUPPORTED
core_054,B,2,adequate,nominal,mild,uniform_20_120_s,no_incident,step,medium,random_dropout,low_0p25_0p40,final_known_negative_control,core_054_seed_18,353868013,explicit_locked_manifest,not_evaluated,not_evaluated_due_to_H2_PASSIVE_CAPABILITY_SET_NOT_SUPPORTED
core_054,B,2,adequate,nominal,mild,uniform_20_120_s,no_incident,step,medium,random_dropout,low_0p25_0p40,final_known_negative_control,core_054_seed_19,373587883,explicit_locked_manifest,not_evaluated,not_evaluated_due_to_H2_PASSIVE_CAPABILITY_SET_NOT_SUPPORTED
core_055,B,2,scarce,nominal,mild,uniform_20_120_s,after,ramp,high,jitter,mid_0p45_0p60,final_known_negative_control,core_055_seed_00,15485863,explicit_locked_manifest,not_evaluated,not_evaluated_due_to_H2_PASSIVE_CAPABILITY_SET_NOT_SUPPORTED
core_055,B,2,scarce,nominal,mild,uniform_20_120_s,after,ramp,high,jitter,mid_0p45_0p60,final_known_negative_control,core_055_seed_01,32452843,explicit_locked_manifest,not_evaluated,not_evaluated_due_to_H2_PASSIVE_CAPABILITY_SET_NOT_SUPPORTED
core_055,B,2,scarce,nominal,mild,uniform_20_120_s,after,ramp,high,jitter,mid_0p45_0p60,final_known_negative_control,core_055_seed_02,49979687,explicit_locked_manifest,not_evaluated,not_evaluated_due_to_H2_PASSIVE_CAPABILITY_SET_NOT_SUPPORTED
core_055,B,2,scarce,nominal,mild,uniform_20_120_s,after,ramp,high,jitter,mid_0p45_0p60,final_known_negative_control,core_055_seed_03,67867967,explicit_locked_manifest,not_evaluated,not_evaluated_due_to_H2_PASSIVE_CAPABILITY_SET_NOT_SUPPORTED
core_055,B,2,scarce,nominal,mild,uniform_20_120_s,after,ramp,high,jitter,mid_0p45_0p60,final_known_negative_control,core_055_seed_04,86028121,explicit_locked_manifest,not_evaluated,not_evaluated_due_to_H2_PASSIVE_CAPABILITY_SET_NOT_SUPPORTED
core_055,B,2,scarce,nominal,mild,uniform_20_120_s,after,ramp,high,jitter,mid_0p45_0p60,final_known_negative_control,core_055_seed_05,104395303,explicit_locked_manifest,not_evaluated,not_evaluated_due_to_H2_PASSIVE_CAPABILITY_SET_NOT_SUPPORTED
core_055,B,2,scarce,nominal,mild,uniform_20_120_s,after,ramp,high,jitter,mid_0p45_0p60,final_known_negative_control,core_055_seed_06,122949823,explicit_locked_manifest,not_evaluated,not_evaluated_due_to_H2_PASSIVE_CAPABILITY_SET_NOT_SUPPORTED
core_055,B,2,scarce,nominal,mild,uniform_20_120_s,after,ramp,high,jitter,mid_0p45_0p60,final_known_negative_control,core_055_seed_07,141650939,explicit_locked_manifest,not_evaluated,not_evaluated_due_to_H2_PASSIVE_CAPABILITY_SET_NOT_SUPPORTED
core_055,B,2,scarce,nominal,mild,uniform_20_120_s,after,ramp,high,jitter,mid_0p45_0p60,final_known_negative_control,core_055_seed_08,160481183,explicit_locked_manifest,not_evaluated,not_evaluated_due_to_H2_PASSIVE_CAPABILITY_SET_NOT_SUPPORTED
core_055,B,2,scarce,nominal,mild,uniform_20_120_s,after,ramp,high,jitter,mid_0p45_0p60,final_known_negative_control,core_055_seed_09,179424673,explicit_locked_manifest,not_evaluated,not_evaluated_due_to_H2_PASSIVE_CAPABILITY_SET_NOT_SUPPORTED
core_055,B,2,scarce,nominal,mild,uniform_20_120_s,after,ramp,high,jitter,mid_0p45_0p60,final_known_negative_control,core_055_seed_10,198491317,explicit_locked_manifest,not_evaluated,not_evaluated_due_to_H2_PASSIVE_CAPABILITY_SET_NOT_SUPPORTED
core_055,B,2,scarce,nominal,mild,uniform_20_120_s,after,ramp,high,jitter,mid_0p45_0p60,final_known_negative_control,core_055_seed_11,217645199,explicit_locked_manifest,not_evaluated,not_evaluated_due_to_H2_PASSIVE_CAPABILITY_SET_NOT_SUPPORTED
core_055,B,2,scarce,nominal,mild,uniform_20_120_s,after,ramp,high,jitter,mid_0p45_0p60,final_known_negative_control,core_055_seed_12,236887699,explicit_locked_manifest,not_evaluated,not_evaluated_due_to_H2_PASSIVE_CAPABILITY_SET_NOT_SUPPORTED
core_055,B,2,scarce,nominal,mild,uniform_20_120_s,after,ramp,high,jitter,mid_0p45_0p60,final_known_negative_control,core_055_seed_13,256203221,explicit_locked_manifest,not_evaluated,not_evaluated_due_to_H2_PASSIVE_CAPABILITY_SET_NOT_SUPPORTED
core_055,B,2,scarce,nominal,mild,uniform_20_120_s,after,ramp,high,jitter,mid_0p45_0p60,final_known_negative_control,core_055_seed_14,275604541,explicit_locked_manifest,not_evaluated,not_evaluated_due_to_H2_PASSIVE_CAPABILITY_SET_NOT_SUPPORTED
core_055,B,2,scarce,nominal,mild,uniform_20_120_s,after,ramp,high,jitter,mid_0p45_0p60,final_known_negative_control,core_055_seed_15,295075147,explicit_locked_manifest,not_evaluated,not_evaluated_due_to_H2_PASSIVE_CAPABILITY_SET_NOT_SUPPORTED
core_055,B,2,scarce,nominal,mild,uniform_20_120_s,after,ramp,high,jitter,mid_0p45_0p60,final_known_negative_control,core_055_seed_16,314606891,explicit_locked_manifest,not_evaluated,not_evaluated_due_to_H2_PASSIVE_CAPABILITY_SET_NOT_SUPPORTED
core_055,B,2,scarce,nominal,mild,uniform_20_120_s,after,ramp,high,jitter,mid_0p45_0p60,final_known_negative_control,core_055_seed_17,334214467,explicit_locked_manifest,not_evaluated,not_evaluated_due_to_H2_PASSIVE_CAPABILITY_SET_NOT_SUPPORTED
core_055,B,2,scarce,nominal,mild,uniform_20_120_s,after,ramp,high,jitter,mid_0p45_0p60,final_known_negative_control,core_055_seed_18,353868013,explicit_locked_manifest,not_evaluated,not_evaluated_due_to_H2_PASSIVE_CAPABILITY_SET_NOT_SUPPORTED
core_055,B,2,scarce,nominal,mild,uniform_20_120_s,after,ramp,high,jitter,mid_0p45_0p60,final_known_negative_control,core_055_seed_19,373587883,explicit_locked_manifest,not_evaluated,not_evaluated_due_to_H2_PASSIVE_CAPABILITY_SET_NOT_SUPPORTED
core_056,B,2,critical,nominal,mild,uniform_20_120_s,simultaneous,pulse,low,normal,high_0p65_0p80,final_known_negative_control,core_056_seed_00,15485863,explicit_locked_manifest,not_evaluated,not_evaluated_due_to_H2_PASSIVE_CAPABILITY_SET_NOT_SUPPORTED
core_056,B,2,critical,nominal,mild,uniform_20_120_s,simultaneous,pulse,low,normal,high_0p65_0p80,final_known_negative_control,core_056_seed_01,32452843,explicit_locked_manifest,not_evaluated,not_evaluated_due_to_H2_PASSIVE_CAPABILITY_SET_NOT_SUPPORTED
core_056,B,2,critical,nominal,mild,uniform_20_120_s,simultaneous,pulse,low,normal,high_0p65_0p80,final_known_negative_control,core_056_seed_02,49979687,explicit_locked_manifest,not_evaluated,not_evaluated_due_to_H2_PASSIVE_CAPABILITY_SET_NOT_SUPPORTED
core_056,B,2,critical,nominal,mild,uniform_20_120_s,simultaneous,pulse,low,normal,high_0p65_0p80,final_known_negative_control,core_056_seed_03,67867967,explicit_locked_manifest,not_evaluated,not_evaluated_due_to_H2_PASSIVE_CAPABILITY_SET_NOT_SUPPORTED
core_056,B,2,critical,nominal,mild,uniform_20_120_s,simultaneous,pulse,low,normal,high_0p65_0p80,final_known_negative_control,core_056_seed_04,86028121,explicit_locked_manifest,not_evaluated,not_evaluated_due_to_H2_PASSIVE_CAPABILITY_SET_NOT_SUPPORTED
core_056,B,2,critical,nominal,mild,uniform_20_120_s,simultaneous,pulse,low,normal,high_0p65_0p80,final_known_negative_control,core_056_seed_05,104395303,explicit_locked_manifest,not_evaluated,not_evaluated_due_to_H2_PASSIVE_CAPABILITY_SET_NOT_SUPPORTED
core_056,B,2,critical,nominal,mild,uniform_20_120_s,simultaneous,pulse,low,normal,high_0p65_0p80,final_known_negative_control,core_056_seed_06,122949823,explicit_locked_manifest,not_evaluated,not_evaluated_due_to_H2_PASSIVE_CAPABILITY_SET_NOT_SUPPORTED
core_056,B,2,critical,nominal,mild,uniform_20_120_s,simultaneous,pulse,low,normal,high_0p65_0p80,final_known_negative_control,core_056_seed_07,141650939,explicit_locked_manifest,not_evaluated,not_evaluated_due_to_H2_PASSIVE_CAPABILITY_SET_NOT_SUPPORTED
core_056,B,2,critical,nominal,mild,uniform_20_120_s,simultaneous,pulse,low,normal,high_0p65_0p80,final_known_negative_control,core_056_seed_08,160481183,explicit_locked_manifest,not_evaluated,not_evaluated_due_to_H2_PASSIVE_CAPABILITY_SET_NOT_SUPPORTED
core_056,B,2,critical,nominal,mild,uniform_20_120_s,simultaneous,pulse,low,normal,high_0p65_0p80,final_known_negative_control,core_056_seed_09,179424673,explicit_locked_manifest,not_evaluated,not_evaluated_due_to_H2_PASSIVE_CAPABILITY_SET_NOT_SUPPORTED
core_056,B,2,critical,nominal,mild,uniform_20_120_s,simultaneous,pulse,low,normal,high_0p65_0p80,final_known_negative_control,core_056_seed_10,198491317,explicit_locked_manifest,not_evaluated,not_evaluated_due_to_H2_PASSIVE_CAPABILITY_SET_NOT_SUPPORTED
core_056,B,2,critical,nominal,mild,uniform_20_120_s,simultaneous,pulse,low,normal,high_0p65_0p80,final_known_negative_control,core_056_seed_11,217645199,explicit_locked_manifest,not_evaluated,not_evaluated_due_to_H2_PASSIVE_CAPABILITY_SET_NOT_SUPPORTED
core_056,B,2,critical,nominal,mild,uniform_20_120_s,simultaneous,pulse,low,normal,high_0p65_0p80,final_known_negative_control,core_056_seed_12,236887699,explicit_locked_manifest,not_evaluated,not_evaluated_due_to_H2_PASSIVE_CAPABILITY_SET_NOT_SUPPORTED
core_056,B,2,critical,nominal,mild,uniform_20_120_s,simultaneous,pulse,low,normal,high_0p65_0p80,final_known_negative_control,core_056_seed_13,256203221,explicit_locked_manifest,not_evaluated,not_evaluated_due_to_H2_PASSIVE_CAPABILITY_SET_NOT_SUPPORTED
core_056,B,2,critical,nominal,mild,uniform_20_120_s,simultaneous,pulse,low,normal,high_0p65_0p80,final_known_negative_control,core_056_seed_14,275604541,explicit_locked_manifest,not_evaluated,not_evaluated_due_to_H2_PASSIVE_CAPABILITY_SET_NOT_SUPPORTED
core_056,B,2,critical,nominal,mild,uniform_20_120_s,simultaneous,pulse,low,normal,high_0p65_0p80,final_known_negative_control,core_056_seed_15,295075147,explicit_locked_manifest,not_evaluated,not_evaluated_due_to_H2_PASSIVE_CAPABILITY_SET_NOT_SUPPORTED
core_056,B,2,critical,nominal,mild,uniform_20_120_s,simultaneous,pulse,low,normal,high_0p65_0p80,final_known_negative_control,core_056_seed_16,314606891,explicit_locked_manifest,not_evaluated,not_evaluated_due_to_H2_PASSIVE_CAPABILITY_SET_NOT_SUPPORTED
core_056,B,2,critical,nominal,mild,uniform_20_120_s,simultaneous,pulse,low,normal,high_0p65_0p80,final_known_negative_control,core_056_seed_17,334214467,explicit_locked_manifest,not_evaluated,not_evaluated_due_to_H2_PASSIVE_CAPABILITY_SET_NOT_SUPPORTED
core_056,B,2,critical,nominal,mild,uniform_20_120_s,simultaneous,pulse,low,normal,high_0p65_0p80,final_known_negative_control,core_056_seed_18,353868013,explicit_locked_manifest,not_evaluated,not_evaluated_due_to_H2_PASSIVE_CAPABILITY_SET_NOT_SUPPORTED
core_056,B,2,critical,nominal,mild,uniform_20_120_s,simultaneous,pulse,low,normal,high_0p65_0p80,final_known_negative_control,core_056_seed_19,373587883,explicit_locked_manifest,not_evaluated,not_evaluated_due_to_H2_PASSIVE_CAPABILITY_SET_NOT_SUPPORTED
core_057,B,4,adequate,nominal,medium,uniform_20_120_s,before,stochastic_net_load,medium,random_dropout,low_0p25_0p40,final_known_negative_control,core_057_seed_00,15485863,explicit_locked_manifest,not_evaluated,not_evaluated_due_to_H2_PASSIVE_CAPABILITY_SET_NOT_SUPPORTED
core_057,B,4,adequate,nominal,medium,uniform_20_120_s,before,stochastic_net_load,medium,random_dropout,low_0p25_0p40,final_known_negative_control,core_057_seed_01,32452843,explicit_locked_manifest,not_evaluated,not_evaluated_due_to_H2_PASSIVE_CAPABILITY_SET_NOT_SUPPORTED
core_057,B,4,adequate,nominal,medium,uniform_20_120_s,before,stochastic_net_load,medium,random_dropout,low_0p25_0p40,final_known_negative_control,core_057_seed_02,49979687,explicit_locked_manifest,not_evaluated,not_evaluated_due_to_H2_PASSIVE_CAPABILITY_SET_NOT_SUPPORTED
core_057,B,4,adequate,nominal,medium,uniform_20_120_s,before,stochastic_net_load,medium,random_dropout,low_0p25_0p40,final_known_negative_control,core_057_seed_03,67867967,explicit_locked_manifest,not_evaluated,not_evaluated_due_to_H2_PASSIVE_CAPABILITY_SET_NOT_SUPPORTED
core_057,B,4,adequate,nominal,medium,uniform_20_120_s,before,stochastic_net_load,medium,random_dropout,low_0p25_0p40,final_known_negative_control,core_057_seed_04,86028121,explicit_locked_manifest,not_evaluated,not_evaluated_due_to_H2_PASSIVE_CAPABILITY_SET_NOT_SUPPORTED
core_057,B,4,adequate,nominal,medium,uniform_20_120_s,before,stochastic_net_load,medium,random_dropout,low_0p25_0p40,final_known_negative_control,core_057_seed_05,104395303,explicit_locked_manifest,not_evaluated,not_evaluated_due_to_H2_PASSIVE_CAPABILITY_SET_NOT_SUPPORTED
core_057,B,4,adequate,nominal,medium,uniform_20_120_s,before,stochastic_net_load,medium,random_dropout,low_0p25_0p40,final_known_negative_control,core_057_seed_06,122949823,explicit_locked_manifest,not_evaluated,not_evaluated_due_to_H2_PASSIVE_CAPABILITY_SET_NOT_SUPPORTED
core_057,B,4,adequate,nominal,medium,uniform_20_120_s,before,stochastic_net_load,medium,random_dropout,low_0p25_0p40,final_known_negative_control,core_057_seed_07,141650939,explicit_locked_manifest,not_evaluated,not_evaluated_due_to_H2_PASSIVE_CAPABILITY_SET_NOT_SUPPORTED
core_057,B,4,adequate,nominal,medium,uniform_20_120_s,before,stochastic_net_load,medium,random_dropout,low_0p25_0p40,final_known_negative_control,core_057_seed_08,160481183,explicit_locked_manifest,not_evaluated,not_evaluated_due_to_H2_PASSIVE_CAPABILITY_SET_NOT_SUPPORTED
core_057,B,4,adequate,nominal,medium,uniform_20_120_s,before,stochastic_net_load,medium,random_dropout,low_0p25_0p40,final_known_negative_control,core_057_seed_09,179424673,explicit_locked_manifest,not_evaluated,not_evaluated_due_to_H2_PASSIVE_CAPABILITY_SET_NOT_SUPPORTED
core_057,B,4,adequate,nominal,medium,uniform_20_120_s,before,stochastic_net_load,medium,random_dropout,low_0p25_0p40,final_known_negative_control,core_057_seed_10,198491317,explicit_locked_manifest,not_evaluated,not_evaluated_due_to_H2_PASSIVE_CAPABILITY_SET_NOT_SUPPORTED
core_057,B,4,adequate,nominal,medium,uniform_20_120_s,before,stochastic_net_load,medium,random_dropout,low_0p25_0p40,final_known_negative_control,core_057_seed_11,217645199,explicit_locked_manifest,not_evaluated,not_evaluated_due_to_H2_PASSIVE_CAPABILITY_SET_NOT_SUPPORTED
core_057,B,4,adequate,nominal,medium,uniform_20_120_s,before,stochastic_net_load,medium,random_dropout,low_0p25_0p40,final_known_negative_control,core_057_seed_12,236887699,explicit_locked_manifest,not_evaluated,not_evaluated_due_to_H2_PASSIVE_CAPABILITY_SET_NOT_SUPPORTED
core_057,B,4,adequate,nominal,medium,uniform_20_120_s,before,stochastic_net_load,medium,random_dropout,low_0p25_0p40,final_known_negative_control,core_057_seed_13,256203221,explicit_locked_manifest,not_evaluated,not_evaluated_due_to_H2_PASSIVE_CAPABILITY_SET_NOT_SUPPORTED
core_057,B,4,adequate,nominal,medium,uniform_20_120_s,before,stochastic_net_load,medium,random_dropout,low_0p25_0p40,final_known_negative_control,core_057_seed_14,275604541,explicit_locked_manifest,not_evaluated,not_evaluated_due_to_H2_PASSIVE_CAPABILITY_SET_NOT_SUPPORTED
core_057,B,4,adequate,nominal,medium,uniform_20_120_s,before,stochastic_net_load,medium,random_dropout,low_0p25_0p40,final_known_negative_control,core_057_seed_15,295075147,explicit_locked_manifest,not_evaluated,not_evaluated_due_to_H2_PASSIVE_CAPABILITY_SET_NOT_SUPPORTED
core_057,B,4,adequate,nominal,medium,uniform_20_120_s,before,stochastic_net_load,medium,random_dropout,low_0p25_0p40,final_known_negative_control,core_057_seed_16,314606891,explicit_locked_manifest,not_evaluated,not_evaluated_due_to_H2_PASSIVE_CAPABILITY_SET_NOT_SUPPORTED
core_057,B,4,adequate,nominal,medium,uniform_20_120_s,before,stochastic_net_load,medium,random_dropout,low_0p25_0p40,final_known_negative_control,core_057_seed_17,334214467,explicit_locked_manifest,not_evaluated,not_evaluated_due_to_H2_PASSIVE_CAPABILITY_SET_NOT_SUPPORTED
core_057,B,4,adequate,nominal,medium,uniform_20_120_s,before,stochastic_net_load,medium,random_dropout,low_0p25_0p40,final_known_negative_control,core_057_seed_18,353868013,explicit_locked_manifest,not_evaluated,not_evaluated_due_to_H2_PASSIVE_CAPABILITY_SET_NOT_SUPPORTED
core_057,B,4,adequate,nominal,medium,uniform_20_120_s,before,stochastic_net_load,medium,random_dropout,low_0p25_0p40,final_known_negative_control,core_057_seed_19,373587883,explicit_locked_manifest,not_evaluated,not_evaluated_due_to_H2_PASSIVE_CAPABILITY_SET_NOT_SUPPORTED
core_058,B,4,scarce,nominal,medium,uniform_20_120_s,no_incident,step,high,jitter,mid_0p45_0p60,final_known_negative_control,core_058_seed_00,15485863,explicit_locked_manifest,not_evaluated,not_evaluated_due_to_H2_PASSIVE_CAPABILITY_SET_NOT_SUPPORTED
core_058,B,4,scarce,nominal,medium,uniform_20_120_s,no_incident,step,high,jitter,mid_0p45_0p60,final_known_negative_control,core_058_seed_01,32452843,explicit_locked_manifest,not_evaluated,not_evaluated_due_to_H2_PASSIVE_CAPABILITY_SET_NOT_SUPPORTED
core_058,B,4,scarce,nominal,medium,uniform_20_120_s,no_incident,step,high,jitter,mid_0p45_0p60,final_known_negative_control,core_058_seed_02,49979687,explicit_locked_manifest,not_evaluated,not_evaluated_due_to_H2_PASSIVE_CAPABILITY_SET_NOT_SUPPORTED
core_058,B,4,scarce,nominal,medium,uniform_20_120_s,no_incident,step,high,jitter,mid_0p45_0p60,final_known_negative_control,core_058_seed_03,67867967,explicit_locked_manifest,not_evaluated,not_evaluated_due_to_H2_PASSIVE_CAPABILITY_SET_NOT_SUPPORTED
core_058,B,4,scarce,nominal,medium,uniform_20_120_s,no_incident,step,high,jitter,mid_0p45_0p60,final_known_negative_control,core_058_seed_04,86028121,explicit_locked_manifest,not_evaluated,not_evaluated_due_to_H2_PASSIVE_CAPABILITY_SET_NOT_SUPPORTED
core_058,B,4,scarce,nominal,medium,uniform_20_120_s,no_incident,step,high,jitter,mid_0p45_0p60,final_known_negative_control,core_058_seed_05,104395303,explicit_locked_manifest,not_evaluated,not_evaluated_due_to_H2_PASSIVE_CAPABILITY_SET_NOT_SUPPORTED
core_058,B,4,scarce,nominal,medium,uniform_20_120_s,no_incident,step,high,jitter,mid_0p45_0p60,final_known_negative_control,core_058_seed_06,122949823,explicit_locked_manifest,not_evaluated,not_evaluated_due_to_H2_PASSIVE_CAPABILITY_SET_NOT_SUPPORTED
core_058,B,4,scarce,nominal,medium,uniform_20_120_s,no_incident,step,high,jitter,mid_0p45_0p60,final_known_negative_control,core_058_seed_07,141650939,explicit_locked_manifest,not_evaluated,not_evaluated_due_to_H2_PASSIVE_CAPABILITY_SET_NOT_SUPPORTED
core_058,B,4,scarce,nominal,medium,uniform_20_120_s,no_incident,step,high,jitter,mid_0p45_0p60,final_known_negative_control,core_058_seed_08,160481183,explicit_locked_manifest,not_evaluated,not_evaluated_due_to_H2_PASSIVE_CAPABILITY_SET_NOT_SUPPORTED
core_058,B,4,scarce,nominal,medium,uniform_20_120_s,no_incident,step,high,jitter,mid_0p45_0p60,final_known_negative_control,core_058_seed_09,179424673,explicit_locked_manifest,not_evaluated,not_evaluated_due_to_H2_PASSIVE_CAPABILITY_SET_NOT_SUPPORTED
core_058,B,4,scarce,nominal,medium,uniform_20_120_s,no_incident,step,high,jitter,mid_0p45_0p60,final_known_negative_control,core_058_seed_10,198491317,explicit_locked_manifest,not_evaluated,not_evaluated_due_to_H2_PASSIVE_CAPABILITY_SET_NOT_SUPPORTED
core_058,B,4,scarce,nominal,medium,uniform_20_120_s,no_incident,step,high,jitter,mid_0p45_0p60,final_known_negative_control,core_058_seed_11,217645199,explicit_locked_manifest,not_evaluated,not_evaluated_due_to_H2_PASSIVE_CAPABILITY_SET_NOT_SUPPORTED
core_058,B,4,scarce,nominal,medium,uniform_20_120_s,no_incident,step,high,jitter,mid_0p45_0p60,final_known_negative_control,core_058_seed_12,236887699,explicit_locked_manifest,not_evaluated,not_evaluated_due_to_H2_PASSIVE_CAPABILITY_SET_NOT_SUPPORTED
core_058,B,4,scarce,nominal,medium,uniform_20_120_s,no_incident,step,high,jitter,mid_0p45_0p60,final_known_negative_control,core_058_seed_13,256203221,explicit_locked_manifest,not_evaluated,not_evaluated_due_to_H2_PASSIVE_CAPABILITY_SET_NOT_SUPPORTED
core_058,B,4,scarce,nominal,medium,uniform_20_120_s,no_incident,step,high,jitter,mid_0p45_0p60,final_known_negative_control,core_058_seed_14,275604541,explicit_locked_manifest,not_evaluated,not_evaluated_due_to_H2_PASSIVE_CAPABILITY_SET_NOT_SUPPORTED
core_058,B,4,scarce,nominal,medium,uniform_20_120_s,no_incident,step,high,jitter,mid_0p45_0p60,final_known_negative_control,core_058_seed_15,295075147,explicit_locked_manifest,not_evaluated,not_evaluated_due_to_H2_PASSIVE_CAPABILITY_SET_NOT_SUPPORTED
core_058,B,4,scarce,nominal,medium,uniform_20_120_s,no_incident,step,high,jitter,mid_0p45_0p60,final_known_negative_control,core_058_seed_16,314606891,explicit_locked_manifest,not_evaluated,not_evaluated_due_to_H2_PASSIVE_CAPABILITY_SET_NOT_SUPPORTED
core_058,B,4,scarce,nominal,medium,uniform_20_120_s,no_incident,step,high,jitter,mid_0p45_0p60,final_known_negative_control,core_058_seed_17,334214467,explicit_locked_manifest,not_evaluated,not_evaluated_due_to_H2_PASSIVE_CAPABILITY_SET_NOT_SUPPORTED
core_058,B,4,scarce,nominal,medium,uniform_20_120_s,no_incident,step,high,jitter,mid_0p45_0p60,final_known_negative_control,core_058_seed_18,353868013,explicit_locked_manifest,not_evaluated,not_evaluated_due_to_H2_PASSIVE_CAPABILITY_SET_NOT_SUPPORTED
core_058,B,4,scarce,nominal,medium,uniform_20_120_s,no_incident,step,high,jitter,mid_0p45_0p60,final_known_negative_control,core_058_seed_19,373587883,explicit_locked_manifest,not_evaluated,not_evaluated_due_to_H2_PASSIVE_CAPABILITY_SET_NOT_SUPPORTED
core_059,B,4,critical,nominal,medium,uniform_20_120_s,after,ramp,low,normal,high_0p65_0p80,final_known_negative_control,core_059_seed_00,15485863,explicit_locked_manifest,not_evaluated,not_evaluated_due_to_H2_PASSIVE_CAPABILITY_SET_NOT_SUPPORTED
core_059,B,4,critical,nominal,medium,uniform_20_120_s,after,ramp,low,normal,high_0p65_0p80,final_known_negative_control,core_059_seed_01,32452843,explicit_locked_manifest,not_evaluated,not_evaluated_due_to_H2_PASSIVE_CAPABILITY_SET_NOT_SUPPORTED
core_059,B,4,critical,nominal,medium,uniform_20_120_s,after,ramp,low,normal,high_0p65_0p80,final_known_negative_control,core_059_seed_02,49979687,explicit_locked_manifest,not_evaluated,not_evaluated_due_to_H2_PASSIVE_CAPABILITY_SET_NOT_SUPPORTED
core_059,B,4,critical,nominal,medium,uniform_20_120_s,after,ramp,low,normal,high_0p65_0p80,final_known_negative_control,core_059_seed_03,67867967,explicit_locked_manifest,not_evaluated,not_evaluated_due_to_H2_PASSIVE_CAPABILITY_SET_NOT_SUPPORTED
core_059,B,4,critical,nominal,medium,uniform_20_120_s,after,ramp,low,normal,high_0p65_0p80,final_known_negative_control,core_059_seed_04,86028121,explicit_locked_manifest,not_evaluated,not_evaluated_due_to_H2_PASSIVE_CAPABILITY_SET_NOT_SUPPORTED
core_059,B,4,critical,nominal,medium,uniform_20_120_s,after,ramp,low,normal,high_0p65_0p80,final_known_negative_control,core_059_seed_05,104395303,explicit_locked_manifest,not_evaluated,not_evaluated_due_to_H2_PASSIVE_CAPABILITY_SET_NOT_SUPPORTED
core_059,B,4,critical,nominal,medium,uniform_20_120_s,after,ramp,low,normal,high_0p65_0p80,final_known_negative_control,core_059_seed_06,122949823,explicit_locked_manifest,not_evaluated,not_evaluated_due_to_H2_PASSIVE_CAPABILITY_SET_NOT_SUPPORTED
core_059,B,4,critical,nominal,medium,uniform_20_120_s,after,ramp,low,normal,high_0p65_0p80,final_known_negative_control,core_059_seed_07,141650939,explicit_locked_manifest,not_evaluated,not_evaluated_due_to_H2_PASSIVE_CAPABILITY_SET_NOT_SUPPORTED
core_059,B,4,critical,nominal,medium,uniform_20_120_s,after,ramp,low,normal,high_0p65_0p80,final_known_negative_control,core_059_seed_08,160481183,explicit_locked_manifest,not_evaluated,not_evaluated_due_to_H2_PASSIVE_CAPABILITY_SET_NOT_SUPPORTED
core_059,B,4,critical,nominal,medium,uniform_20_120_s,after,ramp,low,normal,high_0p65_0p80,final_known_negative_control,core_059_seed_09,179424673,explicit_locked_manifest,not_evaluated,not_evaluated_due_to_H2_PASSIVE_CAPABILITY_SET_NOT_SUPPORTED
core_059,B,4,critical,nominal,medium,uniform_20_120_s,after,ramp,low,normal,high_0p65_0p80,final_known_negative_control,core_059_seed_10,198491317,explicit_locked_manifest,not_evaluated,not_evaluated_due_to_H2_PASSIVE_CAPABILITY_SET_NOT_SUPPORTED
core_059,B,4,critical,nominal,medium,uniform_20_120_s,after,ramp,low,normal,high_0p65_0p80,final_known_negative_control,core_059_seed_11,217645199,explicit_locked_manifest,not_evaluated,not_evaluated_due_to_H2_PASSIVE_CAPABILITY_SET_NOT_SUPPORTED
core_059,B,4,critical,nominal,medium,uniform_20_120_s,after,ramp,low,normal,high_0p65_0p80,final_known_negative_control,core_059_seed_12,236887699,explicit_locked_manifest,not_evaluated,not_evaluated_due_to_H2_PASSIVE_CAPABILITY_SET_NOT_SUPPORTED
core_059,B,4,critical,nominal,medium,uniform_20_120_s,after,ramp,low,normal,high_0p65_0p80,final_known_negative_control,core_059_seed_13,256203221,explicit_locked_manifest,not_evaluated,not_evaluated_due_to_H2_PASSIVE_CAPABILITY_SET_NOT_SUPPORTED
core_059,B,4,critical,nominal,medium,uniform_20_120_s,after,ramp,low,normal,high_0p65_0p80,final_known_negative_control,core_059_seed_14,275604541,explicit_locked_manifest,not_evaluated,not_evaluated_due_to_H2_PASSIVE_CAPABILITY_SET_NOT_SUPPORTED
core_059,B,4,critical,nominal,medium,uniform_20_120_s,after,ramp,low,normal,high_0p65_0p80,final_known_negative_control,core_059_seed_15,295075147,explicit_locked_manifest,not_evaluated,not_evaluated_due_to_H2_PASSIVE_CAPABILITY_SET_NOT_SUPPORTED
core_059,B,4,critical,nominal,medium,uniform_20_120_s,after,ramp,low,normal,high_0p65_0p80,final_known_negative_control,core_059_seed_16,314606891,explicit_locked_manifest,not_evaluated,not_evaluated_due_to_H2_PASSIVE_CAPABILITY_SET_NOT_SUPPORTED
core_059,B,4,critical,nominal,medium,uniform_20_120_s,after,ramp,low,normal,high_0p65_0p80,final_known_negative_control,core_059_seed_17,334214467,explicit_locked_manifest,not_evaluated,not_evaluated_due_to_H2_PASSIVE_CAPABILITY_SET_NOT_SUPPORTED
core_059,B,4,critical,nominal,medium,uniform_20_120_s,after,ramp,low,normal,high_0p65_0p80,final_known_negative_control,core_059_seed_18,353868013,explicit_locked_manifest,not_evaluated,not_evaluated_due_to_H2_PASSIVE_CAPABILITY_SET_NOT_SUPPORTED
core_059,B,4,critical,nominal,medium,uniform_20_120_s,after,ramp,low,normal,high_0p65_0p80,final_known_negative_control,core_059_seed_19,373587883,explicit_locked_manifest,not_evaluated,not_evaluated_due_to_H2_PASSIVE_CAPABILITY_SET_NOT_SUPPORTED
core_060,B,2,adequate,nominal,severe,uniform_20_120_s,simultaneous,pulse,medium,random_dropout,low_0p25_0p40,final_known_negative_control,core_060_seed_00,15485863,explicit_locked_manifest,not_evaluated,not_evaluated_due_to_H2_PASSIVE_CAPABILITY_SET_NOT_SUPPORTED
core_060,B,2,adequate,nominal,severe,uniform_20_120_s,simultaneous,pulse,medium,random_dropout,low_0p25_0p40,final_known_negative_control,core_060_seed_01,32452843,explicit_locked_manifest,not_evaluated,not_evaluated_due_to_H2_PASSIVE_CAPABILITY_SET_NOT_SUPPORTED
core_060,B,2,adequate,nominal,severe,uniform_20_120_s,simultaneous,pulse,medium,random_dropout,low_0p25_0p40,final_known_negative_control,core_060_seed_02,49979687,explicit_locked_manifest,not_evaluated,not_evaluated_due_to_H2_PASSIVE_CAPABILITY_SET_NOT_SUPPORTED
core_060,B,2,adequate,nominal,severe,uniform_20_120_s,simultaneous,pulse,medium,random_dropout,low_0p25_0p40,final_known_negative_control,core_060_seed_03,67867967,explicit_locked_manifest,not_evaluated,not_evaluated_due_to_H2_PASSIVE_CAPABILITY_SET_NOT_SUPPORTED
core_060,B,2,adequate,nominal,severe,uniform_20_120_s,simultaneous,pulse,medium,random_dropout,low_0p25_0p40,final_known_negative_control,core_060_seed_04,86028121,explicit_locked_manifest,not_evaluated,not_evaluated_due_to_H2_PASSIVE_CAPABILITY_SET_NOT_SUPPORTED
core_060,B,2,adequate,nominal,severe,uniform_20_120_s,simultaneous,pulse,medium,random_dropout,low_0p25_0p40,final_known_negative_control,core_060_seed_05,104395303,explicit_locked_manifest,not_evaluated,not_evaluated_due_to_H2_PASSIVE_CAPABILITY_SET_NOT_SUPPORTED
core_060,B,2,adequate,nominal,severe,uniform_20_120_s,simultaneous,pulse,medium,random_dropout,low_0p25_0p40,final_known_negative_control,core_060_seed_06,122949823,explicit_locked_manifest,not_evaluated,not_evaluated_due_to_H2_PASSIVE_CAPABILITY_SET_NOT_SUPPORTED
core_060,B,2,adequate,nominal,severe,uniform_20_120_s,simultaneous,pulse,medium,random_dropout,low_0p25_0p40,final_known_negative_control,core_060_seed_07,141650939,explicit_locked_manifest,not_evaluated,not_evaluated_due_to_H2_PASSIVE_CAPABILITY_SET_NOT_SUPPORTED
core_060,B,2,adequate,nominal,severe,uniform_20_120_s,simultaneous,pulse,medium,random_dropout,low_0p25_0p40,final_known_negative_control,core_060_seed_08,160481183,explicit_locked_manifest,not_evaluated,not_evaluated_due_to_H2_PASSIVE_CAPABILITY_SET_NOT_SUPPORTED
core_060,B,2,adequate,nominal,severe,uniform_20_120_s,simultaneous,pulse,medium,random_dropout,low_0p25_0p40,final_known_negative_control,core_060_seed_09,179424673,explicit_locked_manifest,not_evaluated,not_evaluated_due_to_H2_PASSIVE_CAPABILITY_SET_NOT_SUPPORTED
core_060,B,2,adequate,nominal,severe,uniform_20_120_s,simultaneous,pulse,medium,random_dropout,low_0p25_0p40,final_known_negative_control,core_060_seed_10,198491317,explicit_locked_manifest,not_evaluated,not_evaluated_due_to_H2_PASSIVE_CAPABILITY_SET_NOT_SUPPORTED
core_060,B,2,adequate,nominal,severe,uniform_20_120_s,simultaneous,pulse,medium,random_dropout,low_0p25_0p40,final_known_negative_control,core_060_seed_11,217645199,explicit_locked_manifest,not_evaluated,not_evaluated_due_to_H2_PASSIVE_CAPABILITY_SET_NOT_SUPPORTED
core_060,B,2,adequate,nominal,severe,uniform_20_120_s,simultaneous,pulse,medium,random_dropout,low_0p25_0p40,final_known_negative_control,core_060_seed_12,236887699,explicit_locked_manifest,not_evaluated,not_evaluated_due_to_H2_PASSIVE_CAPABILITY_SET_NOT_SUPPORTED
core_060,B,2,adequate,nominal,severe,uniform_20_120_s,simultaneous,pulse,medium,random_dropout,low_0p25_0p40,final_known_negative_control,core_060_seed_13,256203221,explicit_locked_manifest,not_evaluated,not_evaluated_due_to_H2_PASSIVE_CAPABILITY_SET_NOT_SUPPORTED
core_060,B,2,adequate,nominal,severe,uniform_20_120_s,simultaneous,pulse,medium,random_dropout,low_0p25_0p40,final_known_negative_control,core_060_seed_14,275604541,explicit_locked_manifest,not_evaluated,not_evaluated_due_to_H2_PASSIVE_CAPABILITY_SET_NOT_SUPPORTED
core_060,B,2,adequate,nominal,severe,uniform_20_120_s,simultaneous,pulse,medium,random_dropout,low_0p25_0p40,final_known_negative_control,core_060_seed_15,295075147,explicit_locked_manifest,not_evaluated,not_evaluated_due_to_H2_PASSIVE_CAPABILITY_SET_NOT_SUPPORTED
core_060,B,2,adequate,nominal,severe,uniform_20_120_s,simultaneous,pulse,medium,random_dropout,low_0p25_0p40,final_known_negative_control,core_060_seed_16,314606891,explicit_locked_manifest,not_evaluated,not_evaluated_due_to_H2_PASSIVE_CAPABILITY_SET_NOT_SUPPORTED
core_060,B,2,adequate,nominal,severe,uniform_20_120_s,simultaneous,pulse,medium,random_dropout,low_0p25_0p40,final_known_negative_control,core_060_seed_17,334214467,explicit_locked_manifest,not_evaluated,not_evaluated_due_to_H2_PASSIVE_CAPABILITY_SET_NOT_SUPPORTED
core_060,B,2,adequate,nominal,severe,uniform_20_120_s,simultaneous,pulse,medium,random_dropout,low_0p25_0p40,final_known_negative_control,core_060_seed_18,353868013,explicit_locked_manifest,not_evaluated,not_evaluated_due_to_H2_PASSIVE_CAPABILITY_SET_NOT_SUPPORTED
core_060,B,2,adequate,nominal,severe,uniform_20_120_s,simultaneous,pulse,medium,random_dropout,low_0p25_0p40,final_known_negative_control,core_060_seed_19,373587883,explicit_locked_manifest,not_evaluated,not_evaluated_due_to_H2_PASSIVE_CAPABILITY_SET_NOT_SUPPORTED
core_061,B,2,scarce,nominal,severe,uniform_20_120_s,before,stochastic_net_load,high,jitter,mid_0p45_0p60,final_known_negative_control,core_061_seed_00,15485863,explicit_locked_manifest,not_evaluated,not_evaluated_due_to_H2_PASSIVE_CAPABILITY_SET_NOT_SUPPORTED
core_061,B,2,scarce,nominal,severe,uniform_20_120_s,before,stochastic_net_load,high,jitter,mid_0p45_0p60,final_known_negative_control,core_061_seed_01,32452843,explicit_locked_manifest,not_evaluated,not_evaluated_due_to_H2_PASSIVE_CAPABILITY_SET_NOT_SUPPORTED
core_061,B,2,scarce,nominal,severe,uniform_20_120_s,before,stochastic_net_load,high,jitter,mid_0p45_0p60,final_known_negative_control,core_061_seed_02,49979687,explicit_locked_manifest,not_evaluated,not_evaluated_due_to_H2_PASSIVE_CAPABILITY_SET_NOT_SUPPORTED
core_061,B,2,scarce,nominal,severe,uniform_20_120_s,before,stochastic_net_load,high,jitter,mid_0p45_0p60,final_known_negative_control,core_061_seed_03,67867967,explicit_locked_manifest,not_evaluated,not_evaluated_due_to_H2_PASSIVE_CAPABILITY_SET_NOT_SUPPORTED
core_061,B,2,scarce,nominal,severe,uniform_20_120_s,before,stochastic_net_load,high,jitter,mid_0p45_0p60,final_known_negative_control,core_061_seed_04,86028121,explicit_locked_manifest,not_evaluated,not_evaluated_due_to_H2_PASSIVE_CAPABILITY_SET_NOT_SUPPORTED
core_061,B,2,scarce,nominal,severe,uniform_20_120_s,before,stochastic_net_load,high,jitter,mid_0p45_0p60,final_known_negative_control,core_061_seed_05,104395303,explicit_locked_manifest,not_evaluated,not_evaluated_due_to_H2_PASSIVE_CAPABILITY_SET_NOT_SUPPORTED
core_061,B,2,scarce,nominal,severe,uniform_20_120_s,before,stochastic_net_load,high,jitter,mid_0p45_0p60,final_known_negative_control,core_061_seed_06,122949823,explicit_locked_manifest,not_evaluated,not_evaluated_due_to_H2_PASSIVE_CAPABILITY_SET_NOT_SUPPORTED
core_061,B,2,scarce,nominal,severe,uniform_20_120_s,before,stochastic_net_load,high,jitter,mid_0p45_0p60,final_known_negative_control,core_061_seed_07,141650939,explicit_locked_manifest,not_evaluated,not_evaluated_due_to_H2_PASSIVE_CAPABILITY_SET_NOT_SUPPORTED
core_061,B,2,scarce,nominal,severe,uniform_20_120_s,before,stochastic_net_load,high,jitter,mid_0p45_0p60,final_known_negative_control,core_061_seed_08,160481183,explicit_locked_manifest,not_evaluated,not_evaluated_due_to_H2_PASSIVE_CAPABILITY_SET_NOT_SUPPORTED
core_061,B,2,scarce,nominal,severe,uniform_20_120_s,before,stochastic_net_load,high,jitter,mid_0p45_0p60,final_known_negative_control,core_061_seed_09,179424673,explicit_locked_manifest,not_evaluated,not_evaluated_due_to_H2_PASSIVE_CAPABILITY_SET_NOT_SUPPORTED
core_061,B,2,scarce,nominal,severe,uniform_20_120_s,before,stochastic_net_load,high,jitter,mid_0p45_0p60,final_known_negative_control,core_061_seed_10,198491317,explicit_locked_manifest,not_evaluated,not_evaluated_due_to_H2_PASSIVE_CAPABILITY_SET_NOT_SUPPORTED
core_061,B,2,scarce,nominal,severe,uniform_20_120_s,before,stochastic_net_load,high,jitter,mid_0p45_0p60,final_known_negative_control,core_061_seed_11,217645199,explicit_locked_manifest,not_evaluated,not_evaluated_due_to_H2_PASSIVE_CAPABILITY_SET_NOT_SUPPORTED
core_061,B,2,scarce,nominal,severe,uniform_20_120_s,before,stochastic_net_load,high,jitter,mid_0p45_0p60,final_known_negative_control,core_061_seed_12,236887699,explicit_locked_manifest,not_evaluated,not_evaluated_due_to_H2_PASSIVE_CAPABILITY_SET_NOT_SUPPORTED
core_061,B,2,scarce,nominal,severe,uniform_20_120_s,before,stochastic_net_load,high,jitter,mid_0p45_0p60,final_known_negative_control,core_061_seed_13,256203221,explicit_locked_manifest,not_evaluated,not_evaluated_due_to_H2_PASSIVE_CAPABILITY_SET_NOT_SUPPORTED
core_061,B,2,scarce,nominal,severe,uniform_20_120_s,before,stochastic_net_load,high,jitter,mid_0p45_0p60,final_known_negative_control,core_061_seed_14,275604541,explicit_locked_manifest,not_evaluated,not_evaluated_due_to_H2_PASSIVE_CAPABILITY_SET_NOT_SUPPORTED
core_061,B,2,scarce,nominal,severe,uniform_20_120_s,before,stochastic_net_load,high,jitter,mid_0p45_0p60,final_known_negative_control,core_061_seed_15,295075147,explicit_locked_manifest,not_evaluated,not_evaluated_due_to_H2_PASSIVE_CAPABILITY_SET_NOT_SUPPORTED
core_061,B,2,scarce,nominal,severe,uniform_20_120_s,before,stochastic_net_load,high,jitter,mid_0p45_0p60,final_known_negative_control,core_061_seed_16,314606891,explicit_locked_manifest,not_evaluated,not_evaluated_due_to_H2_PASSIVE_CAPABILITY_SET_NOT_SUPPORTED
core_061,B,2,scarce,nominal,severe,uniform_20_120_s,before,stochastic_net_load,high,jitter,mid_0p45_0p60,final_known_negative_control,core_061_seed_17,334214467,explicit_locked_manifest,not_evaluated,not_evaluated_due_to_H2_PASSIVE_CAPABILITY_SET_NOT_SUPPORTED
core_061,B,2,scarce,nominal,severe,uniform_20_120_s,before,stochastic_net_load,high,jitter,mid_0p45_0p60,final_known_negative_control,core_061_seed_18,353868013,explicit_locked_manifest,not_evaluated,not_evaluated_due_to_H2_PASSIVE_CAPABILITY_SET_NOT_SUPPORTED
core_061,B,2,scarce,nominal,severe,uniform_20_120_s,before,stochastic_net_load,high,jitter,mid_0p45_0p60,final_known_negative_control,core_061_seed_19,373587883,explicit_locked_manifest,not_evaluated,not_evaluated_due_to_H2_PASSIVE_CAPABILITY_SET_NOT_SUPPORTED
core_062,B,2,critical,nominal,severe,uniform_20_120_s,no_incident,step,low,normal,high_0p65_0p80,final_known_negative_control,core_062_seed_00,15485863,explicit_locked_manifest,not_evaluated,not_evaluated_due_to_H2_PASSIVE_CAPABILITY_SET_NOT_SUPPORTED
core_062,B,2,critical,nominal,severe,uniform_20_120_s,no_incident,step,low,normal,high_0p65_0p80,final_known_negative_control,core_062_seed_01,32452843,explicit_locked_manifest,not_evaluated,not_evaluated_due_to_H2_PASSIVE_CAPABILITY_SET_NOT_SUPPORTED
core_062,B,2,critical,nominal,severe,uniform_20_120_s,no_incident,step,low,normal,high_0p65_0p80,final_known_negative_control,core_062_seed_02,49979687,explicit_locked_manifest,not_evaluated,not_evaluated_due_to_H2_PASSIVE_CAPABILITY_SET_NOT_SUPPORTED
core_062,B,2,critical,nominal,severe,uniform_20_120_s,no_incident,step,low,normal,high_0p65_0p80,final_known_negative_control,core_062_seed_03,67867967,explicit_locked_manifest,not_evaluated,not_evaluated_due_to_H2_PASSIVE_CAPABILITY_SET_NOT_SUPPORTED
core_062,B,2,critical,nominal,severe,uniform_20_120_s,no_incident,step,low,normal,high_0p65_0p80,final_known_negative_control,core_062_seed_04,86028121,explicit_locked_manifest,not_evaluated,not_evaluated_due_to_H2_PASSIVE_CAPABILITY_SET_NOT_SUPPORTED
core_062,B,2,critical,nominal,severe,uniform_20_120_s,no_incident,step,low,normal,high_0p65_0p80,final_known_negative_control,core_062_seed_05,104395303,explicit_locked_manifest,not_evaluated,not_evaluated_due_to_H2_PASSIVE_CAPABILITY_SET_NOT_SUPPORTED
core_062,B,2,critical,nominal,severe,uniform_20_120_s,no_incident,step,low,normal,high_0p65_0p80,final_known_negative_control,core_062_seed_06,122949823,explicit_locked_manifest,not_evaluated,not_evaluated_due_to_H2_PASSIVE_CAPABILITY_SET_NOT_SUPPORTED
core_062,B,2,critical,nominal,severe,uniform_20_120_s,no_incident,step,low,normal,high_0p65_0p80,final_known_negative_control,core_062_seed_07,141650939,explicit_locked_manifest,not_evaluated,not_evaluated_due_to_H2_PASSIVE_CAPABILITY_SET_NOT_SUPPORTED
core_062,B,2,critical,nominal,severe,uniform_20_120_s,no_incident,step,low,normal,high_0p65_0p80,final_known_negative_control,core_062_seed_08,160481183,explicit_locked_manifest,not_evaluated,not_evaluated_due_to_H2_PASSIVE_CAPABILITY_SET_NOT_SUPPORTED
core_062,B,2,critical,nominal,severe,uniform_20_120_s,no_incident,step,low,normal,high_0p65_0p80,final_known_negative_control,core_062_seed_09,179424673,explicit_locked_manifest,not_evaluated,not_evaluated_due_to_H2_PASSIVE_CAPABILITY_SET_NOT_SUPPORTED
core_062,B,2,critical,nominal,severe,uniform_20_120_s,no_incident,step,low,normal,high_0p65_0p80,final_known_negative_control,core_062_seed_10,198491317,explicit_locked_manifest,not_evaluated,not_evaluated_due_to_H2_PASSIVE_CAPABILITY_SET_NOT_SUPPORTED
core_062,B,2,critical,nominal,severe,uniform_20_120_s,no_incident,step,low,normal,high_0p65_0p80,final_known_negative_control,core_062_seed_11,217645199,explicit_locked_manifest,not_evaluated,not_evaluated_due_to_H2_PASSIVE_CAPABILITY_SET_NOT_SUPPORTED
core_062,B,2,critical,nominal,severe,uniform_20_120_s,no_incident,step,low,normal,high_0p65_0p80,final_known_negative_control,core_062_seed_12,236887699,explicit_locked_manifest,not_evaluated,not_evaluated_due_to_H2_PASSIVE_CAPABILITY_SET_NOT_SUPPORTED
core_062,B,2,critical,nominal,severe,uniform_20_120_s,no_incident,step,low,normal,high_0p65_0p80,final_known_negative_control,core_062_seed_13,256203221,explicit_locked_manifest,not_evaluated,not_evaluated_due_to_H2_PASSIVE_CAPABILITY_SET_NOT_SUPPORTED
core_062,B,2,critical,nominal,severe,uniform_20_120_s,no_incident,step,low,normal,high_0p65_0p80,final_known_negative_control,core_062_seed_14,275604541,explicit_locked_manifest,not_evaluated,not_evaluated_due_to_H2_PASSIVE_CAPABILITY_SET_NOT_SUPPORTED
core_062,B,2,critical,nominal,severe,uniform_20_120_s,no_incident,step,low,normal,high_0p65_0p80,final_known_negative_control,core_062_seed_15,295075147,explicit_locked_manifest,not_evaluated,not_evaluated_due_to_H2_PASSIVE_CAPABILITY_SET_NOT_SUPPORTED
core_062,B,2,critical,nominal,severe,uniform_20_120_s,no_incident,step,low,normal,high_0p65_0p80,final_known_negative_control,core_062_seed_16,314606891,explicit_locked_manifest,not_evaluated,not_evaluated_due_to_H2_PASSIVE_CAPABILITY_SET_NOT_SUPPORTED
core_062,B,2,critical,nominal,severe,uniform_20_120_s,no_incident,step,low,normal,high_0p65_0p80,final_known_negative_control,core_062_seed_17,334214467,explicit_locked_manifest,not_evaluated,not_evaluated_due_to_H2_PASSIVE_CAPABILITY_SET_NOT_SUPPORTED
core_062,B,2,critical,nominal,severe,uniform_20_120_s,no_incident,step,low,normal,high_0p65_0p80,final_known_negative_control,core_062_seed_18,353868013,explicit_locked_manifest,not_evaluated,not_evaluated_due_to_H2_PASSIVE_CAPABILITY_SET_NOT_SUPPORTED
core_062,B,2,critical,nominal,severe,uniform_20_120_s,no_incident,step,low,normal,high_0p65_0p80,final_known_negative_control,core_062_seed_19,373587883,explicit_locked_manifest,not_evaluated,not_evaluated_due_to_H2_PASSIVE_CAPABILITY_SET_NOT_SUPPORTED
core_063,B,4,adequate,headroom_only,mild,uniform_20_120_s,after,ramp,medium,random_dropout,low_0p25_0p40,final_known,core_063_seed_00,15485863,explicit_locked_manifest,not_evaluated,not_evaluated_due_to_H2_PASSIVE_CAPABILITY_SET_NOT_SUPPORTED
core_063,B,4,adequate,headroom_only,mild,uniform_20_120_s,after,ramp,medium,random_dropout,low_0p25_0p40,final_known,core_063_seed_01,32452843,explicit_locked_manifest,not_evaluated,not_evaluated_due_to_H2_PASSIVE_CAPABILITY_SET_NOT_SUPPORTED
core_063,B,4,adequate,headroom_only,mild,uniform_20_120_s,after,ramp,medium,random_dropout,low_0p25_0p40,final_known,core_063_seed_02,49979687,explicit_locked_manifest,not_evaluated,not_evaluated_due_to_H2_PASSIVE_CAPABILITY_SET_NOT_SUPPORTED
core_063,B,4,adequate,headroom_only,mild,uniform_20_120_s,after,ramp,medium,random_dropout,low_0p25_0p40,final_known,core_063_seed_03,67867967,explicit_locked_manifest,not_evaluated,not_evaluated_due_to_H2_PASSIVE_CAPABILITY_SET_NOT_SUPPORTED
core_063,B,4,adequate,headroom_only,mild,uniform_20_120_s,after,ramp,medium,random_dropout,low_0p25_0p40,final_known,core_063_seed_04,86028121,explicit_locked_manifest,not_evaluated,not_evaluated_due_to_H2_PASSIVE_CAPABILITY_SET_NOT_SUPPORTED
core_063,B,4,adequate,headroom_only,mild,uniform_20_120_s,after,ramp,medium,random_dropout,low_0p25_0p40,final_known,core_063_seed_05,104395303,explicit_locked_manifest,not_evaluated,not_evaluated_due_to_H2_PASSIVE_CAPABILITY_SET_NOT_SUPPORTED
core_063,B,4,adequate,headroom_only,mild,uniform_20_120_s,after,ramp,medium,random_dropout,low_0p25_0p40,final_known,core_063_seed_06,122949823,explicit_locked_manifest,not_evaluated,not_evaluated_due_to_H2_PASSIVE_CAPABILITY_SET_NOT_SUPPORTED
core_063,B,4,adequate,headroom_only,mild,uniform_20_120_s,after,ramp,medium,random_dropout,low_0p25_0p40,final_known,core_063_seed_07,141650939,explicit_locked_manifest,not_evaluated,not_evaluated_due_to_H2_PASSIVE_CAPABILITY_SET_NOT_SUPPORTED
core_063,B,4,adequate,headroom_only,mild,uniform_20_120_s,after,ramp,medium,random_dropout,low_0p25_0p40,final_known,core_063_seed_08,160481183,explicit_locked_manifest,not_evaluated,not_evaluated_due_to_H2_PASSIVE_CAPABILITY_SET_NOT_SUPPORTED
core_063,B,4,adequate,headroom_only,mild,uniform_20_120_s,after,ramp,medium,random_dropout,low_0p25_0p40,final_known,core_063_seed_09,179424673,explicit_locked_manifest,not_evaluated,not_evaluated_due_to_H2_PASSIVE_CAPABILITY_SET_NOT_SUPPORTED
core_063,B,4,adequate,headroom_only,mild,uniform_20_120_s,after,ramp,medium,random_dropout,low_0p25_0p40,final_known,core_063_seed_10,198491317,explicit_locked_manifest,not_evaluated,not_evaluated_due_to_H2_PASSIVE_CAPABILITY_SET_NOT_SUPPORTED
core_063,B,4,adequate,headroom_only,mild,uniform_20_120_s,after,ramp,medium,random_dropout,low_0p25_0p40,final_known,core_063_seed_11,217645199,explicit_locked_manifest,not_evaluated,not_evaluated_due_to_H2_PASSIVE_CAPABILITY_SET_NOT_SUPPORTED
core_063,B,4,adequate,headroom_only,mild,uniform_20_120_s,after,ramp,medium,random_dropout,low_0p25_0p40,final_known,core_063_seed_12,236887699,explicit_locked_manifest,not_evaluated,not_evaluated_due_to_H2_PASSIVE_CAPABILITY_SET_NOT_SUPPORTED
core_063,B,4,adequate,headroom_only,mild,uniform_20_120_s,after,ramp,medium,random_dropout,low_0p25_0p40,final_known,core_063_seed_13,256203221,explicit_locked_manifest,not_evaluated,not_evaluated_due_to_H2_PASSIVE_CAPABILITY_SET_NOT_SUPPORTED
core_063,B,4,adequate,headroom_only,mild,uniform_20_120_s,after,ramp,medium,random_dropout,low_0p25_0p40,final_known,core_063_seed_14,275604541,explicit_locked_manifest,not_evaluated,not_evaluated_due_to_H2_PASSIVE_CAPABILITY_SET_NOT_SUPPORTED
core_063,B,4,adequate,headroom_only,mild,uniform_20_120_s,after,ramp,medium,random_dropout,low_0p25_0p40,final_known,core_063_seed_15,295075147,explicit_locked_manifest,not_evaluated,not_evaluated_due_to_H2_PASSIVE_CAPABILITY_SET_NOT_SUPPORTED
core_063,B,4,adequate,headroom_only,mild,uniform_20_120_s,after,ramp,medium,random_dropout,low_0p25_0p40,final_known,core_063_seed_16,314606891,explicit_locked_manifest,not_evaluated,not_evaluated_due_to_H2_PASSIVE_CAPABILITY_SET_NOT_SUPPORTED
core_063,B,4,adequate,headroom_only,mild,uniform_20_120_s,after,ramp,medium,random_dropout,low_0p25_0p40,final_known,core_063_seed_17,334214467,explicit_locked_manifest,not_evaluated,not_evaluated_due_to_H2_PASSIVE_CAPABILITY_SET_NOT_SUPPORTED
core_063,B,4,adequate,headroom_only,mild,uniform_20_120_s,after,ramp,medium,random_dropout,low_0p25_0p40,final_known,core_063_seed_18,353868013,explicit_locked_manifest,not_evaluated,not_evaluated_due_to_H2_PASSIVE_CAPABILITY_SET_NOT_SUPPORTED
core_063,B,4,adequate,headroom_only,mild,uniform_20_120_s,after,ramp,medium,random_dropout,low_0p25_0p40,final_known,core_063_seed_19,373587883,explicit_locked_manifest,not_evaluated,not_evaluated_due_to_H2_PASSIVE_CAPABILITY_SET_NOT_SUPPORTED
core_064,B,4,scarce,headroom_only,mild,uniform_20_120_s,simultaneous,pulse,high,jitter,mid_0p45_0p60,final_known,core_064_seed_00,15485863,explicit_locked_manifest,not_evaluated,not_evaluated_due_to_H2_PASSIVE_CAPABILITY_SET_NOT_SUPPORTED
core_064,B,4,scarce,headroom_only,mild,uniform_20_120_s,simultaneous,pulse,high,jitter,mid_0p45_0p60,final_known,core_064_seed_01,32452843,explicit_locked_manifest,not_evaluated,not_evaluated_due_to_H2_PASSIVE_CAPABILITY_SET_NOT_SUPPORTED
core_064,B,4,scarce,headroom_only,mild,uniform_20_120_s,simultaneous,pulse,high,jitter,mid_0p45_0p60,final_known,core_064_seed_02,49979687,explicit_locked_manifest,not_evaluated,not_evaluated_due_to_H2_PASSIVE_CAPABILITY_SET_NOT_SUPPORTED
core_064,B,4,scarce,headroom_only,mild,uniform_20_120_s,simultaneous,pulse,high,jitter,mid_0p45_0p60,final_known,core_064_seed_03,67867967,explicit_locked_manifest,not_evaluated,not_evaluated_due_to_H2_PASSIVE_CAPABILITY_SET_NOT_SUPPORTED
core_064,B,4,scarce,headroom_only,mild,uniform_20_120_s,simultaneous,pulse,high,jitter,mid_0p45_0p60,final_known,core_064_seed_04,86028121,explicit_locked_manifest,not_evaluated,not_evaluated_due_to_H2_PASSIVE_CAPABILITY_SET_NOT_SUPPORTED
core_064,B,4,scarce,headroom_only,mild,uniform_20_120_s,simultaneous,pulse,high,jitter,mid_0p45_0p60,final_known,core_064_seed_05,104395303,explicit_locked_manifest,not_evaluated,not_evaluated_due_to_H2_PASSIVE_CAPABILITY_SET_NOT_SUPPORTED
core_064,B,4,scarce,headroom_only,mild,uniform_20_120_s,simultaneous,pulse,high,jitter,mid_0p45_0p60,final_known,core_064_seed_06,122949823,explicit_locked_manifest,not_evaluated,not_evaluated_due_to_H2_PASSIVE_CAPABILITY_SET_NOT_SUPPORTED
core_064,B,4,scarce,headroom_only,mild,uniform_20_120_s,simultaneous,pulse,high,jitter,mid_0p45_0p60,final_known,core_064_seed_07,141650939,explicit_locked_manifest,not_evaluated,not_evaluated_due_to_H2_PASSIVE_CAPABILITY_SET_NOT_SUPPORTED
core_064,B,4,scarce,headroom_only,mild,uniform_20_120_s,simultaneous,pulse,high,jitter,mid_0p45_0p60,final_known,core_064_seed_08,160481183,explicit_locked_manifest,not_evaluated,not_evaluated_due_to_H2_PASSIVE_CAPABILITY_SET_NOT_SUPPORTED
core_064,B,4,scarce,headroom_only,mild,uniform_20_120_s,simultaneous,pulse,high,jitter,mid_0p45_0p60,final_known,core_064_seed_09,179424673,explicit_locked_manifest,not_evaluated,not_evaluated_due_to_H2_PASSIVE_CAPABILITY_SET_NOT_SUPPORTED
core_064,B,4,scarce,headroom_only,mild,uniform_20_120_s,simultaneous,pulse,high,jitter,mid_0p45_0p60,final_known,core_064_seed_10,198491317,explicit_locked_manifest,not_evaluated,not_evaluated_due_to_H2_PASSIVE_CAPABILITY_SET_NOT_SUPPORTED
core_064,B,4,scarce,headroom_only,mild,uniform_20_120_s,simultaneous,pulse,high,jitter,mid_0p45_0p60,final_known,core_064_seed_11,217645199,explicit_locked_manifest,not_evaluated,not_evaluated_due_to_H2_PASSIVE_CAPABILITY_SET_NOT_SUPPORTED
core_064,B,4,scarce,headroom_only,mild,uniform_20_120_s,simultaneous,pulse,high,jitter,mid_0p45_0p60,final_known,core_064_seed_12,236887699,explicit_locked_manifest,not_evaluated,not_evaluated_due_to_H2_PASSIVE_CAPABILITY_SET_NOT_SUPPORTED
core_064,B,4,scarce,headroom_only,mild,uniform_20_120_s,simultaneous,pulse,high,jitter,mid_0p45_0p60,final_known,core_064_seed_13,256203221,explicit_locked_manifest,not_evaluated,not_evaluated_due_to_H2_PASSIVE_CAPABILITY_SET_NOT_SUPPORTED
core_064,B,4,scarce,headroom_only,mild,uniform_20_120_s,simultaneous,pulse,high,jitter,mid_0p45_0p60,final_known,core_064_seed_14,275604541,explicit_locked_manifest,not_evaluated,not_evaluated_due_to_H2_PASSIVE_CAPABILITY_SET_NOT_SUPPORTED
core_064,B,4,scarce,headroom_only,mild,uniform_20_120_s,simultaneous,pulse,high,jitter,mid_0p45_0p60,final_known,core_064_seed_15,295075147,explicit_locked_manifest,not_evaluated,not_evaluated_due_to_H2_PASSIVE_CAPABILITY_SET_NOT_SUPPORTED
core_064,B,4,scarce,headroom_only,mild,uniform_20_120_s,simultaneous,pulse,high,jitter,mid_0p45_0p60,final_known,core_064_seed_16,314606891,explicit_locked_manifest,not_evaluated,not_evaluated_due_to_H2_PASSIVE_CAPABILITY_SET_NOT_SUPPORTED
core_064,B,4,scarce,headroom_only,mild,uniform_20_120_s,simultaneous,pulse,high,jitter,mid_0p45_0p60,final_known,core_064_seed_17,334214467,explicit_locked_manifest,not_evaluated,not_evaluated_due_to_H2_PASSIVE_CAPABILITY_SET_NOT_SUPPORTED
core_064,B,4,scarce,headroom_only,mild,uniform_20_120_s,simultaneous,pulse,high,jitter,mid_0p45_0p60,final_known,core_064_seed_18,353868013,explicit_locked_manifest,not_evaluated,not_evaluated_due_to_H2_PASSIVE_CAPABILITY_SET_NOT_SUPPORTED
core_064,B,4,scarce,headroom_only,mild,uniform_20_120_s,simultaneous,pulse,high,jitter,mid_0p45_0p60,final_known,core_064_seed_19,373587883,explicit_locked_manifest,not_evaluated,not_evaluated_due_to_H2_PASSIVE_CAPABILITY_SET_NOT_SUPPORTED
core_065,B,4,critical,headroom_only,mild,uniform_20_120_s,before,stochastic_net_load,low,normal,high_0p65_0p80,final_known,core_065_seed_00,15485863,explicit_locked_manifest,not_evaluated,not_evaluated_due_to_H2_PASSIVE_CAPABILITY_SET_NOT_SUPPORTED
core_065,B,4,critical,headroom_only,mild,uniform_20_120_s,before,stochastic_net_load,low,normal,high_0p65_0p80,final_known,core_065_seed_01,32452843,explicit_locked_manifest,not_evaluated,not_evaluated_due_to_H2_PASSIVE_CAPABILITY_SET_NOT_SUPPORTED
core_065,B,4,critical,headroom_only,mild,uniform_20_120_s,before,stochastic_net_load,low,normal,high_0p65_0p80,final_known,core_065_seed_02,49979687,explicit_locked_manifest,not_evaluated,not_evaluated_due_to_H2_PASSIVE_CAPABILITY_SET_NOT_SUPPORTED
core_065,B,4,critical,headroom_only,mild,uniform_20_120_s,before,stochastic_net_load,low,normal,high_0p65_0p80,final_known,core_065_seed_03,67867967,explicit_locked_manifest,not_evaluated,not_evaluated_due_to_H2_PASSIVE_CAPABILITY_SET_NOT_SUPPORTED
core_065,B,4,critical,headroom_only,mild,uniform_20_120_s,before,stochastic_net_load,low,normal,high_0p65_0p80,final_known,core_065_seed_04,86028121,explicit_locked_manifest,not_evaluated,not_evaluated_due_to_H2_PASSIVE_CAPABILITY_SET_NOT_SUPPORTED
core_065,B,4,critical,headroom_only,mild,uniform_20_120_s,before,stochastic_net_load,low,normal,high_0p65_0p80,final_known,core_065_seed_05,104395303,explicit_locked_manifest,not_evaluated,not_evaluated_due_to_H2_PASSIVE_CAPABILITY_SET_NOT_SUPPORTED
core_065,B,4,critical,headroom_only,mild,uniform_20_120_s,before,stochastic_net_load,low,normal,high_0p65_0p80,final_known,core_065_seed_06,122949823,explicit_locked_manifest,not_evaluated,not_evaluated_due_to_H2_PASSIVE_CAPABILITY_SET_NOT_SUPPORTED
core_065,B,4,critical,headroom_only,mild,uniform_20_120_s,before,stochastic_net_load,low,normal,high_0p65_0p80,final_known,core_065_seed_07,141650939,explicit_locked_manifest,not_evaluated,not_evaluated_due_to_H2_PASSIVE_CAPABILITY_SET_NOT_SUPPORTED
core_065,B,4,critical,headroom_only,mild,uniform_20_120_s,before,stochastic_net_load,low,normal,high_0p65_0p80,final_known,core_065_seed_08,160481183,explicit_locked_manifest,not_evaluated,not_evaluated_due_to_H2_PASSIVE_CAPABILITY_SET_NOT_SUPPORTED
core_065,B,4,critical,headroom_only,mild,uniform_20_120_s,before,stochastic_net_load,low,normal,high_0p65_0p80,final_known,core_065_seed_09,179424673,explicit_locked_manifest,not_evaluated,not_evaluated_due_to_H2_PASSIVE_CAPABILITY_SET_NOT_SUPPORTED
core_065,B,4,critical,headroom_only,mild,uniform_20_120_s,before,stochastic_net_load,low,normal,high_0p65_0p80,final_known,core_065_seed_10,198491317,explicit_locked_manifest,not_evaluated,not_evaluated_due_to_H2_PASSIVE_CAPABILITY_SET_NOT_SUPPORTED
core_065,B,4,critical,headroom_only,mild,uniform_20_120_s,before,stochastic_net_load,low,normal,high_0p65_0p80,final_known,core_065_seed_11,217645199,explicit_locked_manifest,not_evaluated,not_evaluated_due_to_H2_PASSIVE_CAPABILITY_SET_NOT_SUPPORTED
core_065,B,4,critical,headroom_only,mild,uniform_20_120_s,before,stochastic_net_load,low,normal,high_0p65_0p80,final_known,core_065_seed_12,236887699,explicit_locked_manifest,not_evaluated,not_evaluated_due_to_H2_PASSIVE_CAPABILITY_SET_NOT_SUPPORTED
core_065,B,4,critical,headroom_only,mild,uniform_20_120_s,before,stochastic_net_load,low,normal,high_0p65_0p80,final_known,core_065_seed_13,256203221,explicit_locked_manifest,not_evaluated,not_evaluated_due_to_H2_PASSIVE_CAPABILITY_SET_NOT_SUPPORTED
core_065,B,4,critical,headroom_only,mild,uniform_20_120_s,before,stochastic_net_load,low,normal,high_0p65_0p80,final_known,core_065_seed_14,275604541,explicit_locked_manifest,not_evaluated,not_evaluated_due_to_H2_PASSIVE_CAPABILITY_SET_NOT_SUPPORTED
core_065,B,4,critical,headroom_only,mild,uniform_20_120_s,before,stochastic_net_load,low,normal,high_0p65_0p80,final_known,core_065_seed_15,295075147,explicit_locked_manifest,not_evaluated,not_evaluated_due_to_H2_PASSIVE_CAPABILITY_SET_NOT_SUPPORTED
core_065,B,4,critical,headroom_only,mild,uniform_20_120_s,before,stochastic_net_load,low,normal,high_0p65_0p80,final_known,core_065_seed_16,314606891,explicit_locked_manifest,not_evaluated,not_evaluated_due_to_H2_PASSIVE_CAPABILITY_SET_NOT_SUPPORTED
core_065,B,4,critical,headroom_only,mild,uniform_20_120_s,before,stochastic_net_load,low,normal,high_0p65_0p80,final_known,core_065_seed_17,334214467,explicit_locked_manifest,not_evaluated,not_evaluated_due_to_H2_PASSIVE_CAPABILITY_SET_NOT_SUPPORTED
core_065,B,4,critical,headroom_only,mild,uniform_20_120_s,before,stochastic_net_load,low,normal,high_0p65_0p80,final_known,core_065_seed_18,353868013,explicit_locked_manifest,not_evaluated,not_evaluated_due_to_H2_PASSIVE_CAPABILITY_SET_NOT_SUPPORTED
core_065,B,4,critical,headroom_only,mild,uniform_20_120_s,before,stochastic_net_load,low,normal,high_0p65_0p80,final_known,core_065_seed_19,373587883,explicit_locked_manifest,not_evaluated,not_evaluated_due_to_H2_PASSIVE_CAPABILITY_SET_NOT_SUPPORTED
core_066,B,2,adequate,headroom_only,medium,uniform_20_120_s,no_incident,step,medium,random_dropout,low_0p25_0p40,final_known,core_066_seed_00,15485863,explicit_locked_manifest,not_evaluated,not_evaluated_due_to_H2_PASSIVE_CAPABILITY_SET_NOT_SUPPORTED
core_066,B,2,adequate,headroom_only,medium,uniform_20_120_s,no_incident,step,medium,random_dropout,low_0p25_0p40,final_known,core_066_seed_01,32452843,explicit_locked_manifest,not_evaluated,not_evaluated_due_to_H2_PASSIVE_CAPABILITY_SET_NOT_SUPPORTED
core_066,B,2,adequate,headroom_only,medium,uniform_20_120_s,no_incident,step,medium,random_dropout,low_0p25_0p40,final_known,core_066_seed_02,49979687,explicit_locked_manifest,not_evaluated,not_evaluated_due_to_H2_PASSIVE_CAPABILITY_SET_NOT_SUPPORTED
core_066,B,2,adequate,headroom_only,medium,uniform_20_120_s,no_incident,step,medium,random_dropout,low_0p25_0p40,final_known,core_066_seed_03,67867967,explicit_locked_manifest,not_evaluated,not_evaluated_due_to_H2_PASSIVE_CAPABILITY_SET_NOT_SUPPORTED
core_066,B,2,adequate,headroom_only,medium,uniform_20_120_s,no_incident,step,medium,random_dropout,low_0p25_0p40,final_known,core_066_seed_04,86028121,explicit_locked_manifest,not_evaluated,not_evaluated_due_to_H2_PASSIVE_CAPABILITY_SET_NOT_SUPPORTED
core_066,B,2,adequate,headroom_only,medium,uniform_20_120_s,no_incident,step,medium,random_dropout,low_0p25_0p40,final_known,core_066_seed_05,104395303,explicit_locked_manifest,not_evaluated,not_evaluated_due_to_H2_PASSIVE_CAPABILITY_SET_NOT_SUPPORTED
core_066,B,2,adequate,headroom_only,medium,uniform_20_120_s,no_incident,step,medium,random_dropout,low_0p25_0p40,final_known,core_066_seed_06,122949823,explicit_locked_manifest,not_evaluated,not_evaluated_due_to_H2_PASSIVE_CAPABILITY_SET_NOT_SUPPORTED
core_066,B,2,adequate,headroom_only,medium,uniform_20_120_s,no_incident,step,medium,random_dropout,low_0p25_0p40,final_known,core_066_seed_07,141650939,explicit_locked_manifest,not_evaluated,not_evaluated_due_to_H2_PASSIVE_CAPABILITY_SET_NOT_SUPPORTED
core_066,B,2,adequate,headroom_only,medium,uniform_20_120_s,no_incident,step,medium,random_dropout,low_0p25_0p40,final_known,core_066_seed_08,160481183,explicit_locked_manifest,not_evaluated,not_evaluated_due_to_H2_PASSIVE_CAPABILITY_SET_NOT_SUPPORTED
core_066,B,2,adequate,headroom_only,medium,uniform_20_120_s,no_incident,step,medium,random_dropout,low_0p25_0p40,final_known,core_066_seed_09,179424673,explicit_locked_manifest,not_evaluated,not_evaluated_due_to_H2_PASSIVE_CAPABILITY_SET_NOT_SUPPORTED
core_066,B,2,adequate,headroom_only,medium,uniform_20_120_s,no_incident,step,medium,random_dropout,low_0p25_0p40,final_known,core_066_seed_10,198491317,explicit_locked_manifest,not_evaluated,not_evaluated_due_to_H2_PASSIVE_CAPABILITY_SET_NOT_SUPPORTED
core_066,B,2,adequate,headroom_only,medium,uniform_20_120_s,no_incident,step,medium,random_dropout,low_0p25_0p40,final_known,core_066_seed_11,217645199,explicit_locked_manifest,not_evaluated,not_evaluated_due_to_H2_PASSIVE_CAPABILITY_SET_NOT_SUPPORTED
core_066,B,2,adequate,headroom_only,medium,uniform_20_120_s,no_incident,step,medium,random_dropout,low_0p25_0p40,final_known,core_066_seed_12,236887699,explicit_locked_manifest,not_evaluated,not_evaluated_due_to_H2_PASSIVE_CAPABILITY_SET_NOT_SUPPORTED
core_066,B,2,adequate,headroom_only,medium,uniform_20_120_s,no_incident,step,medium,random_dropout,low_0p25_0p40,final_known,core_066_seed_13,256203221,explicit_locked_manifest,not_evaluated,not_evaluated_due_to_H2_PASSIVE_CAPABILITY_SET_NOT_SUPPORTED
core_066,B,2,adequate,headroom_only,medium,uniform_20_120_s,no_incident,step,medium,random_dropout,low_0p25_0p40,final_known,core_066_seed_14,275604541,explicit_locked_manifest,not_evaluated,not_evaluated_due_to_H2_PASSIVE_CAPABILITY_SET_NOT_SUPPORTED
core_066,B,2,adequate,headroom_only,medium,uniform_20_120_s,no_incident,step,medium,random_dropout,low_0p25_0p40,final_known,core_066_seed_15,295075147,explicit_locked_manifest,not_evaluated,not_evaluated_due_to_H2_PASSIVE_CAPABILITY_SET_NOT_SUPPORTED
core_066,B,2,adequate,headroom_only,medium,uniform_20_120_s,no_incident,step,medium,random_dropout,low_0p25_0p40,final_known,core_066_seed_16,314606891,explicit_locked_manifest,not_evaluated,not_evaluated_due_to_H2_PASSIVE_CAPABILITY_SET_NOT_SUPPORTED
core_066,B,2,adequate,headroom_only,medium,uniform_20_120_s,no_incident,step,medium,random_dropout,low_0p25_0p40,final_known,core_066_seed_17,334214467,explicit_locked_manifest,not_evaluated,not_evaluated_due_to_H2_PASSIVE_CAPABILITY_SET_NOT_SUPPORTED
core_066,B,2,adequate,headroom_only,medium,uniform_20_120_s,no_incident,step,medium,random_dropout,low_0p25_0p40,final_known,core_066_seed_18,353868013,explicit_locked_manifest,not_evaluated,not_evaluated_due_to_H2_PASSIVE_CAPABILITY_SET_NOT_SUPPORTED
core_066,B,2,adequate,headroom_only,medium,uniform_20_120_s,no_incident,step,medium,random_dropout,low_0p25_0p40,final_known,core_066_seed_19,373587883,explicit_locked_manifest,not_evaluated,not_evaluated_due_to_H2_PASSIVE_CAPABILITY_SET_NOT_SUPPORTED
core_067,B,2,scarce,headroom_only,medium,uniform_20_120_s,after,ramp,high,jitter,mid_0p45_0p60,final_known,core_067_seed_00,15485863,explicit_locked_manifest,not_evaluated,not_evaluated_due_to_H2_PASSIVE_CAPABILITY_SET_NOT_SUPPORTED
core_067,B,2,scarce,headroom_only,medium,uniform_20_120_s,after,ramp,high,jitter,mid_0p45_0p60,final_known,core_067_seed_01,32452843,explicit_locked_manifest,not_evaluated,not_evaluated_due_to_H2_PASSIVE_CAPABILITY_SET_NOT_SUPPORTED
core_067,B,2,scarce,headroom_only,medium,uniform_20_120_s,after,ramp,high,jitter,mid_0p45_0p60,final_known,core_067_seed_02,49979687,explicit_locked_manifest,not_evaluated,not_evaluated_due_to_H2_PASSIVE_CAPABILITY_SET_NOT_SUPPORTED
core_067,B,2,scarce,headroom_only,medium,uniform_20_120_s,after,ramp,high,jitter,mid_0p45_0p60,final_known,core_067_seed_03,67867967,explicit_locked_manifest,not_evaluated,not_evaluated_due_to_H2_PASSIVE_CAPABILITY_SET_NOT_SUPPORTED
core_067,B,2,scarce,headroom_only,medium,uniform_20_120_s,after,ramp,high,jitter,mid_0p45_0p60,final_known,core_067_seed_04,86028121,explicit_locked_manifest,not_evaluated,not_evaluated_due_to_H2_PASSIVE_CAPABILITY_SET_NOT_SUPPORTED
core_067,B,2,scarce,headroom_only,medium,uniform_20_120_s,after,ramp,high,jitter,mid_0p45_0p60,final_known,core_067_seed_05,104395303,explicit_locked_manifest,not_evaluated,not_evaluated_due_to_H2_PASSIVE_CAPABILITY_SET_NOT_SUPPORTED
core_067,B,2,scarce,headroom_only,medium,uniform_20_120_s,after,ramp,high,jitter,mid_0p45_0p60,final_known,core_067_seed_06,122949823,explicit_locked_manifest,not_evaluated,not_evaluated_due_to_H2_PASSIVE_CAPABILITY_SET_NOT_SUPPORTED
core_067,B,2,scarce,headroom_only,medium,uniform_20_120_s,after,ramp,high,jitter,mid_0p45_0p60,final_known,core_067_seed_07,141650939,explicit_locked_manifest,not_evaluated,not_evaluated_due_to_H2_PASSIVE_CAPABILITY_SET_NOT_SUPPORTED
core_067,B,2,scarce,headroom_only,medium,uniform_20_120_s,after,ramp,high,jitter,mid_0p45_0p60,final_known,core_067_seed_08,160481183,explicit_locked_manifest,not_evaluated,not_evaluated_due_to_H2_PASSIVE_CAPABILITY_SET_NOT_SUPPORTED
core_067,B,2,scarce,headroom_only,medium,uniform_20_120_s,after,ramp,high,jitter,mid_0p45_0p60,final_known,core_067_seed_09,179424673,explicit_locked_manifest,not_evaluated,not_evaluated_due_to_H2_PASSIVE_CAPABILITY_SET_NOT_SUPPORTED
core_067,B,2,scarce,headroom_only,medium,uniform_20_120_s,after,ramp,high,jitter,mid_0p45_0p60,final_known,core_067_seed_10,198491317,explicit_locked_manifest,not_evaluated,not_evaluated_due_to_H2_PASSIVE_CAPABILITY_SET_NOT_SUPPORTED
core_067,B,2,scarce,headroom_only,medium,uniform_20_120_s,after,ramp,high,jitter,mid_0p45_0p60,final_known,core_067_seed_11,217645199,explicit_locked_manifest,not_evaluated,not_evaluated_due_to_H2_PASSIVE_CAPABILITY_SET_NOT_SUPPORTED
core_067,B,2,scarce,headroom_only,medium,uniform_20_120_s,after,ramp,high,jitter,mid_0p45_0p60,final_known,core_067_seed_12,236887699,explicit_locked_manifest,not_evaluated,not_evaluated_due_to_H2_PASSIVE_CAPABILITY_SET_NOT_SUPPORTED
core_067,B,2,scarce,headroom_only,medium,uniform_20_120_s,after,ramp,high,jitter,mid_0p45_0p60,final_known,core_067_seed_13,256203221,explicit_locked_manifest,not_evaluated,not_evaluated_due_to_H2_PASSIVE_CAPABILITY_SET_NOT_SUPPORTED
core_067,B,2,scarce,headroom_only,medium,uniform_20_120_s,after,ramp,high,jitter,mid_0p45_0p60,final_known,core_067_seed_14,275604541,explicit_locked_manifest,not_evaluated,not_evaluated_due_to_H2_PASSIVE_CAPABILITY_SET_NOT_SUPPORTED
core_067,B,2,scarce,headroom_only,medium,uniform_20_120_s,after,ramp,high,jitter,mid_0p45_0p60,final_known,core_067_seed_15,295075147,explicit_locked_manifest,not_evaluated,not_evaluated_due_to_H2_PASSIVE_CAPABILITY_SET_NOT_SUPPORTED
core_067,B,2,scarce,headroom_only,medium,uniform_20_120_s,after,ramp,high,jitter,mid_0p45_0p60,final_known,core_067_seed_16,314606891,explicit_locked_manifest,not_evaluated,not_evaluated_due_to_H2_PASSIVE_CAPABILITY_SET_NOT_SUPPORTED
core_067,B,2,scarce,headroom_only,medium,uniform_20_120_s,after,ramp,high,jitter,mid_0p45_0p60,final_known,core_067_seed_17,334214467,explicit_locked_manifest,not_evaluated,not_evaluated_due_to_H2_PASSIVE_CAPABILITY_SET_NOT_SUPPORTED
core_067,B,2,scarce,headroom_only,medium,uniform_20_120_s,after,ramp,high,jitter,mid_0p45_0p60,final_known,core_067_seed_18,353868013,explicit_locked_manifest,not_evaluated,not_evaluated_due_to_H2_PASSIVE_CAPABILITY_SET_NOT_SUPPORTED
core_067,B,2,scarce,headroom_only,medium,uniform_20_120_s,after,ramp,high,jitter,mid_0p45_0p60,final_known,core_067_seed_19,373587883,explicit_locked_manifest,not_evaluated,not_evaluated_due_to_H2_PASSIVE_CAPABILITY_SET_NOT_SUPPORTED
core_068,B,2,critical,headroom_only,medium,uniform_20_120_s,simultaneous,pulse,low,normal,high_0p65_0p80,final_known,core_068_seed_00,15485863,explicit_locked_manifest,not_evaluated,not_evaluated_due_to_H2_PASSIVE_CAPABILITY_SET_NOT_SUPPORTED
core_068,B,2,critical,headroom_only,medium,uniform_20_120_s,simultaneous,pulse,low,normal,high_0p65_0p80,final_known,core_068_seed_01,32452843,explicit_locked_manifest,not_evaluated,not_evaluated_due_to_H2_PASSIVE_CAPABILITY_SET_NOT_SUPPORTED
core_068,B,2,critical,headroom_only,medium,uniform_20_120_s,simultaneous,pulse,low,normal,high_0p65_0p80,final_known,core_068_seed_02,49979687,explicit_locked_manifest,not_evaluated,not_evaluated_due_to_H2_PASSIVE_CAPABILITY_SET_NOT_SUPPORTED
core_068,B,2,critical,headroom_only,medium,uniform_20_120_s,simultaneous,pulse,low,normal,high_0p65_0p80,final_known,core_068_seed_03,67867967,explicit_locked_manifest,not_evaluated,not_evaluated_due_to_H2_PASSIVE_CAPABILITY_SET_NOT_SUPPORTED
core_068,B,2,critical,headroom_only,medium,uniform_20_120_s,simultaneous,pulse,low,normal,high_0p65_0p80,final_known,core_068_seed_04,86028121,explicit_locked_manifest,not_evaluated,not_evaluated_due_to_H2_PASSIVE_CAPABILITY_SET_NOT_SUPPORTED
core_068,B,2,critical,headroom_only,medium,uniform_20_120_s,simultaneous,pulse,low,normal,high_0p65_0p80,final_known,core_068_seed_05,104395303,explicit_locked_manifest,not_evaluated,not_evaluated_due_to_H2_PASSIVE_CAPABILITY_SET_NOT_SUPPORTED
core_068,B,2,critical,headroom_only,medium,uniform_20_120_s,simultaneous,pulse,low,normal,high_0p65_0p80,final_known,core_068_seed_06,122949823,explicit_locked_manifest,not_evaluated,not_evaluated_due_to_H2_PASSIVE_CAPABILITY_SET_NOT_SUPPORTED
core_068,B,2,critical,headroom_only,medium,uniform_20_120_s,simultaneous,pulse,low,normal,high_0p65_0p80,final_known,core_068_seed_07,141650939,explicit_locked_manifest,not_evaluated,not_evaluated_due_to_H2_PASSIVE_CAPABILITY_SET_NOT_SUPPORTED
core_068,B,2,critical,headroom_only,medium,uniform_20_120_s,simultaneous,pulse,low,normal,high_0p65_0p80,final_known,core_068_seed_08,160481183,explicit_locked_manifest,not_evaluated,not_evaluated_due_to_H2_PASSIVE_CAPABILITY_SET_NOT_SUPPORTED
core_068,B,2,critical,headroom_only,medium,uniform_20_120_s,simultaneous,pulse,low,normal,high_0p65_0p80,final_known,core_068_seed_09,179424673,explicit_locked_manifest,not_evaluated,not_evaluated_due_to_H2_PASSIVE_CAPABILITY_SET_NOT_SUPPORTED
core_068,B,2,critical,headroom_only,medium,uniform_20_120_s,simultaneous,pulse,low,normal,high_0p65_0p80,final_known,core_068_seed_10,198491317,explicit_locked_manifest,not_evaluated,not_evaluated_due_to_H2_PASSIVE_CAPABILITY_SET_NOT_SUPPORTED
core_068,B,2,critical,headroom_only,medium,uniform_20_120_s,simultaneous,pulse,low,normal,high_0p65_0p80,final_known,core_068_seed_11,217645199,explicit_locked_manifest,not_evaluated,not_evaluated_due_to_H2_PASSIVE_CAPABILITY_SET_NOT_SUPPORTED
core_068,B,2,critical,headroom_only,medium,uniform_20_120_s,simultaneous,pulse,low,normal,high_0p65_0p80,final_known,core_068_seed_12,236887699,explicit_locked_manifest,not_evaluated,not_evaluated_due_to_H2_PASSIVE_CAPABILITY_SET_NOT_SUPPORTED
core_068,B,2,critical,headroom_only,medium,uniform_20_120_s,simultaneous,pulse,low,normal,high_0p65_0p80,final_known,core_068_seed_13,256203221,explicit_locked_manifest,not_evaluated,not_evaluated_due_to_H2_PASSIVE_CAPABILITY_SET_NOT_SUPPORTED
core_068,B,2,critical,headroom_only,medium,uniform_20_120_s,simultaneous,pulse,low,normal,high_0p65_0p80,final_known,core_068_seed_14,275604541,explicit_locked_manifest,not_evaluated,not_evaluated_due_to_H2_PASSIVE_CAPABILITY_SET_NOT_SUPPORTED
core_068,B,2,critical,headroom_only,medium,uniform_20_120_s,simultaneous,pulse,low,normal,high_0p65_0p80,final_known,core_068_seed_15,295075147,explicit_locked_manifest,not_evaluated,not_evaluated_due_to_H2_PASSIVE_CAPABILITY_SET_NOT_SUPPORTED
core_068,B,2,critical,headroom_only,medium,uniform_20_120_s,simultaneous,pulse,low,normal,high_0p65_0p80,final_known,core_068_seed_16,314606891,explicit_locked_manifest,not_evaluated,not_evaluated_due_to_H2_PASSIVE_CAPABILITY_SET_NOT_SUPPORTED
core_068,B,2,critical,headroom_only,medium,uniform_20_120_s,simultaneous,pulse,low,normal,high_0p65_0p80,final_known,core_068_seed_17,334214467,explicit_locked_manifest,not_evaluated,not_evaluated_due_to_H2_PASSIVE_CAPABILITY_SET_NOT_SUPPORTED
core_068,B,2,critical,headroom_only,medium,uniform_20_120_s,simultaneous,pulse,low,normal,high_0p65_0p80,final_known,core_068_seed_18,353868013,explicit_locked_manifest,not_evaluated,not_evaluated_due_to_H2_PASSIVE_CAPABILITY_SET_NOT_SUPPORTED
core_068,B,2,critical,headroom_only,medium,uniform_20_120_s,simultaneous,pulse,low,normal,high_0p65_0p80,final_known,core_068_seed_19,373587883,explicit_locked_manifest,not_evaluated,not_evaluated_due_to_H2_PASSIVE_CAPABILITY_SET_NOT_SUPPORTED
core_069,B,4,adequate,headroom_only,severe,uniform_20_120_s,before,stochastic_net_load,medium,random_dropout,low_0p25_0p40,final_known,core_069_seed_00,15485863,explicit_locked_manifest,not_evaluated,not_evaluated_due_to_H2_PASSIVE_CAPABILITY_SET_NOT_SUPPORTED
core_069,B,4,adequate,headroom_only,severe,uniform_20_120_s,before,stochastic_net_load,medium,random_dropout,low_0p25_0p40,final_known,core_069_seed_01,32452843,explicit_locked_manifest,not_evaluated,not_evaluated_due_to_H2_PASSIVE_CAPABILITY_SET_NOT_SUPPORTED
core_069,B,4,adequate,headroom_only,severe,uniform_20_120_s,before,stochastic_net_load,medium,random_dropout,low_0p25_0p40,final_known,core_069_seed_02,49979687,explicit_locked_manifest,not_evaluated,not_evaluated_due_to_H2_PASSIVE_CAPABILITY_SET_NOT_SUPPORTED
core_069,B,4,adequate,headroom_only,severe,uniform_20_120_s,before,stochastic_net_load,medium,random_dropout,low_0p25_0p40,final_known,core_069_seed_03,67867967,explicit_locked_manifest,not_evaluated,not_evaluated_due_to_H2_PASSIVE_CAPABILITY_SET_NOT_SUPPORTED
core_069,B,4,adequate,headroom_only,severe,uniform_20_120_s,before,stochastic_net_load,medium,random_dropout,low_0p25_0p40,final_known,core_069_seed_04,86028121,explicit_locked_manifest,not_evaluated,not_evaluated_due_to_H2_PASSIVE_CAPABILITY_SET_NOT_SUPPORTED
core_069,B,4,adequate,headroom_only,severe,uniform_20_120_s,before,stochastic_net_load,medium,random_dropout,low_0p25_0p40,final_known,core_069_seed_05,104395303,explicit_locked_manifest,not_evaluated,not_evaluated_due_to_H2_PASSIVE_CAPABILITY_SET_NOT_SUPPORTED
core_069,B,4,adequate,headroom_only,severe,uniform_20_120_s,before,stochastic_net_load,medium,random_dropout,low_0p25_0p40,final_known,core_069_seed_06,122949823,explicit_locked_manifest,not_evaluated,not_evaluated_due_to_H2_PASSIVE_CAPABILITY_SET_NOT_SUPPORTED
core_069,B,4,adequate,headroom_only,severe,uniform_20_120_s,before,stochastic_net_load,medium,random_dropout,low_0p25_0p40,final_known,core_069_seed_07,141650939,explicit_locked_manifest,not_evaluated,not_evaluated_due_to_H2_PASSIVE_CAPABILITY_SET_NOT_SUPPORTED
core_069,B,4,adequate,headroom_only,severe,uniform_20_120_s,before,stochastic_net_load,medium,random_dropout,low_0p25_0p40,final_known,core_069_seed_08,160481183,explicit_locked_manifest,not_evaluated,not_evaluated_due_to_H2_PASSIVE_CAPABILITY_SET_NOT_SUPPORTED
core_069,B,4,adequate,headroom_only,severe,uniform_20_120_s,before,stochastic_net_load,medium,random_dropout,low_0p25_0p40,final_known,core_069_seed_09,179424673,explicit_locked_manifest,not_evaluated,not_evaluated_due_to_H2_PASSIVE_CAPABILITY_SET_NOT_SUPPORTED
core_069,B,4,adequate,headroom_only,severe,uniform_20_120_s,before,stochastic_net_load,medium,random_dropout,low_0p25_0p40,final_known,core_069_seed_10,198491317,explicit_locked_manifest,not_evaluated,not_evaluated_due_to_H2_PASSIVE_CAPABILITY_SET_NOT_SUPPORTED
core_069,B,4,adequate,headroom_only,severe,uniform_20_120_s,before,stochastic_net_load,medium,random_dropout,low_0p25_0p40,final_known,core_069_seed_11,217645199,explicit_locked_manifest,not_evaluated,not_evaluated_due_to_H2_PASSIVE_CAPABILITY_SET_NOT_SUPPORTED
core_069,B,4,adequate,headroom_only,severe,uniform_20_120_s,before,stochastic_net_load,medium,random_dropout,low_0p25_0p40,final_known,core_069_seed_12,236887699,explicit_locked_manifest,not_evaluated,not_evaluated_due_to_H2_PASSIVE_CAPABILITY_SET_NOT_SUPPORTED
core_069,B,4,adequate,headroom_only,severe,uniform_20_120_s,before,stochastic_net_load,medium,random_dropout,low_0p25_0p40,final_known,core_069_seed_13,256203221,explicit_locked_manifest,not_evaluated,not_evaluated_due_to_H2_PASSIVE_CAPABILITY_SET_NOT_SUPPORTED
core_069,B,4,adequate,headroom_only,severe,uniform_20_120_s,before,stochastic_net_load,medium,random_dropout,low_0p25_0p40,final_known,core_069_seed_14,275604541,explicit_locked_manifest,not_evaluated,not_evaluated_due_to_H2_PASSIVE_CAPABILITY_SET_NOT_SUPPORTED
core_069,B,4,adequate,headroom_only,severe,uniform_20_120_s,before,stochastic_net_load,medium,random_dropout,low_0p25_0p40,final_known,core_069_seed_15,295075147,explicit_locked_manifest,not_evaluated,not_evaluated_due_to_H2_PASSIVE_CAPABILITY_SET_NOT_SUPPORTED
core_069,B,4,adequate,headroom_only,severe,uniform_20_120_s,before,stochastic_net_load,medium,random_dropout,low_0p25_0p40,final_known,core_069_seed_16,314606891,explicit_locked_manifest,not_evaluated,not_evaluated_due_to_H2_PASSIVE_CAPABILITY_SET_NOT_SUPPORTED
core_069,B,4,adequate,headroom_only,severe,uniform_20_120_s,before,stochastic_net_load,medium,random_dropout,low_0p25_0p40,final_known,core_069_seed_17,334214467,explicit_locked_manifest,not_evaluated,not_evaluated_due_to_H2_PASSIVE_CAPABILITY_SET_NOT_SUPPORTED
core_069,B,4,adequate,headroom_only,severe,uniform_20_120_s,before,stochastic_net_load,medium,random_dropout,low_0p25_0p40,final_known,core_069_seed_18,353868013,explicit_locked_manifest,not_evaluated,not_evaluated_due_to_H2_PASSIVE_CAPABILITY_SET_NOT_SUPPORTED
core_069,B,4,adequate,headroom_only,severe,uniform_20_120_s,before,stochastic_net_load,medium,random_dropout,low_0p25_0p40,final_known,core_069_seed_19,373587883,explicit_locked_manifest,not_evaluated,not_evaluated_due_to_H2_PASSIVE_CAPABILITY_SET_NOT_SUPPORTED
core_070,B,4,scarce,headroom_only,severe,uniform_20_120_s,no_incident,step,high,jitter,mid_0p45_0p60,final_known,core_070_seed_00,15485863,explicit_locked_manifest,not_evaluated,not_evaluated_due_to_H2_PASSIVE_CAPABILITY_SET_NOT_SUPPORTED
core_070,B,4,scarce,headroom_only,severe,uniform_20_120_s,no_incident,step,high,jitter,mid_0p45_0p60,final_known,core_070_seed_01,32452843,explicit_locked_manifest,not_evaluated,not_evaluated_due_to_H2_PASSIVE_CAPABILITY_SET_NOT_SUPPORTED
core_070,B,4,scarce,headroom_only,severe,uniform_20_120_s,no_incident,step,high,jitter,mid_0p45_0p60,final_known,core_070_seed_02,49979687,explicit_locked_manifest,not_evaluated,not_evaluated_due_to_H2_PASSIVE_CAPABILITY_SET_NOT_SUPPORTED
core_070,B,4,scarce,headroom_only,severe,uniform_20_120_s,no_incident,step,high,jitter,mid_0p45_0p60,final_known,core_070_seed_03,67867967,explicit_locked_manifest,not_evaluated,not_evaluated_due_to_H2_PASSIVE_CAPABILITY_SET_NOT_SUPPORTED
core_070,B,4,scarce,headroom_only,severe,uniform_20_120_s,no_incident,step,high,jitter,mid_0p45_0p60,final_known,core_070_seed_04,86028121,explicit_locked_manifest,not_evaluated,not_evaluated_due_to_H2_PASSIVE_CAPABILITY_SET_NOT_SUPPORTED
core_070,B,4,scarce,headroom_only,severe,uniform_20_120_s,no_incident,step,high,jitter,mid_0p45_0p60,final_known,core_070_seed_05,104395303,explicit_locked_manifest,not_evaluated,not_evaluated_due_to_H2_PASSIVE_CAPABILITY_SET_NOT_SUPPORTED
core_070,B,4,scarce,headroom_only,severe,uniform_20_120_s,no_incident,step,high,jitter,mid_0p45_0p60,final_known,core_070_seed_06,122949823,explicit_locked_manifest,not_evaluated,not_evaluated_due_to_H2_PASSIVE_CAPABILITY_SET_NOT_SUPPORTED
core_070,B,4,scarce,headroom_only,severe,uniform_20_120_s,no_incident,step,high,jitter,mid_0p45_0p60,final_known,core_070_seed_07,141650939,explicit_locked_manifest,not_evaluated,not_evaluated_due_to_H2_PASSIVE_CAPABILITY_SET_NOT_SUPPORTED
core_070,B,4,scarce,headroom_only,severe,uniform_20_120_s,no_incident,step,high,jitter,mid_0p45_0p60,final_known,core_070_seed_08,160481183,explicit_locked_manifest,not_evaluated,not_evaluated_due_to_H2_PASSIVE_CAPABILITY_SET_NOT_SUPPORTED
core_070,B,4,scarce,headroom_only,severe,uniform_20_120_s,no_incident,step,high,jitter,mid_0p45_0p60,final_known,core_070_seed_09,179424673,explicit_locked_manifest,not_evaluated,not_evaluated_due_to_H2_PASSIVE_CAPABILITY_SET_NOT_SUPPORTED
core_070,B,4,scarce,headroom_only,severe,uniform_20_120_s,no_incident,step,high,jitter,mid_0p45_0p60,final_known,core_070_seed_10,198491317,explicit_locked_manifest,not_evaluated,not_evaluated_due_to_H2_PASSIVE_CAPABILITY_SET_NOT_SUPPORTED
core_070,B,4,scarce,headroom_only,severe,uniform_20_120_s,no_incident,step,high,jitter,mid_0p45_0p60,final_known,core_070_seed_11,217645199,explicit_locked_manifest,not_evaluated,not_evaluated_due_to_H2_PASSIVE_CAPABILITY_SET_NOT_SUPPORTED
core_070,B,4,scarce,headroom_only,severe,uniform_20_120_s,no_incident,step,high,jitter,mid_0p45_0p60,final_known,core_070_seed_12,236887699,explicit_locked_manifest,not_evaluated,not_evaluated_due_to_H2_PASSIVE_CAPABILITY_SET_NOT_SUPPORTED
core_070,B,4,scarce,headroom_only,severe,uniform_20_120_s,no_incident,step,high,jitter,mid_0p45_0p60,final_known,core_070_seed_13,256203221,explicit_locked_manifest,not_evaluated,not_evaluated_due_to_H2_PASSIVE_CAPABILITY_SET_NOT_SUPPORTED
core_070,B,4,scarce,headroom_only,severe,uniform_20_120_s,no_incident,step,high,jitter,mid_0p45_0p60,final_known,core_070_seed_14,275604541,explicit_locked_manifest,not_evaluated,not_evaluated_due_to_H2_PASSIVE_CAPABILITY_SET_NOT_SUPPORTED
core_070,B,4,scarce,headroom_only,severe,uniform_20_120_s,no_incident,step,high,jitter,mid_0p45_0p60,final_known,core_070_seed_15,295075147,explicit_locked_manifest,not_evaluated,not_evaluated_due_to_H2_PASSIVE_CAPABILITY_SET_NOT_SUPPORTED
core_070,B,4,scarce,headroom_only,severe,uniform_20_120_s,no_incident,step,high,jitter,mid_0p45_0p60,final_known,core_070_seed_16,314606891,explicit_locked_manifest,not_evaluated,not_evaluated_due_to_H2_PASSIVE_CAPABILITY_SET_NOT_SUPPORTED
core_070,B,4,scarce,headroom_only,severe,uniform_20_120_s,no_incident,step,high,jitter,mid_0p45_0p60,final_known,core_070_seed_17,334214467,explicit_locked_manifest,not_evaluated,not_evaluated_due_to_H2_PASSIVE_CAPABILITY_SET_NOT_SUPPORTED
core_070,B,4,scarce,headroom_only,severe,uniform_20_120_s,no_incident,step,high,jitter,mid_0p45_0p60,final_known,core_070_seed_18,353868013,explicit_locked_manifest,not_evaluated,not_evaluated_due_to_H2_PASSIVE_CAPABILITY_SET_NOT_SUPPORTED
core_070,B,4,scarce,headroom_only,severe,uniform_20_120_s,no_incident,step,high,jitter,mid_0p45_0p60,final_known,core_070_seed_19,373587883,explicit_locked_manifest,not_evaluated,not_evaluated_due_to_H2_PASSIVE_CAPABILITY_SET_NOT_SUPPORTED
core_071,B,4,critical,headroom_only,severe,uniform_20_120_s,after,ramp,low,normal,high_0p65_0p80,final_known,core_071_seed_00,15485863,explicit_locked_manifest,not_evaluated,not_evaluated_due_to_H2_PASSIVE_CAPABILITY_SET_NOT_SUPPORTED
core_071,B,4,critical,headroom_only,severe,uniform_20_120_s,after,ramp,low,normal,high_0p65_0p80,final_known,core_071_seed_01,32452843,explicit_locked_manifest,not_evaluated,not_evaluated_due_to_H2_PASSIVE_CAPABILITY_SET_NOT_SUPPORTED
core_071,B,4,critical,headroom_only,severe,uniform_20_120_s,after,ramp,low,normal,high_0p65_0p80,final_known,core_071_seed_02,49979687,explicit_locked_manifest,not_evaluated,not_evaluated_due_to_H2_PASSIVE_CAPABILITY_SET_NOT_SUPPORTED
core_071,B,4,critical,headroom_only,severe,uniform_20_120_s,after,ramp,low,normal,high_0p65_0p80,final_known,core_071_seed_03,67867967,explicit_locked_manifest,not_evaluated,not_evaluated_due_to_H2_PASSIVE_CAPABILITY_SET_NOT_SUPPORTED
core_071,B,4,critical,headroom_only,severe,uniform_20_120_s,after,ramp,low,normal,high_0p65_0p80,final_known,core_071_seed_04,86028121,explicit_locked_manifest,not_evaluated,not_evaluated_due_to_H2_PASSIVE_CAPABILITY_SET_NOT_SUPPORTED
core_071,B,4,critical,headroom_only,severe,uniform_20_120_s,after,ramp,low,normal,high_0p65_0p80,final_known,core_071_seed_05,104395303,explicit_locked_manifest,not_evaluated,not_evaluated_due_to_H2_PASSIVE_CAPABILITY_SET_NOT_SUPPORTED
core_071,B,4,critical,headroom_only,severe,uniform_20_120_s,after,ramp,low,normal,high_0p65_0p80,final_known,core_071_seed_06,122949823,explicit_locked_manifest,not_evaluated,not_evaluated_due_to_H2_PASSIVE_CAPABILITY_SET_NOT_SUPPORTED
core_071,B,4,critical,headroom_only,severe,uniform_20_120_s,after,ramp,low,normal,high_0p65_0p80,final_known,core_071_seed_07,141650939,explicit_locked_manifest,not_evaluated,not_evaluated_due_to_H2_PASSIVE_CAPABILITY_SET_NOT_SUPPORTED
core_071,B,4,critical,headroom_only,severe,uniform_20_120_s,after,ramp,low,normal,high_0p65_0p80,final_known,core_071_seed_08,160481183,explicit_locked_manifest,not_evaluated,not_evaluated_due_to_H2_PASSIVE_CAPABILITY_SET_NOT_SUPPORTED
core_071,B,4,critical,headroom_only,severe,uniform_20_120_s,after,ramp,low,normal,high_0p65_0p80,final_known,core_071_seed_09,179424673,explicit_locked_manifest,not_evaluated,not_evaluated_due_to_H2_PASSIVE_CAPABILITY_SET_NOT_SUPPORTED
core_071,B,4,critical,headroom_only,severe,uniform_20_120_s,after,ramp,low,normal,high_0p65_0p80,final_known,core_071_seed_10,198491317,explicit_locked_manifest,not_evaluated,not_evaluated_due_to_H2_PASSIVE_CAPABILITY_SET_NOT_SUPPORTED
core_071,B,4,critical,headroom_only,severe,uniform_20_120_s,after,ramp,low,normal,high_0p65_0p80,final_known,core_071_seed_11,217645199,explicit_locked_manifest,not_evaluated,not_evaluated_due_to_H2_PASSIVE_CAPABILITY_SET_NOT_SUPPORTED
core_071,B,4,critical,headroom_only,severe,uniform_20_120_s,after,ramp,low,normal,high_0p65_0p80,final_known,core_071_seed_12,236887699,explicit_locked_manifest,not_evaluated,not_evaluated_due_to_H2_PASSIVE_CAPABILITY_SET_NOT_SUPPORTED
core_071,B,4,critical,headroom_only,severe,uniform_20_120_s,after,ramp,low,normal,high_0p65_0p80,final_known,core_071_seed_13,256203221,explicit_locked_manifest,not_evaluated,not_evaluated_due_to_H2_PASSIVE_CAPABILITY_SET_NOT_SUPPORTED
core_071,B,4,critical,headroom_only,severe,uniform_20_120_s,after,ramp,low,normal,high_0p65_0p80,final_known,core_071_seed_14,275604541,explicit_locked_manifest,not_evaluated,not_evaluated_due_to_H2_PASSIVE_CAPABILITY_SET_NOT_SUPPORTED
core_071,B,4,critical,headroom_only,severe,uniform_20_120_s,after,ramp,low,normal,high_0p65_0p80,final_known,core_071_seed_15,295075147,explicit_locked_manifest,not_evaluated,not_evaluated_due_to_H2_PASSIVE_CAPABILITY_SET_NOT_SUPPORTED
core_071,B,4,critical,headroom_only,severe,uniform_20_120_s,after,ramp,low,normal,high_0p65_0p80,final_known,core_071_seed_16,314606891,explicit_locked_manifest,not_evaluated,not_evaluated_due_to_H2_PASSIVE_CAPABILITY_SET_NOT_SUPPORTED
core_071,B,4,critical,headroom_only,severe,uniform_20_120_s,after,ramp,low,normal,high_0p65_0p80,final_known,core_071_seed_17,334214467,explicit_locked_manifest,not_evaluated,not_evaluated_due_to_H2_PASSIVE_CAPABILITY_SET_NOT_SUPPORTED
core_071,B,4,critical,headroom_only,severe,uniform_20_120_s,after,ramp,low,normal,high_0p65_0p80,final_known,core_071_seed_18,353868013,explicit_locked_manifest,not_evaluated,not_evaluated_due_to_H2_PASSIVE_CAPABILITY_SET_NOT_SUPPORTED
core_071,B,4,critical,headroom_only,severe,uniform_20_120_s,after,ramp,low,normal,high_0p65_0p80,final_known,core_071_seed_19,373587883,explicit_locked_manifest,not_evaluated,not_evaluated_due_to_H2_PASSIVE_CAPABILITY_SET_NOT_SUPPORTED
core_072,B,2,adequate,ramp_only,mild,uniform_20_120_s,simultaneous,pulse,medium,random_dropout,low_0p25_0p40,final_known,core_072_seed_00,15485863,explicit_locked_manifest,not_evaluated,not_evaluated_due_to_H2_PASSIVE_CAPABILITY_SET_NOT_SUPPORTED
core_072,B,2,adequate,ramp_only,mild,uniform_20_120_s,simultaneous,pulse,medium,random_dropout,low_0p25_0p40,final_known,core_072_seed_01,32452843,explicit_locked_manifest,not_evaluated,not_evaluated_due_to_H2_PASSIVE_CAPABILITY_SET_NOT_SUPPORTED
core_072,B,2,adequate,ramp_only,mild,uniform_20_120_s,simultaneous,pulse,medium,random_dropout,low_0p25_0p40,final_known,core_072_seed_02,49979687,explicit_locked_manifest,not_evaluated,not_evaluated_due_to_H2_PASSIVE_CAPABILITY_SET_NOT_SUPPORTED
core_072,B,2,adequate,ramp_only,mild,uniform_20_120_s,simultaneous,pulse,medium,random_dropout,low_0p25_0p40,final_known,core_072_seed_03,67867967,explicit_locked_manifest,not_evaluated,not_evaluated_due_to_H2_PASSIVE_CAPABILITY_SET_NOT_SUPPORTED
core_072,B,2,adequate,ramp_only,mild,uniform_20_120_s,simultaneous,pulse,medium,random_dropout,low_0p25_0p40,final_known,core_072_seed_04,86028121,explicit_locked_manifest,not_evaluated,not_evaluated_due_to_H2_PASSIVE_CAPABILITY_SET_NOT_SUPPORTED
core_072,B,2,adequate,ramp_only,mild,uniform_20_120_s,simultaneous,pulse,medium,random_dropout,low_0p25_0p40,final_known,core_072_seed_05,104395303,explicit_locked_manifest,not_evaluated,not_evaluated_due_to_H2_PASSIVE_CAPABILITY_SET_NOT_SUPPORTED
core_072,B,2,adequate,ramp_only,mild,uniform_20_120_s,simultaneous,pulse,medium,random_dropout,low_0p25_0p40,final_known,core_072_seed_06,122949823,explicit_locked_manifest,not_evaluated,not_evaluated_due_to_H2_PASSIVE_CAPABILITY_SET_NOT_SUPPORTED
core_072,B,2,adequate,ramp_only,mild,uniform_20_120_s,simultaneous,pulse,medium,random_dropout,low_0p25_0p40,final_known,core_072_seed_07,141650939,explicit_locked_manifest,not_evaluated,not_evaluated_due_to_H2_PASSIVE_CAPABILITY_SET_NOT_SUPPORTED
core_072,B,2,adequate,ramp_only,mild,uniform_20_120_s,simultaneous,pulse,medium,random_dropout,low_0p25_0p40,final_known,core_072_seed_08,160481183,explicit_locked_manifest,not_evaluated,not_evaluated_due_to_H2_PASSIVE_CAPABILITY_SET_NOT_SUPPORTED
core_072,B,2,adequate,ramp_only,mild,uniform_20_120_s,simultaneous,pulse,medium,random_dropout,low_0p25_0p40,final_known,core_072_seed_09,179424673,explicit_locked_manifest,not_evaluated,not_evaluated_due_to_H2_PASSIVE_CAPABILITY_SET_NOT_SUPPORTED
core_072,B,2,adequate,ramp_only,mild,uniform_20_120_s,simultaneous,pulse,medium,random_dropout,low_0p25_0p40,final_known,core_072_seed_10,198491317,explicit_locked_manifest,not_evaluated,not_evaluated_due_to_H2_PASSIVE_CAPABILITY_SET_NOT_SUPPORTED
core_072,B,2,adequate,ramp_only,mild,uniform_20_120_s,simultaneous,pulse,medium,random_dropout,low_0p25_0p40,final_known,core_072_seed_11,217645199,explicit_locked_manifest,not_evaluated,not_evaluated_due_to_H2_PASSIVE_CAPABILITY_SET_NOT_SUPPORTED
core_072,B,2,adequate,ramp_only,mild,uniform_20_120_s,simultaneous,pulse,medium,random_dropout,low_0p25_0p40,final_known,core_072_seed_12,236887699,explicit_locked_manifest,not_evaluated,not_evaluated_due_to_H2_PASSIVE_CAPABILITY_SET_NOT_SUPPORTED
core_072,B,2,adequate,ramp_only,mild,uniform_20_120_s,simultaneous,pulse,medium,random_dropout,low_0p25_0p40,final_known,core_072_seed_13,256203221,explicit_locked_manifest,not_evaluated,not_evaluated_due_to_H2_PASSIVE_CAPABILITY_SET_NOT_SUPPORTED
core_072,B,2,adequate,ramp_only,mild,uniform_20_120_s,simultaneous,pulse,medium,random_dropout,low_0p25_0p40,final_known,core_072_seed_14,275604541,explicit_locked_manifest,not_evaluated,not_evaluated_due_to_H2_PASSIVE_CAPABILITY_SET_NOT_SUPPORTED
core_072,B,2,adequate,ramp_only,mild,uniform_20_120_s,simultaneous,pulse,medium,random_dropout,low_0p25_0p40,final_known,core_072_seed_15,295075147,explicit_locked_manifest,not_evaluated,not_evaluated_due_to_H2_PASSIVE_CAPABILITY_SET_NOT_SUPPORTED
core_072,B,2,adequate,ramp_only,mild,uniform_20_120_s,simultaneous,pulse,medium,random_dropout,low_0p25_0p40,final_known,core_072_seed_16,314606891,explicit_locked_manifest,not_evaluated,not_evaluated_due_to_H2_PASSIVE_CAPABILITY_SET_NOT_SUPPORTED
core_072,B,2,adequate,ramp_only,mild,uniform_20_120_s,simultaneous,pulse,medium,random_dropout,low_0p25_0p40,final_known,core_072_seed_17,334214467,explicit_locked_manifest,not_evaluated,not_evaluated_due_to_H2_PASSIVE_CAPABILITY_SET_NOT_SUPPORTED
core_072,B,2,adequate,ramp_only,mild,uniform_20_120_s,simultaneous,pulse,medium,random_dropout,low_0p25_0p40,final_known,core_072_seed_18,353868013,explicit_locked_manifest,not_evaluated,not_evaluated_due_to_H2_PASSIVE_CAPABILITY_SET_NOT_SUPPORTED
core_072,B,2,adequate,ramp_only,mild,uniform_20_120_s,simultaneous,pulse,medium,random_dropout,low_0p25_0p40,final_known,core_072_seed_19,373587883,explicit_locked_manifest,not_evaluated,not_evaluated_due_to_H2_PASSIVE_CAPABILITY_SET_NOT_SUPPORTED
core_073,B,2,scarce,ramp_only,mild,uniform_20_120_s,before,stochastic_net_load,high,jitter,mid_0p45_0p60,final_known,core_073_seed_00,15485863,explicit_locked_manifest,not_evaluated,not_evaluated_due_to_H2_PASSIVE_CAPABILITY_SET_NOT_SUPPORTED
core_073,B,2,scarce,ramp_only,mild,uniform_20_120_s,before,stochastic_net_load,high,jitter,mid_0p45_0p60,final_known,core_073_seed_01,32452843,explicit_locked_manifest,not_evaluated,not_evaluated_due_to_H2_PASSIVE_CAPABILITY_SET_NOT_SUPPORTED
core_073,B,2,scarce,ramp_only,mild,uniform_20_120_s,before,stochastic_net_load,high,jitter,mid_0p45_0p60,final_known,core_073_seed_02,49979687,explicit_locked_manifest,not_evaluated,not_evaluated_due_to_H2_PASSIVE_CAPABILITY_SET_NOT_SUPPORTED
core_073,B,2,scarce,ramp_only,mild,uniform_20_120_s,before,stochastic_net_load,high,jitter,mid_0p45_0p60,final_known,core_073_seed_03,67867967,explicit_locked_manifest,not_evaluated,not_evaluated_due_to_H2_PASSIVE_CAPABILITY_SET_NOT_SUPPORTED
core_073,B,2,scarce,ramp_only,mild,uniform_20_120_s,before,stochastic_net_load,high,jitter,mid_0p45_0p60,final_known,core_073_seed_04,86028121,explicit_locked_manifest,not_evaluated,not_evaluated_due_to_H2_PASSIVE_CAPABILITY_SET_NOT_SUPPORTED
core_073,B,2,scarce,ramp_only,mild,uniform_20_120_s,before,stochastic_net_load,high,jitter,mid_0p45_0p60,final_known,core_073_seed_05,104395303,explicit_locked_manifest,not_evaluated,not_evaluated_due_to_H2_PASSIVE_CAPABILITY_SET_NOT_SUPPORTED
core_073,B,2,scarce,ramp_only,mild,uniform_20_120_s,before,stochastic_net_load,high,jitter,mid_0p45_0p60,final_known,core_073_seed_06,122949823,explicit_locked_manifest,not_evaluated,not_evaluated_due_to_H2_PASSIVE_CAPABILITY_SET_NOT_SUPPORTED
core_073,B,2,scarce,ramp_only,mild,uniform_20_120_s,before,stochastic_net_load,high,jitter,mid_0p45_0p60,final_known,core_073_seed_07,141650939,explicit_locked_manifest,not_evaluated,not_evaluated_due_to_H2_PASSIVE_CAPABILITY_SET_NOT_SUPPORTED
core_073,B,2,scarce,ramp_only,mild,uniform_20_120_s,before,stochastic_net_load,high,jitter,mid_0p45_0p60,final_known,core_073_seed_08,160481183,explicit_locked_manifest,not_evaluated,not_evaluated_due_to_H2_PASSIVE_CAPABILITY_SET_NOT_SUPPORTED
core_073,B,2,scarce,ramp_only,mild,uniform_20_120_s,before,stochastic_net_load,high,jitter,mid_0p45_0p60,final_known,core_073_seed_09,179424673,explicit_locked_manifest,not_evaluated,not_evaluated_due_to_H2_PASSIVE_CAPABILITY_SET_NOT_SUPPORTED
core_073,B,2,scarce,ramp_only,mild,uniform_20_120_s,before,stochastic_net_load,high,jitter,mid_0p45_0p60,final_known,core_073_seed_10,198491317,explicit_locked_manifest,not_evaluated,not_evaluated_due_to_H2_PASSIVE_CAPABILITY_SET_NOT_SUPPORTED
core_073,B,2,scarce,ramp_only,mild,uniform_20_120_s,before,stochastic_net_load,high,jitter,mid_0p45_0p60,final_known,core_073_seed_11,217645199,explicit_locked_manifest,not_evaluated,not_evaluated_due_to_H2_PASSIVE_CAPABILITY_SET_NOT_SUPPORTED
core_073,B,2,scarce,ramp_only,mild,uniform_20_120_s,before,stochastic_net_load,high,jitter,mid_0p45_0p60,final_known,core_073_seed_12,236887699,explicit_locked_manifest,not_evaluated,not_evaluated_due_to_H2_PASSIVE_CAPABILITY_SET_NOT_SUPPORTED
core_073,B,2,scarce,ramp_only,mild,uniform_20_120_s,before,stochastic_net_load,high,jitter,mid_0p45_0p60,final_known,core_073_seed_13,256203221,explicit_locked_manifest,not_evaluated,not_evaluated_due_to_H2_PASSIVE_CAPABILITY_SET_NOT_SUPPORTED
core_073,B,2,scarce,ramp_only,mild,uniform_20_120_s,before,stochastic_net_load,high,jitter,mid_0p45_0p60,final_known,core_073_seed_14,275604541,explicit_locked_manifest,not_evaluated,not_evaluated_due_to_H2_PASSIVE_CAPABILITY_SET_NOT_SUPPORTED
core_073,B,2,scarce,ramp_only,mild,uniform_20_120_s,before,stochastic_net_load,high,jitter,mid_0p45_0p60,final_known,core_073_seed_15,295075147,explicit_locked_manifest,not_evaluated,not_evaluated_due_to_H2_PASSIVE_CAPABILITY_SET_NOT_SUPPORTED
core_073,B,2,scarce,ramp_only,mild,uniform_20_120_s,before,stochastic_net_load,high,jitter,mid_0p45_0p60,final_known,core_073_seed_16,314606891,explicit_locked_manifest,not_evaluated,not_evaluated_due_to_H2_PASSIVE_CAPABILITY_SET_NOT_SUPPORTED
core_073,B,2,scarce,ramp_only,mild,uniform_20_120_s,before,stochastic_net_load,high,jitter,mid_0p45_0p60,final_known,core_073_seed_17,334214467,explicit_locked_manifest,not_evaluated,not_evaluated_due_to_H2_PASSIVE_CAPABILITY_SET_NOT_SUPPORTED
core_073,B,2,scarce,ramp_only,mild,uniform_20_120_s,before,stochastic_net_load,high,jitter,mid_0p45_0p60,final_known,core_073_seed_18,353868013,explicit_locked_manifest,not_evaluated,not_evaluated_due_to_H2_PASSIVE_CAPABILITY_SET_NOT_SUPPORTED
core_073,B,2,scarce,ramp_only,mild,uniform_20_120_s,before,stochastic_net_load,high,jitter,mid_0p45_0p60,final_known,core_073_seed_19,373587883,explicit_locked_manifest,not_evaluated,not_evaluated_due_to_H2_PASSIVE_CAPABILITY_SET_NOT_SUPPORTED
core_074,B,2,critical,ramp_only,mild,uniform_20_120_s,no_incident,step,low,normal,high_0p65_0p80,final_known,core_074_seed_00,15485863,explicit_locked_manifest,not_evaluated,not_evaluated_due_to_H2_PASSIVE_CAPABILITY_SET_NOT_SUPPORTED
core_074,B,2,critical,ramp_only,mild,uniform_20_120_s,no_incident,step,low,normal,high_0p65_0p80,final_known,core_074_seed_01,32452843,explicit_locked_manifest,not_evaluated,not_evaluated_due_to_H2_PASSIVE_CAPABILITY_SET_NOT_SUPPORTED
core_074,B,2,critical,ramp_only,mild,uniform_20_120_s,no_incident,step,low,normal,high_0p65_0p80,final_known,core_074_seed_02,49979687,explicit_locked_manifest,not_evaluated,not_evaluated_due_to_H2_PASSIVE_CAPABILITY_SET_NOT_SUPPORTED
core_074,B,2,critical,ramp_only,mild,uniform_20_120_s,no_incident,step,low,normal,high_0p65_0p80,final_known,core_074_seed_03,67867967,explicit_locked_manifest,not_evaluated,not_evaluated_due_to_H2_PASSIVE_CAPABILITY_SET_NOT_SUPPORTED
core_074,B,2,critical,ramp_only,mild,uniform_20_120_s,no_incident,step,low,normal,high_0p65_0p80,final_known,core_074_seed_04,86028121,explicit_locked_manifest,not_evaluated,not_evaluated_due_to_H2_PASSIVE_CAPABILITY_SET_NOT_SUPPORTED
core_074,B,2,critical,ramp_only,mild,uniform_20_120_s,no_incident,step,low,normal,high_0p65_0p80,final_known,core_074_seed_05,104395303,explicit_locked_manifest,not_evaluated,not_evaluated_due_to_H2_PASSIVE_CAPABILITY_SET_NOT_SUPPORTED
core_074,B,2,critical,ramp_only,mild,uniform_20_120_s,no_incident,step,low,normal,high_0p65_0p80,final_known,core_074_seed_06,122949823,explicit_locked_manifest,not_evaluated,not_evaluated_due_to_H2_PASSIVE_CAPABILITY_SET_NOT_SUPPORTED
core_074,B,2,critical,ramp_only,mild,uniform_20_120_s,no_incident,step,low,normal,high_0p65_0p80,final_known,core_074_seed_07,141650939,explicit_locked_manifest,not_evaluated,not_evaluated_due_to_H2_PASSIVE_CAPABILITY_SET_NOT_SUPPORTED
core_074,B,2,critical,ramp_only,mild,uniform_20_120_s,no_incident,step,low,normal,high_0p65_0p80,final_known,core_074_seed_08,160481183,explicit_locked_manifest,not_evaluated,not_evaluated_due_to_H2_PASSIVE_CAPABILITY_SET_NOT_SUPPORTED
core_074,B,2,critical,ramp_only,mild,uniform_20_120_s,no_incident,step,low,normal,high_0p65_0p80,final_known,core_074_seed_09,179424673,explicit_locked_manifest,not_evaluated,not_evaluated_due_to_H2_PASSIVE_CAPABILITY_SET_NOT_SUPPORTED
core_074,B,2,critical,ramp_only,mild,uniform_20_120_s,no_incident,step,low,normal,high_0p65_0p80,final_known,core_074_seed_10,198491317,explicit_locked_manifest,not_evaluated,not_evaluated_due_to_H2_PASSIVE_CAPABILITY_SET_NOT_SUPPORTED
core_074,B,2,critical,ramp_only,mild,uniform_20_120_s,no_incident,step,low,normal,high_0p65_0p80,final_known,core_074_seed_11,217645199,explicit_locked_manifest,not_evaluated,not_evaluated_due_to_H2_PASSIVE_CAPABILITY_SET_NOT_SUPPORTED
core_074,B,2,critical,ramp_only,mild,uniform_20_120_s,no_incident,step,low,normal,high_0p65_0p80,final_known,core_074_seed_12,236887699,explicit_locked_manifest,not_evaluated,not_evaluated_due_to_H2_PASSIVE_CAPABILITY_SET_NOT_SUPPORTED
core_074,B,2,critical,ramp_only,mild,uniform_20_120_s,no_incident,step,low,normal,high_0p65_0p80,final_known,core_074_seed_13,256203221,explicit_locked_manifest,not_evaluated,not_evaluated_due_to_H2_PASSIVE_CAPABILITY_SET_NOT_SUPPORTED
core_074,B,2,critical,ramp_only,mild,uniform_20_120_s,no_incident,step,low,normal,high_0p65_0p80,final_known,core_074_seed_14,275604541,explicit_locked_manifest,not_evaluated,not_evaluated_due_to_H2_PASSIVE_CAPABILITY_SET_NOT_SUPPORTED
core_074,B,2,critical,ramp_only,mild,uniform_20_120_s,no_incident,step,low,normal,high_0p65_0p80,final_known,core_074_seed_15,295075147,explicit_locked_manifest,not_evaluated,not_evaluated_due_to_H2_PASSIVE_CAPABILITY_SET_NOT_SUPPORTED
core_074,B,2,critical,ramp_only,mild,uniform_20_120_s,no_incident,step,low,normal,high_0p65_0p80,final_known,core_074_seed_16,314606891,explicit_locked_manifest,not_evaluated,not_evaluated_due_to_H2_PASSIVE_CAPABILITY_SET_NOT_SUPPORTED
core_074,B,2,critical,ramp_only,mild,uniform_20_120_s,no_incident,step,low,normal,high_0p65_0p80,final_known,core_074_seed_17,334214467,explicit_locked_manifest,not_evaluated,not_evaluated_due_to_H2_PASSIVE_CAPABILITY_SET_NOT_SUPPORTED
core_074,B,2,critical,ramp_only,mild,uniform_20_120_s,no_incident,step,low,normal,high_0p65_0p80,final_known,core_074_seed_18,353868013,explicit_locked_manifest,not_evaluated,not_evaluated_due_to_H2_PASSIVE_CAPABILITY_SET_NOT_SUPPORTED
core_074,B,2,critical,ramp_only,mild,uniform_20_120_s,no_incident,step,low,normal,high_0p65_0p80,final_known,core_074_seed_19,373587883,explicit_locked_manifest,not_evaluated,not_evaluated_due_to_H2_PASSIVE_CAPABILITY_SET_NOT_SUPPORTED
core_075,B,4,adequate,ramp_only,medium,uniform_20_120_s,after,ramp,medium,random_dropout,low_0p25_0p40,final_known,core_075_seed_00,15485863,explicit_locked_manifest,not_evaluated,not_evaluated_due_to_H2_PASSIVE_CAPABILITY_SET_NOT_SUPPORTED
core_075,B,4,adequate,ramp_only,medium,uniform_20_120_s,after,ramp,medium,random_dropout,low_0p25_0p40,final_known,core_075_seed_01,32452843,explicit_locked_manifest,not_evaluated,not_evaluated_due_to_H2_PASSIVE_CAPABILITY_SET_NOT_SUPPORTED
core_075,B,4,adequate,ramp_only,medium,uniform_20_120_s,after,ramp,medium,random_dropout,low_0p25_0p40,final_known,core_075_seed_02,49979687,explicit_locked_manifest,not_evaluated,not_evaluated_due_to_H2_PASSIVE_CAPABILITY_SET_NOT_SUPPORTED
core_075,B,4,adequate,ramp_only,medium,uniform_20_120_s,after,ramp,medium,random_dropout,low_0p25_0p40,final_known,core_075_seed_03,67867967,explicit_locked_manifest,not_evaluated,not_evaluated_due_to_H2_PASSIVE_CAPABILITY_SET_NOT_SUPPORTED
core_075,B,4,adequate,ramp_only,medium,uniform_20_120_s,after,ramp,medium,random_dropout,low_0p25_0p40,final_known,core_075_seed_04,86028121,explicit_locked_manifest,not_evaluated,not_evaluated_due_to_H2_PASSIVE_CAPABILITY_SET_NOT_SUPPORTED
core_075,B,4,adequate,ramp_only,medium,uniform_20_120_s,after,ramp,medium,random_dropout,low_0p25_0p40,final_known,core_075_seed_05,104395303,explicit_locked_manifest,not_evaluated,not_evaluated_due_to_H2_PASSIVE_CAPABILITY_SET_NOT_SUPPORTED
core_075,B,4,adequate,ramp_only,medium,uniform_20_120_s,after,ramp,medium,random_dropout,low_0p25_0p40,final_known,core_075_seed_06,122949823,explicit_locked_manifest,not_evaluated,not_evaluated_due_to_H2_PASSIVE_CAPABILITY_SET_NOT_SUPPORTED
core_075,B,4,adequate,ramp_only,medium,uniform_20_120_s,after,ramp,medium,random_dropout,low_0p25_0p40,final_known,core_075_seed_07,141650939,explicit_locked_manifest,not_evaluated,not_evaluated_due_to_H2_PASSIVE_CAPABILITY_SET_NOT_SUPPORTED
core_075,B,4,adequate,ramp_only,medium,uniform_20_120_s,after,ramp,medium,random_dropout,low_0p25_0p40,final_known,core_075_seed_08,160481183,explicit_locked_manifest,not_evaluated,not_evaluated_due_to_H2_PASSIVE_CAPABILITY_SET_NOT_SUPPORTED
core_075,B,4,adequate,ramp_only,medium,uniform_20_120_s,after,ramp,medium,random_dropout,low_0p25_0p40,final_known,core_075_seed_09,179424673,explicit_locked_manifest,not_evaluated,not_evaluated_due_to_H2_PASSIVE_CAPABILITY_SET_NOT_SUPPORTED
core_075,B,4,adequate,ramp_only,medium,uniform_20_120_s,after,ramp,medium,random_dropout,low_0p25_0p40,final_known,core_075_seed_10,198491317,explicit_locked_manifest,not_evaluated,not_evaluated_due_to_H2_PASSIVE_CAPABILITY_SET_NOT_SUPPORTED
core_075,B,4,adequate,ramp_only,medium,uniform_20_120_s,after,ramp,medium,random_dropout,low_0p25_0p40,final_known,core_075_seed_11,217645199,explicit_locked_manifest,not_evaluated,not_evaluated_due_to_H2_PASSIVE_CAPABILITY_SET_NOT_SUPPORTED
core_075,B,4,adequate,ramp_only,medium,uniform_20_120_s,after,ramp,medium,random_dropout,low_0p25_0p40,final_known,core_075_seed_12,236887699,explicit_locked_manifest,not_evaluated,not_evaluated_due_to_H2_PASSIVE_CAPABILITY_SET_NOT_SUPPORTED
core_075,B,4,adequate,ramp_only,medium,uniform_20_120_s,after,ramp,medium,random_dropout,low_0p25_0p40,final_known,core_075_seed_13,256203221,explicit_locked_manifest,not_evaluated,not_evaluated_due_to_H2_PASSIVE_CAPABILITY_SET_NOT_SUPPORTED
core_075,B,4,adequate,ramp_only,medium,uniform_20_120_s,after,ramp,medium,random_dropout,low_0p25_0p40,final_known,core_075_seed_14,275604541,explicit_locked_manifest,not_evaluated,not_evaluated_due_to_H2_PASSIVE_CAPABILITY_SET_NOT_SUPPORTED
core_075,B,4,adequate,ramp_only,medium,uniform_20_120_s,after,ramp,medium,random_dropout,low_0p25_0p40,final_known,core_075_seed_15,295075147,explicit_locked_manifest,not_evaluated,not_evaluated_due_to_H2_PASSIVE_CAPABILITY_SET_NOT_SUPPORTED
core_075,B,4,adequate,ramp_only,medium,uniform_20_120_s,after,ramp,medium,random_dropout,low_0p25_0p40,final_known,core_075_seed_16,314606891,explicit_locked_manifest,not_evaluated,not_evaluated_due_to_H2_PASSIVE_CAPABILITY_SET_NOT_SUPPORTED
core_075,B,4,adequate,ramp_only,medium,uniform_20_120_s,after,ramp,medium,random_dropout,low_0p25_0p40,final_known,core_075_seed_17,334214467,explicit_locked_manifest,not_evaluated,not_evaluated_due_to_H2_PASSIVE_CAPABILITY_SET_NOT_SUPPORTED
core_075,B,4,adequate,ramp_only,medium,uniform_20_120_s,after,ramp,medium,random_dropout,low_0p25_0p40,final_known,core_075_seed_18,353868013,explicit_locked_manifest,not_evaluated,not_evaluated_due_to_H2_PASSIVE_CAPABILITY_SET_NOT_SUPPORTED
core_075,B,4,adequate,ramp_only,medium,uniform_20_120_s,after,ramp,medium,random_dropout,low_0p25_0p40,final_known,core_075_seed_19,373587883,explicit_locked_manifest,not_evaluated,not_evaluated_due_to_H2_PASSIVE_CAPABILITY_SET_NOT_SUPPORTED
core_076,B,4,scarce,ramp_only,medium,uniform_20_120_s,simultaneous,pulse,high,jitter,mid_0p45_0p60,final_known,core_076_seed_00,15485863,explicit_locked_manifest,not_evaluated,not_evaluated_due_to_H2_PASSIVE_CAPABILITY_SET_NOT_SUPPORTED
core_076,B,4,scarce,ramp_only,medium,uniform_20_120_s,simultaneous,pulse,high,jitter,mid_0p45_0p60,final_known,core_076_seed_01,32452843,explicit_locked_manifest,not_evaluated,not_evaluated_due_to_H2_PASSIVE_CAPABILITY_SET_NOT_SUPPORTED
core_076,B,4,scarce,ramp_only,medium,uniform_20_120_s,simultaneous,pulse,high,jitter,mid_0p45_0p60,final_known,core_076_seed_02,49979687,explicit_locked_manifest,not_evaluated,not_evaluated_due_to_H2_PASSIVE_CAPABILITY_SET_NOT_SUPPORTED
core_076,B,4,scarce,ramp_only,medium,uniform_20_120_s,simultaneous,pulse,high,jitter,mid_0p45_0p60,final_known,core_076_seed_03,67867967,explicit_locked_manifest,not_evaluated,not_evaluated_due_to_H2_PASSIVE_CAPABILITY_SET_NOT_SUPPORTED
core_076,B,4,scarce,ramp_only,medium,uniform_20_120_s,simultaneous,pulse,high,jitter,mid_0p45_0p60,final_known,core_076_seed_04,86028121,explicit_locked_manifest,not_evaluated,not_evaluated_due_to_H2_PASSIVE_CAPABILITY_SET_NOT_SUPPORTED
core_076,B,4,scarce,ramp_only,medium,uniform_20_120_s,simultaneous,pulse,high,jitter,mid_0p45_0p60,final_known,core_076_seed_05,104395303,explicit_locked_manifest,not_evaluated,not_evaluated_due_to_H2_PASSIVE_CAPABILITY_SET_NOT_SUPPORTED
core_076,B,4,scarce,ramp_only,medium,uniform_20_120_s,simultaneous,pulse,high,jitter,mid_0p45_0p60,final_known,core_076_seed_06,122949823,explicit_locked_manifest,not_evaluated,not_evaluated_due_to_H2_PASSIVE_CAPABILITY_SET_NOT_SUPPORTED
core_076,B,4,scarce,ramp_only,medium,uniform_20_120_s,simultaneous,pulse,high,jitter,mid_0p45_0p60,final_known,core_076_seed_07,141650939,explicit_locked_manifest,not_evaluated,not_evaluated_due_to_H2_PASSIVE_CAPABILITY_SET_NOT_SUPPORTED
core_076,B,4,scarce,ramp_only,medium,uniform_20_120_s,simultaneous,pulse,high,jitter,mid_0p45_0p60,final_known,core_076_seed_08,160481183,explicit_locked_manifest,not_evaluated,not_evaluated_due_to_H2_PASSIVE_CAPABILITY_SET_NOT_SUPPORTED
core_076,B,4,scarce,ramp_only,medium,uniform_20_120_s,simultaneous,pulse,high,jitter,mid_0p45_0p60,final_known,core_076_seed_09,179424673,explicit_locked_manifest,not_evaluated,not_evaluated_due_to_H2_PASSIVE_CAPABILITY_SET_NOT_SUPPORTED
core_076,B,4,scarce,ramp_only,medium,uniform_20_120_s,simultaneous,pulse,high,jitter,mid_0p45_0p60,final_known,core_076_seed_10,198491317,explicit_locked_manifest,not_evaluated,not_evaluated_due_to_H2_PASSIVE_CAPABILITY_SET_NOT_SUPPORTED
core_076,B,4,scarce,ramp_only,medium,uniform_20_120_s,simultaneous,pulse,high,jitter,mid_0p45_0p60,final_known,core_076_seed_11,217645199,explicit_locked_manifest,not_evaluated,not_evaluated_due_to_H2_PASSIVE_CAPABILITY_SET_NOT_SUPPORTED
core_076,B,4,scarce,ramp_only,medium,uniform_20_120_s,simultaneous,pulse,high,jitter,mid_0p45_0p60,final_known,core_076_seed_12,236887699,explicit_locked_manifest,not_evaluated,not_evaluated_due_to_H2_PASSIVE_CAPABILITY_SET_NOT_SUPPORTED
core_076,B,4,scarce,ramp_only,medium,uniform_20_120_s,simultaneous,pulse,high,jitter,mid_0p45_0p60,final_known,core_076_seed_13,256203221,explicit_locked_manifest,not_evaluated,not_evaluated_due_to_H2_PASSIVE_CAPABILITY_SET_NOT_SUPPORTED
core_076,B,4,scarce,ramp_only,medium,uniform_20_120_s,simultaneous,pulse,high,jitter,mid_0p45_0p60,final_known,core_076_seed_14,275604541,explicit_locked_manifest,not_evaluated,not_evaluated_due_to_H2_PASSIVE_CAPABILITY_SET_NOT_SUPPORTED
core_076,B,4,scarce,ramp_only,medium,uniform_20_120_s,simultaneous,pulse,high,jitter,mid_0p45_0p60,final_known,core_076_seed_15,295075147,explicit_locked_manifest,not_evaluated,not_evaluated_due_to_H2_PASSIVE_CAPABILITY_SET_NOT_SUPPORTED
core_076,B,4,scarce,ramp_only,medium,uniform_20_120_s,simultaneous,pulse,high,jitter,mid_0p45_0p60,final_known,core_076_seed_16,314606891,explicit_locked_manifest,not_evaluated,not_evaluated_due_to_H2_PASSIVE_CAPABILITY_SET_NOT_SUPPORTED
core_076,B,4,scarce,ramp_only,medium,uniform_20_120_s,simultaneous,pulse,high,jitter,mid_0p45_0p60,final_known,core_076_seed_17,334214467,explicit_locked_manifest,not_evaluated,not_evaluated_due_to_H2_PASSIVE_CAPABILITY_SET_NOT_SUPPORTED
core_076,B,4,scarce,ramp_only,medium,uniform_20_120_s,simultaneous,pulse,high,jitter,mid_0p45_0p60,final_known,core_076_seed_18,353868013,explicit_locked_manifest,not_evaluated,not_evaluated_due_to_H2_PASSIVE_CAPABILITY_SET_NOT_SUPPORTED
core_076,B,4,scarce,ramp_only,medium,uniform_20_120_s,simultaneous,pulse,high,jitter,mid_0p45_0p60,final_known,core_076_seed_19,373587883,explicit_locked_manifest,not_evaluated,not_evaluated_due_to_H2_PASSIVE_CAPABILITY_SET_NOT_SUPPORTED
core_077,B,4,critical,ramp_only,medium,uniform_20_120_s,before,stochastic_net_load,low,normal,high_0p65_0p80,final_known,core_077_seed_00,15485863,explicit_locked_manifest,not_evaluated,not_evaluated_due_to_H2_PASSIVE_CAPABILITY_SET_NOT_SUPPORTED
core_077,B,4,critical,ramp_only,medium,uniform_20_120_s,before,stochastic_net_load,low,normal,high_0p65_0p80,final_known,core_077_seed_01,32452843,explicit_locked_manifest,not_evaluated,not_evaluated_due_to_H2_PASSIVE_CAPABILITY_SET_NOT_SUPPORTED
core_077,B,4,critical,ramp_only,medium,uniform_20_120_s,before,stochastic_net_load,low,normal,high_0p65_0p80,final_known,core_077_seed_02,49979687,explicit_locked_manifest,not_evaluated,not_evaluated_due_to_H2_PASSIVE_CAPABILITY_SET_NOT_SUPPORTED
core_077,B,4,critical,ramp_only,medium,uniform_20_120_s,before,stochastic_net_load,low,normal,high_0p65_0p80,final_known,core_077_seed_03,67867967,explicit_locked_manifest,not_evaluated,not_evaluated_due_to_H2_PASSIVE_CAPABILITY_SET_NOT_SUPPORTED
core_077,B,4,critical,ramp_only,medium,uniform_20_120_s,before,stochastic_net_load,low,normal,high_0p65_0p80,final_known,core_077_seed_04,86028121,explicit_locked_manifest,not_evaluated,not_evaluated_due_to_H2_PASSIVE_CAPABILITY_SET_NOT_SUPPORTED
core_077,B,4,critical,ramp_only,medium,uniform_20_120_s,before,stochastic_net_load,low,normal,high_0p65_0p80,final_known,core_077_seed_05,104395303,explicit_locked_manifest,not_evaluated,not_evaluated_due_to_H2_PASSIVE_CAPABILITY_SET_NOT_SUPPORTED
core_077,B,4,critical,ramp_only,medium,uniform_20_120_s,before,stochastic_net_load,low,normal,high_0p65_0p80,final_known,core_077_seed_06,122949823,explicit_locked_manifest,not_evaluated,not_evaluated_due_to_H2_PASSIVE_CAPABILITY_SET_NOT_SUPPORTED
core_077,B,4,critical,ramp_only,medium,uniform_20_120_s,before,stochastic_net_load,low,normal,high_0p65_0p80,final_known,core_077_seed_07,141650939,explicit_locked_manifest,not_evaluated,not_evaluated_due_to_H2_PASSIVE_CAPABILITY_SET_NOT_SUPPORTED
core_077,B,4,critical,ramp_only,medium,uniform_20_120_s,before,stochastic_net_load,low,normal,high_0p65_0p80,final_known,core_077_seed_08,160481183,explicit_locked_manifest,not_evaluated,not_evaluated_due_to_H2_PASSIVE_CAPABILITY_SET_NOT_SUPPORTED
core_077,B,4,critical,ramp_only,medium,uniform_20_120_s,before,stochastic_net_load,low,normal,high_0p65_0p80,final_known,core_077_seed_09,179424673,explicit_locked_manifest,not_evaluated,not_evaluated_due_to_H2_PASSIVE_CAPABILITY_SET_NOT_SUPPORTED
core_077,B,4,critical,ramp_only,medium,uniform_20_120_s,before,stochastic_net_load,low,normal,high_0p65_0p80,final_known,core_077_seed_10,198491317,explicit_locked_manifest,not_evaluated,not_evaluated_due_to_H2_PASSIVE_CAPABILITY_SET_NOT_SUPPORTED
core_077,B,4,critical,ramp_only,medium,uniform_20_120_s,before,stochastic_net_load,low,normal,high_0p65_0p80,final_known,core_077_seed_11,217645199,explicit_locked_manifest,not_evaluated,not_evaluated_due_to_H2_PASSIVE_CAPABILITY_SET_NOT_SUPPORTED
core_077,B,4,critical,ramp_only,medium,uniform_20_120_s,before,stochastic_net_load,low,normal,high_0p65_0p80,final_known,core_077_seed_12,236887699,explicit_locked_manifest,not_evaluated,not_evaluated_due_to_H2_PASSIVE_CAPABILITY_SET_NOT_SUPPORTED
core_077,B,4,critical,ramp_only,medium,uniform_20_120_s,before,stochastic_net_load,low,normal,high_0p65_0p80,final_known,core_077_seed_13,256203221,explicit_locked_manifest,not_evaluated,not_evaluated_due_to_H2_PASSIVE_CAPABILITY_SET_NOT_SUPPORTED
core_077,B,4,critical,ramp_only,medium,uniform_20_120_s,before,stochastic_net_load,low,normal,high_0p65_0p80,final_known,core_077_seed_14,275604541,explicit_locked_manifest,not_evaluated,not_evaluated_due_to_H2_PASSIVE_CAPABILITY_SET_NOT_SUPPORTED
core_077,B,4,critical,ramp_only,medium,uniform_20_120_s,before,stochastic_net_load,low,normal,high_0p65_0p80,final_known,core_077_seed_15,295075147,explicit_locked_manifest,not_evaluated,not_evaluated_due_to_H2_PASSIVE_CAPABILITY_SET_NOT_SUPPORTED
core_077,B,4,critical,ramp_only,medium,uniform_20_120_s,before,stochastic_net_load,low,normal,high_0p65_0p80,final_known,core_077_seed_16,314606891,explicit_locked_manifest,not_evaluated,not_evaluated_due_to_H2_PASSIVE_CAPABILITY_SET_NOT_SUPPORTED
core_077,B,4,critical,ramp_only,medium,uniform_20_120_s,before,stochastic_net_load,low,normal,high_0p65_0p80,final_known,core_077_seed_17,334214467,explicit_locked_manifest,not_evaluated,not_evaluated_due_to_H2_PASSIVE_CAPABILITY_SET_NOT_SUPPORTED
core_077,B,4,critical,ramp_only,medium,uniform_20_120_s,before,stochastic_net_load,low,normal,high_0p65_0p80,final_known,core_077_seed_18,353868013,explicit_locked_manifest,not_evaluated,not_evaluated_due_to_H2_PASSIVE_CAPABILITY_SET_NOT_SUPPORTED
core_077,B,4,critical,ramp_only,medium,uniform_20_120_s,before,stochastic_net_load,low,normal,high_0p65_0p80,final_known,core_077_seed_19,373587883,explicit_locked_manifest,not_evaluated,not_evaluated_due_to_H2_PASSIVE_CAPABILITY_SET_NOT_SUPPORTED
core_078,B,2,adequate,ramp_only,severe,uniform_20_120_s,no_incident,step,medium,random_dropout,low_0p25_0p40,final_known,core_078_seed_00,15485863,explicit_locked_manifest,not_evaluated,not_evaluated_due_to_H2_PASSIVE_CAPABILITY_SET_NOT_SUPPORTED
core_078,B,2,adequate,ramp_only,severe,uniform_20_120_s,no_incident,step,medium,random_dropout,low_0p25_0p40,final_known,core_078_seed_01,32452843,explicit_locked_manifest,not_evaluated,not_evaluated_due_to_H2_PASSIVE_CAPABILITY_SET_NOT_SUPPORTED
core_078,B,2,adequate,ramp_only,severe,uniform_20_120_s,no_incident,step,medium,random_dropout,low_0p25_0p40,final_known,core_078_seed_02,49979687,explicit_locked_manifest,not_evaluated,not_evaluated_due_to_H2_PASSIVE_CAPABILITY_SET_NOT_SUPPORTED
core_078,B,2,adequate,ramp_only,severe,uniform_20_120_s,no_incident,step,medium,random_dropout,low_0p25_0p40,final_known,core_078_seed_03,67867967,explicit_locked_manifest,not_evaluated,not_evaluated_due_to_H2_PASSIVE_CAPABILITY_SET_NOT_SUPPORTED
core_078,B,2,adequate,ramp_only,severe,uniform_20_120_s,no_incident,step,medium,random_dropout,low_0p25_0p40,final_known,core_078_seed_04,86028121,explicit_locked_manifest,not_evaluated,not_evaluated_due_to_H2_PASSIVE_CAPABILITY_SET_NOT_SUPPORTED
core_078,B,2,adequate,ramp_only,severe,uniform_20_120_s,no_incident,step,medium,random_dropout,low_0p25_0p40,final_known,core_078_seed_05,104395303,explicit_locked_manifest,not_evaluated,not_evaluated_due_to_H2_PASSIVE_CAPABILITY_SET_NOT_SUPPORTED
core_078,B,2,adequate,ramp_only,severe,uniform_20_120_s,no_incident,step,medium,random_dropout,low_0p25_0p40,final_known,core_078_seed_06,122949823,explicit_locked_manifest,not_evaluated,not_evaluated_due_to_H2_PASSIVE_CAPABILITY_SET_NOT_SUPPORTED
core_078,B,2,adequate,ramp_only,severe,uniform_20_120_s,no_incident,step,medium,random_dropout,low_0p25_0p40,final_known,core_078_seed_07,141650939,explicit_locked_manifest,not_evaluated,not_evaluated_due_to_H2_PASSIVE_CAPABILITY_SET_NOT_SUPPORTED
core_078,B,2,adequate,ramp_only,severe,uniform_20_120_s,no_incident,step,medium,random_dropout,low_0p25_0p40,final_known,core_078_seed_08,160481183,explicit_locked_manifest,not_evaluated,not_evaluated_due_to_H2_PASSIVE_CAPABILITY_SET_NOT_SUPPORTED
core_078,B,2,adequate,ramp_only,severe,uniform_20_120_s,no_incident,step,medium,random_dropout,low_0p25_0p40,final_known,core_078_seed_09,179424673,explicit_locked_manifest,not_evaluated,not_evaluated_due_to_H2_PASSIVE_CAPABILITY_SET_NOT_SUPPORTED
core_078,B,2,adequate,ramp_only,severe,uniform_20_120_s,no_incident,step,medium,random_dropout,low_0p25_0p40,final_known,core_078_seed_10,198491317,explicit_locked_manifest,not_evaluated,not_evaluated_due_to_H2_PASSIVE_CAPABILITY_SET_NOT_SUPPORTED
core_078,B,2,adequate,ramp_only,severe,uniform_20_120_s,no_incident,step,medium,random_dropout,low_0p25_0p40,final_known,core_078_seed_11,217645199,explicit_locked_manifest,not_evaluated,not_evaluated_due_to_H2_PASSIVE_CAPABILITY_SET_NOT_SUPPORTED
core_078,B,2,adequate,ramp_only,severe,uniform_20_120_s,no_incident,step,medium,random_dropout,low_0p25_0p40,final_known,core_078_seed_12,236887699,explicit_locked_manifest,not_evaluated,not_evaluated_due_to_H2_PASSIVE_CAPABILITY_SET_NOT_SUPPORTED
core_078,B,2,adequate,ramp_only,severe,uniform_20_120_s,no_incident,step,medium,random_dropout,low_0p25_0p40,final_known,core_078_seed_13,256203221,explicit_locked_manifest,not_evaluated,not_evaluated_due_to_H2_PASSIVE_CAPABILITY_SET_NOT_SUPPORTED
core_078,B,2,adequate,ramp_only,severe,uniform_20_120_s,no_incident,step,medium,random_dropout,low_0p25_0p40,final_known,core_078_seed_14,275604541,explicit_locked_manifest,not_evaluated,not_evaluated_due_to_H2_PASSIVE_CAPABILITY_SET_NOT_SUPPORTED
core_078,B,2,adequate,ramp_only,severe,uniform_20_120_s,no_incident,step,medium,random_dropout,low_0p25_0p40,final_known,core_078_seed_15,295075147,explicit_locked_manifest,not_evaluated,not_evaluated_due_to_H2_PASSIVE_CAPABILITY_SET_NOT_SUPPORTED
core_078,B,2,adequate,ramp_only,severe,uniform_20_120_s,no_incident,step,medium,random_dropout,low_0p25_0p40,final_known,core_078_seed_16,314606891,explicit_locked_manifest,not_evaluated,not_evaluated_due_to_H2_PASSIVE_CAPABILITY_SET_NOT_SUPPORTED
core_078,B,2,adequate,ramp_only,severe,uniform_20_120_s,no_incident,step,medium,random_dropout,low_0p25_0p40,final_known,core_078_seed_17,334214467,explicit_locked_manifest,not_evaluated,not_evaluated_due_to_H2_PASSIVE_CAPABILITY_SET_NOT_SUPPORTED
core_078,B,2,adequate,ramp_only,severe,uniform_20_120_s,no_incident,step,medium,random_dropout,low_0p25_0p40,final_known,core_078_seed_18,353868013,explicit_locked_manifest,not_evaluated,not_evaluated_due_to_H2_PASSIVE_CAPABILITY_SET_NOT_SUPPORTED
core_078,B,2,adequate,ramp_only,severe,uniform_20_120_s,no_incident,step,medium,random_dropout,low_0p25_0p40,final_known,core_078_seed_19,373587883,explicit_locked_manifest,not_evaluated,not_evaluated_due_to_H2_PASSIVE_CAPABILITY_SET_NOT_SUPPORTED
core_079,B,2,scarce,ramp_only,severe,uniform_20_120_s,after,ramp,high,jitter,mid_0p45_0p60,final_known,core_079_seed_00,15485863,explicit_locked_manifest,not_evaluated,not_evaluated_due_to_H2_PASSIVE_CAPABILITY_SET_NOT_SUPPORTED
core_079,B,2,scarce,ramp_only,severe,uniform_20_120_s,after,ramp,high,jitter,mid_0p45_0p60,final_known,core_079_seed_01,32452843,explicit_locked_manifest,not_evaluated,not_evaluated_due_to_H2_PASSIVE_CAPABILITY_SET_NOT_SUPPORTED
core_079,B,2,scarce,ramp_only,severe,uniform_20_120_s,after,ramp,high,jitter,mid_0p45_0p60,final_known,core_079_seed_02,49979687,explicit_locked_manifest,not_evaluated,not_evaluated_due_to_H2_PASSIVE_CAPABILITY_SET_NOT_SUPPORTED
core_079,B,2,scarce,ramp_only,severe,uniform_20_120_s,after,ramp,high,jitter,mid_0p45_0p60,final_known,core_079_seed_03,67867967,explicit_locked_manifest,not_evaluated,not_evaluated_due_to_H2_PASSIVE_CAPABILITY_SET_NOT_SUPPORTED
core_079,B,2,scarce,ramp_only,severe,uniform_20_120_s,after,ramp,high,jitter,mid_0p45_0p60,final_known,core_079_seed_04,86028121,explicit_locked_manifest,not_evaluated,not_evaluated_due_to_H2_PASSIVE_CAPABILITY_SET_NOT_SUPPORTED
core_079,B,2,scarce,ramp_only,severe,uniform_20_120_s,after,ramp,high,jitter,mid_0p45_0p60,final_known,core_079_seed_05,104395303,explicit_locked_manifest,not_evaluated,not_evaluated_due_to_H2_PASSIVE_CAPABILITY_SET_NOT_SUPPORTED
core_079,B,2,scarce,ramp_only,severe,uniform_20_120_s,after,ramp,high,jitter,mid_0p45_0p60,final_known,core_079_seed_06,122949823,explicit_locked_manifest,not_evaluated,not_evaluated_due_to_H2_PASSIVE_CAPABILITY_SET_NOT_SUPPORTED
core_079,B,2,scarce,ramp_only,severe,uniform_20_120_s,after,ramp,high,jitter,mid_0p45_0p60,final_known,core_079_seed_07,141650939,explicit_locked_manifest,not_evaluated,not_evaluated_due_to_H2_PASSIVE_CAPABILITY_SET_NOT_SUPPORTED
core_079,B,2,scarce,ramp_only,severe,uniform_20_120_s,after,ramp,high,jitter,mid_0p45_0p60,final_known,core_079_seed_08,160481183,explicit_locked_manifest,not_evaluated,not_evaluated_due_to_H2_PASSIVE_CAPABILITY_SET_NOT_SUPPORTED
core_079,B,2,scarce,ramp_only,severe,uniform_20_120_s,after,ramp,high,jitter,mid_0p45_0p60,final_known,core_079_seed_09,179424673,explicit_locked_manifest,not_evaluated,not_evaluated_due_to_H2_PASSIVE_CAPABILITY_SET_NOT_SUPPORTED
core_079,B,2,scarce,ramp_only,severe,uniform_20_120_s,after,ramp,high,jitter,mid_0p45_0p60,final_known,core_079_seed_10,198491317,explicit_locked_manifest,not_evaluated,not_evaluated_due_to_H2_PASSIVE_CAPABILITY_SET_NOT_SUPPORTED
core_079,B,2,scarce,ramp_only,severe,uniform_20_120_s,after,ramp,high,jitter,mid_0p45_0p60,final_known,core_079_seed_11,217645199,explicit_locked_manifest,not_evaluated,not_evaluated_due_to_H2_PASSIVE_CAPABILITY_SET_NOT_SUPPORTED
core_079,B,2,scarce,ramp_only,severe,uniform_20_120_s,after,ramp,high,jitter,mid_0p45_0p60,final_known,core_079_seed_12,236887699,explicit_locked_manifest,not_evaluated,not_evaluated_due_to_H2_PASSIVE_CAPABILITY_SET_NOT_SUPPORTED
core_079,B,2,scarce,ramp_only,severe,uniform_20_120_s,after,ramp,high,jitter,mid_0p45_0p60,final_known,core_079_seed_13,256203221,explicit_locked_manifest,not_evaluated,not_evaluated_due_to_H2_PASSIVE_CAPABILITY_SET_NOT_SUPPORTED
core_079,B,2,scarce,ramp_only,severe,uniform_20_120_s,after,ramp,high,jitter,mid_0p45_0p60,final_known,core_079_seed_14,275604541,explicit_locked_manifest,not_evaluated,not_evaluated_due_to_H2_PASSIVE_CAPABILITY_SET_NOT_SUPPORTED
core_079,B,2,scarce,ramp_only,severe,uniform_20_120_s,after,ramp,high,jitter,mid_0p45_0p60,final_known,core_079_seed_15,295075147,explicit_locked_manifest,not_evaluated,not_evaluated_due_to_H2_PASSIVE_CAPABILITY_SET_NOT_SUPPORTED
core_079,B,2,scarce,ramp_only,severe,uniform_20_120_s,after,ramp,high,jitter,mid_0p45_0p60,final_known,core_079_seed_16,314606891,explicit_locked_manifest,not_evaluated,not_evaluated_due_to_H2_PASSIVE_CAPABILITY_SET_NOT_SUPPORTED
core_079,B,2,scarce,ramp_only,severe,uniform_20_120_s,after,ramp,high,jitter,mid_0p45_0p60,final_known,core_079_seed_17,334214467,explicit_locked_manifest,not_evaluated,not_evaluated_due_to_H2_PASSIVE_CAPABILITY_SET_NOT_SUPPORTED
core_079,B,2,scarce,ramp_only,severe,uniform_20_120_s,after,ramp,high,jitter,mid_0p45_0p60,final_known,core_079_seed_18,353868013,explicit_locked_manifest,not_evaluated,not_evaluated_due_to_H2_PASSIVE_CAPABILITY_SET_NOT_SUPPORTED
core_079,B,2,scarce,ramp_only,severe,uniform_20_120_s,after,ramp,high,jitter,mid_0p45_0p60,final_known,core_079_seed_19,373587883,explicit_locked_manifest,not_evaluated,not_evaluated_due_to_H2_PASSIVE_CAPABILITY_SET_NOT_SUPPORTED
core_080,B,2,critical,ramp_only,severe,uniform_20_120_s,simultaneous,pulse,low,normal,high_0p65_0p80,final_known,core_080_seed_00,15485863,explicit_locked_manifest,not_evaluated,not_evaluated_due_to_H2_PASSIVE_CAPABILITY_SET_NOT_SUPPORTED
core_080,B,2,critical,ramp_only,severe,uniform_20_120_s,simultaneous,pulse,low,normal,high_0p65_0p80,final_known,core_080_seed_01,32452843,explicit_locked_manifest,not_evaluated,not_evaluated_due_to_H2_PASSIVE_CAPABILITY_SET_NOT_SUPPORTED
core_080,B,2,critical,ramp_only,severe,uniform_20_120_s,simultaneous,pulse,low,normal,high_0p65_0p80,final_known,core_080_seed_02,49979687,explicit_locked_manifest,not_evaluated,not_evaluated_due_to_H2_PASSIVE_CAPABILITY_SET_NOT_SUPPORTED
core_080,B,2,critical,ramp_only,severe,uniform_20_120_s,simultaneous,pulse,low,normal,high_0p65_0p80,final_known,core_080_seed_03,67867967,explicit_locked_manifest,not_evaluated,not_evaluated_due_to_H2_PASSIVE_CAPABILITY_SET_NOT_SUPPORTED
core_080,B,2,critical,ramp_only,severe,uniform_20_120_s,simultaneous,pulse,low,normal,high_0p65_0p80,final_known,core_080_seed_04,86028121,explicit_locked_manifest,not_evaluated,not_evaluated_due_to_H2_PASSIVE_CAPABILITY_SET_NOT_SUPPORTED
core_080,B,2,critical,ramp_only,severe,uniform_20_120_s,simultaneous,pulse,low,normal,high_0p65_0p80,final_known,core_080_seed_05,104395303,explicit_locked_manifest,not_evaluated,not_evaluated_due_to_H2_PASSIVE_CAPABILITY_SET_NOT_SUPPORTED
core_080,B,2,critical,ramp_only,severe,uniform_20_120_s,simultaneous,pulse,low,normal,high_0p65_0p80,final_known,core_080_seed_06,122949823,explicit_locked_manifest,not_evaluated,not_evaluated_due_to_H2_PASSIVE_CAPABILITY_SET_NOT_SUPPORTED
core_080,B,2,critical,ramp_only,severe,uniform_20_120_s,simultaneous,pulse,low,normal,high_0p65_0p80,final_known,core_080_seed_07,141650939,explicit_locked_manifest,not_evaluated,not_evaluated_due_to_H2_PASSIVE_CAPABILITY_SET_NOT_SUPPORTED
core_080,B,2,critical,ramp_only,severe,uniform_20_120_s,simultaneous,pulse,low,normal,high_0p65_0p80,final_known,core_080_seed_08,160481183,explicit_locked_manifest,not_evaluated,not_evaluated_due_to_H2_PASSIVE_CAPABILITY_SET_NOT_SUPPORTED
core_080,B,2,critical,ramp_only,severe,uniform_20_120_s,simultaneous,pulse,low,normal,high_0p65_0p80,final_known,core_080_seed_09,179424673,explicit_locked_manifest,not_evaluated,not_evaluated_due_to_H2_PASSIVE_CAPABILITY_SET_NOT_SUPPORTED
core_080,B,2,critical,ramp_only,severe,uniform_20_120_s,simultaneous,pulse,low,normal,high_0p65_0p80,final_known,core_080_seed_10,198491317,explicit_locked_manifest,not_evaluated,not_evaluated_due_to_H2_PASSIVE_CAPABILITY_SET_NOT_SUPPORTED
core_080,B,2,critical,ramp_only,severe,uniform_20_120_s,simultaneous,pulse,low,normal,high_0p65_0p80,final_known,core_080_seed_11,217645199,explicit_locked_manifest,not_evaluated,not_evaluated_due_to_H2_PASSIVE_CAPABILITY_SET_NOT_SUPPORTED
core_080,B,2,critical,ramp_only,severe,uniform_20_120_s,simultaneous,pulse,low,normal,high_0p65_0p80,final_known,core_080_seed_12,236887699,explicit_locked_manifest,not_evaluated,not_evaluated_due_to_H2_PASSIVE_CAPABILITY_SET_NOT_SUPPORTED
core_080,B,2,critical,ramp_only,severe,uniform_20_120_s,simultaneous,pulse,low,normal,high_0p65_0p80,final_known,core_080_seed_13,256203221,explicit_locked_manifest,not_evaluated,not_evaluated_due_to_H2_PASSIVE_CAPABILITY_SET_NOT_SUPPORTED
core_080,B,2,critical,ramp_only,severe,uniform_20_120_s,simultaneous,pulse,low,normal,high_0p65_0p80,final_known,core_080_seed_14,275604541,explicit_locked_manifest,not_evaluated,not_evaluated_due_to_H2_PASSIVE_CAPABILITY_SET_NOT_SUPPORTED
core_080,B,2,critical,ramp_only,severe,uniform_20_120_s,simultaneous,pulse,low,normal,high_0p65_0p80,final_known,core_080_seed_15,295075147,explicit_locked_manifest,not_evaluated,not_evaluated_due_to_H2_PASSIVE_CAPABILITY_SET_NOT_SUPPORTED
core_080,B,2,critical,ramp_only,severe,uniform_20_120_s,simultaneous,pulse,low,normal,high_0p65_0p80,final_known,core_080_seed_16,314606891,explicit_locked_manifest,not_evaluated,not_evaluated_due_to_H2_PASSIVE_CAPABILITY_SET_NOT_SUPPORTED
core_080,B,2,critical,ramp_only,severe,uniform_20_120_s,simultaneous,pulse,low,normal,high_0p65_0p80,final_known,core_080_seed_17,334214467,explicit_locked_manifest,not_evaluated,not_evaluated_due_to_H2_PASSIVE_CAPABILITY_SET_NOT_SUPPORTED
core_080,B,2,critical,ramp_only,severe,uniform_20_120_s,simultaneous,pulse,low,normal,high_0p65_0p80,final_known,core_080_seed_18,353868013,explicit_locked_manifest,not_evaluated,not_evaluated_due_to_H2_PASSIVE_CAPABILITY_SET_NOT_SUPPORTED
core_080,B,2,critical,ramp_only,severe,uniform_20_120_s,simultaneous,pulse,low,normal,high_0p65_0p80,final_known,core_080_seed_19,373587883,explicit_locked_manifest,not_evaluated,not_evaluated_due_to_H2_PASSIVE_CAPABILITY_SET_NOT_SUPPORTED
core_081,B,4,adequate,delay_only,mild,uniform_20_120_s,before,stochastic_net_load,medium,random_dropout,low_0p25_0p40,final_known,core_081_seed_00,15485863,explicit_locked_manifest,not_evaluated,not_evaluated_due_to_H2_PASSIVE_CAPABILITY_SET_NOT_SUPPORTED
core_081,B,4,adequate,delay_only,mild,uniform_20_120_s,before,stochastic_net_load,medium,random_dropout,low_0p25_0p40,final_known,core_081_seed_01,32452843,explicit_locked_manifest,not_evaluated,not_evaluated_due_to_H2_PASSIVE_CAPABILITY_SET_NOT_SUPPORTED
core_081,B,4,adequate,delay_only,mild,uniform_20_120_s,before,stochastic_net_load,medium,random_dropout,low_0p25_0p40,final_known,core_081_seed_02,49979687,explicit_locked_manifest,not_evaluated,not_evaluated_due_to_H2_PASSIVE_CAPABILITY_SET_NOT_SUPPORTED
core_081,B,4,adequate,delay_only,mild,uniform_20_120_s,before,stochastic_net_load,medium,random_dropout,low_0p25_0p40,final_known,core_081_seed_03,67867967,explicit_locked_manifest,not_evaluated,not_evaluated_due_to_H2_PASSIVE_CAPABILITY_SET_NOT_SUPPORTED
core_081,B,4,adequate,delay_only,mild,uniform_20_120_s,before,stochastic_net_load,medium,random_dropout,low_0p25_0p40,final_known,core_081_seed_04,86028121,explicit_locked_manifest,not_evaluated,not_evaluated_due_to_H2_PASSIVE_CAPABILITY_SET_NOT_SUPPORTED
core_081,B,4,adequate,delay_only,mild,uniform_20_120_s,before,stochastic_net_load,medium,random_dropout,low_0p25_0p40,final_known,core_081_seed_05,104395303,explicit_locked_manifest,not_evaluated,not_evaluated_due_to_H2_PASSIVE_CAPABILITY_SET_NOT_SUPPORTED
core_081,B,4,adequate,delay_only,mild,uniform_20_120_s,before,stochastic_net_load,medium,random_dropout,low_0p25_0p40,final_known,core_081_seed_06,122949823,explicit_locked_manifest,not_evaluated,not_evaluated_due_to_H2_PASSIVE_CAPABILITY_SET_NOT_SUPPORTED
core_081,B,4,adequate,delay_only,mild,uniform_20_120_s,before,stochastic_net_load,medium,random_dropout,low_0p25_0p40,final_known,core_081_seed_07,141650939,explicit_locked_manifest,not_evaluated,not_evaluated_due_to_H2_PASSIVE_CAPABILITY_SET_NOT_SUPPORTED
core_081,B,4,adequate,delay_only,mild,uniform_20_120_s,before,stochastic_net_load,medium,random_dropout,low_0p25_0p40,final_known,core_081_seed_08,160481183,explicit_locked_manifest,not_evaluated,not_evaluated_due_to_H2_PASSIVE_CAPABILITY_SET_NOT_SUPPORTED
core_081,B,4,adequate,delay_only,mild,uniform_20_120_s,before,stochastic_net_load,medium,random_dropout,low_0p25_0p40,final_known,core_081_seed_09,179424673,explicit_locked_manifest,not_evaluated,not_evaluated_due_to_H2_PASSIVE_CAPABILITY_SET_NOT_SUPPORTED
core_081,B,4,adequate,delay_only,mild,uniform_20_120_s,before,stochastic_net_load,medium,random_dropout,low_0p25_0p40,final_known,core_081_seed_10,198491317,explicit_locked_manifest,not_evaluated,not_evaluated_due_to_H2_PASSIVE_CAPABILITY_SET_NOT_SUPPORTED
core_081,B,4,adequate,delay_only,mild,uniform_20_120_s,before,stochastic_net_load,medium,random_dropout,low_0p25_0p40,final_known,core_081_seed_11,217645199,explicit_locked_manifest,not_evaluated,not_evaluated_due_to_H2_PASSIVE_CAPABILITY_SET_NOT_SUPPORTED
core_081,B,4,adequate,delay_only,mild,uniform_20_120_s,before,stochastic_net_load,medium,random_dropout,low_0p25_0p40,final_known,core_081_seed_12,236887699,explicit_locked_manifest,not_evaluated,not_evaluated_due_to_H2_PASSIVE_CAPABILITY_SET_NOT_SUPPORTED
core_081,B,4,adequate,delay_only,mild,uniform_20_120_s,before,stochastic_net_load,medium,random_dropout,low_0p25_0p40,final_known,core_081_seed_13,256203221,explicit_locked_manifest,not_evaluated,not_evaluated_due_to_H2_PASSIVE_CAPABILITY_SET_NOT_SUPPORTED
core_081,B,4,adequate,delay_only,mild,uniform_20_120_s,before,stochastic_net_load,medium,random_dropout,low_0p25_0p40,final_known,core_081_seed_14,275604541,explicit_locked_manifest,not_evaluated,not_evaluated_due_to_H2_PASSIVE_CAPABILITY_SET_NOT_SUPPORTED
core_081,B,4,adequate,delay_only,mild,uniform_20_120_s,before,stochastic_net_load,medium,random_dropout,low_0p25_0p40,final_known,core_081_seed_15,295075147,explicit_locked_manifest,not_evaluated,not_evaluated_due_to_H2_PASSIVE_CAPABILITY_SET_NOT_SUPPORTED
core_081,B,4,adequate,delay_only,mild,uniform_20_120_s,before,stochastic_net_load,medium,random_dropout,low_0p25_0p40,final_known,core_081_seed_16,314606891,explicit_locked_manifest,not_evaluated,not_evaluated_due_to_H2_PASSIVE_CAPABILITY_SET_NOT_SUPPORTED
core_081,B,4,adequate,delay_only,mild,uniform_20_120_s,before,stochastic_net_load,medium,random_dropout,low_0p25_0p40,final_known,core_081_seed_17,334214467,explicit_locked_manifest,not_evaluated,not_evaluated_due_to_H2_PASSIVE_CAPABILITY_SET_NOT_SUPPORTED
core_081,B,4,adequate,delay_only,mild,uniform_20_120_s,before,stochastic_net_load,medium,random_dropout,low_0p25_0p40,final_known,core_081_seed_18,353868013,explicit_locked_manifest,not_evaluated,not_evaluated_due_to_H2_PASSIVE_CAPABILITY_SET_NOT_SUPPORTED
core_081,B,4,adequate,delay_only,mild,uniform_20_120_s,before,stochastic_net_load,medium,random_dropout,low_0p25_0p40,final_known,core_081_seed_19,373587883,explicit_locked_manifest,not_evaluated,not_evaluated_due_to_H2_PASSIVE_CAPABILITY_SET_NOT_SUPPORTED
core_082,B,4,scarce,delay_only,mild,uniform_20_120_s,no_incident,step,high,jitter,mid_0p45_0p60,final_known,core_082_seed_00,15485863,explicit_locked_manifest,not_evaluated,not_evaluated_due_to_H2_PASSIVE_CAPABILITY_SET_NOT_SUPPORTED
core_082,B,4,scarce,delay_only,mild,uniform_20_120_s,no_incident,step,high,jitter,mid_0p45_0p60,final_known,core_082_seed_01,32452843,explicit_locked_manifest,not_evaluated,not_evaluated_due_to_H2_PASSIVE_CAPABILITY_SET_NOT_SUPPORTED
core_082,B,4,scarce,delay_only,mild,uniform_20_120_s,no_incident,step,high,jitter,mid_0p45_0p60,final_known,core_082_seed_02,49979687,explicit_locked_manifest,not_evaluated,not_evaluated_due_to_H2_PASSIVE_CAPABILITY_SET_NOT_SUPPORTED
core_082,B,4,scarce,delay_only,mild,uniform_20_120_s,no_incident,step,high,jitter,mid_0p45_0p60,final_known,core_082_seed_03,67867967,explicit_locked_manifest,not_evaluated,not_evaluated_due_to_H2_PASSIVE_CAPABILITY_SET_NOT_SUPPORTED
core_082,B,4,scarce,delay_only,mild,uniform_20_120_s,no_incident,step,high,jitter,mid_0p45_0p60,final_known,core_082_seed_04,86028121,explicit_locked_manifest,not_evaluated,not_evaluated_due_to_H2_PASSIVE_CAPABILITY_SET_NOT_SUPPORTED
core_082,B,4,scarce,delay_only,mild,uniform_20_120_s,no_incident,step,high,jitter,mid_0p45_0p60,final_known,core_082_seed_05,104395303,explicit_locked_manifest,not_evaluated,not_evaluated_due_to_H2_PASSIVE_CAPABILITY_SET_NOT_SUPPORTED
core_082,B,4,scarce,delay_only,mild,uniform_20_120_s,no_incident,step,high,jitter,mid_0p45_0p60,final_known,core_082_seed_06,122949823,explicit_locked_manifest,not_evaluated,not_evaluated_due_to_H2_PASSIVE_CAPABILITY_SET_NOT_SUPPORTED
core_082,B,4,scarce,delay_only,mild,uniform_20_120_s,no_incident,step,high,jitter,mid_0p45_0p60,final_known,core_082_seed_07,141650939,explicit_locked_manifest,not_evaluated,not_evaluated_due_to_H2_PASSIVE_CAPABILITY_SET_NOT_SUPPORTED
core_082,B,4,scarce,delay_only,mild,uniform_20_120_s,no_incident,step,high,jitter,mid_0p45_0p60,final_known,core_082_seed_08,160481183,explicit_locked_manifest,not_evaluated,not_evaluated_due_to_H2_PASSIVE_CAPABILITY_SET_NOT_SUPPORTED
core_082,B,4,scarce,delay_only,mild,uniform_20_120_s,no_incident,step,high,jitter,mid_0p45_0p60,final_known,core_082_seed_09,179424673,explicit_locked_manifest,not_evaluated,not_evaluated_due_to_H2_PASSIVE_CAPABILITY_SET_NOT_SUPPORTED
core_082,B,4,scarce,delay_only,mild,uniform_20_120_s,no_incident,step,high,jitter,mid_0p45_0p60,final_known,core_082_seed_10,198491317,explicit_locked_manifest,not_evaluated,not_evaluated_due_to_H2_PASSIVE_CAPABILITY_SET_NOT_SUPPORTED
core_082,B,4,scarce,delay_only,mild,uniform_20_120_s,no_incident,step,high,jitter,mid_0p45_0p60,final_known,core_082_seed_11,217645199,explicit_locked_manifest,not_evaluated,not_evaluated_due_to_H2_PASSIVE_CAPABILITY_SET_NOT_SUPPORTED
core_082,B,4,scarce,delay_only,mild,uniform_20_120_s,no_incident,step,high,jitter,mid_0p45_0p60,final_known,core_082_seed_12,236887699,explicit_locked_manifest,not_evaluated,not_evaluated_due_to_H2_PASSIVE_CAPABILITY_SET_NOT_SUPPORTED
core_082,B,4,scarce,delay_only,mild,uniform_20_120_s,no_incident,step,high,jitter,mid_0p45_0p60,final_known,core_082_seed_13,256203221,explicit_locked_manifest,not_evaluated,not_evaluated_due_to_H2_PASSIVE_CAPABILITY_SET_NOT_SUPPORTED
core_082,B,4,scarce,delay_only,mild,uniform_20_120_s,no_incident,step,high,jitter,mid_0p45_0p60,final_known,core_082_seed_14,275604541,explicit_locked_manifest,not_evaluated,not_evaluated_due_to_H2_PASSIVE_CAPABILITY_SET_NOT_SUPPORTED
core_082,B,4,scarce,delay_only,mild,uniform_20_120_s,no_incident,step,high,jitter,mid_0p45_0p60,final_known,core_082_seed_15,295075147,explicit_locked_manifest,not_evaluated,not_evaluated_due_to_H2_PASSIVE_CAPABILITY_SET_NOT_SUPPORTED
core_082,B,4,scarce,delay_only,mild,uniform_20_120_s,no_incident,step,high,jitter,mid_0p45_0p60,final_known,core_082_seed_16,314606891,explicit_locked_manifest,not_evaluated,not_evaluated_due_to_H2_PASSIVE_CAPABILITY_SET_NOT_SUPPORTED
core_082,B,4,scarce,delay_only,mild,uniform_20_120_s,no_incident,step,high,jitter,mid_0p45_0p60,final_known,core_082_seed_17,334214467,explicit_locked_manifest,not_evaluated,not_evaluated_due_to_H2_PASSIVE_CAPABILITY_SET_NOT_SUPPORTED
core_082,B,4,scarce,delay_only,mild,uniform_20_120_s,no_incident,step,high,jitter,mid_0p45_0p60,final_known,core_082_seed_18,353868013,explicit_locked_manifest,not_evaluated,not_evaluated_due_to_H2_PASSIVE_CAPABILITY_SET_NOT_SUPPORTED
core_082,B,4,scarce,delay_only,mild,uniform_20_120_s,no_incident,step,high,jitter,mid_0p45_0p60,final_known,core_082_seed_19,373587883,explicit_locked_manifest,not_evaluated,not_evaluated_due_to_H2_PASSIVE_CAPABILITY_SET_NOT_SUPPORTED
core_083,B,4,critical,delay_only,mild,uniform_20_120_s,after,ramp,low,normal,high_0p65_0p80,final_known,core_083_seed_00,15485863,explicit_locked_manifest,not_evaluated,not_evaluated_due_to_H2_PASSIVE_CAPABILITY_SET_NOT_SUPPORTED
core_083,B,4,critical,delay_only,mild,uniform_20_120_s,after,ramp,low,normal,high_0p65_0p80,final_known,core_083_seed_01,32452843,explicit_locked_manifest,not_evaluated,not_evaluated_due_to_H2_PASSIVE_CAPABILITY_SET_NOT_SUPPORTED
core_083,B,4,critical,delay_only,mild,uniform_20_120_s,after,ramp,low,normal,high_0p65_0p80,final_known,core_083_seed_02,49979687,explicit_locked_manifest,not_evaluated,not_evaluated_due_to_H2_PASSIVE_CAPABILITY_SET_NOT_SUPPORTED
core_083,B,4,critical,delay_only,mild,uniform_20_120_s,after,ramp,low,normal,high_0p65_0p80,final_known,core_083_seed_03,67867967,explicit_locked_manifest,not_evaluated,not_evaluated_due_to_H2_PASSIVE_CAPABILITY_SET_NOT_SUPPORTED
core_083,B,4,critical,delay_only,mild,uniform_20_120_s,after,ramp,low,normal,high_0p65_0p80,final_known,core_083_seed_04,86028121,explicit_locked_manifest,not_evaluated,not_evaluated_due_to_H2_PASSIVE_CAPABILITY_SET_NOT_SUPPORTED
core_083,B,4,critical,delay_only,mild,uniform_20_120_s,after,ramp,low,normal,high_0p65_0p80,final_known,core_083_seed_05,104395303,explicit_locked_manifest,not_evaluated,not_evaluated_due_to_H2_PASSIVE_CAPABILITY_SET_NOT_SUPPORTED
core_083,B,4,critical,delay_only,mild,uniform_20_120_s,after,ramp,low,normal,high_0p65_0p80,final_known,core_083_seed_06,122949823,explicit_locked_manifest,not_evaluated,not_evaluated_due_to_H2_PASSIVE_CAPABILITY_SET_NOT_SUPPORTED
core_083,B,4,critical,delay_only,mild,uniform_20_120_s,after,ramp,low,normal,high_0p65_0p80,final_known,core_083_seed_07,141650939,explicit_locked_manifest,not_evaluated,not_evaluated_due_to_H2_PASSIVE_CAPABILITY_SET_NOT_SUPPORTED
core_083,B,4,critical,delay_only,mild,uniform_20_120_s,after,ramp,low,normal,high_0p65_0p80,final_known,core_083_seed_08,160481183,explicit_locked_manifest,not_evaluated,not_evaluated_due_to_H2_PASSIVE_CAPABILITY_SET_NOT_SUPPORTED
core_083,B,4,critical,delay_only,mild,uniform_20_120_s,after,ramp,low,normal,high_0p65_0p80,final_known,core_083_seed_09,179424673,explicit_locked_manifest,not_evaluated,not_evaluated_due_to_H2_PASSIVE_CAPABILITY_SET_NOT_SUPPORTED
core_083,B,4,critical,delay_only,mild,uniform_20_120_s,after,ramp,low,normal,high_0p65_0p80,final_known,core_083_seed_10,198491317,explicit_locked_manifest,not_evaluated,not_evaluated_due_to_H2_PASSIVE_CAPABILITY_SET_NOT_SUPPORTED
core_083,B,4,critical,delay_only,mild,uniform_20_120_s,after,ramp,low,normal,high_0p65_0p80,final_known,core_083_seed_11,217645199,explicit_locked_manifest,not_evaluated,not_evaluated_due_to_H2_PASSIVE_CAPABILITY_SET_NOT_SUPPORTED
core_083,B,4,critical,delay_only,mild,uniform_20_120_s,after,ramp,low,normal,high_0p65_0p80,final_known,core_083_seed_12,236887699,explicit_locked_manifest,not_evaluated,not_evaluated_due_to_H2_PASSIVE_CAPABILITY_SET_NOT_SUPPORTED
core_083,B,4,critical,delay_only,mild,uniform_20_120_s,after,ramp,low,normal,high_0p65_0p80,final_known,core_083_seed_13,256203221,explicit_locked_manifest,not_evaluated,not_evaluated_due_to_H2_PASSIVE_CAPABILITY_SET_NOT_SUPPORTED
core_083,B,4,critical,delay_only,mild,uniform_20_120_s,after,ramp,low,normal,high_0p65_0p80,final_known,core_083_seed_14,275604541,explicit_locked_manifest,not_evaluated,not_evaluated_due_to_H2_PASSIVE_CAPABILITY_SET_NOT_SUPPORTED
core_083,B,4,critical,delay_only,mild,uniform_20_120_s,after,ramp,low,normal,high_0p65_0p80,final_known,core_083_seed_15,295075147,explicit_locked_manifest,not_evaluated,not_evaluated_due_to_H2_PASSIVE_CAPABILITY_SET_NOT_SUPPORTED
core_083,B,4,critical,delay_only,mild,uniform_20_120_s,after,ramp,low,normal,high_0p65_0p80,final_known,core_083_seed_16,314606891,explicit_locked_manifest,not_evaluated,not_evaluated_due_to_H2_PASSIVE_CAPABILITY_SET_NOT_SUPPORTED
core_083,B,4,critical,delay_only,mild,uniform_20_120_s,after,ramp,low,normal,high_0p65_0p80,final_known,core_083_seed_17,334214467,explicit_locked_manifest,not_evaluated,not_evaluated_due_to_H2_PASSIVE_CAPABILITY_SET_NOT_SUPPORTED
core_083,B,4,critical,delay_only,mild,uniform_20_120_s,after,ramp,low,normal,high_0p65_0p80,final_known,core_083_seed_18,353868013,explicit_locked_manifest,not_evaluated,not_evaluated_due_to_H2_PASSIVE_CAPABILITY_SET_NOT_SUPPORTED
core_083,B,4,critical,delay_only,mild,uniform_20_120_s,after,ramp,low,normal,high_0p65_0p80,final_known,core_083_seed_19,373587883,explicit_locked_manifest,not_evaluated,not_evaluated_due_to_H2_PASSIVE_CAPABILITY_SET_NOT_SUPPORTED
core_084,B,2,adequate,delay_only,medium,uniform_20_120_s,simultaneous,pulse,medium,random_dropout,low_0p25_0p40,final_known,core_084_seed_00,15485863,explicit_locked_manifest,not_evaluated,not_evaluated_due_to_H2_PASSIVE_CAPABILITY_SET_NOT_SUPPORTED
core_084,B,2,adequate,delay_only,medium,uniform_20_120_s,simultaneous,pulse,medium,random_dropout,low_0p25_0p40,final_known,core_084_seed_01,32452843,explicit_locked_manifest,not_evaluated,not_evaluated_due_to_H2_PASSIVE_CAPABILITY_SET_NOT_SUPPORTED
core_084,B,2,adequate,delay_only,medium,uniform_20_120_s,simultaneous,pulse,medium,random_dropout,low_0p25_0p40,final_known,core_084_seed_02,49979687,explicit_locked_manifest,not_evaluated,not_evaluated_due_to_H2_PASSIVE_CAPABILITY_SET_NOT_SUPPORTED
core_084,B,2,adequate,delay_only,medium,uniform_20_120_s,simultaneous,pulse,medium,random_dropout,low_0p25_0p40,final_known,core_084_seed_03,67867967,explicit_locked_manifest,not_evaluated,not_evaluated_due_to_H2_PASSIVE_CAPABILITY_SET_NOT_SUPPORTED
core_084,B,2,adequate,delay_only,medium,uniform_20_120_s,simultaneous,pulse,medium,random_dropout,low_0p25_0p40,final_known,core_084_seed_04,86028121,explicit_locked_manifest,not_evaluated,not_evaluated_due_to_H2_PASSIVE_CAPABILITY_SET_NOT_SUPPORTED
core_084,B,2,adequate,delay_only,medium,uniform_20_120_s,simultaneous,pulse,medium,random_dropout,low_0p25_0p40,final_known,core_084_seed_05,104395303,explicit_locked_manifest,not_evaluated,not_evaluated_due_to_H2_PASSIVE_CAPABILITY_SET_NOT_SUPPORTED
core_084,B,2,adequate,delay_only,medium,uniform_20_120_s,simultaneous,pulse,medium,random_dropout,low_0p25_0p40,final_known,core_084_seed_06,122949823,explicit_locked_manifest,not_evaluated,not_evaluated_due_to_H2_PASSIVE_CAPABILITY_SET_NOT_SUPPORTED
core_084,B,2,adequate,delay_only,medium,uniform_20_120_s,simultaneous,pulse,medium,random_dropout,low_0p25_0p40,final_known,core_084_seed_07,141650939,explicit_locked_manifest,not_evaluated,not_evaluated_due_to_H2_PASSIVE_CAPABILITY_SET_NOT_SUPPORTED
core_084,B,2,adequate,delay_only,medium,uniform_20_120_s,simultaneous,pulse,medium,random_dropout,low_0p25_0p40,final_known,core_084_seed_08,160481183,explicit_locked_manifest,not_evaluated,not_evaluated_due_to_H2_PASSIVE_CAPABILITY_SET_NOT_SUPPORTED
core_084,B,2,adequate,delay_only,medium,uniform_20_120_s,simultaneous,pulse,medium,random_dropout,low_0p25_0p40,final_known,core_084_seed_09,179424673,explicit_locked_manifest,not_evaluated,not_evaluated_due_to_H2_PASSIVE_CAPABILITY_SET_NOT_SUPPORTED
core_084,B,2,adequate,delay_only,medium,uniform_20_120_s,simultaneous,pulse,medium,random_dropout,low_0p25_0p40,final_known,core_084_seed_10,198491317,explicit_locked_manifest,not_evaluated,not_evaluated_due_to_H2_PASSIVE_CAPABILITY_SET_NOT_SUPPORTED
core_084,B,2,adequate,delay_only,medium,uniform_20_120_s,simultaneous,pulse,medium,random_dropout,low_0p25_0p40,final_known,core_084_seed_11,217645199,explicit_locked_manifest,not_evaluated,not_evaluated_due_to_H2_PASSIVE_CAPABILITY_SET_NOT_SUPPORTED
core_084,B,2,adequate,delay_only,medium,uniform_20_120_s,simultaneous,pulse,medium,random_dropout,low_0p25_0p40,final_known,core_084_seed_12,236887699,explicit_locked_manifest,not_evaluated,not_evaluated_due_to_H2_PASSIVE_CAPABILITY_SET_NOT_SUPPORTED
core_084,B,2,adequate,delay_only,medium,uniform_20_120_s,simultaneous,pulse,medium,random_dropout,low_0p25_0p40,final_known,core_084_seed_13,256203221,explicit_locked_manifest,not_evaluated,not_evaluated_due_to_H2_PASSIVE_CAPABILITY_SET_NOT_SUPPORTED
core_084,B,2,adequate,delay_only,medium,uniform_20_120_s,simultaneous,pulse,medium,random_dropout,low_0p25_0p40,final_known,core_084_seed_14,275604541,explicit_locked_manifest,not_evaluated,not_evaluated_due_to_H2_PASSIVE_CAPABILITY_SET_NOT_SUPPORTED
core_084,B,2,adequate,delay_only,medium,uniform_20_120_s,simultaneous,pulse,medium,random_dropout,low_0p25_0p40,final_known,core_084_seed_15,295075147,explicit_locked_manifest,not_evaluated,not_evaluated_due_to_H2_PASSIVE_CAPABILITY_SET_NOT_SUPPORTED
core_084,B,2,adequate,delay_only,medium,uniform_20_120_s,simultaneous,pulse,medium,random_dropout,low_0p25_0p40,final_known,core_084_seed_16,314606891,explicit_locked_manifest,not_evaluated,not_evaluated_due_to_H2_PASSIVE_CAPABILITY_SET_NOT_SUPPORTED
core_084,B,2,adequate,delay_only,medium,uniform_20_120_s,simultaneous,pulse,medium,random_dropout,low_0p25_0p40,final_known,core_084_seed_17,334214467,explicit_locked_manifest,not_evaluated,not_evaluated_due_to_H2_PASSIVE_CAPABILITY_SET_NOT_SUPPORTED
core_084,B,2,adequate,delay_only,medium,uniform_20_120_s,simultaneous,pulse,medium,random_dropout,low_0p25_0p40,final_known,core_084_seed_18,353868013,explicit_locked_manifest,not_evaluated,not_evaluated_due_to_H2_PASSIVE_CAPABILITY_SET_NOT_SUPPORTED
core_084,B,2,adequate,delay_only,medium,uniform_20_120_s,simultaneous,pulse,medium,random_dropout,low_0p25_0p40,final_known,core_084_seed_19,373587883,explicit_locked_manifest,not_evaluated,not_evaluated_due_to_H2_PASSIVE_CAPABILITY_SET_NOT_SUPPORTED
core_085,B,2,scarce,delay_only,medium,uniform_20_120_s,before,stochastic_net_load,high,jitter,mid_0p45_0p60,final_known,core_085_seed_00,15485863,explicit_locked_manifest,not_evaluated,not_evaluated_due_to_H2_PASSIVE_CAPABILITY_SET_NOT_SUPPORTED
core_085,B,2,scarce,delay_only,medium,uniform_20_120_s,before,stochastic_net_load,high,jitter,mid_0p45_0p60,final_known,core_085_seed_01,32452843,explicit_locked_manifest,not_evaluated,not_evaluated_due_to_H2_PASSIVE_CAPABILITY_SET_NOT_SUPPORTED
core_085,B,2,scarce,delay_only,medium,uniform_20_120_s,before,stochastic_net_load,high,jitter,mid_0p45_0p60,final_known,core_085_seed_02,49979687,explicit_locked_manifest,not_evaluated,not_evaluated_due_to_H2_PASSIVE_CAPABILITY_SET_NOT_SUPPORTED
core_085,B,2,scarce,delay_only,medium,uniform_20_120_s,before,stochastic_net_load,high,jitter,mid_0p45_0p60,final_known,core_085_seed_03,67867967,explicit_locked_manifest,not_evaluated,not_evaluated_due_to_H2_PASSIVE_CAPABILITY_SET_NOT_SUPPORTED
core_085,B,2,scarce,delay_only,medium,uniform_20_120_s,before,stochastic_net_load,high,jitter,mid_0p45_0p60,final_known,core_085_seed_04,86028121,explicit_locked_manifest,not_evaluated,not_evaluated_due_to_H2_PASSIVE_CAPABILITY_SET_NOT_SUPPORTED
core_085,B,2,scarce,delay_only,medium,uniform_20_120_s,before,stochastic_net_load,high,jitter,mid_0p45_0p60,final_known,core_085_seed_05,104395303,explicit_locked_manifest,not_evaluated,not_evaluated_due_to_H2_PASSIVE_CAPABILITY_SET_NOT_SUPPORTED
core_085,B,2,scarce,delay_only,medium,uniform_20_120_s,before,stochastic_net_load,high,jitter,mid_0p45_0p60,final_known,core_085_seed_06,122949823,explicit_locked_manifest,not_evaluated,not_evaluated_due_to_H2_PASSIVE_CAPABILITY_SET_NOT_SUPPORTED
core_085,B,2,scarce,delay_only,medium,uniform_20_120_s,before,stochastic_net_load,high,jitter,mid_0p45_0p60,final_known,core_085_seed_07,141650939,explicit_locked_manifest,not_evaluated,not_evaluated_due_to_H2_PASSIVE_CAPABILITY_SET_NOT_SUPPORTED
core_085,B,2,scarce,delay_only,medium,uniform_20_120_s,before,stochastic_net_load,high,jitter,mid_0p45_0p60,final_known,core_085_seed_08,160481183,explicit_locked_manifest,not_evaluated,not_evaluated_due_to_H2_PASSIVE_CAPABILITY_SET_NOT_SUPPORTED
core_085,B,2,scarce,delay_only,medium,uniform_20_120_s,before,stochastic_net_load,high,jitter,mid_0p45_0p60,final_known,core_085_seed_09,179424673,explicit_locked_manifest,not_evaluated,not_evaluated_due_to_H2_PASSIVE_CAPABILITY_SET_NOT_SUPPORTED
core_085,B,2,scarce,delay_only,medium,uniform_20_120_s,before,stochastic_net_load,high,jitter,mid_0p45_0p60,final_known,core_085_seed_10,198491317,explicit_locked_manifest,not_evaluated,not_evaluated_due_to_H2_PASSIVE_CAPABILITY_SET_NOT_SUPPORTED
core_085,B,2,scarce,delay_only,medium,uniform_20_120_s,before,stochastic_net_load,high,jitter,mid_0p45_0p60,final_known,core_085_seed_11,217645199,explicit_locked_manifest,not_evaluated,not_evaluated_due_to_H2_PASSIVE_CAPABILITY_SET_NOT_SUPPORTED
core_085,B,2,scarce,delay_only,medium,uniform_20_120_s,before,stochastic_net_load,high,jitter,mid_0p45_0p60,final_known,core_085_seed_12,236887699,explicit_locked_manifest,not_evaluated,not_evaluated_due_to_H2_PASSIVE_CAPABILITY_SET_NOT_SUPPORTED
core_085,B,2,scarce,delay_only,medium,uniform_20_120_s,before,stochastic_net_load,high,jitter,mid_0p45_0p60,final_known,core_085_seed_13,256203221,explicit_locked_manifest,not_evaluated,not_evaluated_due_to_H2_PASSIVE_CAPABILITY_SET_NOT_SUPPORTED
core_085,B,2,scarce,delay_only,medium,uniform_20_120_s,before,stochastic_net_load,high,jitter,mid_0p45_0p60,final_known,core_085_seed_14,275604541,explicit_locked_manifest,not_evaluated,not_evaluated_due_to_H2_PASSIVE_CAPABILITY_SET_NOT_SUPPORTED
core_085,B,2,scarce,delay_only,medium,uniform_20_120_s,before,stochastic_net_load,high,jitter,mid_0p45_0p60,final_known,core_085_seed_15,295075147,explicit_locked_manifest,not_evaluated,not_evaluated_due_to_H2_PASSIVE_CAPABILITY_SET_NOT_SUPPORTED
core_085,B,2,scarce,delay_only,medium,uniform_20_120_s,before,stochastic_net_load,high,jitter,mid_0p45_0p60,final_known,core_085_seed_16,314606891,explicit_locked_manifest,not_evaluated,not_evaluated_due_to_H2_PASSIVE_CAPABILITY_SET_NOT_SUPPORTED
core_085,B,2,scarce,delay_only,medium,uniform_20_120_s,before,stochastic_net_load,high,jitter,mid_0p45_0p60,final_known,core_085_seed_17,334214467,explicit_locked_manifest,not_evaluated,not_evaluated_due_to_H2_PASSIVE_CAPABILITY_SET_NOT_SUPPORTED
core_085,B,2,scarce,delay_only,medium,uniform_20_120_s,before,stochastic_net_load,high,jitter,mid_0p45_0p60,final_known,core_085_seed_18,353868013,explicit_locked_manifest,not_evaluated,not_evaluated_due_to_H2_PASSIVE_CAPABILITY_SET_NOT_SUPPORTED
core_085,B,2,scarce,delay_only,medium,uniform_20_120_s,before,stochastic_net_load,high,jitter,mid_0p45_0p60,final_known,core_085_seed_19,373587883,explicit_locked_manifest,not_evaluated,not_evaluated_due_to_H2_PASSIVE_CAPABILITY_SET_NOT_SUPPORTED
core_086,B,2,critical,delay_only,medium,uniform_20_120_s,no_incident,step,low,normal,high_0p65_0p80,final_known,core_086_seed_00,15485863,explicit_locked_manifest,not_evaluated,not_evaluated_due_to_H2_PASSIVE_CAPABILITY_SET_NOT_SUPPORTED
core_086,B,2,critical,delay_only,medium,uniform_20_120_s,no_incident,step,low,normal,high_0p65_0p80,final_known,core_086_seed_01,32452843,explicit_locked_manifest,not_evaluated,not_evaluated_due_to_H2_PASSIVE_CAPABILITY_SET_NOT_SUPPORTED
core_086,B,2,critical,delay_only,medium,uniform_20_120_s,no_incident,step,low,normal,high_0p65_0p80,final_known,core_086_seed_02,49979687,explicit_locked_manifest,not_evaluated,not_evaluated_due_to_H2_PASSIVE_CAPABILITY_SET_NOT_SUPPORTED
core_086,B,2,critical,delay_only,medium,uniform_20_120_s,no_incident,step,low,normal,high_0p65_0p80,final_known,core_086_seed_03,67867967,explicit_locked_manifest,not_evaluated,not_evaluated_due_to_H2_PASSIVE_CAPABILITY_SET_NOT_SUPPORTED
core_086,B,2,critical,delay_only,medium,uniform_20_120_s,no_incident,step,low,normal,high_0p65_0p80,final_known,core_086_seed_04,86028121,explicit_locked_manifest,not_evaluated,not_evaluated_due_to_H2_PASSIVE_CAPABILITY_SET_NOT_SUPPORTED
core_086,B,2,critical,delay_only,medium,uniform_20_120_s,no_incident,step,low,normal,high_0p65_0p80,final_known,core_086_seed_05,104395303,explicit_locked_manifest,not_evaluated,not_evaluated_due_to_H2_PASSIVE_CAPABILITY_SET_NOT_SUPPORTED
core_086,B,2,critical,delay_only,medium,uniform_20_120_s,no_incident,step,low,normal,high_0p65_0p80,final_known,core_086_seed_06,122949823,explicit_locked_manifest,not_evaluated,not_evaluated_due_to_H2_PASSIVE_CAPABILITY_SET_NOT_SUPPORTED
core_086,B,2,critical,delay_only,medium,uniform_20_120_s,no_incident,step,low,normal,high_0p65_0p80,final_known,core_086_seed_07,141650939,explicit_locked_manifest,not_evaluated,not_evaluated_due_to_H2_PASSIVE_CAPABILITY_SET_NOT_SUPPORTED
core_086,B,2,critical,delay_only,medium,uniform_20_120_s,no_incident,step,low,normal,high_0p65_0p80,final_known,core_086_seed_08,160481183,explicit_locked_manifest,not_evaluated,not_evaluated_due_to_H2_PASSIVE_CAPABILITY_SET_NOT_SUPPORTED
core_086,B,2,critical,delay_only,medium,uniform_20_120_s,no_incident,step,low,normal,high_0p65_0p80,final_known,core_086_seed_09,179424673,explicit_locked_manifest,not_evaluated,not_evaluated_due_to_H2_PASSIVE_CAPABILITY_SET_NOT_SUPPORTED
core_086,B,2,critical,delay_only,medium,uniform_20_120_s,no_incident,step,low,normal,high_0p65_0p80,final_known,core_086_seed_10,198491317,explicit_locked_manifest,not_evaluated,not_evaluated_due_to_H2_PASSIVE_CAPABILITY_SET_NOT_SUPPORTED
core_086,B,2,critical,delay_only,medium,uniform_20_120_s,no_incident,step,low,normal,high_0p65_0p80,final_known,core_086_seed_11,217645199,explicit_locked_manifest,not_evaluated,not_evaluated_due_to_H2_PASSIVE_CAPABILITY_SET_NOT_SUPPORTED
core_086,B,2,critical,delay_only,medium,uniform_20_120_s,no_incident,step,low,normal,high_0p65_0p80,final_known,core_086_seed_12,236887699,explicit_locked_manifest,not_evaluated,not_evaluated_due_to_H2_PASSIVE_CAPABILITY_SET_NOT_SUPPORTED
core_086,B,2,critical,delay_only,medium,uniform_20_120_s,no_incident,step,low,normal,high_0p65_0p80,final_known,core_086_seed_13,256203221,explicit_locked_manifest,not_evaluated,not_evaluated_due_to_H2_PASSIVE_CAPABILITY_SET_NOT_SUPPORTED
core_086,B,2,critical,delay_only,medium,uniform_20_120_s,no_incident,step,low,normal,high_0p65_0p80,final_known,core_086_seed_14,275604541,explicit_locked_manifest,not_evaluated,not_evaluated_due_to_H2_PASSIVE_CAPABILITY_SET_NOT_SUPPORTED
core_086,B,2,critical,delay_only,medium,uniform_20_120_s,no_incident,step,low,normal,high_0p65_0p80,final_known,core_086_seed_15,295075147,explicit_locked_manifest,not_evaluated,not_evaluated_due_to_H2_PASSIVE_CAPABILITY_SET_NOT_SUPPORTED
core_086,B,2,critical,delay_only,medium,uniform_20_120_s,no_incident,step,low,normal,high_0p65_0p80,final_known,core_086_seed_16,314606891,explicit_locked_manifest,not_evaluated,not_evaluated_due_to_H2_PASSIVE_CAPABILITY_SET_NOT_SUPPORTED
core_086,B,2,critical,delay_only,medium,uniform_20_120_s,no_incident,step,low,normal,high_0p65_0p80,final_known,core_086_seed_17,334214467,explicit_locked_manifest,not_evaluated,not_evaluated_due_to_H2_PASSIVE_CAPABILITY_SET_NOT_SUPPORTED
core_086,B,2,critical,delay_only,medium,uniform_20_120_s,no_incident,step,low,normal,high_0p65_0p80,final_known,core_086_seed_18,353868013,explicit_locked_manifest,not_evaluated,not_evaluated_due_to_H2_PASSIVE_CAPABILITY_SET_NOT_SUPPORTED
core_086,B,2,critical,delay_only,medium,uniform_20_120_s,no_incident,step,low,normal,high_0p65_0p80,final_known,core_086_seed_19,373587883,explicit_locked_manifest,not_evaluated,not_evaluated_due_to_H2_PASSIVE_CAPABILITY_SET_NOT_SUPPORTED
core_087,B,4,adequate,delay_only,severe,uniform_20_120_s,after,ramp,medium,random_dropout,low_0p25_0p40,final_known,core_087_seed_00,15485863,explicit_locked_manifest,not_evaluated,not_evaluated_due_to_H2_PASSIVE_CAPABILITY_SET_NOT_SUPPORTED
core_087,B,4,adequate,delay_only,severe,uniform_20_120_s,after,ramp,medium,random_dropout,low_0p25_0p40,final_known,core_087_seed_01,32452843,explicit_locked_manifest,not_evaluated,not_evaluated_due_to_H2_PASSIVE_CAPABILITY_SET_NOT_SUPPORTED
core_087,B,4,adequate,delay_only,severe,uniform_20_120_s,after,ramp,medium,random_dropout,low_0p25_0p40,final_known,core_087_seed_02,49979687,explicit_locked_manifest,not_evaluated,not_evaluated_due_to_H2_PASSIVE_CAPABILITY_SET_NOT_SUPPORTED
core_087,B,4,adequate,delay_only,severe,uniform_20_120_s,after,ramp,medium,random_dropout,low_0p25_0p40,final_known,core_087_seed_03,67867967,explicit_locked_manifest,not_evaluated,not_evaluated_due_to_H2_PASSIVE_CAPABILITY_SET_NOT_SUPPORTED
core_087,B,4,adequate,delay_only,severe,uniform_20_120_s,after,ramp,medium,random_dropout,low_0p25_0p40,final_known,core_087_seed_04,86028121,explicit_locked_manifest,not_evaluated,not_evaluated_due_to_H2_PASSIVE_CAPABILITY_SET_NOT_SUPPORTED
core_087,B,4,adequate,delay_only,severe,uniform_20_120_s,after,ramp,medium,random_dropout,low_0p25_0p40,final_known,core_087_seed_05,104395303,explicit_locked_manifest,not_evaluated,not_evaluated_due_to_H2_PASSIVE_CAPABILITY_SET_NOT_SUPPORTED
core_087,B,4,adequate,delay_only,severe,uniform_20_120_s,after,ramp,medium,random_dropout,low_0p25_0p40,final_known,core_087_seed_06,122949823,explicit_locked_manifest,not_evaluated,not_evaluated_due_to_H2_PASSIVE_CAPABILITY_SET_NOT_SUPPORTED
core_087,B,4,adequate,delay_only,severe,uniform_20_120_s,after,ramp,medium,random_dropout,low_0p25_0p40,final_known,core_087_seed_07,141650939,explicit_locked_manifest,not_evaluated,not_evaluated_due_to_H2_PASSIVE_CAPABILITY_SET_NOT_SUPPORTED
core_087,B,4,adequate,delay_only,severe,uniform_20_120_s,after,ramp,medium,random_dropout,low_0p25_0p40,final_known,core_087_seed_08,160481183,explicit_locked_manifest,not_evaluated,not_evaluated_due_to_H2_PASSIVE_CAPABILITY_SET_NOT_SUPPORTED
core_087,B,4,adequate,delay_only,severe,uniform_20_120_s,after,ramp,medium,random_dropout,low_0p25_0p40,final_known,core_087_seed_09,179424673,explicit_locked_manifest,not_evaluated,not_evaluated_due_to_H2_PASSIVE_CAPABILITY_SET_NOT_SUPPORTED
core_087,B,4,adequate,delay_only,severe,uniform_20_120_s,after,ramp,medium,random_dropout,low_0p25_0p40,final_known,core_087_seed_10,198491317,explicit_locked_manifest,not_evaluated,not_evaluated_due_to_H2_PASSIVE_CAPABILITY_SET_NOT_SUPPORTED
core_087,B,4,adequate,delay_only,severe,uniform_20_120_s,after,ramp,medium,random_dropout,low_0p25_0p40,final_known,core_087_seed_11,217645199,explicit_locked_manifest,not_evaluated,not_evaluated_due_to_H2_PASSIVE_CAPABILITY_SET_NOT_SUPPORTED
core_087,B,4,adequate,delay_only,severe,uniform_20_120_s,after,ramp,medium,random_dropout,low_0p25_0p40,final_known,core_087_seed_12,236887699,explicit_locked_manifest,not_evaluated,not_evaluated_due_to_H2_PASSIVE_CAPABILITY_SET_NOT_SUPPORTED
core_087,B,4,adequate,delay_only,severe,uniform_20_120_s,after,ramp,medium,random_dropout,low_0p25_0p40,final_known,core_087_seed_13,256203221,explicit_locked_manifest,not_evaluated,not_evaluated_due_to_H2_PASSIVE_CAPABILITY_SET_NOT_SUPPORTED
core_087,B,4,adequate,delay_only,severe,uniform_20_120_s,after,ramp,medium,random_dropout,low_0p25_0p40,final_known,core_087_seed_14,275604541,explicit_locked_manifest,not_evaluated,not_evaluated_due_to_H2_PASSIVE_CAPABILITY_SET_NOT_SUPPORTED
core_087,B,4,adequate,delay_only,severe,uniform_20_120_s,after,ramp,medium,random_dropout,low_0p25_0p40,final_known,core_087_seed_15,295075147,explicit_locked_manifest,not_evaluated,not_evaluated_due_to_H2_PASSIVE_CAPABILITY_SET_NOT_SUPPORTED
core_087,B,4,adequate,delay_only,severe,uniform_20_120_s,after,ramp,medium,random_dropout,low_0p25_0p40,final_known,core_087_seed_16,314606891,explicit_locked_manifest,not_evaluated,not_evaluated_due_to_H2_PASSIVE_CAPABILITY_SET_NOT_SUPPORTED
core_087,B,4,adequate,delay_only,severe,uniform_20_120_s,after,ramp,medium,random_dropout,low_0p25_0p40,final_known,core_087_seed_17,334214467,explicit_locked_manifest,not_evaluated,not_evaluated_due_to_H2_PASSIVE_CAPABILITY_SET_NOT_SUPPORTED
core_087,B,4,adequate,delay_only,severe,uniform_20_120_s,after,ramp,medium,random_dropout,low_0p25_0p40,final_known,core_087_seed_18,353868013,explicit_locked_manifest,not_evaluated,not_evaluated_due_to_H2_PASSIVE_CAPABILITY_SET_NOT_SUPPORTED
core_087,B,4,adequate,delay_only,severe,uniform_20_120_s,after,ramp,medium,random_dropout,low_0p25_0p40,final_known,core_087_seed_19,373587883,explicit_locked_manifest,not_evaluated,not_evaluated_due_to_H2_PASSIVE_CAPABILITY_SET_NOT_SUPPORTED
core_088,B,4,scarce,delay_only,severe,uniform_20_120_s,simultaneous,pulse,high,jitter,mid_0p45_0p60,final_known,core_088_seed_00,15485863,explicit_locked_manifest,not_evaluated,not_evaluated_due_to_H2_PASSIVE_CAPABILITY_SET_NOT_SUPPORTED
core_088,B,4,scarce,delay_only,severe,uniform_20_120_s,simultaneous,pulse,high,jitter,mid_0p45_0p60,final_known,core_088_seed_01,32452843,explicit_locked_manifest,not_evaluated,not_evaluated_due_to_H2_PASSIVE_CAPABILITY_SET_NOT_SUPPORTED
core_088,B,4,scarce,delay_only,severe,uniform_20_120_s,simultaneous,pulse,high,jitter,mid_0p45_0p60,final_known,core_088_seed_02,49979687,explicit_locked_manifest,not_evaluated,not_evaluated_due_to_H2_PASSIVE_CAPABILITY_SET_NOT_SUPPORTED
core_088,B,4,scarce,delay_only,severe,uniform_20_120_s,simultaneous,pulse,high,jitter,mid_0p45_0p60,final_known,core_088_seed_03,67867967,explicit_locked_manifest,not_evaluated,not_evaluated_due_to_H2_PASSIVE_CAPABILITY_SET_NOT_SUPPORTED
core_088,B,4,scarce,delay_only,severe,uniform_20_120_s,simultaneous,pulse,high,jitter,mid_0p45_0p60,final_known,core_088_seed_04,86028121,explicit_locked_manifest,not_evaluated,not_evaluated_due_to_H2_PASSIVE_CAPABILITY_SET_NOT_SUPPORTED
core_088,B,4,scarce,delay_only,severe,uniform_20_120_s,simultaneous,pulse,high,jitter,mid_0p45_0p60,final_known,core_088_seed_05,104395303,explicit_locked_manifest,not_evaluated,not_evaluated_due_to_H2_PASSIVE_CAPABILITY_SET_NOT_SUPPORTED
core_088,B,4,scarce,delay_only,severe,uniform_20_120_s,simultaneous,pulse,high,jitter,mid_0p45_0p60,final_known,core_088_seed_06,122949823,explicit_locked_manifest,not_evaluated,not_evaluated_due_to_H2_PASSIVE_CAPABILITY_SET_NOT_SUPPORTED
core_088,B,4,scarce,delay_only,severe,uniform_20_120_s,simultaneous,pulse,high,jitter,mid_0p45_0p60,final_known,core_088_seed_07,141650939,explicit_locked_manifest,not_evaluated,not_evaluated_due_to_H2_PASSIVE_CAPABILITY_SET_NOT_SUPPORTED
core_088,B,4,scarce,delay_only,severe,uniform_20_120_s,simultaneous,pulse,high,jitter,mid_0p45_0p60,final_known,core_088_seed_08,160481183,explicit_locked_manifest,not_evaluated,not_evaluated_due_to_H2_PASSIVE_CAPABILITY_SET_NOT_SUPPORTED
core_088,B,4,scarce,delay_only,severe,uniform_20_120_s,simultaneous,pulse,high,jitter,mid_0p45_0p60,final_known,core_088_seed_09,179424673,explicit_locked_manifest,not_evaluated,not_evaluated_due_to_H2_PASSIVE_CAPABILITY_SET_NOT_SUPPORTED
core_088,B,4,scarce,delay_only,severe,uniform_20_120_s,simultaneous,pulse,high,jitter,mid_0p45_0p60,final_known,core_088_seed_10,198491317,explicit_locked_manifest,not_evaluated,not_evaluated_due_to_H2_PASSIVE_CAPABILITY_SET_NOT_SUPPORTED
core_088,B,4,scarce,delay_only,severe,uniform_20_120_s,simultaneous,pulse,high,jitter,mid_0p45_0p60,final_known,core_088_seed_11,217645199,explicit_locked_manifest,not_evaluated,not_evaluated_due_to_H2_PASSIVE_CAPABILITY_SET_NOT_SUPPORTED
core_088,B,4,scarce,delay_only,severe,uniform_20_120_s,simultaneous,pulse,high,jitter,mid_0p45_0p60,final_known,core_088_seed_12,236887699,explicit_locked_manifest,not_evaluated,not_evaluated_due_to_H2_PASSIVE_CAPABILITY_SET_NOT_SUPPORTED
core_088,B,4,scarce,delay_only,severe,uniform_20_120_s,simultaneous,pulse,high,jitter,mid_0p45_0p60,final_known,core_088_seed_13,256203221,explicit_locked_manifest,not_evaluated,not_evaluated_due_to_H2_PASSIVE_CAPABILITY_SET_NOT_SUPPORTED
core_088,B,4,scarce,delay_only,severe,uniform_20_120_s,simultaneous,pulse,high,jitter,mid_0p45_0p60,final_known,core_088_seed_14,275604541,explicit_locked_manifest,not_evaluated,not_evaluated_due_to_H2_PASSIVE_CAPABILITY_SET_NOT_SUPPORTED
core_088,B,4,scarce,delay_only,severe,uniform_20_120_s,simultaneous,pulse,high,jitter,mid_0p45_0p60,final_known,core_088_seed_15,295075147,explicit_locked_manifest,not_evaluated,not_evaluated_due_to_H2_PASSIVE_CAPABILITY_SET_NOT_SUPPORTED
core_088,B,4,scarce,delay_only,severe,uniform_20_120_s,simultaneous,pulse,high,jitter,mid_0p45_0p60,final_known,core_088_seed_16,314606891,explicit_locked_manifest,not_evaluated,not_evaluated_due_to_H2_PASSIVE_CAPABILITY_SET_NOT_SUPPORTED
core_088,B,4,scarce,delay_only,severe,uniform_20_120_s,simultaneous,pulse,high,jitter,mid_0p45_0p60,final_known,core_088_seed_17,334214467,explicit_locked_manifest,not_evaluated,not_evaluated_due_to_H2_PASSIVE_CAPABILITY_SET_NOT_SUPPORTED
core_088,B,4,scarce,delay_only,severe,uniform_20_120_s,simultaneous,pulse,high,jitter,mid_0p45_0p60,final_known,core_088_seed_18,353868013,explicit_locked_manifest,not_evaluated,not_evaluated_due_to_H2_PASSIVE_CAPABILITY_SET_NOT_SUPPORTED
core_088,B,4,scarce,delay_only,severe,uniform_20_120_s,simultaneous,pulse,high,jitter,mid_0p45_0p60,final_known,core_088_seed_19,373587883,explicit_locked_manifest,not_evaluated,not_evaluated_due_to_H2_PASSIVE_CAPABILITY_SET_NOT_SUPPORTED
core_089,B,4,critical,delay_only,severe,uniform_20_120_s,before,stochastic_net_load,low,normal,high_0p65_0p80,final_known,core_089_seed_00,15485863,explicit_locked_manifest,not_evaluated,not_evaluated_due_to_H2_PASSIVE_CAPABILITY_SET_NOT_SUPPORTED
core_089,B,4,critical,delay_only,severe,uniform_20_120_s,before,stochastic_net_load,low,normal,high_0p65_0p80,final_known,core_089_seed_01,32452843,explicit_locked_manifest,not_evaluated,not_evaluated_due_to_H2_PASSIVE_CAPABILITY_SET_NOT_SUPPORTED
core_089,B,4,critical,delay_only,severe,uniform_20_120_s,before,stochastic_net_load,low,normal,high_0p65_0p80,final_known,core_089_seed_02,49979687,explicit_locked_manifest,not_evaluated,not_evaluated_due_to_H2_PASSIVE_CAPABILITY_SET_NOT_SUPPORTED
core_089,B,4,critical,delay_only,severe,uniform_20_120_s,before,stochastic_net_load,low,normal,high_0p65_0p80,final_known,core_089_seed_03,67867967,explicit_locked_manifest,not_evaluated,not_evaluated_due_to_H2_PASSIVE_CAPABILITY_SET_NOT_SUPPORTED
core_089,B,4,critical,delay_only,severe,uniform_20_120_s,before,stochastic_net_load,low,normal,high_0p65_0p80,final_known,core_089_seed_04,86028121,explicit_locked_manifest,not_evaluated,not_evaluated_due_to_H2_PASSIVE_CAPABILITY_SET_NOT_SUPPORTED
core_089,B,4,critical,delay_only,severe,uniform_20_120_s,before,stochastic_net_load,low,normal,high_0p65_0p80,final_known,core_089_seed_05,104395303,explicit_locked_manifest,not_evaluated,not_evaluated_due_to_H2_PASSIVE_CAPABILITY_SET_NOT_SUPPORTED
core_089,B,4,critical,delay_only,severe,uniform_20_120_s,before,stochastic_net_load,low,normal,high_0p65_0p80,final_known,core_089_seed_06,122949823,explicit_locked_manifest,not_evaluated,not_evaluated_due_to_H2_PASSIVE_CAPABILITY_SET_NOT_SUPPORTED
core_089,B,4,critical,delay_only,severe,uniform_20_120_s,before,stochastic_net_load,low,normal,high_0p65_0p80,final_known,core_089_seed_07,141650939,explicit_locked_manifest,not_evaluated,not_evaluated_due_to_H2_PASSIVE_CAPABILITY_SET_NOT_SUPPORTED
core_089,B,4,critical,delay_only,severe,uniform_20_120_s,before,stochastic_net_load,low,normal,high_0p65_0p80,final_known,core_089_seed_08,160481183,explicit_locked_manifest,not_evaluated,not_evaluated_due_to_H2_PASSIVE_CAPABILITY_SET_NOT_SUPPORTED
core_089,B,4,critical,delay_only,severe,uniform_20_120_s,before,stochastic_net_load,low,normal,high_0p65_0p80,final_known,core_089_seed_09,179424673,explicit_locked_manifest,not_evaluated,not_evaluated_due_to_H2_PASSIVE_CAPABILITY_SET_NOT_SUPPORTED
core_089,B,4,critical,delay_only,severe,uniform_20_120_s,before,stochastic_net_load,low,normal,high_0p65_0p80,final_known,core_089_seed_10,198491317,explicit_locked_manifest,not_evaluated,not_evaluated_due_to_H2_PASSIVE_CAPABILITY_SET_NOT_SUPPORTED
core_089,B,4,critical,delay_only,severe,uniform_20_120_s,before,stochastic_net_load,low,normal,high_0p65_0p80,final_known,core_089_seed_11,217645199,explicit_locked_manifest,not_evaluated,not_evaluated_due_to_H2_PASSIVE_CAPABILITY_SET_NOT_SUPPORTED
core_089,B,4,critical,delay_only,severe,uniform_20_120_s,before,stochastic_net_load,low,normal,high_0p65_0p80,final_known,core_089_seed_12,236887699,explicit_locked_manifest,not_evaluated,not_evaluated_due_to_H2_PASSIVE_CAPABILITY_SET_NOT_SUPPORTED
core_089,B,4,critical,delay_only,severe,uniform_20_120_s,before,stochastic_net_load,low,normal,high_0p65_0p80,final_known,core_089_seed_13,256203221,explicit_locked_manifest,not_evaluated,not_evaluated_due_to_H2_PASSIVE_CAPABILITY_SET_NOT_SUPPORTED
core_089,B,4,critical,delay_only,severe,uniform_20_120_s,before,stochastic_net_load,low,normal,high_0p65_0p80,final_known,core_089_seed_14,275604541,explicit_locked_manifest,not_evaluated,not_evaluated_due_to_H2_PASSIVE_CAPABILITY_SET_NOT_SUPPORTED
core_089,B,4,critical,delay_only,severe,uniform_20_120_s,before,stochastic_net_load,low,normal,high_0p65_0p80,final_known,core_089_seed_15,295075147,explicit_locked_manifest,not_evaluated,not_evaluated_due_to_H2_PASSIVE_CAPABILITY_SET_NOT_SUPPORTED
core_089,B,4,critical,delay_only,severe,uniform_20_120_s,before,stochastic_net_load,low,normal,high_0p65_0p80,final_known,core_089_seed_16,314606891,explicit_locked_manifest,not_evaluated,not_evaluated_due_to_H2_PASSIVE_CAPABILITY_SET_NOT_SUPPORTED
core_089,B,4,critical,delay_only,severe,uniform_20_120_s,before,stochastic_net_load,low,normal,high_0p65_0p80,final_known,core_089_seed_17,334214467,explicit_locked_manifest,not_evaluated,not_evaluated_due_to_H2_PASSIVE_CAPABILITY_SET_NOT_SUPPORTED
core_089,B,4,critical,delay_only,severe,uniform_20_120_s,before,stochastic_net_load,low,normal,high_0p65_0p80,final_known,core_089_seed_18,353868013,explicit_locked_manifest,not_evaluated,not_evaluated_due_to_H2_PASSIVE_CAPABILITY_SET_NOT_SUPPORTED
core_089,B,4,critical,delay_only,severe,uniform_20_120_s,before,stochastic_net_load,low,normal,high_0p65_0p80,final_known,core_089_seed_19,373587883,explicit_locked_manifest,not_evaluated,not_evaluated_due_to_H2_PASSIVE_CAPABILITY_SET_NOT_SUPPORTED
core_090,B,2,adequate,energy_only,mild,uniform_20_120_s,no_incident,step,medium,random_dropout,low_0p25_0p40,final_known,core_090_seed_00,15485863,explicit_locked_manifest,not_evaluated,not_evaluated_due_to_H2_PASSIVE_CAPABILITY_SET_NOT_SUPPORTED
core_090,B,2,adequate,energy_only,mild,uniform_20_120_s,no_incident,step,medium,random_dropout,low_0p25_0p40,final_known,core_090_seed_01,32452843,explicit_locked_manifest,not_evaluated,not_evaluated_due_to_H2_PASSIVE_CAPABILITY_SET_NOT_SUPPORTED
core_090,B,2,adequate,energy_only,mild,uniform_20_120_s,no_incident,step,medium,random_dropout,low_0p25_0p40,final_known,core_090_seed_02,49979687,explicit_locked_manifest,not_evaluated,not_evaluated_due_to_H2_PASSIVE_CAPABILITY_SET_NOT_SUPPORTED
core_090,B,2,adequate,energy_only,mild,uniform_20_120_s,no_incident,step,medium,random_dropout,low_0p25_0p40,final_known,core_090_seed_03,67867967,explicit_locked_manifest,not_evaluated,not_evaluated_due_to_H2_PASSIVE_CAPABILITY_SET_NOT_SUPPORTED
core_090,B,2,adequate,energy_only,mild,uniform_20_120_s,no_incident,step,medium,random_dropout,low_0p25_0p40,final_known,core_090_seed_04,86028121,explicit_locked_manifest,not_evaluated,not_evaluated_due_to_H2_PASSIVE_CAPABILITY_SET_NOT_SUPPORTED
core_090,B,2,adequate,energy_only,mild,uniform_20_120_s,no_incident,step,medium,random_dropout,low_0p25_0p40,final_known,core_090_seed_05,104395303,explicit_locked_manifest,not_evaluated,not_evaluated_due_to_H2_PASSIVE_CAPABILITY_SET_NOT_SUPPORTED
core_090,B,2,adequate,energy_only,mild,uniform_20_120_s,no_incident,step,medium,random_dropout,low_0p25_0p40,final_known,core_090_seed_06,122949823,explicit_locked_manifest,not_evaluated,not_evaluated_due_to_H2_PASSIVE_CAPABILITY_SET_NOT_SUPPORTED
core_090,B,2,adequate,energy_only,mild,uniform_20_120_s,no_incident,step,medium,random_dropout,low_0p25_0p40,final_known,core_090_seed_07,141650939,explicit_locked_manifest,not_evaluated,not_evaluated_due_to_H2_PASSIVE_CAPABILITY_SET_NOT_SUPPORTED
core_090,B,2,adequate,energy_only,mild,uniform_20_120_s,no_incident,step,medium,random_dropout,low_0p25_0p40,final_known,core_090_seed_08,160481183,explicit_locked_manifest,not_evaluated,not_evaluated_due_to_H2_PASSIVE_CAPABILITY_SET_NOT_SUPPORTED
core_090,B,2,adequate,energy_only,mild,uniform_20_120_s,no_incident,step,medium,random_dropout,low_0p25_0p40,final_known,core_090_seed_09,179424673,explicit_locked_manifest,not_evaluated,not_evaluated_due_to_H2_PASSIVE_CAPABILITY_SET_NOT_SUPPORTED
core_090,B,2,adequate,energy_only,mild,uniform_20_120_s,no_incident,step,medium,random_dropout,low_0p25_0p40,final_known,core_090_seed_10,198491317,explicit_locked_manifest,not_evaluated,not_evaluated_due_to_H2_PASSIVE_CAPABILITY_SET_NOT_SUPPORTED
core_090,B,2,adequate,energy_only,mild,uniform_20_120_s,no_incident,step,medium,random_dropout,low_0p25_0p40,final_known,core_090_seed_11,217645199,explicit_locked_manifest,not_evaluated,not_evaluated_due_to_H2_PASSIVE_CAPABILITY_SET_NOT_SUPPORTED
core_090,B,2,adequate,energy_only,mild,uniform_20_120_s,no_incident,step,medium,random_dropout,low_0p25_0p40,final_known,core_090_seed_12,236887699,explicit_locked_manifest,not_evaluated,not_evaluated_due_to_H2_PASSIVE_CAPABILITY_SET_NOT_SUPPORTED
core_090,B,2,adequate,energy_only,mild,uniform_20_120_s,no_incident,step,medium,random_dropout,low_0p25_0p40,final_known,core_090_seed_13,256203221,explicit_locked_manifest,not_evaluated,not_evaluated_due_to_H2_PASSIVE_CAPABILITY_SET_NOT_SUPPORTED
core_090,B,2,adequate,energy_only,mild,uniform_20_120_s,no_incident,step,medium,random_dropout,low_0p25_0p40,final_known,core_090_seed_14,275604541,explicit_locked_manifest,not_evaluated,not_evaluated_due_to_H2_PASSIVE_CAPABILITY_SET_NOT_SUPPORTED
core_090,B,2,adequate,energy_only,mild,uniform_20_120_s,no_incident,step,medium,random_dropout,low_0p25_0p40,final_known,core_090_seed_15,295075147,explicit_locked_manifest,not_evaluated,not_evaluated_due_to_H2_PASSIVE_CAPABILITY_SET_NOT_SUPPORTED
core_090,B,2,adequate,energy_only,mild,uniform_20_120_s,no_incident,step,medium,random_dropout,low_0p25_0p40,final_known,core_090_seed_16,314606891,explicit_locked_manifest,not_evaluated,not_evaluated_due_to_H2_PASSIVE_CAPABILITY_SET_NOT_SUPPORTED
core_090,B,2,adequate,energy_only,mild,uniform_20_120_s,no_incident,step,medium,random_dropout,low_0p25_0p40,final_known,core_090_seed_17,334214467,explicit_locked_manifest,not_evaluated,not_evaluated_due_to_H2_PASSIVE_CAPABILITY_SET_NOT_SUPPORTED
core_090,B,2,adequate,energy_only,mild,uniform_20_120_s,no_incident,step,medium,random_dropout,low_0p25_0p40,final_known,core_090_seed_18,353868013,explicit_locked_manifest,not_evaluated,not_evaluated_due_to_H2_PASSIVE_CAPABILITY_SET_NOT_SUPPORTED
core_090,B,2,adequate,energy_only,mild,uniform_20_120_s,no_incident,step,medium,random_dropout,low_0p25_0p40,final_known,core_090_seed_19,373587883,explicit_locked_manifest,not_evaluated,not_evaluated_due_to_H2_PASSIVE_CAPABILITY_SET_NOT_SUPPORTED
core_091,B,2,scarce,energy_only,mild,uniform_20_120_s,after,ramp,high,jitter,mid_0p45_0p60,final_known,core_091_seed_00,15485863,explicit_locked_manifest,not_evaluated,not_evaluated_due_to_H2_PASSIVE_CAPABILITY_SET_NOT_SUPPORTED
core_091,B,2,scarce,energy_only,mild,uniform_20_120_s,after,ramp,high,jitter,mid_0p45_0p60,final_known,core_091_seed_01,32452843,explicit_locked_manifest,not_evaluated,not_evaluated_due_to_H2_PASSIVE_CAPABILITY_SET_NOT_SUPPORTED
core_091,B,2,scarce,energy_only,mild,uniform_20_120_s,after,ramp,high,jitter,mid_0p45_0p60,final_known,core_091_seed_02,49979687,explicit_locked_manifest,not_evaluated,not_evaluated_due_to_H2_PASSIVE_CAPABILITY_SET_NOT_SUPPORTED
core_091,B,2,scarce,energy_only,mild,uniform_20_120_s,after,ramp,high,jitter,mid_0p45_0p60,final_known,core_091_seed_03,67867967,explicit_locked_manifest,not_evaluated,not_evaluated_due_to_H2_PASSIVE_CAPABILITY_SET_NOT_SUPPORTED
core_091,B,2,scarce,energy_only,mild,uniform_20_120_s,after,ramp,high,jitter,mid_0p45_0p60,final_known,core_091_seed_04,86028121,explicit_locked_manifest,not_evaluated,not_evaluated_due_to_H2_PASSIVE_CAPABILITY_SET_NOT_SUPPORTED
core_091,B,2,scarce,energy_only,mild,uniform_20_120_s,after,ramp,high,jitter,mid_0p45_0p60,final_known,core_091_seed_05,104395303,explicit_locked_manifest,not_evaluated,not_evaluated_due_to_H2_PASSIVE_CAPABILITY_SET_NOT_SUPPORTED
core_091,B,2,scarce,energy_only,mild,uniform_20_120_s,after,ramp,high,jitter,mid_0p45_0p60,final_known,core_091_seed_06,122949823,explicit_locked_manifest,not_evaluated,not_evaluated_due_to_H2_PASSIVE_CAPABILITY_SET_NOT_SUPPORTED
core_091,B,2,scarce,energy_only,mild,uniform_20_120_s,after,ramp,high,jitter,mid_0p45_0p60,final_known,core_091_seed_07,141650939,explicit_locked_manifest,not_evaluated,not_evaluated_due_to_H2_PASSIVE_CAPABILITY_SET_NOT_SUPPORTED
core_091,B,2,scarce,energy_only,mild,uniform_20_120_s,after,ramp,high,jitter,mid_0p45_0p60,final_known,core_091_seed_08,160481183,explicit_locked_manifest,not_evaluated,not_evaluated_due_to_H2_PASSIVE_CAPABILITY_SET_NOT_SUPPORTED
core_091,B,2,scarce,energy_only,mild,uniform_20_120_s,after,ramp,high,jitter,mid_0p45_0p60,final_known,core_091_seed_09,179424673,explicit_locked_manifest,not_evaluated,not_evaluated_due_to_H2_PASSIVE_CAPABILITY_SET_NOT_SUPPORTED
core_091,B,2,scarce,energy_only,mild,uniform_20_120_s,after,ramp,high,jitter,mid_0p45_0p60,final_known,core_091_seed_10,198491317,explicit_locked_manifest,not_evaluated,not_evaluated_due_to_H2_PASSIVE_CAPABILITY_SET_NOT_SUPPORTED
core_091,B,2,scarce,energy_only,mild,uniform_20_120_s,after,ramp,high,jitter,mid_0p45_0p60,final_known,core_091_seed_11,217645199,explicit_locked_manifest,not_evaluated,not_evaluated_due_to_H2_PASSIVE_CAPABILITY_SET_NOT_SUPPORTED
core_091,B,2,scarce,energy_only,mild,uniform_20_120_s,after,ramp,high,jitter,mid_0p45_0p60,final_known,core_091_seed_12,236887699,explicit_locked_manifest,not_evaluated,not_evaluated_due_to_H2_PASSIVE_CAPABILITY_SET_NOT_SUPPORTED
core_091,B,2,scarce,energy_only,mild,uniform_20_120_s,after,ramp,high,jitter,mid_0p45_0p60,final_known,core_091_seed_13,256203221,explicit_locked_manifest,not_evaluated,not_evaluated_due_to_H2_PASSIVE_CAPABILITY_SET_NOT_SUPPORTED
core_091,B,2,scarce,energy_only,mild,uniform_20_120_s,after,ramp,high,jitter,mid_0p45_0p60,final_known,core_091_seed_14,275604541,explicit_locked_manifest,not_evaluated,not_evaluated_due_to_H2_PASSIVE_CAPABILITY_SET_NOT_SUPPORTED
core_091,B,2,scarce,energy_only,mild,uniform_20_120_s,after,ramp,high,jitter,mid_0p45_0p60,final_known,core_091_seed_15,295075147,explicit_locked_manifest,not_evaluated,not_evaluated_due_to_H2_PASSIVE_CAPABILITY_SET_NOT_SUPPORTED
core_091,B,2,scarce,energy_only,mild,uniform_20_120_s,after,ramp,high,jitter,mid_0p45_0p60,final_known,core_091_seed_16,314606891,explicit_locked_manifest,not_evaluated,not_evaluated_due_to_H2_PASSIVE_CAPABILITY_SET_NOT_SUPPORTED
core_091,B,2,scarce,energy_only,mild,uniform_20_120_s,after,ramp,high,jitter,mid_0p45_0p60,final_known,core_091_seed_17,334214467,explicit_locked_manifest,not_evaluated,not_evaluated_due_to_H2_PASSIVE_CAPABILITY_SET_NOT_SUPPORTED
core_091,B,2,scarce,energy_only,mild,uniform_20_120_s,after,ramp,high,jitter,mid_0p45_0p60,final_known,core_091_seed_18,353868013,explicit_locked_manifest,not_evaluated,not_evaluated_due_to_H2_PASSIVE_CAPABILITY_SET_NOT_SUPPORTED
core_091,B,2,scarce,energy_only,mild,uniform_20_120_s,after,ramp,high,jitter,mid_0p45_0p60,final_known,core_091_seed_19,373587883,explicit_locked_manifest,not_evaluated,not_evaluated_due_to_H2_PASSIVE_CAPABILITY_SET_NOT_SUPPORTED
core_092,B,2,critical,energy_only,mild,uniform_20_120_s,simultaneous,pulse,low,normal,high_0p65_0p80,final_known,core_092_seed_00,15485863,explicit_locked_manifest,not_evaluated,not_evaluated_due_to_H2_PASSIVE_CAPABILITY_SET_NOT_SUPPORTED
core_092,B,2,critical,energy_only,mild,uniform_20_120_s,simultaneous,pulse,low,normal,high_0p65_0p80,final_known,core_092_seed_01,32452843,explicit_locked_manifest,not_evaluated,not_evaluated_due_to_H2_PASSIVE_CAPABILITY_SET_NOT_SUPPORTED
core_092,B,2,critical,energy_only,mild,uniform_20_120_s,simultaneous,pulse,low,normal,high_0p65_0p80,final_known,core_092_seed_02,49979687,explicit_locked_manifest,not_evaluated,not_evaluated_due_to_H2_PASSIVE_CAPABILITY_SET_NOT_SUPPORTED
core_092,B,2,critical,energy_only,mild,uniform_20_120_s,simultaneous,pulse,low,normal,high_0p65_0p80,final_known,core_092_seed_03,67867967,explicit_locked_manifest,not_evaluated,not_evaluated_due_to_H2_PASSIVE_CAPABILITY_SET_NOT_SUPPORTED
core_092,B,2,critical,energy_only,mild,uniform_20_120_s,simultaneous,pulse,low,normal,high_0p65_0p80,final_known,core_092_seed_04,86028121,explicit_locked_manifest,not_evaluated,not_evaluated_due_to_H2_PASSIVE_CAPABILITY_SET_NOT_SUPPORTED
core_092,B,2,critical,energy_only,mild,uniform_20_120_s,simultaneous,pulse,low,normal,high_0p65_0p80,final_known,core_092_seed_05,104395303,explicit_locked_manifest,not_evaluated,not_evaluated_due_to_H2_PASSIVE_CAPABILITY_SET_NOT_SUPPORTED
core_092,B,2,critical,energy_only,mild,uniform_20_120_s,simultaneous,pulse,low,normal,high_0p65_0p80,final_known,core_092_seed_06,122949823,explicit_locked_manifest,not_evaluated,not_evaluated_due_to_H2_PASSIVE_CAPABILITY_SET_NOT_SUPPORTED
core_092,B,2,critical,energy_only,mild,uniform_20_120_s,simultaneous,pulse,low,normal,high_0p65_0p80,final_known,core_092_seed_07,141650939,explicit_locked_manifest,not_evaluated,not_evaluated_due_to_H2_PASSIVE_CAPABILITY_SET_NOT_SUPPORTED
core_092,B,2,critical,energy_only,mild,uniform_20_120_s,simultaneous,pulse,low,normal,high_0p65_0p80,final_known,core_092_seed_08,160481183,explicit_locked_manifest,not_evaluated,not_evaluated_due_to_H2_PASSIVE_CAPABILITY_SET_NOT_SUPPORTED
core_092,B,2,critical,energy_only,mild,uniform_20_120_s,simultaneous,pulse,low,normal,high_0p65_0p80,final_known,core_092_seed_09,179424673,explicit_locked_manifest,not_evaluated,not_evaluated_due_to_H2_PASSIVE_CAPABILITY_SET_NOT_SUPPORTED
core_092,B,2,critical,energy_only,mild,uniform_20_120_s,simultaneous,pulse,low,normal,high_0p65_0p80,final_known,core_092_seed_10,198491317,explicit_locked_manifest,not_evaluated,not_evaluated_due_to_H2_PASSIVE_CAPABILITY_SET_NOT_SUPPORTED
core_092,B,2,critical,energy_only,mild,uniform_20_120_s,simultaneous,pulse,low,normal,high_0p65_0p80,final_known,core_092_seed_11,217645199,explicit_locked_manifest,not_evaluated,not_evaluated_due_to_H2_PASSIVE_CAPABILITY_SET_NOT_SUPPORTED
core_092,B,2,critical,energy_only,mild,uniform_20_120_s,simultaneous,pulse,low,normal,high_0p65_0p80,final_known,core_092_seed_12,236887699,explicit_locked_manifest,not_evaluated,not_evaluated_due_to_H2_PASSIVE_CAPABILITY_SET_NOT_SUPPORTED
core_092,B,2,critical,energy_only,mild,uniform_20_120_s,simultaneous,pulse,low,normal,high_0p65_0p80,final_known,core_092_seed_13,256203221,explicit_locked_manifest,not_evaluated,not_evaluated_due_to_H2_PASSIVE_CAPABILITY_SET_NOT_SUPPORTED
core_092,B,2,critical,energy_only,mild,uniform_20_120_s,simultaneous,pulse,low,normal,high_0p65_0p80,final_known,core_092_seed_14,275604541,explicit_locked_manifest,not_evaluated,not_evaluated_due_to_H2_PASSIVE_CAPABILITY_SET_NOT_SUPPORTED
core_092,B,2,critical,energy_only,mild,uniform_20_120_s,simultaneous,pulse,low,normal,high_0p65_0p80,final_known,core_092_seed_15,295075147,explicit_locked_manifest,not_evaluated,not_evaluated_due_to_H2_PASSIVE_CAPABILITY_SET_NOT_SUPPORTED
core_092,B,2,critical,energy_only,mild,uniform_20_120_s,simultaneous,pulse,low,normal,high_0p65_0p80,final_known,core_092_seed_16,314606891,explicit_locked_manifest,not_evaluated,not_evaluated_due_to_H2_PASSIVE_CAPABILITY_SET_NOT_SUPPORTED
core_092,B,2,critical,energy_only,mild,uniform_20_120_s,simultaneous,pulse,low,normal,high_0p65_0p80,final_known,core_092_seed_17,334214467,explicit_locked_manifest,not_evaluated,not_evaluated_due_to_H2_PASSIVE_CAPABILITY_SET_NOT_SUPPORTED
core_092,B,2,critical,energy_only,mild,uniform_20_120_s,simultaneous,pulse,low,normal,high_0p65_0p80,final_known,core_092_seed_18,353868013,explicit_locked_manifest,not_evaluated,not_evaluated_due_to_H2_PASSIVE_CAPABILITY_SET_NOT_SUPPORTED
core_092,B,2,critical,energy_only,mild,uniform_20_120_s,simultaneous,pulse,low,normal,high_0p65_0p80,final_known,core_092_seed_19,373587883,explicit_locked_manifest,not_evaluated,not_evaluated_due_to_H2_PASSIVE_CAPABILITY_SET_NOT_SUPPORTED
core_093,B,4,adequate,energy_only,medium,uniform_20_120_s,before,stochastic_net_load,medium,random_dropout,low_0p25_0p40,final_known,core_093_seed_00,15485863,explicit_locked_manifest,not_evaluated,not_evaluated_due_to_H2_PASSIVE_CAPABILITY_SET_NOT_SUPPORTED
core_093,B,4,adequate,energy_only,medium,uniform_20_120_s,before,stochastic_net_load,medium,random_dropout,low_0p25_0p40,final_known,core_093_seed_01,32452843,explicit_locked_manifest,not_evaluated,not_evaluated_due_to_H2_PASSIVE_CAPABILITY_SET_NOT_SUPPORTED
core_093,B,4,adequate,energy_only,medium,uniform_20_120_s,before,stochastic_net_load,medium,random_dropout,low_0p25_0p40,final_known,core_093_seed_02,49979687,explicit_locked_manifest,not_evaluated,not_evaluated_due_to_H2_PASSIVE_CAPABILITY_SET_NOT_SUPPORTED
core_093,B,4,adequate,energy_only,medium,uniform_20_120_s,before,stochastic_net_load,medium,random_dropout,low_0p25_0p40,final_known,core_093_seed_03,67867967,explicit_locked_manifest,not_evaluated,not_evaluated_due_to_H2_PASSIVE_CAPABILITY_SET_NOT_SUPPORTED
core_093,B,4,adequate,energy_only,medium,uniform_20_120_s,before,stochastic_net_load,medium,random_dropout,low_0p25_0p40,final_known,core_093_seed_04,86028121,explicit_locked_manifest,not_evaluated,not_evaluated_due_to_H2_PASSIVE_CAPABILITY_SET_NOT_SUPPORTED
core_093,B,4,adequate,energy_only,medium,uniform_20_120_s,before,stochastic_net_load,medium,random_dropout,low_0p25_0p40,final_known,core_093_seed_05,104395303,explicit_locked_manifest,not_evaluated,not_evaluated_due_to_H2_PASSIVE_CAPABILITY_SET_NOT_SUPPORTED
core_093,B,4,adequate,energy_only,medium,uniform_20_120_s,before,stochastic_net_load,medium,random_dropout,low_0p25_0p40,final_known,core_093_seed_06,122949823,explicit_locked_manifest,not_evaluated,not_evaluated_due_to_H2_PASSIVE_CAPABILITY_SET_NOT_SUPPORTED
core_093,B,4,adequate,energy_only,medium,uniform_20_120_s,before,stochastic_net_load,medium,random_dropout,low_0p25_0p40,final_known,core_093_seed_07,141650939,explicit_locked_manifest,not_evaluated,not_evaluated_due_to_H2_PASSIVE_CAPABILITY_SET_NOT_SUPPORTED
core_093,B,4,adequate,energy_only,medium,uniform_20_120_s,before,stochastic_net_load,medium,random_dropout,low_0p25_0p40,final_known,core_093_seed_08,160481183,explicit_locked_manifest,not_evaluated,not_evaluated_due_to_H2_PASSIVE_CAPABILITY_SET_NOT_SUPPORTED
core_093,B,4,adequate,energy_only,medium,uniform_20_120_s,before,stochastic_net_load,medium,random_dropout,low_0p25_0p40,final_known,core_093_seed_09,179424673,explicit_locked_manifest,not_evaluated,not_evaluated_due_to_H2_PASSIVE_CAPABILITY_SET_NOT_SUPPORTED
core_093,B,4,adequate,energy_only,medium,uniform_20_120_s,before,stochastic_net_load,medium,random_dropout,low_0p25_0p40,final_known,core_093_seed_10,198491317,explicit_locked_manifest,not_evaluated,not_evaluated_due_to_H2_PASSIVE_CAPABILITY_SET_NOT_SUPPORTED
core_093,B,4,adequate,energy_only,medium,uniform_20_120_s,before,stochastic_net_load,medium,random_dropout,low_0p25_0p40,final_known,core_093_seed_11,217645199,explicit_locked_manifest,not_evaluated,not_evaluated_due_to_H2_PASSIVE_CAPABILITY_SET_NOT_SUPPORTED
core_093,B,4,adequate,energy_only,medium,uniform_20_120_s,before,stochastic_net_load,medium,random_dropout,low_0p25_0p40,final_known,core_093_seed_12,236887699,explicit_locked_manifest,not_evaluated,not_evaluated_due_to_H2_PASSIVE_CAPABILITY_SET_NOT_SUPPORTED
core_093,B,4,adequate,energy_only,medium,uniform_20_120_s,before,stochastic_net_load,medium,random_dropout,low_0p25_0p40,final_known,core_093_seed_13,256203221,explicit_locked_manifest,not_evaluated,not_evaluated_due_to_H2_PASSIVE_CAPABILITY_SET_NOT_SUPPORTED
core_093,B,4,adequate,energy_only,medium,uniform_20_120_s,before,stochastic_net_load,medium,random_dropout,low_0p25_0p40,final_known,core_093_seed_14,275604541,explicit_locked_manifest,not_evaluated,not_evaluated_due_to_H2_PASSIVE_CAPABILITY_SET_NOT_SUPPORTED
core_093,B,4,adequate,energy_only,medium,uniform_20_120_s,before,stochastic_net_load,medium,random_dropout,low_0p25_0p40,final_known,core_093_seed_15,295075147,explicit_locked_manifest,not_evaluated,not_evaluated_due_to_H2_PASSIVE_CAPABILITY_SET_NOT_SUPPORTED
core_093,B,4,adequate,energy_only,medium,uniform_20_120_s,before,stochastic_net_load,medium,random_dropout,low_0p25_0p40,final_known,core_093_seed_16,314606891,explicit_locked_manifest,not_evaluated,not_evaluated_due_to_H2_PASSIVE_CAPABILITY_SET_NOT_SUPPORTED
core_093,B,4,adequate,energy_only,medium,uniform_20_120_s,before,stochastic_net_load,medium,random_dropout,low_0p25_0p40,final_known,core_093_seed_17,334214467,explicit_locked_manifest,not_evaluated,not_evaluated_due_to_H2_PASSIVE_CAPABILITY_SET_NOT_SUPPORTED
core_093,B,4,adequate,energy_only,medium,uniform_20_120_s,before,stochastic_net_load,medium,random_dropout,low_0p25_0p40,final_known,core_093_seed_18,353868013,explicit_locked_manifest,not_evaluated,not_evaluated_due_to_H2_PASSIVE_CAPABILITY_SET_NOT_SUPPORTED
core_093,B,4,adequate,energy_only,medium,uniform_20_120_s,before,stochastic_net_load,medium,random_dropout,low_0p25_0p40,final_known,core_093_seed_19,373587883,explicit_locked_manifest,not_evaluated,not_evaluated_due_to_H2_PASSIVE_CAPABILITY_SET_NOT_SUPPORTED
core_094,B,4,scarce,energy_only,medium,uniform_20_120_s,no_incident,step,high,jitter,mid_0p45_0p60,final_known,core_094_seed_00,15485863,explicit_locked_manifest,not_evaluated,not_evaluated_due_to_H2_PASSIVE_CAPABILITY_SET_NOT_SUPPORTED
core_094,B,4,scarce,energy_only,medium,uniform_20_120_s,no_incident,step,high,jitter,mid_0p45_0p60,final_known,core_094_seed_01,32452843,explicit_locked_manifest,not_evaluated,not_evaluated_due_to_H2_PASSIVE_CAPABILITY_SET_NOT_SUPPORTED
core_094,B,4,scarce,energy_only,medium,uniform_20_120_s,no_incident,step,high,jitter,mid_0p45_0p60,final_known,core_094_seed_02,49979687,explicit_locked_manifest,not_evaluated,not_evaluated_due_to_H2_PASSIVE_CAPABILITY_SET_NOT_SUPPORTED
core_094,B,4,scarce,energy_only,medium,uniform_20_120_s,no_incident,step,high,jitter,mid_0p45_0p60,final_known,core_094_seed_03,67867967,explicit_locked_manifest,not_evaluated,not_evaluated_due_to_H2_PASSIVE_CAPABILITY_SET_NOT_SUPPORTED
core_094,B,4,scarce,energy_only,medium,uniform_20_120_s,no_incident,step,high,jitter,mid_0p45_0p60,final_known,core_094_seed_04,86028121,explicit_locked_manifest,not_evaluated,not_evaluated_due_to_H2_PASSIVE_CAPABILITY_SET_NOT_SUPPORTED
core_094,B,4,scarce,energy_only,medium,uniform_20_120_s,no_incident,step,high,jitter,mid_0p45_0p60,final_known,core_094_seed_05,104395303,explicit_locked_manifest,not_evaluated,not_evaluated_due_to_H2_PASSIVE_CAPABILITY_SET_NOT_SUPPORTED
core_094,B,4,scarce,energy_only,medium,uniform_20_120_s,no_incident,step,high,jitter,mid_0p45_0p60,final_known,core_094_seed_06,122949823,explicit_locked_manifest,not_evaluated,not_evaluated_due_to_H2_PASSIVE_CAPABILITY_SET_NOT_SUPPORTED
core_094,B,4,scarce,energy_only,medium,uniform_20_120_s,no_incident,step,high,jitter,mid_0p45_0p60,final_known,core_094_seed_07,141650939,explicit_locked_manifest,not_evaluated,not_evaluated_due_to_H2_PASSIVE_CAPABILITY_SET_NOT_SUPPORTED
core_094,B,4,scarce,energy_only,medium,uniform_20_120_s,no_incident,step,high,jitter,mid_0p45_0p60,final_known,core_094_seed_08,160481183,explicit_locked_manifest,not_evaluated,not_evaluated_due_to_H2_PASSIVE_CAPABILITY_SET_NOT_SUPPORTED
core_094,B,4,scarce,energy_only,medium,uniform_20_120_s,no_incident,step,high,jitter,mid_0p45_0p60,final_known,core_094_seed_09,179424673,explicit_locked_manifest,not_evaluated,not_evaluated_due_to_H2_PASSIVE_CAPABILITY_SET_NOT_SUPPORTED
core_094,B,4,scarce,energy_only,medium,uniform_20_120_s,no_incident,step,high,jitter,mid_0p45_0p60,final_known,core_094_seed_10,198491317,explicit_locked_manifest,not_evaluated,not_evaluated_due_to_H2_PASSIVE_CAPABILITY_SET_NOT_SUPPORTED
core_094,B,4,scarce,energy_only,medium,uniform_20_120_s,no_incident,step,high,jitter,mid_0p45_0p60,final_known,core_094_seed_11,217645199,explicit_locked_manifest,not_evaluated,not_evaluated_due_to_H2_PASSIVE_CAPABILITY_SET_NOT_SUPPORTED
core_094,B,4,scarce,energy_only,medium,uniform_20_120_s,no_incident,step,high,jitter,mid_0p45_0p60,final_known,core_094_seed_12,236887699,explicit_locked_manifest,not_evaluated,not_evaluated_due_to_H2_PASSIVE_CAPABILITY_SET_NOT_SUPPORTED
core_094,B,4,scarce,energy_only,medium,uniform_20_120_s,no_incident,step,high,jitter,mid_0p45_0p60,final_known,core_094_seed_13,256203221,explicit_locked_manifest,not_evaluated,not_evaluated_due_to_H2_PASSIVE_CAPABILITY_SET_NOT_SUPPORTED
core_094,B,4,scarce,energy_only,medium,uniform_20_120_s,no_incident,step,high,jitter,mid_0p45_0p60,final_known,core_094_seed_14,275604541,explicit_locked_manifest,not_evaluated,not_evaluated_due_to_H2_PASSIVE_CAPABILITY_SET_NOT_SUPPORTED
core_094,B,4,scarce,energy_only,medium,uniform_20_120_s,no_incident,step,high,jitter,mid_0p45_0p60,final_known,core_094_seed_15,295075147,explicit_locked_manifest,not_evaluated,not_evaluated_due_to_H2_PASSIVE_CAPABILITY_SET_NOT_SUPPORTED
core_094,B,4,scarce,energy_only,medium,uniform_20_120_s,no_incident,step,high,jitter,mid_0p45_0p60,final_known,core_094_seed_16,314606891,explicit_locked_manifest,not_evaluated,not_evaluated_due_to_H2_PASSIVE_CAPABILITY_SET_NOT_SUPPORTED
core_094,B,4,scarce,energy_only,medium,uniform_20_120_s,no_incident,step,high,jitter,mid_0p45_0p60,final_known,core_094_seed_17,334214467,explicit_locked_manifest,not_evaluated,not_evaluated_due_to_H2_PASSIVE_CAPABILITY_SET_NOT_SUPPORTED
core_094,B,4,scarce,energy_only,medium,uniform_20_120_s,no_incident,step,high,jitter,mid_0p45_0p60,final_known,core_094_seed_18,353868013,explicit_locked_manifest,not_evaluated,not_evaluated_due_to_H2_PASSIVE_CAPABILITY_SET_NOT_SUPPORTED
core_094,B,4,scarce,energy_only,medium,uniform_20_120_s,no_incident,step,high,jitter,mid_0p45_0p60,final_known,core_094_seed_19,373587883,explicit_locked_manifest,not_evaluated,not_evaluated_due_to_H2_PASSIVE_CAPABILITY_SET_NOT_SUPPORTED
core_095,B,4,critical,energy_only,medium,uniform_20_120_s,after,ramp,low,normal,high_0p65_0p80,final_known,core_095_seed_00,15485863,explicit_locked_manifest,not_evaluated,not_evaluated_due_to_H2_PASSIVE_CAPABILITY_SET_NOT_SUPPORTED
core_095,B,4,critical,energy_only,medium,uniform_20_120_s,after,ramp,low,normal,high_0p65_0p80,final_known,core_095_seed_01,32452843,explicit_locked_manifest,not_evaluated,not_evaluated_due_to_H2_PASSIVE_CAPABILITY_SET_NOT_SUPPORTED
core_095,B,4,critical,energy_only,medium,uniform_20_120_s,after,ramp,low,normal,high_0p65_0p80,final_known,core_095_seed_02,49979687,explicit_locked_manifest,not_evaluated,not_evaluated_due_to_H2_PASSIVE_CAPABILITY_SET_NOT_SUPPORTED
core_095,B,4,critical,energy_only,medium,uniform_20_120_s,after,ramp,low,normal,high_0p65_0p80,final_known,core_095_seed_03,67867967,explicit_locked_manifest,not_evaluated,not_evaluated_due_to_H2_PASSIVE_CAPABILITY_SET_NOT_SUPPORTED
core_095,B,4,critical,energy_only,medium,uniform_20_120_s,after,ramp,low,normal,high_0p65_0p80,final_known,core_095_seed_04,86028121,explicit_locked_manifest,not_evaluated,not_evaluated_due_to_H2_PASSIVE_CAPABILITY_SET_NOT_SUPPORTED
core_095,B,4,critical,energy_only,medium,uniform_20_120_s,after,ramp,low,normal,high_0p65_0p80,final_known,core_095_seed_05,104395303,explicit_locked_manifest,not_evaluated,not_evaluated_due_to_H2_PASSIVE_CAPABILITY_SET_NOT_SUPPORTED
core_095,B,4,critical,energy_only,medium,uniform_20_120_s,after,ramp,low,normal,high_0p65_0p80,final_known,core_095_seed_06,122949823,explicit_locked_manifest,not_evaluated,not_evaluated_due_to_H2_PASSIVE_CAPABILITY_SET_NOT_SUPPORTED
core_095,B,4,critical,energy_only,medium,uniform_20_120_s,after,ramp,low,normal,high_0p65_0p80,final_known,core_095_seed_07,141650939,explicit_locked_manifest,not_evaluated,not_evaluated_due_to_H2_PASSIVE_CAPABILITY_SET_NOT_SUPPORTED
core_095,B,4,critical,energy_only,medium,uniform_20_120_s,after,ramp,low,normal,high_0p65_0p80,final_known,core_095_seed_08,160481183,explicit_locked_manifest,not_evaluated,not_evaluated_due_to_H2_PASSIVE_CAPABILITY_SET_NOT_SUPPORTED
core_095,B,4,critical,energy_only,medium,uniform_20_120_s,after,ramp,low,normal,high_0p65_0p80,final_known,core_095_seed_09,179424673,explicit_locked_manifest,not_evaluated,not_evaluated_due_to_H2_PASSIVE_CAPABILITY_SET_NOT_SUPPORTED
core_095,B,4,critical,energy_only,medium,uniform_20_120_s,after,ramp,low,normal,high_0p65_0p80,final_known,core_095_seed_10,198491317,explicit_locked_manifest,not_evaluated,not_evaluated_due_to_H2_PASSIVE_CAPABILITY_SET_NOT_SUPPORTED
core_095,B,4,critical,energy_only,medium,uniform_20_120_s,after,ramp,low,normal,high_0p65_0p80,final_known,core_095_seed_11,217645199,explicit_locked_manifest,not_evaluated,not_evaluated_due_to_H2_PASSIVE_CAPABILITY_SET_NOT_SUPPORTED
core_095,B,4,critical,energy_only,medium,uniform_20_120_s,after,ramp,low,normal,high_0p65_0p80,final_known,core_095_seed_12,236887699,explicit_locked_manifest,not_evaluated,not_evaluated_due_to_H2_PASSIVE_CAPABILITY_SET_NOT_SUPPORTED
core_095,B,4,critical,energy_only,medium,uniform_20_120_s,after,ramp,low,normal,high_0p65_0p80,final_known,core_095_seed_13,256203221,explicit_locked_manifest,not_evaluated,not_evaluated_due_to_H2_PASSIVE_CAPABILITY_SET_NOT_SUPPORTED
core_095,B,4,critical,energy_only,medium,uniform_20_120_s,after,ramp,low,normal,high_0p65_0p80,final_known,core_095_seed_14,275604541,explicit_locked_manifest,not_evaluated,not_evaluated_due_to_H2_PASSIVE_CAPABILITY_SET_NOT_SUPPORTED
core_095,B,4,critical,energy_only,medium,uniform_20_120_s,after,ramp,low,normal,high_0p65_0p80,final_known,core_095_seed_15,295075147,explicit_locked_manifest,not_evaluated,not_evaluated_due_to_H2_PASSIVE_CAPABILITY_SET_NOT_SUPPORTED
core_095,B,4,critical,energy_only,medium,uniform_20_120_s,after,ramp,low,normal,high_0p65_0p80,final_known,core_095_seed_16,314606891,explicit_locked_manifest,not_evaluated,not_evaluated_due_to_H2_PASSIVE_CAPABILITY_SET_NOT_SUPPORTED
core_095,B,4,critical,energy_only,medium,uniform_20_120_s,after,ramp,low,normal,high_0p65_0p80,final_known,core_095_seed_17,334214467,explicit_locked_manifest,not_evaluated,not_evaluated_due_to_H2_PASSIVE_CAPABILITY_SET_NOT_SUPPORTED
core_095,B,4,critical,energy_only,medium,uniform_20_120_s,after,ramp,low,normal,high_0p65_0p80,final_known,core_095_seed_18,353868013,explicit_locked_manifest,not_evaluated,not_evaluated_due_to_H2_PASSIVE_CAPABILITY_SET_NOT_SUPPORTED
core_095,B,4,critical,energy_only,medium,uniform_20_120_s,after,ramp,low,normal,high_0p65_0p80,final_known,core_095_seed_19,373587883,explicit_locked_manifest,not_evaluated,not_evaluated_due_to_H2_PASSIVE_CAPABILITY_SET_NOT_SUPPORTED
core_096,B,2,adequate,energy_only,severe,uniform_20_120_s,simultaneous,pulse,medium,random_dropout,low_0p25_0p40,final_known,core_096_seed_00,15485863,explicit_locked_manifest,not_evaluated,not_evaluated_due_to_H2_PASSIVE_CAPABILITY_SET_NOT_SUPPORTED
core_096,B,2,adequate,energy_only,severe,uniform_20_120_s,simultaneous,pulse,medium,random_dropout,low_0p25_0p40,final_known,core_096_seed_01,32452843,explicit_locked_manifest,not_evaluated,not_evaluated_due_to_H2_PASSIVE_CAPABILITY_SET_NOT_SUPPORTED
core_096,B,2,adequate,energy_only,severe,uniform_20_120_s,simultaneous,pulse,medium,random_dropout,low_0p25_0p40,final_known,core_096_seed_02,49979687,explicit_locked_manifest,not_evaluated,not_evaluated_due_to_H2_PASSIVE_CAPABILITY_SET_NOT_SUPPORTED
core_096,B,2,adequate,energy_only,severe,uniform_20_120_s,simultaneous,pulse,medium,random_dropout,low_0p25_0p40,final_known,core_096_seed_03,67867967,explicit_locked_manifest,not_evaluated,not_evaluated_due_to_H2_PASSIVE_CAPABILITY_SET_NOT_SUPPORTED
core_096,B,2,adequate,energy_only,severe,uniform_20_120_s,simultaneous,pulse,medium,random_dropout,low_0p25_0p40,final_known,core_096_seed_04,86028121,explicit_locked_manifest,not_evaluated,not_evaluated_due_to_H2_PASSIVE_CAPABILITY_SET_NOT_SUPPORTED
core_096,B,2,adequate,energy_only,severe,uniform_20_120_s,simultaneous,pulse,medium,random_dropout,low_0p25_0p40,final_known,core_096_seed_05,104395303,explicit_locked_manifest,not_evaluated,not_evaluated_due_to_H2_PASSIVE_CAPABILITY_SET_NOT_SUPPORTED
core_096,B,2,adequate,energy_only,severe,uniform_20_120_s,simultaneous,pulse,medium,random_dropout,low_0p25_0p40,final_known,core_096_seed_06,122949823,explicit_locked_manifest,not_evaluated,not_evaluated_due_to_H2_PASSIVE_CAPABILITY_SET_NOT_SUPPORTED
core_096,B,2,adequate,energy_only,severe,uniform_20_120_s,simultaneous,pulse,medium,random_dropout,low_0p25_0p40,final_known,core_096_seed_07,141650939,explicit_locked_manifest,not_evaluated,not_evaluated_due_to_H2_PASSIVE_CAPABILITY_SET_NOT_SUPPORTED
core_096,B,2,adequate,energy_only,severe,uniform_20_120_s,simultaneous,pulse,medium,random_dropout,low_0p25_0p40,final_known,core_096_seed_08,160481183,explicit_locked_manifest,not_evaluated,not_evaluated_due_to_H2_PASSIVE_CAPABILITY_SET_NOT_SUPPORTED
core_096,B,2,adequate,energy_only,severe,uniform_20_120_s,simultaneous,pulse,medium,random_dropout,low_0p25_0p40,final_known,core_096_seed_09,179424673,explicit_locked_manifest,not_evaluated,not_evaluated_due_to_H2_PASSIVE_CAPABILITY_SET_NOT_SUPPORTED
core_096,B,2,adequate,energy_only,severe,uniform_20_120_s,simultaneous,pulse,medium,random_dropout,low_0p25_0p40,final_known,core_096_seed_10,198491317,explicit_locked_manifest,not_evaluated,not_evaluated_due_to_H2_PASSIVE_CAPABILITY_SET_NOT_SUPPORTED
core_096,B,2,adequate,energy_only,severe,uniform_20_120_s,simultaneous,pulse,medium,random_dropout,low_0p25_0p40,final_known,core_096_seed_11,217645199,explicit_locked_manifest,not_evaluated,not_evaluated_due_to_H2_PASSIVE_CAPABILITY_SET_NOT_SUPPORTED
core_096,B,2,adequate,energy_only,severe,uniform_20_120_s,simultaneous,pulse,medium,random_dropout,low_0p25_0p40,final_known,core_096_seed_12,236887699,explicit_locked_manifest,not_evaluated,not_evaluated_due_to_H2_PASSIVE_CAPABILITY_SET_NOT_SUPPORTED
core_096,B,2,adequate,energy_only,severe,uniform_20_120_s,simultaneous,pulse,medium,random_dropout,low_0p25_0p40,final_known,core_096_seed_13,256203221,explicit_locked_manifest,not_evaluated,not_evaluated_due_to_H2_PASSIVE_CAPABILITY_SET_NOT_SUPPORTED
core_096,B,2,adequate,energy_only,severe,uniform_20_120_s,simultaneous,pulse,medium,random_dropout,low_0p25_0p40,final_known,core_096_seed_14,275604541,explicit_locked_manifest,not_evaluated,not_evaluated_due_to_H2_PASSIVE_CAPABILITY_SET_NOT_SUPPORTED
core_096,B,2,adequate,energy_only,severe,uniform_20_120_s,simultaneous,pulse,medium,random_dropout,low_0p25_0p40,final_known,core_096_seed_15,295075147,explicit_locked_manifest,not_evaluated,not_evaluated_due_to_H2_PASSIVE_CAPABILITY_SET_NOT_SUPPORTED
core_096,B,2,adequate,energy_only,severe,uniform_20_120_s,simultaneous,pulse,medium,random_dropout,low_0p25_0p40,final_known,core_096_seed_16,314606891,explicit_locked_manifest,not_evaluated,not_evaluated_due_to_H2_PASSIVE_CAPABILITY_SET_NOT_SUPPORTED
core_096,B,2,adequate,energy_only,severe,uniform_20_120_s,simultaneous,pulse,medium,random_dropout,low_0p25_0p40,final_known,core_096_seed_17,334214467,explicit_locked_manifest,not_evaluated,not_evaluated_due_to_H2_PASSIVE_CAPABILITY_SET_NOT_SUPPORTED
core_096,B,2,adequate,energy_only,severe,uniform_20_120_s,simultaneous,pulse,medium,random_dropout,low_0p25_0p40,final_known,core_096_seed_18,353868013,explicit_locked_manifest,not_evaluated,not_evaluated_due_to_H2_PASSIVE_CAPABILITY_SET_NOT_SUPPORTED
core_096,B,2,adequate,energy_only,severe,uniform_20_120_s,simultaneous,pulse,medium,random_dropout,low_0p25_0p40,final_known,core_096_seed_19,373587883,explicit_locked_manifest,not_evaluated,not_evaluated_due_to_H2_PASSIVE_CAPABILITY_SET_NOT_SUPPORTED
core_097,B,2,scarce,energy_only,severe,uniform_20_120_s,before,stochastic_net_load,high,jitter,mid_0p45_0p60,final_known,core_097_seed_00,15485863,explicit_locked_manifest,not_evaluated,not_evaluated_due_to_H2_PASSIVE_CAPABILITY_SET_NOT_SUPPORTED
core_097,B,2,scarce,energy_only,severe,uniform_20_120_s,before,stochastic_net_load,high,jitter,mid_0p45_0p60,final_known,core_097_seed_01,32452843,explicit_locked_manifest,not_evaluated,not_evaluated_due_to_H2_PASSIVE_CAPABILITY_SET_NOT_SUPPORTED
core_097,B,2,scarce,energy_only,severe,uniform_20_120_s,before,stochastic_net_load,high,jitter,mid_0p45_0p60,final_known,core_097_seed_02,49979687,explicit_locked_manifest,not_evaluated,not_evaluated_due_to_H2_PASSIVE_CAPABILITY_SET_NOT_SUPPORTED
core_097,B,2,scarce,energy_only,severe,uniform_20_120_s,before,stochastic_net_load,high,jitter,mid_0p45_0p60,final_known,core_097_seed_03,67867967,explicit_locked_manifest,not_evaluated,not_evaluated_due_to_H2_PASSIVE_CAPABILITY_SET_NOT_SUPPORTED
core_097,B,2,scarce,energy_only,severe,uniform_20_120_s,before,stochastic_net_load,high,jitter,mid_0p45_0p60,final_known,core_097_seed_04,86028121,explicit_locked_manifest,not_evaluated,not_evaluated_due_to_H2_PASSIVE_CAPABILITY_SET_NOT_SUPPORTED
core_097,B,2,scarce,energy_only,severe,uniform_20_120_s,before,stochastic_net_load,high,jitter,mid_0p45_0p60,final_known,core_097_seed_05,104395303,explicit_locked_manifest,not_evaluated,not_evaluated_due_to_H2_PASSIVE_CAPABILITY_SET_NOT_SUPPORTED
core_097,B,2,scarce,energy_only,severe,uniform_20_120_s,before,stochastic_net_load,high,jitter,mid_0p45_0p60,final_known,core_097_seed_06,122949823,explicit_locked_manifest,not_evaluated,not_evaluated_due_to_H2_PASSIVE_CAPABILITY_SET_NOT_SUPPORTED
core_097,B,2,scarce,energy_only,severe,uniform_20_120_s,before,stochastic_net_load,high,jitter,mid_0p45_0p60,final_known,core_097_seed_07,141650939,explicit_locked_manifest,not_evaluated,not_evaluated_due_to_H2_PASSIVE_CAPABILITY_SET_NOT_SUPPORTED
core_097,B,2,scarce,energy_only,severe,uniform_20_120_s,before,stochastic_net_load,high,jitter,mid_0p45_0p60,final_known,core_097_seed_08,160481183,explicit_locked_manifest,not_evaluated,not_evaluated_due_to_H2_PASSIVE_CAPABILITY_SET_NOT_SUPPORTED
core_097,B,2,scarce,energy_only,severe,uniform_20_120_s,before,stochastic_net_load,high,jitter,mid_0p45_0p60,final_known,core_097_seed_09,179424673,explicit_locked_manifest,not_evaluated,not_evaluated_due_to_H2_PASSIVE_CAPABILITY_SET_NOT_SUPPORTED
core_097,B,2,scarce,energy_only,severe,uniform_20_120_s,before,stochastic_net_load,high,jitter,mid_0p45_0p60,final_known,core_097_seed_10,198491317,explicit_locked_manifest,not_evaluated,not_evaluated_due_to_H2_PASSIVE_CAPABILITY_SET_NOT_SUPPORTED
core_097,B,2,scarce,energy_only,severe,uniform_20_120_s,before,stochastic_net_load,high,jitter,mid_0p45_0p60,final_known,core_097_seed_11,217645199,explicit_locked_manifest,not_evaluated,not_evaluated_due_to_H2_PASSIVE_CAPABILITY_SET_NOT_SUPPORTED
core_097,B,2,scarce,energy_only,severe,uniform_20_120_s,before,stochastic_net_load,high,jitter,mid_0p45_0p60,final_known,core_097_seed_12,236887699,explicit_locked_manifest,not_evaluated,not_evaluated_due_to_H2_PASSIVE_CAPABILITY_SET_NOT_SUPPORTED
core_097,B,2,scarce,energy_only,severe,uniform_20_120_s,before,stochastic_net_load,high,jitter,mid_0p45_0p60,final_known,core_097_seed_13,256203221,explicit_locked_manifest,not_evaluated,not_evaluated_due_to_H2_PASSIVE_CAPABILITY_SET_NOT_SUPPORTED
core_097,B,2,scarce,energy_only,severe,uniform_20_120_s,before,stochastic_net_load,high,jitter,mid_0p45_0p60,final_known,core_097_seed_14,275604541,explicit_locked_manifest,not_evaluated,not_evaluated_due_to_H2_PASSIVE_CAPABILITY_SET_NOT_SUPPORTED
core_097,B,2,scarce,energy_only,severe,uniform_20_120_s,before,stochastic_net_load,high,jitter,mid_0p45_0p60,final_known,core_097_seed_15,295075147,explicit_locked_manifest,not_evaluated,not_evaluated_due_to_H2_PASSIVE_CAPABILITY_SET_NOT_SUPPORTED
core_097,B,2,scarce,energy_only,severe,uniform_20_120_s,before,stochastic_net_load,high,jitter,mid_0p45_0p60,final_known,core_097_seed_16,314606891,explicit_locked_manifest,not_evaluated,not_evaluated_due_to_H2_PASSIVE_CAPABILITY_SET_NOT_SUPPORTED
core_097,B,2,scarce,energy_only,severe,uniform_20_120_s,before,stochastic_net_load,high,jitter,mid_0p45_0p60,final_known,core_097_seed_17,334214467,explicit_locked_manifest,not_evaluated,not_evaluated_due_to_H2_PASSIVE_CAPABILITY_SET_NOT_SUPPORTED
core_097,B,2,scarce,energy_only,severe,uniform_20_120_s,before,stochastic_net_load,high,jitter,mid_0p45_0p60,final_known,core_097_seed_18,353868013,explicit_locked_manifest,not_evaluated,not_evaluated_due_to_H2_PASSIVE_CAPABILITY_SET_NOT_SUPPORTED
core_097,B,2,scarce,energy_only,severe,uniform_20_120_s,before,stochastic_net_load,high,jitter,mid_0p45_0p60,final_known,core_097_seed_19,373587883,explicit_locked_manifest,not_evaluated,not_evaluated_due_to_H2_PASSIVE_CAPABILITY_SET_NOT_SUPPORTED
core_098,B,2,critical,energy_only,severe,uniform_20_120_s,no_incident,step,low,normal,high_0p65_0p80,final_known,core_098_seed_00,15485863,explicit_locked_manifest,not_evaluated,not_evaluated_due_to_H2_PASSIVE_CAPABILITY_SET_NOT_SUPPORTED
core_098,B,2,critical,energy_only,severe,uniform_20_120_s,no_incident,step,low,normal,high_0p65_0p80,final_known,core_098_seed_01,32452843,explicit_locked_manifest,not_evaluated,not_evaluated_due_to_H2_PASSIVE_CAPABILITY_SET_NOT_SUPPORTED
core_098,B,2,critical,energy_only,severe,uniform_20_120_s,no_incident,step,low,normal,high_0p65_0p80,final_known,core_098_seed_02,49979687,explicit_locked_manifest,not_evaluated,not_evaluated_due_to_H2_PASSIVE_CAPABILITY_SET_NOT_SUPPORTED
core_098,B,2,critical,energy_only,severe,uniform_20_120_s,no_incident,step,low,normal,high_0p65_0p80,final_known,core_098_seed_03,67867967,explicit_locked_manifest,not_evaluated,not_evaluated_due_to_H2_PASSIVE_CAPABILITY_SET_NOT_SUPPORTED
core_098,B,2,critical,energy_only,severe,uniform_20_120_s,no_incident,step,low,normal,high_0p65_0p80,final_known,core_098_seed_04,86028121,explicit_locked_manifest,not_evaluated,not_evaluated_due_to_H2_PASSIVE_CAPABILITY_SET_NOT_SUPPORTED
core_098,B,2,critical,energy_only,severe,uniform_20_120_s,no_incident,step,low,normal,high_0p65_0p80,final_known,core_098_seed_05,104395303,explicit_locked_manifest,not_evaluated,not_evaluated_due_to_H2_PASSIVE_CAPABILITY_SET_NOT_SUPPORTED
core_098,B,2,critical,energy_only,severe,uniform_20_120_s,no_incident,step,low,normal,high_0p65_0p80,final_known,core_098_seed_06,122949823,explicit_locked_manifest,not_evaluated,not_evaluated_due_to_H2_PASSIVE_CAPABILITY_SET_NOT_SUPPORTED
core_098,B,2,critical,energy_only,severe,uniform_20_120_s,no_incident,step,low,normal,high_0p65_0p80,final_known,core_098_seed_07,141650939,explicit_locked_manifest,not_evaluated,not_evaluated_due_to_H2_PASSIVE_CAPABILITY_SET_NOT_SUPPORTED
core_098,B,2,critical,energy_only,severe,uniform_20_120_s,no_incident,step,low,normal,high_0p65_0p80,final_known,core_098_seed_08,160481183,explicit_locked_manifest,not_evaluated,not_evaluated_due_to_H2_PASSIVE_CAPABILITY_SET_NOT_SUPPORTED
core_098,B,2,critical,energy_only,severe,uniform_20_120_s,no_incident,step,low,normal,high_0p65_0p80,final_known,core_098_seed_09,179424673,explicit_locked_manifest,not_evaluated,not_evaluated_due_to_H2_PASSIVE_CAPABILITY_SET_NOT_SUPPORTED
core_098,B,2,critical,energy_only,severe,uniform_20_120_s,no_incident,step,low,normal,high_0p65_0p80,final_known,core_098_seed_10,198491317,explicit_locked_manifest,not_evaluated,not_evaluated_due_to_H2_PASSIVE_CAPABILITY_SET_NOT_SUPPORTED
core_098,B,2,critical,energy_only,severe,uniform_20_120_s,no_incident,step,low,normal,high_0p65_0p80,final_known,core_098_seed_11,217645199,explicit_locked_manifest,not_evaluated,not_evaluated_due_to_H2_PASSIVE_CAPABILITY_SET_NOT_SUPPORTED
core_098,B,2,critical,energy_only,severe,uniform_20_120_s,no_incident,step,low,normal,high_0p65_0p80,final_known,core_098_seed_12,236887699,explicit_locked_manifest,not_evaluated,not_evaluated_due_to_H2_PASSIVE_CAPABILITY_SET_NOT_SUPPORTED
core_098,B,2,critical,energy_only,severe,uniform_20_120_s,no_incident,step,low,normal,high_0p65_0p80,final_known,core_098_seed_13,256203221,explicit_locked_manifest,not_evaluated,not_evaluated_due_to_H2_PASSIVE_CAPABILITY_SET_NOT_SUPPORTED
core_098,B,2,critical,energy_only,severe,uniform_20_120_s,no_incident,step,low,normal,high_0p65_0p80,final_known,core_098_seed_14,275604541,explicit_locked_manifest,not_evaluated,not_evaluated_due_to_H2_PASSIVE_CAPABILITY_SET_NOT_SUPPORTED
core_098,B,2,critical,energy_only,severe,uniform_20_120_s,no_incident,step,low,normal,high_0p65_0p80,final_known,core_098_seed_15,295075147,explicit_locked_manifest,not_evaluated,not_evaluated_due_to_H2_PASSIVE_CAPABILITY_SET_NOT_SUPPORTED
core_098,B,2,critical,energy_only,severe,uniform_20_120_s,no_incident,step,low,normal,high_0p65_0p80,final_known,core_098_seed_16,314606891,explicit_locked_manifest,not_evaluated,not_evaluated_due_to_H2_PASSIVE_CAPABILITY_SET_NOT_SUPPORTED
core_098,B,2,critical,energy_only,severe,uniform_20_120_s,no_incident,step,low,normal,high_0p65_0p80,final_known,core_098_seed_17,334214467,explicit_locked_manifest,not_evaluated,not_evaluated_due_to_H2_PASSIVE_CAPABILITY_SET_NOT_SUPPORTED
core_098,B,2,critical,energy_only,severe,uniform_20_120_s,no_incident,step,low,normal,high_0p65_0p80,final_known,core_098_seed_18,353868013,explicit_locked_manifest,not_evaluated,not_evaluated_due_to_H2_PASSIVE_CAPABILITY_SET_NOT_SUPPORTED
core_098,B,2,critical,energy_only,severe,uniform_20_120_s,no_incident,step,low,normal,high_0p65_0p80,final_known,core_098_seed_19,373587883,explicit_locked_manifest,not_evaluated,not_evaluated_due_to_H2_PASSIVE_CAPABILITY_SET_NOT_SUPPORTED
core_099,B,4,adequate,availability_only,mild,uniform_20_120_s,after,ramp,medium,random_dropout,low_0p25_0p40,final_known,core_099_seed_00,15485863,explicit_locked_manifest,not_evaluated,not_evaluated_due_to_H2_PASSIVE_CAPABILITY_SET_NOT_SUPPORTED
core_099,B,4,adequate,availability_only,mild,uniform_20_120_s,after,ramp,medium,random_dropout,low_0p25_0p40,final_known,core_099_seed_01,32452843,explicit_locked_manifest,not_evaluated,not_evaluated_due_to_H2_PASSIVE_CAPABILITY_SET_NOT_SUPPORTED
core_099,B,4,adequate,availability_only,mild,uniform_20_120_s,after,ramp,medium,random_dropout,low_0p25_0p40,final_known,core_099_seed_02,49979687,explicit_locked_manifest,not_evaluated,not_evaluated_due_to_H2_PASSIVE_CAPABILITY_SET_NOT_SUPPORTED
core_099,B,4,adequate,availability_only,mild,uniform_20_120_s,after,ramp,medium,random_dropout,low_0p25_0p40,final_known,core_099_seed_03,67867967,explicit_locked_manifest,not_evaluated,not_evaluated_due_to_H2_PASSIVE_CAPABILITY_SET_NOT_SUPPORTED
core_099,B,4,adequate,availability_only,mild,uniform_20_120_s,after,ramp,medium,random_dropout,low_0p25_0p40,final_known,core_099_seed_04,86028121,explicit_locked_manifest,not_evaluated,not_evaluated_due_to_H2_PASSIVE_CAPABILITY_SET_NOT_SUPPORTED
core_099,B,4,adequate,availability_only,mild,uniform_20_120_s,after,ramp,medium,random_dropout,low_0p25_0p40,final_known,core_099_seed_05,104395303,explicit_locked_manifest,not_evaluated,not_evaluated_due_to_H2_PASSIVE_CAPABILITY_SET_NOT_SUPPORTED
core_099,B,4,adequate,availability_only,mild,uniform_20_120_s,after,ramp,medium,random_dropout,low_0p25_0p40,final_known,core_099_seed_06,122949823,explicit_locked_manifest,not_evaluated,not_evaluated_due_to_H2_PASSIVE_CAPABILITY_SET_NOT_SUPPORTED
core_099,B,4,adequate,availability_only,mild,uniform_20_120_s,after,ramp,medium,random_dropout,low_0p25_0p40,final_known,core_099_seed_07,141650939,explicit_locked_manifest,not_evaluated,not_evaluated_due_to_H2_PASSIVE_CAPABILITY_SET_NOT_SUPPORTED
core_099,B,4,adequate,availability_only,mild,uniform_20_120_s,after,ramp,medium,random_dropout,low_0p25_0p40,final_known,core_099_seed_08,160481183,explicit_locked_manifest,not_evaluated,not_evaluated_due_to_H2_PASSIVE_CAPABILITY_SET_NOT_SUPPORTED
core_099,B,4,adequate,availability_only,mild,uniform_20_120_s,after,ramp,medium,random_dropout,low_0p25_0p40,final_known,core_099_seed_09,179424673,explicit_locked_manifest,not_evaluated,not_evaluated_due_to_H2_PASSIVE_CAPABILITY_SET_NOT_SUPPORTED
core_099,B,4,adequate,availability_only,mild,uniform_20_120_s,after,ramp,medium,random_dropout,low_0p25_0p40,final_known,core_099_seed_10,198491317,explicit_locked_manifest,not_evaluated,not_evaluated_due_to_H2_PASSIVE_CAPABILITY_SET_NOT_SUPPORTED
core_099,B,4,adequate,availability_only,mild,uniform_20_120_s,after,ramp,medium,random_dropout,low_0p25_0p40,final_known,core_099_seed_11,217645199,explicit_locked_manifest,not_evaluated,not_evaluated_due_to_H2_PASSIVE_CAPABILITY_SET_NOT_SUPPORTED
core_099,B,4,adequate,availability_only,mild,uniform_20_120_s,after,ramp,medium,random_dropout,low_0p25_0p40,final_known,core_099_seed_12,236887699,explicit_locked_manifest,not_evaluated,not_evaluated_due_to_H2_PASSIVE_CAPABILITY_SET_NOT_SUPPORTED
core_099,B,4,adequate,availability_only,mild,uniform_20_120_s,after,ramp,medium,random_dropout,low_0p25_0p40,final_known,core_099_seed_13,256203221,explicit_locked_manifest,not_evaluated,not_evaluated_due_to_H2_PASSIVE_CAPABILITY_SET_NOT_SUPPORTED
core_099,B,4,adequate,availability_only,mild,uniform_20_120_s,after,ramp,medium,random_dropout,low_0p25_0p40,final_known,core_099_seed_14,275604541,explicit_locked_manifest,not_evaluated,not_evaluated_due_to_H2_PASSIVE_CAPABILITY_SET_NOT_SUPPORTED
core_099,B,4,adequate,availability_only,mild,uniform_20_120_s,after,ramp,medium,random_dropout,low_0p25_0p40,final_known,core_099_seed_15,295075147,explicit_locked_manifest,not_evaluated,not_evaluated_due_to_H2_PASSIVE_CAPABILITY_SET_NOT_SUPPORTED
core_099,B,4,adequate,availability_only,mild,uniform_20_120_s,after,ramp,medium,random_dropout,low_0p25_0p40,final_known,core_099_seed_16,314606891,explicit_locked_manifest,not_evaluated,not_evaluated_due_to_H2_PASSIVE_CAPABILITY_SET_NOT_SUPPORTED
core_099,B,4,adequate,availability_only,mild,uniform_20_120_s,after,ramp,medium,random_dropout,low_0p25_0p40,final_known,core_099_seed_17,334214467,explicit_locked_manifest,not_evaluated,not_evaluated_due_to_H2_PASSIVE_CAPABILITY_SET_NOT_SUPPORTED
core_099,B,4,adequate,availability_only,mild,uniform_20_120_s,after,ramp,medium,random_dropout,low_0p25_0p40,final_known,core_099_seed_18,353868013,explicit_locked_manifest,not_evaluated,not_evaluated_due_to_H2_PASSIVE_CAPABILITY_SET_NOT_SUPPORTED
core_099,B,4,adequate,availability_only,mild,uniform_20_120_s,after,ramp,medium,random_dropout,low_0p25_0p40,final_known,core_099_seed_19,373587883,explicit_locked_manifest,not_evaluated,not_evaluated_due_to_H2_PASSIVE_CAPABILITY_SET_NOT_SUPPORTED
core_100,B,4,scarce,availability_only,mild,uniform_20_120_s,simultaneous,pulse,high,jitter,mid_0p45_0p60,final_known,core_100_seed_00,15485863,explicit_locked_manifest,not_evaluated,not_evaluated_due_to_H2_PASSIVE_CAPABILITY_SET_NOT_SUPPORTED
core_100,B,4,scarce,availability_only,mild,uniform_20_120_s,simultaneous,pulse,high,jitter,mid_0p45_0p60,final_known,core_100_seed_01,32452843,explicit_locked_manifest,not_evaluated,not_evaluated_due_to_H2_PASSIVE_CAPABILITY_SET_NOT_SUPPORTED
core_100,B,4,scarce,availability_only,mild,uniform_20_120_s,simultaneous,pulse,high,jitter,mid_0p45_0p60,final_known,core_100_seed_02,49979687,explicit_locked_manifest,not_evaluated,not_evaluated_due_to_H2_PASSIVE_CAPABILITY_SET_NOT_SUPPORTED
core_100,B,4,scarce,availability_only,mild,uniform_20_120_s,simultaneous,pulse,high,jitter,mid_0p45_0p60,final_known,core_100_seed_03,67867967,explicit_locked_manifest,not_evaluated,not_evaluated_due_to_H2_PASSIVE_CAPABILITY_SET_NOT_SUPPORTED
core_100,B,4,scarce,availability_only,mild,uniform_20_120_s,simultaneous,pulse,high,jitter,mid_0p45_0p60,final_known,core_100_seed_04,86028121,explicit_locked_manifest,not_evaluated,not_evaluated_due_to_H2_PASSIVE_CAPABILITY_SET_NOT_SUPPORTED
core_100,B,4,scarce,availability_only,mild,uniform_20_120_s,simultaneous,pulse,high,jitter,mid_0p45_0p60,final_known,core_100_seed_05,104395303,explicit_locked_manifest,not_evaluated,not_evaluated_due_to_H2_PASSIVE_CAPABILITY_SET_NOT_SUPPORTED
core_100,B,4,scarce,availability_only,mild,uniform_20_120_s,simultaneous,pulse,high,jitter,mid_0p45_0p60,final_known,core_100_seed_06,122949823,explicit_locked_manifest,not_evaluated,not_evaluated_due_to_H2_PASSIVE_CAPABILITY_SET_NOT_SUPPORTED
core_100,B,4,scarce,availability_only,mild,uniform_20_120_s,simultaneous,pulse,high,jitter,mid_0p45_0p60,final_known,core_100_seed_07,141650939,explicit_locked_manifest,not_evaluated,not_evaluated_due_to_H2_PASSIVE_CAPABILITY_SET_NOT_SUPPORTED
core_100,B,4,scarce,availability_only,mild,uniform_20_120_s,simultaneous,pulse,high,jitter,mid_0p45_0p60,final_known,core_100_seed_08,160481183,explicit_locked_manifest,not_evaluated,not_evaluated_due_to_H2_PASSIVE_CAPABILITY_SET_NOT_SUPPORTED
core_100,B,4,scarce,availability_only,mild,uniform_20_120_s,simultaneous,pulse,high,jitter,mid_0p45_0p60,final_known,core_100_seed_09,179424673,explicit_locked_manifest,not_evaluated,not_evaluated_due_to_H2_PASSIVE_CAPABILITY_SET_NOT_SUPPORTED
core_100,B,4,scarce,availability_only,mild,uniform_20_120_s,simultaneous,pulse,high,jitter,mid_0p45_0p60,final_known,core_100_seed_10,198491317,explicit_locked_manifest,not_evaluated,not_evaluated_due_to_H2_PASSIVE_CAPABILITY_SET_NOT_SUPPORTED
core_100,B,4,scarce,availability_only,mild,uniform_20_120_s,simultaneous,pulse,high,jitter,mid_0p45_0p60,final_known,core_100_seed_11,217645199,explicit_locked_manifest,not_evaluated,not_evaluated_due_to_H2_PASSIVE_CAPABILITY_SET_NOT_SUPPORTED
core_100,B,4,scarce,availability_only,mild,uniform_20_120_s,simultaneous,pulse,high,jitter,mid_0p45_0p60,final_known,core_100_seed_12,236887699,explicit_locked_manifest,not_evaluated,not_evaluated_due_to_H2_PASSIVE_CAPABILITY_SET_NOT_SUPPORTED
core_100,B,4,scarce,availability_only,mild,uniform_20_120_s,simultaneous,pulse,high,jitter,mid_0p45_0p60,final_known,core_100_seed_13,256203221,explicit_locked_manifest,not_evaluated,not_evaluated_due_to_H2_PASSIVE_CAPABILITY_SET_NOT_SUPPORTED
core_100,B,4,scarce,availability_only,mild,uniform_20_120_s,simultaneous,pulse,high,jitter,mid_0p45_0p60,final_known,core_100_seed_14,275604541,explicit_locked_manifest,not_evaluated,not_evaluated_due_to_H2_PASSIVE_CAPABILITY_SET_NOT_SUPPORTED
core_100,B,4,scarce,availability_only,mild,uniform_20_120_s,simultaneous,pulse,high,jitter,mid_0p45_0p60,final_known,core_100_seed_15,295075147,explicit_locked_manifest,not_evaluated,not_evaluated_due_to_H2_PASSIVE_CAPABILITY_SET_NOT_SUPPORTED
core_100,B,4,scarce,availability_only,mild,uniform_20_120_s,simultaneous,pulse,high,jitter,mid_0p45_0p60,final_known,core_100_seed_16,314606891,explicit_locked_manifest,not_evaluated,not_evaluated_due_to_H2_PASSIVE_CAPABILITY_SET_NOT_SUPPORTED
core_100,B,4,scarce,availability_only,mild,uniform_20_120_s,simultaneous,pulse,high,jitter,mid_0p45_0p60,final_known,core_100_seed_17,334214467,explicit_locked_manifest,not_evaluated,not_evaluated_due_to_H2_PASSIVE_CAPABILITY_SET_NOT_SUPPORTED
core_100,B,4,scarce,availability_only,mild,uniform_20_120_s,simultaneous,pulse,high,jitter,mid_0p45_0p60,final_known,core_100_seed_18,353868013,explicit_locked_manifest,not_evaluated,not_evaluated_due_to_H2_PASSIVE_CAPABILITY_SET_NOT_SUPPORTED
core_100,B,4,scarce,availability_only,mild,uniform_20_120_s,simultaneous,pulse,high,jitter,mid_0p45_0p60,final_known,core_100_seed_19,373587883,explicit_locked_manifest,not_evaluated,not_evaluated_due_to_H2_PASSIVE_CAPABILITY_SET_NOT_SUPPORTED
core_101,B,4,critical,availability_only,mild,uniform_20_120_s,before,stochastic_net_load,low,normal,high_0p65_0p80,final_known,core_101_seed_00,15485863,explicit_locked_manifest,not_evaluated,not_evaluated_due_to_H2_PASSIVE_CAPABILITY_SET_NOT_SUPPORTED
core_101,B,4,critical,availability_only,mild,uniform_20_120_s,before,stochastic_net_load,low,normal,high_0p65_0p80,final_known,core_101_seed_01,32452843,explicit_locked_manifest,not_evaluated,not_evaluated_due_to_H2_PASSIVE_CAPABILITY_SET_NOT_SUPPORTED
core_101,B,4,critical,availability_only,mild,uniform_20_120_s,before,stochastic_net_load,low,normal,high_0p65_0p80,final_known,core_101_seed_02,49979687,explicit_locked_manifest,not_evaluated,not_evaluated_due_to_H2_PASSIVE_CAPABILITY_SET_NOT_SUPPORTED
core_101,B,4,critical,availability_only,mild,uniform_20_120_s,before,stochastic_net_load,low,normal,high_0p65_0p80,final_known,core_101_seed_03,67867967,explicit_locked_manifest,not_evaluated,not_evaluated_due_to_H2_PASSIVE_CAPABILITY_SET_NOT_SUPPORTED
core_101,B,4,critical,availability_only,mild,uniform_20_120_s,before,stochastic_net_load,low,normal,high_0p65_0p80,final_known,core_101_seed_04,86028121,explicit_locked_manifest,not_evaluated,not_evaluated_due_to_H2_PASSIVE_CAPABILITY_SET_NOT_SUPPORTED
core_101,B,4,critical,availability_only,mild,uniform_20_120_s,before,stochastic_net_load,low,normal,high_0p65_0p80,final_known,core_101_seed_05,104395303,explicit_locked_manifest,not_evaluated,not_evaluated_due_to_H2_PASSIVE_CAPABILITY_SET_NOT_SUPPORTED
core_101,B,4,critical,availability_only,mild,uniform_20_120_s,before,stochastic_net_load,low,normal,high_0p65_0p80,final_known,core_101_seed_06,122949823,explicit_locked_manifest,not_evaluated,not_evaluated_due_to_H2_PASSIVE_CAPABILITY_SET_NOT_SUPPORTED
core_101,B,4,critical,availability_only,mild,uniform_20_120_s,before,stochastic_net_load,low,normal,high_0p65_0p80,final_known,core_101_seed_07,141650939,explicit_locked_manifest,not_evaluated,not_evaluated_due_to_H2_PASSIVE_CAPABILITY_SET_NOT_SUPPORTED
core_101,B,4,critical,availability_only,mild,uniform_20_120_s,before,stochastic_net_load,low,normal,high_0p65_0p80,final_known,core_101_seed_08,160481183,explicit_locked_manifest,not_evaluated,not_evaluated_due_to_H2_PASSIVE_CAPABILITY_SET_NOT_SUPPORTED
core_101,B,4,critical,availability_only,mild,uniform_20_120_s,before,stochastic_net_load,low,normal,high_0p65_0p80,final_known,core_101_seed_09,179424673,explicit_locked_manifest,not_evaluated,not_evaluated_due_to_H2_PASSIVE_CAPABILITY_SET_NOT_SUPPORTED
core_101,B,4,critical,availability_only,mild,uniform_20_120_s,before,stochastic_net_load,low,normal,high_0p65_0p80,final_known,core_101_seed_10,198491317,explicit_locked_manifest,not_evaluated,not_evaluated_due_to_H2_PASSIVE_CAPABILITY_SET_NOT_SUPPORTED
core_101,B,4,critical,availability_only,mild,uniform_20_120_s,before,stochastic_net_load,low,normal,high_0p65_0p80,final_known,core_101_seed_11,217645199,explicit_locked_manifest,not_evaluated,not_evaluated_due_to_H2_PASSIVE_CAPABILITY_SET_NOT_SUPPORTED
core_101,B,4,critical,availability_only,mild,uniform_20_120_s,before,stochastic_net_load,low,normal,high_0p65_0p80,final_known,core_101_seed_12,236887699,explicit_locked_manifest,not_evaluated,not_evaluated_due_to_H2_PASSIVE_CAPABILITY_SET_NOT_SUPPORTED
core_101,B,4,critical,availability_only,mild,uniform_20_120_s,before,stochastic_net_load,low,normal,high_0p65_0p80,final_known,core_101_seed_13,256203221,explicit_locked_manifest,not_evaluated,not_evaluated_due_to_H2_PASSIVE_CAPABILITY_SET_NOT_SUPPORTED
core_101,B,4,critical,availability_only,mild,uniform_20_120_s,before,stochastic_net_load,low,normal,high_0p65_0p80,final_known,core_101_seed_14,275604541,explicit_locked_manifest,not_evaluated,not_evaluated_due_to_H2_PASSIVE_CAPABILITY_SET_NOT_SUPPORTED
core_101,B,4,critical,availability_only,mild,uniform_20_120_s,before,stochastic_net_load,low,normal,high_0p65_0p80,final_known,core_101_seed_15,295075147,explicit_locked_manifest,not_evaluated,not_evaluated_due_to_H2_PASSIVE_CAPABILITY_SET_NOT_SUPPORTED
core_101,B,4,critical,availability_only,mild,uniform_20_120_s,before,stochastic_net_load,low,normal,high_0p65_0p80,final_known,core_101_seed_16,314606891,explicit_locked_manifest,not_evaluated,not_evaluated_due_to_H2_PASSIVE_CAPABILITY_SET_NOT_SUPPORTED
core_101,B,4,critical,availability_only,mild,uniform_20_120_s,before,stochastic_net_load,low,normal,high_0p65_0p80,final_known,core_101_seed_17,334214467,explicit_locked_manifest,not_evaluated,not_evaluated_due_to_H2_PASSIVE_CAPABILITY_SET_NOT_SUPPORTED
core_101,B,4,critical,availability_only,mild,uniform_20_120_s,before,stochastic_net_load,low,normal,high_0p65_0p80,final_known,core_101_seed_18,353868013,explicit_locked_manifest,not_evaluated,not_evaluated_due_to_H2_PASSIVE_CAPABILITY_SET_NOT_SUPPORTED
core_101,B,4,critical,availability_only,mild,uniform_20_120_s,before,stochastic_net_load,low,normal,high_0p65_0p80,final_known,core_101_seed_19,373587883,explicit_locked_manifest,not_evaluated,not_evaluated_due_to_H2_PASSIVE_CAPABILITY_SET_NOT_SUPPORTED
core_102,B,2,adequate,availability_only,medium,uniform_20_120_s,no_incident,step,medium,random_dropout,low_0p25_0p40,final_known,core_102_seed_00,15485863,explicit_locked_manifest,not_evaluated,not_evaluated_due_to_H2_PASSIVE_CAPABILITY_SET_NOT_SUPPORTED
core_102,B,2,adequate,availability_only,medium,uniform_20_120_s,no_incident,step,medium,random_dropout,low_0p25_0p40,final_known,core_102_seed_01,32452843,explicit_locked_manifest,not_evaluated,not_evaluated_due_to_H2_PASSIVE_CAPABILITY_SET_NOT_SUPPORTED
core_102,B,2,adequate,availability_only,medium,uniform_20_120_s,no_incident,step,medium,random_dropout,low_0p25_0p40,final_known,core_102_seed_02,49979687,explicit_locked_manifest,not_evaluated,not_evaluated_due_to_H2_PASSIVE_CAPABILITY_SET_NOT_SUPPORTED
core_102,B,2,adequate,availability_only,medium,uniform_20_120_s,no_incident,step,medium,random_dropout,low_0p25_0p40,final_known,core_102_seed_03,67867967,explicit_locked_manifest,not_evaluated,not_evaluated_due_to_H2_PASSIVE_CAPABILITY_SET_NOT_SUPPORTED
core_102,B,2,adequate,availability_only,medium,uniform_20_120_s,no_incident,step,medium,random_dropout,low_0p25_0p40,final_known,core_102_seed_04,86028121,explicit_locked_manifest,not_evaluated,not_evaluated_due_to_H2_PASSIVE_CAPABILITY_SET_NOT_SUPPORTED
core_102,B,2,adequate,availability_only,medium,uniform_20_120_s,no_incident,step,medium,random_dropout,low_0p25_0p40,final_known,core_102_seed_05,104395303,explicit_locked_manifest,not_evaluated,not_evaluated_due_to_H2_PASSIVE_CAPABILITY_SET_NOT_SUPPORTED
core_102,B,2,adequate,availability_only,medium,uniform_20_120_s,no_incident,step,medium,random_dropout,low_0p25_0p40,final_known,core_102_seed_06,122949823,explicit_locked_manifest,not_evaluated,not_evaluated_due_to_H2_PASSIVE_CAPABILITY_SET_NOT_SUPPORTED
core_102,B,2,adequate,availability_only,medium,uniform_20_120_s,no_incident,step,medium,random_dropout,low_0p25_0p40,final_known,core_102_seed_07,141650939,explicit_locked_manifest,not_evaluated,not_evaluated_due_to_H2_PASSIVE_CAPABILITY_SET_NOT_SUPPORTED
core_102,B,2,adequate,availability_only,medium,uniform_20_120_s,no_incident,step,medium,random_dropout,low_0p25_0p40,final_known,core_102_seed_08,160481183,explicit_locked_manifest,not_evaluated,not_evaluated_due_to_H2_PASSIVE_CAPABILITY_SET_NOT_SUPPORTED
core_102,B,2,adequate,availability_only,medium,uniform_20_120_s,no_incident,step,medium,random_dropout,low_0p25_0p40,final_known,core_102_seed_09,179424673,explicit_locked_manifest,not_evaluated,not_evaluated_due_to_H2_PASSIVE_CAPABILITY_SET_NOT_SUPPORTED
core_102,B,2,adequate,availability_only,medium,uniform_20_120_s,no_incident,step,medium,random_dropout,low_0p25_0p40,final_known,core_102_seed_10,198491317,explicit_locked_manifest,not_evaluated,not_evaluated_due_to_H2_PASSIVE_CAPABILITY_SET_NOT_SUPPORTED
core_102,B,2,adequate,availability_only,medium,uniform_20_120_s,no_incident,step,medium,random_dropout,low_0p25_0p40,final_known,core_102_seed_11,217645199,explicit_locked_manifest,not_evaluated,not_evaluated_due_to_H2_PASSIVE_CAPABILITY_SET_NOT_SUPPORTED
core_102,B,2,adequate,availability_only,medium,uniform_20_120_s,no_incident,step,medium,random_dropout,low_0p25_0p40,final_known,core_102_seed_12,236887699,explicit_locked_manifest,not_evaluated,not_evaluated_due_to_H2_PASSIVE_CAPABILITY_SET_NOT_SUPPORTED
core_102,B,2,adequate,availability_only,medium,uniform_20_120_s,no_incident,step,medium,random_dropout,low_0p25_0p40,final_known,core_102_seed_13,256203221,explicit_locked_manifest,not_evaluated,not_evaluated_due_to_H2_PASSIVE_CAPABILITY_SET_NOT_SUPPORTED
core_102,B,2,adequate,availability_only,medium,uniform_20_120_s,no_incident,step,medium,random_dropout,low_0p25_0p40,final_known,core_102_seed_14,275604541,explicit_locked_manifest,not_evaluated,not_evaluated_due_to_H2_PASSIVE_CAPABILITY_SET_NOT_SUPPORTED
core_102,B,2,adequate,availability_only,medium,uniform_20_120_s,no_incident,step,medium,random_dropout,low_0p25_0p40,final_known,core_102_seed_15,295075147,explicit_locked_manifest,not_evaluated,not_evaluated_due_to_H2_PASSIVE_CAPABILITY_SET_NOT_SUPPORTED
core_102,B,2,adequate,availability_only,medium,uniform_20_120_s,no_incident,step,medium,random_dropout,low_0p25_0p40,final_known,core_102_seed_16,314606891,explicit_locked_manifest,not_evaluated,not_evaluated_due_to_H2_PASSIVE_CAPABILITY_SET_NOT_SUPPORTED
core_102,B,2,adequate,availability_only,medium,uniform_20_120_s,no_incident,step,medium,random_dropout,low_0p25_0p40,final_known,core_102_seed_17,334214467,explicit_locked_manifest,not_evaluated,not_evaluated_due_to_H2_PASSIVE_CAPABILITY_SET_NOT_SUPPORTED
core_102,B,2,adequate,availability_only,medium,uniform_20_120_s,no_incident,step,medium,random_dropout,low_0p25_0p40,final_known,core_102_seed_18,353868013,explicit_locked_manifest,not_evaluated,not_evaluated_due_to_H2_PASSIVE_CAPABILITY_SET_NOT_SUPPORTED
core_102,B,2,adequate,availability_only,medium,uniform_20_120_s,no_incident,step,medium,random_dropout,low_0p25_0p40,final_known,core_102_seed_19,373587883,explicit_locked_manifest,not_evaluated,not_evaluated_due_to_H2_PASSIVE_CAPABILITY_SET_NOT_SUPPORTED
core_103,B,2,scarce,availability_only,medium,uniform_20_120_s,after,ramp,high,jitter,mid_0p45_0p60,final_known,core_103_seed_00,15485863,explicit_locked_manifest,not_evaluated,not_evaluated_due_to_H2_PASSIVE_CAPABILITY_SET_NOT_SUPPORTED
core_103,B,2,scarce,availability_only,medium,uniform_20_120_s,after,ramp,high,jitter,mid_0p45_0p60,final_known,core_103_seed_01,32452843,explicit_locked_manifest,not_evaluated,not_evaluated_due_to_H2_PASSIVE_CAPABILITY_SET_NOT_SUPPORTED
core_103,B,2,scarce,availability_only,medium,uniform_20_120_s,after,ramp,high,jitter,mid_0p45_0p60,final_known,core_103_seed_02,49979687,explicit_locked_manifest,not_evaluated,not_evaluated_due_to_H2_PASSIVE_CAPABILITY_SET_NOT_SUPPORTED
core_103,B,2,scarce,availability_only,medium,uniform_20_120_s,after,ramp,high,jitter,mid_0p45_0p60,final_known,core_103_seed_03,67867967,explicit_locked_manifest,not_evaluated,not_evaluated_due_to_H2_PASSIVE_CAPABILITY_SET_NOT_SUPPORTED
core_103,B,2,scarce,availability_only,medium,uniform_20_120_s,after,ramp,high,jitter,mid_0p45_0p60,final_known,core_103_seed_04,86028121,explicit_locked_manifest,not_evaluated,not_evaluated_due_to_H2_PASSIVE_CAPABILITY_SET_NOT_SUPPORTED
core_103,B,2,scarce,availability_only,medium,uniform_20_120_s,after,ramp,high,jitter,mid_0p45_0p60,final_known,core_103_seed_05,104395303,explicit_locked_manifest,not_evaluated,not_evaluated_due_to_H2_PASSIVE_CAPABILITY_SET_NOT_SUPPORTED
core_103,B,2,scarce,availability_only,medium,uniform_20_120_s,after,ramp,high,jitter,mid_0p45_0p60,final_known,core_103_seed_06,122949823,explicit_locked_manifest,not_evaluated,not_evaluated_due_to_H2_PASSIVE_CAPABILITY_SET_NOT_SUPPORTED
core_103,B,2,scarce,availability_only,medium,uniform_20_120_s,after,ramp,high,jitter,mid_0p45_0p60,final_known,core_103_seed_07,141650939,explicit_locked_manifest,not_evaluated,not_evaluated_due_to_H2_PASSIVE_CAPABILITY_SET_NOT_SUPPORTED
core_103,B,2,scarce,availability_only,medium,uniform_20_120_s,after,ramp,high,jitter,mid_0p45_0p60,final_known,core_103_seed_08,160481183,explicit_locked_manifest,not_evaluated,not_evaluated_due_to_H2_PASSIVE_CAPABILITY_SET_NOT_SUPPORTED
core_103,B,2,scarce,availability_only,medium,uniform_20_120_s,after,ramp,high,jitter,mid_0p45_0p60,final_known,core_103_seed_09,179424673,explicit_locked_manifest,not_evaluated,not_evaluated_due_to_H2_PASSIVE_CAPABILITY_SET_NOT_SUPPORTED
core_103,B,2,scarce,availability_only,medium,uniform_20_120_s,after,ramp,high,jitter,mid_0p45_0p60,final_known,core_103_seed_10,198491317,explicit_locked_manifest,not_evaluated,not_evaluated_due_to_H2_PASSIVE_CAPABILITY_SET_NOT_SUPPORTED
core_103,B,2,scarce,availability_only,medium,uniform_20_120_s,after,ramp,high,jitter,mid_0p45_0p60,final_known,core_103_seed_11,217645199,explicit_locked_manifest,not_evaluated,not_evaluated_due_to_H2_PASSIVE_CAPABILITY_SET_NOT_SUPPORTED
core_103,B,2,scarce,availability_only,medium,uniform_20_120_s,after,ramp,high,jitter,mid_0p45_0p60,final_known,core_103_seed_12,236887699,explicit_locked_manifest,not_evaluated,not_evaluated_due_to_H2_PASSIVE_CAPABILITY_SET_NOT_SUPPORTED
core_103,B,2,scarce,availability_only,medium,uniform_20_120_s,after,ramp,high,jitter,mid_0p45_0p60,final_known,core_103_seed_13,256203221,explicit_locked_manifest,not_evaluated,not_evaluated_due_to_H2_PASSIVE_CAPABILITY_SET_NOT_SUPPORTED
core_103,B,2,scarce,availability_only,medium,uniform_20_120_s,after,ramp,high,jitter,mid_0p45_0p60,final_known,core_103_seed_14,275604541,explicit_locked_manifest,not_evaluated,not_evaluated_due_to_H2_PASSIVE_CAPABILITY_SET_NOT_SUPPORTED
core_103,B,2,scarce,availability_only,medium,uniform_20_120_s,after,ramp,high,jitter,mid_0p45_0p60,final_known,core_103_seed_15,295075147,explicit_locked_manifest,not_evaluated,not_evaluated_due_to_H2_PASSIVE_CAPABILITY_SET_NOT_SUPPORTED
core_103,B,2,scarce,availability_only,medium,uniform_20_120_s,after,ramp,high,jitter,mid_0p45_0p60,final_known,core_103_seed_16,314606891,explicit_locked_manifest,not_evaluated,not_evaluated_due_to_H2_PASSIVE_CAPABILITY_SET_NOT_SUPPORTED
core_103,B,2,scarce,availability_only,medium,uniform_20_120_s,after,ramp,high,jitter,mid_0p45_0p60,final_known,core_103_seed_17,334214467,explicit_locked_manifest,not_evaluated,not_evaluated_due_to_H2_PASSIVE_CAPABILITY_SET_NOT_SUPPORTED
core_103,B,2,scarce,availability_only,medium,uniform_20_120_s,after,ramp,high,jitter,mid_0p45_0p60,final_known,core_103_seed_18,353868013,explicit_locked_manifest,not_evaluated,not_evaluated_due_to_H2_PASSIVE_CAPABILITY_SET_NOT_SUPPORTED
core_103,B,2,scarce,availability_only,medium,uniform_20_120_s,after,ramp,high,jitter,mid_0p45_0p60,final_known,core_103_seed_19,373587883,explicit_locked_manifest,not_evaluated,not_evaluated_due_to_H2_PASSIVE_CAPABILITY_SET_NOT_SUPPORTED
core_104,B,2,critical,availability_only,medium,uniform_20_120_s,simultaneous,pulse,low,normal,high_0p65_0p80,final_known,core_104_seed_00,15485863,explicit_locked_manifest,not_evaluated,not_evaluated_due_to_H2_PASSIVE_CAPABILITY_SET_NOT_SUPPORTED
core_104,B,2,critical,availability_only,medium,uniform_20_120_s,simultaneous,pulse,low,normal,high_0p65_0p80,final_known,core_104_seed_01,32452843,explicit_locked_manifest,not_evaluated,not_evaluated_due_to_H2_PASSIVE_CAPABILITY_SET_NOT_SUPPORTED
core_104,B,2,critical,availability_only,medium,uniform_20_120_s,simultaneous,pulse,low,normal,high_0p65_0p80,final_known,core_104_seed_02,49979687,explicit_locked_manifest,not_evaluated,not_evaluated_due_to_H2_PASSIVE_CAPABILITY_SET_NOT_SUPPORTED
core_104,B,2,critical,availability_only,medium,uniform_20_120_s,simultaneous,pulse,low,normal,high_0p65_0p80,final_known,core_104_seed_03,67867967,explicit_locked_manifest,not_evaluated,not_evaluated_due_to_H2_PASSIVE_CAPABILITY_SET_NOT_SUPPORTED
core_104,B,2,critical,availability_only,medium,uniform_20_120_s,simultaneous,pulse,low,normal,high_0p65_0p80,final_known,core_104_seed_04,86028121,explicit_locked_manifest,not_evaluated,not_evaluated_due_to_H2_PASSIVE_CAPABILITY_SET_NOT_SUPPORTED
core_104,B,2,critical,availability_only,medium,uniform_20_120_s,simultaneous,pulse,low,normal,high_0p65_0p80,final_known,core_104_seed_05,104395303,explicit_locked_manifest,not_evaluated,not_evaluated_due_to_H2_PASSIVE_CAPABILITY_SET_NOT_SUPPORTED
core_104,B,2,critical,availability_only,medium,uniform_20_120_s,simultaneous,pulse,low,normal,high_0p65_0p80,final_known,core_104_seed_06,122949823,explicit_locked_manifest,not_evaluated,not_evaluated_due_to_H2_PASSIVE_CAPABILITY_SET_NOT_SUPPORTED
core_104,B,2,critical,availability_only,medium,uniform_20_120_s,simultaneous,pulse,low,normal,high_0p65_0p80,final_known,core_104_seed_07,141650939,explicit_locked_manifest,not_evaluated,not_evaluated_due_to_H2_PASSIVE_CAPABILITY_SET_NOT_SUPPORTED
core_104,B,2,critical,availability_only,medium,uniform_20_120_s,simultaneous,pulse,low,normal,high_0p65_0p80,final_known,core_104_seed_08,160481183,explicit_locked_manifest,not_evaluated,not_evaluated_due_to_H2_PASSIVE_CAPABILITY_SET_NOT_SUPPORTED
core_104,B,2,critical,availability_only,medium,uniform_20_120_s,simultaneous,pulse,low,normal,high_0p65_0p80,final_known,core_104_seed_09,179424673,explicit_locked_manifest,not_evaluated,not_evaluated_due_to_H2_PASSIVE_CAPABILITY_SET_NOT_SUPPORTED
core_104,B,2,critical,availability_only,medium,uniform_20_120_s,simultaneous,pulse,low,normal,high_0p65_0p80,final_known,core_104_seed_10,198491317,explicit_locked_manifest,not_evaluated,not_evaluated_due_to_H2_PASSIVE_CAPABILITY_SET_NOT_SUPPORTED
core_104,B,2,critical,availability_only,medium,uniform_20_120_s,simultaneous,pulse,low,normal,high_0p65_0p80,final_known,core_104_seed_11,217645199,explicit_locked_manifest,not_evaluated,not_evaluated_due_to_H2_PASSIVE_CAPABILITY_SET_NOT_SUPPORTED
core_104,B,2,critical,availability_only,medium,uniform_20_120_s,simultaneous,pulse,low,normal,high_0p65_0p80,final_known,core_104_seed_12,236887699,explicit_locked_manifest,not_evaluated,not_evaluated_due_to_H2_PASSIVE_CAPABILITY_SET_NOT_SUPPORTED
core_104,B,2,critical,availability_only,medium,uniform_20_120_s,simultaneous,pulse,low,normal,high_0p65_0p80,final_known,core_104_seed_13,256203221,explicit_locked_manifest,not_evaluated,not_evaluated_due_to_H2_PASSIVE_CAPABILITY_SET_NOT_SUPPORTED
core_104,B,2,critical,availability_only,medium,uniform_20_120_s,simultaneous,pulse,low,normal,high_0p65_0p80,final_known,core_104_seed_14,275604541,explicit_locked_manifest,not_evaluated,not_evaluated_due_to_H2_PASSIVE_CAPABILITY_SET_NOT_SUPPORTED
core_104,B,2,critical,availability_only,medium,uniform_20_120_s,simultaneous,pulse,low,normal,high_0p65_0p80,final_known,core_104_seed_15,295075147,explicit_locked_manifest,not_evaluated,not_evaluated_due_to_H2_PASSIVE_CAPABILITY_SET_NOT_SUPPORTED
core_104,B,2,critical,availability_only,medium,uniform_20_120_s,simultaneous,pulse,low,normal,high_0p65_0p80,final_known,core_104_seed_16,314606891,explicit_locked_manifest,not_evaluated,not_evaluated_due_to_H2_PASSIVE_CAPABILITY_SET_NOT_SUPPORTED
core_104,B,2,critical,availability_only,medium,uniform_20_120_s,simultaneous,pulse,low,normal,high_0p65_0p80,final_known,core_104_seed_17,334214467,explicit_locked_manifest,not_evaluated,not_evaluated_due_to_H2_PASSIVE_CAPABILITY_SET_NOT_SUPPORTED
core_104,B,2,critical,availability_only,medium,uniform_20_120_s,simultaneous,pulse,low,normal,high_0p65_0p80,final_known,core_104_seed_18,353868013,explicit_locked_manifest,not_evaluated,not_evaluated_due_to_H2_PASSIVE_CAPABILITY_SET_NOT_SUPPORTED
core_104,B,2,critical,availability_only,medium,uniform_20_120_s,simultaneous,pulse,low,normal,high_0p65_0p80,final_known,core_104_seed_19,373587883,explicit_locked_manifest,not_evaluated,not_evaluated_due_to_H2_PASSIVE_CAPABILITY_SET_NOT_SUPPORTED
core_105,B,4,adequate,availability_only,severe,uniform_20_120_s,before,stochastic_net_load,medium,random_dropout,low_0p25_0p40,final_known,core_105_seed_00,15485863,explicit_locked_manifest,not_evaluated,not_evaluated_due_to_H2_PASSIVE_CAPABILITY_SET_NOT_SUPPORTED
core_105,B,4,adequate,availability_only,severe,uniform_20_120_s,before,stochastic_net_load,medium,random_dropout,low_0p25_0p40,final_known,core_105_seed_01,32452843,explicit_locked_manifest,not_evaluated,not_evaluated_due_to_H2_PASSIVE_CAPABILITY_SET_NOT_SUPPORTED
core_105,B,4,adequate,availability_only,severe,uniform_20_120_s,before,stochastic_net_load,medium,random_dropout,low_0p25_0p40,final_known,core_105_seed_02,49979687,explicit_locked_manifest,not_evaluated,not_evaluated_due_to_H2_PASSIVE_CAPABILITY_SET_NOT_SUPPORTED
core_105,B,4,adequate,availability_only,severe,uniform_20_120_s,before,stochastic_net_load,medium,random_dropout,low_0p25_0p40,final_known,core_105_seed_03,67867967,explicit_locked_manifest,not_evaluated,not_evaluated_due_to_H2_PASSIVE_CAPABILITY_SET_NOT_SUPPORTED
core_105,B,4,adequate,availability_only,severe,uniform_20_120_s,before,stochastic_net_load,medium,random_dropout,low_0p25_0p40,final_known,core_105_seed_04,86028121,explicit_locked_manifest,not_evaluated,not_evaluated_due_to_H2_PASSIVE_CAPABILITY_SET_NOT_SUPPORTED
core_105,B,4,adequate,availability_only,severe,uniform_20_120_s,before,stochastic_net_load,medium,random_dropout,low_0p25_0p40,final_known,core_105_seed_05,104395303,explicit_locked_manifest,not_evaluated,not_evaluated_due_to_H2_PASSIVE_CAPABILITY_SET_NOT_SUPPORTED
core_105,B,4,adequate,availability_only,severe,uniform_20_120_s,before,stochastic_net_load,medium,random_dropout,low_0p25_0p40,final_known,core_105_seed_06,122949823,explicit_locked_manifest,not_evaluated,not_evaluated_due_to_H2_PASSIVE_CAPABILITY_SET_NOT_SUPPORTED
core_105,B,4,adequate,availability_only,severe,uniform_20_120_s,before,stochastic_net_load,medium,random_dropout,low_0p25_0p40,final_known,core_105_seed_07,141650939,explicit_locked_manifest,not_evaluated,not_evaluated_due_to_H2_PASSIVE_CAPABILITY_SET_NOT_SUPPORTED
core_105,B,4,adequate,availability_only,severe,uniform_20_120_s,before,stochastic_net_load,medium,random_dropout,low_0p25_0p40,final_known,core_105_seed_08,160481183,explicit_locked_manifest,not_evaluated,not_evaluated_due_to_H2_PASSIVE_CAPABILITY_SET_NOT_SUPPORTED
core_105,B,4,adequate,availability_only,severe,uniform_20_120_s,before,stochastic_net_load,medium,random_dropout,low_0p25_0p40,final_known,core_105_seed_09,179424673,explicit_locked_manifest,not_evaluated,not_evaluated_due_to_H2_PASSIVE_CAPABILITY_SET_NOT_SUPPORTED
core_105,B,4,adequate,availability_only,severe,uniform_20_120_s,before,stochastic_net_load,medium,random_dropout,low_0p25_0p40,final_known,core_105_seed_10,198491317,explicit_locked_manifest,not_evaluated,not_evaluated_due_to_H2_PASSIVE_CAPABILITY_SET_NOT_SUPPORTED
core_105,B,4,adequate,availability_only,severe,uniform_20_120_s,before,stochastic_net_load,medium,random_dropout,low_0p25_0p40,final_known,core_105_seed_11,217645199,explicit_locked_manifest,not_evaluated,not_evaluated_due_to_H2_PASSIVE_CAPABILITY_SET_NOT_SUPPORTED
core_105,B,4,adequate,availability_only,severe,uniform_20_120_s,before,stochastic_net_load,medium,random_dropout,low_0p25_0p40,final_known,core_105_seed_12,236887699,explicit_locked_manifest,not_evaluated,not_evaluated_due_to_H2_PASSIVE_CAPABILITY_SET_NOT_SUPPORTED
core_105,B,4,adequate,availability_only,severe,uniform_20_120_s,before,stochastic_net_load,medium,random_dropout,low_0p25_0p40,final_known,core_105_seed_13,256203221,explicit_locked_manifest,not_evaluated,not_evaluated_due_to_H2_PASSIVE_CAPABILITY_SET_NOT_SUPPORTED
core_105,B,4,adequate,availability_only,severe,uniform_20_120_s,before,stochastic_net_load,medium,random_dropout,low_0p25_0p40,final_known,core_105_seed_14,275604541,explicit_locked_manifest,not_evaluated,not_evaluated_due_to_H2_PASSIVE_CAPABILITY_SET_NOT_SUPPORTED
core_105,B,4,adequate,availability_only,severe,uniform_20_120_s,before,stochastic_net_load,medium,random_dropout,low_0p25_0p40,final_known,core_105_seed_15,295075147,explicit_locked_manifest,not_evaluated,not_evaluated_due_to_H2_PASSIVE_CAPABILITY_SET_NOT_SUPPORTED
core_105,B,4,adequate,availability_only,severe,uniform_20_120_s,before,stochastic_net_load,medium,random_dropout,low_0p25_0p40,final_known,core_105_seed_16,314606891,explicit_locked_manifest,not_evaluated,not_evaluated_due_to_H2_PASSIVE_CAPABILITY_SET_NOT_SUPPORTED
core_105,B,4,adequate,availability_only,severe,uniform_20_120_s,before,stochastic_net_load,medium,random_dropout,low_0p25_0p40,final_known,core_105_seed_17,334214467,explicit_locked_manifest,not_evaluated,not_evaluated_due_to_H2_PASSIVE_CAPABILITY_SET_NOT_SUPPORTED
core_105,B,4,adequate,availability_only,severe,uniform_20_120_s,before,stochastic_net_load,medium,random_dropout,low_0p25_0p40,final_known,core_105_seed_18,353868013,explicit_locked_manifest,not_evaluated,not_evaluated_due_to_H2_PASSIVE_CAPABILITY_SET_NOT_SUPPORTED
core_105,B,4,adequate,availability_only,severe,uniform_20_120_s,before,stochastic_net_load,medium,random_dropout,low_0p25_0p40,final_known,core_105_seed_19,373587883,explicit_locked_manifest,not_evaluated,not_evaluated_due_to_H2_PASSIVE_CAPABILITY_SET_NOT_SUPPORTED
core_106,B,4,scarce,availability_only,severe,uniform_20_120_s,no_incident,step,high,jitter,mid_0p45_0p60,final_known,core_106_seed_00,15485863,explicit_locked_manifest,not_evaluated,not_evaluated_due_to_H2_PASSIVE_CAPABILITY_SET_NOT_SUPPORTED
core_106,B,4,scarce,availability_only,severe,uniform_20_120_s,no_incident,step,high,jitter,mid_0p45_0p60,final_known,core_106_seed_01,32452843,explicit_locked_manifest,not_evaluated,not_evaluated_due_to_H2_PASSIVE_CAPABILITY_SET_NOT_SUPPORTED
core_106,B,4,scarce,availability_only,severe,uniform_20_120_s,no_incident,step,high,jitter,mid_0p45_0p60,final_known,core_106_seed_02,49979687,explicit_locked_manifest,not_evaluated,not_evaluated_due_to_H2_PASSIVE_CAPABILITY_SET_NOT_SUPPORTED
core_106,B,4,scarce,availability_only,severe,uniform_20_120_s,no_incident,step,high,jitter,mid_0p45_0p60,final_known,core_106_seed_03,67867967,explicit_locked_manifest,not_evaluated,not_evaluated_due_to_H2_PASSIVE_CAPABILITY_SET_NOT_SUPPORTED
core_106,B,4,scarce,availability_only,severe,uniform_20_120_s,no_incident,step,high,jitter,mid_0p45_0p60,final_known,core_106_seed_04,86028121,explicit_locked_manifest,not_evaluated,not_evaluated_due_to_H2_PASSIVE_CAPABILITY_SET_NOT_SUPPORTED
core_106,B,4,scarce,availability_only,severe,uniform_20_120_s,no_incident,step,high,jitter,mid_0p45_0p60,final_known,core_106_seed_05,104395303,explicit_locked_manifest,not_evaluated,not_evaluated_due_to_H2_PASSIVE_CAPABILITY_SET_NOT_SUPPORTED
core_106,B,4,scarce,availability_only,severe,uniform_20_120_s,no_incident,step,high,jitter,mid_0p45_0p60,final_known,core_106_seed_06,122949823,explicit_locked_manifest,not_evaluated,not_evaluated_due_to_H2_PASSIVE_CAPABILITY_SET_NOT_SUPPORTED
core_106,B,4,scarce,availability_only,severe,uniform_20_120_s,no_incident,step,high,jitter,mid_0p45_0p60,final_known,core_106_seed_07,141650939,explicit_locked_manifest,not_evaluated,not_evaluated_due_to_H2_PASSIVE_CAPABILITY_SET_NOT_SUPPORTED
core_106,B,4,scarce,availability_only,severe,uniform_20_120_s,no_incident,step,high,jitter,mid_0p45_0p60,final_known,core_106_seed_08,160481183,explicit_locked_manifest,not_evaluated,not_evaluated_due_to_H2_PASSIVE_CAPABILITY_SET_NOT_SUPPORTED
core_106,B,4,scarce,availability_only,severe,uniform_20_120_s,no_incident,step,high,jitter,mid_0p45_0p60,final_known,core_106_seed_09,179424673,explicit_locked_manifest,not_evaluated,not_evaluated_due_to_H2_PASSIVE_CAPABILITY_SET_NOT_SUPPORTED
core_106,B,4,scarce,availability_only,severe,uniform_20_120_s,no_incident,step,high,jitter,mid_0p45_0p60,final_known,core_106_seed_10,198491317,explicit_locked_manifest,not_evaluated,not_evaluated_due_to_H2_PASSIVE_CAPABILITY_SET_NOT_SUPPORTED
core_106,B,4,scarce,availability_only,severe,uniform_20_120_s,no_incident,step,high,jitter,mid_0p45_0p60,final_known,core_106_seed_11,217645199,explicit_locked_manifest,not_evaluated,not_evaluated_due_to_H2_PASSIVE_CAPABILITY_SET_NOT_SUPPORTED
core_106,B,4,scarce,availability_only,severe,uniform_20_120_s,no_incident,step,high,jitter,mid_0p45_0p60,final_known,core_106_seed_12,236887699,explicit_locked_manifest,not_evaluated,not_evaluated_due_to_H2_PASSIVE_CAPABILITY_SET_NOT_SUPPORTED
core_106,B,4,scarce,availability_only,severe,uniform_20_120_s,no_incident,step,high,jitter,mid_0p45_0p60,final_known,core_106_seed_13,256203221,explicit_locked_manifest,not_evaluated,not_evaluated_due_to_H2_PASSIVE_CAPABILITY_SET_NOT_SUPPORTED
core_106,B,4,scarce,availability_only,severe,uniform_20_120_s,no_incident,step,high,jitter,mid_0p45_0p60,final_known,core_106_seed_14,275604541,explicit_locked_manifest,not_evaluated,not_evaluated_due_to_H2_PASSIVE_CAPABILITY_SET_NOT_SUPPORTED
core_106,B,4,scarce,availability_only,severe,uniform_20_120_s,no_incident,step,high,jitter,mid_0p45_0p60,final_known,core_106_seed_15,295075147,explicit_locked_manifest,not_evaluated,not_evaluated_due_to_H2_PASSIVE_CAPABILITY_SET_NOT_SUPPORTED
core_106,B,4,scarce,availability_only,severe,uniform_20_120_s,no_incident,step,high,jitter,mid_0p45_0p60,final_known,core_106_seed_16,314606891,explicit_locked_manifest,not_evaluated,not_evaluated_due_to_H2_PASSIVE_CAPABILITY_SET_NOT_SUPPORTED
core_106,B,4,scarce,availability_only,severe,uniform_20_120_s,no_incident,step,high,jitter,mid_0p45_0p60,final_known,core_106_seed_17,334214467,explicit_locked_manifest,not_evaluated,not_evaluated_due_to_H2_PASSIVE_CAPABILITY_SET_NOT_SUPPORTED
core_106,B,4,scarce,availability_only,severe,uniform_20_120_s,no_incident,step,high,jitter,mid_0p45_0p60,final_known,core_106_seed_18,353868013,explicit_locked_manifest,not_evaluated,not_evaluated_due_to_H2_PASSIVE_CAPABILITY_SET_NOT_SUPPORTED
core_106,B,4,scarce,availability_only,severe,uniform_20_120_s,no_incident,step,high,jitter,mid_0p45_0p60,final_known,core_106_seed_19,373587883,explicit_locked_manifest,not_evaluated,not_evaluated_due_to_H2_PASSIVE_CAPABILITY_SET_NOT_SUPPORTED
core_107,B,4,critical,availability_only,severe,uniform_20_120_s,after,ramp,low,normal,high_0p65_0p80,final_known,core_107_seed_00,15485863,explicit_locked_manifest,not_evaluated,not_evaluated_due_to_H2_PASSIVE_CAPABILITY_SET_NOT_SUPPORTED
core_107,B,4,critical,availability_only,severe,uniform_20_120_s,after,ramp,low,normal,high_0p65_0p80,final_known,core_107_seed_01,32452843,explicit_locked_manifest,not_evaluated,not_evaluated_due_to_H2_PASSIVE_CAPABILITY_SET_NOT_SUPPORTED
core_107,B,4,critical,availability_only,severe,uniform_20_120_s,after,ramp,low,normal,high_0p65_0p80,final_known,core_107_seed_02,49979687,explicit_locked_manifest,not_evaluated,not_evaluated_due_to_H2_PASSIVE_CAPABILITY_SET_NOT_SUPPORTED
core_107,B,4,critical,availability_only,severe,uniform_20_120_s,after,ramp,low,normal,high_0p65_0p80,final_known,core_107_seed_03,67867967,explicit_locked_manifest,not_evaluated,not_evaluated_due_to_H2_PASSIVE_CAPABILITY_SET_NOT_SUPPORTED
core_107,B,4,critical,availability_only,severe,uniform_20_120_s,after,ramp,low,normal,high_0p65_0p80,final_known,core_107_seed_04,86028121,explicit_locked_manifest,not_evaluated,not_evaluated_due_to_H2_PASSIVE_CAPABILITY_SET_NOT_SUPPORTED
core_107,B,4,critical,availability_only,severe,uniform_20_120_s,after,ramp,low,normal,high_0p65_0p80,final_known,core_107_seed_05,104395303,explicit_locked_manifest,not_evaluated,not_evaluated_due_to_H2_PASSIVE_CAPABILITY_SET_NOT_SUPPORTED
core_107,B,4,critical,availability_only,severe,uniform_20_120_s,after,ramp,low,normal,high_0p65_0p80,final_known,core_107_seed_06,122949823,explicit_locked_manifest,not_evaluated,not_evaluated_due_to_H2_PASSIVE_CAPABILITY_SET_NOT_SUPPORTED
core_107,B,4,critical,availability_only,severe,uniform_20_120_s,after,ramp,low,normal,high_0p65_0p80,final_known,core_107_seed_07,141650939,explicit_locked_manifest,not_evaluated,not_evaluated_due_to_H2_PASSIVE_CAPABILITY_SET_NOT_SUPPORTED
core_107,B,4,critical,availability_only,severe,uniform_20_120_s,after,ramp,low,normal,high_0p65_0p80,final_known,core_107_seed_08,160481183,explicit_locked_manifest,not_evaluated,not_evaluated_due_to_H2_PASSIVE_CAPABILITY_SET_NOT_SUPPORTED
core_107,B,4,critical,availability_only,severe,uniform_20_120_s,after,ramp,low,normal,high_0p65_0p80,final_known,core_107_seed_09,179424673,explicit_locked_manifest,not_evaluated,not_evaluated_due_to_H2_PASSIVE_CAPABILITY_SET_NOT_SUPPORTED
core_107,B,4,critical,availability_only,severe,uniform_20_120_s,after,ramp,low,normal,high_0p65_0p80,final_known,core_107_seed_10,198491317,explicit_locked_manifest,not_evaluated,not_evaluated_due_to_H2_PASSIVE_CAPABILITY_SET_NOT_SUPPORTED
core_107,B,4,critical,availability_only,severe,uniform_20_120_s,after,ramp,low,normal,high_0p65_0p80,final_known,core_107_seed_11,217645199,explicit_locked_manifest,not_evaluated,not_evaluated_due_to_H2_PASSIVE_CAPABILITY_SET_NOT_SUPPORTED
core_107,B,4,critical,availability_only,severe,uniform_20_120_s,after,ramp,low,normal,high_0p65_0p80,final_known,core_107_seed_12,236887699,explicit_locked_manifest,not_evaluated,not_evaluated_due_to_H2_PASSIVE_CAPABILITY_SET_NOT_SUPPORTED
core_107,B,4,critical,availability_only,severe,uniform_20_120_s,after,ramp,low,normal,high_0p65_0p80,final_known,core_107_seed_13,256203221,explicit_locked_manifest,not_evaluated,not_evaluated_due_to_H2_PASSIVE_CAPABILITY_SET_NOT_SUPPORTED
core_107,B,4,critical,availability_only,severe,uniform_20_120_s,after,ramp,low,normal,high_0p65_0p80,final_known,core_107_seed_14,275604541,explicit_locked_manifest,not_evaluated,not_evaluated_due_to_H2_PASSIVE_CAPABILITY_SET_NOT_SUPPORTED
core_107,B,4,critical,availability_only,severe,uniform_20_120_s,after,ramp,low,normal,high_0p65_0p80,final_known,core_107_seed_15,295075147,explicit_locked_manifest,not_evaluated,not_evaluated_due_to_H2_PASSIVE_CAPABILITY_SET_NOT_SUPPORTED
core_107,B,4,critical,availability_only,severe,uniform_20_120_s,after,ramp,low,normal,high_0p65_0p80,final_known,core_107_seed_16,314606891,explicit_locked_manifest,not_evaluated,not_evaluated_due_to_H2_PASSIVE_CAPABILITY_SET_NOT_SUPPORTED
core_107,B,4,critical,availability_only,severe,uniform_20_120_s,after,ramp,low,normal,high_0p65_0p80,final_known,core_107_seed_17,334214467,explicit_locked_manifest,not_evaluated,not_evaluated_due_to_H2_PASSIVE_CAPABILITY_SET_NOT_SUPPORTED
core_107,B,4,critical,availability_only,severe,uniform_20_120_s,after,ramp,low,normal,high_0p65_0p80,final_known,core_107_seed_18,353868013,explicit_locked_manifest,not_evaluated,not_evaluated_due_to_H2_PASSIVE_CAPABILITY_SET_NOT_SUPPORTED
core_107,B,4,critical,availability_only,severe,uniform_20_120_s,after,ramp,low,normal,high_0p65_0p80,final_known,core_107_seed_19,373587883,explicit_locked_manifest,not_evaluated,not_evaluated_due_to_H2_PASSIVE_CAPABILITY_SET_NOT_SUPPORTED
ood_000,A,2,adequate,asymmetric_power_ramp,mild,uniform_20_120_s,before,ramp,high,jitter,high_0p65_0p80,final_ood,ood_000_seed_00,15485863,explicit_locked_manifest,not_evaluated,not_evaluated_due_to_H2_PASSIVE_CAPABILITY_SET_NOT_SUPPORTED
ood_000,A,2,adequate,asymmetric_power_ramp,mild,uniform_20_120_s,before,ramp,high,jitter,high_0p65_0p80,final_ood,ood_000_seed_01,32452843,explicit_locked_manifest,not_evaluated,not_evaluated_due_to_H2_PASSIVE_CAPABILITY_SET_NOT_SUPPORTED
ood_000,A,2,adequate,asymmetric_power_ramp,mild,uniform_20_120_s,before,ramp,high,jitter,high_0p65_0p80,final_ood,ood_000_seed_02,49979687,explicit_locked_manifest,not_evaluated,not_evaluated_due_to_H2_PASSIVE_CAPABILITY_SET_NOT_SUPPORTED
ood_000,A,2,adequate,asymmetric_power_ramp,mild,uniform_20_120_s,before,ramp,high,jitter,high_0p65_0p80,final_ood,ood_000_seed_03,67867967,explicit_locked_manifest,not_evaluated,not_evaluated_due_to_H2_PASSIVE_CAPABILITY_SET_NOT_SUPPORTED
ood_000,A,2,adequate,asymmetric_power_ramp,mild,uniform_20_120_s,before,ramp,high,jitter,high_0p65_0p80,final_ood,ood_000_seed_04,86028121,explicit_locked_manifest,not_evaluated,not_evaluated_due_to_H2_PASSIVE_CAPABILITY_SET_NOT_SUPPORTED
ood_000,A,2,adequate,asymmetric_power_ramp,mild,uniform_20_120_s,before,ramp,high,jitter,high_0p65_0p80,final_ood,ood_000_seed_05,104395303,explicit_locked_manifest,not_evaluated,not_evaluated_due_to_H2_PASSIVE_CAPABILITY_SET_NOT_SUPPORTED
ood_000,A,2,adequate,asymmetric_power_ramp,mild,uniform_20_120_s,before,ramp,high,jitter,high_0p65_0p80,final_ood,ood_000_seed_06,122949823,explicit_locked_manifest,not_evaluated,not_evaluated_due_to_H2_PASSIVE_CAPABILITY_SET_NOT_SUPPORTED
ood_000,A,2,adequate,asymmetric_power_ramp,mild,uniform_20_120_s,before,ramp,high,jitter,high_0p65_0p80,final_ood,ood_000_seed_07,141650939,explicit_locked_manifest,not_evaluated,not_evaluated_due_to_H2_PASSIVE_CAPABILITY_SET_NOT_SUPPORTED
ood_000,A,2,adequate,asymmetric_power_ramp,mild,uniform_20_120_s,before,ramp,high,jitter,high_0p65_0p80,final_ood,ood_000_seed_08,160481183,explicit_locked_manifest,not_evaluated,not_evaluated_due_to_H2_PASSIVE_CAPABILITY_SET_NOT_SUPPORTED
ood_000,A,2,adequate,asymmetric_power_ramp,mild,uniform_20_120_s,before,ramp,high,jitter,high_0p65_0p80,final_ood,ood_000_seed_09,179424673,explicit_locked_manifest,not_evaluated,not_evaluated_due_to_H2_PASSIVE_CAPABILITY_SET_NOT_SUPPORTED
ood_000,A,2,adequate,asymmetric_power_ramp,mild,uniform_20_120_s,before,ramp,high,jitter,high_0p65_0p80,final_ood,ood_000_seed_10,198491317,explicit_locked_manifest,not_evaluated,not_evaluated_due_to_H2_PASSIVE_CAPABILITY_SET_NOT_SUPPORTED
ood_000,A,2,adequate,asymmetric_power_ramp,mild,uniform_20_120_s,before,ramp,high,jitter,high_0p65_0p80,final_ood,ood_000_seed_11,217645199,explicit_locked_manifest,not_evaluated,not_evaluated_due_to_H2_PASSIVE_CAPABILITY_SET_NOT_SUPPORTED
ood_000,A,2,adequate,asymmetric_power_ramp,mild,uniform_20_120_s,before,ramp,high,jitter,high_0p65_0p80,final_ood,ood_000_seed_12,236887699,explicit_locked_manifest,not_evaluated,not_evaluated_due_to_H2_PASSIVE_CAPABILITY_SET_NOT_SUPPORTED
ood_000,A,2,adequate,asymmetric_power_ramp,mild,uniform_20_120_s,before,ramp,high,jitter,high_0p65_0p80,final_ood,ood_000_seed_13,256203221,explicit_locked_manifest,not_evaluated,not_evaluated_due_to_H2_PASSIVE_CAPABILITY_SET_NOT_SUPPORTED
ood_000,A,2,adequate,asymmetric_power_ramp,mild,uniform_20_120_s,before,ramp,high,jitter,high_0p65_0p80,final_ood,ood_000_seed_14,275604541,explicit_locked_manifest,not_evaluated,not_evaluated_due_to_H2_PASSIVE_CAPABILITY_SET_NOT_SUPPORTED
ood_000,A,2,adequate,asymmetric_power_ramp,mild,uniform_20_120_s,before,ramp,high,jitter,high_0p65_0p80,final_ood,ood_000_seed_15,295075147,explicit_locked_manifest,not_evaluated,not_evaluated_due_to_H2_PASSIVE_CAPABILITY_SET_NOT_SUPPORTED
ood_000,A,2,adequate,asymmetric_power_ramp,mild,uniform_20_120_s,before,ramp,high,jitter,high_0p65_0p80,final_ood,ood_000_seed_16,314606891,explicit_locked_manifest,not_evaluated,not_evaluated_due_to_H2_PASSIVE_CAPABILITY_SET_NOT_SUPPORTED
ood_000,A,2,adequate,asymmetric_power_ramp,mild,uniform_20_120_s,before,ramp,high,jitter,high_0p65_0p80,final_ood,ood_000_seed_17,334214467,explicit_locked_manifest,not_evaluated,not_evaluated_due_to_H2_PASSIVE_CAPABILITY_SET_NOT_SUPPORTED
ood_000,A,2,adequate,asymmetric_power_ramp,mild,uniform_20_120_s,before,ramp,high,jitter,high_0p65_0p80,final_ood,ood_000_seed_18,353868013,explicit_locked_manifest,not_evaluated,not_evaluated_due_to_H2_PASSIVE_CAPABILITY_SET_NOT_SUPPORTED
ood_000,A,2,adequate,asymmetric_power_ramp,mild,uniform_20_120_s,before,ramp,high,jitter,high_0p65_0p80,final_ood,ood_000_seed_19,373587883,explicit_locked_manifest,not_evaluated,not_evaluated_due_to_H2_PASSIVE_CAPABILITY_SET_NOT_SUPPORTED
ood_001,B,2,scarce,dynamic_q_current_limit,mild,uniform_20_120_s,simultaneous,pulse,low,random_dropout,low_0p25_0p40,final_ood,ood_001_seed_00,15485863,explicit_locked_manifest,not_evaluated,not_evaluated_due_to_H2_PASSIVE_CAPABILITY_SET_NOT_SUPPORTED
ood_001,B,2,scarce,dynamic_q_current_limit,mild,uniform_20_120_s,simultaneous,pulse,low,random_dropout,low_0p25_0p40,final_ood,ood_001_seed_01,32452843,explicit_locked_manifest,not_evaluated,not_evaluated_due_to_H2_PASSIVE_CAPABILITY_SET_NOT_SUPPORTED
ood_001,B,2,scarce,dynamic_q_current_limit,mild,uniform_20_120_s,simultaneous,pulse,low,random_dropout,low_0p25_0p40,final_ood,ood_001_seed_02,49979687,explicit_locked_manifest,not_evaluated,not_evaluated_due_to_H2_PASSIVE_CAPABILITY_SET_NOT_SUPPORTED
ood_001,B,2,scarce,dynamic_q_current_limit,mild,uniform_20_120_s,simultaneous,pulse,low,random_dropout,low_0p25_0p40,final_ood,ood_001_seed_03,67867967,explicit_locked_manifest,not_evaluated,not_evaluated_due_to_H2_PASSIVE_CAPABILITY_SET_NOT_SUPPORTED
ood_001,B,2,scarce,dynamic_q_current_limit,mild,uniform_20_120_s,simultaneous,pulse,low,random_dropout,low_0p25_0p40,final_ood,ood_001_seed_04,86028121,explicit_locked_manifest,not_evaluated,not_evaluated_due_to_H2_PASSIVE_CAPABILITY_SET_NOT_SUPPORTED
ood_001,B,2,scarce,dynamic_q_current_limit,mild,uniform_20_120_s,simultaneous,pulse,low,random_dropout,low_0p25_0p40,final_ood,ood_001_seed_05,104395303,explicit_locked_manifest,not_evaluated,not_evaluated_due_to_H2_PASSIVE_CAPABILITY_SET_NOT_SUPPORTED
ood_001,B,2,scarce,dynamic_q_current_limit,mild,uniform_20_120_s,simultaneous,pulse,low,random_dropout,low_0p25_0p40,final_ood,ood_001_seed_06,122949823,explicit_locked_manifest,not_evaluated,not_evaluated_due_to_H2_PASSIVE_CAPABILITY_SET_NOT_SUPPORTED
ood_001,B,2,scarce,dynamic_q_current_limit,mild,uniform_20_120_s,simultaneous,pulse,low,random_dropout,low_0p25_0p40,final_ood,ood_001_seed_07,141650939,explicit_locked_manifest,not_evaluated,not_evaluated_due_to_H2_PASSIVE_CAPABILITY_SET_NOT_SUPPORTED
ood_001,B,2,scarce,dynamic_q_current_limit,mild,uniform_20_120_s,simultaneous,pulse,low,random_dropout,low_0p25_0p40,final_ood,ood_001_seed_08,160481183,explicit_locked_manifest,not_evaluated,not_evaluated_due_to_H2_PASSIVE_CAPABILITY_SET_NOT_SUPPORTED
ood_001,B,2,scarce,dynamic_q_current_limit,mild,uniform_20_120_s,simultaneous,pulse,low,random_dropout,low_0p25_0p40,final_ood,ood_001_seed_09,179424673,explicit_locked_manifest,not_evaluated,not_evaluated_due_to_H2_PASSIVE_CAPABILITY_SET_NOT_SUPPORTED
ood_001,B,2,scarce,dynamic_q_current_limit,mild,uniform_20_120_s,simultaneous,pulse,low,random_dropout,low_0p25_0p40,final_ood,ood_001_seed_10,198491317,explicit_locked_manifest,not_evaluated,not_evaluated_due_to_H2_PASSIVE_CAPABILITY_SET_NOT_SUPPORTED
ood_001,B,2,scarce,dynamic_q_current_limit,mild,uniform_20_120_s,simultaneous,pulse,low,random_dropout,low_0p25_0p40,final_ood,ood_001_seed_11,217645199,explicit_locked_manifest,not_evaluated,not_evaluated_due_to_H2_PASSIVE_CAPABILITY_SET_NOT_SUPPORTED
ood_001,B,2,scarce,dynamic_q_current_limit,mild,uniform_20_120_s,simultaneous,pulse,low,random_dropout,low_0p25_0p40,final_ood,ood_001_seed_12,236887699,explicit_locked_manifest,not_evaluated,not_evaluated_due_to_H2_PASSIVE_CAPABILITY_SET_NOT_SUPPORTED
ood_001,B,2,scarce,dynamic_q_current_limit,mild,uniform_20_120_s,simultaneous,pulse,low,random_dropout,low_0p25_0p40,final_ood,ood_001_seed_13,256203221,explicit_locked_manifest,not_evaluated,not_evaluated_due_to_H2_PASSIVE_CAPABILITY_SET_NOT_SUPPORTED
ood_001,B,2,scarce,dynamic_q_current_limit,mild,uniform_20_120_s,simultaneous,pulse,low,random_dropout,low_0p25_0p40,final_ood,ood_001_seed_14,275604541,explicit_locked_manifest,not_evaluated,not_evaluated_due_to_H2_PASSIVE_CAPABILITY_SET_NOT_SUPPORTED
ood_001,B,2,scarce,dynamic_q_current_limit,mild,uniform_20_120_s,simultaneous,pulse,low,random_dropout,low_0p25_0p40,final_ood,ood_001_seed_15,295075147,explicit_locked_manifest,not_evaluated,not_evaluated_due_to_H2_PASSIVE_CAPABILITY_SET_NOT_SUPPORTED
ood_001,B,2,scarce,dynamic_q_current_limit,mild,uniform_20_120_s,simultaneous,pulse,low,random_dropout,low_0p25_0p40,final_ood,ood_001_seed_16,314606891,explicit_locked_manifest,not_evaluated,not_evaluated_due_to_H2_PASSIVE_CAPABILITY_SET_NOT_SUPPORTED
ood_001,B,2,scarce,dynamic_q_current_limit,mild,uniform_20_120_s,simultaneous,pulse,low,random_dropout,low_0p25_0p40,final_ood,ood_001_seed_17,334214467,explicit_locked_manifest,not_evaluated,not_evaluated_due_to_H2_PASSIVE_CAPABILITY_SET_NOT_SUPPORTED
ood_001,B,2,scarce,dynamic_q_current_limit,mild,uniform_20_120_s,simultaneous,pulse,low,random_dropout,low_0p25_0p40,final_ood,ood_001_seed_18,353868013,explicit_locked_manifest,not_evaluated,not_evaluated_due_to_H2_PASSIVE_CAPABILITY_SET_NOT_SUPPORTED
ood_001,B,2,scarce,dynamic_q_current_limit,mild,uniform_20_120_s,simultaneous,pulse,low,random_dropout,low_0p25_0p40,final_ood,ood_001_seed_19,373587883,explicit_locked_manifest,not_evaluated,not_evaluated_due_to_H2_PASSIVE_CAPABILITY_SET_NOT_SUPPORTED
ood_002,A,4,critical,third_order_nonminimum_phase,mild,uniform_20_120_s,after,stochastic_net_load,medium,normal,mid_0p45_0p60,final_ood,ood_002_seed_00,15485863,explicit_locked_manifest,not_evaluated,not_evaluated_due_to_H2_PASSIVE_CAPABILITY_SET_NOT_SUPPORTED
ood_002,A,4,critical,third_order_nonminimum_phase,mild,uniform_20_120_s,after,stochastic_net_load,medium,normal,mid_0p45_0p60,final_ood,ood_002_seed_01,32452843,explicit_locked_manifest,not_evaluated,not_evaluated_due_to_H2_PASSIVE_CAPABILITY_SET_NOT_SUPPORTED
ood_002,A,4,critical,third_order_nonminimum_phase,mild,uniform_20_120_s,after,stochastic_net_load,medium,normal,mid_0p45_0p60,final_ood,ood_002_seed_02,49979687,explicit_locked_manifest,not_evaluated,not_evaluated_due_to_H2_PASSIVE_CAPABILITY_SET_NOT_SUPPORTED
ood_002,A,4,critical,third_order_nonminimum_phase,mild,uniform_20_120_s,after,stochastic_net_load,medium,normal,mid_0p45_0p60,final_ood,ood_002_seed_03,67867967,explicit_locked_manifest,not_evaluated,not_evaluated_due_to_H2_PASSIVE_CAPABILITY_SET_NOT_SUPPORTED
ood_002,A,4,critical,third_order_nonminimum_phase,mild,uniform_20_120_s,after,stochastic_net_load,medium,normal,mid_0p45_0p60,final_ood,ood_002_seed_04,86028121,explicit_locked_manifest,not_evaluated,not_evaluated_due_to_H2_PASSIVE_CAPABILITY_SET_NOT_SUPPORTED
ood_002,A,4,critical,third_order_nonminimum_phase,mild,uniform_20_120_s,after,stochastic_net_load,medium,normal,mid_0p45_0p60,final_ood,ood_002_seed_05,104395303,explicit_locked_manifest,not_evaluated,not_evaluated_due_to_H2_PASSIVE_CAPABILITY_SET_NOT_SUPPORTED
ood_002,A,4,critical,third_order_nonminimum_phase,mild,uniform_20_120_s,after,stochastic_net_load,medium,normal,mid_0p45_0p60,final_ood,ood_002_seed_06,122949823,explicit_locked_manifest,not_evaluated,not_evaluated_due_to_H2_PASSIVE_CAPABILITY_SET_NOT_SUPPORTED
ood_002,A,4,critical,third_order_nonminimum_phase,mild,uniform_20_120_s,after,stochastic_net_load,medium,normal,mid_0p45_0p60,final_ood,ood_002_seed_07,141650939,explicit_locked_manifest,not_evaluated,not_evaluated_due_to_H2_PASSIVE_CAPABILITY_SET_NOT_SUPPORTED
ood_002,A,4,critical,third_order_nonminimum_phase,mild,uniform_20_120_s,after,stochastic_net_load,medium,normal,mid_0p45_0p60,final_ood,ood_002_seed_08,160481183,explicit_locked_manifest,not_evaluated,not_evaluated_due_to_H2_PASSIVE_CAPABILITY_SET_NOT_SUPPORTED
ood_002,A,4,critical,third_order_nonminimum_phase,mild,uniform_20_120_s,after,stochastic_net_load,medium,normal,mid_0p45_0p60,final_ood,ood_002_seed_09,179424673,explicit_locked_manifest,not_evaluated,not_evaluated_due_to_H2_PASSIVE_CAPABILITY_SET_NOT_SUPPORTED
ood_002,A,4,critical,third_order_nonminimum_phase,mild,uniform_20_120_s,after,stochastic_net_load,medium,normal,mid_0p45_0p60,final_ood,ood_002_seed_10,198491317,explicit_locked_manifest,not_evaluated,not_evaluated_due_to_H2_PASSIVE_CAPABILITY_SET_NOT_SUPPORTED
ood_002,A,4,critical,third_order_nonminimum_phase,mild,uniform_20_120_s,after,stochastic_net_load,medium,normal,mid_0p45_0p60,final_ood,ood_002_seed_11,217645199,explicit_locked_manifest,not_evaluated,not_evaluated_due_to_H2_PASSIVE_CAPABILITY_SET_NOT_SUPPORTED
ood_002,A,4,critical,third_order_nonminimum_phase,mild,uniform_20_120_s,after,stochastic_net_load,medium,normal,mid_0p45_0p60,final_ood,ood_002_seed_12,236887699,explicit_locked_manifest,not_evaluated,not_evaluated_due_to_H2_PASSIVE_CAPABILITY_SET_NOT_SUPPORTED
ood_002,A,4,critical,third_order_nonminimum_phase,mild,uniform_20_120_s,after,stochastic_net_load,medium,normal,mid_0p45_0p60,final_ood,ood_002_seed_13,256203221,explicit_locked_manifest,not_evaluated,not_evaluated_due_to_H2_PASSIVE_CAPABILITY_SET_NOT_SUPPORTED
ood_002,A,4,critical,third_order_nonminimum_phase,mild,uniform_20_120_s,after,stochastic_net_load,medium,normal,mid_0p45_0p60,final_ood,ood_002_seed_14,275604541,explicit_locked_manifest,not_evaluated,not_evaluated_due_to_H2_PASSIVE_CAPABILITY_SET_NOT_SUPPORTED
ood_002,A,4,critical,third_order_nonminimum_phase,mild,uniform_20_120_s,after,stochastic_net_load,medium,normal,mid_0p45_0p60,final_ood,ood_002_seed_15,295075147,explicit_locked_manifest,not_evaluated,not_evaluated_due_to_H2_PASSIVE_CAPABILITY_SET_NOT_SUPPORTED
ood_002,A,4,critical,third_order_nonminimum_phase,mild,uniform_20_120_s,after,stochastic_net_load,medium,normal,mid_0p45_0p60,final_ood,ood_002_seed_16,314606891,explicit_locked_manifest,not_evaluated,not_evaluated_due_to_H2_PASSIVE_CAPABILITY_SET_NOT_SUPPORTED
ood_002,A,4,critical,third_order_nonminimum_phase,mild,uniform_20_120_s,after,stochastic_net_load,medium,normal,mid_0p45_0p60,final_ood,ood_002_seed_17,334214467,explicit_locked_manifest,not_evaluated,not_evaluated_due_to_H2_PASSIVE_CAPABILITY_SET_NOT_SUPPORTED
ood_002,A,4,critical,third_order_nonminimum_phase,mild,uniform_20_120_s,after,stochastic_net_load,medium,normal,mid_0p45_0p60,final_ood,ood_002_seed_18,353868013,explicit_locked_manifest,not_evaluated,not_evaluated_due_to_H2_PASSIVE_CAPABILITY_SET_NOT_SUPPORTED
ood_002,A,4,critical,third_order_nonminimum_phase,mild,uniform_20_120_s,after,stochastic_net_load,medium,normal,mid_0p45_0p60,final_ood,ood_002_seed_19,373587883,explicit_locked_manifest,not_evaluated,not_evaluated_due_to_H2_PASSIVE_CAPABILITY_SET_NOT_SUPPORTED
ood_003,B,4,adequate,time_varying_random_delay,medium,uniform_20_120_s,no_incident,step,high,jitter,high_0p65_0p80,final_ood,ood_003_seed_00,15485863,explicit_locked_manifest,not_evaluated,not_evaluated_due_to_H2_PASSIVE_CAPABILITY_SET_NOT_SUPPORTED
ood_003,B,4,adequate,time_varying_random_delay,medium,uniform_20_120_s,no_incident,step,high,jitter,high_0p65_0p80,final_ood,ood_003_seed_01,32452843,explicit_locked_manifest,not_evaluated,not_evaluated_due_to_H2_PASSIVE_CAPABILITY_SET_NOT_SUPPORTED
ood_003,B,4,adequate,time_varying_random_delay,medium,uniform_20_120_s,no_incident,step,high,jitter,high_0p65_0p80,final_ood,ood_003_seed_02,49979687,explicit_locked_manifest,not_evaluated,not_evaluated_due_to_H2_PASSIVE_CAPABILITY_SET_NOT_SUPPORTED
ood_003,B,4,adequate,time_varying_random_delay,medium,uniform_20_120_s,no_incident,step,high,jitter,high_0p65_0p80,final_ood,ood_003_seed_03,67867967,explicit_locked_manifest,not_evaluated,not_evaluated_due_to_H2_PASSIVE_CAPABILITY_SET_NOT_SUPPORTED
ood_003,B,4,adequate,time_varying_random_delay,medium,uniform_20_120_s,no_incident,step,high,jitter,high_0p65_0p80,final_ood,ood_003_seed_04,86028121,explicit_locked_manifest,not_evaluated,not_evaluated_due_to_H2_PASSIVE_CAPABILITY_SET_NOT_SUPPORTED
ood_003,B,4,adequate,time_varying_random_delay,medium,uniform_20_120_s,no_incident,step,high,jitter,high_0p65_0p80,final_ood,ood_003_seed_05,104395303,explicit_locked_manifest,not_evaluated,not_evaluated_due_to_H2_PASSIVE_CAPABILITY_SET_NOT_SUPPORTED
ood_003,B,4,adequate,time_varying_random_delay,medium,uniform_20_120_s,no_incident,step,high,jitter,high_0p65_0p80,final_ood,ood_003_seed_06,122949823,explicit_locked_manifest,not_evaluated,not_evaluated_due_to_H2_PASSIVE_CAPABILITY_SET_NOT_SUPPORTED
ood_003,B,4,adequate,time_varying_random_delay,medium,uniform_20_120_s,no_incident,step,high,jitter,high_0p65_0p80,final_ood,ood_003_seed_07,141650939,explicit_locked_manifest,not_evaluated,not_evaluated_due_to_H2_PASSIVE_CAPABILITY_SET_NOT_SUPPORTED
ood_003,B,4,adequate,time_varying_random_delay,medium,uniform_20_120_s,no_incident,step,high,jitter,high_0p65_0p80,final_ood,ood_003_seed_08,160481183,explicit_locked_manifest,not_evaluated,not_evaluated_due_to_H2_PASSIVE_CAPABILITY_SET_NOT_SUPPORTED
ood_003,B,4,adequate,time_varying_random_delay,medium,uniform_20_120_s,no_incident,step,high,jitter,high_0p65_0p80,final_ood,ood_003_seed_09,179424673,explicit_locked_manifest,not_evaluated,not_evaluated_due_to_H2_PASSIVE_CAPABILITY_SET_NOT_SUPPORTED
ood_003,B,4,adequate,time_varying_random_delay,medium,uniform_20_120_s,no_incident,step,high,jitter,high_0p65_0p80,final_ood,ood_003_seed_10,198491317,explicit_locked_manifest,not_evaluated,not_evaluated_due_to_H2_PASSIVE_CAPABILITY_SET_NOT_SUPPORTED
ood_003,B,4,adequate,time_varying_random_delay,medium,uniform_20_120_s,no_incident,step,high,jitter,high_0p65_0p80,final_ood,ood_003_seed_11,217645199,explicit_locked_manifest,not_evaluated,not_evaluated_due_to_H2_PASSIVE_CAPABILITY_SET_NOT_SUPPORTED
ood_003,B,4,adequate,time_varying_random_delay,medium,uniform_20_120_s,no_incident,step,high,jitter,high_0p65_0p80,final_ood,ood_003_seed_12,236887699,explicit_locked_manifest,not_evaluated,not_evaluated_due_to_H2_PASSIVE_CAPABILITY_SET_NOT_SUPPORTED
ood_003,B,4,adequate,time_varying_random_delay,medium,uniform_20_120_s,no_incident,step,high,jitter,high_0p65_0p80,final_ood,ood_003_seed_13,256203221,explicit_locked_manifest,not_evaluated,not_evaluated_due_to_H2_PASSIVE_CAPABILITY_SET_NOT_SUPPORTED
ood_003,B,4,adequate,time_varying_random_delay,medium,uniform_20_120_s,no_incident,step,high,jitter,high_0p65_0p80,final_ood,ood_003_seed_14,275604541,explicit_locked_manifest,not_evaluated,not_evaluated_due_to_H2_PASSIVE_CAPABILITY_SET_NOT_SUPPORTED
ood_003,B,4,adequate,time_varying_random_delay,medium,uniform_20_120_s,no_incident,step,high,jitter,high_0p65_0p80,final_ood,ood_003_seed_15,295075147,explicit_locked_manifest,not_evaluated,not_evaluated_due_to_H2_PASSIVE_CAPABILITY_SET_NOT_SUPPORTED
ood_003,B,4,adequate,time_varying_random_delay,medium,uniform_20_120_s,no_incident,step,high,jitter,high_0p65_0p80,final_ood,ood_003_seed_16,314606891,explicit_locked_manifest,not_evaluated,not_evaluated_due_to_H2_PASSIVE_CAPABILITY_SET_NOT_SUPPORTED
ood_003,B,4,adequate,time_varying_random_delay,medium,uniform_20_120_s,no_incident,step,high,jitter,high_0p65_0p80,final_ood,ood_003_seed_17,334214467,explicit_locked_manifest,not_evaluated,not_evaluated_due_to_H2_PASSIVE_CAPABILITY_SET_NOT_SUPPORTED
ood_003,B,4,adequate,time_varying_random_delay,medium,uniform_20_120_s,no_incident,step,high,jitter,high_0p65_0p80,final_ood,ood_003_seed_18,353868013,explicit_locked_manifest,not_evaluated,not_evaluated_due_to_H2_PASSIVE_CAPABILITY_SET_NOT_SUPPORTED
ood_003,B,4,adequate,time_varying_random_delay,medium,uniform_20_120_s,no_incident,step,high,jitter,high_0p65_0p80,final_ood,ood_003_seed_19,373587883,explicit_locked_manifest,not_evaluated,not_evaluated_due_to_H2_PASSIVE_CAPABILITY_SET_NOT_SUPPORTED
ood_004,A,2,scarce,slow_drift,medium,uniform_20_120_s,before,ramp,low,random_dropout,low_0p25_0p40,final_ood,ood_004_seed_00,15485863,explicit_locked_manifest,not_evaluated,not_evaluated_due_to_H2_PASSIVE_CAPABILITY_SET_NOT_SUPPORTED
ood_004,A,2,scarce,slow_drift,medium,uniform_20_120_s,before,ramp,low,random_dropout,low_0p25_0p40,final_ood,ood_004_seed_01,32452843,explicit_locked_manifest,not_evaluated,not_evaluated_due_to_H2_PASSIVE_CAPABILITY_SET_NOT_SUPPORTED
ood_004,A,2,scarce,slow_drift,medium,uniform_20_120_s,before,ramp,low,random_dropout,low_0p25_0p40,final_ood,ood_004_seed_02,49979687,explicit_locked_manifest,not_evaluated,not_evaluated_due_to_H2_PASSIVE_CAPABILITY_SET_NOT_SUPPORTED
ood_004,A,2,scarce,slow_drift,medium,uniform_20_120_s,before,ramp,low,random_dropout,low_0p25_0p40,final_ood,ood_004_seed_03,67867967,explicit_locked_manifest,not_evaluated,not_evaluated_due_to_H2_PASSIVE_CAPABILITY_SET_NOT_SUPPORTED
ood_004,A,2,scarce,slow_drift,medium,uniform_20_120_s,before,ramp,low,random_dropout,low_0p25_0p40,final_ood,ood_004_seed_04,86028121,explicit_locked_manifest,not_evaluated,not_evaluated_due_to_H2_PASSIVE_CAPABILITY_SET_NOT_SUPPORTED
ood_004,A,2,scarce,slow_drift,medium,uniform_20_120_s,before,ramp,low,random_dropout,low_0p25_0p40,final_ood,ood_004_seed_05,104395303,explicit_locked_manifest,not_evaluated,not_evaluated_due_to_H2_PASSIVE_CAPABILITY_SET_NOT_SUPPORTED
ood_004,A,2,scarce,slow_drift,medium,uniform_20_120_s,before,ramp,low,random_dropout,low_0p25_0p40,final_ood,ood_004_seed_06,122949823,explicit_locked_manifest,not_evaluated,not_evaluated_due_to_H2_PASSIVE_CAPABILITY_SET_NOT_SUPPORTED
ood_004,A,2,scarce,slow_drift,medium,uniform_20_120_s,before,ramp,low,random_dropout,low_0p25_0p40,final_ood,ood_004_seed_07,141650939,explicit_locked_manifest,not_evaluated,not_evaluated_due_to_H2_PASSIVE_CAPABILITY_SET_NOT_SUPPORTED
ood_004,A,2,scarce,slow_drift,medium,uniform_20_120_s,before,ramp,low,random_dropout,low_0p25_0p40,final_ood,ood_004_seed_08,160481183,explicit_locked_manifest,not_evaluated,not_evaluated_due_to_H2_PASSIVE_CAPABILITY_SET_NOT_SUPPORTED
ood_004,A,2,scarce,slow_drift,medium,uniform_20_120_s,before,ramp,low,random_dropout,low_0p25_0p40,final_ood,ood_004_seed_09,179424673,explicit_locked_manifest,not_evaluated,not_evaluated_due_to_H2_PASSIVE_CAPABILITY_SET_NOT_SUPPORTED
ood_004,A,2,scarce,slow_drift,medium,uniform_20_120_s,before,ramp,low,random_dropout,low_0p25_0p40,final_ood,ood_004_seed_10,198491317,explicit_locked_manifest,not_evaluated,not_evaluated_due_to_H2_PASSIVE_CAPABILITY_SET_NOT_SUPPORTED
ood_004,A,2,scarce,slow_drift,medium,uniform_20_120_s,before,ramp,low,random_dropout,low_0p25_0p40,final_ood,ood_004_seed_11,217645199,explicit_locked_manifest,not_evaluated,not_evaluated_due_to_H2_PASSIVE_CAPABILITY_SET_NOT_SUPPORTED
ood_004,A,2,scarce,slow_drift,medium,uniform_20_120_s,before,ramp,low,random_dropout,low_0p25_0p40,final_ood,ood_004_seed_12,236887699,explicit_locked_manifest,not_evaluated,not_evaluated_due_to_H2_PASSIVE_CAPABILITY_SET_NOT_SUPPORTED
ood_004,A,2,scarce,slow_drift,medium,uniform_20_120_s,before,ramp,low,random_dropout,low_0p25_0p40,final_ood,ood_004_seed_13,256203221,explicit_locked_manifest,not_evaluated,not_evaluated_due_to_H2_PASSIVE_CAPABILITY_SET_NOT_SUPPORTED
ood_004,A,2,scarce,slow_drift,medium,uniform_20_120_s,before,ramp,low,random_dropout,low_0p25_0p40,final_ood,ood_004_seed_14,275604541,explicit_locked_manifest,not_evaluated,not_evaluated_due_to_H2_PASSIVE_CAPABILITY_SET_NOT_SUPPORTED
ood_004,A,2,scarce,slow_drift,medium,uniform_20_120_s,before,ramp,low,random_dropout,low_0p25_0p40,final_ood,ood_004_seed_15,295075147,explicit_locked_manifest,not_evaluated,not_evaluated_due_to_H2_PASSIVE_CAPABILITY_SET_NOT_SUPPORTED
ood_004,A,2,scarce,slow_drift,medium,uniform_20_120_s,before,ramp,low,random_dropout,low_0p25_0p40,final_ood,ood_004_seed_16,314606891,explicit_locked_manifest,not_evaluated,not_evaluated_due_to_H2_PASSIVE_CAPABILITY_SET_NOT_SUPPORTED
ood_004,A,2,scarce,slow_drift,medium,uniform_20_120_s,before,ramp,low,random_dropout,low_0p25_0p40,final_ood,ood_004_seed_17,334214467,explicit_locked_manifest,not_evaluated,not_evaluated_due_to_H2_PASSIVE_CAPABILITY_SET_NOT_SUPPORTED
ood_004,A,2,scarce,slow_drift,medium,uniform_20_120_s,before,ramp,low,random_dropout,low_0p25_0p40,final_ood,ood_004_seed_18,353868013,explicit_locked_manifest,not_evaluated,not_evaluated_due_to_H2_PASSIVE_CAPABILITY_SET_NOT_SUPPORTED
ood_004,A,2,scarce,slow_drift,medium,uniform_20_120_s,before,ramp,low,random_dropout,low_0p25_0p40,final_ood,ood_004_seed_19,373587883,explicit_locked_manifest,not_evaluated,not_evaluated_due_to_H2_PASSIVE_CAPABILITY_SET_NOT_SUPPORTED
ood_005,B,2,critical,multiple_switches,medium,uniform_20_120_s,simultaneous,pulse,medium,normal,mid_0p45_0p60,final_ood,ood_005_seed_00,15485863,explicit_locked_manifest,not_evaluated,not_evaluated_due_to_H2_PASSIVE_CAPABILITY_SET_NOT_SUPPORTED
ood_005,B,2,critical,multiple_switches,medium,uniform_20_120_s,simultaneous,pulse,medium,normal,mid_0p45_0p60,final_ood,ood_005_seed_01,32452843,explicit_locked_manifest,not_evaluated,not_evaluated_due_to_H2_PASSIVE_CAPABILITY_SET_NOT_SUPPORTED
ood_005,B,2,critical,multiple_switches,medium,uniform_20_120_s,simultaneous,pulse,medium,normal,mid_0p45_0p60,final_ood,ood_005_seed_02,49979687,explicit_locked_manifest,not_evaluated,not_evaluated_due_to_H2_PASSIVE_CAPABILITY_SET_NOT_SUPPORTED
ood_005,B,2,critical,multiple_switches,medium,uniform_20_120_s,simultaneous,pulse,medium,normal,mid_0p45_0p60,final_ood,ood_005_seed_03,67867967,explicit_locked_manifest,not_evaluated,not_evaluated_due_to_H2_PASSIVE_CAPABILITY_SET_NOT_SUPPORTED
ood_005,B,2,critical,multiple_switches,medium,uniform_20_120_s,simultaneous,pulse,medium,normal,mid_0p45_0p60,final_ood,ood_005_seed_04,86028121,explicit_locked_manifest,not_evaluated,not_evaluated_due_to_H2_PASSIVE_CAPABILITY_SET_NOT_SUPPORTED
ood_005,B,2,critical,multiple_switches,medium,uniform_20_120_s,simultaneous,pulse,medium,normal,mid_0p45_0p60,final_ood,ood_005_seed_05,104395303,explicit_locked_manifest,not_evaluated,not_evaluated_due_to_H2_PASSIVE_CAPABILITY_SET_NOT_SUPPORTED
ood_005,B,2,critical,multiple_switches,medium,uniform_20_120_s,simultaneous,pulse,medium,normal,mid_0p45_0p60,final_ood,ood_005_seed_06,122949823,explicit_locked_manifest,not_evaluated,not_evaluated_due_to_H2_PASSIVE_CAPABILITY_SET_NOT_SUPPORTED
ood_005,B,2,critical,multiple_switches,medium,uniform_20_120_s,simultaneous,pulse,medium,normal,mid_0p45_0p60,final_ood,ood_005_seed_07,141650939,explicit_locked_manifest,not_evaluated,not_evaluated_due_to_H2_PASSIVE_CAPABILITY_SET_NOT_SUPPORTED
ood_005,B,2,critical,multiple_switches,medium,uniform_20_120_s,simultaneous,pulse,medium,normal,mid_0p45_0p60,final_ood,ood_005_seed_08,160481183,explicit_locked_manifest,not_evaluated,not_evaluated_due_to_H2_PASSIVE_CAPABILITY_SET_NOT_SUPPORTED
ood_005,B,2,critical,multiple_switches,medium,uniform_20_120_s,simultaneous,pulse,medium,normal,mid_0p45_0p60,final_ood,ood_005_seed_09,179424673,explicit_locked_manifest,not_evaluated,not_evaluated_due_to_H2_PASSIVE_CAPABILITY_SET_NOT_SUPPORTED
ood_005,B,2,critical,multiple_switches,medium,uniform_20_120_s,simultaneous,pulse,medium,normal,mid_0p45_0p60,final_ood,ood_005_seed_10,198491317,explicit_locked_manifest,not_evaluated,not_evaluated_due_to_H2_PASSIVE_CAPABILITY_SET_NOT_SUPPORTED
ood_005,B,2,critical,multiple_switches,medium,uniform_20_120_s,simultaneous,pulse,medium,normal,mid_0p45_0p60,final_ood,ood_005_seed_11,217645199,explicit_locked_manifest,not_evaluated,not_evaluated_due_to_H2_PASSIVE_CAPABILITY_SET_NOT_SUPPORTED
ood_005,B,2,critical,multiple_switches,medium,uniform_20_120_s,simultaneous,pulse,medium,normal,mid_0p45_0p60,final_ood,ood_005_seed_12,236887699,explicit_locked_manifest,not_evaluated,not_evaluated_due_to_H2_PASSIVE_CAPABILITY_SET_NOT_SUPPORTED
ood_005,B,2,critical,multiple_switches,medium,uniform_20_120_s,simultaneous,pulse,medium,normal,mid_0p45_0p60,final_ood,ood_005_seed_13,256203221,explicit_locked_manifest,not_evaluated,not_evaluated_due_to_H2_PASSIVE_CAPABILITY_SET_NOT_SUPPORTED
ood_005,B,2,critical,multiple_switches,medium,uniform_20_120_s,simultaneous,pulse,medium,normal,mid_0p45_0p60,final_ood,ood_005_seed_14,275604541,explicit_locked_manifest,not_evaluated,not_evaluated_due_to_H2_PASSIVE_CAPABILITY_SET_NOT_SUPPORTED
ood_005,B,2,critical,multiple_switches,medium,uniform_20_120_s,simultaneous,pulse,medium,normal,mid_0p45_0p60,final_ood,ood_005_seed_15,295075147,explicit_locked_manifest,not_evaluated,not_evaluated_due_to_H2_PASSIVE_CAPABILITY_SET_NOT_SUPPORTED
ood_005,B,2,critical,multiple_switches,medium,uniform_20_120_s,simultaneous,pulse,medium,normal,mid_0p45_0p60,final_ood,ood_005_seed_16,314606891,explicit_locked_manifest,not_evaluated,not_evaluated_due_to_H2_PASSIVE_CAPABILITY_SET_NOT_SUPPORTED
ood_005,B,2,critical,multiple_switches,medium,uniform_20_120_s,simultaneous,pulse,medium,normal,mid_0p45_0p60,final_ood,ood_005_seed_17,334214467,explicit_locked_manifest,not_evaluated,not_evaluated_due_to_H2_PASSIVE_CAPABILITY_SET_NOT_SUPPORTED
ood_005,B,2,critical,multiple_switches,medium,uniform_20_120_s,simultaneous,pulse,medium,normal,mid_0p45_0p60,final_ood,ood_005_seed_18,353868013,explicit_locked_manifest,not_evaluated,not_evaluated_due_to_H2_PASSIVE_CAPABILITY_SET_NOT_SUPPORTED
ood_005,B,2,critical,multiple_switches,medium,uniform_20_120_s,simultaneous,pulse,medium,normal,mid_0p45_0p60,final_ood,ood_005_seed_19,373587883,explicit_locked_manifest,not_evaluated,not_evaluated_due_to_H2_PASSIVE_CAPABILITY_SET_NOT_SUPPORTED
ood_006,A,4,adequate,load_capability_simultaneous,severe,uniform_20_120_s,after,stochastic_net_load,high,jitter,high_0p65_0p80,final_ood,ood_006_seed_00,15485863,explicit_locked_manifest,not_evaluated,not_evaluated_due_to_H2_PASSIVE_CAPABILITY_SET_NOT_SUPPORTED
ood_006,A,4,adequate,load_capability_simultaneous,severe,uniform_20_120_s,after,stochastic_net_load,high,jitter,high_0p65_0p80,final_ood,ood_006_seed_01,32452843,explicit_locked_manifest,not_evaluated,not_evaluated_due_to_H2_PASSIVE_CAPABILITY_SET_NOT_SUPPORTED
ood_006,A,4,adequate,load_capability_simultaneous,severe,uniform_20_120_s,after,stochastic_net_load,high,jitter,high_0p65_0p80,final_ood,ood_006_seed_02,49979687,explicit_locked_manifest,not_evaluated,not_evaluated_due_to_H2_PASSIVE_CAPABILITY_SET_NOT_SUPPORTED
ood_006,A,4,adequate,load_capability_simultaneous,severe,uniform_20_120_s,after,stochastic_net_load,high,jitter,high_0p65_0p80,final_ood,ood_006_seed_03,67867967,explicit_locked_manifest,not_evaluated,not_evaluated_due_to_H2_PASSIVE_CAPABILITY_SET_NOT_SUPPORTED
ood_006,A,4,adequate,load_capability_simultaneous,severe,uniform_20_120_s,after,stochastic_net_load,high,jitter,high_0p65_0p80,final_ood,ood_006_seed_04,86028121,explicit_locked_manifest,not_evaluated,not_evaluated_due_to_H2_PASSIVE_CAPABILITY_SET_NOT_SUPPORTED
ood_006,A,4,adequate,load_capability_simultaneous,severe,uniform_20_120_s,after,stochastic_net_load,high,jitter,high_0p65_0p80,final_ood,ood_006_seed_05,104395303,explicit_locked_manifest,not_evaluated,not_evaluated_due_to_H2_PASSIVE_CAPABILITY_SET_NOT_SUPPORTED
ood_006,A,4,adequate,load_capability_simultaneous,severe,uniform_20_120_s,after,stochastic_net_load,high,jitter,high_0p65_0p80,final_ood,ood_006_seed_06,122949823,explicit_locked_manifest,not_evaluated,not_evaluated_due_to_H2_PASSIVE_CAPABILITY_SET_NOT_SUPPORTED
ood_006,A,4,adequate,load_capability_simultaneous,severe,uniform_20_120_s,after,stochastic_net_load,high,jitter,high_0p65_0p80,final_ood,ood_006_seed_07,141650939,explicit_locked_manifest,not_evaluated,not_evaluated_due_to_H2_PASSIVE_CAPABILITY_SET_NOT_SUPPORTED
ood_006,A,4,adequate,load_capability_simultaneous,severe,uniform_20_120_s,after,stochastic_net_load,high,jitter,high_0p65_0p80,final_ood,ood_006_seed_08,160481183,explicit_locked_manifest,not_evaluated,not_evaluated_due_to_H2_PASSIVE_CAPABILITY_SET_NOT_SUPPORTED
ood_006,A,4,adequate,load_capability_simultaneous,severe,uniform_20_120_s,after,stochastic_net_load,high,jitter,high_0p65_0p80,final_ood,ood_006_seed_09,179424673,explicit_locked_manifest,not_evaluated,not_evaluated_due_to_H2_PASSIVE_CAPABILITY_SET_NOT_SUPPORTED
ood_006,A,4,adequate,load_capability_simultaneous,severe,uniform_20_120_s,after,stochastic_net_load,high,jitter,high_0p65_0p80,final_ood,ood_006_seed_10,198491317,explicit_locked_manifest,not_evaluated,not_evaluated_due_to_H2_PASSIVE_CAPABILITY_SET_NOT_SUPPORTED
ood_006,A,4,adequate,load_capability_simultaneous,severe,uniform_20_120_s,after,stochastic_net_load,high,jitter,high_0p65_0p80,final_ood,ood_006_seed_11,217645199,explicit_locked_manifest,not_evaluated,not_evaluated_due_to_H2_PASSIVE_CAPABILITY_SET_NOT_SUPPORTED
ood_006,A,4,adequate,load_capability_simultaneous,severe,uniform_20_120_s,after,stochastic_net_load,high,jitter,high_0p65_0p80,final_ood,ood_006_seed_12,236887699,explicit_locked_manifest,not_evaluated,not_evaluated_due_to_H2_PASSIVE_CAPABILITY_SET_NOT_SUPPORTED
ood_006,A,4,adequate,load_capability_simultaneous,severe,uniform_20_120_s,after,stochastic_net_load,high,jitter,high_0p65_0p80,final_ood,ood_006_seed_13,256203221,explicit_locked_manifest,not_evaluated,not_evaluated_due_to_H2_PASSIVE_CAPABILITY_SET_NOT_SUPPORTED
ood_006,A,4,adequate,load_capability_simultaneous,severe,uniform_20_120_s,after,stochastic_net_load,high,jitter,high_0p65_0p80,final_ood,ood_006_seed_14,275604541,explicit_locked_manifest,not_evaluated,not_evaluated_due_to_H2_PASSIVE_CAPABILITY_SET_NOT_SUPPORTED
ood_006,A,4,adequate,load_capability_simultaneous,severe,uniform_20_120_s,after,stochastic_net_load,high,jitter,high_0p65_0p80,final_ood,ood_006_seed_15,295075147,explicit_locked_manifest,not_evaluated,not_evaluated_due_to_H2_PASSIVE_CAPABILITY_SET_NOT_SUPPORTED
ood_006,A,4,adequate,load_capability_simultaneous,severe,uniform_20_120_s,after,stochastic_net_load,high,jitter,high_0p65_0p80,final_ood,ood_006_seed_16,314606891,explicit_locked_manifest,not_evaluated,not_evaluated_due_to_H2_PASSIVE_CAPABILITY_SET_NOT_SUPPORTED
ood_006,A,4,adequate,load_capability_simultaneous,severe,uniform_20_120_s,after,stochastic_net_load,high,jitter,high_0p65_0p80,final_ood,ood_006_seed_17,334214467,explicit_locked_manifest,not_evaluated,not_evaluated_due_to_H2_PASSIVE_CAPABILITY_SET_NOT_SUPPORTED
ood_006,A,4,adequate,load_capability_simultaneous,severe,uniform_20_120_s,after,stochastic_net_load,high,jitter,high_0p65_0p80,final_ood,ood_006_seed_18,353868013,explicit_locked_manifest,not_evaluated,not_evaluated_due_to_H2_PASSIVE_CAPABILITY_SET_NOT_SUPPORTED
ood_006,A,4,adequate,load_capability_simultaneous,severe,uniform_20_120_s,after,stochastic_net_load,high,jitter,high_0p65_0p80,final_ood,ood_006_seed_19,373587883,explicit_locked_manifest,not_evaluated,not_evaluated_due_to_H2_PASSIVE_CAPABILITY_SET_NOT_SUPPORTED
ood_007,B,4,scarce,unknown_initial_energy,severe,uniform_20_120_s,no_incident,step,low,random_dropout,low_0p25_0p40,final_ood,ood_007_seed_00,15485863,explicit_locked_manifest,not_evaluated,not_evaluated_due_to_H2_PASSIVE_CAPABILITY_SET_NOT_SUPPORTED
ood_007,B,4,scarce,unknown_initial_energy,severe,uniform_20_120_s,no_incident,step,low,random_dropout,low_0p25_0p40,final_ood,ood_007_seed_01,32452843,explicit_locked_manifest,not_evaluated,not_evaluated_due_to_H2_PASSIVE_CAPABILITY_SET_NOT_SUPPORTED
ood_007,B,4,scarce,unknown_initial_energy,severe,uniform_20_120_s,no_incident,step,low,random_dropout,low_0p25_0p40,final_ood,ood_007_seed_02,49979687,explicit_locked_manifest,not_evaluated,not_evaluated_due_to_H2_PASSIVE_CAPABILITY_SET_NOT_SUPPORTED
ood_007,B,4,scarce,unknown_initial_energy,severe,uniform_20_120_s,no_incident,step,low,random_dropout,low_0p25_0p40,final_ood,ood_007_seed_03,67867967,explicit_locked_manifest,not_evaluated,not_evaluated_due_to_H2_PASSIVE_CAPABILITY_SET_NOT_SUPPORTED
ood_007,B,4,scarce,unknown_initial_energy,severe,uniform_20_120_s,no_incident,step,low,random_dropout,low_0p25_0p40,final_ood,ood_007_seed_04,86028121,explicit_locked_manifest,not_evaluated,not_evaluated_due_to_H2_PASSIVE_CAPABILITY_SET_NOT_SUPPORTED
ood_007,B,4,scarce,unknown_initial_energy,severe,uniform_20_120_s,no_incident,step,low,random_dropout,low_0p25_0p40,final_ood,ood_007_seed_05,104395303,explicit_locked_manifest,not_evaluated,not_evaluated_due_to_H2_PASSIVE_CAPABILITY_SET_NOT_SUPPORTED
ood_007,B,4,scarce,unknown_initial_energy,severe,uniform_20_120_s,no_incident,step,low,random_dropout,low_0p25_0p40,final_ood,ood_007_seed_06,122949823,explicit_locked_manifest,not_evaluated,not_evaluated_due_to_H2_PASSIVE_CAPABILITY_SET_NOT_SUPPORTED
ood_007,B,4,scarce,unknown_initial_energy,severe,uniform_20_120_s,no_incident,step,low,random_dropout,low_0p25_0p40,final_ood,ood_007_seed_07,141650939,explicit_locked_manifest,not_evaluated,not_evaluated_due_to_H2_PASSIVE_CAPABILITY_SET_NOT_SUPPORTED
ood_007,B,4,scarce,unknown_initial_energy,severe,uniform_20_120_s,no_incident,step,low,random_dropout,low_0p25_0p40,final_ood,ood_007_seed_08,160481183,explicit_locked_manifest,not_evaluated,not_evaluated_due_to_H2_PASSIVE_CAPABILITY_SET_NOT_SUPPORTED
ood_007,B,4,scarce,unknown_initial_energy,severe,uniform_20_120_s,no_incident,step,low,random_dropout,low_0p25_0p40,final_ood,ood_007_seed_09,179424673,explicit_locked_manifest,not_evaluated,not_evaluated_due_to_H2_PASSIVE_CAPABILITY_SET_NOT_SUPPORTED
ood_007,B,4,scarce,unknown_initial_energy,severe,uniform_20_120_s,no_incident,step,low,random_dropout,low_0p25_0p40,final_ood,ood_007_seed_10,198491317,explicit_locked_manifest,not_evaluated,not_evaluated_due_to_H2_PASSIVE_CAPABILITY_SET_NOT_SUPPORTED
ood_007,B,4,scarce,unknown_initial_energy,severe,uniform_20_120_s,no_incident,step,low,random_dropout,low_0p25_0p40,final_ood,ood_007_seed_11,217645199,explicit_locked_manifest,not_evaluated,not_evaluated_due_to_H2_PASSIVE_CAPABILITY_SET_NOT_SUPPORTED
ood_007,B,4,scarce,unknown_initial_energy,severe,uniform_20_120_s,no_incident,step,low,random_dropout,low_0p25_0p40,final_ood,ood_007_seed_12,236887699,explicit_locked_manifest,not_evaluated,not_evaluated_due_to_H2_PASSIVE_CAPABILITY_SET_NOT_SUPPORTED
ood_007,B,4,scarce,unknown_initial_energy,severe,uniform_20_120_s,no_incident,step,low,random_dropout,low_0p25_0p40,final_ood,ood_007_seed_13,256203221,explicit_locked_manifest,not_evaluated,not_evaluated_due_to_H2_PASSIVE_CAPABILITY_SET_NOT_SUPPORTED
ood_007,B,4,scarce,unknown_initial_energy,severe,uniform_20_120_s,no_incident,step,low,random_dropout,low_0p25_0p40,final_ood,ood_007_seed_14,275604541,explicit_locked_manifest,not_evaluated,not_evaluated_due_to_H2_PASSIVE_CAPABILITY_SET_NOT_SUPPORTED
ood_007,B,4,scarce,unknown_initial_energy,severe,uniform_20_120_s,no_incident,step,low,random_dropout,low_0p25_0p40,final_ood,ood_007_seed_15,295075147,explicit_locked_manifest,not_evaluated,not_evaluated_due_to_H2_PASSIVE_CAPABILITY_SET_NOT_SUPPORTED
ood_007,B,4,scarce,unknown_initial_energy,severe,uniform_20_120_s,no_incident,step,low,random_dropout,low_0p25_0p40,final_ood,ood_007_seed_16,314606891,explicit_locked_manifest,not_evaluated,not_evaluated_due_to_H2_PASSIVE_CAPABILITY_SET_NOT_SUPPORTED
ood_007,B,4,scarce,unknown_initial_energy,severe,uniform_20_120_s,no_incident,step,low,random_dropout,low_0p25_0p40,final_ood,ood_007_seed_17,334214467,explicit_locked_manifest,not_evaluated,not_evaluated_due_to_H2_PASSIVE_CAPABILITY_SET_NOT_SUPPORTED
ood_007,B,4,scarce,unknown_initial_energy,severe,uniform_20_120_s,no_incident,step,low,random_dropout,low_0p25_0p40,final_ood,ood_007_seed_18,353868013,explicit_locked_manifest,not_evaluated,not_evaluated_due_to_H2_PASSIVE_CAPABILITY_SET_NOT_SUPPORTED
ood_007,B,4,scarce,unknown_initial_energy,severe,uniform_20_120_s,no_incident,step,low,random_dropout,low_0p25_0p40,final_ood,ood_007_seed_19,373587883,explicit_locked_manifest,not_evaluated,not_evaluated_due_to_H2_PASSIVE_CAPABILITY_SET_NOT_SUPPORTED
ood_008,A,2,critical,service_restoration,severe,uniform_20_120_s,before,ramp,medium,normal,mid_0p45_0p60,final_ood,ood_008_seed_00,15485863,explicit_locked_manifest,not_evaluated,not_evaluated_due_to_H2_PASSIVE_CAPABILITY_SET_NOT_SUPPORTED
ood_008,A,2,critical,service_restoration,severe,uniform_20_120_s,before,ramp,medium,normal,mid_0p45_0p60,final_ood,ood_008_seed_01,32452843,explicit_locked_manifest,not_evaluated,not_evaluated_due_to_H2_PASSIVE_CAPABILITY_SET_NOT_SUPPORTED
ood_008,A,2,critical,service_restoration,severe,uniform_20_120_s,before,ramp,medium,normal,mid_0p45_0p60,final_ood,ood_008_seed_02,49979687,explicit_locked_manifest,not_evaluated,not_evaluated_due_to_H2_PASSIVE_CAPABILITY_SET_NOT_SUPPORTED
ood_008,A,2,critical,service_restoration,severe,uniform_20_120_s,before,ramp,medium,normal,mid_0p45_0p60,final_ood,ood_008_seed_03,67867967,explicit_locked_manifest,not_evaluated,not_evaluated_due_to_H2_PASSIVE_CAPABILITY_SET_NOT_SUPPORTED
ood_008,A,2,critical,service_restoration,severe,uniform_20_120_s,before,ramp,medium,normal,mid_0p45_0p60,final_ood,ood_008_seed_04,86028121,explicit_locked_manifest,not_evaluated,not_evaluated_due_to_H2_PASSIVE_CAPABILITY_SET_NOT_SUPPORTED
ood_008,A,2,critical,service_restoration,severe,uniform_20_120_s,before,ramp,medium,normal,mid_0p45_0p60,final_ood,ood_008_seed_05,104395303,explicit_locked_manifest,not_evaluated,not_evaluated_due_to_H2_PASSIVE_CAPABILITY_SET_NOT_SUPPORTED
ood_008,A,2,critical,service_restoration,severe,uniform_20_120_s,before,ramp,medium,normal,mid_0p45_0p60,final_ood,ood_008_seed_06,122949823,explicit_locked_manifest,not_evaluated,not_evaluated_due_to_H2_PASSIVE_CAPABILITY_SET_NOT_SUPPORTED
ood_008,A,2,critical,service_restoration,severe,uniform_20_120_s,before,ramp,medium,normal,mid_0p45_0p60,final_ood,ood_008_seed_07,141650939,explicit_locked_manifest,not_evaluated,not_evaluated_due_to_H2_PASSIVE_CAPABILITY_SET_NOT_SUPPORTED
ood_008,A,2,critical,service_restoration,severe,uniform_20_120_s,before,ramp,medium,normal,mid_0p45_0p60,final_ood,ood_008_seed_08,160481183,explicit_locked_manifest,not_evaluated,not_evaluated_due_to_H2_PASSIVE_CAPABILITY_SET_NOT_SUPPORTED
ood_008,A,2,critical,service_restoration,severe,uniform_20_120_s,before,ramp,medium,normal,mid_0p45_0p60,final_ood,ood_008_seed_09,179424673,explicit_locked_manifest,not_evaluated,not_evaluated_due_to_H2_PASSIVE_CAPABILITY_SET_NOT_SUPPORTED
ood_008,A,2,critical,service_restoration,severe,uniform_20_120_s,before,ramp,medium,normal,mid_0p45_0p60,final_ood,ood_008_seed_10,198491317,explicit_locked_manifest,not_evaluated,not_evaluated_due_to_H2_PASSIVE_CAPABILITY_SET_NOT_SUPPORTED
ood_008,A,2,critical,service_restoration,severe,uniform_20_120_s,before,ramp,medium,normal,mid_0p45_0p60,final_ood,ood_008_seed_11,217645199,explicit_locked_manifest,not_evaluated,not_evaluated_due_to_H2_PASSIVE_CAPABILITY_SET_NOT_SUPPORTED
ood_008,A,2,critical,service_restoration,severe,uniform_20_120_s,before,ramp,medium,normal,mid_0p45_0p60,final_ood,ood_008_seed_12,236887699,explicit_locked_manifest,not_evaluated,not_evaluated_due_to_H2_PASSIVE_CAPABILITY_SET_NOT_SUPPORTED
ood_008,A,2,critical,service_restoration,severe,uniform_20_120_s,before,ramp,medium,normal,mid_0p45_0p60,final_ood,ood_008_seed_13,256203221,explicit_locked_manifest,not_evaluated,not_evaluated_due_to_H2_PASSIVE_CAPABILITY_SET_NOT_SUPPORTED
ood_008,A,2,critical,service_restoration,severe,uniform_20_120_s,before,ramp,medium,normal,mid_0p45_0p60,final_ood,ood_008_seed_14,275604541,explicit_locked_manifest,not_evaluated,not_evaluated_due_to_H2_PASSIVE_CAPABILITY_SET_NOT_SUPPORTED
ood_008,A,2,critical,service_restoration,severe,uniform_20_120_s,before,ramp,medium,normal,mid_0p45_0p60,final_ood,ood_008_seed_15,295075147,explicit_locked_manifest,not_evaluated,not_evaluated_due_to_H2_PASSIVE_CAPABILITY_SET_NOT_SUPPORTED
ood_008,A,2,critical,service_restoration,severe,uniform_20_120_s,before,ramp,medium,normal,mid_0p45_0p60,final_ood,ood_008_seed_16,314606891,explicit_locked_manifest,not_evaluated,not_evaluated_due_to_H2_PASSIVE_CAPABILITY_SET_NOT_SUPPORTED
ood_008,A,2,critical,service_restoration,severe,uniform_20_120_s,before,ramp,medium,normal,mid_0p45_0p60,final_ood,ood_008_seed_17,334214467,explicit_locked_manifest,not_evaluated,not_evaluated_due_to_H2_PASSIVE_CAPABILITY_SET_NOT_SUPPORTED
ood_008,A,2,critical,service_restoration,severe,uniform_20_120_s,before,ramp,medium,normal,mid_0p45_0p60,final_ood,ood_008_seed_18,353868013,explicit_locked_manifest,not_evaluated,not_evaluated_due_to_H2_PASSIVE_CAPABILITY_SET_NOT_SUPPORTED
ood_008,A,2,critical,service_restoration,severe,uniform_20_120_s,before,ramp,medium,normal,mid_0p45_0p60,final_ood,ood_008_seed_19,373587883,explicit_locked_manifest,not_evaluated,not_evaluated_due_to_H2_PASSIVE_CAPABILITY_SET_NOT_SUPPORTED
ood_009,B,2,adequate,indistinguishable_candidates,mild,uniform_20_120_s,simultaneous,pulse,high,jitter,high_0p65_0p80,final_ood,ood_009_seed_00,15485863,explicit_locked_manifest,not_evaluated,not_evaluated_due_to_H2_PASSIVE_CAPABILITY_SET_NOT_SUPPORTED
ood_009,B,2,adequate,indistinguishable_candidates,mild,uniform_20_120_s,simultaneous,pulse,high,jitter,high_0p65_0p80,final_ood,ood_009_seed_01,32452843,explicit_locked_manifest,not_evaluated,not_evaluated_due_to_H2_PASSIVE_CAPABILITY_SET_NOT_SUPPORTED
ood_009,B,2,adequate,indistinguishable_candidates,mild,uniform_20_120_s,simultaneous,pulse,high,jitter,high_0p65_0p80,final_ood,ood_009_seed_02,49979687,explicit_locked_manifest,not_evaluated,not_evaluated_due_to_H2_PASSIVE_CAPABILITY_SET_NOT_SUPPORTED
ood_009,B,2,adequate,indistinguishable_candidates,mild,uniform_20_120_s,simultaneous,pulse,high,jitter,high_0p65_0p80,final_ood,ood_009_seed_03,67867967,explicit_locked_manifest,not_evaluated,not_evaluated_due_to_H2_PASSIVE_CAPABILITY_SET_NOT_SUPPORTED
ood_009,B,2,adequate,indistinguishable_candidates,mild,uniform_20_120_s,simultaneous,pulse,high,jitter,high_0p65_0p80,final_ood,ood_009_seed_04,86028121,explicit_locked_manifest,not_evaluated,not_evaluated_due_to_H2_PASSIVE_CAPABILITY_SET_NOT_SUPPORTED
ood_009,B,2,adequate,indistinguishable_candidates,mild,uniform_20_120_s,simultaneous,pulse,high,jitter,high_0p65_0p80,final_ood,ood_009_seed_05,104395303,explicit_locked_manifest,not_evaluated,not_evaluated_due_to_H2_PASSIVE_CAPABILITY_SET_NOT_SUPPORTED
ood_009,B,2,adequate,indistinguishable_candidates,mild,uniform_20_120_s,simultaneous,pulse,high,jitter,high_0p65_0p80,final_ood,ood_009_seed_06,122949823,explicit_locked_manifest,not_evaluated,not_evaluated_due_to_H2_PASSIVE_CAPABILITY_SET_NOT_SUPPORTED
ood_009,B,2,adequate,indistinguishable_candidates,mild,uniform_20_120_s,simultaneous,pulse,high,jitter,high_0p65_0p80,final_ood,ood_009_seed_07,141650939,explicit_locked_manifest,not_evaluated,not_evaluated_due_to_H2_PASSIVE_CAPABILITY_SET_NOT_SUPPORTED
ood_009,B,2,adequate,indistinguishable_candidates,mild,uniform_20_120_s,simultaneous,pulse,high,jitter,high_0p65_0p80,final_ood,ood_009_seed_08,160481183,explicit_locked_manifest,not_evaluated,not_evaluated_due_to_H2_PASSIVE_CAPABILITY_SET_NOT_SUPPORTED
ood_009,B,2,adequate,indistinguishable_candidates,mild,uniform_20_120_s,simultaneous,pulse,high,jitter,high_0p65_0p80,final_ood,ood_009_seed_09,179424673,explicit_locked_manifest,not_evaluated,not_evaluated_due_to_H2_PASSIVE_CAPABILITY_SET_NOT_SUPPORTED
ood_009,B,2,adequate,indistinguishable_candidates,mild,uniform_20_120_s,simultaneous,pulse,high,jitter,high_0p65_0p80,final_ood,ood_009_seed_10,198491317,explicit_locked_manifest,not_evaluated,not_evaluated_due_to_H2_PASSIVE_CAPABILITY_SET_NOT_SUPPORTED
ood_009,B,2,adequate,indistinguishable_candidates,mild,uniform_20_120_s,simultaneous,pulse,high,jitter,high_0p65_0p80,final_ood,ood_009_seed_11,217645199,explicit_locked_manifest,not_evaluated,not_evaluated_due_to_H2_PASSIVE_CAPABILITY_SET_NOT_SUPPORTED
ood_009,B,2,adequate,indistinguishable_candidates,mild,uniform_20_120_s,simultaneous,pulse,high,jitter,high_0p65_0p80,final_ood,ood_009_seed_12,236887699,explicit_locked_manifest,not_evaluated,not_evaluated_due_to_H2_PASSIVE_CAPABILITY_SET_NOT_SUPPORTED
ood_009,B,2,adequate,indistinguishable_candidates,mild,uniform_20_120_s,simultaneous,pulse,high,jitter,high_0p65_0p80,final_ood,ood_009_seed_13,256203221,explicit_locked_manifest,not_evaluated,not_evaluated_due_to_H2_PASSIVE_CAPABILITY_SET_NOT_SUPPORTED
ood_009,B,2,adequate,indistinguishable_candidates,mild,uniform_20_120_s,simultaneous,pulse,high,jitter,high_0p65_0p80,final_ood,ood_009_seed_14,275604541,explicit_locked_manifest,not_evaluated,not_evaluated_due_to_H2_PASSIVE_CAPABILITY_SET_NOT_SUPPORTED
ood_009,B,2,adequate,indistinguishable_candidates,mild,uniform_20_120_s,simultaneous,pulse,high,jitter,high_0p65_0p80,final_ood,ood_009_seed_15,295075147,explicit_locked_manifest,not_evaluated,not_evaluated_due_to_H2_PASSIVE_CAPABILITY_SET_NOT_SUPPORTED
ood_009,B,2,adequate,indistinguishable_candidates,mild,uniform_20_120_s,simultaneous,pulse,high,jitter,high_0p65_0p80,final_ood,ood_009_seed_16,314606891,explicit_locked_manifest,not_evaluated,not_evaluated_due_to_H2_PASSIVE_CAPABILITY_SET_NOT_SUPPORTED
ood_009,B,2,adequate,indistinguishable_candidates,mild,uniform_20_120_s,simultaneous,pulse,high,jitter,high_0p65_0p80,final_ood,ood_009_seed_17,334214467,explicit_locked_manifest,not_evaluated,not_evaluated_due_to_H2_PASSIVE_CAPABILITY_SET_NOT_SUPPORTED
ood_009,B,2,adequate,indistinguishable_candidates,mild,uniform_20_120_s,simultaneous,pulse,high,jitter,high_0p65_0p80,final_ood,ood_009_seed_18,353868013,explicit_locked_manifest,not_evaluated,not_evaluated_due_to_H2_PASSIVE_CAPABILITY_SET_NOT_SUPPORTED
ood_009,B,2,adequate,indistinguishable_candidates,mild,uniform_20_120_s,simultaneous,pulse,high,jitter,high_0p65_0p80,final_ood,ood_009_seed_19,373587883,explicit_locked_manifest,not_evaluated,not_evaluated_due_to_H2_PASSIVE_CAPABILITY_SET_NOT_SUPPORTED
ood_010,A,4,scarce,indistinguishable_candidates,mild,uniform_20_120_s,after,stochastic_net_load,low,random_dropout,low_0p25_0p40,final_ood,ood_010_seed_00,15485863,explicit_locked_manifest,not_evaluated,not_evaluated_due_to_H2_PASSIVE_CAPABILITY_SET_NOT_SUPPORTED
ood_010,A,4,scarce,indistinguishable_candidates,mild,uniform_20_120_s,after,stochastic_net_load,low,random_dropout,low_0p25_0p40,final_ood,ood_010_seed_01,32452843,explicit_locked_manifest,not_evaluated,not_evaluated_due_to_H2_PASSIVE_CAPABILITY_SET_NOT_SUPPORTED
ood_010,A,4,scarce,indistinguishable_candidates,mild,uniform_20_120_s,after,stochastic_net_load,low,random_dropout,low_0p25_0p40,final_ood,ood_010_seed_02,49979687,explicit_locked_manifest,not_evaluated,not_evaluated_due_to_H2_PASSIVE_CAPABILITY_SET_NOT_SUPPORTED
ood_010,A,4,scarce,indistinguishable_candidates,mild,uniform_20_120_s,after,stochastic_net_load,low,random_dropout,low_0p25_0p40,final_ood,ood_010_seed_03,67867967,explicit_locked_manifest,not_evaluated,not_evaluated_due_to_H2_PASSIVE_CAPABILITY_SET_NOT_SUPPORTED
ood_010,A,4,scarce,indistinguishable_candidates,mild,uniform_20_120_s,after,stochastic_net_load,low,random_dropout,low_0p25_0p40,final_ood,ood_010_seed_04,86028121,explicit_locked_manifest,not_evaluated,not_evaluated_due_to_H2_PASSIVE_CAPABILITY_SET_NOT_SUPPORTED
ood_010,A,4,scarce,indistinguishable_candidates,mild,uniform_20_120_s,after,stochastic_net_load,low,random_dropout,low_0p25_0p40,final_ood,ood_010_seed_05,104395303,explicit_locked_manifest,not_evaluated,not_evaluated_due_to_H2_PASSIVE_CAPABILITY_SET_NOT_SUPPORTED
ood_010,A,4,scarce,indistinguishable_candidates,mild,uniform_20_120_s,after,stochastic_net_load,low,random_dropout,low_0p25_0p40,final_ood,ood_010_seed_06,122949823,explicit_locked_manifest,not_evaluated,not_evaluated_due_to_H2_PASSIVE_CAPABILITY_SET_NOT_SUPPORTED
ood_010,A,4,scarce,indistinguishable_candidates,mild,uniform_20_120_s,after,stochastic_net_load,low,random_dropout,low_0p25_0p40,final_ood,ood_010_seed_07,141650939,explicit_locked_manifest,not_evaluated,not_evaluated_due_to_H2_PASSIVE_CAPABILITY_SET_NOT_SUPPORTED
ood_010,A,4,scarce,indistinguishable_candidates,mild,uniform_20_120_s,after,stochastic_net_load,low,random_dropout,low_0p25_0p40,final_ood,ood_010_seed_08,160481183,explicit_locked_manifest,not_evaluated,not_evaluated_due_to_H2_PASSIVE_CAPABILITY_SET_NOT_SUPPORTED
ood_010,A,4,scarce,indistinguishable_candidates,mild,uniform_20_120_s,after,stochastic_net_load,low,random_dropout,low_0p25_0p40,final_ood,ood_010_seed_09,179424673,explicit_locked_manifest,not_evaluated,not_evaluated_due_to_H2_PASSIVE_CAPABILITY_SET_NOT_SUPPORTED
ood_010,A,4,scarce,indistinguishable_candidates,mild,uniform_20_120_s,after,stochastic_net_load,low,random_dropout,low_0p25_0p40,final_ood,ood_010_seed_10,198491317,explicit_locked_manifest,not_evaluated,not_evaluated_due_to_H2_PASSIVE_CAPABILITY_SET_NOT_SUPPORTED
ood_010,A,4,scarce,indistinguishable_candidates,mild,uniform_20_120_s,after,stochastic_net_load,low,random_dropout,low_0p25_0p40,final_ood,ood_010_seed_11,217645199,explicit_locked_manifest,not_evaluated,not_evaluated_due_to_H2_PASSIVE_CAPABILITY_SET_NOT_SUPPORTED
ood_010,A,4,scarce,indistinguishable_candidates,mild,uniform_20_120_s,after,stochastic_net_load,low,random_dropout,low_0p25_0p40,final_ood,ood_010_seed_12,236887699,explicit_locked_manifest,not_evaluated,not_evaluated_due_to_H2_PASSIVE_CAPABILITY_SET_NOT_SUPPORTED
ood_010,A,4,scarce,indistinguishable_candidates,mild,uniform_20_120_s,after,stochastic_net_load,low,random_dropout,low_0p25_0p40,final_ood,ood_010_seed_13,256203221,explicit_locked_manifest,not_evaluated,not_evaluated_due_to_H2_PASSIVE_CAPABILITY_SET_NOT_SUPPORTED
ood_010,A,4,scarce,indistinguishable_candidates,mild,uniform_20_120_s,after,stochastic_net_load,low,random_dropout,low_0p25_0p40,final_ood,ood_010_seed_14,275604541,explicit_locked_manifest,not_evaluated,not_evaluated_due_to_H2_PASSIVE_CAPABILITY_SET_NOT_SUPPORTED
ood_010,A,4,scarce,indistinguishable_candidates,mild,uniform_20_120_s,after,stochastic_net_load,low,random_dropout,low_0p25_0p40,final_ood,ood_010_seed_15,295075147,explicit_locked_manifest,not_evaluated,not_evaluated_due_to_H2_PASSIVE_CAPABILITY_SET_NOT_SUPPORTED
ood_010,A,4,scarce,indistinguishable_candidates,mild,uniform_20_120_s,after,stochastic_net_load,low,random_dropout,low_0p25_0p40,final_ood,ood_010_seed_16,314606891,explicit_locked_manifest,not_evaluated,not_evaluated_due_to_H2_PASSIVE_CAPABILITY_SET_NOT_SUPPORTED
ood_010,A,4,scarce,indistinguishable_candidates,mild,uniform_20_120_s,after,stochastic_net_load,low,random_dropout,low_0p25_0p40,final_ood,ood_010_seed_17,334214467,explicit_locked_manifest,not_evaluated,not_evaluated_due_to_H2_PASSIVE_CAPABILITY_SET_NOT_SUPPORTED
ood_010,A,4,scarce,indistinguishable_candidates,mild,uniform_20_120_s,after,stochastic_net_load,low,random_dropout,low_0p25_0p40,final_ood,ood_010_seed_18,353868013,explicit_locked_manifest,not_evaluated,not_evaluated_due_to_H2_PASSIVE_CAPABILITY_SET_NOT_SUPPORTED
ood_010,A,4,scarce,indistinguishable_candidates,mild,uniform_20_120_s,after,stochastic_net_load,low,random_dropout,low_0p25_0p40,final_ood,ood_010_seed_19,373587883,explicit_locked_manifest,not_evaluated,not_evaluated_due_to_H2_PASSIVE_CAPABILITY_SET_NOT_SUPPORTED
ood_011,B,4,critical,indistinguishable_candidates,mild,uniform_20_120_s,no_incident,step,medium,normal,mid_0p45_0p60,final_ood,ood_011_seed_00,15485863,explicit_locked_manifest,not_evaluated,not_evaluated_due_to_H2_PASSIVE_CAPABILITY_SET_NOT_SUPPORTED
ood_011,B,4,critical,indistinguishable_candidates,mild,uniform_20_120_s,no_incident,step,medium,normal,mid_0p45_0p60,final_ood,ood_011_seed_01,32452843,explicit_locked_manifest,not_evaluated,not_evaluated_due_to_H2_PASSIVE_CAPABILITY_SET_NOT_SUPPORTED
ood_011,B,4,critical,indistinguishable_candidates,mild,uniform_20_120_s,no_incident,step,medium,normal,mid_0p45_0p60,final_ood,ood_011_seed_02,49979687,explicit_locked_manifest,not_evaluated,not_evaluated_due_to_H2_PASSIVE_CAPABILITY_SET_NOT_SUPPORTED
ood_011,B,4,critical,indistinguishable_candidates,mild,uniform_20_120_s,no_incident,step,medium,normal,mid_0p45_0p60,final_ood,ood_011_seed_03,67867967,explicit_locked_manifest,not_evaluated,not_evaluated_due_to_H2_PASSIVE_CAPABILITY_SET_NOT_SUPPORTED
ood_011,B,4,critical,indistinguishable_candidates,mild,uniform_20_120_s,no_incident,step,medium,normal,mid_0p45_0p60,final_ood,ood_011_seed_04,86028121,explicit_locked_manifest,not_evaluated,not_evaluated_due_to_H2_PASSIVE_CAPABILITY_SET_NOT_SUPPORTED
ood_011,B,4,critical,indistinguishable_candidates,mild,uniform_20_120_s,no_incident,step,medium,normal,mid_0p45_0p60,final_ood,ood_011_seed_05,104395303,explicit_locked_manifest,not_evaluated,not_evaluated_due_to_H2_PASSIVE_CAPABILITY_SET_NOT_SUPPORTED
ood_011,B,4,critical,indistinguishable_candidates,mild,uniform_20_120_s,no_incident,step,medium,normal,mid_0p45_0p60,final_ood,ood_011_seed_06,122949823,explicit_locked_manifest,not_evaluated,not_evaluated_due_to_H2_PASSIVE_CAPABILITY_SET_NOT_SUPPORTED
ood_011,B,4,critical,indistinguishable_candidates,mild,uniform_20_120_s,no_incident,step,medium,normal,mid_0p45_0p60,final_ood,ood_011_seed_07,141650939,explicit_locked_manifest,not_evaluated,not_evaluated_due_to_H2_PASSIVE_CAPABILITY_SET_NOT_SUPPORTED
ood_011,B,4,critical,indistinguishable_candidates,mild,uniform_20_120_s,no_incident,step,medium,normal,mid_0p45_0p60,final_ood,ood_011_seed_08,160481183,explicit_locked_manifest,not_evaluated,not_evaluated_due_to_H2_PASSIVE_CAPABILITY_SET_NOT_SUPPORTED
ood_011,B,4,critical,indistinguishable_candidates,mild,uniform_20_120_s,no_incident,step,medium,normal,mid_0p45_0p60,final_ood,ood_011_seed_09,179424673,explicit_locked_manifest,not_evaluated,not_evaluated_due_to_H2_PASSIVE_CAPABILITY_SET_NOT_SUPPORTED
ood_011,B,4,critical,indistinguishable_candidates,mild,uniform_20_120_s,no_incident,step,medium,normal,mid_0p45_0p60,final_ood,ood_011_seed_10,198491317,explicit_locked_manifest,not_evaluated,not_evaluated_due_to_H2_PASSIVE_CAPABILITY_SET_NOT_SUPPORTED
ood_011,B,4,critical,indistinguishable_candidates,mild,uniform_20_120_s,no_incident,step,medium,normal,mid_0p45_0p60,final_ood,ood_011_seed_11,217645199,explicit_locked_manifest,not_evaluated,not_evaluated_due_to_H2_PASSIVE_CAPABILITY_SET_NOT_SUPPORTED
ood_011,B,4,critical,indistinguishable_candidates,mild,uniform_20_120_s,no_incident,step,medium,normal,mid_0p45_0p60,final_ood,ood_011_seed_12,236887699,explicit_locked_manifest,not_evaluated,not_evaluated_due_to_H2_PASSIVE_CAPABILITY_SET_NOT_SUPPORTED
ood_011,B,4,critical,indistinguishable_candidates,mild,uniform_20_120_s,no_incident,step,medium,normal,mid_0p45_0p60,final_ood,ood_011_seed_13,256203221,explicit_locked_manifest,not_evaluated,not_evaluated_due_to_H2_PASSIVE_CAPABILITY_SET_NOT_SUPPORTED
ood_011,B,4,critical,indistinguishable_candidates,mild,uniform_20_120_s,no_incident,step,medium,normal,mid_0p45_0p60,final_ood,ood_011_seed_14,275604541,explicit_locked_manifest,not_evaluated,not_evaluated_due_to_H2_PASSIVE_CAPABILITY_SET_NOT_SUPPORTED
ood_011,B,4,critical,indistinguishable_candidates,mild,uniform_20_120_s,no_incident,step,medium,normal,mid_0p45_0p60,final_ood,ood_011_seed_15,295075147,explicit_locked_manifest,not_evaluated,not_evaluated_due_to_H2_PASSIVE_CAPABILITY_SET_NOT_SUPPORTED
ood_011,B,4,critical,indistinguishable_candidates,mild,uniform_20_120_s,no_incident,step,medium,normal,mid_0p45_0p60,final_ood,ood_011_seed_16,314606891,explicit_locked_manifest,not_evaluated,not_evaluated_due_to_H2_PASSIVE_CAPABILITY_SET_NOT_SUPPORTED
ood_011,B,4,critical,indistinguishable_candidates,mild,uniform_20_120_s,no_incident,step,medium,normal,mid_0p45_0p60,final_ood,ood_011_seed_17,334214467,explicit_locked_manifest,not_evaluated,not_evaluated_due_to_H2_PASSIVE_CAPABILITY_SET_NOT_SUPPORTED
ood_011,B,4,critical,indistinguishable_candidates,mild,uniform_20_120_s,no_incident,step,medium,normal,mid_0p45_0p60,final_ood,ood_011_seed_18,353868013,explicit_locked_manifest,not_evaluated,not_evaluated_due_to_H2_PASSIVE_CAPABILITY_SET_NOT_SUPPORTED
ood_011,B,4,critical,indistinguishable_candidates,mild,uniform_20_120_s,no_incident,step,medium,normal,mid_0p45_0p60,final_ood,ood_011_seed_19,373587883,explicit_locked_manifest,not_evaluated,not_evaluated_due_to_H2_PASSIVE_CAPABILITY_SET_NOT_SUPPORTED
