scope,scenario_id,sg_level,factor,method,reference_method,metric,attempted_pair_count,both_success,method_only_failure,reference_only_failure,both_failure,method_failure_rate,reference_failure_rate,failure_rate_difference,method_safety_failure_rate,reference_safety_failure_rate,safety_failure_rate_difference,common_success_pair_count,scenario_count,method_scenario_balanced_mean,reference_scenario_balanced_mean,scenario_balanced_absolute_effect,scenario_balanced_relative_effect,absolute_ci95_low,absolute_ci95_high,relative_ci95_low,relative_ci95_high,sign_flip_pvalue,episode_ratio_mean_diagnostic_only,episode_ratio_minus_primary,failure_penalty_value,penalized_method_mean,penalized_reference_mean,penalized_relative_effect,primary_estimator
overall,ALL,ALL,identified_arx_vs_exact_plant_shooting,B4,B5,freq_iae,2070,2070,0,0,0,0.0,0.0,0.0,0.0,0.0,0.0,2070,63,1.0818325098518553,1.103690989000063,-0.02185847914820771,-0.019804890468491865,-0.13280419299579396,0.09527507066128349,-0.11709594100325511,0.08846209038660172,0.7168283171682832,0.08129160662074356,0.10109649708923542,5.406872375533366,1.0818325098518553,1.103690989000063,-0.019804890468491865,scenario_balanced_paired_difference_and_ratio_of_means
overall,ALL,ALL,identified_arx_vs_exact_plant_shooting,B4,B5,max_abs_freq_hz,2070,2070,0,0,0,0.0,0.0,0.0,0.0,0.0,0.0,2070,63,0.23222806987106873,0.22969133818427212,0.002536731686796606,0.011044089458704309,0.0008253626801147565,0.004358215518826865,0.003443356145597851,0.019845613748726208,0.007699230076992301,0.07254992100315466,0.06150583154445035,0.5278680771696118,0.23222806987106873,0.22969133818427212,0.011044089458704309,scenario_balanced_paired_difference_and_ratio_of_means
overall,ALL,ALL,identified_arx_vs_exact_plant_shooting,B4,B5,sg_mileage,2070,2070,0,0,0,0.0,0.0,0.0,0.0,0.0,0.0,2070,63,0.7355269154214015,0.05950423280423278,0.6760226826171687,11.3609175475174,0.594086939664851,0.7690521119136902,9.364030100175126,13.90792155868009,9.999000099990002e-05,13.679677754498691,2.318760206981292,3.3133636407719913,0.7355269154214015,0.05950423280423278,11.3609175475174,scenario_balanced_paired_difference_and_ratio_of_means
overall,ALL,ALL,identified_arx_vs_exact_plant_shooting,B4,B5,ibr_mileage,2070,2070,0,0,0,0.0,0.0,0.0,0.0,0.0,0.0,2070,63,0.7755340960217759,0.11857037037037037,0.6569637256514056,5.540707375706863,0.4839713421547699,0.8610135324689645,3.835477386366308,8.148304950303075,9.999000099990002e-05,8.433628060299196,2.8929206845923323,6.156707626672487,0.7755340960217759,0.11857037037037037,5.540707375706863,scenario_balanced_paired_difference_and_ratio_of_means
overall,ALL,A,identified_arx_vs_exact_plant_shooting,B4,B5,freq_iae,690,690,0,0,0,0.0,0.0,0.0,0.0,0.0,0.0,690,21,0.9893893505095441,0.9689819444487439,0.02040740606080027,0.021060666999744862,-0.1554119944845011,0.21257397628186783,-0.14658210464007357,0.23895636849338253,0.8347165283471653,0.14485807681903096,0.1237974098192861,3.2602949655733604,0.9893893505095441,0.9689819444487439,0.021060666999744862,scenario_balanced_paired_difference_and_ratio_of_means
overall,ALL,A,identified_arx_vs_exact_plant_shooting,B4,B5,max_abs_freq_hz,690,690,0,0,0,0.0,0.0,0.0,0.0,0.0,0.0,690,21,0.23063245271894153,0.23060852740230242,2.3925316639111793e-05,0.00010374862069767903,-0.002786728096383452,0.0031038296218158486,-0.011130658831068105,0.015292313995054678,0.988001199880012,0.07018925538951602,0.07008550676881835,0.504600553992235,0.23063245271894153,0.23060852740230242,0.00010374862069767903,scenario_balanced_paired_difference_and_ratio_of_means
overall,ALL,A,identified_arx_vs_exact_plant_shooting,B4,B5,sg_mileage,690,690,0,0,0,0.0,0.0,0.0,0.0,0.0,0.0,690,21,0.8770590614855155,0.08736190476190477,0.7896971567236107,9.039376589554031,0.6056348699979947,1.0070725772372657,6.497449460137748,12.504514178441616,9.999000099990002e-05,8.758541286862144,-0.2808353026918873,3.3133636407719913,0.8770590614855155,0.08736190476190477,9.039376589554031,scenario_balanced_paired_difference_and_ratio_of_means
overall,ALL,A,identified_arx_vs_exact_plant_shooting,B4,B5,ibr_mileage,690,690,0,0,0,0.0,0.0,0.0,0.0,0.0,0.0,690,21,0.7589774122340351,0.16512380952380953,0.5938536027102256,3.5964141356888732,0.3364490314360061,0.922131871509201,1.8755468714263162,6.829905774721185,9.999000099990002e-05,5.7719384690913405,2.175524333402467,6.150733158677059,0.7589774122340351,0.16512380952380953,3.5964141356888732,scenario_balanced_paired_difference_and_ratio_of_means
scenario,S0_nominal_stochastic,A,identified_arx_vs_exact_plant_shooting,B4,B5,freq_iae,30,30,0,0,0,0.0,0.0,0.0,0.0,0.0,0.0,30,1,0.5034444394301919,0.5828633398249491,-0.07941890039475719,-0.1362564686580031,,,,,1.0,-0.08095030055470259,0.055306168103300496,1.592532864564068,0.5034444394301919,0.5828633398249491,-0.1362564686580031,scenario_balanced_paired_difference_and_ratio_of_means
scenario,S0_nominal_stochastic,A,identified_arx_vs_exact_plant_shooting,B4,B5,max_abs_freq_hz,30,30,0,0,0,0.0,0.0,0.0,0.0,0.0,0.0,30,1,0.012573885099933006,0.012282843615650359,0.00029104148428264753,0.02369495968440182,,,,,1.0,0.0534259671798167,0.02973100749541488,0.026816957787540875,0.012573885099933006,0.012282843615650359,0.02369495968440182,scenario_balanced_paired_difference_and_ratio_of_means
scenario,S0_nominal_stochastic,A,identified_arx_vs_exact_plant_shooting,B4,B5,sg_mileage,30,30,0,0,0,0.0,0.0,0.0,0.0,0.0,0.0,30,1,0.7550612792217509,0.008333333333333333,0.7467279458884176,89.60735350661011,,,,,1.0,18.781735232273707,-70.8256182743364,1.0213775185051843,0.7550612792217509,0.008333333333333333,89.60735350661011,scenario_balanced_paired_difference_and_ratio_of_means
scenario,S0_nominal_stochastic,A,identified_arx_vs_exact_plant_shooting,B4,B5,ibr_mileage,30,30,0,0,0,0.0,0.0,0.0,0.0,0.0,0.0,30,1,0.4716594271535755,0.008333333333333333,0.46332609382024215,55.59913125842906,,,,,1.0,11.28424894683308,-44.31488231159598,0.6387474838820253,0.4716594271535755,0.008333333333333333,55.59913125842906,scenario_balanced_paired_difference_and_ratio_of_means
scenario,S1_step_neg_002,A,identified_arx_vs_exact_plant_shooting,B4,B5,freq_iae,30,30,0,0,0,0.0,0.0,0.0,0.0,0.0,0.0,30,1,0.3192289007538669,0.372180605815127,-0.052951705061260124,-0.14227421911275726,,,,,1.0,-0.14180277795112206,0.00047144116163519434,0.4893785871695791,0.3192289007538669,0.372180605815127,-0.14227421911275726,scenario_balanced_paired_difference_and_ratio_of_means
scenario,S1_step_neg_002,A,identified_arx_vs_exact_plant_shooting,B4,B5,max_abs_freq_hz,30,30,0,0,0,0.0,0.0,0.0,0.0,0.0,0.0,30,1,0.08183946245229201,0.08215604221903429,-0.00031657976674227817,-0.0038533960277474457,,,,,1.0,-0.0038536702535384476,-2.742257910019752e-07,0.1039601056906495,0.08183946245229201,0.08215604221903429,-0.0038533960277474457,scenario_balanced_paired_difference_and_ratio_of_means
scenario,S1_step_neg_002,A,identified_arx_vs_exact_plant_shooting,B4,B5,sg_mileage,30,30,0,0,0,0.0,0.0,0.0,0.0,0.0,0.0,30,1,0.5282462101404237,0.07066666666666666,0.45757954347375707,6.4751822189682615,,,,,1.0,6.746884090309562,0.27170187134130064,0.7109667130441278,0.5282462101404237,0.07066666666666666,6.4751822189682615,scenario_balanced_paired_difference_and_ratio_of_means
scenario,S1_step_neg_002,A,identified_arx_vs_exact_plant_shooting,B4,B5,ibr_mileage,30,30,0,0,0,0.0,0.0,0.0,0.0,0.0,0.0,30,1,0.3366271781313409,0.05066666666666666,0.28596051146467427,5.643957463118572,,,,,1.0,6.2322263731347585,0.5882689100161862,0.4550771502953409,0.3366271781313409,0.05066666666666666,5.643957463118572,scenario_balanced_paired_difference_and_ratio_of_means
scenario,S1_step_neg_004,A,identified_arx_vs_exact_plant_shooting,B4,B5,freq_iae,30,30,0,0,0,0.0,0.0,0.0,0.0,0.0,0.0,30,1,0.5608655762980955,0.5688539876174493,-0.007988411319353794,-0.014042990808259834,,,,,1.0,-0.014047831790087947,-4.840981828112614e-06,0.7160421727403459,0.5608655762980955,0.5688539876174493,-0.014042990808259834,scenario_balanced_paired_difference_and_ratio_of_means
scenario,S1_step_neg_004,A,identified_arx_vs_exact_plant_shooting,B4,B5,max_abs_freq_hz,30,30,0,0,0,0.0,0.0,0.0,0.0,0.0,0.0,30,1,0.1650006404818041,0.1637461652316025,0.0012544752502016143,0.007661096969368932,,,,,1.0,0.007661096969368971,3.903127820947816e-17,0.2088969711639281,0.1650006404818041,0.1637461652316025,0.007661096969368932,scenario_balanced_paired_difference_and_ratio_of_means
scenario,S1_step_neg_004,A,identified_arx_vs_exact_plant_shooting,B4,B5,sg_mileage,30,30,0,0,0,0.0,0.0,0.0,0.0,0.0,0.0,30,1,0.560471671317727,0.079,0.481471671317727,6.094578117945911,,,,,1.0,6.106971708754671,0.01239359080875957,0.7407177410751249,0.560471671317727,0.079,6.094578117945911,scenario_balanced_paired_difference_and_ratio_of_means
scenario,S1_step_neg_004,A,identified_arx_vs_exact_plant_shooting,B4,B5,ibr_mileage,30,30,0,0,0,0.0,0.0,0.0,0.0,0.0,0.0,30,1,0.34977250466400667,0.039,0.3107725046640067,7.968525760615556,,,,,1.0,8.037039653842184,0.06851389322662804,0.472094437838112,0.34977250466400667,0.039,7.968525760615556,scenario_balanced_paired_difference_and_ratio_of_means
scenario,S1_step_neg_006,A,identified_arx_vs_exact_plant_shooting,B4,B5,freq_iae,30,30,0,0,0,0.0,0.0,0.0,0.0,0.0,0.0,30,1,0.808019871931643,0.756610530315408,0.051409341616235005,0.06794690208026051,,,,,1.0,0.07467405659794615,0.006727154517685643,1.02355833219582,0.808019871931643,0.756610530315408,0.06794690208026051,scenario_balanced_paired_difference_and_ratio_of_means
scenario,S1_step_neg_006,A,identified_arx_vs_exact_plant_shooting,B4,B5,max_abs_freq_hz,30,30,0,0,0,0.0,0.0,0.0,0.0,0.0,0.0,30,1,0.2496835927716626,0.2456923081735939,0.003991284598068717,0.016245053122496106,,,,,1.0,0.01624505312249611,3.469446951953614e-18,0.31486952727233597,0.2496835927716626,0.2456923081735939,0.016245053122496106,scenario_balanced_paired_difference_and_ratio_of_means
scenario,S1_step_neg_006,A,identified_arx_vs_exact_plant_shooting,B4,B5,sg_mileage,30,30,0,0,0,0.0,0.0,0.0,0.0,0.0,0.0,30,1,0.5834073355448626,0.11033333333333334,0.47307400221152923,4.287679778352229,,,,,1.0,4.523276888074327,0.23559710972209835,0.7716760154529281,0.5834073355448626,0.11033333333333334,4.287679778352229,scenario_balanced_paired_difference_and_ratio_of_means
scenario,S1_step_neg_006,A,identified_arx_vs_exact_plant_shooting,B4,B5,ibr_mileage,30,30,0,0,0,0.0,0.0,0.0,0.0,0.0,0.0,30,1,0.35928874943409456,0.050333333333333334,0.3089554161007612,6.138187074849561,,,,,1.0,7.59392641126865,1.4557393364190894,0.48005550442998346,0.35928874943409456,0.050333333333333334,6.138187074849561,scenario_balanced_paired_difference_and_ratio_of_means
scenario,S1_step_neg_008,A,identified_arx_vs_exact_plant_shooting,B4,B5,freq_iae,30,30,0,0,0,0.0,0.0,0.0,0.0,0.0,0.0,30,1,1.0548152985473331,0.9743703120369333,0.08044498651039989,0.08256099915670526,,,,,1.0,0.08316602607380073,0.0006050269170954775,1.3339657503989921,1.0548152985473331,0.9743703120369333,0.08256099915670526,scenario_balanced_paired_difference_and_ratio_of_means
scenario,S1_step_neg_008,A,identified_arx_vs_exact_plant_shooting,B4,B5,max_abs_freq_hz,30,30,0,0,0,0.0,0.0,0.0,0.0,0.0,0.0,30,1,0.33433895314888873,0.3276384511155854,0.006700502033303302,0.02045090254360736,,,,,1.0,0.020450902543607433,7.28583859910259e-17,0.4208273101518307,0.33433895314888873,0.3276384511155854,0.02045090254360736,scenario_balanced_paired_difference_and_ratio_of_means
scenario,S1_step_neg_008,A,identified_arx_vs_exact_plant_shooting,B4,B5,sg_mileage,30,30,0,0,0,0.0,0.0,0.0,0.0,0.0,0.0,30,1,0.5989263397143779,0.11666666666666664,0.4822596730477113,4.133654340408954,,,,,1.0,4.272229683456376,0.13857534304742192,0.787388269991956,0.5989263397143779,0.11666666666666664,4.133654340408954,scenario_balanced_paired_difference_and_ratio_of_means
scenario,S1_step_neg_008,A,identified_arx_vs_exact_plant_shooting,B4,B5,ibr_mileage,30,30,0,0,0,0.0,0.0,0.0,0.0,0.0,0.0,30,1,0.3695486821556165,0.05666666666666667,0.3128820154889498,5.521447332157937,,,,,1.0,6.176659072462582,0.6552117403046447,0.4916964810550439,0.3695486821556165,0.05666666666666667,5.521447332157937,scenario_balanced_paired_difference_and_ratio_of_means
scenario,S1_step_pos_002,A,identified_arx_vs_exact_plant_shooting,B4,B5,freq_iae,30,30,0,0,0,0.0,0.0,0.0,0.0,0.0,0.0,30,1,0.31872453231178866,0.361811781693147,-0.04308724938135833,-0.11908746912476353,,,,,1.0,-0.10008372780054454,0.01900374132421899,0.4893785871695791,0.31872453231178866,0.361811781693147,-0.11908746912476353,scenario_balanced_paired_difference_and_ratio_of_means
scenario,S1_step_pos_002,A,identified_arx_vs_exact_plant_shooting,B4,B5,max_abs_freq_hz,30,30,0,0,0,0.0,0.0,0.0,0.0,0.0,0.0,30,1,0.08248039350096184,0.0821700741516929,0.00031031934926893656,0.003776549461255941,,,,,1.0,0.0037765494612557833,-1.5785983631388945e-16,0.10503359116863262,0.08248039350096184,0.0821700741516929,0.003776549461255941,scenario_balanced_paired_difference_and_ratio_of_means
scenario,S1_step_pos_002,A,identified_arx_vs_exact_plant_shooting,B4,B5,sg_mileage,30,30,0,0,0,0.0,0.0,0.0,0.0,0.0,0.0,30,1,0.5267969090898881,0.07333333333333333,0.4534635757565547,6.18359421486211,,,,,1.0,6.287841258762581,0.10424704390047168,0.7003099494900517,0.5267969090898881,0.07333333333333333,6.18359421486211,scenario_balanced_paired_difference_and_ratio_of_means
scenario,S1_step_pos_002,A,identified_arx_vs_exact_plant_shooting,B4,B5,ibr_mileage,30,30,0,0,0,0.0,0.0,0.0,0.0,0.0,0.0,30,1,0.3359408666837138,0.05333333333333333,0.28260753335038047,5.298891250319634,,,,,1.0,5.4798943595382825,0.18100310921864882,0.45179835906874083,0.3359408666837138,0.05333333333333333,5.298891250319634,scenario_balanced_paired_difference_and_ratio_of_means
scenario,S1_step_pos_004,A,identified_arx_vs_exact_plant_shooting,B4,B5,freq_iae,30,30,0,0,0,0.0,0.0,0.0,0.0,0.0,0.0,30,1,0.5615011183056348,0.5694784544485852,-0.007977336142950486,-0.014008143908929415,,,,,1.0,-0.014008143908929432,-1.734723475976807e-17,0.7203111377133075,0.5615011183056348,0.5694784544485852,-0.014008143908929415,scenario_balanced_paired_difference_and_ratio_of_means
scenario,S1_step_pos_004,A,identified_arx_vs_exact_plant_shooting,B4,B5,max_abs_freq_hz,30,30,0,0,0,0.0,0.0,0.0,0.0,0.0,0.0,30,1,0.164634184133608,0.1637461652316025,0.0008880189020055163,0.005423143196968935,,,,,1.0,0.005423143196969031,9.627715291671279e-17,0.20766711590748263,0.164634184133608,0.1637461652316025,0.005423143196968935,scenario_balanced_paired_difference_and_ratio_of_means
scenario,S1_step_pos_004,A,identified_arx_vs_exact_plant_shooting,B4,B5,sg_mileage,30,30,0,0,0,0.0,0.0,0.0,0.0,0.0,0.0,30,1,0.5602788191130466,0.08,0.48027881911304654,6.003485238913082,,,,,1.0,6.003485238913083,8.881784197001252e-16,0.7486659315001204,0.5602788191130466,0.08,6.003485238913082,scenario_balanced_paired_difference_and_ratio_of_means
scenario,S1_step_pos_004,A,identified_arx_vs_exact_plant_shooting,B4,B5,ibr_mileage,30,30,0,0,0,0.0,0.0,0.0,0.0,0.0,0.0,30,1,0.3491405183837848,0.04,0.3091405183837848,7.72851295959462,,,,,1.0,7.72851295959462,0.0,0.471040145160034,0.3491405183837848,0.04,7.72851295959462,scenario_balanced_paired_difference_and_ratio_of_means
scenario,S1_step_pos_006,A,identified_arx_vs_exact_plant_shooting,B4,B5,freq_iae,30,30,0,0,0,0.0,0.0,0.0,0.0,0.0,0.0,30,1,0.8084984510511535,0.7735312019040969,0.03496724914705662,0.04520470416834187,,,,,1.0,0.04723416773874342,0.0020294635704015546,1.032231852195316,0.8084984510511535,0.7735312019040969,0.04520470416834187,scenario_balanced_paired_difference_and_ratio_of_means
scenario,S1_step_pos_006,A,identified_arx_vs_exact_plant_shooting,B4,B5,max_abs_freq_hz,30,30,0,0,0,0.0,0.0,0.0,0.0,0.0,0.0,30,1,0.24913346496878477,0.2456923081735939,0.003441156795190886,0.014005960629258027,,,,,1.0,0.014005960629258024,-3.469446951953614e-18,0.31354383930990404,0.24913346496878477,0.2456923081735939,0.014005960629258027,scenario_balanced_paired_difference_and_ratio_of_means
scenario,S1_step_pos_006,A,identified_arx_vs_exact_plant_shooting,B4,B5,sg_mileage,30,30,0,0,0,0.0,0.0,0.0,0.0,0.0,0.0,30,1,0.5827238834277578,0.11433333333333334,0.4683905500944245,4.096710350680097,,,,,1.0,4.392901743574789,0.2961913928946913,0.7760597888300647,0.5827238834277578,0.11433333333333334,4.096710350680097,scenario_balanced_paired_difference_and_ratio_of_means
scenario,S1_step_pos_006,A,identified_arx_vs_exact_plant_shooting,B4,B5,ibr_mileage,30,30,0,0,0,0.0,0.0,0.0,0.0,0.0,0.0,30,1,0.35852507687214336,0.05433333333333334,0.30419174353881,5.5986210467265645,,,,,1.0,7.22963834512792,1.6310172984013551,0.480865517609736,0.35852507687214336,0.05433333333333334,5.5986210467265645,scenario_balanced_paired_difference_and_ratio_of_means
scenario,S1_step_pos_008,A,identified_arx_vs_exact_plant_shooting,B4,B5,freq_iae,30,30,0,0,0,0.0,0.0,0.0,0.0,0.0,0.0,30,1,1.055395483277829,0.9700690531150574,0.08532643016277153,0.08795913021735287,,,,,1.0,0.08828872715652379,0.00032959693917092303,1.3434943354206301,1.055395483277829,0.9700690531150574,0.08795913021735287,scenario_balanced_paired_difference_and_ratio_of_means
scenario,S1_step_pos_008,A,identified_arx_vs_exact_plant_shooting,B4,B5,max_abs_freq_hz,30,30,0,0,0,0.0,0.0,0.0,0.0,0.0,0.0,30,1,0.3338635296534261,0.3276384511155854,0.006225078537840656,0.01899984118666387,,,,,1.0,0.0189998411866638,-6.938893903907228e-17,0.4194466022059876,0.3338635296534261,0.3276384511155854,0.01899984118666387,scenario_balanced_paired_difference_and_ratio_of_means
scenario,S1_step_pos_008,A,identified_arx_vs_exact_plant_shooting,B4,B5,sg_mileage,30,30,0,0,0,0.0,0.0,0.0,0.0,0.0,0.0,30,1,0.59785917150669,0.11266666666666664,0.48519250484002335,4.306442350651096,,,,,1.0,4.3988281809680005,0.09238583031690428,0.7979387250755898,0.59785917150669,0.11266666666666664,4.306442350651096,scenario_balanced_paired_difference_and_ratio_of_means
scenario,S1_step_pos_008,A,identified_arx_vs_exact_plant_shooting,B4,B5,ibr_mileage,30,30,0,0,0,0.0,0.0,0.0,0.0,0.0,0.0,30,1,0.369099039176393,0.05266666666666667,0.31643237250972633,6.008209604615057,,,,,1.0,6.491615176720829,0.48340557210577284,0.4962844989599385,0.369099039176393,0.05266666666666667,6.008209604615057,scenario_balanced_paired_difference_and_ratio_of_means
scenario,S2_sluggish_switch_050,A,identified_arx_vs_exact_plant_shooting,B4,B5,freq_iae,30,30,0,0,0,0.0,0.0,0.0,0.0,0.0,0.0,30,1,0.9088494872532896,1.3029272947821624,-0.3940778075288728,-0.30245571576176017,,,,,1.0,-0.29774639288443067,0.004709322877329503,1.9539953702803168,0.9088494872532896,1.3029272947821624,-0.30245571576176017,scenario_balanced_paired_difference_and_ratio_of_means
scenario,S2_sluggish_switch_050,A,identified_arx_vs_exact_plant_shooting,B4,B5,max_abs_freq_hz,30,30,0,0,0,0.0,0.0,0.0,0.0,0.0,0.0,30,1,0.286111930797552,0.2923416969969988,-0.006229766199446818,-0.021309879033474904,,,,,1.0,-0.02130987903347492,-1.734723475976807e-17,0.3654271212462485,0.286111930797552,0.2923416969969988,-0.021309879033474904,scenario_balanced_paired_difference_and_ratio_of_means
scenario,S2_sluggish_switch_050,A,identified_arx_vs_exact_plant_shooting,B4,B5,sg_mileage,30,30,0,0,0,0.0,0.0,0.0,0.0,0.0,0.0,30,1,1.0042316580864,0.071,0.9332316580864,13.144107860371832,,,,,1.0,14.48592728939414,1.3418194290223084,1.4299337661006262,1.0042316580864,0.071,13.144107860371832,scenario_balanced_paired_difference_and_ratio_of_means
scenario,S2_sluggish_switch_050,A,identified_arx_vs_exact_plant_shooting,B4,B5,ibr_mileage,30,30,0,0,0,0.0,0.0,0.0,0.0,0.0,0.0,30,1,0.833390593896013,0.3576666666666667,0.4757239272293463,1.3300762177894119,,,,,1.0,2.1051661029528828,0.7750898851634709,1.1715746316678264,0.833390593896013,0.3576666666666667,1.3300762177894119,scenario_balanced_paired_difference_and_ratio_of_means
scenario,S2_sluggish_switch_060,A,identified_arx_vs_exact_plant_shooting,B4,B5,freq_iae,30,30,0,0,0,0.0,0.0,0.0,0.0,0.0,0.0,30,1,0.9070611184750443,1.3029272947821624,-0.39586617630711807,-0.30382829333029154,,,,,1.0,-0.29913984963580215,0.004688443694489397,1.9539953702803168,0.9070611184750443,1.3029272947821624,-0.30382829333029154,scenario_balanced_paired_difference_and_ratio_of_means
scenario,S2_sluggish_switch_060,A,identified_arx_vs_exact_plant_shooting,B4,B5,max_abs_freq_hz,30,30,0,0,0,0.0,0.0,0.0,0.0,0.0,0.0,30,1,0.28611296140054326,0.2923416969969988,-0.006228735596455537,-0.021306353696508375,,,,,1.0,-0.02130635369650843,-5.551115123125783e-17,0.3654271212462485,0.28611296140054326,0.2923416969969988,-0.021306353696508375,scenario_balanced_paired_difference_and_ratio_of_means
scenario,S2_sluggish_switch_060,A,identified_arx_vs_exact_plant_shooting,B4,B5,sg_mileage,30,30,0,0,0,0.0,0.0,0.0,0.0,0.0,0.0,30,1,0.9857316114524889,0.071,0.9147316114524889,12.883543823274493,,,,,1.0,14.208304617531784,1.3247607942572905,1.3917359591756548,0.9857316114524889,0.071,12.883543823274493,scenario_balanced_paired_difference_and_ratio_of_means
scenario,S2_sluggish_switch_060,A,identified_arx_vs_exact_plant_shooting,B4,B5,ibr_mileage,30,30,0,0,0,0.0,0.0,0.0,0.0,0.0,0.0,30,1,0.8117404565786295,0.3576666666666667,0.4540737899119628,1.2695446129877803,,,,,1.0,2.0335206970371598,0.7639760840493794,1.1375,0.8117404565786295,0.3576666666666667,1.2695446129877803,scenario_balanced_paired_difference_and_ratio_of_means
scenario,S2_sluggish_switch_090,A,identified_arx_vs_exact_plant_shooting,B4,B5,freq_iae,30,30,0,0,0,0.0,0.0,0.0,0.0,0.0,0.0,30,1,0.8766480657931697,1.1100302624903693,-0.23338219669719962,-0.21024849914776486,,,,,1.0,-0.1878943177426841,0.022354181405080747,1.724678610499273,0.8766480657931697,1.1100302624903693,-0.21024849914776486,scenario_balanced_paired_difference_and_ratio_of_means
scenario,S2_sluggish_switch_090,A,identified_arx_vs_exact_plant_shooting,B4,B5,max_abs_freq_hz,30,30,0,0,0,0.0,0.0,0.0,0.0,0.0,0.0,30,1,0.24914360303999888,0.2456923081735939,0.003451294866404997,0.014047223912140076,,,,,1.0,0.014047223912140075,-1.734723475976807e-18,0.31347061344050764,0.24914360303999888,0.2456923081735939,0.014047223912140076,scenario_balanced_paired_difference_and_ratio_of_means
scenario,S2_sluggish_switch_090,A,identified_arx_vs_exact_plant_shooting,B4,B5,sg_mileage,30,30,0,0,0,0.0,0.0,0.0,0.0,0.0,0.0,30,1,0.9433458916534042,0.148,0.7953458916534042,5.373958727387866,,,,,1.0,5.709042873141781,0.3350841457539149,1.3171091890430602,0.9433458916534042,0.148,5.373958727387866,scenario_balanced_paired_difference_and_ratio_of_means
scenario,S2_sluggish_switch_090,A,identified_arx_vs_exact_plant_shooting,B4,B5,ibr_mileage,30,30,0,0,0,0.0,0.0,0.0,0.0,0.0,0.0,30,1,0.676335867173624,0.30133333333333334,0.3750025338402907,1.244477435310699,,,,,1.0,2.287933204983879,1.0434557696731799,0.9508451598265697,0.676335867173624,0.30133333333333334,1.244477435310699,scenario_balanced_paired_difference_and_ratio_of_means
scenario,S3_derated_coincident,A,identified_arx_vs_exact_plant_shooting,B4,B5,freq_iae,30,30,0,0,0,0.0,0.0,0.0,0.0,0.0,0.0,30,1,1.7000759281639062,0.8490094422265854,0.8510664859373208,1.0024228749510025,,,,,1.0,1.0034277302137768,0.0010048552627743845,3.2602949655733604,1.7000759281639062,0.8490094422265854,1.0024228749510025,scenario_balanced_paired_difference_and_ratio_of_means
scenario,S3_derated_coincident,A,identified_arx_vs_exact_plant_shooting,B4,B5,max_abs_freq_hz,30,30,0,0,0,0.0,0.0,0.0,0.0,0.0,0.0,30,1,0.27039708077591185,0.2725306794737355,-0.0021335986978236465,-0.007828838580462525,,,,,1.0,-0.007828838580462613,-8.847089727481716e-17,0.3420715867687284,0.27039708077591185,0.2725306794737355,-0.007828838580462525,scenario_balanced_paired_difference_and_ratio_of_means
scenario,S3_derated_coincident,A,identified_arx_vs_exact_plant_shooting,B4,B5,sg_mileage,30,30,0,0,0,0.0,0.0,0.0,0.0,0.0,0.0,30,1,2.246128560031535,0.08733333333333333,2.1587952266982016,24.719029313338186,,,,,1.0,25.221982145820178,0.5029528324819914,3.3133636407719913,2.246128560031535,0.08733333333333333,24.719029313338186,scenario_balanced_paired_difference_and_ratio_of_means
scenario,S3_derated_coincident,A,identified_arx_vs_exact_plant_shooting,B4,B5,ibr_mileage,30,30,0,0,0,0.0,0.0,0.0,0.0,0.0,0.0,30,1,3.0346028636884244,0.11133333333333333,2.923269530355091,26.256911949297226,,,,,1.0,26.460106644397452,0.20319469510022614,6.150733158677059,3.0346028636884244,0.11133333333333333,26.256911949297226,scenario_balanced_paired_difference_and_ratio_of_means
scenario,S4_unavailable_coincident,A,identified_arx_vs_exact_plant_shooting,B4,B5,freq_iae,30,30,0,0,0,0.0,0.0,0.0,0.0,0.0,0.0,30,1,0.8812319157384089,1.3757069537510564,-0.4944750380126476,-0.3594334074305524,,,,,1.0,-0.358013020722958,0.0014203867075944232,1.7568613292539748,0.8812319157384089,1.3757069537510564,-0.3594334074305524,scenario_balanced_paired_difference_and_ratio_of_means
scenario,S4_unavailable_coincident,A,identified_arx_vs_exact_plant_shooting,B4,B5,max_abs_freq_hz,30,30,0,0,0,0.0,0.0,0.0,0.0,0.0,0.0,30,1,0.29278838936188706,0.302341473384695,-0.009553084022807967,-0.03159700161496785,,,,,1.0,-0.031597456178774554,-4.5456380670660934e-07,0.37797075380110434,0.29278838936188706,0.302341473384695,-0.03159700161496785,scenario_balanced_paired_difference_and_ratio_of_means
scenario,S4_unavailable_coincident,A,identified_arx_vs_exact_plant_shooting,B4,B5,sg_mileage,30,30,0,0,0,0.0,0.0,0.0,0.0,0.0,0.0,30,1,0.6730227190036955,0.06133333333333333,0.6116893856703621,9.973196505495036,,,,,1.0,10.0576554757419,0.08445897024686388,0.9191335046023043,0.6730227190036955,0.06133333333333333,9.973196505495036,scenario_balanced_paired_difference_and_ratio_of_means
scenario,S4_unavailable_coincident,A,identified_arx_vs_exact_plant_shooting,B4,B5,ibr_mileage,30,30,0,0,0,0.0,0.0,0.0,0.0,0.0,0.0,30,1,0.5324889923947583,0.23966666666666667,0.29282232572809164,1.2217899543592141,,,,,1.0,1.2312891650424835,0.009499210683269421,0.709597461025912,0.5324889923947583,0.23966666666666667,1.2217899543592141,scenario_balanced_paired_difference_and_ratio_of_means
scenario,S5_multi_switch_stochastic,A,identified_arx_vs_exact_plant_shooting,B4,B5,freq_iae,30,30,0,0,0,0.0,0.0,0.0,0.0,0.0,0.0,30,1,0.9589373773538061,0.6123742602110732,0.3465631171427329,0.5659335142912105,,,,,1.0,0.658698863915573,0.09276534962436245,1.6161883965633876,0.9589373773538061,0.6123742602110732,0.5659335142912105,scenario_balanced_paired_difference_and_ratio_of_means
scenario,S5_multi_switch_stochastic,A,identified_arx_vs_exact_plant_shooting,B4,B5,max_abs_freq_hz,30,30,0,0,0,0.0,0.0,0.0,0.0,0.0,0.0,30,1,0.03310341957341666,0.013212533399211546,0.01989088617420512,1.5054558859538703,,,,,1.0,1.603549179258412,0.09809329330454175,0.046565608730059625,0.03310341957341666,0.013212533399211546,1.5054558859538703,scenario_balanced_paired_difference_and_ratio_of_means
scenario,S5_multi_switch_stochastic,A,identified_arx_vs_exact_plant_shooting,B4,B5,sg_mileage,30,30,0,0,0,0.0,0.0,0.0,0.0,0.0,0.0,30,1,1.343752854524027,0.009999999999999998,1.333752854524027,133.37528545240272,,,,,1.0,24.730315984481347,-108.64496946792137,1.9222743738714425,1.343752854524027,0.009999999999999998,133.37528545240272,scenario_balanced_paired_difference_and_ratio_of_means
scenario,S5_multi_switch_stochastic,A,identified_arx_vs_exact_plant_shooting,B4,B5,ibr_mileage,30,30,0,0,0,0.0,0.0,0.0,0.0,0.0,0.0,30,1,1.3951980300843063,0.018666666666666668,1.3765313634176397,73.74275161165926,,,,,1.0,19.77812707727679,-53.964624534382466,2.5816259752864985,1.3951980300843063,0.018666666666666668,73.74275161165926,scenario_balanced_paired_difference_and_ratio_of_means
scenario,S6_sluggish_coincident_high_noise,A,identified_arx_vs_exact_plant_shooting,B4,B5,freq_iae,30,30,0,0,0,0.0,0.0,0.0,0.0,0.0,0.0,30,1,1.6861756082431747,1.1771617976529631,0.5090138105902116,0.4324076873757612,,,,,1.0,0.4581058395927462,0.025698152216985015,2.316013910234675,1.6861756082431747,1.1771617976529631,0.4324076873757612,scenario_balanced_paired_difference_and_ratio_of_means
scenario,S6_sluggish_coincident_high_noise,A,identified_arx_vs_exact_plant_shooting,B4,B5,max_abs_freq_hz,30,30,0,0,0,0.0,0.0,0.0,0.0,0.0,0.0,30,1,0.2897171807333102,0.29380742446020247,-0.004090243726892262,-0.013921512481881832,,,,,1.0,-0.013101849207091223,0.0008196632747906087,0.3899104469495718,0.2897171807333102,0.29380742446020247,-0.013921512481881832,scenario_balanced_paired_difference_and_ratio_of_means
scenario,S6_sluggish_coincident_high_noise,A,identified_arx_vs_exact_plant_shooting,B4,B5,sg_mileage,30,30,0,0,0,0.0,0.0,0.0,0.0,0.0,0.0,30,1,2.1497180126179396,0.12933333333333333,2.0203846792846063,15.621531025396441,,,,,1.0,16.728219543804467,1.106688518408026,2.8308534854859198,2.1497180126179396,0.12933333333333333,15.621531025396441,scenario_balanced_paired_difference_and_ratio_of_means
scenario,S6_sluggish_coincident_high_noise,A,identified_arx_vs_exact_plant_shooting,B4,B5,ibr_mileage,30,30,0,0,0,0.0,0.0,0.0,0.0,0.0,0.0,30,1,2.525673577091035,0.33399999999999996,2.1916735770910347,6.561896937398308,,,,,1.0,7.978915734391951,1.4170187969936423,3.438559523784595,2.525673577091035,0.33399999999999996,6.561896937398308,scenario_balanced_paired_difference_and_ratio_of_means
scenario,S6_sluggish_coincident_low_noise,A,identified_arx_vs_exact_plant_shooting,B4,B5,freq_iae,30,30,0,0,0,0.0,0.0,0.0,0.0,0.0,0.0,30,1,0.9032198703863062,1.299695825098321,-0.3964759547120148,-0.30505288010909914,,,,,1.0,-0.30022745901360337,0.004825421095495774,1.9539953702803168,0.9032198703863062,1.299695825098321,-0.30505288010909914,scenario_balanced_paired_difference_and_ratio_of_means
scenario,S6_sluggish_coincident_low_noise,A,identified_arx_vs_exact_plant_shooting,B4,B5,max_abs_freq_hz,30,30,0,0,0,0.0,0.0,0.0,0.0,0.0,0.0,30,1,0.2861118285713263,0.2923416969969988,-0.0062298684256725245,-0.021310228714094385,,,,,1.0,-0.021310228714094385,0.0,0.3654271212462485,0.2861118285713263,0.2923416969969988,-0.021310228714094385,scenario_balanced_paired_difference_and_ratio_of_means
scenario,S6_sluggish_coincident_low_noise,A,identified_arx_vs_exact_plant_shooting,B4,B5,sg_mileage,30,30,0,0,0,0.0,0.0,0.0,0.0,0.0,0.0,30,1,0.9814760244637083,0.06966666666666667,0.9118093577970416,13.088172599957534,,,,,1.0,14.444308992779854,1.3561363928223198,1.4068926125820131,0.9814760244637083,0.06966666666666667,13.088172599957534,scenario_balanced_paired_difference_and_ratio_of_means
scenario,S6_sluggish_coincident_low_noise,A,identified_arx_vs_exact_plant_shooting,B4,B5,ibr_mileage,30,30,0,0,0,0.0,0.0,0.0,0.0,0.0,0.0,30,1,0.8086320449862202,0.35366666666666663,0.4549653783195536,1.2864242553804532,,,,,1.0,2.109482484482766,0.823058229102313,1.1441099772179875,0.8086320449862202,0.35366666666666663,1.2864242553804532,scenario_balanced_paired_difference_and_ratio_of_means
scenario,S6_sluggish_coincident_medium_noise,A,identified_arx_vs_exact_plant_shooting,B4,B5,freq_iae,30,30,0,0,0,0.0,0.0,0.0,0.0,0.0,0.0,30,1,0.9070611184750443,1.3029272947821624,-0.39586617630711807,-0.30382829333029154,,,,,1.0,-0.29913984963580215,0.004688443694489397,1.9539953702803168,0.9070611184750443,1.3029272947821624,-0.30382829333029154,scenario_balanced_paired_difference_and_ratio_of_means
scenario,S6_sluggish_coincident_medium_noise,A,identified_arx_vs_exact_plant_shooting,B4,B5,max_abs_freq_hz,30,30,0,0,0,0.0,0.0,0.0,0.0,0.0,0.0,30,1,0.28611296140054326,0.2923416969969988,-0.006228735596455537,-0.021306353696508375,,,,,1.0,-0.02130635369650843,-5.551115123125783e-17,0.3654271212462485,0.28611296140054326,0.2923416969969988,-0.021306353696508375,scenario_balanced_paired_difference_and_ratio_of_means
scenario,S6_sluggish_coincident_medium_noise,A,identified_arx_vs_exact_plant_shooting,B4,B5,sg_mileage,30,30,0,0,0,0.0,0.0,0.0,0.0,0.0,0.0,30,1,0.9857316114524889,0.071,0.9147316114524889,12.883543823274493,,,,,1.0,14.208304617531784,1.3247607942572905,1.3917359591756548,0.9857316114524889,0.071,12.883543823274493,scenario_balanced_paired_difference_and_ratio_of_means
scenario,S6_sluggish_coincident_medium_noise,A,identified_arx_vs_exact_plant_shooting,B4,B5,ibr_mileage,30,30,0,0,0,0.0,0.0,0.0,0.0,0.0,0.0,30,1,0.8117404565786295,0.3576666666666667,0.4540737899119628,1.2695446129877803,,,,,1.0,2.0335206970371598,0.7639760840493794,1.1375,0.8117404565786295,0.3576666666666667,1.2695446129877803,scenario_balanced_paired_difference_and_ratio_of_means
scenario,S7_ood_asymmetric_limit,A,identified_arx_vs_exact_plant_shooting,B4,B5,freq_iae,50,50,0,0,0,0.0,0.0,0.0,0.0,0.0,0.0,50,1,1.7125977757215654,0.8031453498672348,0.9094524258543305,1.132363433349479,,,,,1.0,1.1683368268430976,0.03597339349361861,2.1831263152535363,1.7125977757215654,0.8031453498672348,1.132363433349479,scenario_balanced_paired_difference_and_ratio_of_means
scenario,S7_ood_asymmetric_limit,A,identified_arx_vs_exact_plant_shooting,B4,B5,max_abs_freq_hz,50,50,0,0,0,0.0,0.0,0.0,0.0,0.0,0.0,50,1,0.2492218835477727,0.2456923081735939,0.003529575374178806,0.01436583587177253,,,,,1.0,0.01436583587177251,-1.9081958235744878e-17,0.313932732550523,0.2492218835477727,0.2456923081735939,0.01436583587177253,scenario_balanced_paired_difference_and_ratio_of_means
scenario,S7_ood_asymmetric_limit,A,identified_arx_vs_exact_plant_shooting,B4,B5,sg_mileage,50,50,0,0,0,0.0,0.0,0.0,0.0,0.0,0.0,50,1,0.5479569762185272,0.124,0.42395697621852724,3.4190078727300586,,,,,1.0,3.8892574292381337,0.4702495565080751,0.7427367779219418,0.5479569762185272,0.124,3.4190078727300586,scenario_balanced_paired_difference_and_ratio_of_means
scenario,S7_ood_asymmetric_limit,A,identified_arx_vs_exact_plant_shooting,B4,B5,ibr_mileage,50,50,0,0,0,0.0,0.0,0.0,0.0,0.0,0.0,50,1,0.28984012097903317,0.0574,0.23244012097903316,4.049479459565037,,,,,1.0,5.476812804916474,1.4273333453514363,0.4031356459334918,0.28984012097903317,0.0574,4.049479459565037,scenario_balanced_paired_difference_and_ratio_of_means
scenario,S8_ood_time_varying_delay,A,identified_arx_vs_exact_plant_shooting,B4,B5,freq_iae,50,50,0,0,0,0.0,0.0,0.0,0.0,0.0,0.0,50,1,1.67940664470703,0.9277495804901439,0.751657064216886,0.8101939144179127,,,,,1.0,0.9305311818275347,0.12033726740962203,2.138746570696226,1.67940664470703,0.9277495804901439,0.8101939144179127,scenario_balanced_paired_difference_and_ratio_of_means
scenario,S8_ood_time_varying_delay,A,identified_arx_vs_exact_plant_shooting,B4,B5,max_abs_freq_hz,50,50,0,0,0,0.0,0.0,0.0,0.0,0.0,0.0,50,1,0.2492218835477727,0.2456923081735939,0.003529575374178806,0.01436583587177253,,,,,1.0,0.01436583587177251,-1.9081958235744878e-17,0.313932732550523,0.2492218835477727,0.2456923081735939,0.01436583587177253,scenario_balanced_paired_difference_and_ratio_of_means
scenario,S8_ood_time_varying_delay,A,identified_arx_vs_exact_plant_shooting,B4,B5,sg_mileage,50,50,0,0,0,0.0,0.0,0.0,0.0,0.0,0.0,50,1,0.548669542287322,0.1234,0.425269542287322,3.4462685760723017,,,,,1.0,3.728492356277063,0.28222378020476135,0.7446171098322846,0.548669542287322,0.1234,3.4462685760723017,scenario_balanced_paired_difference_and_ratio_of_means
scenario,S8_ood_time_varying_delay,A,identified_arx_vs_exact_plant_shooting,B4,B5,ibr_mileage,50,50,0,0,0,0.0,0.0,0.0,0.0,0.0,0.0,50,1,0.28984012097903317,0.06559999999999999,0.22424012097903318,3.4182945271194085,,,,,1.0,4.721562391281293,1.3032678641618847,0.4031356459334918,0.28984012097903317,0.06559999999999999,3.4182945271194085,scenario_balanced_paired_difference_and_ratio_of_means
scenario,S9_compound_unavailable_double_step,A,identified_arx_vs_exact_plant_shooting,B4,B5,freq_iae,50,50,0,0,0,0.0,0.0,0.0,0.0,0.0,0.0,50,1,1.665417778482144,2.3551962105186304,-0.6897784320364864,-0.292875145160238,,,,,1.0,-0.2921515923570709,0.0007235528031671046,3.007133838229209,1.665417778482144,2.3551962105186304,-0.292875145160238,scenario_balanced_paired_difference_and_ratio_of_means
scenario,S9_compound_unavailable_double_step,A,identified_arx_vs_exact_plant_shooting,B4,B5,max_abs_freq_hz,50,50,0,0,0,0.0,0.0,0.0,0.0,0.0,0.0,50,1,0.39169027813637614,0.403680443193788,-0.01199016505741185,-0.029702120227944596,,,,,1.0,-0.029702120227944686,-9.020562075079397e-17,0.504600553992235,0.39169027813637614,0.403680443193788,-0.029702120227944596,scenario_balanced_paired_difference_and_ratio_of_means
scenario,S9_compound_unavailable_double_step,A,identified_arx_vs_exact_plant_shooting,B4,B5,sg_mileage,50,50,0,0,0,0.0,0.0,0.0,0.0,0.0,0.0,50,1,0.7147032103277644,0.1032,0.6115032103277644,5.9254187047263995,,,,,1.0,5.982574328369782,0.057155623643382114,0.9777471012791944,0.7147032103277644,0.1032,5.9254187047263995,scenario_balanced_paired_difference_and_ratio_of_means
scenario,S9_compound_unavailable_double_step,A,identified_arx_vs_exact_plant_shooting,B4,B5,ibr_mileage,50,50,0,0,0,0.0,0.0,0.0,0.0,0.0,0.0,50,1,0.629440489830361,0.5075999999999999,0.12184048983036111,0.24003248587541592,,,,,1.0,0.2409013382696037,0.000868852394187769,0.8482126810382489,0.629440489830361,0.5075999999999999,0.24003248587541592,scenario_balanced_paired_difference_and_ratio_of_means
overall,ALL,B,identified_arx_vs_exact_plant_shooting,B4,B5,freq_iae,690,690,0,0,0,0.0,0.0,0.0,0.0,0.0,0.0,690,21,1.064698243005236,1.1248235935611954,-0.060125350555959356,-0.05345313780768261,-0.2605886122865221,0.1611131631051105,-0.2218008026641007,0.15211338401721783,0.6062393760623938,0.03374182981493769,0.0871949676226203,3.9350777278619886,1.064698243005236,1.1248235935611954,-0.05345313780768261,scenario_balanced_paired_difference_and_ratio_of_means
overall,ALL,B,identified_arx_vs_exact_plant_shooting,B4,B5,max_abs_freq_hz,690,690,0,0,0,0.0,0.0,0.0,0.0,0.0,0.0,690,21,0.23222251942159372,0.22955613642563366,0.0026663829959600593,0.011615385401922605,-0.00037572068485155347,0.005841056548126323,-0.001521871649772059,0.027328628299136893,0.1156884311568843,0.07271805808426357,0.061102672682340965,0.5278680771696118,0.23222251942159372,0.22955613642563366,0.011615385401922605,scenario_balanced_paired_difference_and_ratio_of_means
overall,ALL,B,identified_arx_vs_exact_plant_shooting,B4,B5,sg_mileage,690,690,0,0,0,0.0,0.0,0.0,0.0,0.0,0.0,690,21,0.7729608595441052,0.053897142857142824,0.7190637166869623,13.341406957190255,0.5982756604524188,0.8618492495567183,9.9181308818371,18.97879869654623,9.999000099990002e-05,15.057265461868145,1.7158585046778896,2.1770880395872334,0.7729608595441052,0.053897142857142824,13.341406957190255,scenario_balanced_paired_difference_and_ratio_of_means
overall,ALL,B,identified_arx_vs_exact_plant_shooting,B4,B5,ibr_mileage,690,690,0,0,0,0.0,0.0,0.0,0.0,0.0,0.0,690,21,0.848621729808129,0.11465396825396823,0.7339677615541608,6.40159056621887,0.3994794231556108,1.23137876086048,3.4068303662916777,13.412373465182869,9.999000099990002e-05,9.647262214142708,3.2456716479238388,6.156707626672487,0.848621729808129,0.11465396825396823,6.40159056621887,scenario_balanced_paired_difference_and_ratio_of_means
scenario,S0_nominal_stochastic,B,identified_arx_vs_exact_plant_shooting,B4,B5,freq_iae,30,30,0,0,0,0.0,0.0,0.0,0.0,0.0,0.0,30,1,0.5001213497019577,0.5533915858270541,-0.053270236125096404,-0.09626137709608114,,,,,1.0,-0.07082319823134066,0.02543817886474048,0.9811022634999398,0.5001213497019577,0.5533915858270541,-0.09626137709608114,scenario_balanced_paired_difference_and_ratio_of_means
scenario,S0_nominal_stochastic,B,identified_arx_vs_exact_plant_shooting,B4,B5,max_abs_freq_hz,30,30,0,0,0,0.0,0.0,0.0,0.0,0.0,0.0,30,1,0.012201916625286753,0.011879317710716989,0.000322598914569764,0.027156350425641844,,,,,1.0,0.04133487342600031,0.014178523000358469,0.019840802021764376,0.012201916625286753,0.011879317710716989,0.027156350425641844,scenario_balanced_paired_difference_and_ratio_of_means
scenario,S0_nominal_stochastic,B,identified_arx_vs_exact_plant_shooting,B4,B5,sg_mileage,30,30,0,0,0,0.0,0.0,0.0,0.0,0.0,0.0,30,1,0.7540468914372533,0.0006000000000000001,0.7534468914372533,1255.7448190620887,,,,,1.0,121.37048403098363,-1134.3743350311051,1.0286702621033876,0.7540468914372533,0.0006000000000000001,1255.7448190620887,scenario_balanced_paired_difference_and_ratio_of_means
scenario,S0_nominal_stochastic,B,identified_arx_vs_exact_plant_shooting,B4,B5,ibr_mileage,30,30,0,0,0,0.0,0.0,0.0,0.0,0.0,0.0,30,1,0.46882470228547646,0.001,0.46782470228547646,467.82470228547646,,,,,1.0,44.66866861394541,-423.1560336715311,0.6369633124239854,0.46882470228547646,0.001,467.82470228547646,scenario_balanced_paired_difference_and_ratio_of_means
scenario,S1_step_neg_002,B,identified_arx_vs_exact_plant_shooting,B4,B5,freq_iae,30,30,0,0,0,0.0,0.0,0.0,0.0,0.0,0.0,30,1,0.3213178632807531,1.0142894380051173,-0.6929715747243641,-0.6832089034539153,,,,,1.0,-0.6831852882925465,2.3615161368728543e-05,1.2852357376193624,0.3213178632807531,1.0142894380051173,-0.6832089034539153,scenario_balanced_paired_difference_and_ratio_of_means
scenario,S1_step_neg_002,B,identified_arx_vs_exact_plant_shooting,B4,B5,max_abs_freq_hz,30,30,0,0,0,0.0,0.0,0.0,0.0,0.0,0.0,30,1,0.08277784750579695,0.0820669081852345,0.0007109393205624454,0.008662923171880353,,,,,1.0,0.008662923171880341,-1.214306433183765e-17,0.10555443603897026,0.08277784750579695,0.0820669081852345,0.008662923171880353,scenario_balanced_paired_difference_and_ratio_of_means
scenario,S1_step_neg_002,B,identified_arx_vs_exact_plant_shooting,B4,B5,sg_mileage,30,30,0,0,0,0.0,0.0,0.0,0.0,0.0,0.0,30,1,0.5193907769890304,0.024,0.49539077698903033,20.64128237454293,,,,,1.0,20.641282374542932,3.552713678800501e-15,0.6956993595363534,0.5193907769890304,0.024,20.64128237454293,scenario_balanced_paired_difference_and_ratio_of_means
scenario,S1_step_neg_002,B,identified_arx_vs_exact_plant_shooting,B4,B5,ibr_mileage,30,30,0,0,0,0.0,0.0,0.0,0.0,0.0,0.0,30,1,0.32668073525861707,0.029999999999999995,0.2966807352586171,9.889357841953904,,,,,1.0,9.8893578419539,-3.552713678800501e-15,0.4365757282213331,0.32668073525861707,0.029999999999999995,9.889357841953904,scenario_balanced_paired_difference_and_ratio_of_means
scenario,S1_step_neg_004,B,identified_arx_vs_exact_plant_shooting,B4,B5,freq_iae,30,30,0,0,0,0.0,0.0,0.0,0.0,0.0,0.0,30,1,0.5683040322316129,1.1172427072484665,-0.5489386750168537,-0.49133341525117136,,,,,1.0,-0.45619792761445893,0.035135487636712426,1.5229793581272555,0.5683040322316129,1.1172427072484665,-0.49133341525117136,scenario_balanced_paired_difference_and_ratio_of_means
scenario,S1_step_neg_004,B,identified_arx_vs_exact_plant_shooting,B4,B5,max_abs_freq_hz,30,30,0,0,0,0.0,0.0,0.0,0.0,0.0,0.0,30,1,0.16710342821193383,0.16380461349255462,0.003298814719379206,0.02013871678607603,,,,,1.0,0.020138716786076084,5.204170427930421e-17,0.2115973756843265,0.16710342821193383,0.16380461349255462,0.02013871678607603,scenario_balanced_paired_difference_and_ratio_of_means
scenario,S1_step_neg_004,B,identified_arx_vs_exact_plant_shooting,B4,B5,sg_mileage,30,30,0,0,0,0.0,0.0,0.0,0.0,0.0,0.0,30,1,0.541201877821539,0.0425999999999999,0.49860187782153903,11.70426943243052,,,,,1.0,11.740009049643414,0.03573961721289365,0.7266457771065895,0.541201877821539,0.0425999999999999,11.70426943243052,scenario_balanced_paired_difference_and_ratio_of_means
scenario,S1_step_neg_004,B,identified_arx_vs_exact_plant_shooting,B4,B5,ibr_mileage,30,30,0,0,0,0.0,0.0,0.0,0.0,0.0,0.0,30,1,0.3357893256047218,0.023333333333333334,0.3124559922713885,13.39097109734522,,,,,1.0,14.359256397027341,0.9682852996821207,0.448291777170032,0.3357893256047218,0.023333333333333334,13.39097109734522,scenario_balanced_paired_difference_and_ratio_of_means
scenario,S1_step_neg_006,B,identified_arx_vs_exact_plant_shooting,B4,B5,freq_iae,30,30,0,0,0,0.0,0.0,0.0,0.0,0.0,0.0,30,1,0.8124959664700827,0.8245863017557541,-0.012090335285671383,-0.014662304309358502,,,,,1.0,-0.00476675537537351,0.00989554893398499,1.7430266019547132,0.8124959664700827,0.8245863017557541,-0.014662304309358502,scenario_balanced_paired_difference_and_ratio_of_means
scenario,S1_step_neg_006,B,identified_arx_vs_exact_plant_shooting,B4,B5,max_abs_freq_hz,30,30,0,0,0,0.0,0.0,0.0,0.0,0.0,0.0,30,1,0.25116666194304055,0.2458515127897711,0.005315149153269444,0.021619346950345817,,,,,1.0,0.021619346950345786,-3.122502256758253e-17,0.3169191184393045,0.25116666194304055,0.2458515127897711,0.021619346950345817,scenario_balanced_paired_difference_and_ratio_of_means
scenario,S1_step_neg_006,B,identified_arx_vs_exact_plant_shooting,B4,B5,sg_mileage,30,30,0,0,0,0.0,0.0,0.0,0.0,0.0,0.0,30,1,0.5516074938874312,0.036,0.5156074938874312,14.32243038576198,,,,,1.0,14.322430385761981,1.7763568394002505e-15,0.7411537671187343,0.5516074938874312,0.036,14.32243038576198,scenario_balanced_paired_difference_and_ratio_of_means
scenario,S1_step_neg_006,B,identified_arx_vs_exact_plant_shooting,B4,B5,ibr_mileage,30,30,0,0,0,0.0,0.0,0.0,0.0,0.0,0.0,30,1,0.34924424495522655,0.060333333333333336,0.2889109116218932,4.788578645666738,,,,,1.0,4.793447478067279,0.00486883240054059,0.46627220847811746,0.34924424495522655,0.060333333333333336,4.788578645666738,scenario_balanced_paired_difference_and_ratio_of_means
scenario,S1_step_neg_008,B,identified_arx_vs_exact_plant_shooting,B4,B5,freq_iae,30,30,0,0,0,0.0,0.0,0.0,0.0,0.0,0.0,30,1,1.0611076727764426,0.9928937074847322,0.06821396529171042,0.06870218310126551,,,,,1.0,0.06874316161912483,4.097851785932194e-05,1.3405913199854975,1.0611076727764426,0.9928937074847322,0.06870218310126551,scenario_balanced_paired_difference_and_ratio_of_means
scenario,S1_step_neg_008,B,identified_arx_vs_exact_plant_shooting,B4,B5,max_abs_freq_hz,30,30,0,0,0,0.0,0.0,0.0,0.0,0.0,0.0,30,1,0.33532290404922743,0.3197346476997886,0.015588256349438834,0.04875372894862261,,,,,1.0,0.04875372894862273,1.249000902703301e-16,0.42135569412790724,0.33532290404922743,0.3197346476997886,0.04875372894862261,scenario_balanced_paired_difference_and_ratio_of_means
scenario,S1_step_neg_008,B,identified_arx_vs_exact_plant_shooting,B4,B5,sg_mileage,30,30,0,0,0,0.0,0.0,0.0,0.0,0.0,0.0,30,1,0.5655135764146694,0.05999999999999999,0.5055135764146694,8.425226273577826,,,,,1.0,8.425226273577824,-1.7763568394002505e-15,0.7553749541884047,0.5655135764146694,0.05999999999999999,8.425226273577826,scenario_balanced_paired_difference_and_ratio_of_means
scenario,S1_step_neg_008,B,identified_arx_vs_exact_plant_shooting,B4,B5,ibr_mileage,30,30,0,0,0,0.0,0.0,0.0,0.0,0.0,0.0,30,1,0.367014547349156,0.08,0.287014547349156,3.5876818418644496,,,,,1.0,3.58768184186445,4.440892098500626e-16,0.48965614967459903,0.367014547349156,0.08,3.5876818418644496,scenario_balanced_paired_difference_and_ratio_of_means
scenario,S1_step_pos_002,B,identified_arx_vs_exact_plant_shooting,B4,B5,freq_iae,30,30,0,0,0,0.0,0.0,0.0,0.0,0.0,0.0,30,1,0.321431303209255,1.0142298056425252,-0.6927985024332701,-0.6830784291478942,,,,,1.0,-0.6830615528839955,1.687626389867969e-05,1.2852357376193624,0.321431303209255,1.0142298056425252,-0.6830784291478942,scenario_balanced_paired_difference_and_ratio_of_means
scenario,S1_step_pos_002,B,identified_arx_vs_exact_plant_shooting,B4,B5,max_abs_freq_hz,30,30,0,0,0,0.0,0.0,0.0,0.0,0.0,0.0,30,1,0.08266614245918466,0.0820669081852345,0.0005992342739501583,0.007301777137718132,,,,,1.0,0.007301777137718273,1.4137996329210978e-16,0.10498188228155286,0.08266614245918466,0.0820669081852345,0.007301777137718132,scenario_balanced_paired_difference_and_ratio_of_means
scenario,S1_step_pos_002,B,identified_arx_vs_exact_plant_shooting,B4,B5,sg_mileage,30,30,0,0,0,0.0,0.0,0.0,0.0,0.0,0.0,30,1,0.518738347176628,0.024,0.494738347176628,20.614097799026165,,,,,1.0,20.614097799026162,-3.552713678800501e-15,0.6979326608430158,0.518738347176628,0.024,20.614097799026165,scenario_balanced_paired_difference_and_ratio_of_means
scenario,S1_step_pos_002,B,identified_arx_vs_exact_plant_shooting,B4,B5,ibr_mileage,30,30,0,0,0,0.0,0.0,0.0,0.0,0.0,0.0,30,1,0.3263430124810289,0.029999999999999995,0.29634301248102896,9.8781004160343,,,,,1.0,9.8781004160343,0.0,0.43995794866315363,0.3263430124810289,0.029999999999999995,9.8781004160343,scenario_balanced_paired_difference_and_ratio_of_means
scenario,S1_step_pos_004,B,identified_arx_vs_exact_plant_shooting,B4,B5,freq_iae,30,30,0,0,0,0.0,0.0,0.0,0.0,0.0,0.0,30,1,0.5689443950964305,1.1571891724151726,-0.5882447773187421,-0.5083393375441069,,,,,1.0,-0.4859183568943936,0.022420980649713262,1.5229793581272555,0.5689443950964305,1.1571891724151726,-0.5083393375441069,scenario_balanced_paired_difference_and_ratio_of_means
scenario,S1_step_pos_004,B,identified_arx_vs_exact_plant_shooting,B4,B5,max_abs_freq_hz,30,30,0,0,0,0.0,0.0,0.0,0.0,0.0,0.0,30,1,0.16656616927038836,0.16380461349255462,0.0027615557778337407,0.016858840047012845,,,,,1.0,0.016858840047012942,9.71445146547012e-17,0.210533591606033,0.16656616927038836,0.16380461349255462,0.016858840047012845,scenario_balanced_paired_difference_and_ratio_of_means
scenario,S1_step_pos_004,B,identified_arx_vs_exact_plant_shooting,B4,B5,sg_mileage,30,30,0,0,0,0.0,0.0,0.0,0.0,0.0,0.0,30,1,0.5406673096724113,0.042599999999999895,0.49806730967241136,11.691720884328934,,,,,1.0,11.711771840445708,0.020050956116774543,0.7263060656213591,0.5406673096724113,0.042599999999999895,11.691720884328934,scenario_balanced_paired_difference_and_ratio_of_means
scenario,S1_step_pos_004,B,identified_arx_vs_exact_plant_shooting,B4,B5,ibr_mileage,30,30,0,0,0,0.0,0.0,0.0,0.0,0.0,0.0,30,1,0.3354469345770906,0.022000000000000002,0.3134469345770906,14.247587935322299,,,,,1.0,14.925704122911275,0.6781161875889765,0.44981148220774825,0.3354469345770906,0.022000000000000002,14.247587935322299,scenario_balanced_paired_difference_and_ratio_of_means
scenario,S1_step_pos_006,B,identified_arx_vs_exact_plant_shooting,B4,B5,freq_iae,30,30,0,0,0,0.0,0.0,0.0,0.0,0.0,0.0,30,1,0.8134290953062348,0.8045420250296832,0.008887070276551556,0.011046123135983694,,,,,1.0,0.011101893642295019,5.577050631132459e-05,1.0353684449569638,0.8134290953062348,0.8045420250296832,0.011046123135983694,scenario_balanced_paired_difference_and_ratio_of_means
scenario,S1_step_pos_006,B,identified_arx_vs_exact_plant_shooting,B4,B5,max_abs_freq_hz,30,30,0,0,0,0.0,0.0,0.0,0.0,0.0,0.0,30,1,0.2511102205394915,0.2458515127897711,0.005258707749720398,0.021389771777475888,,,,,1.0,0.021389771777475777,-1.1102230246251565e-16,0.3163413912661767,0.2511102205394915,0.2458515127897711,0.021389771777475888,scenario_balanced_paired_difference_and_ratio_of_means
scenario,S1_step_pos_006,B,identified_arx_vs_exact_plant_shooting,B4,B5,sg_mileage,30,30,0,0,0,0.0,0.0,0.0,0.0,0.0,0.0,30,1,0.5510847949482833,0.036,0.5150847949482833,14.307910970785649,,,,,1.0,14.307910970785649,0.0,0.7404464997191095,0.5510847949482833,0.036,14.307910970785649,scenario_balanced_paired_difference_and_ratio_of_means
scenario,S1_step_pos_006,B,identified_arx_vs_exact_plant_shooting,B4,B5,ibr_mileage,30,30,0,0,0,0.0,0.0,0.0,0.0,0.0,0.0,30,1,0.3485771840115513,0.05999999999999999,0.2885771840115513,4.809619733525856,,,,,1.0,4.809619733525854,-1.7763568394002505e-15,0.46861873476569177,0.3485771840115513,0.05999999999999999,4.809619733525856,scenario_balanced_paired_difference_and_ratio_of_means
scenario,S1_step_pos_008,B,identified_arx_vs_exact_plant_shooting,B4,B5,freq_iae,30,30,0,0,0,0.0,0.0,0.0,0.0,0.0,0.0,30,1,1.0617895793908037,0.9930439203641007,0.06874565902670293,0.06922720900551635,,,,,1.0,0.06924524392814282,1.8034922626475325e-05,1.3499448133617071,1.0617895793908037,0.9930439203641007,0.06922720900551635,scenario_balanced_paired_difference_and_ratio_of_means
scenario,S1_step_pos_008,B,identified_arx_vs_exact_plant_shooting,B4,B5,max_abs_freq_hz,30,30,0,0,0,0.0,0.0,0.0,0.0,0.0,0.0,30,1,0.33526080365895633,0.3197346476997886,0.015526155959167731,0.04855950417280347,,,,,1.0,0.04855950417280351,4.163336342344337e-17,0.4207452144642514,0.33526080365895633,0.3197346476997886,0.04855950417280347,scenario_balanced_paired_difference_and_ratio_of_means
scenario,S1_step_pos_008,B,identified_arx_vs_exact_plant_shooting,B4,B5,sg_mileage,30,30,0,0,0,0.0,0.0,0.0,0.0,0.0,0.0,30,1,0.5647982609926189,0.05999999999999999,0.5047982609926189,8.413304349876983,,,,,1.0,8.41330434987698,-1.7763568394002505e-15,0.7550713579458816,0.5647982609926189,0.05999999999999999,8.413304349876983,scenario_balanced_paired_difference_and_ratio_of_means
scenario,S1_step_pos_008,B,identified_arx_vs_exact_plant_shooting,B4,B5,ibr_mileage,30,30,0,0,0,0.0,0.0,0.0,0.0,0.0,0.0,30,1,0.36534661413781816,0.08,0.28534661413781814,3.5668326767227265,,,,,1.0,3.566832676722727,4.440892098500626e-16,0.4863619117265906,0.36534661413781816,0.08,3.5668326767227265,scenario_balanced_paired_difference_and_ratio_of_means
scenario,S2_sluggish_switch_050,B,identified_arx_vs_exact_plant_shooting,B4,B5,freq_iae,30,30,0,0,0,0.0,0.0,0.0,0.0,0.0,0.0,30,1,0.9969359780704197,1.155950085194253,-0.15901410712383335,-0.13756139573891,,,,,1.0,-0.12782649219910114,0.009734903539808853,2.148703387496345,0.9969359780704197,1.155950085194253,-0.13756139573891,scenario_balanced_paired_difference_and_ratio_of_means
scenario,S2_sluggish_switch_050,B,identified_arx_vs_exact_plant_shooting,B4,B5,max_abs_freq_hz,30,30,0,0,0,0.0,0.0,0.0,0.0,0.0,0.0,30,1,0.2884025760325381,0.2929128197038461,-0.0045102436713079785,-0.015397904659373149,,,,,1.0,-0.01539790465937316,-1.214306433183765e-17,0.3672684760525838,0.2884025760325381,0.2929128197038461,-0.015397904659373149,scenario_balanced_paired_difference_and_ratio_of_means
scenario,S2_sluggish_switch_050,B,identified_arx_vs_exact_plant_shooting,B4,B5,sg_mileage,30,30,0,0,0,0.0,0.0,0.0,0.0,0.0,0.0,30,1,0.9195888711242599,0.05479999999999993,0.86478887112426,15.78081881613615,,,,,1.0,17.263440246697193,1.4826214305610428,1.229582518040661,0.9195888711242599,0.05479999999999993,15.78081881613615,scenario_balanced_paired_difference_and_ratio_of_means
scenario,S2_sluggish_switch_050,B,identified_arx_vs_exact_plant_shooting,B4,B5,ibr_mileage,30,30,0,0,0,0.0,0.0,0.0,0.0,0.0,0.0,30,1,0.8123909428771486,0.134,0.6783909428771486,5.062618976695139,,,,,1.0,5.34166519618023,0.27904621948509156,1.212227278063092,0.8123909428771486,0.134,5.062618976695139,scenario_balanced_paired_difference_and_ratio_of_means
scenario,S2_sluggish_switch_060,B,identified_arx_vs_exact_plant_shooting,B4,B5,freq_iae,30,30,0,0,0,0.0,0.0,0.0,0.0,0.0,0.0,30,1,0.9893281585576504,1.155950085194253,-0.16662192663660258,-0.14414283866643118,,,,,1.0,-0.13464128073569015,0.009501557930741034,2.148703387496345,0.9893281585576504,1.155950085194253,-0.14414283866643118,scenario_balanced_paired_difference_and_ratio_of_means
scenario,S2_sluggish_switch_060,B,identified_arx_vs_exact_plant_shooting,B4,B5,max_abs_freq_hz,30,30,0,0,0,0.0,0.0,0.0,0.0,0.0,0.0,30,1,0.2881518651022254,0.2929128197038461,-0.004760954601620682,-0.016253828038097877,,,,,1.0,-0.0162538280380978,7.632783294297951e-17,0.3663529866393875,0.2881518651022254,0.2929128197038461,-0.016253828038097877,scenario_balanced_paired_difference_and_ratio_of_means
scenario,S2_sluggish_switch_060,B,identified_arx_vs_exact_plant_shooting,B4,B5,sg_mileage,30,30,0,0,0,0.0,0.0,0.0,0.0,0.0,0.0,30,1,0.9078241331843715,0.05479999999999993,0.8530241331843715,15.566133817233077,,,,,1.0,17.028036063658515,1.4619022464254385,1.2200931865002689,0.9078241331843715,0.05479999999999993,15.566133817233077,scenario_balanced_paired_difference_and_ratio_of_means
scenario,S2_sluggish_switch_060,B,identified_arx_vs_exact_plant_shooting,B4,B5,ibr_mileage,30,30,0,0,0,0.0,0.0,0.0,0.0,0.0,0.0,30,1,0.7947084055526474,0.134,0.6607084055526474,4.930659742930205,,,,,1.0,5.195558304107311,0.2648985611771062,1.1142887958947905,0.7947084055526474,0.134,4.930659742930205,scenario_balanced_paired_difference_and_ratio_of_means
scenario,S2_sluggish_switch_090,B,identified_arx_vs_exact_plant_shooting,B4,B5,freq_iae,30,30,0,0,0,0.0,0.0,0.0,0.0,0.0,0.0,30,1,0.8962751488525494,1.011793051620345,-0.11551790276779561,-0.11417147269671246,,,,,1.0,-0.11328960690033184,0.0008818657963806237,1.3103527622945546,0.8962751488525494,1.011793051620345,-0.11417147269671246,scenario_balanced_paired_difference_and_ratio_of_means
scenario,S2_sluggish_switch_090,B,identified_arx_vs_exact_plant_shooting,B4,B5,max_abs_freq_hz,30,30,0,0,0,0.0,0.0,0.0,0.0,0.0,0.0,30,1,0.2510818803563251,0.2458515127897711,0.005230367566554012,0.021274498200979246,,,,,1.0,0.02127449820097936,1.1449174941446927e-16,0.3163189094345278,0.2510818803563251,0.2458515127897711,0.021274498200979246,scenario_balanced_paired_difference_and_ratio_of_means
scenario,S2_sluggish_switch_090,B,identified_arx_vs_exact_plant_shooting,B4,B5,sg_mileage,30,30,0,0,0,0.0,0.0,0.0,0.0,0.0,0.0,30,1,0.8428179709292344,0.0584,0.7844179709292344,13.431814570706068,,,,,1.0,13.77284563370633,0.341031063000262,1.135375870142461,0.8428179709292344,0.0584,13.431814570706068,scenario_balanced_paired_difference_and_ratio_of_means
scenario,S2_sluggish_switch_090,B,identified_arx_vs_exact_plant_shooting,B4,B5,ibr_mileage,30,30,0,0,0,0.0,0.0,0.0,0.0,0.0,0.0,30,1,0.6132951410813268,0.14633333333333332,0.46696180774799345,3.191082968665104,,,,,1.0,3.520159575048849,0.32907660638374514,0.8395774991822864,0.6132951410813268,0.14633333333333332,3.191082968665104,scenario_balanced_paired_difference_and_ratio_of_means
scenario,S3_derated_coincident,B,identified_arx_vs_exact_plant_shooting,B4,B5,freq_iae,30,30,0,0,0,0.0,0.0,0.0,0.0,0.0,0.0,30,1,2.2890573566434713,1.0000652967231607,1.2889920599203106,1.2889078984580853,,,,,1.0,1.3482053995438001,0.059297501085714854,3.004408170793668,2.2890573566434713,1.0000652967231607,1.2889078984580853,scenario_balanced_paired_difference_and_ratio_of_means
scenario,S3_derated_coincident,B,identified_arx_vs_exact_plant_shooting,B4,B5,max_abs_freq_hz,30,30,0,0,0,0.0,0.0,0.0,0.0,0.0,0.0,30,1,0.2721851142682353,0.26311190992209815,0.00907320434613712,0.03448420236401881,,,,,1.0,0.03468698967262336,0.00020278730860455452,0.3472333171031066,0.2721851142682353,0.26311190992209815,0.03448420236401881,scenario_balanced_paired_difference_and_ratio_of_means
scenario,S3_derated_coincident,B,identified_arx_vs_exact_plant_shooting,B4,B5,sg_mileage,30,30,0,0,0,0.0,0.0,0.0,0.0,0.0,0.0,30,1,1.6720597164187,0.038,1.6340597164187,43.00157148470264,,,,,1.0,47.862446784937944,4.860875300235307,2.1770880395872334,1.6720597164187,0.038,43.00157148470264,scenario_balanced_paired_difference_and_ratio_of_means
scenario,S3_derated_coincident,B,identified_arx_vs_exact_plant_shooting,B4,B5,ibr_mileage,30,30,0,0,0,0.0,0.0,0.0,0.0,0.0,0.0,30,1,4.759149145881773,0.06433333333333334,4.69481581254844,72.9764115940172,,,,,1.0,77.67561403151491,4.699202437497718,6.156707626672487,4.759149145881773,0.06433333333333334,72.9764115940172,scenario_balanced_paired_difference_and_ratio_of_means
scenario,S4_unavailable_coincident,B,identified_arx_vs_exact_plant_shooting,B4,B5,freq_iae,30,30,0,0,0,0.0,0.0,0.0,0.0,0.0,0.0,30,1,0.9777693340119326,1.6500407493706561,-0.6722714153587236,-0.40742715936872187,,,,,1.0,-0.39822489036980807,0.009202268998913798,2.175517619128376,0.9777693340119326,1.6500407493706561,-0.40742715936872187,scenario_balanced_paired_difference_and_ratio_of_means
scenario,S4_unavailable_coincident,B,identified_arx_vs_exact_plant_shooting,B4,B5,max_abs_freq_hz,30,30,0,0,0,0.0,0.0,0.0,0.0,0.0,0.0,30,1,0.2957087143963485,0.3033145701461424,-0.007605855749793888,-0.025075800829908207,,,,,1.0,-0.02507660524841337,-8.044185051646335e-07,0.379192456789193,0.2957087143963485,0.3033145701461424,-0.025075800829908207,scenario_balanced_paired_difference_and_ratio_of_means
scenario,S4_unavailable_coincident,B,identified_arx_vs_exact_plant_shooting,B4,B5,sg_mileage,30,30,0,0,0,0.0,0.0,0.0,0.0,0.0,0.0,30,1,0.6732790379554402,0.0539999999999999,0.6192790379554403,11.468130332508174,,,,,1.0,11.468130332508174,0.0,0.9072185350865614,0.6732790379554402,0.0539999999999999,11.468130332508174,scenario_balanced_paired_difference_and_ratio_of_means
scenario,S4_unavailable_coincident,B,identified_arx_vs_exact_plant_shooting,B4,B5,ibr_mileage,30,30,0,0,0,0.0,0.0,0.0,0.0,0.0,0.0,30,1,0.6014506069933809,0.20933333333333334,0.39211727366004756,1.8731716894588257,,,,,1.0,1.8849795514599035,0.011807862001077751,0.7908307804164165,0.6014506069933809,0.20933333333333334,1.8731716894588257,scenario_balanced_paired_difference_and_ratio_of_means
scenario,S5_multi_switch_stochastic,B,identified_arx_vs_exact_plant_shooting,B4,B5,freq_iae,30,30,0,0,0,0.0,0.0,0.0,0.0,0.0,0.0,30,1,0.9362278856585842,0.5714451526684775,0.36478273299010666,0.6383512595857724,,,,,1.0,0.6805919231822346,0.04224066359646217,1.2945151647881246,0.9362278856585842,0.5714451526684775,0.6383512595857724,scenario_balanced_paired_difference_and_ratio_of_means
scenario,S5_multi_switch_stochastic,B,identified_arx_vs_exact_plant_shooting,B4,B5,max_abs_freq_hz,30,30,0,0,0,0.0,0.0,0.0,0.0,0.0,0.0,30,1,0.030265262642641053,0.01260531320537689,0.017659949437264164,1.4009925139925266,,,,,1.0,1.4389993231058065,0.038006809113279916,0.045343515927927874,0.030265262642641053,0.01260531320537689,1.4009925139925266,scenario_balanced_paired_difference_and_ratio_of_means
scenario,S5_multi_switch_stochastic,B,identified_arx_vs_exact_plant_shooting,B4,B5,sg_mileage,30,30,0,0,0,0.0,0.0,0.0,0.0,0.0,0.0,30,1,1.1033259848188648,0.0013999999999999998,1.1019259848188647,787.0899891563321,,,,,1.0,133.84706243453064,-653.2429267218015,1.5340414867621008,1.1033259848188648,0.0013999999999999998,787.0899891563321,scenario_balanced_paired_difference_and_ratio_of_means
scenario,S5_multi_switch_stochastic,B,identified_arx_vs_exact_plant_shooting,B4,B5,ibr_mileage,30,30,0,0,0,0.0,0.0,0.0,0.0,0.0,0.0,30,1,1.784765817086981,0.002,1.782765817086981,891.3829085434904,,,,,1.0,143.0498380362,-748.3330705072905,2.8027370488424856,1.784765817086981,0.002,891.3829085434904,scenario_balanced_paired_difference_and_ratio_of_means
scenario,S6_sluggish_coincident_high_noise,B,identified_arx_vs_exact_plant_shooting,B4,B5,freq_iae,30,30,0,0,0,0.0,0.0,0.0,0.0,0.0,0.0,30,1,1.6317787744501482,1.3198687294238056,0.31191004502634256,0.23631898996691,,,,,1.0,0.2538659953724225,0.01754700540551249,2.236314092748679,1.6317787744501482,1.3198687294238056,0.23631898996691,scenario_balanced_paired_difference_and_ratio_of_means
scenario,S6_sluggish_coincident_high_noise,B,identified_arx_vs_exact_plant_shooting,B4,B5,max_abs_freq_hz,30,30,0,0,0,0.0,0.0,0.0,0.0,0.0,0.0,30,1,0.29220308555990987,0.29250656578743633,-0.00030348022752646475,-0.0010375159501445274,,,,,1.0,-0.001031250121695617,6.265828448910474e-06,0.3815140170218305,0.29220308555990987,0.29250656578743633,-0.0010375159501445274,scenario_balanced_paired_difference_and_ratio_of_means
scenario,S6_sluggish_coincident_high_noise,B,identified_arx_vs_exact_plant_shooting,B4,B5,sg_mileage,30,30,0,0,0,0.0,0.0,0.0,0.0,0.0,0.0,30,1,1.5220071130339419,0.20879999999999993,1.313207113033942,6.289306096905855,,,,,1.0,6.5885805447885275,0.29927444788267277,1.9831810660766844,1.5220071130339419,0.20879999999999993,6.289306096905855,scenario_balanced_paired_difference_and_ratio_of_means
scenario,S6_sluggish_coincident_high_noise,B,identified_arx_vs_exact_plant_shooting,B4,B5,ibr_mileage,30,30,0,0,0,0.0,0.0,0.0,0.0,0.0,0.0,30,1,2.39661974088514,0.5953333333333333,1.801286407551807,3.0256770563580186,,,,,1.0,3.247729663959265,0.22205260760124634,3.338985288161181,2.39661974088514,0.5953333333333333,3.0256770563580186,scenario_balanced_paired_difference_and_ratio_of_means
scenario,S6_sluggish_coincident_low_noise,B,identified_arx_vs_exact_plant_shooting,B4,B5,freq_iae,30,30,0,0,0,0.0,0.0,0.0,0.0,0.0,0.0,30,1,0.9893965044730427,1.1372291913196655,-0.14783268684662276,-0.12999374969883995,,,,,1.0,-0.12529824599598569,0.0046955037028542645,1.7616255803564185,0.9893965044730427,1.1372291913196655,-0.12999374969883995,scenario_balanced_paired_difference_and_ratio_of_means
scenario,S6_sluggish_coincident_low_noise,B,identified_arx_vs_exact_plant_shooting,B4,B5,max_abs_freq_hz,30,30,0,0,0,0.0,0.0,0.0,0.0,0.0,0.0,30,1,0.288135253621643,0.2929128197038461,-0.0047775660822030885,-0.016310539385177878,,,,,1.0,-0.016310539385178,-1.214306433183765e-16,0.3667382609234154,0.288135253621643,0.2929128197038461,-0.016310539385177878,scenario_balanced_paired_difference_and_ratio_of_means
scenario,S6_sluggish_coincident_low_noise,B,identified_arx_vs_exact_plant_shooting,B4,B5,sg_mileage,30,30,0,0,0,0.0,0.0,0.0,0.0,0.0,0.0,30,1,0.9066354039523812,0.05579999999999993,0.8508354039523812,15.247946307390363,,,,,1.0,16.783484923577937,1.5355386161875746,1.211582269990488,0.9066354039523812,0.05579999999999993,15.247946307390363,scenario_balanced_paired_difference_and_ratio_of_means
scenario,S6_sluggish_coincident_low_noise,B,identified_arx_vs_exact_plant_shooting,B4,B5,ibr_mileage,30,30,0,0,0,0.0,0.0,0.0,0.0,0.0,0.0,30,1,0.7952114225715872,0.13433333333333333,0.6608780892382539,4.91968800921777,,,,,1.0,5.18976883621254,0.27008082699476965,1.126942849690209,0.7952114225715872,0.13433333333333333,4.91968800921777,scenario_balanced_paired_difference_and_ratio_of_means
scenario,S6_sluggish_coincident_medium_noise,B,identified_arx_vs_exact_plant_shooting,B4,B5,freq_iae,30,30,0,0,0,0.0,0.0,0.0,0.0,0.0,0.0,30,1,0.9893281585576504,1.155950085194253,-0.16662192663660258,-0.14414283866643118,,,,,1.0,-0.13464128073569015,0.009501557930741034,2.148703387496345,0.9893281585576504,1.155950085194253,-0.14414283866643118,scenario_balanced_paired_difference_and_ratio_of_means
scenario,S6_sluggish_coincident_medium_noise,B,identified_arx_vs_exact_plant_shooting,B4,B5,max_abs_freq_hz,30,30,0,0,0,0.0,0.0,0.0,0.0,0.0,0.0,30,1,0.2881518651022254,0.2929128197038461,-0.004760954601620682,-0.016253828038097877,,,,,1.0,-0.0162538280380978,7.632783294297951e-17,0.3663529866393875,0.2881518651022254,0.2929128197038461,-0.016253828038097877,scenario_balanced_paired_difference_and_ratio_of_means
scenario,S6_sluggish_coincident_medium_noise,B,identified_arx_vs_exact_plant_shooting,B4,B5,sg_mileage,30,30,0,0,0,0.0,0.0,0.0,0.0,0.0,0.0,30,1,0.9078241331843715,0.05479999999999993,0.8530241331843715,15.566133817233077,,,,,1.0,17.028036063658515,1.4619022464254385,1.2200931865002689,0.9078241331843715,0.05479999999999993,15.566133817233077,scenario_balanced_paired_difference_and_ratio_of_means
scenario,S6_sluggish_coincident_medium_noise,B,identified_arx_vs_exact_plant_shooting,B4,B5,ibr_mileage,30,30,0,0,0,0.0,0.0,0.0,0.0,0.0,0.0,30,1,0.7947084055526474,0.134,0.6607084055526474,4.930659742930205,,,,,1.0,5.195558304107311,0.2648985611771062,1.1142887958947905,0.7947084055526474,0.134,4.930659742930205,scenario_balanced_paired_difference_and_ratio_of_means
scenario,S7_ood_asymmetric_limit,B,identified_arx_vs_exact_plant_shooting,B4,B5,freq_iae,50,50,0,0,0,0.0,0.0,0.0,0.0,0.0,0.0,50,1,1.8749780070355655,1.6577691893326894,0.21720881770287614,0.13102476454536494,,,,,1.0,0.1321096426325987,0.0010848780872337593,2.5892981408192606,1.8749780070355655,1.6577691893326894,0.13102476454536494,scenario_balanced_paired_difference_and_ratio_of_means
scenario,S7_ood_asymmetric_limit,B,identified_arx_vs_exact_plant_shooting,B4,B5,max_abs_freq_hz,50,50,0,0,0,0.0,0.0,0.0,0.0,0.0,0.0,50,1,0.2510666312769058,0.24588990062487892,0.005176730652026895,0.02105304300368292,,,,,1.0,0.021054649287119986,1.6062834370667023e-06,0.3163189094345278,0.2510666312769058,0.24588990062487892,0.02105304300368292,scenario_balanced_paired_difference_and_ratio_of_means
scenario,S7_ood_asymmetric_limit,B,identified_arx_vs_exact_plant_shooting,B4,B5,sg_mileage,50,50,0,0,0,0.0,0.0,0.0,0.0,0.0,0.0,50,1,0.4852857144945738,0.07848,0.4068057144945738,5.183559053192837,,,,,1.0,5.193196446319591,0.009637393126754823,0.6630271399840432,0.4852857144945738,0.07848,5.183559053192837,scenario_balanced_paired_difference_and_ratio_of_means
scenario,S7_ood_asymmetric_limit,B,identified_arx_vs_exact_plant_shooting,B4,B5,ibr_mileage,50,50,0,0,0,0.0,0.0,0.0,0.0,0.0,0.0,50,1,0.27773051602770077,0.0704,0.20733051602770075,2.94503573902984,,,,,1.0,2.950401071351932,0.005365332322092353,0.38314935437170383,0.27773051602770077,0.0704,2.94503573902984,scenario_balanced_paired_difference_and_ratio_of_means
scenario,S8_ood_time_varying_delay,B,identified_arx_vs_exact_plant_shooting,B4,B5,freq_iae,50,50,0,0,0,0.0,0.0,0.0,0.0,0.0,0.0,50,1,1.8546115881588714,0.8655720415381751,0.9890395466206963,1.1426426676895798,,,,,1.0,1.1493092920536896,0.006666624364109808,2.374964220429975,1.8546115881588714,0.8655720415381751,1.1426426676895798,scenario_balanced_paired_difference_and_ratio_of_means
scenario,S8_ood_time_varying_delay,B,identified_arx_vs_exact_plant_shooting,B4,B5,max_abs_freq_hz,50,50,0,0,0,0.0,0.0,0.0,0.0,0.0,0.0,50,1,0.2510666312769058,0.24588990062487892,0.005176730652026895,0.02105304300368292,,,,,1.0,0.021054649287119986,1.6062834370667023e-06,0.3163189094345278,0.2510666312769058,0.24588990062487892,0.02105304300368292,scenario_balanced_paired_difference_and_ratio_of_means
scenario,S8_ood_time_varying_delay,B,identified_arx_vs_exact_plant_shooting,B4,B5,sg_mileage,50,50,0,0,0,0.0,0.0,0.0,0.0,0.0,0.0,50,1,0.4855785120661386,0.042480000000000004,0.4430985120661386,10.430755933760324,,,,,1.0,10.47976047708686,0.04900454332653581,0.6634243896498931,0.4855785120661386,0.042480000000000004,10.430755933760324,scenario_balanced_paired_difference_and_ratio_of_means
scenario,S8_ood_time_varying_delay,B,identified_arx_vs_exact_plant_shooting,B4,B5,ibr_mileage,50,50,0,0,0,0.0,0.0,0.0,0.0,0.0,0.0,50,1,0.27773051602770077,0.0604,0.21733051602770076,3.5981873514519993,,,,,1.0,3.6062961644250366,0.008108812973037338,0.38314935437170383,0.27773051602770077,0.0604,3.5981873514519993,scenario_balanced_paired_difference_and_ratio_of_means
scenario,S9_compound_unavailable_double_step,B,identified_arx_vs_exact_plant_shooting,B4,B5,freq_iae,50,50,0,0,0,0.0,0.0,0.0,0.0,0.0,0.0,50,1,1.9040349511764993,2.468253143432762,-0.5642181922562626,-0.22859008354044563,,,,,1.0,-0.22410892787573075,0.004481155664714881,3.9350777278619886,1.9040349511764993,2.468253143432762,-0.22859008354044563,scenario_balanced_paired_difference_and_ratio_of_means
scenario,S9_compound_unavailable_double_step,B,identified_arx_vs_exact_plant_shooting,B4,B5,max_abs_freq_hz,50,50,0,0,0,0.0,0.0,0.0,0.0,0.0,0.0,50,1,0.39607793395425794,0.40506323097692537,-0.008985297022667427,-0.022182455319375256,,,,,1.0,-0.02215389975529617,2.8555564079085077e-05,0.5278680771696118,0.39607793395425794,0.40506323097692537,-0.022182455319375256,scenario_balanced_paired_difference_and_ratio_of_means
scenario,S9_compound_unavailable_double_step,B,identified_arx_vs_exact_plant_shooting,B4,B5,sg_mileage,50,50,0,0,0,0.0,0.0,0.0,0.0,0.0,0.0,50,1,0.6989021299240684,0.10427999999999997,0.5946221299240685,5.702168487956163,,,,,1.0,5.75978678130917,0.05761829335300739,0.9670580202181607,0.6989021299240684,0.10427999999999997,5.702168487956163,scenario_balanced_paired_difference_and_ratio_of_means
scenario,S9_compound_unavailable_double_step,B,identified_arx_vs_exact_plant_shooting,B4,B5,ibr_mileage,50,50,0,0,0,0.0,0.0,0.0,0.0,0.0,0.0,50,1,0.6900283647719843,0.3366,0.35342836477198425,1.0499951419250868,,,,,1.0,1.0567473466910955,0.006752204766008685,0.9145374395720145,0.6900283647719843,0.3366,1.0499951419250868,scenario_balanced_paired_difference_and_ratio_of_means
overall,ALL,C,identified_arx_vs_exact_plant_shooting,B4,B5,freq_iae,690,690,0,0,0,0.0,0.0,0.0,0.0,0.0,0.0,690,21,1.1914099360407864,1.2172674289902508,-0.025857492949464378,-0.02124224499370177,-0.19673881549066652,0.18257310308459565,-0.1667665275917953,0.15735629310023216,0.8137186281371863,0.06527491322826205,0.08651715822196382,5.406872375533366,1.1914099360407864,1.2172674289902508,-0.02124224499370177,scenario_balanced_paired_difference_and_ratio_of_means
overall,ALL,C,identified_arx_vs_exact_plant_shooting,B4,B5,max_abs_freq_hz,690,690,0,0,0,0.0,0.0,0.0,0.0,0.0,0.0,690,21,0.23382923747267098,0.22890935072488022,0.004919886747790758,0.02149272946784875,0.00220689594174669,0.007883474876994432,0.009246078683357391,0.03724762553724419,0.0025997400259974,0.07474244953568436,0.05324972006783561,0.5080270368981548,0.23382923747267098,0.22890935072488022,0.02149272946784875,scenario_balanced_paired_difference_and_ratio_of_means
overall,ALL,C,identified_arx_vs_exact_plant_shooting,B4,B5,sg_mileage,690,690,0,0,0,0.0,0.0,0.0,0.0,0.0,0.0,690,21,0.5565608252345838,0.03725365079365076,0.5193071744409331,13.939765992798751,0.45941940436277023,0.5795052354369133,9.734786928151555,21.115181840124666,9.999000099990002e-05,17.2275449715287,3.28777897872995,1.188156353220209,0.5565608252345838,0.03725365079365076,13.939765992798751,scenario_balanced_paired_difference_and_ratio_of_means
overall,ALL,C,identified_arx_vs_exact_plant_shooting,B4,B5,ibr_mileage,690,690,0,0,0,0.0,0.0,0.0,0.0,0.0,0.0,690,21,0.7190031460231635,0.07593333333333334,0.6430698126898302,8.468873740427965,0.4182690580283195,0.9157604939359363,5.106409348557222,16.411842844835093,9.999000099990002e-05,9.977439122542759,1.508565382114794,6.0399283244827195,0.7190031460231635,0.07593333333333334,8.468873740427965,scenario_balanced_paired_difference_and_ratio_of_means
scenario,S0_nominal_stochastic,C,identified_arx_vs_exact_plant_shooting,B4,B5,freq_iae,30,30,0,0,0,0.0,0.0,0.0,0.0,0.0,0.0,30,1,0.4947834775482955,0.5515150779205911,-0.056731600372295576,-0.10286500341240712,,,,,1.0,-0.07905341977882656,0.02381158363358056,0.9841604633914627,0.4947834775482955,0.5515150779205911,-0.10286500341240712,scenario_balanced_paired_difference_and_ratio_of_means
scenario,S0_nominal_stochastic,C,identified_arx_vs_exact_plant_shooting,B4,B5,max_abs_freq_hz,30,30,0,0,0,0.0,0.0,0.0,0.0,0.0,0.0,30,1,0.011883160605953921,0.011879317710716989,3.84289523693189e-06,0.0003234946089088098,,,,,1.0,0.010632621225210755,0.010309126616301945,0.019840802021764376,0.011883160605953921,0.011879317710716989,0.0003234946089088098,scenario_balanced_paired_difference_and_ratio_of_means
scenario,S0_nominal_stochastic,C,identified_arx_vs_exact_plant_shooting,B4,B5,sg_mileage,30,30,0,0,0,0.0,0.0,0.0,0.0,0.0,0.0,30,1,0.6501199300445107,0.0005,0.6496199300445108,1299.2398600890215,,,,,1.0,184.5640633125772,-1114.6757967764443,0.8711180694985904,0.6501199300445107,0.0005,1299.2398600890215,scenario_balanced_paired_difference_and_ratio_of_means
scenario,S0_nominal_stochastic,C,identified_arx_vs_exact_plant_shooting,B4,B5,ibr_mileage,30,30,0,0,0,0.0,0.0,0.0,0.0,0.0,0.0,30,1,0.38323058601349885,0.0,0.38323058601349885,38323058.60134988,,,,,1.0,,,0.5157488948179887,0.38323058601349885,0.0,38323058.60134988,scenario_balanced_paired_difference_and_ratio_of_means
scenario,S1_step_neg_002,C,identified_arx_vs_exact_plant_shooting,B4,B5,freq_iae,30,30,0,0,0,0.0,0.0,0.0,0.0,0.0,0.0,30,1,0.3227604820546378,0.77283338761567,-0.4500729055610322,-0.5823673158707442,,,,,1.0,-0.5775507995284652,0.004816516342278976,1.07971928310064,0.3227604820546378,0.77283338761567,-0.5823673158707442,scenario_balanced_paired_difference_and_ratio_of_means
scenario,S1_step_neg_002,C,identified_arx_vs_exact_plant_shooting,B4,B5,max_abs_freq_hz,30,30,0,0,0,0.0,0.0,0.0,0.0,0.0,0.0,30,1,0.08364692267045609,0.08190230674627731,0.00174461592417878,0.02130118177969484,,,,,1.0,0.021301181779694905,6.591949208711867e-17,0.10682475995729701,0.08364692267045609,0.08190230674627731,0.02130118177969484,scenario_balanced_paired_difference_and_ratio_of_means
scenario,S1_step_neg_002,C,identified_arx_vs_exact_plant_shooting,B4,B5,sg_mileage,30,30,0,0,0,0.0,0.0,0.0,0.0,0.0,0.0,30,1,0.4750562731111165,0.0164,0.45865627311111645,27.966845921409536,,,,,1.0,28.233733625470784,0.2668877040612472,0.6344717170476377,0.4750562731111165,0.0164,27.966845921409536,scenario_balanced_paired_difference_and_ratio_of_means
scenario,S1_step_neg_002,C,identified_arx_vs_exact_plant_shooting,B4,B5,ibr_mileage,30,30,0,0,0,0.0,0.0,0.0,0.0,0.0,0.0,30,1,0.28802483079307384,0.005333333333333333,0.2826914974597405,53.004655773701344,,,,,1.0,27.967526026007693,-25.03712974769365,0.3873012686990225,0.28802483079307384,0.005333333333333333,53.004655773701344,scenario_balanced_paired_difference_and_ratio_of_means
scenario,S1_step_neg_004,C,identified_arx_vs_exact_plant_shooting,B4,B5,freq_iae,30,30,0,0,0,0.0,0.0,0.0,0.0,0.0,0.0,30,1,0.5706180505369585,0.8448875131552981,-0.2742694626183396,-0.3246224596148415,,,,,1.0,-0.3118840658474068,0.012738393767434686,1.1304079682536352,0.5706180505369585,0.8448875131552981,-0.3246224596148415,scenario_balanced_paired_difference_and_ratio_of_means
scenario,S1_step_neg_004,C,identified_arx_vs_exact_plant_shooting,B4,B5,max_abs_freq_hz,30,30,0,0,0,0.0,0.0,0.0,0.0,0.0,0.0,30,1,0.16760860641085015,0.16304742404363093,0.004561182367219224,0.0279745748451608,,,,,1.0,0.028024552126723515,4.997728156271378e-05,0.21186354146867925,0.16760860641085015,0.16304742404363093,0.0279745748451608,scenario_balanced_paired_difference_and_ratio_of_means
scenario,S1_step_neg_004,C,identified_arx_vs_exact_plant_shooting,B4,B5,sg_mileage,30,30,0,0,0,0.0,0.0,0.0,0.0,0.0,0.0,30,1,0.4810953319975732,0.026500000000000003,0.4545953319975732,17.1545408300971,,,,,1.0,17.18764850732182,0.03310767722472008,0.6451061997866288,0.4810953319975732,0.026500000000000003,17.1545408300971,scenario_balanced_paired_difference_and_ratio_of_means
scenario,S1_step_neg_004,C,identified_arx_vs_exact_plant_shooting,B4,B5,ibr_mileage,30,30,0,0,0,0.0,0.0,0.0,0.0,0.0,0.0,30,1,0.3012074111900213,0.03166666666666666,0.26954074452335464,8.511812984948042,,,,,1.0,8.619887098387425,0.10807411343938256,0.4015731711627427,0.3012074111900213,0.03166666666666666,8.511812984948042,scenario_balanced_paired_difference_and_ratio_of_means
scenario,S1_step_neg_006,C,identified_arx_vs_exact_plant_shooting,B4,B5,freq_iae,30,30,0,0,0,0.0,0.0,0.0,0.0,0.0,0.0,30,1,0.8139155648741591,1.053261973296517,-0.23934640842235788,-0.22724299793454755,,,,,1.0,-0.21790212089982947,0.009340877034718087,1.3920099141389288,0.8139155648741591,1.053261973296517,-0.22724299793454755,scenario_balanced_paired_difference_and_ratio_of_means
scenario,S1_step_neg_006,C,identified_arx_vs_exact_plant_shooting,B4,B5,max_abs_freq_hz,30,30,0,0,0,0.0,0.0,0.0,0.0,0.0,0.0,30,1,0.2521411171474185,0.2431721139276667,0.008969003219751803,0.03688335424192471,,,,,1.0,0.036883354241924564,-1.457167719820518e-16,0.3173115064889831,0.2521411171474185,0.2431721139276667,0.03688335424192471,scenario_balanced_paired_difference_and_ratio_of_means
scenario,S1_step_neg_006,C,identified_arx_vs_exact_plant_shooting,B4,B5,sg_mileage,30,30,0,0,0,0.0,0.0,0.0,0.0,0.0,0.0,30,1,0.48464786607667987,0.026500000000000003,0.45814786607667984,17.28859871987471,,,,,1.0,17.316685385575667,0.028086665700957525,0.6499993833830335,0.48464786607667987,0.026500000000000003,17.28859871987471,scenario_balanced_paired_difference_and_ratio_of_means
scenario,S1_step_neg_006,C,identified_arx_vs_exact_plant_shooting,B4,B5,ibr_mileage,30,30,0,0,0,0.0,0.0,0.0,0.0,0.0,0.0,30,1,0.3172763036625541,0.051666666666666666,0.26560963699588747,5.140831683791371,,,,,1.0,5.171226764051501,0.03039508026013049,0.42485662661772794,0.3172763036625541,0.051666666666666666,5.140831683791371,scenario_balanced_paired_difference_and_ratio_of_means
scenario,S1_step_neg_008,C,identified_arx_vs_exact_plant_shooting,B4,B5,freq_iae,30,30,0,0,0,0.0,0.0,0.0,0.0,0.0,0.0,30,1,1.0628088761687604,1.0048661443615308,0.05794273180722964,0.057662139512168704,,,,,1.0,0.05811651750504811,0.00045437799287940256,1.3380128106509885,1.0628088761687604,1.0048661443615308,0.057662139512168704,scenario_balanced_paired_difference_and_ratio_of_means
scenario,S1_step_neg_008,C,identified_arx_vs_exact_plant_shooting,B4,B5,max_abs_freq_hz,30,30,0,0,0,0.0,0.0,0.0,0.0,0.0,0.0,30,1,0.33684453734357017,0.32507442067394393,0.01177011666962624,0.03620745257416578,,,,,1.0,0.03620745257416572,-5.551115123125783e-17,0.42326057656426763,0.33684453734357017,0.32507442067394393,0.03620745257416578,scenario_balanced_paired_difference_and_ratio_of_means
scenario,S1_step_neg_008,C,identified_arx_vs_exact_plant_shooting,B4,B5,sg_mileage,30,30,0,0,0,0.0,0.0,0.0,0.0,0.0,0.0,30,1,0.4894938247573134,0.03599999999999996,0.4534938247573134,12.597050687703163,,,,,1.0,12.59705068770316,-3.552713678800501e-15,0.6560012202489893,0.4894938247573134,0.03599999999999996,12.597050687703163,scenario_balanced_paired_difference_and_ratio_of_means
scenario,S1_step_neg_008,C,identified_arx_vs_exact_plant_shooting,B4,B5,ibr_mileage,30,30,0,0,0,0.0,0.0,0.0,0.0,0.0,0.0,30,1,0.33331710522149177,0.05,0.2833171052214918,5.666342104429836,,,,,1.0,5.666342104429835,-8.881784197001252e-16,0.444351079343263,0.33331710522149177,0.05,5.666342104429836,scenario_balanced_paired_difference_and_ratio_of_means
scenario,S1_step_pos_002,C,identified_arx_vs_exact_plant_shooting,B4,B5,freq_iae,30,30,0,0,0,0.0,0.0,0.0,0.0,0.0,0.0,30,1,0.3241111191133017,0.7839868567594901,-0.4598757376461884,-0.5865860297033885,,,,,1.0,-0.5815369154125999,0.005049114290788581,1.07971928310064,0.3241111191133017,0.7839868567594901,-0.5865860297033885,scenario_balanced_paired_difference_and_ratio_of_means
scenario,S1_step_pos_002,C,identified_arx_vs_exact_plant_shooting,B4,B5,max_abs_freq_hz,30,30,0,0,0,0.0,0.0,0.0,0.0,0.0,0.0,30,1,0.08343814351667136,0.08190230674627731,0.0015358367703940529,0.018752057559891143,,,,,1.0,0.018752057559891327,1.8388068845354155e-16,0.10591137926751801,0.08343814351667136,0.08190230674627731,0.018752057559891143,scenario_balanced_paired_difference_and_ratio_of_means
scenario,S1_step_pos_002,C,identified_arx_vs_exact_plant_shooting,B4,B5,sg_mileage,30,30,0,0,0,0.0,0.0,0.0,0.0,0.0,0.0,30,1,0.4745706590522199,0.0166,0.4579706590522199,27.588593918808428,,,,,1.0,27.800263847199524,0.2116699283910961,0.632780550475266,0.4745706590522199,0.0166,27.588593918808428,scenario_balanced_paired_difference_and_ratio_of_means
scenario,S1_step_pos_002,C,identified_arx_vs_exact_plant_shooting,B4,B5,ibr_mileage,30,30,0,0,0,0.0,0.0,0.0,0.0,0.0,0.0,30,1,0.2877961336769585,0.004666666666666667,0.28312946701029185,60.67060007363396,,,,,1.0,27.619168972813846,-33.05143110082012,0.38413418811285566,0.2877961336769585,0.004666666666666667,60.67060007363396,scenario_balanced_paired_difference_and_ratio_of_means
scenario,S1_step_pos_004,C,identified_arx_vs_exact_plant_shooting,B4,B5,freq_iae,30,30,0,0,0,0.0,0.0,0.0,0.0,0.0,0.0,30,1,0.5708988889647579,0.8529376857059346,-0.2820387967411767,-0.3306675287864049,,,,,1.0,-0.32000853740584084,0.010658991380564031,1.1455865396821991,0.5708988889647579,0.8529376857059346,-0.3306675287864049,scenario_balanced_paired_difference_and_ratio_of_means
scenario,S1_step_pos_004,C,identified_arx_vs_exact_plant_shooting,B4,B5,max_abs_freq_hz,30,30,0,0,0,0.0,0.0,0.0,0.0,0.0,0.0,30,1,0.16764012007094545,0.1623179948885334,0.005322125182412041,0.03278826347052178,,,,,1.0,0.03284694702800036,5.8683557478581005e-05,0.21173143660369861,0.16764012007094545,0.1623179948885334,0.03278826347052178,scenario_balanced_paired_difference_and_ratio_of_means
scenario,S1_step_pos_004,C,identified_arx_vs_exact_plant_shooting,B4,B5,sg_mileage,30,30,0,0,0,0.0,0.0,0.0,0.0,0.0,0.0,30,1,0.4806538194228596,0.0264,0.45425381942285964,17.206584069047715,,,,,1.0,17.275747886326606,0.06916381727889132,0.6462891569276702,0.4806538194228596,0.0264,17.206584069047715,scenario_balanced_paired_difference_and_ratio_of_means
scenario,S1_step_pos_004,C,identified_arx_vs_exact_plant_shooting,B4,B5,ibr_mileage,30,30,0,0,0,0.0,0.0,0.0,0.0,0.0,0.0,30,1,0.29946211457518246,0.03133333333333333,0.26812878124184913,8.557301528995186,,,,,1.0,8.64848801687342,0.09118648787823425,0.39841853310251535,0.29946211457518246,0.03133333333333333,8.557301528995186,scenario_balanced_paired_difference_and_ratio_of_means
scenario,S1_step_pos_006,C,identified_arx_vs_exact_plant_shooting,B4,B5,freq_iae,30,30,0,0,0,0.0,0.0,0.0,0.0,0.0,0.0,30,1,0.8150686299746305,1.0405283116890267,-0.22545968171439623,-0.21667808475909817,,,,,1.0,-0.20467445505024384,0.012003629708854324,1.3973670569960803,0.8150686299746305,1.0405283116890267,-0.21667808475909817,scenario_balanced_paired_difference_and_ratio_of_means
scenario,S1_step_pos_006,C,identified_arx_vs_exact_plant_shooting,B4,B5,max_abs_freq_hz,30,30,0,0,0,0.0,0.0,0.0,0.0,0.0,0.0,30,1,0.2514958529656176,0.2431721139276667,0.008323739037950917,0.03422982554828172,,,,,1.0,0.03422982554828168,-3.469446951953614e-17,0.315636195680106,0.2514958529656176,0.2431721139276667,0.03422982554828172,scenario_balanced_paired_difference_and_ratio_of_means
scenario,S1_step_pos_006,C,identified_arx_vs_exact_plant_shooting,B4,B5,sg_mileage,30,30,0,0,0,0.0,0.0,0.0,0.0,0.0,0.0,30,1,0.4840855045518344,0.0264,0.45768550455183443,17.336572142114942,,,,,1.0,17.374040554240295,0.03746841212535301,0.650250193117293,0.4840855045518344,0.0264,17.336572142114942,scenario_balanced_paired_difference_and_ratio_of_means
scenario,S1_step_pos_006,C,identified_arx_vs_exact_plant_shooting,B4,B5,ibr_mileage,30,30,0,0,0,0.0,0.0,0.0,0.0,0.0,0.0,30,1,0.31478496492819896,0.052000000000000005,0.26278496492819897,5.05355701784998,,,,,1.0,5.086326383953168,0.032769366103187814,0.41832441262656667,0.31478496492819896,0.052000000000000005,5.05355701784998,scenario_balanced_paired_difference_and_ratio_of_means
scenario,S1_step_pos_008,C,identified_arx_vs_exact_plant_shooting,B4,B5,freq_iae,30,30,0,0,0,0.0,0.0,0.0,0.0,0.0,0.0,30,1,1.0636249531219986,1.0065504629829858,0.05707449013901278,0.05670305885098732,,,,,1.0,0.057154180430053075,0.00045112157906575245,1.3491643960332775,1.0636249531219986,1.0065504629829858,0.05670305885098732,scenario_balanced_paired_difference_and_ratio_of_means
scenario,S1_step_pos_008,C,identified_arx_vs_exact_plant_shooting,B4,B5,max_abs_freq_hz,30,30,0,0,0,0.0,0.0,0.0,0.0,0.0,0.0,30,1,0.33595693738256555,0.32507442067394393,0.010882516708621615,0.03347700100813836,,,,,1.0,0.033477001008138205,-1.5265566588595902e-16,0.42144603482043186,0.33595693738256555,0.32507442067394393,0.03347700100813836,scenario_balanced_paired_difference_and_ratio_of_means
scenario,S1_step_pos_008,C,identified_arx_vs_exact_plant_shooting,B4,B5,sg_mileage,30,30,0,0,0,0.0,0.0,0.0,0.0,0.0,0.0,30,1,0.48870618340140487,0.03599999999999996,0.4527061834014049,12.575171761150148,,,,,1.0,12.575171761150148,0.0,0.6530193542861963,0.48870618340140487,0.03599999999999996,12.575171761150148,scenario_balanced_paired_difference_and_ratio_of_means
scenario,S1_step_pos_008,C,identified_arx_vs_exact_plant_shooting,B4,B5,ibr_mileage,30,30,0,0,0,0.0,0.0,0.0,0.0,0.0,0.0,30,1,0.330922852930965,0.05,0.28092285293096503,5.6184570586193,,,,,1.0,5.618457058619301,8.881784197001252e-16,0.43889657322374,0.330922852930965,0.05,5.6184570586193,scenario_balanced_paired_difference_and_ratio_of_means
scenario,S2_sluggish_switch_050,C,identified_arx_vs_exact_plant_shooting,B4,B5,freq_iae,30,30,0,0,0,0.0,0.0,0.0,0.0,0.0,0.0,30,1,1.110350040130221,1.3049504678550419,-0.19460042772482078,-0.14912476183459067,,,,,1.0,-0.11860647232931866,0.03051828950527201,1.9944401523819946,1.110350040130221,1.3049504678550419,-0.14912476183459067,scenario_balanced_paired_difference_and_ratio_of_means
scenario,S2_sluggish_switch_050,C,identified_arx_vs_exact_plant_shooting,B4,B5,max_abs_freq_hz,30,30,0,0,0,0.0,0.0,0.0,0.0,0.0,0.0,30,1,0.29024064526273785,0.293128732525678,-0.0028880872629401533,-0.009852624265303497,,,,,1.0,-0.009850994751601944,1.629513701553037e-06,0.3687738962669517,0.29024064526273785,0.293128732525678,-0.009852624265303497,scenario_balanced_paired_difference_and_ratio_of_means
scenario,S2_sluggish_switch_050,C,identified_arx_vs_exact_plant_shooting,B4,B5,sg_mileage,30,30,0,0,0,0.0,0.0,0.0,0.0,0.0,0.0,30,1,0.6574174431641245,0.029999999999999902,0.6274174431641246,20.913914772137556,,,,,1.0,21.315057534037145,0.40114276189958886,0.8756875442617219,0.6574174431641245,0.029999999999999902,20.913914772137556,scenario_balanced_paired_difference_and_ratio_of_means
scenario,S2_sluggish_switch_050,C,identified_arx_vs_exact_plant_shooting,B4,B5,ibr_mileage,30,30,0,0,0,0.0,0.0,0.0,0.0,0.0,0.0,30,1,0.8256482369712883,0.06633333333333333,0.759314903637955,11.44695834630083,,,,,1.0,11.86679113537349,0.4198327890726592,1.2118615841551834,0.8256482369712883,0.06633333333333333,11.44695834630083,scenario_balanced_paired_difference_and_ratio_of_means
scenario,S2_sluggish_switch_060,C,identified_arx_vs_exact_plant_shooting,B4,B5,freq_iae,30,30,0,0,0,0.0,0.0,0.0,0.0,0.0,0.0,30,1,1.1038539869685158,1.3049504678550419,-0.2010964808865261,-0.15410276929289898,,,,,1.0,-0.12470563520243884,0.029397134090460145,1.9944401523819946,1.1038539869685158,1.3049504678550419,-0.15410276929289898,scenario_balanced_paired_difference_and_ratio_of_means
scenario,S2_sluggish_switch_060,C,identified_arx_vs_exact_plant_shooting,B4,B5,max_abs_freq_hz,30,30,0,0,0,0.0,0.0,0.0,0.0,0.0,0.0,30,1,0.2909492100276375,0.293128732525678,-0.002179522498040487,-0.007435376529830836,,,,,1.0,-0.007436151423936668,-7.748941058321676e-07,0.3686156339910778,0.2909492100276375,0.293128732525678,-0.007435376529830836,scenario_balanced_paired_difference_and_ratio_of_means
scenario,S2_sluggish_switch_060,C,identified_arx_vs_exact_plant_shooting,B4,B5,sg_mileage,30,30,0,0,0,0.0,0.0,0.0,0.0,0.0,0.0,30,1,0.6598894748482168,0.029999999999999902,0.6298894748482169,20.996315828273964,,,,,1.0,21.39980553186547,0.40348970359150726,0.8798193496368846,0.6598894748482168,0.029999999999999902,20.996315828273964,scenario_balanced_paired_difference_and_ratio_of_means
scenario,S2_sluggish_switch_060,C,identified_arx_vs_exact_plant_shooting,B4,B5,ibr_mileage,30,30,0,0,0,0.0,0.0,0.0,0.0,0.0,0.0,30,1,0.7947728473735658,0.06633333333333333,0.7284395140402324,10.981500211661796,,,,,1.0,11.372640700775714,0.3911404891139174,1.17245027588428,0.7947728473735658,0.06633333333333333,10.981500211661796,scenario_balanced_paired_difference_and_ratio_of_means
scenario,S2_sluggish_switch_090,C,identified_arx_vs_exact_plant_shooting,B4,B5,freq_iae,30,30,0,0,0,0.0,0.0,0.0,0.0,0.0,0.0,30,1,0.9396030839091178,1.2255259030123602,-0.28592281910324235,-0.23330622257794795,,,,,1.0,-0.2215060212746197,0.011800201303328234,1.6717240606204307,0.9396030839091178,1.2255259030123602,-0.23330622257794795,scenario_balanced_paired_difference_and_ratio_of_means
scenario,S2_sluggish_switch_090,C,identified_arx_vs_exact_plant_shooting,B4,B5,max_abs_freq_hz,30,30,0,0,0,0.0,0.0,0.0,0.0,0.0,0.0,30,1,0.25155083224133906,0.2431721139276667,0.008378718313672373,0.03445591757352853,,,,,1.0,0.03445591757352852,-1.3877787807814457e-17,0.315720436272271,0.25155083224133906,0.2431721139276667,0.03445591757352853,scenario_balanced_paired_difference_and_ratio_of_means
scenario,S2_sluggish_switch_090,C,identified_arx_vs_exact_plant_shooting,B4,B5,sg_mileage,30,30,0,0,0,0.0,0.0,0.0,0.0,0.0,0.0,30,1,0.6296758649567045,0.0359,0.5937758649567044,16.539717686816278,,,,,1.0,16.711391581081493,0.17167389426521495,0.8529507438522882,0.6296758649567045,0.0359,16.539717686816278,scenario_balanced_paired_difference_and_ratio_of_means
scenario,S2_sluggish_switch_090,C,identified_arx_vs_exact_plant_shooting,B4,B5,ibr_mileage,30,30,0,0,0,0.0,0.0,0.0,0.0,0.0,0.0,30,1,0.583223611162903,0.10266666666666667,0.4805569444962363,4.680749459378925,,,,,1.0,4.69587112415402,0.015121664775095134,0.8865506737587607,0.583223611162903,0.10266666666666667,4.680749459378925,scenario_balanced_paired_difference_and_ratio_of_means
scenario,S3_derated_coincident,C,identified_arx_vs_exact_plant_shooting,B4,B5,freq_iae,30,30,0,0,0,0.0,0.0,0.0,0.0,0.0,0.0,30,1,1.3246249489232218,1.1536147954863964,0.17101015343682535,0.14823852303725235,,,,,1.0,0.14789698388690706,-0.0003415391503452936,2.5776951996472564,1.3246249489232218,1.1536147954863964,0.14823852303725235,scenario_balanced_paired_difference_and_ratio_of_means
scenario,S3_derated_coincident,C,identified_arx_vs_exact_plant_shooting,B4,B5,max_abs_freq_hz,30,30,0,0,0,0.0,0.0,0.0,0.0,0.0,0.0,30,1,0.27935853659040094,0.257954927527243,0.021403609063157913,0.08297422060641754,,,,,1.0,0.08297422060641768,1.3877787807814457e-16,0.359553782156002,0.27935853659040094,0.257954927527243,0.08297422060641754,scenario_balanced_paired_difference_and_ratio_of_means
scenario,S3_derated_coincident,C,identified_arx_vs_exact_plant_shooting,B4,B5,sg_mileage,30,30,0,0,0,0.0,0.0,0.0,0.0,0.0,0.0,30,1,0.8014869808057846,0.03619999999999998,0.7652869808057846,21.14052433165152,,,,,1.0,21.13844671972584,-0.0020776119256780134,1.188156353220209,0.8014869808057846,0.03619999999999998,21.14052433165152,scenario_balanced_paired_difference_and_ratio_of_means
scenario,S3_derated_coincident,C,identified_arx_vs_exact_plant_shooting,B4,B5,ibr_mileage,30,30,0,0,0,0.0,0.0,0.0,0.0,0.0,0.0,30,1,2.3313779964517005,0.04,2.2913779964517005,57.28444991129251,,,,,1.0,57.2844499112925,-1.4210854715202004e-14,6.0399283244827195,2.3313779964517005,0.04,57.28444991129251,scenario_balanced_paired_difference_and_ratio_of_means
scenario,S4_unavailable_coincident,C,identified_arx_vs_exact_plant_shooting,B4,B5,freq_iae,30,30,0,0,0,0.0,0.0,0.0,0.0,0.0,0.0,30,1,1.3653319341681411,1.7531543102264806,-0.38782237605833947,-0.22121405617069656,,,,,1.0,-0.21995206124817843,0.0012619949225181337,2.23808850762057,1.3653319341681411,1.7531543102264806,-0.22121405617069656,scenario_balanced_paired_difference_and_ratio_of_means
scenario,S4_unavailable_coincident,C,identified_arx_vs_exact_plant_shooting,B4,B5,max_abs_freq_hz,30,30,0,0,0,0.0,0.0,0.0,0.0,0.0,0.0,30,1,0.30049176678262346,0.30353390490917814,-0.003042138126554683,-0.010022399729825689,,,,,1.0,-0.010006298961007824,1.610076881786507e-05,0.38099444850666436,0.30049176678262346,0.30353390490917814,-0.010022399729825689,scenario_balanced_paired_difference_and_ratio_of_means
scenario,S4_unavailable_coincident,C,identified_arx_vs_exact_plant_shooting,B4,B5,sg_mileage,30,30,0,0,0,0.0,0.0,0.0,0.0,0.0,0.0,30,1,0.2915721849142848,0.0542,0.23737218491428483,4.379560607274628,,,,,1.0,4.38074313984229,0.0011825325676619869,0.3983884806813199,0.2915721849142848,0.0542,4.379560607274628,scenario_balanced_paired_difference_and_ratio_of_means
scenario,S4_unavailable_coincident,C,identified_arx_vs_exact_plant_shooting,B4,B5,ibr_mileage,30,30,0,0,0,0.0,0.0,0.0,0.0,0.0,0.0,30,1,0.8683866011853415,0.10566666666666667,0.7627199345186748,7.21816972730607,,,,,1.0,7.317974412652463,0.09980468534639275,1.2080991092810207,0.8683866011853415,0.10566666666666667,7.21816972730607,scenario_balanced_paired_difference_and_ratio_of_means
scenario,S5_multi_switch_stochastic,C,identified_arx_vs_exact_plant_shooting,B4,B5,freq_iae,30,30,0,0,0,0.0,0.0,0.0,0.0,0.0,0.0,30,1,0.8780975556184554,0.572779175728268,0.3053183798901874,0.5330472769056,,,,,1.0,0.5711399497446639,0.03809267283906381,1.234267096681952,0.8780975556184554,0.572779175728268,0.5330472769056,scenario_balanced_paired_difference_and_ratio_of_means
scenario,S5_multi_switch_stochastic,C,identified_arx_vs_exact_plant_shooting,B4,B5,max_abs_freq_hz,30,30,0,0,0,0.0,0.0,0.0,0.0,0.0,0.0,30,1,0.028207036232384228,0.012620017903073004,0.015587018329311223,1.2351027113452626,,,,,1.0,1.2729640519114989,0.037861340566236246,0.045041741610881994,0.028207036232384228,0.012620017903073004,1.2351027113452626,scenario_balanced_paired_difference_and_ratio_of_means
scenario,S5_multi_switch_stochastic,C,identified_arx_vs_exact_plant_shooting,B4,B5,sg_mileage,30,30,0,0,0,0.0,0.0,0.0,0.0,0.0,0.0,30,1,0.7404684614766691,0.0006999999999999999,0.7397684614766691,1056.812087823813,,,,,1.0,170.608769700995,-886.203318122818,0.9659969302845581,0.7404684614766691,0.0006999999999999999,1056.812087823813,scenario_balanced_paired_difference_and_ratio_of_means
scenario,S5_multi_switch_stochastic,C,identified_arx_vs_exact_plant_shooting,B4,B5,ibr_mileage,30,30,0,0,0,0.0,0.0,0.0,0.0,0.0,0.0,30,1,1.9361279463987826,0.0,1.9361279463987826,193612794.63987824,,,,,1.0,,,2.792641378456169,1.9361279463987826,0.0,193612794.63987824,scenario_balanced_paired_difference_and_ratio_of_means
scenario,S6_sluggish_coincident_high_noise,C,identified_arx_vs_exact_plant_shooting,B4,B5,freq_iae,30,30,0,0,0,0.0,0.0,0.0,0.0,0.0,0.0,30,1,1.486098960227996,1.3288538095766007,0.15724515065139522,0.11833141427460456,,,,,1.0,0.11975990345837785,0.0014284891837732933,1.9784596695163965,1.486098960227996,1.3288538095766007,0.11833141427460456,scenario_balanced_paired_difference_and_ratio_of_means
scenario,S6_sluggish_coincident_high_noise,C,identified_arx_vs_exact_plant_shooting,B4,B5,max_abs_freq_hz,30,30,0,0,0,0.0,0.0,0.0,0.0,0.0,0.0,30,1,0.29220419715296136,0.292572014005191,-0.000367816852229641,-0.001257183991026274,,,,,1.0,-0.0012768076149675717,-1.962362394129758e-05,0.38077932994424013,0.29220419715296136,0.292572014005191,-0.001257183991026274,scenario_balanced_paired_difference_and_ratio_of_means
scenario,S6_sluggish_coincident_high_noise,C,identified_arx_vs_exact_plant_shooting,B4,B5,sg_mileage,30,30,0,0,0,0.0,0.0,0.0,0.0,0.0,0.0,30,1,0.8539967656239554,0.1623666666666666,0.6916300989572888,4.259680346688292,,,,,1.0,4.353609286981874,0.09392894029358256,1.101390715071609,0.8539967656239554,0.1623666666666666,4.259680346688292,scenario_balanced_paired_difference_and_ratio_of_means
scenario,S6_sluggish_coincident_high_noise,C,identified_arx_vs_exact_plant_shooting,B4,B5,ibr_mileage,30,30,0,0,0,0.0,0.0,0.0,0.0,0.0,0.0,30,1,2.198150265501563,0.42633333333333334,1.7718169321682296,4.155942765054487,,,,,1.0,4.355518436723843,0.19957567166935597,3.028143274056096,2.198150265501563,0.42633333333333334,4.155942765054487,scenario_balanced_paired_difference_and_ratio_of_means
scenario,S6_sluggish_coincident_low_noise,C,identified_arx_vs_exact_plant_shooting,B4,B5,freq_iae,30,30,0,0,0,0.0,0.0,0.0,0.0,0.0,0.0,30,1,1.1025647323606431,1.2867387673242516,-0.1841740349636085,-0.143132421001502,,,,,1.0,-0.11089489521475614,0.032237525786745866,1.9944401523819946,1.1025647323606431,1.2867387673242516,-0.143132421001502,scenario_balanced_paired_difference_and_ratio_of_means
scenario,S6_sluggish_coincident_low_noise,C,identified_arx_vs_exact_plant_shooting,B4,B5,max_abs_freq_hz,30,30,0,0,0,0.0,0.0,0.0,0.0,0.0,0.0,30,1,0.29095140828247107,0.293128732525678,-0.002177324243206935,-0.007427877248492527,,,,,1.0,-0.0074303135184525925,-2.4362699600653445e-06,0.3703018292082569,0.29095140828247107,0.293128732525678,-0.007427877248492527,scenario_balanced_paired_difference_and_ratio_of_means
scenario,S6_sluggish_coincident_low_noise,C,identified_arx_vs_exact_plant_shooting,B4,B5,sg_mileage,30,30,0,0,0,0.0,0.0,0.0,0.0,0.0,0.0,30,1,0.6632378096951902,0.030399999999999896,0.6328378096951903,20.81703321365765,,,,,1.0,21.312214086716942,0.4951808730592937,0.8833815273254375,0.6632378096951902,0.030399999999999896,20.81703321365765,scenario_balanced_paired_difference_and_ratio_of_means
scenario,S6_sluggish_coincident_low_noise,C,identified_arx_vs_exact_plant_shooting,B4,B5,ibr_mileage,30,30,0,0,0,0.0,0.0,0.0,0.0,0.0,0.0,30,1,0.8019159326272042,0.06666666666666667,0.7352492659605375,11.028738989408064,,,,,1.0,11.431220470731121,0.4024814813230577,1.1871951936849543,0.8019159326272042,0.06666666666666667,11.028738989408064,scenario_balanced_paired_difference_and_ratio_of_means
scenario,S6_sluggish_coincident_medium_noise,C,identified_arx_vs_exact_plant_shooting,B4,B5,freq_iae,30,30,0,0,0,0.0,0.0,0.0,0.0,0.0,0.0,30,1,1.1038539869685158,1.3049504678550419,-0.2010964808865261,-0.15410276929289898,,,,,1.0,-0.12470563520243884,0.029397134090460145,1.9944401523819946,1.1038539869685158,1.3049504678550419,-0.15410276929289898,scenario_balanced_paired_difference_and_ratio_of_means
scenario,S6_sluggish_coincident_medium_noise,C,identified_arx_vs_exact_plant_shooting,B4,B5,max_abs_freq_hz,30,30,0,0,0,0.0,0.0,0.0,0.0,0.0,0.0,30,1,0.2909492100276375,0.293128732525678,-0.002179522498040487,-0.007435376529830836,,,,,1.0,-0.007436151423936668,-7.748941058321676e-07,0.3686156339910778,0.2909492100276375,0.293128732525678,-0.007435376529830836,scenario_balanced_paired_difference_and_ratio_of_means
scenario,S6_sluggish_coincident_medium_noise,C,identified_arx_vs_exact_plant_shooting,B4,B5,sg_mileage,30,30,0,0,0,0.0,0.0,0.0,0.0,0.0,0.0,30,1,0.6598894748482168,0.029999999999999902,0.6298894748482169,20.996315828273964,,,,,1.0,21.39980553186547,0.40348970359150726,0.8798193496368846,0.6598894748482168,0.029999999999999902,20.996315828273964,scenario_balanced_paired_difference_and_ratio_of_means
scenario,S6_sluggish_coincident_medium_noise,C,identified_arx_vs_exact_plant_shooting,B4,B5,ibr_mileage,30,30,0,0,0,0.0,0.0,0.0,0.0,0.0,0.0,30,1,0.7947728473735658,0.06633333333333333,0.7284395140402324,10.981500211661796,,,,,1.0,11.372640700775714,0.3911404891139174,1.17245027588428,0.7947728473735658,0.06633333333333333,10.981500211661796,scenario_balanced_paired_difference_and_ratio_of_means
scenario,S7_ood_asymmetric_limit,C,identified_arx_vs_exact_plant_shooting,B4,B5,freq_iae,50,50,0,0,0,0.0,0.0,0.0,0.0,0.0,0.0,50,1,2.3449269853988803,1.4232664621230169,0.9216605232758635,0.6475670914784766,,,,,1.0,0.6514022802896896,0.0038351888112130306,2.985257466829166,2.3449269853988803,1.4232664621230169,0.6475670914784766,scenario_balanced_paired_difference_and_ratio_of_means
scenario,S7_ood_asymmetric_limit,C,identified_arx_vs_exact_plant_shooting,B4,B5,max_abs_freq_hz,50,50,0,0,0,0.0,0.0,0.0,0.0,0.0,0.0,50,1,0.2517581071814476,0.2431721139276667,0.0085859932537809,0.03530829713613817,,,,,1.0,0.035308297136138006,-1.6653345369377348e-16,0.31674873372830675,0.2517581071814476,0.2431721139276667,0.03530829713613817,scenario_balanced_paired_difference_and_ratio_of_means
scenario,S7_ood_asymmetric_limit,C,identified_arx_vs_exact_plant_shooting,B4,B5,sg_mileage,50,50,0,0,0,0.0,0.0,0.0,0.0,0.0,0.0,50,1,0.35084474859545817,0.05892,0.29192474859545814,4.95459519001117,,,,,1.0,4.96862261166138,0.014027421650210314,0.47454712301182916,0.35084474859545817,0.05892,4.95459519001117,scenario_balanced_paired_difference_and_ratio_of_means
scenario,S7_ood_asymmetric_limit,C,identified_arx_vs_exact_plant_shooting,B4,B5,ibr_mileage,50,50,0,0,0,0.0,0.0,0.0,0.0,0.0,0.0,50,1,0.24700123555655154,0.0548,0.19220123555655155,3.5073218167253932,,,,,1.0,3.5964386153817123,0.08911679865631905,0.3489577862345294,0.24700123555655154,0.0548,3.5073218167253932,scenario_balanced_paired_difference_and_ratio_of_means
scenario,S8_ood_time_varying_delay,C,identified_arx_vs_exact_plant_shooting,B4,B5,freq_iae,50,50,0,0,0,0.0,0.0,0.0,0.0,0.0,0.0,50,1,2.3714727210032844,0.8900070414577587,1.4814656795455257,1.6645550097210537,,,,,1.0,1.6655721588703185,0.0010171491492647622,3.017147170971156,2.3714727210032844,0.8900070414577587,1.6645550097210537,scenario_balanced_paired_difference_and_ratio_of_means
scenario,S8_ood_time_varying_delay,C,identified_arx_vs_exact_plant_shooting,B4,B5,max_abs_freq_hz,50,50,0,0,0,0.0,0.0,0.0,0.0,0.0,0.0,50,1,0.2517581071814476,0.2431721139276667,0.0085859932537809,0.03530829713613817,,,,,1.0,0.035308297136138006,-1.6653345369377348e-16,0.31674873372830675,0.2517581071814476,0.2431721139276667,0.03530829713613817,scenario_balanced_paired_difference_and_ratio_of_means
scenario,S8_ood_time_varying_delay,C,identified_arx_vs_exact_plant_shooting,B4,B5,sg_mileage,50,50,0,0,0,0.0,0.0,0.0,0.0,0.0,0.0,50,1,0.35084474859545817,0.029759999999999998,0.32108474859545816,10.789138057643084,,,,,1.0,10.844238092484044,0.05510003484095982,0.47454712301182916,0.35084474859545817,0.029759999999999998,10.789138057643084,scenario_balanced_paired_difference_and_ratio_of_means
scenario,S8_ood_time_varying_delay,C,identified_arx_vs_exact_plant_shooting,B4,B5,ibr_mileage,50,50,0,0,0,0.0,0.0,0.0,0.0,0.0,0.0,50,1,0.24700123555655154,0.062400000000000004,0.18460123555655153,2.9583531339190947,,,,,1.0,2.973526386046976,0.01517325212788112,0.3489577862345294,0.24700123555655154,0.062400000000000004,2.9583531339190947,scenario_balanced_paired_difference_and_ratio_of_means
scenario,S9_compound_unavailable_double_step,C,identified_arx_vs_exact_plant_shooting,B4,B5,freq_iae,50,50,0,0,0,0.0,0.0,0.0,0.0,0.0,0.0,50,1,3.8502396788220197,4.102456926807963,-0.25221724798594325,-0.06147956029417432,,,,,1.0,-0.060832536988043945,0.0006470233061303746,5.406872375533366,3.8502396788220197,4.102456926807963,-0.06147956029417432,scenario_balanced_paired_difference_and_ratio_of_means
scenario,S9_compound_unavailable_double_step,C,identified_arx_vs_exact_plant_shooting,B4,B5,max_abs_freq_hz,50,50,0,0,0,0.0,0.0,0.0,0.0,0.0,0.0,50,1,0.4013395318489534,0.400841809653429,0.0004977221955243527,0.0012416923173625208,,,,,1.0,0.0012417300264244099,3.7709061889105305e-08,0.5080270368981548,0.4013395318489534,0.400841809653429,0.0012416923173625208,scenario_balanced_paired_difference_and_ratio_of_means
scenario,S9_compound_unavailable_double_step,C,identified_arx_vs_exact_plant_shooting,B4,B5,sg_mileage,50,50,0,0,0,0.0,0.0,0.0,0.0,0.0,0.0,50,1,0.5200239799866865,0.07258,0.4474439799866865,6.164838522825661,,,,,1.0,6.173937091212277,0.009098568386616712,0.6975889079305557,0.5200239799866865,0.07258,6.164838522825661,scenario_balanced_paired_difference_and_ratio_of_means
scenario,S9_compound_unavailable_double_step,C,identified_arx_vs_exact_plant_shooting,B4,B5,ibr_mileage,50,50,0,0,0,0.0,0.0,0.0,0.0,0.0,0.0,50,1,0.614665007335473,0.26039999999999996,0.35426500733547306,1.3604646979088828,,,,,1.0,1.3716282370979536,0.01116353918907076,0.8281125718986992,0.614665007335473,0.26039999999999996,1.3604646979088828,scenario_balanced_paired_difference_and_ratio_of_means
