point_id,period_s,sg_tension,load_magnitude_pu,power_spread_pu,ramp_spread_pu_per_s,delay_spread_s,noise_std_pu,soc,tie_loading_pu,objective,nominal_frequency_hz
B1_ADAPT_0000,4.0,medium,0.0541586294767362,0.0050428865937638,0.0033675721906931,1.3,0.0007155263395147,0.463476324923964,0.0237712777542911,resource_economy,50.0
B1_ADAPT_0001,2.0,medium,0.075,0.028688927797715,0.0,0.9673894875587172,0.0008948554114134,0.4430059472549746,0.0256570691947217,resource_economy,50.0
B1_ADAPT_0002,2.0,medium,0.015,0.0132054727680886,0.0110827447426207,1.1719744298958144,0.0005,0.5639791448307283,0.0398049092792388,resource_economy,50.0
B1_ADAPT_0003,4.0,medium,0.0724528943335798,0.0278872893309565,0.0125659229966767,0.2412479459758071,0.002,0.7,0.0,resource_economy,50.0
B1_ADAPT_0004,2.0,medium,0.072646347667387,0.0180328420520408,0.0066978364517366,0.9807972638125276,0.0006952286346201,0.5047623083668134,0.0348962746673929,resource_economy,50.0
B1_ADAPT_0005,2.0,low,0.0736835321803242,0.0,0.0195949563030246,0.4912632868247814,0.001483851191615,0.565347009881788,0.0271744884750906,resource_economy,50.0
B1_ADAPT_0006,4.0,medium,0.075,0.0021090971596444,0.020029542934033,0.4461572397455979,0.0007711944228702,0.4503162833479281,0.0300774563905197,resource_economy,50.0
B1_ADAPT_0007,2.0,low,0.0714752467259685,0.0168437116926492,0.028276165088945,0.8942202097846312,0.0007741186352976,0.7,0.04,resource_economy,50.0
B1_ADAPT_0008,2.0,low,0.0672333074232692,0.035,0.0202636375163749,0.6474406209183263,0.0011071284612292,0.47134636807401,0.0292122637540906,resource_economy,50.0
B1_ADAPT_0009,4.0,low,0.075,0.0083867880328034,0.0180470669596431,0.4740345709480599,0.0011901175268067,0.4645123997068008,0.0002238386081369,resource_economy,50.0
B1_ADAPT_0010,4.0,medium,0.0655354987627924,0.0087718038911127,0.0054644688731809,0.446961923436315,0.0008185307947569,0.7,0.04,resource_economy,50.0
B1_ADAPT_0011,4.0,medium,0.0602862857105832,0.003192061683338,0.0329281540544729,0.2938976987133467,0.0008485823544433,0.5447869523356333,0.0320198689224818,resource_economy,50.0
B1_ADAPT_0012,4.0,low,0.0623819185659872,0.0153234884558454,0.0223041149964427,0.7262539329315055,0.0007248652781395,0.4120111113908505,0.0303445658086532,resource_economy,50.0
B1_ADAPT_0013,4.0,high,0.0702825529404863,0.015762711453551,0.0284128025880121,1.0773072372594017,0.002,0.5047225762052969,0.0057298473609646,resource_economy,50.0
B1_ADAPT_0014,2.0,medium,0.018317118332979,0.0176620879959959,0.0278379976215263,0.8856265184319861,0.0017318568307766,0.438260651133546,0.0275515780416828,resource_economy,50.0
B1_ADAPT_0015,4.0,high,0.0555486910972258,0.0304642922468054,0.0174476826088291,0.5276973181510322,0.0010490192922656,0.6956657960216889,0.0224123446714056,resource_economy,50.0
B1_ADAPT_0016,2.0,medium,0.0251800912059484,0.0126338520924049,0.0216102073149767,0.7373996327827833,0.001086322091782,0.3377801812945183,0.0259153449105545,regional_responsibility,50.0
B1_ADAPT_0017,2.0,low,0.0676739419348434,0.0249244136840809,0.0144370801902376,0.5638569842965708,0.0007682577348793,0.5968444725356752,0.04,resource_economy,50.0
B1_ADAPT_0018,2.0,low,0.075,0.0348833814280125,0.0306356658031189,0.5132511319382878,0.0007754028398274,0.4669954994497005,0.0273408791072753,resource_economy,50.0
B1_ADAPT_0019,2.0,medium,0.075,0.0307810348315353,0.0068288295516126,1.3,0.0011709504877451,0.5186377164872872,0.0266574517669573,resource_economy,50.0
B1_ADAPT_0020,2.0,medium,0.075,0.0329071081704288,0.0093965909766182,1.2278629580424911,0.0011621601504868,0.4583509122165549,0.0246574741823344,resource_economy,50.0
B1_ADAPT_0021,4.0,medium,0.0600142396506387,0.0320734434873051,0.0289554324992787,0.3789088872560779,0.0005412556291636,0.4485147728976091,0.0302418791012419,resource_economy,50.0
B1_ADAPT_0022,4.0,medium,0.0708273830614925,0.0182535083991832,0.0,0.8211895314432515,0.002,0.4909439527653228,0.0,resource_economy,50.0
B1_ADAPT_0023,4.0,high,0.0584321670404829,0.0251830589076412,0.0048772092918474,0.804377447437088,0.002,0.4545291668081108,0.0004861168479797,resource_economy,50.0
B1_ADAPT_0024,4.0,medium,0.0726692566648472,0.0312811791196603,0.0322255908925421,0.7414937087914585,0.0011622194312062,0.3960868213325194,0.0230577984585477,resource_economy,50.0
B1_ADAPT_0025,4.0,medium,0.0697250328896354,0.0,0.0089634783025705,1.1477773156232924,0.0015487486569936,0.4706582399191732,0.0099682268975293,resource_economy,50.0
B1_ADAPT_0026,2.0,low,0.0580095430350367,0.0069734098475421,0.0109715402953354,0.8825005604483442,0.0016678437356573,0.4463383904123963,0.04,resource_economy,50.0
B1_ADAPT_0027,4.0,medium,0.075,0.0048886644232947,0.0098417949758104,1.2355455872106478,0.0011880108014258,0.441218123174373,0.0132813948952674,resource_economy,50.0
B1_ADAPT_0028,4.0,high,0.059781620914197,0.0163087933917078,0.0007340182101653,0.3581851949738794,0.001019465150218,0.5316751500826745,0.025537331862997,resource_economy,50.0
B1_ADAPT_0029,2.0,medium,0.015,0.0172468228081177,0.0261687051137398,1.0220789456952024,0.0015111132476015,0.5342464370010611,0.04,resource_economy,50.0
B1_ADAPT_0030,4.0,medium,0.0546396122078556,0.0342466836150679,0.0220525779415394,0.5685491384056449,0.0009658128882774,0.3900304485841012,0.0314934106012361,resource_economy,50.0
B1_ADAPT_0031,4.0,medium,0.0673918679713177,0.035,0.0155832593034601,0.2059143400992063,0.0014794477263962,0.7,0.0,resource_economy,50.0
B1_ADAPT_0032,2.0,low,0.0742292359713372,0.000138359417613,0.0223395245130622,0.49524232272013,0.0016736894662142,0.5029709278008639,0.04,resource_economy,50.0
B1_ADAPT_0033,4.0,medium,0.0697603371076702,0.0228041610227403,0.0231029325899784,0.9573153133603014,0.0013737823115261,0.5464852510252753,0.0339707234326919,resource_economy,50.0
B1_ADAPT_0034,2.0,high,0.0556439123112498,0.0170881571339656,0.0,0.6318264944223297,0.0015311758089969,0.4082399838911932,0.0360720563407721,resource_economy,50.0
B1_ADAPT_0035,4.0,high,0.063240656745187,0.035,0.003652698817051,0.9258280172045094,0.002,0.3,0.0135530858359516,resource_economy,50.0
B1_ADAPT_0036,4.0,medium,0.075,0.014751220079715,0.0004229045023982,0.0254313648280669,0.0006429473080853,0.6044260315251717,0.04,resource_economy,50.0
B1_ADAPT_0037,4.0,medium,0.0730014620605188,0.0126122386465933,0.0218159197209312,0.1246466375622266,0.000695146835804,0.4916177531680177,0.0310506099804216,resource_economy,50.0
B1_ADAPT_0038,4.0,low,0.0673657786392476,0.0235876154733962,0.0209121853240801,0.9161976954431073,0.0012027703893528,0.356204737498394,0.0129103410313364,resource_economy,50.0
B1_ADAPT_0039,4.0,medium,0.0658254598155434,0.0036921439867651,0.0,0.980308015360683,0.0005195480645844,0.4581106315754248,0.0243969832954743,resource_economy,50.0
B1_ADAPT_0040,4.0,high,0.0619101112064115,0.0291906263810605,0.0076906469791962,1.2608832370783116,0.002,0.4408206512845478,0.0140278052007792,resource_economy,50.0
B1_ADAPT_0041,4.0,low,0.0714905395121196,0.0175491325272978,0.0289773628245261,0.8599069565717228,0.0010611058928304,0.518153441831246,0.033637452262115,resource_economy,50.0
B1_ADAPT_0042,4.0,medium,0.0713773689593005,0.0316080448830323,0.0264637778202847,0.4760453293919459,0.0009020283756046,0.4051270366207241,0.0350078767522163,resource_economy,50.0
B1_ADAPT_0043,2.0,high,0.0553348844154961,8.415652644134727e-05,0.0,0.824730416980778,0.001539217938134,0.4324728539644727,0.0253890771915631,resource_economy,50.0
B1_ADAPT_0044,2.0,medium,0.0197713852361799,0.0051735152191937,0.035,1.0254335428942762,0.0018951516302477,0.5096177642257352,0.0242998225673703,resource_economy,50.0
B1_ADAPT_0045,2.0,medium,0.015,0.0218972022443216,0.0258752541320571,1.2047690582479966,0.001386423027772,0.4178937213247243,0.0276177622982906,resource_economy,50.0
B1_ADAPT_0046,2.0,low,0.0597332581854472,0.0119028569856412,0.0135179758556617,0.5413138316344203,0.0016771044785986,0.5114727323614782,0.0264742993468432,resource_economy,50.0
B1_ADAPT_0047,2.0,medium,0.015,0.0078797240128126,0.0249081304949517,1.3,0.0014900705951844,0.4417278154458482,0.0315668948720339,resource_economy,50.0
B1_ADAPT_0048,4.0,low,0.0618904379500102,0.0163018086157441,0.035,0.4417908125388663,0.0005,0.4962233701310065,0.04,resource_economy,50.0
B1_ADAPT_0049,2.0,medium,0.075,0.0167325616417449,0.0,1.0934475236147416,0.0010510603728636,0.4167168295100709,0.0388874600805504,resource_economy,50.0
B1_ADAPT_0050,4.0,low,0.0663901783659435,0.0158683260639455,0.0197512376603629,0.7203110845083744,0.0006525070535836,0.4844463190115274,0.0347551538684772,resource_economy,50.0
B1_ADAPT_0051,4.0,medium,0.052716052182465,0.0248749089370091,0.0231205935570812,0.9542620385430556,0.0012238134728775,0.5976666077950262,0.0147621451682524,resource_economy,50.0
B1_ADAPT_0052,4.0,high,0.0732440740645604,0.0240608353812028,0.0206355400789496,0.8156287444184818,0.002,0.3796401406348201,0.0155040538908252,resource_economy,50.0
B1_ADAPT_0053,2.0,medium,0.0192741491939304,0.0183406092584577,0.0054940813067087,0.6297398302214228,0.0006176979589475,0.4662424604445974,0.0277685295233749,resource_economy,50.0
B1_ADAPT_0054,2.0,low,0.0746822410493437,0.0049613662781616,0.00787939416815,0.4315725131858262,0.002,0.5515022015203804,0.0342078188440759,resource_economy,50.0
B1_ADAPT_0055,4.0,low,0.0732051430324241,0.0116846515997748,0.0202441456984675,0.9919033737955908,0.0009730330380903,0.3,0.0076649515629806,resource_economy,50.0
B1_ADAPT_0056,4.0,medium,0.075,0.0,0.0012220162760081,0.2259923827480647,0.0005,0.6647176104268561,0.04,resource_economy,50.0
B1_ADAPT_0057,4.0,medium,0.0490567301905045,0.0112145432670055,0.006816912352545,1.0244621947974542,0.0005628872833777,0.637935553921515,0.0288936254503537,resource_economy,50.0
B1_ADAPT_0058,2.0,medium,0.015,0.0046271331187198,0.0341048167664671,1.1264825190799328,0.0016140026767417,0.394665027006114,0.0370982191351924,resource_economy,50.0
B1_ADAPT_0059,4.0,low,0.0652540655150604,0.0078765820222944,0.0156004146964603,0.6621418266619455,0.000899433976118,0.3,0.0027645471391732,resource_economy,50.0
B1_ADAPT_0060,4.0,medium,0.0698527280574186,0.0320228417217966,0.0259007173884988,0.4377562544594747,0.0012676651981547,0.4434342629877892,0.0319214744125825,resource_economy,50.0
B1_ADAPT_0061,4.0,high,0.054873423100637,0.0182767531111482,0.0208939423768384,0.9541660004029422,0.0018468790711007,0.4475803519895706,0.00580039477782,resource_economy,50.0
B1_ADAPT_0062,4.0,medium,0.0733004313017719,0.0152059551577831,0.0189175813991054,0.4209886721957877,0.0010745033401277,0.502142010729101,0.0318313856000403,resource_economy,50.0
B1_ADAPT_0063,4.0,medium,0.075,0.0312464908442559,0.0,1.3,0.0019657142557634,0.490640790439822,0.0,resource_economy,50.0
B1_ADAPT_0064,4.0,high,0.075,0.035,0.0061814773741698,0.9250632534764456,0.0019211698677723,0.3188955246709721,0.0041723639115569,resource_economy,50.0
B1_ADAPT_0065,4.0,medium,0.0557875735268511,0.0345718326865103,0.024278648187743,0.3859528412859992,0.0005141227424007,0.5524640575950984,0.0351898511138665,resource_economy,50.0
B1_ADAPT_0066,4.0,medium,0.0636636124892618,0.035,0.034921414643392,0.5677536002291287,0.0005089447329159,0.3952175489797263,0.0252896459268797,resource_economy,50.0
B1_ADAPT_0067,4.0,medium,0.075,0.035,0.0061285860631235,1.1315813037625362,0.0016498244035116,0.3961942405937276,0.0027841422416153,resource_economy,50.0
B1_ADAPT_0068,4.0,medium,0.075,0.0085941339808014,0.0128408435733996,0.3343766773688881,0.0017198038155919,0.6524950405572112,0.0168107885690714,resource_economy,50.0
B1_ADAPT_0069,2.0,medium,0.0573996221423655,0.0193508833519718,0.0067110797856727,0.1964699481540851,0.002,0.3837386818253793,0.0212171729970345,resource_economy,50.0
B1_ADAPT_0070,2.0,medium,0.0654729601899662,0.0327811810197977,0.0073482960472243,0.3042244570517398,0.0015074470897889,0.4152375831403949,0.0273298742831903,resource_economy,50.0
B1_ADAPT_0071,2.0,high,0.0552337694705978,0.0102216046411797,0.0127320021343242,0.8004759807968956,0.0016701644015188,0.3,0.023629550138978,resource_economy,50.0
B1_ADAPT_0072,2.0,medium,0.075,0.0187946662679298,0.0005573942057297,1.2029724959425596,0.0006367561507373,0.475529658645434,0.0367925834815267,resource_economy,50.0
B1_ADAPT_0073,4.0,high,0.060524232801019,0.0204191495758755,0.0221136092132081,0.4124484976283,0.0011195044661078,0.7,0.0179384548399752,resource_economy,50.0
B1_ADAPT_0074,4.0,medium,0.0715596166465714,0.035,0.0333825959843089,0.6119264044265426,0.0010883968187003,0.521121682448533,0.0393768957461021,resource_economy,50.0
B1_ADAPT_0075,2.0,low,0.0741825308758676,0.0227513439147666,0.0275490856318889,0.3686373194058459,0.0009941933224351,0.4677119435238208,0.0231836796469428,resource_economy,50.0
B1_ADAPT_0076,2.0,medium,0.0287419831419892,0.0186518416336556,0.015405156242083,0.9429623209621436,0.0014402729053843,0.4140893167050922,0.0318619388990126,regional_responsibility,50.0
B1_ADAPT_0077,2.0,low,0.075,0.029131786663219,0.025040081209268,0.7239157356306812,0.0006008834366272,0.558017973614957,0.0294504798500909,resource_economy,50.0
B1_ADAPT_0078,2.0,low,0.075,0.0331588777903911,0.0247215560401201,0.228807330005906,0.0011963802048765,0.3763817510450233,0.0353939721994572,resource_economy,50.0
B1_ADAPT_0079,2.0,medium,0.015,0.0054118174000541,0.0030273042530311,1.2147032584021802,0.0005,0.5144084253855126,0.0370367208878978,resource_economy,50.0
B1_ADAPT_0080,4.0,medium,0.0711217655527693,0.0146399278499167,0.0069545288625551,0.4394226472293562,0.0006501334116387,0.7,0.04,resource_economy,50.0
B1_ADAPT_0081,4.0,low,0.075,0.008478898596412,0.0138443305900059,0.5426792263629474,0.0014889371697405,0.4145670625324649,0.0139165373961975,resource_economy,50.0
B1_ADAPT_0082,4.0,low,0.075,0.0100119977826156,0.0069400815902301,0.5236911001870455,0.0013631392905937,0.3634391441962018,0.0179179360641802,resource_economy,50.0
B1_ADAPT_0083,2.0,medium,0.075,0.0287536444713518,0.0012849147851531,1.3,0.0007224858068561,0.5782350267961661,0.034319299217048,resource_economy,50.0
B1_ADAPT_0084,4.0,medium,0.0681980753713139,0.0272673541034069,0.0179837494963243,0.2854623961358819,0.0006312864020114,0.4754321365297105,0.0301377327798935,resource_economy,50.0
B1_ADAPT_0085,4.0,medium,0.0680412871880236,0.0247406426220422,0.0005520362903259,0.8319360988294067,0.0018514662079401,0.4695988895066782,0.0048822716476238,resource_economy,50.0
B1_ADAPT_0086,2.0,medium,0.0591245707686147,0.0213293135414791,0.0041240870125151,0.46630329918941,0.0015871349153526,0.4765686395646009,0.0248075716990689,resource_economy,50.0
B1_ADAPT_0087,2.0,medium,0.0185641342105139,0.0152053734452369,0.0238610998288105,1.2667938011660578,0.0013431099829919,0.5482056376442865,0.0298613550407671,resource_economy,50.0
B1_ADAPT_0088,4.0,low,0.0731844928992758,0.0031733353700966,0.0210899713547904,0.6673566304701486,0.0005,0.5764141658875368,0.0339935042580703,resource_economy,50.0
B1_ADAPT_0089,4.0,medium,0.0534135079375748,0.0193715247431749,0.0279431184022227,1.103431618454825,0.0016780459870609,0.4952297392531605,0.0155112907525429,resource_economy,50.0
B1_ADAPT_0090,4.0,medium,0.0697741502139437,0.0,0.0,1.249836525937321,0.0007008968564064,0.6503720685664407,0.0261462323200226,resource_economy,50.0
B1_ADAPT_0091,4.0,medium,0.0583976443324907,0.0005296094142166,0.0,1.0577758147317573,0.0005,0.5999201922706459,0.0230283475562434,resource_economy,50.0
B1_ADAPT_0092,4.0,high,0.0727927060047152,0.0171031475722824,0.0072203760747765,0.5920960049317855,0.0009815757843347,0.5585904074981507,0.033012910347897,resource_economy,50.0
B1_ADAPT_0093,2.0,medium,0.075,0.0163616776127453,0.0013065882031097,0.1851655529390874,0.002,0.469059938627287,0.0307774204062637,resource_economy,50.0
B1_ADAPT_0094,4.0,medium,0.058123102293029,0.0226181603301825,0.0110774022644919,0.1180171977833762,0.0019157416225592,0.7,0.0,resource_economy,50.0
B1_ADAPT_0095,4.0,medium,0.0679516413583531,0.0338680406887363,0.0205805563088647,0.1690464383928759,0.0017931302633853,0.7,0.0110244864690939,resource_economy,50.0
B1_ADAPT_0096,2.0,medium,0.0601854736258933,0.0311924383208287,0.0,0.4358745292655339,0.0014877307809951,0.4199476074740021,0.0377208515632829,resource_economy,50.0
B1_ADAPT_0097,4.0,medium,0.0661435846900912,0.0097995469668869,0.0,0.2807743882194604,0.0008116440999099,0.6199051818434298,0.0365156283226514,resource_economy,50.0
B1_ADAPT_0098,2.0,high,0.0737646732146905,0.0108194263582539,0.0111708225097444,1.0844405429496795,0.0015867246871966,0.3898535745820425,0.0296894572877039,resource_economy,50.0
B1_ADAPT_0099,4.0,medium,0.0700122979071651,0.0349372666752475,0.0199970398042819,0.0677504126830889,0.0016246227473864,0.6891270010491273,0.0156977958254752,resource_economy,50.0
B1_ADAPT_0100,2.0,low,0.075,0.0230293057357274,0.0231961873231461,0.1383313293162799,0.0010932094013915,0.3998983257518888,0.0220938701027335,resource_economy,50.0
B1_ADAPT_0101,4.0,medium,0.075,0.030896777491396,0.0198931373955851,0.2044155106777402,0.001515452891503,0.6865544024885567,0.0044378261828958,resource_economy,50.0
B1_ADAPT_0102,2.0,medium,0.015,0.0171876564957865,0.035,1.3,0.0018556177706383,0.5357887314417294,0.0379393072164093,resource_economy,50.0
B1_ADAPT_0103,2.0,medium,0.015,0.0136845005909938,0.0212825914949018,0.8439550433387012,0.0011127126483749,0.3848112889309153,0.0315442591998877,regional_responsibility,50.0
B1_ADAPT_0104,4.0,medium,0.075,0.030517817205528,0.0058605207183521,0.5043181363961543,0.0015757238183482,0.5849126215825093,0.0,resource_economy,50.0
B1_ADAPT_0105,4.0,low,0.0550527868409669,0.0045218657587297,0.0333117809110219,0.5252122175732236,0.0010201922500471,0.5684051383589855,0.0326141296677962,resource_economy,50.0
B1_ADAPT_0106,4.0,high,0.0594901201376683,0.0287557479313233,0.0146149962430352,0.6940279002537135,0.0018269024125187,0.3863852221131265,0.011991380508659,resource_economy,50.0
B1_ADAPT_0107,2.0,high,0.0632515813462722,0.0010404831555967,0.0107716490302463,0.7132901507657261,0.0015563687635822,0.3002201811621041,0.0306446580795412,resource_economy,50.0
B1_ADAPT_0108,4.0,high,0.0664908699569628,0.0176439664600942,0.031820228857211,1.268180321292643,0.0016573046705717,0.4559643379890746,0.0059111496166455,resource_economy,50.0
B1_ADAPT_0109,4.0,medium,0.0639308413432026,0.0107494201987407,0.019239566769475,0.3463668725956114,0.0010267716917546,0.3886458533087434,0.0339263040776763,resource_economy,50.0
B1_ADAPT_0110,4.0,high,0.0634800072179276,0.035,0.0097985186266897,1.054802669823662,0.0016323423908557,0.4873207720126619,0.0081152262584183,resource_economy,50.0
B1_ADAPT_0111,2.0,medium,0.015,0.011715552498626,0.005041021283911,1.177961574714509,0.0005,0.6479336743929294,0.04,resource_economy,50.0
B1_ADAPT_0112,2.0,medium,0.075,0.0292551518318021,0.0052007632296267,0.3899580929308034,0.0019591338687044,0.4321084879562327,0.0300382692100295,resource_economy,50.0
B1_ADAPT_0113,4.0,high,0.0643390513922751,0.0340217336698588,0.0066882173125402,0.7831391856784341,0.0007620898990872,0.6296391738401094,0.0117906517584392,resource_economy,50.0
B1_ADAPT_0114,4.0,medium,0.075,0.0046583590957257,0.035,0.2883231498001685,0.0010680735846275,0.4653012771801689,0.0293346897701189,resource_economy,50.0
B1_ADAPT_0115,4.0,low,0.0677167283628005,0.0129683477842176,0.0040152102757997,0.684944166304419,0.000905610423015,0.3535958812164303,0.0103379450129668,resource_economy,50.0
B1_ADAPT_0116,4.0,medium,0.075,0.0285505525234164,0.0081704121212697,0.3051158923992919,0.0019731464159658,0.7,0.0050705462137814,resource_economy,50.0
B1_ADAPT_0117,4.0,medium,0.075,0.0272656335718962,0.0235438922204613,0.8214240258321637,0.0008592114125286,0.5023427790905173,0.04,resource_economy,50.0
B1_ADAPT_0118,4.0,medium,0.075,0.035,0.0121797143339837,0.5328119332691494,0.0016570349162021,0.7,0.0128279764061074,resource_economy,50.0
B1_ADAPT_0119,4.0,medium,0.0632688442113153,0.035,0.0104406461253959,0.4272114463761947,0.0018629962103847,0.7,0.0012429587897427,resource_economy,50.0
B1_ADAPT_0120,2.0,high,0.0707711245750106,0.0069069201884888,0.0012227484335483,0.8000173297749203,0.0014397843694109,0.3696511433836941,0.0386226133675888,resource_economy,50.0
B1_ADAPT_0121,2.0,low,0.0575767297077004,0.0113583572731222,0.0212615172032573,0.6141101471268323,0.0018638536986574,0.4234244391660255,0.0377617194325845,resource_economy,50.0
B1_ADAPT_0122,4.0,medium,0.075,0.0125805753578865,0.0,0.1207611763096871,0.0009197312776647,0.6576521593033527,0.04,resource_economy,50.0
B1_ADAPT_0123,4.0,medium,0.0747464218906696,0.0,0.0084713185429501,0.9107750811153692,0.0014020205207119,0.4385149249726739,0.0241045484141808,resource_economy,50.0
B1_ADAPT_0124,4.0,medium,0.075,0.010720060530198,0.0237510555094551,0.9753512419192276,0.0014199888442105,0.3,0.0097739508632643,resource_economy,50.0
B1_ADAPT_0125,2.0,medium,0.0612923955845805,0.0312268762774876,0.0007407067769068,0.5021931777854453,0.0017316680681418,0.5176951569832953,0.021165225618514,resource_economy,50.0
B1_ADAPT_0126,2.0,medium,0.0591038918357905,0.0145740869614639,0.0172777123305741,0.0977890107422417,0.0016955695828234,0.4638480937083499,0.0291488455320217,resource_economy,50.0
B1_ADAPT_0127,4.0,medium,0.0622966491814361,0.0179194638231368,0.0035697865596809,0.0,0.0016625363749337,0.6157897518655444,0.0091136637665873,resource_economy,50.0
B1_ADAPT_0128,4.0,medium,0.0688622918724873,0.0239604269272851,0.0123241864404299,0.1516481118783795,0.0014618527899763,0.7,0.0279239152348703,resource_economy,50.0
B1_ADAPT_0129,4.0,medium,0.0718999798178915,0.019352450270781,0.0039480312438047,1.0494859724815055,0.0016791180595633,0.4833389217815375,0.0105641921639704,resource_economy,50.0
B1_ADAPT_0130,2.0,high,0.065668014313145,0.0095586819607737,0.0,1.16749493962316,0.0010603567341087,0.3344067298536872,0.0398065155233279,resource_economy,50.0
B1_ADAPT_0131,4.0,medium,0.0612119093373565,0.0073828008469703,0.0140563237322382,0.0244753825026724,0.001779351624256,0.6514266725714747,0.0148045250883177,resource_economy,50.0
B1_ADAPT_0132,2.0,medium,0.015,0.0283673087661762,0.0192201982789546,0.6411018196756846,0.0011447033267457,0.3329661224898697,0.0387621824423543,regional_responsibility,50.0
B1_ADAPT_0133,4.0,high,0.0618154347595615,0.0194055149676115,0.0217970707215661,1.2814245581751749,0.0019092931069441,0.4199145509951113,0.0157802686780848,resource_economy,50.0
B1_ADAPT_0134,4.0,high,0.0733024499680688,0.035,0.0196400591706013,1.252068529348752,0.002,0.3422271287114422,0.0078914394488256,resource_economy,50.0
B1_ADAPT_0135,2.0,low,0.0633545268261443,0.0,0.0097077274342043,0.4257383016761067,0.0016596250492962,0.5361958981826177,0.0256648272425986,resource_economy,50.0
B1_ADAPT_0136,2.0,medium,0.02863242353684,0.0209765986203165,0.026163505503422,0.8509377308806962,0.0013183264933128,0.4667219558888227,0.0377567107699847,regional_responsibility,50.0
B1_ADAPT_0137,4.0,medium,0.0649446148087719,0.0064153197824136,0.0027474680422447,0.3861721258977659,0.0016024953869655,0.7,0.0187338777262111,resource_economy,50.0
B1_ADAPT_0138,4.0,low,0.0605508990441113,0.0033363108764977,0.0213155036751733,0.7172852746644339,0.0005498707906608,0.4144766292350788,0.04,resource_economy,50.0
B1_ADAPT_0139,2.0,low,0.0717061211342692,0.0151409931473666,0.0083270785435642,0.5388320771447643,0.0015049225940322,0.4558610374255852,0.0305478308877459,resource_economy,50.0
B1_ADAPT_0140,2.0,low,0.075,0.017463232342781,0.0258822608007561,0.7128429472864009,0.0005713743404436,0.6557367096607853,0.04,resource_economy,50.0
B1_ADAPT_0141,4.0,medium,0.0698551954820354,0.0074225381097448,0.0280170773239814,0.3270304812672013,0.0011695007875064,0.3729937084871182,0.0229730475861409,resource_economy,50.0
B1_ADAPT_0142,2.0,low,0.0699242305026117,0.0,0.0149212975263986,0.4083078615027802,0.0016929533315079,0.5144152801476545,0.0384556697313269,resource_economy,50.0
B1_ADAPT_0143,4.0,high,0.075,0.0111949878548126,0.0,0.5254204126416926,0.000723679679927,0.494104884505373,0.0274381703759595,resource_economy,50.0
B1_ADAPT_0144,4.0,medium,0.075,0.0316086876317898,0.0007300953914081,1.3,0.0015239407502195,0.5336367554131161,0.0,resource_economy,50.0
B1_ADAPT_0145,4.0,high,0.0600263528630039,0.0289455481692546,0.033200618851118,0.8199742881516939,0.0018521624515589,0.3844706464096044,0.0090837149099659,resource_economy,50.0
B1_ADAPT_0146,2.0,medium,0.0254416562709008,0.0150451523272828,0.0190556243855543,1.0902308034184307,0.0012280345603138,0.4707511961596765,0.0210086055405148,regional_responsibility,50.0
B1_ADAPT_0147,4.0,medium,0.0744691520778739,0.0280333654750615,0.0302454900740164,0.3112410158539103,0.000758775328592,0.4190517496822636,0.023629029179781,resource_economy,50.0
B1_ADAPT_0148,2.0,medium,0.0157578047430657,0.0171993704316029,0.0126112188881762,1.012326593667922,0.001165759914253,0.4222288983803889,0.037745619913411,regional_responsibility,50.0
B1_ADAPT_0149,2.0,low,0.075,0.0160605787739632,0.0302768739519724,0.5494522660103773,0.0005743937983443,0.7,0.033237657470056,resource_economy,50.0
B1_ADAPT_0150,2.0,low,0.0640831423716382,0.0244907366126272,0.0303933056289991,0.920843400727214,0.0008291873744062,0.6946165312283594,0.04,resource_economy,50.0
B1_ADAPT_0151,4.0,low,0.0739913471039429,0.0084440527038968,0.0255201056585713,0.8063574026051002,0.0008857380528337,0.5470492038236774,0.0396677486629355,resource_economy,50.0
B1_ADAPT_0152,4.0,medium,0.0714655051720966,0.035,0.033306074205892,0.5228584694372307,0.0008275942554865,0.5603344101493591,0.0298839328371028,resource_economy,50.0
B1_ADAPT_0153,2.0,medium,0.0165344776659696,0.0075625062698246,0.0272798199799032,1.1747554725478129,0.0016426037539169,0.4188853852674506,0.0348607095154587,resource_economy,50.0
B1_ADAPT_0154,4.0,medium,0.0654167792359101,0.0113976502431496,0.0061669502223669,0.1139021355225219,0.0015732732019908,0.7,0.0288161753456381,resource_economy,50.0
B1_ADAPT_0155,4.0,medium,0.055279241319492,0.0,0.0049814211376252,1.1413607577967684,0.0006073111325557,0.548025545600875,0.0346328293546897,resource_economy,50.0
B1_ADAPT_0156,2.0,low,0.0719457041747422,0.0054267486833291,0.0187221105475224,0.3622355415429282,0.0019918165287515,0.558102674628764,0.0326085058285703,resource_economy,50.0
B1_ADAPT_0157,4.0,medium,0.075,0.0,0.0085273410762344,1.1221366265342945,0.0018468474907895,0.3411113986902032,0.0208022759759709,resource_economy,50.0
B1_ADAPT_0158,4.0,medium,0.0702457158876723,0.0243830519954388,0.0096487500357532,0.5070928878541836,0.0015849971519705,0.3952467705535684,0.0078927408160612,resource_economy,50.0
B1_ADAPT_0159,4.0,medium,0.075,0.0159493352269694,0.004587166829559,0.2176404704760845,0.00056309824445,0.7,0.0338033980423556,resource_economy,50.0
B1_ADAPT_0160,2.0,low,0.0604792606363269,0.0291939021046237,0.0216789189435152,1.047190276396167,0.0008816602085305,0.7,0.04,resource_economy,50.0
B1_ADAPT_0161,2.0,low,0.0560124840376887,0.001394706504467,0.0122991788936353,0.745180762067611,0.0016566422237111,0.6109921437497859,0.04,resource_economy,50.0
B1_ADAPT_0162,2.0,high,0.072557087575416,0.0108766060612719,0.011392506817123,1.1336508624344284,0.001052997230076,0.415309383322378,0.04,resource_economy,50.0
B1_ADAPT_0163,2.0,low,0.075,0.028381322087125,0.0220093617377802,0.8669024976322747,0.0009825122300868,0.639198806715643,0.0325986638185632,resource_economy,50.0
B1_ADAPT_0164,4.0,medium,0.0713355306373597,0.0267575987620395,0.0240534540532248,0.5399150664842595,0.000735344467261,0.3824484628029448,0.0220167425844258,resource_economy,50.0
B1_ADAPT_0165,4.0,medium,0.0664996290015677,0.0143468088598078,0.0,0.0,0.0014183150914401,0.7,0.013354533149753,resource_economy,50.0
B1_ADAPT_0166,2.0,medium,0.0629513133174578,0.0220615273204863,0.0111059989530147,0.0915354180840719,0.0018839755407213,0.5115615825472573,0.0341553993635894,resource_economy,50.0
B1_ADAPT_0167,2.0,medium,0.0643330524648068,0.0295971136453384,0.0109256417213318,0.6121015517518815,0.0015295096931664,0.5297392343080302,0.0191221841526655,resource_economy,50.0
B1_ADAPT_0168,4.0,medium,0.0660834871810341,0.0066879529214112,0.0219362375425454,1.196869002970511,0.0017865165965497,0.4200676890382758,0.0185073618993586,resource_economy,50.0
B1_ADAPT_0169,4.0,high,0.0721846412733649,0.007915447546314,0.0047029860294574,0.6632866190805127,0.0009418611261922,0.5434793198529928,0.0198831687355679,resource_economy,50.0
B1_ADAPT_0170,4.0,medium,0.075,0.0302870420036752,0.0,0.7097760054807478,0.0019480650613766,0.5781810656829104,0.0,resource_economy,50.0
B1_ADAPT_0171,4.0,medium,0.0636327317169394,0.0314743725302294,0.0217969105552178,0.4901105615992148,0.0008014438450805,0.4855204067966194,0.0357929130697601,resource_economy,50.0
B1_ADAPT_0172,4.0,high,0.0714899414938328,0.0343532391053037,0.0203906548643089,1.1269736830217174,0.0016934087938188,0.3,0.0082151525670206,resource_economy,50.0
B1_ADAPT_0173,2.0,medium,0.015,0.0081980885687852,0.035,0.9727652761740836,0.0018851097259518,0.3968559144158112,0.028988853951003,resource_economy,50.0
B1_ADAPT_0174,4.0,medium,0.0608315985838109,0.0060978834890418,0.0188408128584289,1.2876916203194102,0.0011856194031078,0.5590508969047749,0.006232965310635,resource_economy,50.0
B1_ADAPT_0175,4.0,medium,0.0705083144979076,0.0,0.0245900461762551,1.1502004528331706,0.0017382638108191,0.3328057981602834,0.0168204244572596,resource_economy,50.0
B1_ADAPT_0176,2.0,medium,0.0233835221494945,0.0042433713416296,0.0288867837564281,1.070250032571009,0.0013350338394725,0.3725612614327941,0.0300464566809013,resource_economy,50.0
B1_ADAPT_0177,2.0,medium,0.0619932318874315,0.0138153434508568,0.0080004644137275,0.2690222929992102,0.002,0.3736838031542176,0.0226383243789914,resource_economy,50.0
B1_ADAPT_0178,2.0,low,0.075,0.021168423799001,0.0202779723007764,0.5049895334090009,0.0006143588340903,0.6162353100981939,0.04,resource_economy,50.0
B1_ADAPT_0179,2.0,medium,0.015,0.0093801021319727,0.0204656930328551,1.169147798011564,0.0018137002585373,0.4125402137287826,0.0279810941313162,resource_economy,50.0
B1_ADAPT_0180,4.0,medium,0.0594098426202902,0.0125660917351661,0.0245732386973676,0.3740912780239852,0.001162227139769,0.3845018581576673,0.0377626560339126,resource_economy,50.0
B1_ADAPT_0181,4.0,high,0.0606689504129144,0.022397515663545,0.014930444296734,0.7938809342849726,0.002,0.4991975288846246,0.0113655206688796,resource_economy,50.0
B1_ADAPT_0182,4.0,medium,0.0638281319179634,0.0082958638466984,0.0,0.0,0.0012434955648415,0.6375502694625148,0.0195109242218734,resource_economy,50.0
B1_ADAPT_0183,2.0,medium,0.075,0.0293380603907393,0.0,1.0407043162055274,0.000612550978296,0.4881003100069206,0.0351347144246996,resource_economy,50.0
B1_ADAPT_0184,2.0,medium,0.0156894857057154,0.0135357437308442,0.0181512735680907,0.7312579986021477,0.0013075421322805,0.4914586155394218,0.0379189335896219,regional_responsibility,50.0
B1_ADAPT_0185,2.0,low,0.0673092397573019,0.03022566964293,0.0239484588833875,0.6145578336663413,0.0011259056984057,0.6305484178102025,0.0320101570794488,resource_economy,50.0
B1_ADAPT_0186,2.0,low,0.0705737574758982,0.0200188724052414,0.0198625532722354,0.8060794274232471,0.0010803088776286,0.6233396353624987,0.04,resource_economy,50.0
B1_ADAPT_0187,4.0,medium,0.0716073589749588,0.0246433025288065,0.0264664882729767,1.0595462253799703,0.0017433921225954,0.4754700595101721,0.0071412574013686,resource_economy,50.0
B1_ADAPT_0188,2.0,medium,0.015,0.0139194520772475,0.026090085563979,0.6925874524783753,0.0012559154517019,0.4132679436208778,0.0305436950669313,regional_responsibility,50.0
B1_ADAPT_0189,4.0,high,0.0623068706168182,0.0251655182002384,0.0270621108011285,0.7911740190280917,0.0017794263921831,0.4556811085773218,0.0051745080990049,resource_economy,50.0
B1_ADAPT_0190,4.0,low,0.0628397003052849,0.0132714717162496,0.0130668848634338,0.5361235708109022,0.0011978331797702,0.3263872595472054,8.34868347281744e-05,resource_economy,50.0
B1_ADAPT_0191,4.0,high,0.0685704202015268,0.02443837050986,0.0200150812614667,1.2110539862443817,0.002,0.4752787022735701,0.0,resource_economy,50.0
B1_ADAPT_0192,4.0,medium,0.0631937296491775,0.001631067289549,0.035,0.259781282867654,0.0009241107762583,0.5476731014124034,0.0384164905554358,resource_economy,50.0
B1_ADAPT_0193,2.0,medium,0.0194150194211274,0.0216335990794051,0.0334465253476352,1.3,0.0019023542369814,0.5412849144310867,0.0324944023948204,resource_economy,50.0
B1_ADAPT_0194,4.0,high,0.0618139604316688,0.0182414457155343,0.0,0.4916397361498813,0.0009252668130457,0.5753100498877932,0.0233243511904594,resource_economy,50.0
B1_ADAPT_0195,2.0,medium,0.0184946241163781,0.0221778649526343,0.0275140296991673,0.8089856341438533,0.0016023840976832,0.4723191391082364,0.0335192519760291,regional_responsibility,50.0
B1_ADAPT_0196,4.0,high,0.0550756898745559,0.0127090264681564,0.0160522594034911,1.0502457825413487,0.0014127063764605,0.5131539310618257,0.0,resource_economy,50.0
B1_ADAPT_0197,4.0,low,0.0651039855267201,0.0195326953347341,0.0065815458354522,0.5895103464200007,0.0011663570781086,0.4562856880404503,0.0018577674941415,resource_economy,50.0
B1_ADAPT_0198,4.0,medium,0.0717941372639584,0.0188135187934084,0.0015627500290715,1.1657783788145475,0.0019339247055212,0.5304324397809658,0.0051351102557207,resource_economy,50.0
B1_ADAPT_0199,4.0,medium,0.075,0.0337226929020917,0.0,1.3,0.0014841873896663,0.4589935606939043,0.0134440389269893,resource_economy,50.0
B1_ADAPT_0200,4.0,medium,0.0670304450512483,0.0083211617124043,0.0225186372558747,0.312902097899315,0.0010919707158927,0.519171576480965,0.0371774621755194,resource_economy,50.0
B1_ADAPT_0201,4.0,medium,0.0712121943694985,0.0268419409862496,0.0190690611145319,0.6646691586562403,0.0010461325574297,0.4345156839514199,0.0278704214155001,resource_economy,50.0
B1_ADAPT_0202,4.0,medium,0.0596544432750969,0.035,0.0142841650820938,0.2498898173335744,0.0019470818834563,0.679629474293591,0.0138086195088883,resource_economy,50.0
B1_ADAPT_0203,2.0,medium,0.0220413169683593,0.0081480593315838,0.0225859396700675,1.0179721198387537,0.0017125090601885,0.4940358216138804,0.0273536401420891,resource_economy,50.0
B1_ADAPT_0204,4.0,medium,0.0522172542026504,0.0051008204682718,0.0,1.0102807745092193,0.0006459270718239,0.6407397375534797,0.04,resource_economy,50.0
B1_ADAPT_0205,4.0,medium,0.0659430863236456,0.02369164689691,0.0,1.1786306933460744,0.001467431223699,0.5440890482109088,0.0067466379763161,resource_economy,50.0
B1_ADAPT_0206,4.0,low,0.0740419463696034,0.0170510347972679,0.0096919113420519,0.4474094340798505,0.0008973417609863,0.4453367831744525,0.0017110199463801,resource_economy,50.0
B1_ADAPT_0207,4.0,medium,0.070675463107937,0.0181326942547203,0.0071607802348875,1.3,0.0016581632385624,0.4475901244278872,0.0046095879614029,resource_economy,50.0
B1_ADAPT_0208,2.0,low,0.075,0.0202203659259881,0.0251449668556208,0.7932695492927857,0.0007711572730086,0.5641953562827481,0.04,resource_economy,50.0
B1_ADAPT_0209,4.0,medium,0.070298465093568,0.0199656954717444,0.021335880741581,1.0987186458740954,0.001861858275176,0.5546963005598087,0.010988889912222,resource_economy,50.0
B1_ADAPT_0210,2.0,medium,0.075,0.025677078291413,0.0039207874931174,0.9859200718353054,0.0012249200213107,0.5211100085477077,0.0254012433831085,resource_economy,50.0
B1_ADAPT_0211,4.0,high,0.0731307378640252,0.0163672696003225,0.0,0.6100123094509724,0.0006786768182971,0.594828078224284,0.0237101411989854,resource_economy,50.0
B1_ADAPT_0212,4.0,medium,0.073223215855428,0.0111427278537848,0.0185144544295841,1.3,0.001707535984766,0.4262078627610718,0.0161265727984222,resource_economy,50.0
B1_ADAPT_0213,2.0,medium,0.0280389726338283,0.0050484259801142,0.029920369062541,1.215589529001046,0.001793298777768,0.42117502973348,0.0351568781666829,resource_economy,50.0
B1_ADAPT_0214,4.0,low,0.0573587824559157,0.0043504702953979,0.0333891680526046,0.6045131140396652,0.0010298855051127,0.5082856738171909,0.0359069750260696,resource_economy,50.0
B1_ADAPT_0215,2.0,low,0.0607292422029879,0.0239103876314432,0.0134758302261089,0.5288454165270714,0.0010854745532331,0.4784295860720263,0.0201924311221278,resource_economy,50.0
B1_ADAPT_0216,2.0,medium,0.0657681736112438,0.0186850079156733,0.0011612916497769,0.2620056175739518,0.0018695304006088,0.470996899224089,0.0310210388138164,resource_economy,50.0
B1_ADAPT_0217,2.0,low,0.0680556006025709,0.0277423267388352,0.0193891827128973,0.5128564336719809,0.0005,0.6103163740139275,0.0315418224449738,resource_economy,50.0
B1_ADAPT_0218,2.0,medium,0.015,0.006463142180576,0.0325781433121103,1.0193066295807798,0.0016569805373385,0.4494606490798588,0.0307989142447665,resource_economy,50.0
B1_ADAPT_0219,4.0,medium,0.0624988707970358,0.0273299191715197,0.0080348924438745,1.2374923522456125,0.0018326417757191,0.4773552300967486,0.0161414808935603,resource_economy,50.0
B1_ADAPT_0220,4.0,high,0.0559518840547872,0.0188854548543974,0.0145877603773654,0.5686019124157587,0.0011420991780724,0.7,0.0127400849396073,resource_economy,50.0
B1_ADAPT_0221,4.0,high,0.0644040597593558,0.0245741646454244,0.0329909934146494,1.0003759225194468,0.0017051519717268,0.5309881368795479,0.0136974051056275,resource_economy,50.0
B1_ADAPT_0222,4.0,high,0.0592867907705607,0.0257990762795834,0.0168352491493427,0.6703778285228286,0.0015957043661449,0.4735287400347968,0.0121776177240981,resource_economy,50.0
B1_ADAPT_0223,2.0,low,0.0636854242264679,0.0106644627052282,0.009115333668275,0.4678247812879261,0.0018494558544403,0.5052183297113721,0.0288954204173063,resource_economy,50.0
B1_ADAPT_0224,4.0,medium,0.0540633278733707,0.0263418449256464,0.0285187810166746,0.6018970473900341,0.0008933673008389,0.4209002374042663,0.0289184042793154,resource_economy,50.0
B1_ADAPT_0225,2.0,medium,0.015,0.0178371007204478,0.0161199256136136,1.1077267570136031,0.0016903188457528,0.5167677460058728,0.0255435092032969,regional_responsibility,50.0
B1_ADAPT_0226,2.0,low,0.0602181138904861,0.0255670648458999,0.0251852010904461,0.1055677182374176,0.0006619867184426,0.4584447004247646,0.0206213017851696,resource_economy,50.0
B1_ADAPT_0227,4.0,medium,0.073370578485307,0.0095821123379142,0.0119441303564231,0.504985593984144,0.000651212540732,0.7,0.0385061301405432,resource_economy,50.0
B1_ADAPT_0228,2.0,medium,0.0167574368253994,0.0137941778292845,0.0137747018961628,0.8040600367544973,0.0006248126051359,0.5512202392429563,0.036360076025931,resource_economy,50.0
B1_ADAPT_0229,2.0,medium,0.015,0.0235405862595921,0.0295933276258316,1.3,0.0012926127400422,0.5035322283331273,0.0399136383714844,resource_economy,50.0
B1_ADAPT_0230,2.0,medium,0.015,0.0251419177204788,0.0190177346403964,0.7195245876293513,0.0012285773071222,0.3333283253058321,0.0297790944291316,regional_responsibility,50.0
B1_ADAPT_0231,4.0,medium,0.0656515673712036,0.0,0.023718661596882,1.1559017825673497,0.0014820106445724,0.336050893668154,0.0246044572864427,resource_economy,50.0
B1_ADAPT_0232,4.0,medium,0.0635649304410608,0.0,0.0,0.5783805109258671,0.000682122820386,0.7,0.0290859686210291,resource_economy,50.0
B1_ADAPT_0233,4.0,medium,0.075,0.0145765519559138,0.0039109701667594,0.2428220583060452,0.0005,0.7,0.0335598539030062,resource_economy,50.0
B1_ADAPT_0234,2.0,high,0.0583334009494222,0.0141093197185245,0.0005217230801492,0.8188823366158353,0.0016489254498012,0.3,0.0246486674277314,resource_economy,50.0
B1_ADAPT_0235,4.0,medium,0.0704713446096477,0.0316055766346186,0.0107766613112154,0.3774626055184153,0.0018085829156161,0.7,0.0101402652661881,resource_economy,50.0
B1_ADAPT_0236,4.0,medium,0.0573539993580953,0.0234489688658265,0.0232027678521124,0.8395816876232737,0.0011428210742396,0.4536694724851627,0.04,resource_economy,50.0
B1_ADAPT_0237,4.0,low,0.0569220857025792,0.0038287059691273,0.0250518778040064,0.5546006553991444,0.0005319583760953,0.5942398769339348,0.0355079970284314,resource_economy,50.0
B1_ADAPT_0238,4.0,medium,0.0727315868086889,0.0062825246406265,0.0188444987804979,1.3,0.001204460420608,0.3,0.0216028937202236,resource_economy,50.0
B1_ADAPT_0239,4.0,medium,0.0665175730095578,0.0102178215116867,0.0,1.3,0.0006562735785062,0.652136841845656,0.0399911098448588,resource_economy,50.0
B1_ADAPT_0240,4.0,medium,0.0667796375864403,0.0133698687703255,0.0145273874547562,0.2534533481557695,0.0016008124521238,0.6032756050303046,0.0259080379844067,resource_economy,50.0
B1_ADAPT_0241,4.0,low,0.0677267019087063,0.0025943570682658,0.0278038452577613,0.6840564331317399,0.0005,0.5384111169153708,0.04,resource_economy,50.0
B1_ADAPT_0242,4.0,medium,0.0502004607028477,0.0046542036605551,0.0051300194714424,1.1106766684542446,0.0005,0.5161171691868961,0.0288344612690213,resource_economy,50.0
B1_ADAPT_0243,4.0,medium,0.075,0.035,0.0202320231772287,0.7600491433023544,0.0006191641698228,0.3985821250429545,0.0325382729635745,resource_economy,50.0
B1_ADAPT_0244,4.0,high,0.075,0.0330131600976129,0.0096023554864396,0.8426485467897734,0.0018888727980597,0.4108705710794225,0.0118160882201013,resource_economy,50.0
B1_ADAPT_0245,2.0,medium,0.0653718596732498,0.0181805362583804,0.0125687822968358,0.4987879084884599,0.001470693047172,0.5422753246640306,0.0358269283898167,resource_economy,50.0
B1_ADAPT_0246,4.0,medium,0.0636450516567037,0.0,0.0073313277884085,0.262474622051887,0.0005,0.598744135869723,0.0266784689731467,resource_economy,50.0
B1_ADAPT_0247,2.0,medium,0.0260448598831996,0.0234554863881588,0.0164340727060957,1.0678947884158263,0.00163373644125,0.5150706947740893,0.0261815538236792,regional_responsibility,50.0
B1_ADAPT_0248,2.0,medium,0.015,0.0107265291870686,0.0305742659966756,0.6000233981424283,0.0015158609048064,0.406832021661284,0.03501781244174,regional_responsibility,50.0
B1_ADAPT_0249,4.0,medium,0.0670979892044262,0.0085938072174984,0.035,0.0844453225382815,0.0009719110803091,0.3798685911318972,0.0298297060503729,resource_economy,50.0
B1_ADAPT_0250,2.0,low,0.0653539662576431,0.035,0.0134376409473503,0.3517342289864578,0.0012473436826363,0.3419361741282192,0.0277260871220779,resource_economy,50.0
B1_ADAPT_0251,2.0,medium,0.0634685861166173,0.0155923496262189,5.819788417333292e-05,0.0396498442026087,0.002,0.4207708280700117,0.0299455670173373,resource_economy,50.0
B1_ADAPT_0252,4.0,medium,0.075,0.0302086333973663,0.0224020893432081,1.015346474022886,0.0012829189853951,0.5360495700285863,0.0339268825775493,resource_economy,50.0
B1_ADAPT_0253,4.0,high,0.061870204747906,0.0158207581028974,0.0072447462457023,0.6471904684173927,0.0007125806641039,0.6278946258360043,0.0250102588045786,resource_economy,50.0
B1_ADAPT_0254,4.0,medium,0.0616580303613911,0.015081854883715,0.0151782868489825,0.8455615918627866,0.00075806892362,0.4900497481603046,0.04,resource_economy,50.0
B1_ADAPT_0255,4.0,medium,0.0506591394913321,0.0026229507691831,0.0,1.3,0.0005,0.5780354236095904,0.0368449343477645,resource_economy,50.0
B1_ADAPT_0256,2.0,low,0.075,0.0311676965315568,0.0170635361732844,0.6355654979521269,0.001228872510085,0.4402092471270712,0.0263392080405378,resource_economy,50.0
B1_ADAPT_0257,4.0,medium,0.0719679772699905,0.002846583009843,0.0076335281710637,0.4299670255793465,0.0005316138813821,0.6133000287959022,0.04,resource_economy,50.0
B1_ADAPT_0258,4.0,low,0.075,0.0243710276208462,0.0113467613662807,0.8699535016563065,0.0009235803181129,0.3760260302550923,0.0064795494385192,resource_economy,50.0
B1_ADAPT_0259,4.0,medium,0.0668996049162892,0.0292203900984356,0.0034826650228845,0.645240518546821,0.001699113478479,0.6803163620744057,0.0009187947261825,resource_economy,50.0
B1_ADAPT_0260,2.0,medium,0.0678699304161213,0.0294747704887643,0.009363031571538,0.3309958941828101,0.0015671386925038,0.5446160966372917,0.029614046392679,resource_economy,50.0
B1_ADAPT_0261,4.0,medium,0.075,0.0147617272699492,0.0164342568795299,0.2103018383189992,0.0011643473445917,0.6188344739617129,0.0255060817234958,resource_economy,50.0
B1_ADAPT_0262,2.0,medium,0.015,0.0146224831740035,0.0335051764935236,0.8590383305024475,0.0015451508024117,0.5167995465848946,0.04,resource_economy,50.0
B1_ADAPT_0263,4.0,medium,0.075,0.0229051715068223,0.0,0.4447621574605698,0.0016827483946845,0.5354474358775558,0.0127800696801562,resource_economy,50.0
B1_ADAPT_0264,4.0,medium,0.075,0.003320844386321,0.0163781107116604,0.8910894062605053,0.0013592366836256,0.4463993222325109,0.0121189153520292,resource_economy,50.0
B1_ADAPT_0265,4.0,medium,0.069837627260911,0.0085380259191962,0.0288109514828915,1.2358622353998874,0.0014568613614259,0.5537454791123412,0.023086745260987,resource_economy,50.0
B1_ADAPT_0266,4.0,medium,0.075,0.0103104390879903,0.0112003179875531,0.0,0.0011734566247219,0.7,0.0218747721032732,resource_economy,50.0
B1_ADAPT_0267,2.0,medium,0.015,0.0298836119184317,0.014402292979307,0.9487689898400712,0.0014605716738018,0.3606078568377972,0.0195413914640836,regional_responsibility,50.0
B1_ADAPT_0268,4.0,high,0.075,0.035,0.0171882247374577,1.0798320209942152,0.0016819119741439,0.3457955425882692,0.0096220663270089,resource_economy,50.0
B1_ADAPT_0269,4.0,high,0.0601097063786921,0.010158926647435,0.0080837336534941,0.5117412574034322,0.0011249202594259,0.4472340002991973,0.0374327588960973,resource_economy,50.0
B1_ADAPT_0270,4.0,medium,0.075,0.0025346603518953,0.0212201702745196,1.1170287479076109,0.0018114472874082,0.338221584539387,0.0245414718072261,resource_economy,50.0
B1_ADAPT_0271,2.0,low,0.0724913936918004,0.0238112564703354,0.014769919603598,0.357797084636223,0.001174515194816,0.3563745955491525,0.0194454894649698,resource_economy,50.0
B1_ADAPT_0272,2.0,medium,0.0150266236129714,0.0275403742114062,0.0164534946747957,0.5749361923754032,0.0015989680133037,0.4843223042772286,0.0225603900364319,regional_responsibility,50.0
B1_ADAPT_0273,4.0,medium,0.0664682580361372,0.0303745085012015,0.0291783151496826,0.5825747948031286,0.0014062756817376,0.5434935222981484,0.04,resource_economy,50.0
B1_ADAPT_0274,4.0,medium,0.0742420041241622,0.0250572949142837,0.0239577658434632,1.262411078516074,0.0017795008524476,0.4308751436904759,0.0177016741731841,resource_economy,50.0
B1_ADAPT_0275,4.0,medium,0.0726854856653717,0.0188311690274034,0.0131804317342583,0.8551030006919305,0.0018404372005971,0.5784578613157164,0.0121696678054658,resource_economy,50.0
B1_ADAPT_0276,2.0,low,0.0629717525309613,0.0260248066590229,0.0248506040545408,0.6004771589523468,0.0008784106360872,0.5403589854614784,0.03629769292684,resource_economy,50.0
B1_ADAPT_0277,2.0,low,0.073261796839685,0.034621343411322,0.0287349979531438,0.5735040846545707,0.0011016203348771,0.7,0.04,resource_economy,50.0
B1_ADAPT_0278,4.0,medium,0.0650760679529873,0.0284856821556395,0.0277405408088586,0.7681994773225356,0.0008603301443907,0.6212533333707033,0.0330369278271978,resource_economy,50.0
B1_ADAPT_0279,4.0,medium,0.0606166749515548,0.0145832016910255,0.017794083925856,1.2415327856002554,0.0016408793929277,0.4262333945667709,0.0105805894003202,resource_economy,50.0
B1_ADAPT_0280,4.0,medium,0.075,0.0143672857353433,0.0,0.5753518201531227,0.0018177926231828,0.4596635931383997,0.0,resource_economy,50.0
B1_ADAPT_0281,4.0,medium,0.075,0.0110012964608436,0.0091884243919408,0.1278573845750216,0.0016902746331255,0.6457813045358365,0.0226289035761142,resource_economy,50.0
B1_ADAPT_0282,4.0,medium,0.0555265128943938,0.0173596807831582,0.0316033873016912,0.270735083532394,0.0007556357127293,0.503374633891035,0.0302350954535057,resource_economy,50.0
B1_ADAPT_0283,4.0,medium,0.0655423533854951,0.0108687265173958,0.0221734281516368,0.9159174774781944,0.0015634879790142,0.5293540767566055,0.0217596233561789,resource_economy,50.0
B1_ADAPT_0284,4.0,low,0.075,0.026494738641532,0.0122782129659197,0.821842355781454,0.0012082457519221,0.3,0.0072226104498953,resource_economy,50.0
B1_ADAPT_0285,2.0,medium,0.0205171422514455,0.0237824307629769,0.0123893006644662,0.6691270242664035,0.0014369914236707,0.3855725419470192,0.026330747739356,regional_responsibility,50.0
B1_ADAPT_0286,2.0,low,0.075,0.02586467513876,0.0229421419732592,0.5926661099400411,0.0008105420609886,0.5815669004639719,0.04,resource_economy,50.0
B1_ADAPT_0287,4.0,low,0.0613041952065447,0.0031328421315664,0.0282960416767699,0.3704377580782351,0.0009852416864537,0.4929452068711876,0.04,resource_economy,50.0
B1_ADAPT_0288,4.0,medium,0.075,0.0315466343460268,0.0250856003355034,0.8131011501530934,0.0012301785316269,0.5767841252863443,0.028222750247956,resource_economy,50.0
B1_ADAPT_0289,4.0,high,0.0740332699952998,0.0234153711251435,0.0059639773176197,0.1427552709780678,0.000996463946423,0.5527779509817806,0.0289909982387628,resource_economy,50.0
B1_ADAPT_0290,4.0,medium,0.075,0.0158489023039848,0.0003991233051263,0.707175431767439,0.002,0.5332198580574693,0.0093538183492361,resource_economy,50.0
B1_ADAPT_0291,4.0,medium,0.0588026668325354,0.0316400730717622,0.0318853278999464,0.4791164243474391,0.0010488360203756,0.5843724276911357,0.0386066112076991,resource_economy,50.0
B1_ADAPT_0292,4.0,medium,0.0667106039567214,0.017654371064562,0.0,0.7418432808151014,0.0016491756911503,0.4919392932243093,0.0087847480423374,resource_economy,50.0
B1_ADAPT_0293,4.0,low,0.0735053785686675,0.0054886857113749,0.0186216737869041,0.3115774320597443,0.0008189631140802,0.5567177464938518,0.0341870520040935,resource_economy,50.0
B1_ADAPT_0294,4.0,medium,0.075,0.016756012768294,0.0095814693046598,0.2747834664492974,0.0013855717568181,0.6952163846739754,0.0203772705067691,resource_economy,50.0
B1_ADAPT_0295,4.0,high,0.0621501516141122,0.0310732720064605,0.020811318545517,0.7274863094004292,0.0008311469932397,0.7,0.0245614733496385,resource_economy,50.0
B1_ADAPT_0296,4.0,medium,0.0668857422823075,0.0012514878115005,0.0224405546504463,0.9328046827077092,0.0015730684810259,0.3180157802200279,0.0163839076372185,resource_economy,50.0
B1_ADAPT_0297,4.0,medium,0.0649956096223213,0.0089924440223883,0.0,1.3,0.0006955357030043,0.5321114697319406,0.0226268203629192,resource_economy,50.0
B1_ADAPT_0298,2.0,medium,0.015,0.0199642662390263,0.0029434109590155,1.0027048980845672,0.0007700082325854,0.5073651678287691,0.0271489825601625,resource_economy,50.0
B1_ADAPT_0299,4.0,high,0.0568236625516948,0.0106176714049298,0.0267342586041974,0.8545256216733101,0.0018119245537939,0.4554235085518377,0.0108084305654012,resource_economy,50.0
B1_ADAPT_0300,2.0,medium,0.015,0.0162691855537184,0.0168618796205296,1.152433687788644,0.0012737219147176,0.3935927918207823,0.0223568548758601,resource_economy,50.0
B1_ADAPT_0301,4.0,medium,0.075,0.0,0.0240230216430627,1.197351853688397,0.0016662689101407,0.3148346611464554,0.0187293552976644,resource_economy,50.0
B1_ADAPT_0302,4.0,medium,0.0735371182757527,0.0027181233747398,0.0309079802735581,0.3282239023049146,0.0011645266089663,0.517052506944728,0.0238758119631774,resource_economy,50.0
B1_ADAPT_0303,4.0,medium,0.0706313737581986,0.0282954627264945,0.0312604931530779,0.5160618311157441,0.0008719912434203,0.4903324635804209,0.0240619558787724,resource_economy,50.0
B1_ADAPT_0304,2.0,medium,0.0664800246680302,0.0289647453584494,0.0061974435251113,0.9935144649305666,0.0006876262037902,0.5244097029074504,0.0344522742333281,resource_economy,50.0
B1_ADAPT_0305,4.0,high,0.075,0.0302704427749921,0.0154577107902651,0.6301126680120708,0.0011715002490045,0.6422898229416917,0.0220149288976099,resource_economy,50.0
B1_ADAPT_0306,2.0,medium,0.0255563620188177,0.0177075039717485,0.0207120353811463,0.5783877473717736,0.0017470435951623,0.3563494751679649,0.0345514442187364,regional_responsibility,50.0
B1_ADAPT_0307,4.0,medium,0.0647104493585619,0.0333291243554416,0.0,0.6437086417068109,0.0015240159016529,0.4682323674719281,0.0,resource_economy,50.0
B1_ADAPT_0308,4.0,medium,0.075,0.0186757415101816,0.0211346555726123,0.1845191974157268,0.0013164888690042,0.4304141332570984,0.035132317728892,resource_economy,50.0
B1_ADAPT_0309,2.0,medium,0.015,0.020260738921609,0.0264011591113196,1.2294934855044757,0.001375826059951,0.4333001365371374,0.0296488112350048,resource_economy,50.0
B1_ADAPT_0310,2.0,high,0.0680866985490956,0.0074473022922267,0.0041082947583237,0.9883995851154024,0.0012237314866263,0.3,0.0355505457548281,resource_economy,50.0
B1_ADAPT_0311,4.0,medium,0.0732210347642043,0.0315152050045548,0.0082414648395065,0.3487826740709711,0.0017321452182437,0.4731780229255591,0.0034068225845654,resource_economy,50.0
B1_ADAPT_0312,4.0,medium,0.0702544132693752,0.0293149577499282,0.0274423521575795,0.5438009976711493,0.0005928756035221,0.4662620837261699,0.0342548686032025,resource_economy,50.0
B1_ADAPT_0313,4.0,medium,0.075,0.0036141259127375,0.0011524442457576,0.5078250116133617,0.0005341205835966,0.6571679580130457,0.0268794038275927,resource_economy,50.0
B1_ADAPT_0314,4.0,medium,0.0686276802862478,0.0307730721175945,0.0,1.1826334238204743,0.0019636510971221,0.4861374611041179,0.0136826057610611,resource_economy,50.0
B1_ADAPT_0315,2.0,medium,0.0290996660021868,0.0150014475306079,0.0153220592933221,0.7452035245973595,0.0014269729392653,0.4204386042197577,0.025522134301427,regional_responsibility,50.0
B1_ADAPT_0316,4.0,medium,0.0580305225062473,0.0,0.0,1.3,0.0005,0.6351631155272512,0.0236931577693621,resource_economy,50.0
B1_ADAPT_0317,4.0,medium,0.075,0.0020858859019971,0.0,0.5637848753889498,0.0007978113182628,0.7,0.026643653591873,resource_economy,50.0
B1_ADAPT_0318,4.0,medium,0.0614768022374017,0.035,0.0143778977593628,0.2900222012194193,0.0019988986163352,0.7,0.0020264439329286,resource_economy,50.0
B1_ADAPT_0319,4.0,low,0.0724558030762955,0.0174882786105283,0.0236619170630074,0.4469581079701825,0.000922544272779,0.4127968061610685,0.0324141089145739,resource_economy,50.0
B1_ADAPT_0320,4.0,medium,0.0552695934434266,0.0056117874851483,0.0187580235305185,0.295490068736682,0.0009928066712645,0.5240146666676814,0.0302799435755518,resource_economy,50.0
B1_ADAPT_0321,2.0,medium,0.0247615938024997,0.0226617408956157,0.0225493422485113,1.1037038936266772,0.0017471649387337,0.5232891725793223,0.0256014053902993,resource_economy,50.0
B1_ADAPT_0322,2.0,low,0.075,1.3822451370359631e-06,0.0136511304874216,0.5305611395712009,0.0019727413354044,0.6036090058649283,0.0250183701519323,resource_economy,50.0
B1_ADAPT_0323,4.0,medium,0.075,0.010176371135637,0.0150408035866431,1.2518951207015672,0.001722636926652,0.3542309371844278,0.0110730713791967,resource_economy,50.0
B1_ADAPT_0324,4.0,medium,0.0700986522101206,0.0087188678039097,0.0046628432219223,0.2071171564382919,0.0005,0.7,0.0365791661037355,resource_economy,50.0
B1_ADAPT_0325,2.0,medium,0.075,0.0297611739214668,0.000258724260153,0.2025066714265459,0.0017264002247836,0.394480315287504,0.0332628006914161,resource_economy,50.0
B1_ADAPT_0326,4.0,medium,0.0616410688066646,0.0126890272301603,0.0160207885885325,0.0,0.0012658223707075,0.6196634350750885,0.0107513673109737,resource_economy,50.0
B1_ADAPT_0327,2.0,high,0.0629085220352188,0.0089706313172212,0.0025101209208703,1.1413326191754454,0.0012153520622323,0.3,0.0383331474921954,resource_economy,50.0
B1_ADAPT_0328,4.0,medium,0.0632013299194123,0.0037801787672972,0.0039138770193879,0.9948344952684128,0.0007319546247266,0.4792791911294799,0.034848475284118,resource_economy,50.0
B1_ADAPT_0329,4.0,medium,0.0539715651329051,0.0097206589698654,0.005625420956368,1.3,0.0005399996263599,0.6198274106508886,0.0396582418748819,resource_economy,50.0
B1_ADAPT_0330,4.0,medium,0.075,0.0,0.0179729873785071,1.0794543943620374,0.0016195356199713,0.396895763425471,0.0080906876909055,resource_economy,50.0
B1_ADAPT_0331,4.0,high,0.0692546689971207,0.0221902338956281,0.0198273897754643,0.7494712387745079,0.0009491936951542,0.6960625391644363,0.0267855179369439,resource_economy,50.0
B1_ADAPT_0332,4.0,medium,0.0707033523831208,0.0262329798684853,0.0309068688140254,0.5090214135009686,0.0011272171442201,0.5173800879005133,0.0258697465372829,resource_economy,50.0
B1_ADAPT_0333,4.0,medium,0.075,0.0286465214546038,0.0,0.607439128193044,0.0018413952107814,0.5274850913445349,0.0096141038259144,resource_economy,50.0
B1_ADAPT_0334,4.0,low,0.0617044489375419,0.0115457160489473,0.0329396802174771,0.7390898971371412,0.0005543724235685,0.5480038396377501,0.04,resource_economy,50.0
B1_ADAPT_0335,2.0,medium,0.0705569552949699,0.016955445988892,0.0,1.01201336842194,0.0010502869873541,0.5784639883074126,0.0291259895766173,resource_economy,50.0
B1_ADAPT_0336,2.0,medium,0.0610205027324719,0.0234868222501885,0.0160132409982332,0.6162800785398976,0.0018192885098513,0.4124529327743835,0.0270524521985679,resource_economy,50.0
B1_ADAPT_0337,2.0,low,0.0616797661442403,0.035,0.0286555485927412,0.6276617753948655,0.0011695202275586,0.439109031626233,0.0241746825586866,resource_economy,50.0
B1_ADAPT_0338,4.0,high,0.0665934021920833,0.0047070136519092,0.0055723885771297,0.4582824543468163,0.0007909105336728,0.5136255693652583,0.0362813466914628,resource_economy,50.0
B1_ADAPT_0339,4.0,high,0.075,0.0266196948384003,0.0184599617599546,0.9138358649019388,0.002,0.3504499386827924,0.0,resource_economy,50.0
B1_ADAPT_0340,4.0,medium,0.068002509116113,0.0,0.0132661286890119,0.4316665560297623,0.0005,0.7,0.0359821058238554,resource_economy,50.0
B1_ADAPT_0341,4.0,medium,0.075,0.0329664716323384,0.0054050361777328,0.5002029049771775,0.0019532125906816,0.7,0.0,resource_economy,50.0
B1_ADAPT_0342,4.0,medium,0.0674391946091751,0.0196631800166993,0.0160687074005151,0.0547696907498126,0.0011812720541541,0.7,0.0227471829967629,resource_economy,50.0
B1_ADAPT_0343,4.0,medium,0.0625247914468787,0.0156254405190835,0.0,0.0,0.0013669956104703,0.7,0.0282777371397314,resource_economy,50.0
B1_ADAPT_0344,2.0,medium,0.015,0.0109267725025725,0.0215223556572751,0.8903167414726145,0.0015059710146813,0.4821869928060793,0.0332851575019023,resource_economy,50.0
B1_ADAPT_0345,4.0,high,0.0602899618157582,0.0300161639110921,0.0273651740502606,0.9085862807567898,0.001987677250517,0.5056300044336571,0.0096513568386383,resource_economy,50.0
B1_ADAPT_0346,2.0,medium,0.015,0.0110282483631394,0.0137363782455533,0.8104372266093091,0.0012160641847238,0.5003251715544528,0.0329531471393861,regional_responsibility,50.0
B1_ADAPT_0347,2.0,low,0.075,0.0155010906509639,0.0232238409102642,0.8578926417663144,0.0015912590320771,0.5199908826407228,0.0289253866617081,resource_economy,50.0
B1_ADAPT_0348,4.0,medium,0.075,0.0329325171091413,0.035,0.4389870761256659,0.0010361518759624,0.5032047952704333,0.0340169316961395,resource_economy,50.0
B1_ADAPT_0349,4.0,medium,0.0633909072603288,0.0,0.0030810267910522,1.3,0.0006416397490107,0.5100699936342803,0.0344919172966559,resource_economy,50.0
B1_ADAPT_0350,2.0,medium,0.0188523485575312,0.0208520125710742,0.032799418047705,1.2057218350192906,0.0013117183349467,0.377618354526664,0.0387793596928148,resource_economy,50.0
B1_ADAPT_0351,2.0,medium,0.0649057817080432,0.0177881901428462,0.0121204613759364,0.580274516015179,0.0014373643796707,0.4140146732709523,0.0309967769873664,resource_economy,50.0
B1_ADAPT_0352,2.0,medium,0.0736524691832472,0.032885670968726,0.0101583956077511,1.2421205284379746,0.0009087936774409,0.566332528736077,0.0211900324425667,resource_economy,50.0
B1_ADAPT_0353,4.0,low,0.0646107623104822,0.0029924416759293,0.0230316246271656,0.3429438661289095,0.0009516684569157,0.5618537863528538,0.04,resource_economy,50.0
B1_ADAPT_0354,4.0,medium,0.0524243777350919,0.0109592830183509,0.0,1.2977670370883654,0.0005,0.4663794992908755,0.0299996880815297,resource_economy,50.0
B1_ADAPT_0355,4.0,medium,0.075,0.0320029068541264,0.0091456948708709,0.4859574776588491,0.0015642940992294,0.5831591978877899,0.0,resource_economy,50.0
B1_ADAPT_0356,2.0,medium,0.0252527875100823,0.013848867845382,0.0248733736597933,0.9905916726765214,0.0012988008631647,0.548452868522617,0.0278084648290825,resource_economy,50.0
B1_ADAPT_0357,2.0,low,0.0712734321682501,0.0199610108249087,0.026508529794011,0.9920202384386224,0.0006095853332315,0.6604880851915288,0.0366665314985846,resource_economy,50.0
B1_ADAPT_0358,4.0,high,0.0634354221542779,0.0301610535055273,0.0179153283658304,1.2020510785342924,0.0017599464172276,0.3314569674763762,0.0147735923107908,resource_economy,50.0
B1_ADAPT_0359,4.0,medium,0.075,0.0155945068015538,0.0079890131406857,0.5354249095239816,0.0005,0.6897227045784212,0.0306668745229184,resource_economy,50.0
B1_ADAPT_0360,2.0,high,0.0667916405202951,0.0035294656337572,0.0074078074701103,0.9410218230681684,0.0015335830770162,0.4255360784752614,0.0353564724620711,resource_economy,50.0
B1_ADAPT_0361,4.0,medium,0.0589503019636849,0.0262516947363553,0.0187892612699722,0.9092581837231573,0.0011307369377982,0.5904434832596697,0.0301005313618479,resource_economy,50.0
B1_ADAPT_0362,2.0,low,0.0737560968875379,0.0007329421944932,0.024297327986438,0.7704618418546488,0.0016428677742386,0.5546149921795095,0.0321674610789336,resource_economy,50.0
B1_ADAPT_0363,4.0,medium,0.075,0.0069570850351887,0.0125385717395755,0.3573042254511831,0.0006070896161218,0.6910905815392,0.0367622357417702,resource_economy,50.0
B1_ADAPT_0364,4.0,medium,0.0703724266329176,0.035,0.0216992012952763,0.4964860336913204,0.0011181683735463,0.542669091585193,0.026800642541125,resource_economy,50.0
B1_ADAPT_0365,4.0,medium,0.0676125250049635,0.0214079645366329,0.0,0.3641468044658785,0.0016261275586056,0.4288542202279864,0.0087261056359559,resource_economy,50.0
B1_ADAPT_0366,2.0,high,0.074590737008224,0.0066069646805579,0.0,1.0338600234770796,0.0011802758899883,0.4132697680152572,0.0398878948606256,resource_economy,50.0
B1_ADAPT_0367,4.0,medium,0.0634667820441355,0.0219113248160108,0.0112152020641851,0.2665779365083923,0.0014559023678229,0.7,0.018693407818766,resource_economy,50.0
B1_ADAPT_0368,4.0,high,0.0640335891236391,0.0303554830549906,0.0058993983920885,0.7395567083140736,0.0006702852965012,0.6179049005362643,0.0212601260427571,resource_economy,50.0
B1_ADAPT_0369,4.0,medium,0.069802245979432,0.0072276370891886,0.0079253905339509,1.3,0.0005,0.6133324375580608,0.0337961902910977,resource_economy,50.0
B1_ADAPT_0370,4.0,medium,0.0657203190910542,0.0127103331131798,0.015837071673203,0.1800087865295676,0.0013405648983454,0.7,0.0196694658360089,resource_economy,50.0
B1_ADAPT_0371,4.0,medium,0.075,0.0,0.0228450315560418,1.0774634895375548,0.0013797354970489,0.4103699433724181,0.0128067093623095,resource_economy,50.0
B1_ADAPT_0372,2.0,medium,0.075,0.0179313421290566,0.0003004884894957,0.0539042777309231,0.0017027823684693,0.4608611713215695,0.0333695440159647,resource_economy,50.0
B1_ADAPT_0373,4.0,medium,0.0670612124361802,0.0281439959178783,0.0180159292509762,0.4653697806770019,0.0005984895120365,0.4679593717522219,0.0377912335137722,resource_economy,50.0
B1_ADAPT_0374,4.0,medium,0.0745183640130967,0.024583496271543,0.035,0.7796206467900195,0.0006009388447822,0.4469648464537908,0.0348992846338175,resource_economy,50.0
B1_ADAPT_0375,4.0,high,0.0661154683166371,0.0282420633670961,0.0214834953015961,1.0385765566289993,0.0016239914090233,0.339544939679225,0.0108470945816988,resource_economy,50.0
B1_ADAPT_0376,2.0,low,0.0698290348686311,0.025984539991233,0.0309396045265011,0.3008535435750354,0.0009268313102495,0.3530357653109468,0.0383862069149304,resource_economy,50.0
B1_ADAPT_0377,4.0,high,0.075,0.035,0.0173111313836692,0.6350946422096664,0.0010244992533032,0.7,0.0151600738129355,resource_economy,50.0
B1_ADAPT_0378,4.0,high,0.0639123748838016,0.0170766625089027,0.019808153944934,1.027148145472616,0.0018876372919685,0.4823643909593538,0.004815199229765,resource_economy,50.0
B1_ADAPT_0379,4.0,medium,0.0664909676176824,0.0208977885212967,0.0282421168589871,1.1382393603083516,0.0018340358550593,0.5132999626837068,0.008368303153511,resource_economy,50.0
B1_ADAPT_0380,2.0,high,0.0651768251436567,0.0023644721556667,0.0026722754909887,0.7900649105132481,0.001103583895909,0.3828671265486991,0.0300718763417158,resource_economy,50.0
B1_ADAPT_0381,4.0,high,0.0584760219490096,0.0195994519439874,0.0101559700230759,0.3005166906841967,0.0007009292551904,0.6948008750843461,0.0138925384228237,resource_economy,50.0
B1_ADAPT_0382,2.0,low,0.0606657850062637,0.0239074841889564,0.0265509565378224,0.9568769852876016,0.0011206771126539,0.6989870511338142,0.04,resource_economy,50.0
B1_ADAPT_0383,4.0,medium,0.065135592017358,0.0142363272622486,0.0,0.6001398119245925,0.0017591940669409,0.5362484661824487,0.0090668989575611,resource_economy,50.0
B1_ADAPT_0384,4.0,medium,0.075,0.0228027531582767,0.0043501839236583,1.222182901039342,0.0018342566340933,0.4250096440346051,0.0,resource_economy,50.0
B1_ADAPT_0385,2.0,low,0.0553831344363135,0.0048386319844208,0.0069905320777052,0.4525888745916315,0.0017456245682151,0.6060726406741984,0.04,resource_economy,50.0
B1_ADAPT_0386,2.0,medium,0.015156089678443,0.0214170760075075,0.0252122465910026,0.9308931188268484,0.00165675434603,0.3804714657342472,0.0323045720243721,resource_economy,50.0
B1_ADAPT_0387,4.0,medium,0.057172885611414,0.0093498122981175,0.0084150551293933,1.1124316552724764,0.0005,0.6356858126385003,0.0370327189654901,resource_economy,50.0
B1_ADAPT_0388,4.0,low,0.075,0.0143860237310055,0.0161018264489581,0.825444686667364,0.0011473328957176,0.37788068993852,0.0168784933649756,resource_economy,50.0
B1_ADAPT_0389,4.0,low,0.0705983677455816,0.0209634003440251,0.0234369197545803,0.8272747614026957,0.00066110605572,0.4448309604803527,0.0364419037054339,resource_economy,50.0
B1_ADAPT_0390,2.0,medium,0.061464380471436,0.0282613638946055,0.0,1.019041896260164,0.0006331475752244,0.5436186488684899,0.0329327927016283,resource_economy,50.0
B1_ADAPT_0391,4.0,medium,0.0718526765953867,0.0083424748916776,0.0095183365772085,0.784978673667426,0.0012197940859616,0.5915697753564475,0.0066374141476933,resource_economy,50.0
B1_ADAPT_0392,4.0,medium,0.0746815712093899,0.035,0.009845173640716,0.3913910030240736,0.0018579395202132,0.7,0.0041012465065021,resource_economy,50.0
B1_ADAPT_0393,2.0,high,0.075,0.0189937932375771,0.0059827597610844,0.6892619107784308,0.0011154246828686,0.3,0.0340116887669049,resource_economy,50.0
B1_ADAPT_0394,4.0,high,0.0649632262437173,0.0246540988448161,0.0093101082354333,1.1886189868627777,0.0017636706077987,0.4625993260496343,0.001272142132706,resource_economy,50.0
B1_ADAPT_0395,4.0,medium,0.0570166944482075,0.0108192362017731,0.018246109065841,0.9722865066036208,0.0012157761819988,0.530589527713605,0.0059253344572885,resource_economy,50.0
B1_ADAPT_0396,2.0,low,0.075,0.0313998289286954,0.0156110565789539,0.9999240600211556,0.000550905323462,0.6236188051959192,0.0376386143371314,resource_economy,50.0
B1_ADAPT_0397,4.0,medium,0.075,0.0227485717121115,0.0181194984631963,0.405773969880962,0.0019329357552687,0.7,0.0119865668689254,resource_economy,50.0
B1_ADAPT_0398,4.0,medium,0.074049559139084,0.0268002358758201,0.0204882288276535,0.5611622597017324,0.0017063198548426,0.6618686035043431,0.0081944588733672,resource_economy,50.0
B1_ADAPT_0399,4.0,high,0.0565340620880851,0.0181042042062402,0.0116091909143237,0.7220234683108633,0.0007994242616041,0.655961830654405,0.0221762199532208,resource_economy,50.0
B1_ADAPT_0400,4.0,high,0.0635925881026654,0.0292082539226006,0.0251740989004969,1.1839276608337792,0.0013992576848538,0.5420912909929352,0.0084350147288249,resource_economy,50.0
B1_ADAPT_0401,2.0,low,0.0604310011034493,0.0226487854454355,0.0148853864598356,0.4454340238002427,0.00099839772573,0.4073999308203194,0.0235405281651112,resource_economy,50.0
B1_ADAPT_0402,4.0,high,0.0664169014668266,0.0158368840305114,0.0094644648133677,0.1284399778498967,0.0011415859416511,0.5712667311022718,0.0270014149218135,resource_economy,50.0
B1_ADAPT_0403,2.0,medium,0.0238967664869818,0.0159650685360549,0.0283142636880902,0.6778106999377776,0.0014806495576802,0.440324515098381,0.0243858014396273,regional_responsibility,50.0
B1_ADAPT_0404,2.0,low,0.0657123500355524,0.035,0.0173923363449766,0.2688207489844662,0.0011928628218562,0.4519602376744307,0.0358986685000168,resource_economy,50.0
B1_ADAPT_0405,2.0,medium,0.0701793506789056,0.0315938433289974,0.0150929589159147,0.592613953238168,0.001721633226684,0.4605254243134583,0.0318331131651808,resource_economy,50.0
B1_ADAPT_0406,2.0,low,0.0669546319628992,0.0317873580159851,0.0273023767486496,0.1417853242650247,0.0006003488331285,0.3302051221987009,0.0277435461923089,resource_economy,50.0
B1_ADAPT_0407,2.0,high,0.0545076963430717,0.0102997058885565,0.0002540408337751,1.0867622676378086,0.0012483599319864,0.3,0.04,resource_economy,50.0
B1_ADAPT_0408,4.0,low,0.0740990351202761,0.013820469253988,0.0199024779443682,0.7470318546105421,0.0013319503818283,0.4083167978584352,0.0027325317039741,resource_economy,50.0
B1_ADAPT_0409,4.0,medium,0.0745216764153589,0.0102629633749342,0.0323847751914858,0.3805203938370629,0.0013433613624664,0.4529793559714814,0.0327769837884817,resource_economy,50.0
B1_ADAPT_0410,4.0,medium,0.0729404377921904,0.0078844562006731,0.0024673164417501,0.0133321567809227,0.0011284145822623,0.7,0.0155902626206772,resource_economy,50.0
B1_ADAPT_0411,4.0,medium,0.075,0.0237201485134667,0.008002614901821,0.4613430750839736,0.0015122395098971,0.6054965889236803,0.0103567216355071,resource_economy,50.0
B1_ADAPT_0412,2.0,medium,0.015,0.0210670431671971,0.0238328872222207,0.8855229353728791,0.0017656655112021,0.4847378794158344,0.0342372092566649,regional_responsibility,50.0
B1_ADAPT_0413,2.0,low,0.0632667764212955,0.0289636415432155,0.022999839696188,0.6177034483726973,0.0009928735156065,0.4993105172143823,0.0319998967546151,resource_economy,50.0
B1_ADAPT_0414,4.0,low,0.0710929533364754,0.0258943584928982,0.0064217790115263,0.9838329759642508,0.0013571700624393,0.3178939306130731,0.0112894398683936,resource_economy,50.0
B1_ADAPT_0415,2.0,low,0.075,0.0187581927774728,0.0324273135764731,0.5688771251449556,0.0010541557735603,0.5470254037037152,0.04,resource_economy,50.0
B1_ADAPT_0416,4.0,low,0.0612418028728701,0.0185774416687041,0.012829379146142,0.6928154070473895,0.0013696394682355,0.4289544945640259,0.0119663730238101,resource_economy,50.0
B1_ADAPT_0417,4.0,medium,0.075,0.0022678428260933,0.0130264021730049,0.1547439315153002,0.0005,0.7,0.0305674973448675,resource_economy,50.0
B1_ADAPT_0418,4.0,high,0.0737697427446373,0.0345425711827607,0.0158234427762161,0.6849456433814867,0.0019697855049586,0.477216522569992,0.0045039476309924,resource_economy,50.0
B1_ADAPT_0419,2.0,medium,0.015,0.0159879643112941,0.0146308779842405,0.7935293752144216,0.0008429911891997,0.5692264367857134,0.0288936434780148,resource_economy,50.0
B1_ADAPT_0420,2.0,high,0.0643780168759091,0.0145250864121719,0.0,0.721605232869837,0.0012710103463153,0.3,0.0242132480004557,resource_economy,50.0
B1_ADAPT_0421,2.0,medium,0.0181775844987027,0.0057470857311815,0.0,0.9714260644482818,0.0006944710783691,0.56362407738047,0.0265892003508652,resource_economy,50.0
B1_ADAPT_0422,4.0,medium,0.0508059449143687,0.0013403282932263,0.0,0.9764077318606296,0.0006061653261,0.5920648828005839,0.0305958828122439,resource_economy,50.0
B1_ADAPT_0423,4.0,medium,0.0647842843293265,0.0250356997933964,0.0072508928770588,1.1663717378870246,0.0018362164775224,0.5403898530753295,0.006271013711539,resource_economy,50.0
B1_ADAPT_0424,4.0,medium,0.0637457232385745,0.0011939450911715,0.0219456056842192,0.3332330182020143,0.0009276846432265,0.5329578543444529,0.0210194884071855,resource_economy,50.0
B1_ADAPT_0425,2.0,low,0.075,0.0239997142920165,0.0210376192552573,1.073782907721251,0.0010939545880765,0.6014454089290859,0.0362917794331285,resource_economy,50.0
B1_ADAPT_0426,4.0,medium,0.0748596929070784,0.0163614241068138,0.0214410200687107,0.0852879030909031,0.0008671578269927,0.3840683767586973,0.0298756314430138,resource_economy,50.0
B1_ADAPT_0427,4.0,low,0.0702303652109739,0.009261271362656,0.0077796274970892,0.6962541668579164,0.0011525007430525,0.3513755998026941,0.000738453188328,resource_economy,50.0
B1_ADAPT_0428,4.0,medium,0.0515008045537456,0.0,0.0103108033836493,1.2035325873750529,0.0007646558358876,0.5090570293127179,0.027410136105358,resource_economy,50.0
B1_ADAPT_0429,4.0,high,0.075,0.0116062277299952,0.0,0.4919609502546043,0.0011654775418687,0.4736528271085697,0.0190251821723841,resource_economy,50.0
B1_ADAPT_0430,2.0,low,0.075,0.0312360839115259,0.021831688932211,0.9401959417963232,0.0005139575391869,0.67113090663735,0.04,resource_economy,50.0
B1_ADAPT_0431,2.0,low,0.0607104021001335,0.0036890214022163,0.0250431291992525,0.4748488670457588,0.0019839123056217,0.4826033371917052,0.0391797140919312,resource_economy,50.0
B1_ADAPT_0432,2.0,medium,0.015,0.017202293759368,0.0104327438833106,0.9304730546849854,0.0005,0.5108770316463154,0.04,resource_economy,50.0
B1_ADAPT_0433,4.0,medium,0.0619144450794456,0.0232130444487267,0.0114765271739202,0.2338789550756593,0.0012516295302095,0.7,0.0157445904795415,resource_economy,50.0
B1_ADAPT_0434,4.0,medium,0.0603445358912448,0.0056180430681764,0.012223737885674,0.5870227987394974,0.0007433427854279,0.607752603566089,0.0328398525027764,resource_economy,50.0
B1_ADAPT_0435,2.0,medium,0.015,0.0164824892893329,0.0285323928978611,0.9086059908267275,0.0013050035261325,0.4877102920581266,0.0371839271617381,resource_economy,50.0
B1_ADAPT_0436,4.0,medium,0.0617268622961089,0.0191687987830406,0.0177407568547068,0.8039104590990576,0.001107595998398,0.5668806465838999,0.04,resource_economy,50.0
B1_ADAPT_0437,4.0,low,0.075,0.0092051287301273,0.0065762597436559,0.9574153315481684,0.0012948158574058,0.4600929123856307,0.005529176492324,resource_economy,50.0
B1_ADAPT_0438,2.0,medium,0.0204785816023817,0.0221901652691428,0.01521665900068,0.8233296598084312,0.0016795167832631,0.4201498030039748,0.0319122498920244,regional_responsibility,50.0
B1_ADAPT_0439,4.0,medium,0.0716814782124464,0.0,0.0232039327359934,1.0594783385471638,0.0017980771418497,0.4515352320909356,0.018077966453206,resource_economy,50.0
B1_ADAPT_0440,4.0,medium,0.0714543206291693,0.0,0.0250380268086969,0.956421712969327,0.0012671905697995,0.3170020332938312,0.0152701498977281,resource_economy,50.0
B1_ADAPT_0441,2.0,high,0.0575102986551497,0.0022594743717228,0.0086892517209892,0.9158473365939792,0.001521703359593,0.351899356136428,0.036355628745907,resource_economy,50.0
B1_ADAPT_0442,4.0,medium,0.0586958828034394,0.035,0.0187035906653946,0.51170037702106,0.0019806203251077,0.6314385625565994,0.0142618776174327,resource_economy,50.0
B1_ADAPT_0443,4.0,high,0.0713323518523705,0.0234821940037031,0.0231200265647059,0.9418020590962576,0.0013332313074517,0.4624747681192231,0.003123155477058,resource_economy,50.0
B1_ADAPT_0444,4.0,medium,0.0687353307690172,0.0049958519933007,0.0339200187802829,0.4468260151220016,0.0007517574908824,0.3777503507459687,0.0255850481007727,resource_economy,50.0
B1_ADAPT_0445,2.0,medium,0.0608551696529701,0.0283716009822165,0.0017374708162291,0.307520516799933,0.0019945587385986,0.4258929703546669,0.0213592124860233,resource_economy,50.0
B1_ADAPT_0446,2.0,medium,0.0157697565969367,0.0067530349680571,0.0241731444701003,1.24141068286291,0.0014358892832106,0.5220677517505685,0.04,resource_economy,50.0
B1_ADAPT_0447,4.0,medium,0.0645601043135337,0.0148963343527639,0.0,0.8949598907407881,0.0016503391458784,0.5007486821611479,0.0,resource_economy,50.0
B1_ADAPT_0448,4.0,medium,0.075,0.0292215097208151,0.0,0.872502649505757,0.0016779400975575,0.5622386518067013,0.0,resource_economy,50.0
B1_ADAPT_0449,2.0,medium,0.0629896016223152,0.0213452720466411,0.0,0.9045785614501668,0.0010707487168503,0.5517508860484848,0.0251651356257828,resource_economy,50.0
B1_ADAPT_0450,4.0,medium,0.0651506336895176,0.0,0.0231570270981526,1.17407018338818,0.0013343622116902,0.3944871202331813,0.0086970287191346,resource_economy,50.0
B1_ADAPT_0451,4.0,low,0.0657533581683072,0.0044797123737677,0.0302231231892629,0.7646453487576235,0.0006253187960675,0.5242791596427521,0.0351465853098641,resource_economy,50.0
B1_ADAPT_0452,2.0,high,0.068381500911008,0.010532725118533,0.0098182556715691,0.773848063529535,0.0012326163177966,0.3996296636272671,0.0305712405202026,resource_economy,50.0
B1_ADAPT_0453,4.0,medium,0.0689692385890993,0.0013461187598641,0.0212248895365151,0.5129236716410328,0.0008118137399179,0.3998046342920399,0.0389412535239652,resource_economy,50.0
B1_ADAPT_0454,4.0,high,0.0673285371128083,0.0235516708997645,0.0277557986609625,1.1982437151084868,0.0019131778665756,0.4557569940943636,0.014818855494075,resource_economy,50.0
B1_ADAPT_0455,2.0,low,0.075,0.0145009973349444,0.0062821982710024,0.5271560157409112,0.001559694320911,0.4846834021614418,0.0284543485729337,resource_economy,50.0
B1_ADAPT_0456,2.0,medium,0.0276711623082023,0.0178405350158282,0.0165373412753819,1.1649142657842988,0.001369845687168,0.3897615055186556,0.0365214198068591,resource_economy,50.0
B1_ADAPT_0457,4.0,low,0.0627271661455119,0.016129957449886,0.0243007812854139,0.6100516381880428,0.0007087229534862,0.6094837187718547,0.04,resource_economy,50.0
B1_ADAPT_0458,2.0,medium,0.0202463804346895,0.0246802645801988,0.0195956538571954,0.6124822186355783,0.0016040325543498,0.3959367366533151,0.02096157696296,regional_responsibility,50.0
B1_ADAPT_0459,4.0,medium,0.075,0.0330470218021907,0.0346493631127164,0.5813831916127326,0.0006712997770788,0.4112284568493456,0.0246271572271873,resource_economy,50.0
B1_ADAPT_0460,4.0,medium,0.0712220694477135,0.0172673896621749,0.0265211793721344,0.7627749219076532,0.0015577812902944,0.4374438923242821,0.0177000629598364,resource_economy,50.0
B1_ADAPT_0461,4.0,high,0.0673988831555653,0.0288419210760379,0.031900733993776,0.8140252304980384,0.0016205044136731,0.3918020629389662,0.0171435407149748,resource_economy,50.0
B1_ADAPT_0462,4.0,medium,0.0745765251126026,0.0137448983941183,0.0043722700148517,0.3890052956297951,0.0007397716677711,0.609204716999703,0.0364611210420088,resource_economy,50.0
B1_ADAPT_0463,4.0,medium,0.067012622261355,0.0136067219743077,0.0177716615856906,0.2965472689578021,0.0017505474121522,0.5968902921526803,0.0168192224174493,resource_economy,50.0
B1_ADAPT_0464,4.0,medium,0.0682928299781087,0.0064687872291881,0.0289954303499529,0.592156064984262,0.001314326812809,0.3899725037413284,0.0241018289630357,resource_economy,50.0
B1_ADAPT_0465,4.0,medium,0.069991979660891,0.0237391407326451,0.0225115986923641,0.7594594856697722,0.000750902309506,0.4947191764555153,0.04,resource_economy,50.0
B1_ADAPT_0466,4.0,medium,0.0633041175903615,0.0131269906016307,0.001881381752186,0.2650851851489947,0.0012205757415154,0.7,0.0236175083525431,resource_economy,50.0
B1_ADAPT_0467,2.0,medium,0.0576331172731668,0.0307560464837232,0.0122540391420234,0.4329737866576908,0.0016134111970132,0.3780548380844125,0.0366360594481762,resource_economy,50.0
B1_ADAPT_0468,4.0,low,0.0685210714099198,0.0091896644434624,0.0052828279899738,0.9835149559556222,0.001037406520069,0.3,0.0032091713052638,resource_economy,50.0
B1_ADAPT_0469,4.0,medium,0.0481807445376318,0.0,0.0,1.1076562066699622,0.0005,0.4876650535107801,0.0262650495310755,resource_economy,50.0
B1_ADAPT_0470,2.0,medium,0.015,0.0183060787223712,0.0184942666646342,0.91608041541182,0.0018801118976698,0.4958046038551196,0.0302518042911446,resource_economy,50.0
B1_ADAPT_0471,2.0,medium,0.075,0.0150553531770318,0.0,1.3,0.0010800714085634,0.444114162524314,0.0270186766447093,resource_economy,50.0
B1_ADAPT_0472,4.0,high,0.0630620418916597,0.0168521088000933,0.0171442299904191,0.732628122090603,0.0016264467017442,0.4512184318077499,0.006106063636016,resource_economy,50.0
B1_ADAPT_0473,4.0,low,0.075,0.0206301150178973,0.0170119019747516,0.7919580022449375,0.0013796741465603,0.4729422139154599,0.0179310069293798,resource_economy,50.0
B1_ADAPT_0474,4.0,medium,0.058520472036867,0.0,0.0031221943260075,1.3,0.0005,0.5996136840804276,0.03727313871354,resource_economy,50.0
B1_ADAPT_0475,4.0,medium,0.0611285944803494,0.0079259928442616,0.0,1.3,0.0008267230983884,0.4804828014588257,0.0378405782478404,resource_economy,50.0
B1_ADAPT_0476,4.0,medium,0.075,0.035,0.0040608227056089,1.0758126725588926,0.0017676798224045,0.4833026439097779,0.0027552590262524,resource_economy,50.0
B1_ADAPT_0477,4.0,medium,0.075,0.0335637857660236,0.0,1.185060947263732,0.0016651616260145,0.405351772200741,0.0106951828162237,resource_economy,50.0
B1_ADAPT_0478,4.0,high,0.0559631338821144,0.0321026508778923,0.0119581870571511,0.6321335299316895,0.0005209290147604,0.6694840381143987,0.0214769383527961,resource_economy,50.0
B1_ADAPT_0479,2.0,low,0.0592040564289786,0.0141381984328636,0.0248819354944538,0.3788825737789653,0.0015020602828394,0.5725037298157096,0.0358468912886334,resource_economy,50.0
B1_ADAPT_0480,4.0,medium,0.0558759689899425,0.0220122841272379,0.0246481694208476,0.508874925664306,0.0010534027546141,0.5951609871681626,0.04,resource_economy,50.0
B1_ADAPT_0481,4.0,high,0.0680051690749823,0.0141150562007359,0.0,0.4075662255848989,0.0010233918391393,0.4576754163351414,0.0314128994112959,resource_economy,50.0
B1_ADAPT_0482,4.0,high,0.0749079273563389,0.019872050325978,0.0146531392901972,0.7643437922735201,0.0006245189208402,0.6521527477789777,0.0293763891815897,resource_economy,50.0
B1_ADAPT_0483,4.0,medium,0.0596688630914532,0.0059194781422144,0.0162915620979216,1.0609257837686978,0.0015186583950626,0.6008218223720198,0.0082752573421474,resource_economy,50.0
B1_ADAPT_0484,2.0,high,0.0645920026976829,0.0116147602321478,0.0063714509856983,1.1455456126544428,0.0016798326889459,0.3,0.0320434463883944,resource_economy,50.0
B1_ADAPT_0485,4.0,medium,0.0690560142668648,0.035,0.0235699762282975,0.3012528108820895,0.0005479028222765,0.5364383774097211,0.0332530362242447,resource_economy,50.0
B1_ADAPT_0486,4.0,medium,0.0630082825275375,0.0143951785956412,0.0252153059767685,1.2268947989518928,0.0013667879236742,0.5390041911515667,0.0218457269720623,resource_economy,50.0
B1_ADAPT_0487,4.0,medium,0.0672803906506703,0.0110406589665078,0.0122887454536038,0.8703628209790004,0.0013721739617356,0.4561574431177556,0.0125821255067071,resource_economy,50.0
B1_ADAPT_0488,4.0,medium,0.075,0.035,0.0273089950957932,0.4878746615518746,0.0007623746949731,0.4017599108046663,0.02847480517909,resource_economy,50.0
B1_ADAPT_0489,2.0,high,0.0562070689400887,0.0013947836853165,0.0059402591408194,0.758278256510239,0.0017288536237012,0.3,0.0233461147546163,resource_economy,50.0
B1_ADAPT_0490,4.0,medium,0.0646583818972782,0.0,0.0034000212154897,0.3939099270542965,0.0005,0.6248896647364937,0.0345051952989577,resource_economy,50.0
B1_ADAPT_0491,2.0,medium,0.015,0.0172743941848569,0.0020095036685206,0.9232293007202732,0.0008106412988817,0.5767431563267971,0.04,resource_economy,50.0
B1_ADAPT_0492,4.0,medium,0.0666763430998136,0.035,0.0256587511211841,0.7999317664951212,0.0006931292118275,0.5372221999328953,0.0296388767548131,resource_economy,50.0
B1_ADAPT_0493,2.0,medium,0.0194743401571381,0.0302276444404631,0.0219388631815792,0.5919171414110085,0.0016331851138151,0.3668659938805596,0.0204317582891144,regional_responsibility,50.0
B1_ADAPT_0494,4.0,high,0.0687279704978882,0.0279499597549832,0.0119766449294145,1.1946750256211054,0.002,0.4379887031870622,0.0116402138463733,resource_economy,50.0
B1_ADAPT_0495,2.0,medium,0.073783648883352,0.0191888999501465,0.0100299256335498,1.149111787278288,0.0009030702098536,0.4396962910641323,0.0399172624422434,resource_economy,50.0
B1_ADAPT_0496,4.0,medium,0.0587993852719629,0.0,0.0045027497854692,1.1797037031988191,0.000749425642785,0.5019575413478355,0.0357467303219398,resource_economy,50.0
B1_ADAPT_0497,4.0,medium,0.075,0.0341718864542647,0.0094462162737416,1.3,0.0018543894657452,0.4087906523511962,0.0070572390637093,resource_economy,50.0
B1_ADAPT_0498,4.0,medium,0.0648462927074879,0.0,0.0042860764437067,1.3,0.0005,0.567913237903688,0.0246712816040271,resource_economy,50.0
B1_ADAPT_0499,4.0,medium,0.0638398981035452,0.023300857885878,0.0230203440719441,1.050504677197662,0.0012816417641635,0.5353995853153293,0.0149676772710973,resource_economy,50.0
B1_ADAPT_0500,2.0,high,0.0661343714745201,0.004968440448283,0.0,1.1599907217418266,0.0012285851584808,0.3348891923953443,0.0276531883769063,resource_economy,50.0
B1_ADAPT_0501,4.0,high,0.0608053305516054,0.0269094435213655,0.0165198223311266,0.8637605699299019,0.0019443079284723,0.4607197658678801,0.018435417546134,resource_economy,50.0
B1_ADAPT_0502,2.0,medium,0.0257483902972755,0.0164290059434987,0.0257719312600104,1.3,0.0016766444999183,0.3733029763907189,0.0283679936293535,resource_economy,50.0
B1_ADAPT_0503,4.0,medium,0.0631470011800069,0.0122412572946361,0.0142260693241071,0.1529481469663998,0.0011270943050993,0.7,0.0273412587950747,resource_economy,50.0
B1_ADAPT_0504,2.0,medium,0.0199202807262168,0.008436391003666,0.001926902304119,0.7890276698576051,0.0005523553192785,0.6405405206253106,0.0352433192226199,resource_economy,50.0
B1_ADAPT_0505,4.0,medium,0.0607721017861689,0.0155951287513337,0.0115410970199787,1.2462438494712045,0.0016673959919811,0.4514023046302165,0.0144118259371219,resource_economy,50.0
B1_ADAPT_0506,2.0,medium,0.015,0.0188825675081815,0.003742499297162,0.9808061634757298,0.0008064352448675,0.5597068728913531,0.0349470547797972,resource_economy,50.0
B1_ADAPT_0507,2.0,medium,0.0210505010824147,0.0198082963154946,0.0190310889316801,1.051410022472825,0.001356360971014,0.5362241918604547,0.0234231306651071,resource_economy,50.0
B1_ADAPT_0508,4.0,low,0.0532289200463259,0.0054852370267152,0.0274020103515477,0.6061118989769625,0.000526380911734,0.505056708407074,0.04,resource_economy,50.0
B1_ADAPT_0509,4.0,medium,0.0591290704408245,0.0151028760829819,0.0127932247876916,0.6254506597324044,0.0010199115256903,0.4906280088918137,0.0384878391620455,resource_economy,50.0
B1_ADAPT_0510,2.0,medium,0.0699082763832864,0.0204055000678667,0.0064673282677538,0.6014379724948664,0.0016800783816667,0.5249985989636579,0.0274699545791184,resource_economy,50.0
B1_ADAPT_0511,2.0,medium,0.015,0.0230130432106266,0.0219988156344175,1.115992951035559,0.0016425236831018,0.4185146805444234,0.0271318336256555,regional_responsibility,50.0
B1_ADAPT_0512,4.0,high,0.0629011051060163,0.0141560641995167,0.0,0.1309727400484477,0.0008531177343188,0.5744368283609462,0.0335215839906705,resource_economy,50.0
B1_ADAPT_0513,2.0,low,0.075,0.0211687659040841,0.0212796430604895,0.2972543908206579,0.0007953443114144,0.317386016662621,0.0375529349880856,resource_economy,50.0
B1_ADAPT_0514,4.0,low,0.0713389434298991,0.0156601096882843,0.0204998836953835,0.7743444364345173,0.0009331963007388,0.4504838115154608,0.04,resource_economy,50.0
B1_ADAPT_0515,4.0,low,0.0701769164766623,0.0139138018892942,0.0207199969056676,0.4411865908956056,0.0015399879246667,0.4372262349897095,0.0051601413000876,resource_economy,50.0
B1_ADAPT_0516,2.0,medium,0.015,0.0138074352821511,0.0207071688590957,0.9730281744829916,0.0019221502887578,0.4082866271934596,0.022245254951817,resource_economy,50.0
B1_ADAPT_0517,4.0,high,0.0603722088254424,0.0286514649997399,0.0064415739355154,1.0219082907223744,0.0019831187506283,0.4581546084348223,0.0102420245472964,resource_economy,50.0
B1_ADAPT_0518,4.0,medium,0.075,0.0309743752730441,0.0281277717855789,0.7641639792001858,0.000801263324514,0.5623457277747838,0.0365380678160491,resource_economy,50.0
B1_ADAPT_0519,2.0,low,0.075,0.0299142624683066,0.0255929791928923,0.205791465874031,0.0011526244813309,0.3326307724737377,0.0342605652876127,resource_economy,50.0
B1_ADAPT_0520,2.0,low,0.075,0.0193201087620831,0.0205477895870908,0.1537624108273481,0.0009671282536652,0.4815177269329925,0.0196368363914878,resource_economy,50.0
B1_ADAPT_0521,4.0,medium,0.0560947834984426,0.0324801974322961,0.0328873231025828,0.3147437967455815,0.0010319546842578,0.4724483584467995,0.0224881192203788,resource_economy,50.0
B1_ADAPT_0522,4.0,medium,0.0650127036804018,0.0216423341685035,0.0143028450579284,0.9594300370308771,0.0012366436164463,0.4938763284641356,0.0316793003003502,resource_economy,50.0
B1_ADAPT_0523,4.0,high,0.075,0.0112195275140145,0.0314912994802583,1.0828985890889866,0.0017516862240943,0.5483954707800375,0.0018355069496782,resource_economy,50.0
B1_ADAPT_0524,2.0,medium,0.0741750195578179,0.0283087136641448,0.0176646021956494,0.1974383061230932,0.0016374045984018,0.5434217937482739,0.0332926653365248,resource_economy,50.0
B1_ADAPT_0525,4.0,medium,0.0593279420622751,0.0220269284083646,0.0143662557636928,1.271516599959617,0.0012826093929938,0.4483317954816844,0.0061742886054497,resource_economy,50.0
B1_ADAPT_0526,2.0,low,0.0742627394922976,0.0344741185314096,0.0289521773479059,0.610685183258258,0.0005,0.649751262154833,0.0381866915458908,resource_economy,50.0
B1_ADAPT_0527,4.0,medium,0.063430691810326,0.0099617042961147,0.0141886219505082,0.2284627269819052,0.0014743895629724,0.6578993912735351,0.0158590537487759,resource_economy,50.0
B1_ADAPT_0528,4.0,high,0.0718835549380962,0.0222582743225474,0.0249933240135021,1.2745339892812475,0.0017627268941772,0.4855206841922022,0.0,resource_economy,50.0
B1_ADAPT_0529,4.0,medium,0.0652659254039919,0.0207701682790408,0.0243874876796243,0.5210156084732418,0.001014347937787,0.5187806867970148,0.04,resource_economy,50.0
B1_ADAPT_0530,4.0,low,0.0525240680531234,0.0184634236143676,0.0203594500278119,0.5176686622832041,0.0005,0.5769117028399705,0.04,resource_economy,50.0
B1_ADAPT_0531,2.0,low,0.0687849767610389,0.0285835708581523,0.0127781405724318,0.1185247320792507,0.0006777129235465,0.3882293643778889,0.033659106753425,resource_economy,50.0
B1_ADAPT_0532,2.0,medium,0.0632575584984695,0.0162369467096172,0.0025156704917767,1.3,0.0008774678584151,0.4806185765623593,0.0235774123838365,resource_economy,50.0
B1_ADAPT_0533,4.0,medium,0.0665882566427775,0.035,0.0136407195369422,0.2021705077238348,0.0014917494753722,0.7,0.0,resource_economy,50.0
B1_ADAPT_0534,4.0,high,0.0610486921616874,0.0256691495939129,0.0140530883741546,0.3213160523851118,0.0011402958604942,0.5746095453016464,0.0307518997998702,resource_economy,50.0
B1_ADAPT_0535,2.0,high,0.0619386678426801,0.0071734034085288,0.0133615339808735,1.122022438034161,0.001722820716744,0.4080342962665989,0.0281338189523388,resource_economy,50.0
B1_ADAPT_0536,2.0,medium,0.0594164507973383,0.0230221080845542,0.0011168744016585,0.4342211211706351,0.0019469896955871,0.4736867634013238,0.0348970041110197,resource_economy,50.0
B1_ADAPT_0537,4.0,high,0.0602466776880111,0.0250092950649039,0.0076908474000031,0.7431678097076898,0.0011927711912383,0.7,0.0259828556147264,resource_economy,50.0
B1_ADAPT_0538,4.0,high,0.0648286004079573,0.0209471113073726,0.0332193750415089,0.8949045906435301,0.0014394388703358,0.452902076421636,0.0060953746064933,resource_economy,50.0
B1_ADAPT_0539,4.0,medium,0.0607001289406619,0.0250332288501112,0.0204727632704425,0.7347893241615583,0.0007274241927004,0.4198571052073792,0.0277187280092624,resource_economy,50.0
B1_ADAPT_0540,4.0,medium,0.075,0.0,0.0233060265459519,0.6556063902460441,0.0013650827782017,0.4317040797600683,0.0312852653245215,resource_economy,50.0
B1_ADAPT_0541,4.0,medium,0.0597015106291928,0.0334364320876562,0.0259269178628177,0.8462890526397464,0.0008075427354672,0.5175715577524737,0.04,resource_economy,50.0
B1_ADAPT_0542,4.0,medium,0.0671669698269205,0.035,0.0179042512799042,0.6588592830669935,0.0006452730109409,0.3955867522559558,0.0371666490998485,resource_economy,50.0
B1_ADAPT_0543,4.0,medium,0.0568029180978215,0.035,0.0301478072534528,0.3363306002792792,0.0005201225815205,0.477555328040836,0.0388412367736074,resource_economy,50.0
B1_ADAPT_0544,4.0,medium,0.0686656828264683,0.0311372601957179,0.0142041960593782,0.1887177906427628,0.0016113559272838,0.6664513955975958,0.0137829572647206,resource_economy,50.0
B1_ADAPT_0545,4.0,low,0.075,0.0069774232501176,0.0133265491432733,0.5648365280302925,0.0013781804478555,0.3584453009239509,0.0170265801150853,resource_economy,50.0
B1_ADAPT_0546,4.0,medium,0.0678331632102855,0.0047597231739133,0.0255074884310826,0.0939158450160442,0.001265112957604,0.5386336066418015,0.0317483561524233,resource_economy,50.0
B1_ADAPT_0547,2.0,medium,0.0150816441986782,0.0179443471487584,0.0189580874528437,0.9494121476148696,0.0017972440616972,0.4126298137546667,0.0284204816719477,resource_economy,50.0
B1_ADAPT_0548,4.0,low,0.0576471298661471,0.0147568120511014,0.0051078832570744,0.9197751169794564,0.0012229437113098,0.3423652244791327,0.0190465289607631,resource_economy,50.0
B1_ADAPT_0549,4.0,medium,0.0688848595122421,0.0139135144257037,0.0225629678033117,0.6572222013013689,0.0008178789791186,0.5022515700176646,0.0274105601286964,resource_economy,50.0
B1_ADAPT_0550,4.0,medium,0.0675434352693275,0.015355476267575,0.0192623120395046,0.4457492676001086,0.0009007974293895,0.4640177528451357,0.04,resource_economy,50.0
B1_ADAPT_0551,2.0,low,0.0736750962144783,0.0320097520600311,0.013897455995335,0.7317486163948029,0.0007247207165406,0.620972657002389,0.04,resource_economy,50.0
B1_ADAPT_0552,4.0,medium,0.0700463993427617,0.0015469441825568,0.0110418717058951,0.5035520163383108,0.0005,0.7,0.0318615158393152,resource_economy,50.0
B1_ADAPT_0553,2.0,medium,0.015,0.0157829201831231,0.0177715571834909,1.3,0.0012349790627158,0.4743226723664625,0.0399463187478344,resource_economy,50.0
B1_ADAPT_0554,2.0,high,0.0570346210441742,0.0142387660990742,0.0,1.178038680472821,0.00137248338314,0.3,0.0379829846170937,resource_economy,50.0
B1_ADAPT_0555,4.0,medium,0.075,0.0,0.0222129767071887,1.1020190464581232,0.0012443138297216,0.3291519328251985,0.0200819514337576,resource_economy,50.0
B1_ADAPT_0556,4.0,medium,0.0607159575250619,0.0073245453862287,0.0,0.3366187520632503,0.0005,0.6166354622703208,0.0363386253692708,resource_economy,50.0
B1_ADAPT_0557,4.0,high,0.0639984052430272,0.016976767273021,0.0197376770074896,0.707287624263222,0.0007469211215419,0.5885247100134993,0.0196669208258374,resource_economy,50.0
B1_ADAPT_0558,2.0,medium,0.0711907254132764,0.0256215886859692,0.0004841333197787,0.9121550966020384,0.0006520208285521,0.424128676890548,0.0287355546228836,resource_economy,50.0
B1_ADAPT_0559,4.0,medium,0.075,0.0311551573652078,0.0,0.7082041864318137,0.0013610351659125,0.5107011641873096,0.0009896854701449,resource_economy,50.0
B1_ADAPT_0560,2.0,low,0.075,0.022016689600476,0.0315550999517632,0.4161459217905892,0.0012512841686349,0.3084397370217296,0.0335895083663054,resource_economy,50.0
B1_ADAPT_0561,4.0,high,0.0726570306671553,0.0099768345347562,0.0,0.3831342827305454,0.0011082265716391,0.5674447426711633,0.0345630265890953,resource_economy,50.0
B1_ADAPT_0562,2.0,medium,0.0189641620263612,0.0277267261328298,0.0202713427776661,0.657883875669317,0.00170449260422,0.4070564219877862,0.0387731458164561,regional_responsibility,50.0
B1_ADAPT_0563,4.0,medium,0.074205260360798,0.0180081860299373,0.020222687117552,1.2431894408811384,0.0015810035038145,0.4104364446461983,0.0069179721929663,resource_economy,50.0
B1_ADAPT_0564,2.0,low,0.0612484748233926,0.0245208095063421,0.0227164621240594,0.3261322873070081,0.0006441709510455,0.3125738785751021,0.0261234242853738,resource_economy,50.0
B1_ADAPT_0565,4.0,high,0.0684468291254387,0.0232765065940998,0.0207551060259819,0.7983114317708887,0.000735277099161,0.5849310516010172,0.0298676150483164,resource_economy,50.0
B1_ADAPT_0566,4.0,medium,0.0734385563155757,0.0253927647404085,0.0,1.0651361093877802,0.0017335971838121,0.4778930194888795,0.0055937634788207,resource_economy,50.0
B1_ADAPT_0567,2.0,medium,0.0742007945584577,0.0167332705677984,0.0125069676404886,0.4962336518630807,0.0015289356449196,0.5411089384065835,0.0281021175406053,resource_economy,50.0
B1_ADAPT_0568,2.0,low,0.0586239903844309,0.0059805903717732,0.0185884979908784,0.8907302178221137,0.002,0.4713626706363764,0.0286063901745623,resource_economy,50.0
B1_ADAPT_0569,2.0,medium,0.075,0.0294949531320673,0.0,1.2129220576250868,0.0005794380433371,0.5672848412580036,0.035508037275494,resource_economy,50.0
B1_ADAPT_0570,4.0,medium,0.075,0.0215039459246995,0.0,1.2281398299935318,0.0019615454902479,0.5581673982077646,0.0026145051290021,resource_economy,50.0
B1_ADAPT_0571,2.0,medium,0.0186850701319959,0.0098622486183666,0.0264772611592729,0.9567892966625569,0.0014923244219864,0.4492751266127956,0.0239279165868296,resource_economy,50.0
B1_ADAPT_0572,4.0,medium,0.0730838854019848,0.0144831629246184,0.0198029722110063,0.8378393167402913,0.0011788523848414,0.4212188599891883,0.018894023981737,resource_economy,50.0
B1_ADAPT_0573,4.0,medium,0.075,0.0285190107093843,0.0107604700632433,0.5683005792038834,0.0018939248936709,0.7,0.0049478878846046,resource_economy,50.0
B1_ADAPT_0574,2.0,low,0.0686541138754033,0.014190818670214,0.0185391070319945,0.5070063456209494,0.0018852517723682,0.4838626098576349,0.0376532451795634,resource_economy,50.0
B1_ADAPT_0575,2.0,medium,0.0607041875966323,0.0149774700445454,0.0065630949300611,0.4060680993090423,0.0017354830067547,0.4387325582548262,0.0274874252074545,resource_economy,50.0
B1_ADAPT_0576,4.0,medium,0.0535075738062698,0.0058167415687107,0.0243547919038746,1.105114043521741,0.001846071129164,0.5017654801255351,0.0225905505310552,resource_economy,50.0
B1_ADAPT_0577,2.0,low,0.0726646098097603,0.0243302120056866,0.0179124667021621,0.6296264892241934,0.0005,0.5738478715723399,0.0305464040288738,resource_economy,50.0
B1_ADAPT_0578,2.0,low,0.0718359652315676,0.0004561730274134,0.0124167320455563,0.5688387695114874,0.002,0.6012357446533161,0.0259103984121164,resource_economy,50.0
B1_ADAPT_0579,4.0,medium,0.0736062398670371,0.0308268814796558,0.0018956261279844,1.2603157098347335,0.0016137954643486,0.5337328785240737,0.0085567419879462,resource_economy,50.0
B1_ADAPT_0580,4.0,medium,0.075,0.0143816355731346,0.010040258856745,0.2287886366831787,0.0012709270939906,0.597032966336041,0.0238680019892913,resource_economy,50.0
B1_ADAPT_0581,2.0,low,0.0678207995677555,0.0087384473755403,0.0107293462405341,0.5942972131799342,0.0015393908448604,0.5193441862542238,0.0277251782726242,resource_economy,50.0
B1_ADAPT_0582,4.0,high,0.0690342866527449,0.006338160592891,0.0,0.5048883944342201,0.000637315886269,0.6220995266815401,0.0306945076101525,resource_economy,50.0
B1_ADAPT_0583,2.0,medium,0.0229246636245447,0.015424825353624,0.0163319704472911,0.8838051499692834,0.0012973811779105,0.4065057454965237,0.0282606340100784,regional_responsibility,50.0
B1_ADAPT_0584,2.0,low,0.0640111398209,0.0248515252237667,0.0195090621080215,0.6506380666090785,0.0006945802557328,0.3970650818631555,0.0281650966903195,resource_economy,50.0
B1_ADAPT_0585,4.0,medium,0.075,0.0018449579726594,0.0184927483752637,1.2035109789948537,0.0013277440379607,0.3,0.0099089744645731,resource_economy,50.0
B1_ADAPT_0586,2.0,low,0.0613764533075465,0.026080256315429,0.0130450125502295,0.0984870189695924,0.0009827370221758,0.3031822849764381,0.0186436553604731,resource_economy,50.0
B1_ADAPT_0587,4.0,medium,0.0586164602737382,0.035,0.0174562329005635,0.5243936377023122,0.0008813682173285,0.4786316299396511,0.0354209879585823,resource_economy,50.0
B1_ADAPT_0588,2.0,high,0.065530987642313,0.0153353002368349,0.0126211877536398,1.1104774815248442,0.0016520879907162,0.3,0.0361071642792946,resource_economy,50.0
B1_ADAPT_0589,4.0,medium,0.0605265282757894,0.0328522398396599,0.0293479321600355,0.6273710972608985,0.0010237187520863,0.5476792078177631,0.0241611885985278,resource_economy,50.0
B1_ADAPT_0590,4.0,medium,0.0707565165371378,0.0167152433432074,0.0115007464535994,0.913792188082955,0.0014565358038293,0.5665265657654384,0.0243764429196108,resource_economy,50.0
B1_ADAPT_0591,2.0,low,0.075,0.0,0.0124540241712029,0.3919848053551019,0.002,0.4992903553748304,0.0350001314569133,resource_economy,50.0
B1_ADAPT_0592,2.0,medium,0.0191344617471254,0.0213442067195161,0.0197871912594057,0.8371223066947722,0.0014698798986342,0.4437089309291373,0.0189271757981802,regional_responsibility,50.0
B1_ADAPT_0593,4.0,medium,0.0587165960837277,0.035,0.0150184182380867,0.2733253296266015,0.0018642204405146,0.7,0.0039493171654989,resource_economy,50.0
B1_ADAPT_0594,2.0,low,0.0746592759060582,0.0306528794694661,0.0262511002863362,0.1014315494223605,0.0009917020601862,0.4842131248369026,0.037669662030325,resource_economy,50.0
B1_ADAPT_0595,4.0,medium,0.0648853822056462,0.0121155126530972,0.0004447602173289,0.0,0.0017338868726061,0.6296853113047636,0.0118979885090098,resource_economy,50.0
B1_ADAPT_0596,4.0,medium,0.075,0.0334073021374313,0.0073014964423964,1.3,0.0019375093455654,0.4045011087970905,0.0,resource_economy,50.0
B1_ADAPT_0597,2.0,low,0.060841546541409,0.0134059068023756,0.0208602660158731,0.837826437740158,0.0017718415404268,0.5784927544639705,0.0271620571179152,resource_economy,50.0
B1_ADAPT_0598,4.0,high,0.0560760256158577,0.0274995938676288,0.0157971919363333,0.7834909325721822,0.0006894157068237,0.7,0.013149262260237,resource_economy,50.0
B1_ADAPT_0599,4.0,high,0.0677094622931778,0.0089460003871492,0.0044411114950513,0.2917652464498086,0.0007588363974486,0.5977749639315736,0.0296941998735722,resource_economy,50.0
B1_ADAPT_0600,2.0,medium,0.0727256200311337,0.0169224635661768,0.0,1.2071958170630612,0.0008879671125285,0.4273079373920742,0.0335376138883625,resource_economy,50.0
B1_ADAPT_0601,2.0,medium,0.075,0.0241834216906581,0.0,1.3,0.0010786958737841,0.4877800361702792,0.034486592470531,resource_economy,50.0
B1_ADAPT_0602,4.0,medium,0.075,0.0172020762312243,0.0016877967936757,0.2218398735146744,0.0014138278094299,0.7,0.0178628231319055,resource_economy,50.0
B1_ADAPT_0603,4.0,medium,0.0684754482673973,0.0067089771348798,0.0205453744237743,1.3,0.0013881621452019,0.410030990374297,0.0138315064106091,resource_economy,50.0
B1_ADAPT_0604,4.0,low,0.0647217824159606,0.0129666581932254,0.0261037372503096,0.7308400633214811,0.0006316190250452,0.5837686189657771,0.04,resource_economy,50.0
B1_ADAPT_0605,4.0,high,0.075,0.0328448023931814,0.018352722129753,0.2633990675436312,0.0012151447407548,0.5968794437213413,0.0175063607715597,resource_economy,50.0
B1_ADAPT_0606,4.0,low,0.0551505353547807,0.0190879373187243,0.0285092178655482,0.5404007596528816,0.0009399521692516,0.4209632016111407,0.0325613752697991,resource_economy,50.0
B1_ADAPT_0607,2.0,medium,0.015,0.0100897746230118,0.0259311254040698,1.0257955725208714,0.0016948140357561,0.5686672960808632,0.0245826535580114,resource_economy,50.0
B1_ADAPT_0608,4.0,medium,0.0606874136768559,0.0114345664371082,0.002073860987514,1.3,0.0006243254049926,0.4821270627571567,0.0369418297450198,resource_economy,50.0
B1_ADAPT_0609,2.0,high,0.0664911709229021,0.0084642877631425,0.0100960564320962,0.8260773985682267,0.0016508436903271,0.3,0.0348192473179015,resource_economy,50.0
B1_ADAPT_0610,2.0,medium,0.075,0.0231478256582911,0.0096810897408248,0.5752907036711968,0.0016332220921728,0.3998184194738164,0.0360050368380809,resource_economy,50.0
B1_ADAPT_0611,2.0,low,0.067157249304065,0.0037389171579728,0.0129503199091747,0.6250852738955044,0.0014658724291701,0.5994777390573064,0.0268158087490611,resource_economy,50.0
B1_ADAPT_0612,4.0,high,0.060812642457167,0.0242808866588725,0.0070482872148946,1.1004501556946191,0.0015933417646536,0.4336855424778558,0.0124808960269136,resource_economy,50.0
B1_ADAPT_0613,4.0,medium,0.0643050813287215,0.0262781469437616,0.0171826140203597,0.6736172178301018,0.0005540423222196,0.3903035769950194,0.0326805711386188,resource_economy,50.0
B1_ADAPT_0614,4.0,high,0.0706951258388808,0.035,0.0107478597712321,0.6547658673357173,0.0009333264832022,0.7,0.0266896656606974,resource_economy,50.0
B1_ADAPT_0615,4.0,high,0.0655333855723663,0.0258521300133595,0.0059697309323038,0.5997511732788581,0.0009739339686495,0.6305001287802638,0.0228962005614199,resource_economy,50.0
B1_ADAPT_0616,4.0,medium,0.0667915212528618,0.0087501918062009,0.02383622960458,0.9716285829380928,0.0016082129103961,0.5781631352938407,0.0115159748125493,resource_economy,50.0
B1_ADAPT_0617,4.0,high,0.075,0.0258273429621388,0.0136748963992869,1.3,0.0017280226856607,0.4225322637990774,0.01788361781513,resource_economy,50.0
B1_ADAPT_0618,2.0,medium,0.0632466015065988,0.0177078852695255,0.0153449904469672,0.0647840129516106,0.0018821701912437,0.5373465917488834,0.0318711620096954,resource_economy,50.0
B1_ADAPT_0619,4.0,medium,0.0610131463564897,0.0062947779548959,0.0126296197919871,0.2295679787657134,0.0013027377161071,0.7,0.0207099819881532,resource_economy,50.0
B1_ADAPT_0620,4.0,low,0.0746948746202653,0.0180765039335393,0.0107804503735,0.9957199593340132,0.0012266604447631,0.4117677665884238,0.0186384846171981,resource_economy,50.0
B1_ADAPT_0621,4.0,medium,0.075,0.0103644023230667,0.0090733742235903,0.0,0.0010983297291347,0.7,0.0144235118140521,resource_economy,50.0
B1_ADAPT_0622,2.0,high,0.0571622470557073,0.0064279881616524,0.0041288328023464,0.7516695098067041,0.0016018436067667,0.4059295434869137,0.0362238807452778,resource_economy,50.0
B1_ADAPT_0623,4.0,medium,0.0711075658647255,0.0314661925056238,0.0072990504278911,0.4346100105536265,0.0016515866664284,0.7,0.0075313497726933,resource_economy,50.0
B1_ADAPT_0624,2.0,medium,0.015,0.0055432419104137,0.0,0.8929005876456895,0.0005,0.6592155567124771,0.04,resource_economy,50.0
B1_ADAPT_0625,2.0,low,0.0663433853267554,0.0,0.0199143890016319,0.5433846880975928,0.0016258783408828,0.5513546081388111,0.04,resource_economy,50.0
B1_ADAPT_0626,2.0,low,0.0645003030505003,0.0212846777477515,0.0301952441563034,0.5128939052398016,0.001137688077371,0.4818518033474861,0.0303528628754191,resource_economy,50.0
B1_ADAPT_0627,2.0,medium,0.015,0.0072075569660572,0.0258916582727568,1.210861715740135,0.0017559104360516,0.4069659545319507,0.0316159413291559,resource_economy,50.0
B1_ADAPT_0628,4.0,medium,0.075,0.035,0.0191921194322397,0.307170031595557,0.0014400525393305,0.7,0.0039238331002305,resource_economy,50.0
B1_ADAPT_0629,4.0,medium,0.0662149232584337,0.0206243174543294,0.0,0.7911609222074678,0.0017207687404028,0.4872869753124039,0.0,resource_economy,50.0
B1_ADAPT_0630,4.0,medium,0.0693048199612629,0.0135901839087787,0.0134198449364428,0.0673300097268991,0.0005,0.7,0.04,resource_economy,50.0
B1_ADAPT_0631,2.0,low,0.0540214367125118,0.0041345777815058,0.0147820709700298,0.6411129013361696,0.0015552928721814,0.4697303867679926,0.0320055326756301,resource_economy,50.0
B1_ADAPT_0632,4.0,medium,0.075,0.0102343634053872,0.0161988132485945,1.207706435077247,0.001431720494627,0.4118309321405208,0.0155655966857923,resource_economy,50.0
B1_ADAPT_0633,2.0,medium,0.075,0.0320216423664199,0.0045013766908696,0.1932389916291186,0.0016152590496652,0.4173435215050128,0.0293997357640684,resource_economy,50.0
B1_ADAPT_0634,4.0,high,0.075,0.0263943196958976,0.0103424777195408,0.8156650170279107,0.002,0.4824112424062516,0.0048038996015422,resource_economy,50.0
B1_ADAPT_0635,2.0,low,0.0620422729905224,0.0095348424588493,0.025730751004394,0.4478910444739681,0.0017013100800613,0.522633193338779,0.04,resource_economy,50.0
B1_ADAPT_0636,4.0,medium,0.0716707568508527,0.0205938823791949,0.0190840392667578,0.8937362184745988,0.0012454276354134,0.5126637317249473,0.0318551841975073,resource_economy,50.0
B1_ADAPT_0637,4.0,medium,0.0722222035265034,0.0184541307789276,0.0,1.1103804654803262,0.0014518371196784,0.4957399540748763,0.0072306729815822,resource_economy,50.0
B1_ADAPT_0638,4.0,medium,0.0740568682323115,0.0085224432328033,0.0116359602224396,0.0,0.001673144251577,0.6773130716882352,0.0189444258548263,resource_economy,50.0
B1_ADAPT_0639,2.0,medium,0.0296297656388726,0.0252169443788325,0.0243222109614541,0.5522223376438957,0.0013969411366488,0.4548072344472095,0.0287684701147874,regional_responsibility,50.0
B1_ADAPT_0640,4.0,high,0.0544864577214435,0.0270974678906383,0.0178823709787927,0.8940442747342725,0.0014143057621939,0.5138915313217608,0.0182548428977218,resource_economy,50.0
B1_ADAPT_0641,2.0,medium,0.0305183119666634,0.0107458135480975,0.0283410452116295,0.7660949451384963,0.0015358257314978,0.3955610589767696,0.0286578589510413,regional_responsibility,50.0
B1_ADAPT_0642,2.0,high,0.075,0.0175860351048976,5.160106651487789e-05,0.8605202499982917,0.0016884333852209,0.3734339079064295,0.0239622013982765,resource_economy,50.0
B1_ADAPT_0643,4.0,medium,0.0645041183076117,0.0088098792887993,0.0137163418831864,0.5817650882471919,0.0005558985119017,0.6929277327804502,0.0286871787214956,resource_economy,50.0
B1_ADAPT_0644,4.0,medium,0.075,0.0101093099973879,0.0,0.1595372697312793,0.0005712127722037,0.7,0.0298000366191018,resource_economy,50.0
B1_ADAPT_0645,2.0,low,0.0730137046474068,0.0233631436807045,0.0272760475735617,0.6720078724795371,0.0010228782216048,0.7,0.0310590277810188,resource_economy,50.0
B1_ADAPT_0646,2.0,medium,0.0204276803888547,0.0272836461565233,0.0303066883624384,1.125498508905471,0.0012703464756176,0.4373890115306905,0.0302421841948872,regional_responsibility,50.0
B1_ADAPT_0647,4.0,medium,0.0634005828924476,0.0179268420825528,0.0,1.051802387324768,0.0016740851738289,0.5157022324847959,0.0061500004669138,resource_economy,50.0
B1_ADAPT_0648,4.0,medium,0.075,0.0136550531134804,0.0,0.4414440857825456,0.0016660598877136,0.5200021752404592,0.0096708398497973,resource_economy,50.0
B1_ADAPT_0649,4.0,medium,0.0570625587547226,0.035,0.0175494121581551,0.5350565613309795,0.0008588917621973,0.4996359424376024,0.0337956413322123,resource_economy,50.0
B1_ADAPT_0650,2.0,medium,0.059338956192603,0.0159011121684107,0.0122192938250587,0.5137879186513605,0.0019235526589573,0.3617566779981364,0.022277786954993,resource_economy,50.0
B1_ADAPT_0651,4.0,high,0.0739652304992138,0.0235390569251825,0.0279165471215041,1.3,0.00171549530422,0.4270713780891885,0.0026007422452658,resource_economy,50.0
B1_ADAPT_0652,2.0,high,0.0715757382960139,0.0011678897780588,0.0,0.9791218115373018,0.0013862080347937,0.3,0.0341704125767528,resource_economy,50.0
B1_ADAPT_0653,4.0,low,0.0547151900124726,0.0028425686892524,0.035,0.8631466149086348,0.000917310195683,0.5562643884692475,0.04,resource_economy,50.0
B1_ADAPT_0654,4.0,high,0.0690475742034228,0.0298459417619131,0.0073873118716712,0.8945755585368089,0.0016151248865577,0.3180478263668759,0.0041041776509562,resource_economy,50.0
B1_ADAPT_0655,4.0,low,0.0676301009113742,0.0071622576561003,0.0235162849802264,0.7768016166647932,0.0009867088266186,0.484719014427964,0.04,resource_economy,50.0
B1_ADAPT_0656,4.0,medium,0.0676548985372681,0.0223219394221653,0.0143207174443107,0.9909136441115752,0.0007724901514659,0.5858438439255497,0.038688607203364,resource_economy,50.0
B1_ADAPT_0657,4.0,medium,0.0667038393940989,0.0,0.0,1.3,0.000780617736237,0.5304173348095698,0.04,resource_economy,50.0
B1_ADAPT_0658,2.0,high,0.0597028866063375,0.0109103954859782,0.0073064159753488,0.7927482694796683,0.0012388987834398,0.3353866404695882,0.0326146775566343,resource_economy,50.0
B1_ADAPT_0659,4.0,medium,0.075,0.0331480810809876,0.0228428577756078,0.4929035423604885,0.001046572429558,0.5035732163005158,0.0393226501571981,resource_economy,50.0
B1_ADAPT_0660,2.0,medium,0.075,0.021147553270172,0.0,1.005804082643918,0.0008230570044541,0.5378470542278643,0.0324252146601963,resource_economy,50.0
B1_ADAPT_0661,4.0,high,0.0614817313687173,0.0345798770167812,0.0209412969997194,0.9757403502988712,0.002,0.3661952954147481,0.0,resource_economy,50.0
B1_ADAPT_0662,2.0,high,0.0633800065128324,0.0111020949292257,0.0056750260094914,1.116285408783997,0.0013084693612401,0.3,0.0364072877487885,resource_economy,50.0
B1_ADAPT_0663,4.0,medium,0.0656267749410792,0.0312238759105098,0.0317956755585534,0.8737261670753524,0.001384662488083,0.6278104684930833,0.0312916251947815,resource_economy,50.0
B1_ADAPT_0664,2.0,low,0.0746147229273145,0.0278591223556327,0.0245480258527827,0.8199399185217164,0.0009080720280955,0.6110146647916532,0.04,resource_economy,50.0
B1_ADAPT_0665,4.0,medium,0.0717409124329456,0.0133155082446341,0.0044166201984102,0.3034352900022898,0.0011171540892556,0.6478568960493151,0.009491758674433,resource_economy,50.0
B1_ADAPT_0666,4.0,medium,0.0739252133417529,4.4626182299197306e-05,0.0228644141664774,0.4308619676093363,0.0006848992526735,0.4638249292218884,0.0321280365493247,resource_economy,50.0
B1_ADAPT_0667,4.0,high,0.0690560654010495,0.0320171686831278,0.0231641604003292,0.6552838280215559,0.0005476414682233,0.665118036933322,0.0304519824989793,resource_economy,50.0
B1_ADAPT_0668,4.0,high,0.0653151267211675,0.00455973311571,0.0077272758679243,0.4594972019808049,0.0009709373739727,0.5547943794273477,0.0345780105391703,resource_economy,50.0
B1_ADAPT_0669,4.0,medium,0.0636319221623218,0.0072484200778439,0.0,1.009162727630283,0.0005420418326898,0.5271357931314531,0.0277939728350373,resource_economy,50.0
B1_ADAPT_0670,2.0,low,0.075,0.0193392834578639,0.017828058411162,0.2036109455553149,0.000810203073664,0.4772502376607808,0.0292286408767271,resource_economy,50.0
B1_ADAPT_0671,4.0,medium,0.075,0.020510836526385,0.0096670969804945,0.0874207204660741,0.0012594427525993,0.7,0.0153164338481302,resource_economy,50.0
B1_ADAPT_0672,4.0,medium,0.075,0.035,0.022469580227158,0.5135615393389549,0.001991469722859,0.7,0.0131677130672538,resource_economy,50.0
B1_ADAPT_0673,2.0,low,0.0676347246050674,0.03386506665472,0.0183081269437039,0.1087867648691626,0.0011079318569768,0.413191709096543,0.0361106027937082,resource_economy,50.0
B1_ADAPT_0674,4.0,medium,0.0611196909595666,0.0132510511864742,0.0174311578835533,0.5341543898280001,0.000857389864049,0.4575522938193545,0.033786258623928,resource_economy,50.0
B1_ADAPT_0675,4.0,high,0.075,0.020178969776848,0.0,0.6087845940647827,0.0008571127465136,0.5015762370846905,0.028296971565053,resource_economy,50.0
B1_ADAPT_0676,4.0,medium,0.0659933374119642,0.0130197380716742,0.0273428050574657,0.859377124207475,0.0014061674487325,0.5837729798454266,0.0229002223753763,resource_economy,50.0
B1_ADAPT_0677,4.0,low,0.075,0.0168602951147104,0.0124938883497767,0.8374313584234834,0.0013152388626072,0.4141802233417451,0.0131584517102091,resource_economy,50.0
B1_ADAPT_0678,2.0,medium,0.0284612680176866,0.0241572059455553,0.0141949054618236,1.014105849722289,0.0016983713319749,0.4276547598059833,0.0246252287509657,regional_responsibility,50.0
B1_ADAPT_0679,4.0,high,0.075,0.0259211378272167,0.0207395473287894,0.3270548065801922,0.0006479222833914,0.6409782709337108,0.022721538430653,resource_economy,50.0
B1_ADAPT_0680,4.0,medium,0.0665672287284903,0.0156210092828217,0.012292649330701,1.2707529793090888,0.0018152014171845,0.4593663010473399,0.0154407495915408,resource_economy,50.0
B1_ADAPT_0681,4.0,medium,0.0612121742338064,0.0178373471022555,0.0262333787489874,0.1230283691074657,0.0011389629365703,0.4396906342973217,0.0383101906335039,resource_economy,50.0
B1_ADAPT_0682,4.0,medium,0.0523050657079377,0.0028829908133038,0.0,1.3,0.000748167775155,0.6518132261306422,0.04,resource_economy,50.0
B1_ADAPT_0683,4.0,high,0.0738024744672864,0.0139778438593847,0.0293298114846119,1.0971528931330343,0.0019535419953931,0.5272612861548331,0.0075151354189821,resource_economy,50.0
B1_ADAPT_0684,2.0,medium,0.075,0.0132132951837179,0.0025505309971573,1.174161864458276,0.0012353520955802,0.5898782167366045,0.0283588839263829,resource_economy,50.0
B1_ADAPT_0685,4.0,medium,0.0671486390720978,0.0093444495686078,4.663683026112815e-05,0.2463869796069543,0.0014658493859245,0.6332966160548518,0.0139272708763844,resource_economy,50.0
B1_ADAPT_0686,4.0,high,0.0666315617565461,0.0231567066456928,0.0057340805550808,0.3921700590808359,0.0012104470900367,0.6235875043784153,0.0271088527898655,resource_economy,50.0
B1_ADAPT_0687,4.0,low,0.0737864535635488,0.0082312209584704,0.0206186335583983,0.5519078019954962,0.0012994534787686,0.4481971552294161,0.0134156729726606,resource_economy,50.0
B1_ADAPT_0688,4.0,medium,0.0682717713665747,0.0172814334346978,0.0164637757105631,0.5779015226477862,0.0010041325540183,0.4590483814095799,0.0317414867999051,resource_economy,50.0
B1_ADAPT_0689,4.0,medium,0.075,0.0335390410247546,0.0069303361447343,0.0824522124815523,0.0017674278152768,0.6077317855985376,0.0093892211841395,resource_economy,50.0
B1_ADAPT_0690,2.0,medium,0.0643530196016184,0.017602929038773,0.0067809390373374,1.0076059537209292,0.0011336989717583,0.5438517343011524,0.0366932240685057,resource_economy,50.0
B1_ADAPT_0691,4.0,high,0.0640560519535275,0.035,0.0082330413847307,1.1029210585097913,0.0015959571878227,0.3995912521831174,0.0096552949656038,resource_economy,50.0
B1_ADAPT_0692,4.0,medium,0.0674065092671808,0.0334352708059125,0.0127770406214954,0.4021969532955795,0.0019508298487936,0.6937519763263462,0.0082910422101047,resource_economy,50.0
B1_ADAPT_0693,2.0,high,0.0586624352570191,0.0177973852198543,0.0097709756256057,1.059723230235614,0.0012283224464525,0.3312744308688891,0.0303397332425397,resource_economy,50.0
B1_ADAPT_0694,2.0,high,0.0627841051411821,0.0147776037964218,0.0,0.9140808649549568,0.001115029077315,0.3,0.0357428310409853,resource_economy,50.0
B1_ADAPT_0695,4.0,low,0.0705882474725897,0.0190626676906729,0.0225653359496338,0.8782914601135857,0.0010671263017542,0.5325110118729076,0.0332214614487042,resource_economy,50.0
B1_ADAPT_0696,2.0,low,0.0608960529815514,0.0251471504721266,0.020394969414258,0.1395008208404664,0.0008292047750589,0.3096722801541504,0.0364658726223965,resource_economy,50.0
B1_ADAPT_0697,2.0,low,0.0677820362277495,0.031565975858775,0.0162567270820171,0.6866914401853574,0.001033537394839,0.4433483228971073,0.0203325360688011,resource_economy,50.0
B1_ADAPT_0698,4.0,medium,0.075,0.0281226156616658,0.0181484423440492,0.6034370577501849,0.0019607708812944,0.699917967460108,0.0025862608730438,resource_economy,50.0
B1_ADAPT_0699,4.0,high,0.0629800212014161,0.0072914881321796,0.0097151880215608,0.4358881278831671,0.0010636160469858,0.6351305131829792,0.0355332420889644,resource_economy,50.0
B1_ADAPT_0700,4.0,medium,0.074403497190455,0.0206063345871034,0.015735158966802,0.1256470868985559,0.0011877426559743,0.7,0.0114612758432322,resource_economy,50.0
B1_ADAPT_0701,2.0,low,0.0608307033762413,0.035,0.0319370858243306,0.2192814818085985,0.000885829954111,0.441013002166516,0.0305316732872752,resource_economy,50.0
B1_ADAPT_0702,4.0,low,0.0549244532213823,0.0155407242946146,0.035,0.6283261591630018,0.0008688601582245,0.5419615793499145,0.0398102452099151,resource_economy,50.0
B1_ADAPT_0703,4.0,medium,0.075,0.0267247644946645,0.0,1.0530714750161765,0.001880306201893,0.4848166319985265,0.0,resource_economy,50.0
B1_ADAPT_0704,4.0,medium,0.0741688922586614,0.0255212856175203,0.0099473008886309,0.8943136610667505,0.0017018136558981,0.4799520334526395,0.0064634838518928,resource_economy,50.0
B1_ADAPT_0705,4.0,medium,0.075,0.0147231007086011,0.0,0.0816057069852176,0.0015334466581975,0.6129897367021261,0.0157885297716466,resource_economy,50.0
B1_ADAPT_0706,4.0,medium,0.0498305889350984,0.0002870486687049,0.010180774425912,1.3,0.0007071830802218,0.6198738857676176,0.04,resource_economy,50.0
B1_ADAPT_0707,4.0,low,0.0666761646156094,0.0032531144058935,0.017917847102983,0.8702192064254455,0.0005843590757292,0.5396886844092635,0.0347073434162971,resource_economy,50.0
B1_ADAPT_0708,4.0,high,0.0576341129102813,0.0337306894984122,0.0210767009858375,1.2670704304408555,0.0019324283206953,0.4567445124373887,0.002107163530335,resource_economy,50.0
B1_ADAPT_0709,4.0,medium,0.0677749377968175,0.0319001303332912,0.0078674471359196,1.3,0.0017473468869902,0.5039843162596254,0.0008185374846074,resource_economy,50.0
B1_ADAPT_0710,4.0,high,0.075,0.0342591678759231,0.0066333000031142,0.7779690478769109,0.002,0.4477491353419289,0.0,resource_economy,50.0
B1_ADAPT_0711,2.0,low,0.075,0.0315260929233118,0.0301484910480862,0.5505829660336954,0.0005789157274609,0.3871228968907108,0.0269427755112724,resource_economy,50.0
B1_ADAPT_0712,2.0,low,0.0720823388930143,0.0218774007855445,0.0268695568253189,0.4986542000455184,0.0009407151304846,0.5814060072582947,0.04,resource_economy,50.0
B1_ADAPT_0713,2.0,medium,0.0185883121731182,0.0102676209524628,0.0185162740959433,1.005660085923152,0.001755058695977,0.4192644768634271,0.0386965674269215,resource_economy,50.0
B1_ADAPT_0714,2.0,medium,0.015,0.01329926317384,0.0215657940251,0.9551479040178444,0.0017870848590647,0.4239103188676123,0.0378454916435461,resource_economy,50.0
B1_ADAPT_0715,4.0,medium,0.0595564873520958,0.0047822107197886,0.0051928729126969,0.3933897895467154,0.0005,0.6513514970010901,0.0333345107841924,resource_economy,50.0
B1_ADAPT_0716,2.0,high,0.0614311729286073,0.0034629925696431,0.0063012061129666,1.175933823542341,0.0015327319542712,0.4331962450491997,0.0387219695848724,resource_economy,50.0
B1_ADAPT_0717,2.0,low,0.075,0.0083079790850134,0.0175500721175334,0.5792700880534379,0.0019027073810394,0.4644976116787633,0.0368458775790898,resource_economy,50.0
B1_ADAPT_0718,4.0,medium,0.075,0.0326397015861107,0.0070959623712559,1.3,0.0015690688324899,0.4956046402567428,0.0059765583281319,resource_economy,50.0
B1_ADAPT_0719,4.0,medium,0.0703072026854122,0.0277561902335878,0.0058969530366986,0.3154072324019648,0.0017432256910611,0.7,0.0001060958541436,resource_economy,50.0
B1_ADAPT_0720,4.0,high,0.0575659716618867,0.0122976922690828,0.0105542467155775,0.4147097946172181,0.0008451476484401,0.4869256166721188,0.0207244771864158,resource_economy,50.0
B1_ADAPT_0721,4.0,medium,0.075,2.9474378898251136e-05,0.001689325131237,0.1810921256709789,0.0008993028974134,0.6950300373153422,0.033637213597736,resource_economy,50.0
B1_ADAPT_0722,4.0,medium,0.075,0.0257941820471832,0.0090080463060125,1.3,0.0017373476930876,0.4201716900485248,0.0023309656275866,resource_economy,50.0
B1_ADAPT_0723,4.0,medium,0.075,0.0116339237946867,0.008156007494564,0.3503779667118679,0.0015592149308951,0.6918517882265436,0.0286676504902725,resource_economy,50.0
B1_ADAPT_0724,4.0,medium,0.0686889379624046,0.0111354513182096,0.0061465694090959,1.251787718983853,0.0006109419607625,0.6247779401751836,0.0261648848819615,resource_economy,50.0
B1_ADAPT_0725,4.0,medium,0.0545721146314572,0.0023855040548471,0.0058374783797932,1.3,0.0008578219063105,0.510923518366611,0.0378819063208604,resource_economy,50.0
B1_ADAPT_0726,4.0,medium,0.075,0.0088586905291571,0.0107902824262903,0.4846850165773059,0.0005,0.7,0.04,resource_economy,50.0
B1_ADAPT_0727,2.0,medium,0.015,0.0031835188436942,0.0,0.742828973991259,0.0005,0.5294836067008944,0.0266146661564364,resource_economy,50.0
B1_ADAPT_0728,4.0,medium,0.075,0.0139511782831249,0.0084136572115062,0.3549499406634526,0.0014028123289637,0.395128726407839,0.0019663920845681,resource_economy,50.0
B1_ADAPT_0729,4.0,medium,0.075,0.0269293442817216,0.0064840122348314,0.6321079277363785,0.0018610912566523,0.7,0.0014676714638506,resource_economy,50.0
B1_ADAPT_0730,4.0,medium,0.0718709067402292,0.0257622731858663,0.0062988762944821,0.9240991791716836,0.0015670294073056,0.468483406363454,0.012077114688249,resource_economy,50.0
B1_ADAPT_0731,4.0,medium,0.0644569482313345,0.035,0.021724096097511,0.4574440076632711,0.0016888037465689,0.636150183437812,0.0,resource_economy,50.0
B1_ADAPT_0732,2.0,medium,0.0209201968211246,0.0078329433146651,0.0059795567568471,0.9743329601592828,0.0005268505203584,0.5393878028899314,0.04,resource_economy,50.0
B1_ADAPT_0733,2.0,medium,0.0645770657716262,0.0313044060634933,0.0022601290647747,0.2663939642639569,0.0014309054519623,0.5248026205559094,0.0293818228160083,resource_economy,50.0
B1_ADAPT_0734,4.0,medium,0.0644068831492019,0.0017557569776772,0.0057976764530193,1.2343467773446744,0.0005470054938684,0.556367428939164,0.0360600947697237,resource_economy,50.0
B1_ADAPT_0735,2.0,low,0.0582443678376945,0.0,0.0193698764792852,0.5474867089926166,0.0019592744260137,0.5988872873662472,0.0388897291100894,resource_economy,50.0
B1_ADAPT_0736,4.0,high,0.075,0.0135007571817403,0.0026688974926255,0.6501125523113305,0.0009357543763068,0.6274231395210788,0.0324197766889421,resource_economy,50.0
B1_ADAPT_0737,4.0,medium,0.0734349963593578,0.0268413180720501,0.0077550405996359,0.4198637137309295,0.0018302663513337,0.6539997450453044,0.0135752856508524,resource_economy,50.0
B1_ADAPT_0738,4.0,medium,0.06358106822243,0.0303430985625511,0.0228375961510408,0.6535982003508987,0.0011915906416487,0.4307579045445523,0.0261323893521467,resource_economy,50.0
B1_ADAPT_0739,4.0,medium,0.0580337059175649,0.035,0.0054935200796151,0.4510008523865815,0.0018415890970991,0.7,0.0079642060152798,resource_economy,50.0
B1_ADAPT_0740,2.0,medium,0.0162659802847971,0.0181213255350461,0.0264134746348222,1.298909625701295,0.0013328599395692,0.5005285129319779,0.0266957445159034,resource_economy,50.0
B1_ADAPT_0741,4.0,high,0.075,0.035,0.0083984884384557,0.8125245886337518,0.002,0.388621643117825,0.0062416272958367,resource_economy,50.0
B1_ADAPT_0742,4.0,high,0.0660543926411859,0.0129932799915393,0.0018528398027172,0.2607907990677705,0.0011538407812593,0.4843825338182866,0.0235863304957188,resource_economy,50.0
B1_ADAPT_0743,2.0,medium,0.0265425242041991,0.0200299547002995,0.0277932799945069,0.8612766523673732,0.0012622257450886,0.4823906470566397,0.0247693524689747,resource_economy,50.0
B1_ADAPT_0744,4.0,low,0.0627927991721527,0.0170663492038079,0.0266280872573835,0.7811551730956097,0.0010239238885766,0.4459899947271165,0.04,resource_economy,50.0
B1_ADAPT_0745,4.0,medium,0.075,0.0069462099024852,0.0104957175504725,0.8434757094461403,0.0013856023754875,0.4506504347672349,0.0208989550443368,resource_economy,50.0
B1_ADAPT_0746,4.0,high,0.0717703468167179,0.0294975710521404,0.0142147944907582,1.2408082359202313,0.0019108392278673,0.4047028238065767,0.0127079477870301,resource_economy,50.0
B1_ADAPT_0747,2.0,low,0.074959709730539,0.0191871939427222,0.0289222468254986,0.3642546680852801,0.0008224030381702,0.4142679193467302,0.0379775844565242,resource_economy,50.0
B1_ADAPT_0748,4.0,medium,0.075,0.0256804973056302,0.0,0.5517837941176214,0.0018497484826619,0.5115431011072434,0.0,resource_economy,50.0
B1_ADAPT_0749,4.0,medium,0.055394383284961,0.0081471751963335,0.0003822824074484,1.2559562169344125,0.0006576589849414,0.4911777035421643,0.0270112868785884,resource_economy,50.0
B1_ADAPT_0750,2.0,medium,0.0747852589737404,0.0253635057852321,0.001132609237911,0.1886359472124502,0.0017546945214794,0.4931906800590392,0.0382762203092188,resource_economy,50.0
B1_ADAPT_0751,4.0,medium,0.075,0.0229294521138134,0.0106678957970723,0.113558297705966,0.0016592412783463,0.6897380676982653,0.0136150701203315,resource_economy,50.0
B1_ADAPT_0752,4.0,medium,0.075,0.0249531845882376,0.0011139029627089,1.3,0.0014470848270484,0.5670176701795051,0.0,resource_economy,50.0
B1_ADAPT_0753,4.0,high,0.0698411140110786,0.0320465387909204,0.0199350093729235,0.5563348865998051,0.0010742637009962,0.6341070377862605,0.030952377541348,resource_economy,50.0
B1_ADAPT_0754,4.0,high,0.0564373056066102,0.035,0.0081258476537495,0.8829989589213504,0.0018659562466911,0.4388164141858308,0.0126687846172654,resource_economy,50.0
B1_ADAPT_0755,4.0,medium,0.0746860498967016,0.0006099936543157,0.002342342944332,0.2266079762163027,0.000624273658803,0.7,0.0254940183330019,resource_economy,50.0
B1_ADAPT_0756,4.0,high,0.064118837644399,0.0249375167627145,0.0079387899982546,0.8989753008353457,0.0016873951190193,0.325035118619476,0.0085131698021654,resource_economy,50.0
B1_ADAPT_0757,2.0,low,0.0683212596228373,0.0069283435021407,0.0073293847017783,0.7343044674002666,0.0015093091762915,0.5570980189533175,0.0330591147485152,resource_economy,50.0
B1_ADAPT_0758,4.0,medium,0.0674134073327578,0.035,0.021537169429653,0.5704516797210528,0.0007806948235224,0.3921736079333368,0.0383890909445245,resource_economy,50.0
B1_ADAPT_0759,2.0,medium,0.075,0.0247959121148294,0.0072915693934353,1.1301378137210214,0.0010038114160363,0.4373350330122202,0.0206044296799686,resource_economy,50.0
B1_ADAPT_0760,4.0,medium,0.0640196103697783,0.0043302981117749,0.0,1.3,0.0007015548829198,0.5028119260091843,0.0394664807481729,resource_economy,50.0
B1_ADAPT_0761,4.0,medium,0.0716239822803286,0.0131179444177794,0.0007430412414996,0.0284742703582176,0.0006019784271402,0.6130051468011202,0.0285397796368129,resource_economy,50.0
B1_ADAPT_0762,4.0,high,0.0715943826985419,0.0149809572317324,0.0283001144165875,1.163056040734057,0.0014628333473511,0.5597251925327952,0.0,resource_economy,50.0
B1_ADAPT_0763,2.0,low,0.0740601927628731,0.0192025319659961,0.0160183673554522,0.2276604486531892,0.0006801364709066,0.4238611736759191,0.0218890864962184,resource_economy,50.0
B1_ADAPT_0764,4.0,medium,0.075,0.0331396231167948,0.0045680425812728,0.635762172339305,0.0019274422004828,0.656189558956332,0.004640787000558,resource_economy,50.0
B1_ADAPT_0765,4.0,high,0.0615836911618224,0.0229343278217124,0.0081187143738977,0.3113337920243205,0.0009564785692575,0.6328624579864082,0.0188760694382554,resource_economy,50.0
B1_ADAPT_0766,4.0,low,0.05825055209325,0.0260882238791126,0.0201482282651127,0.6938678226536654,0.000977694615439,0.4355112666488292,0.0185476659990789,resource_economy,50.0
B1_ADAPT_0767,2.0,medium,0.060063676141265,0.0154587235335309,0.0102020165540755,0.974230061300281,0.0012034475817528,0.5893765790221018,0.0271925669892562,resource_economy,50.0
B1_ADAPT_0768,4.0,medium,0.0747694713850134,0.0142697877793701,0.0308624319343645,0.5601393805184263,0.0007481797670197,0.6078509578107802,0.04,resource_economy,50.0
B1_ADAPT_0769,2.0,medium,0.0159775195854379,0.0218898292454837,0.0284221168226173,0.9480411056027996,0.0013911987649813,0.4245025383713899,0.0341476688913175,regional_responsibility,50.0
B1_ADAPT_0770,2.0,medium,0.025417305482981,0.0213821633541813,0.0189106192544198,0.9274933958501616,0.0016261105890576,0.4014924612591364,0.04,resource_economy,50.0
B1_ADAPT_0771,2.0,low,0.075,0.0297190173251667,0.0286089700728343,0.7083170189919641,0.0006559872094043,0.7,0.0399258095781869,resource_economy,50.0
B1_ADAPT_0772,4.0,medium,0.0640300276059407,0.0070633769367518,0.0134049469983077,0.1075297393615433,0.0006257525662281,0.7,0.0289645705665331,resource_economy,50.0
B1_ADAPT_0773,2.0,medium,0.0673494490253265,0.0213829417457695,0.0081906976620519,0.5425295373576169,0.0017208911732328,0.4901788976207903,0.0297676886306137,resource_economy,50.0
B1_ADAPT_0774,4.0,low,0.0674978235666347,0.0178520914393201,0.0271098647684357,0.598646793448569,0.0006214989333601,0.5557661535572044,0.0355208592261855,resource_economy,50.0
B1_ADAPT_0775,2.0,low,0.075,0.0296041356645674,0.0148949718634552,0.5463836953825011,0.0006260707788421,0.7,0.04,resource_economy,50.0
B1_ADAPT_0776,2.0,medium,0.0220921728196217,0.020823611897272,0.0178356215294114,0.8488127354639954,0.0015389918101739,0.3988749038526139,0.0263390889024692,resource_economy,50.0
B1_ADAPT_0777,4.0,high,0.075,0.0265304734605474,0.0133964149218892,0.2734036929638425,0.0009624296116417,0.6542860148384522,0.0175330632897175,resource_economy,50.0
B1_ADAPT_0778,4.0,low,0.0632389950096798,0.0168816612638648,0.0218757209395667,0.4864533922445868,0.001260432994867,0.3,0.0157529611676807,resource_economy,50.0
B1_ADAPT_0779,4.0,high,0.0556915621779779,0.0318378869484606,0.0109797616151985,0.341154108075511,0.0012006768808467,0.585187857338531,0.0129440467325012,resource_economy,50.0
B1_ADAPT_0780,2.0,medium,0.015,0.0053317354500735,0.0348188380678028,0.900841487076554,0.0016943647524977,0.4177498092073395,0.0364628389328454,resource_economy,50.0
B1_ADAPT_0781,2.0,medium,0.0304420946602836,0.026545872856679,0.0185430915184249,0.6666519149935213,0.0015069802448517,0.4700574515625257,0.0202708931715532,regional_responsibility,50.0
B1_ADAPT_0782,4.0,medium,0.0602809190397775,0.0011413041504781,0.0,1.1871169027096788,0.0005,0.5681022393628224,0.0377816737131774,resource_economy,50.0
B1_ADAPT_0783,2.0,low,0.0602938020740039,0.0045200654912119,0.0145509452278161,0.6221820721955839,0.002,0.5775113457022868,0.0328781096582712,resource_economy,50.0
B1_ADAPT_0784,2.0,low,0.0627833688704942,0.0254898366076226,0.020711927473505,0.6407705381690368,0.0006670263946964,0.3448652866958295,0.0227103370048729,resource_economy,50.0
B1_ADAPT_0785,2.0,medium,0.0215833789982399,0.011220272733333,0.0149676336713195,0.6623440289995557,0.0006116459877165,0.4757264443793071,0.04,resource_economy,50.0
B1_ADAPT_0786,4.0,high,0.0617667187076984,0.022120008419906,0.0,0.204910707836385,0.0009553088772235,0.4999058291124337,0.0209470571904053,resource_economy,50.0
B1_ADAPT_0787,4.0,high,0.0705055612272014,0.035,0.0112507645712436,1.2142989507514113,0.002,0.4813709979407187,0.0,resource_economy,50.0
B1_ADAPT_0788,4.0,medium,0.0731402583578039,0.0289972481666344,0.0,1.3,0.0014719844164057,0.4112891652451277,0.0144310940733244,resource_economy,50.0
B1_ADAPT_0789,2.0,high,0.0596572697454746,0.0194507734120876,0.0,0.5924827895380982,0.0016919425972135,0.3,0.0362860648599185,resource_economy,50.0
B1_ADAPT_0790,4.0,medium,0.0553295699665312,0.0249554570084976,0.0137965587767598,0.8989887527121714,0.0015306332125684,0.4870546449684628,0.0241453101418304,resource_economy,50.0
B1_ADAPT_0791,4.0,medium,0.0704027529125116,0.0333631970827177,0.0,1.0388426714517818,0.0019763513222251,0.4692151368202135,0.0109934024185532,resource_economy,50.0
B1_ADAPT_0792,4.0,medium,0.0606252848972973,0.0,0.0012657431741735,1.018160015244867,0.0007616832499874,0.4604546659094751,0.04,resource_economy,50.0
B1_ADAPT_0793,4.0,medium,0.0678994653638008,0.0327013815080613,0.0,1.3,0.0017768535508673,0.5407945044963726,0.0103978698159467,resource_economy,50.0
B1_ADAPT_0794,4.0,high,0.075,0.0335545336728155,0.0221201818641654,1.045390618085255,0.0017282441261355,0.3,0.0056859320459822,resource_economy,50.0
B1_ADAPT_0795,4.0,high,0.0678644732097979,0.033053896138125,0.0178319472011831,1.2376453909666745,0.002,0.4043611894490788,0.0031646472809236,resource_economy,50.0
B1_ADAPT_0796,2.0,medium,0.0269625193558287,0.0074135807432943,0.029118061278685,0.8790388339837978,0.001384870119349,0.3742098578874601,0.038632388050587,resource_economy,50.0
B1_ADAPT_0797,4.0,medium,0.0639756735748853,0.0165135518500556,0.0242488628735437,1.2976195897401746,0.0015395871362467,0.565038043929348,0.0131825942928377,resource_economy,50.0
B1_ADAPT_0798,4.0,medium,0.0559929925873616,0.015704212354922,0.0198464019954539,0.74072593001386,0.0012049137110603,0.4810902490515983,0.0302573385731184,resource_economy,50.0
B1_ADAPT_0799,2.0,low,0.075,0.0019556187753785,0.0251478510814964,0.786300996940343,0.002,0.424980938539932,0.0333427495579571,resource_economy,50.0
B1_ADAPT_0800,2.0,low,0.0722655194881683,0.0198510508124982,0.0226848526763204,0.8826922575034493,0.0007027405942149,0.6231114625576611,0.0336145218788381,resource_economy,50.0
B1_ADAPT_0801,4.0,medium,0.075,0.035,0.0046744394261578,0.4059572270781961,0.001482954659404,0.6195401736548107,0.0092846075665996,resource_economy,50.0
B1_ADAPT_0802,4.0,medium,0.0652240754516529,0.0020673244954143,0.017667543842763,0.2019184197252043,0.0009749302944231,0.480085838712646,0.0331690254503198,resource_economy,50.0
B1_ADAPT_0803,4.0,high,0.0707534552245216,0.018245019148846,0.0244742945219338,0.913937478274233,0.002,0.5499001034617652,0.0049202611847312,resource_economy,50.0
B1_ADAPT_0804,4.0,medium,0.0545717974306964,0.0253845104443536,0.0091720640015483,0.7641324926382622,0.0018585448179253,0.5810884844821027,0.0175836709168386,resource_economy,50.0
B1_ADAPT_0805,4.0,medium,0.0629213703209792,0.0037545169182099,0.0036468041767172,1.3,0.0005,0.5456714936306393,0.04,resource_economy,50.0
B1_ADAPT_0806,4.0,medium,0.0586478922840583,0.0,0.0147646528621813,0.3070553973244274,0.0008890084358513,0.7,0.04,resource_economy,50.0
B1_ADAPT_0807,4.0,high,0.0720410343313645,0.0227728555809072,0.0,0.30689805426831,0.0007722997400729,0.5126602722537824,0.0315683474043226,resource_economy,50.0
B1_ADAPT_0808,2.0,high,0.0740763488198027,0.0067573556935064,0.0082234518847193,0.7484933836163532,0.0011271600652916,0.3,0.04,resource_economy,50.0
B1_ADAPT_0809,4.0,medium,0.0666473792394799,0.035,0.0,0.9780127810431822,0.002,0.5166662099084012,0.0,resource_economy,50.0
B1_ADAPT_0810,4.0,medium,0.0681269109520733,0.0320234016459113,0.0248121140543384,0.2993512756662557,0.0006358326641577,0.5204232584349643,0.0345617861423906,resource_economy,50.0
B1_ADAPT_0811,4.0,medium,0.0628507983472713,0.0132059065257314,0.0299305577543115,0.1579853310716228,0.0008757242979286,0.4107430420922164,0.0345475675389299,resource_economy,50.0
B1_ADAPT_0812,4.0,high,0.0576653045725401,0.0274418755923306,0.0190822555020002,1.210840522320016,0.0015453917146193,0.4057104270940853,0.004167648890285,resource_economy,50.0
B1_ADAPT_0813,4.0,high,0.075,0.035,0.0039829217802543,1.2525331351078122,0.002,0.305135523321886,0.0010184437294325,resource_economy,50.0
B1_ADAPT_0814,2.0,low,0.0573067937028111,0.0121455051131475,0.0090026034358558,0.3961195262897043,0.0016203641108358,0.5329164977619386,0.0293539249943773,resource_economy,50.0
B1_ADAPT_0815,4.0,medium,0.075,0.0218882236893573,0.0094597347678064,0.0274747796181586,0.0014886369359904,0.7,0.0089049936430722,resource_economy,50.0
B1_ADAPT_0816,2.0,low,0.075,0.0344573766603232,0.0251260823992244,1.0304582804693203,0.0008005157240532,0.5727228061455679,0.04,resource_economy,50.0
B1_ADAPT_0817,2.0,low,0.075,0.0192831444017043,0.0176074899808326,0.3926689690128894,0.0007235378564899,0.3601030752692892,0.0267958869005284,resource_economy,50.0
B1_ADAPT_0818,2.0,medium,0.059561438049763,0.0325239517261677,0.0002642275906424,0.5198968666771424,0.0015958644657721,0.4324853950931704,0.025250609998154,resource_economy,50.0
B1_ADAPT_0819,4.0,medium,0.0748153463817649,0.0189519990208758,0.0179864239635828,0.8319678153629309,0.0010137953408175,0.5368523068322936,0.0384752181812644,resource_economy,50.0
B1_ADAPT_0820,4.0,high,0.0532586267783342,0.0265828624789063,0.0246665536914466,1.1072394785597977,0.0015327214799293,0.4811557148451865,0.0127663247702243,resource_economy,50.0
B1_ADAPT_0821,4.0,medium,0.0673842169460584,0.0120690197300124,0.0174690015223884,0.0739712902076825,0.0016704942637636,0.653059594060513,0.0265695663879523,resource_economy,50.0
B1_ADAPT_0822,4.0,high,0.0745354758549828,0.0142976833494791,0.0099079753112994,0.1414001969723872,0.0006475922824906,0.451196138148402,0.026265484865332,resource_economy,50.0
B1_ADAPT_0823,4.0,medium,0.0554529718509819,0.0120683525322418,0.0335584118699603,0.4093242714285636,0.0008720645944449,0.4265862557505367,0.0248892021071111,resource_economy,50.0
B1_ADAPT_0824,2.0,medium,0.015,0.0106521746046215,0.0306315860917763,0.938997580448646,0.0014977161340704,0.5269418627487884,0.0373631439921649,regional_responsibility,50.0
B1_ADAPT_0825,2.0,medium,0.075,0.0144175196380136,0.0150031655131232,0.3784316500269419,0.0014604418863086,0.5441095393267246,0.029763518898716,resource_economy,50.0
B1_ADAPT_0826,2.0,low,0.0703709750129897,0.0194723041314088,0.0282162417562635,1.053343574096155,0.0009781089156521,0.7,0.04,resource_economy,50.0
B1_ADAPT_0827,2.0,medium,0.075,0.0213118733206175,0.011957231816559,0.1965513602341859,0.0017799864821209,0.4399366004264051,0.0342364724332072,resource_economy,50.0
B1_ADAPT_0828,4.0,low,0.075,0.0196599231971053,0.0221689127265579,0.5348391982681846,0.0014152210321994,0.4670275964502074,0.0048937216321717,resource_economy,50.0
B1_ADAPT_0829,2.0,low,0.0586971459779541,0.0006927921612382,0.0068492079283519,0.9139747289050308,0.002,0.4605309420004398,0.036252310999732,resource_economy,50.0
B1_ADAPT_0830,4.0,low,0.0707343858339625,0.0249830472148682,0.0133847463147607,0.4512017622574158,0.001433979650624,0.3511539714984878,0.0180124961190189,resource_economy,50.0
B1_ADAPT_0831,2.0,medium,0.0239875238676483,0.0189503466043758,0.0275890427026377,1.207524098771719,0.0019083038222925,0.5583935057498026,0.0312906107842693,resource_economy,50.0
B1_ADAPT_0832,4.0,medium,0.0659578388956826,0.0122201759009973,0.0154723097367631,1.3,0.0014096420492661,0.4265071169806233,0.0077685416230681,resource_economy,50.0
B1_ADAPT_0833,4.0,medium,0.0739891184065719,0.0258347454063483,0.0,0.653331035737066,0.0019942118367602,0.5772219454442732,0.0032982257802849,resource_economy,50.0
B1_ADAPT_0834,2.0,high,0.0549991589833125,0.0192793956159571,0.0068565275647218,1.0280550716124248,0.0011705476957923,0.3910882390543614,0.034900997673608,resource_economy,50.0
B1_ADAPT_0835,4.0,low,0.0521421321809155,0.0083142225773739,0.035,0.4104060985998811,0.0006772511094218,0.5862091235609368,0.0345557209144801,resource_economy,50.0
B1_ADAPT_0836,4.0,medium,0.0730491998697173,0.0239212032472969,0.013504788422515,0.5233826115401143,0.001436147187371,0.6266824794380839,0.0335131599060758,resource_economy,50.0
B1_ADAPT_0837,4.0,high,0.0709704051970856,0.0152874775008163,0.0099633308664306,0.2501746583830936,0.0009155158957551,0.6071995750287675,0.0228056717515475,resource_economy,50.0
B1_ADAPT_0838,4.0,high,0.0542972634290616,0.0285068140195904,0.0140748282849709,0.7872573177550728,0.002,0.4477302918607744,0.0002281930337338,resource_economy,50.0
B1_ADAPT_0839,2.0,medium,0.015,0.006891886739936,0.0,1.146728235419935,0.000808840379485,0.5078084827169385,0.0276997640663882,resource_economy,50.0
B1_ADAPT_0840,4.0,medium,0.0610306501811907,0.018299441783435,0.0095769961807862,1.2776812910712791,0.0015303203112648,0.4415827240564765,0.0230084730690823,resource_economy,50.0
B1_ADAPT_0841,2.0,medium,0.0695050741697474,0.0318853134283133,0.0,1.3,0.0005434875850843,0.4547009837574342,0.0395261511203091,resource_economy,50.0
B1_ADAPT_0842,2.0,low,0.0733526436162261,0.018372062297427,0.0158414733885746,0.6766031636458658,0.0005,0.5755198745175985,0.0379151097657063,resource_economy,50.0
B1_ADAPT_0843,4.0,medium,0.0648930522604811,0.0304110636935589,0.0186320099579155,1.0249913183965484,0.0010361101353782,0.5963918036764986,0.04,resource_economy,50.0
B1_ADAPT_0844,2.0,low,0.069487903153307,0.0303733970004957,0.0248745845539105,0.5369486617721114,0.0007623809870498,0.4874108634405139,0.0224488292971244,resource_economy,50.0
B1_ADAPT_0845,4.0,medium,0.075,0.0312185844615737,0.0170215844350149,0.3171953598474906,0.0011462174979852,0.4685779318352517,0.0222012614255187,resource_economy,50.0
B1_ADAPT_0846,4.0,medium,0.0603832659497726,0.0138495784105943,0.0195564824586815,1.2096935773395328,0.0018734953979821,0.5659785019271406,0.0238166252768116,resource_economy,50.0
B1_ADAPT_0847,4.0,medium,0.075,0.0299277832105489,0.0016375739704947,0.9843480882895992,0.001567166127175,0.5240729848362434,0.0085873350679321,resource_economy,50.0
B1_ADAPT_0848,2.0,medium,0.0200363076319925,0.0063104380310849,0.0324621301716653,1.3,0.0014211243567726,0.5052055778957077,0.04,resource_economy,50.0
B1_ADAPT_0849,2.0,medium,0.0153681682698567,0.0189027526377311,0.0186644832036702,1.3,0.001871743413314,0.42921297682122,0.04,resource_economy,50.0
B1_ADAPT_0850,2.0,low,0.0614638820536204,0.0321121116521675,0.0255251430210793,0.9082415179889032,0.0008648427390881,0.7,0.0322241908638833,resource_economy,50.0
B1_ADAPT_0851,2.0,medium,0.0716379986466531,0.0274810363009172,0.0184413607064905,0.2326570160253306,0.0016452936860378,0.43093115992539,0.0237135043383418,resource_economy,50.0
B1_ADAPT_0852,2.0,medium,0.0256291874424457,0.0155837396808777,0.0006866463309935,1.2142716315588284,0.0005,0.590858708174143,0.04,resource_economy,50.0
B1_ADAPT_0853,4.0,medium,0.0662146563758192,0.0079249990666773,0.0190170507740392,0.9782702509664704,0.001623315190721,0.399018654040312,0.0190797482252264,resource_economy,50.0
B1_ADAPT_0854,2.0,medium,0.062921165626598,0.013545094678562,0.0100903210528952,0.2927976421786208,0.0016595019476725,0.5357456232411129,0.0208057334819578,resource_economy,50.0
B1_ADAPT_0855,4.0,medium,0.065597954473364,0.035,0.0323571867181004,0.3990635994173127,0.0006423973257519,0.4210440513374859,0.0233484136876968,resource_economy,50.0
B1_ADAPT_0856,2.0,medium,0.015,0.0157372629001878,0.0148309982464269,0.7800158389381349,0.0005,0.6217493727536256,0.036938452750146,resource_economy,50.0
B1_ADAPT_0857,4.0,medium,0.0704350899125344,0.0130007917597662,0.0221411410494553,0.1239885678065313,0.0008052599847364,0.4347091899527184,0.0276845214033212,resource_economy,50.0
B1_ADAPT_0858,4.0,high,0.0651845713004169,0.0299003220631089,0.0312646865028789,0.7484380915394991,0.0013660845490693,0.4396930745342901,3.1752468844641404e-05,resource_economy,50.0
B1_ADAPT_0859,2.0,low,0.0669461262209696,0.0166589936123394,0.0265924394380604,0.5225387093089735,0.0005,0.629201902799088,0.0368236208956302,resource_economy,50.0
B1_ADAPT_0860,4.0,medium,0.0666347219044758,0.0109263212205235,0.0092647882394271,1.2349494809457744,0.0014958656798072,0.5033630426076899,0.0191450349118818,resource_economy,50.0
B1_ADAPT_0861,4.0,high,0.0570314336752134,0.0337676865479405,0.01621390523347,0.8319464496336892,0.0010773366923091,0.5854799062611753,0.0215834781593778,resource_economy,50.0
B1_ADAPT_0862,4.0,medium,0.0649230689564768,0.0234089918925009,0.0,0.8782188352412519,0.0017904663218414,0.5142610411405607,0.0014810290981617,resource_economy,50.0
B1_ADAPT_0863,4.0,medium,0.0706887229427907,0.0068360335812669,0.013453672389045,0.3552425145072463,0.000638137279642,0.6735906289934609,0.0342860805403623,resource_economy,50.0
B1_ADAPT_0864,2.0,high,0.054719658669265,0.0023274220260833,0.0,0.6202369403015187,0.0011652789749892,0.3,0.0345572720531737,resource_economy,50.0
B1_ADAPT_0865,4.0,medium,0.075,0.0074495104250501,0.0268997318205624,0.171832732800734,0.0006890563787206,0.5560320025611751,0.0334010375485568,resource_economy,50.0
B1_ADAPT_0866,4.0,medium,0.0678688878690995,0.0091308938295343,0.0087900091104638,0.1038537010863982,0.0014187003624282,0.6877187279515193,0.0284597380408854,resource_economy,50.0
B1_ADAPT_0867,4.0,high,0.0697005504584511,0.0299282955946002,0.019464258548314,0.339250252000876,0.0005664514358822,0.6158569261546603,0.0245804171961164,resource_economy,50.0
B1_ADAPT_0868,2.0,low,0.0691502013200217,0.035,0.027445108799858,0.6030086756611865,0.0009124777942725,0.3347827207497139,0.0287833428450989,resource_economy,50.0
B1_ADAPT_0869,4.0,medium,0.0670489827269344,0.0228619275555117,0.0,1.3,0.002,0.5310639517600686,0.0083396708824784,resource_economy,50.0
B1_ADAPT_0870,4.0,medium,0.0723990948487943,0.0175534856346803,0.020171349685538,0.3715728951202731,0.0013562953294848,0.511120475175561,0.03461427257542,resource_economy,50.0
B1_ADAPT_0871,4.0,medium,0.0649724460671202,0.0324473440311968,0.0219649245081197,0.3409967968779783,0.001621277970082,0.6928449148818309,0.0099372621561008,resource_economy,50.0
B1_ADAPT_0872,4.0,high,0.0747043828863127,0.032301538126724,0.0159904840453469,0.9646972199514848,0.0016566663044184,0.3684481139909669,0.0088305467037209,resource_economy,50.0
B1_ADAPT_0873,4.0,medium,0.0609397405321315,0.0285555603376157,0.0288908837098188,0.6233837020006417,0.0009156053651124,0.4181239228216349,0.0392062238647268,resource_economy,50.0
B1_ADAPT_0874,2.0,medium,0.0669904559223329,0.0259194864074883,0.0077200970608534,0.4613585869192749,0.0018034305762536,0.3749049645840473,0.0244832664142917,resource_economy,50.0
B1_ADAPT_0875,4.0,medium,0.0613898659989388,0.0,0.020877780620499,1.0629428043781273,0.0013965998724319,0.3274111401218647,0.0214843088561514,resource_economy,50.0
B1_ADAPT_0876,2.0,low,0.075,0.0340769016666704,0.0195936006602049,0.5968675992831008,0.000684019646999,0.3391798797043979,0.0270095234365934,resource_economy,50.0
B1_ADAPT_0877,4.0,medium,0.075,0.0334213582896088,0.0,0.6219097280097426,0.0016337094620863,0.5639432266807991,0.0064552422395532,resource_economy,50.0
B1_ADAPT_0878,2.0,low,0.0674433531634633,0.0074455441881733,0.0087601240976278,0.4705331354680222,0.0015639127522692,0.5399900774904451,0.026983964178966,resource_economy,50.0
B1_ADAPT_0879,2.0,high,0.0629417017924361,0.0134747469138828,0.0085039190489114,0.8359888976610341,0.0010932357762605,0.300380096921758,0.0320787144708276,resource_economy,50.0
B1_ADAPT_0880,4.0,medium,0.0700908459640432,0.0229726433329692,0.0142591309141803,0.0,0.0017547710599731,0.6840955951002498,0.0118334918757522,resource_economy,50.0
B1_ADAPT_0881,4.0,high,0.073776758323485,0.0177762337286668,0.0,0.447331724588494,0.0011780679298746,0.559122920079235,0.0267130555375644,resource_economy,50.0
B1_ADAPT_0882,4.0,high,0.0570396895510846,0.033977165407452,0.0182555390011504,1.17292737987339,0.0018003094735209,0.3706689663247415,0.0122972903394356,resource_economy,50.0
B1_ADAPT_0883,4.0,medium,0.075,0.0109703903893628,0.0256639542641202,0.1287169117807246,0.0009654302705871,0.5430585071657994,0.0223771932221333,resource_economy,50.0
B1_ADAPT_0884,4.0,medium,0.075,0.0294936618163596,0.0,1.3,0.0014003216994935,0.5685641048819692,0.0149003530359385,resource_economy,50.0
B1_ADAPT_0885,2.0,medium,0.0192231332258618,0.0225588031000921,0.024932094387185,1.0103686845381117,0.0011886728028054,0.4480053439838945,0.0361378743850441,regional_responsibility,50.0
B1_ADAPT_0886,4.0,medium,0.075,0.0022330785879795,0.0264079852061579,0.9239104487465708,0.0014288092923007,0.3723690845710717,0.0164326350002883,resource_economy,50.0
B1_ADAPT_0887,4.0,medium,0.075,0.0224030748366205,0.0,0.3589632736458742,0.0011891314394134,0.6553574023315206,0.010920231721505,resource_economy,50.0
B1_ADAPT_0888,4.0,medium,0.0622693239785311,0.0070012110285092,0.0248446293343453,1.114348784936952,0.001414196729971,0.4524184202964113,0.0196258702777249,resource_economy,50.0
B1_ADAPT_0889,4.0,low,0.0670159688599548,0.0095706440759293,0.004703059194243,0.8367381319997533,0.0011788263030143,0.3054122575153977,0.0117410432068953,resource_economy,50.0
B1_ADAPT_0890,2.0,low,0.075,0.0238272186778624,0.0287045605692526,0.2324548210825149,0.0006075977914834,0.4678221851913801,0.0200501478897168,resource_economy,50.0
B1_ADAPT_0891,4.0,medium,0.075,0.0106862071307912,0.0321460682201863,0.4883808400814378,0.0012610123058918,0.4342942588068961,0.0388589593349832,resource_economy,50.0
B1_ADAPT_0892,4.0,high,0.061392304852784,0.0114360363518306,0.0180333043849744,0.8571173060432631,0.0013347111323915,0.5319860492978647,0.001666591508827,resource_economy,50.0
B1_ADAPT_0893,4.0,medium,0.063185813434051,0.0302181361115973,0.0220597202572736,0.3934078869833993,0.0015103837790916,0.6157135882282005,0.0162039608499942,resource_economy,50.0
B1_ADAPT_0894,4.0,medium,0.0560609330245874,0.0096292564358475,0.0108476950567862,1.2203659405268783,0.0017389609525885,0.5521884545883589,0.0237901054010903,resource_economy,50.0
B1_ADAPT_0895,2.0,medium,0.0730444765853914,0.0166498651718764,0.0074187311388924,0.9656448842414276,0.0010550864535976,0.601808164028039,0.034424940177186,resource_economy,50.0
B1_ADAPT_0896,4.0,medium,0.0674599565925584,0.0236661055114421,0.0152345348857588,1.20149735802836,0.001411292487782,0.4607575385273202,0.0209585016118287,resource_economy,50.0
B1_ADAPT_0897,4.0,high,0.0675248129189236,0.0103146366175563,0.0037193062623582,0.2110476877744346,0.0009482778967312,0.5304512471319688,0.0372463851064655,resource_economy,50.0
B1_ADAPT_0898,4.0,medium,0.062453430990381,0.0284326578381097,0.0311499114652122,0.6760309015388655,0.0014367335106537,0.6167762439893948,0.0281854963805618,resource_economy,50.0
B1_ADAPT_0899,4.0,high,0.0531382710527179,0.0205575389675974,0.0185759123735523,1.1600711341608694,0.0013441560241175,0.4180040046812855,0.0066641108954278,resource_economy,50.0
B1_ADAPT_0900,4.0,medium,0.060119044875027,0.0078774289580578,0.0052172251039935,1.3,0.0008531440155246,0.6498434447402772,0.0376806324172917,resource_economy,50.0
B1_ADAPT_0901,4.0,medium,0.0562979782457364,0.0215825409324883,0.0260582829646759,0.8233648095224393,0.0013413271203886,0.546326733564843,0.0104169985000366,resource_economy,50.0
B1_ADAPT_0902,2.0,medium,0.0308414092440983,0.0251920437504943,0.0261230982596864,0.8215802546406663,0.0016233533236165,0.3973740950243078,0.0366302210587182,regional_responsibility,50.0
B1_ADAPT_0903,2.0,medium,0.0155797608819472,0.0167080046655043,0.0294355777219167,0.8779157230867828,0.0010771237997014,0.4049586398926368,0.0266193541103162,regional_responsibility,50.0
B1_ADAPT_0904,4.0,medium,0.0638300121844574,0.0105097981287661,0.0313433372376367,0.2724738833291522,0.0011182446828101,0.4893157571594974,0.0356780927649404,resource_economy,50.0
B1_ADAPT_0905,4.0,medium,0.075,0.0,0.0044029426644235,0.3046624453758646,0.0005,0.7,0.04,resource_economy,50.0
B1_ADAPT_0906,2.0,high,0.0577862225366792,0.014372387791876,0.010854089402588,0.7137993730525968,0.0016398453319737,0.4231355129054688,0.0294208251080785,resource_economy,50.0
B1_ADAPT_0907,2.0,low,0.075,0.0190722881349544,0.0323435324134167,0.8511260694292031,0.0005954512760559,0.6832962017356226,0.04,resource_economy,50.0
B1_ADAPT_0908,4.0,high,0.0699365528721503,0.0235977723896094,0.0149501343863539,0.3152067960502294,0.0009349873851652,0.6631368134655096,0.0263212702716508,resource_economy,50.0
B1_ADAPT_0909,4.0,high,0.0630920844370006,0.0276528736503801,0.0177233589041677,0.4085963868789148,0.0008576940825792,0.6701655344839007,0.0164049310162121,resource_economy,50.0
B1_ADAPT_0910,4.0,medium,0.0560455198455924,0.0189702169285181,0.0201855117063125,0.6577610922936047,0.0010702019339884,0.4894047621149118,0.0299646898550208,resource_economy,50.0
B1_ADAPT_0911,2.0,medium,0.015,0.0117863305589939,0.015627462904327,1.1670856085197774,0.0005,0.6171101743464189,0.029018970719133,resource_economy,50.0
B1_ADAPT_0912,4.0,medium,0.065838784323144,0.035,0.0,1.3,0.0016865900220684,0.4815004254151514,0.001289466856911,resource_economy,50.0
B1_ADAPT_0913,4.0,low,0.0688772984606516,0.0109342016249034,0.035,0.5559409311514991,0.0005,0.60581075174049,0.0303819656077319,resource_economy,50.0
B1_ADAPT_0914,4.0,high,0.0652747207352293,0.0278567904267286,0.0129245775100082,0.9540572103484176,0.0019240902485815,0.445373706825252,0.0095858360984784,resource_economy,50.0
B1_ADAPT_0915,4.0,medium,0.0589820814724228,0.0139686154193299,0.028386532896701,0.7783173981879024,0.0012093186007639,0.6033028958361684,0.0136054106361627,resource_economy,50.0
B1_ADAPT_0916,4.0,high,0.0584241329973284,0.0286904010914879,0.0150849443821044,1.1179022305935589,0.0014284592236204,0.4971941956156361,0.0173067072682172,resource_economy,50.0
B1_ADAPT_0917,2.0,medium,0.0601471028899112,0.0201408263029924,0.0163189846848619,0.4931955689183214,0.0015854487061429,0.4502992206361449,0.0229802161481056,resource_economy,50.0
B1_ADAPT_0918,4.0,medium,0.0581177118201386,0.0072065620672501,0.0,1.3,0.0005,0.6392560935631394,0.0277114425169395,resource_economy,50.0
B1_ADAPT_0919,4.0,medium,0.075,0.016307069738894,0.0,0.4445065522133046,0.0005,0.644052522309398,0.04,resource_economy,50.0
B1_ADAPT_0920,4.0,high,0.068372401803702,0.0241413362011556,0.0203405335167916,0.2775665634433635,0.0010543262478055,0.619858494316532,0.0157811677919557,resource_economy,50.0
B1_ADAPT_0921,4.0,medium,0.075,0.021060495667649,0.0027258779027029,0.3671112140534733,0.0015315637967704,0.5317675921531589,0.0014409872958164,resource_economy,50.0
B1_ADAPT_0922,2.0,low,0.0633808285863869,0.005312821249484,0.0094816705565698,0.6301667583455659,0.002,0.4715363982236095,0.026087100981273,resource_economy,50.0
B1_ADAPT_0923,2.0,low,0.0607988768214042,0.0120211622816013,0.0070173007782356,0.8476462233961034,0.0019621913876859,0.4407406480905358,0.0297195636693989,resource_economy,50.0
B1_ADAPT_0924,4.0,medium,0.061195512642605,0.0166160834653301,0.0126844450655475,0.0432078241609847,0.0016335449171329,0.6332698904875581,0.0162543080672467,resource_economy,50.0
B1_ADAPT_0925,4.0,medium,0.075,0.0235749221405155,0.0,0.9888767410732135,0.0014208238138896,0.419579955738367,0.007488603568608,resource_economy,50.0
B1_ADAPT_0926,4.0,medium,0.0622118429885168,0.035,0.0281011659799652,0.8479408917874774,0.0011417830416933,0.38867225779751,0.0244984653585326,resource_economy,50.0
B1_ADAPT_0927,4.0,medium,0.0648101141951449,0.0252145945589429,0.02784628948941,0.6132514160887237,0.0011508290259591,0.6038579994633589,0.0325862428664335,resource_economy,50.0
B1_ADAPT_0928,2.0,high,0.0742322377022548,0.0101807016684394,0.0130329033478633,0.635049164131148,0.0011573144032579,0.3464107167475746,0.0239347535166364,resource_economy,50.0
B1_ADAPT_0929,2.0,medium,0.0228384639881346,0.0076387341108837,0.0021263053923425,0.9463763906648732,0.0006656608204637,0.5522477914911283,0.04,resource_economy,50.0
B1_ADAPT_0930,2.0,medium,0.015,0.0073656864938459,0.0029618013814409,1.0589495375830482,0.0007836564557835,0.6393662863590528,0.0327020222721437,resource_economy,50.0
B1_ADAPT_0931,4.0,medium,0.0670791553188077,0.035,0.035,0.711079645550167,0.0009165719128833,0.4949757566270219,0.0326964628783305,resource_economy,50.0
B1_ADAPT_0932,4.0,medium,0.0676582723113624,0.0242962588248275,0.0,1.3,0.002,0.4376798995377411,0.0012488303132783,resource_economy,50.0
B1_ADAPT_0933,2.0,medium,0.075,0.0160398527467784,0.0163998099102665,0.1038702624306356,0.0016694361017673,0.4128869520918347,0.0383015237106627,resource_economy,50.0
B1_ADAPT_0934,2.0,medium,0.015,0.0206742108348322,0.0273527402838408,1.0952633486777164,0.0014104295525061,0.3821240753365025,0.0371533465079145,regional_responsibility,50.0
B1_ADAPT_0935,4.0,medium,0.0652027975116594,0.0151945620198113,0.0143589056033432,0.3731437154551693,0.000712426058874,0.6549370345946054,0.04,resource_economy,50.0
B1_ADAPT_0936,4.0,medium,0.075,0.0035262317141862,0.0172649271524161,0.866960278594906,0.0015493150879053,0.3159319847159831,0.0149457518190263,resource_economy,50.0
B1_ADAPT_0937,4.0,medium,0.0652850557340977,0.026783127740198,0.0,1.1841729282291973,0.0017324755823654,0.5529347040660192,0.0065849391119965,resource_economy,50.0
B1_ADAPT_0938,2.0,medium,0.0239094119887173,0.0173952214634998,0.0300631030361276,1.039073913478274,0.0013464564882466,0.3398783407631539,0.0383364937845456,regional_responsibility,50.0
B1_ADAPT_0939,2.0,medium,0.0615287697403943,0.0263712096224689,0.0072812777681226,0.5028266040721094,0.0016216113914538,0.3800218745285651,0.0255590478157136,resource_economy,50.0
B1_ADAPT_0940,4.0,low,0.0628065310894889,0.00947392324821,0.006884558532229,0.8746871573857415,0.0012151620611765,0.3307569119251786,0.0090340503123198,resource_economy,50.0
B1_ADAPT_0941,2.0,medium,0.0225621791411487,0.0175342917507933,0.0061052994482433,0.8628824799661031,0.0005700565256193,0.529226410401148,0.0393723234111746,resource_economy,50.0
B1_ADAPT_0942,4.0,medium,0.0592817683312137,0.0184775966944901,0.0291536438586043,1.1883013196671537,0.0014824427035557,0.4588502653050416,0.0084093730141893,resource_economy,50.0
B1_ADAPT_0943,4.0,high,0.0648508176831157,0.0217362445600964,0.0053336312235895,0.157306284331732,0.0011396310906617,0.5865388343232744,0.0377424550410685,resource_economy,50.0
B1_ADAPT_0944,4.0,medium,0.0729392884782353,0.0179656634713337,0.0,1.3,0.001546774523987,0.3994143961999977,0.0101761857005129,resource_economy,50.0
B1_ADAPT_0945,2.0,medium,0.019775650738548,0.0071092441645009,0.0170527874646935,0.8584799334109947,0.0005452208072627,0.5331651533003362,0.0273788943824815,resource_economy,50.0
B1_ADAPT_0946,4.0,high,0.0534424151002541,0.023691461305399,0.0282040431466951,1.0974166705121609,0.0013775180218441,0.400397198492346,0.0020242266989634,resource_economy,50.0
B1_ADAPT_0947,2.0,medium,0.015,0.0186329525555729,0.0301827935009964,0.6294709579602811,0.0012248423851626,0.4530199377421609,0.0219856462086239,regional_responsibility,50.0
B1_ADAPT_0948,4.0,medium,0.0673143667929393,0.019933293893605,0.0213998022925111,0.4754609816640553,0.0013344478923372,0.5673907849108547,0.0315794978805708,resource_economy,50.0
B1_ADAPT_0949,4.0,medium,0.0616194292795483,0.0194436966300344,0.0199186223151499,0.9110179430501916,0.0009415098796532,0.4508513729767975,0.0344531459043397,resource_economy,50.0
B1_ADAPT_0950,4.0,medium,0.075,0.0064815864226443,0.0030569165307988,0.1059209652652434,0.0011875000149891,0.6342674566909331,0.0258574545986782,resource_economy,50.0
B1_ADAPT_0951,4.0,high,0.075,0.01657889380094,0.0,0.4452037881718581,0.0005918021413964,0.4406479259085981,0.0222128332108352,resource_economy,50.0
B1_ADAPT_0952,4.0,medium,0.072000497971866,0.0278166490532871,0.0221119852137081,0.8296681887566657,0.0011249658110237,0.5618001143207971,0.0247510064761119,resource_economy,50.0
B1_ADAPT_0953,4.0,medium,0.0730007832010151,0.0320206611216235,0.0115415897517324,0.51815457481292,0.0018746600659367,0.6502321832295761,0.0003127123773578,resource_economy,50.0
B1_ADAPT_0954,4.0,medium,0.0657085031859752,0.0066003024621647,0.0224655180208243,1.0641326391782997,0.0018053621186858,0.3087730998782412,0.0103306509193306,resource_economy,50.0
B1_ADAPT_0955,4.0,medium,0.075,0.0070885346911626,0.0081101982344286,0.080654362312087,0.0005,0.7,0.0270626078662067,resource_economy,50.0
B1_ADAPT_0956,4.0,medium,0.075,0.0070684967524259,0.0133942436042859,0.1150553599979544,0.0015724754264649,0.6947804420518299,0.0262154654907799,resource_economy,50.0
B1_ADAPT_0957,4.0,medium,0.0679874680078541,0.0067615162733247,0.0211147504399824,1.0399991266628592,0.0012828676513182,0.4732000305259469,0.0200966514277831,resource_economy,50.0
B1_ADAPT_0958,4.0,low,0.0583145951958128,0.0164089529037659,0.0198168668816282,0.9050370393590356,0.0010696050815825,0.4129007194836143,0.0175897407226602,resource_economy,50.0
B1_ADAPT_0959,4.0,medium,0.0656227480491946,0.035,0.0102639607386446,0.520284730598241,0.0019982404903163,0.7,0.0068907981930032,resource_economy,50.0
B1_ADAPT_0960,4.0,high,0.0569755122831069,0.004813597572372,0.0,0.147714185502877,0.0006746588544715,0.5692110310998414,0.022042207222,resource_economy,50.0
B1_ADAPT_0961,4.0,medium,0.0537717173588728,0.0238842276757115,0.0248223871141636,0.9949246096945452,0.0012920760990351,0.553546751098163,0.0248344553540506,resource_economy,50.0
B1_ADAPT_0962,4.0,low,0.0670481128002941,0.0110958724181444,0.0130067027814114,0.8124955034935434,0.0009281822211283,0.3045894795373482,0.005317810389958,resource_economy,50.0
B1_ADAPT_0963,2.0,medium,0.0597172556558364,0.0233741602197152,0.0006846210811208,0.0556230869781448,0.002,0.4290995416149583,0.0207537998254866,resource_economy,50.0
B1_ADAPT_0964,2.0,medium,0.0681289519480127,0.030383866495001,0.0,1.189027466205824,0.0007839298417262,0.5698285232651957,0.0260763588199663,resource_economy,50.0
B1_ADAPT_0965,4.0,high,0.0655241387502804,0.035,0.0177502721663964,0.8355538256541897,0.0018792220046882,0.3025699905151413,0.0073498651772328,resource_economy,50.0
B1_ADAPT_0966,2.0,low,0.0725125707604512,0.0238820068929033,0.0171439314013143,0.1431359073936348,0.0011823119414178,0.484829239776761,0.0274434086041333,resource_economy,50.0
B1_ADAPT_0967,4.0,medium,0.0664510142372599,0.0291679920020639,0.0057980986734005,0.4968259656523968,0.0016684377223364,0.5098230898767661,0.0031090035317096,resource_economy,50.0
B1_ADAPT_0968,4.0,medium,0.0578190849911838,0.0202634782269795,0.0197518451262869,0.5066401795791614,0.0012449364495091,0.5342233575445661,0.04,resource_economy,50.0
B1_ADAPT_0969,4.0,high,0.0636436491870533,0.0184992685477671,0.0108970754274907,0.5947798230226681,0.0007203443808056,0.6796749405220138,0.019457841884726,resource_economy,50.0
B1_ADAPT_0970,4.0,low,0.0574395673777051,0.0210116983953806,0.0314271088790226,0.3440330945818218,0.0005214910850526,0.4926881304562172,0.04,resource_economy,50.0
B1_ADAPT_0971,4.0,medium,0.0709459373079946,0.0092705214661071,0.0025636056219126,1.3,0.0005,0.6450521231156139,0.0273625148682188,resource_economy,50.0
B1_ADAPT_0972,4.0,medium,0.0637815014403352,0.0272530048088245,0.0178531227371264,0.2560820461398828,0.0017857036480558,0.6927874518953455,0.0157767461715181,resource_economy,50.0
B1_ADAPT_0973,2.0,medium,0.015,0.0230572956590349,0.035,1.154837758556673,0.0016179942425819,0.3743342739319836,0.0352820504280116,resource_economy,50.0
B1_ADAPT_0974,4.0,low,0.075,0.0102487581802548,0.0182589297854432,0.96202142260429,0.0010169696216129,0.3231246253081944,0.0164354584749767,resource_economy,50.0
B1_ADAPT_0975,4.0,low,0.0526980075191206,0.0056103006446476,0.0308043741680583,0.6109524798040137,0.0008558769699632,0.4745672034992332,0.04,resource_economy,50.0
B1_ADAPT_0976,4.0,medium,0.0695126792962368,0.0313948910378981,0.0093586920742249,0.5535883582668296,0.0019140055487535,0.7,0.0129819663302206,resource_economy,50.0
B1_ADAPT_0977,4.0,medium,0.075,0.0032872451495955,0.0143626368212543,1.3,0.0017874898610975,0.3,0.0175151700931873,resource_economy,50.0
B1_ADAPT_0978,4.0,high,0.0742518663189604,0.0292471393967984,0.0255739721697486,1.1003487037230009,0.0013888362945238,0.4050357635103589,0.0061774895920168,resource_economy,50.0
B1_ADAPT_0979,2.0,low,0.0550646245523729,0.0050198872618758,0.016309701794847,0.5155904570193726,0.002,0.5642947110856165,0.0311917318178228,resource_economy,50.0
B1_ADAPT_0980,4.0,medium,0.075,0.0100009826887224,0.0175396998818982,1.2622188057946833,0.0013729567441753,0.3981635108858061,0.0192404145102003,resource_economy,50.0
B1_ADAPT_0981,4.0,medium,0.0674591306772739,0.0263808645935593,0.0,1.3,0.0017737970249046,0.4224209223674201,0.0158558948085639,resource_economy,50.0
B1_ADAPT_0982,2.0,low,0.0702051833362351,0.013433415424575,0.017457593500165,0.6975443048453069,0.0018382990615329,0.4585519803904495,0.0316724439982977,resource_economy,50.0
B1_ADAPT_0983,4.0,medium,0.0613421193146795,0.0347958985935246,0.0135672449585875,0.2387304416080992,0.0014866916465198,0.7,0.0015576689456917,resource_economy,50.0
B1_ADAPT_0984,4.0,low,0.061008903816765,0.0235327583978238,0.0038476757253815,0.8226012838953339,0.000889830558965,0.3,0.0157814894775274,resource_economy,50.0
B1_ADAPT_0985,4.0,medium,0.0729273907196319,0.0151792379561457,0.0209903983754082,0.8992779649791225,0.0011653642466213,0.6117902050976192,0.037485097204454,resource_economy,50.0
B1_ADAPT_0986,2.0,medium,0.0192081937589049,0.0080510163194081,0.0289982750291026,0.9815245560742656,0.0018792420704996,0.4893526023200573,0.0286172683050529,resource_economy,50.0
B1_ADAPT_0987,2.0,low,0.075,0.035,0.027195209821318,0.5644389837314977,0.0007048440840734,0.413608492072907,0.0258869302861271,resource_economy,50.0
B1_ADAPT_0988,2.0,medium,0.0240333467860853,0.0189308355678692,0.0196910403711577,0.9847934388705568,0.0014277782560499,0.4749501125091975,0.0228240324527175,regional_responsibility,50.0
B1_ADAPT_0989,2.0,low,0.075,0.0293017565171023,0.0244537347045716,0.2499780314780165,0.0012336359694582,0.3543148855223132,0.0378365657665514,resource_economy,50.0
B1_ADAPT_0990,4.0,high,0.06754325296463,0.0279537568038169,0.033161196468067,1.0284106106241504,0.0015323013663106,0.4391493231690763,0.0174620198298402,resource_economy,50.0
B1_ADAPT_0991,2.0,low,0.075,0.0179288517383482,0.0267132439959878,0.6616199448522735,0.0007755322576162,0.6750505470837287,0.0382233323401333,resource_economy,50.0
B1_ADAPT_0992,4.0,medium,0.075,0.0,0.0123357243102683,0.0954181351573647,0.0007994552866242,0.7,0.0254665277134041,resource_economy,50.0
B1_ADAPT_0993,2.0,medium,0.0708559828150168,0.0179864419322969,0.0,0.1408005119018154,0.0018811265814568,0.4551049944790025,0.029928813342591,resource_economy,50.0
B1_ADAPT_0994,4.0,medium,0.0745039514777779,0.015041995459831,0.0092070195149738,1.2163879756211118,0.0018279910423596,0.4843710723505071,0.0086088565677342,resource_economy,50.0
B1_ADAPT_0995,4.0,high,0.0598807462095868,0.0147870937830258,0.0184076170072365,0.951614162007716,0.0019338734475892,0.4628472364942428,0.0010152438158779,resource_economy,50.0
B1_ADAPT_0996,4.0,medium,0.0721510806977561,0.0,0.0095971644873694,0.8638139262248883,0.0014228338240051,0.4074552008038579,0.0131080136214398,resource_economy,50.0
B1_ADAPT_0997,2.0,medium,0.015,0.0212073887253143,0.0173244220262407,1.1063996211427845,0.0015020730604287,0.4800996834462852,0.0380148929068385,resource_economy,50.0
B1_ADAPT_0998,2.0,medium,0.0707474004511421,0.0169799702736537,0.0,1.095717326587885,0.0011461713082421,0.532633536292753,0.0343880470817106,resource_economy,50.0
B1_ADAPT_0999,4.0,low,0.0519613376886612,0.0127468488224391,0.0259145686140867,0.5897416211621964,0.0006333075916324,0.4223980486913822,0.04,resource_economy,50.0
B1_ADAPT_1000,2.0,low,0.0737390122316788,0.0247434202656402,0.0205897742771681,0.5918921164324968,0.0010310566329814,0.4303179023390746,0.0256237487709598,resource_economy,50.0
B1_ADAPT_1001,2.0,low,0.0731880145136311,0.0015035669225339,0.0119617725259812,0.3939088298966972,0.0019574301612001,0.4289479555954605,0.0355370615194041,resource_economy,50.0
B1_ADAPT_1002,4.0,medium,0.0608335439566776,0.010029786402082,0.0155762831232423,0.0,0.0013468622910458,0.6226988954819327,0.0254010254893606,resource_economy,50.0
B1_ADAPT_1003,4.0,low,0.0601485146635055,0.0189257311732367,0.004209269361383,0.8457081513927959,0.0013987079884718,0.3883199678621166,0.0156270253770433,resource_economy,50.0
B1_ADAPT_1004,2.0,medium,0.0677172489430407,0.028148070173004,0.0001824481613806,0.2600363744047281,0.002,0.5152002256084498,0.0279541980081596,resource_economy,50.0
B1_ADAPT_1005,4.0,medium,0.0659733746254725,0.016885758901013,0.0119505031456562,0.2799981344514698,0.0014059999404218,0.6585884527072882,0.0187761689510355,resource_economy,50.0
B1_ADAPT_1006,2.0,medium,0.0675331167269447,0.0234859625345215,0.0001008544625476,0.902920621357834,0.0007093564808824,0.5515196461550902,0.0210006320681548,resource_economy,50.0
B1_ADAPT_1007,2.0,low,0.075,0.0294217717193538,0.0162912637375971,0.6048871095554664,0.0009234292144911,0.4108180888239526,0.0364220351429566,resource_economy,50.0
B1_ADAPT_1008,2.0,medium,0.0238724808637731,0.0172771255857938,0.0134144286512874,0.5572935594486961,0.0014565775628106,0.4614767353999494,0.0342543964368638,regional_responsibility,50.0
B1_ADAPT_1009,2.0,medium,0.0243957710770159,0.0173047615289875,0.0266060597041499,1.2821069903822373,0.0014250176022692,0.5207338916032458,0.0323268804971654,resource_economy,50.0
B1_ADAPT_1010,2.0,medium,0.075,0.0304335974707774,0.0,0.9891839742863912,0.0008804610272098,0.5270448401512371,0.029786558943753,resource_economy,50.0
B1_ADAPT_1011,4.0,high,0.0627322990856936,0.0275747634731317,0.0323784554637502,1.2355359951675116,0.0018892518634015,0.4940864144911616,0.0048574933332799,resource_economy,50.0
B1_ADAPT_1012,2.0,low,0.0689005572086406,0.0341150329315176,0.0250902853045131,0.6272821923841717,0.0006875705779416,0.6980945255637737,0.032676608793092,resource_economy,50.0
B1_ADAPT_1013,4.0,medium,0.0569968910284622,0.035,0.0237789118980071,0.7171458764537757,0.0009237050613247,0.5346353916856779,0.0376260060963171,resource_economy,50.0
B1_ADAPT_1014,4.0,medium,0.0557361999280917,0.035,0.0252221358120271,0.5374027447875882,0.000997151432974,0.3956520689463063,0.0249526700258987,resource_economy,50.0
B1_ADAPT_1015,4.0,high,0.075,0.0148068464579734,0.0,0.6628551312679349,0.0007552757082056,0.4575998048693658,0.0367928447456819,resource_economy,50.0
B1_ADAPT_1016,4.0,high,0.0672865603705162,0.0242027158750706,0.0158175183326195,1.0954732423254725,0.0017319129383363,0.3517799486090255,0.0061574392630989,resource_economy,50.0
B1_ADAPT_1017,2.0,medium,0.075,0.0180225291233905,0.0,1.1772761269722505,0.0010147479586422,0.4709663242194498,0.0372318062855119,resource_economy,50.0
B1_ADAPT_1018,4.0,medium,0.075,0.035,0.0147753504710551,0.1949910294831516,0.0016309776754814,0.6122705473506739,0.0,resource_economy,50.0
B1_ADAPT_1019,2.0,medium,0.0212282684313009,0.0171585956113825,0.0334240386001409,0.8671414763709018,0.0012627748729254,0.3852701513692663,0.0347582845279784,resource_economy,50.0
B1_ADAPT_1020,4.0,low,0.075,0.0197257683199115,0.0162707590968448,0.6050798475940666,0.0015189918854721,0.300441163667992,0.0085766449298474,resource_economy,50.0
B1_ADAPT_1021,2.0,medium,0.0220514591611298,0.0034299840256574,0.0166887608873763,0.9900967823559956,0.0007051195220452,0.601218099544337,0.0306119187164852,resource_economy,50.0
B1_ADAPT_1022,4.0,medium,0.0515294848472331,0.0,0.0,1.3,0.0005,0.5092568557063544,0.0237245514867344,resource_economy,50.0
B1_ADAPT_1023,4.0,high,0.0575345835317338,0.0142136719861243,0.0200626833475493,1.090738548960574,0.0013364241290896,0.4221357328693267,0.0107026989376126,resource_economy,50.0
