repository_path,bytes,sha256
AGENTS.md,21898,66042b00bf6b443a15dcee2299eea0cc70fac0bea650f5983e9ba6c3ef677f06
README.md,2366,df2a013f78410679f59eb14ffb93c6bafe2951d3b2b04dc0b364aa24710eec02
configs/direction5_closure/confirmatory_protocol.yaml,1523,2fe96fc358fd45902bb4f1b5d387b838c4f80e2d6b657cb12df67c48e5e2c30b
configs/direction5_final/r5_validation_lock.yaml,1397,d1a9fdd49350053e16dfe5890c1c11836dc98c2620f124e0ed63f7a705428fa2
environment.yml,737,acdf1eb91c8a038a02b50e46681a1921449d5fa0ee8cb1f83544435005d6c61e
figures_closure/C4/fig01_information_value.pdf,22753,418bc88ba7233af6cf4b8330dd29f072ee0584196f6419e05343806b4ffa9800
figures_closure/C4/fig01_information_value.png,141189,4ad0e7869835599b0556bf781f0e6917cc22c12af37a2f397c234112482db15c
figures_closure/C4/fig01_information_value.svg,45790,b6842e6c6a5096b7cf4010145f00aada00c32eded57f0c84b3df3ede78261f54
figures_closure/C4/fig02_perfect_online_gap.pdf,23538,85c71c3de4a96f5285da535d206e4b70ef3165080cc8087ef73d932fbc92ed72
figures_closure/C4/fig02_perfect_online_gap.png,149498,080eed4b100ec80d990e9f0e7c4a8be4257d6b653326e4f05d88e9873bece859
figures_closure/C4/fig02_perfect_online_gap.svg,45469,93afc065a87a68773e46370833026a0cfadeddd223210f46595446a783fc5a0b
figures_closure/C4/fig03_estimator_excitation.pdf,23573,79cc3b573819404bb60db21ee6518658a03b149c1ba843589995cc40315222fa
figures_closure/C4/fig03_estimator_excitation.png,149315,d36849de7122f607726a8828d6e5b8da7a0cb978540b841f89daf755b24a5697
figures_closure/C4/fig03_estimator_excitation.svg,44375,2d5e84ab7e59cb459c4b84120e4bd8592f3a2244e5f42a6c7830f66866590434
figures_closure/C4/fig04_surplus_activation.pdf,20634,e6ceee8b53b03744fb3a28b078e71c0644db89a294e7c7cf4938d534acda9e8c
figures_closure/C4/fig04_surplus_activation.png,117948,4bde14390d6a495c839e34e46f538572177f80f026e0a674bec4ca1b4b5b816f
figures_closure/C4/fig04_surplus_activation.svg,35374,bbd15c7f66a39323ac5fbbac5dbab23d566551efe74ea8c4ecb36fa400f8b107
figures_closure/C4/fig05_fallback_root_cause.pdf,20051,ed21d6a1bba3fbefe13a87c705138d0afa705bd8f09e2ffedc7a6a463c17888a
figures_closure/C4/fig05_fallback_root_cause.png,114795,b5776a9e0a5b6bc9d38932a8d8ff9121b61bb1f62f8072b215c029c8820f122c
figures_closure/C4/fig05_fallback_root_cause.svg,38200,e3db91381275b8baf6e40abefb4f3660c5285b3bfd80ee2f4c6cb2bcc15d9c3a
figures_closure/C4/fig06_binding_constraints.pdf,24787,a76c4c667b8f1b0262775b78d2f25346a1a9432d1cd805b4df94524ca1fa027d
figures_closure/C4/fig06_binding_constraints.png,224940,5cf8210d93a321adebeab6626f602dcb4e451180c253c07cc095d7625b52972a
figures_closure/C4/fig06_binding_constraints.svg,54455,fcd2e4fbe47c86a7878faef89062df5f3ffe71ebd9fa2aa39744a44d4018c5a9
figures_closure/C4/fig07_plant_direction.pdf,21657,cac232b1c7d4d7c4892529b576d0447f3f882e41f9f2e7c90669a2e49cec4a4a
figures_closure/C4/fig07_plant_direction.png,139425,4904023bc9272e990c99e569c32cd0b69e77f9dab4db946916413823cf4b8d04
figures_closure/C4/fig07_plant_direction.svg,42470,6852d200da370a7afdf6097be1e9421b6822c1d0f093a6e04a5cda04e721de49
figures_closure/C4/fig08_known_ood_success.pdf,19686,b5e57c511deacf885751bd81500cfdfde4935f87c58d201a8a69cbb2f5918fcb
figures_closure/C4/fig08_known_ood_success.png,122601,cd979277e8afa6c077fdd5b36c7516b2682e07dca0b2f6a4141044e70db4ccff
figures_closure/C4/fig08_known_ood_success.svg,35551,833cc8ee98b058d8f1753e68f032e307bd58bcbc9e17cd99fcdb54a97ca5dc94
figures_closure/C4/fig09_normal1h_quality.pdf,24893,2bdf4d20f0ec9b8ab2593f987c4176e2ceb96fa2b6877bdcbf24e43afe582102
figures_closure/C4/fig09_normal1h_quality.png,218541,ac4037992092875f4641a5ffe1378a7cba9d5c5a9a232299ff3bb0059c9638b2
figures_closure/C4/fig09_normal1h_quality.svg,56118,25e90280da6314ca20098cfe1b6c3a166f3cf9d2ba2cce9b49f1e428b52e642d
figures_closure/C4/fig10_contract_violation_detection.pdf,17819,c7819c0e46ece1fc4aa692266455b1a33b2a94cfa0467e1e941f1213a1359546
figures_closure/C4/fig10_contract_violation_detection.png,130541,a314b12c716785e4a7f4ca27fc6617d0b3a7fbf2564d3e2fa8e291783e632f68
figures_closure/C4/fig10_contract_violation_detection.svg,37707,8ac0f6827042673ebf4f0c7568ad63df5d88b50d74a2f55a9e08a4d598549d0e
figures_closure/C4/fig11_validation_confirmation.pdf,24939,b83c2c33ce175dfdfa7b95a6c10fbe713f24da15efc176a22594be628e54bf42
figures_closure/C4/fig11_validation_confirmation.png,166795,58345dbd95353d2a529f0e975cdc94647d02786ea0f76b6c7054e686a2b5ab40
figures_closure/C4/fig11_validation_confirmation.svg,49475,6117392486fb2c025ec037de6626ef8c2afee7c5dc29ebc6bee8816c785ea897
figures_closure/C4/fig12_domain_outcomes.pdf,22732,e1a015ec5ecc8d77140ba5046555ce2c11cb5e75814a468413ad9bb7ea588a3e
figures_closure/C4/fig12_domain_outcomes.png,147938,ec6e3807373fd13a8eb3f4f8984e5c71ed554c3227604150827616d95caa678b
figures_closure/C4/fig12_domain_outcomes.svg,44272,7831b9a37b36b21caab6fcdb2bd7955d462f8058902f70bc0de92ec8abbb0154
figures_closure/C4/fig13_theory_boundaries.pdf,22344,11da396225be2a2717c3e1588c7267786a19499024b78a05a983662d2d921927
figures_closure/C4/fig13_theory_boundaries.png,319046,6b57e92a8414011b5aa23c6391a07bde5ff83a306d9fa5903fead3740c76970d
figures_closure/C4/fig13_theory_boundaries.svg,50384,11f7e69da0dfb1a761e6f5fa343bbcfb71e6dcaa911902bae343d45bd1bfc3e5
figures_final/R8/CORE_METRIC_GATE.png,47655,07320568c22004df78e25dabd597059e988b5b6dc59588b88e58bae767b145ac
figures_final/R8/NORMAL1H_FREQUENCY_QUALITY.png,64669,f1f43e7576aa28666a6d69e19f7352722f2b10e7d5e0253dea625a95d4386728
figures_final/R8/PAIRED_FAILURE_CATEGORIES.png,59187,c75f17badab3909d75a3309146c553b613bcb8cf2eaace13336e68957e414ace
figures_final/R8/PLANT_A_KNOWN_OOD_SUCCESS.png,34067,a9aa04421558ead69f864ca04a96f6e61f1689f68b343344af3eb3e96246d6f8
figures_final/R8/PLANT_DIRECTION.png,43641,c2071dcf25d0c68648e8e49da9e72dedda2a721ccf3f699fae6b6ff9f090c6cc
figures_final/R8/REPRESENTATIVE_PLANT_A_TRACE.png,64079,de47160915914d2cce93866af8290ca872f2623720c74b48f8b051da3d150329
logs_closure/C2/contract_violation/C2-CV-00__dcsv_cr_mpc.log,0,e3b0c44298fc1c149afbf4c8996fb92427ae41e4649b934ca495991b7852b855
logs_closure/C2/contract_violation/C2-CV-01__dcsv_cr_mpc.log,0,e3b0c44298fc1c149afbf4c8996fb92427ae41e4649b934ca495991b7852b855
logs_closure/C2/contract_violation/C2-CV-02__dcsv_cr_mpc.log,0,e3b0c44298fc1c149afbf4c8996fb92427ae41e4649b934ca495991b7852b855
logs_closure/C2/contract_violation/C2-CV-03__dcsv_cr_mpc.log,0,e3b0c44298fc1c149afbf4c8996fb92427ae41e4649b934ca495991b7852b855
logs_closure/C2/contract_violation/C2-CV-04__dcsv_cr_mpc.log,0,e3b0c44298fc1c149afbf4c8996fb92427ae41e4649b934ca495991b7852b855
logs_closure/C2/contract_violation/C2-CV-05__dcsv_cr_mpc.log,0,e3b0c44298fc1c149afbf4c8996fb92427ae41e4649b934ca495991b7852b855
logs_closure/C2/normal/C2-N-00__contract_only_rolling_mpc.log,0,e3b0c44298fc1c149afbf4c8996fb92427ae41e4649b934ca495991b7852b855
logs_closure/C2/normal/C2-N-00__dcsv_cr_mpc.log,0,e3b0c44298fc1c149afbf4c8996fb92427ae41e4649b934ca495991b7852b855
logs_closure/C2/normal/C2-N-00__fixed_allocation_anti_windup_pi.log,0,e3b0c44298fc1c149afbf4c8996fb92427ae41e4649b934ca495991b7852b855
logs_closure/C2/normal/C2-N-00__model_adaptive_mpc.log,0,e3b0c44298fc1c149afbf4c8996fb92427ae41e4649b934ca495991b7852b855
logs_closure/C2/normal/C2-N-00__nominal_offset_free_mpc.log,0,e3b0c44298fc1c149afbf4c8996fb92427ae41e4649b934ca495991b7852b855
logs_closure/C2/normal/C2-N-00__sg_only_anti_windup_pi.log,0,e3b0c44298fc1c149afbf4c8996fb92427ae41e4649b934ca495991b7852b855
logs_closure/C2/normal/C2-N-00__true_capability_oracle_mpc.log,0,e3b0c44298fc1c149afbf4c8996fb92427ae41e4649b934ca495991b7852b855
logs_closure/C2/normal/C2-N-01__contract_only_rolling_mpc.log,0,e3b0c44298fc1c149afbf4c8996fb92427ae41e4649b934ca495991b7852b855
logs_closure/C2/normal/C2-N-01__dcsv_cr_mpc.log,0,e3b0c44298fc1c149afbf4c8996fb92427ae41e4649b934ca495991b7852b855
logs_closure/C2/normal/C2-N-01__fixed_allocation_anti_windup_pi.log,0,e3b0c44298fc1c149afbf4c8996fb92427ae41e4649b934ca495991b7852b855
logs_closure/C2/normal/C2-N-01__model_adaptive_mpc.log,0,e3b0c44298fc1c149afbf4c8996fb92427ae41e4649b934ca495991b7852b855
logs_closure/C2/normal/C2-N-01__nominal_offset_free_mpc.log,0,e3b0c44298fc1c149afbf4c8996fb92427ae41e4649b934ca495991b7852b855
logs_closure/C2/normal/C2-N-01__sg_only_anti_windup_pi.log,0,e3b0c44298fc1c149afbf4c8996fb92427ae41e4649b934ca495991b7852b855
logs_closure/C2/normal/C2-N-01__true_capability_oracle_mpc.log,0,e3b0c44298fc1c149afbf4c8996fb92427ae41e4649b934ca495991b7852b855
logs_closure/C2/normal/C2-N-02__contract_only_rolling_mpc.log,0,e3b0c44298fc1c149afbf4c8996fb92427ae41e4649b934ca495991b7852b855
logs_closure/C2/normal/C2-N-02__dcsv_cr_mpc.log,317,a07ba1a5acb810b08e542fd30453f47902a076fa8d343656e1733f4de21cbff7
logs_closure/C2/normal/C2-N-02__fixed_allocation_anti_windup_pi.log,0,e3b0c44298fc1c149afbf4c8996fb92427ae41e4649b934ca495991b7852b855
logs_closure/C2/normal/C2-N-02__model_adaptive_mpc.log,0,e3b0c44298fc1c149afbf4c8996fb92427ae41e4649b934ca495991b7852b855
logs_closure/C2/normal/C2-N-02__nominal_offset_free_mpc.log,0,e3b0c44298fc1c149afbf4c8996fb92427ae41e4649b934ca495991b7852b855
logs_closure/C2/normal/C2-N-02__sg_only_anti_windup_pi.log,0,e3b0c44298fc1c149afbf4c8996fb92427ae41e4649b934ca495991b7852b855
logs_closure/C2/normal/C2-N-02__true_capability_oracle_mpc.log,0,e3b0c44298fc1c149afbf4c8996fb92427ae41e4649b934ca495991b7852b855
logs_closure/C2/normal/C2-N-03__contract_only_rolling_mpc.log,0,e3b0c44298fc1c149afbf4c8996fb92427ae41e4649b934ca495991b7852b855
logs_closure/C2/normal/C2-N-03__dcsv_cr_mpc.log,0,e3b0c44298fc1c149afbf4c8996fb92427ae41e4649b934ca495991b7852b855
logs_closure/C2/normal/C2-N-03__fixed_allocation_anti_windup_pi.log,0,e3b0c44298fc1c149afbf4c8996fb92427ae41e4649b934ca495991b7852b855
logs_closure/C2/normal/C2-N-03__model_adaptive_mpc.log,0,e3b0c44298fc1c149afbf4c8996fb92427ae41e4649b934ca495991b7852b855
logs_closure/C2/normal/C2-N-03__nominal_offset_free_mpc.log,0,e3b0c44298fc1c149afbf4c8996fb92427ae41e4649b934ca495991b7852b855
logs_closure/C2/normal/C2-N-03__sg_only_anti_windup_pi.log,0,e3b0c44298fc1c149afbf4c8996fb92427ae41e4649b934ca495991b7852b855
logs_closure/C2/normal/C2-N-03__true_capability_oracle_mpc.log,0,e3b0c44298fc1c149afbf4c8996fb92427ae41e4649b934ca495991b7852b855
logs_closure/C2/normal/C2-N-04__contract_only_rolling_mpc.log,0,e3b0c44298fc1c149afbf4c8996fb92427ae41e4649b934ca495991b7852b855
logs_closure/C2/normal/C2-N-04__dcsv_cr_mpc.log,0,e3b0c44298fc1c149afbf4c8996fb92427ae41e4649b934ca495991b7852b855
logs_closure/C2/normal/C2-N-04__fixed_allocation_anti_windup_pi.log,0,e3b0c44298fc1c149afbf4c8996fb92427ae41e4649b934ca495991b7852b855
logs_closure/C2/normal/C2-N-04__model_adaptive_mpc.log,0,e3b0c44298fc1c149afbf4c8996fb92427ae41e4649b934ca495991b7852b855
logs_closure/C2/normal/C2-N-04__nominal_offset_free_mpc.log,0,e3b0c44298fc1c149afbf4c8996fb92427ae41e4649b934ca495991b7852b855
logs_closure/C2/normal/C2-N-04__sg_only_anti_windup_pi.log,0,e3b0c44298fc1c149afbf4c8996fb92427ae41e4649b934ca495991b7852b855
logs_closure/C2/normal/C2-N-04__true_capability_oracle_mpc.log,0,e3b0c44298fc1c149afbf4c8996fb92427ae41e4649b934ca495991b7852b855
logs_closure/C2/normal/C2-N-05__contract_only_rolling_mpc.log,0,e3b0c44298fc1c149afbf4c8996fb92427ae41e4649b934ca495991b7852b855
logs_closure/C2/normal/C2-N-05__dcsv_cr_mpc.log,0,e3b0c44298fc1c149afbf4c8996fb92427ae41e4649b934ca495991b7852b855
logs_closure/C2/normal/C2-N-05__fixed_allocation_anti_windup_pi.log,0,e3b0c44298fc1c149afbf4c8996fb92427ae41e4649b934ca495991b7852b855
logs_closure/C2/normal/C2-N-05__model_adaptive_mpc.log,0,e3b0c44298fc1c149afbf4c8996fb92427ae41e4649b934ca495991b7852b855
logs_closure/C2/normal/C2-N-05__nominal_offset_free_mpc.log,0,e3b0c44298fc1c149afbf4c8996fb92427ae41e4649b934ca495991b7852b855
logs_closure/C2/normal/C2-N-05__sg_only_anti_windup_pi.log,0,e3b0c44298fc1c149afbf4c8996fb92427ae41e4649b934ca495991b7852b855
logs_closure/C2/normal/C2-N-05__true_capability_oracle_mpc.log,0,e3b0c44298fc1c149afbf4c8996fb92427ae41e4649b934ca495991b7852b855
logs_closure/C2/plant_a_primary/C2-F-A-000__contract_only_rolling_mpc.log,0,e3b0c44298fc1c149afbf4c8996fb92427ae41e4649b934ca495991b7852b855
logs_closure/C2/plant_a_primary/C2-F-A-000__dcsv_cr_mpc.log,0,e3b0c44298fc1c149afbf4c8996fb92427ae41e4649b934ca495991b7852b855
logs_closure/C2/plant_a_primary/C2-F-A-001__contract_only_rolling_mpc.log,0,e3b0c44298fc1c149afbf4c8996fb92427ae41e4649b934ca495991b7852b855
logs_closure/C2/plant_a_primary/C2-F-A-001__dcsv_cr_mpc.log,0,e3b0c44298fc1c149afbf4c8996fb92427ae41e4649b934ca495991b7852b855
logs_closure/C2/plant_a_primary/C2-F-A-002__contract_only_rolling_mpc.log,0,e3b0c44298fc1c149afbf4c8996fb92427ae41e4649b934ca495991b7852b855
logs_closure/C2/plant_a_primary/C2-F-A-002__dcsv_cr_mpc.log,0,e3b0c44298fc1c149afbf4c8996fb92427ae41e4649b934ca495991b7852b855
logs_closure/C2/plant_a_primary/C2-F-A-003__contract_only_rolling_mpc.log,0,e3b0c44298fc1c149afbf4c8996fb92427ae41e4649b934ca495991b7852b855
logs_closure/C2/plant_a_primary/C2-F-A-003__dcsv_cr_mpc.log,0,e3b0c44298fc1c149afbf4c8996fb92427ae41e4649b934ca495991b7852b855
logs_closure/C2/plant_a_primary/C2-F-A-004__contract_only_rolling_mpc.log,0,e3b0c44298fc1c149afbf4c8996fb92427ae41e4649b934ca495991b7852b855
logs_closure/C2/plant_a_primary/C2-F-A-004__dcsv_cr_mpc.log,0,e3b0c44298fc1c149afbf4c8996fb92427ae41e4649b934ca495991b7852b855
logs_closure/C2/plant_a_primary/C2-F-A-005__contract_only_rolling_mpc.log,0,e3b0c44298fc1c149afbf4c8996fb92427ae41e4649b934ca495991b7852b855
logs_closure/C2/plant_a_primary/C2-F-A-005__dcsv_cr_mpc.log,0,e3b0c44298fc1c149afbf4c8996fb92427ae41e4649b934ca495991b7852b855
logs_closure/C2/plant_a_primary/C2-F-A-006__contract_only_rolling_mpc.log,0,e3b0c44298fc1c149afbf4c8996fb92427ae41e4649b934ca495991b7852b855
logs_closure/C2/plant_a_primary/C2-F-A-006__dcsv_cr_mpc.log,0,e3b0c44298fc1c149afbf4c8996fb92427ae41e4649b934ca495991b7852b855
logs_closure/C2/plant_a_primary/C2-F-A-007__contract_only_rolling_mpc.log,0,e3b0c44298fc1c149afbf4c8996fb92427ae41e4649b934ca495991b7852b855
logs_closure/C2/plant_a_primary/C2-F-A-007__dcsv_cr_mpc.log,0,e3b0c44298fc1c149afbf4c8996fb92427ae41e4649b934ca495991b7852b855
logs_closure/C2/plant_a_primary/C2-F-A-008__contract_only_rolling_mpc.log,0,e3b0c44298fc1c149afbf4c8996fb92427ae41e4649b934ca495991b7852b855
logs_closure/C2/plant_a_primary/C2-F-A-008__dcsv_cr_mpc.log,0,e3b0c44298fc1c149afbf4c8996fb92427ae41e4649b934ca495991b7852b855
logs_closure/C2/plant_a_primary/C2-F-A-009__contract_only_rolling_mpc.log,0,e3b0c44298fc1c149afbf4c8996fb92427ae41e4649b934ca495991b7852b855
logs_closure/C2/plant_a_primary/C2-F-A-009__dcsv_cr_mpc.log,0,e3b0c44298fc1c149afbf4c8996fb92427ae41e4649b934ca495991b7852b855
logs_closure/C2/plant_a_primary/C2-F-A-010__contract_only_rolling_mpc.log,0,e3b0c44298fc1c149afbf4c8996fb92427ae41e4649b934ca495991b7852b855
logs_closure/C2/plant_a_primary/C2-F-A-010__dcsv_cr_mpc.log,317,a07ba1a5acb810b08e542fd30453f47902a076fa8d343656e1733f4de21cbff7
logs_closure/C2/plant_a_primary/C2-F-A-011__contract_only_rolling_mpc.log,0,e3b0c44298fc1c149afbf4c8996fb92427ae41e4649b934ca495991b7852b855
logs_closure/C2/plant_a_primary/C2-F-A-011__dcsv_cr_mpc.log,0,e3b0c44298fc1c149afbf4c8996fb92427ae41e4649b934ca495991b7852b855
logs_closure/C2/plant_a_primary/C2-F-A-012__contract_only_rolling_mpc.log,0,e3b0c44298fc1c149afbf4c8996fb92427ae41e4649b934ca495991b7852b855
logs_closure/C2/plant_a_primary/C2-F-A-012__dcsv_cr_mpc.log,0,e3b0c44298fc1c149afbf4c8996fb92427ae41e4649b934ca495991b7852b855
logs_closure/C2/plant_a_primary/C2-F-A-013__contract_only_rolling_mpc.log,0,e3b0c44298fc1c149afbf4c8996fb92427ae41e4649b934ca495991b7852b855
logs_closure/C2/plant_a_primary/C2-F-A-013__dcsv_cr_mpc.log,0,e3b0c44298fc1c149afbf4c8996fb92427ae41e4649b934ca495991b7852b855
logs_closure/C2/plant_a_primary/C2-F-A-014__contract_only_rolling_mpc.log,0,e3b0c44298fc1c149afbf4c8996fb92427ae41e4649b934ca495991b7852b855
logs_closure/C2/plant_a_primary/C2-F-A-014__dcsv_cr_mpc.log,0,e3b0c44298fc1c149afbf4c8996fb92427ae41e4649b934ca495991b7852b855
logs_closure/C2/plant_a_primary/C2-F-A-015__contract_only_rolling_mpc.log,0,e3b0c44298fc1c149afbf4c8996fb92427ae41e4649b934ca495991b7852b855
logs_closure/C2/plant_a_primary/C2-F-A-015__dcsv_cr_mpc.log,0,e3b0c44298fc1c149afbf4c8996fb92427ae41e4649b934ca495991b7852b855
logs_closure/C2/plant_a_primary/C2-F-A-016__contract_only_rolling_mpc.log,0,e3b0c44298fc1c149afbf4c8996fb92427ae41e4649b934ca495991b7852b855
logs_closure/C2/plant_a_primary/C2-F-A-016__dcsv_cr_mpc.log,0,e3b0c44298fc1c149afbf4c8996fb92427ae41e4649b934ca495991b7852b855
logs_closure/C2/plant_a_primary/C2-F-A-017__contract_only_rolling_mpc.log,0,e3b0c44298fc1c149afbf4c8996fb92427ae41e4649b934ca495991b7852b855
logs_closure/C2/plant_a_primary/C2-F-A-017__dcsv_cr_mpc.log,0,e3b0c44298fc1c149afbf4c8996fb92427ae41e4649b934ca495991b7852b855
logs_closure/C2/plant_a_primary/C2-F-A-018__contract_only_rolling_mpc.log,0,e3b0c44298fc1c149afbf4c8996fb92427ae41e4649b934ca495991b7852b855
logs_closure/C2/plant_a_primary/C2-F-A-018__dcsv_cr_mpc.log,317,a07ba1a5acb810b08e542fd30453f47902a076fa8d343656e1733f4de21cbff7
logs_closure/C2/plant_a_primary/C2-F-A-019__contract_only_rolling_mpc.log,0,e3b0c44298fc1c149afbf4c8996fb92427ae41e4649b934ca495991b7852b855
logs_closure/C2/plant_a_primary/C2-F-A-019__dcsv_cr_mpc.log,0,e3b0c44298fc1c149afbf4c8996fb92427ae41e4649b934ca495991b7852b855
logs_closure/C2/plant_a_primary/C2-F-A-020__contract_only_rolling_mpc.log,0,e3b0c44298fc1c149afbf4c8996fb92427ae41e4649b934ca495991b7852b855
logs_closure/C2/plant_a_primary/C2-F-A-020__dcsv_cr_mpc.log,0,e3b0c44298fc1c149afbf4c8996fb92427ae41e4649b934ca495991b7852b855
logs_closure/C2/plant_a_primary/C2-F-A-021__contract_only_rolling_mpc.log,0,e3b0c44298fc1c149afbf4c8996fb92427ae41e4649b934ca495991b7852b855
logs_closure/C2/plant_a_primary/C2-F-A-021__dcsv_cr_mpc.log,317,a07ba1a5acb810b08e542fd30453f47902a076fa8d343656e1733f4de21cbff7
logs_closure/C2/plant_a_primary/C2-F-A-022__contract_only_rolling_mpc.log,0,e3b0c44298fc1c149afbf4c8996fb92427ae41e4649b934ca495991b7852b855
logs_closure/C2/plant_a_primary/C2-F-A-022__dcsv_cr_mpc.log,317,a07ba1a5acb810b08e542fd30453f47902a076fa8d343656e1733f4de21cbff7
logs_closure/C2/plant_a_primary/C2-F-A-023__contract_only_rolling_mpc.log,0,e3b0c44298fc1c149afbf4c8996fb92427ae41e4649b934ca495991b7852b855
logs_closure/C2/plant_a_primary/C2-F-A-023__dcsv_cr_mpc.log,0,e3b0c44298fc1c149afbf4c8996fb92427ae41e4649b934ca495991b7852b855
logs_closure/C2/plant_a_primary/C2-F-A-024__contract_only_rolling_mpc.log,0,e3b0c44298fc1c149afbf4c8996fb92427ae41e4649b934ca495991b7852b855
logs_closure/C2/plant_a_primary/C2-F-A-024__dcsv_cr_mpc.log,0,e3b0c44298fc1c149afbf4c8996fb92427ae41e4649b934ca495991b7852b855
logs_closure/C2/plant_a_primary/C2-F-A-025__contract_only_rolling_mpc.log,0,e3b0c44298fc1c149afbf4c8996fb92427ae41e4649b934ca495991b7852b855
logs_closure/C2/plant_a_primary/C2-F-A-025__dcsv_cr_mpc.log,317,a07ba1a5acb810b08e542fd30453f47902a076fa8d343656e1733f4de21cbff7
logs_closure/C2/plant_a_primary/C2-F-A-026__contract_only_rolling_mpc.log,0,e3b0c44298fc1c149afbf4c8996fb92427ae41e4649b934ca495991b7852b855
logs_closure/C2/plant_a_primary/C2-F-A-026__dcsv_cr_mpc.log,0,e3b0c44298fc1c149afbf4c8996fb92427ae41e4649b934ca495991b7852b855
logs_closure/C2/plant_a_primary/C2-F-A-027__contract_only_rolling_mpc.log,0,e3b0c44298fc1c149afbf4c8996fb92427ae41e4649b934ca495991b7852b855
logs_closure/C2/plant_a_primary/C2-F-A-027__dcsv_cr_mpc.log,317,a07ba1a5acb810b08e542fd30453f47902a076fa8d343656e1733f4de21cbff7
logs_closure/C2/plant_a_primary/C2-F-A-028__contract_only_rolling_mpc.log,0,e3b0c44298fc1c149afbf4c8996fb92427ae41e4649b934ca495991b7852b855
logs_closure/C2/plant_a_primary/C2-F-A-028__dcsv_cr_mpc.log,0,e3b0c44298fc1c149afbf4c8996fb92427ae41e4649b934ca495991b7852b855
logs_closure/C2/plant_a_primary/C2-F-A-029__contract_only_rolling_mpc.log,0,e3b0c44298fc1c149afbf4c8996fb92427ae41e4649b934ca495991b7852b855
logs_closure/C2/plant_a_primary/C2-F-A-029__dcsv_cr_mpc.log,317,a07ba1a5acb810b08e542fd30453f47902a076fa8d343656e1733f4de21cbff7
logs_closure/C2/plant_a_primary/C2-F-A-030__contract_only_rolling_mpc.log,0,e3b0c44298fc1c149afbf4c8996fb92427ae41e4649b934ca495991b7852b855
logs_closure/C2/plant_a_primary/C2-F-A-030__dcsv_cr_mpc.log,0,e3b0c44298fc1c149afbf4c8996fb92427ae41e4649b934ca495991b7852b855
logs_closure/C2/plant_a_primary/C2-F-A-031__contract_only_rolling_mpc.log,0,e3b0c44298fc1c149afbf4c8996fb92427ae41e4649b934ca495991b7852b855
logs_closure/C2/plant_a_primary/C2-F-A-031__dcsv_cr_mpc.log,0,e3b0c44298fc1c149afbf4c8996fb92427ae41e4649b934ca495991b7852b855
logs_closure/C2/plant_a_primary/C2-F-A-032__contract_only_rolling_mpc.log,0,e3b0c44298fc1c149afbf4c8996fb92427ae41e4649b934ca495991b7852b855
logs_closure/C2/plant_a_primary/C2-F-A-032__dcsv_cr_mpc.log,0,e3b0c44298fc1c149afbf4c8996fb92427ae41e4649b934ca495991b7852b855
logs_closure/C2/plant_a_primary/C2-F-A-033__contract_only_rolling_mpc.log,0,e3b0c44298fc1c149afbf4c8996fb92427ae41e4649b934ca495991b7852b855
logs_closure/C2/plant_a_primary/C2-F-A-033__dcsv_cr_mpc.log,0,e3b0c44298fc1c149afbf4c8996fb92427ae41e4649b934ca495991b7852b855
logs_closure/C2/plant_a_primary/C2-F-A-034__contract_only_rolling_mpc.log,0,e3b0c44298fc1c149afbf4c8996fb92427ae41e4649b934ca495991b7852b855
logs_closure/C2/plant_a_primary/C2-F-A-034__dcsv_cr_mpc.log,0,e3b0c44298fc1c149afbf4c8996fb92427ae41e4649b934ca495991b7852b855
logs_closure/C2/plant_a_primary/C2-F-A-035__contract_only_rolling_mpc.log,0,e3b0c44298fc1c149afbf4c8996fb92427ae41e4649b934ca495991b7852b855
logs_closure/C2/plant_a_primary/C2-F-A-035__dcsv_cr_mpc.log,0,e3b0c44298fc1c149afbf4c8996fb92427ae41e4649b934ca495991b7852b855
logs_closure/C2/plant_a_primary/C2-F-A-036__contract_only_rolling_mpc.log,0,e3b0c44298fc1c149afbf4c8996fb92427ae41e4649b934ca495991b7852b855
logs_closure/C2/plant_a_primary/C2-F-A-036__dcsv_cr_mpc.log,0,e3b0c44298fc1c149afbf4c8996fb92427ae41e4649b934ca495991b7852b855
logs_closure/C2/plant_a_primary/C2-F-A-037__contract_only_rolling_mpc.log,0,e3b0c44298fc1c149afbf4c8996fb92427ae41e4649b934ca495991b7852b855
logs_closure/C2/plant_a_primary/C2-F-A-037__dcsv_cr_mpc.log,317,a07ba1a5acb810b08e542fd30453f47902a076fa8d343656e1733f4de21cbff7
logs_closure/C2/plant_a_primary/C2-F-A-038__contract_only_rolling_mpc.log,0,e3b0c44298fc1c149afbf4c8996fb92427ae41e4649b934ca495991b7852b855
logs_closure/C2/plant_a_primary/C2-F-A-038__dcsv_cr_mpc.log,0,e3b0c44298fc1c149afbf4c8996fb92427ae41e4649b934ca495991b7852b855
logs_closure/C2/plant_a_primary/C2-F-A-039__contract_only_rolling_mpc.log,0,e3b0c44298fc1c149afbf4c8996fb92427ae41e4649b934ca495991b7852b855
logs_closure/C2/plant_a_primary/C2-F-A-039__dcsv_cr_mpc.log,0,e3b0c44298fc1c149afbf4c8996fb92427ae41e4649b934ca495991b7852b855
logs_closure/C2/plant_a_primary/C2-F-A-040__contract_only_rolling_mpc.log,0,e3b0c44298fc1c149afbf4c8996fb92427ae41e4649b934ca495991b7852b855
logs_closure/C2/plant_a_primary/C2-F-A-040__dcsv_cr_mpc.log,317,a07ba1a5acb810b08e542fd30453f47902a076fa8d343656e1733f4de21cbff7
logs_closure/C2/plant_a_primary/C2-F-A-041__contract_only_rolling_mpc.log,0,e3b0c44298fc1c149afbf4c8996fb92427ae41e4649b934ca495991b7852b855
logs_closure/C2/plant_a_primary/C2-F-A-041__dcsv_cr_mpc.log,0,e3b0c44298fc1c149afbf4c8996fb92427ae41e4649b934ca495991b7852b855
logs_closure/C2/plant_a_primary/C2-F-A-042__contract_only_rolling_mpc.log,0,e3b0c44298fc1c149afbf4c8996fb92427ae41e4649b934ca495991b7852b855
logs_closure/C2/plant_a_primary/C2-F-A-042__dcsv_cr_mpc.log,0,e3b0c44298fc1c149afbf4c8996fb92427ae41e4649b934ca495991b7852b855
logs_closure/C2/plant_a_primary/C2-F-A-043__contract_only_rolling_mpc.log,0,e3b0c44298fc1c149afbf4c8996fb92427ae41e4649b934ca495991b7852b855
logs_closure/C2/plant_a_primary/C2-F-A-043__dcsv_cr_mpc.log,0,e3b0c44298fc1c149afbf4c8996fb92427ae41e4649b934ca495991b7852b855
logs_closure/C2/plant_a_primary/C2-F-A-044__contract_only_rolling_mpc.log,0,e3b0c44298fc1c149afbf4c8996fb92427ae41e4649b934ca495991b7852b855
logs_closure/C2/plant_a_primary/C2-F-A-044__dcsv_cr_mpc.log,317,a07ba1a5acb810b08e542fd30453f47902a076fa8d343656e1733f4de21cbff7
logs_closure/C2/plant_a_primary/C2-F-A-045__contract_only_rolling_mpc.log,0,e3b0c44298fc1c149afbf4c8996fb92427ae41e4649b934ca495991b7852b855
logs_closure/C2/plant_a_primary/C2-F-A-045__dcsv_cr_mpc.log,0,e3b0c44298fc1c149afbf4c8996fb92427ae41e4649b934ca495991b7852b855
logs_closure/C2/plant_a_primary/C2-F-A-046__contract_only_rolling_mpc.log,0,e3b0c44298fc1c149afbf4c8996fb92427ae41e4649b934ca495991b7852b855
logs_closure/C2/plant_a_primary/C2-F-A-046__dcsv_cr_mpc.log,317,a07ba1a5acb810b08e542fd30453f47902a076fa8d343656e1733f4de21cbff7
logs_closure/C2/plant_a_primary/C2-F-A-047__contract_only_rolling_mpc.log,0,e3b0c44298fc1c149afbf4c8996fb92427ae41e4649b934ca495991b7852b855
logs_closure/C2/plant_a_primary/C2-F-A-047__dcsv_cr_mpc.log,0,e3b0c44298fc1c149afbf4c8996fb92427ae41e4649b934ca495991b7852b855
logs_closure/C2/plant_a_primary/C2-F-A-048__contract_only_rolling_mpc.log,0,e3b0c44298fc1c149afbf4c8996fb92427ae41e4649b934ca495991b7852b855
logs_closure/C2/plant_a_primary/C2-F-A-048__dcsv_cr_mpc.log,317,a07ba1a5acb810b08e542fd30453f47902a076fa8d343656e1733f4de21cbff7
logs_closure/C2/plant_a_primary/C2-F-A-049__contract_only_rolling_mpc.log,0,e3b0c44298fc1c149afbf4c8996fb92427ae41e4649b934ca495991b7852b855
logs_closure/C2/plant_a_primary/C2-F-A-049__dcsv_cr_mpc.log,0,e3b0c44298fc1c149afbf4c8996fb92427ae41e4649b934ca495991b7852b855
logs_closure/C2/plant_a_primary/C2-F-A-050__contract_only_rolling_mpc.log,0,e3b0c44298fc1c149afbf4c8996fb92427ae41e4649b934ca495991b7852b855
logs_closure/C2/plant_a_primary/C2-F-A-050__dcsv_cr_mpc.log,0,e3b0c44298fc1c149afbf4c8996fb92427ae41e4649b934ca495991b7852b855
logs_closure/C2/plant_a_primary/C2-F-A-051__contract_only_rolling_mpc.log,0,e3b0c44298fc1c149afbf4c8996fb92427ae41e4649b934ca495991b7852b855
logs_closure/C2/plant_a_primary/C2-F-A-051__dcsv_cr_mpc.log,0,e3b0c44298fc1c149afbf4c8996fb92427ae41e4649b934ca495991b7852b855
logs_closure/C2/plant_a_primary/C2-F-A-052__contract_only_rolling_mpc.log,0,e3b0c44298fc1c149afbf4c8996fb92427ae41e4649b934ca495991b7852b855
logs_closure/C2/plant_a_primary/C2-F-A-052__dcsv_cr_mpc.log,0,e3b0c44298fc1c149afbf4c8996fb92427ae41e4649b934ca495991b7852b855
logs_closure/C2/plant_a_primary/C2-F-A-053__contract_only_rolling_mpc.log,0,e3b0c44298fc1c149afbf4c8996fb92427ae41e4649b934ca495991b7852b855
logs_closure/C2/plant_a_primary/C2-F-A-053__dcsv_cr_mpc.log,0,e3b0c44298fc1c149afbf4c8996fb92427ae41e4649b934ca495991b7852b855
logs_closure/C2/plant_a_primary/C2-F-A-054__contract_only_rolling_mpc.log,0,e3b0c44298fc1c149afbf4c8996fb92427ae41e4649b934ca495991b7852b855
logs_closure/C2/plant_a_primary/C2-F-A-054__dcsv_cr_mpc.log,0,e3b0c44298fc1c149afbf4c8996fb92427ae41e4649b934ca495991b7852b855
logs_closure/C2/plant_a_primary/C2-F-A-055__contract_only_rolling_mpc.log,0,e3b0c44298fc1c149afbf4c8996fb92427ae41e4649b934ca495991b7852b855
logs_closure/C2/plant_a_primary/C2-F-A-055__dcsv_cr_mpc.log,0,e3b0c44298fc1c149afbf4c8996fb92427ae41e4649b934ca495991b7852b855
logs_closure/C2/plant_a_primary/C2-F-A-056__contract_only_rolling_mpc.log,0,e3b0c44298fc1c149afbf4c8996fb92427ae41e4649b934ca495991b7852b855
logs_closure/C2/plant_a_primary/C2-F-A-056__dcsv_cr_mpc.log,0,e3b0c44298fc1c149afbf4c8996fb92427ae41e4649b934ca495991b7852b855
logs_closure/C2/plant_a_primary/C2-F-A-057__contract_only_rolling_mpc.log,0,e3b0c44298fc1c149afbf4c8996fb92427ae41e4649b934ca495991b7852b855
logs_closure/C2/plant_a_primary/C2-F-A-057__dcsv_cr_mpc.log,0,e3b0c44298fc1c149afbf4c8996fb92427ae41e4649b934ca495991b7852b855
logs_closure/C2/plant_a_primary/C2-F-A-058__contract_only_rolling_mpc.log,0,e3b0c44298fc1c149afbf4c8996fb92427ae41e4649b934ca495991b7852b855
logs_closure/C2/plant_a_primary/C2-F-A-058__dcsv_cr_mpc.log,0,e3b0c44298fc1c149afbf4c8996fb92427ae41e4649b934ca495991b7852b855
logs_closure/C2/plant_a_primary/C2-F-A-059__contract_only_rolling_mpc.log,0,e3b0c44298fc1c149afbf4c8996fb92427ae41e4649b934ca495991b7852b855
logs_closure/C2/plant_a_primary/C2-F-A-059__dcsv_cr_mpc.log,0,e3b0c44298fc1c149afbf4c8996fb92427ae41e4649b934ca495991b7852b855
logs_closure/C2/plant_a_primary/C2-F-A-060__contract_only_rolling_mpc.log,0,e3b0c44298fc1c149afbf4c8996fb92427ae41e4649b934ca495991b7852b855
logs_closure/C2/plant_a_primary/C2-F-A-060__dcsv_cr_mpc.log,0,e3b0c44298fc1c149afbf4c8996fb92427ae41e4649b934ca495991b7852b855
logs_closure/C2/plant_a_primary/C2-F-A-061__contract_only_rolling_mpc.log,0,e3b0c44298fc1c149afbf4c8996fb92427ae41e4649b934ca495991b7852b855
logs_closure/C2/plant_a_primary/C2-F-A-061__dcsv_cr_mpc.log,0,e3b0c44298fc1c149afbf4c8996fb92427ae41e4649b934ca495991b7852b855
logs_closure/C2/plant_a_primary/C2-F-A-062__contract_only_rolling_mpc.log,0,e3b0c44298fc1c149afbf4c8996fb92427ae41e4649b934ca495991b7852b855
logs_closure/C2/plant_a_primary/C2-F-A-062__dcsv_cr_mpc.log,0,e3b0c44298fc1c149afbf4c8996fb92427ae41e4649b934ca495991b7852b855
logs_closure/C2/plant_a_primary/C2-F-A-063__contract_only_rolling_mpc.log,0,e3b0c44298fc1c149afbf4c8996fb92427ae41e4649b934ca495991b7852b855
logs_closure/C2/plant_a_primary/C2-F-A-063__dcsv_cr_mpc.log,0,e3b0c44298fc1c149afbf4c8996fb92427ae41e4649b934ca495991b7852b855
logs_closure/C2/plant_a_primary/C2-F-A-064__contract_only_rolling_mpc.log,0,e3b0c44298fc1c149afbf4c8996fb92427ae41e4649b934ca495991b7852b855
logs_closure/C2/plant_a_primary/C2-F-A-064__dcsv_cr_mpc.log,0,e3b0c44298fc1c149afbf4c8996fb92427ae41e4649b934ca495991b7852b855
logs_closure/C2/plant_a_primary/C2-F-A-065__contract_only_rolling_mpc.log,0,e3b0c44298fc1c149afbf4c8996fb92427ae41e4649b934ca495991b7852b855
logs_closure/C2/plant_a_primary/C2-F-A-065__dcsv_cr_mpc.log,0,e3b0c44298fc1c149afbf4c8996fb92427ae41e4649b934ca495991b7852b855
logs_closure/C2/plant_a_primary/C2-F-A-066__contract_only_rolling_mpc.log,0,e3b0c44298fc1c149afbf4c8996fb92427ae41e4649b934ca495991b7852b855
logs_closure/C2/plant_a_primary/C2-F-A-066__dcsv_cr_mpc.log,0,e3b0c44298fc1c149afbf4c8996fb92427ae41e4649b934ca495991b7852b855
logs_closure/C2/plant_a_primary/C2-F-A-067__contract_only_rolling_mpc.log,0,e3b0c44298fc1c149afbf4c8996fb92427ae41e4649b934ca495991b7852b855
logs_closure/C2/plant_a_primary/C2-F-A-067__dcsv_cr_mpc.log,0,e3b0c44298fc1c149afbf4c8996fb92427ae41e4649b934ca495991b7852b855
logs_closure/C2/plant_a_primary/C2-F-A-068__contract_only_rolling_mpc.log,0,e3b0c44298fc1c149afbf4c8996fb92427ae41e4649b934ca495991b7852b855
logs_closure/C2/plant_a_primary/C2-F-A-068__dcsv_cr_mpc.log,0,e3b0c44298fc1c149afbf4c8996fb92427ae41e4649b934ca495991b7852b855
logs_closure/C2/plant_a_primary/C2-F-A-069__contract_only_rolling_mpc.log,0,e3b0c44298fc1c149afbf4c8996fb92427ae41e4649b934ca495991b7852b855
logs_closure/C2/plant_a_primary/C2-F-A-069__dcsv_cr_mpc.log,317,a07ba1a5acb810b08e542fd30453f47902a076fa8d343656e1733f4de21cbff7
logs_closure/C2/plant_a_primary/C2-F-A-070__contract_only_rolling_mpc.log,0,e3b0c44298fc1c149afbf4c8996fb92427ae41e4649b934ca495991b7852b855
logs_closure/C2/plant_a_primary/C2-F-A-070__dcsv_cr_mpc.log,0,e3b0c44298fc1c149afbf4c8996fb92427ae41e4649b934ca495991b7852b855
logs_closure/C2/plant_a_primary/C2-F-A-071__contract_only_rolling_mpc.log,0,e3b0c44298fc1c149afbf4c8996fb92427ae41e4649b934ca495991b7852b855
logs_closure/C2/plant_a_primary/C2-F-A-071__dcsv_cr_mpc.log,317,a07ba1a5acb810b08e542fd30453f47902a076fa8d343656e1733f4de21cbff7
logs_closure/C2/plant_a_primary/C2-F-A-072__contract_only_rolling_mpc.log,0,e3b0c44298fc1c149afbf4c8996fb92427ae41e4649b934ca495991b7852b855
logs_closure/C2/plant_a_primary/C2-F-A-072__dcsv_cr_mpc.log,0,e3b0c44298fc1c149afbf4c8996fb92427ae41e4649b934ca495991b7852b855
logs_closure/C2/plant_a_primary/C2-F-A-073__contract_only_rolling_mpc.log,0,e3b0c44298fc1c149afbf4c8996fb92427ae41e4649b934ca495991b7852b855
logs_closure/C2/plant_a_primary/C2-F-A-073__dcsv_cr_mpc.log,0,e3b0c44298fc1c149afbf4c8996fb92427ae41e4649b934ca495991b7852b855
logs_closure/C2/plant_a_primary/C2-F-A-074__contract_only_rolling_mpc.log,0,e3b0c44298fc1c149afbf4c8996fb92427ae41e4649b934ca495991b7852b855
logs_closure/C2/plant_a_primary/C2-F-A-074__dcsv_cr_mpc.log,0,e3b0c44298fc1c149afbf4c8996fb92427ae41e4649b934ca495991b7852b855
logs_closure/C2/plant_a_primary/C2-F-A-075__contract_only_rolling_mpc.log,0,e3b0c44298fc1c149afbf4c8996fb92427ae41e4649b934ca495991b7852b855
logs_closure/C2/plant_a_primary/C2-F-A-075__dcsv_cr_mpc.log,0,e3b0c44298fc1c149afbf4c8996fb92427ae41e4649b934ca495991b7852b855
logs_closure/C2/plant_a_primary/C2-F-A-076__contract_only_rolling_mpc.log,0,e3b0c44298fc1c149afbf4c8996fb92427ae41e4649b934ca495991b7852b855
logs_closure/C2/plant_a_primary/C2-F-A-076__dcsv_cr_mpc.log,0,e3b0c44298fc1c149afbf4c8996fb92427ae41e4649b934ca495991b7852b855
logs_closure/C2/plant_a_primary/C2-F-A-077__contract_only_rolling_mpc.log,0,e3b0c44298fc1c149afbf4c8996fb92427ae41e4649b934ca495991b7852b855
logs_closure/C2/plant_a_primary/C2-F-A-077__dcsv_cr_mpc.log,317,a07ba1a5acb810b08e542fd30453f47902a076fa8d343656e1733f4de21cbff7
logs_closure/C2/plant_a_primary/C2-F-A-078__contract_only_rolling_mpc.log,0,e3b0c44298fc1c149afbf4c8996fb92427ae41e4649b934ca495991b7852b855
logs_closure/C2/plant_a_primary/C2-F-A-078__dcsv_cr_mpc.log,0,e3b0c44298fc1c149afbf4c8996fb92427ae41e4649b934ca495991b7852b855
logs_closure/C2/plant_a_primary/C2-F-A-079__contract_only_rolling_mpc.log,0,e3b0c44298fc1c149afbf4c8996fb92427ae41e4649b934ca495991b7852b855
logs_closure/C2/plant_a_primary/C2-F-A-079__dcsv_cr_mpc.log,0,e3b0c44298fc1c149afbf4c8996fb92427ae41e4649b934ca495991b7852b855
logs_closure/C2/plant_a_primary/C2-F-A-080__contract_only_rolling_mpc.log,0,e3b0c44298fc1c149afbf4c8996fb92427ae41e4649b934ca495991b7852b855
logs_closure/C2/plant_a_primary/C2-F-A-080__dcsv_cr_mpc.log,317,a07ba1a5acb810b08e542fd30453f47902a076fa8d343656e1733f4de21cbff7
logs_closure/C2/plant_a_primary/C2-F-A-081__contract_only_rolling_mpc.log,0,e3b0c44298fc1c149afbf4c8996fb92427ae41e4649b934ca495991b7852b855
logs_closure/C2/plant_a_primary/C2-F-A-081__dcsv_cr_mpc.log,0,e3b0c44298fc1c149afbf4c8996fb92427ae41e4649b934ca495991b7852b855
logs_closure/C2/plant_a_primary/C2-F-A-082__contract_only_rolling_mpc.log,0,e3b0c44298fc1c149afbf4c8996fb92427ae41e4649b934ca495991b7852b855
logs_closure/C2/plant_a_primary/C2-F-A-082__dcsv_cr_mpc.log,0,e3b0c44298fc1c149afbf4c8996fb92427ae41e4649b934ca495991b7852b855
logs_closure/C2/plant_a_primary/C2-F-A-083__contract_only_rolling_mpc.log,0,e3b0c44298fc1c149afbf4c8996fb92427ae41e4649b934ca495991b7852b855
logs_closure/C2/plant_a_primary/C2-F-A-083__dcsv_cr_mpc.log,0,e3b0c44298fc1c149afbf4c8996fb92427ae41e4649b934ca495991b7852b855
logs_closure/C2/plant_a_primary/C2-F-A-084__contract_only_rolling_mpc.log,0,e3b0c44298fc1c149afbf4c8996fb92427ae41e4649b934ca495991b7852b855
logs_closure/C2/plant_a_primary/C2-F-A-084__dcsv_cr_mpc.log,317,a07ba1a5acb810b08e542fd30453f47902a076fa8d343656e1733f4de21cbff7
logs_closure/C2/plant_a_primary/C2-F-A-085__contract_only_rolling_mpc.log,0,e3b0c44298fc1c149afbf4c8996fb92427ae41e4649b934ca495991b7852b855
logs_closure/C2/plant_a_primary/C2-F-A-085__dcsv_cr_mpc.log,317,a07ba1a5acb810b08e542fd30453f47902a076fa8d343656e1733f4de21cbff7
logs_closure/C2/plant_a_primary/C2-F-A-086__contract_only_rolling_mpc.log,0,e3b0c44298fc1c149afbf4c8996fb92427ae41e4649b934ca495991b7852b855
logs_closure/C2/plant_a_primary/C2-F-A-086__dcsv_cr_mpc.log,317,a07ba1a5acb810b08e542fd30453f47902a076fa8d343656e1733f4de21cbff7
logs_closure/C2/plant_a_primary/C2-F-A-087__contract_only_rolling_mpc.log,0,e3b0c44298fc1c149afbf4c8996fb92427ae41e4649b934ca495991b7852b855
logs_closure/C2/plant_a_primary/C2-F-A-087__dcsv_cr_mpc.log,0,e3b0c44298fc1c149afbf4c8996fb92427ae41e4649b934ca495991b7852b855
logs_closure/C2/plant_a_primary/C2-F-A-088__contract_only_rolling_mpc.log,0,e3b0c44298fc1c149afbf4c8996fb92427ae41e4649b934ca495991b7852b855
logs_closure/C2/plant_a_primary/C2-F-A-088__dcsv_cr_mpc.log,0,e3b0c44298fc1c149afbf4c8996fb92427ae41e4649b934ca495991b7852b855
logs_closure/C2/plant_a_primary/C2-F-A-089__contract_only_rolling_mpc.log,0,e3b0c44298fc1c149afbf4c8996fb92427ae41e4649b934ca495991b7852b855
logs_closure/C2/plant_a_primary/C2-F-A-089__dcsv_cr_mpc.log,317,a07ba1a5acb810b08e542fd30453f47902a076fa8d343656e1733f4de21cbff7
logs_closure/C2/plant_a_primary/C2-F-A-090__contract_only_rolling_mpc.log,0,e3b0c44298fc1c149afbf4c8996fb92427ae41e4649b934ca495991b7852b855
logs_closure/C2/plant_a_primary/C2-F-A-090__dcsv_cr_mpc.log,317,a07ba1a5acb810b08e542fd30453f47902a076fa8d343656e1733f4de21cbff7
logs_closure/C2/plant_a_primary/C2-F-A-091__contract_only_rolling_mpc.log,0,e3b0c44298fc1c149afbf4c8996fb92427ae41e4649b934ca495991b7852b855
logs_closure/C2/plant_a_primary/C2-F-A-091__dcsv_cr_mpc.log,317,a07ba1a5acb810b08e542fd30453f47902a076fa8d343656e1733f4de21cbff7
logs_closure/C2/plant_a_primary/C2-F-A-092__contract_only_rolling_mpc.log,0,e3b0c44298fc1c149afbf4c8996fb92427ae41e4649b934ca495991b7852b855
logs_closure/C2/plant_a_primary/C2-F-A-092__dcsv_cr_mpc.log,317,a07ba1a5acb810b08e542fd30453f47902a076fa8d343656e1733f4de21cbff7
logs_closure/C2/plant_a_primary/C2-F-A-093__contract_only_rolling_mpc.log,0,e3b0c44298fc1c149afbf4c8996fb92427ae41e4649b934ca495991b7852b855
logs_closure/C2/plant_a_primary/C2-F-A-093__dcsv_cr_mpc.log,0,e3b0c44298fc1c149afbf4c8996fb92427ae41e4649b934ca495991b7852b855
logs_closure/C2/plant_a_primary/C2-F-A-094__contract_only_rolling_mpc.log,0,e3b0c44298fc1c149afbf4c8996fb92427ae41e4649b934ca495991b7852b855
logs_closure/C2/plant_a_primary/C2-F-A-094__dcsv_cr_mpc.log,317,a07ba1a5acb810b08e542fd30453f47902a076fa8d343656e1733f4de21cbff7
logs_closure/C2/plant_a_primary/C2-F-A-095__contract_only_rolling_mpc.log,0,e3b0c44298fc1c149afbf4c8996fb92427ae41e4649b934ca495991b7852b855
logs_closure/C2/plant_a_primary/C2-F-A-095__dcsv_cr_mpc.log,317,a07ba1a5acb810b08e542fd30453f47902a076fa8d343656e1733f4de21cbff7
logs_closure/C2/plant_a_primary/C2-F-A-096__contract_only_rolling_mpc.log,0,e3b0c44298fc1c149afbf4c8996fb92427ae41e4649b934ca495991b7852b855
logs_closure/C2/plant_a_primary/C2-F-A-096__dcsv_cr_mpc.log,317,a07ba1a5acb810b08e542fd30453f47902a076fa8d343656e1733f4de21cbff7
logs_closure/C2/plant_a_primary/C2-F-A-097__contract_only_rolling_mpc.log,0,e3b0c44298fc1c149afbf4c8996fb92427ae41e4649b934ca495991b7852b855
logs_closure/C2/plant_a_primary/C2-F-A-097__dcsv_cr_mpc.log,317,a07ba1a5acb810b08e542fd30453f47902a076fa8d343656e1733f4de21cbff7
logs_closure/C2/plant_a_primary/C2-F-A-098__contract_only_rolling_mpc.log,0,e3b0c44298fc1c149afbf4c8996fb92427ae41e4649b934ca495991b7852b855
logs_closure/C2/plant_a_primary/C2-F-A-098__dcsv_cr_mpc.log,0,e3b0c44298fc1c149afbf4c8996fb92427ae41e4649b934ca495991b7852b855
logs_closure/C2/plant_a_primary/C2-F-A-099__contract_only_rolling_mpc.log,0,e3b0c44298fc1c149afbf4c8996fb92427ae41e4649b934ca495991b7852b855
logs_closure/C2/plant_a_primary/C2-F-A-099__dcsv_cr_mpc.log,0,e3b0c44298fc1c149afbf4c8996fb92427ae41e4649b934ca495991b7852b855
logs_closure/C2/plant_a_primary/C2-F-A-100__contract_only_rolling_mpc.log,0,e3b0c44298fc1c149afbf4c8996fb92427ae41e4649b934ca495991b7852b855
logs_closure/C2/plant_a_primary/C2-F-A-100__dcsv_cr_mpc.log,317,a07ba1a5acb810b08e542fd30453f47902a076fa8d343656e1733f4de21cbff7
logs_closure/C2/plant_a_primary/C2-F-A-101__contract_only_rolling_mpc.log,0,e3b0c44298fc1c149afbf4c8996fb92427ae41e4649b934ca495991b7852b855
logs_closure/C2/plant_a_primary/C2-F-A-101__dcsv_cr_mpc.log,317,a07ba1a5acb810b08e542fd30453f47902a076fa8d343656e1733f4de21cbff7
logs_closure/C2/plant_a_primary/C2-F-A-102__contract_only_rolling_mpc.log,0,e3b0c44298fc1c149afbf4c8996fb92427ae41e4649b934ca495991b7852b855
logs_closure/C2/plant_a_primary/C2-F-A-102__dcsv_cr_mpc.log,317,a07ba1a5acb810b08e542fd30453f47902a076fa8d343656e1733f4de21cbff7
logs_closure/C2/plant_a_primary/C2-F-A-103__contract_only_rolling_mpc.log,0,e3b0c44298fc1c149afbf4c8996fb92427ae41e4649b934ca495991b7852b855
logs_closure/C2/plant_a_primary/C2-F-A-103__dcsv_cr_mpc.log,0,e3b0c44298fc1c149afbf4c8996fb92427ae41e4649b934ca495991b7852b855
logs_closure/C2/plant_a_primary/C2-F-A-104__contract_only_rolling_mpc.log,0,e3b0c44298fc1c149afbf4c8996fb92427ae41e4649b934ca495991b7852b855
logs_closure/C2/plant_a_primary/C2-F-A-104__dcsv_cr_mpc.log,317,a07ba1a5acb810b08e542fd30453f47902a076fa8d343656e1733f4de21cbff7
logs_closure/C2/plant_a_primary/C2-F-A-105__contract_only_rolling_mpc.log,0,e3b0c44298fc1c149afbf4c8996fb92427ae41e4649b934ca495991b7852b855
logs_closure/C2/plant_a_primary/C2-F-A-105__dcsv_cr_mpc.log,317,a07ba1a5acb810b08e542fd30453f47902a076fa8d343656e1733f4de21cbff7
logs_closure/C2/plant_a_primary/C2-F-A-106__contract_only_rolling_mpc.log,0,e3b0c44298fc1c149afbf4c8996fb92427ae41e4649b934ca495991b7852b855
logs_closure/C2/plant_a_primary/C2-F-A-106__dcsv_cr_mpc.log,317,a07ba1a5acb810b08e542fd30453f47902a076fa8d343656e1733f4de21cbff7
logs_closure/C2/plant_a_primary/C2-F-A-107__contract_only_rolling_mpc.log,0,e3b0c44298fc1c149afbf4c8996fb92427ae41e4649b934ca495991b7852b855
logs_closure/C2/plant_a_primary/C2-F-A-107__dcsv_cr_mpc.log,317,a07ba1a5acb810b08e542fd30453f47902a076fa8d343656e1733f4de21cbff7
logs_closure/C2/plant_a_primary/C2-F-A-108__contract_only_rolling_mpc.log,0,e3b0c44298fc1c149afbf4c8996fb92427ae41e4649b934ca495991b7852b855
logs_closure/C2/plant_a_primary/C2-F-A-108__dcsv_cr_mpc.log,317,a07ba1a5acb810b08e542fd30453f47902a076fa8d343656e1733f4de21cbff7
logs_closure/C2/plant_a_primary/C2-F-A-109__contract_only_rolling_mpc.log,0,e3b0c44298fc1c149afbf4c8996fb92427ae41e4649b934ca495991b7852b855
logs_closure/C2/plant_a_primary/C2-F-A-109__dcsv_cr_mpc.log,0,e3b0c44298fc1c149afbf4c8996fb92427ae41e4649b934ca495991b7852b855
logs_closure/C2/plant_a_primary/C2-F-A-110__contract_only_rolling_mpc.log,0,e3b0c44298fc1c149afbf4c8996fb92427ae41e4649b934ca495991b7852b855
logs_closure/C2/plant_a_primary/C2-F-A-110__dcsv_cr_mpc.log,0,e3b0c44298fc1c149afbf4c8996fb92427ae41e4649b934ca495991b7852b855
logs_closure/C2/plant_a_primary/C2-F-A-111__contract_only_rolling_mpc.log,0,e3b0c44298fc1c149afbf4c8996fb92427ae41e4649b934ca495991b7852b855
logs_closure/C2/plant_a_primary/C2-F-A-111__dcsv_cr_mpc.log,0,e3b0c44298fc1c149afbf4c8996fb92427ae41e4649b934ca495991b7852b855
logs_closure/C2/plant_a_primary/C2-F-A-112__contract_only_rolling_mpc.log,0,e3b0c44298fc1c149afbf4c8996fb92427ae41e4649b934ca495991b7852b855
logs_closure/C2/plant_a_primary/C2-F-A-112__dcsv_cr_mpc.log,317,a07ba1a5acb810b08e542fd30453f47902a076fa8d343656e1733f4de21cbff7
logs_closure/C2/plant_a_primary/C2-F-A-113__contract_only_rolling_mpc.log,0,e3b0c44298fc1c149afbf4c8996fb92427ae41e4649b934ca495991b7852b855
logs_closure/C2/plant_a_primary/C2-F-A-113__dcsv_cr_mpc.log,317,a07ba1a5acb810b08e542fd30453f47902a076fa8d343656e1733f4de21cbff7
logs_closure/C2/plant_a_primary/C2-F-A-114__contract_only_rolling_mpc.log,0,e3b0c44298fc1c149afbf4c8996fb92427ae41e4649b934ca495991b7852b855
logs_closure/C2/plant_a_primary/C2-F-A-114__dcsv_cr_mpc.log,317,a07ba1a5acb810b08e542fd30453f47902a076fa8d343656e1733f4de21cbff7
logs_closure/C2/plant_a_primary/C2-F-A-115__contract_only_rolling_mpc.log,0,e3b0c44298fc1c149afbf4c8996fb92427ae41e4649b934ca495991b7852b855
logs_closure/C2/plant_a_primary/C2-F-A-115__dcsv_cr_mpc.log,0,e3b0c44298fc1c149afbf4c8996fb92427ae41e4649b934ca495991b7852b855
logs_closure/C2/plant_a_primary/C2-F-A-116__contract_only_rolling_mpc.log,0,e3b0c44298fc1c149afbf4c8996fb92427ae41e4649b934ca495991b7852b855
logs_closure/C2/plant_a_primary/C2-F-A-116__dcsv_cr_mpc.log,317,a07ba1a5acb810b08e542fd30453f47902a076fa8d343656e1733f4de21cbff7
logs_closure/C2/plant_a_primary/C2-F-A-117__contract_only_rolling_mpc.log,0,e3b0c44298fc1c149afbf4c8996fb92427ae41e4649b934ca495991b7852b855
logs_closure/C2/plant_a_primary/C2-F-A-117__dcsv_cr_mpc.log,317,a07ba1a5acb810b08e542fd30453f47902a076fa8d343656e1733f4de21cbff7
logs_closure/C2/plant_a_primary/C2-F-A-118__contract_only_rolling_mpc.log,0,e3b0c44298fc1c149afbf4c8996fb92427ae41e4649b934ca495991b7852b855
logs_closure/C2/plant_a_primary/C2-F-A-118__dcsv_cr_mpc.log,317,a07ba1a5acb810b08e542fd30453f47902a076fa8d343656e1733f4de21cbff7
logs_closure/C2/plant_a_primary/C2-F-A-119__contract_only_rolling_mpc.log,0,e3b0c44298fc1c149afbf4c8996fb92427ae41e4649b934ca495991b7852b855
logs_closure/C2/plant_a_primary/C2-F-A-119__dcsv_cr_mpc.log,317,a07ba1a5acb810b08e542fd30453f47902a076fa8d343656e1733f4de21cbff7
logs_closure/C2/plant_a_supplemental/C2-F-A-000__fixed_allocation_anti_windup_pi.log,0,e3b0c44298fc1c149afbf4c8996fb92427ae41e4649b934ca495991b7852b855
logs_closure/C2/plant_a_supplemental/C2-F-A-000__model_adaptive_mpc.log,0,e3b0c44298fc1c149afbf4c8996fb92427ae41e4649b934ca495991b7852b855
logs_closure/C2/plant_a_supplemental/C2-F-A-000__nominal_offset_free_mpc.log,0,e3b0c44298fc1c149afbf4c8996fb92427ae41e4649b934ca495991b7852b855
logs_closure/C2/plant_a_supplemental/C2-F-A-000__sg_only_anti_windup_pi.log,0,e3b0c44298fc1c149afbf4c8996fb92427ae41e4649b934ca495991b7852b855
logs_closure/C2/plant_a_supplemental/C2-F-A-000__true_capability_oracle_mpc.log,0,e3b0c44298fc1c149afbf4c8996fb92427ae41e4649b934ca495991b7852b855
logs_closure/C2/plant_a_supplemental/C2-F-A-001__fixed_allocation_anti_windup_pi.log,0,e3b0c44298fc1c149afbf4c8996fb92427ae41e4649b934ca495991b7852b855
logs_closure/C2/plant_a_supplemental/C2-F-A-001__model_adaptive_mpc.log,0,e3b0c44298fc1c149afbf4c8996fb92427ae41e4649b934ca495991b7852b855
logs_closure/C2/plant_a_supplemental/C2-F-A-001__nominal_offset_free_mpc.log,0,e3b0c44298fc1c149afbf4c8996fb92427ae41e4649b934ca495991b7852b855
logs_closure/C2/plant_a_supplemental/C2-F-A-001__sg_only_anti_windup_pi.log,0,e3b0c44298fc1c149afbf4c8996fb92427ae41e4649b934ca495991b7852b855
logs_closure/C2/plant_a_supplemental/C2-F-A-001__true_capability_oracle_mpc.log,0,e3b0c44298fc1c149afbf4c8996fb92427ae41e4649b934ca495991b7852b855
logs_closure/C2/plant_a_supplemental/C2-F-A-010__fixed_allocation_anti_windup_pi.log,0,e3b0c44298fc1c149afbf4c8996fb92427ae41e4649b934ca495991b7852b855
logs_closure/C2/plant_a_supplemental/C2-F-A-010__model_adaptive_mpc.log,0,e3b0c44298fc1c149afbf4c8996fb92427ae41e4649b934ca495991b7852b855
logs_closure/C2/plant_a_supplemental/C2-F-A-010__nominal_offset_free_mpc.log,0,e3b0c44298fc1c149afbf4c8996fb92427ae41e4649b934ca495991b7852b855
logs_closure/C2/plant_a_supplemental/C2-F-A-010__sg_only_anti_windup_pi.log,0,e3b0c44298fc1c149afbf4c8996fb92427ae41e4649b934ca495991b7852b855
logs_closure/C2/plant_a_supplemental/C2-F-A-010__true_capability_oracle_mpc.log,0,e3b0c44298fc1c149afbf4c8996fb92427ae41e4649b934ca495991b7852b855
logs_closure/C2/plant_a_supplemental/C2-F-A-011__fixed_allocation_anti_windup_pi.log,0,e3b0c44298fc1c149afbf4c8996fb92427ae41e4649b934ca495991b7852b855
logs_closure/C2/plant_a_supplemental/C2-F-A-011__model_adaptive_mpc.log,0,e3b0c44298fc1c149afbf4c8996fb92427ae41e4649b934ca495991b7852b855
logs_closure/C2/plant_a_supplemental/C2-F-A-011__nominal_offset_free_mpc.log,0,e3b0c44298fc1c149afbf4c8996fb92427ae41e4649b934ca495991b7852b855
logs_closure/C2/plant_a_supplemental/C2-F-A-011__sg_only_anti_windup_pi.log,0,e3b0c44298fc1c149afbf4c8996fb92427ae41e4649b934ca495991b7852b855
logs_closure/C2/plant_a_supplemental/C2-F-A-011__true_capability_oracle_mpc.log,0,e3b0c44298fc1c149afbf4c8996fb92427ae41e4649b934ca495991b7852b855
logs_closure/C2/plant_a_supplemental/C2-F-A-020__fixed_allocation_anti_windup_pi.log,0,e3b0c44298fc1c149afbf4c8996fb92427ae41e4649b934ca495991b7852b855
logs_closure/C2/plant_a_supplemental/C2-F-A-020__model_adaptive_mpc.log,0,e3b0c44298fc1c149afbf4c8996fb92427ae41e4649b934ca495991b7852b855
logs_closure/C2/plant_a_supplemental/C2-F-A-020__nominal_offset_free_mpc.log,0,e3b0c44298fc1c149afbf4c8996fb92427ae41e4649b934ca495991b7852b855
logs_closure/C2/plant_a_supplemental/C2-F-A-020__sg_only_anti_windup_pi.log,0,e3b0c44298fc1c149afbf4c8996fb92427ae41e4649b934ca495991b7852b855
logs_closure/C2/plant_a_supplemental/C2-F-A-020__true_capability_oracle_mpc.log,0,e3b0c44298fc1c149afbf4c8996fb92427ae41e4649b934ca495991b7852b855
logs_closure/C2/plant_a_supplemental/C2-F-A-021__fixed_allocation_anti_windup_pi.log,0,e3b0c44298fc1c149afbf4c8996fb92427ae41e4649b934ca495991b7852b855
logs_closure/C2/plant_a_supplemental/C2-F-A-021__model_adaptive_mpc.log,0,e3b0c44298fc1c149afbf4c8996fb92427ae41e4649b934ca495991b7852b855
logs_closure/C2/plant_a_supplemental/C2-F-A-021__nominal_offset_free_mpc.log,0,e3b0c44298fc1c149afbf4c8996fb92427ae41e4649b934ca495991b7852b855
logs_closure/C2/plant_a_supplemental/C2-F-A-021__sg_only_anti_windup_pi.log,0,e3b0c44298fc1c149afbf4c8996fb92427ae41e4649b934ca495991b7852b855
logs_closure/C2/plant_a_supplemental/C2-F-A-021__true_capability_oracle_mpc.log,0,e3b0c44298fc1c149afbf4c8996fb92427ae41e4649b934ca495991b7852b855
logs_closure/C2/plant_a_supplemental/C2-F-A-030__fixed_allocation_anti_windup_pi.log,0,e3b0c44298fc1c149afbf4c8996fb92427ae41e4649b934ca495991b7852b855
logs_closure/C2/plant_a_supplemental/C2-F-A-030__model_adaptive_mpc.log,0,e3b0c44298fc1c149afbf4c8996fb92427ae41e4649b934ca495991b7852b855
logs_closure/C2/plant_a_supplemental/C2-F-A-030__nominal_offset_free_mpc.log,0,e3b0c44298fc1c149afbf4c8996fb92427ae41e4649b934ca495991b7852b855
logs_closure/C2/plant_a_supplemental/C2-F-A-030__sg_only_anti_windup_pi.log,0,e3b0c44298fc1c149afbf4c8996fb92427ae41e4649b934ca495991b7852b855
logs_closure/C2/plant_a_supplemental/C2-F-A-030__true_capability_oracle_mpc.log,0,e3b0c44298fc1c149afbf4c8996fb92427ae41e4649b934ca495991b7852b855
logs_closure/C2/plant_a_supplemental/C2-F-A-031__fixed_allocation_anti_windup_pi.log,0,e3b0c44298fc1c149afbf4c8996fb92427ae41e4649b934ca495991b7852b855
logs_closure/C2/plant_a_supplemental/C2-F-A-031__model_adaptive_mpc.log,0,e3b0c44298fc1c149afbf4c8996fb92427ae41e4649b934ca495991b7852b855
logs_closure/C2/plant_a_supplemental/C2-F-A-031__nominal_offset_free_mpc.log,0,e3b0c44298fc1c149afbf4c8996fb92427ae41e4649b934ca495991b7852b855
logs_closure/C2/plant_a_supplemental/C2-F-A-031__sg_only_anti_windup_pi.log,0,e3b0c44298fc1c149afbf4c8996fb92427ae41e4649b934ca495991b7852b855
logs_closure/C2/plant_a_supplemental/C2-F-A-031__true_capability_oracle_mpc.log,0,e3b0c44298fc1c149afbf4c8996fb92427ae41e4649b934ca495991b7852b855
logs_closure/C2/plant_a_supplemental/C2-F-A-040__fixed_allocation_anti_windup_pi.log,0,e3b0c44298fc1c149afbf4c8996fb92427ae41e4649b934ca495991b7852b855
logs_closure/C2/plant_a_supplemental/C2-F-A-040__model_adaptive_mpc.log,0,e3b0c44298fc1c149afbf4c8996fb92427ae41e4649b934ca495991b7852b855
logs_closure/C2/plant_a_supplemental/C2-F-A-040__nominal_offset_free_mpc.log,0,e3b0c44298fc1c149afbf4c8996fb92427ae41e4649b934ca495991b7852b855
logs_closure/C2/plant_a_supplemental/C2-F-A-040__sg_only_anti_windup_pi.log,0,e3b0c44298fc1c149afbf4c8996fb92427ae41e4649b934ca495991b7852b855
logs_closure/C2/plant_a_supplemental/C2-F-A-040__true_capability_oracle_mpc.log,0,e3b0c44298fc1c149afbf4c8996fb92427ae41e4649b934ca495991b7852b855
logs_closure/C2/plant_a_supplemental/C2-F-A-041__fixed_allocation_anti_windup_pi.log,0,e3b0c44298fc1c149afbf4c8996fb92427ae41e4649b934ca495991b7852b855
logs_closure/C2/plant_a_supplemental/C2-F-A-041__model_adaptive_mpc.log,0,e3b0c44298fc1c149afbf4c8996fb92427ae41e4649b934ca495991b7852b855
logs_closure/C2/plant_a_supplemental/C2-F-A-041__nominal_offset_free_mpc.log,0,e3b0c44298fc1c149afbf4c8996fb92427ae41e4649b934ca495991b7852b855
logs_closure/C2/plant_a_supplemental/C2-F-A-041__sg_only_anti_windup_pi.log,0,e3b0c44298fc1c149afbf4c8996fb92427ae41e4649b934ca495991b7852b855
logs_closure/C2/plant_a_supplemental/C2-F-A-041__true_capability_oracle_mpc.log,0,e3b0c44298fc1c149afbf4c8996fb92427ae41e4649b934ca495991b7852b855
logs_closure/C2/plant_a_supplemental/C2-F-A-050__fixed_allocation_anti_windup_pi.log,0,e3b0c44298fc1c149afbf4c8996fb92427ae41e4649b934ca495991b7852b855
logs_closure/C2/plant_a_supplemental/C2-F-A-050__model_adaptive_mpc.log,0,e3b0c44298fc1c149afbf4c8996fb92427ae41e4649b934ca495991b7852b855
logs_closure/C2/plant_a_supplemental/C2-F-A-050__nominal_offset_free_mpc.log,0,e3b0c44298fc1c149afbf4c8996fb92427ae41e4649b934ca495991b7852b855
logs_closure/C2/plant_a_supplemental/C2-F-A-050__sg_only_anti_windup_pi.log,0,e3b0c44298fc1c149afbf4c8996fb92427ae41e4649b934ca495991b7852b855
logs_closure/C2/plant_a_supplemental/C2-F-A-050__true_capability_oracle_mpc.log,0,e3b0c44298fc1c149afbf4c8996fb92427ae41e4649b934ca495991b7852b855
logs_closure/C2/plant_a_supplemental/C2-F-A-051__fixed_allocation_anti_windup_pi.log,0,e3b0c44298fc1c149afbf4c8996fb92427ae41e4649b934ca495991b7852b855
logs_closure/C2/plant_a_supplemental/C2-F-A-051__model_adaptive_mpc.log,0,e3b0c44298fc1c149afbf4c8996fb92427ae41e4649b934ca495991b7852b855
logs_closure/C2/plant_a_supplemental/C2-F-A-051__nominal_offset_free_mpc.log,0,e3b0c44298fc1c149afbf4c8996fb92427ae41e4649b934ca495991b7852b855
logs_closure/C2/plant_a_supplemental/C2-F-A-051__sg_only_anti_windup_pi.log,0,e3b0c44298fc1c149afbf4c8996fb92427ae41e4649b934ca495991b7852b855
logs_closure/C2/plant_a_supplemental/C2-F-A-051__true_capability_oracle_mpc.log,0,e3b0c44298fc1c149afbf4c8996fb92427ae41e4649b934ca495991b7852b855
logs_closure/C2/plant_a_supplemental/C2-F-A-060__fixed_allocation_anti_windup_pi.log,0,e3b0c44298fc1c149afbf4c8996fb92427ae41e4649b934ca495991b7852b855
logs_closure/C2/plant_a_supplemental/C2-F-A-060__model_adaptive_mpc.log,0,e3b0c44298fc1c149afbf4c8996fb92427ae41e4649b934ca495991b7852b855
logs_closure/C2/plant_a_supplemental/C2-F-A-060__nominal_offset_free_mpc.log,0,e3b0c44298fc1c149afbf4c8996fb92427ae41e4649b934ca495991b7852b855
logs_closure/C2/plant_a_supplemental/C2-F-A-060__sg_only_anti_windup_pi.log,0,e3b0c44298fc1c149afbf4c8996fb92427ae41e4649b934ca495991b7852b855
logs_closure/C2/plant_a_supplemental/C2-F-A-060__true_capability_oracle_mpc.log,0,e3b0c44298fc1c149afbf4c8996fb92427ae41e4649b934ca495991b7852b855
logs_closure/C2/plant_a_supplemental/C2-F-A-061__fixed_allocation_anti_windup_pi.log,0,e3b0c44298fc1c149afbf4c8996fb92427ae41e4649b934ca495991b7852b855
logs_closure/C2/plant_a_supplemental/C2-F-A-061__model_adaptive_mpc.log,0,e3b0c44298fc1c149afbf4c8996fb92427ae41e4649b934ca495991b7852b855
logs_closure/C2/plant_a_supplemental/C2-F-A-061__nominal_offset_free_mpc.log,0,e3b0c44298fc1c149afbf4c8996fb92427ae41e4649b934ca495991b7852b855
logs_closure/C2/plant_a_supplemental/C2-F-A-061__sg_only_anti_windup_pi.log,0,e3b0c44298fc1c149afbf4c8996fb92427ae41e4649b934ca495991b7852b855
logs_closure/C2/plant_a_supplemental/C2-F-A-061__true_capability_oracle_mpc.log,0,e3b0c44298fc1c149afbf4c8996fb92427ae41e4649b934ca495991b7852b855
logs_closure/C2/plant_a_supplemental/C2-F-A-070__fixed_allocation_anti_windup_pi.log,0,e3b0c44298fc1c149afbf4c8996fb92427ae41e4649b934ca495991b7852b855
logs_closure/C2/plant_a_supplemental/C2-F-A-070__model_adaptive_mpc.log,0,e3b0c44298fc1c149afbf4c8996fb92427ae41e4649b934ca495991b7852b855
logs_closure/C2/plant_a_supplemental/C2-F-A-070__nominal_offset_free_mpc.log,0,e3b0c44298fc1c149afbf4c8996fb92427ae41e4649b934ca495991b7852b855
logs_closure/C2/plant_a_supplemental/C2-F-A-070__sg_only_anti_windup_pi.log,0,e3b0c44298fc1c149afbf4c8996fb92427ae41e4649b934ca495991b7852b855
logs_closure/C2/plant_a_supplemental/C2-F-A-070__true_capability_oracle_mpc.log,0,e3b0c44298fc1c149afbf4c8996fb92427ae41e4649b934ca495991b7852b855
logs_closure/C2/plant_a_supplemental/C2-F-A-071__fixed_allocation_anti_windup_pi.log,0,e3b0c44298fc1c149afbf4c8996fb92427ae41e4649b934ca495991b7852b855
logs_closure/C2/plant_a_supplemental/C2-F-A-071__model_adaptive_mpc.log,0,e3b0c44298fc1c149afbf4c8996fb92427ae41e4649b934ca495991b7852b855
logs_closure/C2/plant_a_supplemental/C2-F-A-071__nominal_offset_free_mpc.log,0,e3b0c44298fc1c149afbf4c8996fb92427ae41e4649b934ca495991b7852b855
logs_closure/C2/plant_a_supplemental/C2-F-A-071__sg_only_anti_windup_pi.log,0,e3b0c44298fc1c149afbf4c8996fb92427ae41e4649b934ca495991b7852b855
logs_closure/C2/plant_a_supplemental/C2-F-A-071__true_capability_oracle_mpc.log,0,e3b0c44298fc1c149afbf4c8996fb92427ae41e4649b934ca495991b7852b855
logs_closure/C2/plant_a_supplemental/C2-F-A-080__fixed_allocation_anti_windup_pi.log,0,e3b0c44298fc1c149afbf4c8996fb92427ae41e4649b934ca495991b7852b855
logs_closure/C2/plant_a_supplemental/C2-F-A-080__model_adaptive_mpc.log,0,e3b0c44298fc1c149afbf4c8996fb92427ae41e4649b934ca495991b7852b855
logs_closure/C2/plant_a_supplemental/C2-F-A-080__nominal_offset_free_mpc.log,0,e3b0c44298fc1c149afbf4c8996fb92427ae41e4649b934ca495991b7852b855
logs_closure/C2/plant_a_supplemental/C2-F-A-080__sg_only_anti_windup_pi.log,0,e3b0c44298fc1c149afbf4c8996fb92427ae41e4649b934ca495991b7852b855
logs_closure/C2/plant_a_supplemental/C2-F-A-080__true_capability_oracle_mpc.log,0,e3b0c44298fc1c149afbf4c8996fb92427ae41e4649b934ca495991b7852b855
logs_closure/C2/plant_a_supplemental/C2-F-A-081__fixed_allocation_anti_windup_pi.log,0,e3b0c44298fc1c149afbf4c8996fb92427ae41e4649b934ca495991b7852b855
logs_closure/C2/plant_a_supplemental/C2-F-A-081__model_adaptive_mpc.log,0,e3b0c44298fc1c149afbf4c8996fb92427ae41e4649b934ca495991b7852b855
logs_closure/C2/plant_a_supplemental/C2-F-A-081__nominal_offset_free_mpc.log,320,e273c8b1ba85ef1e99cfd0029236a8bfb80be6eead49f4b2f8a6409811418491
logs_closure/C2/plant_a_supplemental/C2-F-A-081__sg_only_anti_windup_pi.log,0,e3b0c44298fc1c149afbf4c8996fb92427ae41e4649b934ca495991b7852b855
logs_closure/C2/plant_a_supplemental/C2-F-A-081__true_capability_oracle_mpc.log,320,e273c8b1ba85ef1e99cfd0029236a8bfb80be6eead49f4b2f8a6409811418491
logs_closure/C2/plant_a_supplemental/C2-F-A-090__fixed_allocation_anti_windup_pi.log,0,e3b0c44298fc1c149afbf4c8996fb92427ae41e4649b934ca495991b7852b855
logs_closure/C2/plant_a_supplemental/C2-F-A-090__model_adaptive_mpc.log,0,e3b0c44298fc1c149afbf4c8996fb92427ae41e4649b934ca495991b7852b855
logs_closure/C2/plant_a_supplemental/C2-F-A-090__nominal_offset_free_mpc.log,0,e3b0c44298fc1c149afbf4c8996fb92427ae41e4649b934ca495991b7852b855
logs_closure/C2/plant_a_supplemental/C2-F-A-090__sg_only_anti_windup_pi.log,0,e3b0c44298fc1c149afbf4c8996fb92427ae41e4649b934ca495991b7852b855
logs_closure/C2/plant_a_supplemental/C2-F-A-090__true_capability_oracle_mpc.log,0,e3b0c44298fc1c149afbf4c8996fb92427ae41e4649b934ca495991b7852b855
logs_closure/C2/plant_a_supplemental/C2-F-A-091__fixed_allocation_anti_windup_pi.log,0,e3b0c44298fc1c149afbf4c8996fb92427ae41e4649b934ca495991b7852b855
logs_closure/C2/plant_a_supplemental/C2-F-A-091__model_adaptive_mpc.log,0,e3b0c44298fc1c149afbf4c8996fb92427ae41e4649b934ca495991b7852b855
logs_closure/C2/plant_a_supplemental/C2-F-A-091__nominal_offset_free_mpc.log,0,e3b0c44298fc1c149afbf4c8996fb92427ae41e4649b934ca495991b7852b855
logs_closure/C2/plant_a_supplemental/C2-F-A-091__sg_only_anti_windup_pi.log,0,e3b0c44298fc1c149afbf4c8996fb92427ae41e4649b934ca495991b7852b855
logs_closure/C2/plant_a_supplemental/C2-F-A-091__true_capability_oracle_mpc.log,0,e3b0c44298fc1c149afbf4c8996fb92427ae41e4649b934ca495991b7852b855
logs_closure/C2/plant_a_supplemental/C2-F-A-100__fixed_allocation_anti_windup_pi.log,0,e3b0c44298fc1c149afbf4c8996fb92427ae41e4649b934ca495991b7852b855
logs_closure/C2/plant_a_supplemental/C2-F-A-100__model_adaptive_mpc.log,0,e3b0c44298fc1c149afbf4c8996fb92427ae41e4649b934ca495991b7852b855
logs_closure/C2/plant_a_supplemental/C2-F-A-100__nominal_offset_free_mpc.log,0,e3b0c44298fc1c149afbf4c8996fb92427ae41e4649b934ca495991b7852b855
logs_closure/C2/plant_a_supplemental/C2-F-A-100__sg_only_anti_windup_pi.log,0,e3b0c44298fc1c149afbf4c8996fb92427ae41e4649b934ca495991b7852b855
logs_closure/C2/plant_a_supplemental/C2-F-A-100__true_capability_oracle_mpc.log,0,e3b0c44298fc1c149afbf4c8996fb92427ae41e4649b934ca495991b7852b855
logs_closure/C2/plant_a_supplemental/C2-F-A-101__fixed_allocation_anti_windup_pi.log,0,e3b0c44298fc1c149afbf4c8996fb92427ae41e4649b934ca495991b7852b855
logs_closure/C2/plant_a_supplemental/C2-F-A-101__model_adaptive_mpc.log,0,e3b0c44298fc1c149afbf4c8996fb92427ae41e4649b934ca495991b7852b855
logs_closure/C2/plant_a_supplemental/C2-F-A-101__nominal_offset_free_mpc.log,0,e3b0c44298fc1c149afbf4c8996fb92427ae41e4649b934ca495991b7852b855
logs_closure/C2/plant_a_supplemental/C2-F-A-101__sg_only_anti_windup_pi.log,0,e3b0c44298fc1c149afbf4c8996fb92427ae41e4649b934ca495991b7852b855
logs_closure/C2/plant_a_supplemental/C2-F-A-101__true_capability_oracle_mpc.log,0,e3b0c44298fc1c149afbf4c8996fb92427ae41e4649b934ca495991b7852b855
logs_closure/C2/plant_a_supplemental/C2-F-A-110__fixed_allocation_anti_windup_pi.log,0,e3b0c44298fc1c149afbf4c8996fb92427ae41e4649b934ca495991b7852b855
logs_closure/C2/plant_a_supplemental/C2-F-A-110__model_adaptive_mpc.log,0,e3b0c44298fc1c149afbf4c8996fb92427ae41e4649b934ca495991b7852b855
logs_closure/C2/plant_a_supplemental/C2-F-A-110__nominal_offset_free_mpc.log,0,e3b0c44298fc1c149afbf4c8996fb92427ae41e4649b934ca495991b7852b855
logs_closure/C2/plant_a_supplemental/C2-F-A-110__sg_only_anti_windup_pi.log,0,e3b0c44298fc1c149afbf4c8996fb92427ae41e4649b934ca495991b7852b855
logs_closure/C2/plant_a_supplemental/C2-F-A-110__true_capability_oracle_mpc.log,0,e3b0c44298fc1c149afbf4c8996fb92427ae41e4649b934ca495991b7852b855
logs_closure/C2/plant_a_supplemental/C2-F-A-111__fixed_allocation_anti_windup_pi.log,0,e3b0c44298fc1c149afbf4c8996fb92427ae41e4649b934ca495991b7852b855
logs_closure/C2/plant_a_supplemental/C2-F-A-111__model_adaptive_mpc.log,0,e3b0c44298fc1c149afbf4c8996fb92427ae41e4649b934ca495991b7852b855
logs_closure/C2/plant_a_supplemental/C2-F-A-111__nominal_offset_free_mpc.log,0,e3b0c44298fc1c149afbf4c8996fb92427ae41e4649b934ca495991b7852b855
logs_closure/C2/plant_a_supplemental/C2-F-A-111__sg_only_anti_windup_pi.log,0,e3b0c44298fc1c149afbf4c8996fb92427ae41e4649b934ca495991b7852b855
logs_closure/C2/plant_a_supplemental/C2-F-A-111__true_capability_oracle_mpc.log,0,e3b0c44298fc1c149afbf4c8996fb92427ae41e4649b934ca495991b7852b855
logs_closure/C2/plant_b/C2-F-B-000__contract_only_rolling_mpc.log,616,a51d58cb6be291db547a1860ba606bdfaf58272cd6935894d2a9b2f35bfc583f
logs_closure/C2/plant_b/C2-F-B-000__dcsv_cr_mpc.log,616,a51d58cb6be291db547a1860ba606bdfaf58272cd6935894d2a9b2f35bfc583f
logs_closure/C2/plant_b/C2-F-B-001__contract_only_rolling_mpc.log,616,a51d58cb6be291db547a1860ba606bdfaf58272cd6935894d2a9b2f35bfc583f
logs_closure/C2/plant_b/C2-F-B-001__dcsv_cr_mpc.log,616,a51d58cb6be291db547a1860ba606bdfaf58272cd6935894d2a9b2f35bfc583f
logs_closure/C2/plant_b/C2-F-B-002__contract_only_rolling_mpc.log,616,a51d58cb6be291db547a1860ba606bdfaf58272cd6935894d2a9b2f35bfc583f
logs_closure/C2/plant_b/C2-F-B-002__dcsv_cr_mpc.log,616,a51d58cb6be291db547a1860ba606bdfaf58272cd6935894d2a9b2f35bfc583f
logs_closure/C2/plant_b/C2-F-B-003__contract_only_rolling_mpc.log,616,a51d58cb6be291db547a1860ba606bdfaf58272cd6935894d2a9b2f35bfc583f
logs_closure/C2/plant_b/C2-F-B-003__dcsv_cr_mpc.log,616,a51d58cb6be291db547a1860ba606bdfaf58272cd6935894d2a9b2f35bfc583f
logs_closure/C2/plant_b/C2-F-B-004__contract_only_rolling_mpc.log,616,a51d58cb6be291db547a1860ba606bdfaf58272cd6935894d2a9b2f35bfc583f
logs_closure/C2/plant_b/C2-F-B-004__dcsv_cr_mpc.log,616,a51d58cb6be291db547a1860ba606bdfaf58272cd6935894d2a9b2f35bfc583f
logs_closure/C2/plant_b/C2-F-B-005__contract_only_rolling_mpc.log,616,a51d58cb6be291db547a1860ba606bdfaf58272cd6935894d2a9b2f35bfc583f
logs_closure/C2/plant_b/C2-F-B-005__dcsv_cr_mpc.log,616,a51d58cb6be291db547a1860ba606bdfaf58272cd6935894d2a9b2f35bfc583f
logs_closure/C2/plant_b/C2-F-B-006__contract_only_rolling_mpc.log,616,a51d58cb6be291db547a1860ba606bdfaf58272cd6935894d2a9b2f35bfc583f
logs_closure/C2/plant_b/C2-F-B-006__dcsv_cr_mpc.log,616,a51d58cb6be291db547a1860ba606bdfaf58272cd6935894d2a9b2f35bfc583f
logs_closure/C2/plant_b/C2-F-B-007__contract_only_rolling_mpc.log,616,a51d58cb6be291db547a1860ba606bdfaf58272cd6935894d2a9b2f35bfc583f
logs_closure/C2/plant_b/C2-F-B-007__dcsv_cr_mpc.log,616,a51d58cb6be291db547a1860ba606bdfaf58272cd6935894d2a9b2f35bfc583f
logs_closure/C2/plant_b/C2-F-B-008__contract_only_rolling_mpc.log,616,a51d58cb6be291db547a1860ba606bdfaf58272cd6935894d2a9b2f35bfc583f
logs_closure/C2/plant_b/C2-F-B-008__dcsv_cr_mpc.log,616,a51d58cb6be291db547a1860ba606bdfaf58272cd6935894d2a9b2f35bfc583f
logs_closure/C2/plant_b/C2-F-B-009__contract_only_rolling_mpc.log,616,a51d58cb6be291db547a1860ba606bdfaf58272cd6935894d2a9b2f35bfc583f
logs_closure/C2/plant_b/C2-F-B-009__dcsv_cr_mpc.log,616,a51d58cb6be291db547a1860ba606bdfaf58272cd6935894d2a9b2f35bfc583f
logs_closure/C2/plant_b/C2-F-B-010__contract_only_rolling_mpc.log,616,a51d58cb6be291db547a1860ba606bdfaf58272cd6935894d2a9b2f35bfc583f
logs_closure/C2/plant_b/C2-F-B-010__dcsv_cr_mpc.log,616,a51d58cb6be291db547a1860ba606bdfaf58272cd6935894d2a9b2f35bfc583f
logs_closure/C2/plant_b/C2-F-B-011__contract_only_rolling_mpc.log,616,a51d58cb6be291db547a1860ba606bdfaf58272cd6935894d2a9b2f35bfc583f
logs_closure/C2/plant_b/C2-F-B-011__dcsv_cr_mpc.log,616,a51d58cb6be291db547a1860ba606bdfaf58272cd6935894d2a9b2f35bfc583f
logs_closure/C2/plant_b/C2-F-B-012__contract_only_rolling_mpc.log,616,a51d58cb6be291db547a1860ba606bdfaf58272cd6935894d2a9b2f35bfc583f
logs_closure/C2/plant_b/C2-F-B-012__dcsv_cr_mpc.log,616,a51d58cb6be291db547a1860ba606bdfaf58272cd6935894d2a9b2f35bfc583f
logs_closure/C2/plant_b/C2-F-B-013__contract_only_rolling_mpc.log,616,a51d58cb6be291db547a1860ba606bdfaf58272cd6935894d2a9b2f35bfc583f
logs_closure/C2/plant_b/C2-F-B-013__dcsv_cr_mpc.log,616,a51d58cb6be291db547a1860ba606bdfaf58272cd6935894d2a9b2f35bfc583f
logs_closure/C2/plant_b/C2-F-B-014__contract_only_rolling_mpc.log,616,a51d58cb6be291db547a1860ba606bdfaf58272cd6935894d2a9b2f35bfc583f
logs_closure/C2/plant_b/C2-F-B-014__dcsv_cr_mpc.log,923,9b717866458065a4a140a4015540f57b80e890f8468b36d62049d440229b0e6c
logs_closure/C2/plant_b/C2-F-B-015__contract_only_rolling_mpc.log,616,a51d58cb6be291db547a1860ba606bdfaf58272cd6935894d2a9b2f35bfc583f
logs_closure/C2/plant_b/C2-F-B-015__dcsv_cr_mpc.log,616,a51d58cb6be291db547a1860ba606bdfaf58272cd6935894d2a9b2f35bfc583f
logs_closure/C2/plant_b/C2-F-B-016__contract_only_rolling_mpc.log,616,a51d58cb6be291db547a1860ba606bdfaf58272cd6935894d2a9b2f35bfc583f
logs_closure/C2/plant_b/C2-F-B-016__dcsv_cr_mpc.log,616,a51d58cb6be291db547a1860ba606bdfaf58272cd6935894d2a9b2f35bfc583f
logs_closure/C2/plant_b/C2-F-B-017__contract_only_rolling_mpc.log,616,a51d58cb6be291db547a1860ba606bdfaf58272cd6935894d2a9b2f35bfc583f
logs_closure/C2/plant_b/C2-F-B-017__dcsv_cr_mpc.log,616,a51d58cb6be291db547a1860ba606bdfaf58272cd6935894d2a9b2f35bfc583f
logs_closure/C2/plant_b/C2-F-B-018__contract_only_rolling_mpc.log,616,a51d58cb6be291db547a1860ba606bdfaf58272cd6935894d2a9b2f35bfc583f
logs_closure/C2/plant_b/C2-F-B-018__dcsv_cr_mpc.log,616,a51d58cb6be291db547a1860ba606bdfaf58272cd6935894d2a9b2f35bfc583f
logs_closure/C2/plant_b/C2-F-B-019__contract_only_rolling_mpc.log,616,a51d58cb6be291db547a1860ba606bdfaf58272cd6935894d2a9b2f35bfc583f
logs_closure/C2/plant_b/C2-F-B-019__dcsv_cr_mpc.log,616,a51d58cb6be291db547a1860ba606bdfaf58272cd6935894d2a9b2f35bfc583f
logs_closure/C2/plant_b/C2-F-B-020__contract_only_rolling_mpc.log,616,a51d58cb6be291db547a1860ba606bdfaf58272cd6935894d2a9b2f35bfc583f
logs_closure/C2/plant_b/C2-F-B-020__dcsv_cr_mpc.log,616,a51d58cb6be291db547a1860ba606bdfaf58272cd6935894d2a9b2f35bfc583f
logs_closure/C2/plant_b/C2-F-B-021__contract_only_rolling_mpc.log,616,a51d58cb6be291db547a1860ba606bdfaf58272cd6935894d2a9b2f35bfc583f
logs_closure/C2/plant_b/C2-F-B-021__dcsv_cr_mpc.log,616,a51d58cb6be291db547a1860ba606bdfaf58272cd6935894d2a9b2f35bfc583f
logs_closure/C2/plant_b/C2-F-B-022__contract_only_rolling_mpc.log,616,a51d58cb6be291db547a1860ba606bdfaf58272cd6935894d2a9b2f35bfc583f
logs_closure/C2/plant_b/C2-F-B-022__dcsv_cr_mpc.log,616,a51d58cb6be291db547a1860ba606bdfaf58272cd6935894d2a9b2f35bfc583f
logs_closure/C2/plant_b/C2-F-B-023__contract_only_rolling_mpc.log,616,a51d58cb6be291db547a1860ba606bdfaf58272cd6935894d2a9b2f35bfc583f
logs_closure/C2/plant_b/C2-F-B-023__dcsv_cr_mpc.log,616,a51d58cb6be291db547a1860ba606bdfaf58272cd6935894d2a9b2f35bfc583f
logs_final/R5/contract_violation/R5-CV-00__dcsv_cr_mpc.log,331,58f67efff49d45b29b483fd8bcda0af3019db47bb1909552af4b18a69dc54358
logs_final/R5/contract_violation/R5-CV-01__dcsv_cr_mpc.log,0,e3b0c44298fc1c149afbf4c8996fb92427ae41e4649b934ca495991b7852b855
logs_final/R5/contract_violation/R5-CV-02__dcsv_cr_mpc.log,0,e3b0c44298fc1c149afbf4c8996fb92427ae41e4649b934ca495991b7852b855
logs_final/R5/contract_violation/R5-CV-03__dcsv_cr_mpc.log,0,e3b0c44298fc1c149afbf4c8996fb92427ae41e4649b934ca495991b7852b855
logs_final/R5/contract_violation/R5-CV-04__dcsv_cr_mpc.log,0,e3b0c44298fc1c149afbf4c8996fb92427ae41e4649b934ca495991b7852b855
logs_final/R5/contract_violation/R5-CV-05__dcsv_cr_mpc.log,0,e3b0c44298fc1c149afbf4c8996fb92427ae41e4649b934ca495991b7852b855
logs_final/R5/development/R5-D-A-001__contract_only_rolling_mpc.log,0,e3b0c44298fc1c149afbf4c8996fb92427ae41e4649b934ca495991b7852b855
logs_final/R5/development/R5-D-A-001__dcsv_cr_mpc.log,0,e3b0c44298fc1c149afbf4c8996fb92427ae41e4649b934ca495991b7852b855
logs_final/R5/development/R5-D-A-002__contract_only_rolling_mpc.log,0,e3b0c44298fc1c149afbf4c8996fb92427ae41e4649b934ca495991b7852b855
logs_final/R5/development/R5-D-A-002__dcsv_cr_mpc.log,0,e3b0c44298fc1c149afbf4c8996fb92427ae41e4649b934ca495991b7852b855
logs_final/R5/development/R5-D-A-003__contract_only_rolling_mpc.log,0,e3b0c44298fc1c149afbf4c8996fb92427ae41e4649b934ca495991b7852b855
logs_final/R5/development/R5-D-A-003__dcsv_cr_mpc.log,0,e3b0c44298fc1c149afbf4c8996fb92427ae41e4649b934ca495991b7852b855
logs_final/R5/development/R5-D-A-004__contract_only_rolling_mpc.log,0,e3b0c44298fc1c149afbf4c8996fb92427ae41e4649b934ca495991b7852b855
logs_final/R5/development/R5-D-A-004__dcsv_cr_mpc.log,331,58f67efff49d45b29b483fd8bcda0af3019db47bb1909552af4b18a69dc54358
logs_final/R5/development/R5-D-A-005__contract_only_rolling_mpc.log,0,e3b0c44298fc1c149afbf4c8996fb92427ae41e4649b934ca495991b7852b855
logs_final/R5/development/R5-D-A-005__dcsv_cr_mpc.log,0,e3b0c44298fc1c149afbf4c8996fb92427ae41e4649b934ca495991b7852b855
logs_final/R5/development/R5-D-A-006__contract_only_rolling_mpc.log,0,e3b0c44298fc1c149afbf4c8996fb92427ae41e4649b934ca495991b7852b855
logs_final/R5/development/R5-D-A-006__dcsv_cr_mpc.log,0,e3b0c44298fc1c149afbf4c8996fb92427ae41e4649b934ca495991b7852b855
logs_final/R5/development/R5-D-A-007__contract_only_rolling_mpc.log,0,e3b0c44298fc1c149afbf4c8996fb92427ae41e4649b934ca495991b7852b855
logs_final/R5/development/R5-D-A-007__dcsv_cr_mpc.log,0,e3b0c44298fc1c149afbf4c8996fb92427ae41e4649b934ca495991b7852b855
logs_final/R5/development/R5-D-A-008__contract_only_rolling_mpc.log,0,e3b0c44298fc1c149afbf4c8996fb92427ae41e4649b934ca495991b7852b855
logs_final/R5/development/R5-D-A-008__dcsv_cr_mpc.log,331,58f67efff49d45b29b483fd8bcda0af3019db47bb1909552af4b18a69dc54358
logs_final/R5/development/R5-D-A-009__contract_only_rolling_mpc.log,0,e3b0c44298fc1c149afbf4c8996fb92427ae41e4649b934ca495991b7852b855
logs_final/R5/development/R5-D-A-009__dcsv_cr_mpc.log,331,58f67efff49d45b29b483fd8bcda0af3019db47bb1909552af4b18a69dc54358
logs_final/R5/development/R5-D-A-010__contract_only_rolling_mpc.log,0,e3b0c44298fc1c149afbf4c8996fb92427ae41e4649b934ca495991b7852b855
logs_final/R5/development/R5-D-A-010__dcsv_cr_mpc.log,331,58f67efff49d45b29b483fd8bcda0af3019db47bb1909552af4b18a69dc54358
logs_final/R5/development/R5-D-A-011__contract_only_rolling_mpc.log,0,e3b0c44298fc1c149afbf4c8996fb92427ae41e4649b934ca495991b7852b855
logs_final/R5/development/R5-D-A-011__dcsv_cr_mpc.log,0,e3b0c44298fc1c149afbf4c8996fb92427ae41e4649b934ca495991b7852b855
logs_final/R5/normal/R5-N-00__contract_only_rolling_mpc.log,0,e3b0c44298fc1c149afbf4c8996fb92427ae41e4649b934ca495991b7852b855
logs_final/R5/normal/R5-N-00__dcsv_cr_mpc.log,0,e3b0c44298fc1c149afbf4c8996fb92427ae41e4649b934ca495991b7852b855
logs_final/R5/normal/R5-N-00__fixed_allocation_anti_windup_pi.log,0,e3b0c44298fc1c149afbf4c8996fb92427ae41e4649b934ca495991b7852b855
logs_final/R5/normal/R5-N-00__model_adaptive_mpc.log,0,e3b0c44298fc1c149afbf4c8996fb92427ae41e4649b934ca495991b7852b855
logs_final/R5/normal/R5-N-00__nominal_offset_free_mpc.log,0,e3b0c44298fc1c149afbf4c8996fb92427ae41e4649b934ca495991b7852b855
logs_final/R5/normal/R5-N-00__sg_only_anti_windup_pi.log,0,e3b0c44298fc1c149afbf4c8996fb92427ae41e4649b934ca495991b7852b855
logs_final/R5/normal/R5-N-00__true_capability_oracle_mpc.log,0,e3b0c44298fc1c149afbf4c8996fb92427ae41e4649b934ca495991b7852b855
logs_final/R5/normal/R5-N-01__contract_only_rolling_mpc.log,0,e3b0c44298fc1c149afbf4c8996fb92427ae41e4649b934ca495991b7852b855
logs_final/R5/normal/R5-N-01__dcsv_cr_mpc.log,0,e3b0c44298fc1c149afbf4c8996fb92427ae41e4649b934ca495991b7852b855
logs_final/R5/normal/R5-N-01__fixed_allocation_anti_windup_pi.log,0,e3b0c44298fc1c149afbf4c8996fb92427ae41e4649b934ca495991b7852b855
logs_final/R5/normal/R5-N-01__model_adaptive_mpc.log,0,e3b0c44298fc1c149afbf4c8996fb92427ae41e4649b934ca495991b7852b855
logs_final/R5/normal/R5-N-01__nominal_offset_free_mpc.log,0,e3b0c44298fc1c149afbf4c8996fb92427ae41e4649b934ca495991b7852b855
logs_final/R5/normal/R5-N-01__sg_only_anti_windup_pi.log,0,e3b0c44298fc1c149afbf4c8996fb92427ae41e4649b934ca495991b7852b855
logs_final/R5/normal/R5-N-01__true_capability_oracle_mpc.log,0,e3b0c44298fc1c149afbf4c8996fb92427ae41e4649b934ca495991b7852b855
logs_final/R5/normal/R5-N-02__contract_only_rolling_mpc.log,0,e3b0c44298fc1c149afbf4c8996fb92427ae41e4649b934ca495991b7852b855
logs_final/R5/normal/R5-N-02__dcsv_cr_mpc.log,331,58f67efff49d45b29b483fd8bcda0af3019db47bb1909552af4b18a69dc54358
logs_final/R5/normal/R5-N-02__fixed_allocation_anti_windup_pi.log,0,e3b0c44298fc1c149afbf4c8996fb92427ae41e4649b934ca495991b7852b855
logs_final/R5/normal/R5-N-02__model_adaptive_mpc.log,0,e3b0c44298fc1c149afbf4c8996fb92427ae41e4649b934ca495991b7852b855
logs_final/R5/normal/R5-N-02__nominal_offset_free_mpc.log,0,e3b0c44298fc1c149afbf4c8996fb92427ae41e4649b934ca495991b7852b855
logs_final/R5/normal/R5-N-02__sg_only_anti_windup_pi.log,0,e3b0c44298fc1c149afbf4c8996fb92427ae41e4649b934ca495991b7852b855
logs_final/R5/normal/R5-N-02__true_capability_oracle_mpc.log,0,e3b0c44298fc1c149afbf4c8996fb92427ae41e4649b934ca495991b7852b855
logs_final/R5/normal/R5-N-03__contract_only_rolling_mpc.log,0,e3b0c44298fc1c149afbf4c8996fb92427ae41e4649b934ca495991b7852b855
logs_final/R5/normal/R5-N-03__dcsv_cr_mpc.log,0,e3b0c44298fc1c149afbf4c8996fb92427ae41e4649b934ca495991b7852b855
logs_final/R5/normal/R5-N-03__fixed_allocation_anti_windup_pi.log,0,e3b0c44298fc1c149afbf4c8996fb92427ae41e4649b934ca495991b7852b855
logs_final/R5/normal/R5-N-03__model_adaptive_mpc.log,0,e3b0c44298fc1c149afbf4c8996fb92427ae41e4649b934ca495991b7852b855
logs_final/R5/normal/R5-N-03__nominal_offset_free_mpc.log,0,e3b0c44298fc1c149afbf4c8996fb92427ae41e4649b934ca495991b7852b855
logs_final/R5/normal/R5-N-03__sg_only_anti_windup_pi.log,0,e3b0c44298fc1c149afbf4c8996fb92427ae41e4649b934ca495991b7852b855
logs_final/R5/normal/R5-N-03__true_capability_oracle_mpc.log,0,e3b0c44298fc1c149afbf4c8996fb92427ae41e4649b934ca495991b7852b855
logs_final/R5/normal/R5-N-04__contract_only_rolling_mpc.log,0,e3b0c44298fc1c149afbf4c8996fb92427ae41e4649b934ca495991b7852b855
logs_final/R5/normal/R5-N-04__dcsv_cr_mpc.log,0,e3b0c44298fc1c149afbf4c8996fb92427ae41e4649b934ca495991b7852b855
logs_final/R5/normal/R5-N-04__fixed_allocation_anti_windup_pi.log,0,e3b0c44298fc1c149afbf4c8996fb92427ae41e4649b934ca495991b7852b855
logs_final/R5/normal/R5-N-04__model_adaptive_mpc.log,0,e3b0c44298fc1c149afbf4c8996fb92427ae41e4649b934ca495991b7852b855
logs_final/R5/normal/R5-N-04__nominal_offset_free_mpc.log,0,e3b0c44298fc1c149afbf4c8996fb92427ae41e4649b934ca495991b7852b855
logs_final/R5/normal/R5-N-04__sg_only_anti_windup_pi.log,0,e3b0c44298fc1c149afbf4c8996fb92427ae41e4649b934ca495991b7852b855
logs_final/R5/normal/R5-N-04__true_capability_oracle_mpc.log,0,e3b0c44298fc1c149afbf4c8996fb92427ae41e4649b934ca495991b7852b855
logs_final/R5/normal/R5-N-05__contract_only_rolling_mpc.log,0,e3b0c44298fc1c149afbf4c8996fb92427ae41e4649b934ca495991b7852b855
logs_final/R5/normal/R5-N-05__dcsv_cr_mpc.log,0,e3b0c44298fc1c149afbf4c8996fb92427ae41e4649b934ca495991b7852b855
logs_final/R5/normal/R5-N-05__fixed_allocation_anti_windup_pi.log,0,e3b0c44298fc1c149afbf4c8996fb92427ae41e4649b934ca495991b7852b855
logs_final/R5/normal/R5-N-05__model_adaptive_mpc.log,0,e3b0c44298fc1c149afbf4c8996fb92427ae41e4649b934ca495991b7852b855
logs_final/R5/normal/R5-N-05__nominal_offset_free_mpc.log,0,e3b0c44298fc1c149afbf4c8996fb92427ae41e4649b934ca495991b7852b855
logs_final/R5/normal/R5-N-05__sg_only_anti_windup_pi.log,0,e3b0c44298fc1c149afbf4c8996fb92427ae41e4649b934ca495991b7852b855
logs_final/R5/normal/R5-N-05__true_capability_oracle_mpc.log,0,e3b0c44298fc1c149afbf4c8996fb92427ae41e4649b934ca495991b7852b855
logs_final/R5/plant_a_primary/R5-V-A-000__contract_only_rolling_mpc.log,0,e3b0c44298fc1c149afbf4c8996fb92427ae41e4649b934ca495991b7852b855
logs_final/R5/plant_a_primary/R5-V-A-000__dcsv_cr_mpc.log,0,e3b0c44298fc1c149afbf4c8996fb92427ae41e4649b934ca495991b7852b855
logs_final/R5/plant_a_primary/R5-V-A-001__contract_only_rolling_mpc.log,0,e3b0c44298fc1c149afbf4c8996fb92427ae41e4649b934ca495991b7852b855
logs_final/R5/plant_a_primary/R5-V-A-001__dcsv_cr_mpc.log,0,e3b0c44298fc1c149afbf4c8996fb92427ae41e4649b934ca495991b7852b855
logs_final/R5/plant_a_primary/R5-V-A-002__contract_only_rolling_mpc.log,0,e3b0c44298fc1c149afbf4c8996fb92427ae41e4649b934ca495991b7852b855
logs_final/R5/plant_a_primary/R5-V-A-002__dcsv_cr_mpc.log,331,58f67efff49d45b29b483fd8bcda0af3019db47bb1909552af4b18a69dc54358
logs_final/R5/plant_a_primary/R5-V-A-003__contract_only_rolling_mpc.log,0,e3b0c44298fc1c149afbf4c8996fb92427ae41e4649b934ca495991b7852b855
logs_final/R5/plant_a_primary/R5-V-A-003__dcsv_cr_mpc.log,331,58f67efff49d45b29b483fd8bcda0af3019db47bb1909552af4b18a69dc54358
logs_final/R5/plant_a_primary/R5-V-A-004__contract_only_rolling_mpc.log,0,e3b0c44298fc1c149afbf4c8996fb92427ae41e4649b934ca495991b7852b855
logs_final/R5/plant_a_primary/R5-V-A-004__dcsv_cr_mpc.log,0,e3b0c44298fc1c149afbf4c8996fb92427ae41e4649b934ca495991b7852b855
logs_final/R5/plant_a_primary/R5-V-A-005__contract_only_rolling_mpc.log,0,e3b0c44298fc1c149afbf4c8996fb92427ae41e4649b934ca495991b7852b855
logs_final/R5/plant_a_primary/R5-V-A-005__dcsv_cr_mpc.log,331,58f67efff49d45b29b483fd8bcda0af3019db47bb1909552af4b18a69dc54358
logs_final/R5/plant_a_primary/R5-V-A-006__contract_only_rolling_mpc.log,0,e3b0c44298fc1c149afbf4c8996fb92427ae41e4649b934ca495991b7852b855
logs_final/R5/plant_a_primary/R5-V-A-006__dcsv_cr_mpc.log,331,58f67efff49d45b29b483fd8bcda0af3019db47bb1909552af4b18a69dc54358
logs_final/R5/plant_a_primary/R5-V-A-007__contract_only_rolling_mpc.log,0,e3b0c44298fc1c149afbf4c8996fb92427ae41e4649b934ca495991b7852b855
logs_final/R5/plant_a_primary/R5-V-A-007__dcsv_cr_mpc.log,0,e3b0c44298fc1c149afbf4c8996fb92427ae41e4649b934ca495991b7852b855
logs_final/R5/plant_a_primary/R5-V-A-008__contract_only_rolling_mpc.log,0,e3b0c44298fc1c149afbf4c8996fb92427ae41e4649b934ca495991b7852b855
logs_final/R5/plant_a_primary/R5-V-A-008__dcsv_cr_mpc.log,0,e3b0c44298fc1c149afbf4c8996fb92427ae41e4649b934ca495991b7852b855
logs_final/R5/plant_a_primary/R5-V-A-009__contract_only_rolling_mpc.log,0,e3b0c44298fc1c149afbf4c8996fb92427ae41e4649b934ca495991b7852b855
logs_final/R5/plant_a_primary/R5-V-A-009__dcsv_cr_mpc.log,0,e3b0c44298fc1c149afbf4c8996fb92427ae41e4649b934ca495991b7852b855
logs_final/R5/plant_a_primary/R5-V-A-010__contract_only_rolling_mpc.log,0,e3b0c44298fc1c149afbf4c8996fb92427ae41e4649b934ca495991b7852b855
logs_final/R5/plant_a_primary/R5-V-A-010__dcsv_cr_mpc.log,331,58f67efff49d45b29b483fd8bcda0af3019db47bb1909552af4b18a69dc54358
logs_final/R5/plant_a_primary/R5-V-A-011__contract_only_rolling_mpc.log,0,e3b0c44298fc1c149afbf4c8996fb92427ae41e4649b934ca495991b7852b855
logs_final/R5/plant_a_primary/R5-V-A-011__dcsv_cr_mpc.log,0,e3b0c44298fc1c149afbf4c8996fb92427ae41e4649b934ca495991b7852b855
logs_final/R5/plant_a_primary/R5-V-A-012__contract_only_rolling_mpc.log,0,e3b0c44298fc1c149afbf4c8996fb92427ae41e4649b934ca495991b7852b855
logs_final/R5/plant_a_primary/R5-V-A-012__dcsv_cr_mpc.log,0,e3b0c44298fc1c149afbf4c8996fb92427ae41e4649b934ca495991b7852b855
logs_final/R5/plant_a_primary/R5-V-A-013__contract_only_rolling_mpc.log,0,e3b0c44298fc1c149afbf4c8996fb92427ae41e4649b934ca495991b7852b855
logs_final/R5/plant_a_primary/R5-V-A-013__dcsv_cr_mpc.log,0,e3b0c44298fc1c149afbf4c8996fb92427ae41e4649b934ca495991b7852b855
logs_final/R5/plant_a_primary/R5-V-A-014__contract_only_rolling_mpc.log,0,e3b0c44298fc1c149afbf4c8996fb92427ae41e4649b934ca495991b7852b855
logs_final/R5/plant_a_primary/R5-V-A-014__dcsv_cr_mpc.log,331,58f67efff49d45b29b483fd8bcda0af3019db47bb1909552af4b18a69dc54358
logs_final/R5/plant_a_primary/R5-V-A-015__contract_only_rolling_mpc.log,0,e3b0c44298fc1c149afbf4c8996fb92427ae41e4649b934ca495991b7852b855
logs_final/R5/plant_a_primary/R5-V-A-015__dcsv_cr_mpc.log,0,e3b0c44298fc1c149afbf4c8996fb92427ae41e4649b934ca495991b7852b855
logs_final/R5/plant_a_primary/R5-V-A-016__contract_only_rolling_mpc.log,0,e3b0c44298fc1c149afbf4c8996fb92427ae41e4649b934ca495991b7852b855
logs_final/R5/plant_a_primary/R5-V-A-016__dcsv_cr_mpc.log,0,e3b0c44298fc1c149afbf4c8996fb92427ae41e4649b934ca495991b7852b855
logs_final/R5/plant_a_primary/R5-V-A-017__contract_only_rolling_mpc.log,0,e3b0c44298fc1c149afbf4c8996fb92427ae41e4649b934ca495991b7852b855
logs_final/R5/plant_a_primary/R5-V-A-017__dcsv_cr_mpc.log,0,e3b0c44298fc1c149afbf4c8996fb92427ae41e4649b934ca495991b7852b855
logs_final/R5/plant_a_primary/R5-V-A-018__contract_only_rolling_mpc.log,0,e3b0c44298fc1c149afbf4c8996fb92427ae41e4649b934ca495991b7852b855
logs_final/R5/plant_a_primary/R5-V-A-018__dcsv_cr_mpc.log,0,e3b0c44298fc1c149afbf4c8996fb92427ae41e4649b934ca495991b7852b855
logs_final/R5/plant_a_primary/R5-V-A-019__contract_only_rolling_mpc.log,0,e3b0c44298fc1c149afbf4c8996fb92427ae41e4649b934ca495991b7852b855
logs_final/R5/plant_a_primary/R5-V-A-019__dcsv_cr_mpc.log,331,58f67efff49d45b29b483fd8bcda0af3019db47bb1909552af4b18a69dc54358
logs_final/R5/plant_a_primary/R5-V-A-020__contract_only_rolling_mpc.log,0,e3b0c44298fc1c149afbf4c8996fb92427ae41e4649b934ca495991b7852b855
logs_final/R5/plant_a_primary/R5-V-A-020__dcsv_cr_mpc.log,0,e3b0c44298fc1c149afbf4c8996fb92427ae41e4649b934ca495991b7852b855
logs_final/R5/plant_a_primary/R5-V-A-021__contract_only_rolling_mpc.log,0,e3b0c44298fc1c149afbf4c8996fb92427ae41e4649b934ca495991b7852b855
logs_final/R5/plant_a_primary/R5-V-A-021__dcsv_cr_mpc.log,331,58f67efff49d45b29b483fd8bcda0af3019db47bb1909552af4b18a69dc54358
logs_final/R5/plant_a_primary/R5-V-A-022__contract_only_rolling_mpc.log,0,e3b0c44298fc1c149afbf4c8996fb92427ae41e4649b934ca495991b7852b855
logs_final/R5/plant_a_primary/R5-V-A-022__dcsv_cr_mpc.log,0,e3b0c44298fc1c149afbf4c8996fb92427ae41e4649b934ca495991b7852b855
logs_final/R5/plant_a_primary/R5-V-A-023__contract_only_rolling_mpc.log,0,e3b0c44298fc1c149afbf4c8996fb92427ae41e4649b934ca495991b7852b855
logs_final/R5/plant_a_primary/R5-V-A-023__dcsv_cr_mpc.log,0,e3b0c44298fc1c149afbf4c8996fb92427ae41e4649b934ca495991b7852b855
logs_final/R5/plant_a_primary/R5-V-A-024__contract_only_rolling_mpc.log,0,e3b0c44298fc1c149afbf4c8996fb92427ae41e4649b934ca495991b7852b855
logs_final/R5/plant_a_primary/R5-V-A-024__dcsv_cr_mpc.log,0,e3b0c44298fc1c149afbf4c8996fb92427ae41e4649b934ca495991b7852b855
logs_final/R5/plant_a_primary/R5-V-A-025__contract_only_rolling_mpc.log,0,e3b0c44298fc1c149afbf4c8996fb92427ae41e4649b934ca495991b7852b855
logs_final/R5/plant_a_primary/R5-V-A-025__dcsv_cr_mpc.log,0,e3b0c44298fc1c149afbf4c8996fb92427ae41e4649b934ca495991b7852b855
logs_final/R5/plant_a_primary/R5-V-A-026__contract_only_rolling_mpc.log,0,e3b0c44298fc1c149afbf4c8996fb92427ae41e4649b934ca495991b7852b855
logs_final/R5/plant_a_primary/R5-V-A-026__dcsv_cr_mpc.log,0,e3b0c44298fc1c149afbf4c8996fb92427ae41e4649b934ca495991b7852b855
logs_final/R5/plant_a_primary/R5-V-A-027__contract_only_rolling_mpc.log,0,e3b0c44298fc1c149afbf4c8996fb92427ae41e4649b934ca495991b7852b855
logs_final/R5/plant_a_primary/R5-V-A-027__dcsv_cr_mpc.log,0,e3b0c44298fc1c149afbf4c8996fb92427ae41e4649b934ca495991b7852b855
logs_final/R5/plant_a_primary/R5-V-A-028__contract_only_rolling_mpc.log,0,e3b0c44298fc1c149afbf4c8996fb92427ae41e4649b934ca495991b7852b855
logs_final/R5/plant_a_primary/R5-V-A-028__dcsv_cr_mpc.log,0,e3b0c44298fc1c149afbf4c8996fb92427ae41e4649b934ca495991b7852b855
logs_final/R5/plant_a_primary/R5-V-A-029__contract_only_rolling_mpc.log,0,e3b0c44298fc1c149afbf4c8996fb92427ae41e4649b934ca495991b7852b855
logs_final/R5/plant_a_primary/R5-V-A-029__dcsv_cr_mpc.log,331,58f67efff49d45b29b483fd8bcda0af3019db47bb1909552af4b18a69dc54358
logs_final/R5/plant_a_primary/R5-V-A-030__contract_only_rolling_mpc.log,0,e3b0c44298fc1c149afbf4c8996fb92427ae41e4649b934ca495991b7852b855
logs_final/R5/plant_a_primary/R5-V-A-030__dcsv_cr_mpc.log,331,58f67efff49d45b29b483fd8bcda0af3019db47bb1909552af4b18a69dc54358
logs_final/R5/plant_a_primary/R5-V-A-031__contract_only_rolling_mpc.log,0,e3b0c44298fc1c149afbf4c8996fb92427ae41e4649b934ca495991b7852b855
logs_final/R5/plant_a_primary/R5-V-A-031__dcsv_cr_mpc.log,0,e3b0c44298fc1c149afbf4c8996fb92427ae41e4649b934ca495991b7852b855
logs_final/R5/plant_a_primary/R5-V-A-032__contract_only_rolling_mpc.log,0,e3b0c44298fc1c149afbf4c8996fb92427ae41e4649b934ca495991b7852b855
logs_final/R5/plant_a_primary/R5-V-A-032__dcsv_cr_mpc.log,331,58f67efff49d45b29b483fd8bcda0af3019db47bb1909552af4b18a69dc54358
logs_final/R5/plant_a_primary/R5-V-A-033__contract_only_rolling_mpc.log,0,e3b0c44298fc1c149afbf4c8996fb92427ae41e4649b934ca495991b7852b855
logs_final/R5/plant_a_primary/R5-V-A-033__dcsv_cr_mpc.log,0,e3b0c44298fc1c149afbf4c8996fb92427ae41e4649b934ca495991b7852b855
logs_final/R5/plant_a_primary/R5-V-A-034__contract_only_rolling_mpc.log,0,e3b0c44298fc1c149afbf4c8996fb92427ae41e4649b934ca495991b7852b855
logs_final/R5/plant_a_primary/R5-V-A-034__dcsv_cr_mpc.log,0,e3b0c44298fc1c149afbf4c8996fb92427ae41e4649b934ca495991b7852b855
logs_final/R5/plant_a_primary/R5-V-A-035__contract_only_rolling_mpc.log,0,e3b0c44298fc1c149afbf4c8996fb92427ae41e4649b934ca495991b7852b855
logs_final/R5/plant_a_primary/R5-V-A-035__dcsv_cr_mpc.log,331,58f67efff49d45b29b483fd8bcda0af3019db47bb1909552af4b18a69dc54358
logs_final/R5/plant_a_primary/R5-V-A-036__contract_only_rolling_mpc.log,0,e3b0c44298fc1c149afbf4c8996fb92427ae41e4649b934ca495991b7852b855
logs_final/R5/plant_a_primary/R5-V-A-036__dcsv_cr_mpc.log,331,58f67efff49d45b29b483fd8bcda0af3019db47bb1909552af4b18a69dc54358
logs_final/R5/plant_a_primary/R5-V-A-037__contract_only_rolling_mpc.log,0,e3b0c44298fc1c149afbf4c8996fb92427ae41e4649b934ca495991b7852b855
logs_final/R5/plant_a_primary/R5-V-A-037__dcsv_cr_mpc.log,331,58f67efff49d45b29b483fd8bcda0af3019db47bb1909552af4b18a69dc54358
logs_final/R5/plant_a_primary/R5-V-A-038__contract_only_rolling_mpc.log,0,e3b0c44298fc1c149afbf4c8996fb92427ae41e4649b934ca495991b7852b855
logs_final/R5/plant_a_primary/R5-V-A-038__dcsv_cr_mpc.log,0,e3b0c44298fc1c149afbf4c8996fb92427ae41e4649b934ca495991b7852b855
logs_final/R5/plant_a_primary/R5-V-A-039__contract_only_rolling_mpc.log,0,e3b0c44298fc1c149afbf4c8996fb92427ae41e4649b934ca495991b7852b855
logs_final/R5/plant_a_primary/R5-V-A-039__dcsv_cr_mpc.log,0,e3b0c44298fc1c149afbf4c8996fb92427ae41e4649b934ca495991b7852b855
logs_final/R5/plant_a_primary/R5-V-A-040__contract_only_rolling_mpc.log,0,e3b0c44298fc1c149afbf4c8996fb92427ae41e4649b934ca495991b7852b855
logs_final/R5/plant_a_primary/R5-V-A-040__dcsv_cr_mpc.log,0,e3b0c44298fc1c149afbf4c8996fb92427ae41e4649b934ca495991b7852b855
logs_final/R5/plant_a_primary/R5-V-A-041__contract_only_rolling_mpc.log,0,e3b0c44298fc1c149afbf4c8996fb92427ae41e4649b934ca495991b7852b855
logs_final/R5/plant_a_primary/R5-V-A-041__dcsv_cr_mpc.log,0,e3b0c44298fc1c149afbf4c8996fb92427ae41e4649b934ca495991b7852b855
logs_final/R5/plant_a_primary/R5-V-A-042__contract_only_rolling_mpc.log,0,e3b0c44298fc1c149afbf4c8996fb92427ae41e4649b934ca495991b7852b855
logs_final/R5/plant_a_primary/R5-V-A-042__dcsv_cr_mpc.log,0,e3b0c44298fc1c149afbf4c8996fb92427ae41e4649b934ca495991b7852b855
logs_final/R5/plant_a_primary/R5-V-A-043__contract_only_rolling_mpc.log,0,e3b0c44298fc1c149afbf4c8996fb92427ae41e4649b934ca495991b7852b855
logs_final/R5/plant_a_primary/R5-V-A-043__dcsv_cr_mpc.log,0,e3b0c44298fc1c149afbf4c8996fb92427ae41e4649b934ca495991b7852b855
logs_final/R5/plant_a_primary/R5-V-A-044__contract_only_rolling_mpc.log,0,e3b0c44298fc1c149afbf4c8996fb92427ae41e4649b934ca495991b7852b855
logs_final/R5/plant_a_primary/R5-V-A-044__dcsv_cr_mpc.log,0,e3b0c44298fc1c149afbf4c8996fb92427ae41e4649b934ca495991b7852b855
logs_final/R5/plant_a_primary/R5-V-A-045__contract_only_rolling_mpc.log,0,e3b0c44298fc1c149afbf4c8996fb92427ae41e4649b934ca495991b7852b855
logs_final/R5/plant_a_primary/R5-V-A-045__dcsv_cr_mpc.log,331,58f67efff49d45b29b483fd8bcda0af3019db47bb1909552af4b18a69dc54358
logs_final/R5/plant_a_primary/R5-V-A-046__contract_only_rolling_mpc.log,0,e3b0c44298fc1c149afbf4c8996fb92427ae41e4649b934ca495991b7852b855
logs_final/R5/plant_a_primary/R5-V-A-046__dcsv_cr_mpc.log,0,e3b0c44298fc1c149afbf4c8996fb92427ae41e4649b934ca495991b7852b855
logs_final/R5/plant_a_primary/R5-V-A-047__contract_only_rolling_mpc.log,0,e3b0c44298fc1c149afbf4c8996fb92427ae41e4649b934ca495991b7852b855
logs_final/R5/plant_a_primary/R5-V-A-047__dcsv_cr_mpc.log,331,58f67efff49d45b29b483fd8bcda0af3019db47bb1909552af4b18a69dc54358
logs_final/R5/plant_a_primary/R5-V-A-048__contract_only_rolling_mpc.log,0,e3b0c44298fc1c149afbf4c8996fb92427ae41e4649b934ca495991b7852b855
logs_final/R5/plant_a_primary/R5-V-A-048__dcsv_cr_mpc.log,331,58f67efff49d45b29b483fd8bcda0af3019db47bb1909552af4b18a69dc54358
logs_final/R5/plant_a_primary/R5-V-A-049__contract_only_rolling_mpc.log,0,e3b0c44298fc1c149afbf4c8996fb92427ae41e4649b934ca495991b7852b855
logs_final/R5/plant_a_primary/R5-V-A-049__dcsv_cr_mpc.log,0,e3b0c44298fc1c149afbf4c8996fb92427ae41e4649b934ca495991b7852b855
logs_final/R5/plant_a_primary/R5-V-A-050__contract_only_rolling_mpc.log,0,e3b0c44298fc1c149afbf4c8996fb92427ae41e4649b934ca495991b7852b855
logs_final/R5/plant_a_primary/R5-V-A-050__dcsv_cr_mpc.log,0,e3b0c44298fc1c149afbf4c8996fb92427ae41e4649b934ca495991b7852b855
logs_final/R5/plant_a_primary/R5-V-A-051__contract_only_rolling_mpc.log,0,e3b0c44298fc1c149afbf4c8996fb92427ae41e4649b934ca495991b7852b855
logs_final/R5/plant_a_primary/R5-V-A-051__dcsv_cr_mpc.log,0,e3b0c44298fc1c149afbf4c8996fb92427ae41e4649b934ca495991b7852b855
logs_final/R5/plant_a_primary/R5-V-A-052__contract_only_rolling_mpc.log,0,e3b0c44298fc1c149afbf4c8996fb92427ae41e4649b934ca495991b7852b855
logs_final/R5/plant_a_primary/R5-V-A-052__dcsv_cr_mpc.log,0,e3b0c44298fc1c149afbf4c8996fb92427ae41e4649b934ca495991b7852b855
logs_final/R5/plant_a_primary/R5-V-A-053__contract_only_rolling_mpc.log,0,e3b0c44298fc1c149afbf4c8996fb92427ae41e4649b934ca495991b7852b855
logs_final/R5/plant_a_primary/R5-V-A-053__dcsv_cr_mpc.log,331,58f67efff49d45b29b483fd8bcda0af3019db47bb1909552af4b18a69dc54358
logs_final/R5/plant_a_primary/R5-V-A-054__contract_only_rolling_mpc.log,0,e3b0c44298fc1c149afbf4c8996fb92427ae41e4649b934ca495991b7852b855
logs_final/R5/plant_a_primary/R5-V-A-054__dcsv_cr_mpc.log,0,e3b0c44298fc1c149afbf4c8996fb92427ae41e4649b934ca495991b7852b855
logs_final/R5/plant_a_primary/R5-V-A-055__contract_only_rolling_mpc.log,0,e3b0c44298fc1c149afbf4c8996fb92427ae41e4649b934ca495991b7852b855
logs_final/R5/plant_a_primary/R5-V-A-055__dcsv_cr_mpc.log,331,58f67efff49d45b29b483fd8bcda0af3019db47bb1909552af4b18a69dc54358
logs_final/R5/plant_a_primary/R5-V-A-056__contract_only_rolling_mpc.log,0,e3b0c44298fc1c149afbf4c8996fb92427ae41e4649b934ca495991b7852b855
logs_final/R5/plant_a_primary/R5-V-A-056__dcsv_cr_mpc.log,0,e3b0c44298fc1c149afbf4c8996fb92427ae41e4649b934ca495991b7852b855
logs_final/R5/plant_a_primary/R5-V-A-057__contract_only_rolling_mpc.log,0,e3b0c44298fc1c149afbf4c8996fb92427ae41e4649b934ca495991b7852b855
logs_final/R5/plant_a_primary/R5-V-A-057__dcsv_cr_mpc.log,0,e3b0c44298fc1c149afbf4c8996fb92427ae41e4649b934ca495991b7852b855
logs_final/R5/plant_a_primary/R5-V-A-058__contract_only_rolling_mpc.log,0,e3b0c44298fc1c149afbf4c8996fb92427ae41e4649b934ca495991b7852b855
logs_final/R5/plant_a_primary/R5-V-A-058__dcsv_cr_mpc.log,331,58f67efff49d45b29b483fd8bcda0af3019db47bb1909552af4b18a69dc54358
logs_final/R5/plant_a_primary/R5-V-A-059__contract_only_rolling_mpc.log,0,e3b0c44298fc1c149afbf4c8996fb92427ae41e4649b934ca495991b7852b855
logs_final/R5/plant_a_primary/R5-V-A-059__dcsv_cr_mpc.log,0,e3b0c44298fc1c149afbf4c8996fb92427ae41e4649b934ca495991b7852b855
logs_final/R5/plant_a_primary/R5-V-A-060__contract_only_rolling_mpc.log,0,e3b0c44298fc1c149afbf4c8996fb92427ae41e4649b934ca495991b7852b855
logs_final/R5/plant_a_primary/R5-V-A-060__dcsv_cr_mpc.log,331,58f67efff49d45b29b483fd8bcda0af3019db47bb1909552af4b18a69dc54358
logs_final/R5/plant_a_primary/R5-V-A-061__contract_only_rolling_mpc.log,0,e3b0c44298fc1c149afbf4c8996fb92427ae41e4649b934ca495991b7852b855
logs_final/R5/plant_a_primary/R5-V-A-061__dcsv_cr_mpc.log,0,e3b0c44298fc1c149afbf4c8996fb92427ae41e4649b934ca495991b7852b855
logs_final/R5/plant_a_primary/R5-V-A-062__contract_only_rolling_mpc.log,0,e3b0c44298fc1c149afbf4c8996fb92427ae41e4649b934ca495991b7852b855
logs_final/R5/plant_a_primary/R5-V-A-062__dcsv_cr_mpc.log,0,e3b0c44298fc1c149afbf4c8996fb92427ae41e4649b934ca495991b7852b855
logs_final/R5/plant_a_primary/R5-V-A-063__contract_only_rolling_mpc.log,0,e3b0c44298fc1c149afbf4c8996fb92427ae41e4649b934ca495991b7852b855
logs_final/R5/plant_a_primary/R5-V-A-063__dcsv_cr_mpc.log,0,e3b0c44298fc1c149afbf4c8996fb92427ae41e4649b934ca495991b7852b855
logs_final/R5/plant_a_primary/R5-V-A-064__contract_only_rolling_mpc.log,0,e3b0c44298fc1c149afbf4c8996fb92427ae41e4649b934ca495991b7852b855
logs_final/R5/plant_a_primary/R5-V-A-064__dcsv_cr_mpc.log,0,e3b0c44298fc1c149afbf4c8996fb92427ae41e4649b934ca495991b7852b855
logs_final/R5/plant_a_primary/R5-V-A-065__contract_only_rolling_mpc.log,0,e3b0c44298fc1c149afbf4c8996fb92427ae41e4649b934ca495991b7852b855
logs_final/R5/plant_a_primary/R5-V-A-065__dcsv_cr_mpc.log,0,e3b0c44298fc1c149afbf4c8996fb92427ae41e4649b934ca495991b7852b855
logs_final/R5/plant_a_primary/R5-V-A-066__contract_only_rolling_mpc.log,0,e3b0c44298fc1c149afbf4c8996fb92427ae41e4649b934ca495991b7852b855
logs_final/R5/plant_a_primary/R5-V-A-066__dcsv_cr_mpc.log,0,e3b0c44298fc1c149afbf4c8996fb92427ae41e4649b934ca495991b7852b855
logs_final/R5/plant_a_primary/R5-V-A-067__contract_only_rolling_mpc.log,0,e3b0c44298fc1c149afbf4c8996fb92427ae41e4649b934ca495991b7852b855
logs_final/R5/plant_a_primary/R5-V-A-067__dcsv_cr_mpc.log,0,e3b0c44298fc1c149afbf4c8996fb92427ae41e4649b934ca495991b7852b855
logs_final/R5/plant_a_primary/R5-V-A-068__contract_only_rolling_mpc.log,0,e3b0c44298fc1c149afbf4c8996fb92427ae41e4649b934ca495991b7852b855
logs_final/R5/plant_a_primary/R5-V-A-068__dcsv_cr_mpc.log,0,e3b0c44298fc1c149afbf4c8996fb92427ae41e4649b934ca495991b7852b855
logs_final/R5/plant_a_primary/R5-V-A-069__contract_only_rolling_mpc.log,0,e3b0c44298fc1c149afbf4c8996fb92427ae41e4649b934ca495991b7852b855
logs_final/R5/plant_a_primary/R5-V-A-069__dcsv_cr_mpc.log,331,58f67efff49d45b29b483fd8bcda0af3019db47bb1909552af4b18a69dc54358
logs_final/R5/plant_a_primary/R5-V-A-070__contract_only_rolling_mpc.log,0,e3b0c44298fc1c149afbf4c8996fb92427ae41e4649b934ca495991b7852b855
logs_final/R5/plant_a_primary/R5-V-A-070__dcsv_cr_mpc.log,0,e3b0c44298fc1c149afbf4c8996fb92427ae41e4649b934ca495991b7852b855
logs_final/R5/plant_a_primary/R5-V-A-071__contract_only_rolling_mpc.log,0,e3b0c44298fc1c149afbf4c8996fb92427ae41e4649b934ca495991b7852b855
logs_final/R5/plant_a_primary/R5-V-A-071__dcsv_cr_mpc.log,0,e3b0c44298fc1c149afbf4c8996fb92427ae41e4649b934ca495991b7852b855
logs_final/R5/plant_a_primary/R5-V-A-072__contract_only_rolling_mpc.log,0,e3b0c44298fc1c149afbf4c8996fb92427ae41e4649b934ca495991b7852b855
logs_final/R5/plant_a_primary/R5-V-A-072__dcsv_cr_mpc.log,0,e3b0c44298fc1c149afbf4c8996fb92427ae41e4649b934ca495991b7852b855
logs_final/R5/plant_a_primary/R5-V-A-073__contract_only_rolling_mpc.log,0,e3b0c44298fc1c149afbf4c8996fb92427ae41e4649b934ca495991b7852b855
logs_final/R5/plant_a_primary/R5-V-A-073__dcsv_cr_mpc.log,0,e3b0c44298fc1c149afbf4c8996fb92427ae41e4649b934ca495991b7852b855
logs_final/R5/plant_a_primary/R5-V-A-074__contract_only_rolling_mpc.log,0,e3b0c44298fc1c149afbf4c8996fb92427ae41e4649b934ca495991b7852b855
logs_final/R5/plant_a_primary/R5-V-A-074__dcsv_cr_mpc.log,331,58f67efff49d45b29b483fd8bcda0af3019db47bb1909552af4b18a69dc54358
logs_final/R5/plant_a_primary/R5-V-A-075__contract_only_rolling_mpc.log,0,e3b0c44298fc1c149afbf4c8996fb92427ae41e4649b934ca495991b7852b855
logs_final/R5/plant_a_primary/R5-V-A-075__dcsv_cr_mpc.log,0,e3b0c44298fc1c149afbf4c8996fb92427ae41e4649b934ca495991b7852b855
logs_final/R5/plant_a_primary/R5-V-A-076__contract_only_rolling_mpc.log,0,e3b0c44298fc1c149afbf4c8996fb92427ae41e4649b934ca495991b7852b855
logs_final/R5/plant_a_primary/R5-V-A-076__dcsv_cr_mpc.log,0,e3b0c44298fc1c149afbf4c8996fb92427ae41e4649b934ca495991b7852b855
logs_final/R5/plant_a_primary/R5-V-A-077__contract_only_rolling_mpc.log,0,e3b0c44298fc1c149afbf4c8996fb92427ae41e4649b934ca495991b7852b855
logs_final/R5/plant_a_primary/R5-V-A-077__dcsv_cr_mpc.log,0,e3b0c44298fc1c149afbf4c8996fb92427ae41e4649b934ca495991b7852b855
logs_final/R5/plant_a_primary/R5-V-A-078__contract_only_rolling_mpc.log,0,e3b0c44298fc1c149afbf4c8996fb92427ae41e4649b934ca495991b7852b855
logs_final/R5/plant_a_primary/R5-V-A-078__dcsv_cr_mpc.log,0,e3b0c44298fc1c149afbf4c8996fb92427ae41e4649b934ca495991b7852b855
logs_final/R5/plant_a_primary/R5-V-A-079__contract_only_rolling_mpc.log,0,e3b0c44298fc1c149afbf4c8996fb92427ae41e4649b934ca495991b7852b855
logs_final/R5/plant_a_primary/R5-V-A-079__dcsv_cr_mpc.log,0,e3b0c44298fc1c149afbf4c8996fb92427ae41e4649b934ca495991b7852b855
logs_final/R5/plant_a_primary/R5-V-A-080__contract_only_rolling_mpc.log,0,e3b0c44298fc1c149afbf4c8996fb92427ae41e4649b934ca495991b7852b855
logs_final/R5/plant_a_primary/R5-V-A-080__dcsv_cr_mpc.log,0,e3b0c44298fc1c149afbf4c8996fb92427ae41e4649b934ca495991b7852b855
logs_final/R5/plant_a_primary/R5-V-A-081__contract_only_rolling_mpc.log,0,e3b0c44298fc1c149afbf4c8996fb92427ae41e4649b934ca495991b7852b855
logs_final/R5/plant_a_primary/R5-V-A-081__dcsv_cr_mpc.log,331,58f67efff49d45b29b483fd8bcda0af3019db47bb1909552af4b18a69dc54358
logs_final/R5/plant_a_primary/R5-V-A-082__contract_only_rolling_mpc.log,0,e3b0c44298fc1c149afbf4c8996fb92427ae41e4649b934ca495991b7852b855
logs_final/R5/plant_a_primary/R5-V-A-082__dcsv_cr_mpc.log,331,58f67efff49d45b29b483fd8bcda0af3019db47bb1909552af4b18a69dc54358
logs_final/R5/plant_a_primary/R5-V-A-083__contract_only_rolling_mpc.log,0,e3b0c44298fc1c149afbf4c8996fb92427ae41e4649b934ca495991b7852b855
logs_final/R5/plant_a_primary/R5-V-A-083__dcsv_cr_mpc.log,0,e3b0c44298fc1c149afbf4c8996fb92427ae41e4649b934ca495991b7852b855
logs_final/R5/plant_a_primary/R5-V-A-084__contract_only_rolling_mpc.log,0,e3b0c44298fc1c149afbf4c8996fb92427ae41e4649b934ca495991b7852b855
logs_final/R5/plant_a_primary/R5-V-A-084__dcsv_cr_mpc.log,0,e3b0c44298fc1c149afbf4c8996fb92427ae41e4649b934ca495991b7852b855
logs_final/R5/plant_a_primary/R5-V-A-085__contract_only_rolling_mpc.log,0,e3b0c44298fc1c149afbf4c8996fb92427ae41e4649b934ca495991b7852b855
logs_final/R5/plant_a_primary/R5-V-A-085__dcsv_cr_mpc.log,331,58f67efff49d45b29b483fd8bcda0af3019db47bb1909552af4b18a69dc54358
logs_final/R5/plant_a_primary/R5-V-A-086__contract_only_rolling_mpc.log,0,e3b0c44298fc1c149afbf4c8996fb92427ae41e4649b934ca495991b7852b855
logs_final/R5/plant_a_primary/R5-V-A-086__dcsv_cr_mpc.log,331,58f67efff49d45b29b483fd8bcda0af3019db47bb1909552af4b18a69dc54358
logs_final/R5/plant_a_primary/R5-V-A-087__contract_only_rolling_mpc.log,0,e3b0c44298fc1c149afbf4c8996fb92427ae41e4649b934ca495991b7852b855
logs_final/R5/plant_a_primary/R5-V-A-087__dcsv_cr_mpc.log,331,58f67efff49d45b29b483fd8bcda0af3019db47bb1909552af4b18a69dc54358
logs_final/R5/plant_a_primary/R5-V-A-088__contract_only_rolling_mpc.log,0,e3b0c44298fc1c149afbf4c8996fb92427ae41e4649b934ca495991b7852b855
logs_final/R5/plant_a_primary/R5-V-A-088__dcsv_cr_mpc.log,331,58f67efff49d45b29b483fd8bcda0af3019db47bb1909552af4b18a69dc54358
logs_final/R5/plant_a_primary/R5-V-A-089__contract_only_rolling_mpc.log,334,719579dcd1fe264abf15dc49055d7b656d43feec96c9f1d781b5c6a813f88971
logs_final/R5/plant_a_primary/R5-V-A-089__dcsv_cr_mpc.log,331,58f67efff49d45b29b483fd8bcda0af3019db47bb1909552af4b18a69dc54358
logs_final/R5/plant_a_primary/R5-V-A-090__contract_only_rolling_mpc.log,0,e3b0c44298fc1c149afbf4c8996fb92427ae41e4649b934ca495991b7852b855
logs_final/R5/plant_a_primary/R5-V-A-090__dcsv_cr_mpc.log,0,e3b0c44298fc1c149afbf4c8996fb92427ae41e4649b934ca495991b7852b855
logs_final/R5/plant_a_primary/R5-V-A-091__contract_only_rolling_mpc.log,0,e3b0c44298fc1c149afbf4c8996fb92427ae41e4649b934ca495991b7852b855
logs_final/R5/plant_a_primary/R5-V-A-091__dcsv_cr_mpc.log,331,58f67efff49d45b29b483fd8bcda0af3019db47bb1909552af4b18a69dc54358
logs_final/R5/plant_a_primary/R5-V-A-092__contract_only_rolling_mpc.log,0,e3b0c44298fc1c149afbf4c8996fb92427ae41e4649b934ca495991b7852b855
logs_final/R5/plant_a_primary/R5-V-A-092__dcsv_cr_mpc.log,0,e3b0c44298fc1c149afbf4c8996fb92427ae41e4649b934ca495991b7852b855
logs_final/R5/plant_a_primary/R5-V-A-093__contract_only_rolling_mpc.log,0,e3b0c44298fc1c149afbf4c8996fb92427ae41e4649b934ca495991b7852b855
logs_final/R5/plant_a_primary/R5-V-A-093__dcsv_cr_mpc.log,331,58f67efff49d45b29b483fd8bcda0af3019db47bb1909552af4b18a69dc54358
logs_final/R5/plant_a_primary/R5-V-A-094__contract_only_rolling_mpc.log,0,e3b0c44298fc1c149afbf4c8996fb92427ae41e4649b934ca495991b7852b855
logs_final/R5/plant_a_primary/R5-V-A-094__dcsv_cr_mpc.log,331,58f67efff49d45b29b483fd8bcda0af3019db47bb1909552af4b18a69dc54358
logs_final/R5/plant_a_primary/R5-V-A-095__contract_only_rolling_mpc.log,0,e3b0c44298fc1c149afbf4c8996fb92427ae41e4649b934ca495991b7852b855
logs_final/R5/plant_a_primary/R5-V-A-095__dcsv_cr_mpc.log,0,e3b0c44298fc1c149afbf4c8996fb92427ae41e4649b934ca495991b7852b855
logs_final/R5/plant_a_primary/R5-V-A-096__contract_only_rolling_mpc.log,0,e3b0c44298fc1c149afbf4c8996fb92427ae41e4649b934ca495991b7852b855
logs_final/R5/plant_a_primary/R5-V-A-096__dcsv_cr_mpc.log,0,e3b0c44298fc1c149afbf4c8996fb92427ae41e4649b934ca495991b7852b855
logs_final/R5/plant_a_primary/R5-V-A-097__contract_only_rolling_mpc.log,0,e3b0c44298fc1c149afbf4c8996fb92427ae41e4649b934ca495991b7852b855
logs_final/R5/plant_a_primary/R5-V-A-097__dcsv_cr_mpc.log,331,58f67efff49d45b29b483fd8bcda0af3019db47bb1909552af4b18a69dc54358
logs_final/R5/plant_a_primary/R5-V-A-098__contract_only_rolling_mpc.log,0,e3b0c44298fc1c149afbf4c8996fb92427ae41e4649b934ca495991b7852b855
logs_final/R5/plant_a_primary/R5-V-A-098__dcsv_cr_mpc.log,331,58f67efff49d45b29b483fd8bcda0af3019db47bb1909552af4b18a69dc54358
logs_final/R5/plant_a_primary/R5-V-A-099__contract_only_rolling_mpc.log,0,e3b0c44298fc1c149afbf4c8996fb92427ae41e4649b934ca495991b7852b855
logs_final/R5/plant_a_primary/R5-V-A-099__dcsv_cr_mpc.log,0,e3b0c44298fc1c149afbf4c8996fb92427ae41e4649b934ca495991b7852b855
logs_final/R5/plant_a_primary/R5-V-A-100__contract_only_rolling_mpc.log,0,e3b0c44298fc1c149afbf4c8996fb92427ae41e4649b934ca495991b7852b855
logs_final/R5/plant_a_primary/R5-V-A-100__dcsv_cr_mpc.log,0,e3b0c44298fc1c149afbf4c8996fb92427ae41e4649b934ca495991b7852b855
logs_final/R5/plant_a_primary/R5-V-A-101__contract_only_rolling_mpc.log,0,e3b0c44298fc1c149afbf4c8996fb92427ae41e4649b934ca495991b7852b855
logs_final/R5/plant_a_primary/R5-V-A-101__dcsv_cr_mpc.log,331,58f67efff49d45b29b483fd8bcda0af3019db47bb1909552af4b18a69dc54358
logs_final/R5/plant_a_primary/R5-V-A-102__contract_only_rolling_mpc.log,0,e3b0c44298fc1c149afbf4c8996fb92427ae41e4649b934ca495991b7852b855
logs_final/R5/plant_a_primary/R5-V-A-102__dcsv_cr_mpc.log,331,58f67efff49d45b29b483fd8bcda0af3019db47bb1909552af4b18a69dc54358
logs_final/R5/plant_a_primary/R5-V-A-103__contract_only_rolling_mpc.log,0,e3b0c44298fc1c149afbf4c8996fb92427ae41e4649b934ca495991b7852b855
logs_final/R5/plant_a_primary/R5-V-A-103__dcsv_cr_mpc.log,331,58f67efff49d45b29b483fd8bcda0af3019db47bb1909552af4b18a69dc54358
logs_final/R5/plant_a_primary/R5-V-A-104__contract_only_rolling_mpc.log,0,e3b0c44298fc1c149afbf4c8996fb92427ae41e4649b934ca495991b7852b855
logs_final/R5/plant_a_primary/R5-V-A-104__dcsv_cr_mpc.log,331,58f67efff49d45b29b483fd8bcda0af3019db47bb1909552af4b18a69dc54358
logs_final/R5/plant_a_primary/R5-V-A-105__contract_only_rolling_mpc.log,0,e3b0c44298fc1c149afbf4c8996fb92427ae41e4649b934ca495991b7852b855
logs_final/R5/plant_a_primary/R5-V-A-105__dcsv_cr_mpc.log,0,e3b0c44298fc1c149afbf4c8996fb92427ae41e4649b934ca495991b7852b855
logs_final/R5/plant_a_primary/R5-V-A-106__contract_only_rolling_mpc.log,0,e3b0c44298fc1c149afbf4c8996fb92427ae41e4649b934ca495991b7852b855
logs_final/R5/plant_a_primary/R5-V-A-106__dcsv_cr_mpc.log,331,58f67efff49d45b29b483fd8bcda0af3019db47bb1909552af4b18a69dc54358
logs_final/R5/plant_a_primary/R5-V-A-107__contract_only_rolling_mpc.log,0,e3b0c44298fc1c149afbf4c8996fb92427ae41e4649b934ca495991b7852b855
logs_final/R5/plant_a_primary/R5-V-A-107__dcsv_cr_mpc.log,0,e3b0c44298fc1c149afbf4c8996fb92427ae41e4649b934ca495991b7852b855
logs_final/R5/plant_a_primary/R5-V-A-108__contract_only_rolling_mpc.log,334,719579dcd1fe264abf15dc49055d7b656d43feec96c9f1d781b5c6a813f88971
logs_final/R5/plant_a_primary/R5-V-A-108__dcsv_cr_mpc.log,331,58f67efff49d45b29b483fd8bcda0af3019db47bb1909552af4b18a69dc54358
logs_final/R5/plant_a_primary/R5-V-A-109__contract_only_rolling_mpc.log,0,e3b0c44298fc1c149afbf4c8996fb92427ae41e4649b934ca495991b7852b855
logs_final/R5/plant_a_primary/R5-V-A-109__dcsv_cr_mpc.log,0,e3b0c44298fc1c149afbf4c8996fb92427ae41e4649b934ca495991b7852b855
logs_final/R5/plant_a_primary/R5-V-A-110__contract_only_rolling_mpc.log,0,e3b0c44298fc1c149afbf4c8996fb92427ae41e4649b934ca495991b7852b855
logs_final/R5/plant_a_primary/R5-V-A-110__dcsv_cr_mpc.log,331,58f67efff49d45b29b483fd8bcda0af3019db47bb1909552af4b18a69dc54358
logs_final/R5/plant_a_primary/R5-V-A-111__contract_only_rolling_mpc.log,0,e3b0c44298fc1c149afbf4c8996fb92427ae41e4649b934ca495991b7852b855
logs_final/R5/plant_a_primary/R5-V-A-111__dcsv_cr_mpc.log,331,58f67efff49d45b29b483fd8bcda0af3019db47bb1909552af4b18a69dc54358
logs_final/R5/plant_a_primary/R5-V-A-112__contract_only_rolling_mpc.log,0,e3b0c44298fc1c149afbf4c8996fb92427ae41e4649b934ca495991b7852b855
logs_final/R5/plant_a_primary/R5-V-A-112__dcsv_cr_mpc.log,331,58f67efff49d45b29b483fd8bcda0af3019db47bb1909552af4b18a69dc54358
logs_final/R5/plant_a_primary/R5-V-A-113__contract_only_rolling_mpc.log,0,e3b0c44298fc1c149afbf4c8996fb92427ae41e4649b934ca495991b7852b855
logs_final/R5/plant_a_primary/R5-V-A-113__dcsv_cr_mpc.log,331,58f67efff49d45b29b483fd8bcda0af3019db47bb1909552af4b18a69dc54358
logs_final/R5/plant_a_primary/R5-V-A-114__contract_only_rolling_mpc.log,0,e3b0c44298fc1c149afbf4c8996fb92427ae41e4649b934ca495991b7852b855
logs_final/R5/plant_a_primary/R5-V-A-114__dcsv_cr_mpc.log,331,58f67efff49d45b29b483fd8bcda0af3019db47bb1909552af4b18a69dc54358
logs_final/R5/plant_a_primary/R5-V-A-115__contract_only_rolling_mpc.log,0,e3b0c44298fc1c149afbf4c8996fb92427ae41e4649b934ca495991b7852b855
logs_final/R5/plant_a_primary/R5-V-A-115__dcsv_cr_mpc.log,0,e3b0c44298fc1c149afbf4c8996fb92427ae41e4649b934ca495991b7852b855
logs_final/R5/plant_a_primary/R5-V-A-116__contract_only_rolling_mpc.log,0,e3b0c44298fc1c149afbf4c8996fb92427ae41e4649b934ca495991b7852b855
logs_final/R5/plant_a_primary/R5-V-A-116__dcsv_cr_mpc.log,331,58f67efff49d45b29b483fd8bcda0af3019db47bb1909552af4b18a69dc54358
logs_final/R5/plant_a_primary/R5-V-A-117__contract_only_rolling_mpc.log,0,e3b0c44298fc1c149afbf4c8996fb92427ae41e4649b934ca495991b7852b855
logs_final/R5/plant_a_primary/R5-V-A-117__dcsv_cr_mpc.log,331,58f67efff49d45b29b483fd8bcda0af3019db47bb1909552af4b18a69dc54358
logs_final/R5/plant_a_primary/R5-V-A-118__contract_only_rolling_mpc.log,0,e3b0c44298fc1c149afbf4c8996fb92427ae41e4649b934ca495991b7852b855
logs_final/R5/plant_a_primary/R5-V-A-118__dcsv_cr_mpc.log,331,58f67efff49d45b29b483fd8bcda0af3019db47bb1909552af4b18a69dc54358
logs_final/R5/plant_a_primary/R5-V-A-119__contract_only_rolling_mpc.log,0,e3b0c44298fc1c149afbf4c8996fb92427ae41e4649b934ca495991b7852b855
logs_final/R5/plant_a_primary/R5-V-A-119__dcsv_cr_mpc.log,331,58f67efff49d45b29b483fd8bcda0af3019db47bb1909552af4b18a69dc54358
logs_final/R5/plant_a_supplemental/R5-V-A-000__fixed_allocation_anti_windup_pi.log,0,e3b0c44298fc1c149afbf4c8996fb92427ae41e4649b934ca495991b7852b855
logs_final/R5/plant_a_supplemental/R5-V-A-000__model_adaptive_mpc.log,0,e3b0c44298fc1c149afbf4c8996fb92427ae41e4649b934ca495991b7852b855
logs_final/R5/plant_a_supplemental/R5-V-A-000__nominal_offset_free_mpc.log,0,e3b0c44298fc1c149afbf4c8996fb92427ae41e4649b934ca495991b7852b855
logs_final/R5/plant_a_supplemental/R5-V-A-000__sg_only_anti_windup_pi.log,0,e3b0c44298fc1c149afbf4c8996fb92427ae41e4649b934ca495991b7852b855
logs_final/R5/plant_a_supplemental/R5-V-A-000__true_capability_oracle_mpc.log,0,e3b0c44298fc1c149afbf4c8996fb92427ae41e4649b934ca495991b7852b855
logs_final/R5/plant_a_supplemental/R5-V-A-001__fixed_allocation_anti_windup_pi.log,0,e3b0c44298fc1c149afbf4c8996fb92427ae41e4649b934ca495991b7852b855
logs_final/R5/plant_a_supplemental/R5-V-A-001__model_adaptive_mpc.log,0,e3b0c44298fc1c149afbf4c8996fb92427ae41e4649b934ca495991b7852b855
logs_final/R5/plant_a_supplemental/R5-V-A-001__nominal_offset_free_mpc.log,0,e3b0c44298fc1c149afbf4c8996fb92427ae41e4649b934ca495991b7852b855
logs_final/R5/plant_a_supplemental/R5-V-A-001__sg_only_anti_windup_pi.log,0,e3b0c44298fc1c149afbf4c8996fb92427ae41e4649b934ca495991b7852b855
logs_final/R5/plant_a_supplemental/R5-V-A-001__true_capability_oracle_mpc.log,0,e3b0c44298fc1c149afbf4c8996fb92427ae41e4649b934ca495991b7852b855
logs_final/R5/plant_a_supplemental/R5-V-A-010__fixed_allocation_anti_windup_pi.log,0,e3b0c44298fc1c149afbf4c8996fb92427ae41e4649b934ca495991b7852b855
logs_final/R5/plant_a_supplemental/R5-V-A-010__model_adaptive_mpc.log,0,e3b0c44298fc1c149afbf4c8996fb92427ae41e4649b934ca495991b7852b855
logs_final/R5/plant_a_supplemental/R5-V-A-010__nominal_offset_free_mpc.log,0,e3b0c44298fc1c149afbf4c8996fb92427ae41e4649b934ca495991b7852b855
logs_final/R5/plant_a_supplemental/R5-V-A-010__sg_only_anti_windup_pi.log,0,e3b0c44298fc1c149afbf4c8996fb92427ae41e4649b934ca495991b7852b855
logs_final/R5/plant_a_supplemental/R5-V-A-010__true_capability_oracle_mpc.log,0,e3b0c44298fc1c149afbf4c8996fb92427ae41e4649b934ca495991b7852b855
logs_final/R5/plant_a_supplemental/R5-V-A-011__fixed_allocation_anti_windup_pi.log,0,e3b0c44298fc1c149afbf4c8996fb92427ae41e4649b934ca495991b7852b855
logs_final/R5/plant_a_supplemental/R5-V-A-011__model_adaptive_mpc.log,0,e3b0c44298fc1c149afbf4c8996fb92427ae41e4649b934ca495991b7852b855
logs_final/R5/plant_a_supplemental/R5-V-A-011__nominal_offset_free_mpc.log,0,e3b0c44298fc1c149afbf4c8996fb92427ae41e4649b934ca495991b7852b855
logs_final/R5/plant_a_supplemental/R5-V-A-011__sg_only_anti_windup_pi.log,0,e3b0c44298fc1c149afbf4c8996fb92427ae41e4649b934ca495991b7852b855
logs_final/R5/plant_a_supplemental/R5-V-A-011__true_capability_oracle_mpc.log,0,e3b0c44298fc1c149afbf4c8996fb92427ae41e4649b934ca495991b7852b855
logs_final/R5/plant_a_supplemental/R5-V-A-020__fixed_allocation_anti_windup_pi.log,0,e3b0c44298fc1c149afbf4c8996fb92427ae41e4649b934ca495991b7852b855
logs_final/R5/plant_a_supplemental/R5-V-A-020__model_adaptive_mpc.log,0,e3b0c44298fc1c149afbf4c8996fb92427ae41e4649b934ca495991b7852b855
logs_final/R5/plant_a_supplemental/R5-V-A-020__nominal_offset_free_mpc.log,0,e3b0c44298fc1c149afbf4c8996fb92427ae41e4649b934ca495991b7852b855
logs_final/R5/plant_a_supplemental/R5-V-A-020__sg_only_anti_windup_pi.log,0,e3b0c44298fc1c149afbf4c8996fb92427ae41e4649b934ca495991b7852b855
logs_final/R5/plant_a_supplemental/R5-V-A-020__true_capability_oracle_mpc.log,0,e3b0c44298fc1c149afbf4c8996fb92427ae41e4649b934ca495991b7852b855
logs_final/R5/plant_a_supplemental/R5-V-A-021__fixed_allocation_anti_windup_pi.log,0,e3b0c44298fc1c149afbf4c8996fb92427ae41e4649b934ca495991b7852b855
logs_final/R5/plant_a_supplemental/R5-V-A-021__model_adaptive_mpc.log,0,e3b0c44298fc1c149afbf4c8996fb92427ae41e4649b934ca495991b7852b855
logs_final/R5/plant_a_supplemental/R5-V-A-021__nominal_offset_free_mpc.log,0,e3b0c44298fc1c149afbf4c8996fb92427ae41e4649b934ca495991b7852b855
logs_final/R5/plant_a_supplemental/R5-V-A-021__sg_only_anti_windup_pi.log,0,e3b0c44298fc1c149afbf4c8996fb92427ae41e4649b934ca495991b7852b855
logs_final/R5/plant_a_supplemental/R5-V-A-021__true_capability_oracle_mpc.log,0,e3b0c44298fc1c149afbf4c8996fb92427ae41e4649b934ca495991b7852b855
logs_final/R5/plant_a_supplemental/R5-V-A-030__fixed_allocation_anti_windup_pi.log,0,e3b0c44298fc1c149afbf4c8996fb92427ae41e4649b934ca495991b7852b855
logs_final/R5/plant_a_supplemental/R5-V-A-030__model_adaptive_mpc.log,0,e3b0c44298fc1c149afbf4c8996fb92427ae41e4649b934ca495991b7852b855
logs_final/R5/plant_a_supplemental/R5-V-A-030__nominal_offset_free_mpc.log,0,e3b0c44298fc1c149afbf4c8996fb92427ae41e4649b934ca495991b7852b855
logs_final/R5/plant_a_supplemental/R5-V-A-030__sg_only_anti_windup_pi.log,0,e3b0c44298fc1c149afbf4c8996fb92427ae41e4649b934ca495991b7852b855
logs_final/R5/plant_a_supplemental/R5-V-A-030__true_capability_oracle_mpc.log,0,e3b0c44298fc1c149afbf4c8996fb92427ae41e4649b934ca495991b7852b855
logs_final/R5/plant_a_supplemental/R5-V-A-031__fixed_allocation_anti_windup_pi.log,0,e3b0c44298fc1c149afbf4c8996fb92427ae41e4649b934ca495991b7852b855
logs_final/R5/plant_a_supplemental/R5-V-A-031__model_adaptive_mpc.log,0,e3b0c44298fc1c149afbf4c8996fb92427ae41e4649b934ca495991b7852b855
logs_final/R5/plant_a_supplemental/R5-V-A-031__nominal_offset_free_mpc.log,0,e3b0c44298fc1c149afbf4c8996fb92427ae41e4649b934ca495991b7852b855
logs_final/R5/plant_a_supplemental/R5-V-A-031__sg_only_anti_windup_pi.log,0,e3b0c44298fc1c149afbf4c8996fb92427ae41e4649b934ca495991b7852b855
logs_final/R5/plant_a_supplemental/R5-V-A-031__true_capability_oracle_mpc.log,0,e3b0c44298fc1c149afbf4c8996fb92427ae41e4649b934ca495991b7852b855
logs_final/R5/plant_a_supplemental/R5-V-A-040__fixed_allocation_anti_windup_pi.log,0,e3b0c44298fc1c149afbf4c8996fb92427ae41e4649b934ca495991b7852b855
logs_final/R5/plant_a_supplemental/R5-V-A-040__model_adaptive_mpc.log,0,e3b0c44298fc1c149afbf4c8996fb92427ae41e4649b934ca495991b7852b855
logs_final/R5/plant_a_supplemental/R5-V-A-040__nominal_offset_free_mpc.log,0,e3b0c44298fc1c149afbf4c8996fb92427ae41e4649b934ca495991b7852b855
logs_final/R5/plant_a_supplemental/R5-V-A-040__sg_only_anti_windup_pi.log,0,e3b0c44298fc1c149afbf4c8996fb92427ae41e4649b934ca495991b7852b855
logs_final/R5/plant_a_supplemental/R5-V-A-040__true_capability_oracle_mpc.log,0,e3b0c44298fc1c149afbf4c8996fb92427ae41e4649b934ca495991b7852b855
logs_final/R5/plant_a_supplemental/R5-V-A-041__fixed_allocation_anti_windup_pi.log,0,e3b0c44298fc1c149afbf4c8996fb92427ae41e4649b934ca495991b7852b855
logs_final/R5/plant_a_supplemental/R5-V-A-041__model_adaptive_mpc.log,0,e3b0c44298fc1c149afbf4c8996fb92427ae41e4649b934ca495991b7852b855
logs_final/R5/plant_a_supplemental/R5-V-A-041__nominal_offset_free_mpc.log,0,e3b0c44298fc1c149afbf4c8996fb92427ae41e4649b934ca495991b7852b855
logs_final/R5/plant_a_supplemental/R5-V-A-041__sg_only_anti_windup_pi.log,0,e3b0c44298fc1c149afbf4c8996fb92427ae41e4649b934ca495991b7852b855
logs_final/R5/plant_a_supplemental/R5-V-A-041__true_capability_oracle_mpc.log,0,e3b0c44298fc1c149afbf4c8996fb92427ae41e4649b934ca495991b7852b855
logs_final/R5/plant_a_supplemental/R5-V-A-050__fixed_allocation_anti_windup_pi.log,0,e3b0c44298fc1c149afbf4c8996fb92427ae41e4649b934ca495991b7852b855
logs_final/R5/plant_a_supplemental/R5-V-A-050__model_adaptive_mpc.log,0,e3b0c44298fc1c149afbf4c8996fb92427ae41e4649b934ca495991b7852b855
logs_final/R5/plant_a_supplemental/R5-V-A-050__nominal_offset_free_mpc.log,0,e3b0c44298fc1c149afbf4c8996fb92427ae41e4649b934ca495991b7852b855
logs_final/R5/plant_a_supplemental/R5-V-A-050__sg_only_anti_windup_pi.log,0,e3b0c44298fc1c149afbf4c8996fb92427ae41e4649b934ca495991b7852b855
logs_final/R5/plant_a_supplemental/R5-V-A-050__true_capability_oracle_mpc.log,0,e3b0c44298fc1c149afbf4c8996fb92427ae41e4649b934ca495991b7852b855
logs_final/R5/plant_a_supplemental/R5-V-A-051__fixed_allocation_anti_windup_pi.log,0,e3b0c44298fc1c149afbf4c8996fb92427ae41e4649b934ca495991b7852b855
logs_final/R5/plant_a_supplemental/R5-V-A-051__model_adaptive_mpc.log,0,e3b0c44298fc1c149afbf4c8996fb92427ae41e4649b934ca495991b7852b855
logs_final/R5/plant_a_supplemental/R5-V-A-051__nominal_offset_free_mpc.log,0,e3b0c44298fc1c149afbf4c8996fb92427ae41e4649b934ca495991b7852b855
logs_final/R5/plant_a_supplemental/R5-V-A-051__sg_only_anti_windup_pi.log,0,e3b0c44298fc1c149afbf4c8996fb92427ae41e4649b934ca495991b7852b855
logs_final/R5/plant_a_supplemental/R5-V-A-051__true_capability_oracle_mpc.log,0,e3b0c44298fc1c149afbf4c8996fb92427ae41e4649b934ca495991b7852b855
logs_final/R5/plant_a_supplemental/R5-V-A-060__fixed_allocation_anti_windup_pi.log,0,e3b0c44298fc1c149afbf4c8996fb92427ae41e4649b934ca495991b7852b855
logs_final/R5/plant_a_supplemental/R5-V-A-060__model_adaptive_mpc.log,0,e3b0c44298fc1c149afbf4c8996fb92427ae41e4649b934ca495991b7852b855
logs_final/R5/plant_a_supplemental/R5-V-A-060__nominal_offset_free_mpc.log,0,e3b0c44298fc1c149afbf4c8996fb92427ae41e4649b934ca495991b7852b855
logs_final/R5/plant_a_supplemental/R5-V-A-060__sg_only_anti_windup_pi.log,0,e3b0c44298fc1c149afbf4c8996fb92427ae41e4649b934ca495991b7852b855
logs_final/R5/plant_a_supplemental/R5-V-A-060__true_capability_oracle_mpc.log,0,e3b0c44298fc1c149afbf4c8996fb92427ae41e4649b934ca495991b7852b855
logs_final/R5/plant_a_supplemental/R5-V-A-061__fixed_allocation_anti_windup_pi.log,0,e3b0c44298fc1c149afbf4c8996fb92427ae41e4649b934ca495991b7852b855
logs_final/R5/plant_a_supplemental/R5-V-A-061__model_adaptive_mpc.log,0,e3b0c44298fc1c149afbf4c8996fb92427ae41e4649b934ca495991b7852b855
logs_final/R5/plant_a_supplemental/R5-V-A-061__nominal_offset_free_mpc.log,0,e3b0c44298fc1c149afbf4c8996fb92427ae41e4649b934ca495991b7852b855
logs_final/R5/plant_a_supplemental/R5-V-A-061__sg_only_anti_windup_pi.log,0,e3b0c44298fc1c149afbf4c8996fb92427ae41e4649b934ca495991b7852b855
logs_final/R5/plant_a_supplemental/R5-V-A-061__true_capability_oracle_mpc.log,0,e3b0c44298fc1c149afbf4c8996fb92427ae41e4649b934ca495991b7852b855
logs_final/R5/plant_a_supplemental/R5-V-A-070__fixed_allocation_anti_windup_pi.log,0,e3b0c44298fc1c149afbf4c8996fb92427ae41e4649b934ca495991b7852b855
logs_final/R5/plant_a_supplemental/R5-V-A-070__model_adaptive_mpc.log,0,e3b0c44298fc1c149afbf4c8996fb92427ae41e4649b934ca495991b7852b855
logs_final/R5/plant_a_supplemental/R5-V-A-070__nominal_offset_free_mpc.log,0,e3b0c44298fc1c149afbf4c8996fb92427ae41e4649b934ca495991b7852b855
logs_final/R5/plant_a_supplemental/R5-V-A-070__sg_only_anti_windup_pi.log,0,e3b0c44298fc1c149afbf4c8996fb92427ae41e4649b934ca495991b7852b855
logs_final/R5/plant_a_supplemental/R5-V-A-070__true_capability_oracle_mpc.log,0,e3b0c44298fc1c149afbf4c8996fb92427ae41e4649b934ca495991b7852b855
logs_final/R5/plant_a_supplemental/R5-V-A-071__fixed_allocation_anti_windup_pi.log,0,e3b0c44298fc1c149afbf4c8996fb92427ae41e4649b934ca495991b7852b855
logs_final/R5/plant_a_supplemental/R5-V-A-071__model_adaptive_mpc.log,0,e3b0c44298fc1c149afbf4c8996fb92427ae41e4649b934ca495991b7852b855
logs_final/R5/plant_a_supplemental/R5-V-A-071__nominal_offset_free_mpc.log,0,e3b0c44298fc1c149afbf4c8996fb92427ae41e4649b934ca495991b7852b855
logs_final/R5/plant_a_supplemental/R5-V-A-071__sg_only_anti_windup_pi.log,0,e3b0c44298fc1c149afbf4c8996fb92427ae41e4649b934ca495991b7852b855
logs_final/R5/plant_a_supplemental/R5-V-A-071__true_capability_oracle_mpc.log,0,e3b0c44298fc1c149afbf4c8996fb92427ae41e4649b934ca495991b7852b855
logs_final/R5/plant_a_supplemental/R5-V-A-080__fixed_allocation_anti_windup_pi.log,0,e3b0c44298fc1c149afbf4c8996fb92427ae41e4649b934ca495991b7852b855
logs_final/R5/plant_a_supplemental/R5-V-A-080__model_adaptive_mpc.log,0,e3b0c44298fc1c149afbf4c8996fb92427ae41e4649b934ca495991b7852b855
logs_final/R5/plant_a_supplemental/R5-V-A-080__nominal_offset_free_mpc.log,0,e3b0c44298fc1c149afbf4c8996fb92427ae41e4649b934ca495991b7852b855
logs_final/R5/plant_a_supplemental/R5-V-A-080__sg_only_anti_windup_pi.log,0,e3b0c44298fc1c149afbf4c8996fb92427ae41e4649b934ca495991b7852b855
logs_final/R5/plant_a_supplemental/R5-V-A-080__true_capability_oracle_mpc.log,0,e3b0c44298fc1c149afbf4c8996fb92427ae41e4649b934ca495991b7852b855
logs_final/R5/plant_a_supplemental/R5-V-A-081__fixed_allocation_anti_windup_pi.log,0,e3b0c44298fc1c149afbf4c8996fb92427ae41e4649b934ca495991b7852b855
logs_final/R5/plant_a_supplemental/R5-V-A-081__model_adaptive_mpc.log,0,e3b0c44298fc1c149afbf4c8996fb92427ae41e4649b934ca495991b7852b855
logs_final/R5/plant_a_supplemental/R5-V-A-081__nominal_offset_free_mpc.log,0,e3b0c44298fc1c149afbf4c8996fb92427ae41e4649b934ca495991b7852b855
logs_final/R5/plant_a_supplemental/R5-V-A-081__sg_only_anti_windup_pi.log,0,e3b0c44298fc1c149afbf4c8996fb92427ae41e4649b934ca495991b7852b855
logs_final/R5/plant_a_supplemental/R5-V-A-081__true_capability_oracle_mpc.log,0,e3b0c44298fc1c149afbf4c8996fb92427ae41e4649b934ca495991b7852b855
logs_final/R5/plant_a_supplemental/R5-V-A-090__fixed_allocation_anti_windup_pi.log,0,e3b0c44298fc1c149afbf4c8996fb92427ae41e4649b934ca495991b7852b855
logs_final/R5/plant_a_supplemental/R5-V-A-090__model_adaptive_mpc.log,0,e3b0c44298fc1c149afbf4c8996fb92427ae41e4649b934ca495991b7852b855
logs_final/R5/plant_a_supplemental/R5-V-A-090__nominal_offset_free_mpc.log,0,e3b0c44298fc1c149afbf4c8996fb92427ae41e4649b934ca495991b7852b855
logs_final/R5/plant_a_supplemental/R5-V-A-090__sg_only_anti_windup_pi.log,0,e3b0c44298fc1c149afbf4c8996fb92427ae41e4649b934ca495991b7852b855
logs_final/R5/plant_a_supplemental/R5-V-A-090__true_capability_oracle_mpc.log,0,e3b0c44298fc1c149afbf4c8996fb92427ae41e4649b934ca495991b7852b855
logs_final/R5/plant_a_supplemental/R5-V-A-091__fixed_allocation_anti_windup_pi.log,0,e3b0c44298fc1c149afbf4c8996fb92427ae41e4649b934ca495991b7852b855
logs_final/R5/plant_a_supplemental/R5-V-A-091__model_adaptive_mpc.log,0,e3b0c44298fc1c149afbf4c8996fb92427ae41e4649b934ca495991b7852b855
logs_final/R5/plant_a_supplemental/R5-V-A-091__nominal_offset_free_mpc.log,334,719579dcd1fe264abf15dc49055d7b656d43feec96c9f1d781b5c6a813f88971
logs_final/R5/plant_a_supplemental/R5-V-A-091__sg_only_anti_windup_pi.log,0,e3b0c44298fc1c149afbf4c8996fb92427ae41e4649b934ca495991b7852b855
logs_final/R5/plant_a_supplemental/R5-V-A-091__true_capability_oracle_mpc.log,0,e3b0c44298fc1c149afbf4c8996fb92427ae41e4649b934ca495991b7852b855
logs_final/R5/plant_a_supplemental/R5-V-A-100__fixed_allocation_anti_windup_pi.log,0,e3b0c44298fc1c149afbf4c8996fb92427ae41e4649b934ca495991b7852b855
logs_final/R5/plant_a_supplemental/R5-V-A-100__model_adaptive_mpc.log,0,e3b0c44298fc1c149afbf4c8996fb92427ae41e4649b934ca495991b7852b855
logs_final/R5/plant_a_supplemental/R5-V-A-100__nominal_offset_free_mpc.log,0,e3b0c44298fc1c149afbf4c8996fb92427ae41e4649b934ca495991b7852b855
logs_final/R5/plant_a_supplemental/R5-V-A-100__sg_only_anti_windup_pi.log,0,e3b0c44298fc1c149afbf4c8996fb92427ae41e4649b934ca495991b7852b855
logs_final/R5/plant_a_supplemental/R5-V-A-100__true_capability_oracle_mpc.log,0,e3b0c44298fc1c149afbf4c8996fb92427ae41e4649b934ca495991b7852b855
logs_final/R5/plant_a_supplemental/R5-V-A-101__fixed_allocation_anti_windup_pi.log,0,e3b0c44298fc1c149afbf4c8996fb92427ae41e4649b934ca495991b7852b855
logs_final/R5/plant_a_supplemental/R5-V-A-101__model_adaptive_mpc.log,0,e3b0c44298fc1c149afbf4c8996fb92427ae41e4649b934ca495991b7852b855
logs_final/R5/plant_a_supplemental/R5-V-A-101__nominal_offset_free_mpc.log,0,e3b0c44298fc1c149afbf4c8996fb92427ae41e4649b934ca495991b7852b855
logs_final/R5/plant_a_supplemental/R5-V-A-101__sg_only_anti_windup_pi.log,0,e3b0c44298fc1c149afbf4c8996fb92427ae41e4649b934ca495991b7852b855
logs_final/R5/plant_a_supplemental/R5-V-A-101__true_capability_oracle_mpc.log,0,e3b0c44298fc1c149afbf4c8996fb92427ae41e4649b934ca495991b7852b855
logs_final/R5/plant_a_supplemental/R5-V-A-110__fixed_allocation_anti_windup_pi.log,0,e3b0c44298fc1c149afbf4c8996fb92427ae41e4649b934ca495991b7852b855
logs_final/R5/plant_a_supplemental/R5-V-A-110__model_adaptive_mpc.log,0,e3b0c44298fc1c149afbf4c8996fb92427ae41e4649b934ca495991b7852b855
logs_final/R5/plant_a_supplemental/R5-V-A-110__nominal_offset_free_mpc.log,0,e3b0c44298fc1c149afbf4c8996fb92427ae41e4649b934ca495991b7852b855
logs_final/R5/plant_a_supplemental/R5-V-A-110__sg_only_anti_windup_pi.log,0,e3b0c44298fc1c149afbf4c8996fb92427ae41e4649b934ca495991b7852b855
logs_final/R5/plant_a_supplemental/R5-V-A-110__true_capability_oracle_mpc.log,0,e3b0c44298fc1c149afbf4c8996fb92427ae41e4649b934ca495991b7852b855
logs_final/R5/plant_a_supplemental/R5-V-A-111__fixed_allocation_anti_windup_pi.log,0,e3b0c44298fc1c149afbf4c8996fb92427ae41e4649b934ca495991b7852b855
logs_final/R5/plant_a_supplemental/R5-V-A-111__model_adaptive_mpc.log,0,e3b0c44298fc1c149afbf4c8996fb92427ae41e4649b934ca495991b7852b855
logs_final/R5/plant_a_supplemental/R5-V-A-111__nominal_offset_free_mpc.log,0,e3b0c44298fc1c149afbf4c8996fb92427ae41e4649b934ca495991b7852b855
logs_final/R5/plant_a_supplemental/R5-V-A-111__sg_only_anti_windup_pi.log,0,e3b0c44298fc1c149afbf4c8996fb92427ae41e4649b934ca495991b7852b855
logs_final/R5/plant_a_supplemental/R5-V-A-111__true_capability_oracle_mpc.log,0,e3b0c44298fc1c149afbf4c8996fb92427ae41e4649b934ca495991b7852b855
logs_final/R5/plant_b/R5-V-B-000__contract_only_rolling_mpc.log,684,b489a055f9e272af2e36e3888f9fca0afd2535c0fdae1c7aef7c0ef8fd04e9d8
logs_final/R5/plant_b/R5-V-B-000__dcsv_cr_mpc.log,1005,633cbc1d16a24b637f98bab1d96a4adabbfbf44018b3164a7036fb89decb24ec
logs_final/R5/plant_b/R5-V-B-001__contract_only_rolling_mpc.log,684,b489a055f9e272af2e36e3888f9fca0afd2535c0fdae1c7aef7c0ef8fd04e9d8
logs_final/R5/plant_b/R5-V-B-001__dcsv_cr_mpc.log,684,b489a055f9e272af2e36e3888f9fca0afd2535c0fdae1c7aef7c0ef8fd04e9d8
logs_final/R5/plant_b/R5-V-B-002__contract_only_rolling_mpc.log,616,a51d58cb6be291db547a1860ba606bdfaf58272cd6935894d2a9b2f35bfc583f
logs_final/R5/plant_b/R5-V-B-002__dcsv_cr_mpc.log,616,a51d58cb6be291db547a1860ba606bdfaf58272cd6935894d2a9b2f35bfc583f
logs_final/R5/plant_b/R5-V-B-003__contract_only_rolling_mpc.log,616,a51d58cb6be291db547a1860ba606bdfaf58272cd6935894d2a9b2f35bfc583f
logs_final/R5/plant_b/R5-V-B-003__dcsv_cr_mpc.log,616,a51d58cb6be291db547a1860ba606bdfaf58272cd6935894d2a9b2f35bfc583f
logs_final/R5/plant_b/R5-V-B-004__contract_only_rolling_mpc.log,616,a51d58cb6be291db547a1860ba606bdfaf58272cd6935894d2a9b2f35bfc583f
logs_final/R5/plant_b/R5-V-B-004__dcsv_cr_mpc.log,616,a51d58cb6be291db547a1860ba606bdfaf58272cd6935894d2a9b2f35bfc583f
logs_final/R5/plant_b/R5-V-B-005__contract_only_rolling_mpc.log,616,a51d58cb6be291db547a1860ba606bdfaf58272cd6935894d2a9b2f35bfc583f
logs_final/R5/plant_b/R5-V-B-005__dcsv_cr_mpc.log,616,a51d58cb6be291db547a1860ba606bdfaf58272cd6935894d2a9b2f35bfc583f
logs_final/R5/plant_b/R5-V-B-006__contract_only_rolling_mpc.log,616,a51d58cb6be291db547a1860ba606bdfaf58272cd6935894d2a9b2f35bfc583f
logs_final/R5/plant_b/R5-V-B-006__dcsv_cr_mpc.log,616,a51d58cb6be291db547a1860ba606bdfaf58272cd6935894d2a9b2f35bfc583f
logs_final/R5/plant_b/R5-V-B-007__contract_only_rolling_mpc.log,616,a51d58cb6be291db547a1860ba606bdfaf58272cd6935894d2a9b2f35bfc583f
logs_final/R5/plant_b/R5-V-B-007__dcsv_cr_mpc.log,616,a51d58cb6be291db547a1860ba606bdfaf58272cd6935894d2a9b2f35bfc583f
logs_final/R5/plant_b/R5-V-B-008__contract_only_rolling_mpc.log,616,a51d58cb6be291db547a1860ba606bdfaf58272cd6935894d2a9b2f35bfc583f
logs_final/R5/plant_b/R5-V-B-008__dcsv_cr_mpc.log,616,a51d58cb6be291db547a1860ba606bdfaf58272cd6935894d2a9b2f35bfc583f
logs_final/R5/plant_b/R5-V-B-009__contract_only_rolling_mpc.log,616,a51d58cb6be291db547a1860ba606bdfaf58272cd6935894d2a9b2f35bfc583f
logs_final/R5/plant_b/R5-V-B-009__dcsv_cr_mpc.log,616,a51d58cb6be291db547a1860ba606bdfaf58272cd6935894d2a9b2f35bfc583f
logs_final/R5/plant_b/R5-V-B-010__contract_only_rolling_mpc.log,616,a51d58cb6be291db547a1860ba606bdfaf58272cd6935894d2a9b2f35bfc583f
logs_final/R5/plant_b/R5-V-B-010__dcsv_cr_mpc.log,616,a51d58cb6be291db547a1860ba606bdfaf58272cd6935894d2a9b2f35bfc583f
logs_final/R5/plant_b/R5-V-B-011__contract_only_rolling_mpc.log,616,a51d58cb6be291db547a1860ba606bdfaf58272cd6935894d2a9b2f35bfc583f
logs_final/R5/plant_b/R5-V-B-011__dcsv_cr_mpc.log,616,a51d58cb6be291db547a1860ba606bdfaf58272cd6935894d2a9b2f35bfc583f
logs_final/R5/plant_b/R5-V-B-012__contract_only_rolling_mpc.log,616,a51d58cb6be291db547a1860ba606bdfaf58272cd6935894d2a9b2f35bfc583f
logs_final/R5/plant_b/R5-V-B-012__dcsv_cr_mpc.log,616,a51d58cb6be291db547a1860ba606bdfaf58272cd6935894d2a9b2f35bfc583f
logs_final/R5/plant_b/R5-V-B-013__contract_only_rolling_mpc.log,616,a51d58cb6be291db547a1860ba606bdfaf58272cd6935894d2a9b2f35bfc583f
logs_final/R5/plant_b/R5-V-B-013__dcsv_cr_mpc.log,616,a51d58cb6be291db547a1860ba606bdfaf58272cd6935894d2a9b2f35bfc583f
logs_final/R5/plant_b/R5-V-B-014__contract_only_rolling_mpc.log,616,a51d58cb6be291db547a1860ba606bdfaf58272cd6935894d2a9b2f35bfc583f
logs_final/R5/plant_b/R5-V-B-014__dcsv_cr_mpc.log,616,a51d58cb6be291db547a1860ba606bdfaf58272cd6935894d2a9b2f35bfc583f
logs_final/R5/plant_b/R5-V-B-015__contract_only_rolling_mpc.log,616,a51d58cb6be291db547a1860ba606bdfaf58272cd6935894d2a9b2f35bfc583f
logs_final/R5/plant_b/R5-V-B-015__dcsv_cr_mpc.log,616,a51d58cb6be291db547a1860ba606bdfaf58272cd6935894d2a9b2f35bfc583f
logs_final/R5/plant_b/R5-V-B-016__contract_only_rolling_mpc.log,616,a51d58cb6be291db547a1860ba606bdfaf58272cd6935894d2a9b2f35bfc583f
logs_final/R5/plant_b/R5-V-B-016__dcsv_cr_mpc.log,616,a51d58cb6be291db547a1860ba606bdfaf58272cd6935894d2a9b2f35bfc583f
logs_final/R5/plant_b/R5-V-B-017__contract_only_rolling_mpc.log,616,a51d58cb6be291db547a1860ba606bdfaf58272cd6935894d2a9b2f35bfc583f
logs_final/R5/plant_b/R5-V-B-017__dcsv_cr_mpc.log,616,a51d58cb6be291db547a1860ba606bdfaf58272cd6935894d2a9b2f35bfc583f
logs_final/R5/plant_b/R5-V-B-018__contract_only_rolling_mpc.log,616,a51d58cb6be291db547a1860ba606bdfaf58272cd6935894d2a9b2f35bfc583f
logs_final/R5/plant_b/R5-V-B-018__dcsv_cr_mpc.log,616,a51d58cb6be291db547a1860ba606bdfaf58272cd6935894d2a9b2f35bfc583f
logs_final/R5/plant_b/R5-V-B-019__contract_only_rolling_mpc.log,616,a51d58cb6be291db547a1860ba606bdfaf58272cd6935894d2a9b2f35bfc583f
logs_final/R5/plant_b/R5-V-B-019__dcsv_cr_mpc.log,616,a51d58cb6be291db547a1860ba606bdfaf58272cd6935894d2a9b2f35bfc583f
logs_final/R5/plant_b/R5-V-B-020__contract_only_rolling_mpc.log,616,a51d58cb6be291db547a1860ba606bdfaf58272cd6935894d2a9b2f35bfc583f
logs_final/R5/plant_b/R5-V-B-020__dcsv_cr_mpc.log,616,a51d58cb6be291db547a1860ba606bdfaf58272cd6935894d2a9b2f35bfc583f
logs_final/R5/plant_b/R5-V-B-021__contract_only_rolling_mpc.log,616,a51d58cb6be291db547a1860ba606bdfaf58272cd6935894d2a9b2f35bfc583f
logs_final/R5/plant_b/R5-V-B-021__dcsv_cr_mpc.log,616,a51d58cb6be291db547a1860ba606bdfaf58272cd6935894d2a9b2f35bfc583f
logs_final/R5/plant_b/R5-V-B-022__contract_only_rolling_mpc.log,616,a51d58cb6be291db547a1860ba606bdfaf58272cd6935894d2a9b2f35bfc583f
logs_final/R5/plant_b/R5-V-B-022__dcsv_cr_mpc.log,616,a51d58cb6be291db547a1860ba606bdfaf58272cd6935894d2a9b2f35bfc583f
logs_final/R5/plant_b/R5-V-B-023__contract_only_rolling_mpc.log,616,a51d58cb6be291db547a1860ba606bdfaf58272cd6935894d2a9b2f35bfc583f
logs_final/R5/plant_b/R5-V-B-023__dcsv_cr_mpc.log,616,a51d58cb6be291db547a1860ba606bdfaf58272cd6935894d2a9b2f35bfc583f
progress_closure/C0.json,1510,377aa46bd22dc19886156647398f13fc73810573a7bb0f890107794a57ea2ec2
progress_closure/C1.json,618,32fdff89b1e44b480764c48fe270c40b778e6cc4a8ff2bcc96fa056160341ffb
progress_closure/C2.json,445,fd8e1edb0ff480a58670c5d1693893d1e44249c4bd25944f693890f336785c3e
progress_closure/C2_LOCK.json,317,4772729b6287458ef63256416132de836d90fffe9c32c31a3643ee5ca6c20e18
progress_closure/C3.json,562,bbe269a43bcc519ef9aed02057a70545ef6caa2a00a02fa74b841581b725e52f
progress_closure/C4.json,316,f40787b66d798aaf6b4ddb49068220c0dc513f309d9f6a49804ec4c171eaa31c
progress_final/R0.json,918,7b389c1ea7d0f68de062e5dd0583362b803b5317941f6b3dbcd57f2077aa9fb4
progress_final/R1.json,963,ac519ca4b5f58b6c7f063892a7e93defa0e1bbef600f7d4237a6a8e92d8ad4b9
progress_final/R2.json,1416,04bf1faae1e599bd45831fca730de5affdc5a18244e2e9f75f97e0fd76f7b5ad
progress_final/R3.json,1215,d9037c25f0dc9c49cabddb5db58a938656e23cc59edbce059fe15547b091f677
progress_final/R4.json,1030,dd693dcd33ceb900d694dea3ecf00b44a6627974f596f4a8df3d12bcb2490e7c
progress_final/R5.json,2464,fbea8cffe89c1012d6029a8109073f60bafb4cbacec81b7c800a5e487e83121c
progress_final/R6.json,298,ee9ee3efae07c39b8f75d6076e26ce1d93358981d7ff1f575695116761216d55
progress_final/R7.json,302,b6fbee334dbc5d8a1eb18c93272662eb792cf2d696ee4d03b4578445c35298b8
progress_final/R8.json,390,e804bcf7535e6d81c55d4dfa9d3d5d278c2ba483d0eaea5161c091eea7639898
pyproject.toml,994,4070e7d051c70cd6297465d3b4d14e5f7fbf9529c537795f7ca792f97f031bf0
research/DIRECTION5_CLOSURE_CONFIRMATION_AND_MANUSCRIPT_CODEX_PACKAGE/00_EXPERT_REVIEW_CURRENT_PACKAGE.md,1999,99d5d908e9e4d8e9a78cea9e89565f61bf1dadbe6dff544b1eee27ab9b4face4
research/DIRECTION5_CLOSURE_CONFIRMATION_AND_MANUSCRIPT_CODEX_PACKAGE/01_FINAL_CLOSURE_PLAN.md,4958,88acb6710b500a63f25d0b13fac40ab2032d6c9da8ed45d3177b8347b40cc1d1
research/DIRECTION5_CLOSURE_CONFIRMATION_AND_MANUSCRIPT_CODEX_PACKAGE/02_PAPER_DRAFT_WITH_PREDICTED_RESULTS.md,2639,d058e4a93b0362f955aac91d8fb6902139e260c737ce698d5cb5c4aeb0a01bdc
research/DIRECTION5_CLOSURE_CONFIRMATION_AND_MANUSCRIPT_CODEX_PACKAGE/03_INDEPENDENT_AUDIT_SPEC.md,702,d43980d6e5c982ea4b4c14d9e8f51ad005c439e36b89edec957818c925d83b79
research/DIRECTION5_CLOSURE_CONFIRMATION_AND_MANUSCRIPT_CODEX_PACKAGE/04_FINAL_PACKAGE_SPEC.md,739,e5ef84c2bf5044aeb2fdc55b06d38ea02ddf0887b48767bafa3a35cbd3f9a1d8
research/DIRECTION5_CLOSURE_CONFIRMATION_AND_MANUSCRIPT_CODEX_PACKAGE/05_GATES_AND_STOP_RULES.md,719,2efe2a5da4a8b72b7de29d19fae88d0f88749f550b8b7cda52a4103fde554444
research/DIRECTION5_CLOSURE_CONFIRMATION_AND_MANUSCRIPT_CODEX_PACKAGE/CODEX_GOAL.md,1348,5662ef1b8116a1e051643e939157972089da4506a680526b7b11780b9f06084e
research/DIRECTION5_CLOSURE_CONFIRMATION_AND_MANUSCRIPT_CODEX_PACKAGE/GOAL_TO_SEND_CODEX.txt,1245,4c0269a848f1959fb38071f478dedc50ee8dad3b662848ca8eb7da65207fd3c1
research/DIRECTION5_CLOSURE_CONFIRMATION_AND_MANUSCRIPT_CODEX_PACKAGE/PACKAGE_INDEX.csv,1004,93f0b98059280edac0eff747b0bd1afb820e48da30f5de126dda94cd98e45042
research/DIRECTION5_CLOSURE_CONFIRMATION_AND_MANUSCRIPT_CODEX_PACKAGE/PACKAGE_INDEX.json,1517,c5f8b507a6532f6764507ca3f5b9b8ac7178b1fbf1f7a7bd8aa78a7ebd0b92d1
research/DIRECTION5_CLOSURE_CONFIRMATION_AND_MANUSCRIPT_CODEX_PACKAGE/README_FIRST.md,770,96c912e7c2e2b444cd636664802de07f9a0025fa684b730ba549c46ea2466f40
research/DIRECTION5_CLOSURE_CONFIRMATION_AND_MANUSCRIPT_CODEX_PACKAGE/reference/EXPECTED_CONFIRMATORY_RESULTS.csv,835,54abce43bac6544536c93346518bdd21009a596d07d9f14bcdebfefcc7168535
research_outputs_closure/00_AUDIT/CODE_SEMANTICS_AUDIT.csv,592,55ac44f4bdcb71c1b85a872dad171f14986bc498b9933ab276dc80e023b07d62
research_outputs_closure/00_AUDIT/CURRENT_PACKAGE_REPLICATION.md,1012,84a596958e9520ee20947201d34a2d6c26fb7934e68d7a7232c71e8661dc1eee
research_outputs_closure/00_AUDIT/RECOMPUTED_BOOTSTRAP.csv,2197,5b0a59542409f91f02754f4f4f61b4d336098b0afbf8c7df76e8baa362bf5b8d
research_outputs_closure/00_AUDIT/RECOMPUTED_ESTIMATOR_COVERAGE.csv,445,823e1f544be7ae62ff7aee3a19a845b97d9924cbd11d8bac2f00731e22fa5a3a
research_outputs_closure/00_AUDIT/RECOMPUTED_GATES.csv,940,b7c46436634e1ae9564ffa10f4647252e410b1e316332017132a520b5274565e
research_outputs_closure/00_AUDIT/RECOMPUTED_MATERIALITY.csv,799,1ba26eac622f5631dd96969fbbe164750d2b0bd377dc25b70efbcd12ff3f4549
research_outputs_closure/00_AUDIT/RECOMPUTED_NORMAL1H.csv,1370,8689748381a0a9532d92388cc0cf71369b026bf606a4b46f928dc4ccb5cbd196
research_outputs_closure/00_AUDIT/RECOMPUTED_PAIRED_FAILURES.csv,751,b029f9df126f48a84fd651ffdecd05b034b43808b006ddec7d156f9b70482fa5
research_outputs_closure/00_AUDIT/RECOMPUTED_PLANT_DIRECTION.csv,162,59ff49d917bac948528a848383695d77e5c3c364f9f5efd57b1c7c76fa82c7d3
research_outputs_closure/00_AUDIT/RECOMPUTED_SOLVER_DENOMINATOR.csv,435,1c342428b954e11b5d17cee6bfc14d2ba7d3b716b74ec69ae1d831badf859c94
research_outputs_closure/00_AUDIT/RECOMPUTED_STATISTICS.csv,2022,8bda2ad0f1cf1297aaebfece8f70670c84a68facf5ca99cbf7a5264504187475
research_outputs_closure/00_AUDIT/REPLICATION_DIFFERENCES.csv,32595,13a38a5f1139bc103994c7e8f11d5e95f5fbc34483846712cf92b6ce2ce3d572
research_outputs_closure/01_MECHANISM/BINDING_CONSTRAINTS.csv,864,bde31ffa63fa2a8ee2f9bbfab0a42971a6e0d08d706873960df5d5894cd11187
research_outputs_closure/01_MECHANISM/CONTRACT_VIOLATION_DETECTION.csv,435,873fb4e5ec630591312b76190884ba90f30e6540cba423427792b3e7ecb9f4bd
research_outputs_closure/01_MECHANISM/ESTIMATOR_EXCITATION.csv,37103,68f2b8fc4d53bfbaa439b435490642fa0df78ff3ce5ace00834f570a9b8fb097
research_outputs_closure/01_MECHANISM/ESTIMATOR_EXCITATION_SUMMARY.csv,310,b1418b75c303a15df941c23905507d1088df170b55860de074d96df96ec4f966
research_outputs_closure/01_MECHANISM/FALLBACK_ROOT_CAUSES.csv,1824,e0281169acb76b479d99241156c047fa193447f4e1bead365b2c136a8e66a3c9
research_outputs_closure/01_MECHANISM/FALLBACK_ROOT_CAUSE_SUMMARY.csv,97,b1b86e2d770a95c8a4ec92e765f96484a62aefd42518aba25da6fdd6fdd6aaa0
research_outputs_closure/01_MECHANISM/INFORMATION_VALUE_DECOMPOSITION.parquet,18923,d1de3de0add31b5ef7c11395061196d676e4d36347e1d1b9bb7116b273a54170
research_outputs_closure/01_MECHANISM/INFORMATION_VALUE_SUMMARY.csv,880,03f1b40d0a0565f8f8e54743cbe3823a396ffeaeca1c2ee5c9c7054df59f5473
research_outputs_closure/01_MECHANISM/MECHANISM_LEVEL_RESULTS.csv,12210,739d6c3a851d14d7050420002ff9358eb015cd2ecc520511e78b5c25f07ae053
research_outputs_closure/01_MECHANISM/NORMAL1H_DIAGNOSTICS.csv,8627,0954e507c56896634250cefa7b7a73c0968597e44c6b786b657e1b4d898bf56c
research_outputs_closure/01_MECHANISM/NORMAL1H_ROOT_CAUSE.md,897,813ffd4fb38c1b85564ad78b5557ae21d944904e961a4cce7927cda1e42edeb8
research_outputs_closure/01_MECHANISM/PERFORMANCE_DIFFERENCE_ATTRIBUTION.csv,46796,25be6b72ac65576795e9caa5f70bd3df12d3daa28acdb14e0cc6a41c58cae491
research_outputs_closure/01_MECHANISM/SURPLUS_USAGE.csv,10940,6b249c0eeade9ff4afe6691330f396f0363b5681954a06144c1e3e402e57bed7
research_outputs_closure/02_CONFIRMATORY/AUDIT/CONFIRMATORY_AUDIT.json,955,b9022844c22420bd2e1836bf6ec6a6b9ebd42f11caa5d8d0e09643526eb9923b
research_outputs_closure/02_CONFIRMATORY/AUDIT/CONFIRMATORY_STATISTIC_REPLICATION.csv,1410,e7afbc9a70eb2506a6d3abb7bc6a19437bc390bc5a52f13b736168922bd3c9d2
research_outputs_closure/02_CONFIRMATORY/CONTRACT_VIOLATION_MANIFEST.csv,1935,7b23be646c58825e74aad6ea83840237d6ca0210f6053c9fa3e90cc726501cf1
research_outputs_closure/02_CONFIRMATORY/FINAL_BOOTSTRAP.csv,2170,a4645cc007202cc029f1ea1a834bb62577e071c67eccd65c199d5b9a00e9d904
research_outputs_closure/02_CONFIRMATORY/FINAL_CONTRACT_VIOLATION.csv,517,34d658a54b765cf33c83197f9852d193c5494fcf10e18b181994b848f2d9424a
research_outputs_closure/02_CONFIRMATORY/FINAL_CORE_METRIC_GATES.csv,799,8a623313e6feaf35dd7de63a5378a532affde688f4bb434502d228d141d41656
research_outputs_closure/02_CONFIRMATORY/FINAL_CYCLES.parquet,8010182,6cca0b8f00481fe0b38bdff03d39f0a56db54740614d82476e0c0eb715197262
research_outputs_closure/02_CONFIRMATORY/FINAL_DOMAIN_STATISTICS.csv,431,9f7852561d543b0cd2bf8a87c9cbe1391f1fdc36235fcc3958416b8befa950c2
research_outputs_closure/02_CONFIRMATORY/FINAL_EPISODES.parquet,73925,da720d00c55c79c8cba57c91a0680dd8841a5ffeaf8d208fa7189dbd606a28f6
research_outputs_closure/02_CONFIRMATORY/FINAL_GATE_DECISION.csv,482,a739adc919ba28d7a289c845cc1afbccf7679c81bf6f75790a8ac2a315048aff
research_outputs_closure/02_CONFIRMATORY/FINAL_KNOWN_OOD.csv,1144,24dfeb29742a6d7859c81968796339dcec3ddd47a0c16f6688a7c4e472a97792
research_outputs_closure/02_CONFIRMATORY/FINAL_LOCK.json,1758,8dc6d9fea9e1ae70def852d4e978d29fb5f7b6bed0a4fa71977e251e031be455
research_outputs_closure/02_CONFIRMATORY/FINAL_MANIFEST.csv,47233,5023edd918beb77490e83af387f0057d7cad01cb70ce433c8f7c12e9f1d57a53
research_outputs_closure/02_CONFIRMATORY/FINAL_NORMAL1H.csv,1070,37b5234077c211e407196a960e5b9a5e3d05007fe77b692432bec8a493e30b4f
research_outputs_closure/02_CONFIRMATORY/FINAL_PAIRED_FAILURES.csv,751,3be6ae738d405a1f2b8a22f7d579f4b06ae8186314efdc16378f4c8d37f29a6e
research_outputs_closure/02_CONFIRMATORY/FINAL_PLANT_DIRECTION.csv,161,664ece181cc767403d5f1d3ab8ffe3662975419542c1dc0a7a800c5ace878c59
research_outputs_closure/02_CONFIRMATORY/FINAL_SOLVER_DENOMINATOR.csv,435,23604643d7254a9376e725791e96daea76a4e23a0ab9775620652de8b4139fdc
research_outputs_closure/02_CONFIRMATORY/FINAL_STATISTICS.csv,2018,a351d752ed768eb337fce171533c71570887107afa84bf04d04e2c06a769e2dc
research_outputs_closure/02_CONFIRMATORY/NORMAL_MANIFEST.csv,2069,63e615d8718538e685ad05f0f65ca0ed80d831c04ddf545a77f678070650f47a
research_outputs_closure/02_CONFIRMATORY/PLANT_A_PRIMARY_MANIFEST.csv,29029,dc3d73b561bcb24022818cd6b660f936df49061668925105c01edc7802cbd2c0
research_outputs_closure/02_CONFIRMATORY/PLANT_A_SUPPLEMENTAL_MANIFEST.csv,6054,798d0ea69faf57f1674769cf6f7c9dd2ccb6d6b486e7a57c81709e8743ba12e5
research_outputs_closure/02_CONFIRMATORY/PLANT_B_MANIFEST.csv,6367,dfb70e2e4143239a9d63310ff6ecf5bb801ecaf616d43432531d81bf8c61ecca
research_outputs_closure/03_PAPER/ABSTRACT.md,2201,40bf9c6cf8e57a08b025343d0d127c0cffdd97a54100d8fb4a7c43a30c8e16f2
research_outputs_closure/03_PAPER/CLAIM_LEDGER.csv,391,79d689bc6c50fb5cb708791cde49f0caf941dfcc0c20063f36f6a0ae0b7176c3
research_outputs_closure/03_PAPER/CONTRIBUTIONS.md,1634,3b039ee001acf4436d98abe3aff87139139f9bce6e6048c3955dd823844ccaf1
research_outputs_closure/03_PAPER/LIMITATIONS.md,1430,dba63faa866786743875953a8b362cd30e107d142826f3bc4bdd876e9969f739
research_outputs_closure/03_PAPER/PAPER_DRAFT.md,13235,bdfc861af8a73754a214c496f23569f36d3f241456797becb8f375917b541fe8
research_outputs_closure/03_PAPER/RESULTS_SECTION.md,3625,d00f823dbdc5351a5cbec37173b277b278e25d4a1d875fd927eaf241d8b09ab1
research_outputs_closure/03_PAPER/REVIEWER_RISK_REGISTER.md,1470,a0247aa4568a8bf2875abc41c26b27a03c9a72ecda6da643975b1e304c751481
research_outputs_closure/03_PAPER/SUPPORTED_UNSUPPORTED_CLAIMS.md,1591,a0e5b6f46e1a4094d2f2eb9ccc1861f02f736b1a1ce375c0097182c265e3ba74
research_outputs_closure/04_FIGURES/FIGURE_INDEX.csv,1903,22c80baa546f7f1823ae9766499135b74edb5e1bc43c118f453ca4ec519962d6
research_outputs_closure/04_FIGURES/SOURCE_DATA/fig01_information_value.csv,853,be3a47231a51abe86365d05df7ff072dd5cef1d855f7ee03968ca1671aab5093
research_outputs_closure/04_FIGURES/SOURCE_DATA/fig01_information_value.txt,70,ef82e815922502d78e7f56f06261f5cf4458e771684114f57cb2b145f063f170
research_outputs_closure/04_FIGURES/SOURCE_DATA/fig02_perfect_online_gap.csv,853,be3a47231a51abe86365d05df7ff072dd5cef1d855f7ee03968ca1671aab5093
research_outputs_closure/04_FIGURES/SOURCE_DATA/fig02_perfect_online_gap.txt,79,bdd71e758016f1ccf58a36d4f28d205ceef1ca783a4a361672d74070e3ceaecb
research_outputs_closure/04_FIGURES/SOURCE_DATA/fig03_estimator_excitation.csv,305,5e134af0f554203f6b74b817a9a9984c2c11dd7fd0db75c364666a6da85edb3c
research_outputs_closure/04_FIGURES/SOURCE_DATA/fig03_estimator_excitation.txt,99,6e62b82e77ae3d765e39d314f05dab69228af2842348b839c05b495778e713f9
research_outputs_closure/04_FIGURES/SOURCE_DATA/fig04_surplus_activation.csv,288,1e368f49f74642263c3ca86b3489c2ea4207d54ba0623604726310c648a989c7
research_outputs_closure/04_FIGURES/SOURCE_DATA/fig04_surplus_activation.txt,83,eacbce93c619bdf686de0292a02520d2815a81ec7fdfb1c3446f314c0a5fcb3b
research_outputs_closure/04_FIGURES/SOURCE_DATA/fig05_fallback_root_cause.csv,98,76c01e7f0a47413bd7bdf7b65035a55d7a06e26799e192a76949d300c57a6cbc
research_outputs_closure/04_FIGURES/SOURCE_DATA/fig05_fallback_root_cause.txt,147,9f3f35b8286e354a74595663956759352cf9d2035c41a592ad9750da459be1ef
research_outputs_closure/04_FIGURES/SOURCE_DATA/fig06_binding_constraints.csv,1010,e289cbb90bf3ed21b86fcff9d9dec5f7b37f4c20da77ba1be1522d659efd69a4
research_outputs_closure/04_FIGURES/SOURCE_DATA/fig06_binding_constraints.txt,72,52cb14000cbf33821d32701f3624b40a57900995715a3bea069f067301fa1e60
research_outputs_closure/04_FIGURES/SOURCE_DATA/fig07_plant_direction.csv,157,5ea366032a22310c53741cf9d0987a4c37009127ff3bb12c986b0b6bcf7690dd
research_outputs_closure/04_FIGURES/SOURCE_DATA/fig07_plant_direction.txt,97,7a90daa61a99166b282f4e4296aed89408339db6aa36a76552cd0686a4c08881
research_outputs_closure/04_FIGURES/SOURCE_DATA/fig08_known_ood_success.csv,650,5393330254d95e4825b43233ca1b65881256b578a2aa50dea93f18cf76af5781
research_outputs_closure/04_FIGURES/SOURCE_DATA/fig08_known_ood_success.txt,76,e9c7324bc663d32e958438a3f505da11b976f7e72a05bf130bc24723dd1d67cb
research_outputs_closure/04_FIGURES/SOURCE_DATA/fig09_normal1h_quality.csv,1047,87ba17e35197ecf6baa22c811c9665f994898792e7f61c7bebf047c38281b0f4
research_outputs_closure/04_FIGURES/SOURCE_DATA/fig09_normal1h_quality.txt,93,61b706591b69646aebeabebc95a02f0b5b70808ce3b1efa78791892ce2073556
research_outputs_closure/04_FIGURES/SOURCE_DATA/fig10_contract_violation_detection.csv,504,976dd579a8c86f7a663b76691a75ccbce644790a42f9e9c52a82ba3bd13c2d62
research_outputs_closure/04_FIGURES/SOURCE_DATA/fig10_contract_violation_detection.txt,80,dae48375c0a9b04c52650a78a8733edeeedf3cc841bc721500bcc609e4cb8428
research_outputs_closure/04_FIGURES/SOURCE_DATA/fig11_validation_confirmation.csv,1400,e02ed6219bcf5aac1b624f216fa6b3ac7ad59efd5e24390f47b81dbeeb6e851b
research_outputs_closure/04_FIGURES/SOURCE_DATA/fig11_validation_confirmation.txt,94,bfd2353b27eb7866b8f6561e40f9d82f15891e861c2756569b219394aef8f8e6
research_outputs_closure/04_FIGURES/SOURCE_DATA/fig12_domain_outcomes.csv,424,241950fccaa431626ced499bbebc44268e54b7a517183e1f2768cc64c0063809
research_outputs_closure/04_FIGURES/SOURCE_DATA/fig12_domain_outcomes.txt,106,d68c39389591e173e5438d1a5f9d063f8ebd283a95f38adaa43189b8a2790564
research_outputs_closure/04_FIGURES/SOURCE_DATA/fig13_theory_boundaries.csv,432,6059b08b8bf4101886c6dd5b7f36a90bb9ee9eacdf7a894417deabd26cca80c0
research_outputs_closure/04_FIGURES/SOURCE_DATA/fig13_theory_boundaries.txt,130,c5f0aea323ff974ea5165f046ebe18ede23f369347aeb01963c4e649b1b82fb6
research_outputs_final/00_FORENSIC/PHASE_I_CORRECTION.md,1965,db551f66e22c6d981c2fdf41bbd2123d4159b6965a400ae6a06a96dad4972515
research_outputs_final/01_SCIENCE/HYPOTHESES.md,999,ccd8c731178f5e19f0d43ae25964e4197e0484f9e0cb49e0e273ef85520faed1
research_outputs_final/01_SCIENCE/IMPOSSIBILITY_BOUNDARY.md,935,07c7ac5693c57ac7e1a71d13c31441da936e43766e075a71ab0ba7e899c82bff
research_outputs_final/01_SCIENCE/LOCKED_QUESTION.md,763,429912214dc55a54bc39798fabeffd5a79a7772522396a2f4f3ad1e52b6598b2
research_outputs_final/02_ESTIMATION/R2_REPAIR_LEDGER.md,1080,0e051707f636c3643896082fc8174145562da78e82a43563d497e0e7e5ee32b8
research_outputs_final/02_LITERATURE/CORE_LITERATURE_REGISTRY.csv,35396,74803a314476faf930b94f54ed1ca25e85bf9c04df14b994f172966d62d6f071
research_outputs_final/02_LITERATURE/LITERATURE_REVIEW.md,1254,72830c0b15b8b04bd94991d9bfc2570b054589088fa1c243463127d9d5f792c7
research_outputs_final/02_LITERATURE/NOVELTY_MATRIX.csv,1015,a411fb02402736c28b1a7b84f4de818c9cd87e8bbfdad2bd7247102a5f2a0128
research_outputs_final/02_LITERATURE/SEARCH_LOG.csv,643,4dbd32d6a8472ee166e03b4cf1a4a21d6cda07876a6f6af8cc693d5465c5964d
research_outputs_final/03_MODEL/CONTRACT_SEMANTICS.md,418,eb1e8ffbcb5a918a53b27392a3deeb0d074088a1b8574285c9afa98f585a2825
research_outputs_final/03_MODEL/DELIVERABILITY_FEASIBLE_SET.md,597,6a6c572417eb503dc0085cbd239fb7e6116b32190c63176d17a98cab4e003c25
research_outputs_final/03_MODEL/LOAD_OBSERVER.md,510,b8f67de5bd3a96da9f8fc1a34a74c4fe09e02c59aa078586b9bdc4b8a507fadd
research_outputs_final/04_METHOD/BASELINES.md,513,023fab932bfadfabe44c66a78ffd1123b141c05d448b17f50a7020ca7174b615
research_outputs_final/04_METHOD/DCSV_CR_MPC_FORMULATION.md,873,058529210921e8ffe92162bd6bc20a51d4bcac2a097bfd28022db7f3d7c7ff7c
research_outputs_final/04_METHOD/EQUATION_CODE_MAP.csv,464,8a0b05d7ea68d7ae880d95e5d27f00e3e6aecef45697a3fb4d980cabc6cb1052
research_outputs_final/04_METHOD/PSEUDOCODE.md,627,b1c638d4b241f42bb82cae19078f91d94343c0d6cfb077f24c43b2e4a0497c72
research_outputs_final/05_THEORY/ASSUMPTIONS.md,665,b6c3e81fe6d60985238c053612c1f8e98fe84f10a8511ffff9ebb3ebba8585c6
research_outputs_final/05_THEORY/BRIDGE_CERTIFICATES.parquet,8753,c0e88d03dd08a8540fe1e77cdd2472f4e0c759cfdb9f002cbf81a792521b6560
research_outputs_final/05_THEORY/CLAIM_BOUNDARY.md,538,17f25e2682edc64f49587b8a378fe8b95e07d19b9fd80732ff23e5990a583c2f
research_outputs_final/05_THEORY/CONTRACT_BRANCH_CERTIFICATE.json,2770,fcdbf0a49ba78506f85b3675ceae6f81ad548f2f3d8e80ba87e38f412036b8b2
research_outputs_final/05_THEORY/INFEASIBILITY_CERTIFICATES.parquet,5630,f7d5b8a3e65c04d62efab87b0dea6d569b8f8a99dd879dde57b97e4bd35f5451
research_outputs_final/05_THEORY/RECOURSE_CERTIFICATE.json,2167,f318835574bdaacf06eaa74be7e46362f269dfbed8848a749350718605ff5eaf
research_outputs_final/05_THEORY/REPRODUCE_CERTIFICATES.py,1224,1d13506b901e9ea2aa0f56c95bbf3b0e16e47af97c79b413274640f9c7a734ee
research_outputs_final/05_THEORY/SUSTAINABLE_TERMINAL_SET.npz,5221,ca44470e8b508e3e8ddfd3e761cf689ab898eae757d766684a4bed32a4171c49
research_outputs_final/05_THEORY/THEOREMS_AND_PROOFS.md,2068,9e00b91d4ea2e997caf9611eb1f97f22516b6360479af9e70ecb6b968e0e8ca0
research_outputs_final/07_VALIDATION/DEVELOPMENT_FREEZE.md,361,906632463fea14b229edeb64ccebde7e69ad5aa4c8ece0adaaa90adc250c68dc
research_outputs_final/07_VALIDATION/R5_VALIDATION_REPORT.md,827,1be7cc604c63a751080f1c7a735a6639fb27ab8c723cb7fbd3297e4309135d8a
research_outputs_final/11_SUMMARY_TABLES/R0/AGGREGATE_MEAN_IMPROVEMENTS.csv,1985,6a436a29c75d6f71cf1b15fe74292a9d13c3972dc8f5be682546c1bd183bf4f8
research_outputs_final/11_SUMMARY_TABLES/R0/HIERARCHICAL_BOOTSTRAP.csv,2107,4991945d9ece4f15b0c8804bfe411c2253f59d3fd19fa60e5713d0e23addf22d
research_outputs_final/11_SUMMARY_TABLES/R0/NORMAL1H_PHASE_I_AUDIT.csv,1971,5cef90ec4a62e5d36c5db43db7f7e78ba6a6f1947592361d7cccc55f0f90e0fd
research_outputs_final/11_SUMMARY_TABLES/R0/PAIRED_FAILURE_TABLE.csv,751,f22896a7fcc1d15076c52748e8c54f9184075e530b89821911943316541bfd72
research_outputs_final/11_SUMMARY_TABLES/R0/SOLVER_DENOMINATOR_AUDIT.csv,1406,0d65e9d079c7b12ed8050214900f3df29b9792e1a767d6c77e886997f987c7ca
research_outputs_final/11_SUMMARY_TABLES/R1/MATERIALITY_BY_MECHANISM.csv,799,1ba26eac622f5631dd96969fbbe164750d2b0bd377dc25b70efbcd12ff3f4549
research_outputs_final/13_FAILURES/R0/NORMAL1H_STABILITY_DIAGNOSIS.md,1642,a87d672b68766c7ca8e7b88d0ec5f6254ce63fcfa74fc750510fe071f6b39a69
research_outputs_final/13_FAILURES/R5_DECISIVE_FAILURE.md,510,7bc22bb490ba9ad020da294840762a7096bdcbd7b38e8e0d381406bd81a33ddf
research_outputs_final/14_PAPER_ANALYSIS/FINAL_PAPER_ANALYSIS.md,1065,4f836ed69a27e2b6ab36b2f73fcec7ea4ad1117476a76e267f282e379ff45681
research_outputs_final/17_FINAL_STATUS/FINAL_DECISION.md,361,058f73665986441f72b365bddd228b179b4c2c6439528659592add4a5d06d02a
results_closure/C2/C2_SUMMARY.json,1647,fef2d37d5900ac219fa220fabe426839bc2052c749f7c536a1f93dad90574373
results_closure/C2/FINAL_PAIRED_ROWS.parquet,23064,a25deffa5a968c6ecdf48de6912d0bc925ea17535b88c4d440caf3c1514d6d48
results_closure/C2/FINAL_SEEDS_CONSUMED.json,1104,e5df8c72e41a0adfbbfa3f1eea11a2f1fae89eaac4031bf2d5a02b170e5e412e
results_closure/C2/parts/contract_violation/C2-CV-00__dcsv_cr_mpc__cycles.parquet,34480,17465b307d32cf6f645d051398f87870700e63a8f56503330c3c38940a9346d2
results_closure/C2/parts/contract_violation/C2-CV-00__dcsv_cr_mpc__summary.parquet,34665,860d4f50dd8043805e92ac60aaadb16f4786211654d23aa41e599ee30c0ee86c
results_closure/C2/parts/contract_violation/C2-CV-01__dcsv_cr_mpc__cycles.parquet,26147,7813ac65fef25a32e9061d7b51c21223b0f5f46fb692b240c4c70763b40a90c1
results_closure/C2/parts/contract_violation/C2-CV-01__dcsv_cr_mpc__summary.parquet,34569,785b175001b71b284465672b0a25f6f7b851cc2c43da360b7495dbe59ec35efc
results_closure/C2/parts/contract_violation/C2-CV-02__dcsv_cr_mpc__cycles.parquet,33754,8cfc5a4e7713105efd6edcbc90092bb0d0d58493959fc29a3473c58044ab6961
results_closure/C2/parts/contract_violation/C2-CV-02__dcsv_cr_mpc__summary.parquet,34666,427a7233cbdf57db575347dd55dee176eba40de57d60567c079e268fbe85e5b5
results_closure/C2/parts/contract_violation/C2-CV-03__dcsv_cr_mpc__cycles.parquet,26152,944cde8866582b6a57b8a608ac4c248fe0ed2bfa4de4993cdbd7e46ef72c81a4
results_closure/C2/parts/contract_violation/C2-CV-03__dcsv_cr_mpc__summary.parquet,34570,b9b0a76a2c5f4d7fc3cd0cf174cf7e67f12f4f935a00d67b4b75e1a3d77417fe
results_closure/C2/parts/contract_violation/C2-CV-04__dcsv_cr_mpc__cycles.parquet,33613,1de0a779ce5d27f9fa4d06697b58c0d1953b89876f0778f60cb7b862604ba1ca
results_closure/C2/parts/contract_violation/C2-CV-04__dcsv_cr_mpc__summary.parquet,34559,628e11ae41fe89ad718da34b5f49305050447d5a78b44eaa1373e806065be5ed
results_closure/C2/parts/contract_violation/C2-CV-05__dcsv_cr_mpc__cycles.parquet,26155,6c2f58e309139a58d8a6462dfcaaf232970c4805747b4b61e051808e23fa810c
results_closure/C2/parts/contract_violation/C2-CV-05__dcsv_cr_mpc__summary.parquet,34559,97496188c171b07199e41e8daadf7214237452f055d3a1ba0f822c2da5763f6e
results_closure/C2/parts/normal/C2-N-00__contract_only_rolling_mpc__cycles.parquet,104216,fd675b0e0042063e911cbf0b52ec4d041c9ea092a536ee6cdf75ee553dfaa971
results_closure/C2/parts/normal/C2-N-00__contract_only_rolling_mpc__summary.parquet,34660,1132267b8bd0a68159e24905ed37977b4829a6983c39d1be461d8ae019913638
results_closure/C2/parts/normal/C2-N-00__dcsv_cr_mpc__cycles.parquet,112133,abe16e2b8f33cb376b7b758feb6b8c55f1790ecef4556b6812cc9221e7d29180
results_closure/C2/parts/normal/C2-N-00__dcsv_cr_mpc__summary.parquet,34590,f249f3d326d4c859f0af4a774e251d3103964b7fbe595f42ea68f94b699d0401
results_closure/C2/parts/normal/C2-N-00__fixed_allocation_anti_windup_pi__cycles.parquet,92940,f7e022919a2b696fd03938ea13c97ca866568e6caaea6990125404cfd8ea9e00
results_closure/C2/parts/normal/C2-N-00__fixed_allocation_anti_windup_pi__summary.parquet,34690,d36db3748c0de1a8bb40b4304007c57076f2eccf0df822d7c629be35b6b39ca2
results_closure/C2/parts/normal/C2-N-00__model_adaptive_mpc__cycles.parquet,104255,8eba2174669b11506b51b6a2a6daae45529a58d519d4d41d5ea6abf53bd73fe2
results_closure/C2/parts/normal/C2-N-00__model_adaptive_mpc__summary.parquet,34625,f566d0a1621e716a0e4b33238ce400d753163a650caee8766da1179913558c9c
results_closure/C2/parts/normal/C2-N-00__nominal_offset_free_mpc__cycles.parquet,104731,d6f7a0cf62878283f5d83f8225426eb16e572b6ec1b571b6a5cb5c920ed527d2
results_closure/C2/parts/normal/C2-N-00__nominal_offset_free_mpc__summary.parquet,34650,1a280e08dccb610361309e71a6bb9bdc457ae37d947e3a07c1898d1be9082687
results_closure/C2/parts/normal/C2-N-00__sg_only_anti_windup_pi__cycles.parquet,84633,da375ac39f3a118170bb809310f4cebffe34260b137b5b7d7d3db97fcaa5b301
results_closure/C2/parts/normal/C2-N-00__sg_only_anti_windup_pi__summary.parquet,34645,44c56a9126f259bdf3c60a3cf61a78429f7ea3ab5db6968f087c626868ae008d
results_closure/C2/parts/normal/C2-N-00__true_capability_oracle_mpc__cycles.parquet,104776,16e5ee442bac99a613fc9f737866087dc8f0f6e175467d3e443da2ca9251d24b
results_closure/C2/parts/normal/C2-N-00__true_capability_oracle_mpc__summary.parquet,34665,2a361f245d6550afcb7a3b09a9a0f4b0c5916d4b5dca7b68e58e505ca50e2e60
results_closure/C2/parts/normal/C2-N-01__contract_only_rolling_mpc__cycles.parquet,104133,a27950fb6abfe722f9c4607fbbd7916625728cf001f18284d0ed67e679ca0814
results_closure/C2/parts/normal/C2-N-01__contract_only_rolling_mpc__summary.parquet,34655,d3440743faf295871f0a0c59612a0b3aaeee2ec61f399a7f73d27d2a290d0d07
results_closure/C2/parts/normal/C2-N-01__dcsv_cr_mpc__cycles.parquet,112259,9a3e58fb1c6b47cac9c1f556ea8b023a7c6272858e1eaf1146793773409f9631
results_closure/C2/parts/normal/C2-N-01__dcsv_cr_mpc__summary.parquet,34585,b7c9466e1d2c9e53c7beaa0d29b643f33673ecea83b9f28e8874843fb8044661
results_closure/C2/parts/normal/C2-N-01__fixed_allocation_anti_windup_pi__cycles.parquet,92967,66c54e64c102fd92d10761e430fd152bdf128de0f2a9169d3172ba7b9d1b8ab3
results_closure/C2/parts/normal/C2-N-01__fixed_allocation_anti_windup_pi__summary.parquet,34685,043766e78bbf385e134c9db7e8d2e8178a905ab7a914fca5789a17a7bbd6846c
results_closure/C2/parts/normal/C2-N-01__model_adaptive_mpc__cycles.parquet,104113,b0c02078206477382f87539954b737c589a204fca315f6d3c7245e793182d559
results_closure/C2/parts/normal/C2-N-01__model_adaptive_mpc__summary.parquet,34620,cb16b59aadccd0303280fe30c43e20ef75b4d2e5213cac70b2583876e5a5d21c
results_closure/C2/parts/normal/C2-N-01__nominal_offset_free_mpc__cycles.parquet,104790,cf3c59169ad8a3e3c64f33d179d4799708673df889b6dafde20aeb8ac2735d55
results_closure/C2/parts/normal/C2-N-01__nominal_offset_free_mpc__summary.parquet,34645,7c31692028266c51064bfa9bc893ea5da651fbf3ba4774bed0573e74b4839d96
results_closure/C2/parts/normal/C2-N-01__sg_only_anti_windup_pi__cycles.parquet,84750,ff0123043a282b3be8f9456e6fadbeb6e258e44a190c17dd8d0bf09070a51269
results_closure/C2/parts/normal/C2-N-01__sg_only_anti_windup_pi__summary.parquet,34640,4ebd65e1437ffe829bb9ba6c72b93400add76f94902c2e7f7d9d164770742e29
results_closure/C2/parts/normal/C2-N-01__true_capability_oracle_mpc__cycles.parquet,104733,965f4a84d238f3cc23d9432b4edb1684431e4955d510f5d31222d85aa480b09b
results_closure/C2/parts/normal/C2-N-01__true_capability_oracle_mpc__summary.parquet,34660,105a9f1a2da7e2c8c8b659cd815c41ec69317932a7c159544f198ab3c994f0f4
results_closure/C2/parts/normal/C2-N-02__contract_only_rolling_mpc__cycles.parquet,104615,da652b266f985471f2b8ed336bf83a958465b410fe82b1d52652e3341df395e5
results_closure/C2/parts/normal/C2-N-02__contract_only_rolling_mpc__summary.parquet,34680,4f95fe0e52536748465e882f9be84d1bb1e99c044cb54747ff847b4e5fb2ba67
results_closure/C2/parts/normal/C2-N-02__dcsv_cr_mpc__cycles.parquet,101933,de15a9c57945d902799a4dee9028e01f1217024250524403bacaa2400aa3d6b7
results_closure/C2/parts/normal/C2-N-02__dcsv_cr_mpc__summary.parquet,34610,d3fec87d378d5bb1511d9ef4cbc781809361c67380270420b993e7c82ef9a0a1
results_closure/C2/parts/normal/C2-N-02__fixed_allocation_anti_windup_pi__cycles.parquet,87418,f06b10c8c5a9deb13a6d396f7a2906783f103cf66afcf9f35a76ad377e09c687
results_closure/C2/parts/normal/C2-N-02__fixed_allocation_anti_windup_pi__summary.parquet,34710,92dac896d4a7bb9f83442f04cf7ccbb0ef8b1a6740632e73f07abab1cccd08b1
results_closure/C2/parts/normal/C2-N-02__model_adaptive_mpc__cycles.parquet,104331,d161ee47b83e11d0bf608e4ede7f96c6e269e84c9c71a591505650e8b97b5cf6
results_closure/C2/parts/normal/C2-N-02__model_adaptive_mpc__summary.parquet,34645,849ff579f26f3321860c49fd3a0d9b3615a42ea6378b10f97faddc43cb31d7d1
results_closure/C2/parts/normal/C2-N-02__nominal_offset_free_mpc__cycles.parquet,106653,a6d27d9dda18e5093a681e7107e38b7e78f03cc972a4114c3daf690d2aaa36fd
results_closure/C2/parts/normal/C2-N-02__nominal_offset_free_mpc__summary.parquet,34670,7ebff67ac92709170357b982e646787eb7af3efe617c76f61485be1beca60df5
results_closure/C2/parts/normal/C2-N-02__sg_only_anti_windup_pi__cycles.parquet,81328,a565201ea401149aaa8802b0e03ae21f9a31fb84832b4cd8394042fb46dc7346
results_closure/C2/parts/normal/C2-N-02__sg_only_anti_windup_pi__summary.parquet,34665,106c15024291f91bf3b64aaaa1ce17567d23e1cbca85d75e46db091628135fe0
results_closure/C2/parts/normal/C2-N-02__true_capability_oracle_mpc__cycles.parquet,106836,e7aaa3593abb9f9ab57ab412e0edb436d1cfb6dfa86c48ffe616358bc77ab619
results_closure/C2/parts/normal/C2-N-02__true_capability_oracle_mpc__summary.parquet,34685,f2f1c0c04cd923c2a892114672dfa180ae0d912792840cb017c6d1648272fea0
results_closure/C2/parts/normal/C2-N-03__contract_only_rolling_mpc__cycles.parquet,104075,5e226eb6cc996edf8c5a54ab53638913f2bb8ce858377abc7457d06566c27dbd
results_closure/C2/parts/normal/C2-N-03__contract_only_rolling_mpc__summary.parquet,34649,95b51b122f20463bd0b42b10163566d5b3c810d2a94c1aa4403a037a306a6e0d
results_closure/C2/parts/normal/C2-N-03__dcsv_cr_mpc__cycles.parquet,112082,03f51c31686005db76fdf6e46e26d8199626cadb15a4b80bc3fddcbc87301fbd
results_closure/C2/parts/normal/C2-N-03__dcsv_cr_mpc__summary.parquet,34579,fd54d3f593e3f5370bf22461cff138cdec591c6773064cefd4ed773f586f5b7f
results_closure/C2/parts/normal/C2-N-03__fixed_allocation_anti_windup_pi__cycles.parquet,92693,6a87e09cc386a2acdc9ef3aee3ebe4348db818fb5cab7935d4307abc788a57e5
results_closure/C2/parts/normal/C2-N-03__fixed_allocation_anti_windup_pi__summary.parquet,34679,80511147cfa3697a1627625775cebf6b40f1f3fb10270bd5e94599ae3c1f8ada
results_closure/C2/parts/normal/C2-N-03__model_adaptive_mpc__cycles.parquet,104136,b5d851cf126365fdb3b241f24482b0cbb3ae66e35361af9f22ef6ff4fa3ca4b4
results_closure/C2/parts/normal/C2-N-03__model_adaptive_mpc__summary.parquet,34614,a34937f7b60469b2f67152182929cb7076e6cb148cecb830f3b4e7f12092ba95
results_closure/C2/parts/normal/C2-N-03__nominal_offset_free_mpc__cycles.parquet,104645,76eafa6205cf6e497e04b2c6638750a17cd3f29d091df2bb13b9c4850646e2d3
results_closure/C2/parts/normal/C2-N-03__nominal_offset_free_mpc__summary.parquet,34639,4aac1e3ff3cee0e4f79e1682e269230720b6d0e95a0fd21c09ede64051d77ea4
results_closure/C2/parts/normal/C2-N-03__sg_only_anti_windup_pi__cycles.parquet,84718,533c5134ac2be51ee7cc535bcf3cc81f897cb3a3021689d39d6211be8fb6240b
results_closure/C2/parts/normal/C2-N-03__sg_only_anti_windup_pi__summary.parquet,34634,1388a33731d5c9e70ccdc0b8fdb1bbf424c670588752fd1343c7146c69414159
results_closure/C2/parts/normal/C2-N-03__true_capability_oracle_mpc__cycles.parquet,104555,e5ccac9311fef3e179ae8225d1a4bd423ecc708fd32af01c8740aec4576c6ba9
results_closure/C2/parts/normal/C2-N-03__true_capability_oracle_mpc__summary.parquet,34654,91ecf3e4b2609319d1487392be9d0349af12e16ed9d580e7fd887c627c2f61ea
results_closure/C2/parts/normal/C2-N-04__contract_only_rolling_mpc__cycles.parquet,104073,8d9d42359babd00e834d290ce186611cea584edf9e76fdad185a00b935886040
results_closure/C2/parts/normal/C2-N-04__contract_only_rolling_mpc__summary.parquet,34644,3e247f737ae76404b1943b11c492d365f250ae7ce25d56533710111049fe1bfd
results_closure/C2/parts/normal/C2-N-04__dcsv_cr_mpc__cycles.parquet,111870,d8f4e2a6b25d4a318008821a6295d5f00a0ab8bf7f5e3e0b9478ddd480eacd3a
results_closure/C2/parts/normal/C2-N-04__dcsv_cr_mpc__summary.parquet,34574,fa91afd68619986f19edc88b26fcfa4d55713b454da3498059433e89bce1ecc4
results_closure/C2/parts/normal/C2-N-04__fixed_allocation_anti_windup_pi__cycles.parquet,92972,35cc14d8e3635d069bd97f959e71cda20c54bee6765d9243be5e612328b83a54
results_closure/C2/parts/normal/C2-N-04__fixed_allocation_anti_windup_pi__summary.parquet,34674,4387cb9caa2f2e5c84211274de4935f25aa82af174d8d9e39b3c0ef3945cbe43
results_closure/C2/parts/normal/C2-N-04__model_adaptive_mpc__cycles.parquet,104059,92e158e20e5227f9a86b6d41d66c1bfd9baa5df79cdeb90468b4bf8d4e76dc8d
results_closure/C2/parts/normal/C2-N-04__model_adaptive_mpc__summary.parquet,34609,fb67c12d3ef886e6bd5fe7b0f879c4a681bebf3533f445d08a68094ca55d17d1
results_closure/C2/parts/normal/C2-N-04__nominal_offset_free_mpc__cycles.parquet,104539,6ba85580ac3d26dac4d4a2c931c8adb25cefb953c272aa35d64e4c21c6f6a5a2
results_closure/C2/parts/normal/C2-N-04__nominal_offset_free_mpc__summary.parquet,34634,86624ff17014073f282bab9a0808f7d92dde7aef3fc7b21ba9053f52b692d153
results_closure/C2/parts/normal/C2-N-04__sg_only_anti_windup_pi__cycles.parquet,84826,878044aac69cfc815358daa8aa8a340f183cb77a4f8fee4b7f29abce68e25ab4
results_closure/C2/parts/normal/C2-N-04__sg_only_anti_windup_pi__summary.parquet,34629,793add4ad3c736dcdd26ab7931606a407ff7b4620d14fa66acd21321536786fb
results_closure/C2/parts/normal/C2-N-04__true_capability_oracle_mpc__cycles.parquet,104501,3bab02bd717f829a341e70e6e0aa2798228bcfb8ec4d01f1a6d8a318dd734027
results_closure/C2/parts/normal/C2-N-04__true_capability_oracle_mpc__summary.parquet,34649,fc5bf201db0d0b8a65e59e6cb7d6dcb7485d3dfe573c7c427ac93416c9a420b5
results_closure/C2/parts/normal/C2-N-05__contract_only_rolling_mpc__cycles.parquet,103985,e7884d6e7db7286e32e274a5f565f503b12e6d731ce785b46e7f33aaa84a2eef
results_closure/C2/parts/normal/C2-N-05__contract_only_rolling_mpc__summary.parquet,34669,084cef1c4fca212ec6a60d81bad1a0c08a020d18b4f1d012488610d8e47919f9
results_closure/C2/parts/normal/C2-N-05__dcsv_cr_mpc__cycles.parquet,111716,c663736eba44ffac77325cc357c37419c3f221abcb9502fa4a7fbdd55f8f3c01
results_closure/C2/parts/normal/C2-N-05__dcsv_cr_mpc__summary.parquet,34599,9617d698a078e88c348cebf674268f66e43da6ce2feb3d1ef5d28d1595a1a122
results_closure/C2/parts/normal/C2-N-05__fixed_allocation_anti_windup_pi__cycles.parquet,92914,991295408c5211a64a632882665cbeb599e93f85bdf29436025e202bb98c20e8
results_closure/C2/parts/normal/C2-N-05__fixed_allocation_anti_windup_pi__summary.parquet,34699,03c09d33f937ea404aec337013fb80ce00857fc13abff5357ea2b0ea1cd24d88
results_closure/C2/parts/normal/C2-N-05__model_adaptive_mpc__cycles.parquet,103949,224a27ba4ab09b36ebc33b82191cd04250c14d451b79f322d81dbb43191639b0
results_closure/C2/parts/normal/C2-N-05__model_adaptive_mpc__summary.parquet,34634,2f9496a6193e2dcf8ceae0ecd076ead37910ab9fe15364367b850bf64a52d558
results_closure/C2/parts/normal/C2-N-05__nominal_offset_free_mpc__cycles.parquet,104615,8484610ebbb85366233b1744217e3ac93a0a4b8d4936f73af716bab4b92efef7
results_closure/C2/parts/normal/C2-N-05__nominal_offset_free_mpc__summary.parquet,34659,86b2da507fcec18e982dfbf9c6db7d3894c60cb19ed66e7976d5b482c5bdcd66
results_closure/C2/parts/normal/C2-N-05__sg_only_anti_windup_pi__cycles.parquet,83592,51739196ede7e6d6fc41dc5ccccf66577bc7626405e53bbe00a626614ac2a0b0
results_closure/C2/parts/normal/C2-N-05__sg_only_anti_windup_pi__summary.parquet,34654,1f7c8fa807831e295aebf4b417705e613b952a1d447e01b926f1cb44edaa4625
results_closure/C2/parts/normal/C2-N-05__true_capability_oracle_mpc__cycles.parquet,104324,b4a493dfc2a031521a299fed0ec51b9621ed6ac0f8dd373204f0ff68da8acf72
results_closure/C2/parts/normal/C2-N-05__true_capability_oracle_mpc__summary.parquet,34674,c9b5b036d256c894ef08da8a726c49864805ab08947c2f5c260bcede7d13795a
results_closure/C2/parts/plant_a_primary/C2-F-A-000__contract_only_rolling_mpc__cycles.parquet,32890,6168020eb85149e47b8f3f82b80d47a6c884ea5a57c9ff842fcf303b5dc1a38c
results_closure/C2/parts/plant_a_primary/C2-F-A-000__contract_only_rolling_mpc__summary.parquet,34435,553701446556782e48466cade1e93d9f1b925e981c2b93685180762048ad3946
results_closure/C2/parts/plant_a_primary/C2-F-A-000__dcsv_cr_mpc__cycles.parquet,34428,85110bd185ffdcd72ac5761cd43f8c8ce4b440864129e4a918d995d6a70ee096
results_closure/C2/parts/plant_a_primary/C2-F-A-000__dcsv_cr_mpc__summary.parquet,34365,e90e1501f2a639c558d2fde2877cd96aa9c45497fbac4a0bf2394f931b10e536
results_closure/C2/parts/plant_a_primary/C2-F-A-001__contract_only_rolling_mpc__cycles.parquet,31856,6e122981c67de4ad66b95fcf20e2bcd36ac203700238cbc4e7cdfce9d1c13602
results_closure/C2/parts/plant_a_primary/C2-F-A-001__contract_only_rolling_mpc__summary.parquet,34489,2277db8787b92f4e77ac9749aae5dd66adc03cbedbea60dd451d4a8e8b0a15d6
results_closure/C2/parts/plant_a_primary/C2-F-A-001__dcsv_cr_mpc__cycles.parquet,32622,4c3f8a2bb82d639591f4443c5942790562c0706eebd6e1a7d7164b7bfeb3581b
results_closure/C2/parts/plant_a_primary/C2-F-A-001__dcsv_cr_mpc__summary.parquet,34419,936a93fe7098ae6f9bc9372729757a4b0f2b7641d069adba06164a88e63b1437
results_closure/C2/parts/plant_a_primary/C2-F-A-002__contract_only_rolling_mpc__cycles.parquet,32947,933a3ee8e893ca34f74c27b7d266f0149c598f01737bae560b14431a04b157ca
results_closure/C2/parts/plant_a_primary/C2-F-A-002__contract_only_rolling_mpc__summary.parquet,34404,c2bdeb9fdb38647e9f1967914d149497e321808f04540b6a583ab5d8a60beee0
results_closure/C2/parts/plant_a_primary/C2-F-A-002__dcsv_cr_mpc__cycles.parquet,34241,6811724c3bc7a209be4b444040136be640e1e5a5a53113eb24c4e4cba7fad8a4
results_closure/C2/parts/plant_a_primary/C2-F-A-002__dcsv_cr_mpc__summary.parquet,34334,89cb10a193578bdaf14dd686964770f72564975b8b701ef0c3e285bd96686b03
results_closure/C2/parts/plant_a_primary/C2-F-A-003__contract_only_rolling_mpc__cycles.parquet,32871,3254e1398c06e2f016ee7e6fa65b796dc3e7f771ff78e31a955113b841d3c84f
results_closure/C2/parts/plant_a_primary/C2-F-A-003__contract_only_rolling_mpc__summary.parquet,34329,95b05dc72d4abc577dffd534dc9659a44d31d7db497540d68e6ab4431c61cb0b
results_closure/C2/parts/plant_a_primary/C2-F-A-003__dcsv_cr_mpc__cycles.parquet,34465,b9b4ce9cd333f0db3fc7ddd0f408286cf4720c618e408eeae06ae662ed8e956c
results_closure/C2/parts/plant_a_primary/C2-F-A-003__dcsv_cr_mpc__summary.parquet,34259,887c73da2d24b2f9bf1a2bde560ed06145be68f278f608bd8ad430802512d2c0
results_closure/C2/parts/plant_a_primary/C2-F-A-004__contract_only_rolling_mpc__cycles.parquet,32981,5d77e68f740a47a6f3ef85c4b8dd517a6ff4ac7a81892311811dfe59ccaf1dd3
results_closure/C2/parts/plant_a_primary/C2-F-A-004__contract_only_rolling_mpc__summary.parquet,34273,ee36f4580825fafd3abfe6f070c2234ea7f46f2855e246f61aed5b5947b6f705
results_closure/C2/parts/plant_a_primary/C2-F-A-004__dcsv_cr_mpc__cycles.parquet,34367,034be7f54dc1c16265404f203c30bff1d7e8ef80ed94f5901630a5b69c8121e0
results_closure/C2/parts/plant_a_primary/C2-F-A-004__dcsv_cr_mpc__summary.parquet,34203,ff23bdc854819548505ed347a223f2fabe6860bbd9aa90b92807a37a608c94da
results_closure/C2/parts/plant_a_primary/C2-F-A-005__contract_only_rolling_mpc__cycles.parquet,31188,9ef26471160fafcc3617308a3542575bb1181b0368c0f5b270674ed3c5b830a8
results_closure/C2/parts/plant_a_primary/C2-F-A-005__contract_only_rolling_mpc__summary.parquet,34463,39d3dcd0e50ae5b40fd00b1f6b01c62403596cb60d497ca9c42ddf74e8194882
results_closure/C2/parts/plant_a_primary/C2-F-A-005__dcsv_cr_mpc__cycles.parquet,31516,dc928d888f0a854065447b7b551f2c04de1835f9c1750db5068b6325c4751b4c
results_closure/C2/parts/plant_a_primary/C2-F-A-005__dcsv_cr_mpc__summary.parquet,34393,61c3781e56a5d83fa27ff7ae3eaeb54fb2dd38054cc6355c015099469308c9e4
results_closure/C2/parts/plant_a_primary/C2-F-A-006__contract_only_rolling_mpc__cycles.parquet,32239,544659a670edc9b204ff374f80470d31d6bd652fce3a8636d563076081ffd7e1
results_closure/C2/parts/plant_a_primary/C2-F-A-006__contract_only_rolling_mpc__summary.parquet,34478,638c63ee116fcdc5078f855c2472b2df10ccf86c047cf7b00132b129612f7022
results_closure/C2/parts/plant_a_primary/C2-F-A-006__dcsv_cr_mpc__cycles.parquet,32876,76e9d66ca77718c24e461302201ef31ac1594097fc8015b82eb0ae4ed4f43a5e
results_closure/C2/parts/plant_a_primary/C2-F-A-006__dcsv_cr_mpc__summary.parquet,34408,d5137c3f634fed0dcb15626911c519a88f6601dc10c02cba256334d98a29a866
results_closure/C2/parts/plant_a_primary/C2-F-A-007__contract_only_rolling_mpc__cycles.parquet,32717,f9f37de7ca1a6af52427e44c0e9cf10d300ee567ae2599982cedd53a81e1fa7d
results_closure/C2/parts/plant_a_primary/C2-F-A-007__contract_only_rolling_mpc__summary.parquet,34353,4cb00edc9734891862af2c2e497244eb0f265ea8cc809b66103b8cd93d918275
results_closure/C2/parts/plant_a_primary/C2-F-A-007__dcsv_cr_mpc__cycles.parquet,34274,99ea9dd75a92002aa887b1bf780011a9ad1ab17b44c2db030d9fec9c15bdf066
results_closure/C2/parts/plant_a_primary/C2-F-A-007__dcsv_cr_mpc__summary.parquet,34283,ba7ada7d615bf770ac6e43478953bbfa9aa6272ef1f1bfb7446fd08e56ef24e4
results_closure/C2/parts/plant_a_primary/C2-F-A-008__contract_only_rolling_mpc__cycles.parquet,32809,7dcb2e03441336c15626a48c0328021cd86b7499e5e9a648920b685f97423437
results_closure/C2/parts/plant_a_primary/C2-F-A-008__contract_only_rolling_mpc__summary.parquet,34339,75d12c13f48a676727c76098c246e07143b96eaa3dd828ddfca2db7c3500d0b2
results_closure/C2/parts/plant_a_primary/C2-F-A-008__dcsv_cr_mpc__cycles.parquet,34428,ab8dbd87f86029503b09377a7a12ee800fd588edb5959f61341eb7047430e1cd
results_closure/C2/parts/plant_a_primary/C2-F-A-008__dcsv_cr_mpc__summary.parquet,34269,c103e3ba87ff64f62baa79e8f05d3ddc6be1506d8cf99989f63a9bb9938ec3b8
results_closure/C2/parts/plant_a_primary/C2-F-A-009__contract_only_rolling_mpc__cycles.parquet,33000,4cb2367fb4ef2149d77f8c9eeb971cb45cdf9d7bf5cf94d0aa0f5c3167814e32
results_closure/C2/parts/plant_a_primary/C2-F-A-009__contract_only_rolling_mpc__summary.parquet,34369,0b6f2108f17d9e4c6653ee62b0d1280f5f875b74949d82fb6597ab96fd98b107
results_closure/C2/parts/plant_a_primary/C2-F-A-009__dcsv_cr_mpc__cycles.parquet,34383,966f376670bb379ba3e18843021bb0d597137b1e8b3aa0a4d435c01dce4c10b5
results_closure/C2/parts/plant_a_primary/C2-F-A-009__dcsv_cr_mpc__summary.parquet,34299,086741147b44be859dde2f0cfffebe44e30091e12b4a5fdf14f30c0b2929e8c9
results_closure/C2/parts/plant_a_primary/C2-F-A-010__contract_only_rolling_mpc__cycles.parquet,25908,a4abfdbced93db1c9925a3cc6da51e495184f2976e6d12e35587e271d4f73be1
results_closure/C2/parts/plant_a_primary/C2-F-A-010__contract_only_rolling_mpc__summary.parquet,34339,9c121e837dd1df79753268dda285fb56d3a1f988b2796dd1caf59b5f19df3207
results_closure/C2/parts/plant_a_primary/C2-F-A-010__dcsv_cr_mpc__cycles.parquet,26633,f57bfc43fdd846d95deeffb5eb45da8653457fee079cb886d51dec576cc48ce7
results_closure/C2/parts/plant_a_primary/C2-F-A-010__dcsv_cr_mpc__summary.parquet,34269,66c237b4810994b4d57de2ac34506410a7c64283e858a728ec95f5542965edbb
results_closure/C2/parts/plant_a_primary/C2-F-A-011__contract_only_rolling_mpc__cycles.parquet,25807,797b67430504a601cc09737d2ab81a0a98da67c7d93479141a1b721c7ef28996
results_closure/C2/parts/plant_a_primary/C2-F-A-011__contract_only_rolling_mpc__summary.parquet,34273,f058d0b2a4205ad64c60f750d3d140ced87f4fb03cdfd2a4fcefbaf4c17bb902
results_closure/C2/parts/plant_a_primary/C2-F-A-011__dcsv_cr_mpc__cycles.parquet,26433,52b9a9282aa775247fc40be6db7258d09c0bc6c9595168d799fc5b44c7371d8b
results_closure/C2/parts/plant_a_primary/C2-F-A-011__dcsv_cr_mpc__summary.parquet,34203,f33d5cd361bf05c49885cf044f4a7e68bb1dec30cdaf39e7883ce9474b47d058
results_closure/C2/parts/plant_a_primary/C2-F-A-012__contract_only_rolling_mpc__cycles.parquet,25782,940f62fa6fe3098a04510cb506c5ef28eb652c4cd31e121948ee92c79de8ab19
results_closure/C2/parts/plant_a_primary/C2-F-A-012__contract_only_rolling_mpc__summary.parquet,34328,e4a6d43fd4ac5201b279012c85f48bcc1ff8006965d2270ea9c4fa922a31d168
results_closure/C2/parts/plant_a_primary/C2-F-A-012__dcsv_cr_mpc__cycles.parquet,26584,184cc8781c1a1da688ce29f0ecb9c5a313c36c6ac4eb8de1715dc888c33ffadd
results_closure/C2/parts/plant_a_primary/C2-F-A-012__dcsv_cr_mpc__summary.parquet,34258,e977c6fd6595b2918aeff579e6d709afc2400b03c768300c6979031057761c34
results_closure/C2/parts/plant_a_primary/C2-F-A-013__contract_only_rolling_mpc__cycles.parquet,25867,03a9ac2197d5675773e4fe69791abe359c0a4686c9b2f8a468e73a8b32c8fddd
results_closure/C2/parts/plant_a_primary/C2-F-A-013__contract_only_rolling_mpc__summary.parquet,34323,8a39a6ea77d1069e332214bae3c970fd6ac412ae13af8b843fcfc52365d93311
results_closure/C2/parts/plant_a_primary/C2-F-A-013__dcsv_cr_mpc__cycles.parquet,26612,f046ddc0c06a09ede28e98a9c3f0746ed222a2852d2ebd1a82757123ad3b9940
results_closure/C2/parts/plant_a_primary/C2-F-A-013__dcsv_cr_mpc__summary.parquet,34253,a30a3d77ef27ce85e08c457cd94536d9b5e086d9a1c01fd077b6d241899678cd
results_closure/C2/parts/plant_a_primary/C2-F-A-014__contract_only_rolling_mpc__cycles.parquet,25772,8d9dbc4a794b8da44db33a8b067d7ac7446bbd0f669a5265cafd1618d35c40fa
results_closure/C2/parts/plant_a_primary/C2-F-A-014__contract_only_rolling_mpc__summary.parquet,34364,c49d20e30a0970e285867eb562a2d11cb076d7486367fc0961b1e363766edf08
results_closure/C2/parts/plant_a_primary/C2-F-A-014__dcsv_cr_mpc__cycles.parquet,26467,8f16726eb77763eb0709c095da03d8a62cb95ffd8fc9bbc3f05dde4dfa6d1527
results_closure/C2/parts/plant_a_primary/C2-F-A-014__dcsv_cr_mpc__summary.parquet,34294,5eb898a0c65b4585ac5146a842d2c8d35fb38954a677079431afd54170312a5d
results_closure/C2/parts/plant_a_primary/C2-F-A-015__contract_only_rolling_mpc__cycles.parquet,25469,ec04730d382fae5bed5650d4f1b097ee18f23e43385f04c27c385fad2634169c
results_closure/C2/parts/plant_a_primary/C2-F-A-015__contract_only_rolling_mpc__summary.parquet,34508,a35c810007f7868f2a33c853fb227c334de8f9c6524c8f65f564f7a48b44c97a
results_closure/C2/parts/plant_a_primary/C2-F-A-015__dcsv_cr_mpc__cycles.parquet,25681,935c9c801c221de27a1ff723af11475b5084f012dd9a439f407da9647f84af5f
results_closure/C2/parts/plant_a_primary/C2-F-A-015__dcsv_cr_mpc__summary.parquet,34438,05d408826c8d44450e55a32dc493b6fbf9e52e197e27383d6e9b7df51d9638f3
results_closure/C2/parts/plant_a_primary/C2-F-A-016__contract_only_rolling_mpc__cycles.parquet,25422,051bdb2b13420714ee7d77876758383d7455e5f8364c17098af5db6e59a8f656
results_closure/C2/parts/plant_a_primary/C2-F-A-016__contract_only_rolling_mpc__summary.parquet,34494,8ac940edc07bd796dc36f0b5a0f9831e704b6a3c16e43271e9d401c09d610a8e
results_closure/C2/parts/plant_a_primary/C2-F-A-016__dcsv_cr_mpc__cycles.parquet,25678,e96befde0a05dc08582f50b716e225c0cedf3ea2a9bc99a0144095ac975aa88d
results_closure/C2/parts/plant_a_primary/C2-F-A-016__dcsv_cr_mpc__summary.parquet,34424,cb7494e0d000d96cb0b3c511c267eadc892a6076bddc764bff8258cc833ece4b
results_closure/C2/parts/plant_a_primary/C2-F-A-017__contract_only_rolling_mpc__cycles.parquet,25268,45e2bec368da81bc3609681ab082edbbdf59297973861f8b4834cc0139634364
results_closure/C2/parts/plant_a_primary/C2-F-A-017__contract_only_rolling_mpc__summary.parquet,34570,214aef057a5fe00ba660c743093f282488563b4b9b7a189b4062a415b94ba0fc
results_closure/C2/parts/plant_a_primary/C2-F-A-017__dcsv_cr_mpc__cycles.parquet,25481,ebc903315645d1a8757628ae42bcee5cd29002af041a6129257247f694d62d43
results_closure/C2/parts/plant_a_primary/C2-F-A-017__dcsv_cr_mpc__summary.parquet,34500,a0bb4502aa031f60791f94eaa2417ca0c39c3ce126d1ad3ed0f7b6e929b87f08
results_closure/C2/parts/plant_a_primary/C2-F-A-018__contract_only_rolling_mpc__cycles.parquet,25836,839d14b40b9ac35a2ae2a9970d015fd76eda92c7740cf68369d54ffdf3955197
results_closure/C2/parts/plant_a_primary/C2-F-A-018__contract_only_rolling_mpc__summary.parquet,34465,3ee1deae6cfddd3287eebf968f51870eed7ab1c621a22ff0f461059883814061
results_closure/C2/parts/plant_a_primary/C2-F-A-018__dcsv_cr_mpc__cycles.parquet,26548,64eee92cc5ba3ffcc34ac376f7fe0632d5f4bcea6112ca9a653af13cad07bce9
results_closure/C2/parts/plant_a_primary/C2-F-A-018__dcsv_cr_mpc__summary.parquet,34395,e388c97f6dd492c1e377229a83832ece50f97229209f893fcc6813069bba17e6
results_closure/C2/parts/plant_a_primary/C2-F-A-019__contract_only_rolling_mpc__cycles.parquet,25784,9a9edfa78cac06300e0f27b021832441cef037d5a49bef2017bbb6306cb70dfc
results_closure/C2/parts/plant_a_primary/C2-F-A-019__contract_only_rolling_mpc__summary.parquet,34268,39a3d793954a6fca92742907d1e1762fc876ec9b15e08853d0706dc217f57cae
results_closure/C2/parts/plant_a_primary/C2-F-A-019__dcsv_cr_mpc__cycles.parquet,26492,f72c040c5829c3ce739f9b6808e1b0161b4e22475709075eb2eb16048752780f
results_closure/C2/parts/plant_a_primary/C2-F-A-019__dcsv_cr_mpc__summary.parquet,34198,2429d9080de319cb43d676c596dfd76347927b84e4b22756458595f327be1c38
results_closure/C2/parts/plant_a_primary/C2-F-A-020__contract_only_rolling_mpc__cycles.parquet,32893,96897f13921cbeb8b6e1921d4a17ce137b1880091c83f654407f4fac5504a27b
results_closure/C2/parts/plant_a_primary/C2-F-A-020__contract_only_rolling_mpc__summary.parquet,34386,0e64fd05ea583c62cda797473e74fdb3a036e4b90760ce254c19f8f5d0a29e29
results_closure/C2/parts/plant_a_primary/C2-F-A-020__dcsv_cr_mpc__cycles.parquet,34347,673480521f26bfa43905dd43431e8f4d1dccf285496277b2af1f4b9c88e592d4
results_closure/C2/parts/plant_a_primary/C2-F-A-020__dcsv_cr_mpc__summary.parquet,34316,d1bffd67a651e043c6926bed51171446aba70dfa913e8db0cb12d60827c396a3
results_closure/C2/parts/plant_a_primary/C2-F-A-021__contract_only_rolling_mpc__cycles.parquet,31809,cc1abf983cf1a66af8d6726f4d5aa4efe3cd341e13b134094a2aec8b179db5e6
results_closure/C2/parts/plant_a_primary/C2-F-A-021__contract_only_rolling_mpc__summary.parquet,34571,3ddba7cfac2ff005cc5700c073a4574e2e57d3104589d673c74770b65a8d3d9e
results_closure/C2/parts/plant_a_primary/C2-F-A-021__dcsv_cr_mpc__cycles.parquet,32558,e0abae53637b194ebc3b537e91d5515e8cbbf28043a14e328a20e989f217d54b
results_closure/C2/parts/plant_a_primary/C2-F-A-021__dcsv_cr_mpc__summary.parquet,34501,6c8f141c202c8ac7d2b09eb219423adc1d82733d277a61b0ef2a5cf6c522dd00
results_closure/C2/parts/plant_a_primary/C2-F-A-022__contract_only_rolling_mpc__cycles.parquet,31461,639caf63d262606a016c7227a6631023caee9729a83fe1b9a4fec506a75eda1f
results_closure/C2/parts/plant_a_primary/C2-F-A-022__contract_only_rolling_mpc__summary.parquet,34495,435368b9ecc42e7b48e320e7a255664302778214dc147bc11b88ae77658693eb
results_closure/C2/parts/plant_a_primary/C2-F-A-022__dcsv_cr_mpc__cycles.parquet,31921,936f6b64e0f9a69f5b014bb903c70d007bc06794509e58a2bdafa1a6b520a0bb
results_closure/C2/parts/plant_a_primary/C2-F-A-022__dcsv_cr_mpc__summary.parquet,34425,d68f531cd2cee707f43ec8b1f76c1890a918f48e70e7cc964cc81301eb8181aa
results_closure/C2/parts/plant_a_primary/C2-F-A-023__contract_only_rolling_mpc__cycles.parquet,32748,dda4300db986b5934c3d4566d1ca6da0dcbc90c47c54ea7e8f49097389d1b8cc
results_closure/C2/parts/plant_a_primary/C2-F-A-023__contract_only_rolling_mpc__summary.parquet,34334,ce493a9bed968c99b2371657a0b362d8a8d50c2db488b96672b4714189bd205d
results_closure/C2/parts/plant_a_primary/C2-F-A-023__dcsv_cr_mpc__cycles.parquet,34379,122d07a27a577bbc73afb81ebc0b84944b9cb183dcc496f59c7bea76fc3fc90d
results_closure/C2/parts/plant_a_primary/C2-F-A-023__dcsv_cr_mpc__summary.parquet,34264,fb291b491e4bd5a9e3696c9595519b1885608cd1557376d28ee4dfd0f6a391fd
results_closure/C2/parts/plant_a_primary/C2-F-A-024__contract_only_rolling_mpc__cycles.parquet,32816,1a835efeafbd50641965f2208a90d391c40177b467d94991f1b28e1d4b48b2fa
results_closure/C2/parts/plant_a_primary/C2-F-A-024__contract_only_rolling_mpc__summary.parquet,34375,b75422e4ca954f1801f4038748e4b2ada1a0ea0131a1c90fcd7a5b6f044db24d
results_closure/C2/parts/plant_a_primary/C2-F-A-024__dcsv_cr_mpc__cycles.parquet,34338,0e3c54725e47111b746cd85e43c188273a015b28a7b5bef036c9ebaf2f78a4c4
results_closure/C2/parts/plant_a_primary/C2-F-A-024__dcsv_cr_mpc__summary.parquet,34305,c72a3ba538278d457bac1275f092f050ba0990e1f7fc40979ac5a21c90a67f8b
results_closure/C2/parts/plant_a_primary/C2-F-A-025__contract_only_rolling_mpc__cycles.parquet,32878,dff3f6aad6ab0762f588ce7732bf74fc228a020b2c057f6b5dac069ac149d464
results_closure/C2/parts/plant_a_primary/C2-F-A-025__contract_only_rolling_mpc__summary.parquet,34329,af34010eb6fdadf6926d6ca1db3a1e4309dc5f8fd5f8e37787abdb2c0a054e3a
results_closure/C2/parts/plant_a_primary/C2-F-A-025__dcsv_cr_mpc__cycles.parquet,34678,e7dd67b681ac15def5146a8cfc5d6c9d4269ff576deec4e6517a5cebfce7ece7
results_closure/C2/parts/plant_a_primary/C2-F-A-025__dcsv_cr_mpc__summary.parquet,34259,8cc280e0b9e8854d82bfd8a84cc5eab9558bf8bca0b9ae281728d26e7b7e4bee
results_closure/C2/parts/plant_a_primary/C2-F-A-026__contract_only_rolling_mpc__cycles.parquet,33006,da12de15e5eb5353593c8563993393a2e97bf4f4dbc2ef8c8ebf08dd7a5aaf37
results_closure/C2/parts/plant_a_primary/C2-F-A-026__contract_only_rolling_mpc__summary.parquet,34334,643b451b2de1c810141d334625a67387fdaa48d5fb9c8869896a37776b4e2f25
results_closure/C2/parts/plant_a_primary/C2-F-A-026__dcsv_cr_mpc__cycles.parquet,34415,9cd05122fa7bc72208bdf846cefd58fa1a64e4996726f5815786c5a3fbb37a7f
results_closure/C2/parts/plant_a_primary/C2-F-A-026__dcsv_cr_mpc__summary.parquet,34264,edf5c2416bd7e3643e9f9836f0fd214aab2ef1f17dfe0e4f83b0e70a7decf1e6
results_closure/C2/parts/plant_a_primary/C2-F-A-027__contract_only_rolling_mpc__cycles.parquet,33232,62f2aa3c6a5fa61d899cbbb390de0bd43879469df0c1673c74b9929d8f60d129
results_closure/C2/parts/plant_a_primary/C2-F-A-027__contract_only_rolling_mpc__summary.parquet,34314,10a685371f5177901b81c4b0f8f591e9a8194d1be7ba1b267589c166e4c0dd0a
results_closure/C2/parts/plant_a_primary/C2-F-A-027__dcsv_cr_mpc__cycles.parquet,34569,b7f342f2ee0fc22e7fa30a6e57cd92944e57da502380f9fa8826fa497b0cb86e
results_closure/C2/parts/plant_a_primary/C2-F-A-027__dcsv_cr_mpc__summary.parquet,34244,4c4bbcf1b0a3276d6c18df94c68230324acf2488c5ce95c96022246bc747e53f
results_closure/C2/parts/plant_a_primary/C2-F-A-028__contract_only_rolling_mpc__cycles.parquet,31743,7b93ab141b609b9db9b3249f0db2c0147fd06fbb1f01f53c0669d7472ba6dc65
results_closure/C2/parts/plant_a_primary/C2-F-A-028__contract_only_rolling_mpc__summary.parquet,34525,4937244d537313d10f1288bcdda7926bd3357f47c711ee6be8a974b1432d5e88
results_closure/C2/parts/plant_a_primary/C2-F-A-028__dcsv_cr_mpc__cycles.parquet,32200,eebc35e254fa846c1cdf726e48cebf789c2c90a4269b937f71a79681ebc05c08
results_closure/C2/parts/plant_a_primary/C2-F-A-028__dcsv_cr_mpc__summary.parquet,34455,f74c866529693a599f7e516c26f5bb9cc75240b612307c4e31bb1b24de5b7a78
results_closure/C2/parts/plant_a_primary/C2-F-A-029__contract_only_rolling_mpc__cycles.parquet,33025,20f4309f44e2287bf4b4052c17861c7c8aeffc5bdf62dc48d87480681dcffe2a
results_closure/C2/parts/plant_a_primary/C2-F-A-029__contract_only_rolling_mpc__summary.parquet,34329,faace3f9d6e4e1831cb845dba045ab21a3602dcab49a6f23a7025e970ab9cf7a
results_closure/C2/parts/plant_a_primary/C2-F-A-029__dcsv_cr_mpc__cycles.parquet,34343,e180426fa09213c47c356015acd830eb0bc55637678699b7ba2889397ed24453
results_closure/C2/parts/plant_a_primary/C2-F-A-029__dcsv_cr_mpc__summary.parquet,34259,d4fd90087d5366ca2a0314111ca728b7400344b556221fa11e0304720f303b4c
results_closure/C2/parts/plant_a_primary/C2-F-A-030__contract_only_rolling_mpc__cycles.parquet,25788,4aa2ecea25e7d7fc17117a5eae64497bab92598a969efdd373feb8edb13827f2
results_closure/C2/parts/plant_a_primary/C2-F-A-030__contract_only_rolling_mpc__summary.parquet,34340,1b37952bad1fb3a6e888c46f63fae14fbd25d98cd48a2a1b690d2cde849d8017
results_closure/C2/parts/plant_a_primary/C2-F-A-030__dcsv_cr_mpc__cycles.parquet,26428,250f42648826d01f2bfcf3020365655ce425d73c2f0a6a59030bebd570e33af8
results_closure/C2/parts/plant_a_primary/C2-F-A-030__dcsv_cr_mpc__summary.parquet,34270,391fbb9cf99982a1cd37eb4515049f002277783ed9ea9a5e3cba4a62e8b5c6a4
results_closure/C2/parts/plant_a_primary/C2-F-A-031__contract_only_rolling_mpc__cycles.parquet,25333,1d5ebbec6f830f2fb3bf43a3d2e72cbcfbdfaf90f6c1c61d8bbf2d42b0f0f8fd
results_closure/C2/parts/plant_a_primary/C2-F-A-031__contract_only_rolling_mpc__summary.parquet,34489,cf3d3f4737054c8ad8735d649796ef8c7925668087c9232170a18862452da6b1
results_closure/C2/parts/plant_a_primary/C2-F-A-031__dcsv_cr_mpc__cycles.parquet,25495,b2f55a5b3cd2c8c020389bc45d6903d06a32e9ec29e685f9a8769e11e69b1669
results_closure/C2/parts/plant_a_primary/C2-F-A-031__dcsv_cr_mpc__summary.parquet,34419,48a9c4df47e1c750701c733e4d30350b490b1802e12d1fe77029ec4f59e03758
results_closure/C2/parts/plant_a_primary/C2-F-A-032__contract_only_rolling_mpc__cycles.parquet,25870,d428f72420fdc23b56972cc10bdb0d8de51ec447dcf94986432cc0ca6c2fb86b
results_closure/C2/parts/plant_a_primary/C2-F-A-032__contract_only_rolling_mpc__summary.parquet,34364,6bb29eada4f8dd1990f5d82e88e9b54316e131579f99c2fa618ccbe937aad87b
results_closure/C2/parts/plant_a_primary/C2-F-A-032__dcsv_cr_mpc__cycles.parquet,26515,baeffb82d4806c73fc517d3ce4313ce3f228f1e5aa92b04665671bbf9d04011f
results_closure/C2/parts/plant_a_primary/C2-F-A-032__dcsv_cr_mpc__summary.parquet,34294,fe4ab622f3dbf347393943ed3700033028a490b1fc3dfc1e7849865c84dccaf5
results_closure/C2/parts/plant_a_primary/C2-F-A-033__contract_only_rolling_mpc__cycles.parquet,25925,e07a7d08246a78613481955b38ee4e5b69a25ffc4401bdd73cd66cbbc6ed331b
results_closure/C2/parts/plant_a_primary/C2-F-A-033__contract_only_rolling_mpc__summary.parquet,34335,7796fa1a97545342cd045c1bdf1dba85975816fa0552b44e8f8d54efa861a8de
results_closure/C2/parts/plant_a_primary/C2-F-A-033__dcsv_cr_mpc__cycles.parquet,26365,d0faed96ba27a0dbd721181ab7a76eb7f5dd2da1dece6520a1a4acc79106b844
results_closure/C2/parts/plant_a_primary/C2-F-A-033__dcsv_cr_mpc__summary.parquet,34265,1d31436d580faff357f95abe671350197be01e6ad4875f4eee08cdbe336bf67a
results_closure/C2/parts/plant_a_primary/C2-F-A-034__contract_only_rolling_mpc__cycles.parquet,25326,32bb78a139997fb72c0f3dc61f849cd14b4bf3a8292a6789a6451372faba05a8
results_closure/C2/parts/plant_a_primary/C2-F-A-034__contract_only_rolling_mpc__summary.parquet,34615,8d47a618cafd278e03d9abbfef41261a9d524d850ac8e17f8096e1a21108ebb3
results_closure/C2/parts/plant_a_primary/C2-F-A-034__dcsv_cr_mpc__cycles.parquet,25501,403215e38fb735e78a8c1b81e273d8ba298efb71ad7a281949a4162072acffa9
results_closure/C2/parts/plant_a_primary/C2-F-A-034__dcsv_cr_mpc__summary.parquet,34545,7c201fc2040bc5a37b5a25ca85bbeccb0092323b308ec2ac3b667c01a45d0c72
results_closure/C2/parts/plant_a_primary/C2-F-A-035__contract_only_rolling_mpc__cycles.parquet,25873,ef0f9d3b685774bfa9cc223647b02c92d9dc07722cd0b3b01537920c60730489
results_closure/C2/parts/plant_a_primary/C2-F-A-035__contract_only_rolling_mpc__summary.parquet,34334,04d1cf1083bb423447f7ef12b3d1c8fb6545094bc99cb271dac15803ee736a24
results_closure/C2/parts/plant_a_primary/C2-F-A-035__dcsv_cr_mpc__cycles.parquet,26553,f9405c6bf5c8a555ca44f88742a444b15a88adcec3590d6a0ee1a9497db6b74e
results_closure/C2/parts/plant_a_primary/C2-F-A-035__dcsv_cr_mpc__summary.parquet,34264,ac849c7ebc0e05c9b49564785948e0c242da8f7419188f7b174ef8eae96bdbd7
results_closure/C2/parts/plant_a_primary/C2-F-A-036__contract_only_rolling_mpc__cycles.parquet,25398,86f9ce93aab909edd7a5ce149b1875e8e07f7b402b2b54e660a7033766af0e3f
results_closure/C2/parts/plant_a_primary/C2-F-A-036__contract_only_rolling_mpc__summary.parquet,34510,6aaeaf883f8d402d066d15b35a0e103f7b8939a1f542633ca71e322986f6b442
results_closure/C2/parts/plant_a_primary/C2-F-A-036__dcsv_cr_mpc__cycles.parquet,25667,654db8080bdd8d3a07e6baeb0e69f6db58a5887baafd2b74c4b6e360ecc32815
results_closure/C2/parts/plant_a_primary/C2-F-A-036__dcsv_cr_mpc__summary.parquet,34440,7cd62ea607ef359c3e4872bb720a6dc37a4d9056a46cc03128b8c34d06d17fd5
results_closure/C2/parts/plant_a_primary/C2-F-A-037__contract_only_rolling_mpc__cycles.parquet,25802,de74fed3948704b00e0446ce0fc164cc41b4ec9b465fd6afef9b272bae7f4cb1
results_closure/C2/parts/plant_a_primary/C2-F-A-037__contract_only_rolling_mpc__summary.parquet,34279,deecf4682fa0b41aeaf3a865d3cd0dd363dafb6828acdbfa16c9577f5732029a
results_closure/C2/parts/plant_a_primary/C2-F-A-037__dcsv_cr_mpc__cycles.parquet,26555,a1f00abf05c85591747254d8c6e44029ec72bf99a0907b5ace37b6848443ee03
results_closure/C2/parts/plant_a_primary/C2-F-A-037__dcsv_cr_mpc__summary.parquet,34209,bea25c16fa1238b672ca1c407c81293f613a87fa9e537b1bbc453b46d69bd87a
results_closure/C2/parts/plant_a_primary/C2-F-A-038__contract_only_rolling_mpc__cycles.parquet,25908,9cd8126326a4cdaffc7bd409eafbdf0f2aec66f5ad25a0f3dda1c54961d84484
results_closure/C2/parts/plant_a_primary/C2-F-A-038__contract_only_rolling_mpc__summary.parquet,34345,001a72561dcd80c8acb2f5e01114d82ab4a00ff0025ae5f22a7d621a11d4b78a
results_closure/C2/parts/plant_a_primary/C2-F-A-038__dcsv_cr_mpc__cycles.parquet,26486,29c46c5d3790cbb285915ed74d86c99fa22ef23b6f05bfb306372075e2347c58
results_closure/C2/parts/plant_a_primary/C2-F-A-038__dcsv_cr_mpc__summary.parquet,34275,0218eb30cbc5f569fc8382f11255cf5cd374fcc4f35d9ccf2d0472f77c522e2b
results_closure/C2/parts/plant_a_primary/C2-F-A-039__contract_only_rolling_mpc__cycles.parquet,25489,bb7432425d09e61e289c3324f5547ec79966626d9e77c948e2d7343960ea12d5
results_closure/C2/parts/plant_a_primary/C2-F-A-039__contract_only_rolling_mpc__summary.parquet,34566,22b291581cb3940b6a6725b2a824ed180f8ca12f5a56007baf2858cdf6985416
results_closure/C2/parts/plant_a_primary/C2-F-A-039__dcsv_cr_mpc__cycles.parquet,25856,99ec48fb1c08a1ad81b78e991ae095caf9c6aa1eba14e8e9f1e40b1fbf670569
results_closure/C2/parts/plant_a_primary/C2-F-A-039__dcsv_cr_mpc__summary.parquet,34496,f86b475eed40bd1cf6a418e17530c1a9f1bf65188071ecab52c1d46b9d7488b2
results_closure/C2/parts/plant_a_primary/C2-F-A-040__contract_only_rolling_mpc__cycles.parquet,32820,a3ad610238a975070132cd9b86c230df3c163b5d8f2a00ee9427e93892e66d05
results_closure/C2/parts/plant_a_primary/C2-F-A-040__contract_only_rolling_mpc__summary.parquet,34329,9141a1fbb7d0f27e416a37b4ec6fe7cfd598faef705bfe1d28c62adfa8d115c7
results_closure/C2/parts/plant_a_primary/C2-F-A-040__dcsv_cr_mpc__cycles.parquet,34574,3a80fdd080579d94a719e55d23213fc03e40725a0b8c4288d5c5e57c2781d36d
results_closure/C2/parts/plant_a_primary/C2-F-A-040__dcsv_cr_mpc__summary.parquet,34259,4bf3ab68e135990da2a7917b34f4c1d59d5d3ef4f012adae9114465e59468f01
results_closure/C2/parts/plant_a_primary/C2-F-A-041__contract_only_rolling_mpc__cycles.parquet,31926,1cba87fbe93e29ceb84938001a8986c604f6f157cec52c4da54047d0dad5777d
results_closure/C2/parts/plant_a_primary/C2-F-A-041__contract_only_rolling_mpc__summary.parquet,34560,ea1a478381327e81f0f2ef22d7eaf88fa54eee8478c24cae70c45be78b10b6cd
results_closure/C2/parts/plant_a_primary/C2-F-A-041__dcsv_cr_mpc__cycles.parquet,32558,99a98f1c4fc4c7fe5bd57bffbb446a58409c63fe3141e1ee99f14a0513c206f8
results_closure/C2/parts/plant_a_primary/C2-F-A-041__dcsv_cr_mpc__summary.parquet,34490,a686ede086f694d3aed11d437e61c63913a840ba8f5c7efa5084cedf494514b4
results_closure/C2/parts/plant_a_primary/C2-F-A-042__contract_only_rolling_mpc__cycles.parquet,31891,5c4c2ab3beb80c46670041d38740b78c37f0682f42b8afba220e6d76ade5be9c
results_closure/C2/parts/plant_a_primary/C2-F-A-042__contract_only_rolling_mpc__summary.parquet,34604,121fc38a316fd5ec5c1c96b39fa14b9eeb6c4b93505e08939e8e84f35901b222
results_closure/C2/parts/plant_a_primary/C2-F-A-042__dcsv_cr_mpc__cycles.parquet,32465,ba1b94765f684f21208a270ecd5f34e0f1040408f38907c0cd3c140953934c6d
results_closure/C2/parts/plant_a_primary/C2-F-A-042__dcsv_cr_mpc__summary.parquet,34534,81da9bec2d75fc8eb6b2dc3fb2adfd7a9b5e365b09dda643f0f0eaf8790d04a0
results_closure/C2/parts/plant_a_primary/C2-F-A-043__contract_only_rolling_mpc__cycles.parquet,32902,08bd145a376bf90e62dd4a1c8f0c6721ea8fe7aede85cbb0e30b51386ecff29a
results_closure/C2/parts/plant_a_primary/C2-F-A-043__contract_only_rolling_mpc__summary.parquet,34303,500d693cff015b99c63190a07376987e65b21372a08fd8d514c1f03a2bd0cfce
results_closure/C2/parts/plant_a_primary/C2-F-A-043__dcsv_cr_mpc__cycles.parquet,34442,2a81074cb76c9f67a9fa721fcedd51f4076e987782d4d906e1a0c08e45e07891
results_closure/C2/parts/plant_a_primary/C2-F-A-043__dcsv_cr_mpc__summary.parquet,34233,68fa3b961e9824fd0717c2affef48ee1e4da1da2775baa28cda35383b36c0683
results_closure/C2/parts/plant_a_primary/C2-F-A-044__contract_only_rolling_mpc__cycles.parquet,33192,292fd5663fe976204dc6b09fa02c77de74e031691f21864395242b30e87b97a8
results_closure/C2/parts/plant_a_primary/C2-F-A-044__contract_only_rolling_mpc__summary.parquet,34323,c5ef1d2915e1251a6c1000203c6e2506172fe2f0081a7b62c164b26d16bfe9eb
results_closure/C2/parts/plant_a_primary/C2-F-A-044__dcsv_cr_mpc__cycles.parquet,34461,9adcdcaf8f9ddde7dbe7abff453f143bac50b189a49eec40c13e4986b43623d2
results_closure/C2/parts/plant_a_primary/C2-F-A-044__dcsv_cr_mpc__summary.parquet,34253,55ebb0cf8f3c753853a14d8b7061135b9ea7b7c0ba1330b0d533315c434c9023
results_closure/C2/parts/plant_a_primary/C2-F-A-045__contract_only_rolling_mpc__cycles.parquet,32932,31a3cd9bb5a182ffbe25abd52752623f011b31d0589d1921ecd526b4741869fa
results_closure/C2/parts/plant_a_primary/C2-F-A-045__contract_only_rolling_mpc__summary.parquet,34274,ec966de283650339f1bdf6acb5ddc1fec6e1351d665a27b80c6f0ecbd965aac0
results_closure/C2/parts/plant_a_primary/C2-F-A-045__dcsv_cr_mpc__cycles.parquet,34438,a0f73affe59426a8a5a432d01b0a750308344c90e40c44e8045355061678cb3d
results_closure/C2/parts/plant_a_primary/C2-F-A-045__dcsv_cr_mpc__summary.parquet,34204,4b7e5b2d62ff83e1e49784f63b57be0d6599a21eee0c60d5b556a80f6d179fb0
results_closure/C2/parts/plant_a_primary/C2-F-A-046__contract_only_rolling_mpc__cycles.parquet,31589,7ccbcac9340ebfb3340dd46c43b97b8d78c4cefe0ac466af1b28c693962e4f07
results_closure/C2/parts/plant_a_primary/C2-F-A-046__contract_only_rolling_mpc__summary.parquet,34468,0a742b6e63964858dc23a8c961aabb7a520df950188da031c4d907ea78838942
results_closure/C2/parts/plant_a_primary/C2-F-A-046__dcsv_cr_mpc__cycles.parquet,32147,83a0f67065015fa8578ff7c57b3d97093ac03f1222f5891451dbaa2a3c7b9084
results_closure/C2/parts/plant_a_primary/C2-F-A-046__dcsv_cr_mpc__summary.parquet,34398,61801f300abf4f9745765ada8b54a514390d682ed45a5f208a4ffec565080b4c
results_closure/C2/parts/plant_a_primary/C2-F-A-047__contract_only_rolling_mpc__cycles.parquet,33217,8f6b53ae892dec726572c0f50784e46a858ceb8ce335deb16e5aee27179f43d7
results_closure/C2/parts/plant_a_primary/C2-F-A-047__contract_only_rolling_mpc__summary.parquet,34334,16d98d5d3301f3e83b7128b2a5c7bfc4df8659d1f47e5585502ced520dba3ea8
results_closure/C2/parts/plant_a_primary/C2-F-A-047__dcsv_cr_mpc__cycles.parquet,34395,8873c529f9663a9088f9230f41e3f19ae46c3269bb92a32e85c5f1afdad16589
results_closure/C2/parts/plant_a_primary/C2-F-A-047__dcsv_cr_mpc__summary.parquet,34264,970ba665e100a82a1704ee3d0054b461b71434ce688d6558fd17d92268f6ecf8
results_closure/C2/parts/plant_a_primary/C2-F-A-048__contract_only_rolling_mpc__cycles.parquet,33098,953b39947ae9636545cb1550a1cdef2217a70ccf5abd11964eef073f8c32431e
results_closure/C2/parts/plant_a_primary/C2-F-A-048__contract_only_rolling_mpc__summary.parquet,34353,dedb219f8e957cea586de3e9a5f46c25235597984ca88868fdf475470bf869a6
results_closure/C2/parts/plant_a_primary/C2-F-A-048__dcsv_cr_mpc__cycles.parquet,34549,50ab79f21aaadff7b7a4bad82a1c0e189d36a6302d0f17cff8d3b3efbe49df29
results_closure/C2/parts/plant_a_primary/C2-F-A-048__dcsv_cr_mpc__summary.parquet,34283,4520383918e29f5e2829839a3822c9129214f234ac11176ad054323b72a71708
results_closure/C2/parts/plant_a_primary/C2-F-A-049__contract_only_rolling_mpc__cycles.parquet,32897,b09035dc7f754443e2f09bcf2fad885f992c74453557c3d246164882bd9e34d9
results_closure/C2/parts/plant_a_primary/C2-F-A-049__contract_only_rolling_mpc__summary.parquet,34334,30ac48dc4cb1206f475c5b9d4293e272acc32ea533d4645bb482ae356f63af1b
results_closure/C2/parts/plant_a_primary/C2-F-A-049__dcsv_cr_mpc__cycles.parquet,34499,9b1a9713a6026ff84cbfca9abb65acd086e44565118072f403a5fa71fd017e39
results_closure/C2/parts/plant_a_primary/C2-F-A-049__dcsv_cr_mpc__summary.parquet,34264,908aeaf70d36f11bfe576f4ec7b6c239f0e03ed017ac22bde9c58dcab21ee198
results_closure/C2/parts/plant_a_primary/C2-F-A-050__contract_only_rolling_mpc__cycles.parquet,25812,1cad0703e1c187a9963af17e14a0dcb82b4433650fe6e33a036d4d9b1b8f2569
results_closure/C2/parts/plant_a_primary/C2-F-A-050__contract_only_rolling_mpc__summary.parquet,34329,c842bb2641ef1a05081481dbe3bfe421b0f7c6414e1ef0450519baba1f28c54e
results_closure/C2/parts/plant_a_primary/C2-F-A-050__dcsv_cr_mpc__cycles.parquet,26490,58962678c1290a991c9297a2569790a481b2b562c714eb86609c9e28c8101dfc
results_closure/C2/parts/plant_a_primary/C2-F-A-050__dcsv_cr_mpc__summary.parquet,34259,dbfd6ca582fe20153c1c937635f9bf13b35a5bbbca2ac4f02bbd6413bc480129
results_closure/C2/parts/plant_a_primary/C2-F-A-051__contract_only_rolling_mpc__cycles.parquet,25342,7e96b405b1e9595197ee5b5008995d0f9026a27bba5ddd793f1ea189c127fa66
results_closure/C2/parts/plant_a_primary/C2-F-A-051__contract_only_rolling_mpc__summary.parquet,34469,07212afc26481c64e0fc4d80c0c0da486a8c1cb3407e2d3619f0a074859f97ee
results_closure/C2/parts/plant_a_primary/C2-F-A-051__dcsv_cr_mpc__cycles.parquet,25581,8f39d75871c023a77a5d8227bccb21a7481bc45a77d5d579779451d4f3a30bcb
results_closure/C2/parts/plant_a_primary/C2-F-A-051__dcsv_cr_mpc__summary.parquet,34399,bd0f51f9ddc0e3175e500c3e9990d43c105b0952e2e422d8e7be962a2a1cc5fa
results_closure/C2/parts/plant_a_primary/C2-F-A-052__contract_only_rolling_mpc__cycles.parquet,25869,c3a22d69e50bbeed0e48a6f15e5ee9088bbbc88d19f014dd0c49709d2d9fce99
results_closure/C2/parts/plant_a_primary/C2-F-A-052__contract_only_rolling_mpc__summary.parquet,34414,fb4c38a032ec0465fac35ec0f430aa202e2e6d4f37edcfee174c69f8c1e3a85c
results_closure/C2/parts/plant_a_primary/C2-F-A-052__dcsv_cr_mpc__cycles.parquet,26541,0b3af442278a8897624529987380109157dc4d61688ec0c48089485850400ea2
results_closure/C2/parts/plant_a_primary/C2-F-A-052__dcsv_cr_mpc__summary.parquet,34344,3ddcf2bd0aa844534d17e771adb0a4f9b81d7114aee0b00f711d16bbc7b41c21
results_closure/C2/parts/plant_a_primary/C2-F-A-053__contract_only_rolling_mpc__cycles.parquet,25940,4f0984256133a2f5f206f909eb1c762b2492e044426690abdb2b0e7ead3e9cfd
results_closure/C2/parts/plant_a_primary/C2-F-A-053__contract_only_rolling_mpc__summary.parquet,34318,547794d471d2500c199b43d8e16ec0ab7b5d956ffd46a713c4a86c8f0027480f
results_closure/C2/parts/plant_a_primary/C2-F-A-053__dcsv_cr_mpc__cycles.parquet,26554,52f1850953739df7573a917fff6b219bf5335ba3f74fddab38b7a9883f840def
results_closure/C2/parts/plant_a_primary/C2-F-A-053__dcsv_cr_mpc__summary.parquet,34248,04130997b956818cbfe7b4a97cd8ae0b948adf546131b8d245ebd18ff9464db9
results_closure/C2/parts/plant_a_primary/C2-F-A-054__contract_only_rolling_mpc__cycles.parquet,25819,a2035c47e34e0d78dcd70ce0a820eb0359cab8aea3afa13819c895f17652d909
results_closure/C2/parts/plant_a_primary/C2-F-A-054__contract_only_rolling_mpc__summary.parquet,34425,0a301a2c94d1ae4547a21a509b8f2883246a01d03426f8bb784b41e4fb8ddc3e
results_closure/C2/parts/plant_a_primary/C2-F-A-054__dcsv_cr_mpc__cycles.parquet,26605,832d1afcff399934f6f7661be0945e15f96aaf61d35d67de5ea70e61c0acde16
results_closure/C2/parts/plant_a_primary/C2-F-A-054__dcsv_cr_mpc__summary.parquet,34355,fe84aa1cae035987e45f3e1808794bba09245fed54041001569aeaeea21b3110
results_closure/C2/parts/plant_a_primary/C2-F-A-055__contract_only_rolling_mpc__cycles.parquet,25810,fbf1117d24217d3f0dd2ae68e3ca62f206fe27e274e9f97fb503a99c7064b3c3
results_closure/C2/parts/plant_a_primary/C2-F-A-055__contract_only_rolling_mpc__summary.parquet,34268,42e8d7ff143718628a7892c1f714532b5c3b281f566c7061f25bc4f878af74e0
results_closure/C2/parts/plant_a_primary/C2-F-A-055__dcsv_cr_mpc__cycles.parquet,26505,274ebb9c8a005c4b9197da6292dad6b0689f7694ab0f57fa9652da33685764ee
results_closure/C2/parts/plant_a_primary/C2-F-A-055__dcsv_cr_mpc__summary.parquet,34198,34d7c0e4d50f0c6deb18c27a80ac6e6410a30295da5f9951f59448f9039c1ee7
results_closure/C2/parts/plant_a_primary/C2-F-A-056__contract_only_rolling_mpc__cycles.parquet,25325,ade2176eb8e3e68738a72c098558474a6a3c43a4a16c1972be0850b13f15941e
results_closure/C2/parts/plant_a_primary/C2-F-A-056__contract_only_rolling_mpc__summary.parquet,34488,eac5bb21f9871fe3fdfb6f157dd940af7b91b5f1453d1aacd68003a150d804cc
results_closure/C2/parts/plant_a_primary/C2-F-A-056__dcsv_cr_mpc__cycles.parquet,25571,f434f407a41943939bc8eb6db6fbee35632d626a1694909b7fbec473dbe29045
results_closure/C2/parts/plant_a_primary/C2-F-A-056__dcsv_cr_mpc__summary.parquet,34418,c61ae44a4be58a63c814c30ad734d8cd228776909c502b36fa1217d382c8e1c7
results_closure/C2/parts/plant_a_primary/C2-F-A-057__contract_only_rolling_mpc__cycles.parquet,25813,c79bf3038b9896b9128ff7b1a8e5221557129eb84f628fd7f13881870028d6e7
results_closure/C2/parts/plant_a_primary/C2-F-A-057__contract_only_rolling_mpc__summary.parquet,34329,6480209481557205ba8bd1715615277c16d7c46870a8c8e12b95d326949444f5
results_closure/C2/parts/plant_a_primary/C2-F-A-057__dcsv_cr_mpc__cycles.parquet,26617,5d019ce0d68a2bad81c3763a678d8cec3c9f3da4210b754d358c4ac0603c9431
results_closure/C2/parts/plant_a_primary/C2-F-A-057__dcsv_cr_mpc__summary.parquet,34259,ea73376401093b0270ac06b59f0cecab5f28bd1450c162d00d2194622fd4dd0c
results_closure/C2/parts/plant_a_primary/C2-F-A-058__contract_only_rolling_mpc__cycles.parquet,25324,2938b57aba7e9143e856aeabbbee30f455b73d497240ddf7ae5220e96974644a
results_closure/C2/parts/plant_a_primary/C2-F-A-058__contract_only_rolling_mpc__summary.parquet,34508,1c70ebcf4770d0f1d560942ea24e81bf79414eba65f0564cd4ba090f5971fe0b
results_closure/C2/parts/plant_a_primary/C2-F-A-058__dcsv_cr_mpc__cycles.parquet,25529,c49e12f36f28a080c4a2c746331fbda47a388cf134e4bbae08af1edaa5b62bcd
results_closure/C2/parts/plant_a_primary/C2-F-A-058__dcsv_cr_mpc__summary.parquet,34438,64692c29e8f1ed1851abbda32e25f905f1d62b0be316114ff91c009c6eaca0a3
results_closure/C2/parts/plant_a_primary/C2-F-A-059__contract_only_rolling_mpc__cycles.parquet,25389,b4fad45b7950406642683ca4f5c7cbaa593010fd81e10b333f61808089a1b8d3
results_closure/C2/parts/plant_a_primary/C2-F-A-059__contract_only_rolling_mpc__summary.parquet,34519,e1db0a3eba2b79f92b723e9ea152ca7090196c6bd2e4f7d2ea96630f7a9f7a61
results_closure/C2/parts/plant_a_primary/C2-F-A-059__dcsv_cr_mpc__cycles.parquet,25702,095288b294177ac640cad68e355d108982c22e34e8936dd9bf681839e8e692bf
results_closure/C2/parts/plant_a_primary/C2-F-A-059__dcsv_cr_mpc__summary.parquet,34449,23001aaa4e051cc602dbc85eb78be7ed75976e17649903e15a466f5135be94f9
results_closure/C2/parts/plant_a_primary/C2-F-A-060__contract_only_rolling_mpc__cycles.parquet,32786,78d0bc00366ac98d964c75c98e0d05a50a5a295f20c5c9d6d4ef6ad7908e7a8f
results_closure/C2/parts/plant_a_primary/C2-F-A-060__contract_only_rolling_mpc__summary.parquet,34324,cb6177638be63d2f1613ca3c9fa8def5ed80ebb4d557e1ea950466e7f4d68647
results_closure/C2/parts/plant_a_primary/C2-F-A-060__dcsv_cr_mpc__cycles.parquet,34418,82740fb06ac5d159688a77aa2144a263b1c9f71906e7219d7286db50c432b176
results_closure/C2/parts/plant_a_primary/C2-F-A-060__dcsv_cr_mpc__summary.parquet,34254,ed93b67b143914bd9ebde73700636aac59bdc0043e27d111ecf7edb8b6c2a965
results_closure/C2/parts/plant_a_primary/C2-F-A-061__contract_only_rolling_mpc__cycles.parquet,32925,370b8cb396c54b4d74ba85001be749f14f1f8f43d865b535badb04f2544b58ad
results_closure/C2/parts/plant_a_primary/C2-F-A-061__contract_only_rolling_mpc__summary.parquet,34450,4be8040d591d9dde14958c166611099813108b243fc9b9c80f44ebf438c71dd9
results_closure/C2/parts/plant_a_primary/C2-F-A-061__dcsv_cr_mpc__cycles.parquet,34250,66a82bb238180eac6f9d7fbcfd9c8c57c4b2888169a2c21f6f30e14ec945e628
results_closure/C2/parts/plant_a_primary/C2-F-A-061__dcsv_cr_mpc__summary.parquet,34380,8be2ad132f83cc08423f76477ad616441db574373c2a9ed7169d06ae962779bf
results_closure/C2/parts/plant_a_primary/C2-F-A-062__contract_only_rolling_mpc__cycles.parquet,32009,81cab6551744be67d8723af53ee90e6d70fdccd54cc84cfb8adca94c0dd95d7b
results_closure/C2/parts/plant_a_primary/C2-F-A-062__contract_only_rolling_mpc__summary.parquet,34479,446cf2d672069049547704f495e0c4f460f525ebf1f1e0d3f329d30b5d6917c1
results_closure/C2/parts/plant_a_primary/C2-F-A-062__dcsv_cr_mpc__cycles.parquet,32486,d9b22273dedcf84cec49464a202ecb8b76795fc4f101a104d8f7721180fbc13a
results_closure/C2/parts/plant_a_primary/C2-F-A-062__dcsv_cr_mpc__summary.parquet,34409,1c89b2905c70c8908cd3ef2c2382ffa941c76a01bf49d140931dbc1180c638d4
results_closure/C2/parts/plant_a_primary/C2-F-A-063__contract_only_rolling_mpc__cycles.parquet,33029,53c02af28acb6d2dc74a3086d84de497f2e50cb55ea9420eca0202998ba68d48
results_closure/C2/parts/plant_a_primary/C2-F-A-063__contract_only_rolling_mpc__summary.parquet,34290,d49f1d75b67ed3546981bc6feb3ef0b13e6064ee35e84f3cf8498ff0495769b8
results_closure/C2/parts/plant_a_primary/C2-F-A-063__dcsv_cr_mpc__cycles.parquet,34461,6a361dab3830d33eaf5373e7c33b5c6b16ed7cbf96342e6b87a04b3ab2ac966d
results_closure/C2/parts/plant_a_primary/C2-F-A-063__dcsv_cr_mpc__summary.parquet,34220,ce4c5ef2436490d642a82cc8803d929c6d0f51f4a1ae477b36dd30d741fc0119
results_closure/C2/parts/plant_a_primary/C2-F-A-064__contract_only_rolling_mpc__cycles.parquet,32674,a53819ce3f1dbd19827070a528d0447d5a09d80a3e2eccdd916a7a87abc3b598
results_closure/C2/parts/plant_a_primary/C2-F-A-064__contract_only_rolling_mpc__summary.parquet,34436,a7d21deec0fe46ffe2d2ee35b07a581272bae367e92094bedebee8207d98be29
results_closure/C2/parts/plant_a_primary/C2-F-A-064__dcsv_cr_mpc__cycles.parquet,34260,e23978a47bdeaba013f81d1c91b0025f9b05fa8959accbcf44435f92cfb99fba
results_closure/C2/parts/plant_a_primary/C2-F-A-064__dcsv_cr_mpc__summary.parquet,34366,e131d8b4eedf2a4162b34d9ee095545b3fff941294de7ead3a0e7c79b81a0e36
results_closure/C2/parts/plant_a_primary/C2-F-A-065__contract_only_rolling_mpc__cycles.parquet,33015,940957d0f1af296131e485f52c966c371c1503c34f1bfb7a95d6bc87802469e2
results_closure/C2/parts/plant_a_primary/C2-F-A-065__contract_only_rolling_mpc__summary.parquet,34340,5548550d062fcfce05db1e76b95642e719922157c11f8dfa279d309011ec0aa0
results_closure/C2/parts/plant_a_primary/C2-F-A-065__dcsv_cr_mpc__cycles.parquet,34394,e7681286856f81278e572e4730e876b35bab26ea7154c0b42aa13464536f7f23
results_closure/C2/parts/plant_a_primary/C2-F-A-065__dcsv_cr_mpc__summary.parquet,34270,14282408e9917e2e026bbbed5c46649326b104a509ad150377d4bf93ce8c0b98
results_closure/C2/parts/plant_a_primary/C2-F-A-066__contract_only_rolling_mpc__cycles.parquet,33036,00d1c5b6620e68c906472a9df4eda9303970f00f4986b5471f665b0e5865fd9b
results_closure/C2/parts/plant_a_primary/C2-F-A-066__contract_only_rolling_mpc__summary.parquet,34359,f7eb2937e88540d97b0b8edfce5f37e64e1363632c1852754b3ce95ee24dc5d6
results_closure/C2/parts/plant_a_primary/C2-F-A-066__dcsv_cr_mpc__cycles.parquet,34360,8f10c753a998a431f3d10ab5641c7096bf3366446ce8f95a6e11caa94d817270
results_closure/C2/parts/plant_a_primary/C2-F-A-066__dcsv_cr_mpc__summary.parquet,34289,f6f2a023fe9d8ad0d00cabf587e1a96ad1ab6c865a273805ec531e69fbc057ba
results_closure/C2/parts/plant_a_primary/C2-F-A-067__contract_only_rolling_mpc__cycles.parquet,31706,b10c606c00e131de39cb4a3a5f2a3e5fada60f8c38aab4fd8ad5bfc2f04b859e
results_closure/C2/parts/plant_a_primary/C2-F-A-067__contract_only_rolling_mpc__summary.parquet,34465,c3ef3c4944b7b0557a29c3f91bdd9a5f794d4d68d2bd42def7e9d354215e3692
results_closure/C2/parts/plant_a_primary/C2-F-A-067__dcsv_cr_mpc__cycles.parquet,32191,9e42c9c3a8dba31a59dbd5d8ffc095ccf820ff49900febe1fb68c1e36a46c562
results_closure/C2/parts/plant_a_primary/C2-F-A-067__dcsv_cr_mpc__summary.parquet,34395,8849cc6c5c35c6de18ad5dfc22c3c4934ca780307c1c9840cec389fdec355c94
results_closure/C2/parts/plant_a_primary/C2-F-A-068__contract_only_rolling_mpc__cycles.parquet,33014,f40e7e8fae9dba38ad3a71bbfad7e0bf2b008a4ac69a9c731b0acbe7fe8bc743
results_closure/C2/parts/plant_a_primary/C2-F-A-068__contract_only_rolling_mpc__summary.parquet,34290,30a015df043eb8cfd381205af89789748d6b5793d2f52e42747f75c4b13e75c3
results_closure/C2/parts/plant_a_primary/C2-F-A-068__dcsv_cr_mpc__cycles.parquet,34475,fdd7f6f723f3aee301c3bb299d8386f9d123afde78cb6f5767a89687f514529a
results_closure/C2/parts/plant_a_primary/C2-F-A-068__dcsv_cr_mpc__summary.parquet,34220,f2476c5afa4c6a95291205349cdbb7b2155b1b3768491021c9c8e36e1c85eb40
results_closure/C2/parts/plant_a_primary/C2-F-A-069__contract_only_rolling_mpc__cycles.parquet,31604,d7a3e4d216db3a1d1bd8fdb136663b32ae38279f9ee4a87c546c7b2f82f75616
results_closure/C2/parts/plant_a_primary/C2-F-A-069__contract_only_rolling_mpc__summary.parquet,34509,67408795f383bf04404f5819a62d79dcb6b42a8f8b176f1677f102bfc3f50a50
results_closure/C2/parts/plant_a_primary/C2-F-A-069__dcsv_cr_mpc__cycles.parquet,31860,9a51b29da1a7d569434cb46d52708804ca7c81e96d940884db45caa9363a705b
results_closure/C2/parts/plant_a_primary/C2-F-A-069__dcsv_cr_mpc__summary.parquet,34439,070490191d3b41948dd930b47fe4b4b5b2cc7c0bca105b63b582cf4905c01cc4
results_closure/C2/parts/plant_a_primary/C2-F-A-070__contract_only_rolling_mpc__cycles.parquet,25815,71779b7cac11b2800841d5dd4fcd529fdcb271a711afb9983beb5bd522250410
results_closure/C2/parts/plant_a_primary/C2-F-A-070__contract_only_rolling_mpc__summary.parquet,34274,d3706df493c0caff2d907630a2b9a4472daafb9fa190794e76c06c0d086f4037
results_closure/C2/parts/plant_a_primary/C2-F-A-070__dcsv_cr_mpc__cycles.parquet,26552,116aa65150de13a4f641d4860daf3df974fe04738d2388506737eb646be22808
results_closure/C2/parts/plant_a_primary/C2-F-A-070__dcsv_cr_mpc__summary.parquet,34204,760c365892a721c6bfbb4419280d76f90b673fd8f905420c5fd6d0f72e0fd67d
results_closure/C2/parts/plant_a_primary/C2-F-A-071__contract_only_rolling_mpc__cycles.parquet,25892,90dce67213f709a90c2e0074e5b9ee56938bff6ca9d8e73da4fb9cf0cfa243eb
results_closure/C2/parts/plant_a_primary/C2-F-A-071__contract_only_rolling_mpc__summary.parquet,34426,b5cedf6dc40923af2feb9ab691f7c840c5204b8d1c2f524be9c7e894d7edffa8
results_closure/C2/parts/plant_a_primary/C2-F-A-071__dcsv_cr_mpc__cycles.parquet,26489,7e714b827a2f09e099ef20cd94e1e2674d53c35ca5f9971a2f621bc02985c025
results_closure/C2/parts/plant_a_primary/C2-F-A-071__dcsv_cr_mpc__summary.parquet,34356,ad32fabacfa40ad1c6dec4f66cbcead567ea7a2a2a7fbfee69b69c775fa26c85
results_closure/C2/parts/plant_a_primary/C2-F-A-072__contract_only_rolling_mpc__cycles.parquet,25874,f3a12ec8d51ac3ebe669cead4efe97aa155ac121b82eca64514f641706dc8981
results_closure/C2/parts/plant_a_primary/C2-F-A-072__contract_only_rolling_mpc__summary.parquet,34370,b84f23fcdb5ce447f60f85a2db0dc1cbf10543dd964ff9598583f5e817bfbb4d
results_closure/C2/parts/plant_a_primary/C2-F-A-072__dcsv_cr_mpc__cycles.parquet,26496,534b33b5cf833ec6453ba4613c345b745d29c45cdf020e72ba3d64dc0defa07f
results_closure/C2/parts/plant_a_primary/C2-F-A-072__dcsv_cr_mpc__summary.parquet,34300,d8915b69118cfb5f9f6bf699fe602ea22a64ebe65199930a276e67a819c553c6
results_closure/C2/parts/plant_a_primary/C2-F-A-073__contract_only_rolling_mpc__cycles.parquet,25858,f8968cc7b18935e85302a3a471ad97a3b741bcdeeac034b52282a9939fb79df8
results_closure/C2/parts/plant_a_primary/C2-F-A-073__contract_only_rolling_mpc__summary.parquet,34466,8ca21feb3dbb97d4bb3985f1cc53e3e89d84789c9f93bd09d6e87ad04debf37c
results_closure/C2/parts/plant_a_primary/C2-F-A-073__dcsv_cr_mpc__cycles.parquet,26556,fd9a8ac3308e3ca951f66639c644223ec8db09bcbeaee9a141b0dbfbf57dd86b
results_closure/C2/parts/plant_a_primary/C2-F-A-073__dcsv_cr_mpc__summary.parquet,34396,808f5e4423c85d9dc59bc8f0c6177f95c7f5e05e357eee914cfa17f9a405c7af
results_closure/C2/parts/plant_a_primary/C2-F-A-074__contract_only_rolling_mpc__cycles.parquet,25858,d9e4aa81a8f40a24748d67c01805a8eec534d4ea39567cb2af465811928bf0da
results_closure/C2/parts/plant_a_primary/C2-F-A-074__contract_only_rolling_mpc__summary.parquet,34324,068e6b90c9c57375737af312191070a004440c7763c28a0653ec3e823be03dc5
results_closure/C2/parts/plant_a_primary/C2-F-A-074__dcsv_cr_mpc__cycles.parquet,26505,e6429fc093faa88b6dfed5be713cff4af5faac63b8b82c706dd148582f228527
results_closure/C2/parts/plant_a_primary/C2-F-A-074__dcsv_cr_mpc__summary.parquet,34254,895cda93671e1c9751e74a7297eee6c5ec869d0b1aa5a4fd576dd480f8614f88
results_closure/C2/parts/plant_a_primary/C2-F-A-075__contract_only_rolling_mpc__cycles.parquet,25410,5f76aa4e079970b61ed3b1c14b37671ce0bf86cee8ce5e46ef74b5059db01644
results_closure/C2/parts/plant_a_primary/C2-F-A-075__contract_only_rolling_mpc__summary.parquet,34490,fea2aa375ec1e4e5d3d8a89b249cbd3e83f017bcd22bbbe610b1e4cb3e1140f5
results_closure/C2/parts/plant_a_primary/C2-F-A-075__dcsv_cr_mpc__cycles.parquet,25663,2285a16ec83b4c3036235889badef0eaf092fbde360130b014e1da796029f787
results_closure/C2/parts/plant_a_primary/C2-F-A-075__dcsv_cr_mpc__summary.parquet,34420,07f66d068dc358f146c1325aae98d96974da9a89992ab77d4eb55d51e2f60609
results_closure/C2/parts/plant_a_primary/C2-F-A-076__contract_only_rolling_mpc__cycles.parquet,25815,b9d4393bddd4f5f43918d66d73fc66c4b485ece7441e3d855b2336acaf730c67
results_closure/C2/parts/plant_a_primary/C2-F-A-076__contract_only_rolling_mpc__summary.parquet,34285,5dc4baf3bf71183b63b0b5eb9af2a3eb7a0610e259e4f6b92c2ecca1d8c41162
results_closure/C2/parts/plant_a_primary/C2-F-A-076__dcsv_cr_mpc__cycles.parquet,26484,7c2303865f03c9077708f5524ebaa7f033fa19681e83debcdbca6f77f2bf35ec
results_closure/C2/parts/plant_a_primary/C2-F-A-076__dcsv_cr_mpc__summary.parquet,34215,b1152a4cb7335b82e864d4a76558d9a5e723aea88ca774d4d51325df403631b9
results_closure/C2/parts/plant_a_primary/C2-F-A-077__contract_only_rolling_mpc__cycles.parquet,25865,53c99796aa1cd5ceb9ec4d0f54aaf769d9344ccebe4611e09c1bb80191cca8a6
results_closure/C2/parts/plant_a_primary/C2-F-A-077__contract_only_rolling_mpc__summary.parquet,34329,2f4f13fe61a9713a2250150a8a7e76ecc9e2186e0ef6481197f57e8ba3be8a75
results_closure/C2/parts/plant_a_primary/C2-F-A-077__dcsv_cr_mpc__cycles.parquet,26607,48dae716b33629332df199dcfc6763f61b6d9933d73a030fa8a7737774ef6e8d
results_closure/C2/parts/plant_a_primary/C2-F-A-077__dcsv_cr_mpc__summary.parquet,34259,409fa2c7abaf610b4458ffec33c43f3e5257cda76152f9c7c3e940b1c01bde32
results_closure/C2/parts/plant_a_primary/C2-F-A-078__contract_only_rolling_mpc__cycles.parquet,25833,76cdaa2925e823f1d65a4dafea04109c74312a6727c30ba7a4b9314988f6f660
results_closure/C2/parts/plant_a_primary/C2-F-A-078__contract_only_rolling_mpc__summary.parquet,34279,7dfcfbea93f653faad769dad37f3f2284f46b309638789fa9e583469f746c400
results_closure/C2/parts/plant_a_primary/C2-F-A-078__dcsv_cr_mpc__cycles.parquet,26560,5a65f30166ce81551615f80759ce657920afb861ef6313c9cebb260ca13b60db
results_closure/C2/parts/plant_a_primary/C2-F-A-078__dcsv_cr_mpc__summary.parquet,34209,a4dc3a5b3965248e84633fd946df4e3acb29bdd6db4912334795f1db39d01b4d
results_closure/C2/parts/plant_a_primary/C2-F-A-079__contract_only_rolling_mpc__cycles.parquet,25557,9de8d8993c2bcd16ece6c1094665685e7188d7d00c29fc18fc6c8733e59db0ab
results_closure/C2/parts/plant_a_primary/C2-F-A-079__contract_only_rolling_mpc__summary.parquet,34514,f2823442cb231dd3d87f5c907296ba7e0e099cce4df55d61adb74d386af29e0e
results_closure/C2/parts/plant_a_primary/C2-F-A-079__dcsv_cr_mpc__cycles.parquet,25760,6abc8fb405650b34913963666e4aa4a91f2ded4306b8c9fb10a29d7fa8ec798f
results_closure/C2/parts/plant_a_primary/C2-F-A-079__dcsv_cr_mpc__summary.parquet,34444,e1aa3801b9f110a86a5e49b4243bb39fcc77595e4848026dd26be0aa85c2b076
results_closure/C2/parts/plant_a_primary/C2-F-A-080__contract_only_rolling_mpc__cycles.parquet,31852,e4b66e868c8a658aded4384b0f358ebe326610dcce2cf6ffd58c5f0f66e1c253
results_closure/C2/parts/plant_a_primary/C2-F-A-080__contract_only_rolling_mpc__summary.parquet,34498,3fc7217f1459bbe2f2cf9a9aa081b4d5f9b0322c50cbcf7469180b40a5045648
results_closure/C2/parts/plant_a_primary/C2-F-A-080__dcsv_cr_mpc__cycles.parquet,32181,8ce2248e84f99215d23392a4c2be8206b846c543952ba57285c22dca890b3f71
results_closure/C2/parts/plant_a_primary/C2-F-A-080__dcsv_cr_mpc__summary.parquet,34428,94a60f41eac006868a71cfcb815a6451bb2968cba4f5b0899681e5da4ab42a7c
results_closure/C2/parts/plant_a_primary/C2-F-A-081__contract_only_rolling_mpc__cycles.parquet,31689,e2e47d99a185e8f7ba85c5a2b977790f86f9e960024889e84556e50d6e017b19
results_closure/C2/parts/plant_a_primary/C2-F-A-081__contract_only_rolling_mpc__summary.parquet,34544,c6758147da035dde3e65ac477ab83f9fead1f33fcd94d42b14c20d76aa8c8803
results_closure/C2/parts/plant_a_primary/C2-F-A-081__dcsv_cr_mpc__cycles.parquet,31848,c57667b6a9000a2591d3feadcb3266ee4c5e7fd6c39cc21cd773cd2a41106de2
results_closure/C2/parts/plant_a_primary/C2-F-A-081__dcsv_cr_mpc__summary.parquet,34474,81ada9c9b433f2548d19469bb8fc97726516a42063189f33295170e393d5c461
results_closure/C2/parts/plant_a_primary/C2-F-A-082__contract_only_rolling_mpc__cycles.parquet,31274,c38e165e3426c8f1c75ce1c270cf16f97f526bd8eb0185ac0cc27f93c38cc881
results_closure/C2/parts/plant_a_primary/C2-F-A-082__contract_only_rolling_mpc__summary.parquet,34519,882bd72e97c5a6db7b0c7cfa363da4acfa39a9f03df442056bb131276ba74dbf
results_closure/C2/parts/plant_a_primary/C2-F-A-082__dcsv_cr_mpc__cycles.parquet,31585,ec97c75370e8a9bbe789077559b3f8a833e1ca57a3ad2abbcfafae0ce72ede81
results_closure/C2/parts/plant_a_primary/C2-F-A-082__dcsv_cr_mpc__summary.parquet,34449,c5e6612043480b4f9a65fc4d0bb0248aaedac140351c41a3755c4626bb22cb4c
results_closure/C2/parts/plant_a_primary/C2-F-A-083__contract_only_rolling_mpc__cycles.parquet,33119,4f3152bb8bc59c8aa98a5efece6033b1363c3cc53070d1b17a6aac11f5955fef
results_closure/C2/parts/plant_a_primary/C2-F-A-083__contract_only_rolling_mpc__summary.parquet,34348,2db2130a4e96ed927fe8ac203710b23f1b790b5e430bf0f46e07fc14e0554b7c
results_closure/C2/parts/plant_a_primary/C2-F-A-083__dcsv_cr_mpc__cycles.parquet,34530,ae85f5bc428381811ead9e6182c0c5c25238ce6e6990d1e32bea66777f6d2229
results_closure/C2/parts/plant_a_primary/C2-F-A-083__dcsv_cr_mpc__summary.parquet,34278,6bdb8c3c48f881bd74c4684662220852e9a5b92d43fcb76147815a7fe31bddbc
results_closure/C2/parts/plant_a_primary/C2-F-A-084__contract_only_rolling_mpc__cycles.parquet,33002,7210cff71acebdfff11dd53279b8916c0f9f6f3d904350a79c10ab02a43fab61
results_closure/C2/parts/plant_a_primary/C2-F-A-084__contract_only_rolling_mpc__summary.parquet,34343,ea2b16d86b871fb17fbe591640ab40d0dcf277d6cf888862c0eb6b19b0a782b0
results_closure/C2/parts/plant_a_primary/C2-F-A-084__dcsv_cr_mpc__cycles.parquet,32905,4e1c21db21ed2355a677b0549cded38b97ec87aa69bcaf295139b83a75311098
results_closure/C2/parts/plant_a_primary/C2-F-A-084__dcsv_cr_mpc__summary.parquet,34273,aece7cc0ae59a64523af2671045baa8081657e540a1d04c0c84877bd29ef8eab
results_closure/C2/parts/plant_a_primary/C2-F-A-085__contract_only_rolling_mpc__cycles.parquet,31844,b08a7f3b65772c845e031eaafbf22f59ff30ff2a01628b27ec378a2c258c8ddf
results_closure/C2/parts/plant_a_primary/C2-F-A-085__contract_only_rolling_mpc__summary.parquet,34580,cc64e3db3973018c3182083fa20736114f33ddea893619c2397bdd6b82a9fc58
results_closure/C2/parts/plant_a_primary/C2-F-A-085__dcsv_cr_mpc__cycles.parquet,32457,7abd13cc19382b6bf04cd9bccb92a3befb5c0a1812adf91adbaa6d9e450b7375
results_closure/C2/parts/plant_a_primary/C2-F-A-085__dcsv_cr_mpc__summary.parquet,34510,2197f846303d44afd40823467d94a288c04d18138340b7e624a31263e6a815b3
results_closure/C2/parts/plant_a_primary/C2-F-A-086__contract_only_rolling_mpc__cycles.parquet,32827,f48f5499774dddd6dcfb7b3e617425742efe1b0e4e8b03e58b734ccabe33296f
results_closure/C2/parts/plant_a_primary/C2-F-A-086__contract_only_rolling_mpc__summary.parquet,34384,944aff6b434cae18fc65f35c6ffa2558e62f7c9466a2f9135b518f066ce09066
results_closure/C2/parts/plant_a_primary/C2-F-A-086__dcsv_cr_mpc__cycles.parquet,32338,f033e53560ae2dc93b3d694df94decdad863fa4f0a7bc57563b07df08a14e0c2
results_closure/C2/parts/plant_a_primary/C2-F-A-086__dcsv_cr_mpc__summary.parquet,34314,a2f29a29d5559e31301f96f0f8812d4fd403caf91a3f8314626cc59b79b03abe
results_closure/C2/parts/plant_a_primary/C2-F-A-087__contract_only_rolling_mpc__cycles.parquet,32982,29b2c0172515d61d4c7ad1e4e5fedfb033fee1f22d452e82c1d24137be93a2ad
results_closure/C2/parts/plant_a_primary/C2-F-A-087__contract_only_rolling_mpc__summary.parquet,34394,a6a79049ecfca614eece4a5f0d0f5240980579ce55a5c26a5494218de55bd214
results_closure/C2/parts/plant_a_primary/C2-F-A-087__dcsv_cr_mpc__cycles.parquet,34489,0b8cc77957a323de8b573ee71ad362b454553f4e96221dc26936fd244463ea14
results_closure/C2/parts/plant_a_primary/C2-F-A-087__dcsv_cr_mpc__summary.parquet,34324,53b095949a053e35e218ce6735d3995298344c201679c96d2bf22dc3f0becb2b
results_closure/C2/parts/plant_a_primary/C2-F-A-088__contract_only_rolling_mpc__cycles.parquet,32793,f860672255a5f9795cad85baf96a437f55b8f9d4146120ee93113089b72f70b2
results_closure/C2/parts/plant_a_primary/C2-F-A-088__contract_only_rolling_mpc__summary.parquet,34348,455ba26410bd571a2194a8100c353b85354d4d3f59c9cb88096678ffc71c81d1
results_closure/C2/parts/plant_a_primary/C2-F-A-088__dcsv_cr_mpc__cycles.parquet,34442,c0d7274d2b462a3e196a91cd0f62ccd5c409a805b26bc72a61deccfd9f6eac57
results_closure/C2/parts/plant_a_primary/C2-F-A-088__dcsv_cr_mpc__summary.parquet,34278,00296b600fa3a182683dca89a3cb0ae27588782c4a89b0a8893893f3954b91d1
results_closure/C2/parts/plant_a_primary/C2-F-A-089__contract_only_rolling_mpc__cycles.parquet,32886,9e2aa73d7d179ccd7b4b88cee265577d24624a40106267f0fba8d12fad5954e5
results_closure/C2/parts/plant_a_primary/C2-F-A-089__contract_only_rolling_mpc__summary.parquet,34359,ffd5d2590314e25b9f708237f70dd6f2467341789d3fe3adc48192b2701fe075
results_closure/C2/parts/plant_a_primary/C2-F-A-089__dcsv_cr_mpc__cycles.parquet,32290,1941d347e7c79f2890e0c73970496caff507808adf94fe257ab29ebe002ee80c
results_closure/C2/parts/plant_a_primary/C2-F-A-089__dcsv_cr_mpc__summary.parquet,34289,7202e00a0e2e32c5de497851bf6845470d413616e41bd1de0b6ac46c005e591a
results_closure/C2/parts/plant_a_primary/C2-F-A-090__contract_only_rolling_mpc__cycles.parquet,25884,02a18a9f3d6c2435adcf507ad93d20db16ddb2fd898ecc5d1c63558e74bcbd68
results_closure/C2/parts/plant_a_primary/C2-F-A-090__contract_only_rolling_mpc__summary.parquet,34309,889c9ebac62eb38c07571624af58a008775bbeb6a060e5cac36f8461c60ac0b5
results_closure/C2/parts/plant_a_primary/C2-F-A-090__dcsv_cr_mpc__cycles.parquet,26247,ad1479c14dbb9786180f2aa8ee0f83ccb09e271a64e126823644cb3af20614f5
results_closure/C2/parts/plant_a_primary/C2-F-A-090__dcsv_cr_mpc__summary.parquet,34239,41c3cd77ffaa826874b095660852c0cdc4c8b6ab6deabc96cd7fc633aef67580
results_closure/C2/parts/plant_a_primary/C2-F-A-091__contract_only_rolling_mpc__cycles.parquet,25843,93491813bb7eb57b1777913fd6d7713cc496ea7e87514404b162395f4f661f67
results_closure/C2/parts/plant_a_primary/C2-F-A-091__contract_only_rolling_mpc__summary.parquet,34354,ece884bfa76b27dbb15acc58b8393b024f0ed6640f16dc79233a1a0657d68e33
results_closure/C2/parts/plant_a_primary/C2-F-A-091__dcsv_cr_mpc__cycles.parquet,25896,30567d4e3ca4da7d2e3ca9bead1f95fe4833a3d6be24e5feda831eb44af66319
results_closure/C2/parts/plant_a_primary/C2-F-A-091__dcsv_cr_mpc__summary.parquet,34284,efa54d28f8d529f09a053dcdaeac52302c9d07bef672e539881a3d1474a88237
results_closure/C2/parts/plant_a_primary/C2-F-A-092__contract_only_rolling_mpc__cycles.parquet,25422,af04305dad2787278f945bc738ed74d3ea2d099615529e427fbfc6d4ee459904
results_closure/C2/parts/plant_a_primary/C2-F-A-092__contract_only_rolling_mpc__summary.parquet,34503,d70bfe044d2ed8962a951924c94c0f5a6198fb9c19d4539b4f4daf8a0f4f6190
results_closure/C2/parts/plant_a_primary/C2-F-A-092__dcsv_cr_mpc__cycles.parquet,25380,8c7058595957bf25805d4d650b78a88ddee6e9b000a3dac5af0760824ddb07cd
results_closure/C2/parts/plant_a_primary/C2-F-A-092__dcsv_cr_mpc__summary.parquet,34433,c152b47c8ef65941ce34fd66d0ec5194f1691a37bc291cb6f8a42fe443be911d
results_closure/C2/parts/plant_a_primary/C2-F-A-093__contract_only_rolling_mpc__cycles.parquet,25848,b535033205c85b3ecb93e895f6a744936f3ae896dd88923d6fe184dd820db8de
results_closure/C2/parts/plant_a_primary/C2-F-A-093__contract_only_rolling_mpc__summary.parquet,34354,e6af0f7e431f33662b46fccadff259be64edb4540c419364c469582056e3d5c2
results_closure/C2/parts/plant_a_primary/C2-F-A-093__dcsv_cr_mpc__cycles.parquet,25565,e48c70cfc56d5e2146b836c61a8e0c4fae0198e619bf6f79f1dbfd06f39be552
results_closure/C2/parts/plant_a_primary/C2-F-A-093__dcsv_cr_mpc__summary.parquet,34284,af7902b5a238c2d55e1ef4f116d013c637b9fd15a78f9afa67b96631e0538cf7
results_closure/C2/parts/plant_a_primary/C2-F-A-094__contract_only_rolling_mpc__cycles.parquet,25471,4f3b9210151004df3212d67b47d9e7b40162cfa546be39046c482d32b08048bf
results_closure/C2/parts/plant_a_primary/C2-F-A-094__contract_only_rolling_mpc__summary.parquet,34513,d2107b14ef26e516df6e9c9ca42a7a8d8a9b8f649ff6fb0d257e8a28101f28fa
results_closure/C2/parts/plant_a_primary/C2-F-A-094__dcsv_cr_mpc__cycles.parquet,25682,e97fde7d8342bbf05c0e443b357cdf568af1196d4c1ea3119700db2fd9f2a00e
results_closure/C2/parts/plant_a_primary/C2-F-A-094__dcsv_cr_mpc__summary.parquet,34443,8092ee9701bd851f1d72edee5af20c7a49796a1a4016c6f2d30d915b84ba6ffd
results_closure/C2/parts/plant_a_primary/C2-F-A-095__contract_only_rolling_mpc__cycles.parquet,26012,9838594032e4b9e11f83878f77d0ad8f531e5c0f1553b604e130fa3719e22484
results_closure/C2/parts/plant_a_primary/C2-F-A-095__contract_only_rolling_mpc__summary.parquet,34430,17f5312425facfb1284e31af617914528a5f66527292faa88ac7420d52e0b1cf
results_closure/C2/parts/plant_a_primary/C2-F-A-095__dcsv_cr_mpc__cycles.parquet,25594,03aceca62123fca9f8d673801a7f4c4acdd77da52329333df1f0aecc1e35641d
results_closure/C2/parts/plant_a_primary/C2-F-A-095__dcsv_cr_mpc__summary.parquet,34360,5b127b7a500eebbbf6b8d3848d092966284db14517e8a08aeee039ebb9951d0e
results_closure/C2/parts/plant_a_primary/C2-F-A-096__contract_only_rolling_mpc__cycles.parquet,25497,39926175064a4011614277401e07b6002034c676a85088b578faed71864863c3
results_closure/C2/parts/plant_a_primary/C2-F-A-096__contract_only_rolling_mpc__summary.parquet,34503,c634bb30aa02830780a9e910e9c5614d1c436636e703d74c0b2e85584f31daf3
results_closure/C2/parts/plant_a_primary/C2-F-A-096__dcsv_cr_mpc__cycles.parquet,25603,5ce078a857fe94d01905f29a4a6ff2cba11f5d0a7600733e548032cea73f7696
results_closure/C2/parts/plant_a_primary/C2-F-A-096__dcsv_cr_mpc__summary.parquet,34433,fefafd2b9831f4f1132e0de5078d6c2fc5f3c826a257da0b650176397b4a789a
results_closure/C2/parts/plant_a_primary/C2-F-A-097__contract_only_rolling_mpc__cycles.parquet,25818,ffeee9b750639918f758134894ab6392739fbb92a53bdf1baf72b91683d06678
results_closure/C2/parts/plant_a_primary/C2-F-A-097__contract_only_rolling_mpc__summary.parquet,34469,28c37d083db2921c4799a27f1b29a3d9e4e40a221fc4eed0c502121f71512508
results_closure/C2/parts/plant_a_primary/C2-F-A-097__dcsv_cr_mpc__cycles.parquet,25949,8f9f84d0a1b4194f2dbc766dd4fa670c2d30895024ceaa0ba91af386414ac80f
results_closure/C2/parts/plant_a_primary/C2-F-A-097__dcsv_cr_mpc__summary.parquet,34399,ddc070ba3050fed7cd10da6c7f5ee47a5e92c9e8085c7816828ddc7eaf5a9a33
results_closure/C2/parts/plant_a_primary/C2-F-A-098__contract_only_rolling_mpc__cycles.parquet,25850,da4dd602657e58bf4292b173ac5a46c6fd536c65c5750d70925e2c4eb62b7e4f
results_closure/C2/parts/plant_a_primary/C2-F-A-098__contract_only_rolling_mpc__summary.parquet,34354,ae463b63d0227e0fbedb718360e187e14eb765d09bda521b4ac1f1133b030719
results_closure/C2/parts/plant_a_primary/C2-F-A-098__dcsv_cr_mpc__cycles.parquet,26487,f03f5a4759ef6d3f5b65324a3bf16e5e5fbdfff972f454170308da947f0e0398
results_closure/C2/parts/plant_a_primary/C2-F-A-098__dcsv_cr_mpc__summary.parquet,34284,0aa686a720551a81720c111a0f059ac4cc51d824d2c8ce428d84ac56e4731edd
results_closure/C2/parts/plant_a_primary/C2-F-A-099__contract_only_rolling_mpc__cycles.parquet,25921,2dc7ca9dbe922d5eaaa86bb750eaac501005dd0d9e60b785174f5caa4f5b171a
results_closure/C2/parts/plant_a_primary/C2-F-A-099__contract_only_rolling_mpc__summary.parquet,34343,b566c5973151f9a1879912b90fa18bd65958d3bccf113ce5aef07fc242a0a95c
results_closure/C2/parts/plant_a_primary/C2-F-A-099__dcsv_cr_mpc__cycles.parquet,26424,1eb7ebf03cab87afd2a27c5d370f599f7963c32c31a0d3df21a2b912e2ca306f
results_closure/C2/parts/plant_a_primary/C2-F-A-099__dcsv_cr_mpc__summary.parquet,34273,c535d6a731e79ef80acdf2212568dfa45c322fe01f833ed72a36f41d5752171f
results_closure/C2/parts/plant_a_primary/C2-F-A-100__contract_only_rolling_mpc__cycles.parquet,32909,8cb52eac05dfa94a52566214a5b1a8e228f9bc12f32215c54570c7ed0140930e
results_closure/C2/parts/plant_a_primary/C2-F-A-100__contract_only_rolling_mpc__summary.parquet,34310,7fa1786b414fd6510816fc24bf803875507a5f1ceaf39327ad3831d390722aaf
results_closure/C2/parts/plant_a_primary/C2-F-A-100__dcsv_cr_mpc__cycles.parquet,32700,a28f4b350003228a70e86d2044cbcc3363c4b490bb3cac8a2333e19ddbcdf748
results_closure/C2/parts/plant_a_primary/C2-F-A-100__dcsv_cr_mpc__summary.parquet,34240,e3714d4e09fab53ca9565cb5b49f680092953a47b78f00a783489e7f9475b9ef
results_closure/C2/parts/plant_a_primary/C2-F-A-101__contract_only_rolling_mpc__cycles.parquet,32040,88dab2e34479b6a16db68af1fc17df8ec47661b20accb54e05a8268d7ab186b8
results_closure/C2/parts/plant_a_primary/C2-F-A-101__contract_only_rolling_mpc__summary.parquet,34310,654f2912ece4c34e81afadc23886b26140338e4d011cfdbd0558fd16adfc960b
results_closure/C2/parts/plant_a_primary/C2-F-A-101__dcsv_cr_mpc__cycles.parquet,31825,1d2e5ff59bc7f51e996fac462b77ed54492c0ca8cc93cda0f2e5659323a2b4a1
results_closure/C2/parts/plant_a_primary/C2-F-A-101__dcsv_cr_mpc__summary.parquet,34240,11ccca89fa3aa7ad036601b86be562ba6a3be671fd7e4fad2347655f0ee325af
results_closure/C2/parts/plant_a_primary/C2-F-A-102__contract_only_rolling_mpc__cycles.parquet,32983,d9179a01db87c52b7ff1dba737bb39003315719904b85776f4d717b381cef4cc
results_closure/C2/parts/plant_a_primary/C2-F-A-102__contract_only_rolling_mpc__summary.parquet,34440,0c4fa6e4c64fe4034b8fcc5ff12c89dba01294460379745de7761e28823113f1
results_closure/C2/parts/plant_a_primary/C2-F-A-102__dcsv_cr_mpc__cycles.parquet,34318,ec4510a89edd64b1d27926a72a6362b281387ce9b6b8e286b093c2b93ce5189c
results_closure/C2/parts/plant_a_primary/C2-F-A-102__dcsv_cr_mpc__summary.parquet,34370,021bd98454a00118d637bc4cf4b337787b9476eb4814bbbbec2ede29d5e2d59b
results_closure/C2/parts/plant_a_primary/C2-F-A-103__contract_only_rolling_mpc__cycles.parquet,32274,354999856086c7c82422619c9996429a277aa40cdaa8a5f3f4fd5ca9ac686de4
results_closure/C2/parts/plant_a_primary/C2-F-A-103__contract_only_rolling_mpc__summary.parquet,34384,94f0ff5dc7e618b181166f76e980dad391423b1f8206d4e81e896265464db2b0
results_closure/C2/parts/plant_a_primary/C2-F-A-103__dcsv_cr_mpc__cycles.parquet,31942,8959d9a60827d0344cb3151726b0b6d36f9df35f10b84ef1fb04813503af89b9
results_closure/C2/parts/plant_a_primary/C2-F-A-103__dcsv_cr_mpc__summary.parquet,34314,e47543d584dcbfd02faddc79d72830326c4f28c8eb4e86639c50da8c7938590d
results_closure/C2/parts/plant_a_primary/C2-F-A-104__contract_only_rolling_mpc__cycles.parquet,32798,ccd6b0dcb8db1293f3c8fffc8f7a6d473a846f5ea54078fda14d2b8c21eb478c
results_closure/C2/parts/plant_a_primary/C2-F-A-104__contract_only_rolling_mpc__summary.parquet,34344,4f797e4a06c883156858dfc744909270444b90eda5dee6c2c3d3b66e120ac458
results_closure/C2/parts/plant_a_primary/C2-F-A-104__dcsv_cr_mpc__cycles.parquet,34339,86e159fe0e1e34d533eadfbeff6257a7018630590a582b01e14e820c6181a30d
results_closure/C2/parts/plant_a_primary/C2-F-A-104__dcsv_cr_mpc__summary.parquet,34274,f1f107080137fc1c31c6ce2b7eada88720da50af42d2d186b12928c341e7c7be
results_closure/C2/parts/plant_a_primary/C2-F-A-105__contract_only_rolling_mpc__cycles.parquet,32892,955f6a8a0600d96a7d6b6b448610c4ab0122481d2a73be51250f5d04dd971111
results_closure/C2/parts/plant_a_primary/C2-F-A-105__contract_only_rolling_mpc__summary.parquet,34461,7a87c902046073dba26076d08b2ed4f0d26e2ba982152d2f1196c3c029c8e1a4
results_closure/C2/parts/plant_a_primary/C2-F-A-105__dcsv_cr_mpc__cycles.parquet,32786,c5f651bfb14a44008523fda42212192074eeadb257b33afd9697860acbabeb3b
results_closure/C2/parts/plant_a_primary/C2-F-A-105__dcsv_cr_mpc__summary.parquet,34391,53066c764d059d0259df4ae9fcaf4a5045c4cd80446c127799b42db9c6593e7c
results_closure/C2/parts/plant_a_primary/C2-F-A-106__contract_only_rolling_mpc__cycles.parquet,31845,e9cc55a56c3aa4aa0fdaae211d22970f15e64be3c5beb9d9d4f988b7c8419312
results_closure/C2/parts/plant_a_primary/C2-F-A-106__contract_only_rolling_mpc__summary.parquet,34539,366189fdc0a24c4d51350b4b97b30dfaa4d478b50687f8f949c4cbf4f5526814
results_closure/C2/parts/plant_a_primary/C2-F-A-106__dcsv_cr_mpc__cycles.parquet,32157,4b68bd46b67add37b7a99420abfce48ab62754541fb4244e4e2656ef9bedb428
results_closure/C2/parts/plant_a_primary/C2-F-A-106__dcsv_cr_mpc__summary.parquet,34469,bafcb0fa119528c7850fedf20a176aa44d2437573622a309340704ebd6abc7f1
results_closure/C2/parts/plant_a_primary/C2-F-A-107__contract_only_rolling_mpc__cycles.parquet,32735,48087677782d33b3f494f212665bc78ec136aaf79ebbfeab28c2ad27f99ef246
results_closure/C2/parts/plant_a_primary/C2-F-A-107__contract_only_rolling_mpc__summary.parquet,34365,839fcb61df6f7b66db9d2b433c09c6f28180e43ac0e423bc2cb5da50a81f34d3
results_closure/C2/parts/plant_a_primary/C2-F-A-107__dcsv_cr_mpc__cycles.parquet,32370,4d72278eed24588a329de3a3a5646d9eed2f6023fde02a3fc328d04c925a4fb0
results_closure/C2/parts/plant_a_primary/C2-F-A-107__dcsv_cr_mpc__summary.parquet,34295,e3a44779c85b3cc4cb6629421dba863a6269b6cc7ef5e17847197afb04f7e687
results_closure/C2/parts/plant_a_primary/C2-F-A-108__contract_only_rolling_mpc__cycles.parquet,32538,792d05ad215ed7c7d5a2632e0c0565d75bf5446892e0c50943741111cbcb8c5e
results_closure/C2/parts/plant_a_primary/C2-F-A-108__contract_only_rolling_mpc__summary.parquet,34334,ec99111d634a860ab22c6c221375cedde2196d30ee80a7f6d08b10949e84e162
results_closure/C2/parts/plant_a_primary/C2-F-A-108__dcsv_cr_mpc__cycles.parquet,31900,830357b7f33093e0a814532cee715d2079a8e2304fb085da3a2f3c43184285dc
results_closure/C2/parts/plant_a_primary/C2-F-A-108__dcsv_cr_mpc__summary.parquet,34264,a5c885ba09676f6b0da8e1cfd20b5c278fe8ea767340ae000485ea5086608a9a
results_closure/C2/parts/plant_a_primary/C2-F-A-109__contract_only_rolling_mpc__cycles.parquet,31463,e7aedae537605d496524791bf52e0c30793cb7fd200d8413a313dcf3ce7135dd
results_closure/C2/parts/plant_a_primary/C2-F-A-109__contract_only_rolling_mpc__summary.parquet,34520,319dc33ad7063f8ce5988aad0b79fd72c4822d9d113d6c8397f166a26007118f
results_closure/C2/parts/plant_a_primary/C2-F-A-109__dcsv_cr_mpc__cycles.parquet,31816,c907425d75c436224c0051682621d1113d727e7b8cff99cf3f0089c4f9f4e6ad
results_closure/C2/parts/plant_a_primary/C2-F-A-109__dcsv_cr_mpc__summary.parquet,34450,4c7f86c7ca30e3094ee9a7c4d512b2651e0b3c1dcf8a77231b2f5db50d57dd71
results_closure/C2/parts/plant_a_primary/C2-F-A-110__contract_only_rolling_mpc__cycles.parquet,25862,116f26d10cce5ee674f5943946fc6ce673487550ecaa0ab3a0274a4cc158442c
results_closure/C2/parts/plant_a_primary/C2-F-A-110__contract_only_rolling_mpc__summary.parquet,34354,9f500a0c34f8b369e8d887d7e6c82005e9347b849193ee187b0b94fbd099e68d
results_closure/C2/parts/plant_a_primary/C2-F-A-110__dcsv_cr_mpc__cycles.parquet,26520,85afb64aa052bed8354d740ed41478441efeef6f42abdd23823e1d15fb0ecace
results_closure/C2/parts/plant_a_primary/C2-F-A-110__dcsv_cr_mpc__summary.parquet,34284,bf01b50a4278048fd62b0c7e92ca61e766412612926915f59c95cd413b699fdb
results_closure/C2/parts/plant_a_primary/C2-F-A-111__contract_only_rolling_mpc__cycles.parquet,25832,e7d9d8f1270452da9c0a25586aeb1d6de2445728bd0d960cf9fec812d60b5c58
results_closure/C2/parts/plant_a_primary/C2-F-A-111__contract_only_rolling_mpc__summary.parquet,34395,179f593bf777ddfa9e1c52c3926b416e5cb2f7d542f48284656d16f97f23e458
results_closure/C2/parts/plant_a_primary/C2-F-A-111__dcsv_cr_mpc__cycles.parquet,25731,cac52d35dbc3c7858bc96007832376317e1cdded2872b2760cc72f1279d347c7
results_closure/C2/parts/plant_a_primary/C2-F-A-111__dcsv_cr_mpc__summary.parquet,34325,cf55530d56a11677be423a3a26d3ba43e5bfccfc008ec5d35c319ae0879de048
results_closure/C2/parts/plant_a_primary/C2-F-A-112__contract_only_rolling_mpc__cycles.parquet,26011,80722c7d99691c855ee5db4cb5f151f1abf12ae6d9f275c5662460cf3e303ff7
results_closure/C2/parts/plant_a_primary/C2-F-A-112__contract_only_rolling_mpc__summary.parquet,34441,9de7c5dd8bc7d9da8999bb5394098530f1e8fddc4286b2255ca4e65e1a74a529
results_closure/C2/parts/plant_a_primary/C2-F-A-112__dcsv_cr_mpc__cycles.parquet,25400,4c971f509ea8dbbf6cac393a563df2a195dc5fff5544079bcbaeb22520e13850
results_closure/C2/parts/plant_a_primary/C2-F-A-112__dcsv_cr_mpc__summary.parquet,34371,7f3d64059c6b62bccb278c043fed2c68a62023d8ac16903856181c65276ffaca
results_closure/C2/parts/plant_a_primary/C2-F-A-113__contract_only_rolling_mpc__cycles.parquet,25763,5503d845f73b85c134e2f57fc626d3f440b6f2323c3d904f27172c8d2f185880
results_closure/C2/parts/plant_a_primary/C2-F-A-113__contract_only_rolling_mpc__summary.parquet,34344,9a9a42e846296ee3997fc93f91fcc08e63c877c685e933684e787b0f8038dffc
results_closure/C2/parts/plant_a_primary/C2-F-A-113__dcsv_cr_mpc__cycles.parquet,26123,4f9bf0fdff38d337f9b1a9225c010180892ae631e118b3248d9983ed90be209d
results_closure/C2/parts/plant_a_primary/C2-F-A-113__dcsv_cr_mpc__summary.parquet,34274,35e5d29f7c5de9f412d6eae29bff819bacba72f2ce4988fdede1053b7f68f112
results_closure/C2/parts/plant_a_primary/C2-F-A-114__contract_only_rolling_mpc__cycles.parquet,25763,48433426f89c2512b41337460ac1fe3fc46a01d518865e1740c4b8df582ab72e
results_closure/C2/parts/plant_a_primary/C2-F-A-114__contract_only_rolling_mpc__summary.parquet,34315,896fae5089aade95bcb248ff151cc8118eb2695f4bcd81ae24a8cdac87e13e00
results_closure/C2/parts/plant_a_primary/C2-F-A-114__dcsv_cr_mpc__cycles.parquet,26103,0637c6d3a10e20ef56964856c3111c5739d283d59ca1cf0fe8ccae2c3d7d5059
results_closure/C2/parts/plant_a_primary/C2-F-A-114__dcsv_cr_mpc__summary.parquet,34245,0fc6b3d73959839bcd2c89add9628a237a6110832bfddcd041ef058f9fae03e0
results_closure/C2/parts/plant_a_primary/C2-F-A-115__contract_only_rolling_mpc__cycles.parquet,25697,dcacc5b171b7749ade37a4476d2ecda32a812d54f001be898d2c8807efbf6dad
results_closure/C2/parts/plant_a_primary/C2-F-A-115__contract_only_rolling_mpc__summary.parquet,34354,6b1236ed1ca7b12c7991b4d9660e15f140ab91ea10ee4bf671d7dd04a3b70666
results_closure/C2/parts/plant_a_primary/C2-F-A-115__dcsv_cr_mpc__cycles.parquet,26464,1310b2ccc01cef6ae1f6a9640668bd84f63ac2b7e2428c3da27c11232e82f45e
results_closure/C2/parts/plant_a_primary/C2-F-A-115__dcsv_cr_mpc__summary.parquet,34284,66c165f23fa2c1725db52f79728319212aa6baa013031aa2f188dbe313ae7b89
results_closure/C2/parts/plant_a_primary/C2-F-A-116__contract_only_rolling_mpc__cycles.parquet,25467,6a6064ee4973468b9246c51e1351c18b37b2a685b2e8d8a4dad0438a423200db
results_closure/C2/parts/plant_a_primary/C2-F-A-116__contract_only_rolling_mpc__summary.parquet,34580,73265ca28daa1f7102d94f3876545a402e2f28958c8d5af103570a881c402863
results_closure/C2/parts/plant_a_primary/C2-F-A-116__dcsv_cr_mpc__cycles.parquet,25730,07861efddad47b206d5db4a41ee415d950687d3014d5f9e417d770b8de616583
results_closure/C2/parts/plant_a_primary/C2-F-A-116__dcsv_cr_mpc__summary.parquet,34510,d927a8f932539c9076a24b5829344ace2f9b8a5339ffe3905aa23cbd54a81dcb
results_closure/C2/parts/plant_a_primary/C2-F-A-117__contract_only_rolling_mpc__cycles.parquet,25615,7a5aa6a56555f46d90bcbb659d85c22efea052c4b2a307a9ad7484d9732e1fef
results_closure/C2/parts/plant_a_primary/C2-F-A-117__contract_only_rolling_mpc__summary.parquet,34509,534decb2da004fddd9d5f374edbb7b2ea1c65372e8ed2822066a8277831917ec
results_closure/C2/parts/plant_a_primary/C2-F-A-117__dcsv_cr_mpc__cycles.parquet,25833,db703b2c1cc673e60eae53cd2317fd350a932b9ee6136ff66ff8e4aba8381069
results_closure/C2/parts/plant_a_primary/C2-F-A-117__dcsv_cr_mpc__summary.parquet,34439,8d76c551b88957ce157a0845244d5eee51117157834aca1448a93beee5f5a341
results_closure/C2/parts/plant_a_primary/C2-F-A-118__contract_only_rolling_mpc__cycles.parquet,25123,e066cf7bbaf62f56ae5e0c91a5ac6811efbf20082473a542a1dd2c2e0ceedb44
results_closure/C2/parts/plant_a_primary/C2-F-A-118__contract_only_rolling_mpc__summary.parquet,34510,672daeb053fc5c5b79db9fb08e5dbf7721deee20cfe9f3a238258d0fafc270fb
results_closure/C2/parts/plant_a_primary/C2-F-A-118__dcsv_cr_mpc__cycles.parquet,25326,7a05ce8de714cc0087129eaf601331344351c35fbe211e2a2c9b28492d456234
results_closure/C2/parts/plant_a_primary/C2-F-A-118__dcsv_cr_mpc__summary.parquet,34440,f6d9bfe367c10d3712e66de0d6ba17d7e9faa07559613aa4944a7a43c90adfdb
results_closure/C2/parts/plant_a_primary/C2-F-A-119__contract_only_rolling_mpc__cycles.parquet,25887,dbdecc050e1318968251bff465546ef3f400e4ec1afab806fac13301c5da045d
results_closure/C2/parts/plant_a_primary/C2-F-A-119__contract_only_rolling_mpc__summary.parquet,34390,160beaef7a61598d6c8b2ec210e4d75ba8a83895e635502aaecc2a18f9094ad0
results_closure/C2/parts/plant_a_primary/C2-F-A-119__dcsv_cr_mpc__cycles.parquet,25934,44ebba731988743c4b1176a1631db9d287bbc9112fcc03da5e1897e9c9151109
results_closure/C2/parts/plant_a_primary/C2-F-A-119__dcsv_cr_mpc__summary.parquet,34320,5e81805b871283f067e3d37c63b4e80344a75e5853c2611f2c791a1b60a65e51
results_closure/C2/parts/plant_a_supplemental/C2-F-A-000__fixed_allocation_anti_windup_pi__cycles.parquet,27286,0c098c87154ba04138bf26c8b4f51a16857c8852e6cc43619a6e4c9f5a491914
results_closure/C2/parts/plant_a_supplemental/C2-F-A-000__fixed_allocation_anti_windup_pi__summary.parquet,34490,5472039b8dd26d49ef1e3d9510876c560ae5c291877242430ae686ee15570ff1
results_closure/C2/parts/plant_a_supplemental/C2-F-A-000__model_adaptive_mpc__cycles.parquet,32867,c776a9f74687e7c85f2522bf69a89504f58f87a5ba5d359f75caba0986f7941e
results_closure/C2/parts/plant_a_supplemental/C2-F-A-000__model_adaptive_mpc__summary.parquet,34425,888f249de5e6dfa9d6c91f0244ff4e7dc5340a19ba3f9774f3a3fa44b3da6ae1
results_closure/C2/parts/plant_a_supplemental/C2-F-A-000__nominal_offset_free_mpc__cycles.parquet,32656,3b1ef8870674f87d7f5a0c78791da49172dd2a579abfcb3c4efef82cb30750e2
results_closure/C2/parts/plant_a_supplemental/C2-F-A-000__nominal_offset_free_mpc__summary.parquet,34450,10ac489a718efe13fedf5b15d9d738f3241e6de0e6f88caf3af3bc763ea18186
results_closure/C2/parts/plant_a_supplemental/C2-F-A-000__sg_only_anti_windup_pi__cycles.parquet,26435,a374e4267704e0a5e527cda94860eb7aece5d6c513443c51f5face6c8ec4361e
results_closure/C2/parts/plant_a_supplemental/C2-F-A-000__sg_only_anti_windup_pi__summary.parquet,34445,4f94fda8d7b82ac4817497eb72457cf478286188f3905179bf5d765faf5ce42b
results_closure/C2/parts/plant_a_supplemental/C2-F-A-000__true_capability_oracle_mpc__cycles.parquet,32808,f1222835f24abd9f07639b11499f6a475dc530af931407156a47f610f3c91086
results_closure/C2/parts/plant_a_supplemental/C2-F-A-000__true_capability_oracle_mpc__summary.parquet,34465,4c2b3f32f486216fce1130de2cf9b1fa2a50d2ea3ca5af0490d221f29aeed48d
results_closure/C2/parts/plant_a_supplemental/C2-F-A-001__fixed_allocation_anti_windup_pi__cycles.parquet,24329,84dbd049a321277202a35bb5311713455e3231cbd10284d152da867c9c31fbdb
results_closure/C2/parts/plant_a_supplemental/C2-F-A-001__fixed_allocation_anti_windup_pi__summary.parquet,34544,32ebff9c6a185de622f1d00ef534b4fe0f6e7eafaa293af9c93fd999e49fbb42
results_closure/C2/parts/plant_a_supplemental/C2-F-A-001__model_adaptive_mpc__cycles.parquet,31860,3820e3951fb4f3dc66d0c350d7561ed7e221e1f8016294ce679648bcacfaad2b
results_closure/C2/parts/plant_a_supplemental/C2-F-A-001__model_adaptive_mpc__summary.parquet,34479,25635c1e3363a04dcba5caa8172a3b6c0fdbbbdaadfee543d082f9f455134043
results_closure/C2/parts/plant_a_supplemental/C2-F-A-001__nominal_offset_free_mpc__cycles.parquet,31948,c3b5438dc5d99c89399f0ae21ad3c4bd2740dd636c9483627b93f5b886248c61
results_closure/C2/parts/plant_a_supplemental/C2-F-A-001__nominal_offset_free_mpc__summary.parquet,34504,0130cc0fe5ad79f6d09b094dd8fe2f604e0f00960756b8189ae5471d5ead60a9
results_closure/C2/parts/plant_a_supplemental/C2-F-A-001__sg_only_anti_windup_pi__cycles.parquet,23808,8d793acedf26c98bae5774449a5d5c3b78b427d69df15429f0eeb0a525e02b7b
results_closure/C2/parts/plant_a_supplemental/C2-F-A-001__sg_only_anti_windup_pi__summary.parquet,34499,6446f54b156e42532a8f48ee0ab8b714e1e347491b944136f4d51f3a11983883
results_closure/C2/parts/plant_a_supplemental/C2-F-A-001__true_capability_oracle_mpc__cycles.parquet,31959,4cff792d089c70052590ad723bf9847aade63dd000578e34ca9dc7ab7c9b717c
results_closure/C2/parts/plant_a_supplemental/C2-F-A-001__true_capability_oracle_mpc__summary.parquet,34519,041d4e50cc2c66d1885ab40b3ebeb101d6b75aa9a992eb28b94f45206eadc1ce
results_closure/C2/parts/plant_a_supplemental/C2-F-A-010__fixed_allocation_anti_windup_pi__cycles.parquet,22634,7f148ab046e92f0a5c4632d563577eedd49591e8ac81401027a63275fb716ad5
results_closure/C2/parts/plant_a_supplemental/C2-F-A-010__fixed_allocation_anti_windup_pi__summary.parquet,34394,560cbf30591547adea7f079595347a7cd4ab6d34700fb9d5c16ad0269d145fd2
results_closure/C2/parts/plant_a_supplemental/C2-F-A-010__model_adaptive_mpc__cycles.parquet,25920,ad6f625a1f5a9da03ba6e18264a9220ffd5644a50e576f038220f2ed28d94258
results_closure/C2/parts/plant_a_supplemental/C2-F-A-010__model_adaptive_mpc__summary.parquet,34329,043d759d33b0f385c7569c79cf56d1ee0c5ff76e3a1bb96f8e605b9886a196f3
results_closure/C2/parts/plant_a_supplemental/C2-F-A-010__nominal_offset_free_mpc__cycles.parquet,25870,eb6f1050880011348a34d5befa1a708fca897ceeba292b47755bcdec3c430694
results_closure/C2/parts/plant_a_supplemental/C2-F-A-010__nominal_offset_free_mpc__summary.parquet,34354,7d31a82d4aa6741ad93f0c5dce04798646bbe35f216fe9991aefe57db1f85a0b
results_closure/C2/parts/plant_a_supplemental/C2-F-A-010__sg_only_anti_windup_pi__cycles.parquet,22121,477934fdf20100b71e3cb27a30ce67e428501d0820e40d97b4412a7064f84b6a
results_closure/C2/parts/plant_a_supplemental/C2-F-A-010__sg_only_anti_windup_pi__summary.parquet,34349,a3728ba726952d920bdc7fc92a5b6d0a863887f5873e2bb3461c269d4c971e4d
results_closure/C2/parts/plant_a_supplemental/C2-F-A-010__true_capability_oracle_mpc__cycles.parquet,25978,2db16d82373f571e7e6d52604f6bfc5d5fb33c9d36b7695d800184c7e457f599
results_closure/C2/parts/plant_a_supplemental/C2-F-A-010__true_capability_oracle_mpc__summary.parquet,34369,cf619183b4ef200bc9bd4fdf86e1571cce54d4721c726f2d47da7e4746968926
results_closure/C2/parts/plant_a_supplemental/C2-F-A-011__fixed_allocation_anti_windup_pi__cycles.parquet,21800,f67ab7f37c96687af939f11230b1ae7d1a6dd7c80e2b923d3191564f0101e879
results_closure/C2/parts/plant_a_supplemental/C2-F-A-011__fixed_allocation_anti_windup_pi__summary.parquet,34328,e8dae695158c51f12995f35bbb766026c054d5e3e0ff55b60ced014698d97ab5
results_closure/C2/parts/plant_a_supplemental/C2-F-A-011__model_adaptive_mpc__cycles.parquet,25781,641a0b7257a6dfce424cc27067794d9fd25732fbe47ce9a83a68d450b0473a6f
results_closure/C2/parts/plant_a_supplemental/C2-F-A-011__model_adaptive_mpc__summary.parquet,34263,05fc01115647c1436c804898a0b388e6e647ff981d66412abf60ec836c1acd57
results_closure/C2/parts/plant_a_supplemental/C2-F-A-011__nominal_offset_free_mpc__cycles.parquet,25825,a49442f843c56fa0be612fc802c69b2b59c2032d1817cd8310b205eaaa31ec07
results_closure/C2/parts/plant_a_supplemental/C2-F-A-011__nominal_offset_free_mpc__summary.parquet,34288,86f71b19b173eee2a86a114d0d7a574f64e86e27f23e863481635d055213c7d4
results_closure/C2/parts/plant_a_supplemental/C2-F-A-011__sg_only_anti_windup_pi__cycles.parquet,21427,25523b6cf12ff61e922b7ae6bfd7bac011f556f50c53adfc15a6a2e54a3de29f
results_closure/C2/parts/plant_a_supplemental/C2-F-A-011__sg_only_anti_windup_pi__summary.parquet,34283,4220f6f5071f4c817612f9dbb9247298a256004399647b3d1dac137d524e68c1
results_closure/C2/parts/plant_a_supplemental/C2-F-A-011__true_capability_oracle_mpc__cycles.parquet,25830,cd88c32d68b6193640c01e01fec7431980f473f6ba091309044717058191d55d
results_closure/C2/parts/plant_a_supplemental/C2-F-A-011__true_capability_oracle_mpc__summary.parquet,34303,7943405a3c346eb946f1e25def78ee52cf7737aa3b3c75a49fbb699c51b27e10
results_closure/C2/parts/plant_a_supplemental/C2-F-A-020__fixed_allocation_anti_windup_pi__cycles.parquet,25461,50ea59bc76600b81e9e7bad42465d3682497e74d3f9ed9cc238440a40b8bfc2c
results_closure/C2/parts/plant_a_supplemental/C2-F-A-020__fixed_allocation_anti_windup_pi__summary.parquet,34441,5ebed0fb2b94f1f96d4c8a325b8622d838402c922404566b2a75d92545dbf202
results_closure/C2/parts/plant_a_supplemental/C2-F-A-020__model_adaptive_mpc__cycles.parquet,32886,29217f8b3dfab5f7ab9fe3d09a4b0eabff8817b1b120e46e8c9f6cedf69d13a8
results_closure/C2/parts/plant_a_supplemental/C2-F-A-020__model_adaptive_mpc__summary.parquet,34376,56c80d7d8d8ebba4aeec4f04e79701630e9362489851fe8f24f630e59e1b208b
results_closure/C2/parts/plant_a_supplemental/C2-F-A-020__nominal_offset_free_mpc__cycles.parquet,33043,5b52319e098426707536002571f50ca4acc9f1e504978cc06f4de3ec52c020df
results_closure/C2/parts/plant_a_supplemental/C2-F-A-020__nominal_offset_free_mpc__summary.parquet,34401,4a22d68e4ecebd1a980ed02c0a6aaa84fb0212af6e67218e5a89bdd82ed3bcc9
results_closure/C2/parts/plant_a_supplemental/C2-F-A-020__sg_only_anti_windup_pi__cycles.parquet,24669,504f54d4a9536edce6ba69847ef2ea18ec7d2d22e223f487124e366328f38aa6
results_closure/C2/parts/plant_a_supplemental/C2-F-A-020__sg_only_anti_windup_pi__summary.parquet,34396,a71e464dfe1c85d21b0561de75b8857e3a1c4c250493d21daa714deda498fe3b
results_closure/C2/parts/plant_a_supplemental/C2-F-A-020__true_capability_oracle_mpc__cycles.parquet,33075,3da86b6666f348909748f7424516e0885570f2ac3120fa3fe1a49f49ad85e9cb
results_closure/C2/parts/plant_a_supplemental/C2-F-A-020__true_capability_oracle_mpc__summary.parquet,34416,42f3c26d1885e6e78bd5670a34fb7dcf89a05c70085c3d4d51e5c3f3f1572825
results_closure/C2/parts/plant_a_supplemental/C2-F-A-021__fixed_allocation_anti_windup_pi__cycles.parquet,25359,5b6b7d44939a107a2af782d18d308e271b6a3c1008ddbdea73c5af8d64badda9
results_closure/C2/parts/plant_a_supplemental/C2-F-A-021__fixed_allocation_anti_windup_pi__summary.parquet,34626,ee5a5a9aa9c7df7dc5728b728763bb5f76114f74a3e620487aca2961974a00b3
results_closure/C2/parts/plant_a_supplemental/C2-F-A-021__model_adaptive_mpc__cycles.parquet,31901,309bd3d9611c138f503f566c2958a92c3afc09d1068c88f6f87438a7738b69f4
results_closure/C2/parts/plant_a_supplemental/C2-F-A-021__model_adaptive_mpc__summary.parquet,34561,44303a13fd84bd6498d366e645ee561af9058d4abea74ecc44efecc5ecc97c62
results_closure/C2/parts/plant_a_supplemental/C2-F-A-021__nominal_offset_free_mpc__cycles.parquet,31825,7e216ed2c2c3d095c05ab0ddadda67c49845d26ea894088722e5569aec06bd64
results_closure/C2/parts/plant_a_supplemental/C2-F-A-021__nominal_offset_free_mpc__summary.parquet,34586,133d8b7b8aed7d3f6f8351f2eafa6f24b8f995bdb7fafcdd0c22dad477aad416
results_closure/C2/parts/plant_a_supplemental/C2-F-A-021__sg_only_anti_windup_pi__cycles.parquet,24635,81f99052df6de69c71f5fa3d8a11d80cb5ce17ede7cf8bfcf301d53f139746dd
results_closure/C2/parts/plant_a_supplemental/C2-F-A-021__sg_only_anti_windup_pi__summary.parquet,34581,bdca8a186f5138339f4f720109bdc195b5ce5ebac0646ca9d71816f6ec648344
results_closure/C2/parts/plant_a_supplemental/C2-F-A-021__true_capability_oracle_mpc__cycles.parquet,31877,5ca1ab591b2f0e1fd34df4973a72fe651fc3fd214dee4ed157ea0920b00e02fb
results_closure/C2/parts/plant_a_supplemental/C2-F-A-021__true_capability_oracle_mpc__summary.parquet,34601,6b0fce8aa1b4d4332ef386f96002627013d193e9695b015e618336450a30fa26
results_closure/C2/parts/plant_a_supplemental/C2-F-A-030__fixed_allocation_anti_windup_pi__cycles.parquet,21799,f98775e353d96f024f97389ce4b981b403e6019e10693c0b866c963ae92bba57
results_closure/C2/parts/plant_a_supplemental/C2-F-A-030__fixed_allocation_anti_windup_pi__summary.parquet,34395,d4552d7bda4b9f74dc124a8c8df1454b59be6e3ff30963c4bb4b78192eb77732
results_closure/C2/parts/plant_a_supplemental/C2-F-A-030__model_adaptive_mpc__cycles.parquet,25772,712d5f0eefeca67c66909074a36ff65f03a085369336cc92d6d787853ffca00c
results_closure/C2/parts/plant_a_supplemental/C2-F-A-030__model_adaptive_mpc__summary.parquet,34330,568849dc3a0ed24b854c16be211fd83d4e9abb67c4ead8cce4fc914b074b2ac3
results_closure/C2/parts/plant_a_supplemental/C2-F-A-030__nominal_offset_free_mpc__cycles.parquet,25829,499582518f93afa9a1af32ba4e4daf1e1afd459dad650e297d4cab47d923bbe1
results_closure/C2/parts/plant_a_supplemental/C2-F-A-030__nominal_offset_free_mpc__summary.parquet,34355,20b3ba80208b93f5f248470a7ac6f86376b6f6c68ba20734014d37fa43b4b1a4
results_closure/C2/parts/plant_a_supplemental/C2-F-A-030__sg_only_anti_windup_pi__cycles.parquet,21426,de6cf68455e797fa0420bf7098ce86ed52782ed7473ec77b9f630e6fd2de12ff
results_closure/C2/parts/plant_a_supplemental/C2-F-A-030__sg_only_anti_windup_pi__summary.parquet,34350,65e8db6f2d9b9257c971c5e34473af8fc25c9d93393277e8eae437e3345a4088
results_closure/C2/parts/plant_a_supplemental/C2-F-A-030__true_capability_oracle_mpc__cycles.parquet,25840,d4898e11b5b5a70117aedf3d09bcd9f0548c56a8e39d39293caa564a3f1b3f38
results_closure/C2/parts/plant_a_supplemental/C2-F-A-030__true_capability_oracle_mpc__summary.parquet,34370,8a90660a0d123ca7b3dbb97c9af3e68ec99bb35259e31806c2844a8d4313334e
results_closure/C2/parts/plant_a_supplemental/C2-F-A-031__fixed_allocation_anti_windup_pi__cycles.parquet,22973,e63b4c45d36298e187a5454679bb34ac89fca869a18648aab5a85b553cb122ff
results_closure/C2/parts/plant_a_supplemental/C2-F-A-031__fixed_allocation_anti_windup_pi__summary.parquet,34544,a546d9bbbc0d3003a0690398589fe80a3272c3a33a92b540b66eca29918cabb4
results_closure/C2/parts/plant_a_supplemental/C2-F-A-031__model_adaptive_mpc__cycles.parquet,25254,0a43a5763da6f607c036a4bb2beb5ab841bed98ed6760f49ec1ba41bbf26077e
results_closure/C2/parts/plant_a_supplemental/C2-F-A-031__model_adaptive_mpc__summary.parquet,34479,923893601de80914fbb049bb166b95fefc725bc2c8922daafe4dfbf9fc5e8086
results_closure/C2/parts/plant_a_supplemental/C2-F-A-031__nominal_offset_free_mpc__cycles.parquet,25430,e2e93d098139f8d9f38ac747ba58ffa98e362d00a4fe019809596fe28e80936b
results_closure/C2/parts/plant_a_supplemental/C2-F-A-031__nominal_offset_free_mpc__summary.parquet,34504,c5b8df66c2e7579acc1649d851a75e0839e222f19b569202f40b7ab70a4f1375
results_closure/C2/parts/plant_a_supplemental/C2-F-A-031__sg_only_anti_windup_pi__cycles.parquet,22400,b307ffd318e1b16e5fa207185febb0e32dac22bc4f03db4296d86b65f9d09561
results_closure/C2/parts/plant_a_supplemental/C2-F-A-031__sg_only_anti_windup_pi__summary.parquet,34499,afff570d7dc70cfc1a0f00e7479573d27fc2fbd5792b5a73b1c59368ce53f60d
results_closure/C2/parts/plant_a_supplemental/C2-F-A-031__true_capability_oracle_mpc__cycles.parquet,25389,366b9af2a1a1d14d95a3b64fb060b6580738d10bc39f32506427937ac664b43c
results_closure/C2/parts/plant_a_supplemental/C2-F-A-031__true_capability_oracle_mpc__summary.parquet,34519,81fb98bfd66346483599e13e2f81d4ebafecc19e049d733760c28865bd07e6c7
results_closure/C2/parts/plant_a_supplemental/C2-F-A-040__fixed_allocation_anti_windup_pi__cycles.parquet,27033,598016cace66dd362b689b237b94498605b995326e8cd97eb59fcafb7e0ae03f
results_closure/C2/parts/plant_a_supplemental/C2-F-A-040__fixed_allocation_anti_windup_pi__summary.parquet,34384,3dab6e05a8f6e27a969839a09ad61451f77146a7ba8917547bc23282015f1b41
results_closure/C2/parts/plant_a_supplemental/C2-F-A-040__model_adaptive_mpc__cycles.parquet,32960,e4393ad2c974993ed361e520f0282bf4c914fd18b685c2627f1b304d0b2899a2
results_closure/C2/parts/plant_a_supplemental/C2-F-A-040__model_adaptive_mpc__summary.parquet,34319,5616bc90b71fe22e9fc7ea677d7ab42a113e5337406c0f9fd0102d2a6defa500
results_closure/C2/parts/plant_a_supplemental/C2-F-A-040__nominal_offset_free_mpc__cycles.parquet,33014,3430c0fd471a1d0e1dbec018a74434699c89ae364b0c0f0ff9341aac3cfb5251
results_closure/C2/parts/plant_a_supplemental/C2-F-A-040__nominal_offset_free_mpc__summary.parquet,34344,66f57045e48034b5bee7c6dfc331998329d05d453f220ea9ac0b4102b1f31797
results_closure/C2/parts/plant_a_supplemental/C2-F-A-040__sg_only_anti_windup_pi__cycles.parquet,26164,75d1e5f47110333ead88ef9494688431081138fb7c52158eca2411c419a13d5a
results_closure/C2/parts/plant_a_supplemental/C2-F-A-040__sg_only_anti_windup_pi__summary.parquet,34339,596169fb3e51bdf83a6c36e3280a67896105ef916221a1037c64467389040f72
results_closure/C2/parts/plant_a_supplemental/C2-F-A-040__true_capability_oracle_mpc__cycles.parquet,32903,4ddcc2e151fd63469f2d83126c93ffbe8fc07e2e3bd48a04c262fa21f368ca13
results_closure/C2/parts/plant_a_supplemental/C2-F-A-040__true_capability_oracle_mpc__summary.parquet,34359,5697af057051b69a5c5b2489890a3f429ea0c010c870f2f18f5dbc7c13f1447d
results_closure/C2/parts/plant_a_supplemental/C2-F-A-041__fixed_allocation_anti_windup_pi__cycles.parquet,25112,c35ea89e9dad501afbd6c4e09b4a35f69d2fa2a155daf9178ccb4dd2c9164762
results_closure/C2/parts/plant_a_supplemental/C2-F-A-041__fixed_allocation_anti_windup_pi__summary.parquet,34615,4ad2442366730dc4fb858edec0a5d2062aac2b7a45d8291fb1ee4124e094d138
results_closure/C2/parts/plant_a_supplemental/C2-F-A-041__model_adaptive_mpc__cycles.parquet,32021,dd1bd45b8b27a2f1244e15499b987da0beb4715729ae2a3be75d9689633a5df9
results_closure/C2/parts/plant_a_supplemental/C2-F-A-041__model_adaptive_mpc__summary.parquet,34550,b607aba62a97da08a0c95b2c458930494bae64dbc291af0e3a432303a342c3b6
results_closure/C2/parts/plant_a_supplemental/C2-F-A-041__nominal_offset_free_mpc__cycles.parquet,31986,b837174e2b0d2e8294944ce21b9201dca836b522e6e057140c81368237dab646
results_closure/C2/parts/plant_a_supplemental/C2-F-A-041__nominal_offset_free_mpc__summary.parquet,34575,79c068232689169cad818cc19852d8a312269bec031804caa8b32c51d28c358d
results_closure/C2/parts/plant_a_supplemental/C2-F-A-041__sg_only_anti_windup_pi__cycles.parquet,24381,c78e485c211bf712982ef8b19bfe1dc3ee5373a37cc20af14780beb68271decf
results_closure/C2/parts/plant_a_supplemental/C2-F-A-041__sg_only_anti_windup_pi__summary.parquet,34570,07d991fd9ab8aa55e83ece7895953adaaf3f2fc6bf4875a3cb654cae792c12ca
results_closure/C2/parts/plant_a_supplemental/C2-F-A-041__true_capability_oracle_mpc__cycles.parquet,31963,f8380d4305b64878d03eefe4350e18c22a6e02d25175695963034dcedb8ace3b
results_closure/C2/parts/plant_a_supplemental/C2-F-A-041__true_capability_oracle_mpc__summary.parquet,34590,d5b0d10940dd3d545ed9edccd4667abf8516ca8ec7fcbb01fa1a68f2fb10d66d
results_closure/C2/parts/plant_a_supplemental/C2-F-A-050__fixed_allocation_anti_windup_pi__cycles.parquet,22544,2989549d0f0533a1d697fa7de2afe64a1a34afe62b5569d247dac4c9f00b6b48
results_closure/C2/parts/plant_a_supplemental/C2-F-A-050__fixed_allocation_anti_windup_pi__summary.parquet,34384,abce5291087432296acebb58f209dc76822685eb223eb69260f04e60a20cbbea
results_closure/C2/parts/plant_a_supplemental/C2-F-A-050__model_adaptive_mpc__cycles.parquet,25826,044fc8098ada5a35cace96c68298d4921a792fbc848ed022cec24c9bf98cff36
results_closure/C2/parts/plant_a_supplemental/C2-F-A-050__model_adaptive_mpc__summary.parquet,34319,264a94b77abd5e17e536116ad47b1565a1bc38021925fa66f69a8a65805cfe0b
results_closure/C2/parts/plant_a_supplemental/C2-F-A-050__nominal_offset_free_mpc__cycles.parquet,25863,446ba17959f1eaa1fb9467a36bc1590c2789f08cfb070adebac84dde04dabb0d
results_closure/C2/parts/plant_a_supplemental/C2-F-A-050__nominal_offset_free_mpc__summary.parquet,34344,848939fb1119b05d54ad872afec1bf0e72139a1f168f2dd9dd456689b66123d8
results_closure/C2/parts/plant_a_supplemental/C2-F-A-050__sg_only_anti_windup_pi__cycles.parquet,22111,287fe99e5e26100cb2a77e4a5cc8bbda70c1340edc23b01ae15564e5ca059444
results_closure/C2/parts/plant_a_supplemental/C2-F-A-050__sg_only_anti_windup_pi__summary.parquet,34339,2fcff2a9ca201af9395fda54af8f0323b40760fef838f970978bc51bfdb1addf
results_closure/C2/parts/plant_a_supplemental/C2-F-A-050__true_capability_oracle_mpc__cycles.parquet,25953,0a79e20e112407c9e6ee784cc4eec7f3632a6605747aa2aaeb0ceb60e8afe654
results_closure/C2/parts/plant_a_supplemental/C2-F-A-050__true_capability_oracle_mpc__summary.parquet,34359,2a9be0fd742c5a503898cc856cd37644dc6912185e748161a94e19a8c34be859
results_closure/C2/parts/plant_a_supplemental/C2-F-A-051__fixed_allocation_anti_windup_pi__cycles.parquet,22818,1f7d694d8fc36d6377d09199f7331ea87efaa0baab284594bce9519067fd00e9
results_closure/C2/parts/plant_a_supplemental/C2-F-A-051__fixed_allocation_anti_windup_pi__summary.parquet,34524,eaafb35ac73c8cfdf6d45338247d37a1c52aa2d68a4124af928bb8e56e81932f
results_closure/C2/parts/plant_a_supplemental/C2-F-A-051__model_adaptive_mpc__cycles.parquet,25353,b6491458a1939105ab0f5366d974d73684f54205da3043f3df0c0a99db403e00
results_closure/C2/parts/plant_a_supplemental/C2-F-A-051__model_adaptive_mpc__summary.parquet,34459,af990829c921c17bc5eb82d65653efe251b35e7f4e106da10fba2bcf29a00e85
results_closure/C2/parts/plant_a_supplemental/C2-F-A-051__nominal_offset_free_mpc__cycles.parquet,25352,bb39b96c993c545d139b8e02615a23bdd7a8c57411ee4d09358aa27537813edc
results_closure/C2/parts/plant_a_supplemental/C2-F-A-051__nominal_offset_free_mpc__summary.parquet,34484,4e75960b7a49c1ea6dacc515b0aedf4e9ba83c7856b1908675b5de73db1a8266
results_closure/C2/parts/plant_a_supplemental/C2-F-A-051__sg_only_anti_windup_pi__cycles.parquet,22339,f4e771647c4f9811c896d4fc09d3a11dad9c45620e4fc554d0f58604fcd00188
results_closure/C2/parts/plant_a_supplemental/C2-F-A-051__sg_only_anti_windup_pi__summary.parquet,34479,507ce62a64461b9a3bc62aabb7b1c990032708d6fa336ad68090bca08f24e705
results_closure/C2/parts/plant_a_supplemental/C2-F-A-051__true_capability_oracle_mpc__cycles.parquet,25369,05d5f3ba6a625b890c27f0300ae30df83b98e1c9554a173e0082edc2f743af3c
results_closure/C2/parts/plant_a_supplemental/C2-F-A-051__true_capability_oracle_mpc__summary.parquet,34499,06e1c843ae7f883d7f56750a02a0b6869f4c46ca4e36e7747faa2ef0275e1c03
results_closure/C2/parts/plant_a_supplemental/C2-F-A-060__fixed_allocation_anti_windup_pi__cycles.parquet,25273,57f18faeaefe910bf7521521637ae3f4bbe6bdd4f40bca1e515f5c439882ba44
results_closure/C2/parts/plant_a_supplemental/C2-F-A-060__fixed_allocation_anti_windup_pi__summary.parquet,34379,9a65fde29739fd8d320743b7fc8dd34c53aa443cd1f7a3704473558c58df7d8a
results_closure/C2/parts/plant_a_supplemental/C2-F-A-060__model_adaptive_mpc__cycles.parquet,32966,ebe8f0c6b10c43823e04c38269ec54bc879c7f81d6588da229ff7783a239b591
results_closure/C2/parts/plant_a_supplemental/C2-F-A-060__model_adaptive_mpc__summary.parquet,34314,833fc072a271979110af0a96114d429995242653c8131d49762da7f01093b603
results_closure/C2/parts/plant_a_supplemental/C2-F-A-060__nominal_offset_free_mpc__cycles.parquet,33028,79b422fae5f0471c98674ce72dac080bfedbc4d1104c2d16e736f19793d61897
results_closure/C2/parts/plant_a_supplemental/C2-F-A-060__nominal_offset_free_mpc__summary.parquet,34339,4574bd1c0c4b3eeaeb2d74c954e0c4609d1ce0fd2ddf1f857f7e7bafc035322f
results_closure/C2/parts/plant_a_supplemental/C2-F-A-060__sg_only_anti_windup_pi__cycles.parquet,24629,c81ebefc2506e9dceb491b545f7f50670479a9de832d8ad5cfa39865b889dcfe
results_closure/C2/parts/plant_a_supplemental/C2-F-A-060__sg_only_anti_windup_pi__summary.parquet,34334,d50fc6d7629d8d95172264b383b075331dc6a2424f493442aac71426f6adbf4b
results_closure/C2/parts/plant_a_supplemental/C2-F-A-060__true_capability_oracle_mpc__cycles.parquet,33040,c6e66fb49f117219cc37136c5b6ed6ceb5e3d51a13fb79044e7a2ddcf6988aef
results_closure/C2/parts/plant_a_supplemental/C2-F-A-060__true_capability_oracle_mpc__summary.parquet,34354,dfd07de9769f9e578a99581a7f20eef3ffd0fcd8a13b6b96000ab1ce54f2ea1a
results_closure/C2/parts/plant_a_supplemental/C2-F-A-061__fixed_allocation_anti_windup_pi__cycles.parquet,25937,4cf136ecd7e980fe9fcd44fcdb61e1de83d1eb6c9235fb28515d01827ec331c0
results_closure/C2/parts/plant_a_supplemental/C2-F-A-061__fixed_allocation_anti_windup_pi__summary.parquet,34505,19363fd989df7f33642c20ee3cf69e93d3668b536323a7fa3dd079e59414bac8
results_closure/C2/parts/plant_a_supplemental/C2-F-A-061__model_adaptive_mpc__cycles.parquet,33129,5df2896b8062e91a45a9543d7497c4626e0bd51a09bb3502e1ab10bdbb472508
results_closure/C2/parts/plant_a_supplemental/C2-F-A-061__model_adaptive_mpc__summary.parquet,34440,7dd45712b7c2faede88a8a1d3c23337b85f5be0c568e23d75b357816e5c9d8ba
results_closure/C2/parts/plant_a_supplemental/C2-F-A-061__nominal_offset_free_mpc__cycles.parquet,32855,4221193eea93755d468387176dffa1038237ee6cb9b4fc98ab78b7838998eb3a
results_closure/C2/parts/plant_a_supplemental/C2-F-A-061__nominal_offset_free_mpc__summary.parquet,34465,b80cb28c308dc01e7cb373eb33d4fc51314c88b03f7f2a881e0f533535c0d193
results_closure/C2/parts/plant_a_supplemental/C2-F-A-061__sg_only_anti_windup_pi__cycles.parquet,25133,68d0c9a64efe6cbb9883ddfbc18753358ad39d638122f45751bac34d0e3a2c21
results_closure/C2/parts/plant_a_supplemental/C2-F-A-061__sg_only_anti_windup_pi__summary.parquet,34460,451c6a979723dbe1398137b5683e2bc9bab92eddd8e4c2b1079319ef4a696e35
results_closure/C2/parts/plant_a_supplemental/C2-F-A-061__true_capability_oracle_mpc__cycles.parquet,32858,6aec47cb2bf0505a2a67d38a379b050f6e237610ea95e49d4e6b1604948a0d68
results_closure/C2/parts/plant_a_supplemental/C2-F-A-061__true_capability_oracle_mpc__summary.parquet,34480,5c8763d8a7e7f3c52302d855efc8c9057d25a424d49f4aced1cbae847ffffa61
results_closure/C2/parts/plant_a_supplemental/C2-F-A-070__fixed_allocation_anti_windup_pi__cycles.parquet,22901,6b6883034d265c7d30231f8a9f614d01caf7b048026d5108cfa974acce3385c6
results_closure/C2/parts/plant_a_supplemental/C2-F-A-070__fixed_allocation_anti_windup_pi__summary.parquet,34329,7c675b13433a9bb3e1cc92c97712554740271f4eaa430643ffb75814c984c4a3
results_closure/C2/parts/plant_a_supplemental/C2-F-A-070__model_adaptive_mpc__cycles.parquet,25816,bce9040a5709df253ef93eb97c420b815c64c6ad33d9cda3e9f6e320a87d2c69
results_closure/C2/parts/plant_a_supplemental/C2-F-A-070__model_adaptive_mpc__summary.parquet,34264,fada5d587953a1bbab929c198fc34e850f7b4a61648312d44954f198875df51d
results_closure/C2/parts/plant_a_supplemental/C2-F-A-070__nominal_offset_free_mpc__cycles.parquet,25816,7f37047997525f6b342bd83ffe220eb7c53c11280859575c5e38159f51c56a47
results_closure/C2/parts/plant_a_supplemental/C2-F-A-070__nominal_offset_free_mpc__summary.parquet,34289,fcce6dd25b1bfa57f6a6acd8e197821aecb45baf32b6422f131d8b418ebc606e
results_closure/C2/parts/plant_a_supplemental/C2-F-A-070__sg_only_anti_windup_pi__cycles.parquet,22412,72760978ac78e2c8a8a0276c5b4a120ec02d193a53a943c99a84bad87c590a99
results_closure/C2/parts/plant_a_supplemental/C2-F-A-070__sg_only_anti_windup_pi__summary.parquet,34284,6d3b6da492cc91b56efba33ec8559fcee40386cd504222a75d4003b236769ea7
results_closure/C2/parts/plant_a_supplemental/C2-F-A-070__true_capability_oracle_mpc__cycles.parquet,25838,d5fa9ce2ecd9f83c1b74d0508191230b45ccace48559054f8e0ac4f17d6c23c6
results_closure/C2/parts/plant_a_supplemental/C2-F-A-070__true_capability_oracle_mpc__summary.parquet,34304,4a4108fff66e1bb1a2773155c51bdcd8c04806b8996c47cbb896eef71ab993c7
results_closure/C2/parts/plant_a_supplemental/C2-F-A-071__fixed_allocation_anti_windup_pi__cycles.parquet,21920,b2924efed5964059ee126d7d7424154ff03aa7e19983740cb5de85ec6c901bdf
results_closure/C2/parts/plant_a_supplemental/C2-F-A-071__fixed_allocation_anti_windup_pi__summary.parquet,34481,95bd168e5195e863eaa233043c8fc827ded42e1993eb1a7dbe5033db170ed4c9
results_closure/C2/parts/plant_a_supplemental/C2-F-A-071__model_adaptive_mpc__cycles.parquet,25927,2b81ec4c44ce4bf9746a17531f73baa557369b9d0dd137e447339830a67b9e10
results_closure/C2/parts/plant_a_supplemental/C2-F-A-071__model_adaptive_mpc__summary.parquet,34416,6ad738eaf350384376c885977e34d9462245225fd19a0d1af875df9afc1c0078
results_closure/C2/parts/plant_a_supplemental/C2-F-A-071__nominal_offset_free_mpc__cycles.parquet,25906,cff834f436dfc85e9bcdd07b666ed899ea21488b29c4dd31fd50b82d35efb498
results_closure/C2/parts/plant_a_supplemental/C2-F-A-071__nominal_offset_free_mpc__summary.parquet,34441,ed7a67df04227264bab0db189b46619869a5b077bc49b7c04c4d9f7c9bb1a3b0
results_closure/C2/parts/plant_a_supplemental/C2-F-A-071__sg_only_anti_windup_pi__cycles.parquet,21531,523999a50b009872cd37179685bec36cf92b025abbbc20e2b80b45122ecb1c61
results_closure/C2/parts/plant_a_supplemental/C2-F-A-071__sg_only_anti_windup_pi__summary.parquet,34436,93a24488cd38c56bf1ae039ec081e4dece8eff7eca510409e81e60a68b86e0c3
results_closure/C2/parts/plant_a_supplemental/C2-F-A-071__true_capability_oracle_mpc__cycles.parquet,25911,7adbb1a7d82f62b11108c5860b35e50771ef0710fc05a78f5418faab06eb46fb
results_closure/C2/parts/plant_a_supplemental/C2-F-A-071__true_capability_oracle_mpc__summary.parquet,34456,fea71f9d84ed0c1b4d4ee964d3b3074f0b16cc473f5d7f36595ca30b125ba311
results_closure/C2/parts/plant_a_supplemental/C2-F-A-080__fixed_allocation_anti_windup_pi__cycles.parquet,25323,90a3d88fe41ac91b8dab0b934aa9b0a840568f745a79413144ca9b7646493c26
results_closure/C2/parts/plant_a_supplemental/C2-F-A-080__fixed_allocation_anti_windup_pi__summary.parquet,34553,be8630d5f95972396b1326c996a2f962660bd5a0d677b6faec89b38668e60239
results_closure/C2/parts/plant_a_supplemental/C2-F-A-080__model_adaptive_mpc__cycles.parquet,31783,8de320f1351bcefaf698cefc34503470c19bce8b8db752063177265fc1230948
results_closure/C2/parts/plant_a_supplemental/C2-F-A-080__model_adaptive_mpc__summary.parquet,34488,b15cc52089f5d1e7dfb475c1e80ba5d7325a3b372f865885f02c27a6b37cf865
results_closure/C2/parts/plant_a_supplemental/C2-F-A-080__nominal_offset_free_mpc__cycles.parquet,32648,ce877e8ab71c737225ef92aa6095613904b662d09ad27f0462688f5fe4fe8f5b
results_closure/C2/parts/plant_a_supplemental/C2-F-A-080__nominal_offset_free_mpc__summary.parquet,34513,f5a4db8ebc17c5799bb9e1edccccfe43996f18a07cd83d907dc7b7b4eb80a4c3
results_closure/C2/parts/plant_a_supplemental/C2-F-A-080__sg_only_anti_windup_pi__cycles.parquet,24628,8d05bab8778680f1b1e4646314f031d3d1275c62c2b61a14aea81702249b4f9d
results_closure/C2/parts/plant_a_supplemental/C2-F-A-080__sg_only_anti_windup_pi__summary.parquet,34508,758ce39c2c8036b80e5db899d4b9b24369f21e65bf3fa7be221ae036f6026f3c
results_closure/C2/parts/plant_a_supplemental/C2-F-A-080__true_capability_oracle_mpc__cycles.parquet,32439,cd7550db6fbaa80f4f971adf891b6cd814ba48af9c9c95e93d6c2d9a731afbe0
results_closure/C2/parts/plant_a_supplemental/C2-F-A-080__true_capability_oracle_mpc__summary.parquet,34528,881733907212888d7a3494519f4b63fd3718875ca9e39aba45d29ddb07064dfd
results_closure/C2/parts/plant_a_supplemental/C2-F-A-081__fixed_allocation_anti_windup_pi__cycles.parquet,25245,5c02820dd714832ff45ef685df1f42c55df07799785ae86e8f4288d9dbdc787d
results_closure/C2/parts/plant_a_supplemental/C2-F-A-081__fixed_allocation_anti_windup_pi__summary.parquet,34599,4ed24688fc665d5e6ea32a8b923f98f7fd67665fe45f883aee0f4c88dd61ffd8
results_closure/C2/parts/plant_a_supplemental/C2-F-A-081__model_adaptive_mpc__cycles.parquet,31799,48fdeeb1502887c7e44f9a73eaac01d30bebffdd31c1c2ca49731e9895791672
results_closure/C2/parts/plant_a_supplemental/C2-F-A-081__model_adaptive_mpc__summary.parquet,34534,31bdefd0f02e41fc34a2800d38bc50fabf5680496bd8208c4027ca562db2d280
results_closure/C2/parts/plant_a_supplemental/C2-F-A-081__nominal_offset_free_mpc__cycles.parquet,32327,e34a6c15f322689a611d0d4391140d1b47e9f692131dc9fb50cd3076fb595d56
results_closure/C2/parts/plant_a_supplemental/C2-F-A-081__nominal_offset_free_mpc__summary.parquet,34559,c9f15056b4314fac041fd7ef964f9cd19133d99efd4e8c9a1fced4ff5002b149
results_closure/C2/parts/plant_a_supplemental/C2-F-A-081__sg_only_anti_windup_pi__cycles.parquet,24704,76e18769c9f9123e01d312225defe4104f05e3bbffccafb2e4f783d879af68e0
results_closure/C2/parts/plant_a_supplemental/C2-F-A-081__sg_only_anti_windup_pi__summary.parquet,34554,b337c6af140f25d3f764d00e1aca684ef6fcf901bdbf1733b23d11d9efca8d9d
results_closure/C2/parts/plant_a_supplemental/C2-F-A-081__true_capability_oracle_mpc__cycles.parquet,32211,3372aff3a654332aa1936344d813b52b8f123c9b6285b10c6e3633a4a61b4e16
results_closure/C2/parts/plant_a_supplemental/C2-F-A-081__true_capability_oracle_mpc__summary.parquet,34574,4add09a441bf95f7009d21fb10cdf00deb8bbd5fcc2a13c3e39738d877d897c4
results_closure/C2/parts/plant_a_supplemental/C2-F-A-090__fixed_allocation_anti_windup_pi__cycles.parquet,22102,0fd2ca11b0afdaac6bfdec9ea2737059a87a07f208b5bb3a30a91d584de6b3bc
results_closure/C2/parts/plant_a_supplemental/C2-F-A-090__fixed_allocation_anti_windup_pi__summary.parquet,34364,b6d5dc77174f006cfbebcde40c1283418b8dd2525ca5c824be622bf545a829e2
results_closure/C2/parts/plant_a_supplemental/C2-F-A-090__model_adaptive_mpc__cycles.parquet,25867,cac528a02352cb8ee1d9476393433907cf48b8711b1b0698d33439b0add3a01f
results_closure/C2/parts/plant_a_supplemental/C2-F-A-090__model_adaptive_mpc__summary.parquet,34299,948c9d0a0139949543992f0fea5b766e5537bb0dfa4b99cb891401e4b8a89cd0
results_closure/C2/parts/plant_a_supplemental/C2-F-A-090__nominal_offset_free_mpc__cycles.parquet,25865,98546c0b839b33c234d6b1e1c221a005f493f71f64baf888acd20944fa1ed708
results_closure/C2/parts/plant_a_supplemental/C2-F-A-090__nominal_offset_free_mpc__summary.parquet,34324,38d1db46c6bf9ff91230d24f68c4bc24e78807d3d443d59e6bcc9b61c6ad82b8
results_closure/C2/parts/plant_a_supplemental/C2-F-A-090__sg_only_anti_windup_pi__cycles.parquet,21935,ca3cfb736634b1de84fc89fdc0d34c23a7ae1352ed0205b0bc050c748e085336
results_closure/C2/parts/plant_a_supplemental/C2-F-A-090__sg_only_anti_windup_pi__summary.parquet,34319,890df451bea2fc5c9ba2ca12f0f130e03b2f843a6621e187a83887be8a188b6e
results_closure/C2/parts/plant_a_supplemental/C2-F-A-090__true_capability_oracle_mpc__cycles.parquet,25893,0130eea7fe7ac16c3efaf5bdb9fd60b18e60d052092937cbdd524382fe1389f6
results_closure/C2/parts/plant_a_supplemental/C2-F-A-090__true_capability_oracle_mpc__summary.parquet,34339,70449f2b8a6d7a1399d7f90432ff7074828b358d1a14d2c07f43c7afe6b58ca1
results_closure/C2/parts/plant_a_supplemental/C2-F-A-091__fixed_allocation_anti_windup_pi__cycles.parquet,21812,b117cf94ce0809bf7d48a58bcdc7f0444aa428bce68287d334d9472c45fd4596
results_closure/C2/parts/plant_a_supplemental/C2-F-A-091__fixed_allocation_anti_windup_pi__summary.parquet,34409,513430fe34883f2be2421333d005851100f4b6206ab2f94db1a91b1e2725a86c
results_closure/C2/parts/plant_a_supplemental/C2-F-A-091__model_adaptive_mpc__cycles.parquet,25857,a6aed5e816607e0d2a186cb2d12bea3b70e38170603da52ac07db62f6f7c9724
results_closure/C2/parts/plant_a_supplemental/C2-F-A-091__model_adaptive_mpc__summary.parquet,34344,5a117059ad88b05817b599e60dac5453595a40dfe12d3c874cb76054d1489acd
results_closure/C2/parts/plant_a_supplemental/C2-F-A-091__nominal_offset_free_mpc__cycles.parquet,26075,775c2956f3539f6966c9c79d8ec93a190c7492704beb16d3d8d08b77e88d2310
results_closure/C2/parts/plant_a_supplemental/C2-F-A-091__nominal_offset_free_mpc__summary.parquet,34369,655a23615937d15a9839b867575cdf8289fdf9ae84dbaf81fde3ba82202495f9
results_closure/C2/parts/plant_a_supplemental/C2-F-A-091__sg_only_anti_windup_pi__cycles.parquet,21607,3c486b40e2a9797b8ac328c40cb020a44f2fc6cb883ae67251397d9d590c0b80
results_closure/C2/parts/plant_a_supplemental/C2-F-A-091__sg_only_anti_windup_pi__summary.parquet,34364,5dae8c1c4ef9b226b151f9c1e9f3dcb21ba449fdc65e7289acad1f762e75245a
results_closure/C2/parts/plant_a_supplemental/C2-F-A-091__true_capability_oracle_mpc__cycles.parquet,26081,5815286dd8317078f136108db2f5399343b08a2498aece1eae105a252ebc6f75
results_closure/C2/parts/plant_a_supplemental/C2-F-A-091__true_capability_oracle_mpc__summary.parquet,34384,b7ca675cc7ce222b91b487ff91e8d534cc94d5a8af0386652258f45e3d11e592
results_closure/C2/parts/plant_a_supplemental/C2-F-A-100__fixed_allocation_anti_windup_pi__cycles.parquet,26407,2b833403349dff391de2f9704cbf53965c2a60ecb1f796f8775357862006a9b1
results_closure/C2/parts/plant_a_supplemental/C2-F-A-100__fixed_allocation_anti_windup_pi__summary.parquet,34365,72df759bac80d260e3aa12900620c78d788c744b4dc32478ee00954275d3fa71
results_closure/C2/parts/plant_a_supplemental/C2-F-A-100__model_adaptive_mpc__cycles.parquet,32903,a8fe436685bb73cc58523c9e6e0b314eebf581371baff68ae847e3606619e80b
results_closure/C2/parts/plant_a_supplemental/C2-F-A-100__model_adaptive_mpc__summary.parquet,34300,dedd434d7338fe7063a3258b3b0bc5a7064ebeacdb70fda57ac689dadf252cc2
results_closure/C2/parts/plant_a_supplemental/C2-F-A-100__nominal_offset_free_mpc__cycles.parquet,33029,85123a94727482e2588eb6454d929439d4896135374bd2d39a88c6db47bb4d07
results_closure/C2/parts/plant_a_supplemental/C2-F-A-100__nominal_offset_free_mpc__summary.parquet,34325,c777c8a98f43b5b306daae5d5a4f92e1cdd84654a98f39886bab555d9a0d5426
results_closure/C2/parts/plant_a_supplemental/C2-F-A-100__sg_only_anti_windup_pi__cycles.parquet,25716,58b80022b19d4304cba020e5ad00764cd722dc2892f79b4bc4dc35ece19e1b1a
results_closure/C2/parts/plant_a_supplemental/C2-F-A-100__sg_only_anti_windup_pi__summary.parquet,34320,c2287986d1550b12224149e946a50141057eaed701262282bb086517cebcb5ed
results_closure/C2/parts/plant_a_supplemental/C2-F-A-100__true_capability_oracle_mpc__cycles.parquet,32977,c9de795eed336ae6cdd2bab9438e432b1189ae8d3f55d1cb2b693184227ca324
results_closure/C2/parts/plant_a_supplemental/C2-F-A-100__true_capability_oracle_mpc__summary.parquet,34340,8ef353cccc87c7635c28b85ee0b6040ed4e958c096f57581922feb059228f2c7
results_closure/C2/parts/plant_a_supplemental/C2-F-A-101__fixed_allocation_anti_windup_pi__cycles.parquet,25463,6f4066b8a438e57cc197aedad2120c34aba8329ca37f3f99d6c92b1255cf79c4
results_closure/C2/parts/plant_a_supplemental/C2-F-A-101__fixed_allocation_anti_windup_pi__summary.parquet,34365,8b10417c542c0eb9974ead319f701356342b57740a1a1724f546344258d4c4c8
results_closure/C2/parts/plant_a_supplemental/C2-F-A-101__model_adaptive_mpc__cycles.parquet,32035,4efd14a342bcb9c7115c8782c3d9d2664cd3b77b0963e87775aad69249b4be31
results_closure/C2/parts/plant_a_supplemental/C2-F-A-101__model_adaptive_mpc__summary.parquet,34300,72af129db98725a89115fe0ab6b38b2bc0d84a6d7541a06ea4ed435b75e9326c
results_closure/C2/parts/plant_a_supplemental/C2-F-A-101__nominal_offset_free_mpc__cycles.parquet,33107,d32e0bae43d05fdb71d82f14a992a85c9d9d07ae46d1bf878fd9d47d7e66f629
results_closure/C2/parts/plant_a_supplemental/C2-F-A-101__nominal_offset_free_mpc__summary.parquet,34325,d6028456a625e739d0091a787cf610b38c99a3d5d578d397b79ccf2a6474f724
results_closure/C2/parts/plant_a_supplemental/C2-F-A-101__sg_only_anti_windup_pi__cycles.parquet,24914,95a1eb43c07a3645cc4443583b373bef49002a1251d5b63f8ade2d0cc03640cf
results_closure/C2/parts/plant_a_supplemental/C2-F-A-101__sg_only_anti_windup_pi__summary.parquet,34320,1fd932c28d904c0881805e75d2d5d66b87b98eaaa3c79c872158b207ed913f66
results_closure/C2/parts/plant_a_supplemental/C2-F-A-101__true_capability_oracle_mpc__cycles.parquet,33200,aabc0986c3982dd5b07af7a016eaafd68d22f462862abb1ef1995e19e70a3085
results_closure/C2/parts/plant_a_supplemental/C2-F-A-101__true_capability_oracle_mpc__summary.parquet,34340,2de9d1bc6860c1f1c0130de26a64d3a8d2012cc1918db99c91d51a9199e8d45d
results_closure/C2/parts/plant_a_supplemental/C2-F-A-110__fixed_allocation_anti_windup_pi__cycles.parquet,22912,7e9ce3f1df9a16e59b0a381a931bbcbcd82b1a6f44b1a26d03018d60b315e49d
results_closure/C2/parts/plant_a_supplemental/C2-F-A-110__fixed_allocation_anti_windup_pi__summary.parquet,34409,7e6e1d9aab19d82ed689efa63829d745edbba84bff1c09ea3353870f6f1e6d5e
results_closure/C2/parts/plant_a_supplemental/C2-F-A-110__model_adaptive_mpc__cycles.parquet,25861,7ab80c94af82eb069170ade7da63d0e92e089d740303deec1c8cf5086a4d29a7
results_closure/C2/parts/plant_a_supplemental/C2-F-A-110__model_adaptive_mpc__summary.parquet,34344,8b4da5d27b107aa0711e72d0508209ee843741cbd4ff379a3ae6d19b7666f739
results_closure/C2/parts/plant_a_supplemental/C2-F-A-110__nominal_offset_free_mpc__cycles.parquet,25887,930fbe0e55d8201949bd055fcf211b41ea4b8958c872b1f2c1668b10f0fca5d8
results_closure/C2/parts/plant_a_supplemental/C2-F-A-110__nominal_offset_free_mpc__summary.parquet,34369,e3de7afa4a6b139ee3cbf34662468dda12bb9fa6e6bfa9238e545b2c6490ec24
results_closure/C2/parts/plant_a_supplemental/C2-F-A-110__sg_only_anti_windup_pi__cycles.parquet,22426,8a308e738f8a4bdc3298dc96f3ad35aa10d055ba9283873cc29837bae973019a
results_closure/C2/parts/plant_a_supplemental/C2-F-A-110__sg_only_anti_windup_pi__summary.parquet,34364,31e6b1e78cc4a71a55fec81a3a66b30f0f5478a1b2106ae564bf04f2e3ffe844
results_closure/C2/parts/plant_a_supplemental/C2-F-A-110__true_capability_oracle_mpc__cycles.parquet,25973,8834fa9909faa0dd3b344aed995902cba03f94de8f528c1357298acee3af9f5f
results_closure/C2/parts/plant_a_supplemental/C2-F-A-110__true_capability_oracle_mpc__summary.parquet,34384,757a3ae8588dddb9b7ab0a1fab2d6ab0bec218c5864363755a897c17a5088254
results_closure/C2/parts/plant_a_supplemental/C2-F-A-111__fixed_allocation_anti_windup_pi__cycles.parquet,22045,b4be219ef9071adaf53434b2f96232d93bdf322369002331b73a4ab78fa69309
results_closure/C2/parts/plant_a_supplemental/C2-F-A-111__fixed_allocation_anti_windup_pi__summary.parquet,34450,5476922fc890595aa6c913fa84bebfd1ebdda4042efe2bc9f1e79d99a5f13aa7
results_closure/C2/parts/plant_a_supplemental/C2-F-A-111__model_adaptive_mpc__cycles.parquet,25788,1be3b361c45ca9fc19bef2f6f560c3ae968e9bd04370a7909ebc876566d79197
results_closure/C2/parts/plant_a_supplemental/C2-F-A-111__model_adaptive_mpc__summary.parquet,34385,328ccbf807ae70b267e0054d4d06dab8e96f98aa41c5b01dd8954ee52160fe61
results_closure/C2/parts/plant_a_supplemental/C2-F-A-111__nominal_offset_free_mpc__cycles.parquet,26163,33eab74817ea9a7f2d22d9a82fdedd0489f6c565953e71c7613f4c230a2a9d9d
results_closure/C2/parts/plant_a_supplemental/C2-F-A-111__nominal_offset_free_mpc__summary.parquet,34410,d52f44092ac2aa680f374dccdff6937afa67700a5a0f8822eefde7c29c17c9b3
results_closure/C2/parts/plant_a_supplemental/C2-F-A-111__sg_only_anti_windup_pi__cycles.parquet,21809,fae3f7474f29fd25578cf1fdda8f4b68eda99df83b5a4349b0d29a8b28ab38bd
results_closure/C2/parts/plant_a_supplemental/C2-F-A-111__sg_only_anti_windup_pi__summary.parquet,34405,c43283df2f0b13d7ca216704343cda78ea86a8796126c766b285a4527f3c886e
results_closure/C2/parts/plant_a_supplemental/C2-F-A-111__true_capability_oracle_mpc__cycles.parquet,25993,141bb626f9eeabefac492d20d1f4afcadd90fb4a9b7b2d1b87b7b39a3df59c2a
results_closure/C2/parts/plant_a_supplemental/C2-F-A-111__true_capability_oracle_mpc__summary.parquet,34425,f5791dcf59345226900be7da5e6ce0a3740fc1940bd2acc361e2d3588daedcd4
results_closure/C2/parts/plant_b/C2-F-B-000__contract_only_rolling_mpc__cycles.parquet,29289,e8077f5658a0ad162513fb3d388028996c37bb2b077f58734441dc10f03a9038
results_closure/C2/parts/plant_b/C2-F-B-000__contract_only_rolling_mpc__summary.parquet,33922,ca07f09a4311c503315fb7ca3a9c81ee8d86e2349ff4139a84271b4865b10284
results_closure/C2/parts/plant_b/C2-F-B-000__dcsv_cr_mpc__cycles.parquet,30780,ef27c55a90b0841850456ad166493ab20ddd37e10fae44848a2c0c2512cabaa9
results_closure/C2/parts/plant_b/C2-F-B-000__dcsv_cr_mpc__summary.parquet,33852,934b6dfec491bcbd8f8dd815db1c9678dcfe7c0fcbe462c8f0f0f5dfe6cc2ce1
results_closure/C2/parts/plant_b/C2-F-B-001__contract_only_rolling_mpc__cycles.parquet,23372,05e8d1b9d8026725a7c9d8253f9026d9ecd68ad6ff53c5b0d5155f3b09d0636b
results_closure/C2/parts/plant_b/C2-F-B-001__contract_only_rolling_mpc__summary.parquet,33957,55dad40d4146aeb7a04d58285f9970030cf307d6ec5e8e4abdc29ff09fc75594
results_closure/C2/parts/plant_b/C2-F-B-001__dcsv_cr_mpc__cycles.parquet,23906,ef3cf0629d4357d0c3168171b5be37186c0fca00ac586fb4091a8e245e0c8c5c
results_closure/C2/parts/plant_b/C2-F-B-001__dcsv_cr_mpc__summary.parquet,33887,1e5e5c47da73f930d03d68a0451a3557a5507fa757ac7d03d2df246d94a0c351
results_closure/C2/parts/plant_b/C2-F-B-002__contract_only_rolling_mpc__cycles.parquet,23360,54aff8af656f65de63928cb1c5f84d60229cecb305d25ffd369a55f650896cbe
results_closure/C2/parts/plant_b/C2-F-B-002__contract_only_rolling_mpc__summary.parquet,33992,d5b3e25f95e88b0c4d8122a2e9450fed7f634c292162e3821929f8cc6730793b
results_closure/C2/parts/plant_b/C2-F-B-002__dcsv_cr_mpc__cycles.parquet,23960,9e777e424ced926a72f303a0a21b995b38ffabd5b69bf639f940a20b2f72ac86
results_closure/C2/parts/plant_b/C2-F-B-002__dcsv_cr_mpc__summary.parquet,33922,c74cd54602ac3506f0c3f2f1a13f14ad2b1571a7f903db91c4113432374e4043
results_closure/C2/parts/plant_b/C2-F-B-003__contract_only_rolling_mpc__cycles.parquet,28566,ae6f9eee16c1f39d69da4e8527f742c8cdb89471b8155314cff15eb8edee9905
results_closure/C2/parts/plant_b/C2-F-B-003__contract_only_rolling_mpc__summary.parquet,33906,a4c026f6257c1361fa294a79c2fe5b16a9ab05f93fdd6b208b90446898672307
results_closure/C2/parts/plant_b/C2-F-B-003__dcsv_cr_mpc__cycles.parquet,30162,7b91cf79aa750113be0e1c9784daaaa6e23380129af5aa2e8cf4601211938f4e
results_closure/C2/parts/plant_b/C2-F-B-003__dcsv_cr_mpc__summary.parquet,33836,c170f92551094bf28b27c3130d7d1be58f112a89157f865cb1033b0742edb5b6
results_closure/C2/parts/plant_b/C2-F-B-004__contract_only_rolling_mpc__cycles.parquet,28809,a0e201f165c3c4897d18484f8e7913521cee7378a0ac347b2b27e2255bb05759
results_closure/C2/parts/plant_b/C2-F-B-004__contract_only_rolling_mpc__summary.parquet,33906,1cdfecb6121c4decbc2e8cbe1d35d9590eaa388cd25c0534a9002a485c9440ba
results_closure/C2/parts/plant_b/C2-F-B-004__dcsv_cr_mpc__cycles.parquet,30753,eb6dfa59bc9ba5e4975100b1a372f1ce67526da80bd5585e0016d112cca3316e
results_closure/C2/parts/plant_b/C2-F-B-004__dcsv_cr_mpc__summary.parquet,33836,1da663366fa12d78e2792e48449239b682024346ff130951ab41bc1a4c06ea5d
results_closure/C2/parts/plant_b/C2-F-B-005__contract_only_rolling_mpc__cycles.parquet,23412,5ef02cf0eb083e736ac5c632d510ff0e4a9b94fb4befd8af80643c7a2801bf97
results_closure/C2/parts/plant_b/C2-F-B-005__contract_only_rolling_mpc__summary.parquet,33941,dada1bd234cd70216937edfd8930cc40b6d7cdb104858155c001c3a486ea382e
results_closure/C2/parts/plant_b/C2-F-B-005__dcsv_cr_mpc__cycles.parquet,24070,852df289ab3a4c93f428e3776f53a11362f33d6b3532a1bd6c30ee8bc41c0add
results_closure/C2/parts/plant_b/C2-F-B-005__dcsv_cr_mpc__summary.parquet,33871,b24d040ea57ce2113f58b507244b0a83ebae88823d2bbcbfd7b6d22c09cbf26b
results_closure/C2/parts/plant_b/C2-F-B-006__contract_only_rolling_mpc__cycles.parquet,28684,64ef4f5c27ae16e64da15f51b9f040d07580e5ebf5d25a82b659e9f6d4cc13e2
results_closure/C2/parts/plant_b/C2-F-B-006__contract_only_rolling_mpc__summary.parquet,33962,c6cf7e8517b70bdb3a6879191f3ac39c009f36afa2807a61580264d18fab38f3
results_closure/C2/parts/plant_b/C2-F-B-006__dcsv_cr_mpc__cycles.parquet,30382,07db00972e70eb534b96463c067acadd318e6c63e4e7daa83ecfe54935971eb9
results_closure/C2/parts/plant_b/C2-F-B-006__dcsv_cr_mpc__summary.parquet,33892,427a417d137da33a8bd2a0bfd799a75626b2052b1fdea9b537098db7aeebe046
results_closure/C2/parts/plant_b/C2-F-B-007__contract_only_rolling_mpc__cycles.parquet,23481,ec95ec65ddfc6c01fde57416dea1ad8ebc540d625e6705929a0032caac2790f2
results_closure/C2/parts/plant_b/C2-F-B-007__contract_only_rolling_mpc__summary.parquet,33941,96bcf8c3ef4a584fee33e304fee00d5259acfce8da85913941ac1f0332106c8c
results_closure/C2/parts/plant_b/C2-F-B-007__dcsv_cr_mpc__cycles.parquet,24082,9eb9901c790148b46ab2d453041135aa5632cc4d434e4a80d583b4de2b89329f
results_closure/C2/parts/plant_b/C2-F-B-007__dcsv_cr_mpc__summary.parquet,33871,bebb7b985c2b9a22fc9357e09eb59c4eb37c0f847d4c5b1baa566ef10693fcb8
results_closure/C2/parts/plant_b/C2-F-B-008__contract_only_rolling_mpc__cycles.parquet,28804,55319da7717b38e23e8c3b8c303cab7222e8ad11d51771b8abe24d734fde7e4f
results_closure/C2/parts/plant_b/C2-F-B-008__contract_only_rolling_mpc__summary.parquet,33941,6b7c477f0b88143b5ced2fa987039a6390c7d1ac1138d0d57171532a00a22b5c
results_closure/C2/parts/plant_b/C2-F-B-008__dcsv_cr_mpc__cycles.parquet,30354,533e8c1242a2b06feb25c2112013478a4554c9b9234f04ffdc04b9bb0b165e00
results_closure/C2/parts/plant_b/C2-F-B-008__dcsv_cr_mpc__summary.parquet,33871,8ec4ece7a79c58e38e8770a9c0e9332143cdd23cd1149fd1fe9e4903b3712ab3
results_closure/C2/parts/plant_b/C2-F-B-009__contract_only_rolling_mpc__cycles.parquet,28607,20efc50e29d10d825fe839b620e672fb30b4de42609afa276b28a60ad7d549d1
results_closure/C2/parts/plant_b/C2-F-B-009__contract_only_rolling_mpc__summary.parquet,33896,e20ee4a048f8f76466565e5ef6ac96e428ea3245af0dbc0753c49c3a5eed39cd
results_closure/C2/parts/plant_b/C2-F-B-009__dcsv_cr_mpc__cycles.parquet,30226,d1aba08d56a9d08654428922c8d368ca971fd8c2f46e6cb637c2c76152e1bd10
results_closure/C2/parts/plant_b/C2-F-B-009__dcsv_cr_mpc__summary.parquet,33826,16e3a1a112a86c1491ff83010362aec38bbb914888c8739ca6513837761dd28b
results_closure/C2/parts/plant_b/C2-F-B-010__contract_only_rolling_mpc__cycles.parquet,23467,c341e1d52da43738e94b0d759e65205c00fd04a4f9490acea2d7dc00900fed88
results_closure/C2/parts/plant_b/C2-F-B-010__contract_only_rolling_mpc__summary.parquet,33936,a395bd53eb1358d2021d73d4a38e0906dd17e4770505da45c8e7f1b4cbc505ad
results_closure/C2/parts/plant_b/C2-F-B-010__dcsv_cr_mpc__cycles.parquet,24084,805d6d26a83ebb1d93e3a1eecb842914a56216573b70a149b49f9843da36e8da
results_closure/C2/parts/plant_b/C2-F-B-010__dcsv_cr_mpc__summary.parquet,33866,6ec36220011731ec4d0251b98aaeed80a8bacad4c4e1f0f6e803a542b72d95ce
results_closure/C2/parts/plant_b/C2-F-B-011__contract_only_rolling_mpc__cycles.parquet,28672,0ff487fc1e6053aefdb83d5d177216902dd599d021e251a7b105a98775289186
results_closure/C2/parts/plant_b/C2-F-B-011__contract_only_rolling_mpc__summary.parquet,33917,37b2ac0e26fa2982bcc22202754c03783451e0af223c5742470f4dbf752f3dce
results_closure/C2/parts/plant_b/C2-F-B-011__dcsv_cr_mpc__cycles.parquet,30152,bf45ea0d0908e0e4bf01988d126802473874de2b2b7e3a0c0128c806bb534606
results_closure/C2/parts/plant_b/C2-F-B-011__dcsv_cr_mpc__summary.parquet,33847,7cb8915cc052034ec45273d3881d0c4dc3ce16a384e70aafb25c03518370c2e7
results_closure/C2/parts/plant_b/C2-F-B-012__contract_only_rolling_mpc__cycles.parquet,23477,2524244b9bb6d6af775503dc4e9633ad28c71953a1d86e84c121bf30b2724926
results_closure/C2/parts/plant_b/C2-F-B-012__contract_only_rolling_mpc__summary.parquet,33952,a878e13e046d9771703dfd86653f7f64eaa7009cea711518253cd209b5834299
results_closure/C2/parts/plant_b/C2-F-B-012__dcsv_cr_mpc__cycles.parquet,24115,3716ea361398504a72efdd9e301d484dc2cc0df39bc79c307e397aed09340356
results_closure/C2/parts/plant_b/C2-F-B-012__dcsv_cr_mpc__summary.parquet,33882,9b97c3018a398e78b59fed92e61a44810103ffe1681b3d3b33e9bca87010c492
results_closure/C2/parts/plant_b/C2-F-B-013__contract_only_rolling_mpc__cycles.parquet,29128,6e589f0bcf4ae4743b429720068542173fcfd3d9433834a7d909d35f91d4258e
results_closure/C2/parts/plant_b/C2-F-B-013__contract_only_rolling_mpc__summary.parquet,33947,3ba78a0a1be6165fb72ee9b47038e0a54afc77fb15b9ec334e6ea1bca8186d4d
results_closure/C2/parts/plant_b/C2-F-B-013__dcsv_cr_mpc__cycles.parquet,30772,fb65ca5169d1680894c430afa1c1103794294581a9b597b2805b338f3b279ba7
results_closure/C2/parts/plant_b/C2-F-B-013__dcsv_cr_mpc__summary.parquet,33877,aa4b198e6323650504962174c6619d59e73d59891eb9815510896d7ade99bfa0
results_closure/C2/parts/plant_b/C2-F-B-014__contract_only_rolling_mpc__cycles.parquet,23317,a8e77f3b8ca9241f4d21349b32ff68a35a5863368b6add70e75b31158759d2f3
results_closure/C2/parts/plant_b/C2-F-B-014__contract_only_rolling_mpc__summary.parquet,33957,1b43232deb0e8f66bbfe38a7f1daefc9dbfbf84cc0c5b68365e9ca64a9a38c16
results_closure/C2/parts/plant_b/C2-F-B-014__dcsv_cr_mpc__cycles.parquet,24043,3a26de9f9e4f2d8afc33e43e736fff71cb608ce71e18d7b59924994ba06dc057
results_closure/C2/parts/plant_b/C2-F-B-014__dcsv_cr_mpc__summary.parquet,33887,389283b7455dd2db439d5d5fc66767a368b68124ed65e1cc9e98059e56ffca94
results_closure/C2/parts/plant_b/C2-F-B-015__contract_only_rolling_mpc__cycles.parquet,23522,9fa52164c4b61a6239744f662d78f287d5c652c31bd125a7e69ea6ecd7602993
results_closure/C2/parts/plant_b/C2-F-B-015__contract_only_rolling_mpc__summary.parquet,33941,ffd68c316da782484677b5d6602ecf0276fde23f50b0a9862c9edb3beb62eb8a
results_closure/C2/parts/plant_b/C2-F-B-015__dcsv_cr_mpc__cycles.parquet,24139,d7897fd97393cdfbd501daec3b568b0bb5eade0a8acc57691ae19028cdec307c
results_closure/C2/parts/plant_b/C2-F-B-015__dcsv_cr_mpc__summary.parquet,33871,0ed0e4ffc9d5fecbf4f9c12cccab224b0d113cfbd64c904bab7be6ff48546b58
results_closure/C2/parts/plant_b/C2-F-B-016__contract_only_rolling_mpc__cycles.parquet,28652,bcba8288dd1f369fa9c5a1db28257b33c724aa8fb03208500745533b39ef8455
results_closure/C2/parts/plant_b/C2-F-B-016__contract_only_rolling_mpc__summary.parquet,33937,a517146ed1c8dba23b4fceb1a30a2f97cefaf0befd48b99be91da1b0a8fbafa6
results_closure/C2/parts/plant_b/C2-F-B-016__dcsv_cr_mpc__cycles.parquet,30052,4c326ee17547bcd4605a083661ff148887a96be94538d932c8b6350ff13b7968
results_closure/C2/parts/plant_b/C2-F-B-016__dcsv_cr_mpc__summary.parquet,33867,dadc9e7881bb2fe47ff5240672e2ab6f94960f7352d2dad38240efa992ec0687
results_closure/C2/parts/plant_b/C2-F-B-017__contract_only_rolling_mpc__cycles.parquet,29199,93caf3dacd4b0132caf0e6d6dd9fa55abb8e4d628312d08cd068d143392edf71
results_closure/C2/parts/plant_b/C2-F-B-017__contract_only_rolling_mpc__summary.parquet,33972,bc5bdfc56110a7c4e967a143e91bdcb41a4b82b1721bc2601cea8864305c107b
results_closure/C2/parts/plant_b/C2-F-B-017__dcsv_cr_mpc__cycles.parquet,30657,700920db21e15c0fb769f29e9994aa44cf53d20c88c64e479f7353840a1d5b78
results_closure/C2/parts/plant_b/C2-F-B-017__dcsv_cr_mpc__summary.parquet,33902,a702cbda679511767e6d4768e903f225380af13d5d3b78cefaf17f8c16103120
results_closure/C2/parts/plant_b/C2-F-B-018__contract_only_rolling_mpc__cycles.parquet,23540,789195ca9eb03ace4d5f487c8a144148ef179e002d71d9c4f2ae90f53908d3e8
results_closure/C2/parts/plant_b/C2-F-B-018__contract_only_rolling_mpc__summary.parquet,33961,f9e4828ef7da55b7ce47ffa3cf3fb7731b74aad8aedbfc4794c317bea68ca42b
results_closure/C2/parts/plant_b/C2-F-B-018__dcsv_cr_mpc__cycles.parquet,24097,31bbfba5b73ed501f3c7ebbedb4319a028e62760ac3999b1ffc3645d078ca2a6
results_closure/C2/parts/plant_b/C2-F-B-018__dcsv_cr_mpc__summary.parquet,33891,e7e142ea1b10b5f236bc9e637e57b795fd84911c80e9509182e44e0db01a6361
results_closure/C2/parts/plant_b/C2-F-B-019__contract_only_rolling_mpc__cycles.parquet,23464,95b66ca274523815b2d243a6cf96c267a37f47eabc8a2487bd7e39998a31b1ba
results_closure/C2/parts/plant_b/C2-F-B-019__contract_only_rolling_mpc__summary.parquet,33971,a66ccfcfc521cc111f74807799dc1ea8c764d9447dcfaa8e4c65417c219d4097
results_closure/C2/parts/plant_b/C2-F-B-019__dcsv_cr_mpc__cycles.parquet,24113,2d447f14857ddfdbacac67e86cfa08bd26e1c79facbbe05600a8389033a1e291
results_closure/C2/parts/plant_b/C2-F-B-019__dcsv_cr_mpc__summary.parquet,33901,3d51a211cedda446cf9dc40997b7ee3d068283ff25a50a4e61375ae783291d68
results_closure/C2/parts/plant_b/C2-F-B-020__contract_only_rolling_mpc__cycles.parquet,29247,cb50ea9428e9dfb5ad4534ed6868d6f04113bf963d66b932ebb67dea4d204c78
results_closure/C2/parts/plant_b/C2-F-B-020__contract_only_rolling_mpc__summary.parquet,33977,027892e2a3fb2a9a0cf689f0bf4c688ab6f4fc2180e249d2468ac2ab0ba84c17
results_closure/C2/parts/plant_b/C2-F-B-020__dcsv_cr_mpc__cycles.parquet,30805,9f4f4fa873f9bb71d4765704e4bc9d1f7db2bd10cec92d50eee0de53dd9bdffa
results_closure/C2/parts/plant_b/C2-F-B-020__dcsv_cr_mpc__summary.parquet,33907,de2d4a93128768687e57888765ebbee2db9883cb06b107459ac81af8d17f5034
results_closure/C2/parts/plant_b/C2-F-B-021__contract_only_rolling_mpc__cycles.parquet,28658,feed726ee11596983853b7e7f6e7ed981b02f8f2dd7756256b5bad005d2c4038
results_closure/C2/parts/plant_b/C2-F-B-021__contract_only_rolling_mpc__summary.parquet,33972,19ca7a84c59c3330f8409c16e7a67616e0909fee700a56a3f70cc1c903529aa3
results_closure/C2/parts/plant_b/C2-F-B-021__dcsv_cr_mpc__cycles.parquet,30299,de7189f079333fec6ad8d8f9f4193c3894b718a754122678633e471798e77679
results_closure/C2/parts/plant_b/C2-F-B-021__dcsv_cr_mpc__summary.parquet,33902,2f3b071cccd4e7dbbe8cc00652b5659ddc2980d44bf0764117eb0d0c7aaa5564
results_closure/C2/parts/plant_b/C2-F-B-022__contract_only_rolling_mpc__cycles.parquet,23372,a8bd17da25b5ac3afba03e9339c9bec56788971d2f28fb9256015deebe85af50
results_closure/C2/parts/plant_b/C2-F-B-022__contract_only_rolling_mpc__summary.parquet,33971,3c55874d9172d62fcb3d791fe4a39803d4528ca640778b1e3688a534b6f8e0f6
results_closure/C2/parts/plant_b/C2-F-B-022__dcsv_cr_mpc__cycles.parquet,23941,d9382bc6461d6629fe12a9a9760d0cf76abd84596f906bcaec80fac2fc1263b9
results_closure/C2/parts/plant_b/C2-F-B-022__dcsv_cr_mpc__summary.parquet,33901,7d1453555eb03aefe21306be1268c4eb22b60d24c0dd9901b455a16532bc45ca
results_closure/C2/parts/plant_b/C2-F-B-023__contract_only_rolling_mpc__cycles.parquet,23362,8472b477c36515e784d2d441ee6714703d04d7c4f3b9d713b49b80d2b72860da
results_closure/C2/parts/plant_b/C2-F-B-023__contract_only_rolling_mpc__summary.parquet,33926,4771971a531a26a26d850c6be82a27911bcbe331763bd80ae4e908a3829aef5e
results_closure/C2/parts/plant_b/C2-F-B-023__dcsv_cr_mpc__cycles.parquet,23955,c39a8e8a223ac87a6e3ac7a14586e71481798a516ea59222336a9e9dac5666d6
results_closure/C2/parts/plant_b/C2-F-B-023__dcsv_cr_mpc__summary.parquet,33856,ee9ef5220e38d9d577819b72f9df1f81f7ba167d775ff7c78af1809e18870c3f
results_final/R0/CORRECTED_PAIRED_STATISTICS.parquet,21852,ff4a56d219a168c7c9ef9d2bfc143bdee5ce4e5967d8489fd6c01ba8e5a68dff
results_final/R0/PAIRED_SCENARIO_STATUS.parquet,21639,f7fcbd724602c0c7188160482ccbc0d5dccb155581135bdf6fd5d45e41669699
results_final/R1/MATERIALITY_EPISODES.parquet,20969,efb83bb7a46b23be3e23f7f1f6e143f9d7085a65492818a2c1cc9ee4469e6fa7
results_final/R1/MATERIALITY_MANIFEST.csv,4388,89c33c0a73d196bf390599041c0f2521e513d58f49519dcdfd81343e3c85e688
results_final/R2/BASELINE_MPC_STRUCTURE.csv,475,588ab72ff463343912ec17ca523ecd305240047f8eb0603bb6a3c909a543e834
results_final/R2/BASELINE_STABILITY.parquet,5358,662a4c25b678dfc551b4e9847b9f3c7426f60ed7504eb65c5872c8c6aff583cb
results_final/R2/ESTIMATOR_COVERAGE.parquet,15342,9fc82bf1a47644142470971765c236f051c635ef1369a4ad281826df663a46a3
results_final/R2/ESTIMATOR_COVERAGE_SUMMARY.csv,445,eb6d4de291bbaa6d80772309589adb61f491457f1dbc1659e3d2a49626410402
results_final/R2/LOAD_CAPABILITY_CONFUSION.parquet,10892,0930d87f46c1f55853c798d952915b6c845e8fede9a01910dd75c9735c05d08c
results_final/R2/OBSERVER_SELECTION.csv,857,be37fb2d5d1404521b2235f50fe1fda019909af86c0ca5e87242e62e8b201d49
results_final/R3/ACTION_TRANSACTIONS.csv,58371,292026ad4b0129afa19998815b9b41cd6bdfed83b4157e104abcea0a5df00fd5
results_final/R3/CONTRACT_VIOLATION_AUDIT.csv,606,4064864dab3b1179c29569ce25d6477332eba84a5c791da08024a6a3ffb5c2c0
results_final/R3/FORMULATION_AUDIT.csv,2612,0f099d5d00b4b8f32e751a027039fecabe5bd0c4b77c65aa5cc07d82616d111e
results_final/R3/ROLLING_ENGINEERING.parquet,8700,c59b881cd081ae82102fa6822298572bfba881782803e1678f96cfe5f117c36f
results_final/R3/SOLVER_CALLS.parquet,13219,f5456f4453f20b40bb9c6791f3db8f7ff09c7948451c83fe184eee9892fe9a2b
results_final/R4/BRIDGE_CERTIFICATES.parquet,8753,c0e88d03dd08a8540fe1e77cdd2472f4e0c759cfdb9f002cbf81a792521b6560
results_final/R4/CONTRACT_BRANCH_CERTIFICATES.parquet,12795,584942e69dffc74658fb669db98e635c04f0b7ca31adc50fb3e690be84307543
results_final/R4/INFEASIBILITY_CERTIFICATES.parquet,5630,f7d5b8a3e65c04d62efab87b0dea6d569b8f8a99dd879dde57b97e4bd35f5451
results_final/R4/RECOURSE_CERTIFICATES.parquet,10004,db75dbe52f99f7a4fbd54d9a96296b58d8ba1f96f32d540de86ef8ba22fffaf3
results_final/R4/SAME_INSTANT_IMPOSSIBILITY.json,460,22e11d7d9a8f4746c40d074a71ec2f8769db1d1939d1805d592aeb77ac0f4625
results_final/R4/SUSTAINABLE_TERMINAL_CERTIFICATES.csv,1694,5b5ea70d0c08d7d5c542aae93e9bc192ceb53a4d52f57fbad1a7108ed26d8976
results_final/R4/THEOREM_STATUS.csv,439,965f3443edd94ddb46ec373074cfe79bf057bc6d1e58151c63dc06b617a86151
results_final/R5/ALL_BASELINE_RANKING.csv,797,eec7358421f2d560e961d873987a478f3e877c18816fb93dc43bf7935faf6d6d
results_final/R5/ALL_CONTROL_CYCLES.parquet,7894654,be1e94f5efc8eaf5c20ed9bec0267f832fdd5d557f4a3ae8710c4df6c442db33
results_final/R5/CONTRACT_VIOLATION_EPISODES.parquet,33783,93a21a3c4766299595f4557c30d37798f55ae5fd355fb0287da2fb2d4853fa73
results_final/R5/CONTRACT_VIOLATION_MANIFEST.csv,1806,34684b14b59267d91617bcef1b9f7aaf5812e94db15eef6d9162e0b5b7df754c
results_final/R5/CONTRACT_VIOLATION_SUMMARY.csv,516,75f8a0e8251bc7067feb908c8d3ca7a20b7ebd7e48b4ba1a2373e69353509e5a
results_final/R5/CORE_METRIC_GATES.csv,796,5aa8d5b3dedf7926c13ce20355ffb4f665311357ae1a49c3cb5e6a186c633140
results_final/R5/CORE_VALIDATION_EPISODES.parquet,61991,434101e7a05999a34a12ef37d3c92847b6b30e16f7379792ab0cf9d252f3040f
results_final/R5/CORRECTED_METRIC_SUMMARY.csv,2022,8bda2ad0f1cf1297aaebfece8f70670c84a68facf5ca99cbf7a5264504187475
results_final/R5/DEVELOPMENT_EPISODES.parquet,34875,8f46c2012519d62154b7c9bbe6a550ac0030c3312c42e4af27b0301502f7087f
results_final/R5/DEVELOPMENT_MANIFEST.csv,2899,3fde8d4300936ab9eba039c306aee5d2da2a1b85f4dd801ab26f007de3f3d74e
results_final/R5/DOMAIN_STATISTICS.csv,431,efa0837a02db14757b798ca93ace7761d5748e8a9f817704327eb7a9d346b6d9
results_final/R5/FACTOR_INDEPENDENCE_AUDIT.csv,334,6b78c9087806b508402aa1b82260fd2233bac3dffb42331b33bb14af9f88c1eb
results_final/R5/FAILURE_LEDGER.csv,1105,3e1c004d2f56d255e5ae75d620f4d23022b0ca98c7cd8ebd2e35ea6d12454a82
results_final/R5/HIERARCHICAL_BOOTSTRAP.csv,2197,5b0a59542409f91f02754f4f4f61b4d336098b0afbf8c7df76e8baa362bf5b8d
results_final/R5/KNOWN_OOD_SUMMARY.csv,1144,947345fc9d1d462e661c43a3532d854726b7aa5c5ef98deb010961869ae180cf
results_final/R5/NORMAL1H_EPISODES.parquet,36405,6a6494c4ba3781612cb25c1bbff28c3f2dae705acd97acaee7b9ed87a36cd9ab
results_final/R5/NORMAL1H_MANIFEST.csv,1901,6328987aa8fb22d5d75e83afbf7fd73309dd5db0fe49b16435cb7d212f7b7da0
results_final/R5/NORMAL1H_QUALITY.csv,1370,8689748381a0a9532d92388cc0cf71369b026bf606a4b46f928dc4ccb5cbd196
results_final/R5/PAIRED_ABSOLUTE_DIFFERENCES.parquet,22919,d9e96632e100b207016a40ed279df942e4af2af1815568149aae396895d3eeb6
results_final/R5/PAIRED_FAILURE_TABLE.csv,751,b029f9df126f48a84fd651ffdecd05b034b43808b006ddec7d156f9b70482fa5
results_final/R5/PLANT_A_VALIDATION_MANIFEST.csv,26897,d3a69dee028c9853871e9d398a9c3938ae8cce2e7cd3e241de17fb94aab5a4e8
results_final/R5/PLANT_B_VALIDATION_MANIFEST.csv,5924,195641fe35375f70bd2656f1d1957c868ac4849b9e5c95678c4d9c670a923da0
results_final/R5/PLANT_DIRECTION_CONSISTENCY.csv,162,59ff49d917bac948528a848383695d77e5c3c364f9f5efd57b1c7c76fa82c7d3
results_final/R5/R5_INITIAL_DENOMINATOR_DEFECT.json,2460,cb4a5cfd4181656aff16aab8469bdba1deb745ad7b850662c8ac762627525052
results_final/R5/R5_REPAIR_AUDIT.csv,529,95ca60e5a1a3c164592e94ec9cf6094d195bbd0ade33ded857fef39fe1006407
results_final/R5/R5_SUMMARY.json,2464,fbea8cffe89c1012d6029a8109073f60bafb4cbacec81b7c800a5e487e83121c
results_final/R5/SOLVER_DENOMINATOR.csv,435,1c342428b954e11b5d17cee6bfc14d2ba7d3b716b74ec69ae1d831badf859c94
results_final/R5/SOLVER_STATUS_COUNTS.csv,100,05e9bc37b77a0ace14f3c9e836f15081cae9f30a325e917c9c6937650ea3ba44
results_final/R5/SUPPLEMENTAL_BASELINE_EPISODES.parquet,42735,929fbb64c8be19dd1dc479684d0b1bd1c7235648d1a3c226e6bc1355247cc714
results_final/R5/parts/contract_violation/R5-CV-00__dcsv_cr_mpc__cycles.parquet,32919,23800655006cef71c147a14d6f8a326c8edb3f9e2ef11880dce7f593acf1a5cc
results_final/R5/parts/contract_violation/R5-CV-00__dcsv_cr_mpc__summary.parquet,33895,1bc0f9edb48303e58bae22d0f2dfe22eb0b05b0f9bc9682f7e97274e64273076
results_final/R5/parts/contract_violation/R5-CV-01__dcsv_cr_mpc__cycles.parquet,25395,0285f94ec82a0c470e492160f8a619de30b917f47db03b63a1dbfd887abfd144
results_final/R5/parts/contract_violation/R5-CV-01__dcsv_cr_mpc__summary.parquet,33895,f7cf8a5999e2ec391284604fbafd8439c3f3db02b11764a88a30ce499b83ba70
results_final/R5/parts/contract_violation/R5-CV-02__dcsv_cr_mpc__cycles.parquet,32760,fc41151395f82f21e1630fe540001a1d8da75ed754f554556fdac4b398187db6
results_final/R5/parts/contract_violation/R5-CV-02__dcsv_cr_mpc__summary.parquet,33901,41a82ee962c07f3adac0855e1b65f19d376e16bf47992e5b8ebda41d89581d0d
results_final/R5/parts/contract_violation/R5-CV-03__dcsv_cr_mpc__cycles.parquet,25458,54b8a4d9f04f6574f59acb3ab8149a044ec8360d8c944c61b8563d2b478d0731
results_final/R5/parts/contract_violation/R5-CV-03__dcsv_cr_mpc__summary.parquet,33901,9b466285ef5cfaa1fb3175bb8408d3f060686ba1b16e7197fd2dc9f014f11e55
results_final/R5/parts/contract_violation/R5-CV-04__dcsv_cr_mpc__cycles.parquet,32702,c9587f2ff193b565cff9eba707f9d97ed710fe4c395f41e40aaaa91d7d779ad2
results_final/R5/parts/contract_violation/R5-CV-04__dcsv_cr_mpc__summary.parquet,33890,8398be4fc29337ec7862816f1a4c06777341141c69aee8cc0f6c269ea381b538
results_final/R5/parts/contract_violation/R5-CV-05__dcsv_cr_mpc__cycles.parquet,25467,41fd31339fff7ea88b2d099beab7c412b7f98e12ebd5dc89a6d4425413ebc99c
results_final/R5/parts/contract_violation/R5-CV-05__dcsv_cr_mpc__summary.parquet,33890,60ca6a5a0201fad946d82bcbf5f908c2a1765f5f02c9769873b06517921b8337
results_final/R5/parts/development/R5-D-A-000__contract_only_rolling_mpc__cycles.parquet,32061,99a3ae74200860b7c267d86ac3e05f0bb8eb448d3f428b72facb9fbe125ca844
results_final/R5/parts/development/R5-D-A-000__contract_only_rolling_mpc__summary.parquet,33655,3c852704468f82b73beedb03a6daac0f015755613541d96286be4cb60ca11a42
results_final/R5/parts/development/R5-D-A-000__dcsv_cr_mpc__cycles.parquet,33734,ce5ac2e027ab9252044a103e885204085fb19d1af2522601f4d825048f551835
results_final/R5/parts/development/R5-D-A-000__dcsv_cr_mpc__summary.parquet,33585,8db8a03ebfa9999ea7654a37daecae9d94662d6515a1240d5937f571eff1cf83
results_final/R5/parts/development/R5-D-A-001__contract_only_rolling_mpc__cycles.parquet,25167,423319034100a47704f70025e4b411ed278e337aac96be5bd4a5d971cc1ee852
results_final/R5/parts/development/R5-D-A-001__contract_only_rolling_mpc__summary.parquet,33655,946dc707c7c405b6694687e682341ee60b4085fa253bf00d3f519d11dd0c076b
results_final/R5/parts/development/R5-D-A-001__dcsv_cr_mpc__cycles.parquet,25872,f4ddb9366e8e99e83a933e429a1da6d6ab3a8c79521d8e1a4ce7ca8d357bd054
results_final/R5/parts/development/R5-D-A-001__dcsv_cr_mpc__summary.parquet,33585,1a00725830a874035360c20dc5f37bdb09f0709cfad5ae04162f34d3701b05e5
results_final/R5/parts/development/R5-D-A-002__contract_only_rolling_mpc__cycles.parquet,32092,7b6396a74f4cd945c39b4be844af9599d6319fdc2e856112bad857a0800124ed
results_final/R5/parts/development/R5-D-A-002__contract_only_rolling_mpc__summary.parquet,33661,09ead320491bd64b32e49b57b599dbf30da304c6f291426f4044097edf4f0929
results_final/R5/parts/development/R5-D-A-002__dcsv_cr_mpc__cycles.parquet,33587,27896f6c9505239999af263c44fb84d57a027a49838584f4029fc75af26b1b57
results_final/R5/parts/development/R5-D-A-002__dcsv_cr_mpc__summary.parquet,33591,140d5c522d120a5993ab1fd126e0d51e6caec0715e65e17398a8cacb7cf15f61
results_final/R5/parts/development/R5-D-A-003__contract_only_rolling_mpc__cycles.parquet,25143,1a8db378a8c1a798d2bf8c8ca7eca9056a990ffdbeb8bc80e3b3995d9c5d2ea7
results_final/R5/parts/development/R5-D-A-003__contract_only_rolling_mpc__summary.parquet,33661,07c34ce4c3c63e43609fa0020c8544cee416451c5351824b354dab59fbd93040
results_final/R5/parts/development/R5-D-A-003__dcsv_cr_mpc__cycles.parquet,25812,f8e99b154c5c56948afb754e36b96d6504908d850576aec503d648c4e5db1063
results_final/R5/parts/development/R5-D-A-003__dcsv_cr_mpc__summary.parquet,33591,53db05b403552dc3c7b948367b988dbb4f8f348241befc7fe521b75179371148
results_final/R5/parts/development/R5-D-A-004__contract_only_rolling_mpc__cycles.parquet,32110,4006a9f12413b5033b4786bef90b55cb88d2cdab61ccfd999a7d161ee475d093
results_final/R5/parts/development/R5-D-A-004__contract_only_rolling_mpc__summary.parquet,33650,b1755ed355254ca3bd87189afb9905e9efecbc4a73432e6dc5e57ec77f615331
results_final/R5/parts/development/R5-D-A-004__dcsv_cr_mpc__cycles.parquet,33703,da47996b064611ce2937da77305c105fd4f5c1ac1f0cfb8e5ecef3f153b750f7
results_final/R5/parts/development/R5-D-A-004__dcsv_cr_mpc__summary.parquet,33580,29fdcbb304ffed4ae23257afae2115cbf5d301457a1a1d42fcc922b561a47423
results_final/R5/parts/development/R5-D-A-005__contract_only_rolling_mpc__cycles.parquet,25134,8fcb03a62963ab025a7031836d75145a8059ee0869d39406a1728e5c59cd2dbb
results_final/R5/parts/development/R5-D-A-005__contract_only_rolling_mpc__summary.parquet,33650,02417ee8a7b14f0c1de162f7a189d1db0fffc69e821b4d2d435f69c4143fc814
results_final/R5/parts/development/R5-D-A-005__dcsv_cr_mpc__cycles.parquet,25861,48414aa79bfe271f7c7878050d03a58577d7a59b144fa92d9a554653d9638b34
results_final/R5/parts/development/R5-D-A-005__dcsv_cr_mpc__summary.parquet,33580,1f796e5a9b5593f0862e7746a5a4c9bbe7603c0e5d54a07eb245e67636d0109a
results_final/R5/parts/development/R5-D-A-006__contract_only_rolling_mpc__cycles.parquet,32156,7f1fe68757b6bd1027746298ca9871382a7dde68c897f4afc9757c5007ebd3db
results_final/R5/parts/development/R5-D-A-006__contract_only_rolling_mpc__summary.parquet,33656,a296adabd9c2fb016dfc084f8af6473c71696b464b6f36c82157c287d4ef0818
results_final/R5/parts/development/R5-D-A-006__dcsv_cr_mpc__cycles.parquet,33548,78bd1a68d74859481bec48da6c5cc6505967aef9a6ef366ab4f1d39b419f510c
results_final/R5/parts/development/R5-D-A-006__dcsv_cr_mpc__summary.parquet,33586,4f10fecda3b6aaf50a775c1f5cb9b778e60243a266c1cafa192b106c55a60bfe
results_final/R5/parts/development/R5-D-A-007__contract_only_rolling_mpc__cycles.parquet,25135,5ca750d40944a854e57385d7d5a42bec0b8c1dbbda671979537ea75a92c39be2
results_final/R5/parts/development/R5-D-A-007__contract_only_rolling_mpc__summary.parquet,33656,b2a1efadb77ec8acb1a19b88ef15a966f60d455f9f069d9b2871327fda17f715
results_final/R5/parts/development/R5-D-A-007__dcsv_cr_mpc__cycles.parquet,25805,37152f27da4e294bbafa5518dc2b00957fa6880e53fba98644a2cada9e0d94e7
results_final/R5/parts/development/R5-D-A-007__dcsv_cr_mpc__summary.parquet,33586,baef7b4aa28cf72cd2a4a43c8f9eacf52b45dda4436b332e6292fc6b6ef85f14
results_final/R5/parts/development/R5-D-A-008__contract_only_rolling_mpc__cycles.parquet,32056,cb016520e6c34c516d2764b061ff14c237b7b8ae7be427d68b7528b03f356b0a
results_final/R5/parts/development/R5-D-A-008__contract_only_rolling_mpc__summary.parquet,33675,f3c2dfafbf2d2af152baa178f8f785fc01697747f438a1e4a5777ffe5c26d9a0
results_final/R5/parts/development/R5-D-A-008__dcsv_cr_mpc__cycles.parquet,32305,0f6aef2e7889b54150c82ff7aa3e87d09336de2f73af0981c1e7d0cf65819eec
results_final/R5/parts/development/R5-D-A-008__dcsv_cr_mpc__summary.parquet,33605,a810d3fc03bed0821c668547a64f7699341c27d18ed027eadb21b7e9caa4f807
results_final/R5/parts/development/R5-D-A-009__contract_only_rolling_mpc__cycles.parquet,25146,43c7d6f585042ba143956e4bf25345119f2746c272d09754f4366154b549972d
results_final/R5/parts/development/R5-D-A-009__contract_only_rolling_mpc__summary.parquet,33675,7691a0987929eb18e45494a861f87796f8d75150fbfd26acb4597f0f70a27212
results_final/R5/parts/development/R5-D-A-009__dcsv_cr_mpc__cycles.parquet,25796,286a732739ef65aa88fabbae5c0f71a3577458c14cd259c8f28b062b3e5bab22
results_final/R5/parts/development/R5-D-A-009__dcsv_cr_mpc__summary.parquet,33605,821068d47d9321beda334991248344f29a036acfd87232c507906bf5fede4661
results_final/R5/parts/development/R5-D-A-010__contract_only_rolling_mpc__cycles.parquet,32051,cb2631d7bea86d16364c4ae48ff4d65c98494cf41b5faffac5761529c49da5e8
results_final/R5/parts/development/R5-D-A-010__contract_only_rolling_mpc__summary.parquet,33681,e8228637039ffbecbf2fb988b3343670bc1dcfc55d2c00f5161e75680eeaa25d
results_final/R5/parts/development/R5-D-A-010__dcsv_cr_mpc__cycles.parquet,32086,0d9c8a165b1648892ea87b44057db4fe7d2a56eacbaa0b9f246a70e2944686e6
results_final/R5/parts/development/R5-D-A-010__dcsv_cr_mpc__summary.parquet,33611,1de8f5a73dd19100abe1d51adb516f22ac82e22766d3e5148074c1a6cb3c92b1
results_final/R5/parts/development/R5-D-A-011__contract_only_rolling_mpc__cycles.parquet,25104,fe9b10f868b9c876691bda3a30dbd2890f8b33b01c36934a5c3980583516ce6b
results_final/R5/parts/development/R5-D-A-011__contract_only_rolling_mpc__summary.parquet,33681,c706497ca5fd5a9857bf9388b6dae0b3d4052d99532175991470c28d2e923398
results_final/R5/parts/development/R5-D-A-011__dcsv_cr_mpc__cycles.parquet,25765,faf478d19621a9a05044237b2ce5ed15f7c9c7a3760448b9103bda56f3ae79d5
results_final/R5/parts/development/R5-D-A-011__dcsv_cr_mpc__summary.parquet,33611,7c844e8f954d979b926b30d6e8b7d5b2d8dcaabfc1b3a5b29bce91c2e76dc053
results_final/R5/parts/normal/R5-N-00__contract_only_rolling_mpc__cycles.parquet,103386,e210e262ca4f006c20a14121081c93d6baa0af0664e6e0a6afa29050491c52b6
results_final/R5/parts/normal/R5-N-00__contract_only_rolling_mpc__summary.parquet,33967,8be49118d83ef0964035d54662fa90ab43d63bc9223ad93feea3458d1848b41e
results_final/R5/parts/normal/R5-N-00__dcsv_cr_mpc__cycles.parquet,111162,802c8fe6024b0e8768e73005a9ee00d6924cec2e0e6415a224da958f9a584c3e
results_final/R5/parts/normal/R5-N-00__dcsv_cr_mpc__summary.parquet,33897,e596444c7317349485328973fe9125d2033d11ccf15f08ff297d7d772bb1619d
results_final/R5/parts/normal/R5-N-00__fixed_allocation_anti_windup_pi__cycles.parquet,92379,56cec0ad2870d3aa79e9b24fae9affb27db123927454fd3e262316495929f60f
results_final/R5/parts/normal/R5-N-00__fixed_allocation_anti_windup_pi__summary.parquet,33997,19350b89ac648d27e9503a40ab418e690adc58d85f78ad0830ebe6fa2701ac11
results_final/R5/parts/normal/R5-N-00__model_adaptive_mpc__cycles.parquet,103371,b3acc5df222f0304a86bc3f3f0c5cbef3a2119fbb11595b0bd41a8503586d044
results_final/R5/parts/normal/R5-N-00__model_adaptive_mpc__summary.parquet,33932,14888fb996a43934934d4015307756fff17dec5a6e61c90c9ef3e4e5e4f4f9cd
results_final/R5/parts/normal/R5-N-00__nominal_offset_free_mpc__cycles.parquet,103903,9c45215879d174469755bf2ee4a9860f04a10d20f119ffdffb1337431db9eea1
results_final/R5/parts/normal/R5-N-00__nominal_offset_free_mpc__summary.parquet,33957,8f60d5edf7199cbdc741db5c6a3dc4828d9c3db62ddbcce7bd8289e4f7da80e8
results_final/R5/parts/normal/R5-N-00__sg_only_anti_windup_pi__cycles.parquet,84072,3348d4d10db4c64e28b87205582c3bd2eaf5183099d0cc00f15c0d859d622a4c
results_final/R5/parts/normal/R5-N-00__sg_only_anti_windup_pi__summary.parquet,33952,12226fb4b7f0479b6796128d961abda206c1ece12eaa0bef6a1bd53f5bfac9d8
results_final/R5/parts/normal/R5-N-00__true_capability_oracle_mpc__cycles.parquet,103795,b9d339c0529760e036656a5dd53b55a0c739f9b1efda153c4032c1fb58ba2f02
results_final/R5/parts/normal/R5-N-00__true_capability_oracle_mpc__summary.parquet,33972,90f33fa45210976fa4dc68a767212b489219f4a369a21b674c2c2bcfe915e709
results_final/R5/parts/normal/R5-N-01__contract_only_rolling_mpc__cycles.parquet,103378,fabc37268fb38f405bb83d8ab891e69981194b66c6f08212fa076727f7a1f9c6
results_final/R5/parts/normal/R5-N-01__contract_only_rolling_mpc__summary.parquet,33962,fe002633221cd9dffe85c7c7f39c7c6e880f0f6b9d026dd298e11b5a18232af2
results_final/R5/parts/normal/R5-N-01__dcsv_cr_mpc__cycles.parquet,111245,bf53e7b00c8ae23fb13674a57ba6ce7c8715c7e9d2dd0241647102af81bbb438
results_final/R5/parts/normal/R5-N-01__dcsv_cr_mpc__summary.parquet,33892,021421be1330183c924cef0086e3ad4c065a95df4d3228fd723dd0f1a27d23ac
results_final/R5/parts/normal/R5-N-01__fixed_allocation_anti_windup_pi__cycles.parquet,92406,487845c47ab565d344191d11180387e6a2d140c31c7563c3c333731ee1eccc8b
results_final/R5/parts/normal/R5-N-01__fixed_allocation_anti_windup_pi__summary.parquet,33992,ea7fa3f87ce401689b842416086396d23288950c49045d062fa3d7c0481fa94d
results_final/R5/parts/normal/R5-N-01__model_adaptive_mpc__cycles.parquet,103350,b475020e816e200f09a4e53ae769134ab7593f11ca9b1c32f7f78218c901f710
results_final/R5/parts/normal/R5-N-01__model_adaptive_mpc__summary.parquet,33927,f605aa41321b9f2bb767af1922ac8089736823819b80d280d15b3899e047dc6e
results_final/R5/parts/normal/R5-N-01__nominal_offset_free_mpc__cycles.parquet,103930,27d5496a7d6db5206fb461d1eae8b271090cd0055e3cb91106ed521a179de7d3
results_final/R5/parts/normal/R5-N-01__nominal_offset_free_mpc__summary.parquet,33952,f51263dc167ab0866c93425f0f7f86e1aa5ea2a16c5a1fb6064cebd4140cbb78
results_final/R5/parts/normal/R5-N-01__sg_only_anti_windup_pi__cycles.parquet,84189,703102252438d65f5a8c0bd09479903f51b59a6afb220f9fc632c595615a73fe
results_final/R5/parts/normal/R5-N-01__sg_only_anti_windup_pi__summary.parquet,33947,87c747aa18ea3a718f5ba924d7cab8c9566658404d3d1ce900cabd7afcf58dee
results_final/R5/parts/normal/R5-N-01__true_capability_oracle_mpc__cycles.parquet,103941,8c3e855925c245b6a5af10c4e569073718723328ca30a5e984c4cdc4a37d4ff3
results_final/R5/parts/normal/R5-N-01__true_capability_oracle_mpc__summary.parquet,33967,8766841499b9b9278492e3c59f0bbf41a86bb083713b1571a647791b889159dd
results_final/R5/parts/normal/R5-N-02__contract_only_rolling_mpc__cycles.parquet,103578,8f3e2f2fa6c52c066ca0784fa09df93366230b08c07eebc2c1d1df7353aaa334
results_final/R5/parts/normal/R5-N-02__contract_only_rolling_mpc__summary.parquet,33987,59d2207bcd98c90dad468b8f1dae94506f8cb30597dbf04b9374e9d7b17d0db3
results_final/R5/parts/normal/R5-N-02__dcsv_cr_mpc__cycles.parquet,100978,dfc5487c6a805212349f71d2a07b94715d6c86630accd19f1dc9a7d7c0ff1b77
results_final/R5/parts/normal/R5-N-02__dcsv_cr_mpc__summary.parquet,33917,fc4c00d351240782453ae83179612a8e30ca95be98362c47f9f76b79c8bacb27
results_final/R5/parts/normal/R5-N-02__fixed_allocation_anti_windup_pi__cycles.parquet,86857,31f0996663fb0c470f2531bea4daa5189e7e8422165275de023fac8c58aaf9ec
results_final/R5/parts/normal/R5-N-02__fixed_allocation_anti_windup_pi__summary.parquet,34017,d24a53a7372fcfd1c093f6f780d15ccd0763c4bd3faf46f0bab63343eb749c8f
results_final/R5/parts/normal/R5-N-02__model_adaptive_mpc__cycles.parquet,103241,73e0865a715590c6cb26dc5aff0db54b00cc4123c544158ad5052a20774caaf7
results_final/R5/parts/normal/R5-N-02__model_adaptive_mpc__summary.parquet,33952,099ea6c4dbd678bbab10a9ce5cc545c63d5f15fd59621183fd350bbc83c8527f
results_final/R5/parts/normal/R5-N-02__nominal_offset_free_mpc__cycles.parquet,105766,f843aeb3161dba62e606d1df2b26763813eaa3d084cda9e44e531ee8675db34b
results_final/R5/parts/normal/R5-N-02__nominal_offset_free_mpc__summary.parquet,33977,21a217b0cc4367b6ef6899ed7c543e46def0eb19b52129dc705beb2d22417b36
results_final/R5/parts/normal/R5-N-02__sg_only_anti_windup_pi__cycles.parquet,80767,653d4799ee4ea6747e98c985355148b136240e14b45eea2115bf452cfd37a9f1
results_final/R5/parts/normal/R5-N-02__sg_only_anti_windup_pi__summary.parquet,33972,05f947c30e3db230be49ff3cc1678b3d4b24b43ad6df14ae83b665cdc390c54b
results_final/R5/parts/normal/R5-N-02__true_capability_oracle_mpc__cycles.parquet,105940,a9f2974e4c2d2a8b0ff4708ae8bc0829c51efcac88da0a7befbe93d81d515f9e
results_final/R5/parts/normal/R5-N-02__true_capability_oracle_mpc__summary.parquet,33992,6442c9164999e4c43662da5600295c7c3814ee9d91cb978a347f6aaa356da045
results_final/R5/parts/normal/R5-N-03__contract_only_rolling_mpc__cycles.parquet,103309,a91ce03af49b181343990b77ff8eaae9856d20b39308b99a9ca6a647cf4b67ba
results_final/R5/parts/normal/R5-N-03__contract_only_rolling_mpc__summary.parquet,33956,0642c0bdf7dcefa477d7c7e9cdf479ca61bdd1ba1280f6aba8033449fa697663
results_final/R5/parts/normal/R5-N-03__dcsv_cr_mpc__cycles.parquet,111422,6413e24639e9dae5ea8ced5f039150055f57f65ea1d9126146ab45599d63632f
results_final/R5/parts/normal/R5-N-03__dcsv_cr_mpc__summary.parquet,33886,5d38e346448dcb1208f4563f18510e204f33910ba24f7975ad89740bee2a4a50
results_final/R5/parts/normal/R5-N-03__fixed_allocation_anti_windup_pi__cycles.parquet,92132,04f38caf9036370205305004a9c7b749648cceb627d0326bcfdf4f77bad5a6a0
results_final/R5/parts/normal/R5-N-03__fixed_allocation_anti_windup_pi__summary.parquet,33986,2400252fba5e309132692be4d99ea19c3ce86eb6013c0403823f0f1fa539151a
results_final/R5/parts/normal/R5-N-03__model_adaptive_mpc__cycles.parquet,103394,9cdf43d75e690600f914efe47c45808afe614b6295b0a476c6c35d0bee485ca1
results_final/R5/parts/normal/R5-N-03__model_adaptive_mpc__summary.parquet,33921,a6adbaae66681d73dfde4995478abdd7a99ec7395e018f5398a14c3432fe61b5
results_final/R5/parts/normal/R5-N-03__nominal_offset_free_mpc__cycles.parquet,103931,0fd8eabe651bb980dbae303d35b343d7dd1dee01a830ceb5d41268adb7cfbfcf
results_final/R5/parts/normal/R5-N-03__nominal_offset_free_mpc__summary.parquet,33946,e90d4611720014c15f69ccc5ad8bcdb691f089fc58713ead6fb1d2b5ef61bc05
results_final/R5/parts/normal/R5-N-03__sg_only_anti_windup_pi__cycles.parquet,84157,a5e1597dc5dac4f73a0c0b1df3e9841f65843753dbe44301ae7c7bfa38bfb21b
results_final/R5/parts/normal/R5-N-03__sg_only_anti_windup_pi__summary.parquet,33941,73a402028532ac69a02befe7e70d94eca15fcfce7112ab95c77263d95e42344a
results_final/R5/parts/normal/R5-N-03__true_capability_oracle_mpc__cycles.parquet,103793,020753f129187e750a3e122c8695164544e35560579c02fc80e10d8faf51cb7e
results_final/R5/parts/normal/R5-N-03__true_capability_oracle_mpc__summary.parquet,33961,2c75313114d9c2d2b7018a3a6eb7073a8302eae80085ccabb2aecb9e317699c6
results_final/R5/parts/normal/R5-N-04__contract_only_rolling_mpc__cycles.parquet,103407,cde735b6e5950e9baf557b84ae9d22ad9670424969da6c05b4708134472e2821
results_final/R5/parts/normal/R5-N-04__contract_only_rolling_mpc__summary.parquet,33951,c5cddbe2117a8f0df365341938479ff7d831a86acff7e3fd5498b3c3975da610
results_final/R5/parts/normal/R5-N-04__dcsv_cr_mpc__cycles.parquet,111192,6871c0c4537b810111d8b1750cf31c0330e98c1254ef586ef8d71a34ec617f62
results_final/R5/parts/normal/R5-N-04__dcsv_cr_mpc__summary.parquet,33881,5c00b2b924aca8e9189fe21783b20bb01f3daadc39e50b3a05139519ffa15b0b
results_final/R5/parts/normal/R5-N-04__fixed_allocation_anti_windup_pi__cycles.parquet,92411,2b17042d95d259ab6ff83624f2174a40dde757067cee05ba41fcf41b79411126
results_final/R5/parts/normal/R5-N-04__fixed_allocation_anti_windup_pi__summary.parquet,33981,ffbd0a590a32b6b883ec9174c474772b31be6db766ee5797f8698afcfa1c7626
results_final/R5/parts/normal/R5-N-04__model_adaptive_mpc__cycles.parquet,103375,ee093f9b13f41c59b121b6e2dbc5c1e32c39a24ff5cd3306e8c321413d0861d7
results_final/R5/parts/normal/R5-N-04__model_adaptive_mpc__summary.parquet,33916,5ec08e62c076231680552dd929dd340b4beb610063c7883816230ffd863c23ff
results_final/R5/parts/normal/R5-N-04__nominal_offset_free_mpc__cycles.parquet,103812,5fb8c07cc1e5fb9ae782496ea8785a1c0ed1fbe7e83a36cf4c84ff1ec4e33dbe
results_final/R5/parts/normal/R5-N-04__nominal_offset_free_mpc__summary.parquet,33941,4e5f4af3adbdaa8061316096f7a89d1a7675a90c989a84fd1c71edc15158e521
results_final/R5/parts/normal/R5-N-04__sg_only_anti_windup_pi__cycles.parquet,84265,2bb029c9999976d0ea7053fc37a81009fe103aca36236c40c40b08c13792bbdc
results_final/R5/parts/normal/R5-N-04__sg_only_anti_windup_pi__summary.parquet,33936,4a11a069b1ffd9ebb4171b4df030dc803b44bff0e5ea2814edab121c9607f430
results_final/R5/parts/normal/R5-N-04__true_capability_oracle_mpc__cycles.parquet,103805,b45818f86b1abd78e3676800dd0a5a655143578a235817b6c429e562e1446dcc
results_final/R5/parts/normal/R5-N-04__true_capability_oracle_mpc__summary.parquet,33956,4d562ff3dec31352aebf9139bd069cea9538f79e3f6c4312a43f42442dc810b7
results_final/R5/parts/normal/R5-N-05__contract_only_rolling_mpc__cycles.parquet,103337,ada346e7490172bcc8f57b9e69628745cfe85b31bbec5aefb3793755a46d4707
results_final/R5/parts/normal/R5-N-05__contract_only_rolling_mpc__summary.parquet,33976,8aaf850ffcbc1cb406db74921cdae6bcb83d477ad56877b6a8283b7eb9ce6909
results_final/R5/parts/normal/R5-N-05__dcsv_cr_mpc__cycles.parquet,111042,31806b006b8860461c81083343d7ccfd9f22e6335f45ef4907e7f6b45d37c742
results_final/R5/parts/normal/R5-N-05__dcsv_cr_mpc__summary.parquet,33906,7c9ca818bcaaad9802835fac1682866ffc8c74d649da25036f1a9b569de3c8e3
results_final/R5/parts/normal/R5-N-05__fixed_allocation_anti_windup_pi__cycles.parquet,92353,fd02cb11c98a48efe9bfbe469ce1bfe0fd74b3dc2d3da2101065a53430bc6404
results_final/R5/parts/normal/R5-N-05__fixed_allocation_anti_windup_pi__summary.parquet,34006,552458ad35bf96c7abf1d3899cfb64ee8748e3624b13949eaca471a82329f818
results_final/R5/parts/normal/R5-N-05__model_adaptive_mpc__cycles.parquet,103201,0552faf483a90c1bfceecf870b6a5a2ec936da3963af429225ef35a499dae807
results_final/R5/parts/normal/R5-N-05__model_adaptive_mpc__summary.parquet,33941,e660d9cfee06193bbee896dd5f96dec34a490f5efd69d85afff9bb2c6ac99992
results_final/R5/parts/normal/R5-N-05__nominal_offset_free_mpc__cycles.parquet,103948,02c63f503f9321fd66ebc2a657ce01535de68bccaa195f7a0dc9317cebe96cc8
results_final/R5/parts/normal/R5-N-05__nominal_offset_free_mpc__summary.parquet,33966,a8c91f9572e1c086a56d0d7d37dd4930242a260af9a20ed5210aae5b7933e6ce
results_final/R5/parts/normal/R5-N-05__sg_only_anti_windup_pi__cycles.parquet,83031,d7500a14a562b0eb875b4dd2d9d83e02d177f9cd594feb1949cf244108d46d15
results_final/R5/parts/normal/R5-N-05__sg_only_anti_windup_pi__summary.parquet,33961,f3dcb942a133ba35f028ddd7763eafa0f1eb818770950975c63373abd96f9f86
results_final/R5/parts/normal/R5-N-05__true_capability_oracle_mpc__cycles.parquet,103565,7c941b37a0add25c08cff1f0f8b791285992d0ea83e226a7c4ec47f0677d0aa5
results_final/R5/parts/normal/R5-N-05__true_capability_oracle_mpc__summary.parquet,33981,f069db8743aacf1e965196eb6c4e7369b0389af2567dc30a77aac0f71a09e319
results_final/R5/parts/plant_a_primary/R5-V-A-000__contract_only_rolling_mpc__cycles.parquet,30519,80c5d422901a0948401930f495c47ebc5bf5023db148d6ad7ef97cf492942aa1
results_final/R5/parts/plant_a_primary/R5-V-A-000__contract_only_rolling_mpc__summary.parquet,33779,1d8224b061c4ee89d1d4c89784baa4f3c00395145db1464eb4ef52b3189428d2
results_final/R5/parts/plant_a_primary/R5-V-A-000__dcsv_cr_mpc__cycles.parquet,31136,ddfa711af6b2698837248c54bddf07b153013c12a2e234d63f6f83daa086119b
results_final/R5/parts/plant_a_primary/R5-V-A-000__dcsv_cr_mpc__summary.parquet,33709,ed02a7e44c2d3a45cd6975028515a5f75f660441986bf8d0be24d6901d2d7138
results_final/R5/parts/plant_a_primary/R5-V-A-001__contract_only_rolling_mpc__cycles.parquet,30956,959f802aba999996f3dc17d9f061321f08aaa0d62effa972b517ef7548fa683b
results_final/R5/parts/plant_a_primary/R5-V-A-001__contract_only_rolling_mpc__summary.parquet,33936,ad15f22bfa167a45e2bdfce8a13b2dc947dacec8556535b0b78256cd3fef31b4
results_final/R5/parts/plant_a_primary/R5-V-A-001__dcsv_cr_mpc__cycles.parquet,31465,35202f3805c0b3ddd955aa3a0dcc335250aa0640eb147f1b6e8bd7b4b7640606
results_final/R5/parts/plant_a_primary/R5-V-A-001__dcsv_cr_mpc__summary.parquet,33866,5f9af81c44addf621553fd9e9f7e82daf4a546cf190e1acb4c5473829bed7608
results_final/R5/parts/plant_a_primary/R5-V-A-002__contract_only_rolling_mpc__cycles.parquet,32142,561ad1fe8dd791590f221d047d84734b41bb6786264745381035a17ec35558de
results_final/R5/parts/plant_a_primary/R5-V-A-002__contract_only_rolling_mpc__summary.parquet,33650,fd1be48f791b21d54d64e2a93dbe1cec45c3ae93583dd81f0a4c43d2d30e87e1
results_final/R5/parts/plant_a_primary/R5-V-A-002__dcsv_cr_mpc__cycles.parquet,33947,becec7f4566f0026c81731fa1429ea4016235413706f723e5f4d4e30e3799564
results_final/R5/parts/plant_a_primary/R5-V-A-002__dcsv_cr_mpc__summary.parquet,33580,7590837c56e60dc6f6213992ec6c82863fee4d646a3ad8c638a1bb2f9a042dd5
results_final/R5/parts/plant_a_primary/R5-V-A-003__contract_only_rolling_mpc__cycles.parquet,31110,797c5a480083717ed328f932ba24873e92685f25deb5658649140b4d2292cd2c
results_final/R5/parts/plant_a_primary/R5-V-A-003__contract_only_rolling_mpc__summary.parquet,33840,575235310a521e35c24630210fb2415b99c808878b2fbd623a1592baa85d079d
results_final/R5/parts/plant_a_primary/R5-V-A-003__dcsv_cr_mpc__cycles.parquet,31799,8d425e5634f03fb596998a4c8f61a92e03bba35fa81e0191f8c0722dcc29d604
results_final/R5/parts/plant_a_primary/R5-V-A-003__dcsv_cr_mpc__summary.parquet,33770,557404d486057cf44e59d31976d380d89264f7a280b8d11415222559f66e020f
results_final/R5/parts/plant_a_primary/R5-V-A-004__contract_only_rolling_mpc__cycles.parquet,32174,b51b303410ce6f9bc759af74aef98d206d9966c621e76eccbb11a149d2da7915
results_final/R5/parts/plant_a_primary/R5-V-A-004__contract_only_rolling_mpc__summary.parquet,33639,02c04977ca35fea34b0d9575af43fd1c1b78a17b5f38bac9151d12ba3393bda2
results_final/R5/parts/plant_a_primary/R5-V-A-004__dcsv_cr_mpc__cycles.parquet,33696,ed7ddc3ce1264e07ae46619f71bfda8ea60e113fc986287eb1185f74cab28c7e
results_final/R5/parts/plant_a_primary/R5-V-A-004__dcsv_cr_mpc__summary.parquet,33569,3f878d35878ba26787a7d49da18841e6b17ed2906f93eda45e4b0dc5694ca54d
results_final/R5/parts/plant_a_primary/R5-V-A-005__contract_only_rolling_mpc__cycles.parquet,32297,336acdec811f27317088c1a84aca5ec182458411df324eab08e60d6ab1a05d08
results_final/R5/parts/plant_a_primary/R5-V-A-005__contract_only_rolling_mpc__summary.parquet,33589,67d88b1ab2bea99548dda61ac0ac4b7c0591574470e30c8f5ed3430da03d21e4
results_final/R5/parts/plant_a_primary/R5-V-A-005__dcsv_cr_mpc__cycles.parquet,33869,9bd008a97b56b4bc546849c26b02636efc18480d3b3368f8298be153e64b5299
results_final/R5/parts/plant_a_primary/R5-V-A-005__dcsv_cr_mpc__summary.parquet,33519,3ab5c66f16b7788f702ec3349cd0ec373b69beaf0192197d923fd1fd048ea51a
results_final/R5/parts/plant_a_primary/R5-V-A-006__contract_only_rolling_mpc__cycles.parquet,32060,b42c0389eab4aa0623acdeaf928732c1ef920fd6c3b18a6c491466b7b2ce1ec6
results_final/R5/parts/plant_a_primary/R5-V-A-006__contract_only_rolling_mpc__summary.parquet,33634,4184844dc12ff6b0b9cad4cb814a3dfcf107315d7f4e87515f560b4c7cd968db
results_final/R5/parts/plant_a_primary/R5-V-A-006__dcsv_cr_mpc__cycles.parquet,33713,d8cd3e386f13f2e092dbfa3efe58b016034f4bb0818736ea828ecaea5ab4fdd6
results_final/R5/parts/plant_a_primary/R5-V-A-006__dcsv_cr_mpc__summary.parquet,33564,8c7e806b82cc5b315a12a54b8f44786669ddeabed36355f0b0c5e89fba7ec362
results_final/R5/parts/plant_a_primary/R5-V-A-007__contract_only_rolling_mpc__cycles.parquet,32372,2af7e1e30ba83d9b331bfe6d0cb729d8640594074bc3e5ab706cdfe50767a2e8
results_final/R5/parts/plant_a_primary/R5-V-A-007__contract_only_rolling_mpc__summary.parquet,33770,4f6702452d3e2660e564a2542b751b70685879bd0735b27d16ef0715f3426c40
results_final/R5/parts/plant_a_primary/R5-V-A-007__dcsv_cr_mpc__cycles.parquet,33763,91ba25e103a01d1c7270dfc1274c36fbe023bfc67b42c0b2e025fbdd7807ff00
results_final/R5/parts/plant_a_primary/R5-V-A-007__dcsv_cr_mpc__summary.parquet,33700,149fe52c220ff5e592f17a563e6757ba175108aa47dab6aa55a612b37983ab1e
results_final/R5/parts/plant_a_primary/R5-V-A-008__contract_only_rolling_mpc__cycles.parquet,30768,1256cf3309ef252db6b067802748653acf2325dca3d1aeae4f39edf936b9f862
results_final/R5/parts/plant_a_primary/R5-V-A-008__contract_only_rolling_mpc__summary.parquet,33785,66545e1275bb3b220e32d05f9781ea7d60d2237db3845c862b52e2cef337b99f
results_final/R5/parts/plant_a_primary/R5-V-A-008__dcsv_cr_mpc__cycles.parquet,31306,dfa945d1741c6b18401e925f2a879457ba6d3d4a257f4f6a64f5e7b8d495817d
results_final/R5/parts/plant_a_primary/R5-V-A-008__dcsv_cr_mpc__summary.parquet,33715,6f491aa971cff39901dc98bd40bb924afe42db34fc8d0c57090adb62dbf77f65
results_final/R5/parts/plant_a_primary/R5-V-A-009__contract_only_rolling_mpc__cycles.parquet,32108,efb02f01b6b0e0cdb9310caa778e5c9f33c1f7a67ac822755416a8ed8cd53259
results_final/R5/parts/plant_a_primary/R5-V-A-009__contract_only_rolling_mpc__summary.parquet,33655,6e1696b490c98689ae28c337dc3c48a6accba5aa6f4df33d629eb20b3144e4a2
results_final/R5/parts/plant_a_primary/R5-V-A-009__dcsv_cr_mpc__cycles.parquet,33736,985ea35457e5c031c7615a7a550e59525c3d916ed436f010293707b042da538c
results_final/R5/parts/plant_a_primary/R5-V-A-009__dcsv_cr_mpc__summary.parquet,33585,f6f46daf381ca34ff800c094dcfb054fad46d3bcb5335a93664b7808384ef886
results_final/R5/parts/plant_a_primary/R5-V-A-010__contract_only_rolling_mpc__cycles.parquet,25077,05b57feb14782952e9d8809b314e2c7cb1a0771a8ef6cb083b44d629a5ee962b
results_final/R5/parts/plant_a_primary/R5-V-A-010__contract_only_rolling_mpc__summary.parquet,33639,f3ada7a4e92a34889ccbb18f437cf31d8a4b520f4b6a974e4712c3fc7d022ae2
results_final/R5/parts/plant_a_primary/R5-V-A-010__dcsv_cr_mpc__cycles.parquet,25917,b2e4f8eb1b54992d61d07628d3942b0cf3599edc0654de85afe0aa0887a1348b
results_final/R5/parts/plant_a_primary/R5-V-A-010__dcsv_cr_mpc__summary.parquet,33569,1b9c5540cd3887f4e6595e3b197e197b3a526dead3a629d99144916c710665aa
results_final/R5/parts/plant_a_primary/R5-V-A-011__contract_only_rolling_mpc__cycles.parquet,25166,e2ea725b1ea6836196f2f14d603d9d47d811f55fed34a34ea64834c455550676
results_final/R5/parts/plant_a_primary/R5-V-A-011__contract_only_rolling_mpc__summary.parquet,33600,f7ed476b39f706b95399a076909b211c0c74269ae6792baa8e8c468290f8211a
results_final/R5/parts/plant_a_primary/R5-V-A-011__dcsv_cr_mpc__cycles.parquet,25889,179fb6bf3d2412eb6cd4a3b73fa2c777f17429d15af8cccb30db78bbbe09cfc9
results_final/R5/parts/plant_a_primary/R5-V-A-011__dcsv_cr_mpc__summary.parquet,33530,3c14d49888a82e2009cc01adea05fb06ae7a105f5eb148c495b8b937d2f81b39
results_final/R5/parts/plant_a_primary/R5-V-A-012__contract_only_rolling_mpc__cycles.parquet,25118,8117a059474526461be166933ec4349a87977083031233fcbc3e5c82f7729bc9
results_final/R5/parts/plant_a_primary/R5-V-A-012__contract_only_rolling_mpc__summary.parquet,33746,72c18d7a215b924279eb427c960c99a59d6b76b99a8ee493cd23316a19219551
results_final/R5/parts/plant_a_primary/R5-V-A-012__dcsv_cr_mpc__cycles.parquet,25948,8d420bd0efdce57d75311aef09ff6abefb42300e22a565adb095b814968c76d8
results_final/R5/parts/plant_a_primary/R5-V-A-012__dcsv_cr_mpc__summary.parquet,33676,ae013e8fb37946bfed9f27a902213db4469c29f40ed8f3d9c39798bd8e9114fc
results_final/R5/parts/plant_a_primary/R5-V-A-013__contract_only_rolling_mpc__cycles.parquet,25229,8306eff34f3c2ed5708c54c6cdd43d089d52f664fac41c94d29e45543d0daa82
results_final/R5/parts/plant_a_primary/R5-V-A-013__contract_only_rolling_mpc__summary.parquet,33740,ff3b7eb24e3e1d108676c2a705d835322df7bb80611265032412bcffc70a3d06
results_final/R5/parts/plant_a_primary/R5-V-A-013__dcsv_cr_mpc__cycles.parquet,25906,69f65badcdeff98a81bfbee477d462d4af1d98e64cf73a9fb3217b18cefb0234
results_final/R5/parts/plant_a_primary/R5-V-A-013__dcsv_cr_mpc__summary.parquet,33670,8cce3f5d9e71bfb95acc87257800c5851f19fee21ac8ca340964dda34b573b1e
results_final/R5/parts/plant_a_primary/R5-V-A-014__contract_only_rolling_mpc__cycles.parquet,24427,c15cb4ff9a66b2d3fabce461a3dea257c0673c31b2eeceaf54bf9c6a19ff84dd
results_final/R5/parts/plant_a_primary/R5-V-A-014__contract_only_rolling_mpc__summary.parquet,33794,829ff408f89e713b1692fd1ef68d648817249a91dc4dc66e50e4271dc17e974f
results_final/R5/parts/plant_a_primary/R5-V-A-014__dcsv_cr_mpc__cycles.parquet,24590,3f1cf1d821cf20a8a938c200c219099a22129b8c68357cef1e464785327853d3
results_final/R5/parts/plant_a_primary/R5-V-A-014__dcsv_cr_mpc__summary.parquet,33724,e44bd06844f3de5979d655122fed693ca12a45d16d8b0748cc2c7ebf9764f812
results_final/R5/parts/plant_a_primary/R5-V-A-015__contract_only_rolling_mpc__cycles.parquet,25185,41e3d303804af5b4722881e736f1b3c067ea79750e41e9f768a7dc43d7f9c63d
results_final/R5/parts/plant_a_primary/R5-V-A-015__contract_only_rolling_mpc__summary.parquet,33600,f2bc1588e131f62563dfab162342c36feb8640884ee05dfc12440ae4cb8d79c3
results_final/R5/parts/plant_a_primary/R5-V-A-015__dcsv_cr_mpc__cycles.parquet,25978,d84f98c2d8721796e7a38789d42e1b6be6a1e4661b5ca531335008d34c2cb26e
results_final/R5/parts/plant_a_primary/R5-V-A-015__dcsv_cr_mpc__summary.parquet,33530,6ec5a014d9b4308251eeba860336f92d629dab180a6e689bc6df64929ae12882
results_final/R5/parts/plant_a_primary/R5-V-A-016__contract_only_rolling_mpc__cycles.parquet,25217,f97a9df91b85de5642de968e2fad02d69aaf2d316d8faf3b99009d76a7290b83
results_final/R5/parts/plant_a_primary/R5-V-A-016__contract_only_rolling_mpc__summary.parquet,33655,a265f66f9313dd5d81417061004b3ff8b41c27887cb5ff34981bf13a439a465f
results_final/R5/parts/plant_a_primary/R5-V-A-016__dcsv_cr_mpc__cycles.parquet,25800,8fc83cdc791e690f54c8b1b59f68c57f8be7762ac814b1c0f8acece2b072aecc
results_final/R5/parts/plant_a_primary/R5-V-A-016__dcsv_cr_mpc__summary.parquet,33585,55346dc691b0ef22ba6629b2cab8e55e3be135097c077b60fac3332e7be76372
results_final/R5/parts/plant_a_primary/R5-V-A-017__contract_only_rolling_mpc__cycles.parquet,24774,f0ae5233bc08e021904d657e724768f4ce0ac86ccf75e5cb4e6dc62be8584276
results_final/R5/parts/plant_a_primary/R5-V-A-017__contract_only_rolling_mpc__summary.parquet,33824,ff68170220b792ab509af981d64c32bbba53ed5225cb5b5cab74390650bc66b1
results_final/R5/parts/plant_a_primary/R5-V-A-017__dcsv_cr_mpc__cycles.parquet,24922,2d5364305957aca639d35ea4240366c9067c71fc69969d2fab8efcb2c5f6a704
results_final/R5/parts/plant_a_primary/R5-V-A-017__dcsv_cr_mpc__summary.parquet,33754,adcfd077c0f2b693d86b66db16cde745bdc7eea96ab77e5e051f9cdf0cb417c1
results_final/R5/parts/plant_a_primary/R5-V-A-018__contract_only_rolling_mpc__cycles.parquet,25271,ef5309df82413e45945ab075579685ac2518b56b65ba6b3d72ba4e301751c36e
results_final/R5/parts/plant_a_primary/R5-V-A-018__contract_only_rolling_mpc__summary.parquet,33674,c284262075c401eb15fe011d6ad27d80937e4ac134c9f56da70927c6ff012aa9
results_final/R5/parts/plant_a_primary/R5-V-A-018__dcsv_cr_mpc__cycles.parquet,26030,d04d1a9420019f295938dd0cd6929720101b3d19899ecf6889d3a8b30229ce3e
results_final/R5/parts/plant_a_primary/R5-V-A-018__dcsv_cr_mpc__summary.parquet,33604,4e77a6b58f9f5c7c6c2b104f36da59d32e22a0dc7556f3559d44bdc573c32aa5
results_final/R5/parts/plant_a_primary/R5-V-A-019__contract_only_rolling_mpc__cycles.parquet,25208,03a606e050d4719858ed09c35a3ed25f6602c53b6f4676c88310b8f719c3296f
results_final/R5/parts/plant_a_primary/R5-V-A-019__contract_only_rolling_mpc__summary.parquet,33635,6e5c81e5176d76865eadeba33b8960ce4c70d72cb32554b6cb1795a64a778256
results_final/R5/parts/plant_a_primary/R5-V-A-019__dcsv_cr_mpc__cycles.parquet,26035,907d600485975bc20dc90bc99e39adb51127c3fa925618f47c38a0d9fe377b52
results_final/R5/parts/plant_a_primary/R5-V-A-019__dcsv_cr_mpc__summary.parquet,33565,ffa1ad00276261159573327168276589fecb1fc1120f95899de067e79840a032
results_final/R5/parts/plant_a_primary/R5-V-A-020__contract_only_rolling_mpc__cycles.parquet,32203,222506f32f1e6f0ae4716e2ce32393d877fa0e973d9f42cd635d99911b2bdb2b
results_final/R5/parts/plant_a_primary/R5-V-A-020__contract_only_rolling_mpc__summary.parquet,33650,bd97fb6095f4f4b512dcdd6c94eefd8b79984351b402a545f076151510eb77ed
results_final/R5/parts/plant_a_primary/R5-V-A-020__dcsv_cr_mpc__cycles.parquet,33704,4aa377fb5a0edeb2030cec01a913a1f7f288e570ab0c0d89601ed003fc1d7266
results_final/R5/parts/plant_a_primary/R5-V-A-020__dcsv_cr_mpc__summary.parquet,33580,297756c5285219aa2e4047bc3df39f1e18083aadb0d2dcbb41491f56d89d41c2
results_final/R5/parts/plant_a_primary/R5-V-A-021__contract_only_rolling_mpc__cycles.parquet,32470,ee45c5d614340e1c687f88f2f3dab8eea8fe52c9682688de3d917ee9e455bb08
results_final/R5/parts/plant_a_primary/R5-V-A-021__contract_only_rolling_mpc__summary.parquet,33680,f9adda495b684d4274652506d51c67aab6b8f973e1a5047b1eaea822c740dd90
results_final/R5/parts/plant_a_primary/R5-V-A-021__dcsv_cr_mpc__cycles.parquet,33801,062a8b64f66b975847e2bda5259719498afa7d48b364f7d4d72449c4f48c8cca
results_final/R5/parts/plant_a_primary/R5-V-A-021__dcsv_cr_mpc__summary.parquet,33610,a534076f1d0b12a5c9b2bc3ebd9a6fe5640bb3217a67dab094c6217594f6e5a7
results_final/R5/parts/plant_a_primary/R5-V-A-022__contract_only_rolling_mpc__cycles.parquet,32309,3dca6474b7cc009833ca9339e6aaa011eb57b8a541dbc48ca65a5ef4608a2cd3
results_final/R5/parts/plant_a_primary/R5-V-A-022__contract_only_rolling_mpc__summary.parquet,33707,638eb04fcedc81f0d2e7468198bd0ffc8eb2553a178f4b258d91eec877b8c620
results_final/R5/parts/plant_a_primary/R5-V-A-022__dcsv_cr_mpc__cycles.parquet,33657,943fe92185c548b49a09c759a097800052eb53ed38b0b629b2ffa09262e4e11b
results_final/R5/parts/plant_a_primary/R5-V-A-022__dcsv_cr_mpc__summary.parquet,33637,a3fc2dcd891e46ba2ea22df79b3abdb1b8a35c68af351130d21b622c554c8c89
results_final/R5/parts/plant_a_primary/R5-V-A-023__contract_only_rolling_mpc__cycles.parquet,30980,633652b4790e6f1a7350f4245224e0bcb389b54480a255ff3d07543b324f278d
results_final/R5/parts/plant_a_primary/R5-V-A-023__contract_only_rolling_mpc__summary.parquet,33835,310a36533739ff34fcb5f38d774a2a7956443dee77b19ff5e5a630b1845de0b2
results_final/R5/parts/plant_a_primary/R5-V-A-023__dcsv_cr_mpc__cycles.parquet,31692,787e551afaae35db7cddc6bde70077a27adc8d5c758b368b182fad9095b49557
results_final/R5/parts/plant_a_primary/R5-V-A-023__dcsv_cr_mpc__summary.parquet,33765,acb4741a7b80b962349dd36750f74b603172414cd67f3ab21a6d03a0fb4e84d4
results_final/R5/parts/plant_a_primary/R5-V-A-024__contract_only_rolling_mpc__cycles.parquet,32154,a16867a566373f58615d28b2cf4e7a81fdbdb238109982cc4169775effd25f74
results_final/R5/parts/plant_a_primary/R5-V-A-024__contract_only_rolling_mpc__summary.parquet,33656,7dcfff92a4244afa60b565478657aaa1c66538e609764e353f527f89313c01ae
results_final/R5/parts/plant_a_primary/R5-V-A-024__dcsv_cr_mpc__cycles.parquet,33526,7c2e8ec06bb18a52f8f7048e156f3bd58f8fe84dbd4d80f507042abde288b7c9
results_final/R5/parts/plant_a_primary/R5-V-A-024__dcsv_cr_mpc__summary.parquet,33586,7ce961e72da7e5c440ef8c5f73262a113e3c2f1cf8e0cb2ab9f7ea854d0056cb
results_final/R5/parts/plant_a_primary/R5-V-A-025__contract_only_rolling_mpc__cycles.parquet,30968,be805b3ca117e3f60972158f7d85f25d53871058205d91054a3e902cd8ad0088
results_final/R5/parts/plant_a_primary/R5-V-A-025__contract_only_rolling_mpc__summary.parquet,33806,8ad8404c66849ca02f72e4df728094e2734e3228cca43625ac1a45af2cf21c4a
results_final/R5/parts/plant_a_primary/R5-V-A-025__dcsv_cr_mpc__cycles.parquet,31562,315337625fbc3f1f9bc1fe70356ff12ee701e460ca7fac9cee70ce6b40d49add
results_final/R5/parts/plant_a_primary/R5-V-A-025__dcsv_cr_mpc__summary.parquet,33736,1e11a984e1390c18def41403526557ed3145ea096347bc0e52ccbff3db8a2933
results_final/R5/parts/plant_a_primary/R5-V-A-026__contract_only_rolling_mpc__cycles.parquet,31279,a5c60eed828ef4d1a1f741256eebbbc77cfe4f668263ba72d02877dd3eac7533
results_final/R5/parts/plant_a_primary/R5-V-A-026__contract_only_rolling_mpc__summary.parquet,33775,48e62de2c3bc085ff18f0cc04ba2075e339025e9967436a9fd58d87abed1ea76
results_final/R5/parts/plant_a_primary/R5-V-A-026__dcsv_cr_mpc__cycles.parquet,31971,3b3cdd53df9447f8caf9a290fcb4330301dd06f19102c0d8004015911ed1cb7d
results_final/R5/parts/plant_a_primary/R5-V-A-026__dcsv_cr_mpc__summary.parquet,33705,2ada3f6f24818b491883508f8ed004cbb648f4c2870bfbcd35867e9facd92ac1
results_final/R5/parts/plant_a_primary/R5-V-A-027__contract_only_rolling_mpc__cycles.parquet,32400,dc0f3eb2106904976b6aa50d6b90a44528c16fc2673059547acd30ee5d09212e
results_final/R5/parts/plant_a_primary/R5-V-A-027__contract_only_rolling_mpc__summary.parquet,33707,b0a99a1478c6319365e0eefaf06f720f33a5846c4f9c707f2f490b8ccc45af43
results_final/R5/parts/plant_a_primary/R5-V-A-027__dcsv_cr_mpc__cycles.parquet,33801,f42b1e1561439e3e923cbac9075ad01a29950769611fa68ae1aa9258f6e6d959
results_final/R5/parts/plant_a_primary/R5-V-A-027__dcsv_cr_mpc__summary.parquet,33637,b793bb1f8c915a6e7b1896eac5e6cb14285f861f39ded1b7742bfb33925b3afc
results_final/R5/parts/plant_a_primary/R5-V-A-028__contract_only_rolling_mpc__cycles.parquet,32198,b5320c9528d56117e61a29ff99d4dc427e7377eaef39f534062d0622747e6572
results_final/R5/parts/plant_a_primary/R5-V-A-028__contract_only_rolling_mpc__summary.parquet,33650,d1f6679f27b6f98abf7a67671ec817fccf3c8e0c7f880ef9a5d58c3c39ecd144
results_final/R5/parts/plant_a_primary/R5-V-A-028__dcsv_cr_mpc__cycles.parquet,33636,c7f54ed698e89e2706c8f52193818f949106cd585fe25606da989936b22f4d6c
results_final/R5/parts/plant_a_primary/R5-V-A-028__dcsv_cr_mpc__summary.parquet,33580,eaf73408214102b97ef630bf0935567affd2b2ca3eef0308f8dc6add8f37c2f8
results_final/R5/parts/plant_a_primary/R5-V-A-029__contract_only_rolling_mpc__cycles.parquet,32151,150f27848e82436b3974a9b32fec6b36506cb3c016b832d38d0e476510bc4dfe
results_final/R5/parts/plant_a_primary/R5-V-A-029__contract_only_rolling_mpc__summary.parquet,33686,25aa039d11dbdc121cbe3769a2b06c9aaa1735b98847f0790fac8071a5322976
results_final/R5/parts/plant_a_primary/R5-V-A-029__dcsv_cr_mpc__cycles.parquet,33615,340f343de9135bc22c8cfc828c183ef441629caac92e84b232296106144c7574
results_final/R5/parts/plant_a_primary/R5-V-A-029__dcsv_cr_mpc__summary.parquet,33616,bf7de9832c72fa5bd0b007c905896e0ddde21ec94842a350fee05d1acdea9056
results_final/R5/parts/plant_a_primary/R5-V-A-030__contract_only_rolling_mpc__cycles.parquet,25186,8520fd53b54b4029c803d95964e1adc88a1bd56b5117ead803f718dd7a731788
results_final/R5/parts/plant_a_primary/R5-V-A-030__contract_only_rolling_mpc__summary.parquet,33606,9e8564ede14786a84eae3eccfa2d33575cfed7ed4d5d239dc49f4fb5ee15201c
results_final/R5/parts/plant_a_primary/R5-V-A-030__dcsv_cr_mpc__cycles.parquet,25929,44cc4fcaa1355e9f6fad4fb238a990182fe71cd552599cc30b9dbeb2d166a611
results_final/R5/parts/plant_a_primary/R5-V-A-030__dcsv_cr_mpc__summary.parquet,33536,6920cd8858c11835c228c2f9d58b4bb187d9e88ea99129d990a23af40c425f34
results_final/R5/parts/plant_a_primary/R5-V-A-031__contract_only_rolling_mpc__cycles.parquet,25224,8a68970f891349bb9821973c8a6b0ac065a7dce761e3433e2ebed2c61fbeba10
results_final/R5/parts/plant_a_primary/R5-V-A-031__contract_only_rolling_mpc__summary.parquet,33625,4f08e64627e7a2a5a70cc6cc491e45bb39509669993001f2ff938067ea3cac75
results_final/R5/parts/plant_a_primary/R5-V-A-031__dcsv_cr_mpc__cycles.parquet,25914,ea9681bb273cd11db903fa27386efe2b691f869a8bc7b2867835d88242cdc055
results_final/R5/parts/plant_a_primary/R5-V-A-031__dcsv_cr_mpc__summary.parquet,33555,f1df2e840a0f435a715b35f68ee724fd266c53c88c78e44590b8eff025e175d2
results_final/R5/parts/plant_a_primary/R5-V-A-032__contract_only_rolling_mpc__cycles.parquet,24473,b64aac0949b6b641858ae95192fe5d6b9bd22de39f76de4281939e5cf61b3029
results_final/R5/parts/plant_a_primary/R5-V-A-032__contract_only_rolling_mpc__summary.parquet,33795,a1a370e5fbd9fa2be9b179773b3d7607d00b1824b352623bf91acb6e2b4bc80c
results_final/R5/parts/plant_a_primary/R5-V-A-032__dcsv_cr_mpc__cycles.parquet,24636,5424288cfbc51ce0954d5ec6d1d0ead443cdec2e62b4f65e654dad0f03e17ee2
results_final/R5/parts/plant_a_primary/R5-V-A-032__dcsv_cr_mpc__summary.parquet,33725,f1f0079c414f4d42fab89e1aa15156385dd2a03b19747fd4661a5df4629789f9
results_final/R5/parts/plant_a_primary/R5-V-A-033__contract_only_rolling_mpc__cycles.parquet,24794,b47b5411145477ddf4188978817e837d38d31a275b1b82654f9db2b35a2ca12b
results_final/R5/parts/plant_a_primary/R5-V-A-033__contract_only_rolling_mpc__summary.parquet,33816,8b54d8f5fcb4f49115d8c4704d1bf3d5e876e8a9c0579228c99b5f78bd40a1ea
results_final/R5/parts/plant_a_primary/R5-V-A-033__dcsv_cr_mpc__cycles.parquet,24966,1231b585f945364b19f77a56122c6e444c7ad6089580699de364fca30da70206
results_final/R5/parts/plant_a_primary/R5-V-A-033__dcsv_cr_mpc__summary.parquet,33746,f0c0f9b23c3b9d40837de9d443a0fe1fd0be84de297c89e9ab2d2620c3b73c8f
results_final/R5/parts/plant_a_primary/R5-V-A-034__contract_only_rolling_mpc__cycles.parquet,25284,e089fa2c43575e42803dbea25f380af9fdf67716f15f85c120ce270b415651d5
results_final/R5/parts/plant_a_primary/R5-V-A-034__contract_only_rolling_mpc__summary.parquet,33645,282a0ecfbf5e2a1ca6d0eafab8f7f5e1520d06357e0f9c6cc415c3a81a007fd1
results_final/R5/parts/plant_a_primary/R5-V-A-034__dcsv_cr_mpc__cycles.parquet,25988,6c0f40e4ca291ca24022335c29caa3bcd8f0da983fb8f6268840c8b4e6dfd93b
results_final/R5/parts/plant_a_primary/R5-V-A-034__dcsv_cr_mpc__summary.parquet,33575,0a40136e0e54918f40c0214b838385d10eba132ef3027f92fcce4e0f35a55377
results_final/R5/parts/plant_a_primary/R5-V-A-035__contract_only_rolling_mpc__cycles.parquet,25219,239d36218bd843b3cb9d42afa98d927c2f4ed88fa8240f2929271819e42e36e9
results_final/R5/parts/plant_a_primary/R5-V-A-035__contract_only_rolling_mpc__summary.parquet,33661,dfc96d31c696d39327e1ce9ead767a439e9787f99d3b4269e1b52251f9975a60
results_final/R5/parts/plant_a_primary/R5-V-A-035__dcsv_cr_mpc__cycles.parquet,25903,b6c3e0dab7bca999968d3aa223c68f6becf4ea21dd8b28f1658e103a400f4789
results_final/R5/parts/plant_a_primary/R5-V-A-035__dcsv_cr_mpc__summary.parquet,33591,09a1e3b440647937159c50060c001f2798e49ff0e4e015bf4e7672dc1ebbcf53
results_final/R5/parts/plant_a_primary/R5-V-A-036__contract_only_rolling_mpc__cycles.parquet,25277,c31c187104e2170e9fb744dd71cefc2bbeca787d7d48579ea12207d4c9ac276b
results_final/R5/parts/plant_a_primary/R5-V-A-036__contract_only_rolling_mpc__summary.parquet,33776,f2ea152cb0b3bea41d5c29fe1ccd120ba552dbaa7634a4bdb59bad0fc694d8ed
results_final/R5/parts/plant_a_primary/R5-V-A-036__dcsv_cr_mpc__cycles.parquet,25978,2aaf0c5ea0dbf2aaf76b99bdca0c434fc124287509e7f5c9f5d382b25306f21c
results_final/R5/parts/plant_a_primary/R5-V-A-036__dcsv_cr_mpc__summary.parquet,33706,7a339e70b54dab4fcbeb436ad9240c2d1586e8cec28607d4c40138581d14c7db
results_final/R5/parts/plant_a_primary/R5-V-A-037__contract_only_rolling_mpc__cycles.parquet,25157,5503fd522333d1bf77cc56467878f66b6fc85367a02c8c6630192cef018a6b0a
results_final/R5/parts/plant_a_primary/R5-V-A-037__contract_only_rolling_mpc__summary.parquet,33656,0c1fe3e4c9b02b5d47ba81e8d6f2c780e11b82c07ed1251cc7452dfba7b57b68
results_final/R5/parts/plant_a_primary/R5-V-A-037__dcsv_cr_mpc__cycles.parquet,25899,699e5205f3a5e19765b242259c802c4c71bb0c651e2e4e2707b28af12d9708db
results_final/R5/parts/plant_a_primary/R5-V-A-037__dcsv_cr_mpc__summary.parquet,33586,87d7484e9a886f99a0ee710c740aba1945089b993bf1d38f4273e1f6f894f7b7
results_final/R5/parts/plant_a_primary/R5-V-A-038__contract_only_rolling_mpc__cycles.parquet,25159,ecfd78667a20484c60b2c1dcae7596c6fe1ac494701adec6589602f3aca1c199
results_final/R5/parts/plant_a_primary/R5-V-A-038__contract_only_rolling_mpc__summary.parquet,33696,e13abf12a1678c73e4262e31c80802de0ee0d5fe1d75a197a568013ec0db0a10
results_final/R5/parts/plant_a_primary/R5-V-A-038__dcsv_cr_mpc__cycles.parquet,25867,3f41adcfbe55441e33ab71d1a7b3776469ea1976bf52dc1b125747905b2f6079
results_final/R5/parts/plant_a_primary/R5-V-A-038__dcsv_cr_mpc__summary.parquet,33626,bb561234ebd9aabb8d7776dfbad33c21b22235e3e674906e8e15c113f1ff4e7a
results_final/R5/parts/plant_a_primary/R5-V-A-039__contract_only_rolling_mpc__cycles.parquet,25099,621b4aad17d8d05c3c72d3213c1f7ad270e03c25f3f66cab13d8a64eb39d62a3
results_final/R5/parts/plant_a_primary/R5-V-A-039__contract_only_rolling_mpc__summary.parquet,33691,2468d413659d39988a910444e9a18001929bcc55341ae6b29f16450b5d81b946
results_final/R5/parts/plant_a_primary/R5-V-A-039__dcsv_cr_mpc__cycles.parquet,25955,cd12aa49c770b4214916d7ce890f1c32667fd7f0e476efe7763e7353c903a696
results_final/R5/parts/plant_a_primary/R5-V-A-039__dcsv_cr_mpc__summary.parquet,33621,5c4a3ad7a88f7a9c3ec31af9dfe73636c45cd615af9a3db618f0ffa00cf3603f
results_final/R5/parts/plant_a_primary/R5-V-A-040__contract_only_rolling_mpc__cycles.parquet,32319,c64de8f189252fac942ee4b70eeb6e2b488e798af466fbb7cb805e1b5b6ed837
results_final/R5/parts/plant_a_primary/R5-V-A-040__contract_only_rolling_mpc__summary.parquet,33691,01108a8afd5c47a286017d06691d5605ef1da31e2a7e168ed34a2f480cd29984
results_final/R5/parts/plant_a_primary/R5-V-A-040__dcsv_cr_mpc__cycles.parquet,33733,408c89b79f6661995007e9518bb689025fe7b114dd6916ffec06983b7c280c6c
results_final/R5/parts/plant_a_primary/R5-V-A-040__dcsv_cr_mpc__summary.parquet,33621,c42918c4e19d76a1f3fa5d9047ef498854ba7c31b3d2879cc47c15e6ca7ac1f4
results_final/R5/parts/plant_a_primary/R5-V-A-041__contract_only_rolling_mpc__cycles.parquet,32152,7e5f8ded3d292b3a29367ed44c2f917b277d7f28d8202551ddd96f9db90b2b33
results_final/R5/parts/plant_a_primary/R5-V-A-041__contract_only_rolling_mpc__summary.parquet,33595,4a146b54d4a9098f8133090af05e6a390e05611f2ab76d5915c076ab73e5ba71
results_final/R5/parts/plant_a_primary/R5-V-A-041__dcsv_cr_mpc__cycles.parquet,33648,818ce07474ec925fad97f926d5c78db957b7a838a69b5d7e4ebe4b38d15290a9
results_final/R5/parts/plant_a_primary/R5-V-A-041__dcsv_cr_mpc__summary.parquet,33525,2c90e61c4ad8a9374120283e8e0d6aac038f4f1e24196c53c89d194122faafb6
results_final/R5/parts/plant_a_primary/R5-V-A-042__contract_only_rolling_mpc__cycles.parquet,30721,a636295f638f02c0c753ac3225904120bf55414b2e5a3f0320a242bbe92e445e
results_final/R5/parts/plant_a_primary/R5-V-A-042__contract_only_rolling_mpc__summary.parquet,33794,7d7ccae19c612d95875fe74b82e7047e6000f34481fa9953da39d79eca6d253d
results_final/R5/parts/plant_a_primary/R5-V-A-042__dcsv_cr_mpc__cycles.parquet,30923,791b4bb2b65a21d32c746ee89673ef23233dff33b926d7dfdd97a42b6c356232
results_final/R5/parts/plant_a_primary/R5-V-A-042__dcsv_cr_mpc__summary.parquet,33724,767ceb23c7ce073e76c8d811d988127a692fea7510c88f5bef0ce81a87380b09
results_final/R5/parts/plant_a_primary/R5-V-A-043__contract_only_rolling_mpc__cycles.parquet,31316,d69b9869e2605ae785066a26c6cd276f56f737d17161b6e4c378351d8748528f
results_final/R5/parts/plant_a_primary/R5-V-A-043__contract_only_rolling_mpc__summary.parquet,33789,93c4b47b3a5a65594827ba369e3c9fbe6d455827c904fa1da452b981c0faee73
results_final/R5/parts/plant_a_primary/R5-V-A-043__dcsv_cr_mpc__cycles.parquet,31940,153cb45b93c2a4569a571060a82546ee84ee04a1a96f0567db4b7a51bd4fbcc8
results_final/R5/parts/plant_a_primary/R5-V-A-043__dcsv_cr_mpc__summary.parquet,33719,20d8b97eecb76c834e70a1a2e8d7eb62f0b8b62ba041987384939a3cee91f293
results_final/R5/parts/plant_a_primary/R5-V-A-044__contract_only_rolling_mpc__cycles.parquet,32098,01728908fe198e6bddb0b3a82c8396c6f84c2513cc6e7c3a4f895ef129b61fdb
results_final/R5/parts/plant_a_primary/R5-V-A-044__contract_only_rolling_mpc__summary.parquet,33675,f50d45d030c0bff97999cb471e485ea5dea017bc2dfa959d56a1fe6a06023284
results_final/R5/parts/plant_a_primary/R5-V-A-044__dcsv_cr_mpc__cycles.parquet,33635,74c220e1efee481b74f61b601d88137c27fa9a22f6b2a06a2ce86fec5c881031
results_final/R5/parts/plant_a_primary/R5-V-A-044__dcsv_cr_mpc__summary.parquet,33605,c3e0e98055a97f8d1d1f83f921956868008e5e5e5c51b79b399ddcc88034e087
results_final/R5/parts/plant_a_primary/R5-V-A-045__contract_only_rolling_mpc__cycles.parquet,32198,e6931f47f2a2bfd6ef82955b5bad448875b08b36fad7d5992515598db2347ebe
results_final/R5/parts/plant_a_primary/R5-V-A-045__contract_only_rolling_mpc__summary.parquet,33584,c4ec5e56c9bb7096106d746abc11c49d1433a43af360085b0fd23000a53573af
results_final/R5/parts/plant_a_primary/R5-V-A-045__dcsv_cr_mpc__cycles.parquet,33774,ccc523e5bea5c7c51daaa9546b8266d9aec2f38b86ad22b738ee9652072ad271
results_final/R5/parts/plant_a_primary/R5-V-A-045__dcsv_cr_mpc__summary.parquet,33514,450b4056756aff5f4c384eb9f99c210328c80b4303e4538a903323d376aa4e48
results_final/R5/parts/plant_a_primary/R5-V-A-046__contract_only_rolling_mpc__cycles.parquet,32162,d2afd822e44d7538e6121e15e105eed184f49b4727b7272d56a9bf3fbf13f6fc
results_final/R5/parts/plant_a_primary/R5-V-A-046__contract_only_rolling_mpc__summary.parquet,33669,8c1925f71366577bc5183539c49c010f6e09dd5b2091879bbcf4b40e81d11c1e
results_final/R5/parts/plant_a_primary/R5-V-A-046__dcsv_cr_mpc__cycles.parquet,33746,2bacc38e0dc07467d1af8a1fd6b88719053a1d99f4734c9ff0f4e4b4b3789d2a
results_final/R5/parts/plant_a_primary/R5-V-A-046__dcsv_cr_mpc__summary.parquet,33599,06617dd27db05c7fa99aaf8b04ebb31ca230d2bcf73aeb4b66277c50453896bd
results_final/R5/parts/plant_a_primary/R5-V-A-047__contract_only_rolling_mpc__cycles.parquet,32319,97cc63427ed5451a74d471f3f8661ccc6b7c5883b8952a5234ac730cd28cbc8c
results_final/R5/parts/plant_a_primary/R5-V-A-047__contract_only_rolling_mpc__summary.parquet,33650,e5f474eb84e6f9486bb8904b515a48f0892129db9f9fb4725cec170e4e7641b5
results_final/R5/parts/plant_a_primary/R5-V-A-047__dcsv_cr_mpc__cycles.parquet,33795,39fbbdc83a06b8c72e297eb3047dd717e779bdbb5da36907fefa6e497e840067
results_final/R5/parts/plant_a_primary/R5-V-A-047__dcsv_cr_mpc__summary.parquet,33580,1c329399c785331f6bc43ff4850b9101d786bbd476dfa7a7b0c23ccd7057ee9f
results_final/R5/parts/plant_a_primary/R5-V-A-048__contract_only_rolling_mpc__cycles.parquet,32116,54b8ff7291109e8321bce552e0ba1e57578da4fdcf8cacb867083525c647c5f2
results_final/R5/parts/plant_a_primary/R5-V-A-048__contract_only_rolling_mpc__summary.parquet,33760,09956666eb27b6b4d3d607b99e7c80851d02a92ee7162f52c6319b185d145da2
results_final/R5/parts/plant_a_primary/R5-V-A-048__dcsv_cr_mpc__cycles.parquet,33753,3d06f35d8e3521b3882ac06ad2e4cb9a5b78182121c942d4151f88b4595282d8
results_final/R5/parts/plant_a_primary/R5-V-A-048__dcsv_cr_mpc__summary.parquet,33690,23f6936ece7a7a3d822e1b2ab6a77e87a6774cd5b3f8589c4be6e31f7997f82d
results_final/R5/parts/plant_a_primary/R5-V-A-049__contract_only_rolling_mpc__cycles.parquet,32228,15f1ade500b65e68071574ff5d017d0bfcae4ba70c4fe09493c3f32361a0f73c
results_final/R5/parts/plant_a_primary/R5-V-A-049__contract_only_rolling_mpc__summary.parquet,33650,c55fc7c246b24ef16e1f6614cd73e6d5a7f5136310043e1afd98342da2335233
results_final/R5/parts/plant_a_primary/R5-V-A-049__dcsv_cr_mpc__cycles.parquet,33727,e876db52cd4e167c6df754ad746035bf1d5ab71be937d3838d55bf45cc27258d
results_final/R5/parts/plant_a_primary/R5-V-A-049__dcsv_cr_mpc__summary.parquet,33580,7f391c8b752d65ae2a367952147c76c9181678be2aa0a928218affe8d892b922
results_final/R5/parts/plant_a_primary/R5-V-A-050__contract_only_rolling_mpc__cycles.parquet,25175,b07bbf66c440d71286ddc2b125e6b4c5afab909c8c5a57c26af3770ee68c9114
results_final/R5/parts/plant_a_primary/R5-V-A-050__contract_only_rolling_mpc__summary.parquet,33650,63a40ba82069d5134bdcf5b89b21ff7928504f8604abad18fc394487867ef809
results_final/R5/parts/plant_a_primary/R5-V-A-050__dcsv_cr_mpc__cycles.parquet,25884,afba357ea5a450d141a2efe302fc7c40015ea2b35750e6e4e1ce3f71db45479b
results_final/R5/parts/plant_a_primary/R5-V-A-050__dcsv_cr_mpc__summary.parquet,33580,335290430fd5917d079f58c96a1435858786dcf6cb2b53658e6fcad5620ef9fb
results_final/R5/parts/plant_a_primary/R5-V-A-051__contract_only_rolling_mpc__cycles.parquet,25242,93f29393d9371c79306863a3826a3d255fc801f5fc1609eee791e2529085a39a
results_final/R5/parts/plant_a_primary/R5-V-A-051__contract_only_rolling_mpc__summary.parquet,33600,83fde6abe1b675d549e19ee3f2b5eec6b5cac0b88afbd44e07e398897109b2b5
results_final/R5/parts/plant_a_primary/R5-V-A-051__dcsv_cr_mpc__cycles.parquet,25947,e2e1a6d888a1cab2e1f2674e9b096b546636b287be6052e6cc055bb1c1ed8e91
results_final/R5/parts/plant_a_primary/R5-V-A-051__dcsv_cr_mpc__summary.parquet,33530,cf0ad37c2675cfe8135ed2473306fdb3b86e7d662664d38220d0a1544bedcde1
results_final/R5/parts/plant_a_primary/R5-V-A-052__contract_only_rolling_mpc__cycles.parquet,25087,317e5b64f9220fc78da1a5d36cd29fde06ca9564b6eedd4900a0e10756d81e7b
results_final/R5/parts/plant_a_primary/R5-V-A-052__contract_only_rolling_mpc__summary.parquet,33634,87fffdb36f33b6966c3aab60eff4522514eb8bf39a587feecfae2d839ce226c5
results_final/R5/parts/plant_a_primary/R5-V-A-052__dcsv_cr_mpc__cycles.parquet,25922,c851e36dfb28f5a126b4f9841cb85cfdfc212f9428f5a2b73460a1a730f61044
results_final/R5/parts/plant_a_primary/R5-V-A-052__dcsv_cr_mpc__summary.parquet,33564,144d8e3ef1e84f43409826c16b96f71091f32c486b5bfe170dedf010a1f8a844
results_final/R5/parts/plant_a_primary/R5-V-A-053__contract_only_rolling_mpc__cycles.parquet,25146,24435f70ef3ae9f02a7cc1304b806edc9ab8aca6e1b50785e4af02e548f76f9f
results_final/R5/parts/plant_a_primary/R5-V-A-053__contract_only_rolling_mpc__summary.parquet,33664,a60ede3812a8211c07f0d9bbe3103cafe3dea6fad1cdbea0800ef82b6d02c25f
results_final/R5/parts/plant_a_primary/R5-V-A-053__dcsv_cr_mpc__cycles.parquet,25880,3effaba09193acc690e267a315c9f25fd9edc79dc5b038d3daad978705697619
results_final/R5/parts/plant_a_primary/R5-V-A-053__dcsv_cr_mpc__summary.parquet,33594,e76d5a8397a1fff183ce8158af03370514de1e40b88eab65794da7eac29d7db4
results_final/R5/parts/plant_a_primary/R5-V-A-054__contract_only_rolling_mpc__cycles.parquet,25153,32002a5ec8d39a3360d35fc5d9e3ed728295b995ef832201d27cb680ff6ce695
results_final/R5/parts/plant_a_primary/R5-V-A-054__contract_only_rolling_mpc__summary.parquet,33680,c82fe68f364da12aa49d0204f47803dfc91d717d7d004aa3c8225bc681a4d2fc
results_final/R5/parts/plant_a_primary/R5-V-A-054__dcsv_cr_mpc__cycles.parquet,25909,dbaf2fa848b6d4a1eaed3c1577d4e3eedb5da8fcd33f4a1f35fe356f4c7aadbc
results_final/R5/parts/plant_a_primary/R5-V-A-054__dcsv_cr_mpc__summary.parquet,33610,f9008ba684a53be6cc6455d7e2dafb7809739ba69cd323126094d612eb4bfd0c
results_final/R5/parts/plant_a_primary/R5-V-A-055__contract_only_rolling_mpc__cycles.parquet,24797,7fdce17fc700deca1d7d2d759b7719bdebc93c4de150f29ab4c55a8691ec7662
results_final/R5/parts/plant_a_primary/R5-V-A-055__contract_only_rolling_mpc__summary.parquet,33785,ab6e421e0ab00d6a089113b4ef93231907ec4d58fa4e94723c5976a888ffbf30
results_final/R5/parts/plant_a_primary/R5-V-A-055__dcsv_cr_mpc__cycles.parquet,25128,3d1d79cba27921b5ac5fe659b6c2000caa9095848ab16c01864052784315a100
results_final/R5/parts/plant_a_primary/R5-V-A-055__dcsv_cr_mpc__summary.parquet,33715,4f0e1b31bcb700ce42d3f40550c04497fcfe4795b3c747e3896bffd73b646c2a
results_final/R5/parts/plant_a_primary/R5-V-A-056__contract_only_rolling_mpc__cycles.parquet,24778,b09a08940337d3bf701fc451c63bd9909e97e29b098d8d5c755b440bab7eff07
results_final/R5/parts/plant_a_primary/R5-V-A-056__contract_only_rolling_mpc__summary.parquet,33800,874ddd487ec18f541f15c0694246915a1bec0c0dde1faf0b15fd8d7c63dafb4e
results_final/R5/parts/plant_a_primary/R5-V-A-056__dcsv_cr_mpc__cycles.parquet,25074,4b4bb77debefb062e8ac0afe2f2f828116423283ac1b60b417782d563d285aef
results_final/R5/parts/plant_a_primary/R5-V-A-056__dcsv_cr_mpc__summary.parquet,33730,d19c55d8fe9e57c0c694afd1087ea764b91c3ac60fabe3a7dae40fad81878361
results_final/R5/parts/plant_a_primary/R5-V-A-057__contract_only_rolling_mpc__cycles.parquet,25043,93508172f965de59aff007020211d99ed3ed080a4197e3f1e06f747b54793483
results_final/R5/parts/plant_a_primary/R5-V-A-057__contract_only_rolling_mpc__summary.parquet,33800,44f185597d513b6984e943aecafd64d658238afeef682497be1cb096e591ecbb
results_final/R5/parts/plant_a_primary/R5-V-A-057__dcsv_cr_mpc__cycles.parquet,25300,e235535878eac17e22cf4e4b5f95ed5986b22fc5087ea9e64ce169d7cccd592c
results_final/R5/parts/plant_a_primary/R5-V-A-057__dcsv_cr_mpc__summary.parquet,33730,34bbec58a72260684639775e87dfe7300b78d45a4c8dcc1fc942079ee65bf79f
results_final/R5/parts/plant_a_primary/R5-V-A-058__contract_only_rolling_mpc__cycles.parquet,25258,eeb84449dcd81227443bf692288fc07f0d9973c23d391ef6acd68ceb7c94c12f
results_final/R5/parts/plant_a_primary/R5-V-A-058__contract_only_rolling_mpc__summary.parquet,33760,47b28692542b35513e68a8ed83ebec3ed05b684cb3971a42d2327e3b3eb5045a
results_final/R5/parts/plant_a_primary/R5-V-A-058__dcsv_cr_mpc__cycles.parquet,26081,79d7778862c9ea234a21a18be1eeb1972f4d335743fd2199959e17882c904429
results_final/R5/parts/plant_a_primary/R5-V-A-058__dcsv_cr_mpc__summary.parquet,33690,57bc3cfc1c754a90619ec80905372780a7b7eda9aa21b08c45231908e7dbad35
results_final/R5/parts/plant_a_primary/R5-V-A-059__contract_only_rolling_mpc__cycles.parquet,25167,8e5b7093fe400a13c9b3ab771251ac63c0517fd8a5c83d9d1c900fdcb19a239a
results_final/R5/parts/plant_a_primary/R5-V-A-059__contract_only_rolling_mpc__summary.parquet,33669,116e994fcfa1e938ca94ce9c68e10cf6552eefe69c6bed911bca5bf42031625c
results_final/R5/parts/plant_a_primary/R5-V-A-059__dcsv_cr_mpc__cycles.parquet,25857,a4f6e353304e31916a6b71482c8081dc31fa67d226e4981f4eb423c8a824439f
results_final/R5/parts/plant_a_primary/R5-V-A-059__dcsv_cr_mpc__summary.parquet,33599,fa23b8eea2b9e3fec52658fc2eaa09129f6f79337c9f63bf2fd786b5c2dab437
results_final/R5/parts/plant_a_primary/R5-V-A-060__contract_only_rolling_mpc__cycles.parquet,30926,5e33e0b8d45ee51f14272b8a6b5a6e759327c5d8c54b12d0f9baaa0105c441ee
results_final/R5/parts/plant_a_primary/R5-V-A-060__contract_only_rolling_mpc__summary.parquet,33902,e81468545f80e9cff4e9410dc3c2e649f21e84a8b7cc40f447347e4641a7bce9
results_final/R5/parts/plant_a_primary/R5-V-A-060__dcsv_cr_mpc__cycles.parquet,31144,6af5f0ee33f47d872727a7be941208b2b4ea3bf510c02bdd1c687943be569208
results_final/R5/parts/plant_a_primary/R5-V-A-060__dcsv_cr_mpc__summary.parquet,33832,dab463d7f90b92b470f8fd60293f5ac21d96b7e4737a4eccf16cad6041b99bb8
results_final/R5/parts/plant_a_primary/R5-V-A-061__contract_only_rolling_mpc__cycles.parquet,32418,50f9dde45b7b3b86d35d94d22dbf030101cda838c86ed7fc4e2363063e85d9bf
results_final/R5/parts/plant_a_primary/R5-V-A-061__contract_only_rolling_mpc__summary.parquet,33646,f5ce1004608a8b4b421c49120dfcff1f042e54dc8993bd0ccf18710648fef362
results_final/R5/parts/plant_a_primary/R5-V-A-061__dcsv_cr_mpc__cycles.parquet,33852,7ddb3ca1d892aede3cca7a449d9ad10c4ea519d2b99e3245563e6d36ac2f4d78
results_final/R5/parts/plant_a_primary/R5-V-A-061__dcsv_cr_mpc__summary.parquet,33576,b2be44a0a09630e98e299187bca83bb51554b264ee65f1b01044856a3bc5a01c
results_final/R5/parts/plant_a_primary/R5-V-A-062__contract_only_rolling_mpc__cycles.parquet,32381,3174752d85d56b3124c768bacab1ce1a53cb70962c93f17087d4d70a10a48e13
results_final/R5/parts/plant_a_primary/R5-V-A-062__contract_only_rolling_mpc__summary.parquet,33670,90aa157933d5a55cf3e5a083ad6798df798e8d02c1bf88fcc727b9ee212d7371
results_final/R5/parts/plant_a_primary/R5-V-A-062__dcsv_cr_mpc__cycles.parquet,33702,fc0467e62d83e341e7723b578d4af7da022f49de9300bf11333715c0d12d5ba3
results_final/R5/parts/plant_a_primary/R5-V-A-062__dcsv_cr_mpc__summary.parquet,33600,c985142c88701bad90066c2da5e627f9a456f219788f3234164743ed73b39ba4
results_final/R5/parts/plant_a_primary/R5-V-A-063__contract_only_rolling_mpc__cycles.parquet,31288,73b79fa34183c054f8d2d8e2bfadec074f16c7c615674b61304470c92bf0ea97
results_final/R5/parts/plant_a_primary/R5-V-A-063__contract_only_rolling_mpc__summary.parquet,33806,578acafd272a6c6c8a3fb898f59ab51790f2b74cbfea115b9f8ae93b67c9e0e1
results_final/R5/parts/plant_a_primary/R5-V-A-063__dcsv_cr_mpc__cycles.parquet,31861,317b2ac4e9fb8fc869c1a074b6ff4e297ab45dd7fb96b3cab7efca6073ef059d
results_final/R5/parts/plant_a_primary/R5-V-A-063__dcsv_cr_mpc__summary.parquet,33736,b0e8b9788c8cef2b2a1758b1be91133b55314f0fae5ad6fb5ea3cad261e5eefd
results_final/R5/parts/plant_a_primary/R5-V-A-064__contract_only_rolling_mpc__cycles.parquet,32331,2044290a0c1627cb7f31158f6211aa8293f26f508385d1c45acc52f3c1911c78
results_final/R5/parts/plant_a_primary/R5-V-A-064__contract_only_rolling_mpc__summary.parquet,33656,35bad4267ebadcffb6265e72bb9f3936e42e23f3a6f6a9b3ac1c917cfc8c3c54
results_final/R5/parts/plant_a_primary/R5-V-A-064__dcsv_cr_mpc__cycles.parquet,33877,d307a5e50e8d9ae305c41c17711121fdca6a17a13daae02ee89e39ce5610c778
results_final/R5/parts/plant_a_primary/R5-V-A-064__dcsv_cr_mpc__summary.parquet,33586,d058797f990289382f623893d1a91d6d26e6a8f5ce8ff25701caebacd666db1f
results_final/R5/parts/plant_a_primary/R5-V-A-065__contract_only_rolling_mpc__cycles.parquet,32218,b20be80a99c37e9b7ae2279b59dc30c55ead59d6c9628b685fe8db85346273f4
results_final/R5/parts/plant_a_primary/R5-V-A-065__contract_only_rolling_mpc__summary.parquet,33741,069e077e4f1c47a09afe8fd74b6b6293ca8e004ac14939cd6eabd53a27892b40
results_final/R5/parts/plant_a_primary/R5-V-A-065__dcsv_cr_mpc__cycles.parquet,33747,2d4859aa5fd312c252a9021149f85a7f59a46e855dd294c3e434599c63e854aa
results_final/R5/parts/plant_a_primary/R5-V-A-065__dcsv_cr_mpc__summary.parquet,33671,e57401a6f2d72bdc2fc4c0d4cd05c3cfe122f83f15324da68fe4d398936da346
results_final/R5/parts/plant_a_primary/R5-V-A-066__contract_only_rolling_mpc__cycles.parquet,32189,d4aab5cafb100ac74f4f56e1fb687d31eed9eee68f33101755351c9f1f2eed9e
results_final/R5/parts/plant_a_primary/R5-V-A-066__contract_only_rolling_mpc__summary.parquet,33640,e3721bbe1ff01f7851b2a898093677bb9908418fb40e266137e6099b3b2d8236
results_final/R5/parts/plant_a_primary/R5-V-A-066__dcsv_cr_mpc__cycles.parquet,33638,cd771d1bdd2620f5efdca09dc668a286d0fb0d7784b160cfa1cb048a42806613
results_final/R5/parts/plant_a_primary/R5-V-A-066__dcsv_cr_mpc__summary.parquet,33570,1acf4bffa6cd396cf2f8bfe2298baee01cd6a4224afe74ec5782327597584673
results_final/R5/parts/plant_a_primary/R5-V-A-067__contract_only_rolling_mpc__cycles.parquet,32216,569fa7913fc2306a2d3a332f09bdcd5abfe3e981a2493fdede0329b9dc415b1c
results_final/R5/parts/plant_a_primary/R5-V-A-067__contract_only_rolling_mpc__summary.parquet,33595,d1d3de44bdf18fec3da8302ed18a355178087629f3262676125e884211c2cf28
results_final/R5/parts/plant_a_primary/R5-V-A-067__dcsv_cr_mpc__cycles.parquet,33634,c0aa27fede7e52829d12b842d7d30c82c92a9ba15ffa81fbc376e1f8c9e52082
results_final/R5/parts/plant_a_primary/R5-V-A-067__dcsv_cr_mpc__summary.parquet,33525,52361ae184c8363a9c17e1770c75f32ec8fa4f20763ec062e197a36d3dd05583
results_final/R5/parts/plant_a_primary/R5-V-A-068__contract_only_rolling_mpc__cycles.parquet,30648,12e39e9323528d81412260da614be93e5d204336f37a90bcead45e08082a2474
results_final/R5/parts/plant_a_primary/R5-V-A-068__contract_only_rolling_mpc__summary.parquet,33821,4ac34baa8851b43e2b61e1baf9c469dd8888d38c71422904e58731f0193622c6
results_final/R5/parts/plant_a_primary/R5-V-A-068__dcsv_cr_mpc__cycles.parquet,31056,f88b8476738820357944ad45ba5e680a4ae06181a6d81682290462ba9f894a07
results_final/R5/parts/plant_a_primary/R5-V-A-068__dcsv_cr_mpc__summary.parquet,33751,3a5d7ef91662a5c2d2c2d586d411e842c4042707bc15bb8bc25c6e856b69e81e
results_final/R5/parts/plant_a_primary/R5-V-A-069__contract_only_rolling_mpc__cycles.parquet,32376,ce321fe9886a3a978bb592615500a4c5138530c46cd78484e58b66c64c91992d
results_final/R5/parts/plant_a_primary/R5-V-A-069__contract_only_rolling_mpc__summary.parquet,33625,bef3ba38ca567af1c9fa3b12b96ad7177e58f358d3764079deb235408ea0489f
results_final/R5/parts/plant_a_primary/R5-V-A-069__dcsv_cr_mpc__cycles.parquet,33718,074e31d7cfe0902c761087e28b08e5d5cd6534357e80dfe05424305ca9c50a95
results_final/R5/parts/plant_a_primary/R5-V-A-069__dcsv_cr_mpc__summary.parquet,33555,1fc3b09c68a67d6e9e15110e291c99beb47b588c817d630042b24c72fe4d9650
results_final/R5/parts/plant_a_primary/R5-V-A-070__contract_only_rolling_mpc__cycles.parquet,25134,43dec8aa220795f2ddc62bb3e917ef1e2a8b7a8e87a4d9490b8eb8f59c535004
results_final/R5/parts/plant_a_primary/R5-V-A-070__contract_only_rolling_mpc__summary.parquet,33670,485c017d292230f41e0b8b9fe35e5d5f159fbeadcc1bf36536cdf4bd8932bc1f
results_final/R5/parts/plant_a_primary/R5-V-A-070__dcsv_cr_mpc__cycles.parquet,25765,b6bb97015e1111b7553cec42a8c49e8271ada91f80ffa8aaeb57159e627efa7f
results_final/R5/parts/plant_a_primary/R5-V-A-070__dcsv_cr_mpc__summary.parquet,33600,af6095ebf7caa174032fb3ac98d88b5e236b57e77a02354887118cd199752134
results_final/R5/parts/plant_a_primary/R5-V-A-071__contract_only_rolling_mpc__cycles.parquet,24710,74825ef20fb4106e23193c0f024ae23fc0c89a70b18f8b86f669218256c7e72d
results_final/R5/parts/plant_a_primary/R5-V-A-071__contract_only_rolling_mpc__summary.parquet,33811,658e36c5027fca38eacf65f418d531247d8dd7e08806cc17245a91edd51e8c59
results_final/R5/parts/plant_a_primary/R5-V-A-071__dcsv_cr_mpc__cycles.parquet,24925,1aa86b14b0ace15c64a1bdb3dc07cdf38147da377685c05345d4ebb5e5bb3540
results_final/R5/parts/plant_a_primary/R5-V-A-071__dcsv_cr_mpc__summary.parquet,33741,8f6dea1f9042f4c7021498f2598f61d1f552d9ce9bfbd6664b38de6a42855d11
results_final/R5/parts/plant_a_primary/R5-V-A-072__contract_only_rolling_mpc__cycles.parquet,25172,3204262e7dbe8a368478587affcee718d5d2814daebd7ec4c75d03ba984d8af6
results_final/R5/parts/plant_a_primary/R5-V-A-072__contract_only_rolling_mpc__summary.parquet,33645,59d9e714a6d18a9c62e76231edc0301db9f88d2674da3485e5d210648280c1c4
results_final/R5/parts/plant_a_primary/R5-V-A-072__dcsv_cr_mpc__cycles.parquet,25870,a868d4021719ba356ac8eecf3bf52a7adc7713cff859c10d3a3d4cc83ddaba68
results_final/R5/parts/plant_a_primary/R5-V-A-072__dcsv_cr_mpc__summary.parquet,33575,044441f36e8c751f73277ca090e361df6859b56b73d0aef5a77bcdadd008d768
results_final/R5/parts/plant_a_primary/R5-V-A-073__contract_only_rolling_mpc__cycles.parquet,24793,c4970d812a7ed7e18abef17f69a32af4590810ed75291303ecf069bf2e78953d
results_final/R5/parts/plant_a_primary/R5-V-A-073__contract_only_rolling_mpc__summary.parquet,33795,43d84597ef71609709c6c484a6f48b77b685ba15ed5e057726ddf5ea109cc94a
results_final/R5/parts/plant_a_primary/R5-V-A-073__dcsv_cr_mpc__cycles.parquet,25086,93da28e07037f2995ac8b20c8d2ab54661c06c7f2b54f5af772c525496d3d644
results_final/R5/parts/plant_a_primary/R5-V-A-073__dcsv_cr_mpc__summary.parquet,33725,ae4b76f96f64be15cb6ae2fd68fc3433a749954f5b56863bd3142939917f3562
results_final/R5/parts/plant_a_primary/R5-V-A-074__contract_only_rolling_mpc__cycles.parquet,25187,eadea3df089286b444e9eb5af8bab5395dbe2f1fb4d23d5f6f2adaaf9278c544
results_final/R5/parts/plant_a_primary/R5-V-A-074__contract_only_rolling_mpc__summary.parquet,33601,3d23e60750185b6e94bfc241aa81c9c9200eaae10b3a285fcb1562323edd45f8
results_final/R5/parts/plant_a_primary/R5-V-A-074__dcsv_cr_mpc__cycles.parquet,25920,9a02df1b3593e17f025f2ce4a2a23272cd396795545af3229343dde88d802f2a
results_final/R5/parts/plant_a_primary/R5-V-A-074__dcsv_cr_mpc__summary.parquet,33531,94d1e042767fd84277237a7bfe48937e23d49ba1de02a848d68ad2f00987bf09
results_final/R5/parts/plant_a_primary/R5-V-A-075__contract_only_rolling_mpc__cycles.parquet,25218,fd1f3ac9de86bd44d2fe61be820c02c6a0617c64f9b357cb51767559b6bfea87
results_final/R5/parts/plant_a_primary/R5-V-A-075__contract_only_rolling_mpc__summary.parquet,33697,398f61a8ce69f1c0478c103fff6170cb1582475c469f8534f0819c51344732ee
results_final/R5/parts/plant_a_primary/R5-V-A-075__dcsv_cr_mpc__cycles.parquet,25951,d1724ba715fc305c47834187d5441488f708fc56991949624c1dbf9ba2f8736b
results_final/R5/parts/plant_a_primary/R5-V-A-075__dcsv_cr_mpc__summary.parquet,33627,e825f44b5276fc52bcaabbf88a4df7836c128030109fc1b04eba3cb72c17132f
results_final/R5/parts/plant_a_primary/R5-V-A-076__contract_only_rolling_mpc__cycles.parquet,25284,0e5ff15c4702478155a9f0c83332f91a31abf184216754e684dcaf0b19f15a94
results_final/R5/parts/plant_a_primary/R5-V-A-076__contract_only_rolling_mpc__summary.parquet,33675,29fab26d607aa45f1ffb2b7b8b7db6d56a93143ed378383f48c4edfca155a7ca
results_final/R5/parts/plant_a_primary/R5-V-A-076__dcsv_cr_mpc__cycles.parquet,25877,ed3c864cfbdb5ce1b5f47892f5c9e84e1e84c3684ea6b95de1384283d076b7ed
results_final/R5/parts/plant_a_primary/R5-V-A-076__dcsv_cr_mpc__summary.parquet,33605,4ca204717a73d12dd50ffe81ae881a2773f1f9d05c925ab00c2b39c65c2ef6c1
results_final/R5/parts/plant_a_primary/R5-V-A-077__contract_only_rolling_mpc__cycles.parquet,24734,0501b46fd505797848a80f4c483a354bf4a92c744c7bb9a9f44419509b3b2c5a
results_final/R5/parts/plant_a_primary/R5-V-A-077__contract_only_rolling_mpc__summary.parquet,33810,4d8af8c725c34288a7f680eae1a19c407aae40100b5cc51e12c63bed28332cf3
results_final/R5/parts/plant_a_primary/R5-V-A-077__dcsv_cr_mpc__cycles.parquet,24972,58161622fa420818229225c65d65af131d6f66b47bd5685d93cfd34382a4a7b1
results_final/R5/parts/plant_a_primary/R5-V-A-077__dcsv_cr_mpc__summary.parquet,33740,8f9fdc00f5e60a1f00f610987ba77aa0336a70e965079e0e2b682e13b1e05ab5
results_final/R5/parts/plant_a_primary/R5-V-A-078__contract_only_rolling_mpc__cycles.parquet,25187,37759e071a7dbe41e02466c6a10be0a7bb08e4b622c2ea1647918ffb921d7c75
results_final/R5/parts/plant_a_primary/R5-V-A-078__contract_only_rolling_mpc__summary.parquet,33651,dd23f38db76b4ae1b28c408cdb3018f852373380a66f24b1bb7980e6126bcc19
results_final/R5/parts/plant_a_primary/R5-V-A-078__dcsv_cr_mpc__cycles.parquet,26011,7a2568cbb447943ccc483fe1e1458e36d51587798310b8ec3069a3500c1a017f
results_final/R5/parts/plant_a_primary/R5-V-A-078__dcsv_cr_mpc__summary.parquet,33581,74b91fd91e96a262e0a28bcbffd120f6484a18239d0bd3100afb22ff41bf896d
results_final/R5/parts/plant_a_primary/R5-V-A-079__contract_only_rolling_mpc__cycles.parquet,25137,9e623c9c482004d6b3b9c054a026b655636640aeeafe17f722db065965ed34e1
results_final/R5/parts/plant_a_primary/R5-V-A-079__contract_only_rolling_mpc__summary.parquet,33747,49ee7cc7662115e4710b713c00cc7ac51389cd246afc3decceeb263dbdcf240d
results_final/R5/parts/plant_a_primary/R5-V-A-079__dcsv_cr_mpc__cycles.parquet,25906,86112cce16e4fba990629a3c558bc18f609b0aa7bd5e0b167be9c22ab2d8b235
results_final/R5/parts/plant_a_primary/R5-V-A-079__dcsv_cr_mpc__summary.parquet,33677,1c5ffb38f87f03d8f35f56e048493b39adf6e4a99dd0e192a8392ea5e84e5ffc
results_final/R5/parts/plant_a_primary/R5-V-A-080__contract_only_rolling_mpc__cycles.parquet,30916,80a91a4eaba3009405dda88faf7bb61bcdafc154bee66f31c0427e939bbcb574
results_final/R5/parts/plant_a_primary/R5-V-A-080__contract_only_rolling_mpc__summary.parquet,33805,57ddecde435ebfc76ca818bcabcd7d76476342f5c805a84bc988c3e1580ccfad
results_final/R5/parts/plant_a_primary/R5-V-A-080__dcsv_cr_mpc__cycles.parquet,31205,ef1258dff4b8d3d3aaa0a3e0619546211319ec76138db3f2c59ac4e0034df3fe
results_final/R5/parts/plant_a_primary/R5-V-A-080__dcsv_cr_mpc__summary.parquet,33735,352c6a79196bcda6e7c6b134ab30c094ec92812440d6992a4c5b9c8aaa16f67d
results_final/R5/parts/plant_a_primary/R5-V-A-081__contract_only_rolling_mpc__cycles.parquet,31846,8a2dd7f75e2d5be24cc11f8139b06cb7f05bdc06495e9a996a9b9cad12e33152
results_final/R5/parts/plant_a_primary/R5-V-A-081__contract_only_rolling_mpc__summary.parquet,33766,2f1563ddf2d078a2f86a5f3630eced852713d0116b49fac403de2ff2fe7262eb
results_final/R5/parts/plant_a_primary/R5-V-A-081__dcsv_cr_mpc__cycles.parquet,31517,05d2c64fedd750b66aadc188386b1f030df87dba6f243418225c9edcc081abda
results_final/R5/parts/plant_a_primary/R5-V-A-081__dcsv_cr_mpc__summary.parquet,33696,b08ab3d7f015462baabc37c061b2787b436d0e05235d0f104902aebba4af5de3
results_final/R5/parts/plant_a_primary/R5-V-A-082__contract_only_rolling_mpc__cycles.parquet,31228,36346927265ffa00260c4a0b69552409baaa90dec7837f446b89cfc23ba7f55e
results_final/R5/parts/plant_a_primary/R5-V-A-082__contract_only_rolling_mpc__summary.parquet,33794,386bed1e25092d4336303053131e5509c53397173a0d02d54e21e151799fa70a
results_final/R5/parts/plant_a_primary/R5-V-A-082__dcsv_cr_mpc__cycles.parquet,31420,90d0e235c0219f38776ff462b19e0ee165cf9fcacc9f3ea66ca94d9e3b253d79
results_final/R5/parts/plant_a_primary/R5-V-A-082__dcsv_cr_mpc__summary.parquet,33724,f4d05ef927eac7055ac249f0ae3aa8bcf8e0c358791a90014a2424b94dbba65d
results_final/R5/parts/plant_a_primary/R5-V-A-083__contract_only_rolling_mpc__cycles.parquet,32289,0de6459bdd39510869676f1da51f7512375907bf082feaffd6b05cf973ac6c9d
results_final/R5/parts/plant_a_primary/R5-V-A-083__contract_only_rolling_mpc__summary.parquet,33689,01f33aac71da347f56a1751f8027c7d5c091b62f1b792336f2309e284bb14889
results_final/R5/parts/plant_a_primary/R5-V-A-083__dcsv_cr_mpc__cycles.parquet,33920,0bfc907263276c35464b140803d9b183ba73318c92670c5941d9547f0bfd954f
results_final/R5/parts/plant_a_primary/R5-V-A-083__dcsv_cr_mpc__summary.parquet,33619,99428eb9a2fe872b767531492c4d4556bbc54ec3cf87138502e22ae159e734e7
results_final/R5/parts/plant_a_primary/R5-V-A-084__contract_only_rolling_mpc__cycles.parquet,32235,173a2f90cff58550db9b1a52ba75424d9619634e9f8ce40faa245d63ee81a462
results_final/R5/parts/plant_a_primary/R5-V-A-084__contract_only_rolling_mpc__summary.parquet,33664,07c600ab7b50b9eb253a54f9f5b59a1e5d5f19d06ca1ba55b66a8561ad662eab
results_final/R5/parts/plant_a_primary/R5-V-A-084__dcsv_cr_mpc__cycles.parquet,33715,ca102121c37fcb57b9fc9505818099d1579ddb46474ebe46ffc6a0cb680d3911
results_final/R5/parts/plant_a_primary/R5-V-A-084__dcsv_cr_mpc__summary.parquet,33594,67b7fbf83a9952e82183a8e4f71c8b56a6931cf3a249bb7053fa3c9750de2358
results_final/R5/parts/plant_a_primary/R5-V-A-085__contract_only_rolling_mpc__cycles.parquet,31152,57ba6f3bf37f96ccddc2931e0433db7c0865c9299b36f2a5e1dc984d31384aeb
results_final/R5/parts/plant_a_primary/R5-V-A-085__contract_only_rolling_mpc__summary.parquet,33825,a27b87b0ff34df16129e6cb3264ddbc32bc65dfb399a0eb1695d3b49decd251f
results_final/R5/parts/plant_a_primary/R5-V-A-085__dcsv_cr_mpc__cycles.parquet,31802,51d696bdf7bf1d12b11f3deb28a8cc6a4e6c42dc55bc3d81c9e66d921a06da44
results_final/R5/parts/plant_a_primary/R5-V-A-085__dcsv_cr_mpc__summary.parquet,33755,92123a98fdfcdd9bfc81bc148a2b8d89f6dfe144db557e91c997bf18d88eff9e
results_final/R5/parts/plant_a_primary/R5-V-A-086__contract_only_rolling_mpc__cycles.parquet,30908,29b39cd687ee721d844f906b66ff0d728a3c35a49f6e1f9423690cb9c4a13b11
results_final/R5/parts/plant_a_primary/R5-V-A-086__contract_only_rolling_mpc__summary.parquet,33956,3d9b10b712f4ec7a0363a76cc82de38e86c1e3ffd0d505076c5dc57250e3d99f
results_final/R5/parts/plant_a_primary/R5-V-A-086__dcsv_cr_mpc__cycles.parquet,31490,7fae0f6bd336cd84bf7deeff9f84b154b2f1293ce2cabcb13aa222bfcd5c2918
results_final/R5/parts/plant_a_primary/R5-V-A-086__dcsv_cr_mpc__summary.parquet,33886,edfce7af430f430c68e5c4952012a6a3182c8debcebd0b093cf0a8d59a298b4f
results_final/R5/parts/plant_a_primary/R5-V-A-087__contract_only_rolling_mpc__cycles.parquet,32405,0076424ab2a8a842d5a617ef3d07a5b82d82521e121ff2361a644dcad0b8e010
results_final/R5/parts/plant_a_primary/R5-V-A-087__contract_only_rolling_mpc__summary.parquet,33664,c39a520f7848be6c4ae21d85656a381278a3a8c0c7ddd4826481373b41759c98
results_final/R5/parts/plant_a_primary/R5-V-A-087__dcsv_cr_mpc__cycles.parquet,33846,e536342d7f7ace5dbd5b70622da2a330a5a41a594d49ff87a8e1d5d1a5be27e6
results_final/R5/parts/plant_a_primary/R5-V-A-087__dcsv_cr_mpc__summary.parquet,33594,1ea9f26886eebdfa8f130a63b68a2266496cbd0216217612bf922568a8c21c79
results_final/R5/parts/plant_a_primary/R5-V-A-088__contract_only_rolling_mpc__cycles.parquet,32335,acd6ffcf827bbeadcbf1e6a26a257fe5b53622618b8b5167bb7654987d7d4dcf
results_final/R5/parts/plant_a_primary/R5-V-A-088__contract_only_rolling_mpc__summary.parquet,33609,6c37aeb272676fe3d66dd8f44aa15614725105fad88feb6ffdf84481a1638b81
results_final/R5/parts/plant_a_primary/R5-V-A-088__dcsv_cr_mpc__cycles.parquet,33860,18cc1c05a275d6e747c7321d785714fd40ca563affb48b4721e3fc3c0fa9d917
results_final/R5/parts/plant_a_primary/R5-V-A-088__dcsv_cr_mpc__summary.parquet,33539,26f925ae7eeda63403c4fc40fc43cb911da154909f445614f57e79b0367b9a05
results_final/R5/parts/plant_a_primary/R5-V-A-089__contract_only_rolling_mpc__cycles.parquet,31620,6c889bcc427aee851aef273123fdba427db569e44ee93b3b055f84c2d31b7343
results_final/R5/parts/plant_a_primary/R5-V-A-089__contract_only_rolling_mpc__summary.parquet,33705,51128f2b91b5b1bd56fb0e9c24e289ebbddf45ccf9a96fe8bbc14f3feda4de25
results_final/R5/parts/plant_a_primary/R5-V-A-089__dcsv_cr_mpc__cycles.parquet,31117,226e910b79818c3ed37a55e175c6a8b8c7269a0d6cdbcf49205f23716ad2fdfb
results_final/R5/parts/plant_a_primary/R5-V-A-089__dcsv_cr_mpc__summary.parquet,33635,89c6064ff0f6611f6a7025a6adb98d78de14ee52fe72e49e0803e1bae460d79e
results_final/R5/parts/plant_a_primary/R5-V-A-090__contract_only_rolling_mpc__cycles.parquet,25214,73e476b24d9f38ed36ac1ba34ec288f0e8e8f2f2c08e26b22294cb4b2e13e0d5
results_final/R5/parts/plant_a_primary/R5-V-A-090__contract_only_rolling_mpc__summary.parquet,33689,33193e52840d5efdad2ab63e7c223e47c2054555f4a78dc63a50063b7657d81c
results_final/R5/parts/plant_a_primary/R5-V-A-090__dcsv_cr_mpc__cycles.parquet,25845,8a809e2ca60d3dc68b7137730f790e2b350cb7fa013fff19486512f8e335b6df
results_final/R5/parts/plant_a_primary/R5-V-A-090__dcsv_cr_mpc__summary.parquet,33619,00e7444700b644b9bbbe2545cb33b774f67f9f62ab49ca59c29f2e0c094c82b7
results_final/R5/parts/plant_a_primary/R5-V-A-091__contract_only_rolling_mpc__cycles.parquet,25438,440dfaf918bda913779ced4c9813280a9d5833d8e895885ad767259f5d3073eb
results_final/R5/parts/plant_a_primary/R5-V-A-091__contract_only_rolling_mpc__summary.parquet,33716,23a1a32eebcbe8f74e8c17a69cc7468edb33f219098b8241f40c2aafe1f714a4
results_final/R5/parts/plant_a_primary/R5-V-A-091__dcsv_cr_mpc__cycles.parquet,25120,26633ece0f924e1cdbc4440bc4732ebf0a4773c9880b7d7758bd37fb51bd7e17
results_final/R5/parts/plant_a_primary/R5-V-A-091__dcsv_cr_mpc__summary.parquet,33646,b83b4795d22e604e145bca6b43627c9af827d329a862f13fd19907cd3d6f37b3
results_final/R5/parts/plant_a_primary/R5-V-A-092__contract_only_rolling_mpc__cycles.parquet,25065,a8705ebef32074e8ef3ac9430bb6b5bdef5b3076f8a6405b3fb5319fb77fefc9
results_final/R5/parts/plant_a_primary/R5-V-A-092__contract_only_rolling_mpc__summary.parquet,33664,54ba7635dff7a9a555e8452cafb25ae69da2a1b824330d8284df1bd5ffcd382f
results_final/R5/parts/plant_a_primary/R5-V-A-092__dcsv_cr_mpc__cycles.parquet,25885,8a9bb3e82376cbd257c67278f322e9d9c6483b0eac2c3233ba3a1fb7dd8ad5c6
results_final/R5/parts/plant_a_primary/R5-V-A-092__dcsv_cr_mpc__summary.parquet,33594,69abe4407633dab628f8ee2d8a4740890d1586e8dffd2fdd343611c0bc67e7be
results_final/R5/parts/plant_a_primary/R5-V-A-093__contract_only_rolling_mpc__cycles.parquet,25180,94032c844fb0a1196e254ec449444c2b48de6897caab3fc6d396d8b117cd3023
results_final/R5/parts/plant_a_primary/R5-V-A-093__contract_only_rolling_mpc__summary.parquet,33705,03097fdd6a93feca2311a3833d17ad593ec1d63a6f3e5d6c1b8da92346632b96
results_final/R5/parts/plant_a_primary/R5-V-A-093__dcsv_cr_mpc__cycles.parquet,25032,9ea9e1268f214edef2b0ab8c99d3e8465f93bbb7fe1b58e87e1b065c1175129e
results_final/R5/parts/plant_a_primary/R5-V-A-093__dcsv_cr_mpc__summary.parquet,33635,dede8f31f0891d88f58e02498a989a6f2b682a038811cda824eaa393b2007fc2
results_final/R5/parts/plant_a_primary/R5-V-A-094__contract_only_rolling_mpc__cycles.parquet,25227,a4c356d2aa8e8b009d8b177b83139e5eedfe59768c406e54108a0c48233e009d
results_final/R5/parts/plant_a_primary/R5-V-A-094__contract_only_rolling_mpc__summary.parquet,33670,b26220908e854c6eb0d2c396e5538f8dd97dabc8371c7a4d640b07e5e6769435
results_final/R5/parts/plant_a_primary/R5-V-A-094__dcsv_cr_mpc__cycles.parquet,25446,a639bd132b20f6a1f2598f9d3de5ae4df775c1d6d91b874f3b779ff02ec57324
results_final/R5/parts/plant_a_primary/R5-V-A-094__dcsv_cr_mpc__summary.parquet,33600,3af690f709aaaec12b1e2fb1554f91a5bddeaad533fe1f12800616e3ab35cb2c
results_final/R5/parts/plant_a_primary/R5-V-A-095__contract_only_rolling_mpc__cycles.parquet,24625,441b00f7dda2ed5bb9e3db56e1fb4530df26668a5c24b7acee2af866563e197d
results_final/R5/parts/plant_a_primary/R5-V-A-095__contract_only_rolling_mpc__summary.parquet,33860,cadfc2fab031d4db1f836f69c50d3e5f7b987f198e91378b5ea2e058d74d7771
results_final/R5/parts/plant_a_primary/R5-V-A-095__dcsv_cr_mpc__cycles.parquet,24686,735805033f597d44df00fea719f9e8600ad786d8e0f70d8c6b1465f702064fa4
results_final/R5/parts/plant_a_primary/R5-V-A-095__dcsv_cr_mpc__summary.parquet,33790,de89f48398e1f44b67619bc48c0faf9ca001dc0af187af3415188584e4778fdd
results_final/R5/parts/plant_a_primary/R5-V-A-096__contract_only_rolling_mpc__cycles.parquet,25192,7a28be338992d483a64261523918e64c772136d97e8976868c7aaa4d9b7e4f7e
results_final/R5/parts/plant_a_primary/R5-V-A-096__contract_only_rolling_mpc__summary.parquet,33670,617cc604622b5b83e60ca0f2171e19380cefa2c09fdcb30231304cbebe63dd5c
results_final/R5/parts/plant_a_primary/R5-V-A-096__dcsv_cr_mpc__cycles.parquet,25799,1a755f5fdb131a687399d7b2b8f69e6abfcfa6b7139ad31c34dc8ae5fbacb425
results_final/R5/parts/plant_a_primary/R5-V-A-096__dcsv_cr_mpc__summary.parquet,33600,b49d80800963a33e782e7b5049154939250ca27e3b167c16dc953989c983c80a
results_final/R5/parts/plant_a_primary/R5-V-A-097__contract_only_rolling_mpc__cycles.parquet,24680,82e416e129437b0a22bba9f94e6c4e28680dd41c1e336610e2d5e025f62bc04e
results_final/R5/parts/plant_a_primary/R5-V-A-097__contract_only_rolling_mpc__summary.parquet,33860,a357e2e12f9a3a7935907381304d25dfc1d0f321cb479522cbff5b7807c7df79
results_final/R5/parts/plant_a_primary/R5-V-A-097__dcsv_cr_mpc__cycles.parquet,24738,f78f40be700edf629de3fbfa2890a1cb8c5209cbd749eba6c02aa2fe28b79fd2
results_final/R5/parts/plant_a_primary/R5-V-A-097__dcsv_cr_mpc__summary.parquet,33790,b20d63fc33ddb1df29b16dc82103f3abde402529647710b03f31cd16a8a26d2d
results_final/R5/parts/plant_a_primary/R5-V-A-098__contract_only_rolling_mpc__cycles.parquet,25226,da1fbc419f21a4e5af1b3caad5893c1de17eed1538c7e22557257b9ca5ad1eb5
results_final/R5/parts/plant_a_primary/R5-V-A-098__contract_only_rolling_mpc__summary.parquet,33614,ec6ee7ae5c9d01ce1990865a7bbfe1f2fc29de62af5b5e4d89a691615f15f0fd
results_final/R5/parts/plant_a_primary/R5-V-A-098__dcsv_cr_mpc__cycles.parquet,26071,a717da6f34a81fb00ef8782fc4daa96721f0128550d59c908aee7c7ec700a5d8
results_final/R5/parts/plant_a_primary/R5-V-A-098__dcsv_cr_mpc__summary.parquet,33544,ba88fc7a40c9b71513e8517d23fdb453295090a5cdc7819419adcdf6d8c777df
results_final/R5/parts/plant_a_primary/R5-V-A-099__contract_only_rolling_mpc__cycles.parquet,25264,abf5c7ce21f762ef6f0c4ae547263f6c2db86fb7a2cdae514e34e478049e3afd
results_final/R5/parts/plant_a_primary/R5-V-A-099__contract_only_rolling_mpc__summary.parquet,33659,72f12703caa48b81166de8dd1600da216569d5d75ece888507280b6516a2dbb0
results_final/R5/parts/plant_a_primary/R5-V-A-099__dcsv_cr_mpc__cycles.parquet,25596,d9b9587ef6d891e48384bb7d5dfc3b4a9e4a37b0e112a96ec32bc3c160b02211
results_final/R5/parts/plant_a_primary/R5-V-A-099__dcsv_cr_mpc__summary.parquet,33589,f3f281939311cbd9b538793050e1952f55bc8ca93cddf47ef7cf692988f3d607
results_final/R5/parts/plant_a_primary/R5-V-A-100__contract_only_rolling_mpc__cycles.parquet,32190,d7661d1d35aefa6e44aa68e4fea8dea94311e272e90ffce023d088263e2cc665
results_final/R5/parts/plant_a_primary/R5-V-A-100__contract_only_rolling_mpc__summary.parquet,33711,a5168433e02b41f1caba831a967703800b758c2163e55d5f9968cf07f5686ea7
results_final/R5/parts/plant_a_primary/R5-V-A-100__dcsv_cr_mpc__cycles.parquet,33828,cd4b59079175b1a37a0ad2cbf8521ff48372375bf458155e0475c38e405bb4db
results_final/R5/parts/plant_a_primary/R5-V-A-100__dcsv_cr_mpc__summary.parquet,33641,099a0927eb88a8eb22bc41b76054f1d700216965e2f826d5719182789834dbd3
results_final/R5/parts/plant_a_primary/R5-V-A-101__contract_only_rolling_mpc__cycles.parquet,32293,2888bbee74e57cc91371b71c2d808cdbd5014d67e1dc50a8c83393c90bc601c8
results_final/R5/parts/plant_a_primary/R5-V-A-101__contract_only_rolling_mpc__summary.parquet,33620,f4cbc71bc240ca8de086909a1f1ed70e767f6bb9c4ddf7643a479ec77cdc8707
results_final/R5/parts/plant_a_primary/R5-V-A-101__dcsv_cr_mpc__cycles.parquet,33737,380fd8c361667378031e9d74f28fce80f1079516a030116edcdcfb11058ca84f
results_final/R5/parts/plant_a_primary/R5-V-A-101__dcsv_cr_mpc__summary.parquet,33550,fa66ef8d434b6ceb83380c3d156644536711a96671010fec1cef7eaa828361e4
results_final/R5/parts/plant_a_primary/R5-V-A-102__contract_only_rolling_mpc__cycles.parquet,31853,7e7ec8f7e6d799024248b3a7de3ca1e7f38a3f73224cae8283ee57734ec100e2
results_final/R5/parts/plant_a_primary/R5-V-A-102__contract_only_rolling_mpc__summary.parquet,33711,fa2555e49d152ddf09f2f08cf96ef7a252e93be7b42e995554dbfbe4f502f52e
results_final/R5/parts/plant_a_primary/R5-V-A-102__dcsv_cr_mpc__cycles.parquet,31678,9e9b25fdd4425f974fbf699b30aea83f32555587fc4f38da79d82e82f0a0fb00
results_final/R5/parts/plant_a_primary/R5-V-A-102__dcsv_cr_mpc__summary.parquet,33641,30172bd37796efcee033cf09d475970e4309241d67833627f55fe8d7e1080a53
results_final/R5/parts/plant_a_primary/R5-V-A-103__contract_only_rolling_mpc__cycles.parquet,31055,7df1ffd5b0a9033eb651cd128d473897a139dec4153c635c0327082fd347d8e0
results_final/R5/parts/plant_a_primary/R5-V-A-103__contract_only_rolling_mpc__summary.parquet,33957,f838e77628d03dcdf8d007d2a77757566209011672ffe004fa3acbb768bdc644
results_final/R5/parts/plant_a_primary/R5-V-A-103__dcsv_cr_mpc__cycles.parquet,31425,48ab0516d29c5871bd1fbd8d36c65b270808b867f348b32f166dda68792fb8ab
results_final/R5/parts/plant_a_primary/R5-V-A-103__dcsv_cr_mpc__summary.parquet,33887,4ae2cbb5e5dd0c0397720568b615139fdfa95d542b11474e56331289dee019d2
results_final/R5/parts/plant_a_primary/R5-V-A-104__contract_only_rolling_mpc__cycles.parquet,32071,6a65985f5f761de2f2142ed5caf4d82d48358cbd630ab78d7b194960c415d6be
results_final/R5/parts/plant_a_primary/R5-V-A-104__contract_only_rolling_mpc__summary.parquet,33676,728794afb40481561ea6ec5a9fd5525e7758fb5727f297b8f05586ed90089730
results_final/R5/parts/plant_a_primary/R5-V-A-104__dcsv_cr_mpc__cycles.parquet,31490,cd53832ed6f66514e650135797ae6d12b41a70fbf057e07f94448d9d3a564a15
results_final/R5/parts/plant_a_primary/R5-V-A-104__dcsv_cr_mpc__summary.parquet,33606,0b943d4c7743bb10c9529b155739cc9658f61f1c07f0b40bea0cf0481eb604f1
results_final/R5/parts/plant_a_primary/R5-V-A-105__contract_only_rolling_mpc__cycles.parquet,32293,ab8aa2cd9ed3c887b0403a131f2e6be646044dbdc2312a8ced14acf335b78fa6
results_final/R5/parts/plant_a_primary/R5-V-A-105__contract_only_rolling_mpc__summary.parquet,33670,b4c42083d3d0a7d3c0755b5bf749e40728be323843348323c57f061384c8a5ab
results_final/R5/parts/plant_a_primary/R5-V-A-105__dcsv_cr_mpc__cycles.parquet,33707,b3947a1860595bf21f576083be2c4bb27e9be191e18aa14eaff36e6ed6ec5318
results_final/R5/parts/plant_a_primary/R5-V-A-105__dcsv_cr_mpc__summary.parquet,33600,106471024eb133704585546661915d224be972e82d0d281f9c1ff966ed160f1c
results_final/R5/parts/plant_a_primary/R5-V-A-106__contract_only_rolling_mpc__cycles.parquet,30930,0d590968f89361208c18e80561a193749e6d47f58c191a4f72f97eac440faadd
results_final/R5/parts/plant_a_primary/R5-V-A-106__contract_only_rolling_mpc__summary.parquet,33820,95620cc72ea73013541edc65c5c180f2546162d83ac39bd7750fefb78e82d4a8
results_final/R5/parts/plant_a_primary/R5-V-A-106__dcsv_cr_mpc__cycles.parquet,31065,a268ec9c81982546a18361971c9115db6bf481a66869c784501f679e8c541bd2
results_final/R5/parts/plant_a_primary/R5-V-A-106__dcsv_cr_mpc__summary.parquet,33750,a856d9c4048abe6968fe8148c681896579eabdf68c50d5f3d9b88f93d499f017
results_final/R5/parts/plant_a_primary/R5-V-A-107__contract_only_rolling_mpc__cycles.parquet,30926,44f3412fa023466f5e0a127878e435109ebe7d9e1b3d116ab4a2de3c27f38ce7
results_final/R5/parts/plant_a_primary/R5-V-A-107__contract_only_rolling_mpc__summary.parquet,33811,000e3c036bd786786a4afbabd46a793caa818f945194bf89c5c6deed2b8099e3
results_final/R5/parts/plant_a_primary/R5-V-A-107__dcsv_cr_mpc__cycles.parquet,31212,2e608743229e08c599e120d34c8e2dcdbd795b72cb4d29747124d9a173665a93
results_final/R5/parts/plant_a_primary/R5-V-A-107__dcsv_cr_mpc__summary.parquet,33741,46595b15eec2b60450b87d865c9e03b06e50872b88a544e5dc30377fd2d59c6b
results_final/R5/parts/plant_a_primary/R5-V-A-108__contract_only_rolling_mpc__cycles.parquet,32050,9e4b8773532b37acbf5c83fdfff6616205a9b0dfc900d1c6879738edbe8c12b4
results_final/R5/parts/plant_a_primary/R5-V-A-108__contract_only_rolling_mpc__summary.parquet,33665,d066f42aa66e5bb4a61abecfbd62fcfa93b5b95bf79a9a14c1a9b1275d5a527b
results_final/R5/parts/plant_a_primary/R5-V-A-108__dcsv_cr_mpc__cycles.parquet,32176,81de7c8243ad47e52d514b290aca37b7e6acbbc47035b6f7bde1c901bc5d76db
results_final/R5/parts/plant_a_primary/R5-V-A-108__dcsv_cr_mpc__summary.parquet,33595,e3b6285d5803234c310932c31e2368ff317a058a45b551dbb4f6136841d61b68
results_final/R5/parts/plant_a_primary/R5-V-A-109__contract_only_rolling_mpc__cycles.parquet,31750,683cc7258c248c3bd0f07c319bcb056c1a40d2e3098dbe60b6c9b0c4cedfe25b
results_final/R5/parts/plant_a_primary/R5-V-A-109__contract_only_rolling_mpc__summary.parquet,33711,67e2ecdc58c4a85e2b302ea90c88c1774077bcfb31f261001d8c380156353f1f
results_final/R5/parts/plant_a_primary/R5-V-A-109__dcsv_cr_mpc__cycles.parquet,31367,c11cbef4bf6ae1151aebcebcedd6cbd39d9556018b064e1833af62c1e5c42889
results_final/R5/parts/plant_a_primary/R5-V-A-109__dcsv_cr_mpc__summary.parquet,33641,955ee5e5953e702811066689497c2cb067eabfe9f1b57a4259e7253ee420474b
results_final/R5/parts/plant_a_primary/R5-V-A-110__contract_only_rolling_mpc__cycles.parquet,25136,138a8782b573bfcf6ea0a566f956d70ca7f8c097f2a0bc66b582a1bac54a2a2e
results_final/R5/parts/plant_a_primary/R5-V-A-110__contract_only_rolling_mpc__summary.parquet,33631,22e009b645bc1b14371e705fe2726104d986b88b2fbd0c059deec55f309161c3
results_final/R5/parts/plant_a_primary/R5-V-A-110__dcsv_cr_mpc__cycles.parquet,25772,9a499d3af0af9cb5b2caa4f4174a83b921071a5d64fc66487f835c0c1f9b76a8
results_final/R5/parts/plant_a_primary/R5-V-A-110__dcsv_cr_mpc__summary.parquet,33561,bb6a64f800937e3f52d4d19456c2359f904e905f72cdb06d8ed09e72a30a2f45
results_final/R5/parts/plant_a_primary/R5-V-A-111__contract_only_rolling_mpc__cycles.parquet,25125,19d775043376f2e487c415e462816dd8e7557b2b2548fa2c73f5979b4ee25474
results_final/R5/parts/plant_a_primary/R5-V-A-111__contract_only_rolling_mpc__summary.parquet,33681,99570c6d0687b08597210e353bdd20746823f59ad43f1d3c343078245ae04417
results_final/R5/parts/plant_a_primary/R5-V-A-111__dcsv_cr_mpc__cycles.parquet,25595,db1554e8de8897ce1c67b9d213d5fb8cf0307553ed697bea659032df66f9eb14
results_final/R5/parts/plant_a_primary/R5-V-A-111__dcsv_cr_mpc__summary.parquet,33611,4ac26619d2ed547a0213c1c5bb760b067c40518cd2d0aac2c098d56800ab44de
results_final/R5/parts/plant_a_primary/R5-V-A-112__contract_only_rolling_mpc__cycles.parquet,25281,4a3d9878b3c5a272565179ff792bc91868761f8ad62a23e1a6d28f948eaccc3f
results_final/R5/parts/plant_a_primary/R5-V-A-112__contract_only_rolling_mpc__summary.parquet,33676,7b16889720d1fe6a121ad9bd62b1cf6a54e9de80f0dba432e5405520288c1805
results_final/R5/parts/plant_a_primary/R5-V-A-112__dcsv_cr_mpc__cycles.parquet,25204,1d2fa9053f1ba770f7b229c98cba269a15f9d7150d65e5438b22051fbfa12fcb
results_final/R5/parts/plant_a_primary/R5-V-A-112__dcsv_cr_mpc__summary.parquet,33606,8ec2dabd5f77bf5cf03383c7096052e6b244e6ee15dfbd9ad7d5ac68d4d838df
results_final/R5/parts/plant_a_primary/R5-V-A-113__contract_only_rolling_mpc__cycles.parquet,25283,f0cd5579245eea6824e78fe3f0debfec52a274af4521dcb93cc44e8d676f1364
results_final/R5/parts/plant_a_primary/R5-V-A-113__contract_only_rolling_mpc__summary.parquet,33615,072d7ed9b813f8488b53fba199dd39130a00f49a50a9fba60ebf1c6aeccbc545
results_final/R5/parts/plant_a_primary/R5-V-A-113__dcsv_cr_mpc__cycles.parquet,25096,07b8ac8cf26822e5d548b08b4a424843d5113505a3f76bf1c797441288b50aed
results_final/R5/parts/plant_a_primary/R5-V-A-113__dcsv_cr_mpc__summary.parquet,33545,6d15dcc1676bbf780263b04f2dfbf1f7e2215fa49d52ce5a5728eabb58434b44
results_final/R5/parts/plant_a_primary/R5-V-A-114__contract_only_rolling_mpc__cycles.parquet,25135,ed740e842f53c90d8a0db40de9bfdd6481894aea848f3957819bfc58eb44d25c
results_final/R5/parts/plant_a_primary/R5-V-A-114__contract_only_rolling_mpc__summary.parquet,33700,74cdbd7129dbe47ba1e1f0577327ef7d8885b6b0963de08e1386b06e88fc8bcb
results_final/R5/parts/plant_a_primary/R5-V-A-114__dcsv_cr_mpc__cycles.parquet,25421,a51b8151b33fd35391e88ce3de96e99c96baa4f2719f20c92d2bad9817dd70d7
results_final/R5/parts/plant_a_primary/R5-V-A-114__dcsv_cr_mpc__summary.parquet,33630,3a65c84a3696d8344b773f1653c3a1660d113642fd0a1357a59d0db46825711d
results_final/R5/parts/plant_a_primary/R5-V-A-115__contract_only_rolling_mpc__cycles.parquet,24656,259bf4d8b01996f73b4e613a6396de4d5f1137a76ccbc84d400a7bf2b3ce894e
results_final/R5/parts/plant_a_primary/R5-V-A-115__contract_only_rolling_mpc__summary.parquet,33806,a8614f08a407facc22884f9049962ff6320e3860f6a7ee0d7c9c8f74d11cd1cb
results_final/R5/parts/plant_a_primary/R5-V-A-115__dcsv_cr_mpc__cycles.parquet,24928,ca6a42a0a92f86e924ba18d907f4e81b835ad8b5c9366ba8db11e92bf1b077b4
results_final/R5/parts/plant_a_primary/R5-V-A-115__dcsv_cr_mpc__summary.parquet,33736,79192f758f6618d8ed7c00afd981c86bcb965baff5c764f170fec47c293a0569
results_final/R5/parts/plant_a_primary/R5-V-A-116__contract_only_rolling_mpc__cycles.parquet,25356,33154d37c083d25f71bc1e0bcba1657b69f3bcc2fa5f2a402e5ca0e30153afbc
results_final/R5/parts/plant_a_primary/R5-V-A-116__contract_only_rolling_mpc__summary.parquet,33700,388976d63edfd9ec44135c88a757507c230373226de5a702ae93962a124c479b
results_final/R5/parts/plant_a_primary/R5-V-A-116__dcsv_cr_mpc__cycles.parquet,25239,9f5e0b56da08907f8832805f5664512cfdb1978166f27e97b457d7114a27564a
results_final/R5/parts/plant_a_primary/R5-V-A-116__dcsv_cr_mpc__summary.parquet,33630,acb92d077cf122d78d825e53bcacd0c1d47d16bea4bcc291e9d889758ecd5ef1
results_final/R5/parts/plant_a_primary/R5-V-A-117__contract_only_rolling_mpc__cycles.parquet,25257,8fbf39000a86d8de3342233079979a0435a8d3811b65df6d52e5446759d594d3
results_final/R5/parts/plant_a_primary/R5-V-A-117__contract_only_rolling_mpc__summary.parquet,33665,35c7b97b0e3e2af12ef93ce593d1164bc8193937d05b6cbd9ffd2002c1a4e218
results_final/R5/parts/plant_a_primary/R5-V-A-117__dcsv_cr_mpc__cycles.parquet,25945,5de3cb570f249e7212619fd2464670a474cbec2edd833a6f939dcc87dff9b3cd
results_final/R5/parts/plant_a_primary/R5-V-A-117__dcsv_cr_mpc__summary.parquet,33595,dc8f18902213df5f7f38952769a1ea6914d668b9bf0e415242868a2ca287b43e
results_final/R5/parts/plant_a_primary/R5-V-A-118__contract_only_rolling_mpc__cycles.parquet,24500,9ef13e11cfd2a2128284dddf9718f754caf0d91df7f9a2eb029354f36a3ffda0
results_final/R5/parts/plant_a_primary/R5-V-A-118__contract_only_rolling_mpc__summary.parquet,33932,05ff2a659e1e1a5d55b9b2612074304e57910ff2a671d5a768f833e41f8124a0
results_final/R5/parts/plant_a_primary/R5-V-A-118__dcsv_cr_mpc__cycles.parquet,24673,0ce50bcb688dcacbf9c1ee17ba9ad89ebb852c8364119f7844772183427a5bcc
results_final/R5/parts/plant_a_primary/R5-V-A-118__dcsv_cr_mpc__summary.parquet,33862,3963c4fafdd8721d080294dde8bd9f331cb16a6246fbcc9110a2aee9aa09e969
results_final/R5/parts/plant_a_primary/R5-V-A-119__contract_only_rolling_mpc__cycles.parquet,24543,4981ff83dfff689382b02e41a02b760f8b99366079305daa217195c3eb5cbf1d
results_final/R5/parts/plant_a_primary/R5-V-A-119__contract_only_rolling_mpc__summary.parquet,33946,1684b4b53299272aa351c263b8a64af6e295bd6e5b49c85d022b9916c69e9c7c
results_final/R5/parts/plant_a_primary/R5-V-A-119__dcsv_cr_mpc__cycles.parquet,24787,d603857f742ef58d5744b57c5c9ddfc24d7960661978b4c69ac96c67f3f19d83
results_final/R5/parts/plant_a_primary/R5-V-A-119__dcsv_cr_mpc__summary.parquet,33876,c9305d2333170dba8fda1206f921ad68dc11a32422ab83f19d1a752ec78c4b16
results_final/R5/parts/plant_a_supplemental/R5-V-A-000__fixed_allocation_anti_windup_pi__cycles.parquet,26462,e36a0f5994c38b07747de35710fc5e5924d93ed8c8ebbb68dece42a75937cece
results_final/R5/parts/plant_a_supplemental/R5-V-A-000__fixed_allocation_anti_windup_pi__summary.parquet,33809,56375dfaf07d51b2bf7e6b4bc98c3ace6f983d4345d359d120372c1be3eebd38
results_final/R5/parts/plant_a_supplemental/R5-V-A-000__model_adaptive_mpc__cycles.parquet,30503,5e9d6acd0c8e49ea7b3b69ac0719af0734c98377920b0273241b38731b83dc84
results_final/R5/parts/plant_a_supplemental/R5-V-A-000__model_adaptive_mpc__summary.parquet,33744,61462dfa133c7bd0172cd5fdf50c6e5b8cecda1002396bb2d43cf32b3c4d164e
results_final/R5/parts/plant_a_supplemental/R5-V-A-000__nominal_offset_free_mpc__cycles.parquet,30618,a04da34e69a01f6627d61209ee53c06cd4ca3af71492e025ac576b216357c8b1
results_final/R5/parts/plant_a_supplemental/R5-V-A-000__nominal_offset_free_mpc__summary.parquet,33769,8ec184db8fac4249618cb0743be1cbf6e26537529946b9ac19850f998f33aaa0
results_final/R5/parts/plant_a_supplemental/R5-V-A-000__sg_only_anti_windup_pi__cycles.parquet,25543,a04316fa5d34a37089764178043adf8e62b6373a53b26190d5ead186a0d46faf
results_final/R5/parts/plant_a_supplemental/R5-V-A-000__sg_only_anti_windup_pi__summary.parquet,33764,abd1999b99820af1b5217a116725493445db10a0d4dc62d77216995820209f97
results_final/R5/parts/plant_a_supplemental/R5-V-A-000__true_capability_oracle_mpc__cycles.parquet,30640,51749d2980d6fa574534064789ca7888701cc7075a932fe138799638bb4e65da
results_final/R5/parts/plant_a_supplemental/R5-V-A-000__true_capability_oracle_mpc__summary.parquet,33784,389ed23a4bf57981601d14272650192c896437d9731e460703af2370c5380203
results_final/R5/parts/plant_a_supplemental/R5-V-A-001__fixed_allocation_anti_windup_pi__cycles.parquet,25026,c80b641f3f18bdfac47b7882aae5e7d641f1a48a0b2b309a2337d5454ca2766e
results_final/R5/parts/plant_a_supplemental/R5-V-A-001__fixed_allocation_anti_windup_pi__summary.parquet,33966,bdaaeaa3ddc6180551115f4963dc29158c99e2cf9c5e4be6f76a74663cd15347
results_final/R5/parts/plant_a_supplemental/R5-V-A-001__model_adaptive_mpc__cycles.parquet,31010,ae75c7b08133832a31f3ce65191335a9294a783825ca87e61fd266c127dba905
results_final/R5/parts/plant_a_supplemental/R5-V-A-001__model_adaptive_mpc__summary.parquet,33901,1a83f99ef4f2a01a46a5a887bd29452640d6d8f037d49b64df806d237844a82b
results_final/R5/parts/plant_a_supplemental/R5-V-A-001__nominal_offset_free_mpc__cycles.parquet,31008,0c586d1a3fa14787503e92a7c0d671842a61595ed62b5f7cbd3115fbc4365b33
results_final/R5/parts/plant_a_supplemental/R5-V-A-001__nominal_offset_free_mpc__summary.parquet,33926,3569fa974d3e23bf320949ec2c8df51248d15d8ae57a3b2029339bdf97e13e85
results_final/R5/parts/plant_a_supplemental/R5-V-A-001__sg_only_anti_windup_pi__cycles.parquet,24501,997d3f685686479809d014e10dc926a241376d6c51201ce3ed50ba1c3cec8fa6
results_final/R5/parts/plant_a_supplemental/R5-V-A-001__sg_only_anti_windup_pi__summary.parquet,33921,15db2eee14fa8bd4a58e94a2669d2d9e94a22354f89125d82b25be8d95863c87
results_final/R5/parts/plant_a_supplemental/R5-V-A-001__true_capability_oracle_mpc__cycles.parquet,31064,f4cf966f51804c05f08f4807d425811f76fcd9b4527aee3b094eb6f8498bbd4d
results_final/R5/parts/plant_a_supplemental/R5-V-A-001__true_capability_oracle_mpc__summary.parquet,33941,175e30713cd346028eb93c7c823a7e9ebb91190c60be67166e651f4fdb62191b
results_final/R5/parts/plant_a_supplemental/R5-V-A-010__fixed_allocation_anti_windup_pi__cycles.parquet,21944,fe25954db1bbafb0b523919b38deb314e313bd2d96c0809c3441fc9216a3be46
results_final/R5/parts/plant_a_supplemental/R5-V-A-010__fixed_allocation_anti_windup_pi__summary.parquet,33669,99566e1fc0f0010d04bd4fd3bbb1eb49678ffe80830933cb15ddda00b5587a4f
results_final/R5/parts/plant_a_supplemental/R5-V-A-010__model_adaptive_mpc__cycles.parquet,25056,7e8100c7b8cfb7b9d15fd77ea9d17dca46b6add5fa93674a500cef4db6c964e6
results_final/R5/parts/plant_a_supplemental/R5-V-A-010__model_adaptive_mpc__summary.parquet,33604,0dac7b76cf1e1d5ac4bdd9f7cfd3c6011a90c1716eadf566e83a94e7bf782c2d
results_final/R5/parts/plant_a_supplemental/R5-V-A-010__nominal_offset_free_mpc__cycles.parquet,25118,c83293ba92e0dceec1314ae328fd82e2589595174be75ee1983e778831ff3979
results_final/R5/parts/plant_a_supplemental/R5-V-A-010__nominal_offset_free_mpc__summary.parquet,33629,6e38ce522832c6e8dd8ce0737f664fdcbef6a29aecc3a0469890d9a18d6c67ec
results_final/R5/parts/plant_a_supplemental/R5-V-A-010__sg_only_anti_windup_pi__cycles.parquet,21485,1c004346a8dc7b56e123830de32ba8ddda69e453bf5f7ff5c1db5fedc160dcea
results_final/R5/parts/plant_a_supplemental/R5-V-A-010__sg_only_anti_windup_pi__summary.parquet,33624,5edfdb600aa8e7153176853f1407cbaa7d062111918a6154c2e82a6010f1a447
results_final/R5/parts/plant_a_supplemental/R5-V-A-010__true_capability_oracle_mpc__cycles.parquet,25133,85bdacf68491dd517c17459cb28c07b684e73a35bf8723ba0b2a78ce009ac568
results_final/R5/parts/plant_a_supplemental/R5-V-A-010__true_capability_oracle_mpc__summary.parquet,33644,3cb907bcb4bee633610c98f2db683b66be891f5acac456076d6fbb9503f87798
results_final/R5/parts/plant_a_supplemental/R5-V-A-011__fixed_allocation_anti_windup_pi__cycles.parquet,22488,81136b0ceaba98b197d326c43b4fc2826645782fd53a045c12dd61f0a9e18d66
results_final/R5/parts/plant_a_supplemental/R5-V-A-011__fixed_allocation_anti_windup_pi__summary.parquet,33630,de2e5fb577dc69aff1f07d4be33af37f0336372fddd6fbc2555a2be362b76326
results_final/R5/parts/plant_a_supplemental/R5-V-A-011__model_adaptive_mpc__cycles.parquet,25161,34b9dae2c764d4e8889da49d34c04d427bdc7c75604ec999b1eae6efac8d5040
results_final/R5/parts/plant_a_supplemental/R5-V-A-011__model_adaptive_mpc__summary.parquet,33565,b3e015282770b9616f978870473cb12f4bb07585cd91ffe13d8a66828af25d39
results_final/R5/parts/plant_a_supplemental/R5-V-A-011__nominal_offset_free_mpc__cycles.parquet,25134,61f50d6065ed44921a2c701554fa1d7fd947181236cc3b9e7539c6a1c7722602
results_final/R5/parts/plant_a_supplemental/R5-V-A-011__nominal_offset_free_mpc__summary.parquet,33590,0bad550cb1c74171c70b8fef14a5fc621bb24f66ffc2b656e992abd067064feb
results_final/R5/parts/plant_a_supplemental/R5-V-A-011__sg_only_anti_windup_pi__cycles.parquet,21943,2198aea0a4b2cf8691732e9a959886c28a16895ad413494be91eca3b67577ea6
results_final/R5/parts/plant_a_supplemental/R5-V-A-011__sg_only_anti_windup_pi__summary.parquet,33585,84b7f0782a98c1a043843fd68d5adb7fe21a3095e6c45f70b69c7222d7c0e586
results_final/R5/parts/plant_a_supplemental/R5-V-A-011__true_capability_oracle_mpc__cycles.parquet,25177,404412554fcac6dbdef742b6cd3cf59dc09f95dfee0fdde8d9f97d84f6574620
results_final/R5/parts/plant_a_supplemental/R5-V-A-011__true_capability_oracle_mpc__summary.parquet,33605,a8c594a7fae1e47444de161384f19be4d983f78be99c279a8cef63dd7c725b14
results_final/R5/parts/plant_a_supplemental/R5-V-A-020__fixed_allocation_anti_windup_pi__cycles.parquet,26539,cb8333f3ec4b9c7a6b4d443ded85fe3f42229dd8384eb87787ba34bcad7a2578
results_final/R5/parts/plant_a_supplemental/R5-V-A-020__fixed_allocation_anti_windup_pi__summary.parquet,33680,09239c1ae19c044b9282accf06d4de215cac60cf42a08cd95cc354a75aa90a55
results_final/R5/parts/plant_a_supplemental/R5-V-A-020__model_adaptive_mpc__cycles.parquet,32200,a911cc917e821442ba4a81722705fcb680acaa169f7459e474c5647c24cdddd8
results_final/R5/parts/plant_a_supplemental/R5-V-A-020__model_adaptive_mpc__summary.parquet,33615,c782012008bb411e7d29afdedf06994a5f02bd6411b914db53797cc1622b138d
results_final/R5/parts/plant_a_supplemental/R5-V-A-020__nominal_offset_free_mpc__cycles.parquet,32093,4dcdf8e0946dc53ace7964b635fbcf689cb9d44dfebcd76a2e73752c95f29efc
results_final/R5/parts/plant_a_supplemental/R5-V-A-020__nominal_offset_free_mpc__summary.parquet,33640,69a752715d2fe3182c306846eeb66be15e2e269ce0c7b183d4f4bd5094386b6e
results_final/R5/parts/plant_a_supplemental/R5-V-A-020__sg_only_anti_windup_pi__cycles.parquet,25557,df61270f227c905c737bcf79487398a4d596a32dda33ab79c1a07003d2992239
results_final/R5/parts/plant_a_supplemental/R5-V-A-020__sg_only_anti_windup_pi__summary.parquet,33635,b77d41363c61e93fb3d9f92a08ed605b987a2c89cdc3b7c425c6050c4ed3f9dc
results_final/R5/parts/plant_a_supplemental/R5-V-A-020__true_capability_oracle_mpc__cycles.parquet,32111,4cc3bca98e197ec15fd882807dfd7acf9c6d1ec31c1f1839e91f913404dce442
results_final/R5/parts/plant_a_supplemental/R5-V-A-020__true_capability_oracle_mpc__summary.parquet,33655,047a6de37438de75a11459f763a3a547d66136bd60e239565ac6f3004c3fc076
results_final/R5/parts/plant_a_supplemental/R5-V-A-021__fixed_allocation_anti_windup_pi__cycles.parquet,25337,eb7fb1dd3e9f3c9c258267388e10bc26a611484f4b10434ffd1e61d1c87ab89b
results_final/R5/parts/plant_a_supplemental/R5-V-A-021__fixed_allocation_anti_windup_pi__summary.parquet,33710,c77631642631702f78928bf5fab4ce62c129e65627cd3b5aaeaa8acba5a71c8a
results_final/R5/parts/plant_a_supplemental/R5-V-A-021__model_adaptive_mpc__cycles.parquet,32486,9175e38bffb1b3d8cd86ad70c1c5566051d0b216c933bff4eebb39f844691428
results_final/R5/parts/plant_a_supplemental/R5-V-A-021__model_adaptive_mpc__summary.parquet,33645,017e8150b8eada9374986326e643bd6216ea3a27604e0a18a36c70f99e49730d
results_final/R5/parts/plant_a_supplemental/R5-V-A-021__nominal_offset_free_mpc__cycles.parquet,32338,077e24924d27828b4e0c7c014c5ae6acb6db5f715901ae32fe81518dc7679a0c
results_final/R5/parts/plant_a_supplemental/R5-V-A-021__nominal_offset_free_mpc__summary.parquet,33670,37644d344ea152f1d47275105b5273d237de32a05f1b9d53d007746535c93d1b
results_final/R5/parts/plant_a_supplemental/R5-V-A-021__sg_only_anti_windup_pi__cycles.parquet,24493,97b1be49f6bb87a966071b55f8007a1ac34b002e9c8deeca17121dfcf99bdcd5
results_final/R5/parts/plant_a_supplemental/R5-V-A-021__sg_only_anti_windup_pi__summary.parquet,33665,7fddc1396ce8bfa557e6f64b1e3948a30a7b158c3e29f5d478d270d3eab0518c
results_final/R5/parts/plant_a_supplemental/R5-V-A-021__true_capability_oracle_mpc__cycles.parquet,32412,ccbec10330dbb102277fbf44b6aca2dd36a4065a0227f1f6a1298ac2477592de
results_final/R5/parts/plant_a_supplemental/R5-V-A-021__true_capability_oracle_mpc__summary.parquet,33685,3ddff542fcd7d695c9073bfb576ffb6e66a2c0360b7ec1484eedc56aaf362bdc
results_final/R5/parts/plant_a_supplemental/R5-V-A-030__fixed_allocation_anti_windup_pi__cycles.parquet,21625,b9bf7a8a6dcf9b2681b2bd2477b7887882bf08a12679a05ba22f910e72511f1d
results_final/R5/parts/plant_a_supplemental/R5-V-A-030__fixed_allocation_anti_windup_pi__summary.parquet,33636,ed1f62f8b251d2eef1f0d172fd3e3cd5a95319a958016ea1a9882d82e40a7174
results_final/R5/parts/plant_a_supplemental/R5-V-A-030__model_adaptive_mpc__cycles.parquet,25136,23be77ecbbc691bc0d92113ff97f606820602e8947eb78e7d93901029e8ad871
results_final/R5/parts/plant_a_supplemental/R5-V-A-030__model_adaptive_mpc__summary.parquet,33571,07b596181b26cb1a388658899dad7d9444059b70649a72383f11899c56d65c9b
results_final/R5/parts/plant_a_supplemental/R5-V-A-030__nominal_offset_free_mpc__cycles.parquet,25185,2599df51c0a1e00f95fd45c9f5451650b6c693ef929da4061c042649c73fe098
results_final/R5/parts/plant_a_supplemental/R5-V-A-030__nominal_offset_free_mpc__summary.parquet,33596,4df2d84fe3f74cadf020ea8cf43b8135698131e719db6b06989993b789dad4a8
results_final/R5/parts/plant_a_supplemental/R5-V-A-030__sg_only_anti_windup_pi__cycles.parquet,21211,9bef251e332895673de16202491732761ab841731cb344e8a32ddff4a0909460
results_final/R5/parts/plant_a_supplemental/R5-V-A-030__sg_only_anti_windup_pi__summary.parquet,33591,3c2d954a1fc479f6ec3c95fb70627bd70d12f0dc7f3fb4feeedb8d482c458626
results_final/R5/parts/plant_a_supplemental/R5-V-A-030__true_capability_oracle_mpc__cycles.parquet,25195,0a417d5a65bc9edd7b1d1ad7b3bdc5e030c993bd50f55302a850223671aa7b9a
results_final/R5/parts/plant_a_supplemental/R5-V-A-030__true_capability_oracle_mpc__summary.parquet,33611,2b70577b85266e8efb353fc084917e6356faeb237665718a0f154bb47de8f386
results_final/R5/parts/plant_a_supplemental/R5-V-A-031__fixed_allocation_anti_windup_pi__cycles.parquet,21683,030e12fe104a95f07df758dd645817bf886ba8802e340c517154f470deb81dbe
results_final/R5/parts/plant_a_supplemental/R5-V-A-031__fixed_allocation_anti_windup_pi__summary.parquet,33655,a25bc642f180ef8baad95ac9cf365841e217f1c199b453e511bfc8b209dd6bd4
results_final/R5/parts/plant_a_supplemental/R5-V-A-031__model_adaptive_mpc__cycles.parquet,25160,0763e137c951a18a2769361fa8854ec4b551e5b6764efe94dec1f86bb53b648b
results_final/R5/parts/plant_a_supplemental/R5-V-A-031__model_adaptive_mpc__summary.parquet,33590,9dbaad5ddffe20392a3ba326f4f91f43998957a9c579773ea58ea5bde53ed0e4
results_final/R5/parts/plant_a_supplemental/R5-V-A-031__nominal_offset_free_mpc__cycles.parquet,25244,38217b7cd7881ded5857f6061d11335ff1c6a191df913c385bc400de40c7ed13
results_final/R5/parts/plant_a_supplemental/R5-V-A-031__nominal_offset_free_mpc__summary.parquet,33615,6978b3aa6036a57986b21b5e2cd234845ef1e7f8df74978aa90230d0767a2b2f
results_final/R5/parts/plant_a_supplemental/R5-V-A-031__sg_only_anti_windup_pi__cycles.parquet,20996,d7532bb4c9aa3b8cb6ede5663c04262c9da8df7bab8b49427d9816dbc5998d26
results_final/R5/parts/plant_a_supplemental/R5-V-A-031__sg_only_anti_windup_pi__summary.parquet,33610,85d4ecd9b8904e4614060263774fa8c4014cc09ca07461ccea54c4f504793824
results_final/R5/parts/plant_a_supplemental/R5-V-A-031__true_capability_oracle_mpc__cycles.parquet,25281,82f445554e0054d3249023f3ffdbeb75be2eab4235bf1cda86f1159331ca2d2e
results_final/R5/parts/plant_a_supplemental/R5-V-A-031__true_capability_oracle_mpc__summary.parquet,33630,077e143b98086299b51f820cfa4a686a0855267f2d5281ce67b22a6758ef906b
results_final/R5/parts/plant_a_supplemental/R5-V-A-040__fixed_allocation_anti_windup_pi__cycles.parquet,25850,4838eb1d6a79c3d3a13855daac3f5f952e1fbca6dc6c00dd6f0ef45226325c29
results_final/R5/parts/plant_a_supplemental/R5-V-A-040__fixed_allocation_anti_windup_pi__summary.parquet,33721,0aeadd12ea37a144adb30c419f83bce873e138bc9be86a5ccc187384ab1cf912
results_final/R5/parts/plant_a_supplemental/R5-V-A-040__model_adaptive_mpc__cycles.parquet,32286,1f86367d36f3d31234f9530c99f9116e4f563fde0405372d1189f4b5e04a0c85
results_final/R5/parts/plant_a_supplemental/R5-V-A-040__model_adaptive_mpc__summary.parquet,33656,e0696d16c66406cafebbb1c041f1f0d0f951c320d50ff782224c173fe812baf6
results_final/R5/parts/plant_a_supplemental/R5-V-A-040__nominal_offset_free_mpc__cycles.parquet,32245,5eb5dd696401b4b6b8c21499afa52b01f9b460ac9d4359a9df09fc0c8bccc1ec
results_final/R5/parts/plant_a_supplemental/R5-V-A-040__nominal_offset_free_mpc__summary.parquet,33681,4c34d08c47c89fb12a2efb3a95eb952cf27584b2c155fbc897afc05b35db0d64
results_final/R5/parts/plant_a_supplemental/R5-V-A-040__sg_only_anti_windup_pi__cycles.parquet,24984,e398ec69bd9ddcc10b7e8a6c33018bb34f71d9b67a7e878df4f50a00b5adffc8
results_final/R5/parts/plant_a_supplemental/R5-V-A-040__sg_only_anti_windup_pi__summary.parquet,33676,a8b9b4164595fff8b3b2a3c49be3f6ca13e20498da04ec37b3ea2337b60220c0
results_final/R5/parts/plant_a_supplemental/R5-V-A-040__true_capability_oracle_mpc__cycles.parquet,32211,71ad0f5129455afdc1397d12d7665e9bd2c142b6774ba017fc8a9bdb21122b2b
results_final/R5/parts/plant_a_supplemental/R5-V-A-040__true_capability_oracle_mpc__summary.parquet,33696,ec65558679efe32bc734f187b0ac7aac6c1e519257025bc3e34ba486b77e9b9a
results_final/R5/parts/plant_a_supplemental/R5-V-A-041__fixed_allocation_anti_windup_pi__cycles.parquet,25158,85cd7316ec57ab7ea561e02649ce45beb0d85776e849295a0b933a56104d833e
results_final/R5/parts/plant_a_supplemental/R5-V-A-041__fixed_allocation_anti_windup_pi__summary.parquet,33625,5fde0725e4a8fbcddba95841b06768d1eef90a7de8f6cc6d64da97abfcf783ab
results_final/R5/parts/plant_a_supplemental/R5-V-A-041__model_adaptive_mpc__cycles.parquet,32116,f120e2d6b6df9301423fee5cb522619b377545313a86634854f5344cff2cac51
results_final/R5/parts/plant_a_supplemental/R5-V-A-041__model_adaptive_mpc__summary.parquet,33560,c381b396fe3863dc71fad362b6dd07e2b6bc1665c6b73eaf677a9d92d068b675
results_final/R5/parts/plant_a_supplemental/R5-V-A-041__nominal_offset_free_mpc__cycles.parquet,32218,efbcfc8c4b16dbbacde982415e34cda1d33ebaf5b8de8b0b75259da3b36a8ad7
results_final/R5/parts/plant_a_supplemental/R5-V-A-041__nominal_offset_free_mpc__summary.parquet,33585,213baafd0833e8a2b1cfbf55821b91b3a3b441d4259dee6006474a9b8eaf6630
results_final/R5/parts/plant_a_supplemental/R5-V-A-041__sg_only_anti_windup_pi__cycles.parquet,24334,b7349a0754915f32c84859030f9dba6eb7a8712c5ffa75653900d637012a1fc7
results_final/R5/parts/plant_a_supplemental/R5-V-A-041__sg_only_anti_windup_pi__summary.parquet,33580,b0e269e99315cd60e7e350ced7631ae2dccc85a46b57167d7f86085018a1fb2d
results_final/R5/parts/plant_a_supplemental/R5-V-A-041__true_capability_oracle_mpc__cycles.parquet,32278,02b87f79d19ed9f153ade4178f565f7eceda7c9e81f2d2a6fd825c552e5c19bc
results_final/R5/parts/plant_a_supplemental/R5-V-A-041__true_capability_oracle_mpc__summary.parquet,33600,b6863e5f9ceaa4ff0f3b5cd86cc0189103951b0359d883851d75c4f2008f5782
results_final/R5/parts/plant_a_supplemental/R5-V-A-050__fixed_allocation_anti_windup_pi__cycles.parquet,22007,97956ad22696483081c3b00c95f91d7ee8ef4cd0af336685611158f0e2714bea
results_final/R5/parts/plant_a_supplemental/R5-V-A-050__fixed_allocation_anti_windup_pi__summary.parquet,33680,07eedd8f8e8973b9dc7093c52b28c9c9db8bcd827a2728ca5ce96a3e75755cc1
results_final/R5/parts/plant_a_supplemental/R5-V-A-050__model_adaptive_mpc__cycles.parquet,25177,473e3f8f13c53046551aaed3b0af3fad90a92f734ddf45c6e0ab18c389c868e7
results_final/R5/parts/plant_a_supplemental/R5-V-A-050__model_adaptive_mpc__summary.parquet,33615,11f767f9b9af207be0bcdbaed795e910d120006ed5c6dd177bf19d9c552f9169
results_final/R5/parts/plant_a_supplemental/R5-V-A-050__nominal_offset_free_mpc__cycles.parquet,25292,9f47c2fa4f42e051b5bb4d1193c3f521b2c26a30bbe903d743c83a01ff54ac78
results_final/R5/parts/plant_a_supplemental/R5-V-A-050__nominal_offset_free_mpc__summary.parquet,33640,d7eaea832dcd74b4fe501a6a9c3a1741132edac90b64197ad3c155f0a0080ef1
results_final/R5/parts/plant_a_supplemental/R5-V-A-050__sg_only_anti_windup_pi__cycles.parquet,21551,aba3ce104e72666c837e7a380204dd19dfda12d77faff2a05e5480fbc45315b1
results_final/R5/parts/plant_a_supplemental/R5-V-A-050__sg_only_anti_windup_pi__summary.parquet,33635,917cdab8810773cf15bacf4deab558aad7b004ec68a9f673b216c55823e1694a
results_final/R5/parts/plant_a_supplemental/R5-V-A-050__true_capability_oracle_mpc__cycles.parquet,25230,3f67b11892cf617d6af8890d35cc625db7a6e4254d9a48366ba16ca8c290d7ad
results_final/R5/parts/plant_a_supplemental/R5-V-A-050__true_capability_oracle_mpc__summary.parquet,33655,7d625b17f5287a71915e22c600d31c84b36fefa29a26e42c3743fcb0176d97c6
results_final/R5/parts/plant_a_supplemental/R5-V-A-051__fixed_allocation_anti_windup_pi__cycles.parquet,22174,bf7a1dbfded8e83b48073367b3bf1543614724c2713f3803071ce569d9b0429a
results_final/R5/parts/plant_a_supplemental/R5-V-A-051__fixed_allocation_anti_windup_pi__summary.parquet,33630,4b445899bd21b2d0cece7fbab12605937aca41224e70419de2fe4b13805f36ac
results_final/R5/parts/plant_a_supplemental/R5-V-A-051__model_adaptive_mpc__cycles.parquet,25186,0c4148b304502eadcaa71f4037f537b3a57b4845a8274ccaaa146d68e2d0f990
results_final/R5/parts/plant_a_supplemental/R5-V-A-051__model_adaptive_mpc__summary.parquet,33565,d772db87ac31b76041a03a0fa6cafdd077456b20799e84f223d34612adedff5a
results_final/R5/parts/plant_a_supplemental/R5-V-A-051__nominal_offset_free_mpc__cycles.parquet,25223,f0e46dab1d7e841b6099dca1202c0c266f0cdf0058cb90bcbca34beaec4ff57d
results_final/R5/parts/plant_a_supplemental/R5-V-A-051__nominal_offset_free_mpc__summary.parquet,33590,3c2efc32f11e01b16292c1ca2cfcdb7ef3862763975c1072ac93633527f30685
results_final/R5/parts/plant_a_supplemental/R5-V-A-051__sg_only_anti_windup_pi__cycles.parquet,21717,8a6dddfc4c4ba7b6331cdd57b69e81775246592cbfbcd97d3f29a2abc3154194
results_final/R5/parts/plant_a_supplemental/R5-V-A-051__sg_only_anti_windup_pi__summary.parquet,33585,7d7b2a5b1a58ff443d1a8467860848ff77c058a0051993f9c4b1ddc5ee30c0b2
results_final/R5/parts/plant_a_supplemental/R5-V-A-051__true_capability_oracle_mpc__cycles.parquet,25307,92488d9547adaff44cec5f38f84800bba3f18c1e76518aed9efb8d7cfb43c9c5
results_final/R5/parts/plant_a_supplemental/R5-V-A-051__true_capability_oracle_mpc__summary.parquet,33605,1517c0f57f7ac0f816664daab40d5e53eea93430531ef2beb1bfe7f5d3823394
results_final/R5/parts/plant_a_supplemental/R5-V-A-060__fixed_allocation_anti_windup_pi__cycles.parquet,26363,d58c394ba69a51895d1682a51f84065c57ad516f371400f11e54c52d3811c3f4
results_final/R5/parts/plant_a_supplemental/R5-V-A-060__fixed_allocation_anti_windup_pi__summary.parquet,33932,d5ae7ea843b7762586104581fae345c9e57ea93f8ead6e7a38c8b0af1702460f
results_final/R5/parts/plant_a_supplemental/R5-V-A-060__model_adaptive_mpc__cycles.parquet,30902,1e2e2797b4df207bc1b5937918c6c3d7ca6ac02bcfe53ed91ab884da30894342
results_final/R5/parts/plant_a_supplemental/R5-V-A-060__model_adaptive_mpc__summary.parquet,33867,7f4ed8889d118dd4c0d82aecbe38e23e373ed95df36076cf9825794dba8d053d
results_final/R5/parts/plant_a_supplemental/R5-V-A-060__nominal_offset_free_mpc__cycles.parquet,30882,30dc678f948a59e05ba52dd9b2dfb447daa0cf9f9ea9d4b5f41174a62188d156
results_final/R5/parts/plant_a_supplemental/R5-V-A-060__nominal_offset_free_mpc__summary.parquet,33892,3632ac31a56805010107a92054c147239f152b6ebfc3627cf2aed20ecfe3d6d0
results_final/R5/parts/plant_a_supplemental/R5-V-A-060__sg_only_anti_windup_pi__cycles.parquet,24628,cbd888ac721714c39d878833169f2224d3a8d13fae23699d2798a89dd18ca218
results_final/R5/parts/plant_a_supplemental/R5-V-A-060__sg_only_anti_windup_pi__summary.parquet,33887,a2ffd67a970b5b206342465bad9e91f428ad24c87f963b6a394bb94cd25a512b
results_final/R5/parts/plant_a_supplemental/R5-V-A-060__true_capability_oracle_mpc__cycles.parquet,30968,ddd9e853458331959a3fab60db2827ef79ecd003c8ab64981e1f28d3c67b11b4
results_final/R5/parts/plant_a_supplemental/R5-V-A-060__true_capability_oracle_mpc__summary.parquet,33907,f0395e9557cc8c244a54a99b8a65da930a63d8d6c01620ff180dfe13793eb9e8
results_final/R5/parts/plant_a_supplemental/R5-V-A-061__fixed_allocation_anti_windup_pi__cycles.parquet,24895,7c8a6cc37e6e9024f187df4710438d97a981a541fa25627fd42de7a86c278f98
results_final/R5/parts/plant_a_supplemental/R5-V-A-061__fixed_allocation_anti_windup_pi__summary.parquet,33676,d06576d6acbee0f276a9eb663b226985a83c2d82def62ed71b1a99574793dfea
results_final/R5/parts/plant_a_supplemental/R5-V-A-061__model_adaptive_mpc__cycles.parquet,32351,b46918a2d0dc14084b0b891dd2eca85e606cfabf10d324e7ba4ffe06a04ed03a
results_final/R5/parts/plant_a_supplemental/R5-V-A-061__model_adaptive_mpc__summary.parquet,33611,200f3f62736d84624c00bc7615fa09531f2ba09288028f09790bf3e0c5544656
results_final/R5/parts/plant_a_supplemental/R5-V-A-061__nominal_offset_free_mpc__cycles.parquet,32216,c7ab2807e84fe9b4e960473f350f3a2fe551a10037ee66528dbd675fcc5b0b55
results_final/R5/parts/plant_a_supplemental/R5-V-A-061__nominal_offset_free_mpc__summary.parquet,33636,d63e6a9eda6a81fa22bf139f84341b10d663499f72959019767a7fb0c2d44ee9
results_final/R5/parts/plant_a_supplemental/R5-V-A-061__sg_only_anti_windup_pi__cycles.parquet,24127,ce7ecd51025133d7a19c78a68f6fbf6585636314bd02cc376428ec38d930adc7
results_final/R5/parts/plant_a_supplemental/R5-V-A-061__sg_only_anti_windup_pi__summary.parquet,33631,d29cb08b518d762aa8b39a6e8b57a6eccf96c8b8dcbaca4cf64d454f956cb8ab
results_final/R5/parts/plant_a_supplemental/R5-V-A-061__true_capability_oracle_mpc__cycles.parquet,32220,e8c4bf69697bc86a02e4eb519cd4af46e10a67d99350df364fffa2dafc869ae2
results_final/R5/parts/plant_a_supplemental/R5-V-A-061__true_capability_oracle_mpc__summary.parquet,33651,71a3f44a287d8553b1124378d1e185f7e9d516749f231680bc398d4713f0ec9e
results_final/R5/parts/plant_a_supplemental/R5-V-A-070__fixed_allocation_anti_windup_pi__cycles.parquet,21944,371758752e53ec64233dd23be8412ff89af60df677fe1e3062634ce7ab97b077
results_final/R5/parts/plant_a_supplemental/R5-V-A-070__fixed_allocation_anti_windup_pi__summary.parquet,33700,8252bb9a89d08f50d1415d5bb28171171bd456f5903d7ce85d792481099cee5e
results_final/R5/parts/plant_a_supplemental/R5-V-A-070__model_adaptive_mpc__cycles.parquet,25117,a899015dc4e58be284b0915033942d29c487fdce6fc8c858f5f54358a69b1c79
results_final/R5/parts/plant_a_supplemental/R5-V-A-070__model_adaptive_mpc__summary.parquet,33635,2a25c2298678720a7d852a90f5017eaa6f98c4e8ac42845d3863666b74f26953
results_final/R5/parts/plant_a_supplemental/R5-V-A-070__nominal_offset_free_mpc__cycles.parquet,25115,723a93dc3b587c4d087ca2fcba38d6af6629740056d3f5c0cc238097f6219de9
results_final/R5/parts/plant_a_supplemental/R5-V-A-070__nominal_offset_free_mpc__summary.parquet,33660,82d2a33108286312b5eb0fe8dc462d79c157a3842e5a2f45921d260f4b1bdbed
results_final/R5/parts/plant_a_supplemental/R5-V-A-070__sg_only_anti_windup_pi__cycles.parquet,21485,c3b09e102af38b908815d5392010091e4336b8f7dc980ae72db0a447c2aa1040
results_final/R5/parts/plant_a_supplemental/R5-V-A-070__sg_only_anti_windup_pi__summary.parquet,33655,667eb9f0a074b63e4df2adf10bd8c75b3cc7e93b00513fc9d6179e0627ea80a1
results_final/R5/parts/plant_a_supplemental/R5-V-A-070__true_capability_oracle_mpc__cycles.parquet,25123,646660e08288be7e494901a61e7659d185b03e07ebcbed88ddbb88f6933a450b
results_final/R5/parts/plant_a_supplemental/R5-V-A-070__true_capability_oracle_mpc__summary.parquet,33675,e36e6ee91202449577a8ca551833cd0e6762cd7a264bd1f732e4e2910c8c15d1
results_final/R5/parts/plant_a_supplemental/R5-V-A-071__fixed_allocation_anti_windup_pi__cycles.parquet,22363,6075f3da75cd5a4e174012350e2dc0d2edde372bbcea62a0aa35040477f132e9
results_final/R5/parts/plant_a_supplemental/R5-V-A-071__fixed_allocation_anti_windup_pi__summary.parquet,33841,f3d9cbaa0f74835806c10fbeccb94c8b4c210828580d5b24fc637db588e30774
results_final/R5/parts/plant_a_supplemental/R5-V-A-071__model_adaptive_mpc__cycles.parquet,24680,fec3009cf966b23df02021f7ace2305d37e3aada85fb8571c89d1357957d28f8
results_final/R5/parts/plant_a_supplemental/R5-V-A-071__model_adaptive_mpc__summary.parquet,33776,32dfd1e089bfed78acc5ff2498003fb1fe00673637a9bf7c3ceac22f4f8d28fe
results_final/R5/parts/plant_a_supplemental/R5-V-A-071__nominal_offset_free_mpc__cycles.parquet,24719,9ed17899aaf5ead06b763a6b6f30035aa348af7f72d275b7afc213d6080c358c
results_final/R5/parts/plant_a_supplemental/R5-V-A-071__nominal_offset_free_mpc__summary.parquet,33801,13937acde5758963ea4a237b12d6339189fc8410a0cf350b1055d51b43d1e5e4
results_final/R5/parts/plant_a_supplemental/R5-V-A-071__sg_only_anti_windup_pi__cycles.parquet,21900,6f8c64ccfe42b9469bff2e840d19a99ae167b11cd0db5cc3b4a521a211d3af73
results_final/R5/parts/plant_a_supplemental/R5-V-A-071__sg_only_anti_windup_pi__summary.parquet,33796,6fb604d3d470a68511fd7478cf14c45926b39732a2015cf77bcb202a1ea3743c
results_final/R5/parts/plant_a_supplemental/R5-V-A-071__true_capability_oracle_mpc__cycles.parquet,24810,316a9b96fdbbbeb923027bb99fc8ac8b1296304a5ea62f01e80493274aed1979
results_final/R5/parts/plant_a_supplemental/R5-V-A-071__true_capability_oracle_mpc__summary.parquet,33816,a773a698ddc4f3df2667e8431f79f3315c3bff08354124d41441bf77bfcd0ba2
results_final/R5/parts/plant_a_supplemental/R5-V-A-080__fixed_allocation_anti_windup_pi__cycles.parquet,25694,ece8245f9f49f4b9603fdf08927ac869ceefa52f3f52ac9b9d45007dd5d4c6e0
results_final/R5/parts/plant_a_supplemental/R5-V-A-080__fixed_allocation_anti_windup_pi__summary.parquet,33835,1f0257a93e0c060e3d00607d5329fd0ed6570443e7f5ae85c0abc024c6aec79e
results_final/R5/parts/plant_a_supplemental/R5-V-A-080__model_adaptive_mpc__cycles.parquet,30939,555ee802dab0c9f32d410a9ee46a11e9418e91d3445b4dede0aa6e75d15d7fc0
results_final/R5/parts/plant_a_supplemental/R5-V-A-080__model_adaptive_mpc__summary.parquet,33770,8097b678d3d60f2687db8557d89d9812d3e2443a1848c809fe5905c4b5f61a10
results_final/R5/parts/plant_a_supplemental/R5-V-A-080__nominal_offset_free_mpc__cycles.parquet,31009,73e1273c1cac6ac6a5cf10ab0b6679354eaae93477e9248ccae427e1b0c01047
results_final/R5/parts/plant_a_supplemental/R5-V-A-080__nominal_offset_free_mpc__summary.parquet,33795,73218d9aac68743dc1c880424c47c979e3a28fa3ba0dba5545af3aa955c0570d
results_final/R5/parts/plant_a_supplemental/R5-V-A-080__sg_only_anti_windup_pi__cycles.parquet,24769,304d7f0b25446f605d6ae9bfe19d16d1674a97a4aff1cb4ef0f72a1aa74ba173
results_final/R5/parts/plant_a_supplemental/R5-V-A-080__sg_only_anti_windup_pi__summary.parquet,33790,9ce9b8e6420a3f0c3df62c15c90e3bdb79c074c07d2f9cef1e8f7af5bf355cc5
results_final/R5/parts/plant_a_supplemental/R5-V-A-080__true_capability_oracle_mpc__cycles.parquet,30830,5b25d98886807d0e7b3f18c9d2c5c7fa2e0c9e2871fbd1762bbff9b8142eb503
results_final/R5/parts/plant_a_supplemental/R5-V-A-080__true_capability_oracle_mpc__summary.parquet,33810,baf8640e0055c48cb0b3c3052814a714d9206e30554c52ad67eef6ab9b772913
results_final/R5/parts/plant_a_supplemental/R5-V-A-081__fixed_allocation_anti_windup_pi__cycles.parquet,25178,b220a5477783c85f2b11188746c4792a420262aa7ca29455d819889611724959
results_final/R5/parts/plant_a_supplemental/R5-V-A-081__fixed_allocation_anti_windup_pi__summary.parquet,33796,0e14ee81cde36a9b1d59bab64d22bbf3c6c909a225a710f3c942e0fada1ce8e5
results_final/R5/parts/plant_a_supplemental/R5-V-A-081__model_adaptive_mpc__cycles.parquet,31665,0a94e8b5472ce962767cdd1ad77031c61d0f4276fa12adb4abe6a03b183bbcf6
results_final/R5/parts/plant_a_supplemental/R5-V-A-081__model_adaptive_mpc__summary.parquet,33731,c0e525818f2497dd69bcb39587c21cb6f62445b78aa21e59a3d7a8f3bc92c691
results_final/R5/parts/plant_a_supplemental/R5-V-A-081__nominal_offset_free_mpc__cycles.parquet,32822,2f6210331d551d85ecec62ec369674f660b16b884a3451166044544c5293216f
results_final/R5/parts/plant_a_supplemental/R5-V-A-081__nominal_offset_free_mpc__summary.parquet,33756,b6c35cc73c9b1be6950e98e18df864493f6c329872fa66924defb2ae462d48ed
results_final/R5/parts/plant_a_supplemental/R5-V-A-081__sg_only_anti_windup_pi__cycles.parquet,23910,a9ca85d5b6149fefa75da05870e82430170223f0679a71542bc01979d01a7d8e
results_final/R5/parts/plant_a_supplemental/R5-V-A-081__sg_only_anti_windup_pi__summary.parquet,33751,a1d16c1c93e23e4534d30d3bcbf28c3710aed26774ede24379ac55bf7f2cbe79
results_final/R5/parts/plant_a_supplemental/R5-V-A-081__true_capability_oracle_mpc__cycles.parquet,32398,bbc859f8b08a1397cbe509c1cfaf6d5dddfd66a6b95bcb50428f8f92f48e93c8
results_final/R5/parts/plant_a_supplemental/R5-V-A-081__true_capability_oracle_mpc__summary.parquet,33771,af4b1235b4dc639fdf86241041285516ceeb7aa75fd944f97306bde8a139a66c
results_final/R5/parts/plant_a_supplemental/R5-V-A-090__fixed_allocation_anti_windup_pi__cycles.parquet,21618,42d95bbb6e072045879508c4ab130666ead51aec89ea65f68068978f84447765
results_final/R5/parts/plant_a_supplemental/R5-V-A-090__fixed_allocation_anti_windup_pi__summary.parquet,33719,11575cca2b2d7deee1dc9e5bff9db2688f8c176d18fd04ce897df2013651e845
results_final/R5/parts/plant_a_supplemental/R5-V-A-090__model_adaptive_mpc__cycles.parquet,25155,865622bb347a7dc95d101d198f234a45898fb796f3ad74a67a8ac44da4fe1a77
results_final/R5/parts/plant_a_supplemental/R5-V-A-090__model_adaptive_mpc__summary.parquet,33654,b24fbb64498e8480d1f26308ccfdcc656a72c1e7e0a71b2771fb062695164bfd
results_final/R5/parts/plant_a_supplemental/R5-V-A-090__nominal_offset_free_mpc__cycles.parquet,25278,883b802498887b7e0d4d7ebf0f4cda6a9c3f6b2cf3c18d02c359a0b36dfeada4
results_final/R5/parts/plant_a_supplemental/R5-V-A-090__nominal_offset_free_mpc__summary.parquet,33679,2df58564ca785440e6838fbd078b382038f999f29ed447cf80f0ab7836650f63
results_final/R5/parts/plant_a_supplemental/R5-V-A-090__sg_only_anti_windup_pi__cycles.parquet,21232,cb46d451f79434b164bddc90743756e99b7f37ccd358ce5d754ff813e49c5328
results_final/R5/parts/plant_a_supplemental/R5-V-A-090__sg_only_anti_windup_pi__summary.parquet,33674,c6c208b48c30d7b70813487499c6d91c534bfbc3f55818275f714ae0d6023fd8
results_final/R5/parts/plant_a_supplemental/R5-V-A-090__true_capability_oracle_mpc__cycles.parquet,25233,bad5cf0e3908e8524adcbd5474fdeeaa64bc72379e62030ba006f5e568e81ee2
results_final/R5/parts/plant_a_supplemental/R5-V-A-090__true_capability_oracle_mpc__summary.parquet,33694,ce322d0aa7809867fb21f25f4db04dc08247cd0b4ec2d3003e7dd83780b518c5
results_final/R5/parts/plant_a_supplemental/R5-V-A-091__fixed_allocation_anti_windup_pi__cycles.parquet,20987,74c4c4b3b136e65d7fda1d9078c1c70966e0bba1ceabe0d703444bb8efcceaa3
results_final/R5/parts/plant_a_supplemental/R5-V-A-091__fixed_allocation_anti_windup_pi__summary.parquet,33746,7af45906002afdee669fa54ac0624b3d3e9b73b449bdfc737e4932099edd6204
results_final/R5/parts/plant_a_supplemental/R5-V-A-091__model_adaptive_mpc__cycles.parquet,25341,e9de0f24409131bac3477650494603250d50b81d94f40f39427ca402d0848e9a
results_final/R5/parts/plant_a_supplemental/R5-V-A-091__model_adaptive_mpc__summary.parquet,33681,b4c7ac04b1c8f4df6d25afeb578f3e3c6a151fc8326ddb079ac9af8bb1a40f11
results_final/R5/parts/plant_a_supplemental/R5-V-A-091__nominal_offset_free_mpc__cycles.parquet,25545,1cdb66059581027230454ed909ecc7c13e859d34d5eaf0c3df07fdfbcbf4e33c
results_final/R5/parts/plant_a_supplemental/R5-V-A-091__nominal_offset_free_mpc__summary.parquet,33706,e63c0ab734b8759985d229d62ee04ca1ac07b2d6b8165d6da90cd3ab9c337828
results_final/R5/parts/plant_a_supplemental/R5-V-A-091__sg_only_anti_windup_pi__cycles.parquet,20834,ca8125f18fcd3da504e3a623a52e907af8f808a9d004b87b50c7f13369641dbd
results_final/R5/parts/plant_a_supplemental/R5-V-A-091__sg_only_anti_windup_pi__summary.parquet,33701,33075da5d66646bfad2d84ef88145462682429a87c848e75997825a6f621ca54
results_final/R5/parts/plant_a_supplemental/R5-V-A-091__true_capability_oracle_mpc__cycles.parquet,25553,6db86cf31ebdc5e42486500f79c3d9dc506c9f4004ece89856a2ba4875b2fe25
results_final/R5/parts/plant_a_supplemental/R5-V-A-091__true_capability_oracle_mpc__summary.parquet,33721,3ca77f833627747a3395e5459a954705f524859b5873d87c8ad1beac95e11072
results_final/R5/parts/plant_a_supplemental/R5-V-A-100__fixed_allocation_anti_windup_pi__cycles.parquet,25713,70d212308a1aecd6bfe96d4727f9a847d51471850bf8456e5213baf9ec5f7ba1
results_final/R5/parts/plant_a_supplemental/R5-V-A-100__fixed_allocation_anti_windup_pi__summary.parquet,33741,4ee941502fee92e3a3c28d852ea89fcb0f225a2e37a1bde214946524fd4100d4
results_final/R5/parts/plant_a_supplemental/R5-V-A-100__model_adaptive_mpc__cycles.parquet,32172,4930d6ff51383c81b9cf74f3f260c68739785473b2e4cab93bf5d19232a2e454
results_final/R5/parts/plant_a_supplemental/R5-V-A-100__model_adaptive_mpc__summary.parquet,33676,fb4dad6b51efa1638472ad61c5a590bd02311876da5b9c29dbef8177d0ccf308
results_final/R5/parts/plant_a_supplemental/R5-V-A-100__nominal_offset_free_mpc__cycles.parquet,32272,3bbb8cffabd670676353797b0e580d1cfadd442e3438ab9217e308566a842a7a
results_final/R5/parts/plant_a_supplemental/R5-V-A-100__nominal_offset_free_mpc__summary.parquet,33701,ff6232d14a965bd4dea65888dc13f163db87debaf6df4e14275a59bc40a0817b
results_final/R5/parts/plant_a_supplemental/R5-V-A-100__sg_only_anti_windup_pi__cycles.parquet,24915,ae1bed6671219737c2aeefd724204b6cff70d5b1b59a91eaac6f243b57914ba9
results_final/R5/parts/plant_a_supplemental/R5-V-A-100__sg_only_anti_windup_pi__summary.parquet,33696,5bb1edb4a9381b026d062d0413afa35d1a9b38ff1c87df5c7c77637ecf73f92c
results_final/R5/parts/plant_a_supplemental/R5-V-A-100__true_capability_oracle_mpc__cycles.parquet,32248,6b8a7402607315ac662911e23df487e415ce1073c95c9dc03ef6aac5724f9570
results_final/R5/parts/plant_a_supplemental/R5-V-A-100__true_capability_oracle_mpc__summary.parquet,33716,fffcbded85ed596bdf1efc8e96f8387dd14afcb84cb8724d3e857654743606af
results_final/R5/parts/plant_a_supplemental/R5-V-A-101__fixed_allocation_anti_windup_pi__cycles.parquet,26064,4312c0390b6ebed8177f5d81ba11264b875c2cecd255d2807d9377b44f75b9d0
results_final/R5/parts/plant_a_supplemental/R5-V-A-101__fixed_allocation_anti_windup_pi__summary.parquet,33650,01b213e1b13131c789eb74b0995de337d3c429c22dae67cb016de2098185c15a
results_final/R5/parts/plant_a_supplemental/R5-V-A-101__model_adaptive_mpc__cycles.parquet,32210,41c2f1b835a79c9bf79b0a70160bf73c50e3ac7ac820dd2d0205430ae42a4103
results_final/R5/parts/plant_a_supplemental/R5-V-A-101__model_adaptive_mpc__summary.parquet,33585,a8e04f67f31df8b953389365b1daa97e2e83739f2024c894b4142a9d1922b14c
results_final/R5/parts/plant_a_supplemental/R5-V-A-101__nominal_offset_free_mpc__cycles.parquet,32297,b85db347d1037a0e0a51e598d753e65339f25e0cdef6be51b11144ce43d9cd25
results_final/R5/parts/plant_a_supplemental/R5-V-A-101__nominal_offset_free_mpc__summary.parquet,33610,5a46f3dd182a93a4f33dadc41ba757fa119f9eb2b99a986cb4e163bfd766d6a9
results_final/R5/parts/plant_a_supplemental/R5-V-A-101__sg_only_anti_windup_pi__cycles.parquet,24921,124600a2dbbc958edeb0465595af10baaafcf9b2fda15d6c82934d5efd35fa3a
results_final/R5/parts/plant_a_supplemental/R5-V-A-101__sg_only_anti_windup_pi__summary.parquet,33605,157d23c123de84befa2bfaddb7c3cc114a751108c1e33231de5130b347d8bb8d
results_final/R5/parts/plant_a_supplemental/R5-V-A-101__true_capability_oracle_mpc__cycles.parquet,32269,55e5ae2bfdebf47737c8f78589a7549b56e685f49f1727fc308bb40593caee16
results_final/R5/parts/plant_a_supplemental/R5-V-A-101__true_capability_oracle_mpc__summary.parquet,33625,caa76f05ddf7a2afd020e42cf9ebdcdc0cc1ba2d4d4a9e356faf8dca654e6837
results_final/R5/parts/plant_a_supplemental/R5-V-A-110__fixed_allocation_anti_windup_pi__cycles.parquet,21916,f4a1436be4dfe96d1441c8a15b6515f5e31215c47642b1a4ed2a6ef7b1c33dfc
results_final/R5/parts/plant_a_supplemental/R5-V-A-110__fixed_allocation_anti_windup_pi__summary.parquet,33661,ec8a54971f0d7d22a26a2aa83eb6a33c1455244e615d607c65047a4f50f0f39e
results_final/R5/parts/plant_a_supplemental/R5-V-A-110__model_adaptive_mpc__cycles.parquet,25089,8bb2d27d17b5be2f8b04fbbe3e41e0e0b939365eba382818a3ce1317903aaca4
results_final/R5/parts/plant_a_supplemental/R5-V-A-110__model_adaptive_mpc__summary.parquet,33596,a36b7c08ef655b484246ffa43175a05c3216b1fe0ac902f9fab3549335c73eea
results_final/R5/parts/plant_a_supplemental/R5-V-A-110__nominal_offset_free_mpc__cycles.parquet,25111,eb2bf1f2df1cc6fa411914c0afb54035690017014a0872adec9de0ae2749ee49
results_final/R5/parts/plant_a_supplemental/R5-V-A-110__nominal_offset_free_mpc__summary.parquet,33621,730c10ed15f4604bdaf23e6d5ac36900d09bc5528d511ffc2ffdf0616e84c712
results_final/R5/parts/plant_a_supplemental/R5-V-A-110__sg_only_anti_windup_pi__cycles.parquet,21740,f07b26d698389e50c2786586a8cd9c3040e1b72eff005679cd35d9c73c2bfe23
results_final/R5/parts/plant_a_supplemental/R5-V-A-110__sg_only_anti_windup_pi__summary.parquet,33616,5d3cb7a6997c6b35762931a45190018ecf34d72b46aac77c750699815c0f257d
results_final/R5/parts/plant_a_supplemental/R5-V-A-110__true_capability_oracle_mpc__cycles.parquet,25114,6e6de095ec98ea21539ce2641fa47c8b31d009f1c46ff4647390c7908bdc8c74
results_final/R5/parts/plant_a_supplemental/R5-V-A-110__true_capability_oracle_mpc__summary.parquet,33636,0a21ff265f30f493649ec57f4b1cdcc1c333174a0163f5fc3ef23a9c2de76ce7
results_final/R5/parts/plant_a_supplemental/R5-V-A-111__fixed_allocation_anti_windup_pi__cycles.parquet,21390,714dc4c0fc117588c86f867855a6094e5e7fee44318ca8774b58bb9d9585954e
results_final/R5/parts/plant_a_supplemental/R5-V-A-111__fixed_allocation_anti_windup_pi__summary.parquet,33711,d44df64476b25405edb8538cf7c93ad913b3c916333235af2b79f54a64da4d4f
results_final/R5/parts/plant_a_supplemental/R5-V-A-111__model_adaptive_mpc__cycles.parquet,25070,ff723bfe3a4b1f027fe5bf2fc7b314f1b71d835b7c4fb6d6ad0e36a709b9f036
results_final/R5/parts/plant_a_supplemental/R5-V-A-111__model_adaptive_mpc__summary.parquet,33646,442e0c898ec4682488db114d4837318ae852f8c6a25bb0020d15640c5a9da465
results_final/R5/parts/plant_a_supplemental/R5-V-A-111__nominal_offset_free_mpc__cycles.parquet,25135,d2ba8e2bfc00deaf2273f4f51ff6119fe03f98acbfaee086ee44bf9980445f41
results_final/R5/parts/plant_a_supplemental/R5-V-A-111__nominal_offset_free_mpc__summary.parquet,33671,e36347794e967f15cdbc78728b7381c41754a174a506a7cf184e58bcf287baaa
results_final/R5/parts/plant_a_supplemental/R5-V-A-111__sg_only_anti_windup_pi__cycles.parquet,21214,4f80b7282fba9f8e12b775c9d06e330427666d7aad1a88bf6e2d68cb906ef663
results_final/R5/parts/plant_a_supplemental/R5-V-A-111__sg_only_anti_windup_pi__summary.parquet,33666,22f3f9931e44b3abdc6759ec6de1b2358579d643bdd78a43eaf52a8c113a964a
results_final/R5/parts/plant_a_supplemental/R5-V-A-111__true_capability_oracle_mpc__cycles.parquet,25128,a81cc46413005ac36fc9d64921b8506253af3e8d4292635bb1d539cd28b4abe8
results_final/R5/parts/plant_a_supplemental/R5-V-A-111__true_capability_oracle_mpc__summary.parquet,33686,a303105a1fdd034000de1e10614b24e503f350017497e24bf0f0530219a86bbf
results_final/R5/parts/plant_b/R5-V-B-000__contract_only_rolling_mpc__cycles.parquet,28155,79bfc62e443dfa6860dea28980bcbd5f78f59534cc7a1b81054c225abf98cc7c
results_final/R5/parts/plant_b/R5-V-B-000__contract_only_rolling_mpc__summary.parquet,33305,ba40fda282c35f3d24a38d346c8dffd3f9bdb229771bda052055ffa9004d896f
results_final/R5/parts/plant_b/R5-V-B-000__dcsv_cr_mpc__cycles.parquet,29592,9b3dc9da6476207955742da8e85c3660f374e7f06465154bf6f1cd32bf270971
results_final/R5/parts/plant_b/R5-V-B-000__dcsv_cr_mpc__summary.parquet,33235,d3ae36938e9e1e48cf611437d5313f1cd273741d385614970808ebab5327c767
results_final/R5/parts/plant_b/R5-V-B-001__contract_only_rolling_mpc__cycles.parquet,28460,24028a2efac24d6db32699109857672ce7b18e8406be4c2ffb0e8bfebdc56f2b
results_final/R5/parts/plant_b/R5-V-B-001__contract_only_rolling_mpc__summary.parquet,33254,70a36cc68785f8991cc8b48a2155b4b45991dc3d2b4d51c0d397b7f6849e97f3
results_final/R5/parts/plant_b/R5-V-B-001__dcsv_cr_mpc__cycles.parquet,30025,f0f761cdd6c6082ffcaa2ce6ce5341832dc9cda5ef95097ee12062cce88590be
results_final/R5/parts/plant_b/R5-V-B-001__dcsv_cr_mpc__summary.parquet,33184,941cecd09173da73fdf621b515993699ce804e7ce6da332f6af96a6f93ca44c9
results_final/R5/parts/plant_b/R5-V-B-002__contract_only_rolling_mpc__cycles.parquet,28694,36aec66eaf2c74f92c55ead82165f66ebe5f865d51cba1a8c1f86706544f2569
results_final/R5/parts/plant_b/R5-V-B-002__contract_only_rolling_mpc__summary.parquet,33295,7e7aa62d2e512340c732649eb62b4373aea610dad4e84491122975d6c78bb8aa
results_final/R5/parts/plant_b/R5-V-B-002__dcsv_cr_mpc__cycles.parquet,30136,76defaa13616a87febee3f1561a928d7e43167f6cd4044c620aad5286b1720c7
results_final/R5/parts/plant_b/R5-V-B-002__dcsv_cr_mpc__summary.parquet,33225,0aba355f97a9a6125b1d4c273b19679de3c16258a531a79443827fb69c0dfb32
results_final/R5/parts/plant_b/R5-V-B-003__contract_only_rolling_mpc__cycles.parquet,22905,0729945d052706842e0a2ed6169d5842698841f4a9d0a083aaff5ce68eac46d5
results_final/R5/parts/plant_b/R5-V-B-003__contract_only_rolling_mpc__summary.parquet,33310,85899fe4617eb9ed40bfa5de6b7c8022208dc80fb4437bdf8fe4fadf0028c70a
results_final/R5/parts/plant_b/R5-V-B-003__dcsv_cr_mpc__cycles.parquet,23493,7184aa5c11f69fcd8fc1b4afb98d5f6441be45f24ae81b3c452f2793dd60a46f
results_final/R5/parts/plant_b/R5-V-B-003__dcsv_cr_mpc__summary.parquet,33240,d79ea293f1ed9d8dd800d2a1eea057669316f480f816ff7a78fe4d88d47f1404
results_final/R5/parts/plant_b/R5-V-B-004__contract_only_rolling_mpc__cycles.parquet,22756,2e5b1c105d97964b0329e1abb8b7dc74a9cb543b17557e113f63920c56b4181d
results_final/R5/parts/plant_b/R5-V-B-004__contract_only_rolling_mpc__summary.parquet,33254,c735fb8f654f1eca7e96cc3dc693799f18ed637d1fef6df8b33f3cb9590a3a7e
results_final/R5/parts/plant_b/R5-V-B-004__dcsv_cr_mpc__cycles.parquet,23362,6aa47774208a1a4b7f0d2e285dbd6f58dd4dc268bb826bac8c7cd5514c3a3079
results_final/R5/parts/plant_b/R5-V-B-004__dcsv_cr_mpc__summary.parquet,33184,ec588b3f10ac5feda9e57e9fa898dd4b535f1730537b32d2626d736bf7c23334
results_final/R5/parts/plant_b/R5-V-B-005__contract_only_rolling_mpc__cycles.parquet,28135,7aa6fbb615042006cfad199e7cf63ceee03090f42afab6beacfdc81e221ee61c
results_final/R5/parts/plant_b/R5-V-B-005__contract_only_rolling_mpc__summary.parquet,33340,f6a59439d9e08081fe93c63838d689e39ec528421eb5c37a8ad66d74043f1b45
results_final/R5/parts/plant_b/R5-V-B-005__dcsv_cr_mpc__cycles.parquet,29606,beb65a52d14362315aa5f02c91920392441c8be96a70faaf46816224634adfc9
results_final/R5/parts/plant_b/R5-V-B-005__dcsv_cr_mpc__summary.parquet,33270,a85d761d1029da0543c5e2e3550bd6965a07876d1e47f5e88da0eb2d1bd9e388
results_final/R5/parts/plant_b/R5-V-B-006__contract_only_rolling_mpc__cycles.parquet,22813,dc829fb415dba34bdd370fc82c40b90a227c00362dbd4e5d8c8c19af9b64282d
results_final/R5/parts/plant_b/R5-V-B-006__contract_only_rolling_mpc__summary.parquet,33299,439f6f6eec8f56b957124249bccaabe84437f86b7a36b889d563a5b481530fc4
results_final/R5/parts/plant_b/R5-V-B-006__dcsv_cr_mpc__cycles.parquet,23417,9eed940f02425d1f2769000a02be948e4733c5a8c7f1f38fc0dbd604b0442cda
results_final/R5/parts/plant_b/R5-V-B-006__dcsv_cr_mpc__summary.parquet,33229,7f259f9b3a12601acc3aad67e0f2db2a1a26b8495e4f42004dc126c16515feba
results_final/R5/parts/plant_b/R5-V-B-007__contract_only_rolling_mpc__cycles.parquet,22788,8c9f74f7b3d3f70652f2b7cdc618e16295e2aed34f1376d266430966fef6c000
results_final/R5/parts/plant_b/R5-V-B-007__contract_only_rolling_mpc__summary.parquet,33254,aff15dd26e5b60ae0ad76bcaae2d80f35bc9ce1a2ef0a6e593e3e760f1e17056
results_final/R5/parts/plant_b/R5-V-B-007__dcsv_cr_mpc__cycles.parquet,23360,535d9ce88b3761647d7f0363ca7b4eb08dc2bf4e39bc49618f23294e75fdecd7
results_final/R5/parts/plant_b/R5-V-B-007__dcsv_cr_mpc__summary.parquet,33184,c920e2ecc542cdf6b0796e66eb26654ee44231b86e2df4ccac07a679c5376b94
results_final/R5/parts/plant_b/R5-V-B-008__contract_only_rolling_mpc__cycles.parquet,28557,34262b693af9c5f9336a4da6d7b62f9d55ed549694179430ef5a374d24c50f5f
results_final/R5/parts/plant_b/R5-V-B-008__contract_only_rolling_mpc__summary.parquet,33265,c32f94b22b10bfef33060cba750e91feffe1df04762ed6b800ac1fbc02e2ccfa
results_final/R5/parts/plant_b/R5-V-B-008__dcsv_cr_mpc__cycles.parquet,30067,2df8c94a8f4ce2bba5400e44bb808ad45f010aaa9bcd5c6de3e99732d3ff8af0
results_final/R5/parts/plant_b/R5-V-B-008__dcsv_cr_mpc__summary.parquet,33195,adf49d018a09807908f781114b949911803507a4d9e014609c1c55714b59736f
results_final/R5/parts/plant_b/R5-V-B-009__contract_only_rolling_mpc__cycles.parquet,22734,13116e4969ff00ea4b307ed781f25ce67c2090f7e89216f6344ca57ced422b92
results_final/R5/parts/plant_b/R5-V-B-009__contract_only_rolling_mpc__summary.parquet,33260,f11894ce3596eb057118f6b32c4a674405e5484352e61aa4367201a7fefc31fa
results_final/R5/parts/plant_b/R5-V-B-009__dcsv_cr_mpc__cycles.parquet,23358,428d12dc0c2ed77926e976fc891538e62a31602ade94abf2d41a912e48dc9136
results_final/R5/parts/plant_b/R5-V-B-009__dcsv_cr_mpc__summary.parquet,33190,e99971a91dd663d9c5e1206300c1bb6a1677f2a3e0873d0bb331d72d1e42aa29
results_final/R5/parts/plant_b/R5-V-B-010__contract_only_rolling_mpc__cycles.parquet,28686,c16eba64273ff3b9bbef60ff1926ef124490bb90a6d93279b74b22d51ff980bb
results_final/R5/parts/plant_b/R5-V-B-010__contract_only_rolling_mpc__summary.parquet,33324,4684b3a473be0bcacb23a68ac9ceb85626da6e839e19521fc1fd89ce1d55f36c
results_final/R5/parts/plant_b/R5-V-B-010__dcsv_cr_mpc__cycles.parquet,30193,73dddb8fc203fbcc92eac6979a64466b7806e2b22ceaeb5f5e85b7fc62190939
results_final/R5/parts/plant_b/R5-V-B-010__dcsv_cr_mpc__summary.parquet,33254,e30b2ea2f923d9996fcde289a183fca2ab24fe47cbce5a9b6df0ba260766779c
results_final/R5/parts/plant_b/R5-V-B-011__contract_only_rolling_mpc__cycles.parquet,28080,567f45d604adef63af6df5ba2e188c0d4669c61bfc9ccd66376e498e29f7c8bc
results_final/R5/parts/plant_b/R5-V-B-011__contract_only_rolling_mpc__summary.parquet,33265,de5e531d959fb7ad1adf58ff4dd4d199579f08a479e213edc7b336e00085e8dd
results_final/R5/parts/plant_b/R5-V-B-011__dcsv_cr_mpc__cycles.parquet,29417,aae1908540863009f2c129aff1431fb8762ea1cfbc06bea0aa47d52b6fb79275
results_final/R5/parts/plant_b/R5-V-B-011__dcsv_cr_mpc__summary.parquet,33195,a32b573af7ab3793cbc5712749f8785425f2f52e8db19be5cc0f3d8d63e55f81
results_final/R5/parts/plant_b/R5-V-B-012__contract_only_rolling_mpc__cycles.parquet,28146,7e19206dc6905289637f314ec96603cf13c275d51ab2f063931ce5f261eb05dc
results_final/R5/parts/plant_b/R5-V-B-012__contract_only_rolling_mpc__summary.parquet,33284,77d9f0afb7bfb948901928a4cce54534d8d58bbaa3a00b3ec8c1982386b4b019
results_final/R5/parts/plant_b/R5-V-B-012__dcsv_cr_mpc__cycles.parquet,29710,41517b6d8edd71c26affe50eece8f1ca9d3f8ed0c6d0696225d9bf40dfab2593
results_final/R5/parts/plant_b/R5-V-B-012__dcsv_cr_mpc__summary.parquet,33214,71d9900c1595cefdf5a4ed8f87d3b5bf216ed158d9729f51e55170710178fb21
results_final/R5/parts/plant_b/R5-V-B-013__contract_only_rolling_mpc__cycles.parquet,22761,2eda8f0a0c19b1e546a2ed87a55109467e1f1e2de881f79c7bbee60883d91b9a
results_final/R5/parts/plant_b/R5-V-B-013__contract_only_rolling_mpc__summary.parquet,33330,abc9ba27d9c2d6e2218f8b18463640e675e11bd4c28a2c2d9c9cd49c8d7d4798
results_final/R5/parts/plant_b/R5-V-B-013__dcsv_cr_mpc__cycles.parquet,23347,1f96586e098721dd162da3d5e7a83e206d1ccecd270d35fc9528cfe5ac7640e8
results_final/R5/parts/plant_b/R5-V-B-013__dcsv_cr_mpc__summary.parquet,33260,613a54eff2a106bed97fa50dad689075e884779ee202021b91cae7d0f92618af
results_final/R5/parts/plant_b/R5-V-B-014__contract_only_rolling_mpc__cycles.parquet,22836,690b8c9c43bd1f39e8680559351fdd09c35b7948d8bb5760ecb4a514c9d0a306
results_final/R5/parts/plant_b/R5-V-B-014__contract_only_rolling_mpc__summary.parquet,33254,1908f99fc80030a6c25126d108c0b84d4ffbe33c82042f26751f9f490af1ec1c
results_final/R5/parts/plant_b/R5-V-B-014__dcsv_cr_mpc__cycles.parquet,23460,52fadde27502fa71c50015805c605651078a3e72e7d37941d11c883ee3908050
results_final/R5/parts/plant_b/R5-V-B-014__dcsv_cr_mpc__summary.parquet,33184,e8c5f7cc332de5620e075a72f80bf5f04ff26cab555fb92462c768f24d3b44b4
results_final/R5/parts/plant_b/R5-V-B-015__contract_only_rolling_mpc__cycles.parquet,22846,b34642bbe0895a87dd88f99b90137c02e9099b02f86f72d50c9b36285e837d2c
results_final/R5/parts/plant_b/R5-V-B-015__contract_only_rolling_mpc__summary.parquet,33289,b928e90917f0086879733b9e326bf80ea1532801254996d57716c342eb01622d
results_final/R5/parts/plant_b/R5-V-B-015__dcsv_cr_mpc__cycles.parquet,23513,b6fb98be80c0326ceacab62f8e0f68cf7357170f4a0fb4c91008ee606c6640be
results_final/R5/parts/plant_b/R5-V-B-015__dcsv_cr_mpc__summary.parquet,33219,28a8cbd77ee0fa76469c3027abab3e1808d9fcdfd7308d3461de1082975d35d4
results_final/R5/parts/plant_b/R5-V-B-016__contract_only_rolling_mpc__cycles.parquet,22778,96c1fafaf16a01c7085abcb2d8bad7a9c413b0ba317fc710bdbb5761705b4b76
results_final/R5/parts/plant_b/R5-V-B-016__contract_only_rolling_mpc__summary.parquet,33279,201b0e5910a0fa813f0095c98522eb5f568626bab40e109c5b6dadeb5d78a3c2
results_final/R5/parts/plant_b/R5-V-B-016__dcsv_cr_mpc__cycles.parquet,23412,e52548d266faf39cf4eb4c7d50dd8d661aac0882fc83df4ccd2d1a59e75b06df
results_final/R5/parts/plant_b/R5-V-B-016__dcsv_cr_mpc__summary.parquet,33209,cbdcba1737bb2b77a3a4887266ac1b701d64bb81246568f86997bcb4c91cd4bb
results_final/R5/parts/plant_b/R5-V-B-017__contract_only_rolling_mpc__cycles.parquet,27988,989ed1ec7fd7768caf086d193aced50f8929fef32ddaeea1c9a4b806cf24bd57
results_final/R5/parts/plant_b/R5-V-B-017__contract_only_rolling_mpc__summary.parquet,33314,16f8c20ffebf667fa26f8e5ce8dc37674cb010b629e4a7071599889e13022da7
results_final/R5/parts/plant_b/R5-V-B-017__dcsv_cr_mpc__cycles.parquet,29605,772bfd1e827dc6ad2fd996d7c52d98e53878e596b605c00a716e6af2ea0e5ce0
results_final/R5/parts/plant_b/R5-V-B-017__dcsv_cr_mpc__summary.parquet,33244,f587a6f272abf423ca0d29eb7b22591a50b3910f2a0577a8d78644e96a43f4f2
results_final/R5/parts/plant_b/R5-V-B-018__contract_only_rolling_mpc__cycles.parquet,28278,d971f8ec18a84bb98a3c293b7822b7d9a0fba18380210d5645d3430ea773eef1
results_final/R5/parts/plant_b/R5-V-B-018__contract_only_rolling_mpc__summary.parquet,33355,50764415f2ad2ec764548a73ecaf0a28bd6ed88cb01cc5544a86c80a23946a82
results_final/R5/parts/plant_b/R5-V-B-018__dcsv_cr_mpc__cycles.parquet,29779,8f9404d51ce2216ce44d172593743849ae1bcaddd75c9a2b2d81f000a66358f4
results_final/R5/parts/plant_b/R5-V-B-018__dcsv_cr_mpc__summary.parquet,33285,fa4b7416e42907d8a59399b3a6ab5e41cbded8f812121020127824adc55df2b7
results_final/R5/parts/plant_b/R5-V-B-019__contract_only_rolling_mpc__cycles.parquet,28537,52d9f8a2475154595039299b00e92e3e3f9443209dbb7a546ec944583b884792
results_final/R5/parts/plant_b/R5-V-B-019__contract_only_rolling_mpc__summary.parquet,33325,58485ba30014fae9fa642ff950fe564c278679ee0f712d4ae44b4bb8ee9f2b2c
results_final/R5/parts/plant_b/R5-V-B-019__dcsv_cr_mpc__cycles.parquet,29840,c3fb34d83da746ace938129855ece11aec12215cf4f9e6ed964c8baae3d12e58
results_final/R5/parts/plant_b/R5-V-B-019__dcsv_cr_mpc__summary.parquet,33255,e88604c25ffb7cfd88f7b0d87594cc64f7673644b0249591fb5a3a8589d0fdd1
results_final/R5/parts/plant_b/R5-V-B-020__contract_only_rolling_mpc__cycles.parquet,22788,91ff5032e66cfe9747498a8fe2a4e0d13b25b690fd89c4e199717b335dd5305a
results_final/R5/parts/plant_b/R5-V-B-020__contract_only_rolling_mpc__summary.parquet,33274,ff50537f1f9731d5a333b89bf15e1832eeecc8225053e6b50ae9df6a1cf4c4aa
results_final/R5/parts/plant_b/R5-V-B-020__dcsv_cr_mpc__cycles.parquet,23428,60ef6bf456ad81a2ab9a35e97dc7a9f93f83de33519ba9ce1b3dab507221d3ab
results_final/R5/parts/plant_b/R5-V-B-020__dcsv_cr_mpc__summary.parquet,33204,b9494bba3450fb5f2f5df981253e908a3541be7994d23b4af5cd44959924a980
results_final/R5/parts/plant_b/R5-V-B-021__contract_only_rolling_mpc__cycles.parquet,27975,40e3cfb68b3ae5570dbe8d0f3c1aa59493ce188d124987c79d69a95df92302f6
results_final/R5/parts/plant_b/R5-V-B-021__contract_only_rolling_mpc__summary.parquet,33320,ccca2c0bcd205db57c2ee5fcac3b4656c5a9cf818c43e216d7d3f35ab115fabc
results_final/R5/parts/plant_b/R5-V-B-021__dcsv_cr_mpc__cycles.parquet,29450,0099b87a30e9cb690eec1884c604b422b6e045e72cb75fa1e6e42bdec3f9c0a3
results_final/R5/parts/plant_b/R5-V-B-021__dcsv_cr_mpc__summary.parquet,33250,82e5bc380770d45987c19a30e99453c2a48a676ed7b710f8e4e4a92de3415b0f
results_final/R5/parts/plant_b/R5-V-B-022__contract_only_rolling_mpc__cycles.parquet,22808,6ab8b659a01f824865ee3f35efd6b3f985ef948c6e2df20499d2367fe22e34b3
results_final/R5/parts/plant_b/R5-V-B-022__contract_only_rolling_mpc__summary.parquet,33319,059d1821fb319ade523c514f931d26c7dd5ec1939d6d7c563e486e6143c426b7
results_final/R5/parts/plant_b/R5-V-B-022__dcsv_cr_mpc__cycles.parquet,23488,6f6ee77c8ac6a1aab742c1cfaaadcfb9c1e19841d667c41205799f5af05b1127
results_final/R5/parts/plant_b/R5-V-B-022__dcsv_cr_mpc__summary.parquet,33249,09652c4c2308497d85e628012b1fbb0316a156bf15bb5607662255e3cac1fb5a
results_final/R5/parts/plant_b/R5-V-B-023__contract_only_rolling_mpc__cycles.parquet,22808,34142f4cf14505b56a9c539019219ae2eeb37a6c2f864b73f74c4619a366b8d7
results_final/R5/parts/plant_b/R5-V-B-023__contract_only_rolling_mpc__summary.parquet,33285,6543a7689b68d6a65878d7186e957a1d32cf8e90cc011cd82a38c1288d834c1d
results_final/R5/parts/plant_b/R5-V-B-023__dcsv_cr_mpc__cycles.parquet,23474,504a173d873a9e95570e3d618554e3574f3cc547fc0f21e3da07b5776edef429
results_final/R5/parts/plant_b/R5-V-B-023__dcsv_cr_mpc__summary.parquet,33215,ddfab28067deba7f86749163f3d511499911f535111fb01a3651235a31c36d76
results_final/final/ALL_GATES.csv,3330,6ecee8496846c1a2265621a453824bbeb3580b9fd9c3154d51677d2d875aa26f
results_final/final/FINAL_STATUS.json,1864,a5aecef8479aa5da462d16b4e1df3b7229d0f91accbb5ac9be39afa261952d3a
results_final/final/HYPOTHESES_H1_H6.csv,609,0ba5d5b86e50c58628510e2e2c19f258161bd8e60576ee558a1e1aae9bc012da
results_final/final/LIMITATIONS.csv,678,1a63cf5a9614e98a8c8045621fa5239e81d002f13a9c83276ef82564d95a0cfe
results_final/final/SUPPORTED_UNSUPPORTED_CLAIMS.csv,895,8ce2dd1f4b90123491c73a8b9e2c9935821d0df41c530d8ac970daf859ea87d6
scripts/direction5_closure/__init__.py,55,5a00d394337da8a61ff06ca428220a9135edaff36977377c568ef9b79310ada1
scripts/direction5_closure/run_c0_audit.py,30156,a4ea298dc731740670d9be2aa861acd1e2570b9d0962d4e68939be35285ff1fc
scripts/direction5_closure/run_c1_mechanisms.py,20213,749da2f1837376216a0a697176a752e856cb119b564dff7f87aa83d06464223a
scripts/direction5_closure/run_c2_audit.py,7186,ab8b5ff6fb02cc96829dd89bf3b06796ceb5d3e35b7e227c8dd7bd6cb4b5bd5b
scripts/direction5_closure/run_c2_confirmatory.py,32666,e73dfc0db2a08c773bf56f6420087e933725cf93272a30593ff5d3c4088423b3
scripts/direction5_closure/run_c3_manuscript.py,24935,c604b6a8590aed31ccaec89310a04d2ee0040e17089a298a4cda9312d9444476
scripts/direction5_closure/run_c4_figures.py,14339,a110c2e31b0e3529cd7dfcb4bb207e56d7220410c387ce15c7cfa3b2ee4c02b0
scripts/direction5_closure/run_c5_archive_audit.py,8378,54607919975235a2ff4d78e9fde29cd34279f641efa12bab2112b0ebe02d1ae7
scripts/direction5_final/__init__.py,59,4fdd74c85dd3610f6d4a6de5e9cc9fd5f9c6b781d1d4a77875076321c36e75d4
scripts/direction5_final/build_r8_review_package.py,18960,f516699d4d266b8dffc226bed8a153e4226ff58d5009e8a55efb4a8ff4b071f0
scripts/direction5_final/package_reproduce_minimal.py,2967,70764a8602dc4fda23064afc241c0d5ca92f779cba7847ccb66bcfa938e86bde
scripts/direction5_final/package_verify_manifest.py,2119,6b95ad3a576230d1a5a9e8c7e0ecec1911d2cb4f27a04846eed12a6ea990301f
scripts/direction5_final/run_r0_correction.py,8416,f8b7cddfd3a7bf7cd462ebbf1d0d81f0a4e8da5393a39f6511b9c1fde04e482d
scripts/direction5_final/run_r1_science.py,24906,26f9fabfc6aaa1e3056c6167ccfe02028ade9853ca2a01e8cf5f59a13590a7d9
scripts/direction5_final/run_r2_estimators_baselines.py,23276,9101662c7d83bee3bc8af341af8f22b53554307bb3b11dc199e9bdafac885a94
scripts/direction5_final/run_r3_dcsv_cr_mpc.py,19247,59da679b6e46dad3fe5a95d7358e415479a33b0ff1d37c14069ef6d7ac6ce50f
scripts/direction5_final/run_r4_theory.py,15425,be453e0e035f91be8d6e5ab3714b46eead86eb4d948660c5154bb281299b16a5
scripts/direction5_final/run_r5_validation.py,50483,4b5b890f0f4668874a922767004882deea1da135ecdb662c241492e606c521d2
scripts/direction5_final/run_r8_finalize.py,13892,318d15543f497acff55f07c3efefe17bb488ba00eca6a78d18b15767a28d802e
src/direction5freq/__init__.py,82,bbadc4cdab4f179d04f51c2821ea3c0641443d140fd97e6b80e5015ae16ad916
src/direction5freq/controllers/__init__.py,363,3efad0777732ab27c46b8121c19c8336d798c60fc0f8f3cdd199aa401f8d3634
src/direction5freq/controllers/adaptive_mpc.py,579,9525531c30573c92e05e199ad0f41d809f4b085643e08240ad9ce43aec3b416b
src/direction5freq/controllers/anti_windup_pi.py,2368,914f9d6460a94b5207281378175109f3ee05d83d9bbddc3dc69dc1885cc6835e
src/direction5freq/controllers/baselines.py,1029,a1e6b80a71af1332a1fa16c2a80ee2b0611f362149449b731025c299c2fb54bf
src/direction5freq/controllers/contract_robust_mpc.py,1038,7c623693d7f5923e6dbc425575f01a2e773a7f932b201dbf37896968028fcb02
src/direction5freq/controllers/contract_violation_supervisor.py,3679,a7bebd75cdf3461141e6ee06302126ef72c7fb6b5e88dca95b7c35917b589b31
src/direction5freq/controllers/dcsv_cr_mpc.py,27618,78a7aa090a5cd78f0bd3506d9a2cc356cdc9a595147363f6ae2a9a9beae77576
src/direction5freq/controllers/dcsv_mpc_final.py,18473,8923fc22bb3553a1a021b6a151af245e241682686deedbf8c6e05f596f213b11
src/direction5freq/controllers/domain_supervisor.py,3799,d5181c04a797c3f1305f9292eadf1c66db56f3b4fc1ce2733f7b8461cdcb804e
src/direction5freq/controllers/feasibility_restoration.py,819,b5574afc3cf7b9f9d7e919bf83117a9968b87283767accd8c26a643af4c04984
src/direction5freq/controllers/oracle_mpc.py,2039,02918af57f05a0f62b6c1ce0790eb7a4b991c07edb7f0d7c5e18924e604c51e3
src/direction5freq/controllers/recourse_tree.py,1780,019e6c02750e5d312acebaeb691385cee8cbb97773f07ff63f7493a3a9ae6977
src/direction5freq/estimation/__init__.py,445,da2b5ec34e324727458361700ef9bb38c69becdccc9803a8a78eeff04284c6bf
src/direction5freq/estimation/contract_violation_detector.py,1758,bb4570310e026f40d7a80ea995b5d25a617fa57ea568603f781774e5e93d4b57
src/direction5freq/estimation/deliverability_set_membership.py,12341,2cb63ede9905152eb4174787b256cfc65fc341e6e7074d900016f6a193adcdb1
src/direction5freq/estimation/deliverability_set_mhe.py,6856,f925b8c4891ecfd50708cc8e88185df5b544607bddd336e514948f5a493df0ad
src/direction5freq/estimation/grid_load_mhe.py,6075,6e882b9aae5e86b30f63b7b8737f26dc701288516f536a43f237e6b471d4f70d
src/direction5freq/estimation/grid_load_observer.py,3297,49010bdd05009bcdd118a862a52a7e4b8aec7495b8c858d34e213d5b7bae4e5d
src/direction5freq/evaluation/__init__.py,169,104d23bc19f2f6707f77f8159bce95724d32ca5bd259c30a481606fa7ea12e84
src/direction5freq/evaluation/claim_evidence.py,912,d1a29c693c42b4005ecf51f7aa879129d9b1b1b28192653f8b3084b90e1aa7b1
src/direction5freq/evaluation/corrected_statistics.py,17085,99e1e0a7633b0e0c5cf86b26e988f81e7268460ccee5e90af127ef81d694b3ea
src/direction5freq/evaluation/failure_aware_statistics.py,3442,08721919f1913bd61225e7a6485a21fcfb30e6f4d41783cca51841341e6d0ad8
src/direction5freq/evaluation/final_protocol.py,14768,2eea4a254e17507ac4d841eb06bf1a64ac76595b32c748cb2c1940e44a82f44b
src/direction5freq/models/__init__.py,546,4c4160380bf8ad76fc1fb546d8f1f456391f38f7c6d6f64db56ed55244835fc6
src/direction5freq/models/capability_contract.py,7690,7014287f4f1ef105ee00b555100b884e5654230037e296cf3fe0ca31b1e8f60b
src/direction5freq/models/plant_a_full.py,13292,15e237fb9a8232598fb8ea732bd04b64e1a721c5d26d148c3a10903ab64f3ea7
src/direction5freq/models/plant_b_andes_full.py,12390,49d8f692baf80eef09edde62360818a0c63ce0c86f2c461c27c338f558f7945b
src/direction5freq/models/slow_reserve.py,1842,dee5118ab7094fe10db5329d1136dbf192b443c6e3453dbcf1c67c03f720a50f
src/direction5freq/theory/__init__.py,753,8b229b499884677868a8f4af0d5fa94683f35ec1c6b97640ca0ca7d3f2ba9c84
src/direction5freq/theory/bridge_certificate.py,2384,52a97543a23acf1de9b401790ec69d3fed0b8c08672db92a2826340116609c26
src/direction5freq/theory/contract_branch_certificate.py,8376,8d2759361e1ba544db8e82e2282537bc8a75ce4504950abcefc467071fcf415d
src/direction5freq/theory/impossibility.py,2395,b29e9c67dfc4f9aa0022d6924a7c1e48f020a34f1b83e0ecb366d1c2b359a1df
src/direction5freq/theory/infeasibility_certificate.py,1758,b45557b817b00fb67ea8cfb483fbcafb5585e219f47a5a3247d228ac10ed7ba1
src/direction5freq/theory/recourse_certificate.py,3182,44e360ecbf47b1c577f0974342b3f3ce535c6bba56726acab52e7aa604128db2
src/direction5freq/theory/terminal_set.py,4165,2a7f91dd478fe9fe992c5c01eb1886dd0f5f352c3175b1a9d1a1b782f5d25c29
tests/direction5_closure/test_c0_audit.py,1425,e41472070ae9ee399119a1d602f16c4c0de585ee6c6390e42ef5833d4c05dc21
tests/direction5_closure/test_c1_mechanisms.py,1854,b7cce92c400f43f54280fcfd74e7d49f4a3613a588d85d0f5f80ba7da92edf0c
tests/direction5_closure/test_c2_protocol_lock.py,2600,e9b9731c7ec98d06112cf04494e6d3a260443f805da6e4b01713e11de3665a94
tests/direction5_closure/test_c2_results.py,1804,9d689fbe5d2c41fdd623c5bca8ee58c3b0f61a45be9fc2002daca4ba92a3d2c3
tests/direction5_closure/test_c3_manuscript.py,1366,0d466b5a711f3829010b42404f1e16c36043a5f2089a3ec1afe438b1cac84405
tests/direction5_closure/test_c4_figures.py,1120,b8bdaf57d0c7b9abf203aa74b4abf67f77d48ca647aed0cb102254dbe29fa5c8
tests/direction5_closure/test_c5_archive.py,1291,cb87a64e347a73e3472ba21abc7f92c36b4bc62bf3274d2a6e881693e12fb74f
tests/direction5_final/test_r0_statistics_and_phase_i_defects.py,4108,5ba1db9d10ee75f2d4229d8968abbadf229099c21ffe492e90a713a56fb1cd7a
tests/direction5_final/test_r1_science_materiality.py,2343,b40f82523efca509c7ab89f406476d0329e2c095481a661b2ab05af2647451ff
tests/direction5_final/test_r2_estimators_and_baselines.py,3509,91c09a681a1b1c972bfcba8aff3456398d44baa0f1da1ea80ec99145d579fb2a
tests/direction5_final/test_r3_dcsv_cr_mpc.py,4088,b8c6d0fa7ea4655161af688274d0d8d5d7b581186fe6ddd057d07e9ab36e6c7d
tests/direction5_final/test_r4_theory_certificates.py,4221,b4accb124aea1bbba366c2f0f1d475bac209cdba096333089fed1adabe5721bf
tests/direction5_final/test_r5_protocol_and_validation.py,2309,147213a3c8b22a1bbc6402881d82e60f556e93f3b0b58ae355effffd7ccf85f6
tests/direction5_final/test_r8_finalization.py,1706,4929da197b551a99d62cfbcc6972a268facba7f8a4e5bc9a1ee5658c73b81834
