seed,scenario,time_s,issued_total_pu,measured_power_pu,true_power_capability_pu,estimated_power_lower_pu,estimated_power_upper_pu,true_ramp_pu_s,estimated_ramp_lower_pu_s,true_delay_s,delay_candidate_count,true_energy_mwh,energy_lower_mwh,energy_upper_mwh,alarm,joint_covered,load_true_pu,load_estimate_pu
100,headroom_after_load,0.0,0.0002199643483169559,-0.0001222986245446149,0.1,0.0,0.1,0.08,0.0,0.2,5,28.349816305020088,17.50000157969057,32.50000164763425,False,True,0.0014555020476696137,-0.0021707472807843977
100,headroom_after_load,0.05,0.0002380936453837698,-0.0003862202832314107,0.1,0.0,0.1,0.08,0.0,0.2,5,28.349816305020088,17.500006568369226,32.50000685087973,False,True,0.0014511840124717783,0.0042329432882331625
100,headroom_after_load,0.1,0.0002559571024597858,-8.124983815897682e-05,0.1,0.0,0.1,0.08,0.0,0.2,5,28.349816305020088,17.500007617846304,32.500007945495604,False,True,0.001446669510188518,0.0020563003102546874
100,headroom_after_load,0.15000000000000002,0.00027341557927668386,0.00012428233487201347,0.1,0.0,0.1,0.08,0.0,0.2,5,28.349816305020088,17.50000576177798,32.500006165966184,False,True,0.0014419591520111756,0.0013489630743306828
100,headroom_after_load,0.2,0.0002903216248534899,0.0005232750170349677,0.1,0.0,0.1,0.08,0.0,0.2,5,28.34981576904458,17.499997947037585,32.49999867348312,False,True,0.0014370535756468477,0.0019268322091580941
100,headroom_after_load,0.25,0.00030607121796217716,0.0001019739551242542,0.1,0.0,0.1,0.08,0.0,0.2,5,28.34981429560186,17.499996424129055,32.49999721337494,False,True,0.0014319534452320471,0.0005601523598303276
100,headroom_after_load,0.30000000000000004,0.0003201889513553743,-6.872737902053429e-05,0.1,0.0,0.1,0.08,0.0,0.2,5,28.349812109479355,17.4999973118577,32.49999813928546,False,True,0.0014266594512427919,0.0003582081860992893
100,headroom_after_load,0.35000000000000003,0.0003327557459893495,0.00026743825158708845,0.1,0.0,0.1,0.08,0.0,0.2,5,28.349809362169903,17.499993317857527,32.49999430998633,False,True,0.0014211723104011248,8.718998868415472e-05
100,headroom_after_load,0.4,0.00034381228123579467,0.00019045699829488635,0.1,0.0,0.1,0.08,0.0,0.2,5,28.349806157001602,17.49999047351765,32.49999158293881,False,True,0.0014154927655780796,0.00158970161137534
100,headroom_after_load,0.45,0.0003533814375170508,0.00027638420393077636,0.1,0.0,0.1,0.08,0.0,0.2,5,28.3498025670238,17.499986345916035,32.499987625547575,False,True,0.0014096215856931106,0.001005895884932882
100,headroom_after_load,0.5,0.0003614838346747189,0.0004896169837310544,0.1,0.0,0.1,0.08,0.0,0.2,5,28.349798647730196,17.49997903383444,32.49998061499512,False,True,0.0014035595656099907,0.0011566738412853608
100,headroom_after_load,0.55,0.0003681483478496457,0.0001586596992687718,0.1,0.0,0.1,0.08,0.0,0.2,5,28.349794443871943,17.499976664364617,32.49997834323539,False,True,0.0013973075260292013,0.001777875753129443
100,headroom_after_load,0.6000000000000001,0.0003734170396874763,0.0005130891010103017,0.1,0.0,0.1,0.08,0.0,0.2,5,28.349789992742203,17.499969001743633,32.499970996598776,False,True,0.001390866313376822,0.0009101440456802645
100,headroom_after_load,0.65,0.0003773466266413172,0.0004985222100547305,0.1,0.0,0.1,0.08,0.0,0.2,5,28.34978532650727,17.49996155666881,32.49996385853735,False,True,0.0013842367996899378,0.0010164719172610448
100,headroom_after_load,0.7000000000000001,0.0003800087596007451,0.00029768923334564637,0.1,0.0,0.1,0.08,0.0,0.2,5,28.34978047380954,17.49995711089173,32.49995959609128,False,True,0.0013774198824985805,0.0006394723034378003
100,headroom_after_load,0.75,0.00038148937896637905,0.0005591469655876666,0.1,0.0,0.1,0.08,0.0,0.2,5,28.349775460821522,17.499948760429284,32.4999515899778,False,True,0.001370416484704215,0.001243348018204183
100,headroom_after_load,0.8,0.00038188735909839335,0.0003867096283994759,0.1,0.0,0.1,0.08,0.0,0.2,5,28.349770311896307,17.499942985195887,32.49994605289835,False,True,0.0013632275544547962,0.0010694357595474476
100,headroom_after_load,0.8500000000000001,0.0003813126249156913,0.00039327020052226495,0.1,0.0,0.1,0.08,0.0,0.2,5,28.349765049933332,17.499937111985005,32.49994042188173,False,True,0.0013558540650164025,0.0016224419386628745
100,headroom_after_load,0.9,0.0003798838990074359,-2.2552964611651037e-05,0.1,0.0,0.1,0.08,0.0,0.2,5,28.34975969655015,17.499937403294133,32.499940725720286,False,True,0.001348297014641473,0.0016597505745272292
100,headroom_after_load,0.9500000000000001,0.00037772621197969004,-8.401162530629941e-05,0.1,0.0,0.1,0.08,0.0,0.2,5,28.349754272125747,17.499938488444293,32.49994185754357,False,True,0.0013405574264336582,0.0012125491284744382
100,headroom_after_load,1.0,0.00037496828579183447,0.00043664022676777087,0.1,0.0,0.1,0.08,0.0,0.2,5,28.349748795763038,17.499931967532902,32.49993560553574,False,True,0.0013326363482093102,0.001716803913432487
100,headroom_after_load,1.05,0.0003717398826185004,0.0005461998680080233,0.1,0.0,0.1,0.08,0.0,0.2,5,28.34974328520548,17.49992381042615,32.49992778480453,False,True,0.0013245348523556238,0.0012029415001221953
100,headroom_after_load,1.1,0.0003681691982374539,0.000683336624015297,0.1,0.0,0.1,0.08,0.0,0.2,5,28.349737756733084,17.499913605279435,32.499918000488606,False,True,0.0013162540356854522,0.00137493533941344
100,headroom_after_load,1.1500000000000001,0.0003643803677037613,0.00015683632520443235,0.1,0.0,0.1,0.08,0.0,0.2,5,28.349732225056286,17.49991126304041,32.499915754836756,False,True,0.001307795019288818,0.000894869604059821
100,headroom_after_load,1.2000000000000002,0.0003604911412241799,0.0006801855787601757,0.1,0.0,0.1,0.08,0.0,0.2,5,28.34972670322083,17.499901104952315,32.49990601563889,False,True,0.0012991589483811327,0.0011562062709397185
100,headroom_after_load,1.25,0.00035661077913101946,0.00014659439630087861,0.1,0.0,0.1,0.08,0.0,0.2,5,28.349721202532848,17.499898915669217,32.49990391663551,False,True,0.0012903469921481552,0.0011757918533887388
100,headroom_after_load,1.3,0.0003528382063242606,0.0004097952942127593,0.1,0.0,0.1,0.08,0.0,0.2,5,28.349715732510155,17.499892795667808,32.499898049005296,False,True,0.0012813603435877017,0.0015838463187512043
100,headroom_after_load,1.35,0.0003492604582997626,0.0004004021563590757,0.1,0.0,0.1,0.08,0.0,0.2,5,28.34971030086353,17.499886815946237,32.499892315870184,False,True,0.0012722002193481339,0.0017990298142561171
100,headroom_after_load,1.4000000000000001,0.00034595144280843087,0.00013747153960344023,0.1,0.0,0.1,0.08,0.0,0.2,5,28.34970491350967,17.499884762906518,32.4998903474919,False,True,0.0012628678595636423,0.0011841479637054665
100,headroom_after_load,1.4500000000000002,0.0003429710332682413,0.0006109457746284338,0.1,0.0,0.1,0.08,0.0,0.2,5,28.34969957461606,17.499875638865678,32.49988159970017,False,True,0.0012533645276863537,0.0017195334368582064
100,headroom_after_load,1.5,0.0003403645023012066,0.0004709203844834905,0.1,0.0,0.1,0.08,0.0,0.2,5,28.34969428667679,17.4998686060045,32.499874856853886,False,True,0.0012436915103152802,0.001433499957714075
100,headroom_after_load,1.55,0.00033816229624809694,0.00041544313159296,0.1,0.0,0.1,0.08,0.0,0.2,5,28.349689050617215,17.499862401656657,32.49986890835544,False,True,0.001233850117022132,0.0013871695143800604
100,headroom_after_load,1.6,0.00033638014430379965,0.00012695168015946346,0.1,0.0,0.1,0.08,0.0,0.2,5,28.349683865924717,17.49986050572356,32.49986709060515,False,True,0.0012238416801740252,0.0010776660547930454
100,headroom_after_load,1.6500000000000001,0.0003350194891060023,0.00050872639332403,0.1,0.0,0.1,0.08,0.0,0.2,5,28.349678730802047,17.499852908256514,32.499859806435715,False,True,0.0012136675547530984,0.0009632013279098417
100,headroom_after_load,1.7000000000000002,0.00033406821929382656,0.0003707336645278675,0.1,0.0,0.1,0.08,0.0,0.2,5,28.349673642339333,17.49984737161278,32.49985449810718,False,True,0.0012033291181730713,0.0009654170922605588
100,headroom_after_load,1.75,0.00033350167882363813,0.00038915697768154736,0.1,0.0,0.1,0.08,0.0,0.2,5,28.34966859670045,17.49984155982996,32.49984892598551,False,True,0.0011928277700927637,0.0014183388664523013
100,headroom_after_load,1.8,0.0003332839227725376,8.56777914841357e-05,0.1,0.0,0.1,0.08,0.0,0.2,5,28.349663589319263,17.49984028029305,32.49984769921301,False,True,0.001182164932226605,0.0008046592481755517
100,headroom_after_load,1.85,0.0003333691850519183,0.0006964999344436146,0.1,0.0,0.1,0.08,0.0,0.2,5,28.34965861510112,17.499829878561652,32.49983772641899,False,True,0.0011713420481521573,0.0012158435871214397
100,headroom_after_load,1.9000000000000001,0.0003337035199570691,0.0002557016933866343,0.1,0.0,0.1,0.08,0.0,0.2,5,28.349653668625017,17.499826059838632,32.49983406516908,False,True,0.0011603605831146766,0.0016589020536825745
100,headroom_after_load,1.9500000000000002,0.00033422657684232615,7.606224514102868e-05,0.1,0.0,0.1,0.08,0.0,0.2,5,28.349648744341977,17.499824923903073,32.49983297607623,False,True,0.001149222023828742,0.001250305704995619
100,headroom_after_load,2.0,0.0011272789847191391,0.0001733117885930977,0.1,0.0,0.1,0.08,0.0,0.2,5,28.349643836765367,17.499822335614713,32.499830494521404,False,True,0.001137927878276981,0.001098167894561117
100,headroom_after_load,2.0500000000000003,0.0011279619373415915,-2.2698806274303648e-05,0.1,0.0,0.1,0.08,0.0,0.2,5,28.349638940649214,17.499822628807628,32.499830800324766,False,True,0.0011264796755059096,0.0005958302591262013
100,headroom_after_load,2.1,0.0011285240030115685,0.00040448978503471373,0.1,0.0,0.1,0.08,0.0,0.2,5,28.349634051150957,17.49981658804023,32.499825008661176,False,True,0.001114878965418926,0.0009215803346216303
100,headroom_after_load,2.15,0.0011288208758184139,0.00035563373204838085,0.1,0.0,0.1,0.08,0.0,0.2,5,28.34962916397547,17.49981127690325,32.499819916540154,False,True,0.0011031273185664763,0.0007644120724361642
100,headroom_after_load,2.2,0.0011287374767824279,0.0009255388002338385,0.1,0.0,0.1,0.08,0.0,0.2,5,28.349622344685084,17.49979745463921,32.49980666426638,False,True,0.001091226325933431,0.0008064955211739136
100,headroom_after_load,2.25,0.0011265328203744491,0.0007311591464197526,0.1,0.0,0.1,0.08,0.0,0.2,5,28.349612303265076,17.49978653529712,32.499796195206436,False,True,0.0010791775987236863,0.0014245974490072455
100,headroom_after_load,2.3000000000000003,0.001121027046645196,0.0010613354964728325,0.1,0.0,0.1,0.08,0.0,0.2,5,28.34960011072498,17.499770685005952,32.49978099853553,False,True,0.0010669827681420356,0.0015849924986608476
100,headroom_after_load,2.35,0.0011130542672271643,0.0007996006490999553,0.1,0.0,0.1,0.08,0.0,0.2,5,28.3495864820119,17.49975874353867,32.49976954949989,False,True,0.0010546434851733317,0.0015896554102612101
100,headroom_after_load,2.4000000000000004,0.001103143240900599,0.0012425753737193626,0.1,0.0,0.1,0.08,0.0,0.2,5,28.34957189533,17.499740186558775,32.49975175775628,False,True,0.001042161420358967,0.0009750923478953726
100,headroom_after_load,2.45,0.0010916282977560087,0.0009541618656031941,0.1,0.0,0.1,0.08,0.0,0.2,5,28.349556675577407,17.4997259368296,32.4997380956448,False,True,0.0010295382635707097,0.0008463863464299391
100,headroom_after_load,2.5,0.001078725915473369,0.0009808211546834076,0.1,0.0,0.1,0.08,0.0,0.2,5,28.34954105256528,17.499711288962892,32.499724051813836,False,True,0.001016775723781924,0.0012829051805145113
100,headroom_after_load,2.5500000000000003,0.0010645876188821995,0.001078897773408867,0.1,0.0,0.1,0.08,0.0,0.2,5,28.34952519355594,17.499695176391604,32.49970860367848,False,True,0.001003875528836201,0.00121916696944933
100,headroom_after_load,2.6,0.0010493297517826861,0.0009138506205878623,0.1,0.0,0.1,0.08,0.0,0.2,5,28.349509220791656,17.499681528682217,32.49969551876123,False,True,0.000990839425213435,0.0005625120685651679
100,headroom_after_load,2.6500000000000004,0.0010330497419249814,0.0010639800359891047,0.1,0.0,0.1,0.08,0.0,0.2,5,28.349493224398266,17.499665638896733,32.49968028422463,False,True,0.000977669177793382,0.0008143763446332743
100,headroom_after_load,2.7,0.001015837945592121,0.0010597170399563693,0.1,0.0,0.1,0.08,0.0,0.2,5,28.349477271748547,17.499649812776063,32.4996651107275,False,True,0.000964366569616719,0.0012054489341646428
100,headroom_after_load,2.75,0.0009977860845285643,0.0016611881057584496,0.1,0.0,0.1,0.08,0.0,0.2,5,28.349461414149868,17.499625004112595,32.4996413251017,False,True,0.0009509334016436513,0.0009558080309171107
100,headroom_after_load,2.8000000000000003,0.0009789930474758575,0.0010839441742884217,0.1,0.0,0.1,0.08,0.0,0.2,5,28.34944569154663,17.4996088161769,32.499625804709744,False,True,0.0009373714925100909,0.0008417866098393212
100,headroom_after_load,2.85,0.0009595686504359983,0.0012716578062584609,0.1,0.0,0.1,0.08,0.0,0.2,5,28.34943013578703,17.49958982487155,32.49960759655101,False,True,0.0009236826782814412,0.0016199410483651267
100,headroom_after_load,2.9000000000000004,0.0009396358159685398,0.000867439921932846,0.1,0.0,0.1,0.08,0.0,0.2,5,28.34941477286424,17.499576870272953,32.499595176162664,False,True,0.0009098688122040253,0.0014934076076507474
100,headroom_after_load,2.95,0.0009193315100175431,0.0010604498156857978,0.1,0.0,0.1,0.08,0.0,0.2,5,28.34939962442441,17.4995610332088,32.499579992173324,False,True,0.0008959317644541847,0.0014497926327326069
100,headroom_after_load,3.0,0.0008988066786487373,0.0008395630048556371,0.1,0.0,0.1,0.08,0.0,0.2,5,28.34938470875124,17.499548494932142,32.499567970939005,False,True,0.0008818734218850867,0.0014935430045481537
100,headroom_after_load,3.0500000000000003,0.0008782253648162333,0.0011173947144120372,0.1,0.0,0.1,0.08,0.0,0.2,5,28.349370041378247,17.49953180743641,32.49955197158742,False,True,0.0008676956877712759,0.001448653600226735
100,headroom_after_load,3.1,0.0008577631457802749,0.0011495004458519727,0.1,0.0,0.1,0.08,0.0,0.2,5,28.34935563543839,17.499514640464398,32.499535512531786,False,True,0.0008534004815510008,0.0015370067638702917
100,headroom_after_load,3.1500000000000004,0.0008376050074425269,0.0013742749477605957,0.1,0.0,0.1,0.08,0.0,0.2,5,28.349341501831002,17.499494116644986,32.49951583505544,False,True,0.0008389897385663522,0.0012929866136617216
100,headroom_after_load,3.2,0.0008179427574495433,0.0010592663611424958,0.1,0.0,0.1,0.08,0.0,0.2,5,28.3493276492648,17.499478297254885,32.49950066801132,False,True,0.0008244654098012512,0.0010094163078608167
100,headroom_after_load,3.25,0.0007989720708852357,0.0010258423260925964,0.1,0.0,0.1,0.08,0.0,0.2,5,28.34931408422056,17.499462977028987,32.499485979547316,False,True,0.0008098294616173127,0.0006215202788846495
100,headroom_after_load,3.3000000000000003,0.0007808892582351441,0.0011652796210465048,0.1,0.0,0.1,0.08,0.0,0.2,5,28.349300810866236,17.499445574406213,32.499469294558466,False,True,0.0007950838754876367,0.0007504616380459811
100,headroom_after_load,3.35,0.0007638878432829551,0.0014755469014259516,0.1,0.0,0.1,0.08,0.0,0.2,5,28.349287830949333,17.499423538162166,32.49944816702551,False,True,0.0007802306477285443,0.0010074337700352225
100,headroom_after_load,3.4000000000000004,0.0007481550374413463,0.0009802454294407343,0.1,0.0,0.1,0.08,0.0,0.2,5,28.349275143685617,17.499408898893506,32.499434131438036,False,True,0.0007652717892293107,0.0006684053014766008
100,headroom_after_load,3.45,0.000733868195857239,0.0009365350501890305,0.1,0.0,0.1,0.08,0.0,0.2,5,28.34926274565886,17.499394912408288,32.4994207217151,False,True,0.0007502093251799224,0.0011863998124699345
100,headroom_after_load,3.5,0.0007211913388806168,0.000699638971463626,0.1,0.0,0.1,0.08,0.0,0.2,5,28.349250630743047,17.499384463797604,32.49941070397496,False,True,0.0007350452947968982,0.001466895268938727
100,headroom_after_load,3.5500000000000003,0.0007102718197702294,0.0006083285440933726,0.1,0.0,0.1,0.08,0.0,0.2,5,28.349238790055747,17.49937537884324,32.49940199365789,False,True,0.0007197817510472146,0.0016967635456795562
100,headroom_after_load,3.6,0.0007012372156095677,0.0010872938045971357,0.1,0.0,0.1,0.08,0.0,0.2,5,28.349227211949202,17.499359140883197,32.49938642530444,False,True,0.0007044207603703632,0.0011436916317444866
100,headroom_after_load,3.6500000000000004,0.0006941925132223055,0.0011445507442981576,0.1,0.0,0.1,0.08,0.0,0.2,5,28.349215882043783,17.49934204783146,32.49937003712082,False,True,0.0006889644023985898,0.0005377403348367282
100,headroom_after_load,3.7,0.0006892176553990499,0.0009359353956769486,0.1,0.0,0.1,0.08,0.0,0.2,5,28.3492047833068,17.499328070301654,32.499356635984,False,True,0.0006734147696753466,2.012649126114296e-05
100,headroom_after_load,3.75,0.0006863655050383989,0.0008004648304536485,0.1,0.0,0.1,0.08,0.0,0.2,5,28.34919389617815,17.49931611592844,32.49934517457463,False,True,0.0006577739673719929,0.0009549830490692112
100,headroom_after_load,3.8000000000000003,0.0006856602759813323,0.0009203847790920676,0.1,0.0,0.1,0.08,0.0,0.2,5,28.349183198742885,17.49930237063604,32.49933199609841,False,True,0.0006420441130027899,0.0007636023031367418
100,headroom_after_load,3.85,0.0006870964695372794,0.0005550705023370475,0.1,0.0,0.1,0.08,0.0,0.2,5,28.34917266694947,17.49929408105267,32.499324048353536,False,True,0.0006262273361382225,0.0006653010539058491
100,headroom_after_load,3.9000000000000004,0.0006906383451529996,0.000579479014503076,0.1,0.0,0.1,0.08,0.0,0.2,5,28.349162274871382,17.499285426945526,32.49931575111679,False,True,0.0006103257781166914,0.0007118453664752977
100,headroom_after_load,3.95,0.0006962199425747384,0.0008900178414045041,0.1,0.0,0.1,0.08,0.0,0.2,5,28.349151995008505,17.499272135161753,32.499303007447814,False,True,0.0005943415917546088,0.0008466921317562531
100,headroom_after_load,4.0,-0.0026543682281590666,0.0008170101854908167,0.1,0.0,0.1,0.08,0.0,0.2,5,28.349141798623844,17.499259933695424,32.49929130913473,False,True,0.0005782769410549402,0.0014285393842330555
100,headroom_after_load,4.05,-0.0026449366773734773,0.000525256507287737,0.1,0.0,0.1,0.08,0.0,0.2,5,28.349131656110227,17.499252089362876,32.49928378827982,False,True,0.0005621340009142351,0.0010813809528433661
100,headroom_after_load,4.1000000000000005,-0.002633375223228306,0.0006430894564366041,0.1,0.0,0.1,0.08,0.0,0.2,5,28.349121537380842,17.499242485278998,32.49927458024064,False,True,0.0005459149568281799,0.0006010696109534312
100,headroom_after_load,4.15,-0.002619536561486037,0.0007381488226690886,0.1,0.0,0.1,0.08,0.0,0.2,5,28.349111412276923,17.499231461551062,32.49926401109942,False,True,0.0005296220045957167,0.0012369437139363435
100,headroom_after_load,4.2,-0.0026034128147118035,-0.00018136224441187468,0.1,0.0,0.1,0.08,0.0,0.2,5,28.34910943352413,17.49923380414672,32.49926645445188,False,True,0.000513257350021769,0.00032217952221586497
100,headroom_after_load,4.25,-0.0025781259365610315,-0.001485992230689276,0.1,0.0,0.1,0.08,0.0,0.2,5,28.34911989653856,17.49925299821303,32.49928647406943,False,True,0.0004968232086186079,0.0008325224816389777
100,headroom_after_load,4.3,-0.002539247749526548,-0.0015625639055580664,0.1,0.0,0.1,0.08,0.0,0.2,5,28.34913847928037,17.499273181330143,32.4993075252776,False,True,0.00048032180530590895,0.0010225255351578345
100,headroom_after_load,4.3500000000000005,-0.002490986348322716,-0.002190991652737343,0.1,0.0,0.1,0.08,0.0,0.2,5,28.34916241931703,17.49930148163899,32.49933704280404,False,True,0.0004637553741095353,0.0011279050466516936
100,headroom_after_load,4.4,-0.0024363186998399115,-0.0023752078028590564,0.1,0.0,0.1,0.08,0.0,0.2,5,28.34918986499403,17.499332161406443,32.49936904213138,False,True,0.0004471261578590827,0.0010883203731598247
100,headroom_after_load,4.45,-0.002377416621642204,-0.002313585595255777,0.1,0.0,0.1,0.08,0.0,0.2,5,28.349219556699566,17.49936204522038,32.49940021127065,False,True,0.00043043640788423883,0.0005642231874347254
100,headroom_after_load,4.5,-0.0023159366488779073,-0.002494719332914081,0.1,0.0,0.1,0.08,0.0,0.2,5,28.349250604653722,17.49939426867843,32.49943382068388,False,True,0.00041368838370998886,0.0004281370233099498
100,headroom_after_load,4.55,-0.0022532158927256116,-0.002352674936499146,0.1,0.0,0.1,0.08,0.0,0.2,5,28.349282365147218,17.49942465739636,32.49946551644344,False,True,0.0003968843527507108,0.001560736588926296
100,headroom_after_load,4.6000000000000005,-0.002190374199647984,-0.002190346960519089,0.1,0.0,0.1,0.08,0.0,0.2,5,28.349314374318336,17.499452949377932,32.49949502528444,False,True,0.0003800265900032063,0.001132247666764146
100,headroom_after_load,4.65,-0.0021283625805749674,-0.0020127389279339437,0.1,0.0,0.1,0.08,0.0,0.2,5,28.349346299526292,17.499478947255753,32.49952214135055,False,True,0.00036311737773870104,0.0001412136014452732
100,headroom_after_load,4.7,-0.0020679963239524242,-0.002262550955355946,0.1,0.0,0.1,0.08,0.0,0.2,5,28.34937790402976,17.49950817187226,32.49955262293981,False,True,0.00034615900519386017,0.0007754636225257449
100,headroom_after_load,4.75,-0.00200997709769317,-0.0026906707874961495,0.1,0.0,0.1,0.08,0.0,0.2,5,28.349409021603634,17.499542926369934,32.499588872254584,False,True,0.0003291537682608648,0.0011979084201185306
100,headroom_after_load,4.800000000000001,-0.001954907317845529,-0.0020135312031810226,0.1,0.0,0.1,0.08,0.0,0.2,5,28.349439538436652,17.499568934481307,32.49961599899441,False,True,0.000312103969176584,0.001223500196278828
100,headroom_after_load,4.8500000000000005,-0.0019032992984134957,-0.0022625447154506597,0.1,0.0,0.1,0.08,0.0,0.2,5,28.34946938021408,17.499598159017214,32.4996464804996,False,True,0.0002950119162108879,0.000805262061908354
100,headroom_after_load,4.9,-0.00185558111210603,-0.002177581241479273,0.1,0.0,0.1,0.08,0.0,0.2,5,28.34949850283644,17.49962628610825,32.49967581735799,False,True,0.00027787992335414735,0.0003338485290716109
100,headroom_after_load,4.95,-0.0018121005452694538,-0.0022782085536180888,0.1,0.0,0.1,0.08,0.0,0.2,5,28.349526885683638,17.499655712968732,32.49970650988989,False,True,0.00026071031000395495,0.0005797130549241095
100,headroom_after_load,5.0,-0.0017731280818611642,-0.0022433251640672624,0.1,0.0,0.1,0.08,0.0,0.2,5,28.349554526656295,17.499684689252103,32.49973673246502,False,True,0.0002435054006511147,-6.63535635070893e-05
100,headroom_after_load,5.050000000000001,-0.0017388595399144364,-0.0013872128774903647,0.1,0.0,0.1,0.08,0.0,0.2,5,28.34958143845354,17.49970260741844,32.499755421305174,False,True,0.00022626752456494497,9.942038194167186e-05
100,headroom_after_load,5.1000000000000005,-0.0017094187662259831,-0.002012870165716508,0.1,0.0,0.1,0.08,0.0,0.2,5,28.349607645708165,17.49972860699141,32.49978253913935,False,True,0.00020899901547793206,0.00085898601879658
100,headroom_after_load,5.15,-0.001684860641574624,-0.001666003088022408,0.1,0.0,0.1,0.08,0.0,0.2,5,28.349633182714893,17.499750126197966,32.499804983903175,False,True,0.00019170221126977967,0.0007602409532364541
100,headroom_after_load,5.2,-0.00166517453992698,-0.0017362797319001857,0.1,0.0,0.1,0.08,0.0,0.2,5,28.349658091569367,17.499772553144503,32.49982837544956,False,True,0.0001743794536508998,0.00018738382080700543
100,headroom_after_load,5.25,-0.0016502883076382308,-0.0014842094212563417,0.1,0.0,0.1,0.08,0.0,0.2,5,28.34968242059328,17.49979172418286,32.49984837104871,False,True,0.00015703308784537835,3.723332114695171e-05
100,headroom_after_load,5.300000000000001,-0.0016400727735623394,-0.0018242900442725593,0.1,0.0,0.1,0.08,0.0,0.2,5,28.349706222961977,17.499815287929266,32.49987294828958,False,True,0.0001396654622734743,0.0005316916385843821
100,headroom_after_load,5.3500000000000005,-0.0016343467619068274,-0.001518827215610614,0.1,0.0,0.1,0.08,0.0,0.2,5,28.34972955547962,17.499834906114135,32.49989341026735,False,True,0.0001222789282336767,0.0008446760750674281
100,headroom_after_load,5.4,-0.0016328825521829116,-0.0016041189561194114,0.1,0.0,0.1,0.08,0.0,0.2,5,28.349752477466897,17.499855625983983,32.49991502131439,False,True,0.00010487583958437921,0.0011360059944316835
100,headroom_after_load,5.45,-0.0016354117116429041,-0.001700362587228194,0.1,0.0,0.1,0.08,0.0,0.2,5,28.34977504974014,17.499877589000736,32.499937928977026,False,True,8.745855242520458e-05,0.0006236134990664118
100,headroom_after_load,5.5,-0.001641631213032779,-0.00164537343018219,0.1,0.0,0.1,0.08,0.0,0.2,5,28.349797333670047,17.499898841740876,32.49996009581351,False,True,7.002942477802649e-05,0.0001774146533194707
100,headroom_after_load,5.550000000000001,-0.0016512097428354393,-0.0013760795965963783,0.1,0.0,0.1,0.08,0.0,0.2,5,28.34981939031443,17.499916616102333,32.499978634663634,False,True,5.259081626772986e-05,0.0001332347331654321
100,headroom_after_load,5.6000000000000005,-0.0016637941013978163,-0.001427619113645118,0.1,0.0,0.1,0.08,0.0,0.2,5,28.349841279623295,17.49993505618255,32.49999786786558,False,True,3.514508780276135e-05,0.0002054383267742487
100,headroom_after_load,5.65,-0.001679015595678673,-0.0018496702731649354,0.1,0.0,0.1,0.08,0.0,0.2,5,28.349863059717055,17.499958947756912,32.50002278703454,False,True,1.7694601255488865e-05,-0.00010439596060877969
100,headroom_after_load,5.7,-0.00169649632727792,-0.0014448202799305896,0.1,0.0,0.1,0.08,0.0,0.2,5,28.3498847862397,17.49997761001886,32.50004225197442,False,True,2.417191424538174e-07,-0.00026977304865014447
100,headroom_after_load,5.75,-0.0017158552824952217,-0.001405718841373355,0.1,0.0,0.1,0.08,0.0,0.2,5,28.349906511789303,17.49999576722056,32.500061190131035,False,True,-1.7211195695483793e-05,4.404538787375833e-06
100,headroom_after_load,5.800000000000001,-0.001736714137080124,-0.0011220482245669775,0.1,0.0,0.1,0.08,0.0,0.2,5,28.34992828542805,17.500010260343462,32.50007630661406,False,True,-3.466178041303354e-05,0.00041922815564774903
100,headroom_after_load,5.8500000000000005,-0.0017587026957922944,-0.0015220174916961854,0.1,0.0,0.1,0.08,0.0,0.2,5,28.34995015227335,17.500029919736065,32.500096811571936,False,True,-5.2107672480363985e-05,0.0001605911826703312
100,headroom_after_load,5.9,-0.0017814638956323,-0.0014245403096944287,0.1,0.0,0.1,0.08,0.0,0.2,5,28.349972153170977,17.5000483200484,32.50011600329555,False,True,-6.954651000295611e-05,0.0002523419767871183
100,headroom_after_load,5.95,-0.0018046583113903508,-0.0019094689123762562,0.1,0.0,0.1,0.08,0.0,0.2,5,28.349994324450016,17.500072984021852,32.50014172808507,False,True,-8.697593204135996e-05,0.0004189182797725321
100,headroom_after_load,6.0,0.004981027861028928,-0.0016782829600906967,0.1,0.0,0.1,0.08,0.0,0.2,5,28.35001669775861,17.50009466184342,32.50016433828606,False,True,-0.00010439357893083609,0.00037425221992945425
100,headroom_after_load,6.050000000000001,0.004957721530385083,-0.0017651508522541302,0.1,0.0,0.1,0.08,0.0,0.2,5,28.350039299978206,17.500117461708594,32.5001881187906,False,True,-0.00012179709260080712,0.00011306365042827705
100,headroom_after_load,6.1000000000000005,0.004933923370573833,-0.0018473682952842962,0.1,0.0,0.1,0.08,0.0,0.2,5,28.350062153213173,17.500141323549077,32.500213006946794,False,True,-0.0001391841168941099,4.75787020298539e-06
100,headroom_after_load,6.15,0.0049092137261849324,-0.0015427153762836076,0.1,0.0,0.1,0.08,0.0,0.2,5,28.350085274851523,17.500161250289352,32.50023379075117,False,True,-0.00015655229788597908,-4.030546318958069e-05
100,headroom_after_load,6.2,0.0048833793921646725,0.0007736945227090737,0.1,0.0,0.1,0.08,0.0,0.2,5,28.350093704205165,17.500149695711652,32.5002227126509,False,True,-0.0001738992842027279,-0.00036569227127922227
100,headroom_after_load,6.25,0.004842205483068381,0.002250612952674527,0.1,0.0,0.1,0.08,0.0,0.2,5,28.35007571364891,17.500116084407104,32.50019048737953,False,True,-0.00019122272734009403,7.530928509145567e-05
100,headroom_after_load,6.300000000000001,0.004776376965665284,0.0032947227269132856,0.1,0.0,0.1,0.08,0.0,0.2,5,28.350039617496147,17.500066880065305,32.50014331208275,False,True,-0.00020852028198118085,-3.667087744307356e-05
100,headroom_after_load,6.3500000000000005,0.004694028553055677,0.003668669646326465,0.1,0.0,0.1,0.08,0.0,0.2,5,28.349991569142123,17.500012091092092,32.50009078244864,False,True,-0.00022578960631398023,-0.0004061474445360136
100,headroom_after_load,6.4,0.004600747541949786,0.003861579560097438,0.1,0.0,0.1,0.08,0.0,0.2,5,28.349935675811764,17.49995442114645,32.50003549064508,False,True,-0.00024302836234841736,-0.0005890424774069568
100,headroom_after_load,6.45,0.004500448870100298,0.004054379149306057,0.1,0.0,0.1,0.08,0.0,0.2,5,28.34987471577263,17.499893871876,32.49997743825176,False,True,-0.000260234216232875,0.00011648173904544375
100,headroom_after_load,6.5,0.004395974425766037,0.004389877234801572,0.1,0.0,0.1,0.08,0.0,0.2,5,28.3498106386548,17.499828312180142,32.49991458204851,False,True,-0.00027740483857016093,-0.00015733931948302857
100,headroom_after_load,6.550000000000001,0.004289501902690549,0.004763198391006385,0.1,0.0,0.1,0.08,0.0,0.2,5,28.349744844539412,17.499757177198198,32.499846380467886,False,True,-0.00029453790473286923,-0.0007237159088538064
100,headroom_after_load,6.6000000000000005,0.004182763697505349,0.004528633283987803,0.1,0.0,0.1,0.08,0.0,0.2,5,28.349678333705917,17.49968954527938,32.49978153749417,False,True,-0.0003116310951780981,-0.0007432511870389914
100,headroom_after_load,6.65,0.004077156707019308,0.004484145300651228,0.1,0.0,0.1,0.08,0.0,0.2,5,28.349611816745742,17.49962257775697,32.49971733151908,False,True,-0.0003286820957614835,-0.0004484390322558514
100,headroom_after_load,6.7,0.003973820701471648,0.0044513572987965,0.1,0.0,0.1,0.08,0.0,0.2,5,28.349545794660948,17.499556099900058,32.499653595017094,False,True,-0.0003456885980504889,-0.00024375175263589377
100,headroom_after_load,6.75,0.0038736937926528094,0.004234268667071027,0.1,0.0,0.1,0.08,0.0,0.2,5,28.349480616496404,17.499492864107538,32.49959296688612,False,True,-0.00036264829963693693,-0.0001571699706036237
100,headroom_after_load,6.800000000000001,0.0037775514450176435,0.004305342046066179,0.1,0.0,0.1,0.08,0.0,0.2,5,28.349416520464683,17.499428566884628,32.499531321095084,False,True,-0.0003795589044487163,0.0004061640122875693
100,headroom_after_load,6.8500000000000005,0.0036860339459298323,0.0041349474807355,0.1,0.0,0.1,0.08,0.0,0.2,5,28.34935366326516,17.49936681438342,32.49947211508877,False,True,-0.00039641812306063053,0.00023936181858232532
100,headroom_after_load,6.9,0.003599666085424118,0.004216733594082987,0.1,0.0,0.1,0.08,0.0,0.2,5,28.34929214107413,17.49930384046475,32.49941173803273,False,True,-0.00041322367300435645,-0.000567848966134446
100,headroom_after_load,6.95,0.0035188717110185373,0.004346200132688004,0.1,0.0,0.1,0.08,0.0,0.2,5,28.349232004656102,17.499238933055363,32.49934950721754,False,True,-0.0004299732790774449,-0.0005439140039609654
100,headroom_after_load,7.0,0.0034439849402291877,0.0037842751876242878,0.1,0.0,0.1,0.08,0.0,0.2,5,28.349173270325668,17.49918241759557,32.49929532229217,False,True,-0.00044666467365135474,-6.133182572209966e-05
100,headroom_after_load,7.050000000000001,0.0033752592106121478,0.003662272592295705,0.1,0.0,0.1,0.08,0.0,0.2,5,28.34911592798113,17.499127724157812,32.49924288425391,False,True,-0.0004632955969784473,-0.00026396037703583825
100,headroom_after_load,7.1000000000000005,0.0033128749358677673,0.003738673351181724,0.1,0.0,0.1,0.08,0.0,0.2,5,28.34905994707105,17.49907188972903,32.4991893522758,False,True,-0.00047986379749792455,-9.280982170277265e-05
100,headroom_after_load,7.15,0.0032569462564795543,0.0040436354573920915,0.1,0.0,0.1,0.08,0.0,0.2,5,28.34900528109933,17.499011500907983,32.499131453715414,False,True,-0.0004963670321406527,0.00016892849356026082
100,headroom_after_load,7.2,0.003207527183837543,0.003906893723490493,0.1,0.0,0.1,0.08,0.0,0.2,5,28.348951871093206,17.498953154227525,32.49907551308363,False,True,-0.0005128030666328353,-0.0003201254089209623
100,headroom_after_load,7.25,0.0031646173104468156,0.003477997076859981,0.1,0.0,0.1,0.08,0.0,0.2,5,28.34889964833047,17.498901212813593,32.49902571358368,False,True,-0.0005291696757985045,-0.0007931752337430793
100,headroom_after_load,7.300000000000001,0.0031281671766546,0.003360895858370197,0.1,0.0,0.1,0.08,0.0,0.2,5,28.34884853653215,17.498851020223114,32.498977590790744,False,True,-0.0005454646438607672,0.0002342715860143734
100,headroom_after_load,7.3500000000000005,0.0030980833328889392,0.0036363768473084064,0.1,0.0,0.1,0.08,0.0,0.2,5,28.348798453663697,17.498796713519898,32.49892552353921,False,True,-0.0005616857647417892,0.00015465885168417212
100,headroom_after_load,7.4,0.0030742331061771014,0.0030476822680948336,0.1,0.0,0.1,0.08,0.0,0.2,5,28.348749313443793,17.498751198551737,32.49888188547695,False,True,-0.0005778308423614639,0.0008645843256080957
100,headroom_after_load,7.45,0.0030564490639861455,0.0035876840262087295,0.1,0.0,0.1,0.08,0.0,0.2,5,28.348701026629318,17.49869761904119,32.498830515430754,False,True,-0.0005938976909347241,-0.00047290287300934784
100,headroom_after_load,7.5,0.003044533162455348,0.0029412621681601967,0.1,0.0,0.1,0.08,0.0,0.2,5,28.348653502124133,17.49865369338157,32.49878840113854,False,True,-0.0006098841352674636,-0.00017555416603757206
100,headroom_after_load,7.550000000000001,0.003038260566509462,0.003226083550563643,0.1,0.0,0.1,0.08,0.0,0.2,5,28.348606647944973,17.498605514117074,32.49874220864784,False,True,-0.0006257880110510237,-0.00047850399183465404
100,headroom_after_load,7.6000000000000005,0.0030373831337655783,0.0035306999115593657,0.1,0.0,0.1,0.08,0.0,0.2,5,28.34856037206813,17.498552785623772,32.498691654525395,False,True,-0.0006416071651552037,-8.012469134900587e-05
100,headroom_after_load,7.65,0.0030416325608732813,0.0028312343940424508,0.1,0.0,0.1,0.08,0.0,0.2,5,28.348514583174182,17.498510503150744,32.4986511156595,False,True,-0.0006573394559197648,9.247914817526575e-05
100,headroom_after_load,7.7,0.003050723198742189,0.003060521498261902,0.1,0.0,0.1,0.08,0.0,0.2,5,28.34846919130379,17.49846479643781,32.49860729375946,False,True,-0.0006729827534443712,-0.0006285597694709664
100,headroom_after_load,7.75,0.0030643545511436156,0.0029969478938231234,0.1,0.0,0.1,0.08,0.0,0.2,5,28.348424108434713,17.498420039151462,32.49856438213441,False,True,-0.0006885349398769491,-0.00040536785581110775
100,headroom_after_load,7.800000000000001,0.0030822134788046746,0.0029525094131458416,0.1,0.0,0.1,0.08,0.0,0.2,5,28.348379248988614,17.498375945522234,32.49852210679917,False,True,-0.0007039939097004083,-0.0005778526251479881
100,headroom_after_load,7.8500000000000005,0.003103976137907604,0.0033757826360315446,0.1,0.0,0.1,0.08,0.0,0.2,5,28.348334530274805,17.498325530608316,32.49847377085077,False,True,-0.0007193575700176924,-0.0009388910819806007
100,headroom_after_load,7.9,0.003129309687565346,0.0030865504829956183,0.1,0.0,0.1,0.08,0.0,0.2,5,28.34828987287749,17.498279435170996,32.49842957625623,False,True,-0.0007346238408351313,-0.0007560629039518962
100,headroom_after_load,7.95,0.003157873805172403,0.002745641447262216,0.1,0.0,0.1,0.08,0.0,0.2,5,28.348245200992366,17.49823843096778,32.49839026294799,False,True,-0.0007497906553440298,-0.00048419012229305633
100,headroom_after_load,8.0,-0.011908902108141575,0.003110361757185942,0.1,0.0,0.1,0.08,0.0,0.2,5,28.348200442718,17.498191979926006,32.498345727413096,False,True,-0.0007648559602004873,-0.0004661528971068037
100,headroom_after_load,8.05,-0.011874535182877208,0.0032304808084371727,0.1,0.0,0.1,0.08,0.0,0.2,5,28.34815553030698,17.49814373499159,32.498299471960514,False,True,-0.0007798177158033838,-0.0005365261625248098
100,headroom_after_load,8.1,-0.011835918199388602,0.002828141460802753,0.1,0.0,0.1,0.08,0.0,0.2,5,28.348110400381344,17.49810149870932,32.49825897738061,False,True,-0.0007946738965705116,-0.00070884932481572
100,headroom_after_load,8.15,-0.011791955716274043,0.0031495475298315948,0.1,0.0,0.1,0.08,0.0,0.2,5,28.348064994116367,17.49805446245589,32.49821388076649,False,True,-0.0008094224912128059,-0.00029485368587673787
100,headroom_after_load,8.200000000000001,-0.011742080033474791,-0.0008986245242349617,0.1,0.0,0.1,0.08,0.0,0.2,5,28.34804867532133,17.49806606968933,32.49822598723578,False,True,-0.0008240615030066405,-0.0001941697802667271
100,headroom_after_load,8.25,-0.011661033688205365,-0.0046258861739782815,0.1,0.0,0.1,0.08,0.0,0.2,5,28.348084505950766,17.49812582071908,32.49828830820229,False,True,-0.0008385889500641523,0.00011314393553286289
100,headroom_after_load,8.3,-0.01152607687514503,-0.007164375189598973,0.1,0.0,0.1,0.08,0.0,0.2,5,28.348160534080375,17.49821836056528,32.49838482825693,False,True,-0.000853002865601559,-0.00013686753690479302
100,headroom_after_load,8.35,-0.01134763222207216,-0.008714244456019673,0.1,0.0,0.1,0.08,0.0,0.2,5,28.348263178945068,17.498330919556167,32.49850222849474,False,True,-0.0008673012982054273,9.577598339036462e-05
100,headroom_after_load,8.4,-0.01113939636148968,-0.009794359851937301,0.1,0.0,0.1,0.08,0.0,0.2,5,28.348383361942737,17.49845743003759,32.49863418028719,False,True,-0.000881482312096865,-0.00023581589356624227
100,headroom_after_load,8.450000000000001,-0.010911007907746784,-0.010333248863472505,0.1,0.0,0.1,0.08,0.0,0.2,5,28.34851494912182,17.498590901168743,32.498773392112156,False,True,-0.000895543987393595,-0.00045694497714747105
100,headroom_after_load,8.5,-0.010669499585999014,-0.011061735857116426,0.1,0.0,0.1,0.08,0.0,0.2,5,28.34865366408157,17.498733781923566,32.49892241827579,False,True,-0.0009094844203698735,-6.980391377886682e-05
100,headroom_after_load,8.55,-0.010420287787504248,-0.010876854845492865,0.1,0.0,0.1,0.08,0.0,0.2,5,28.348796441702056,17.498874274631987,32.499068953681345,False,True,-0.0009233017237142288,-0.00018395540081100214
100,headroom_after_load,8.6,-0.010167738857863944,-0.011060534098250032,0.1,0.0,0.1,0.08,0.0,0.2,5,28.34894107742394,17.49901713986409,32.499217963654615,False,True,-0.0009369940267849676,-0.0002139163472575396
100,headroom_after_load,8.65,-0.009915456213526725,-0.011243697163549693,0.1,0.0,0.1,0.08,0.0,0.2,5,28.349085991710883,17.499162370952455,32.4993694412414,False,True,-0.0009505594758634346,-0.0002017371647134226
100,headroom_after_load,8.700000000000001,-0.009666462285644472,-0.010297603833042472,0.1,0.0,0.1,0.08,0.0,0.2,5,28.349230058370047,17.49929538166863,32.49950817284859,False,True,-0.0009639962344049744,-0.00035277059729913417
100,headroom_after_load,8.75,-0.009423325145113483,-0.010824846731914346,0.1,0.0,0.1,0.08,0.0,0.2,5,28.34937248081413,17.499435202605586,32.499654007589285,False,True,-0.0009773024832875686,-0.0007363051916426797
100,headroom_after_load,8.8,-0.009188127078530494,-0.010575683210381956,0.1,0.0,0.1,0.08,0.0,0.2,5,28.349512703705816,17.499571805180388,32.49979648554365,False,True,-0.0009904764210581195,-0.0007018010392455238
100,headroom_after_load,8.85,-0.00896184197769148,-0.009908616976749447,0.1,0.0,0.1,0.08,0.0,0.2,5,28.349650350067215,17.499699791483003,32.499929976633474,False,True,-0.0010035162641763339,-0.000570461237830655
100,headroom_after_load,8.9,-0.008744806774520306,-0.00986565354790753,0.1,0.0,0.1,0.08,0.0,0.2,5,28.34978517639744,17.49982722284133,32.50006288891044,False,True,-0.0010164202472561906,-0.0003234733562962898
100,headroom_after_load,8.950000000000001,-0.008537260039319896,-0.00997964726563772,0.1,0.0,0.1,0.08,0.0,0.2,5,28.349917040474207,17.49995612661851,32.500197336936104,False,True,-0.0010291866233049407,-0.00021409019910877402
100,headroom_after_load,9.0,-0.008339372490126513,-0.009635480060546906,0.1,0.0,0.1,0.08,0.0,0.2,5,28.350045877820783,17.500080584902626,32.500327148264695,False,True,-0.001041813663959625,-0.00036250216998655717
100,headroom_after_load,9.05,-0.008151268319491447,-0.009553074910898298,0.1,0.0,0.1,0.08,0.0,0.2,5,28.350171682511565,17.500203978786892,32.5004558494128,False,True,-0.0010542996597210676,-0.0012401007789494517
100,headroom_after_load,9.1,-0.007973041936477552,-0.008821384243540146,0.1,0.0,0.1,0.08,0.0,0.2,5,28.350294490537628,17.500317921666706,32.50057469306164,False,True,-0.0010666429201853112,-0.0010852527786437281
100,headroom_after_load,9.15,-0.007804771828784364,-0.00908045981463432,0.1,0.0,0.1,0.08,0.0,0.2,5,28.350414367100083,17.50043521093931,32.50069702703414,False,True,-0.0010788417742724746,-0.0010275959026812829
100,headroom_after_load,9.200000000000001,-0.007646530303123772,-0.008639935495992465,0.1,0.0,0.1,0.08,0.0,0.2,5,28.350531397773437,17.500546810106133,32.50081342616513,False,True,-0.0010908945704529874,-0.0004944729705638868
100,headroom_after_load,9.25,-0.007498389226059276,-0.008926176356887541,0.1,0.0,0.1,0.08,0.0,0.2,5,28.35064568236301,17.50066210655074,32.50093368159661,False,True,-0.0011027996769711822,-0.0014896223871112362
100,headroom_after_load,9.3,-0.007360422949675362,-0.008172640088228749,0.1,0.0,0.1,0.08,0.0,0.2,5,28.350757330642036,17.500767669818547,32.50104378522002,False,True,-0.001114555482066208,-0.0013684996131605603
100,headroom_after_load,9.35,-0.007232709257511716,-0.008214355934817395,0.1,0.0,0.1,0.08,0.0,0.2,5,28.35086645940925,17.500873771916037,32.50115445084859,False,True,-0.0011261603941902364,-0.0016145695626697864
100,headroom_after_load,9.4,-0.007115328919105171,-0.007816424184326458,0.1,0.0,0.1,0.08,0.0,0.2,5,28.350973190478655,17.500974734061753,32.50125975545218,False,True,-0.001137612842223932,-0.0011486196999622137
100,headroom_after_load,9.450000000000001,-0.007008364275495816,-0.008191021245017123,0.1,0.0,0.1,0.08,0.0,0.2,5,28.351077649324814,17.501080534752834,32.501370106710624,False,True,-0.0011489112756891552,-0.0011488168183706644
100,headroom_after_load,9.5,-0.006911897169243935,-0.007645383063550093,0.1,0.0,0.1,0.08,0.0,0.2,5,28.351179964184215,17.501179287617404,32.50147310701023,False,True,-0.0011600541649588755,-0.0007814242541570114
100,headroom_after_load,9.55,-0.00682600645656202,-0.007510974648245965,0.1,0.0,0.1,0.08,0.0,0.2,5,28.35128026546918,17.501276304373278,32.501574296529796,False,True,-0.001171040001464256,-0.0007978152407096463
100,headroom_after_load,9.600000000000001,-0.006750765283504331,-0.007302828655740897,0.1,0.0,0.1,0.08,0.0,0.2,5,28.351378685391257,17.501370632576748,32.5016726818603,False,True,-0.0011818672978988894,-0.0014673144663477824
100,headroom_after_load,9.65,-0.0066862382671379,-0.007110740768134739,0.1,0.0,0.1,0.08,0.0,0.2,5,28.351475357720176,17.501462479645003,32.50176847934009,False,True,-0.0011925345884201575,-0.0012741969398845179
100,headroom_after_load,9.700000000000001,-0.006632478692108436,-0.007044119733651041,0.1,0.0,0.1,0.08,0.0,0.2,5,28.351570417625503,17.501553466191563,32.501863379286505,False,True,-0.0012030404288476805,-0.0018230274392076803
100,headroom_after_load,9.75,-0.006589525809973765,-0.00682906175286446,0.1,0.0,0.1,0.08,0.0,0.2,5,28.351664001563417,17.50164167490587,32.501955381924006,False,True,-0.0012133833968588361,-0.0015764964140007728
100,headroom_after_load,9.8,-0.0065574023109029305,-0.0067175452212407194,0.1,0.0,0.1,0.08,0.0,0.2,5,28.351756247182102,17.50172844319831,32.50204588218602,False,True,-0.0012235620921813223,-0.001036721518000263
100,headroom_after_load,9.850000000000001,-0.006536112023265023,-0.006813858582646094,0.1,0.0,0.1,0.08,0.0,0.2,5,28.35184729322737,17.501816455538336,32.50213768000303,False,True,-0.0012335751367827262,-0.001117281523639941
100,headroom_after_load,9.9,-0.006525637885156581,-0.006481352542432749,0.1,0.0,0.1,0.08,0.0,0.2,5,28.351937279436044,17.501900173008675,32.50222499822478,False,True,-0.001243421175057094,-0.0015166386502001204
100,headroom_after_load,9.950000000000001,-0.006525940222270383,-0.006846804790192272,0.1,0.0,0.1,0.08,0.0,0.2,5,28.352026346409136,17.501988610903883,32.50231723990043,False,True,-0.0012530988740084542,-0.0009505371882440826
100,headroom_after_load,10.0,0.04047550579032283,-0.00642486134591586,0.1,0.0014248613459158597,0.1,0.08,0.0,0.2,5,28.35211463545998,17.50207159869627,32.502403797060225,False,True,-0.0012626069234312844,-0.0018422903047675362
100,headroom_after_load,10.05,0.04045386657295562,-0.006604359666956704,0.1,0.001604359666956704,0.1,0.08,0.0,0.2,5,28.35220228843512,17.502156905008633,32.502492772461295,False,True,-0.0012719440360878934,-0.0014924984886837641
100,headroom_after_load,10.100000000000001,0.0404217177080194,-0.006677736154214544,0.1,0.001677736154214544,0.1,0.08,0.0,0.2,5,28.352289447507466,17.502243159100626,32.50258273640671,False,True,-0.0012811089478826914,-0.00047038301960377065
100,headroom_after_load,10.15,0.04037919965314995,-0.0066516532969128715,0.1,0.001677736154214544,0.1,0.08,0.0,0.2,5,28.35237625494274,17.502329076289044,32.50267234895807,False,True,-0.0012901004180333286,-0.001566528260156993
100,headroom_after_load,10.200000000000001,0.04032647882819966,-0.0026313149934122024,0.1,0.001677736154214544,0.1,0.08,0.0,0.2,5,28.352436533233213,17.50236306410771,32.5027077986184,False,True,-0.0012989172292386785,-0.0015663666330122449
100,headroom_after_load,10.25,0.04023887236358075,0.001690887277306959,0.1,0.001677736154214544,0.1,0.08,0.0,0.2,4,28.352444033745908,17.502337811908227,32.50268358774674,False,True,-0.0013075581878436388,-0.00098692043825955
100,headroom_after_load,10.3,0.04009176339374049,0.005419615204136002,0.1,0.001677736154214544,0.1,0.08,0.0,0.2,2,28.352393865031132,17.502256873807806,32.502605987299944,False,True,-0.0013160221240007353,-0.0019825559176285617
100,headroom_after_load,10.350000000000001,0.039885459400166925,0.009220827105219582,0.1,0.004220827105219582,0.1,0.08,0.0,0.2,2,28.352285216784193,17.502119167309818,32.50247395942043,False,True,-0.0013243078918284978,-0.0016528736793813698
100,headroom_after_load,10.4,0.03962026021647442,0.013453606059016316,0.1,0.008453606059016315,0.1,0.08,0.0,0.2,2,28.35211808900509,17.50191824726712,32.502281324740316,False,True,-0.0013324143695665979,-0.0025723813581122893
100,headroom_after_load,10.450000000000001,0.03929645823152719,0.01726745034432917,0.1,0.012267450344329169,0.1,0.08,0.0,0.2,2,28.351892481693824,17.501660370171177,32.502034081751425,False,True,-0.001340340459727714,-0.0019212945200663275
100,headroom_after_load,10.5,0.038914338658695216,0.021189943470919216,0.1,0.016189943470919215,0.1,0.08,0.0,0.2,2,28.351608394850395,17.50134391342878,32.5017306747716,False,True,-0.0013480850892461165,-0.0016887964581237143
100,headroom_after_load,10.55,0.038474179867877656,0.02562950350234033,0.1,0.02062950350234033,0.1,0.08,0.0,0.2,2,28.3512658284748,17.50096115501327,32.50136370020828,False,True,-0.0013556472096229394,-0.002564947973561027
100,headroom_after_load,10.600000000000001,0.03797625377622058,0.029390267672004946,0.1,0.024390267672004945,0.1,0.08,0.0,0.2,2,28.350864782567044,17.500522232258312,32.50094287736074,False,True,-0.0013630257970681356,-0.003163177515379168
100,headroom_after_load,10.65,0.03742082629279786,0.032644327715139115,0.1,0.027644327715139114,0.1,0.08,0.0,0.2,2,28.350410459568298,17.50003471242983,32.50047546144271,False,True,-0.0013702198526390776,-0.0033473232762065894
100,headroom_after_load,10.700000000000001,0.03681259786406977,0.034488335733270224,0.1,0.029488335733270223,0.1,0.08,0.0,0.2,2,28.349917005451957,17.499519653652452,32.49998164220254,False,True,-0.0013772284023757999,-0.0036023647058163848
100,headroom_after_load,10.75,0.03616388765027223,0.03596212571821314,0.1,0.03096212571821314,0.1,0.08,0.0,0.2,2,28.349399467526133,17.498982584869324,32.49946672058573,False,True,-0.0013840504974328579,-0.0023651283559860646
100,headroom_after_load,10.8,0.03548775155506851,0.03652788745085634,0.1,0.03152788745085634,0.1,0.08,0.0,0.2,2,28.348868159509202,17.498437066836903,32.49894369814228,False,True,-0.0013906852142077856,-0.0024346275766588326
100,headroom_after_load,10.850000000000001,0.034793174784076196,0.036971904284207165,0.1,0.03197190428420717,0.1,0.08,0.0,0.2,2,28.34833023808254,17.497884917728715,32.49841431806948,False,True,-0.001397131654466138,-0.002182313492221059
100,headroom_after_load,10.9,0.03408668949351436,0.03654500498570039,0.1,0.03197190428420717,0.1,0.08,0.0,0.2,2,28.347790743134947,17.49733914405808,32.49789105052959,False,True,-0.0014033889454630937,-0.0027224705663015233
100,headroom_after_load,10.950000000000001,0.03337639573224036,0.036608262991717225,0.1,0.03197190428420717,0.1,0.08,0.0,0.2,2,28.347253261889392,17.496792425674094,32.4973668772336,False,True,-0.0014094562400616172,-0.002472655310523077
100,headroom_after_load,11.0,0.03267155051983822,0.0362173139447739,0.1,0.03197190428420717,0.1,0.08,0.0,0.2,2,28.346720351294877,17.49625154583621,32.49684830171893,False,True,-0.0014153327168471416,-0.002000233808786512
100,headroom_after_load,11.05,0.03197971392891395,0.03580481969911953,0.1,0.03197190428420717,0.1,0.08,0.0,0.2,2,28.346193827744685,17.49571682630665,32.49633563247925,False,True,-0.0014210175802387781,-0.00209323899098955
100,headroom_after_load,11.100000000000001,0.03130439770091812,0.03539466488195801,0.1,0.03197190428420717,0.1,0.08,0.0,0.2,2,28.345674976117955,17.495188232147722,32.495828836017594,False,True,-0.0014265100605970243,-0.0018706125862771664
100,headroom_after_load,11.15,0.030646896353338126,0.03463806764429064,0.1,0.03197190428420717,0.1,0.08,0.0,0.2,2,28.345164691297537,17.494670937230694,32.49533287284972,False,True,-0.0014318094143279596,-0.0026096820507714763
100,headroom_after_load,11.200000000000001,0.03000819118482031,0.033882316598847356,0.1,0.03197190428420717,0.1,0.08,0.0,0.2,2,28.34466356587571,17.494164928918288,32.494847730859476,False,True,-0.0014369149239839194,-0.0019036875784404499
100,headroom_after_load,11.25,0.029389022566013966,0.033143138728721565,0.1,0.03197190428420717,0.1,0.08,0.0,0.2,2,28.344171949940375,17.493669959701908,32.4943731727448,False,True,-0.0014418258983606232,-0.001720742926924462
100,headroom_after_load,11.3,0.02878993773357931,0.032381688745868796,0.1,0.03197190428420717,0.1,0.08,0.0,0.2,2,28.343690004931755,17.49318636219973,32.49390951740766,False,True,-0.0014465416725907517,-0.0017609603513137476
100,headroom_after_load,11.350000000000001,0.028211333056210274,0.03171769132762982,0.1,0.03197190428420717,0.1,0.08,0.0,0.2,2,28.343217754813793,17.492712681026976,32.49345536947914,False,True,-0.001451061608233963,-0.0018799874939066025
100,headroom_after_load,11.4,0.027653493653365856,0.031476167043537735,0.1,0.03197190428420717,0.1,0.08,0.0,0.2,2,28.34275512635421,17.49224260684771,32.49300467980212,False,True,-0.0014553850933633234,-0.0018129414705183903
100,headroom_after_load,11.450000000000001,0.027116623457687,0.030420625676879982,0.1,0.03197190428420717,0.1,0.08,0.0,0.2,2,28.342301977328155,17.491788296428403,32.49256910383309,False,True,-0.0014595115426481549,-0.0016063112802971085
100,headroom_after_load,11.5,0.026600864830633078,0.03029871850527896,0.1,0.03197190428420717,0.1,0.08,0.0,0.2,2,28.341858116378283,17.491335806606042,32.49213527338485,False,True,-0.0014634403974332789,-0.0010527565468783381
100,headroom_after_load,11.55,0.02610631103635702,0.02937745197613424,0.1,0.03197190428420717,0.1,0.08,0.0,0.2,2,28.341423317093014,17.49089707524439,32.49171463403811,False,True,-0.0014671711258146482,-0.0011242060795939519
100,headroom_after_load,11.600000000000001,0.025633013859761165,0.02833231368870677,0.1,0.03197190428420717,0.1,0.08,0.0,0.2,2,28.340997328030735,17.4904739522801,32.49130895944349,False,True,-0.00147070322271136,-0.0009230490516400148
100,headroom_after_load,11.65,0.025180987927794968,0.028084385941755226,0.1,0.03197190428420717,0.1,0.08,0.0,0.2,2,28.3405798798715,17.49005453194047,32.490906834787964,False,True,-0.0014740362099340343,-0.0008032116870423426
100,headroom_after_load,11.700000000000001,0.0247502128148534,0.02795182669156266,0.1,0.03197190428420717,0.1,0.08,0.0,0.2,2,28.34017069053267,17.489637091279008,32.4905066081744,False,True,-0.0014771696362495547,-0.001375323816498377
100,headroom_after_load,11.75,0.02434063370839705,0.027030944532362895,0.1,0.03197190428420717,0.1,0.08,0.0,0.2,2,28.339769468849017,17.489233403337963,32.49011956715876,False,True,-0.0014801030774421557,-0.0018176756478108628
100,headroom_after_load,11.8,0.02395216120041486,0.02681908544115573,0.1,0.03197190428420717,0.1,0.08,0.0,0.2,2,28.339375917246816,17.48883287936184,32.48973555963526,False,True,-0.0014828361363708575,-0.0009972999806272058
100,headroom_after_load,11.850000000000001,0.02358467061602222,0.026411911777880603,0.1,0.03197190428420717,0.1,0.08,0.0,0.2,2,28.338989733718186,17.48843843623493,32.489357382204304,False,True,-0.0014853684430232304,-0.0014755155932030168
100,headroom_after_load,11.9,0.023238001177238662,0.02561305969110644,0.1,0.03197190428420717,0.1,0.08,0.0,0.2,2,28.338610613313275,17.488055923396054,32.488990643090744,False,True,-0.0014876996545654894,-0.0014971672768556207
100,headroom_after_load,11.950000000000001,0.02291195521663941,0.024991584629879625,0.1,0.03197190428420717,0.1,0.08,0.0,0.2,2,28.338238249304244,17.48768269184543,32.488632802531896,False,True,-0.0014898294553889093,-0.0006496425232720641
100,headroom_after_load,12.0,-0.07877119134689198,0.024587268458204737,0.1,0.03197190428420717,0.1,0.08,0.0,0.2,2,28.33787233412934,17.48731549846941,32.48828075115077,False,True,-0.0014917575571525507,-0.0006960882651015113
100,headroom_after_load,12.05,-0.079056733519492,0.02433430641141197,0.1,0.03197190428420717,0.1,0.08,0.0,0.2,2,28.337512560192522,17.486952082901738,32.48793232179207,False,True,-0.0014934836988222994,-0.0013431685899560222
100,headroom_after_load,12.100000000000001,-0.07932247076964574,0.02365593590733389,0.1,0.03197190428420717,0.1,0.08,0.0,0.2,2,28.33715862057043,17.486598798315306,32.487593605642196,False,True,-0.0014950076467062044,-0.000850018807671522
100,headroom_after_load,12.15,-0.07956875073316205,0.02391966426875195,0.1,0.03197190428420717,0.1,0.08,0.0,0.2,2,28.336810209661564,17.486241575133278,32.487251113313036,False,True,-0.0014963291944861171,-0.0011621099828446344
100,headroom_after_load,12.200000000000001,-0.07979595717296312,0.01956483010448514,0.1,0.03197190428420717,0.1,0.08,0.0,0.2,2,28.336493726679453,17.48594938830376,32.48697097542494,False,True,-0.0014974481632456223,-0.0008949339611842703
100,headroom_after_load,12.25,-0.07998173206716351,0.016183151283039054,0.1,0.03197190428420717,0.1,0.08,0.0,0.2,2,28.336235723229507,17.4857077044435,32.486739257909434,False,True,-0.0014983644014942624,-0.0009939582303380918
100,headroom_after_load,12.3,-0.0801037211407971,0.011601639584045578,0.1,0.03197190428420717,0.1,0.08,0.0,0.2,2,28.336036199311724,17.485534442203594,32.48657314050416,False,True,-0.001499077785188045,-9.049121336973144e-06
100,headroom_after_load,12.350000000000001,-0.08016233523412698,0.0077793998896294675,0.1,0.03197190428420717,0.1,0.08,0.0,0.2,2,28.335895154926103,17.4854182623964,32.48646175161685,False,True,-0.0014995882177462373,-0.0004851135081113979
100,headroom_after_load,12.4,-0.08015798834525047,0.0035376101390338574,0.1,0.03197190428420717,0.1,0.08,0.0,0.2,2,28.335812590072646,17.485365430703762,32.48641109855071,False,True,-0.001499895630064442,-0.0002531306320106828
100,headroom_after_load,12.450000000000001,-0.08009109663430816,-0.000574171662072024,0.1,0.03197190428420717,0.1,0.08,0.0,0.2,2,28.335788504751353,17.48537284708773,32.48641883391894,False,True,-0.0014999999805239519,-0.00020412544910548554
100,headroom_after_load,12.5,-0.0799620773878402,-0.0041062438760742686,0.1,0.03197190428420717,0.1,0.08,0.0,0.2,2,28.335819545526665,17.48542588607113,32.48647415414894,False,True,-0.0014999012549973853,0.00021426956625087687
100,headroom_after_load,12.55,-0.07977134795558403,-0.00801935474985128,0.1,0.03197190428420717,0.1,0.08,0.0,0.2,2,28.335903364079755,17.485529469403318,32.486582192678206,False,True,-0.0014995994668505982,0.0003611934365560937
100,headroom_after_load,12.600000000000001,-0.07951932467226094,-0.01273884745426235,0.1,0.03197190428420717,0.1,0.08,0.0,0.2,2,28.33603996041062,17.485694012849603,32.48675381326196,False,True,-0.0014990946569408748,-0.00034931186263660575
100,headroom_after_load,12.65,-0.07920642177700583,-0.01600683621023465,0.1,0.03197190428420717,0.1,0.08,0.0,0.2,2,28.336229334519263,17.48590076781732,32.48696946091646,False,True,-0.001498386893611396,0.00026747916464979005
100,headroom_after_load,12.700000000000001,-0.07883305034305428,-0.02081016751235122,0.1,0.03197190428420717,0.1,0.08,0.0,0.2,2,28.336471486405685,17.486169565814354,32.48724982011767,False,True,-0.001497476272681987,-0.00023645799367113239
100,headroom_after_load,12.75,-0.07839961723011538,-0.0244431274469487,0.1,0.03197190428420717,0.1,0.08,0.0,0.2,2,28.336766416069885,17.48648528954388,32.48757912336244,False,True,-0.001496362917436145,0.00013776327264973276
100,headroom_after_load,12.8,-0.07790652407153033,-0.02851876307988588,0.1,0.03197190428420717,0.1,0.08,0.0,0.2,2,28.337114123511864,17.486853656900326,32.48796333447615,False,True,-0.0014950469786043483,0.00019164799218197734
100,headroom_after_load,12.850000000000001,-0.07735416630785,-0.032474721417594686,0.1,0.03197190428420717,0.1,0.08,0.0,0.2,2,28.33751460873162,17.48727312205197,32.48840084113969,False,True,-0.0014935286343436497,0.00019319722540003123
100,headroom_after_load,12.9,-0.07674293227786595,-0.036038172448774906,0.1,0.03197190428420717,0.1,0.08,0.0,0.2,2,28.337967871729152,17.487738615112768,32.48888635540741,False,True,-0.0014918080902135567,0.0005540124558011039
100,headroom_after_load,12.950000000000001,-0.0760732023774064,-0.040572909491149216,0.1,0.03557290949114922,0.1,0.08,0.0,0.2,2,28.338473912504462,17.488262681860363,32.489432962660274,False,True,-0.001489885579148204,0.0005811848317471933
100,headroom_after_load,13.0,-0.07534534829536954,-0.0442629734099412,0.1,0.039262973409941206,0.1,0.08,0.0,0.2,2,28.33903273105755,17.488834411933574,32.49002928327427,False,True,-0.001487761361424814,0.0008190121516388777
100,headroom_after_load,13.05,-0.07455973233552342,-0.048298888169368656,0.1,0.04329888816936866,0.1,0.08,0.0,0.2,2,28.339644327388417,17.489458272572428,32.49067997662877,False,True,-0.0014854357246284636,0.00011406952977030115
100,headroom_after_load,13.100000000000001,-0.07371670683156381,-0.05235425109460889,0.1,0.04735425109460889,0.1,0.08,0.0,0.2,2,28.34030870149706,17.4901345149824,32.4913853047338,False,True,-0.0014829089836131473,7.161954201994583e-05
100,headroom_after_load,13.15,-0.07281661366180314,-0.056402603614778044,0.1,0.051402603614778046,0.1,0.08,0.0,0.2,2,28.341025853383485,17.490863048612425,32.492145173143605,False,True,-0.0014801814804591517,0.0006919862966176427
100,headroom_after_load,13.200000000000001,-0.07185978386867718,-0.06042329762765373,0.1,0.05542329762765373,0.1,0.08,0.0,0.2,2,28.341795783047687,17.491643516206782,32.492959209236645,False,True,-0.0014772535844267433,0.0011308348222320431
100,headroom_after_load,13.25,-0.07084653738701593,-0.0641785644459353,0.1,0.0591785644459353,0.1,0.08,0.0,0.2,2,28.342618490489663,17.492472489330876,32.49382383711876,False,True,-0.0014741256919061762,0.0005854551033897046
100,headroom_after_load,13.3,-0.06977718288374644,-0.06768128667468408,0.1,0.06268128667468408,0.1,0.08,0.0,0.2,2,28.343488179264206,17.493346705950422,32.49473565445313,False,True,-0.0014707982263640284,0.0004730804121192734
100,headroom_after_load,13.350000000000001,-0.06865749770472818,-0.06913938471561168,0.1,0.06413938471561167,0.1,0.08,0.0,0.2,2,28.34439020940665,17.49423975633633,32.49566711560833,False,True,-0.0014672716382858693,-3.943456431540791e-05
100,headroom_after_load,13.4,-0.06750159191552106,-0.07003725160578843,0.1,0.06503725160578842,0.1,0.08,0.0,0.2,2,28.345309716949888,17.495144404169572,32.49661067302579,False,True,-0.0014635464051152732,-0.00011175373818254155
100,headroom_after_load,13.450000000000001,-0.06632373405942041,-0.07023704844882364,0.1,0.06523704844882364,0.1,0.08,0.0,0.2,2,28.346236543749992,17.496051632712035,32.49755692215073,False,True,-0.0014596230311891792,7.143373336507905e-05
100,headroom_after_load,13.5,-0.06513369569185767,-0.0700122015033078,0.1,0.06523704844882364,0.1,0.08,0.0,0.2,2,28.34716367026084,17.496955956981452,32.49850014208765,False,True,-0.0014555020476696137,0.0004777822827117349
100,headroom_after_load,13.55,-0.06393825592509844,-0.06954260846703528,0.1,0.06523704844882364,0.1,0.08,0.0,0.2,2,28.348086182718443,17.497854215674153,32.49943703556283,False,True,-0.0014511840124717785,0.0005471992311611855
100,headroom_after_load,13.600000000000001,-0.06274219271356507,-0.06854349741644544,0.1,0.06523704844882364,0.1,0.08,0.0,0.2,2,28.349000614947446,17.498739569182447,32.50036046879191,False,True,-0.0014466695101885178,0.0005881227803919674
100,headroom_after_load,13.65,-0.061548914554472735,-0.06792678882118862,0.1,0.06523704844882364,0.1,0.08,0.0,0.2,2,28.349904528238252,17.49961695687139,32.50127559358575,False,True,-0.0014419591520111758,-0.00025533322053072644
100,headroom_after_load,13.700000000000001,-0.060360863483357265,-0.06732196230941001,0.1,0.06523704844882364,0.1,0.08,0.0,0.2,2,28.3507962217244,17.500486532217884,32.50218257002242,False,True,-0.0014370535756468477,0.0001751649685742204
100,headroom_after_load,13.75,-0.05918055366329612,-0.06567046949019989,0.1,0.06523704844882364,0.1,0.08,0.0,0.2,2,28.35167452283099,17.501334775782134,32.50306729718083,False,True,-0.0014319534452320471,-3.16699131435862e-05
100,headroom_after_load,13.8,-0.0580166356422727,-0.06478311816535332,0.1,0.06523704844882364,0.1,0.08,0.0,0.2,2,28.352538636592342,17.502171557725102,32.503940069745,False,True,-0.001426659451242792,-0.0006119090467667043
100,headroom_after_load,13.850000000000001,-0.056877651146600094,-0.0640256683482261,0.1,0.06523704844882364,0.1,0.08,0.0,0.2,2,28.353388037784875,17.502998555941268,32.50480263777691,False,True,-0.0014211723104011244,-0.0011704711288048433
100,headroom_after_load,13.9,-0.055765119712290284,-0.0630028127907986,0.1,0.06523704844882364,0.1,0.08,0.0,0.2,2,28.35422239387882,17.50381234227315,32.50565142567145,False,True,-0.0014154927655780798,-0.0011025035866621313
100,headroom_after_load,13.950000000000001,-0.054679411739009615,-0.06165833574445186,0.1,0.06523704844882364,0.1,0.08,0.0,0.2,2,28.355041511706013,17.504608762443183,32.506482100472454,False,True,-0.0014096215856931103,-0.0011627266776286062
100,headroom_after_load,14.0,0.076379215996287,-0.06028444287830101,0.1,0.06523704844882364,0.1,0.08,0.0,0.2,2,28.355845315558028,17.505387436497028,32.50729426588345,False,True,-0.0014035595656099905,-0.0009625658045676639
100,headroom_after_load,14.05,0.0774106022105508,-0.059135991013117825,0.1,0.06523704844882364,0.1,0.08,0.0,0.2,2,28.356633845840044,17.506151276380947,32.50809095909571,False,True,-0.001397307526029201,-0.001515003848738055
100,headroom_after_load,14.100000000000001,0.07841468233643305,-0.05824061943534619,0.1,0.06523704844882364,0.1,0.08,0.0,0.2,2,28.357407242491746,17.506903551048655,32.508875589663106,False,True,-0.0013908663133768218,-0.001013674617207424
100,headroom_after_load,14.15,0.07939147545748815,-0.05705268685944341,0.1,0.06523704844882364,0.1,0.08,0.0,0.2,2,28.358165715965285,17.507640481587256,32.50964421613885,False,True,-0.001384236799689938,-0.0010670411346388531
100,headroom_after_load,14.200000000000001,0.08034105970033481,-0.05296755799931549,0.1,0.06523704844882364,0.1,0.08,0.0,0.2,2,28.358890398747317,17.50832464587808,32.510357806850784,False,True,-0.0013774198824985805,-0.00203325262581612
100,headroom_after_load,14.25,0.08124547787148495,-0.04888569354639747,0.1,0.06523704844882364,0.1,0.08,0.0,0.2,2,28.35956230375157,17.50895608608639,32.51101640577773,False,True,-0.001370416484704215,-0.002069509950634377
100,headroom_after_load,14.3,0.0820867363570536,-0.04447652321465851,0.1,0.06523704844882364,0.1,0.08,0.0,0.2,2,28.36018143097805,17.509530574511246,32.511615603382154,False,True,-0.0013632275544547957,-0.0015601227159343029
100,headroom_after_load,14.350000000000001,0.082864854485954,-0.040838294497831794,0.1,0.06523704844882364,0.1,0.08,0.0,0.2,2,28.36074778042675,17.51005806914851,32.5121657859608,False,True,-0.0013558540650164025,-0.002150757669071228
100,headroom_after_load,14.4,0.08357983352117909,-0.03673068328891622,0.1,0.06523704844882364,0.1,0.08,0.0,0.2,2,28.36126135209767,17.51053250714099,32.512660629888444,False,True,-0.0013482970146414734,-0.0020680131516040076
100,headroom_after_load,14.450000000000001,0.08423166068180438,-0.03292173803558652,0.1,0.06523704844882364,0.1,0.08,0.0,0.2,2,28.361722145990814,17.510957746257283,32.5131041588592,False,True,-0.0013405574264336582,-0.0021462118299648853
100,headroom_after_load,14.5,0.08482031328552542,-0.028749183668124897,0.1,0.06523704844882364,0.1,0.08,0.0,0.2,2,28.36213016210618,17.511329089879663,32.51349147425029,False,True,-0.0013326363482093105,-0.002405293126938508
100,headroom_after_load,14.55,0.08534576296329374,-0.024767265496979714,0.1,0.06523704844882364,0.1,0.08,0.0,0.2,2,28.362485400443767,17.51164900039233,32.5138251443549,False,True,-0.0013245348523556234,-0.0028504386042555495
100,headroom_after_load,14.600000000000001,0.08580797989703674,-0.02100588038523821,0.1,0.06523704844882364,0.1,0.08,0.0,0.2,2,28.362787861003575,17.511920326347308,32.51410814024342,False,True,-0.0013162540356854522,-0.0023758076211347133
100,headroom_after_load,14.65,0.08620693703143781,-0.01679127116219563,0.1,0.06523704844882364,0.1,0.08,0.0,0.2,2,28.36303754378561,17.51213721359982,32.51433435597991,False,True,-0.0013077950192888176,-0.0032912140034868638
100,headroom_after_load,14.700000000000001,0.08654261421131147,-0.012754636681923056,0.1,0.06523704844882364,0.1,0.08,0.0,0.2,2,28.363234448789864,17.512301960990296,32.51450618927966,False,True,-0.0012991589483811324,-0.0029451539772209004
100,headroom_after_load,14.75,0.08681500219722395,-0.00899674485999012,0.1,0.06523704844882364,0.1,0.08,0.0,0.2,2,28.36337857601634,17.512418168944738,32.51462739542569,False,True,-0.0012903469921481548,-0.003352804613442167
100,headroom_after_load,14.8,0.08702410651366689,-0.005075951404923284,0.1,0.06523704844882364,0.1,0.08,0.0,0.2,2,28.36346992546504,17.51248373331705,32.51469577977101,False,True,-0.0012813603435877017,-0.0031111652208815543
100,headroom_after_load,14.850000000000001,0.08716995108626918,-0.0009908322313256686,0.1,0.06523704844882364,0.1,0.08,0.0,0.2,2,28.36350849713596,17.512496531566704,32.51470912848301,False,True,-0.0012722002193481339,-0.003198744865417985
100,headroom_after_load,14.9,0.08725258162720056,0.0032923040894529167,0.1,0.06523704844882364,0.1,0.08,0.0,0.2,2,28.363492756297337,17.512447363345537,32.514661987817355,False,True,-0.0012628678595636423,-0.003845793111908531
100,headroom_after_load,14.950000000000001,0.08727206873104774,0.007182061249267237,0.1,0.06523704844882364,0.1,0.08,0.0,0.2,2,28.363418535926552,17.512340104366306,32.51455915188882,False,True,-0.0012533645276863541,-0.0027255882803847104
100,headroom_after_load,15.0,0.08722851064699072,0.01106192336919371,0.1,0.06523704844882364,0.1,0.08,0.0,0.2,2,28.363285836023604,17.5121749024044,32.51440076237895,False,True,-0.0012436915103152806,-0.002854960622512053
100,headroom_after_load,15.05,0.08712203569703002,0.015227947640712431,0.1,0.06523704844882364,0.1,0.08,0.0,0.2,2,28.36309465658849,17.51194748383151,32.51418272189154,False,True,-0.001233850117022132,-0.00265486752459498
100,headroom_after_load,15.100000000000001,0.08695280431426829,0.019003717370004766,0.1,0.06523704844882364,0.1,0.08,0.0,0.2,2,28.362844997621213,17.5116636768218,32.51391061826367,False,True,-0.0012238416801740252,-0.0030482077212117863
100,headroom_after_load,15.15,0.08672101067977973,0.02287837474019816,0.1,0.06523704844882364,0.1,0.08,0.0,0.2,2,28.36253685912177,17.511322004558657,32.51358303557839,False,True,-0.0012136675547530984,-0.0033203023662908
100,headroom_after_load,15.200000000000001,0.08642688394135645,0.026847852918645308,0.1,0.06523704844882364,0.1,0.08,0.0,0.2,2,28.362170241090165,17.510921050960707,32.51319861614943,False,True,-0.0012033291181730713,-0.0034057334939782942
100,headroom_after_load,15.25,0.08607068900234312,0.031225160946671757,0.1,0.06523704844882364,0.1,0.08,0.0,0.2,2,28.3617451435264,17.510454725379066,32.512751520488685,False,True,-0.001192827770092763,-0.0033294823778209403
100,headroom_after_load,15.3,0.08565272687380543,0.03513643928735844,0.1,0.06523704844882364,0.1,0.08,0.0,0.2,2,28.361261566430468,17.509929987635825,32.51224842141527,False,True,-0.001182164932226605,-0.003404646944076769
100,headroom_after_load,15.350000000000001,0.0851733345883624,0.03899500496925299,0.1,0.06523704844882364,0.1,0.08,0.0,0.2,2,28.360719509802372,17.509347624957073,32.51169007369234,False,True,-0.0011713420481521573,-0.003138019390139332
100,headroom_after_load,15.4,0.08463288467908997,0.04287796320854194,0.1,0.06523704844882364,0.1,0.08,0.0,0.2,2,28.360118973642113,17.508707273057304,32.51107612805648,False,True,-0.0011603605831146762,-0.003076629000737857
100,headroom_after_load,15.450000000000001,0.08403178423191499,0.046970851775503614,0.1,0.06523704844882364,0.1,0.08,0.0,0.2,2,28.35945995794969,17.50800579677631,32.510403578632435,False,True,-0.001149222023828742,-0.0038498333236746543
100,headroom_after_load,15.5,0.08337047352480542,0.051304017382530556,0.1,0.06523704844882364,0.1,0.08,0.0,0.2,2,28.3587424627251,17.507239607747298,32.509668985027304,False,True,-0.0011379278782769813,-0.003654178437381621
100,headroom_after_load,15.55,0.0826494242717713,0.05469723765171128,0.1,0.06523704844882364,0.1,0.08,0.0,0.2,2,28.35796648796835,17.506422743385713,32.50888580579403,False,True,-0.0011264796755059098,-0.0033946590536639387
100,headroom_after_load,15.600000000000001,0.08186913749416434,0.05872308080561899,0.1,0.06523704844882364,0.1,0.08,0.0,0.2,2,28.357132033679438,17.505545755918483,32.50804498275844,False,True,-0.0011148789654189253,-0.0037541828498132705
100,headroom_after_load,15.65,0.0810301410459564,0.0629747612342023,0.1,0.06523704844882364,0.1,0.08,0.0,0.2,2,28.35623909985836,17.504605272626456,32.50714328228258,False,True,-0.001103127318566477,-0.0028548861422299115
100,headroom_after_load,15.700000000000001,0.08013298682353572,0.06666563056397118,0.1,0.06523704844882364,0.1,0.08,0.0,0.2,2,28.355287686505118,17.503609668824723,32.50618873430772,False,True,-0.0010912263259334315,-0.0028926104194378043
100,headroom_after_load,15.75,0.079178247694048,0.0710971214124156,0.1,0.0660971214124156,0.1,0.08,0.0,0.2,2,28.354277793619712,17.502547883857392,32.505170734287496,False,True,-0.0010791775987236858,-0.003435039042219934
100,headroom_after_load,15.8,0.0781665141793832,0.07475182021035905,0.1,0.06975182021035904,0.1,0.08,0.0,0.2,2,28.353212363541,17.50143151856154,32.50410040467395,False,True,-0.0010669827681420356,-0.0032713205691231035
100,headroom_after_load,15.850000000000001,0.077100902888419,0.07675858831635468,0.1,0.07175858831635468,0.1,0.08,0.0,0.2,2,28.352105148755243,17.50028518361058,32.50300134126736,False,True,-0.001054643485173331,-0.0032619848757264726
100,headroom_after_load,15.9,0.07599376314371367,0.07737734649723231,0.1,0.0723773464972323,0.1,0.08,0.0,0.2,2,28.350974307884744,17.499129607946045,32.501893418207544,False,True,-0.0010421614203589673,-0.002418627559705196
100,headroom_after_load,15.950000000000001,0.07486117816612037,0.07861108612239119,0.1,0.07361108612239119,0.1,0.08,0.0,0.2,2,28.349832228701786,17.49795560725724,32.500767829918274,False,True,-0.0010295382635707093,-0.0030010594464447786
100,headroom_after_load,16.0,0.07371426549583776,0.0783547773039575,0.1,0.07361108612239119,0.1,0.08,0.0,0.2,2,28.348687448910532,17.496785434358436,32.499645911571996,False,True,-0.0010167757237819239,-0.0032137813845290785
100,headroom_after_load,16.05,0.07256083548770029,0.07803697301851918,0.1,0.07361108612239119,0.1,0.08,0.0,0.2,2,28.347545930470094,17.495620007640717,32.498528543687996,False,True,-0.0010038755288362007,-0.0031621185845349905
100,headroom_after_load,16.1,0.0714064896692885,0.07752262113629527,0.1,0.07361108612239119,0.1,0.08,0.0,0.2,2,28.346411880491207,17.49446226240272,32.49741854052167,False,True,-0.000990839425213435,-0.0031295855689714397
100,headroom_after_load,16.150000000000002,0.07025532647967382,0.076121472586254,0.1,0.07361108612239119,0.1,0.08,0.0,0.2,2,28.345288266905598,17.49332544232228,32.49632859961981,False,True,-0.000977669177793382,-0.002285988914066967
100,headroom_after_load,16.2,0.06911038279181478,0.07552407883709608,0.1,0.07361108612239119,0.1,0.08,0.0,0.2,2,28.34417716524701,17.492197543892814,32.495247212465785,False,True,-0.0009643665696167191,-0.0031104320975170385
100,headroom_after_load,16.25,0.06797392888568611,0.07422862097996714,0.1,0.07361108612239119,0.1,0.08,0.0,0.2,2,28.34308000999659,17.49108899220554,32.494184374250146,False,True,-0.0009509334016436515,-0.002681643330484178
100,headroom_after_load,16.3,0.06684768035270838,0.07382301586120824,0.1,0.07361108612239119,0.1,0.08,0.0,0.2,2,28.341997775587057,17.48998649794238,32.49312734366794,False,True,-0.000937371492510091,-0.0019410135210559299
100,headroom_after_load,16.35,0.06573294886011573,0.07261206496758363,0.1,0.07361108612239119,0.1,0.08,0.0,0.2,2,28.34093110611679,17.488902088369983,32.49208765201606,False,True,-0.0009236826782814409,-0.002344264170462648
100,headroom_after_load,16.400000000000002,0.06463074843755932,0.07123271200951911,0.1,0.07361108612239119,0.1,0.08,0.0,0.2,2,28.339880408075036,17.487838278453474,32.491067710549714,False,True,-0.0009098688122040255,-0.0019763204798356328
100,headroom_after_load,16.45,0.06354186980839534,0.07017100258862317,0.1,0.07361108612239119,0.1,0.08,0.0,0.2,2,28.338845916613288,17.486790324412425,32.490062971108294,False,True,-0.0008959317644541849,-0.001962551142480227
100,headroom_after_load,16.5,0.06246693200655447,0.06937301834021813,0.1,0.07361108612239119,0.1,0.08,0.0,0.2,2,28.337827742945713,17.48575428769886,32.489069657558176,False,True,-0.0008818734218850869,-0.0016261101521257938
100,headroom_after_load,16.55,0.06140641794817121,0.06809964245703426,0.1,0.07361108612239119,0.1,0.08,0.0,0.2,2,28.33682590828523,17.484737267948905,32.48809457676698,False,True,-0.000867695687771275,-0.0012103616586415396
100,headroom_after_load,16.6,0.060360698729479426,0.06672324370796451,0.1,0.07361108612239119,0.1,0.08,0.0,0.2,2,28.33584036817703,17.483740803735824,32.48713920386166,False,True,-0.0008534004815509998,-0.0019612886585984968
100,headroom_after_load,16.650000000000002,0.05933005007233931,0.0658384049142274,0.1,0.07361108612239119,0.1,0.08,0.0,0.2,2,28.334871029990264,17.482757553961118,32.48619650046942,False,True,-0.0008389897385663519,-0.0014442837235501011
100,headroom_after_load,16.7,0.05831466337357534,0.06455099688104823,0.1,0.07361108612239119,0.1,0.08,0.0,0.2,2,28.333917765541642,17.481793530710206,32.485272230754624,False,True,-0.0008244654098012508,-0.0011327346230424243
100,headroom_after_load,16.75,0.057317599944675335,0.06370762631849328,0.1,0.07361108612239119,0.1,0.08,0.0,0.2,2,28.33298042026119,17.480842102599116,32.484360036792445,False,True,-0.0008098294616173128,-0.0006420928162578364
100,headroom_after_load,16.8,0.05634798244075672,0.06248460990867503,0.1,0.07361108612239119,0.1,0.08,0.0,0.2,2,28.33205881990688,17.4799089393687,32.483465354519986,False,True,-0.0007950838754876368,-0.0009413357060837713
100,headroom_after_load,16.85,0.055410422691342415,0.06161887270109703,0.1,0.07361108612239119,0.1,0.08,0.0,0.2,2,28.331152775545913,17.478988705308048,32.48258306825565,False,True,-0.0007802306477285445,-0.0009087181687204458
100,headroom_after_load,16.900000000000002,0.05450463502563923,0.06054614375377879,0.1,0.07361108612239119,0.1,0.08,0.0,0.2,2,28.33026208731344,17.478084491691654,32.48171614179869,False,True,-0.0007652717892293097,8.681778503116626e-05
100,headroom_after_load,16.95,0.05363026914842472,0.05958138905352562,0.1,0.07361108612239119,0.1,0.08,0.0,0.2,2,28.32938654013088,17.47719468600089,32.480863029126105,False,True,-0.0007502093251799225,-0.00025639627245413926
100,headroom_after_load,17.0,0.052786922600274,0.05798843250183272,0.1,0.07361108612239119,0.1,0.08,0.0,0.2,2,28.32852587908913,17.476328669983836,32.48003272510976,False,True,-0.0007350452947968988,-0.0005511528304239879
100,headroom_after_load,17.05,0.05197412210671533,0.05742440991552016,0.1,0.07361108612239119,0.1,0.08,0.0,0.2,2,28.32767978925932,17.475471077243164,32.47921049701819,False,True,-0.0007197817510472142,-0.0005087463888910777
100,headroom_after_load,17.1,0.05119130857413948,0.05662743134233138,0.1,0.07361108612239119,0.1,0.08,0.0,0.2,2,28.32684790515807,17.47462538681093,32.478399680418214,False,True,-0.0007044207603703628,6.0909998972155156e-05
100,headroom_after_load,17.150000000000002,0.050437848109347296,0.055687402514463705,0.1,0.07361108612239119,0.1,0.08,0.0,0.2,2,28.326029829148624,17.473793735041003,32.47760232356663,False,True,-0.0006889644023985888,-0.0002179981628425385
100,headroom_after_load,17.2,0.04971305098891804,0.05470899698427108,0.1,0.07361108612239119,0.1,0.08,0.0,0.2,2,28.325225143992842,17.472976695062147,32.47681897595803,False,True,-0.0006734147696753468,-0.0004286717164459356
100,headroom_after_load,17.25,0.04901618578327157,0.05334510778195691,0.1,0.07361108612239119,0.1,0.08,0.0,0.2,2,28.324433421518844,17.472180023798977,32.47605515711808,False,True,-0.0006577739673719931,2.7684455018300315e-06
100,headroom_after_load,17.3,0.048346490292597424,0.052598303544838236,0.1,0.07361108612239119,0.1,0.08,0.0,0.2,2,28.32365422878111,17.471394505526206,32.475302031351404,False,True,-0.00064204411300279,-0.00046372807096896335
100,headroom_after_load,17.35,0.04770318047360372,0.052199824959610286,0.1,0.07361108612239119,0.1,0.08,0.0,0.2,2,28.322887132558574,17.470614938247838,32.4745546111773,False,True,-0.000626227336138222,-0.0004317125972741639
100,headroom_after_load,17.400000000000002,0.047085458067594926,0.051235616399146644,0.1,0.07361108612239119,0.1,0.08,0.0,0.2,2,28.322131702671673,17.46984977073889,32.47382099696769,False,True,-0.0006103257781166915,-0.0005496898476847399
100,headroom_after_load,17.45,0.04649251731507314,0.05060237645032876,0.1,0.07361108612239119,0.1,0.08,0.0,0.2,2,28.32138751443135,17.469094060218424,32.47309644976765,False,True,-0.0005943415917546102,-0.00024064299313600882
100,headroom_after_load,17.5,0.045923550990327015,0.0497232237089207,0.1,0.07361108612239119,0.1,0.08,0.0,0.2,2,28.320654150448338,17.468351479219187,32.47238449066529,False,True,-0.0005782769410549404,-0.00039728365317888274
100,headroom_after_load,17.55,0.045377755911998725,0.04893845137622097,0.1,0.07361108612239119,0.1,0.08,0.0,0.2,2,28.31993120196754,17.467620618236865,32.47168376828018,False,True,-0.0005621340009142352,-0.0004366351393923018
100,headroom_after_load,17.6,0.044854338028378814,0.04854859550440411,0.1,0.07361108612239119,0.1,0.08,0.0,0.2,2,28.3192182698455,17.46689557947485,32.47098862802382,False,True,-0.0005459149568281789,0.0001349767568349837
100,headroom_after_load,17.650000000000002,0.04435251713456803,0.04792184671907309,0.1,0.07361108612239119,0.1,0.08,0.0,0.2,2,28.31851496525492,17.46617990076041,32.47030246183368,False,True,-0.0005296220045957162,0.0005518534532515615
100,headroom_after_load,17.7,0.04387153124935267,0.04721747606095298,0.1,0.07361108612239119,0.1,0.08,0.0,0.2,2,28.317820910176245,17.465474741321028,32.46962638113407,False,True,-0.0005132573500217697,0.0004534178295270449
100,headroom_after_load,17.75,0.04341064065977561,0.04664435429446609,0.1,0.07361108612239119,0.1,0.08,0.0,0.2,2,28.317135737719063,17.464778141047812,32.468958506645315,False,True,-0.0004968232086186075,0.00010878269186959517
100,headroom_after_load,17.8,0.042969131628472546,0.045929464420169104,0.1,0.07361108612239119,0.1,0.08,0.0,0.2,2,28.316459092304285,17.464092217146675,32.46830086826587,False,True,-0.0004803218053059091,-5.951581032375157e-05
100,headroom_after_load,17.85,0.04254631975100591,0.04550844874114027,0.1,0.07361108612239119,0.1,0.08,0.0,0.2,2,28.31579062972961,17.463412580815415,32.46764925817507,False,True,-0.00046375537410953545,-0.00011446467088450498
100,headroom_after_load,17.900000000000002,0.04214155294632083,0.045230437990538594,0.1,0.07361108612239119,0.1,0.08,0.0,0.2,2,28.31513001713503,17.462737096377086,32.467001628765125,False,True,-0.00044712615785908285,-6.999515689270018e-05
100,headroom_after_load,17.95,0.04175421406208501,0.04453048133953203,0.1,0.07361108612239119,0.1,0.08,0.0,0.2,2,28.314476932881167,17.46207206529376,32.466364021644,False,True,-0.000430436407884239,0.0004638111821121329
100,headroom_after_load,18.0,-0.08861627692266491,0.0442487227982973,0.1,0.07361108612239119,0.1,0.08,0.0,0.2,2,28.3138310663506,17.461411242073954,32.465730448866246,False,True,-0.000413688383709989,0.00010162347278838506
100,headroom_after_load,18.05,-0.08897046111300452,0.043461284342709454,0.1,0.07361108612239119,0.1,0.08,0.0,0.2,2,28.31319211768066,17.460762178687713,32.46510815098047,False,True,-0.00039688435275071033,0.00025262288336549597
100,headroom_after_load,18.1,-0.0893088393439486,0.04270022869003356,0.1,0.07361108612239119,0.1,0.08,0.0,0.2,2,28.312559797435064,17.46012448112663,32.46449675022603,False,True,-0.00038002659000320655,0.0005687375913682323
100,headroom_after_load,18.150000000000002,-0.08963187126486702,0.0425777084889158,0.1,0.07361108612239119,0.1,0.08,0.0,0.2,2,28.311933826221118,17.459488613317657,32.463887103770006,False,True,-0.0003631173777386999,0.0002597005864058788
100,headroom_after_load,18.2,-0.08993997486624684,0.03804117558101163,0.1,0.07361108612239119,0.1,0.08,0.0,0.2,2,28.31134020067083,17.45892049540277,32.463342413397996,False,True,-0.00034615900519386033,0.0004477414359959721
100,headroom_after_load,18.25,-0.0902111227116986,0.03467815692445204,0.1,0.07361108612239119,0.1,0.08,0.0,0.2,2,28.310805054652707,17.45840260178084,32.46284587621408,False,True,-0.000329153768260865,9.088576261992773e-05
100,headroom_after_load,18.3,-0.090423236589394,0.030490712625475442,0.1,0.07361108612239119,0.1,0.08,0.0,0.2,2,28.31032838816675,17.457947244662776,32.46240929670913,False,True,-0.00031210396917658284,0.0011324967587805883
100,headroom_after_load,18.35,-0.09057658378693685,0.0265514258699771,0.1,0.07361108612239119,0.1,0.08,0.0,0.2,2,28.309910201212954,17.457550717992078,32.46202912165372,False,True,-0.00029501191621088746,0.0006275458872906825
100,headroom_after_load,18.400000000000002,-0.09067137576548182,0.02265939241482616,0.1,0.07361108612239119,0.1,0.08,0.0,0.2,2,28.309550493791324,17.457212316074294,32.4617046744542,False,True,-0.00027787992335414756,0.0006974734014830384
100,headroom_after_load,18.45,-0.09070776985045854,0.01852837030721018,0.1,0.07361108612239119,0.1,0.08,0.0,0.2,2,28.309249265901858,17.45693560803506,32.461439377055754,False,True,-0.0002607103100039551,0.000878644435963724
100,headroom_after_load,18.5,-0.09068587151935135,0.01504274411230731,0.1,0.07361108612239119,0.1,0.08,0.0,0.2,2,28.309006517544553,17.456710955345212,32.46122398839435,False,True,-0.0002435054006511149,0.0013680304457922975
100,headroom_after_load,18.55,-0.09060573725703235,0.010879292618409489,0.1,0.07361108612239119,0.1,0.08,0.0,0.2,2,28.308822248719412,17.456548480843743,32.46106821387232,False,True,-0.00022626752456494513,0.0009547415606149085
100,headroom_after_load,18.6,-0.09046737794273807,0.006781458726661646,0.1,0.07361108612239119,0.1,0.08,0.0,0.2,2,28.308696459426436,17.45644720457841,32.46097111394783,False,True,-0.00020899901547793227,0.0014486600795547426
100,headroom_after_load,18.650000000000002,-0.09027076272682025,0.002474009839181635,0.1,0.07361108612239119,0.1,0.08,0.0,0.2,2,28.308629149665624,17.456410257000165,32.460935689981056,False,True,-0.00019170221126977915,0.0007504239225463249
100,headroom_after_load,18.7,-0.09001582334995759,-0.001531666003716137,0.1,0.07361108612239119,0.1,0.08,0.0,0.2,2,28.308620319436976,17.45643004101938,32.46095632492583,False,True,-0.00017437945365090065,0.0014791322149807324
100,headroom_after_load,18.75,-0.0897024588526483,-0.00572925936322125,0.1,0.07361108612239119,0.1,0.08,0.0,0.2,2,28.3086651279334,17.456504043952823,32.46103351078114,False,True,-0.00015703308784537987,0.0013666360976179125
100,headroom_after_load,18.8,-0.08933054061856402,-0.00949347674358437,0.1,0.07361108612239119,0.1,0.08,0.0,0.2,2,28.3087627142076,17.45662666802743,32.46116140900949,False,True,-0.0001396654622734745,0.001111519991508346
100,headroom_after_load,18.85,-0.08889991769178238,-0.013653952315611157,0.1,0.07361108612239119,0.1,0.08,0.0,0.2,2,28.30891307825958,17.456803031578172,32.4613453580893,False,True,-0.00012227892823367555,0.001407600778230403
100,headroom_after_load,18.900000000000002,-0.08841042230506424,-0.01736668302491616,0.1,0.07361108612239119,0.1,0.08,0.0,0.2,2,28.309116220089333,17.45702735123391,32.46157932590227,False,True,-0.00010487583958437807,0.0012187267620808989
100,headroom_after_load,18.95,-0.08786187555423208,-0.02148797165136686,0.1,0.07361108612239119,0.1,0.08,0.0,0.2,2,28.309372139696865,17.457304904201074,32.461868816631466,False,True,-8.745855242520477e-05,0.0011049300238770597
100,headroom_after_load,19.0,-0.08725409315235857,-0.025586679154703525,0.1,0.07361108612239119,0.1,0.08,0.0,0.2,2,28.309680837082176,17.457635398806822,32.46221352605897,False,True,-7.002942477802668e-05,0.0018178112627424744
100,headroom_after_load,19.05,-0.08658689119690088,-0.029074216040359816,0.1,0.07361108612239119,0.1,0.08,0.0,0.2,2,28.310042312245265,17.45801094076401,32.4626052203584,False,True,-5.2590816267730033e-05,0.001924280899331045
100,headroom_after_load,19.1,-0.085860091883119,-0.03321837428447388,0.1,0.07361108612239119,0.1,0.08,0.0,0.2,2,28.310456565186133,17.45844001143185,32.46305274567862,False,True,-3.514508780276087e-05,0.0012254292963137991
100,headroom_after_load,19.150000000000002,-0.08507352909808862,-0.037417937113734714,0.1,0.07361108612239119,0.1,0.08,0.0,0.2,2,28.31092359590478,17.458923326452904,32.46355684844251,False,True,-1.7694601255489048e-05,0.0018740828756441058
100,headroom_after_load,19.200000000000003,-0.08422705383134656,-0.04174641553478125,0.1,0.07361108612239119,0.1,0.08,0.0,0.2,2,28.311443404401203,17.459462550986895,32.464119265429574,False,True,-2.4171914245400106e-07,0.0020175672097576766
100,headroom_after_load,19.25,-0.08332053934066395,-0.04520191735923172,0.1,0.07361108612239119,0.1,0.08,0.0,0.2,2,28.312015990675402,17.460046409086118,32.46472823570511,False,True,1.721119569548361e-05,0.0025463657989803503
100,headroom_after_load,19.3,-0.08235388601459856,-0.04908812565908577,0.1,0.07361108612239119,0.1,0.08,0.0,0.2,2,28.31264135472738,17.460680464042547,32.465389561842464,False,True,3.4661780413032685e-05,0.002197700486413618
100,headroom_after_load,19.35,-0.08132702587729168,-0.053294258858669785,0.1,0.07361108612239119,0.1,0.08,0.0,0.2,2,28.313319496557135,17.46136884821947,32.46610755394098,False,True,5.2107672480364466e-05,0.0023096670237090955
100,headroom_after_load,19.400000000000002,-0.08023992668539949,-0.05735948712029087,0.1,0.07361108612239119,0.1,0.08,0.0,0.2,2,28.31405041616467,17.462109741594777,32.46688031369801,False,True,6.954651000295592e-05,0.0017176935978039645
100,headroom_after_load,19.450000000000003,-0.07909259557202959,-0.06164880932500536,0.1,0.07361108612239119,0.1,0.08,0.0,0.2,2,28.31483411354998,17.462906038715225,32.46771086015698,False,True,8.697593204136176e-05,0.0017886418328108464
100,headroom_after_load,19.5,-0.0778850821980297,-0.06530547658535536,0.1,0.07361108612239119,0.1,0.08,0.0,0.2,2,28.315670588713072,17.463749567787787,32.46859067004986,False,True,0.00010439357893083592,0.0019970439694016275
100,headroom_after_load,19.55,-0.07661748137688154,-0.06912255704818814,0.1,0.07361108612239119,0.1,0.08,0.0,0.2,2,28.316559841653937,17.464642400816327,32.46952190449898,False,True,0.00012179709260080693,0.0021780550149931525
100,headroom_after_load,19.6,-0.07528993514571813,-0.07303722141425921,0.1,0.07361108612239119,0.1,0.08,0.0,0.2,2,28.317499330054545,17.465585798259596,32.47050587817637,False,True,0.00013918411689411105,0.0018967631826618397
100,headroom_after_load,19.650000000000002,-0.07390503961549218,-0.07491337610733684,0.1,0.07361108612239119,0.1,0.08,0.0,0.2,2,28.318476039673804,17.46655342936765,32.471515127826706,False,True,0.00015655229788597957,0.0015096679183534034
100,headroom_after_load,19.700000000000003,-0.07247534179189984,-0.0752735803393753,0.1,0.07361108612239119,0.1,0.08,0.0,0.2,2,28.31947238496137,17.4675257131137,32.4725292302285,False,True,0.00017389928420272904,0.0017284383647184602
100,headroom_after_load,19.75,-0.07101772957164351,-0.07667923596576998,0.1,0.07361108612239119,0.1,0.08,0.0,0.2,2,28.320476377735016,17.468516153244927,32.473562269935265,False,True,0.00019122272734009455,0.0019004503926987766
100,headroom_after_load,19.8,-0.06954380461546023,-0.07584095321106538,0.1,0.07361108612239119,0.1,0.08,0.0,0.2,2,28.321479761912116,17.469495765557237,32.47458401611047,False,True,0.00020852028198118064,0.0019466847384504045
100,headroom_after_load,19.85,-0.06806167095003189,-0.07551433115745661,0.1,0.07361108612239119,0.1,0.08,0.0,0.2,2,28.322476775497826,17.470471159001356,32.475601361960784,False,True,0.00022578960631398006,0.0014180021464329754
100,headroom_after_load,19.900000000000002,-0.06657712026891477,-0.07443554231240913,0.1,0.07361108612239119,0.1,0.08,0.0,0.2,2,28.32346335252334,17.47143261808956,32.47660417412805,False,True,0.0002430283623484172,0.0013032409746791317
100,headroom_after_load,19.950000000000003,-0.06509439413212474,-0.07294426332115324,0.1,0.07361108612239119,0.1,0.08,0.0,0.2,2,28.324436622433396,17.472374814824125,32.47758689545335,False,True,0.0002602342162328761,0.0017733915768909135
100,headroom_after_load,20.0,-0.007419253490297199,-0.07187302268113437,0.1,0.07361108612239119,0.1,0.08,0.0,0.2,2,28.32539457426574,17.473303174700423,32.47855518478669,False,True,0.0002774048385701601,0.001306411061590647
100,headroom_after_load,20.05,-0.005948921189474836,-0.07102613282623904,0.1,0.07361108612239119,0.1,0.08,0.0,0.2,2,28.326335813454403,17.47422059558276,32.47951206463171,False,True,0.0002945379047328677,0.0009819070226716603
100,headroom_after_load,20.1,-0.004489369948222769,-0.06945224275924286,0.1,0.07361108612239119,0.1,0.08,0.0,0.2,2,28.32725938692198,17.475117687051736,32.48044774068,False,True,0.0003116310951780985,0.0012277269232901936
100,headroom_after_load,20.150000000000002,-0.00305266317683835,-0.06792996090427891,0.1,0.07361108612239119,0.1,0.08,0.0,0.2,2,28.328164657980643,17.475995115713417,32.48136290820885,False,True,0.00032868209576148463,0.0008192618107824107
100,headroom_after_load,20.200000000000003,-0.0016447543472630612,-0.06364745615294887,0.1,0.07361108612239119,0.1,0.08,0.0,0.2,2,28.32903426281209,17.476817228688727,32.482220380882026,False,True,0.00034568859805049,0.0011267841560826314
100,headroom_after_load,20.25,-0.00028265521904275934,-0.05975102612331829,0.1,0.07361108612239119,0.1,0.08,0.0,0.2,2,28.32985108986576,17.477589012776154,32.48302535998396,False,True,0.00036264829963693676,0.000830117177242751
100,headroom_after_load,20.3,0.0010168953057954136,-0.056373915820275046,0.1,0.07361108612239119,0.1,0.08,0.0,0.2,2,28.33061513914165,17.478317175855498,32.48378484190543,False,True,0.0003795589044487168,9.131709370407656e-05
100,headroom_after_load,20.35,0.0022533620793468573,-0.05183337451452396,0.1,0.07361108612239119,0.1,0.08,0.0,0.2,2,28.33132641063976,17.47898669027631,32.48448315264542,False,True,0.0003964181230606316,0.00028624023309953837
100,headroom_after_load,20.400000000000002,0.003426170713626126,-0.04775376122933685,0.1,0.07361108612239119,0.1,0.08,0.0,0.2,2,28.331984904360098,17.47960350969219,32.48512650192865,False,True,0.00041322367300435683,0.00023182392775495932
100,headroom_after_load,20.450000000000003,0.0045347184876786024,-0.0438696051992647,0.1,0.07361108612239119,0.1,0.08,0.0,0.2,2,28.332590620302657,17.480170158759346,32.48571752299869,False,True,0.00042997327907744664,-0.0002602093683169167
100,headroom_after_load,20.5,0.005578385503346113,-0.039882093974091204,0.1,0.07361108612239119,0.1,0.08,0.0,0.2,2,28.333143558467437,17.48068530247318,32.486254823431395,False,True,0.00044666467365135333,-0.00047026827081502257
100,headroom_after_load,20.55,0.00655654595947517,-0.036080258263239844,0.1,0.07361108612239119,0.1,0.08,0.0,0.2,2,28.33364371885444,17.481151339142414,32.48674090468855,False,True,0.00046329559697844716,-0.0004383942543266915
100,headroom_after_load,20.6,0.0074685794136735775,-0.031857541290077354,0.1,0.07361108612239119,0.1,0.08,0.0,0.2,2,28.334091101463663,17.48156283238408,32.48717009656426,False,True,0.00047986379749792563,-0.0007358105792111206
100,headroom_after_load,20.650000000000002,0.00831388190155553,-0.027680594284694587,0.1,0.07361108612239119,0.1,0.08,0.0,0.2,2,28.33448570629511,17.48192037339359,32.48754301568171,False,True,0.0004963670321406533,-0.0002856153458072609
100,headroom_after_load,20.700000000000003,0.009091876785749187,-0.023837038720890102,0.1,0.07361108612239119,0.1,0.08,0.0,0.2,2,28.33482753334878,17.482228268477066,32.48786415356447,False,True,0.0005128030666328363,-0.0007259959548397526
100,headroom_after_load,20.75,0.009802025210739713,-0.019608014166696896,0.1,0.07361108612239119,0.1,0.08,0.0,0.2,2,28.33511658262467,17.482481538660053,32.488128317088666,False,True,0.000529169675798505,-0.000859277080931342
100,headroom_after_load,20.8,0.010443836044832473,-0.01581124963590134,0.1,0.07361108612239119,0.1,0.08,0.0,0.2,2,28.335352854122785,17.482685767301184,32.488341329757375,False,True,0.0005454646438607671,-0.001630881113457979
100,headroom_after_load,20.85,0.011016875197078412,-0.011985845972825726,0.1,0.07361108612239119,0.1,0.08,0.0,0.2,2,28.33553634784312,17.482840584478332,32.488502805737845,False,True,0.000561685764741789,-0.0009270289633027005
100,headroom_after_load,20.900000000000002,0.01152077420482336,-0.007759197433702571,0.1,0.07361108612239119,0.1,0.08,0.0,0.2,2,28.335667063785678,17.482940807445186,32.488607339369935,False,True,0.0005778308423614637,-0.0005406773316233726
100,headroom_after_load,20.950000000000003,0.011955237996528069,-0.00399963363693617,0.1,0.07361108612239119,0.1,0.08,0.0,0.2,2,28.335745001950457,17.482992469379663,32.4886612233231,False,True,0.0005938976909347251,-0.001054820771734014
100,headroom_after_load,21.0,0.012320051744546,0.000585825302737835,0.1,0.07361108612239119,0.1,0.08,0.0,0.2,2,28.33577016233746,17.482983720495213,32.48865283521739,False,True,0.0006098841352674646,-0.0006490709937750465
100,headroom_after_load,21.05,0.012615086733520013,0.0038951212085309894,0.1,0.07361108612239119,0.1,0.08,0.0,0.2,2,28.33574218374888,17.482925549628895,32.48859706314968,False,True,0.0006257880110510229,-0.000999611790447454
100,headroom_after_load,21.1,0.012842539687101813,0.006434024325672652,0.1,0.07361108612239119,0.1,0.08,0.0,0.2,2,28.33566861505678,17.48282946204936,32.48850493794456,False,True,0.0006416071651552042,-0.0013519911779544625
100,headroom_after_load,21.150000000000002,0.013011192485490892,0.008180266881694003,0.1,0.07361108612239119,0.1,0.08,0.0,0.2,2,28.33556236650327,17.482707295578606,32.48838780926641,False,True,0.0006573394559197659,-0.0011402723763524261
100,headroom_after_load,21.200000000000003,0.013132073072374895,0.009493455834335952,0.1,0.07361108612239119,0.1,0.08,0.0,0.2,2,28.335432383818134,17.482565517564353,32.488251877768214,False,True,0.000672982753444371,-0.0008566037308215942
100,headroom_after_load,21.25,0.013212756754494567,0.010439446943184369,0.1,0.07361108612239119,0.1,0.08,0.0,0.2,2,28.335284970560014,17.48240961184537,32.488102401151046,False,True,0.000688534939876949,-0.00037766782379108097
100,headroom_after_load,21.3,0.01325847200802506,0.011613220008947111,0.1,0.07361108612239119,0.1,0.08,0.0,0.2,2,28.33512466380114,17.482236176660052,32.48793611793213,False,True,0.0007039939097004087,-0.0007946125186044445
100,headroom_after_load,21.35,0.013272833358208818,0.011870921965166478,0.1,0.07361108612239119,0.1,0.08,0.0,0.2,2,28.334954796205132,17.48205889287921,32.487766144822665,False,True,0.0007193575700176923,-0.000951638604841442
100,headroom_after_load,21.400000000000002,0.013258316371126396,0.012086081255397034,0.1,0.07361108612239119,0.1,0.08,0.0,0.2,2,28.334777849227002,17.481878395847318,32.487593090967344,False,True,0.0007346238408351318,-0.0007578125346641405
100,headroom_after_load,21.450000000000003,0.013216580775451545,0.012461233782155502,0.1,0.07361108612239119,0.1,0.08,0.0,0.2,2,28.33459569151978,17.481692296179126,32.487414665512276,False,True,0.0007497906553440302,-0.0012695205614338479
100,headroom_after_load,21.5,0.013148732004722975,0.012892787330876105,0.1,0.07361108612239119,0.1,0.08,0.0,0.2,2,28.334409752003555,17.48149975156546,32.48723006088268,False,True,0.0007648559602004872,-0.001848860896797388
100,headroom_after_load,21.55,0.013055536524734054,0.012797638775310023,0.1,0.07361108612239119,0.1,0.08,0.0,0.2,2,28.334221144895842,17.481308627927838,32.48704681863217,False,True,0.0007798177158033837,-0.0008462383793639279
100,headroom_after_load,21.6,0.012937580021366801,0.013011198645525923,0.1,0.07361108612239119,0.1,0.08,0.0,0.2,2,28.334030759773036,17.481114314925367,32.48686051853702,False,True,0.0007946738965705115,-0.0012980732742184078
100,headroom_after_load,21.650000000000002,0.012795379701982367,0.01328078183174564,0.1,0.07361108612239119,0.1,0.08,0.0,0.2,2,28.33383932637453,17.480915975889648,32.48667035843061,False,True,0.0008094224912128066,-0.0015058346856103555
100,headroom_after_load,21.700000000000003,0.012629463536344088,0.013020256649292107,0.1,0.07361108612239119,0.1,0.08,0.0,0.2,2,28.333647461143997,17.480721527612328,32.486483928638954,False,True,0.000824061503006642,-0.0011455018846134647
100,headroom_after_load,21.75,0.012440425290281814,0.013186299498026938,0.1,0.07361108612239119,0.1,0.08,0.0,0.2,2,28.33345570043346,17.480524599603097,32.48629512137237,False,True,0.0008385889500641516,-0.0010249362241964114
100,headroom_after_load,21.8,0.012228961387632294,0.013280248919601539,0.1,0.07361108612239119,0.1,0.08,0.0,0.2,2,28.33326452390581,17.480326268526042,32.486104968896434,False,True,0.0008530028656015589,-0.0010943079566530314
100,headroom_after_load,21.85,0.011995893881709647,0.013057293955175261,0.1,0.07361108612239119,0.1,0.08,0.0,0.2,2,28.3330743707438,17.48013126712289,32.48591800878825,False,True,0.0008673012982054281,-0.001623620200191645
100,headroom_after_load,21.900000000000002,0.011742182717075507,0.01293528127390396,0.1,0.07361108612239119,0.1,0.08,0.0,0.2,2,28.332885650596715,17.479938087892396,32.48573279571159,False,True,0.0008814823120968649,-0.00024261814779855833
100,headroom_after_load,21.950000000000003,0.011468929676962725,0.013244928925301542,0.1,0.07361108612239119,0.1,0.08,0.0,0.2,2,28.332698750691574,17.479740284294348,32.48554314896295,False,True,0.0008955439873935955,-0.00039700797930194574
100,headroom_after_load,22.0,0.08497996937544781,0.012756728017203001,0.1,0.07361108612239119,0.1,0.08,0.0,0.2,2,28.332514040163492,17.479549771629813,32.48536049249076,False,True,0.0009094844203698733,-0.0008682495825611317
100,headroom_after_load,22.05,0.08467148744179315,0.012382399615918895,0.1,0.07361108612239119,0.1,0.08,0.0,0.2,2,28.33233187238632,17.47936484929385,32.48518319581814,False,True,0.0009233017237142282,-0.0002896387533087301
100,headroom_after_load,22.1,0.08434757011611194,0.012303722795603973,0.1,0.07361108612239119,0.1,0.08,0.0,0.2,2,28.332152585884288,17.479181101940274,32.48500702567502,False,True,0.0009369940267849679,-2.963020966189581e-05
100,headroom_after_load,22.150000000000002,0.08400981530040598,0.011756573838326737,0.1,0.07361108612239119,0.1,0.08,0.0,0.2,2,28.33197650425819,17.479005525867418,32.48483868985259,False,True,0.0009505594758634352,-0.0005373636756494512
100,headroom_after_load,22.200000000000003,0.08365990890980263,0.016129660482734207,0.1,0.07361108612239119,0.1,0.08,0.0,0.2,2,28.331772864309134,17.478764640854234,32.48460773824201,False,True,0.0009639962344049753,-0.0005894436966889106
100,headroom_after_load,22.25,0.0832731044343239,0.020318122064525494,0.1,0.07361108612239119,0.1,0.08,0.0,0.2,2,28.331510744827916,17.478461204144786,32.48431681438657,False,True,0.0009773024832875686,2.2627368656031807e-05
100,headroom_after_load,22.3,0.08282470457091574,0.024228965650382947,0.1,0.07361108612239119,0.1,0.08,0.0,0.2,2,28.331190145814535,17.478099361766496,32.48396989334346,False,True,0.0009904764210581188,-0.00010773086455732601
100,headroom_after_load,22.35,0.08231653940396635,0.027454154130230002,0.1,0.07361108612239119,0.1,0.08,0.0,0.2,2,28.33081106726899,17.477689353490955,32.483576792625676,False,True,0.0010035162641763345,-0.00019702457384703469
100,headroom_after_load,22.400000000000002,0.08175044276360509,0.03151399689500647,0.1,0.07361108612239119,0.1,0.08,0.0,0.2,2,28.33037350919128,17.477218714349753,32.48312556128411,False,True,0.00101642024725619,-0.0003208171369451328
100,headroom_after_load,22.450000000000003,0.0811282345579646,0.035925171392343754,0.1,0.07361108612239119,0.1,0.08,0.0,0.2,2,28.329877471581405,17.47668219745321,32.48261116879568,False,True,0.001029186623304941,-0.00038068941650746955
100,headroom_after_load,22.5,0.08045170334087692,0.04013696544257663,0.1,0.07361108612239119,0.1,0.08,0.0,0.2,2,28.329322954439366,17.47608278040658,32.48203646997777,False,True,0.0010418136639596255,-0.0007822705199129238
100,headroom_after_load,22.55,0.07972258931545537,0.04422711748454008,0.1,0.07361108612239119,0.1,0.08,0.0,0.2,2,28.328709957765167,17.475422279846775,32.481403206554454,False,True,0.0010542996597210667,-0.0009389855287647855
100,headroom_after_load,22.6,0.07894256796791486,0.04820390121456856,0.1,0.07361108612239119,0.1,0.08,0.0,0.2,2,28.328038481558803,17.474702388848947,32.48071300178334,False,True,0.0010666429201853112,-0.0011795137199915738
100,headroom_after_load,22.650000000000002,0.07811323451766869,0.051655639059805705,0.1,0.07361108612239119,0.1,0.08,0.0,0.2,2,28.327308525820275,17.473930948600145,32.47997337350356,False,True,0.001078841774272475,-0.0009397971067028812
100,headroom_after_load,22.700000000000003,0.07723609083669564,0.05596868548917058,0.1,0.07361108612239119,0.1,0.08,0.0,0.2,2,28.326520090549582,17.473095096068946,32.47917198911798,False,True,0.0010908945704529878,-0.0004256384344018177
100,headroom_after_load,22.75,0.07631254820937557,0.05978118264758375,0.1,0.07361108612239119,0.1,0.08,0.0,0.2,2,28.325673175746726,17.47220230660288,32.47831601571237,False,True,0.0011027996769711818,-0.0005178448211312901
100,headroom_after_load,22.8,0.07534397222186782,0.0639481021363629,0.1,0.07361108612239119,0.1,0.08,0.0,0.2,2,28.324767781411705,17.4712472871564,32.477400378511106,False,True,0.0011145554820662085,-0.0009620687305867797
100,headroom_after_load,22.85,0.07433174982862463,0.06803136529389799,0.1,0.07361108612239119,0.1,0.08,0.0,0.2,2,28.32380390754452,17.47023128707734,32.476426275342526,False,True,0.0011261603941902368,-0.00040295331176528595
100,headroom_after_load,22.900000000000002,0.07327733813149864,0.07086079764180188,0.1,0.07361108612239119,0.1,0.08,0.0,0.2,2,28.322788115747702,17.469173031437528,32.47541165911054,False,True,0.0011376128422239328,-0.0005403513705663874
100,headroom_after_load,22.950000000000003,0.07218788363726415,0.07286677461237347,0.1,0.07361108612239119,0.1,0.08,0.0,0.2,2,28.321736777359167,17.468084817957653,32.47436832041334,False,True,0.0011489112756891552,-0.0004001949594166327
100,headroom_after_load,23.0,0.07107894536591094,0.07342553197155512,0.1,0.07361108612239119,0.1,0.08,0.0,0.2,2,28.320666351668294,17.466988259833823,32.47331698118121,False,True,0.0011600541649588755,0.00020744103785199145
100,headroom_after_load,23.05,0.06996609753065795,0.07382451665618611,0.1,0.07361108612239119,0.1,0.08,0.0,0.2,2,28.31958802761597,17.465885743157358,32.47225992910996,False,True,0.0011710400014642566,-0.0002619683658953358
100,headroom_after_load,23.1,0.0688602858210308,0.07405343595413286,0.1,0.07361108612239119,0.1,0.08,0.0,0.2,2,28.318509473647463,17.46477980773391,32.47119959927098,False,True,0.0011818672978988894,-0.0004470211797461273
100,headroom_after_load,23.150000000000002,0.06776928490424741,0.07325162531486891,0.1,0.07361108612239119,0.1,0.08,0.0,0.2,2,28.317435990246995,17.463685846782372,32.47015075011126,False,True,0.0011925345884201582,-0.000630471805888897
100,headroom_after_load,23.200000000000003,0.06669865462639654,0.07251163746045164,0.1,0.07361108612239119,0.1,0.08,0.0,0.2,2,28.316371243932736,17.462602937023405,32.46911249642483,False,True,0.0012030404288476812,-9.272124390533347e-05
100,headroom_after_load,23.25,0.06565234568233291,0.07163073661864552,0.1,0.07361108612239119,0.1,0.08,0.0,0.2,2,28.315317736051455,17.461533182892303,32.46808685586614,False,True,0.0012133833968588352,0.0006118161144646052
100,headroom_after_load,23.3,0.06463308469305502,0.0711058235089249,0.1,0.07361108612239119,0.1,0.08,0.0,0.2,2,28.314277126549335,17.46047126796535,32.46706873124545,False,True,0.0012235620921813213,0.0005047939597107313
100,headroom_after_load,23.35,0.0636426406934178,0.06999116087749889,0.1,0.07361108612239119,0.1,0.08,0.0,0.2,2,28.31325046882393,17.459425999732414,32.466066566857165,False,True,0.0012335751367827262,0.000697829475696989
100,headroom_after_load,23.400000000000002,0.0626820204003348,0.068864533977241,0.1,0.07361108612239119,0.1,0.08,0.0,0.2,2,28.312238379415547,17.458397556871343,32.46508053401099,False,True,0.001243421175057094,0.0006808234040290951
100,headroom_after_load,23.450000000000003,0.06175161208733041,0.0676884432749357,0.1,0.07361108612239119,0.1,0.08,0.0,0.2,2,28.31124116045248,17.457386678088863,32.4641113409515,False,True,0.0012530988740084542,0.0005965406875701907
100,headroom_after_load,23.5,0.060851292990101086,0.06658878212779659,0.1,0.07361108612239119,0.1,0.08,0.0,0.2,2,28.310258888184762,17.456392221963895,32.46315789332653,False,True,0.0012626069234312842,0.0008050517068057378
100,headroom_after_load,23.55,0.05998051130963976,0.06532941184570745,0.1,0.07361108612239119,0.1,0.08,0.0,0.2,2,28.309291477322596,17.45541657363884,32.4622224779221,False,True,0.0012719440360878934,0.0009424734875069205
100,headroom_after_load,23.6,0.059138350816707014,0.06486884434127353,0.1,0.07361108612239119,0.1,0.08,0.0,0.2,2,28.30833872811942,17.454447803562058,32.46129365712683,False,True,0.0012811089478826918,0.0013028838016180678
100,headroom_after_load,23.650000000000002,0.058323583700866106,0.06364973317486926,0.1,0.07361108612239119,0.1,0.08,0.0,0.2,2,28.307400361125083,17.453497240043916,32.46038229210428,False,True,0.0012901004180333286,0.0022615389367359974
100,headroom_after_load,23.700000000000003,0.05753593356228537,0.0624080879487062,0.1,0.07361108612239119,0.1,0.08,0.0,0.2,2,28.30647604310674,17.452565219614574,32.45948870550708,False,True,0.001298917229238679,0.0019501727114374855
100,headroom_after_load,23.75,0.05678049701910229,0.06178805188153121,0.1,0.07361108612239119,0.1,0.08,0.0,0.2,2,28.305565406620097,17.45164245898313,32.45860399686043,False,True,0.0013075581878436392,0.0016883920014830354
100,headroom_after_load,23.8,0.056062367351500844,0.0610516419661668,0.1,0.07361108612239119,0.1,0.08,0.0,0.2,2,28.30466806499029,17.450730696110277,32.457729832456565,False,True,0.0013160221240007344,0.0018506285181201694
100,headroom_after_load,23.85,0.055380951590698835,0.059904536850682144,0.1,0.07361108612239119,0.1,0.08,0.0,0.2,2,28.303783623946355,17.44983606443688,32.45687209281093,False,True,0.0013243078918284976,0.001379222471358494
100,headroom_after_load,23.900000000000002,0.05473375677718187,0.059338455937961686,0.1,0.07361108612239119,0.1,0.08,0.0,0.2,2,28.30291168781847,17.448949886779502,32.45602245856211,False,True,0.0013324143695665983,0.0018631265880852121
100,headroom_after_load,23.950000000000003,0.054118131736514606,0.05854991039761245,0.1,0.07361108612239119,0.1,0.08,0.0,0.2,2,28.302051848259087,17.448075485489216,32.45518411505699,False,True,0.001340340459727714,0.0016584470233751356
100,headroom_after_load,24.0,-0.07646867221844768,0.05747317631801585,0.1,0.07361108612239119,0.1,0.08,0.0,0.2,2,28.301203663639647,17.447217164456987,32.4543611887065,False,True,0.0013480850892461159,0.001988450296109408
100,headroom_after_load,24.05,-0.07702945659420875,0.056957985597054096,0.1,0.07361108612239119,0.1,0.08,0.0,0.2,2,28.300366659178582,17.446366537431942,32.453545639084545,False,True,0.0013556472096229394,0.001618676193826885
100,headroom_after_load,24.1,-0.07756703700582762,0.05613528725358764,0.1,0.07361108612239119,0.1,0.08,0.0,0.2,2,28.299540345511634,17.445528196821822,32.452741869221235,False,True,0.0013630257970681356,0.0017892574498109123
100,headroom_after_load,24.150000000000002,-0.07808419839999484,0.05566142991849655,0.1,0.07361108612239119,0.1,0.08,0.0,0.2,2,28.298724236087192,17.44469693293415,32.45194488425677,False,True,0.0013702198526390774,0.0023026174053189367
100,headroom_after_load,24.200000000000003,-0.0785836519603204,0.051729475190384865,0.1,0.07361108612239119,0.1,0.08,0.0,0.2,2,28.297942348162444,17.443924389995225,32.451204198758624,False,True,0.0013772284023757997,0.0023251736147461414
100,headroom_after_load,24.25,-0.07904711237225424,0.047663953972741924,0.1,0.07361108612239119,0.1,0.08,0.0,0.2,2,28.29721893976986,17.44321256272562,32.45052172519086,False,True,0.0013840504974328577,0.0018250096185132433
100,headroom_after_load,24.3,-0.07945607127469796,0.04328213250946329,0.1,0.07361108612239119,0.1,0.08,0.0,0.2,2,28.29655401090944,17.442566174844654,32.44990199248024,False,True,0.0013906852142077856,0.002036179263396774
100,headroom_after_load,24.35,-0.07981267053313706,0.039764383981083395,0.1,0.07361108612239119,0.1,0.08,0.0,0.2,2,28.295947561581183,17.44197232203729,32.44933262844844,False,True,0.0013971316544661373,0.0022052104440478683
100,headroom_after_load,24.400000000000002,-0.08011888976420539,0.035449565118208584,0.1,0.07361108612239119,0.1,0.08,0.0,0.2,2,28.295399591785092,17.44144290798236,32.448825045900925,False,True,0.001403388945463094,0.002187618225270646
100,headroom_after_load,24.450000000000003,-0.08037652827343583,0.03156222099558587,0.1,0.07361108612239119,0.1,0.08,0.0,0.2,2,28.294910101521165,17.440971548648495,32.44837312406536,False,True,0.0014094562400616178,0.002865754230502273
100,headroom_after_load,24.5,-0.08058718915281031,0.02758435171462902,0.1,0.07361108612239119,0.1,0.08,0.0,0.2,2,28.2944790907894,17.440559595964583,32.44797815912099,False,True,0.0014153327168471414,0.0024603353227020844
100,headroom_after_load,24.55,-0.08075226571072006,0.023469213136400612,0.1,0.07361108612239119,0.1,0.08,0.0,0.2,2,28.2941065595898,17.44020909995,32.44764211655031,False,True,0.0014210175802387781,0.002287604387797961
100,headroom_after_load,24.6,-0.08087293037906336,0.019832725319278707,0.1,0.07361108612239119,0.1,0.08,0.0,0.2,2,28.293792507922362,17.43991291229589,32.447358142820086,False,True,0.0014265100605970243,0.002076369245826025
100,headroom_after_load,24.650000000000002,-0.0809501262127957,0.01560313157142239,0.1,0.07361108612239119,0.1,0.08,0.0,0.2,2,28.29353693578709,17.4396798906177,32.44713473028327,False,True,0.0014318094143279596,0.0026357597009317555
100,headroom_after_load,24.700000000000003,-0.08098456106665826,0.011377100973347175,0.1,0.07361108612239119,0.1,0.08,0.0,0.2,2,28.29333984318398,17.43950998170233,32.446971827921104,False,True,0.0014369149239839198,0.0026730213485716514
100,headroom_after_load,24.75,-0.08097670450240248,0.007400325840535701,0.1,0.07361108612239119,0.1,0.08,0.0,0.2,2,28.293201230113034,17.439399463096585,32.44686586678364,False,True,0.0014418258983606232,0.003389343559246559
100,headroom_after_load,24.8,-0.08092678744796952,0.0032803825938503787,0.1,0.07361108612239119,0.1,0.08,0.0,0.2,2,28.293121096574254,17.43935047291448,32.44681889681523,False,True,0.0014465416725907515,0.002985752284896036
100,headroom_after_load,24.85,-0.08083480459814499,-0.0007350685993760633,0.1,0.07361108612239119,0.1,0.08,0.0,0.2,2,28.293099442567634,17.439359967550555,32.44682879982275,False,True,0.0014510616082339628,0.0026275644722223387
100,headroom_after_load,24.900000000000002,-0.08070051951455985,-0.004417524081837857,0.1,0.07361108612239119,0.1,0.08,0.0,0.2,2,28.29313267760444,17.439417027236612,32.44688831368885,False,True,0.0014553850933633234,0.0027616468088343805
100,headroom_after_load,24.950000000000003,-0.0805234723519143,-0.008103212379902795,0.1,0.07361108612239119,0.1,0.08,0.0,0.2,2,28.29321869041902,17.43952169372985,32.44699748196675,False,True,0.0014595115426481553,0.00297331140760959
100,headroom_after_load,25.0,-0.08030299010731518,-0.012408406722243111,0.1,0.07361108612239119,0.1,0.08,0.0,0.2,2,28.29335748101138,17.439681968983347,32.447164650779534,False,True,0.0014634403974332789,0.0030789430814396994
100,headroom_after_load,25.05,-0.08003819926098327,-0.016251812421177455,0.1,0.07361108612239119,0.1,0.08,0.0,0.2,2,28.293549049381518,17.43989188822712,32.44738359880799,False,True,0.0014671711258146482,0.003127793378917962
100,headroom_after_load,25.1,-0.07972804064962641,-0.020834808349582887,0.1,0.07361108612239119,0.1,0.08,0.0,0.2,2,28.293793395529434,17.440161004501636,32.44766428997603,False,True,0.00147070322271136,0.002810110342068044
100,headroom_after_load,25.150000000000002,-0.0793712863887919,-0.02484760135498359,0.1,0.07361108612239119,0.1,0.08,0.0,0.2,2,28.29409051945513,17.440481952685804,32.447999042383174,False,True,0.0014740362099340347,0.003622283405415877
100,headroom_after_load,25.200000000000003,-0.07896655863778546,-0.028236902816986147,0.1,0.07361108612239119,0.1,0.08,0.0,0.2,2,28.2944404211586,17.44084667934719,32.44837945621279,False,True,0.0014771696362495547,0.0027561525431837154
100,headroom_after_load,25.25,-0.07851234998052428,-0.03227524832328511,0.1,0.07361108612239119,0.1,0.08,0.0,0.2,2,28.29484310063985,17.441263567971365,32.44881427553048,False,True,0.0014801030774421557,0.0031902979656653293
100,headroom_after_load,25.3,-0.07800704517820055,-0.036638148090228556,0.1,0.07361108612239119,0.1,0.08,0.0,0.2,2,28.295298557898874,17.44173681071753,32.44930787280336,False,True,0.0014828361363708575,0.003390599924988212
100,headroom_after_load,25.35,-0.077448944035055,-0.04063207442331257,0.1,0.07361108612239119,0.1,0.08,0.0,0.2,2,28.29580679293568,17.44226164167883,32.44985527713934,False,True,0.0014853684430232302,0.0028695573296862852
100,headroom_after_load,25.400000000000002,-0.0768362851070529,-0.04473572794390298,0.1,0.07361108612239119,0.1,0.08,0.0,0.2,2,28.29636780575026,17.44283947816477,32.45045796680748,False,True,0.0014876996545654896,0.0032660384993020066
100,headroom_after_load,25.450000000000003,-0.07616726997493255,-0.04876914586067432,0.1,0.07361108612239119,0.1,0.08,0.0,0.2,2,28.296981596342622,17.44346941296547,32.4511149955781,False,True,0.0014898294553889093,0.003286817542364109
100,headroom_after_load,25.5,-0.07544008779803972,-0.0523826184068559,0.1,0.07361108612239119,0.1,0.08,0.0,0.2,2,28.29764816471276,17.44414602178656,32.45182070585386,False,True,0.0014917575571525507,0.0029148027345045594
100,headroom_after_load,25.55,-0.07465293986361039,-0.05592464500410327,0.1,0.07361108612239119,0.1,0.08,0.0,0.2,2,28.298367510860675,17.444868381784527,32.452574135099056,False,True,0.0014934836988222994,0.003253140704845219
100,headroom_after_load,25.6,-0.07380406384772235,-0.06057354540777124,0.1,0.07361108612239119,0.1,0.08,0.0,0.2,2,28.299139634786368,17.445650790079377,32.453390195363575,False,True,0.0014950076467062044,0.002756084699254595
100,headroom_after_load,25.650000000000002,-0.0728917575089682,-0.06464046541784145,0.1,0.07361108612239119,0.1,0.08,0.0,0.2,2,28.29996453648984,17.446485729424356,32.45426104607823,False,True,0.0014963291944861171,0.003770692537241412
100,headroom_after_load,25.700000000000003,-0.07191440154393448,-0.068098849413373,0.1,0.07361108612239119,0.1,0.08,0.0,0.2,2,28.30083984365803,17.447365339562612,32.455178488910605,False,True,0.0014974481632456223,0.0032332559767284026
100,headroom_after_load,25.75,-0.07087272130884946,-0.07045101576038396,0.1,0.07361108612239119,0.1,0.08,0.0,0.2,2,28.301753447455987,17.448275331849516,32.45612762065071,False,True,0.0014983644014942624,0.003595164102480541
100,headroom_after_load,25.8,-0.06977674835865778,-0.07149148798022074,0.1,0.07361108612239119,0.1,0.08,0.0,0.2,2,28.3026889846026,17.44919876356926,32.457090769863775,False,True,0.001499077785188045,0.0034351722982890118
100,headroom_after_load,25.85,-0.06864061745782335,-0.07220415028805627,0.1,0.07361108612239119,0.1,0.08,0.0,0.2,2,28.303635271011196,17.450131400510482,32.45806352022182,False,True,0.0014995882177462373,0.0041335465933426685
100,headroom_after_load,25.900000000000002,-0.06747366858037353,-0.07221102233679703,0.1,0.07361108612239119,0.1,0.08,0.0,0.2,2,28.304584568087066,17.451064126215666,32.45903636316164,False,True,0.001499895630064442,0.0038863782114789388
100,headroom_after_load,25.950000000000003,-0.06628214134052166,-0.07151660747701076,0.1,0.07361108612239119,0.1,0.08,0.0,0.2,2,28.30553143226429,17.451987882395578,32.45999985079015,False,True,0.0014999999805239519,0.0030843111076323086
100,headroom_after_load,26.0,-0.004300116949106433,-0.07050541333776629,0.1,0.07361108612239119,0.1,0.08,0.0,0.2,2,28.306471973651384,17.452898577317857,32.460949715386505,False,True,0.0014999012549973853,0.003074183607482502
100,headroom_after_load,26.05,-0.0030709843128596415,-0.07069265953293578,0.1,0.07361108612239119,0.1,0.08,0.0,0.2,2,28.307403391283348,17.453811690836822,32.461902102605215,False,True,0.0014995994668505982,0.002708934494389327
100,headroom_after_load,26.1,-0.001826789446753828,-0.06941785058565922,0.1,0.07361108612239119,0.1,0.08,0.0,0.2,2,28.308323661768863,17.454708338073555,32.462837315314495,False,True,0.0014990946569408748,0.0030799994501465636
100,headroom_after_load,26.150000000000002,-0.0005722038543956995,-0.0683344736549406,0.1,0.07361108612239119,0.1,0.08,0.0,0.2,2,28.309231314359728,17.455590991691597,32.46375793252901,False,True,0.001498386893611396,0.0032334044652655406
100,headroom_after_load,26.200000000000003,0.0006800316693009118,-0.06411676361625625,0.1,0.07361108612239119,0.1,0.08,0.0,0.2,2,28.310105958749844,17.456419166554973,32.46462172781662,False,True,0.001497476272681987,0.002501432832233424
100,headroom_after_load,26.25,0.0019075918814191227,-0.06046294860389748,0.1,0.07361108612239119,0.1,0.08,0.0,0.2,2,28.31092782536218,17.457200146307773,32.46543629809642,False,True,0.001496362917436145,0.0026287820810870456
100,headroom_after_load,26.3,0.0030912817854016426,-0.055990013096233054,0.1,0.07361108612239119,0.1,0.08,0.0,0.2,2,28.311696914196745,17.4579233506436,32.46619060799508,False,True,0.0014950469786043483,0.0017323430590332036
100,headroom_after_load,26.35,0.00423042390997972,-0.052260375836131516,0.1,0.07361108612239119,0.1,0.08,0.0,0.2,2,28.31241322525353,17.45859838049815,32.46689467139176,False,True,0.0014935286343436495,0.0015349572787266787
100,headroom_after_load,26.400000000000002,0.0053240951045376425,-0.048581327600619374,0.1,0.07361108612239119,0.1,0.08,0.0,0.2,2,28.313076758532535,17.45922588931299,32.46754916983305,False,True,0.001491808090213557,0.0021090978440801602
100,headroom_after_load,26.450000000000003,0.006371142516793045,-0.04425575071333129,0.1,0.07361108612239119,0.1,0.08,0.0,0.2,2,28.313687514033763,17.459797526093038,32.46814539314127,False,True,0.0014898855791482038,0.0018245050189093267
100,headroom_after_load,26.5,0.00737020212142333,-0.04051020261734996,0.1,0.07361108612239119,0.1,0.08,0.0,0.2,2,28.314245491757212,17.460320782876845,32.4686911555932,False,True,0.001487761361424814,0.0010213606736879286
100,headroom_after_load,26.55,0.008319719572011337,-0.03609808118853234,0.1,0.07361108612239119,0.1,0.08,0.0,0.2,2,28.314750691702884,17.460787049758864,32.46917747696477,False,True,0.001485435724628464,0.0013481265512190362
100,headroom_after_load,26.6,0.009217973123016324,-0.032478324002895374,0.1,0.07361108612239119,0.1,0.08,0.0,0.2,2,28.31520311387078,17.461206561443902,32.46961503216314,False,True,0.0014829089836131473,0.00125403805812005
100,headroom_after_load,26.650000000000002,0.010063098345873937,-0.02821501856613197,0.1,0.07361108612239119,0.1,0.08,0.0,0.2,2,28.315602758260898,17.461571005433715,32.46999515116327,False,True,0.0014801814804591517,0.001411667611419329
100,headroom_after_load,26.700000000000003,0.0108531143440364,-0.024001929945498143,0.1,0.07361108612239119,0.1,0.08,0.0,0.2,2,28.315949624873237,17.46188103036218,32.47031851049726,False,True,0.001477253584426743,0.001086828193626938
100,headroom_after_load,26.75,0.011585951155987224,-0.020502196755800693,0.1,0.07361108612239119,0.1,0.08,0.0,0.2,2,28.3162437137078,17.46214585040361,32.470594720647995,False,True,0.0014741256919061768,0.0005092912985270561
100,headroom_after_load,26.8,0.012259478023167167,-0.015950053545578435,0.1,0.07361108612239119,0.1,0.08,0.0,0.2,2,28.31648502476458,17.462351871928572,32.47080960331382,False,True,0.0014707982263640284,0.00025610760324158244
100,headroom_after_load,26.85,0.012871532191450714,-0.01234024386441781,0.1,0.07361108612239119,0.1,0.08,0.0,0.2,2,28.316673558043586,17.462511266745153,32.470975853821436,False,True,0.0014672716382858695,0.0006393820173824349
100,headroom_after_load,26.900000000000002,0.013419947910390573,-0.008204709716644675,0.1,0.07361108612239119,0.1,0.08,0.0,0.2,2,28.316809313544816,17.46261724424566,32.471086389494005,False,True,0.0014635464051152732,0.00037165280954145594
100,headroom_after_load,26.950000000000003,0.01390258529393229,-0.004208547072320289,0.1,0.07361108612239119,0.1,0.08,0.0,0.2,2,28.316892291268267,17.462671604645344,32.4711430879754,False,True,0.0014596230311891792,9.640111435986254e-05
100,headroom_after_load,27.0,0.01431735870967786,-0.00036437263191607596,0.1,0.07361108612239119,0.1,0.08,0.0,0.2,2,28.31692249121394,17.462676311125172,32.47114799688447,False,True,0.0014555020476696137,-0.0002464919035577334
100,headroom_after_load,27.05,0.014662264370985872,0.0036347488577999063,0.1,0.07361108612239119,0.1,0.08,0.0,0.2,2,28.31689747422546,17.462622028734824,32.47109595294321,False,True,0.0014511840124717778,-0.0006092750145700715
100,headroom_after_load,27.1,0.014935406817133262,0.007040621094500584,0.1,0.07361108612239119,0.1,0.08,0.0,0.2,2,28.316819560585177,17.46251688206376,32.47099514221734,False,True,0.0014466695101885182,-0.0005329307654519073
100,headroom_after_load,27.150000000000002,0.01513978106756566,0.009500095201631633,0.1,0.07361108612239119,0.1,0.08,0.0,0.2,2,28.316701042785017,17.462375004895275,32.470859115653745,False,True,0.0014419591520111752,-0.000232550412121234
100,headroom_after_load,27.200000000000003,0.01528420630321737,0.010787470587793177,0.1,0.07361108612239119,0.1,0.08,0.0,0.2,2,28.316553268871452,17.46221390169056,32.47070465588015,False,True,0.001437053575646847,-0.0003045355387133373
100,headroom_after_load,27.25,0.015376740217602825,0.012077681165911338,0.1,0.07361108612239119,0.1,0.08,0.0,0.2,2,28.316384139812406,17.462033530108034,32.470531722301025,False,True,0.0014319534452320473,-0.0005914556297206661
100,headroom_after_load,27.3,0.015422519223863826,0.012982266494989157,0.1,0.07361108612239119,0.1,0.08,0.0,0.2,2,28.316199268024533,17.461839649186665,32.47034583646919,False,True,0.0014266594512427925,-0.00017527866928630635
100,headroom_after_load,27.35,0.01542474462709138,0.013854784944069212,0.1,0.07361108612239119,0.1,0.08,0.0,0.2,2,28.3160027375444,17.461632737822505,32.47014745753242,False,True,0.0014211723104011244,-0.0005073704035220353
100,headroom_after_load,27.400000000000002,0.015385334719587074,0.014318847385974116,0.1,0.07361108612239119,0.1,0.08,0.0,0.2,2,28.31579758470148,17.461418896015665,32.46994243394442,False,True,0.0014154927655780803,-0.00010179177444032383
100,headroom_after_load,27.450000000000003,0.015305350648888584,0.014413585815906533,0.1,0.07361108612239119,0.1,0.08,0.0,0.2,2,28.315586106230853,17.46120363935772,32.46973605384969,False,True,0.0014096215856931103,-0.0005486857681918704
100,headroom_after_load,27.5,0.015185317225467575,0.014897512874445656,0.1,0.07361108612239119,0.1,0.08,0.0,0.2,2,28.315370073655306,17.460981155593167,32.46952274467336,False,True,0.0014035595656099907,-0.0006281948949094424
100,headroom_after_load,27.55,0.015025492983515312,0.014986707161496502,0.1,0.07361108612239119,0.1,0.08,0.0,0.2,2,28.31515088804,17.460757339775345,32.4693081583738,False,True,0.0013973075260292013,-0.00019493003128012585
100,headroom_after_load,27.6,0.0148260738638612,0.015132329095532873,0.1,0.07361108612239119,0.1,0.08,0.0,0.2,2,28.314929691003712,17.460531349197456,32.469091486995,False,True,0.001390866313376822,-0.00016709472409525805
100,headroom_after_load,27.650000000000002,0.01458733745842054,0.015210812905691401,0.1,0.07361108612239119,0.1,0.08,0.0,0.2,2,28.314707443941096,17.460304186519654,32.4688736918503,False,True,0.001384236799689938,-8.491752746606533e-05
100,headroom_after_load,27.700000000000003,0.014309743318198277,0.015608472686987257,0.1,0.07361108612239119,0.1,0.08,0.0,0.2,2,28.31448498423299,17.460071085075704,32.468650202837026,False,True,0.0013774198824985794,0.0004825981533123662
100,headroom_after_load,27.75,0.013994000691229802,0.014958964860260696,0.1,0.07361108612239119,0.1,0.08,0.0,0.2,2,28.314263064675615,17.45984768356943,32.468436013764,False,True,0.0013704164847042153,0.0009449485315126194
100,headroom_after_load,27.8,0.013641111462311624,0.014819119709434453,0.1,0.07361108612239119,0.1,0.08,0.0,0.2,2,28.31404238056805,17.459626370551067,32.468223827055674,False,True,0.0013632275544547964,-0.00013207262038298262
100,headroom_after_load,27.85,0.01325239374471823,0.014807094265796943,0.1,0.07361108612239119,0.1,0.08,0.0,0.2,2,28.313823587724112,17.45940523712416,32.468011812532964,False,True,0.001355854065016403,-0.0009264127029360171
100,headroom_after_load,27.900000000000002,0.012829490183305748,0.015073496698890227,0.1,0.07361108612239119,0.1,0.08,0.0,0.2,2,28.313607313837956,17.45918012516629,32.46779598354243,False,True,0.001348297014641472,2.3874231383740302e-05
100,headroom_after_load,27.950000000000003,0.012374364075193631,0.014297760674607833,0.1,0.07361108612239119,0.1,0.08,0.0,0.2,2,28.313394165009345,17.458966598274497,32.467591261883285,False,True,0.0013405574264336588,-4.485435586650707e-05
100,headroom_after_load,28.0,0.08111910111246491,0.014205595153702172,0.1,0.07361108612239119,0.1,0.08,0.0,0.2,2,28.313184728772356,17.458754447809238,32.46738785989082,False,True,0.0013326363482093098,-0.0004858652029867673
100,headroom_after_load,28.05,0.08060662627944651,0.014079054906770718,0.1,0.07361108612239119,0.1,0.08,0.0,0.2,2,28.312979574630912,17.458544187132613,32.46718626975756,False,True,0.0013245348523556234,-0.00044395428784131284
100,headroom_after_load,28.1,0.08006956837459271,0.013578892042170467,0.1,0.07361108612239119,0.1,0.08,0.0,0.2,2,28.312779252854533,17.45834139603282,32.46699184117735,False,True,0.0013162540356854522,0.00019756046771332028
100,headroom_after_load,28.150000000000002,0.07951096553617884,0.013521415292734476,0.1,0.07361108612239119,0.1,0.08,0.0,0.2,2,28.312584292103374,17.458139463307422,32.46679823557464,False,True,0.0013077950192888178,1.5469364817302802e-05
100,headroom_after_load,28.200000000000003,0.07893404379900651,0.01711317813186368,0.1,0.07361108612239119,0.1,0.08,0.0,0.2,2,28.312362901385267,17.457883890157305,32.4665532015235,False,True,0.0012991589483811324,-0.0004963659078067676
100,headroom_after_load,28.25,0.07831463268986967,0.02077833535375134,0.1,0.07361108612239119,0.1,0.08,0.0,0.2,2,28.312083031134996,17.457573580489537,32.466255688130694,False,True,0.0012903469921481563,-0.0008066886496340349
100,headroom_after_load,28.3,0.07762860121273983,0.02511202092011671,0.1,0.07361108612239119,0.1,0.08,0.0,0.2,2,28.31174468135256,17.457198550308533,32.46589612311179,False,True,0.0012813603435877017,0.00018887044488932866
100,headroom_after_load,28.35,0.07687936818195144,0.02919757942639287,0.1,0.07361108612239119,0.1,0.08,0.0,0.2,2,28.31134785203796,17.456762505215547,32.46547805925975,False,True,0.0012722002193481339,-0.0005255533760443088
100,headroom_after_load,28.400000000000002,0.07607039311260848,0.03334358000445757,0.1,0.07361108612239119,0.1,0.08,0.0,0.2,2,28.310892543191198,17.456264542551203,32.46500063113827,False,True,0.0012628678595636425,-0.00041274754084690647
100,headroom_after_load,28.450000000000003,0.07520513951699402,0.03706956042753839,0.1,0.07361108612239119,0.1,0.08,0.0,0.2,2,28.310378754812273,17.455710935017937,32.46446985278163,False,True,0.0012533645276863528,3.801856938674209e-06
100,headroom_after_load,28.5,0.07428703832999795,0.041397490735482434,0.1,0.07361108612239119,0.1,0.08,0.0,0.2,2,28.309806486901184,17.455092692922126,32.463877105205235,False,True,0.0012436915103152808,-0.0013824582472389527
100,headroom_after_load,28.55,0.07331945188594664,0.04526522106604464,0.1,0.07361108612239119,0.1,0.08,0.0,0.2,2,28.30917573945793,17.45441668902329,32.46322897775583,False,True,0.0012338501170221314,-0.0010046247129342034
100,headroom_after_load,28.6,0.07230563886061135,0.04907679116477432,0.1,0.07361108612239119,0.1,0.08,0.0,0.2,2,28.308486512482514,17.45368376203457,32.46252627456046,False,True,0.0012238416801740246,-0.000230588764667854
100,headroom_after_load,28.650000000000002,0.07124872724464533,0.05291282545775698,0.1,0.07361108612239119,0.1,0.08,0.0,0.2,2,28.30773880597493,17.452893546600613,32.46176864532997,False,True,0.0012136675547530977,-0.00036681636557934084
100,headroom_after_load,28.700000000000003,0.07015172232553195,0.05745524790257742,0.1,0.07361108612239119,0.1,0.08,0.0,0.2,2,28.306932619935186,17.452035493316526,32.460945975686464,False,True,0.0012033291181730707,0.00036275350612691973
100,headroom_after_load,28.75,0.06901754778429119,0.06168585147149142,0.1,0.07361108612239119,0.1,0.08,0.0,0.2,2,28.30606795436328,17.451114258975554,32.46006273039048,False,True,0.0011928277700927632,-0.00019887786697689086
100,headroom_after_load,28.8,0.06784908253057681,0.06472261067545383,0.1,0.07361108612239119,0.1,0.08,0.0,0.2,2,28.30514684991773,17.450147672794618,32.45913600343351,False,True,0.0011821649322266065,-0.00034938401101332323
100,headroom_after_load,28.85,0.06665091770986734,0.06703736290563318,0.1,0.07361108612239119,0.1,0.08,0.0,0.2,2,28.304182988946952,17.449146517434617,32.45817613283062,False,True,0.0011713420481521573,0.00018426268556308761
100,headroom_after_load,28.900000000000002,0.06543752293250496,0.0682609265120586,0.1,0.07361108612239119,0.1,0.08,0.0,0.2,2,28.303195871960657,17.448127089021952,32.457198742703014,False,True,0.0011603605831146764,-4.97675199594829e-05
100,headroom_after_load,28.950000000000003,0.06422816491061538,0.06840649589690474,0.1,0.07361108612239119,0.1,0.08,0.0,0.2,2,28.302198687561145,17.447105486634005,32.45621926824859,False,True,0.0011492220238287422,5.466600339075775e-05
100,headroom_after_load,29.0,0.0630364452608402,0.068228105402226,0.1,0.07361108612239119,0.1,0.08,0.0,0.2,2,28.30120040227357,17.446086548381285,32.45524234806815,False,True,0.0011379278782769813,0.00026144466423471964
100,headroom_after_load,29.05,0.06187203447397653,0.06772313888057305,0.1,0.07361108612239119,0.1,0.08,0.0,0.2,2,28.3002071497031,17.4450751514446,32.45427265822163,False,True,0.00112647967550591,0.00079745939730609
100,headroom_after_load,29.1,0.06074181999472926,0.06686403694796239,0.1,0.07361108612239119,0.1,0.08,0.0,0.2,2,28.29922312839724,17.444076584584565,32.453315269376446,False,True,0.0011148789654189246,0.0009786299652988716
100,headroom_after_load,29.150000000000002,0.05965064479753816,0.0658366857334249,0.1,0.07361108612239119,0.1,0.08,0.0,0.2,2,28.298251164661554,17.443093360484603,32.45237259060019,False,True,0.001103127318566477,0.00026612466121519736
100,headroom_after_load,29.200000000000003,0.05860176856181047,0.06477413520232718,0.1,0.07361108612239119,0.1,0.08,0.0,0.2,2,28.297293089885105,17.442126004821485,32.451445125892256,False,True,0.0010912263259334298,0.0006556566613588667
100,headroom_after_load,29.25,0.05759717842720244,0.06421325868625659,0.1,0.07361108612239119,0.1,0.08,0.0,0.2,2,28.296350015473383,17.441167025450426,32.45052569206227,False,True,0.001079177598723687,0.0007857608703819259
100,headroom_after_load,29.3,0.05664040828402679,0.06289325013272888,0.1,0.07361108612239119,0.1,0.08,0.0,0.2,2,28.29542253249698,17.440227759468755,32.4496251586984,False,True,0.001066982768142035,0.0015708324352839182
100,headroom_after_load,29.35,0.05574066211130214,0.06168224354112567,0.1,0.07361108612239119,0.1,0.08,0.0,0.2,2,28.294510856553664,17.439306579009656,32.44874196506236,False,True,0.001054643485173333,0.001240188839044085
100,headroom_after_load,29.400000000000002,0.054902183815311555,0.06060834756525687,0.1,0.07361108612239119,0.1,0.08,0.0,0.2,2,28.293614933182685,17.438401436423558,32.44787414794373,False,True,0.0010421614203589664,0.0012893355305839589
100,headroom_after_load,29.450000000000003,0.0541234721742382,0.059849211280079403,0.1,0.07361108612239119,0.1,0.08,0.0,0.2,2,28.29273451509962,17.437507630998226,32.447017200474086,False,True,0.0010295382635707095,0.00164105089578938
100,headroom_after_load,29.5,0.053402351299910014,0.05866353898408802,0.1,0.07361108612239119,0.1,0.08,0.0,0.2,2,28.291869213018146,17.436631532745775,32.44617722998462,False,True,0.001016775723781924,0.0022453247011667257
100,headroom_after_load,29.55,0.05273608446368587,0.057519363762149035,0.1,0.07361108612239119,0.1,0.08,0.0,0.2,2,28.291018511946298,17.4357725219369,32.44535364230189,False,True,0.0010038755288362007,0.0013840219976721361
100,headroom_after_load,29.6,0.0521214341313645,0.056627269050472585,0.1,0.07361108612239119,0.1,0.08,0.0,0.2,2,28.290181780320605,17.43492683392838,32.44454282802568,False,True,0.0009908394252134353,0.00289603384508055
100,headroom_after_load,29.650000000000002,0.051554745522049465,0.05589276665576173,0.1,0.07361108612239119,0.1,0.08,0.0,0.2,2,28.289358302180304,17.43409211519099,32.44374253067952,False,True,0.00097766917779338,0.002692439304057557
100,headroom_after_load,29.700000000000003,0.05103205486343483,0.054869152551934725,0.1,0.07361108612239119,0.1,0.08,0.0,0.2,2,28.288547314259592,17.433272683402578,32.4429568898927,False,True,0.0009643665696167193,0.0020317108892167605
100,headroom_after_load,29.75,0.05054917952847866,0.05436816337546113,0.1,0.07361108612239119,0.1,0.08,0.0,0.2,2,28.28774803372628,17.43246073353138,32.442178422490414,False,True,0.0009509334016436517,0.0022859241004195346
100,headroom_after_load,29.8,0.05010178825611772,0.05350229749365049,0.1,0.07361108612239119,0.1,0.08,0.0,0.2,2,28.286959679261106,17.431661714751606,32.44141235293867,False,True,0.0009373714925100912,0.0015672749785455929
100,headroom_after_load,29.85,0.049685466254507676,0.05273455842910504,0.1,0.07361108612239119,0.1,0.08,0.0,0.2,2,28.286181487347545,17.430874161608997,32.44065727621431,False,True,0.0009236826782814399,0.001917788598518586
100,headroom_after_load,29.900000000000002,0.04929577662429967,0.05204453780016201,0.1,0.07361108612239119,0.1,0.08,0.0,0.2,2,28.285412724901306,17.430096913433964,32.439912079510414,False,True,0.0009098688122040266,0.0023998895542284397
100,headroom_after_load,29.950000000000003,0.048928318247611076,0.05171107300455878,0.1,0.07361108612239119,0.1,0.08,0.0,0.2,2,28.284652698976153,17.4293246453186,32.439171657502904,False,True,0.0008959317644541839,0.0017776019967448617
100,headroom_after_load,30.0,-0.08142121987222961,0.051130732373923765,0.1,0.07361108612239119,0.1,0.08,0.0,0.2,2,28.28390076412989,17.42856104417801,32.438439545069144,False,True,0.0008818734218850881,0.001546424176384915
100,headroom_after_load,30.05,-0.08175700784354271,0.05075929859781581,0.1,0.07361108612239119,0.1,0.08,0.0,0.2,2,28.283156327900727,17.427802990136826,32.43771275098842,False,True,0.0008676956877712751,0.0022985622018118286
100,headroom_after_load,30.1,-0.08208302778318682,0.05009724260654728,0.1,0.07361108612239119,0.1,0.08,0.0,0.2,2,28.282418854715598,17.42705482343123,32.4369954365181,False,True,0.0008534004815510001,0.0018894908393724602
100,headroom_after_load,30.150000000000002,-0.08240303056169865,0.04998382373620178,0.1,0.07361108612239119,0.1,0.08,0.0,0.2,2,28.281687868462374,17.42630835055584,32.43627974602933,False,True,0.0008389897385663521,0.0015541850794230138
100,headroom_after_load,30.200000000000003,-0.08272049663294313,0.045709690021118826,0.1,0.07361108612239119,0.1,0.08,0.0,0.2,2,28.280989253967842,17.42562570882912,32.4356252544769,False,True,0.000824465409801251,0.0013800077730280718
100,headroom_after_load,30.25,-0.0830161725396304,0.042140817968697036,0.1,0.07361108612239119,0.1,0.08,0.0,0.2,2,28.280349119005475,17.424996365669493,32.43502186361252,False,True,0.000809829461617313,0.0013195542781178626
100,headroom_after_load,30.3,-0.08327045384312284,0.03774179386629997,0.1,0.07361108612239119,0.1,0.08,0.0,0.2,2,28.27976746357527,17.42443271880769,32.43448145992028,False,True,0.0007950838754876371,0.0018608816742452412
100,headroom_after_load,30.35,-0.08348582423136983,0.03410319081670083,0.1,0.07361108612239119,0.1,0.08,0.0,0.2,2,28.279244287677226,17.423923411895853,32.43399315535532,False,True,0.0007802306477285447,0.0013668192185028395
100,headroom_after_load,30.400000000000002,-0.0836644560103561,0.030049903547139344,0.1,0.07361108612239119,0.1,0.08,0.0,0.2,2,28.27877959131135,17.423474637948015,32.43356288754966,False,True,0.000765271789229311,0.002180089014603649
100,headroom_after_load,30.450000000000003,-0.08380819056330491,0.02584812823338544,0.1,0.07361108612239119,0.1,0.08,0.0,0.2,2,28.278373374477635,17.423088614527565,32.43319278262078,False,True,0.0007502093251799225,0.0017006724282082062
100,headroom_after_load,30.5,-0.08391852271927579,0.021955833979368983,0.1,0.07361108612239119,0.1,0.08,0.0,0.2,2,28.278025637176086,17.422760719754873,32.43287840928201,False,True,0.0007350452947968967,0.002383466971737298
100,headroom_after_load,30.55,-0.0839965891913986,0.0174084640370506,0.1,0.07361108612239119,0.1,0.08,0.0,0.2,2,28.2777363794067,17.422500736719673,32.432629147196714,False,True,0.0007197817510472155,0.002284297734280254
100,headroom_after_load,30.6,-0.0840431611970754,0.013508534826569472,0.1,0.07361108612239119,0.1,0.08,0.0,0.2,2,28.27750560116948,17.42229899635488,32.43243572602222,False,True,0.0007044207603703618,0.0024128102075506985
100,headroom_after_load,30.650000000000002,-0.08405864132352606,0.010104102538637633,0.1,0.07361108612239119,0.1,0.08,0.0,0.2,2,28.27733330246442,17.42214809876619,32.43229105101451,False,True,0.0006889644023985889,0.002078128290915491
100,headroom_after_load,30.700000000000003,-0.08404306465262341,0.0056038304089345,0.1,0.07361108612239119,0.1,0.08,0.0,0.2,2,28.277219483291525,17.42206440954264,32.43221081289296,False,True,0.0006734147696753458,0.0015994859556013245
100,headroom_after_load,30.75,-0.0839961041096328,0.0015828168457653032,0.1,0.07361108612239119,0.1,0.08,0.0,0.2,2,28.277164143650793,17.422040771298228,32.43218814942151,False,True,0.0006577739673719944,0.0020588352009657134
100,headroom_after_load,30.8,-0.08391707995180996,-0.002174708208069649,0.1,0.07361108612239119,0.1,0.08,0.0,0.2,2,28.27716697740281,17.42206886127925,32.43221744757376,False,True,0.0006420441130027889,0.001978223047727678
100,headroom_after_load,30.85,-0.08380497326537893,-0.006121746827224516,0.1,0.07361108612239119,0.1,0.08,0.0,0.2,2,28.277222588932606,17.422147933842435,32.43229992110741,False,True,0.0006262273361382246,0.0015567088267903627
100,headroom_after_load,30.900000000000002,-0.0836584432937504,-0.010145107392380292,0.1,0.07361108612239119,0.1,0.08,0.0,0.2,2,28.27733097824018,17.42227897481292,32.432436598248664,False,True,0.0006103257781166917,0.0018062779237566834
100,headroom_after_load,30.950000000000003,-0.08347584837646865,-0.014455258909680403,0.1,0.07361108612239119,0.1,0.08,0.0,0.2,2,28.27749214532553,17.422465688573837,32.43263134270897,False,True,0.0005943415917546091,0.0022908599533069214
100,headroom_after_load,31.0,-0.08325527023778297,-0.018107461683672915,0.1,0.07361108612239119,0.1,0.08,0.0,0.2,2,28.277706090188662,17.422699576620584,32.43287529045666,False,True,0.0005782769410549405,0.0016467841364213236
100,headroom_after_load,31.05,-0.08299454132637998,-0.02227937618260444,0.1,0.07361108612239119,0.1,0.08,0.0,0.2,2,28.277972812829567,17.422987351896275,32.43317544316356,False,True,0.0005621340009142354,0.0018902094156516944
100,headroom_after_load,31.1,-0.08269127487410337,-0.026164535259895212,0.1,0.07361108612239119,0.1,0.08,0.0,0.2,2,28.27829231324825,17.423325310476717,32.43352793759693,False,True,0.0005459149568281803,0.0011202688454915854
100,headroom_after_load,31.150000000000002,-0.08234289731179643,-0.030226178449948543,0.1,0.07361108612239119,0.1,0.08,0.0,0.2,2,28.278664591444713,17.423715731948363,32.43393515138993,False,True,0.0005296220045957151,0.0022781531902126874
100,headroom_after_load,31.200000000000003,-0.08194668265505353,-0.03399114719469359,0.1,0.07361108612239119,0.1,0.08,0.0,0.2,2,28.279089647418953,17.424154784266296,32.43439308767853,False,True,0.0005132573500217674,0.0019687829799087796
100,headroom_after_load,31.25,-0.08149978845192905,-0.03856703026382257,0.1,0.07361108612239119,0.1,0.08,0.0,0.2,2,28.27956748117097,17.424652941740536,32.43491267128069,False,True,0.0004968232086186089,0.002080247820008565
100,headroom_after_load,31.3,-0.08099929286874179,-0.04246388725548867,0.1,0.07361108612239119,0.1,0.08,0.0,0.2,2,28.28009809270077,17.425201433617588,32.435484754206215,False,True,0.0004803218053059105,0.002445353143699757
100,headroom_after_load,31.35,-0.08044223247918816,-0.04653383987148921,0.1,0.07361108612239119,0.1,0.08,0.0,0.2,2,28.28068148200834,17.425802495715928,32.43611166843782,False,True,0.00046375537410953436,0.0022305226393565126
100,headroom_after_load,31.400000000000002,-0.07982564031613873,-0.050384257476393676,0.1,0.07361108612239119,0.1,0.08,0.0,0.2,2,28.28131764909369,17.426453292374998,32.43679045635104,False,True,0.00044712615785908426,0.0028866320132123523
100,headroom_after_load,31.450000000000003,-0.07914658374477956,-0.05429307180566807,0.1,0.07361108612239119,0.1,0.08,0.0,0.2,2,28.28200659395682,17.42715457788582,32.437521904679535,False,True,0.0004304364078842379,0.0026649983935163523
100,headroom_after_load,31.5,-0.07840220172015605,-0.05805938175142374,0.1,0.07361108612239119,0.1,0.08,0.0,0.2,2,28.282748316597726,17.427904511566776,32.438304093572576,False,True,0.00041368838370998794,0.0024728674077320752
100,headroom_after_load,31.55,-0.07758974100160042,-0.06220875166168586,0.1,0.07361108612239119,0.1,0.08,0.0,0.2,2,28.28354281701641,17.42870804127574,32.43914218369913,False,True,0.0003968843527507105,0.0028062067381471514
100,headroom_after_load,31.6,-0.07670659091084442,-0.06616872190374362,0.1,0.07361108612239119,0.1,0.08,0.0,0.2,2,28.284390095212874,17.42956272060033,32.44003362342478,False,True,0.0003800265900032067,0.001944940471225135
100,headroom_after_load,31.650000000000002,-0.07575031623964033,-0.07022826057820339,0.1,0.07361108612239119,0.1,0.08,0.0,0.2,2,28.285290151187116,17.4304698356328,32.440979754157574,False,True,0.00036311737773870136,0.002607916888208598
100,headroom_after_load,31.700000000000003,-0.07471868793619346,-0.07285583035151245,0.1,0.07361108612239119,0.1,0.08,0.0,0.2,2,28.28623460082221,17.43141089010817,32.441961284094255,False,True,0.0003461590051938579,0.003061406793408207
100,headroom_after_load,31.75,-0.073617637505264,-0.07480298763823152,0.1,0.07361108612239119,0.1,0.08,0.0,0.2,2,28.287207271749274,17.432377095365165,32.4429690465666,False,True,0.0003291537682608652,0.0025969693031733737
100,headroom_after_load,31.8,-0.07246069685376325,-0.07547083129764011,0.1,0.07361108612239119,0.1,0.08,0.0,0.2,2,28.288195028097217,17.433351926936094,32.44398580637714,False,True,0.00031210396917658435,0.0024314993059998016
100,headroom_after_load,31.85,-0.07125877612288745,-0.07561476624483891,0.1,0.07361108612239119,0.1,0.08,0.0,0.2,2,28.28918879636111,17.434328617666758,32.445004505311275,False,True,0.0002950119162108889,0.0028056627175605587
100,headroom_after_load,31.900000000000002,-0.07001923862293595,-0.0752835714151834,0.1,0.07361108612239119,0.1,0.08,0.0,0.2,2,28.29018220102307,17.435301030464203,32.44601874231506,False,True,0.00027787992335414637,0.0025554446098612973
100,headroom_after_load,31.950000000000003,-0.06874722917475523,-0.07473536675037704,0.1,0.07361108612239119,0.1,0.08,0.0,0.2,2,28.291170673365237,17.43626636228473,32.447025593783785,False,True,0.00026071031000395663,0.0021933144593981524
100,headroom_after_load,32.0,-0.030059281029784148,-0.07374890917363539,0.1,0.07361108612239119,0.1,0.08,0.0,0.2,2,28.292150892004553,17.437218952361555,32.44801915547682,False,True,0.00024350540065111375,0.002187593949550309
100,headroom_after_load,32.050000000000004,-0.028732899781272275,-0.07327203674395479,0.1,0.07361108612239119,0.1,0.08,0.0,0.2,2,28.293120420864394,17.438165382836164,32.44900629263851,False,True,0.00022626752456494402,0.0022615371969710875
100,headroom_after_load,32.1,-0.027383348886364515,-0.07204838372327738,0.1,0.07361108612239119,0.1,0.08,0.0,0.2,2,28.294077454257085,17.43909600779259,32.44997694447478,False,True,0.0002089990154779311,0.0016372508002577787
100,headroom_after_load,32.15,-0.02601292986691552,-0.07069536561551144,0.1,0.07361108612239119,0.1,0.08,0.0,0.2,2,28.295020634260563,17.440009156265123,32.45092936815043,False,True,0.000191702211269782,0.0019129801901653573
100,headroom_after_load,32.2,-0.02462391509400874,-0.06738734921971527,0.1,0.07361108612239119,0.1,0.08,0.0,0.2,2,28.295930205673667,17.440879576192543,32.45183722549409,False,True,0.0001743794536508995,0.002464134322198448
100,headroom_after_load,32.25,-0.023243843758976316,-0.06252841954521328,0.1,0.07361108612239119,0.1,0.08,0.0,0.2,2,28.296786999308996,17.441687234945004,32.452679622257406,False,True,0.00015703308784538136,0.0015118207649168435
100,headroom_after_load,32.300000000000004,-0.02190122528555967,-0.05908182632830751,0.1,0.07361108612239119,0.1,0.08,0.0,0.2,2,28.297591015166546,17.442450375201744,32.453475585750994,False,True,0.00013966546227347465,0.001978505650870614
100,headroom_after_load,32.35,-0.02059859880226926,-0.054844024622094506,0.1,0.07361108612239119,0.1,0.08,0.0,0.2,2,28.298342253246318,17.443158777186447,32.45421445663826,False,True,0.00012227892823367707,0.0017302886824190535
100,headroom_after_load,32.4,-0.01933813483403638,-0.050726085308588076,0.1,0.07361108612239119,0.1,0.08,0.0,0.2,2,28.29904071354831,17.443813989121683,32.454897849732,False,True,0.00010487583958437959,0.0006488689512124718
100,headroom_after_load,32.45,-0.01812226985932307,-0.046600091852784256,0.1,0.07361108612239119,0.1,0.08,0.0,0.2,2,28.299686396072527,17.444415906974783,32.45552565652502,False,True,8.745855242520229e-05,0.00016342030167041072
100,headroom_after_load,32.5,-0.016953672721052304,-0.04300374703498316,0.1,0.07361108612239119,0.1,0.08,0.0,0.2,2,28.300279300818964,17.44497137204065,32.456105012561466,False,True,7.002942477802686e-05,0.00039622249333138014
100,headroom_after_load,32.550000000000004,-0.015835208548627105,-0.03894091005460821,0.1,0.07361108612239119,0.1,0.08,0.0,0.2,2,28.300819427787623,17.445474358795522,32.45662963315526,False,True,5.259081626772889e-05,0.0007139695402354595
100,headroom_after_load,32.6,-0.014769900621288601,-0.03481458823268273,0.1,0.07361108612239119,0.1,0.08,0.0,0.2,2,28.301306776978507,17.44592404722686,32.4570986630245,False,True,3.514508780276238e-05,0.00017178209468724642
100,headroom_after_load,32.65,-0.013760890624599766,-0.031195699665775387,0.1,0.07361108612239119,0.1,0.08,0.0,0.2,2,28.301741348391612,17.446326991680877,32.45751893842278,False,True,1.7694601255490562e-05,0.00010297222010825132
100,headroom_after_load,32.7,-0.012811397768040291,-0.026930613374122413,0.1,0.07361108612239119,0.1,0.08,0.0,0.2,2,28.30212314202694,17.44667484543696,32.45788175363074,False,True,2.417191424528525e-07,5.106235789396518e-05
100,headroom_after_load,32.75,-0.01192467724239906,-0.023565282742303954,0.1,0.07361108612239119,0.1,0.08,0.0,0.2,2,28.302454135445547,17.446979230339046,32.45819923035657,False,True,-1.721119569548476e-05,-0.00044336532712240667
100,headroom_after_load,32.800000000000004,-0.011102111410134993,-0.02055212919083907,0.1,0.07361108612239119,0.1,0.08,0.0,0.2,2,28.30274210062673,17.447244695341094,32.45847611320817,False,True,-3.466178041303383e-05,-0.00014810484928304187
100,headroom_after_load,32.85,-0.010339584284234198,-0.01838508586353861,0.1,0.07361108612239119,0.1,0.08,0.0,0.2,2,28.302996818737526,17.447482169366832,32.4587238011705,False,True,-5.210767248036429e-05,-0.0007338392092726064
100,headroom_after_load,32.9,-0.00963108186017814,-0.01664352060862035,0.1,0.07361108612239119,0.1,0.08,0.0,0.2,2,28.303225065241882,17.447697148174694,32.4589480263787,False,True,-6.954651000295573e-05,-0.0006051355964347583
100,headroom_after_load,32.95,-0.008973446109599319,-0.01501787839412721,0.1,0.07361108612239119,0.1,0.08,0.0,0.2,2,28.30343162603937,17.44789112910395,32.45915035057373,False,True,-8.697593204136026e-05,-0.0008029172870000918
100,headroom_after_load,33.0,-0.008365395707743771,-0.013655452286079336,0.1,0.07361108612239119,0.1,0.08,0.0,0.2,2,28.30361997085163,17.44806751202931,32.45933431986147,False,True,-0.00010439357893083573,-0.0015895643741525326
100,headroom_after_load,33.050000000000004,-0.007806865212436707,-0.012597169767683788,0.1,0.07361108612239119,0.1,0.08,0.0,0.2,2,28.303792685936912,17.448230225472145,32.45950403173195,False,True,-0.00012179709260080674,-0.0014109414781916985
100,headroom_after_load,33.1,-0.007298568439391504,-0.01126148944863287,0.1,0.07361108612239119,0.1,0.08,0.0,0.2,2,28.30395174630126,17.448375686377524,32.45965574902036,False,True,-0.00013918411689411222,-0.0010888369741033732
100,headroom_after_load,33.15,-0.006841711747496353,-0.010804312354052496,0.1,0.07361108612239119,0.1,0.08,0.0,0.2,2,28.304098699279276,17.448515242078763,32.459801307117345,False,True,-0.00015655229788597805,-0.001171829503033862
100,headroom_after_load,33.2,-0.006437790352453433,-0.009897571837276077,0.1,0.07361108612239119,0.1,0.08,0.0,0.2,2,28.304234797328803,17.448643085714995,32.459934649404595,False,True,-0.00017389928420273018,-0.0012572016650861184
100,headroom_after_load,33.25,-0.006088430960420343,-0.00920006279315704,0.1,0.07361108612239119,0.1,0.08,0.0,0.2,2,28.30436109336153,17.448761919859407,32.460058594695,False,True,-0.00019122272734009303,-0.0017224599028285122
100,headroom_after_load,33.300000000000004,-0.005795255481195263,-0.008525452919898181,0.1,0.07361108612239119,0.1,0.08,0.0,0.2,2,28.304478508684202,17.448872040292954,32.46017345149128,False,True,-0.0002085202819811818,-0.0015887564586982992
100,headroom_after_load,33.35,-0.005559735466743383,-0.007740216911463709,0.1,0.07361108612239119,0.1,0.08,0.0,0.2,2,28.304587881089542,17.44897201809473,32.46027772941356,False,True,-0.00022578960631397857,-0.0023891179903818708
100,headroom_after_load,33.4,-0.005383051106001985,-0.0074862156668635636,0.1,0.07361108612239119,0.1,0.08,0.0,0.2,2,28.304689998635222,17.449068715047094,32.46037858537463,False,True,-0.00024302836234841834,-0.0019155654112468158
100,headroom_after_load,33.45,-0.005265985286404793,-0.006892135855631416,0.1,0.07361108612239119,0.1,0.08,0.0,0.2,2,28.304785623087543,17.449157738468564,32.46047143776046,False,True,-0.0002602342162328733,-0.0020010675795947347
100,headroom_after_load,33.5,-0.0052088509377751675,-0.006279377627420275,0.1,0.07361108612239119,0.1,0.08,0.0,0.2,2,28.30487550582918,17.44923884709625,32.46055603493127,False,True,-0.0002774048385701612,-0.002062618492762794
100,headroom_after_load,33.550000000000004,-0.0052114436649887165,-0.006448384392899692,0.1,0.07361108612239119,0.1,0.08,0.0,0.2,2,28.304960398123143,17.449322138727993,32.460642908998786,False,True,-0.00029453790473287145,-0.001537856226361234
100,headroom_after_load,33.6,-0.005273014400847882,-0.006002300948690811,0.1,0.07361108612239119,0.1,0.08,0.0,0.2,2,28.305041056984034,17.44939966844858,32.46072377333101,False,True,-0.00031163109517809835,-0.001696894326989527
100,headroom_after_load,33.65,-0.005392258630880237,-0.005640415055066566,0.1,0.07361108612239119,0.1,0.08,0.0,0.2,2,28.30511824757781,17.44947252380971,32.46079976225606,False,True,-0.00032868209576148057,-0.002096134358779624
100,headroom_after_load,33.7,-0.005567319701537333,-0.005609381326174245,0.1,0.07361108612239119,0.1,0.08,0.0,0.2,2,28.30519274291443,17.449544978318507,32.46087533308781,False,True,-0.0003456885980504885,-0.002071657928030108
100,headroom_after_load,33.75,-0.00579580418819849,-0.005617749793879019,0.1,0.07361108612239119,0.1,0.08,0.0,0.2,2,28.30526532147188,17.44961754092001,32.460951016661426,False,True,-0.00036264829963693655,-0.0020634154406071865
100,headroom_after_load,33.800000000000004,-0.0060748076126074906,-0.005590298627955185,0.1,0.07361108612239119,0.1,0.08,0.0,0.2,2,28.30533676327676,17.449689748943953,32.46102633040683,False,True,-0.00037955890444871785,-0.0018610764368643114
100,headroom_after_load,33.85,-0.00640094903400025,-0.005286353541278359,0.1,0.07361108612239119,0.1,0.08,0.0,0.2,2,28.305407844872096,17.44975803101053,32.461097549336486,False,True,-0.0003964181230606327,-0.0022271946739458337
100,headroom_after_load,33.9,-0.006770413206504535,-0.005624342548799205,0.1,0.07361108612239119,0.1,0.08,0.0,0.2,2,28.305479333526897,17.44983067876845,32.461173321729156,False,True,-0.0004132236730043554,-0.0018902375322125693
100,headroom_after_load,33.95,-0.007178999112224402,-0.005665107934936147,0.1,0.07361108612239119,0.1,0.08,0.0,0.2,2,28.305551980981242,17.449903853079277,32.46124964332217,False,True,-0.0004299732790774465,-0.001898986189665553
100,headroom_after_load,34.0,0.0849905659508411,-0.005924643941906588,0.1,0.07361108612239119,0.1,0.08,0.0,0.2,2,28.305626516972126,17.449980379730192,32.46132946144194,False,True,-0.00044666467365135317,-0.0026907951761698406
100,headroom_after_load,34.050000000000004,0.08451760951740779,-0.005836707488699705,0.1,0.07361108612239119,0.1,0.08,0.0,0.2,2,28.305703642745712,17.450055770535254,32.46140809486228,False,True,-0.00046329559697844824,-0.002357656657711998
100,headroom_after_load,34.1,0.0840198910106381,-0.006121509904795086,0.1,0.07361108612239119,0.1,0.08,0.0,0.2,2,28.305784024729327,17.450134840038192,32.46149056520405,False,True,-0.00047986379749792547,-0.002192610991660036
100,headroom_after_load,34.15,0.08350257947541768,-0.006860404635951958,0.1,0.07361108612239119,0.1,0.08,0.0,0.2,2,28.30586828850938,17.450223453598074,32.46158299009984,False,True,-0.0004963670321406504,-0.001998365108229816
100,headroom_after_load,34.2,0.08297092859711153,-0.002455755103472897,0.1,0.07361108612239119,0.1,0.08,0.0,0.2,2,28.305928255225524,17.45025517376816,32.461616074578316,False,True,-0.0005128030666328361,-0.0016838197175643543
100,headroom_after_load,34.25,0.08240303612800376,0.0012736976568751845,0.1,0.07361108612239119,0.1,0.08,0.0,0.2,2,28.305935444163893,17.45023615199909,32.461597837212096,False,True,-0.0005291696757985048,-0.0017156175289991086
100,headroom_after_load,34.300000000000004,0.08177685965247353,0.00563034500921071,0.1,0.07361108612239119,0.1,0.08,0.0,0.2,2,28.305884930214408,17.450152066798832,32.461517219442776,False,True,-0.0005454646438607693,-0.0017188390644092475
100,headroom_after_load,34.35,0.08109736449287024,0.009649484732026354,0.1,0.07361108612239119,0.1,0.08,0.0,0.2,2,28.305775936732758,17.45000795860391,32.46137905385383,False,True,-0.0005616857647417889,-0.002140827876261551
100,headroom_after_load,34.4,0.08036942128936701,0.01342035605424436,0.1,0.07361108612239119,0.1,0.08,0.0,0.2,2,28.305608463718944,17.449807535126396,32.46118689526199,False,True,-0.0005778308423614636,-0.002616224031293389
100,headroom_after_load,34.45,0.07959775376569392,0.017614915708139625,0.1,0.07361108612239119,0.1,0.08,0.0,0.2,2,28.30538251117297,17.449544468882248,32.46093467711038,False,True,-0.0005938976909347237,-0.0021195220046546547
100,headroom_after_load,34.5,0.0787868884508313,0.021512618647489285,0.1,0.07361108612239119,0.1,0.08,0.0,0.2,2,28.30509807909483,17.44922319321547,32.460626649924706,False,True,-0.0006098841352674632,-0.0023046205366072632
100,headroom_after_load,34.550000000000004,0.07794110692788037,0.025413197212989996,0.1,0.07361108612239119,0.1,0.08,0.0,0.2,2,28.304755167484526,17.44884366518063,32.46026277253048,False,True,-0.0006257880110510252,-0.002124406333825675
100,headroom_after_load,34.6,0.07706440114908722,0.02967025549101535,0.1,0.07361108612239119,0.1,0.08,0.0,0.2,2,28.304353776342058,17.44840056100663,32.459837940693546,False,True,-0.0006416071651552028,-0.00230026336893737
100,headroom_after_load,34.65,0.07616043231769237,0.03310001769746284,0.1,0.07361108612239119,0.1,0.08,0.0,0.2,2,28.303893905667426,17.447906235772198,32.45936400000487,False,True,-0.0006573394559197633,-0.0019119550267704538
100,headroom_after_load,34.7,0.07523249379338617,0.037720555797572816,0.1,0.07361108612239119,0.1,0.08,0.0,0.2,2,28.30337555546063,17.447342906085854,32.45882390040868,False,True,-0.000672982753444372,-0.0012705257020339377
100,headroom_after_load,34.75,0.0742834784292078,0.04139617600794516,0.1,0.07361108612239119,0.1,0.08,0.0,0.2,2,28.302798725721672,17.446724683624566,32.45823117165713,False,True,-0.0006885349398769476,-0.001693065541726613
100,headroom_after_load,34.800000000000004,0.07331585069432542,0.04552509129947201,0.1,0.07361108612239119,0.1,0.08,0.0,0.2,2,28.30216341645055,17.446044798748527,32.45757932327083,False,True,-0.0007039939097004085,-0.002077843864575809
100,headroom_after_load,34.85,0.07233162969546954,0.04924997952712969,0.1,0.07361108612239119,0.1,0.08,0.0,0.2,2,28.301469627647265,17.44530928531473,32.45687414028791,False,True,-0.0007193575700176933,-0.0013269880904105118
100,headroom_after_load,34.9,0.07133240777411211,0.053581553982002456,0.1,0.07361108612239119,0.1,0.08,0.0,0.2,2,28.300717359311815,17.444509082895642,32.456106935906725,False,True,-0.0007346238408351293,-0.0026051171101653123
100,headroom_after_load,34.95,0.07031940746275796,0.057293370325046764,0.1,0.07361108612239119,0.1,0.08,0.0,0.2,2,28.2999066114442,17.4436534471381,32.45528658409795,False,True,-0.00074979065534403,-0.0016368582979202476
100,headroom_after_load,35.0,0.0692935423323755,0.06155079092227004,0.1,0.07361108612239119,0.1,0.08,0.0,0.2,2,28.29903738404442,17.44273422983042,32.454405272658626,False,True,-0.000764855960200487,-0.0018471575114453768
100,headroom_after_load,35.050000000000004,0.06825546283971204,0.06513508558453125,0.1,0.07361108612239119,0.1,0.08,0.0,0.2,2,28.298112414745155,17.441761483629936,32.45347263970352,False,True,-0.0007798177158033859,-0.0016901912538412852
100,headroom_after_load,35.1,0.06720792238461915,0.06693327675325092,0.1,0.07361108612239119,0.1,0.08,0.0,0.2,2,28.29714570997481,17.44076188272263,32.45251425945219,False,True,-0.0007946738965705113,-0.0014025218166602718
100,headroom_after_load,35.15,0.0661630477683523,0.0680924885853519,0.1,0.07361108612239119,0.1,0.08,0.0,0.2,2,28.2961560846327,17.43974496981066,32.45153928109329,False,True,-0.0008094224912128055,-0.0017429370483820024
100,headroom_after_load,35.2,0.06513674232376342,0.0687583172921698,0.1,0.07361108612239119,0.1,0.08,0.0,0.2,2,28.295156146905125,17.438718113220276,32.45055476910457,False,True,-0.0008240615030066419,-0.0016302863488353411
100,headroom_after_load,35.25,0.06413921172975845,0.06813025295804719,0.1,0.07361108612239119,0.1,0.08,0.0,0.2,2,28.29415436335874,17.437700636324248,32.44957925001869,False,True,-0.0008385889500641514,-0.0011598466419248186
100,headroom_after_load,35.300000000000004,0.06317671214151852,0.06802884094147506,0.1,0.07361108612239119,0.1,0.08,0.0,0.2,2,28.293156431186432,17.436684673944598,32.448605182994896,False,True,-0.0008530028656015599,-0.001146981789661846
100,headroom_after_load,35.35,0.062252720464528476,0.0677879897782225,0.1,0.07361108612239119,0.1,0.08,0.0,0.2,2,28.29216616507411,17.435672308505854,32.447634564584554,False,True,-0.0008673012982054279,-0.0007975631496237463
100,headroom_after_load,35.4,0.06136870085289399,0.06681165910556847,0.1,0.07361108612239119,0.1,0.08,0.0,0.2,2,28.29118605640349,17.43467452387166,32.44667792570847,False,True,-0.0008814823120968635,-0.0007812636794507373
100,headroom_after_load,35.45,0.06052460015806299,0.06595538762979475,0.1,0.07361108612239119,0.1,0.08,0.0,0.2,2,28.29021765073503,17.433689527043256,32.445733547305984,False,True,-0.0008955439873935954,-0.0005931433031571788
100,headroom_after_load,35.5,0.059719195622627945,0.06479055377787521,0.1,0.07361108612239119,0.1,0.08,0.0,0.2,2,28.289261822970015,17.432721926180385,32.44480584750962,False,True,-0.0009094844203698741,-0.0005004881544742061
100,headroom_after_load,35.550000000000004,0.05895036143819631,0.06407151703155042,0.1,0.07361108612239119,0.1,0.08,0.0,0.2,2,28.288318977187576,17.431765063620176,32.44388844319932,False,True,-0.0009233017237142289,-0.0002793744349331327
100,headroom_after_load,35.6,0.05821527611966305,0.06306724682891462,0.1,0.07361108612239119,0.1,0.08,0.0,0.2,2,28.287389191545778,17.430823199121537,32.44298541847382,False,True,-0.0009369940267849679,-5.816853051320351e-06
100,headroom_after_load,35.65,0.05751285045996925,0.06250041871379004,0.1,0.07361108612239119,0.1,0.08,0.0,0.2,2,28.28647232348387,17.429889799797856,32.442090509843894,False,True,-0.000950559475863435,0.000126964880599907
100,headroom_after_load,35.7,0.056846606734683745,0.06134854580392201,0.1,0.07361108612239119,0.1,0.08,0.0,0.2,2,28.285568086404147,17.428973602877246,32.441212094239596,False,True,-0.0009639962344049741,-2.315448761418509e-06
100,headroom_after_load,35.75,0.05621853923360565,0.06072050138400116,0.1,0.07361108612239119,0.1,0.08,0.0,0.2,2,28.28467610584354,17.42806678535359,32.440342671253,False,True,-0.0009773024832875684,6.133729767066753e-06
100,headroom_after_load,35.800000000000004,0.05562532354969199,0.059334528151370504,0.1,0.07361108612239119,0.1,0.08,0.0,0.2,2,28.283795960816885,17.427180666354914,32.43949309324396,False,True,-0.0009904764210581186,-0.0001181657733751906
100,headroom_after_load,35.85,0.055062319141383535,0.05917471054542923,0.1,0.07361108612239119,0.1,0.08,0.0,0.2,2,28.282927208853256,17.42629693411857,32.43864580357407,False,True,-0.0010035162641763335,-0.0002866196735961226
100,headroom_after_load,35.9,0.05452481302146711,0.058307205574625355,0.1,0.07361108612239119,0.1,0.08,0.0,0.2,2,28.282069387229367,17.425426157452282,32.437810935223915,False,True,-0.0010164202472561898,-0.00035768235726230406
100,headroom_after_load,35.95,0.054008116593449215,0.057642318302247066,0.1,0.07361108612239119,0.1,0.08,0.0,0.2,2,28.28122200627843,17.42456531040476,32.43698558702371,False,True,-0.0010291866233049418,-0.00019976621158804462
100,headroom_after_load,36.0,-0.07649237389328663,0.056804892686248935,0.1,0.07361108612239119,0.1,0.08,0.0,0.2,2,28.28038456161235,17.423716969713507,32.43617222945375,False,True,-0.0010418136639596242,-0.0001614824353469801
100,headroom_after_load,36.050000000000004,-0.07698111754091352,0.05612688255581486,0.1,0.07361108612239119,0.1,0.08,0.0,0.2,2,28.279556558436596,17.422878754621575,32.43536857993262,False,True,-0.0010542996597210682,-0.0005311456778053641
100,headroom_after_load,36.1,-0.07746236099320922,0.05559152810753458,0.1,0.07361108612239119,0.1,0.08,0.0,0.2,2,28.27873753114359,17.42204853466776,32.43457259585319,False,True,-0.0010666429201853119,-0.0004005037195534566
100,headroom_after_load,36.15,-0.07794007784935655,0.055335386172576384,0.1,0.07361108612239119,0.1,0.08,0.0,0.2,2,28.277927056492075,17.421222140011658,32.43378027932724,False,True,-0.001078841774272473,-0.0006937721389056836
100,headroom_after_load,36.2,-0.07841791745033774,0.051307217962426925,0.1,0.07361108612239119,0.1,0.08,0.0,0.2,2,28.277149998067372,17.420455903184262,32.433045639894786,False,True,-0.0010908945704529876,-0.0008445674647214857
100,headroom_after_load,36.25,-0.07887764161148603,0.047074106021007395,0.1,0.07361108612239119,0.1,0.08,0.0,0.2,2,28.276431419174834,17.41975288487451,32.4323716120308,False,True,-0.0011027996769711827,-0.00015416837652894777
100,headroom_after_load,36.300000000000004,-0.07930060908181148,0.04325141173404632,0.1,0.07361108612239119,0.1,0.08,0.0,0.2,2,28.27577131981446,17.419106955786486,32.431752319193826,False,True,-0.0011145554820662102,-0.000997891498025706
100,headroom_after_load,36.35,-0.07968930701680982,0.03909428181534538,0.1,0.07361108612239119,0.1,0.08,0.0,0.2,2,28.27516969998625,17.41852311047861,32.43119254998112,False,True,-0.0011261603941902366,-0.00045984776930130527
100,headroom_after_load,36.4,-0.08004584774965869,0.03499563528399628,0.1,0.07361108612239119,0.1,0.08,0.0,0.2,2,28.274626559690205,17.418000475543067,32.43069146700168,False,True,-0.0011376128422239315,1.812771280359501e-05
100,headroom_after_load,36.45,-0.0803719503207462,0.031124222691749172,0.1,0.07361108612239119,0.1,0.08,0.0,0.2,2,28.274141898926324,17.41753565740251,32.4302458166195,False,True,-0.0011489112756891567,-0.00037527055443642524
100,headroom_after_load,36.5,-0.08066892663194582,0.02767511149885514,0.1,0.07361108612239119,0.1,0.08,0.0,0.2,2,28.273715717694603,17.41712234928574,32.42984955213641,False,True,-0.0011600541649588753,-0.00074056267347164
100,headroom_after_load,36.550000000000004,-0.08093767236145545,0.02348008179125766,0.1,0.07361108612239119,0.1,0.08,0.0,0.2,2,28.273348015995047,17.416771690955525,32.42951335394352,False,True,-0.0011710400014642575,-3.883580655711328e-05
100,headroom_after_load,36.6,-0.08117866271924802,0.019256385569136,0.1,0.07361108612239119,0.1,0.08,0.0,0.2,2,28.273038793827656,17.41648411052588,32.429237632500666,False,True,-0.001181867297898891,0.00016494638210513298
100,headroom_after_load,36.65,-0.08139195306677814,0.015267458153331293,0.1,0.07361108612239119,0.1,0.08,0.0,0.2,2,28.27278805119243,17.41625610189157,32.429019026284266,False,True,-0.0011925345884201573,0.0004076726008303685
100,headroom_after_load,36.7,-0.08157718436821199,0.011288271592220442,0.1,0.07361108612239119,0.1,0.08,0.0,0.2,2,28.272595788089365,17.416087519579857,32.42885739582046,False,True,-0.0012030404288476812,8.042852457819816e-06
100,headroom_after_load,36.75,-0.08173359338474512,0.0071118378298600975,0.1,0.07361108612239119,0.1,0.08,0.0,0.2,2,28.272462004518466,17.415981309337475,32.428755565381884,False,True,-0.0012133833968588368,-0.00013124378249710175
100,headroom_after_load,36.800000000000004,-0.08186002746918819,0.003023166913428345,0.1,0.07361108612239119,0.1,0.08,0.0,0.2,2,28.272386700479732,17.41593616048871,32.428712278341315,False,True,-0.001223562092181322,0.00020955557320997877
100,headroom_after_load,36.85,-0.08195496376555395,-0.0010151588201005512,0.1,0.07361108612239119,0.1,0.08,0.0,0.2,2,28.27236987597316,17.4159492729568,32.42872595478653,False,True,-0.001233575136782726,0.000701190573351237
100,headroom_after_load,36.9,-0.0820165325684674,-0.004846304966669321,0.1,0.07361108612239119,0.1,0.08,0.0,0.2,2,28.272407469633755,17.416011871062622,32.428791245283996,False,True,-0.0012434211750570938,0.0004021950110713128
100,headroom_after_load,36.95,-0.08204254455040878,-0.008958295537678447,0.1,0.07361108612239119,0.1,0.08,0.0,0.2,2,28.27249784107213,17.416127582379985,32.42891193343221,False,True,-0.0012530988740084542,-0.0001306511431380855
100,headroom_after_load,37.0,-0.08203052152160928,-0.012815613895598436,0.1,0.07361108612239119,0.1,0.08,0.0,0.2,2,28.27264099028828,17.416293117392804,32.42908458823052,False,True,-0.0012626069234312842,-7.656807418768103e-05
100,headroom_after_load,37.050000000000004,-0.0819777303483361,-0.01687950337299561,0.1,0.07361108612239119,0.1,0.08,0.0,0.2,2,28.27283691728221,17.41651114431137,32.429311992650966,False,True,-0.0012719440360878932,0.00016621790081979704
100,headroom_after_load,37.1,-0.08188121962075195,-0.020638492836754122,0.1,0.07361108612239119,0.1,0.08,0.0,0.2,2,28.273085622053916,17.416777724843847,32.429590039012794,False,True,-0.0012811089478826912,0.000272895866996659
100,headroom_after_load,37.15,-0.08173785863189505,-0.025074077444712153,0.1,0.07361108612239119,0.1,0.08,0.0,0.2,2,28.2733871046034,17.417101598344175,32.42992784255615,False,True,-0.0012901004180333284,0.0005135842580245096
100,headroom_after_load,37.2,-0.08154437820491169,-0.028652583256090033,0.1,0.07361108612239119,0.1,0.08,0.0,0.2,2,28.273741364930665,17.417471694211233,32.43031385652501,False,True,-0.0012989172292386783,-0.00018139526191024132
100,headroom_after_load,37.25,-0.08129741288674285,-0.03316639171978173,0.1,0.07361108612239119,0.1,0.08,0.0,0.2,2,28.274148403035706,17.417900093437613,32.43076068152457,False,True,-0.0013075581878436385,0.00038798506940917695
100,headroom_after_load,37.300000000000004,-0.08099354401320584,-0.03695885631375849,0.1,0.07361108612239119,0.1,0.08,0.0,0.2,2,28.274608218918523,17.418377478664997,32.431258599449905,False,True,-0.0013160221240007355,0.0004322541911787912
100,headroom_after_load,37.35,-0.08062934314294773,-0.04050897238708286,0.1,0.07361108612239119,0.1,0.08,0.0,0.2,2,28.275120812579118,17.41890071955833,32.4318043453279,False,True,-0.001324307891828497,0.0003045687367278556
100,headroom_after_load,37.4,-0.08020141535613345,-0.044730254430444524,0.1,0.07361108612239119,0.1,0.08,0.0,0.2,2,28.27568618401749,17.419478485344722,32.432406961255644,False,True,-0.001332414369566597,0.0001892457388810559
100,headroom_after_load,37.45,-0.07970644191795599,-0.04858196140659256,0.1,0.07361108612239119,0.1,0.08,0.0,0.2,2,28.276304333233643,17.420106002346223,32.43306146823571,False,True,-0.0013403404597277144,0.0008765411145182419
100,headroom_after_load,37.5,-0.07914122181704014,-0.05269400372104538,0.1,0.07361108612239119,0.1,0.08,0.0,0.2,2,28.276975260227573,17.42078663322762,32.433771373563616,False,True,-0.0013480850892461152,0.0005459731473984148
100,headroom_after_load,37.550000000000004,-0.07850271170440792,-0.05699136258082793,0.1,0.07361108612239119,0.1,0.08,0.0,0.2,2,28.27769896499928,17.421522771660957,32.434539173865055,False,True,-0.0013556472096229394,0.0005969566027531533
100,headroom_after_load,37.6,-0.07778806377967343,-0.06082309016991691,0.1,0.07361108612239119,0.1,0.08,0.0,0.2,2,28.278475447548768,17.42230840324232,32.43535859605207,False,True,-0.0013630257970681354,0.0006148972653026491
100,headroom_after_load,37.65,-0.07699466119726689,-0.06514020337075539,0.1,0.07361108612239119,0.1,0.08,0.0,0.2,2,28.27930470787603,17.423149797535856,32.43623617934748,False,True,-0.0013702198526390774,0.0007928934299369411
100,headroom_after_load,37.7,-0.07612015059642141,-0.06888106350329268,0.1,0.07361108612239119,0.1,0.08,0.0,0.2,2,28.28018674598107,17.424039511272774,32.4371641603419,False,True,-0.0013772284023758007,0.0011275323940476115
100,headroom_after_load,37.75,-0.07516247174132892,-0.0722361320308727,0.1,0.07361108612239119,0.1,0.08,0.0,0.2,2,28.281116401754065,17.424972561311506,32.438137341565096,False,True,-0.0013840504974328577,0.0007116411659504806
100,headroom_after_load,37.800000000000004,-0.07412476777117655,-0.07413513029678011,0.1,0.07361108612239119,0.1,0.08,0.0,0.2,2,28.28207986726178,17.42593014007784,32.43913610651493,False,True,-0.0013906852142077865,0.0013529393964438507
100,headroom_after_load,37.85,-0.07301871232809384,-0.07499500557290235,0.1,0.07361108612239119,0.1,0.08,0.0,0.2,2,28.283062556277866,17.42689882556649,32.440146455895565,False,True,-0.0013971316544661384,0.0011571350251283327
100,headroom_after_load,37.9,-0.07185708073854345,-0.07559053727845391,0.1,0.07361108612239119,0.1,0.08,0.0,0.2,2,28.284054393101563,17.42787520333967,32.44116482841168,False,True,-0.0014033889454630934,0.0010628423544591997
100,headroom_after_load,37.95,-0.07064876485869499,-0.07563738740826137,0.1,0.07361108612239119,0.1,0.08,0.0,0.2,2,28.285048299343334,17.42885218626036,32.442183832103154,False,True,-0.0014094562400616178,0.0011901661931772148
100,headroom_after_load,38.0,-0.04638441790422623,-0.07504011793964342,0.1,0.07361108612239119,0.1,0.08,0.0,0.2,2,28.286039197202516,17.429821454450416,32.44319478924762,False,True,-0.0014153327168471414,0.0008770350009525509
100,headroom_after_load,38.050000000000004,-0.0451006511860389,-0.0742951283654588,0.1,0.07361108612239119,0.1,0.08,0.0,0.2,2,28.287023375187562,17.430781099858468,32.44419570972699,False,True,-0.0014210175802387786,0.0004688097604258483
100,headroom_after_load,38.1,-0.043785771918141564,-0.0733393930938047,0.1,0.07361108612239119,0.1,0.08,0.0,0.2,2,28.287998086444752,17.431728400352597,32.44518375432839,False,True,-0.0014265100605970243,0.000489063534069874
100,headroom_after_load,38.15,-0.04244339840054328,-0.07273782162489804,0.1,0.07361108612239119,0.1,0.08,0.0,0.2,2,28.288961274860004,17.432667930548586,32.44616369442528,False,True,-0.0014318094143279591,0.0004282262923228265
100,headroom_after_load,38.2,-0.04107689408645042,-0.06811690808859225,0.1,0.07361108612239119,0.1,0.08,0.0,0.2,2,28.289891870943915,17.43354777394473,32.44708138054814,False,True,-0.0014369149239839198,0.0011455929639672317
100,headroom_after_load,38.25,-0.039707983346718094,-0.064688079827485,0.1,0.07361108612239119,0.1,0.08,0.0,0.2,2,28.290769689250048,17.43438332830917,32.4479528727347,False,True,-0.0014418258983606232,0.0004521305176153112
100,headroom_after_load,38.300000000000004,-0.03835829575350036,-0.06034417508781311,0.1,0.07361108612239119,0.1,0.08,0.0,0.2,2,28.291594729778403,17.435162773904054,32.4487658428713,False,True,-0.0014465416725907517,3.9700394098754217e-05
100,headroom_after_load,38.35,-0.037038104941684406,-0.05675462493050942,0.1,0.07361108612239119,0.1,0.08,0.0,0.2,2,28.29236699252898,17.435895854476072,32.44953045379051,False,True,-0.0014510616082339628,8.959934807615418e-05
100,headroom_after_load,38.400000000000006,-0.03575821691697453,-0.05255921002019097,0.1,0.07361108612239119,0.1,0.08,0.0,0.2,2,28.293086477501777,17.436574744272168,32.45023854314773,False,True,-0.0014553850933633232,-0.0008026086586025534
100,headroom_after_load,38.45,-0.03452228079338567,-0.04858971883687021,0.1,0.07361108612239119,0.1,0.08,0.0,0.2,2,28.2937531846968,17.437202361473812,32.45089315463761,False,True,-0.0014595115426481549,-0.0008961119499183096
100,headroom_after_load,38.5,-0.033333566930043454,-0.045255676988546795,0.1,0.07361108612239119,0.1,0.08,0.0,0.2,2,28.294371136018963,17.437786913968246,32.451502849174815,False,True,-0.0014634403974332787,-0.0009226428997673745
100,headroom_after_load,38.550000000000004,-0.032191740381032334,-0.04229464854220883,0.1,0.07361108612239119,0.1,0.08,0.0,0.2,2,28.294948905837117,17.438333219845248,32.45207265207879,False,True,-0.0014671711258146486,-0.0009488929927655498
100,headroom_after_load,38.6,-0.031092354675398302,-0.040453206380039575,0.1,0.07361108612239119,0.1,0.08,0.0,0.2,2,28.295494170219975,17.438855740427655,32.45261764666474,False,True,-0.0014707032227113596,-0.0018305994397227817
100,headroom_after_load,38.650000000000006,-0.030032016832097524,-0.03870153410464528,0.1,0.07361108612239119,0.1,0.08,0.0,0.2,2,28.296012231828975,17.439355635243174,32.45313904233254,False,True,-0.0014740362099340347,-0.0010700022098424247
100,headroom_after_load,38.7,-0.02900976630809369,-0.036354456992821894,0.1,0.07361108612239119,0.1,0.08,0.0,0.2,2,28.296506826270477,17.439825213646,32.45362881765591,False,True,-0.001477169636249555,-0.0027342846952069797
100,headroom_after_load,38.75,-0.028026278829076767,-0.03545909640194959,0.1,0.07361108612239119,0.1,0.08,0.0,0.2,2,28.29698065090265,17.440283226974525,32.454106530482434,False,True,-0.0014801030774421555,-0.0018062630923712315
100,headroom_after_load,38.800000000000004,-0.02708332650593128,-0.03408253746003276,0.1,0.07361108612239119,0.1,0.08,0.0,0.2,2,28.297435700403504,17.44072345975005,32.45456569800099,False,True,-0.0014828361363708575,-0.0018377963788192416
100,headroom_after_load,38.85,-0.02618341651862598,-0.03257882510042952,0.1,0.07361108612239119,0.1,0.08,0.0,0.2,2,28.29787348375808,17.441144269574263,32.455004607172484,False,True,-0.0014853684430232304,-0.0017043805057814258
100,headroom_after_load,38.900000000000006,-0.025329539207886137,-0.03129355290425649,0.1,0.07361108612239119,0.1,0.08,0.0,0.2,2,28.298295176582393,17.44154847796594,32.45542620087133,False,True,-0.0014876996545654898,-0.0018119433938400817
100,headroom_after_load,38.95,-0.024524975768080076,-0.030438166333002475,0.1,0.07361108612239119,0.1,0.08,0.0,0.2,2,28.29870173162008,17.44194163761441,32.4558362706122,False,True,-0.0014898294553889093,-0.0022291135270895977
100,headroom_after_load,39.0,-0.02377314501730934,-0.029057329034337314,0.1,0.07361108612239119,0.1,0.08,0.0,0.2,2,28.299093958416197,17.44231696144777,32.45622773740614,False,True,-0.0014917575571525507,-0.002328985450929162
100,headroom_after_load,39.050000000000004,-0.023077479786694714,-0.028285130825937962,0.1,0.07361108612239119,0.1,0.08,0.0,0.2,2,28.299472580460538,17.44268231105427,32.45660880097421,False,True,-0.0014934836988222996,-0.0028007020831881126
100,headroom_after_load,39.1,-0.022441320546074194,-0.027165814604960183,0.1,0.07361108612239119,0.1,0.08,0.0,0.2,2,28.29983827596218,17.44303320282625,32.456974784865416,False,True,-0.0014950076467062044,-0.0019296691735880762
100,headroom_after_load,39.150000000000006,-0.02186779861592951,-0.026379657986551414,0.1,0.07361108612239119,0.1,0.08,0.0,0.2,2,28.300191706734637,17.443373940075244,32.45733017747996,False,True,-0.0014963291944861171,-0.0020342719400831813
100,headroom_after_load,39.2,-0.02135970311769082,-0.025441949376161226,0.1,0.07361108612239119,0.1,0.08,0.0,0.2,2,28.300533538394852,17.443702565254686,32.45767293707572,False,True,-0.0014974481632456223,-0.002570240523145133
100,headroom_after_load,39.25,-0.020919361596018052,-0.02469346124076505,0.1,0.07361108612239119,0.1,0.08,0.0,0.2,2,28.30086445416269,17.44402152246238,32.458005612872995,False,True,-0.0014983644014942624,-0.0032803158642976376
100,headroom_after_load,39.300000000000004,-0.020548550456163186,-0.023833841461098196,0.1,0.07361108612239119,0.1,0.08,0.0,0.2,2,28.301185163888274,17.444329376247918,32.45832670768157,False,True,-0.001499077785188045,-0.003205192828113373
100,headroom_after_load,39.35,-0.020248431670327645,-0.02327470537223409,0.1,0.07361108612239119,0.1,0.08,0.0,0.2,2,28.301496409407193,17.444630007858976,32.4586402696845,False,True,-0.0014995882177462373,-0.0034366070746600476
100,headroom_after_load,39.400000000000006,-0.02001951047926972,-0.022337441107100883,0.1,0.07361108612239119,0.1,0.08,0.0,0.2,2,28.301798966898154,17.444918533139944,32.45894120465497,False,True,-0.001499895630064442,-0.0034207682093551324
100,headroom_after_load,39.45,-0.019861610744132938,-0.022327129415921243,0.1,0.07361108612239119,0.1,0.08,0.0,0.2,2,28.302093646687215,17.445206925228234,32.459242000704045,False,True,-0.0014999999805239519,-0.0034296710776706082
100,headroom_after_load,39.5,-0.019773865729795097,-0.021562815845521343,0.1,0.07361108612239119,0.1,0.08,0.0,0.2,2,28.302381290890224,17.445485444932906,32.45953249975085,False,True,-0.0014999012549973853,-0.003360334108927903
100,headroom_after_load,39.550000000000004,-0.019754722601677883,-0.020961447487362898,0.1,0.07361108612239119,0.1,0.08,0.0,0.2,2,28.302662769277926,17.44575619696295,32.459814897029496,False,True,-0.0014995994668505982,-0.0037156866225802557
100,headroom_after_load,39.6,-0.019801959154635215,-0.02085012711210015,0.1,0.07361108612239119,0.1,0.08,0.0,0.2,2,28.30293897372399,17.446025511104814,32.46009579457531,False,True,-0.0014990946569408748,-0.0035149090485244523
100,headroom_after_load,39.650000000000006,-0.019912711452677503,-0.020999553995064854,0.1,0.07361108612239119,0.1,0.08,0.0,0.2,2,28.303210811561094,17.446296755343916,32.460378705233296,False,True,-0.001498386893611396,-0.003399509649126568
100,headroom_after_load,39.7,-0.020083511171258762,-0.02017807304173546,0.1,0.07361108612239119,0.1,0.08,0.0,0.2,2,28.303479198134557,17.446557388787372,32.46065054871733,False,True,-0.0014974762726819872,-0.003282605554754745
100,headroom_after_load,39.75,-0.020310331506200777,-0.01979933979805572,0.1,0.07361108612239119,0.1,0.08,0.0,0.2,2,28.30374504881065,17.446813130259763,32.460917289822945,False,True,-0.001496362917436145,-0.0037699625800444066
100,headroom_after_load,39.800000000000004,-0.02058864055508542,-0.019876356118730624,0.1,0.07361108612239119,0.1,0.08,0.0,0.2,2,28.30400927066802,17.447069866526295,32.46118506850954,False,True,-0.0014950469786043483,-0.0032490615594165315
100,headroom_after_load,39.85,-0.02091346109840763,-0.020049985721181194,0.1,0.07361108612239119,0.1,0.08,0.0,0.2,2,28.304272754075424,17.447328845508526,32.46145518637273,False,True,-0.0014935286343436497,-0.0035171005246395787
100,headroom_after_load,39.900000000000006,-0.021279435717398515,-0.020142722024785214,0.1,0.07361108612239119,0.1,0.08,0.0,0.2,2,28.304536364336595,17.44758902233468,32.46172655360001,False,True,-0.0014918080902135567,-0.003819846093584138
100,headroom_after_load,39.95,-0.021680896189556736,-0.01989745832801654,0.1,0.07361108612239119,0.1,0.08,0.0,0.2,2,28.304800933562895,17.447846031171416,32.46199461658026,False,True,-0.001489885579148204,-0.003287622500980381
100,headroom_after_load,40.0,0.08487225330161645,-0.020231049467533162,0.1,0.07361108612239119,0.1,0.08,0.0,0.2,2,28.30506725291621,17.448107348893704,32.46226717377448,False,True,-0.0014877613614248141,-0.0034577508425749286
100,headroom_after_load,40.050000000000004,0.084417703744708,-0.020345621606433408,0.1,0.07361108612239119,0.1,0.08,0.0,0.2,2,28.305336065347518,17.44837014650612,32.46254127451001,False,True,-0.0014854357246284636,-0.00398994844763973
100,headroom_after_load,40.1,0.08394580182308331,-0.020843802068501702,0.1,0.07361108612239119,0.1,0.08,0.0,0.2,2,28.305608058940557,17.448639378949505,32.46282208684343,False,True,-0.0014829089836131475,-0.0026335006033744016
100,headroom_after_load,40.150000000000006,0.0834627162436763,-0.021002506776433262,0.1,0.07361108612239119,0.1,0.08,0.0,0.2,2,28.30588386095469,17.4489106613287,32.46310503728195,False,True,-0.0014801814804591517,-0.002417018636475437
100,headroom_after_load,40.2,0.08297455198363779,-0.01715684781292127,0.1,0.07361108612239119,0.1,0.08,0.0,0.2,2,28.306135327153164,17.44913227061295,32.46333617814832,False,True,-0.001477253584426743,-0.002789239568928844
100,headroom_after_load,40.25,0.08246015259640874,-0.012819619566829314,0.1,0.07361108612239119,0.1,0.08,0.0,0.2,2,28.30633401557386,17.44929785736569,32.463508886911924,False,True,-0.0014741256919061762,-0.00265508574992049
100,headroom_after_load,40.300000000000004,0.08189808927271432,-0.008942363835462772,0.1,0.07361108612239119,0.1,0.08,0.0,0.2,2,28.30647992621678,17.449413362898564,32.463629360424704,False,True,-0.0014707982263640277,-0.0024583631524059176
100,headroom_after_load,40.35,0.08129377028233689,-0.005404302263786731,0.1,0.07361108612239119,0.1,0.08,0.0,0.2,2,28.306573059081924,17.44948316846947,32.46370216838576,False,True,-0.0014672716382858695,-0.003168853889007466
100,headroom_after_load,40.400000000000006,0.08065237257259539,-0.0007808787707088758,0.1,0.07361108612239119,0.1,0.08,0.0,0.2,2,28.306613414169288,17.449493254820258,32.46371268855808,False,True,-0.0014635464051152727,-0.003240913023131054
100,headroom_after_load,40.45,0.07997878675523082,0.0030911689000808966,0.1,0.07361108612239119,0.1,0.08,0.0,0.2,2,28.306599649415368,17.44944709041016,32.463668427835,False,True,-0.0014596230311891788,-0.0024480112106570317
100,headroom_after_load,40.5,0.0792775656759449,0.0068043280593596,0.1,0.07361108612239119,0.1,0.08,0.0,0.2,2,28.306527405129284,17.4493454726076,32.46357100045729,False,True,-0.0014555020476696137,-0.002527901412651761
100,headroom_after_load,40.550000000000004,0.07855287714254676,0.010959066114807955,0.1,0.07361108612239119,0.1,0.08,0.0,0.2,2,28.306396681311035,17.44918180674567,32.46341408370307,False,True,-0.0014511840124717778,-0.0029445202865522823
100,headroom_after_load,40.6,0.07780846133653026,0.014867076778755274,0.1,0.07361108612239119,0.1,0.08,0.0,0.2,2,28.306207477960623,17.44895977752257,32.46320121032422,False,True,-0.0014466695101885176,-0.0022429987988193895
100,headroom_after_load,40.650000000000006,0.0770475933759725,0.018948039187756015,0.1,0.07361108612239119,0.1,0.08,0.0,0.2,2,28.305959795078046,17.448676802026934,32.46292990392119,False,True,-0.0014419591520111754,-0.0027403207684307236
100,headroom_after_load,40.7,0.07627305143560094,0.02294375491807315,0.1,0.07361108612239119,0.1,0.08,0.0,0.2,2,28.305653632663304,17.448334153357308,32.46260138509361,False,True,-0.001437053575646847,-0.0022834041449628396
100,headroom_after_load,40.75,0.0754870907634683,0.02660654876393807,0.1,0.07361108612239119,0.1,0.08,0.0,0.2,2,28.3052889907164,17.447936803465375,32.46222042076423,False,True,-0.0014319534452320475,-0.002187527828565401
100,headroom_after_load,40.800000000000004,0.07469142386369129,0.031036775831910106,0.1,0.07361108612239119,0.1,0.08,0.0,0.2,2,28.304865869237332,17.447473291281504,32.461776022484855,False,True,-0.0014266594512427917,-0.002469564624604409
100,headroom_after_load,40.85,0.07388720704197843,0.035102984007930944,0.1,0.07361108612239119,0.1,0.08,0.0,0.2,2,28.3043842682261,17.44694905316908,32.46127340243892,False,True,-0.0014211723104011244,-0.0021341083081208626
100,headroom_after_load,40.900000000000006,0.07307503343605129,0.0387841772155041,0.1,0.07361108612239119,0.1,0.08,0.0,0.2,2,28.303844187682706,17.44636983905296,32.46071807344099,False,True,-0.0014154927655780788,-0.0026259901292960018
100,headroom_after_load,40.95,0.07225493257742423,0.04293000215384217,0.1,0.07361108612239119,0.1,0.08,0.0,0.2,2,28.303245627607147,17.445728709988536,32.460103382688494,False,True,-0.0014096215856931114,-0.002465807673230511
100,headroom_after_load,41.0,0.07142637995467058,0.04645402174333252,0.1,0.07361108612239119,0.1,0.08,0.0,0.2,2,28.302588587999423,17.44503495219667,32.45943823346536,False,True,-0.0014035595656099915,-0.0023596653556780586
100,headroom_after_load,41.050000000000004,0.0705883353894705,0.05125774418083245,0.1,0.07361108612239119,0.1,0.08,0.0,0.2,2,28.301873068859535,17.444269454225033,32.458704302420394,False,True,-0.0013973075260292013,-0.0024636855841962354
100,headroom_after_load,41.1,0.06973932700273472,0.05498687641144306,0.1,0.07361108612239119,0.1,0.08,0.0,0.2,2,28.301099070187487,17.44344826431447,32.4579169760113,False,True,-0.001390866313376822,-0.0025196256387790736
100,headroom_after_load,41.150000000000006,0.06887755321159807,0.05874292424948242,0.1,0.07361108612239119,0.1,0.08,0.0,0.2,2,28.300266591983274,17.442570980499514,32.457075868848506,False,True,-0.0013842367996899372,-0.0019728594210344647
100,headroom_after_load,41.2,0.06800096970231975,0.06301915294250868,0.1,0.07361108612239119,0.1,0.08,0.0,0.2,2,28.299375634246896,17.44162983424888,32.45617353275254,False,True,-0.0013774198824985796,-0.002396112150242271
100,headroom_after_load,41.25,0.0671073605322249,0.06576847704526671,0.1,0.07361108612239119,0.1,0.08,0.0,0.2,2,28.29843680412694,17.440647628797187,32.45523183061844,False,True,-0.0013704164847042153,-0.002621787526301285
100,headroom_after_load,41.300000000000004,0.0662034367744711,0.06710005279185685,0.1,0.07361108612239119,0.1,0.08,0.0,0.2,2,28.29746898837837,17.4396455372083,32.45427106239404,False,True,-0.0013632275544547955,-0.002128191447045731
100,headroom_after_load,41.35,0.06530281169696855,0.0673204349629913,0.1,0.07361108612239119,0.1,0.08,0.0,0.2,2,28.29648601744995,17.43864015436835,32.45330713864028,False,True,-0.0013558540650164032,-0.0014768754199196133
100,headroom_after_load,41.400000000000006,0.0644145628155307,0.06785159636133721,0.1,0.07361108612239119,0.1,0.08,0.0,0.2,2,28.295497178831702,17.437626839010505,32.45233560948275,False,True,-0.0013482970146414723,-0.0019004072235366384
100,headroom_after_load,41.45,0.06354367302775595,0.06737274682838344,0.1,0.07361108612239119,0.1,0.08,0.0,0.2,2,28.294508741755223,17.436620674930033,32.45137093670457,False,True,-0.0013405574264336577,-0.0017353695275989659
100,headroom_after_load,41.5,0.06269235144652627,0.06718024415836474,0.1,0.07361108612239119,0.1,0.08,0.0,0.2,2,28.293524952326784,17.435617385740095,32.45040902026473,False,True,-0.0013326363482093098,-0.002283193284256555
100,headroom_after_load,41.550000000000004,0.061860910144113185,0.06647292555574569,0.1,0.07361108612239119,0.1,0.08,0.0,0.2,2,28.29254865837919,17.434624659850673,32.449457231525386,False,True,-0.0013245348523556236,-0.001501423168458693
100,headroom_after_load,41.6,0.06104833045337236,0.06595057740873128,0.1,0.07361108612239119,0.1,0.08,0.0,0.2,2,28.291581720273502,17.433639734859504,32.44851292199777,False,True,-0.0013162540356854522,-0.0013930461890900537
100,headroom_after_load,41.650000000000006,0.06025265067563304,0.06499901060139208,0.1,0.07361108612239119,0.1,0.08,0.0,0.2,2,28.290625305796016,17.43266902084216,32.447582237424434,False,True,-0.0013077950192888165,-0.001737812450820491
100,headroom_after_load,41.7,0.05947125770875779,0.0643727457635405,0.1,0.07361108612239119,0.1,0.08,0.0,0.2,2,28.28968010349213,17.431707659644974,32.44666051998796,False,True,-0.0012991589483811327,-0.0010287899598985656
100,headroom_after_load,41.75,0.058701110741137756,0.06374856048160768,0.1,0.07361108612239119,0.1,0.08,0.0,0.2,2,28.28874647627007,17.430755620211258,32.445747739912335,False,True,-0.0012903469921481552,-0.0012930419538756182
100,headroom_after_load,41.800000000000004,0.05794043807528148,0.06271836420981283,0.1,0.07361108612239119,0.1,0.08,0.0,0.2,2,28.287824571668335,17.429818966026524,32.44484971064244,False,True,-0.001281360343587702,-0.001272055736585631
100,headroom_after_load,41.85,0.057192704376095305,0.061855501938630944,0.1,0.07361108612239119,0.1,0.08,0.0,0.2,2,28.2869144009077,17.428895198076425,32.44396403621605,False,True,-0.0012722002193481339,-0.0015079462485242231
100,headroom_after_load,41.900000000000006,0.05646105089460831,0.06114750267059799,0.1,0.07361108612239119,0.1,0.08,0.0,0.2,2,28.286015895477647,17.427982003592096,32.44308849923623,False,True,-0.0012628678595636412,-0.0015028666059637645
100,headroom_after_load,41.95,0.05574385632211556,0.060522268335481855,0.1,0.07361108612239119,0.1,0.08,0.0,0.2,2,28.285128947490044,17.4270781465381,32.442221914638075,False,True,-0.001253364527686353,-0.0013522102020305758
100,headroom_after_load,42.0,-0.07496214762022238,0.059672516549018235,0.1,0.07361108612239119,0.1,0.08,0.0,0.2,2,28.284253434531408,17.42618697992297,32.441367497161714,False,True,-0.0012436915103152793,-0.0008629878582965505
100,headroom_after_load,42.050000000000004,-0.0756600123235912,0.05869625160721297,0.1,0.07361108612239119,0.1,0.08,0.0,0.2,2,28.28338922037952,17.425310393130747,32.44052705827845,False,True,-0.001233850117022133,-0.0012574858057461521
100,headroom_after_load,42.1,-0.07635254030473407,0.05770516374517628,0.1,0.07361108612239119,0.1,0.08,0.0,0.2,2,28.282536143510058,17.424448607531208,32.439700810229404,False,True,-0.001223841680174026,-0.0013963931766576708
100,headroom_after_load,42.150000000000006,-0.07704226725222066,0.0574466159614935,0.1,0.07361108612239119,0.1,0.08,0.0,0.2,2,28.28169402182706,17.423590683159023,32.438878264181845,False,True,-0.001213667554753098,-0.0004045368120968787
100,headroom_after_load,42.2,-0.0777314341296953,0.05328650874710497,0.1,0.07361108612239119,0.1,0.08,0.0,0.2,2,28.28088657051481,17.422794887030783,32.438115284388786,False,True,-0.0012033291181730709,-0.000894941273943101
100,headroom_after_load,42.25,-0.07840157045674306,0.04918698473338463,0.1,0.07361108612239119,0.1,0.08,0.0,0.2,2,28.280137598734722,17.422060314379447,32.43741100339317,False,True,-0.0011928277700927635,-0.00098622026004713
100,headroom_after_load,42.300000000000004,-0.07903388967254256,0.045221955623705096,0.1,0.07361108612239119,0.1,0.08,0.0,0.2,2,28.2794471064868,17.421384956619235,32.4367634954375,False,True,-0.0011821649322266035,-0.0006944451386928212
100,headroom_after_load,42.35,-0.07962967122824158,0.041386426829737116,0.1,0.07361108612239119,0.1,0.08,0.0,0.2,2,28.27881509377104,17.420766879754993,32.436170906279,False,True,-0.001171342048152159,-0.00012144873200778253
100,headroom_after_load,42.400000000000006,-0.08018984557866918,0.03690241180704942,0.1,0.07361108612239119,0.1,0.08,0.0,0.2,2,28.278241560587446,17.420215768467553,32.43564252123022,False,True,-0.0011603605831146766,-0.0004178988420940026
100,headroom_after_load,42.45,-0.08071498927350312,0.033293983905629335,0.1,0.07361108612239119,0.1,0.08,0.0,0.2,2,28.277726506936013,17.41971854648569,32.43516580324761,False,True,-0.0011492220238287422,-0.0009147063821890812
100,headroom_after_load,42.5,-0.08120532414604426,0.028826936515267482,0.1,0.07361108612239119,0.1,0.08,0.0,0.2,2,28.277269932816743,17.419288036681102,32.43475304642465,False,True,-0.0011379278782769813,0.0001521074853353268
100,headroom_after_load,42.550000000000004,-0.08166072058746163,0.02547635517881027,0.1,0.07361108612239119,0.1,0.08,0.0,0.2,2,28.27687183822964,17.418907565426938,32.43438826470674,False,True,-0.0011264796755059083,-0.0010221586231661728
100,headroom_after_load,42.6,-0.08208070484718963,0.021494602605168646,0.1,0.07361108612239119,0.1,0.08,0.0,0.2,2,28.276532223174698,17.418586558816944,32.434080495482725,False,True,-0.0011148789654189246,-0.0010342998135478908
100,headroom_after_load,42.650000000000006,-0.08246447025391045,0.017695626951175072,0.1,0.07361108612239119,0.1,0.08,0.0,0.2,2,28.27625108765192,17.418322287207758,32.433827121671854,False,True,-0.0011031273185664755,-0.0008783754552121787
100,headroom_after_load,42.7,-0.08281089220677218,0.013092180467683193,0.1,0.07361108612239119,0.1,0.08,0.0,0.2,2,28.27602843166131,17.41812676479934,32.43363966204316,False,True,-0.0010912263259334315,-0.00010338771270038127
100,headroom_after_load,42.75,-0.08311854674368517,0.009103854436528749,0.1,0.07361108612239119,0.1,0.08,0.0,0.2,2,28.27586425520286,17.417990805205008,32.433509309030036,False,True,-0.001079177598723687,-1.007768631630433e-05
100,headroom_after_load,42.800000000000004,-0.08338573245319099,0.005284432666582202,0.1,0.07361108612239119,0.1,0.08,0.0,0.2,2,28.27575855827657,17.41791188595969,32.433433644186586,False,True,-0.001066982768142035,-0.0006082213845558518
100,headroom_after_load,42.85,-0.08361049545896387,0.0014918088861626219,0.1,0.07361108612239119,0.1,0.08,0.0,0.2,2,28.27571134088245,17.41788960685446,32.43341228380734,False,True,-0.0010546434851733313,-5.337618047171521e-05
100,headroom_after_load,42.900000000000006,-0.08379065717190032,-0.002853279661930507,0.1,0.07361108612239119,0.1,0.08,0.0,0.2,2,28.275721504962032,17.41792646171676,32.43345072382501,False,True,-0.0010421614203589666,-0.0001930468281630971
100,headroom_after_load,42.95,-0.08392384447435676,-0.006954845018627383,0.1,0.07361108612239119,0.1,0.08,0.0,0.2,2,28.275784446819394,17.418016295131583,32.433544421042626,False,True,-0.0010295382635707097,0.0002953999509521223
100,headroom_after_load,43.0,-0.08400752197473813,-0.010955177356194319,0.1,0.07361108612239119,0.1,0.08,0.0,0.2,2,28.27590016645453,17.418157799505767,32.433692011626455,False,True,-0.001016775723781924,0.0001048264608819448
100,headroom_after_load,43.050000000000004,-0.08403902594860738,-0.014744643006461522,0.1,0.07361108612239119,0.1,0.08,0.0,0.2,2,28.276068663867445,17.4183482511446,32.433890654733624,False,True,-0.001003875528836199,6.083532158565602e-05
100,headroom_after_load,43.1,-0.08401559956500729,-0.01889177194918875,0.1,0.07361108612239119,0.1,0.08,0.0,0.2,2,28.276289939058138,17.41859226986561,32.4341451688835,False,True,-0.0009908394252134353,0.0004190146910122855
100,headroom_after_load,43.150000000000006,-0.08393442898394068,-0.0226889932799023,0.1,0.07361108612239119,0.1,0.08,0.0,0.2,2,28.27656399202661,17.418885336028808,32.43445084004296,False,True,-0.0009776691777933823,0.0005265716697657952
100,headroom_after_load,43.2,-0.08379267990306621,-0.027075971949212654,0.1,0.07361108612239119,0.1,0.08,0.0,0.2,2,28.27689082277286,17.41923506733315,32.434815613553944,False,True,-0.0009643665696167194,0.0005106552431389175
100,headroom_after_load,43.25,-0.0835875341286978,-0.030774244791497464,0.1,0.07361108612239119,0.1,0.08,0.0,0.2,2,28.277270431296888,17.41963256799504,32.4352302110185,False,True,-0.0009509334016436519,0.0010971925718494006
100,headroom_after_load,43.300000000000004,-0.08331622574815767,-0.03516255535520709,0.1,0.07361108612239119,0.1,0.08,0.0,0.2,2,28.277702817598694,17.420086751001712,32.435703928778146,False,True,-0.0009373714925100892,0.0005168404074740362
100,headroom_after_load,43.35,-0.0829760764873748,-0.03903635349529291,0.1,0.07361108612239119,0.1,0.08,0.0,0.2,2,28.278187981678276,17.420590970567694,32.43622983520718,False,True,-0.00092368267828144,0.0008451324275466502
100,headroom_after_load,43.400000000000006,-0.08256452984923829,-0.04266145971364393,0.1,0.07361108612239119,0.1,0.08,0.0,0.2,2,28.278725923535635,17.42114201442233,32.436804579872764,False,True,-0.0009098688122040224,0.0011448023743239923
100,headroom_after_load,43.45,-0.08207918364445033,-0.04676816975625006,0.1,0.07361108612239119,0.1,0.08,0.0,0.2,2,28.279316643170773,17.42174610328168,32.43743465104865,False,True,-0.0008959317644541862,0.0005757834613043362
100,headroom_after_load,43.5,-0.08151782054726152,-0.050733206698087716,0.1,0.07361108612239119,0.1,0.08,0.0,0.2,2,28.27996014058369,17.42240140720153,32.43811814008333,False,True,-0.0008818734218850882,0.0014443733853847385
100,headroom_after_load,43.550000000000004,-0.0808784363332529,-0.054599322514628484,0.1,0.07361108612239119,0.1,0.08,0.0,0.2,2,28.280656415774384,17.423106648450677,32.43885371428943,False,True,-0.0008676956877712753,0.0017631612679305491
100,headroom_after_load,43.6,-0.08015926548494352,-0.058944670438209425,0.1,0.07361108612239119,0.1,0.08,0.0,0.2,2,28.281405468742857,17.423868017110504,32.43964782998839,False,True,-0.0008534004815510002,0.0010895501915668658
100,headroom_after_load,43.650000000000006,-0.07935880388310082,-0.06248393436129495,0.1,0.07361108612239119,0.1,0.08,0.0,0.2,2,28.282207299489105,17.42467510126267,32.44048962743742,False,True,-0.0008389897385663501,0.0012385496988701842
100,headroom_after_load,43.7,-0.07847582833682155,-0.06664904050553182,0.1,0.07361108612239119,0.1,0.08,0.0,0.2,2,28.28306190801313,17.425535984702535,32.44138753812201,False,True,-0.0008244654098012488,0.0009831528701109273
100,headroom_after_load,43.75,-0.07750941274331209,-0.07085447862601589,0.1,0.07361108612239119,0.1,0.08,0.0,0.2,2,28.283969294314936,17.42645118838479,32.4423421054035,False,True,-0.0008098294616173153,0.0012442279265903891
100,headroom_after_load,43.800000000000004,-0.07645894731963646,-0.07377755996277749,0.1,0.07361108612239119,0.1,0.08,0.0,0.2,2,28.284923716469706,17.427404148534308,32.44333605308633,False,True,-0.0007950838754876372,0.0015395774393406596
100,headroom_after_load,43.85,-0.07532961004209326,-0.07542861925006465,0.1,0.07361108612239119,0.1,0.08,0.0,0.2,2,28.28591078995691,17.42837843486629,32.444352244206776,False,True,-0.0007802306477285449,0.0020003566979112913
100,headroom_after_load,43.900000000000006,-0.07413513372180122,-0.07694914465040198,0.1,0.07361108612239119,0.1,0.08,0.0,0.2,2,28.286915928996088,17.429372361318023,32.44538892018332,False,True,-0.0007652717892293088,0.001494125518952406
100,headroom_after_load,43.95,-0.07288980138171636,-0.07705372529292465,0.1,0.07361108612239119,0.1,0.08,0.0,0.2,2,28.28792904478847,17.430367638603055,32.44642700509352,False,True,-0.0007502093251799206,0.0009437609458732444
100,headroom_after_load,44.0,-0.06896114747844094,-0.07682257791631282,0.1,0.07361108612239119,0.1,0.08,0.0,0.2,2,28.288943043145565,17.431359930234475,32.44746197593489,False,True,-0.0007350452947968992,0.002226885001072933
100,headroom_after_load,44.050000000000004,-0.06764273330852076,-0.07626063328577919,0.1,0.07361108612239119,0.1,0.08,0.0,0.2,2,28.289952836331533,17.432344963414415,32.448489376133324,False,True,-0.0007197817510472133,0.001613603226707553
100,headroom_after_load,44.1,-0.06629803191782646,-0.07586243175520173,0.1,0.07361108612239119,0.1,0.08,0.0,0.2,2,28.290954715831845,17.43332485315792,32.44951141167225,False,True,-0.0007044207603703643,0.0007363279599709833
100,headroom_after_load,44.150000000000006,-0.06493236127243548,-0.07460356170160472,0.1,0.07361108612239119,0.1,0.08,0.0,0.2,2,28.291945954221745,17.434288482496566,32.45051648743406,False,True,-0.0006889644023985891,0.0007517567356807077
100,headroom_after_load,44.2,-0.06355039719328374,-0.07322105167972441,0.1,0.07361108612239119,0.1,0.08,0.0,0.2,2,28.292918720559033,17.435234254414095,32.451502937713634,False,True,-0.0006734147696753459,0.0009548453716722371
100,headroom_after_load,44.25,-0.06216190892602439,-0.07108804717050159,0.1,0.07361108612239119,0.1,0.08,0.0,0.2,2,28.293867633503215,17.43615247502338,32.45246065168246,False,True,-0.0006577739673719921,0.0010062822263033713
100,headroom_after_load,44.300000000000004,-0.0607746322248313,-0.06931151684167651,0.1,0.07361108612239119,0.1,0.08,0.0,0.2,2,28.294794787796942,17.437047748782586,32.45339443183991,False,True,-0.0006420441130027891,0.00032093431952039944
100,headroom_after_load,44.35,-0.05938956941420188,-0.0677757738317229,0.1,0.07361108612239119,0.1,0.08,0.0,0.2,2,28.29570147601482,17.437923185861244,32.45430752212626,False,True,-0.0006262273361382223,0.0005939976692228409
100,headroom_after_load,44.400000000000006,-0.05800883262391864,-0.06659073673333635,0.1,0.07361108612239119,0.1,0.08,0.0,0.2,2,28.29658847792985,17.438783316210717,32.45520464732947,False,True,-0.0006103257781166895,-0.0001932933903803127
100,headroom_after_load,44.45,-0.056637457515677156,-0.06501945407377159,0.1,0.07361108612239119,0.1,0.08,0.0,0.2,2,28.297456263213046,17.439623150825838,32.45608060386352,False,True,-0.0005943415917546093,0.00014931593896296995
100,headroom_after_load,44.5,-0.05528892269377591,-0.06362591947385116,0.1,0.07361108612239119,0.1,0.08,0.0,0.2,2,28.298305133295578,17.44044498561904,32.456937786389766,False,True,-0.0005782769410549408,0.00023940031674621548
100,headroom_after_load,44.550000000000004,-0.053971875766672506,-0.06251667170208129,0.1,0.07361108612239119,0.1,0.08,0.0,0.2,2,28.29913529666439,17.44125249262853,32.45778002488353,False,True,-0.0005621340009142355,0.0002841937961590372
100,headroom_after_load,44.6,-0.05269044167036432,-0.060683961528568135,0.1,0.07361108612239119,0.1,0.08,0.0,0.2,2,28.299946906692522,17.442036327131607,32.45859757269857,False,True,-0.0005459149568281804,0.0007094790153687403
100,headroom_after_load,44.650000000000006,-0.05144892192279422,-0.058866634564177914,0.1,0.07361108612239119,0.1,0.08,0.0,0.2,2,28.300740095728948,17.44279668782806,32.459390637080894,False,True,-0.0005296220045957153,-0.0006179263691825943
100,headroom_after_load,44.7,-0.05025170824875118,-0.058176997395312485,0.1,0.07361108612239119,0.1,0.08,0.0,0.2,2,28.30151502282082,17.443548140711084,32.46017441051802,False,True,-0.0005132573500217676,-0.0003278019358385288
100,headroom_after_load,44.75,-0.04910317777632499,-0.0565988775985931,0.1,0.07361108612239119,0.1,0.08,0.0,0.2,2,28.302271913471277,17.444279209546732,32.46093692317456,False,True,-0.0004968232086186065,-0.0005553760600912475
100,headroom_after_load,44.800000000000004,-0.048007571382010596,-0.05522717752135757,0.1,0.07361108612239119,0.1,0.08,0.0,0.2,2,28.303011065575202,17.444992560589718,32.46168095598283,False,True,-0.00048032180530591074,-0.0006381874871506956
100,headroom_after_load,44.85,-0.04696887888511715,-0.053978231088615464,0.1,0.07361108612239119,0.1,0.08,0.0,0.2,2,28.303732843819056,17.445689779407946,32.46240816270722,False,True,-0.000463755374109537,-0.0004967777478832179
100,headroom_after_load,44.900000000000006,-0.04599073902802436,-0.0527256421208993,0.1,0.07361108612239119,0.1,0.08,0.0,0.2,2,28.304437676534086,17.44637081895201,32.46311849427468,False,True,-0.00044712615785908193,-0.0011072331000931952
100,headroom_after_load,44.95,-0.04507635651791776,-0.051287666702412076,0.1,0.07361108612239119,0.1,0.08,0.0,0.2,2,28.305126053764763,17.447033284646913,32.463809453117754,False,True,-0.0004304364078842381,-0.0011878243309780825
100,headroom_after_load,45.0,-0.044228435744567404,-0.024841329334973287,0.025,0.07361108612239119,0.1,0.08,0.0,0.2,5,28.30563112412771,17.44735415181749,32.46414412102685,False,False,-0.0004136883837099881,-0.0018319268567902345
100,headroom_after_load,45.050000000000004,-0.04360717885203497,-0.0251019686440325,0.025,0.07361108612239119,0.1,0.08,0.0,0.2,5,28.305960985238823,17.44767838557914,32.46448230032664,False,False,-0.00039688435275070816,-0.0025238578143623107
100,headroom_after_load,45.1,-0.04320542189612372,-0.025048395920872536,0.025,0.07361108612239119,0.1,0.08,0.0,0.2,5,28.306290846349935,17.448001927359787,32.46481975788279,False,False,-0.0003800265900032095,-0.002426752909765526
100,headroom_after_load,45.150000000000006,-0.04285688932561592,-0.02499950246564538,0.025,0.07361108612239119,0.1,0.08,0.0,0.2,5,28.306620707461047,17.44832483759997,32.46515655673546,False,False,-0.0003631173777387016,-0.0018980224617937808
100,headroom_after_load,45.2,-0.04256108851238313,-0.024809494527178667,0.025,0.07361108612239119,0.1,0.08,0.0,0.2,5,28.30695056857216,17.448645293570944,32.465490795758946,False,False,-0.0003461590051938607,-0.002002698053060831
100,headroom_after_load,45.25,-0.04231706198259535,-0.024813198159561047,0.025,0.07361108612239119,0.1,0.08,0.0,0.2,5,28.30728042968327,17.448965797380506,32.4658250846786,False,False,-0.00032915376826086535,-0.0024240910249815864
100,headroom_after_load,45.300000000000004,-0.04212339779984582,-0.02507593175783764,0.025,0.07361108612239119,0.1,0.08,0.0,0.2,5,28.307610290794383,17.449289694832377,32.46616291320367,False,False,-0.0003121039691765819,-0.0023941281498733
100,headroom_after_load,45.35,-0.041978246575835154,-0.024998324151661037,0.025,0.07361108612239119,0.1,0.08,0.0,0.2,5,28.307940151905495,17.44961258985267,32.46649969618182,False,False,-0.0002950119162108865,-0.002888961674915359
100,headroom_after_load,45.400000000000006,-0.04187934451397587,-0.025236546877886727,0.025,0.07361108612239119,0.1,0.08,0.0,0.2,5,28.308270013016607,17.44993856191651,32.466839688549484,False,False,-0.0002778799233541466,-0.002970832609299327
100,headroom_after_load,45.45,-0.0418240418948037,-0.02496421485417308,0.025,0.07361108612239119,0.1,0.08,0.0,0.2,5,28.30859987412772,17.45026101635838,32.467176011999605,False,False,-0.0002607103100039542,-0.0021080467474617714
100,headroom_after_load,45.5,-0.04180933641025572,-0.024677966422860798,0.025,0.07361108612239119,0.1,0.08,0.0,0.2,5,28.30892973523883,17.450579773424675,32.46750847904725,False,False,-0.00024350540065111657,-0.0029284054989522535
100,headroom_after_load,45.550000000000004,-0.041831910752245294,-0.024854377371260842,0.025,0.07361108612239119,0.1,0.08,0.0,0.2,5,28.309259596349943,17.45090080913239,32.46784332274239,False,False,-0.00022626752456494418,-0.0023541087510133
100,headroom_after_load,45.6,-0.04188817385519515,-0.025155490696820146,0.025,0.07361108612239119,0.1,0.08,0.0,0.2,5,28.309589457461055,17.451225734220557,32.46818222310316,False,False,-0.0002089990154779313,-0.002085240488458793
100,headroom_after_load,45.650000000000006,-0.04197430518273629,-0.02493645513456795,0.025,0.07361108612239119,0.1,0.08,0.0,0.2,5,28.309919318572167,17.45154783009938,32.46851817256817,False,False,-0.00019170221126977953,-0.001858482993423719
100,headroom_after_load,45.7,-0.042086301438728616,-0.024767238071148317,0.025,0.07361108612239119,0.1,0.08,0.0,0.2,5,28.31024917968328,17.451867740257796,32.468851842303295,False,False,-0.0001743794536508997,-0.0015278448334804609
100,headroom_after_load,45.75,-0.04222002507464728,-0.02493616358378691,0.025,0.07361108612239119,0.1,0.08,0.0,0.2,5,28.31057904079439,17.452189832370752,32.46918778784047,False,False,-0.0001570330878453789,-0.0023767147917426725
100,headroom_after_load,45.800000000000004,-0.04237125396093224,-0.025222684447591494,0.025,0.07361108612239119,0.1,0.08,0.0,0.2,5,28.310908901905503,17.4525156253782,32.46952759345039,False,False,-0.00013966546227347219,-0.0021656041071929717
100,headroom_after_load,45.85,-0.04253573159026785,-0.025092800733168687,0.025,0.07361108612239119,0.1,0.08,0.0,0.2,5,28.311238763016615,17.452839740721004,32.469865649238045,False,False,-0.00012227892823367726,-0.0021578947444727747
100,headroom_after_load,45.900000000000006,-0.042709217186694674,-0.0250487062145368,0.025,0.07361108612239119,0.1,0.08,0.0,0.2,5,28.311568624127727,17.453163286509607,32.470203110974545,False,False,-0.00010487583958437978,-0.002051655134042974
100,headroom_after_load,45.95,-0.04288753510640415,-0.024949481381274563,0.025,0.07361108612239119,0.1,0.08,0.0,0.2,5,28.31189848523884,17.453485550644114,32.470539235932044,False,False,-8.745855242520514e-05,-0.0018149846613746776
100,headroom_after_load,46.0,0.08429053744400648,-0.025040369021302005,0.025,0.07361108612239119,0.1,0.08,0.0,0.2,5,28.31222834634995,17.453808988743972,32.47087658534802,False,False,-7.002942477802705e-05,-0.001057875832866976
100,headroom_after_load,46.050000000000004,0.08411458267395171,-0.025307442856765134,0.025,0.07361108612239119,0.1,0.08,0.0,0.2,5,28.312558207461063,17.45413587654754,32.47121753284207,False,False,-5.259081626772908e-05,-0.001140373133151138
100,headroom_after_load,46.1,0.08394546067466988,-0.024930810744232135,0.025,0.07361108612239119,0.1,0.08,0.0,0.2,5,28.312888068572175,17.454457899519653,32.4715534062646,False,False,-3.51450878027599e-05,-0.001126325806564847
100,headroom_after_load,46.150000000000006,0.08378662702441922,-0.025257167985085455,0.025,0.07361108612239119,0.1,0.08,0.0,0.2,5,28.313217929683287,17.45478413793946,32.471893676444395,False,False,-1.769460125548542e-05,-0.0012214827432132588
100,headroom_after_load,46.2,0.08364125566980815,-0.021120751786626202,0.025,0.07361108612239119,0.1,0.08,0.0,0.2,2,28.313521401905508,17.455056947650036,32.47217821990596,False,False,-2.417191424557008e-07,-0.0010503438928064575
100,headroom_after_load,46.25,0.08348726868636741,-0.017183006640914603,0.025,0.07361108612239119,0.1,0.08,0.0,0.2,2,28.31377209634995,17.45527889481915,32.472409713189876,False,False,1.721119569548191e-05,-0.0005998717088978679
100,headroom_after_load,46.300000000000004,0.08330237387961617,-0.013011122014512924,0.025,0.07361108612239119,0.1,0.08,0.0,0.2,2,28.31397001301662,17.45544695514517,32.47258500191702,False,False,3.4661780413033654e-05,-0.0010867968753601582
100,headroom_after_load,46.35,0.08308898109825646,-0.009141193816067176,0.025,0.07361108612239119,0.1,0.08,0.0,0.2,2,28.314115151905508,17.45556502889863,32.47270815411149,False,False,5.21076724803641e-05,-0.001120947873075923
100,headroom_after_load,46.400000000000006,0.08284911851422257,-0.0051694337009576185,0.025,0.07361108612239119,0.1,0.08,0.0,0.2,2,28.31420751301662,17.4556318007506,32.47277779787107,False,False,6.954651000295821e-05,-0.0007897286640503517
100,headroom_after_load,46.45,0.0825844148514866,-0.0009437656651657267,0.025,0.07361108612239119,0.1,0.08,0.0,0.2,2,28.314247096349952,17.45564399105711,32.472790512491834,False,False,8.697593204136274e-05,-0.0007674395742476149
100,headroom_after_load,46.5,0.08229608630875829,0.003332065726011233,0.025,0.07361108612239119,0.1,0.08,0.0,0.2,2,28.314232476466913,17.455594229024165,32.472742802501486,False,False,0.0001043935789308329,-0.0007591593092906796
100,headroom_after_load,46.550000000000004,0.08198492830263601,0.006768937484282182,0.025,0.07361108612239119,0.1,0.08,0.0,0.2,2,28.31415937705171,17.455493139754687,32.47264588186167,False,False,0.00012179709260080655,-0.0011051648533424291
100,headroom_after_load,46.6,0.08165131210135207,0.010968878649493849,0.025,0.07361108612239119,0.1,0.08,0.0,0.2,2,28.31402779810434,17.455329327349528,32.47248882460724,False,False,0.00013918411689410937,-0.00029740309845791024
100,headroom_after_load,46.650000000000006,0.08129518636232685,0.01518911794185043,0.025,0.07361108612239119,0.1,0.08,0.0,0.2,2,28.31383773962481,17.455102488670587,32.472271340100626,False,False,0.00015655229788598055,-0.0008387462074998639
100,headroom_after_load,46.7,0.08091608352996654,0.018293322728819162,0.025,0.07361108612239119,0.1,0.08,0.0,0.2,2,28.31359407490746,17.454829290899845,32.47200940821734,False,False,0.00017389928420273002,-0.001441247744491289
100,headroom_after_load,46.75,0.0805172834531384,0.020641016400619584,0.025,0.07361108612239119,0.1,0.08,0.0,0.2,2,28.313309799403886,17.454521031993025,32.47171386101802,False,False,0.0001912227273400955,-0.001000920142402213
100,headroom_after_load,46.800000000000004,0.0801085540187084,0.021830984762001203,0.025,0.07361108612239119,0.1,0.08,0.0,0.2,2,28.31299845004283,17.454195001754645,32.47140127532555,False,False,0.0002085202819811816,-0.0006863265768915412
100,headroom_after_load,46.85,0.07969961740587904,0.023272811919091935,0.025,0.07361108612239119,0.1,0.08,0.0,0.2,2,28.31266905144345,17.453847438852627,32.47106804491433,False,False,0.00022578960631397838,-0.00043822203038622863
100,headroom_after_load,46.900000000000006,0.07929580503332322,0.023825718597009857,0.025,0.07361108612239119,0.1,0.08,0.0,0.2,2,28.31232762001852,17.45349161868242,32.47072689774084,False,False,0.00024302836234841815,-0.0004999580862873129
100,headroom_after_load,46.95,0.07889934903681216,0.024210617569015696,0.025,0.07361108612239119,0.1,0.08,0.0,0.2,2,28.311978166709896,17.453130050319682,32.47038023941368,False,False,0.00026023421623287576,-0.0005758896176678947
100,headroom_after_load,47.0,0.07851026006898996,0.02453184264292665,0.025,0.07361108612239119,0.1,0.08,0.0,0.2,2,28.311623365478805,17.452763684688815,32.47002898164388,False,False,0.00027740483857016104,-0.0007552536333109953
100,headroom_after_load,47.050000000000004,0.07812693101780395,0.0246900819119989,0.025,0.07361108612239119,0.1,0.08,0.0,0.2,2,28.31126499896607,17.45239495586695,32.469675458134255,False,False,0.0002945379047328687,-0.0002816407768764133
100,headroom_after_load,47.1,0.07774655948479578,0.02463910933543299,0.025,0.07361108612239119,0.1,0.08,0.0,0.2,2,28.310904255598906,17.45202698828428,32.46932266447252,False,False,0.0003116310951780982,0.0001975021052703221
100,headroom_after_load,47.150000000000006,0.07736545067830873,0.02493519806703686,0.025,0.07361108612239119,0.1,0.08,0.0,0.2,2,28.310541927662122,17.451654598826888,32.468965631281414,False,False,0.0003286820957614856,1.1399848115529944e-05
100,headroom_after_load,47.2,0.07697924157280303,0.024683547878392824,0.025,0.07361108612239119,0.1,0.08,0.0,0.2,2,28.31017854334559,17.45128596758617,32.46861220132897,False,False,0.00034568859805049094,-0.00016590837459475453
100,headroom_after_load,47.25,0.07658307979495245,0.024735969800065278,0.025,0.07361108612239119,0.1,0.08,0.0,0.2,2,28.309814454775893,17.45091655346132,32.46825802077628,False,False,0.0003626482996369364,-6.016420905929275e-05
100,headroom_after_load,47.300000000000004,0.07617180293283458,0.025127269066604365,0.025,0.07361108612239119,0.1,0.08,0.0,0.2,2,28.309449896704088,17.450541295560086,32.467898237427676,False,False,0.00037955890444871514,-0.00018986202153676958
100,headroom_after_load,47.35,0.07574013523344265,0.02491049100752923,0.025,0.07361108612239119,0.1,0.08,0.0,0.2,2,28.30908502563088,17.450169275085063,32.46754155800317,False,False,0.00039641812306062994,-0.000768910695401454
100,headroom_after_load,47.400000000000006,0.07528286897099731,0.024555689154029704,0.025,0.07361108612239119,0.1,0.08,0.0,0.2,2,28.308719945890065,17.449802553323504,32.46718995878848,False,False,0.00041322367300435775,-0.000770638315096946
100,headroom_after_load,47.45,0.07479501003408023,0.02514058724736238,0.025,0.07361108612239119,0.1,0.08,0.0,0.2,2,28.308354727037514,17.44942709652471,32.46682998474427,False,False,0.0004299732790774463,-0.0005258919791106718
100,headroom_after_load,47.5,0.07427189313117284,0.025133625703258975,0.025,0.07361108612239119,0.1,0.08,0.0,0.2,2,28.307989415443807,17.449051743691626,32.46647011037853,False,False,0.0004466646736513555,-0.00032178944638965094
100,headroom_after_load,47.550000000000004,0.07370927421902776,0.02445495824841802,0.025,0.07361108612239119,0.1,0.08,0.0,0.2,2,28.30762404202266,17.448686526274535,32.46611995347349,False,False,0.0004632955969784506,-0.0008705530020369778
100,headroom_after_load,47.6,0.07310340487830895,0.02521190376581755,0.025,0.07361108612239119,0.1,0.08,0.0,0.2,2,28.30725862738322,17.448310004414232,32.465758958287836,False,False,0.0004798637974979228,-0.0007668588167509312
100,headroom_after_load,47.650000000000006,0.0724510915562776,0.025346006273519493,0.025,0.07361108612239119,0.1,0.08,0.0,0.2,2,28.30689318526492,17.447931479828306,32.465396042963185,False,False,0.0004963670321406528,-0.0004640678140628531
100,headroom_after_load,47.7,0.07174974158058353,0.025109292804778895,0.025,0.07361108612239119,0.1,0.08,0.0,0.2,2,28.306527724827376,17.447556490389765,32.465036517006645,False,False,0.000512803066632836,-0.0009017210430094195
100,headroom_after_load,47.75,0.07099739725985879,0.02439162125882913,0.025,0.07361108612239119,0.1,0.08,0.0,0.2,2,28.306162252177007,17.447192218865588,32.46468726698862,False,False,0.0005291696757985046,-0.0007334879939047346
100,headroom_after_load,47.800000000000004,0.07019275901126232,0.02520803374499818,0.025,0.07361108612239119,0.1,0.08,0.0,0.2,2,28.305796771384752,17.446815754801296,32.46432632721564,False,False,0.0005454646438607692,-0.0009640151111597933
100,headroom_after_load,47.85,0.06933519821807162,0.025100633134582363,0.025,0.07361108612239119,0.1,0.08,0.0,0.2,2,28.305431285164577,17.446440894688774,32.46396692525208,False,False,0.0005616857647417912,-0.001173887863116126
100,headroom_after_load,47.900000000000006,0.06842476038286495,0.02500859955285835,0.025,0.07361108612239119,0.1,0.08,0.0,0.2,2,28.305065795325785,17.44606740903237,32.46360884106604,False,False,0.0005778308423614633,-0.0012802641680662297
100,headroom_after_load,47.95,0.06746217144095258,0.02488179913069472,0.025,0.07361108612239119,0.1,0.08,0.0,0.2,2,28.304700303074583,17.445695817050133,32.46325257246451,False,False,0.0005938976909347235,-0.0012055081724905354
100,headroom_after_load,48.0,0.06644886105894653,0.0250889806843376,0.025,0.07361108612239119,0.1,0.08,0.0,0.2,2,28.304334809215106,17.44532113095867,32.462893337345896,False,False,0.000609884135267463,-0.0015689633034595704
100,headroom_after_load,48.050000000000004,0.06538697688705003,0.024893032506809656,0.025,0.07361108612239119,0.1,0.08,0.0,0.2,2,28.30396931428345,17.444949371213944,32.462536907899924,False,False,0.000625788011051025,-0.0014421840980496556
100,headroom_after_load,48.1,0.06427936424361068,0.024884745669640693,0.025,0.07361108612239119,0.1,0.08,0.0,0.2,2,28.303603818637004,17.44457773522724,32.46218059710855,False,False,0.000641607165155205,-0.0017829381244193472
100,headroom_after_load,48.150000000000006,0.06312952441406604,0.024615574163020907,0.025,0.07361108612239119,0.1,0.08,0.0,0.2,2,28.303238322514034,17.444210119125643,32.46182814043382,False,False,0.0006573394559197655,-0.0013341836465852882
100,headroom_after_load,48.2,0.061941565163271664,0.024907395297968943,0.025,0.07361108612239119,0.1,0.08,0.0,0.2,2,28.30287282607338,17.443838144882843,32.461471505335055,False,False,0.0006729827534443719,-0.0011375068401832816
100,headroom_after_load,48.25,0.06072016447554968,0.02490334142281395,0.025,0.07361108612239119,0.1,0.08,0.0,0.2,2,28.302507329420934,17.443466231181784,32.46111492828146,False,False,0.0006885349398769475,-0.0009786884430328811
100,headroom_after_load,48.300000000000004,0.05947060852370341,0.02480856081825275,0.025,0.07361108612239119,0.1,0.08,0.0,0.2,2,28.302141832627296,17.44309573296168,32.46075970833847,False,False,0.0007039939097004084,-8.572141095947996e-05
100,headroom_after_load,48.35,0.05819882394701312,0.02515944758577051,0.025,0.07361108612239119,0.1,0.08,0.0,0.2,2,28.30177633573953,17.44271999449714,32.4603994642436,False,False,0.0007193575700176932,-0.0008377487272935497
100,headroom_after_load,48.400000000000006,0.05691454442351548,0.024864978824728677,0.025,0.07361108612239119,0.1,0.08,0.0,0.2,2,28.30141083878901,17.442348653714213,32.46004343648265,False,False,0.0007346238408351315,-0.0008654828982074252
100,headroom_after_load,48.45,0.05563421769992313,0.024926343681630672,0.025,0.07361108612239119,0.1,0.08,0.0,0.2,2,28.301045341796655,17.44197639649077,32.459686530072545,False,False,0.0007497906553440299,-0.0004525863065686734
100,headroom_after_load,48.5,0.05436927538516609,0.025080753951377398,0.025,0.07361108612239119,0.1,0.08,0.0,0.2,2,28.30067984477641,17.441601833259714,32.459327412747925,False,False,0.0007648559602004869,-0.0004469856795921524
100,headroom_after_load,48.550000000000004,0.053127227236860045,0.025229635589844864,0.025,0.07361108612239119,0.1,0.08,0.0,0.2,2,28.300314347737576,17.441225046587224,32.458966163670176,False,False,0.0007798177158033857,0.00013327116505015434
100,headroom_after_load,48.6,0.05191573285845655,0.025183442447009263,0.025,0.07361108612239119,0.1,0.08,0.0,0.2,2,28.299948850686345,17.440848949776488,32.45860557600627,False,False,0.0007946738965705113,-0.00046015352110930787
100,headroom_after_load,48.650000000000006,0.05074251020101528,0.025022545372583305,0.025,0.07361108612239119,0.1,0.08,0.0,0.2,2,28.29958335362685,17.44047525584918,32.45824729213782,False,False,0.0008094224912128053,-0.00031430883406932566
100,headroom_after_load,48.7,0.04961524362808079,0.025075993001546476,0.025,0.07361108612239119,0.1,0.08,0.0,0.2,2,28.299217856561846,17.440100763719528,32.457888242982584,False,False,0.0008240615030066396,2.8820529717160745e-05
100,headroom_after_load,48.75,0.04854149286635024,0.024748046267247328,0.025,0.07361108612239119,0.1,0.08,0.0,0.2,2,28.298852359493168,17.439731169241224,32.45753388951369,False,False,0.0008385889500641513,0.0007098033103492237
100,headroom_after_load,48.800000000000004,0.04752860389043185,0.024963309457384987,0.025,0.07361108612239119,0.1,0.08,0.0,0.2,2,28.298486862422042,17.4393583599602,32.457176453811265,False,False,0.0008530028656015597,0.0005748542388687228
100,headroom_after_load,48.85,0.046583622762060586,0.024932764828041763,0.025,0.07361108612239119,0.1,0.08,0.0,0.2,2,28.29812136534928,17.4389860068415,32.45681945546035,False,False,0.0008673012982054277,0.0012558598723292661
100,headroom_after_load,48.900000000000006,0.04571321340456233,0.024980093476413667,0.025,0.07361108612239119,0.1,0.08,0.0,0.2,2,28.297755868275434,17.43861294690308,32.456461779436914,False,False,0.0008814823120968677,0.0009641399736881645
100,headroom_after_load,48.95,0.04492358024265728,0.024756839298743533,0.025,0.07361108612239119,0.1,0.08,0.0,0.2,2,28.297390371200862,17.438243221107104,32.45610730006551,False,False,0.000895543987393593,0.00167959050269761
100,headroom_after_load,49.0,0.04422039657650907,0.02496007006655185,0.025,0.07361108612239119,0.1,0.08,0.0,0.2,2,28.297024874125807,17.437870460204078,32.455749910746114,False,False,0.000909484420369872,0.0022362953532529353
100,headroom_after_load,49.050000000000004,0.04360873948801976,0.025243119713899753,0.025,0.07361108612239119,0.1,0.08,0.0,0.2,2,28.296659377050428,17.437493472155783,32.455388468596716,False,False,0.0009233017237142289,0.0023006667861109934
100,headroom_after_load,49.1,0.04309303199761247,0.02522149448408016,0.025,0.07361108612239119,0.1,0.08,0.0,0.2,2,28.296293879974836,17.43711680706492,32.45502733608692,False,False,0.0009369940267849678,0.002437841226914681
100,headroom_after_load,49.150000000000006,0.04267699310210164,0.025221031924134427,0.025,0.07361108612239119,0.1,0.08,0.0,0.2,2,28.2959283828991,17.436740148882063,32.454666210200266,False,False,0.0009505594758634368,0.0019097684643222142
100,headroom_after_load,49.2,0.042363596229779754,0.024844598040436233,0.025,0.07361108612239119,0.1,0.08,0.0,0.2,2,28.295562885823266,17.436369112471663,32.454310474260396,False,False,0.0009639962344049762,0.0031315619493686078
100,headroom_after_load,49.25,0.04215503654867782,0.02515620043247255,0.025,0.07361108612239119,0.1,0.08,0.0,0.2,2,28.29519738874737,17.435993422501046,32.453950276659704,False,False,0.0009773024832875662,0.0029083741756196595
100,headroom_after_load,49.300000000000004,0.04205270745927307,0.02476366895002648,0.025,0.07361108612239119,0.1,0.08,0.0,0.2,2,28.29483189167143,17.435623594709078,32.45359569949834,False,False,0.0009904764210581186,0.0028232135875933184
100,headroom_after_load,49.35,0.042057186494954435,0.025076709225039857,0.025,0.07361108612239119,0.1,0.08,0.0,0.2,2,28.29446639459546,17.435249091883136,32.4532366400879,False,False,0.0010035162641763332,0.002885951405416178
100,headroom_after_load,49.400000000000006,0.04216823074358239,0.02515229189392535,0.025,0.07361108612239119,0.1,0.08,0.0,0.2,2,28.294100897519474,17.434873460283765,32.45287649845139,False,False,0.0010164202472561917,0.003638065570926595
100,headroom_after_load,49.45,0.04238478179277462,0.024803566330420416,0.025,0.07361108612239119,0.1,0.08,0.0,0.2,2,28.293735400443477,17.434503036652785,32.452521350021684,False,False,0.0010291866233049416,0.0034648525987566775
100,headroom_after_load,49.5,0.0427049800913982,0.025114278020721404,0.025,0.07361108612239119,0.1,0.08,0.0,0.2,2,28.29336990336747,17.434127972763587,32.45216175268462,False,False,0.0010418136639596262,0.004316090964134994
100,headroom_after_load,49.550000000000004,0.04312618851142352,0.024944069182132805,0.025,0.07361108612239119,0.1,0.08,0.0,0.2,2,28.29300440629146,17.433755450822396,32.45180459247296,False,False,0.0010542996597210682,0.00410963979345387
100,headroom_after_load,49.6,0.0436450247890367,0.025295141170130937,0.025,0.07361108612239119,0.1,0.08,0.0,0.2,2,28.292638909215444,17.43337768587063,32.45144240545735,False,False,0.0010666429201853097,0.0036497917695206506
100,headroom_after_load,49.650000000000006,0.044257402422918896,0.025008167854897043,0.025,0.07361108612239119,0.1,0.08,0.0,0.2,2,28.292273412139426,17.43300420666133,32.451084327452556,False,False,0.0010788417742724748,0.0036893422275030767
100,headroom_after_load,49.7,0.044958579512025976,0.024576502377239105,0.025,0.07361108612239119,0.1,0.08,0.0,0.2,2,28.291907915063405,17.43263717406908,32.45073243022493,False,False,0.0010908945704529874,0.0043834052449828725
100,headroom_after_load,49.75,0.04574321226147268,0.025010466712389167,0.025,0.07361108612239119,0.1,0.08,0.0,0.2,2,28.291542417987383,17.432263660527973,32.45037431930408,False,False,0.0011027996769711825,0.003916040053946807
100,headroom_after_load,49.800000000000004,0.046605397222664026,0.025131701136715173,0.025,0.07361108612239119,0.1,0.08,0.0,0.2,2,28.29117692091136,17.431888336436923,32.450014472495134,False,False,0.0011145554820662083,0.0036613809025234294
100,headroom_after_load,49.85,0.04753868578948764,0.024891649580515516,0.025,0.07361108612239119,0.1,0.08,0.0,0.2,2,28.29081142383534,17.43151659734522,32.44965806285051,False,False,0.0011261603941902364,0.003933162499155379
100,headroom_after_load,49.900000000000006,0.04853609347250907,0.024744968526572236,0.025,0.07361108612239119,0.1,0.08,0.0,0.2,2,28.29044592675932,17.431147048830784,32.449303753450074,False,False,0.0011376128422239333,0.004156500841031955
100,headroom_after_load,49.95,0.049590133020470335,0.025102081403959045,0.025,0.07361108612239119,0.1,0.08,0.0,0.2,2,28.290080429683297,17.430772167089387,32.44894433074956,False,False,0.0011489112756891567,0.0038129082428263275
100,headroom_after_load,50.0,-0.07930712947500268,0.024634133638890957,0.025,0.07361108612239119,0.1,0.08,0.0,0.2,2,28.289714932607275,17.43040427381521,32.44859160833205,False,False,0.05510836456947718,0.007084239284618362
100,headroom_after_load,50.050000000000004,-0.07749194768700461,0.0249849266229531,0.025,0.07361108612239119,0.1,0.08,0.0,0.2,2,28.289349435531253,17.430031141697185,32.44823386310549,False,False,0.055119350405982565,0.010156138727797798
100,headroom_after_load,50.1,-0.07565200444029331,0.025224812631531587,0.025,0.07361108612239119,0.1,0.08,0.0,0.2,2,28.28898393845523,17.42965442705215,32.447872683084995,False,False,0.055130177702417196,0.013643712642677984
100,headroom_after_load,50.150000000000006,-0.07379967820342392,0.024939642180934633,0.025,0.07361108612239119,0.1,0.08,0.0,0.2,2,28.28861844137921,17.429281971225073,32.4475155862611,False,False,0.05514084499293847,0.016513518051716712
100,headroom_after_load,50.2,-0.07194732750108486,0.021262697350980048,0.025,0.07361108612239119,0.1,0.08,0.0,0.2,2,28.288282184069267,17.428964427955197,32.44721113755905,False,False,0.05515135083336599,0.020376709722615006
100,headroom_after_load,50.25,-0.07008226378846065,0.017091606521715336,0.025,0.07361108612239119,0.1,0.08,0.0,0.2,2,28.28800440629149,17.428709176961743,32.44696641237976,False,False,0.05516169380137714,0.022478485376667044
100,headroom_after_load,50.300000000000004,-0.06819192549585269,0.01317844325505357,0.025,0.07361108612239119,0.1,0.08,0.0,0.2,2,28.287785108045874,17.428512366279918,32.44677771760234,False,False,0.05517187249669963,0.024719417985182762
100,headroom_after_load,50.35,-0.06628892430036373,0.00926293715725828,0.025,0.07361108612239119,0.1,0.08,0.0,0.2,2,28.287624289332424,17.42837403089824,32.44664508677248,False,False,0.05518188554130103,0.027462476977335604
100,headroom_after_load,50.400000000000006,-0.06438588702302375,0.0052083747570639246,0.025,0.07361108612239119,0.1,0.08,0.0,0.2,2,28.287521950151138,17.428296247523733,32.4465705109598,False,False,0.0551917315795754,0.02884495617819454
100,headroom_after_load,50.45,-0.06249530986823201,0.0009149975626696943,0.025,0.07361108612239119,0.1,0.08,0.0,0.2,2,28.287478090502017,17.42828258268558,32.446557409620134,False,False,0.055201409278526764,0.030683225705937976
100,headroom_after_load,50.5,-0.06062941494133603,-0.0029982720101411906,0.025,0.07361108612239119,0.1,0.08,0.0,0.2,2,28.287491284946462,17.42832131036571,32.44659780300694,False,False,0.05521091732794959,0.03192026099417886
100,headroom_after_load,50.550000000000004,-0.05880001069163176,-0.007030359406054673,0.025,0.07361108612239119,0.1,0.08,0.0,0.2,2,28.287557257168686,17.428412119174705,32.44669251757116,False,False,0.0552202544406062,0.03395002500673342
100,headroom_after_load,50.6,-0.057018357873978937,-0.011072704363760927,0.025,0.07361108612239119,0.1,0.08,0.0,0.2,2,28.287676007168685,17.428555141606072,32.44684169150495,False,False,0.055229419352401,0.035636011193727904
100,headroom_after_load,50.650000000000006,-0.05529993782971244,-0.015085541754946799,0.025,0.07361108612239119,0.1,0.08,0.0,0.2,2,28.28784753494646,17.428749996520406,32.44704492727582,False,False,0.05523841082255164,0.03622287088705804
100,headroom_after_load,50.7,-0.05366468093525743,-0.018379809581049452,0.025,0.07361108612239119,0.1,0.08,0.0,0.2,2,28.28806744235387,17.42898740239416,32.4472925441549,False,False,0.05524722763375699,0.038020145812805994
100,headroom_after_load,50.75,-0.0521271877128332,-0.02056485054584269,0.025,0.07361108612239119,0.1,0.08,0.0,0.2,2,28.288324000995846,17.42925303171371,32.44756959839142,False,False,0.055255868592361944,0.03872285743984302
100,headroom_after_load,50.800000000000004,-0.05070609743377408,-0.02173330739653982,0.025,0.07361108612239119,0.1,0.08,0.0,0.2,2,28.288604993794202,17.429533753600914,32.44786239433829,False,False,0.05526433252851904,0.03977530461266566
100,headroom_after_load,50.85,-0.04941920158820752,-0.0228078329256148,0.025,0.07361108612239119,0.1,0.08,0.0,0.2,2,28.288902276030143,17.429828354776202,32.44816966653187,False,False,0.055272618296346804,0.0404248966588434
100,headroom_after_load,50.900000000000006,-0.04827900604484227,-0.02366508531351746,0.025,0.07361108612239119,0.1,0.08,0.0,0.2,2,28.28921041789114,17.430134028794836,32.44848848782012,False,False,0.055280724774084904,0.040943328041785826
100,headroom_after_load,50.95,-0.04729394059915967,-0.023973132468827176,0.025,0.07361108612239119,0.1,0.08,0.0,0.2,2,28.289525799502176,17.430443681755893,32.44881145918811,False,False,0.055288650864246024,0.04179639212804353
100,headroom_after_load,51.0,-0.046469166591717424,-0.02463699426580682,0.025,0.07361108612239119,0.1,0.08,0.0,0.2,2,28.289846007613235,17.430761909598495,32.44914337424974,False,False,0.05529639549376442,0.04222937649134666
100,headroom_after_load,51.050000000000004,-0.045807122942574725,-0.024776242175041964,0.025,0.07361108612239119,0.1,0.08,0.0,0.2,2,28.29016943339098,17.431081936059922,32.449477165290155,False,False,0.055303957614141246,0.04277111484854596
100,headroom_after_load,51.1,-0.04530790404406132,-0.024678294969995466,0.025,0.07361108612239119,0.1,0.08,0.0,0.2,2,28.290495004279844,17.431400697369952,32.44980963676406,False,False,0.055311336201586445,0.0431738454998006
100,headroom_after_load,51.150000000000006,-0.04496953161331413,-0.0251212833786023,0.025,0.07361108612239119,0.1,0.08,0.0,0.2,2,28.29082200524279,17.431725180613594,32.45014807627624,False,False,0.05531853025715738,0.0435325644234112
100,headroom_after_load,51.2,-0.044788158867374854,-0.025139189115412082,0.025,0.07361108612239119,0.1,0.08,0.0,0.2,2,28.29114995958846,17.432049895139667,32.45048675701849,False,False,0.05532553880689411,0.044066055555649374
100,headroom_after_load,51.25,-0.044758219736298066,-0.02477877246108016,0.025,0.07361108612239119,0.1,0.08,0.0,0.2,2,28.29147854952261,17.432369954283956,32.45082058214748,False,False,0.055332360901951164,0.04421136378881002
100,headroom_after_load,51.300000000000004,-0.04487253004494403,-0.02522103853503329,0.025,0.07361108612239119,0.1,0.08,0.0,0.2,2,28.291807563182413,17.4326957260317,32.4511603655833,False,False,0.05533899561872609,0.0446312152490294
100,headroom_after_load,51.35,-0.04512237469738603,-0.024983161279816913,0.025,0.07361108612239119,0.1,0.08,0.0,0.2,2,28.292136859325986,17.43301842519823,32.451496944283875,False,False,0.055345442058984444,0.04490994684170828
100,headroom_after_load,51.400000000000006,-0.045497611999020214,-0.02486739990766069,0.025,0.07361108612239119,0.1,0.08,0.0,0.2,2,28.29246634379207,17.433339629113703,32.45183196342152,False,False,0.0553516993499814,0.045283553846014554
100,headroom_after_load,51.45,-0.04598679836247046,-0.025209430885810322,0.025,0.07361108612239119,0.1,0.08,0.0,0.2,2,28.2927959538065,17.433665250929312,32.45217159047651,False,False,0.05535776664457993,0.04597522041842625
100,headroom_after_load,51.5,-0.046577332502500866,-0.02497964251257438,0.025,0.07361108612239119,0.1,0.08,0.0,0.2,2,28.293125647519823,17.4339879046451,32.45250812177147,False,False,0.05536364312136545,0.04690206544994112
100,headroom_after_load,51.550000000000004,-0.04725564493788117,-0.025164436669748463,0.025,0.07361108612239119,0.1,0.08,0.0,0.2,2,28.293455397032407,17.434312945285416,32.452847142654385,False,False,0.055369327984757084,0.04714024925146402
100,headroom_after_load,51.6,-0.04800741260797631,-0.02520070725595996,0.025,0.07361108612239119,0.1,0.08,0.0,0.2,2,28.2937851837445,17.434638454420806,32.453186652182694,False,False,0.05537482046511533,0.04761637637513099
100,headroom_after_load,51.650000000000006,-0.048817754695354425,-0.024793578334073883,0.025,0.07361108612239119,0.1,0.08,0.0,0.2,2,28.294114995256265,17.43495870480762,32.453520676779696,False,False,0.05538011981884627,0.04815536580734497
100,headroom_after_load,51.7,-0.049671415389390225,-0.024906445970071685,0.025,0.07361108612239119,0.1,0.08,0.0,0.2,2,28.294444823301145,17.435280413068067,32.453856221954574,False,False,0.05538522532850223,0.04874163986136877
100,headroom_after_load,51.75,-0.05055294901744228,-0.025200899646093258,0.025,0.07361108612239119,0.1,0.08,0.0,0.2,2,28.294774662368102,17.435605924688495,32.45419573407481,False,False,0.05539013630287893,0.048323187814811035
100,headroom_after_load,51.800000000000004,-0.051446906129513276,-0.02519086406199496,0.025,0.07361108612239119,0.1,0.08,0.0,0.2,2,28.295104508783112,17.43593130668263,32.45453511099342,False,False,0.05539485207710906,0.04940770552791822
100,headroom_after_load,51.85,-0.052338017860831726,-0.024779725779933134,0.025,0.07361108612239119,0.1,0.08,0.0,0.2,2,28.29543436009682,17.43625137814062,32.45486894896573,False,False,0.05539937201275227,0.05004187244997005
100,headroom_after_load,51.900000000000006,-0.05321137615977531,-0.024565505391390803,0.025,0.07361108612239119,0.1,0.08,0.0,0.2,2,28.295764214676332,17.43656868258526,32.455199900913364,False,False,0.05540369549788163,0.05075347192198906
100,headroom_after_load,51.95,-0.054052607696911135,-0.02457826607350057,0.025,0.07361108612239119,0.1,0.08,0.0,0.2,2,28.296094071433043,17.436886151855376,32.455531024775745,False,False,0.05540782194716646,0.05108525549424608
100,headroom_after_load,52.0,0.07515196057547491,-0.024810020853312766,0.025,0.07361108612239119,0.1,0.08,0.0,0.2,2,28.29642392964122,17.43720661462473,32.455865270890015,False,False,0.055411750801951584,0.051990370261031295
100,headroom_after_load,52.050000000000004,0.07441514612138851,-0.02480233675044722,0.025,0.07361108612239119,0.1,0.08,0.0,0.2,2,28.296753788817043,17.43752697814109,32.456199413482345,False,False,0.055415481530332954,0.05186762556997319
100,headroom_after_load,52.1,0.07374876754344292,-0.025075909759805576,0.025,0.07361108612239119,0.1,0.08,0.0,0.2,2,28.29708364863796,17.437850875308822,32.456537241711054,False,False,0.05541901362722967,0.05253122225035064
100,headroom_after_load,52.150000000000006,0.07316351493183668,-0.024856476430415587,0.025,0.07361108612239119,0.1,0.08,0.0,0.2,2,28.297413508888944,17.438171938129383,32.456872113685186,False,False,0.05542234661445234,0.053459390938456336
100,headroom_after_load,52.2,0.07266883525904833,-0.020992144996493434,0.025,0.07361108612239119,0.1,0.08,0.0,0.2,2,28.297716980423065,17.438443086668922,32.4571549245275,False,False,0.05542548004076786,0.05401173339908789
100,headroom_after_load,52.25,0.07224790469050046,-0.017282445226981857,0.025,0.07361108612239119,0.1,0.08,0.0,0.2,2,28.297967674179407,17.438666318253105,32.457387757470144,False,False,0.05542841348196046,0.05339974037938822
100,headroom_after_load,52.300000000000004,0.07188265064817208,-0.01341390126901198,0.025,0.07361108612239119,0.1,0.08,0.0,0.2,2,28.29816559015797,17.438839581144496,32.457568472528905,False,False,0.05543114654088917,0.05471606504520067
100,headroom_after_load,52.35,0.07157866326029352,-0.009145023805952368,0.025,0.07361108612239119,0.1,0.08,0.0,0.2,2,28.298310728358757,17.438957704368654,32.45769167632184,False,False,0.05543367884754154,0.054233609151884576
100,headroom_after_load,52.400000000000006,0.07134008783409632,-0.005071590738488415,0.025,0.07361108612239119,0.1,0.08,0.0,0.2,2,28.298403088781765,17.439023212415695,32.45776000191929,False,False,0.055436010059083794,0.055026292879492254
100,headroom_after_load,52.45,0.07116959439161952,-0.0009648625767668096,0.025,0.07361108612239119,0.1,0.08,0.0,0.2,2,28.298442671426994,17.439035675223977,32.45777300076234,False,False,0.05543813985990722,0.05454762720535959
100,headroom_after_load,52.5,0.07106839335403213,0.0026533904960004545,0.025,0.07361108612239119,0.1,0.08,0.0,0.2,2,28.298428050781514,17.43899604872314,32.45773500834401,False,False,0.05544006796167086,0.0553080251569379
100,headroom_after_load,52.550000000000004,0.07103628918895066,0.006936246145907783,0.025,0.07361108612239119,0.1,0.08,0.0,0.2,2,28.29835495060387,17.438892460817737,32.45763569210481,False,False,0.05544179410334061,0.055143510291713924
100,headroom_after_load,52.6,0.07107174153455563,0.010645134374952396,0.025,0.07361108612239119,0.1,0.08,0.0,0.2,2,28.29822337089406,17.438733483303178,32.457483270364044,False,False,0.05544331805122451,0.05541297098506527
100,headroom_after_load,52.650000000000006,0.07117193012789419,0.015057409563291668,0.025,0.07361108612239119,0.1,0.08,0.0,0.2,2,28.298033311652087,17.438508611595243,32.45726767171623,False,False,0.055444639599004426,0.05568641471389763
100,headroom_after_load,52.7,0.07133282661847411,0.0182625624241024,0.025,0.07361108612239119,0.1,0.08,0.0,0.2,2,28.29778964629937,17.438235873207788,32.457006180272586,False,False,0.05544575856776393,0.05542505564513887
100,headroom_after_load,52.75,0.07155342744324653,0.02040196541188577,0.025,0.07361108612239119,0.1,0.08,0.0,0.2,2,28.297505370372217,17.43793118435755,32.45671405591102,False,False,0.05544667480601257,0.05585591210540409
100,headroom_after_load,52.800000000000004,0.07183856787185298,0.022004769708257287,0.025,0.07361108612239119,0.1,0.08,0.0,0.2,2,28.297194020728774,17.437602558764535,32.45639898188885,False,False,0.055447388189706355,0.05673630299238447
100,headroom_after_load,52.85,0.07219246618344821,0.022943674289139702,0.025,0.07361108612239119,0.1,0.08,0.0,0.2,2,28.29686462194114,17.437259911299048,32.456070464215756,False,False,0.05544789862226454,0.05671890786344381
100,headroom_after_load,52.900000000000006,0.07261446094939003,0.02340563642742202,0.025,0.07361108612239119,0.1,0.08,0.0,0.2,2,28.296523190390708,17.43691036475742,32.455735331964505,False,False,0.055448206034582746,0.056686302979794545
100,headroom_after_load,52.95,0.0731003883039754,0.024503180083965098,0.025,0.07361108612239119,0.1,0.08,0.0,0.2,2,28.296173736998412,17.436544427181495,32.45538448459789,False,False,0.055448310385042256,0.056006194934379
100,headroom_after_load,53.0,0.07364354842585027,0.024320177568673974,0.025,0.07361108612239119,0.1,0.08,0.0,0.2,2,28.29581893571154,17.436181222618043,32.45503625754221,False,False,0.05544821165951569,0.05681007873166613
100,headroom_after_load,53.050000000000004,0.07423539996044333,0.024809704199973092,0.025,0.07361108612239119,0.1,0.08,0.0,0.2,2,28.29546056916162,17.435810707322343,32.45468102122778,False,False,0.055447909871368904,0.055996581279432425
100,headroom_after_load,53.1,0.07486607426647529,0.025056758063146087,0.025,0.07361108612239119,0.1,0.08,0.0,0.2,2,28.295099825769665,17.43543650245282,32.4543222474869,False,False,0.05544740506145918,0.05666751811624429
100,headroom_after_load,53.150000000000006,0.07552477012547071,0.0245553312896782,0.025,0.07361108612239119,0.1,0.08,0.0,0.2,2,28.294737497816353,17.43506978603571,32.45397065339627,False,False,0.055446697298129705,0.05628670429380089
100,headroom_after_load,53.2,0.0762000687194138,0.02502425426911718,0.025,0.07361108612239119,0.1,0.08,0.0,0.2,2,28.294374113488804,17.434696066587247,32.453612345059085,False,False,0.05544578667720029,0.0567044755204804
100,headroom_after_load,53.25,0.07688019479650744,0.025046272667931687,0.025,0.07361108612239119,0.1,0.08,0.0,0.2,2,28.294010024911763,17.43432201830965,32.453253721452725,False,False,0.05544467332195445,0.05672755892165564
100,headroom_after_load,53.300000000000004,0.07755324070053116,0.024946593169633147,0.025,0.07361108612239119,0.1,0.08,0.0,0.2,2,28.293645466835063,17.4339494586745,32.4528965251015,False,False,0.05544335738312266,0.05618734394066299
100,headroom_after_load,53.35,0.07820736379653719,0.024981188190020036,0.025,0.07361108612239119,0.1,0.08,0.0,0.2,2,28.29328059575859,17.433576382387315,32.45253883340348,False,False,0.055441839038861955,0.056286495081184544
100,headroom_after_load,53.400000000000006,0.07883096375802004,0.025077144423831882,0.025,0.07361108612239119,0.1,0.08,0.0,0.2,2,28.292915516015597,17.43320187306199,32.45217976776167,False,False,0.05544011849473186,0.056033491815045335
100,headroom_after_load,53.45,0.07941284350331171,0.025289272213141315,0.025,0.07361108612239119,0.1,0.08,0.0,0.2,2,28.292550297161593,17.432824195758926,32.451817664780386,False,False,0.05543819598366651,0.05591690790156941
100,headroom_after_load,53.5,0.07994235582456799,0.02496932964144095,0.025,0.07361108612239119,0.1,0.08,0.0,0.2,2,28.292184985566916,17.432451296570733,32.451460142878304,False,False,0.05543607176594312,0.055608885795752606
100,headroom_after_load,53.550000000000004,0.08040953663587809,0.024800915944628153,0.025,0.07361108612239119,0.1,0.08,0.0,0.2,2,28.291819612145122,17.432080912521382,32.451105032398,False,False,0.05543374612914677,0.05601180783059559
100,headroom_after_load,53.6,0.08080522507344431,0.024761364865028116,0.025,0.07361108612239119,0.1,0.08,0.0,0.2,2,28.291454197505253,17.431711119139287,32.450750488227534,False,False,0.055431219388131454,0.05522055151513044
100,headroom_after_load,53.650000000000006,0.08112117027353181,0.024929718121570507,0.025,0.07361108612239119,0.1,0.08,0.0,0.2,2,28.291088755386667,17.431338811520984,32.45039353350071,False,False,0.055428491884977456,0.05498933963185057
100,headroom_after_load,53.7,0.08135012444096598,0.024850415293285504,0.025,0.07361108612239119,0.1,0.08,0.0,0.2,2,28.290723294948936,17.43096768823405,32.45003771426684,False,False,0.05542556398894505,0.05409044321296797
100,headroom_after_load,53.75,0.08148592174024755,0.025022041148555833,0.025,0.07361108612239119,0.1,0.08,0.0,0.2,2,28.29035782229844,17.430594001836965,32.449679437618094,False,False,0.055422436096424485,0.054274432155932695
100,headroom_after_load,53.800000000000004,0.0815235425506747,0.02478658263544612,0.025,0.07361108612239119,0.1,0.08,0.0,0.2,2,28.2899923415061,17.430223831845396,32.44932453236844,False,False,0.055419108630882334,0.0538924331607271
100,headroom_after_load,53.85,0.08145916269728608,0.025336909595643685,0.025,0.07361108612239119,0.1,0.08,0.0,0.2,2,28.289626855285867,17.429845443111887,32.44896174729405,False,False,0.055415582042804175,0.05361978793384333
100,headroom_after_load,53.900000000000006,0.08129018738089333,0.025531814416868283,0.025,0.07361108612239119,0.1,0.08,0.0,0.2,2,28.289261365447036,17.429464143613426,32.44859617148625,False,False,0.05541185680963358,0.053310587940601825
100,headroom_after_load,53.95,0.08101526966878683,0.025239123198600423,0.025,0.07361108612239119,0.1,0.08,0.0,0.2,2,28.28889587319581,17.429087215250245,32.448234786560725,False,False,0.055407933435707483,0.05318695758268439
100,headroom_after_load,54.0,0.08063431356265144,0.02527257201790324,0.025,0.07361108612239119,0.1,0.08,0.0,0.2,2,28.288530379336315,17.428709787352727,32.44787292270021,False,False,0.05540381245218792,0.053069597399531376
100,headroom_after_load,54.050000000000004,0.0801484618242655,0.02499566983328205,0.025,0.07361108612239119,0.1,0.08,0.0,0.2,2,28.288164884404644,17.428336494792493,32.44751502364762,False,False,0.05539949441699008,0.05337433991570395
100,headroom_after_load,54.1,0.07956007028263938,0.024754498877153412,0.025,0.07361108612239119,0.1,0.08,0.0,0.2,2,28.287799388758188,17.427966803949047,32.44716057778741,False,False,0.05539497991470682,0.05251651029537102
100,headroom_after_load,54.150000000000006,0.07887269810474787,0.02492320411148963,0.025,0.07361108612239119,0.1,0.08,0.0,0.2,2,28.28743389263521,17.427594593612856,32.446803716331054,False,False,0.05539026955652948,0.052303455223819136
100,headroom_after_load,54.2,0.07809109938430596,0.025356762799838537,0.025,0.07361108612239119,0.1,0.08,0.0,0.2,2,28.287068396194552,17.427215908385858,32.44644064698971,False,False,0.05538536398016516,0.052683384058214475
100,headroom_after_load,54.25,0.077221196918585,0.025219799149671707,0.025,0.07361108612239119,0.1,0.08,0.0,0.2,2,28.286702899542107,17.42683926861361,32.44607953875446,False,False,0.05538026384975035,0.052803285642669145
100,headroom_after_load,54.300000000000004,0.07627010975411724,0.024827194350494134,0.025,0.07361108612239119,0.1,0.08,0.0,0.2,2,28.28633740274847,17.426468492114946,32.445724052008316,False,False,0.0553749698557611,0.052028147374641384
100,headroom_after_load,54.35,0.07524616954789722,0.024944938922435385,0.025,0.07361108612239119,0.1,0.08,0.0,0.2,2,28.285971905860702,17.426095957184803,32.44536687934333,False,False,0.055369482714919434,0.05277976714774905
100,headroom_after_load,54.400000000000006,0.07415883753790185,0.024838702539870226,0.025,0.07361108612239119,0.1,0.08,0.0,0.2,2,28.285606408910184,17.425725008819512,32.44501122781785,False,False,0.055363803170096385,0.052926628152956
100,headroom_after_load,54.45,0.07301858743234337,0.02512995709317715,0.025,0.07361108612239119,0.1,0.08,0.0,0.2,2,28.28524091191783,17.425349710774512,32.44465140598089,False,False,0.05535793199021142,0.05325458547131052
100,headroom_after_load,54.5,0.07183677721523206,0.02495625987258967,0.025,0.07361108612239119,0.1,0.08,0.0,0.2,2,28.284875414897584,17.424977006774025,32.44429407121754,False,False,0.055351869970128295,0.05259316424143037
100,headroom_after_load,54.550000000000004,0.070625511409978,0.024920625207267923,0.025,0.07361108612239119,0.1,0.08,0.0,0.2,2,28.28450991785875,17.424604834951932,32.443937246687085,False,False,0.05534561793054751,0.05267200321297236
100,headroom_after_load,54.6,0.06939749544471419,0.0251525739826277,0.025,0.07361108612239119,0.1,0.08,0.0,0.2,2,28.284144420807518,17.424229199139766,32.443577101011506,False,False,0.05533917671789513,0.05291838999744527
100,headroom_after_load,54.650000000000006,0.06816588384551693,0.025053512175363696,0.025,0.07361108612239119,0.1,0.08,0.0,0.2,2,28.283778923748024,17.42385504274527,32.44321837374668,False,False,0.05533254720420824,0.05312074579771335
100,headroom_after_load,54.7,0.06694412404585083,0.024895848179803726,0.025,0.07361108612239119,0.1,0.08,0.0,0.2,2,28.28341342668302,17.42348324095047,32.44286190398466,False,False,0.055325730287016886,0.05362617359420933
100,headroom_after_load,54.75,0.06574579764174687,0.025059663511052703,0.025,0.07361108612239119,0.1,0.08,0.0,0.2,2,28.28304792961434,17.42310899269015,32.44250308864229,False,False,0.05531872688922252,0.0532314355169762
100,headroom_after_load,54.800000000000004,0.06458446031015055,0.02523931676413946,0.025,0.07361108612239119,0.1,0.08,0.0,0.2,2,28.282682432543215,17.422732061436204,32.44214170094521,False,False,0.0553115379589731,0.05406268331532855
100,headroom_after_load,54.85,0.06347346656197152,0.02499225376974243,0.025,0.07361108612239119,0.1,0.08,0.0,0.2,2,28.282316935470455,17.42235881989245,32.44178385080532,False,False,0.05530416446953471,0.05449401729026088
100,headroom_after_load,54.900000000000006,0.062425775541649,0.024996327491366842,0.025,0.07361108612239119,0.1,0.08,0.0,0.2,2,28.281951438396607,17.42198551751056,32.44142594233609,False,False,0.05529660741915978,0.05488235930491285
100,headroom_after_load,54.95,0.06145376725711021,0.024913537602245076,0.025,0.07361108612239119,0.1,0.08,0.0,0.2,2,28.281585941322035,17.42161345153681,32.44106921928909,False,False,0.055288867830951965,0.05553418478258941
100,headroom_after_load,55.0,0.060569462467262476,0.024909039195619213,0.025,0.07361108612239119,0.1,0.08,0.0,0.2,2,28.28122044424698,17.421241452743566,32.440712560652265,False,False,0.055280946752727614,0.05562279546115826
100,headroom_after_load,55.050000000000004,0.059789716252258214,0.024956108238203458,0.025,0.07361108612239119,0.1,0.08,0.0,0.2,2,28.2808549471716,17.42086875100763,32.44035522806008,False,False,0.05527284525687393,0.0556165770962304
100,headroom_after_load,55.1,0.05913270782575369,0.0248787059620341,0.025,0.07361108612239119,0.1,0.08,0.0,0.2,2,28.28048945009601,17.420497205219668,32.43999900374791,False,False,0.05526456444020376,0.05615408076307551
100,headroom_after_load,55.150000000000006,0.058608883200081674,0.02494863746698903,0.025,0.07361108612239119,0.1,0.08,0.0,0.2,2,28.280123953020272,17.42012461505439,32.43964177812553,False,False,0.05525610542380712,0.05652718394030953
100,headroom_after_load,55.2,0.05822546893133466,0.025102731354931532,0.025,0.07361108612239119,0.1,0.08,0.0,0.2,2,28.27975845594444,17.419749723606436,32.43928234611872,False,False,0.05524746935289944,0.05690008204151858
100,headroom_after_load,55.25,0.057988327022769875,0.024947162105491184,0.025,0.07361108612239119,0.1,0.08,0.0,0.2,2,28.27939295886854,17.419377155474635,32.43892514162122,False,False,0.05523865739666646,0.05699859573654479
100,headroom_after_load,55.300000000000004,0.05790184699133174,0.02507333560820272,0.025,0.07361108612239119,0.1,0.08,0.0,0.2,2,28.2790274617926,17.419002703031264,32.43856613051572,False,False,0.05522967074810601,0.05814138076938972
100,headroom_after_load,55.35,0.05796881754294454,0.024802490743523732,0.025,0.07361108612239119,0.1,0.08,0.0,0.2,2,28.278661964716633,17.41863229546341,32.43821099748674,False,False,0.05522051062386644,0.05884068311088891
100,headroom_after_load,55.400000000000006,0.058190323360828466,0.025138532817793192,0.025,0.07361108612239119,0.1,0.08,0.0,0.2,2,28.278296467640647,17.41825686934606,32.43785105285877,False,False,0.05521117826408195,0.05877057641649947
100,headroom_after_load,55.45,0.058565687585093895,0.025102768014533115,0.025,0.07361108612239119,0.1,0.08,0.0,0.2,2,28.27793097056465,17.41788197735062,32.43749162032706,False,False,0.05520167493220466,0.058129769975603277
100,headroom_after_load,55.5,0.05909245554491106,0.025113932472777913,0.025,0.07361108612239119,0.1,0.08,0.0,0.2,2,28.277565473488643,17.417506918621935,32.4371320279377,False,False,0.05519200191483359,0.059168727760746866
100,headroom_after_load,55.550000000000004,0.059766413152987585,0.024941662872966997,0.025,0.07361108612239119,0.1,0.08,0.0,0.2,2,28.277199976412632,17.41713443261726,32.436774902180645,False,False,0.05518216052154044,0.05894607621285856
100,headroom_after_load,55.6,0.060581635327115205,0.025401241103714885,0.025,0.07361108612239119,0.1,0.08,0.0,0.2,2,28.276834479336618,17.416755083138412,32.436411195979275,False,False,0.05517215208469233,0.05871530991476485
100,headroom_after_load,55.650000000000006,0.061530560922275046,0.025042765189173498,0.025,0.07361108612239119,0.1,0.08,0.0,0.2,2,28.2764689822606,17.416381087242517,32.43605262259455,False,False,0.055161977959271406,0.05894276612161689
100,headroom_after_load,55.7,0.0626040911802146,0.024612080959831285,0.025,0.07361108612239119,0.1,0.08,0.0,0.2,2,28.276103485184578,17.416013523309424,32.435700215937054,False,False,0.05515163952269138,0.05911163650856034
100,headroom_after_load,55.75,0.06379170895283959,0.02520286189241355,0.025,0.07361108612239119,0.1,0.08,0.0,0.2,2,28.275737988108556,17.415637136483074,32.43533935021694,False,False,0.05514113817461107,0.05897222563750455
100,headroom_after_load,55.800000000000004,0.06508161609326162,0.0251570283043121,0.025,0.07361108612239119,0.1,0.08,0.0,0.2,2,28.275372491032535,17.415261434148782,32.434979140762415,False,False,0.05513047533674491,0.058472966846742254
100,headroom_after_load,55.85,0.06646088647984005,0.024987830010220872,0.025,0.07361108612239119,0.1,0.08,0.0,0.2,2,28.275006993956513,17.414888258670732,32.43462135396387,False,False,0.05511965245267046,0.05891375624713858
100,headroom_after_load,55.900000000000006,0.06791112595684179,0.02512743254067198,0.025,0.07361108612239119,0.1,0.08,0.0,0.2,2,28.27464149688049,17.414512998328128,32.43426156827457,False,False,0.05510867098763298,0.05834484327222172
100,headroom_after_load,55.95,0.06940871060525657,0.02467808124556145,0.025,0.07361108612239119,0.1,0.08,0.0,0.2,2,28.27427599980447,17.414144448727686,32.433908216595796,False,False,0.05509753242834705,0.05895867907622254
100,headroom_after_load,56.0,-0.05546716961706098,0.02469134701862558,0.025,0.07361108612239119,0.1,0.08,0.0,0.2,2,28.273910502728448,17.413775701012355,32.433554674971816,False,False,0.05508623828279529,0.05860519021143924
100,headroom_after_load,56.050000000000004,-0.0539271632241352,0.024790933118003032,0.025,0.07361108612239119,0.1,0.08,0.0,0.2,2,28.273545005652426,17.413405466049422,32.433199707430035,False,False,0.055074790080024215,0.05798707972242285
100,headroom_after_load,56.1,-0.052389192966302935,0.024935651465284862,0.025,0.07361108612239119,0.1,0.08,0.0,0.2,2,28.273179508576405,17.413033069820848,32.43284266774697,False,False,0.05506318936993723,0.05739682818683704
100,headroom_after_load,56.150000000000006,-0.05086873949848147,0.025171137998075056,0.025,0.07361108612239119,0.1,0.08,0.0,0.2,2,28.272814011500383,17.412657156768308,32.432482256263604,False,False,0.05505143772308478,0.05760936415137549
100,headroom_after_load,56.2,-0.04938103537942359,0.02101986197132188,0.025,0.07361108612239119,0.1,0.08,0.0,0.2,2,28.27247775419044,17.4123432400722,32.432181284585894,False,False,0.05503953673045174,0.05747488518964056
100,headroom_after_load,56.25,-0.04791600015144275,0.017025013246608222,0.025,0.07361108612239119,0.1,0.08,0.0,0.2,2,28.27219997641266,17.41208898360197,32.43193751291856,False,False,0.055027488003241996,0.05721514820674588
100,headroom_after_load,56.300000000000004,-0.046463401527495854,0.0132786852019999,0.025,0.07361108612239119,0.1,0.08,0.0,0.2,2,28.271980678167047,17.411890675877924,32.43174738283262,False,False,0.055015293172660344,0.05696696739494094
100,headroom_after_load,56.35,-0.04503789562925502,0.008919307193650179,0.025,0.07361108612239119,0.1,0.08,0.0,0.2,2,28.271819859453597,17.411757472365473,32.431619672248516,False,False,0.05500295388969164,0.05625781989603116
100,headroom_after_load,56.400000000000006,-0.04365385005490696,0.004750984127512517,0.025,0.07361108612239119,0.1,0.08,0.0,0.2,2,28.27171752027231,17.41168651979487,32.431551645557114,False,False,0.05499047182487728,0.05593699009708766
100,headroom_after_load,56.45,-0.042325178713520914,0.0011140001057916992,0.025,0.07361108612239119,0.1,0.08,0.0,0.2,2,28.27167366062319,17.411669882995202,32.43153569481104,False,False,0.05497784866808902,0.055855756533842345
100,headroom_after_load,56.5,-0.04106518278066114,-0.003069319910942254,0.025,0.07361108612239119,0.1,0.08,0.0,0.2,2,28.271686855067635,17.411709528377386,32.43157704537095,False,False,0.054965086128300235,0.05532529233753686
100,headroom_after_load,56.550000000000004,-0.03988639958218561,-0.007082313772254902,0.025,0.07361108612239119,0.1,0.08,0.0,0.2,2,28.27175282728986,17.411801008263613,32.43167245987594,False,False,0.054952185933354505,0.05519414562360347
100,headroom_after_load,56.6,-0.038800461111949285,-0.010626508268069138,0.025,0.07361108612239119,0.1,0.08,0.0,0.2,2,28.271871577289858,17.411938267328743,32.431815622556776,False,False,0.05493914982973174,0.054741145262375925
100,headroom_after_load,56.650000000000006,-0.03781796376871602,-0.014937222312947047,0.025,0.07361108612239119,0.1,0.08,0.0,0.2,2,28.272043105067635,17.412131206450287,32.43201686013516,False,False,0.05492597958231169,0.054937538920135205
100,headroom_after_load,56.7,-0.03694835075947078,-0.018563482798869792,0.025,0.07361108612239119,0.1,0.08,0.0,0.2,2,28.272263012475044,17.412370984769773,32.432266951500644,False,False,0.05491267697413502,0.05382072880782449
100,headroom_after_load,56.75,-0.036203960921181506,-0.020291958013456998,0.025,0.07361108612239119,0.1,0.08,0.0,0.2,2,28.27251957111702,17.412633089227445,32.43254032926833,False,False,0.05489924380616196,0.05382382307790431
100,headroom_after_load,56.800000000000004,-0.03560266176219748,-0.022062014798904926,0.025,0.07361108612239119,0.1,0.08,0.0,0.2,2,28.272800563915375,17.412918056918596,32.43283755363437,False,False,0.054885681897028395,0.053637962420516896
100,headroom_after_load,56.85,-0.035161198690432834,-0.02321071564391397,0.025,0.07361108612239119,0.1,0.08,0.0,0.2,2,28.273097846151316,17.413217861995662,32.433150253553464,False,False,0.05487199308279975,0.05346513573535429
100,headroom_after_load,56.900000000000006,-0.03489073293787063,-0.023741992735865487,0.025,0.07361108612239119,0.1,0.08,0.0,0.2,2,28.273405988012314,17.413524529401833,32.4334701109556,False,False,0.05485817921672233,0.05240182750143891
100,headroom_after_load,56.95,-0.034798040581096146,-0.024439711663095037,0.025,0.07361108612239119,0.1,0.08,0.0,0.2,2,28.27372136962335,17.413840209010814,32.43379936818217,False,False,0.05484424216897249,0.05162443048103705
100,headroom_after_load,57.0,-0.03488633180858701,-0.02429016057659454,0.025,0.07361108612239119,0.1,0.08,0.0,0.2,2,28.27404157773441,17.414153956918263,32.434126610623274,False,False,0.054830183826403395,0.051609480526304936
100,headroom_after_load,57.050000000000004,-0.03515582113264516,-0.024533437340476312,0.025,0.07361108612239119,0.1,0.08,0.0,0.2,2,28.274365003512152,17.41447084715058,32.434457130543,False,False,0.05481600609228958,0.051951058887748466
100,headroom_after_load,57.1,-0.035604132709581175,-0.024484531264951814,0.025,0.07361108612239119,0.1,0.08,0.0,0.2,2,28.274690574401017,17.414787105679416,32.43478699158921,False,False,0.054801710886069305,0.05175522382827933
100,headroom_after_load,57.150000000000006,-0.03622660228582345,-0.02497578156927581,0.025,0.07361108612239119,0.1,0.08,0.0,0.2,2,28.275017575363965,17.415109709524685,32.43512347086869,False,False,0.05478730014308466,0.05059676729549907
100,headroom_after_load,57.2,-0.037016516577088314,-0.024953644425933817,0.025,0.07361108612239119,0.1,0.08,0.0,0.2,2,28.275345529709632,17.415432027431855,32.43545965191165,False,False,0.05477277581431956,0.050896747640580005
100,headroom_after_load,57.25,-0.037965316791009826,-0.024562343511803846,0.025,0.07361108612239119,0.1,0.08,0.0,0.2,2,28.27567411964378,17.41574929103555,32.43579056126174,False,False,0.054758139866135626,0.05095048820370557
100,headroom_after_load,57.300000000000004,-0.03906278356114108,-0.025083630706544534,0.025,0.07361108612239119,0.1,0.08,0.0,0.2,2,28.276003133303586,17.416073287932175,32.43612849350876,False,False,0.05474339428000594,0.05036784135062431
100,headroom_after_load,57.35,-0.040297214206619,-0.024804168858169814,0.025,0.07361108612239119,0.1,0.08,0.0,0.2,2,28.27633242944716,17.41639367511326,32.436462660783654,False,False,0.05472854105224685,0.050323144114813784
100,headroom_after_load,57.400000000000006,-0.04165559894463049,-0.02517593930591919,0.025,0.07361108612239119,0.1,0.08,0.0,0.2,2,28.276661913913244,17.416718864329294,32.43680183663264,False,False,0.05471358219374762,0.05051807883737142
100,headroom_after_load,57.45,-0.043123802264685644,-0.024556226855733766,0.025,0.07361108612239119,0.1,0.08,0.0,0.2,2,28.276991523927673,17.41703604892618,32.43713266357778,False,False,0.054698519729698226,0.050651543641684484
100,headroom_after_load,57.5,-0.04468676170229022,-0.02474139082162117,0.025,0.07361108612239119,0.1,0.08,0.0,0.2,2,28.277321217640996,17.417355625224296,32.43746598509301,False,False,0.054683355699315206,0.05034608611244878
100,headroom_after_load,57.550000000000004,-0.04632868454939791,-0.02503773270055743,0.025,0.07361108612239119,0.1,0.08,0.0,0.2,2,28.27765096715358,17.417679029271678,32.437803298991895,False,False,0.05466809215556552,0.05066503189357271
100,headroom_after_load,57.6,-0.048033223301157515,-0.02543358933156518,0.025,0.07361108612239119,0.1,0.08,0.0,0.2,2,28.277980753865673,17.418007546467212,32.43814594595928,False,False,0.05465273116488867,0.050759716622477996
100,headroom_after_load,57.650000000000006,-0.049783636808367976,-0.025203300112816508,0.025,0.07361108612239119,0.1,0.08,0.0,0.2,2,28.27831056537744,17.418333089093668,32.43848549041913,False,False,0.054637274806916894,0.05050857021431192
100,headroom_after_load,57.7,-0.05156295657787586,-0.024933805641874893,0.025,0.07361108612239119,0.1,0.08,0.0,0.2,2,28.278640393422318,17.418655150749874,32.43882140418959,False,False,0.054621725174193655,0.05167249584816477
100,headroom_after_load,57.75,-0.05335416526036743,-0.025279252292214182,0.025,0.07361108612239119,0.1,0.08,0.0,0.2,2,28.278970232489275,17.418981674425314,32.43916197189408,False,False,0.0546060843718903,0.051847232655022404
100,headroom_after_load,57.800000000000004,-0.05514038234676619,-0.025062026060990988,0.025,0.07361108612239119,0.1,0.08,0.0,0.2,2,28.279300078904285,17.419305392261936,32.43949961307851,False,False,0.054590354517521096,0.052239182300328126
100,headroom_after_load,57.85,-0.056905051853713036,-0.024791607916151825,0.025,0.07361108612239119,0.1,0.08,0.0,0.2,2,28.279629930217993,17.41962561719752,32.4398336111296,False,False,0.05457453774065653,0.0523446085472583
100,headroom_after_load,57.900000000000006,-0.05863195721694657,-0.024966006714373483,0.025,0.07361108612239119,0.1,0.08,0.0,0.2,2,28.279959784797505,17.41994809478425,32.440169958720055,False,False,0.054558636182635,0.052582131354674023
100,headroom_after_load,57.95,-0.060297109936314194,-0.025109860108030735,0.025,0.07361108612239119,0.1,0.08,0.0,0.2,2,28.280289641554216,17.42027243047731,32.4405082443354,False,False,0.054542651996272916,0.05321143844308901
100,headroom_after_load,58.0,0.064524290424506,-0.02507263740637722,0.025,0.07361108612239119,0.1,0.08,0.0,0.2,2,28.280619499762395,17.420596285377144,32.440846028478234,False,False,0.054526587345573245,0.05323392435169041
100,headroom_after_load,58.050000000000004,0.0630407269766819,-0.02491847729777425,0.025,0.07361108612239119,0.1,0.08,0.0,0.2,2,28.280949358938216,17.42091814904224,32.44118173574183,False,False,0.05451044440543254,0.05414704692462727
100,headroom_after_load,58.1,0.06166656732612092,-0.025133964204521627,0.025,0.07361108612239119,0.1,0.08,0.0,0.2,2,28.281279218759135,17.42124279607988,32.441520346092915,False,False,0.05449422536134649,0.05485400190893512
100,headroom_after_load,58.150000000000006,0.060412408476787915,-0.02543630183785968,0.025,0.07361108612239119,0.1,0.08,0.0,0.2,2,28.281609079010117,17.421571348311954,32.44186302960379,False,False,0.05447793240911402,0.055405715294234374
100,headroom_after_load,58.2,0.05928734661303697,-0.021031101455145886,0.025,0.07361108612239119,0.1,0.08,0.0,0.2,2,28.281912550544238,17.421843000039082,32.442146365276166,False,False,0.05446156775454007,0.055897272021030384
100,headroom_after_load,58.25,0.05827400158010749,-0.017024486898797365,0.025,0.07361108612239119,0.1,0.08,0.0,0.2,2,28.28216324430058,17.422062899661526,32.442375722946885,False,False,0.054445133613136916,0.05566151715336927
100,headroom_after_load,58.300000000000004,0.05735377856537379,-0.01269098542611125,0.025,0.07361108612239119,0.1,0.08,0.0,0.2,2,28.282361160279144,17.422226824889947,32.442546698722765,False,False,0.05442863220982422,0.05532172219582583
100,headroom_after_load,58.35,0.056532015612938274,-0.008994162123537059,0.025,0.07361108612239119,0.1,0.08,0.0,0.2,2,28.28250629847993,17.42234299948404,32.4426678700736,False,False,0.054412065778627845,0.05622245975929027
100,headroom_after_load,58.400000000000006,0.055812920386155374,-0.004916541967684855,0.025,0.07361108612239119,0.1,0.08,0.0,0.2,2,28.282598658902938,17.42240650481779,32.44273410681955,False,False,0.054395436562377386,0.05595336124347042
100,headroom_after_load,58.45,0.05519952728420313,-0.0009831895717362313,0.025,0.07361108612239119,0.1,0.08,0.0,0.2,2,28.282638241548167,17.422419204349758,32.44274735256795,False,False,0.05437874681240255,0.05598829677682277
100,headroom_after_load,58.5,0.054693668354269254,0.00278715329600793,0.025,0.07361108612239119,0.1,0.08,0.0,0.2,2,28.282623620902687,17.422377580196592,32.442707444874706,False,False,0.0543619987882283,0.05703025618551275
100,headroom_after_load,58.550000000000004,0.05429595826291335,0.007331901753011944,0.025,0.07361108612239119,0.1,0.08,0.0,0.2,2,28.282550520725042,17.422268083455954,32.44260246346358,False,False,0.05434519475726902,0.05656602189264833
100,headroom_after_load,58.6,0.05400579342618865,0.01129884028260638,0.025,0.07361108612239119,0.1,0.08,0.0,0.2,2,28.282418941015234,17.422099343308364,32.44244068167259,False,False,0.05432833699452151,0.056782085989608856
100,headroom_after_load,58.650000000000006,0.053821365233842317,0.014720220226380242,0.025,0.07361108612239119,0.1,0.08,0.0,0.2,2,28.28222888177326,17.421879507283478,32.442229911050795,False,False,0.05431142778225701,0.05767890272390586
100,headroom_after_load,58.7,0.05373968714026387,0.0183203095956019,0.025,0.07361108612239119,0.1,0.08,0.0,0.2,2,28.281985216420544,17.421605906483066,32.441967592757614,False,False,0.054294469409712165,0.05742338942325351
100,headroom_after_load,58.75,0.05376078780294333,0.020534775934487406,0.025,0.07361108612239119,0.1,0.08,0.0,0.2,2,28.28170094049339,17.421299234202085,32.44167356675626,False,False,0.05427746417277917,0.05701036390927427
100,headroom_after_load,58.800000000000004,0.05389048931649457,0.021852979378699174,0.025,0.07361108612239119,0.1,0.08,0.0,0.2,2,28.281389590849948,17.42097287548974,32.44136066613514,False,False,0.05426041437369489,0.057250992251970764
100,headroom_after_load,58.85,0.0541339189692152,0.02297088758196206,0.025,0.07361108612239119,0.1,0.08,0.0,0.2,2,28.281060192062313,17.420629821613066,32.441031758810084,False,False,0.0542433223207292,0.057246026482846935
100,headroom_after_load,58.900000000000006,0.054491217226100286,0.023537239200497013,0.025,0.07361108612239119,0.1,0.08,0.0,0.2,2,28.28071876051188,17.420278309677574,32.44069474221214,False,False,0.05422619032787245,0.05735000638016605
100,headroom_after_load,58.95,0.05495888871610127,0.024170269054046283,0.025,0.07361108612239119,0.1,0.08,0.0,0.2,2,28.280369307119585,17.419917343891225,32.44034866161285,False,False,0.054209020714522264,0.05733124924118151
100,headroom_after_load,59.0,0.055530745454025504,0.024530164625864003,0.025,0.07361108612239119,0.1,0.08,0.0,0.2,2,28.280014505832714,17.419551003320347,32.43999742786964,False,False,0.05419181580516942,0.057116994865711035
100,headroom_after_load,59.050000000000004,0.05619858110493303,0.024417234530829963,0.025,0.07361108612239119,0.1,0.08,0.0,0.2,2,28.279656139282793,17.41918634928016,32.43964781110947,False,False,0.05417457792908325,0.057032710105114105
100,headroom_after_load,59.1,0.05695266828874796,0.02465640331610118,0.025,0.07361108612239119,0.1,0.08,0.0,0.2,2,28.279295395890838,17.418818123424185,32.43929476982487,False,False,0.05415730941999624,0.05745932762904504
100,headroom_after_load,59.150000000000006,0.057782139691776174,0.024693405926390993,0.025,0.07361108612239119,0.1,0.08,0.0,0.2,2,28.278933067937526,17.41844934496053,32.43894119872054,False,False,0.05414001261578809,0.05686010011063677
100,headroom_after_load,59.2,0.05867529291353442,0.024544672690613185,0.025,0.07361108612239119,0.1,0.08,0.0,0.2,2,28.278569683609977,17.418082787722017,32.43858975724444,False,False,0.054122689858169204,0.057502558380954596
100,headroom_after_load,59.25,0.05961984507433348,0.024795174810747427,0.025,0.07361108612239119,0.1,0.08,0.0,0.2,2,28.278205595032937,17.41771248941242,32.43823472896823,False,False,0.054105343492363685,0.056858296791090515
100,headroom_after_load,59.300000000000004,0.060603158340252726,0.02450821497804769,0.025,0.07361108612239119,0.1,0.08,0.0,0.2,2,28.277841036956236,17.41734647664393,32.437883809509785,False,False,0.05408797586679178,0.05673905848109093
100,headroom_after_load,59.35,0.061612472073563324,0.025158109228369332,0.025,0.07361108612239119,0.1,0.08,0.0,0.2,2,28.27747616587976,17.416970758166805,32.43752358457811,False,False,0.05407058933275199,0.05660262893311627
100,headroom_after_load,59.400000000000006,0.06263512832883207,0.025354282267112966,0.025,0.07361108612239119,0.1,0.08,0.0,0.2,2,28.27711108613677,17.416592109984798,32.43716055075412,False,False,0.054053186244102686,0.05644719040623453
100,headroom_after_load,59.45,0.06365875358212494,0.02481963527970306,0.025,0.07361108612239119,0.1,0.08,0.0,0.2,2,28.276745867282767,17.416221446375484,32.436805172242096,False,False,0.054035768956943515,0.0561346802665962
100,headroom_after_load,59.5,0.06467139221359218,0.025164097075379935,0.025,0.07361108612239119,0.1,0.08,0.0,0.2,2,28.27638055568809,17.41584563847412,32.436444861573776,False,False,0.05401833982929633,0.05616617251090416
100,headroom_after_load,59.550000000000004,0.06566160807900501,0.024922518315129066,0.025,0.07361108612239119,0.1,0.08,0.0,0.2,2,28.276015182266296,17.41547343837981,32.43608800993696,False,False,0.05400090122078604,0.055921912932000585
100,headroom_after_load,59.6,0.06661731003149551,0.025284981274098218,0.025,0.07361108612239119,0.1,0.08,0.0,0.2,2,28.275649767626426,17.41509582515887,32.43572596839523,False,False,0.053983455492321065,0.05608533744712855
100,headroom_after_load,59.650000000000006,0.06752110921725715,0.025264212625034598,0.025,0.07361108612239119,0.1,0.08,0.0,0.2,2,28.27528432550784,17.414718522102937,32.43536422422821,False,False,0.053966005005773796,0.05537999670899161
100,headroom_after_load,59.7,0.06835671113164654,0.025134256406455797,0.025,0.07361108612239119,0.1,0.08,0.0,0.2,2,28.27491886507011,17.414343159850752,32.43500434083178,False,False,0.05394855212366076,0.054787168617008046
100,headroom_after_load,59.75,0.06911469439486961,0.02486026479550091,0.025,0.07361108612239119,0.1,0.08,0.0,0.2,2,28.274553392419612,17.413971889468502,32.43464838056838,False,False,0.05393109920882282,0.05435402641499316
100,headroom_after_load,59.800000000000004,0.06978790240579301,0.025054831722301267,0.025,0.07361108612239119,0.1,0.08,0.0,0.2,2,28.274187911627273,17.413597713367512,32.4342896344097,False,False,0.053913648624105276,0.054231121325552314
100,headroom_after_load,59.85,0.07037030048065701,0.024851524712589775,0.025,0.07361108612239119,0.1,0.08,0.0,0.2,2,28.27382242540704,17.413226573512187,32.43393379929068,False,False,0.05389620273203794,0.05409179457759887
100,headroom_after_load,59.900000000000006,0.0708570306416341,0.02488316566261068,0.025,0.07361108612239119,0.1,0.08,0.0,0.2,2,28.27345693556821,17.412854961121766,32.43357751112254,False,False,0.05387876389451535,0.05333791180146862
100,headroom_after_load,59.95,0.07124445310805574,0.02476585361890653,0.025,0.07361108612239119,0.1,0.08,0.0,0.2,2,28.273091443316982,17.412485100703325,32.43322290268012,False,False,0.05386133447247694,0.053282603636058676
100,headroom_after_load,60.0,0.056543154246858185,0.024922406476640006,0.025,0.07361108612239119,0.1,0.08,0.0,0.2,2,28.272725949457488,17.41211290227924,32.43286605264466,False,False,0.05384391682558747,0.05344214154049096
100,headroom_after_load,60.050000000000004,0.05672603732437116,0.025133055954927506,0.025,0.07361108612239119,0.1,0.08,0.0,0.2,2,28.272360454525817,17.411737557954943,32.43250618643683,False,False,0.0538265133119175,0.05261298106758444
100,headroom_after_load,60.1,0.05680620378825178,0.024769478311183344,0.025,0.07361108612239119,0.1,0.08,0.0,0.2,2,28.27199495887936,17.411367643404297,32.43215152609446,False,False,0.0538091262876242,0.052126366413537815
100,headroom_after_load,60.150000000000006,0.056785014515286704,0.024747175766812898,0.025,0.07361108612239119,0.1,0.08,0.0,0.2,2,28.271629462756383,17.4109980619263,32.43179718508978,False,False,0.05379175810663233,0.05183261789882272
100,headroom_after_load,60.2,0.05666503921844665,0.02517121017428314,0.025,0.07361108612239119,0.1,0.08,0.0,0.2,2,28.271263966315725,17.41062214779586,32.431436772572965,False,False,0.05377441112031558,0.05151402129707528
100,headroom_after_load,60.25,0.056450035050945674,0.02518849231661024,0.025,0.07361108612239119,0.1,0.08,0.0,0.2,2,28.27089846966328,17.41024597556891,32.431076112602796,False,False,0.05375708767717821,0.05204976670738556
100,headroom_after_load,60.300000000000004,0.056145006726763404,0.024949827810236632,0.025,0.07361108612239119,0.1,0.08,0.0,0.2,2,28.270532972869642,17.4098733676267,32.430718869936555,False,False,0.05373979012253713,0.05258041161700148
100,headroom_after_load,60.35,0.05575625491542922,0.0250408354591026,0.025,0.07361108612239119,0.1,0.08,0.0,0.2,2,28.270167475981875,17.409499400549954,32.43036032418256,False,False,0.05372252079820433,0.05154166706027247
100,headroom_after_load,60.400000000000006,0.05529131794661553,0.02475852467191818,0.025,0.07361108612239119,0.1,0.08,0.0,0.2,2,28.269801979031357,17.409129649584127,32.430005820679234,False,False,0.053705282042169886,0.051018189413685536
100,headroom_after_load,60.45,0.05475887652136249,0.025053950794630107,0.025,0.07361108612239119,0.1,0.08,0.0,0.2,2,28.269436482039,17.408755486639166,32.429647087134065,False,False,0.05368807618828543,0.051647305863577665
100,headroom_after_load,60.5,0.05416864427364963,0.024912577156649997,0.025,0.07361108612239119,0.1,0.08,0.0,0.2,2,28.269070985018757,17.40838343500899,32.42929037783915,False,False,0.05367090556594815,0.05157120329761851
100,headroom_after_load,60.550000000000004,0.053531231617968515,0.025034846052134876,0.025,0.07361108612239119,0.1,0.08,0.0,0.2,2,28.268705487979922,17.408009557379774,32.42893191784413,False,False,0.05365377249978544,0.051548224193366216
100,headroom_after_load,60.6,0.05285795512267033,0.02500597616849065,0.025,0.07361108612239119,0.1,0.08,0.0,0.2,2,28.26833999092869,17.407636110901752,32.42857387122087,False,False,0.053636679309340206,0.052130168901515776
100,headroom_after_load,60.650000000000006,0.052160614381103074,0.02470894203416557,0.025,0.07361108612239119,0.1,0.08,0.0,0.2,2,28.267974493869197,17.40726710041737,32.42822007766368,False,False,0.05361962830875682,0.05187597786707207
100,headroom_after_load,60.7,0.05145128219076979,0.025172322509825314,0.025,0.07361108612239119,0.1,0.08,0.0,0.2,2,28.267608996804192,17.406891169674992,32.427859649219954,False,False,0.05360262180646782,0.05265382514840024
100,headroom_after_load,60.75,0.05074211304891596,0.025021667565833197,0.025,0.07361108612239119,0.1,0.08,0.0,0.2,2,28.267243499735514,17.406517488857105,32.42750137792033,False,False,0.053585662104881374,0.05203350842216113
100,headroom_after_load,60.800000000000004,0.050045165618768074,0.02483879029420339,0.025,0.07361108612239119,0.1,0.08,0.0,0.2,2,28.266878002664388,17.406146539181265,32.42714572513834,False,False,0.053568751500069595,0.0523798719194349
100,headroom_after_load,60.85,0.04937223700053054,0.025190304916239168,0.025,0.07361108612239119,0.1,0.08,0.0,0.2,2,28.266512505591628,17.405770339884427,32.426785039214565,False,False,0.05355189228145768,0.05262886108454947
100,headroom_after_load,60.900000000000006,0.048734776502658284,0.02488533267997879,0.025,0.07361108612239119,0.1,0.08,0.0,0.2,2,28.26614700851778,17.40539869513114,32.426428720018116,False,False,0.05353508673151395,0.052468943157577365
100,headroom_after_load,60.95,0.04814712882491077,0.025015440651489414,0.025,0.07361108612239119,0.1,0.08,0.0,0.2,2,28.26578151144321,17.40502510730779,32.4260705378782,False,False,0.05351833712544086,0.05283344464806969
100,headroom_after_load,61.0,0.04762568576302204,0.025185546079009535,0.025,0.07361108612239119,0.1,0.08,0.0,0.2,2,28.265416014368153,17.404648979080804,32.42570992009357,False,False,0.05350164573086696,0.053517290960046815
100,headroom_after_load,61.050000000000004,0.0471848026697202,0.02494139726804035,0.025,0.07361108612239119,0.1,0.08,0.0,0.2,2,28.265050517292774,17.40427649704275,32.425352798139556,False,False,0.05348501480753986,0.05418923569341745
100,headroom_after_load,61.1,0.04683441186439519,0.02529486873131659,0.025,0.07361108612239119,0.1,0.08,0.0,0.2,2,28.264685020217183,17.403898736159668,32.424990615024846,False,False,0.05346844660702038,0.05377254451989614
100,headroom_after_load,61.150000000000006,0.04658151801625157,0.025023222409056214,0.025,0.07361108612239119,0.1,0.08,0.0,0.2,2,28.264319523141445,17.4035250321213,32.42463232146229,False,False,0.05345194337237765,0.05495467523344077
100,headroom_after_load,61.2,0.046431862021978805,0.02508538572024564,0.025,0.07361108612239119,0.1,0.08,0.0,0.2,2,28.263954026065612,17.403150399718072,32.424273137817956,False,False,0.05343550733788548,0.0543532663368518
100,headroom_after_load,61.25,0.04638985006429275,0.02527237067472837,0.025,0.07361108612239119,0.1,0.08,0.0,0.2,2,28.263588528989715,17.40277297482747,32.423911276840364,False,False,0.053419140728719804,0.05458266622097579
100,headroom_after_load,61.300000000000004,0.0464585134030883,0.024662713436487887,0.025,0.07361108612239119,0.1,0.08,0.0,0.2,2,28.263223031913775,17.402404654734333,32.42355814520467,False,False,0.05340284576065754,0.05566926465763319
100,headroom_after_load,61.35,0.04663948535734189,0.024919322820538093,0.025,0.07361108612239119,0.1,0.08,0.0,0.2,2,28.262857534837806,17.402032502362463,32.42320133932236,False,False,0.05338662463977652,0.05581390218642151
100,headroom_after_load,61.400000000000006,0.04693299575784964,0.024813052478899793,0.025,0.07361108612239119,0.1,0.08,0.0,0.2,2,28.26249203776182,17.4016619370626,32.42284605506579,False,False,0.05337047956215685,0.05586834651160315
100,headroom_after_load,61.45,0.04733788282594824,0.025008914942522092,0.025,0.07361108612239119,0.1,0.08,0.0,0.2,2,28.262126540685824,17.401288446696075,32.42248796636386,False,False,0.053354412713583585,0.05531169806287441
100,headroom_after_load,61.5,0.0478516221387073,0.025314698945168284,0.025,0.07361108612239119,0.1,0.08,0.0,0.2,2,28.261761043609816,17.400910389662844,32.42212549931138,False,False,0.053338426269250845,0.05535174141709679
100,headroom_after_load,61.550000000000004,0.04847037204691935,0.02502515114431727,0.025,0.07361108612239119,0.1,0.08,0.0,0.2,2,28.261395546533805,17.400536656820186,32.421767178132335,False,False,0.05332252239346728,0.055591105045231314
100,headroom_after_load,61.6,0.049189034718991276,0.024608124163121792,0.025,0.07361108612239119,0.1,0.08,0.0,0.2,2,28.26103004945779,17.40016915197904,32.42141482813,False,False,0.0533067032393631,0.05551812348996556
100,headroom_after_load,61.650000000000006,0.05000133183111407,0.02540582354231919,0.025,0.07361108612239119,0.1,0.08,0.0,0.2,2,28.260664552381773,17.399789734064726,32.42105105631524,False,False,0.05329097094859855,0.05634437576422609
100,headroom_after_load,61.7,0.050899893778797306,0.02467220588673602,0.025,0.07361108612239119,0.1,0.08,0.0,0.2,2,28.26029905530575,17.399421272208592,32.42069778876245,False,False,0.053275327651073935,0.056638598802704845
100,headroom_after_load,61.75,0.051874713364321284,0.025193873025608073,0.025,0.07361108612239119,0.1,0.08,0.0,0.2,2,28.25993355822973,17.399045019624577,32.420337051748916,False,False,0.05325977546464136,0.05595558240250795
100,headroom_after_load,61.800000000000004,0.052910789525900885,0.02498191218723074,0.025,0.07361108612239119,0.1,0.08,0.0,0.2,2,28.259568061153708,17.398671932525005,32.41997934968438,False,False,0.0532443164948179,0.055636042083493646
100,headroom_after_load,61.85,0.05399171020778405,0.024613149820592397,0.025,0.07361108612239119,0.1,0.08,0.0,0.2,2,28.259202564077686,17.39830435262924,32.41962692772246,False,False,0.05322895283450062,0.056061861323054706
100,headroom_after_load,61.900000000000006,0.05510416067620204,0.024913796964713932,0.025,0.07361108612239119,0.1,0.08,0.0,0.2,2,28.258837067001664,17.397932282782097,32.4192702009618,False,False,0.05321368656368317,0.05641565217881333
100,headroom_after_load,61.95,0.05623732802044719,0.025040221808693763,0.025,0.07361108612239119,0.1,0.08,0.0,0.2,2,28.258471569925643,17.39755832486978,32.41891166399432,False,False,0.05319851974917428,0.05559766123976962
100,headroom_after_load,62.0,-0.012195111102968552,0.024774610007690774,0.025,0.07361108612239119,0.1,0.08,0.0,0.2,2,28.25810607284962,17.397188333680898,32.41855693017405,False,False,0.053183454444317824,0.05479642721096352
100,headroom_after_load,62.050000000000004,-0.011053872014284838,0.025237508915193663,0.025,0.07361108612239119,0.1,0.08,0.0,0.2,2,28.2577405757736,17.39681142942589,32.41819556836255,False,False,0.05316849268871492,0.05483391274010347
100,headroom_after_load,62.1,-0.009925394029174153,0.02474847454637352,0.025,0.07361108612239119,0.1,0.08,0.0,0.2,2,28.257375078697578,17.396441828551545,32.41784120876137,False,False,0.0531536365079478,0.05432102997756133
100,headroom_after_load,62.150000000000006,-0.00882072348467365,0.025214738662931533,0.025,0.07361108612239119,0.1,0.08,0.0,0.2,2,28.257009581621556,17.39606526435407,32.417480172984405,False,False,0.053138887913305496,0.05449050999233708
100,headroom_after_load,62.2,-0.007750625424900296,0.021596966441013766,0.025,0.07361108612239119,0.1,0.08,0.0,0.2,2,28.256673324311613,17.395742729012955,32.41717093806973,False,False,0.05312424890151167,0.05449406211499251
100,headroom_after_load,62.25,-0.006700570799848229,0.01712036098929643,0.025,0.07361108612239119,0.1,0.08,0.0,0.2,2,28.256395546533835,17.395487048591967,32.41692580117126,False,False,0.05310972145445416,0.05427784148939501
100,headroom_after_load,62.300000000000004,-0.005655940991127484,0.013157658512356944,0.025,0.07361108612239119,0.1,0.08,0.0,0.2,2,28.25617624828822,17.395290548315497,32.41673740399897,False,False,0.05309530753891675,0.05460008303837802
100,headroom_after_load,62.35,-0.00462710953082392,0.009044833256173319,0.025,0.07361108612239119,0.1,0.08,0.0,0.2,2,28.25601542957477,17.395155470160535,32.4166078960772,False,False,0.05308100910631288,0.05415470425374392
100,headroom_after_load,62.400000000000006,-0.003624312334684937,0.004913939944315882,0.025,0.07361108612239119,0.1,0.08,0.0,0.2,2,28.255913090393484,17.39508208396065,32.416537536112365,False,False,0.05306682809242144,0.0535524910256217
100,headroom_after_load,62.45,-0.002657529526401893,0.0007416566337974052,0.025,0.07361108612239119,0.1,0.08,0.0,0.2,2,28.255868501141048,17.395071007846045,32.41652691674476,False,False,0.05305276641712471,0.05281202481318422
100,headroom_after_load,62.5,-0.0017369925302532403,-0.0011959492238535043,0.025,0.07361108612239119,0.1,0.08,0.0,0.2,2,28.25586884615889,17.39508645552352,32.41654302883847,False,False,0.053038825984148434,0.0531528508388689
100,headroom_after_load,62.550000000000004,-0.0008827127651712535,-0.002427612608987712,0.025,0.07361108612239119,0.1,0.08,0.0,0.2,2,28.255891689360592,17.395117812186385,32.416575734175005,False,False,0.05302500868080408,0.053335308156686766
100,headroom_after_load,62.6,-0.00012019069039831062,-0.0026626657638540528,0.025,0.07361108612239119,0.1,0.08,0.0,0.2,2,28.255925063649624,17.395152204952502,32.41661160619988,False,False,0.05301131637773334,0.052380682858895605
100,headroom_after_load,62.650000000000006,0.0005317726198075454,-0.0027005282307146603,0.025,0.07361108612239119,0.1,0.08,0.0,0.2,2,28.25596112741122,17.395187086775483,32.41664798831632,False,False,0.05299775092865487,0.052704050876977854
100,headroom_after_load,62.7,0.0010593072965523684,-0.0024276681345503774,0.025,0.07361108612239119,0.1,0.08,0.0,0.2,2,28.25599483379847,17.395218444155553,32.41668069440091,False,False,0.05298431417011333,0.05276954292898258
100,headroom_after_load,62.75,0.0014523105007514907,-0.0016602436093221527,0.025,0.07361108612239119,0.1,0.08,0.0,0.2,2,28.256023065649305,17.39523988896884,32.41670306157176,False,False,0.05297100792123074,0.05190580724009087
100,headroom_after_load,62.800000000000004,0.0017037003776526026,-0.0015333864052469578,0.025,0.07361108612239119,0.1,0.08,0.0,0.2,2,28.256044092342183,17.39525969520991,32.41672371969416,False,False,0.052957833983460184,0.05167043849990641
100,headroom_after_load,62.85,0.0018089543090667737,-0.000815248301263693,0.025,0.07361108612239119,0.1,0.08,0.0,0.2,2,28.25605720503828,17.395270225500468,32.41673470290044,False,False,0.05294479414034198,0.05131418515167575
100,headroom_after_load,62.900000000000006,0.0017658061816740941,-0.00026796149183707887,0.025,0.07361108612239119,0.1,0.08,0.0,0.2,2,28.25606244793309,17.39527368666974,32.416738312937206,False,False,0.052931890157262115,0.0509315802252592
100,headroom_after_load,62.95,0.0015740279032235363,0.0005103899733112586,0.025,0.07361108612239119,0.1,0.08,0.0,0.2,2,28.2560602008745,17.39526606435831,32.4167310049479,False,False,0.05291912378121337,0.050180642605606826
100,headroom_after_load,63.0,0.0012352611661096968,0.0009078009514031574,0.025,0.07361108612239119,0.1,0.08,0.0,0.2,2,28.256051012750454,17.39525250699643,32.41671800665249,False,False,0.05290649674055868,0.04955144113317624
100,headroom_after_load,63.050000000000004,0.0007528750176421725,0.0013939197898510806,0.025,0.07361108612239119,0.1,0.08,0.0,0.2,2,28.25603632823431,17.39523168979527,32.41669804789261,False,False,0.052894010744797236,0.04889778266005824
100,headroom_after_load,63.1,0.00013183635909422634,0.0014192120825941197,0.025,0.07361108612239119,0.1,0.08,0.0,0.2,2,28.256017828126833,17.395210494871694,32.4166777269865,False,False,0.052881667484333,0.04921533490867053
100,headroom_after_load,63.150000000000006,-0.0006214180238851737,0.0015013819503878866,0.025,0.07361108612239119,0.1,0.08,0.0,0.2,2,28.255997356724567,17.395188072799556,32.416656229535896,False,False,0.05286946863024584,0.04954933498214908
100,headroom_after_load,63.2,-0.0014991130749450292,0.0014770737139537249,0.025,0.07361108612239119,0.1,0.08,0.0,0.2,2,28.255976863876786,17.39516601375365,32.41663508014137,False,False,0.05285741583406532,0.04855854367630681
100,headroom_after_load,63.25,-0.002492270724417725,0.001014260543047376,0.025,0.07361108612239119,0.1,0.08,0.0,0.2,2,28.25595835759185,17.39515086649345,32.416620557510456,False,False,0.052845510727547125,0.04942979228520604
100,headroom_after_load,63.300000000000004,-0.003590848801545584,0.0006647601925519833,0.025,0.07361108612239119,0.1,0.08,0.0,0.2,2,28.255943864339088,17.39514093877253,32.41661103918009,False,False,0.0528337549224521,0.049735367045417624
100,headroom_after_load,63.35,-0.004783885746659253,0.0006163300426762612,0.025,0.07361108612239119,0.1,0.08,0.0,0.2,2,28.25593539510836,17.395131734321478,32.416602214294024,False,False,0.05282215001032807,0.04977263657248857
100,headroom_after_load,63.400000000000006,-0.006059655915909167,-0.00025351081689299794,0.025,0.07361108612239119,0.1,0.08,0.0,0.2,2,28.25593491594065,17.395135008836196,32.41660562964808,False,False,0.052810697562294374,0.04938821048558929
100,headroom_after_load,63.45,-0.00740583461558347,-0.001140698468768449,0.025,0.07361108612239119,0.1,0.08,0.0,0.2,2,28.25594340499004,17.395149742858084,32.41662099739134,False,False,0.05279939912882915,0.049818475018531
100,headroom_after_load,63.5,-0.008809669267484988,-0.0015900258775251495,0.025,0.07361108612239119,0.1,0.08,0.0,0.2,2,28.255962441586743,17.395170280692337,32.4166424185733,False,False,0.05278825623955943,0.04989347176888644
100,headroom_after_load,63.550000000000004,-0.01025815426878198,-0.0027071254103431053,0.025,0.07361108612239119,0.1,0.08,0.0,0.2,2,28.255993549312834,17.39520524772889,32.416678889568416,False,False,0.05277727040305405,0.050009207406126334
100,headroom_after_load,63.6,-0.011738201371449557,-0.003594744249394158,0.025,0.07361108612239119,0.1,0.08,0.0,0.2,2,28.256038133548234,17.39525167984211,32.41672731876178,False,False,0.05276644310661942,0.04990265291672499
100,headroom_after_load,63.650000000000006,-0.013236779713835592,-0.004747319920573648,0.025,0.07361108612239119,0.1,0.08,0.0,0.2,2,28.256097467982958,17.395312999391084,32.41679127571071,False,False,0.052755775816098145,0.049962195608209754
100,headroom_after_load,63.7,-0.014741021457174288,-0.006355583691017424,0.025,0.07361108612239119,0.1,0.08,0.0,0.2,2,28.25617268336696,17.395395092347094,32.416876899546544,False,False,0.052745269975670625,0.05064041642771022
100,headroom_after_load,63.75,-0.016238323530509163,-0.00782768551799779,0.025,0.07361108612239119,0.1,0.08,0.0,0.2,2,28.256264758512682,17.3954961999517,32.41698235586533,False,False,0.05273492700765947,0.05119593896654924
100,headroom_after_load,63.800000000000004,-0.017716458502788524,-0.009035244650424927,0.025,0.07361108612239119,0.1,0.08,0.0,0.2,2,28.256374513558576,17.3956129051951,32.41710408068909,False,False,0.052724748312336985,0.05119755091395965
100,headroom_after_load,63.85,-0.01915838498717249,-0.010638043151366208,0.025,0.07361108612239119,0.1,0.08,0.0,0.2,2,28.25650260542258,17.395750313252474,32.417247398770435,False,False,0.05271473526773558,0.05126309833157414
100,headroom_after_load,63.900000000000006,-0.020543316442770958,-0.01160863329169148,0.025,0.07361108612239119,0.1,0.08,0.0,0.2,2,28.256649525255785,17.395900258099157,32.41740379285784,False,False,0.05270488922946121,0.05177613994398911
100,headroom_after_load,63.95,-0.021859233036269753,-0.013398486029465938,0.025,0.07361108612239119,0.1,0.08,0.0,0.2,2,28.256815597685648,17.396073321877036,32.41758430023907,False,False,0.05269521153050985,0.052286980980936176
100,headroom_after_load,64.0,0.061465419626038305,-0.014779082244162718,0.025,0.07361108612239119,0.1,0.08,0.0,0.2,2,28.257000981719752,17.396264218356023,32.417783407319305,False,False,0.052685703481087025,0.052748959899078726
100,headroom_after_load,64.05,0.06031438888103998,-0.01608129633542668,0.025,0.07361108612239119,0.1,0.08,0.0,0.2,2,28.257205661588124,17.396471935100355,32.41800005811716,False,False,0.05267636636843041,0.05293031798941908
100,headroom_after_load,64.10000000000001,0.05925710796300986,-0.017562826939205984,0.025,0.07361108612239119,0.1,0.08,0.0,0.2,2,28.257429421816017,17.396698788281654,32.418236668424534,False,False,0.052667201456635615,0.05329107454876796
100,headroom_after_load,64.15,0.058299540438559644,-0.01898970122646351,0.025,0.07361108612239119,0.1,0.08,0.0,0.2,2,28.257671841648513,17.396944071922494,32.418492501899394,False,False,0.05265820998648498,0.0536889440731873
100,headroom_after_load,64.2,0.05744637876817763,-0.014875911807597477,0.025,0.07361108612239119,0.1,0.08,0.0,0.2,2,28.2578970727128,17.397136219116675,32.418692913489025,False,False,0.05264939317527963,0.05383948669457781
100,headroom_after_load,64.25,0.05666777110532463,-0.01117226418214903,0.025,0.07361108612239119,0.1,0.08,0.0,0.2,2,28.25806952599931,17.397280527529027,32.418843428714816,False,False,0.05264075221667467,0.05427505768287886
100,headroom_after_load,64.3,0.055933477655351484,-0.006886694934905916,0.025,0.07361108612239119,0.1,0.08,0.0,0.2,2,28.258189201508042,17.397369480671937,32.418936207799355,False,False,0.052632288280517574,0.053837868863190745
100,headroom_after_load,64.35000000000001,0.05524653529012991,-0.003040664375190939,0.025,0.07361108612239119,0.1,0.08,0.0,0.2,2,28.258256099238995,17.397408755920118,32.41897717230552,False,False,0.05262400251268981,0.053669246165112164
100,headroom_after_load,64.4,0.054609505975018804,0.0006510551685124898,0.025,0.07361108612239119,0.1,0.08,0.0,0.2,2,28.25827021919217,17.39739903287399,32.41896785020975,False,False,0.05261589603495171,0.05418859050967856
100,headroom_after_load,64.45,0.054024467105555876,0.005145588540591661,0.025,0.07361108612239119,0.1,0.08,0.0,0.2,2,28.258227385037486,17.397322187166992,32.41889417339788,False,False,0.0526079699447906,0.05364758958833478
100,headroom_after_load,64.5,0.05349300438962348,0.0088294864183265,0.025,0.07361108612239119,0.1,0.08,0.0,0.2,2,28.258126071350638,17.39719032506397,32.41876774890736,False,False,0.05260022531527219,0.05404200175881622
100,headroom_after_load,64.55,0.05301620791232484,0.012758129956195845,0.025,0.07361108612239119,0.1,0.08,0.0,0.2,2,28.257966278131626,17.396999791462473,32.418585072361594,False,False,0.05259266319489537,0.0538660847265372
100,headroom_after_load,64.60000000000001,0.05259466782645269,0.01704576603206707,0.025,0.07361108612239119,0.1,0.08,0.0,0.2,2,28.257748005380453,17.396745225064144,32.4183410035467,False,False,0.05258528460745017,0.054144377348715265
100,headroom_after_load,64.65,0.05222847066374354,0.019824429377704976,0.025,0.07361108612239119,0.1,0.08,0.0,0.2,2,28.257480828770067,17.396449161304023,32.41805714860143,False,False,0.05257809055187923,0.05444993923029023
100,headroom_after_load,64.7,0.05192535947459197,0.021505285145145252,0.025,0.07361108612239119,0.1,0.08,0.0,0.2,2,28.257180878671136,17.39612799515789,32.417749226420085,False,False,0.05257108200214251,0.05415328418619208
100,headroom_after_load,64.75,0.051698081099750645,0.02259227690476164,0.025,0.07361108612239119,0.1,0.08,0.0,0.2,2,28.25685907957984,17.395790595562538,32.417425740210106,False,False,0.05256425990708545,0.05457295333425444
100,headroom_after_load,64.8,0.05155427570532911,0.023522931791941412,0.025,0.07361108612239119,0.1,0.08,0.0,0.2,2,28.256522714493634,17.395439297298022,32.41708892847196,False,False,0.05255762519031052,0.05512693547943137
100,headroom_after_load,64.85000000000001,0.05149780234614325,0.023720349407171194,0.025,0.07361108612239119,0.1,0.08,0.0,0.2,2,28.256176638744158,17.395085050741763,32.416749290021116,False,False,0.05255117875005217,0.05467646472030643
100,headroom_after_load,64.9,0.051529783770147844,0.024484225718350648,0.025,0.07361108612239119,0.1,0.08,0.0,0.2,2,28.255824089219164,17.394719396235814,32.416398714051496,False,False,0.05254492145905521,0.05396820652840385
100,headroom_after_load,64.95,0.05164932010473258,0.02430931845630994,0.025,0.07361108612239119,0.1,0.08,0.0,0.2,2,28.255467223843826,17.394356353845488,32.41605064248139,False,False,0.05253885416445669,0.05452251723968873
100,headroom_after_load,65.0,0.05185398400561022,0.024885602267712564,0.025,0.07361108612239119,0.1,0.08,0.0,0.2,2,28.255107481234926,17.393984705066103,32.415694319424865,False,False,0.052532977687671165,0.05506203445628916
100,headroom_after_load,65.05,0.05214017208657453,0.025121572631537564,0.025,0.07361108612239119,0.1,0.08,0.0,0.2,2,28.25474582047032,17.39360953223708,32.41533461764033,False,False,0.05252729282427953,0.054736699184980184
100,headroom_after_load,65.10000000000001,0.05250336225187109,0.02484959007503739,0.025,0.07361108612239119,0.1,0.08,0.0,0.2,2,28.25438288093524,17.39323842127419,32.41497881022231,False,False,0.05252180034392128,0.055504480015593494
100,headroom_after_load,65.15,0.05293830973675395,0.024505695451588542,0.025,0.07361108612239119,0.1,0.08,0.0,0.2,2,28.254019088886512,17.392872446133037,32.41462792683955,False,False,0.05251650099019035,0.05541209970774101
100,headroom_after_load,65.2,0.05343920343582596,0.02519954507613675,0.025,0.07361108612239119,0.1,0.08,0.0,0.2,2,28.253654728495352,17.39249610884098,32.414267108611085,False,False,0.052511395480534385,0.05480031033044894
100,headroom_after_load,65.25,0.05399979660302435,0.025167257708289727,0.025,0.07361108612239119,0.1,0.08,0.0,0.2,2,28.25328998920924,17.39212025373781,32.413906752687424,False,False,0.052506484506157684,0.054840984911613024
100,headroom_after_load,65.3,0.05461352100176384,0.02538903741873283,0.025,0.07361108612239119,0.1,0.08,0.0,0.2,2,28.252924997326488,17.391741086512322,32.41354322122381,False,False,0.05250176873192756,0.054787395250008857
100,headroom_after_load,65.35000000000001,0.055273590242294945,0.024888638809526215,0.025,0.07361108612239119,0.1,0.08,0.0,0.2,2,28.25255983704598,17.39136939238434,32.41318685468874,False,False,0.05249724879628435,0.0549326142598282
100,headroom_after_load,65.4,0.05597309581481372,0.025033676533139714,0.025,0.07361108612239119,0.1,0.08,0.0,0.2,2,28.2521945645003,17.390995532221062,32.41282841143941,False,False,0.052492925311154987,0.054847361155291735
100,headroom_after_load,65.45,0.056705097843954014,0.024825381151263752,0.025,0.07361108612239119,0.1,0.08,0.0,0.2,2,28.251829217111172,17.39062478280124,32.41247295065546,False,False,0.05248879886187015,0.05502174142753843
100,headroom_after_load,65.5,0.05746271160807588,0.024968992294102904,0.025,0.07361108612239119,0.1,0.08,0.0,0.2,2,28.251463819826412,17.39025188865109,32.41211543358367,False,False,0.05248487000708503,0.05430993393910888
100,headroom_after_load,65.55,0.05823919022185366,0.025095907228963713,0.025,0.07361108612239119,0.1,0.08,0.0,0.2,2,28.2510983892779,17.389877099116607,32.41175609928772,False,False,0.05248113927870366,0.053773567187833216
100,headroom_after_load,65.60000000000001,0.05902800346401391,0.02509950142058593,0.025,0.07361108612239119,0.1,0.08,0.0,0.2,2,28.25073293655355,17.389502255905427,32.411396713528546,False,False,0.05247760718180695,0.05387259881030632
100,headroom_after_load,65.65,0.05982291247080158,0.025196923875219587,0.025,0.07361108612239119,0.1,0.08,0.0,0.2,2,28.250367469045308,17.38912595775914,32.411035932831595,False,False,0.052474274194584274,0.05364451361012331
100,headroom_after_load,65.7,0.060618039861074356,0.0250336676300814,0.025,0.07361108612239119,0.1,0.08,0.0,0.2,2,28.25000199168114,17.388752097728823,32.41067748970974,False,False,0.052471140768268754,0.053491707901855694
100,headroom_after_load,65.75,0.061407934778071376,0.02477126139650008,0.025,0.07361108612239119,0.1,0.08,0.0,0.2,2,28.249636507746352,17.388382156549067,32.410322803836365,False,False,0.052468207327076154,0.05357621388035564
100,headroom_after_load,65.8,0.062187632303755895,0.024922000736079003,0.025,0.07361108612239119,0.1,0.08,0.0,0.2,2,28.249271019431152,17.38800996418443,32.409965959610474,False,False,0.05246547426814745,0.053607344581533135
100,headroom_after_load,65.85000000000001,0.06295270515537292,0.02498599582468436,0.025,0.07361108612239119,0.1,0.08,0.0,0.2,2,28.248905528195678,17.387636816098638,32.40960819907461,False,False,0.05246294196149508,0.053448402676935486
100,headroom_after_load,65.9,0.06369929519531804,0.024948334478629174,0.025,0.07361108612239119,0.1,0.08,0.0,0.2,2,28.248540035013356,17.387264230458275,32.409250977790556,False,False,0.05246061074995282,0.05355660195578851
100,headroom_after_load,65.95,0.06442410378152034,0.025088046319708047,0.025,0.07361108612239119,0.1,0.08,0.0,0.2,2,28.24817454053313,17.386889558320885,32.408891756050586,False,False,0.052458480949129395,0.0532735450470012
100,headroom_after_load,66.0,-0.032046971811796776,0.02531616115027092,0.025,0.07361108612239119,0.1,0.08,0.0,0.2,2,28.24780904518764,17.38651147945066,32.408529268061606,False,False,0.05245655284736576,0.05313658496295921
100,headroom_after_load,66.05,-0.03137924648012054,0.025197273216540757,0.025,0.07361108612239119,0.1,0.08,0.0,0.2,2,28.247443549265306,17.386135176087212,32.408168482362626,False,False,0.052454826705696005,0.052615498445463656
100,headroom_after_load,66.10000000000001,-0.03074135860792269,0.02497031480390899,0.025,0.07361108612239119,0.1,0.08,0.0,0.2,2,28.247078052958408,17.38576226218632,32.40781094635455,False,False,0.052453302757812105,0.05283599696140004
100,headroom_after_load,66.15,-0.030133277590912434,0.025078591065506153,0.025,0.07361108612239119,0.1,0.08,0.0,0.2,2,28.246712556395135,17.385387731256426,32.40745185999909,False,False,0.05245198121003219,0.05248723007692068
100,headroom_after_load,66.2,-0.029555805322199293,0.02101481347452759,0.025,0.07361108612239119,0.1,0.08,0.0,0.2,2,28.246376299495395,17.38507388995603,32.40715096060799,False,False,0.05245086224127268,0.05285395714638001
100,headroom_after_load,66.25,-0.02898439565395886,0.017090006734245426,0.025,0.07361108612239119,0.1,0.08,0.0,0.2,2,28.246098522127816,17.384818662854265,32.40690625833516,False,False,0.052449946003024044,0.052544135161296635
100,headroom_after_load,66.3,-0.02839470749936835,0.01308948241140755,0.025,0.07361108612239119,0.1,0.08,0.0,0.2,2,28.245879224292402,17.3846231807394,32.40671883733844,False,False,0.05244923261933026,0.052566012755959596
100,headroom_after_load,66.35000000000001,-0.027789417126696803,0.009342252577622176,0.025,0.07361108612239119,0.1,0.08,0.0,0.2,2,28.24571840598915,17.3844836608383,32.40658507083532,False,False,0.05244872218677207,0.053388443399383326
100,headroom_after_load,66.4,-0.02717271396020184,0.004842545049679089,0.025,0.07361108612239119,0.1,0.08,0.0,0.2,2,28.245616067218066,17.38441134087041,32.40651573313415,False,False,0.05244841477445387,0.052503383904658155
100,headroom_after_load,66.45,-0.02654916688585506,0.0009668894930924794,0.025,0.07361108612239119,0.1,0.08,0.0,0.2,2,28.245572207979144,17.384396901063166,32.40650188878288,False,False,0.05244831042399436,0.05269501518492758
100,headroom_after_load,66.5,-0.025923538671236954,-0.00302397161885715,0.025,0.07361108612239119,0.1,0.08,0.0,0.2,2,28.245585402793793,17.384435960696575,32.40654262840052,False,False,0.052448409149520925,0.05268887029839303
100,headroom_after_load,66.55,-0.025299329976251787,-0.007491597151032763,0.025,0.07361108612239119,0.1,0.08,0.0,0.2,2,28.24565137538622,17.384532727159776,32.40664355686214,False,False,0.05244871093766771,0.053443951362365454
100,headroom_after_load,66.60000000000001,-0.024677645190520528,-0.010638121533014628,0.025,0.07361108612239119,0.1,0.08,0.0,0.2,2,28.245770125756426,17.384670136229577,32.406786875999465,False,False,0.05244921574757743,0.052191523896099275
100,headroom_after_load,66.65,-0.0240592214718085,-0.014843055823718938,0.025,0.07361108612239119,0.1,0.08,0.0,0.2,2,28.24594165390441,17.384861859033965,32.406986844945976,False,False,0.05244992351090691,0.053259199780648275
100,headroom_after_load,66.7,-0.023444776320000832,-0.01859772235217972,0.025,0.07361108612239119,0.1,0.08,0.0,0.2,2,28.246161561620323,17.38510207961435,32.40723739759433,False,False,0.05245083413183632,0.05215191269736779
100,headroom_after_load,66.75,-0.02283915178122702,-0.020411103720046245,0.025,0.07361108612239119,0.1,0.08,0.0,0.2,2,28.24641812046797,17.3853657230374,32.40751238051945,False,False,0.052451947487082165,0.05179533141399467
100,headroom_after_load,66.8,-0.022254031292910544,-0.02157829192954011,0.025,0.07361108612239119,0.1,0.08,0.0,0.2,2,28.246698404521332,17.38564444264149,32.4078030880635,False,False,0.05245326342591396,0.05194376286825675
100,headroom_after_load,66.85000000000001,-0.021702045064174495,-0.022218227009308495,0.025,0.07361108612239119,0.1,0.08,0.0,0.2,2,28.246992436536836,17.385931428073693,32.40810241695515,False,False,0.05245478177017466,0.05189857284591672
100,headroom_after_load,66.9,-0.021192767780394944,-0.022947072989733384,0.025,0.07361108612239119,0.1,0.08,0.0,0.2,2,28.247292922690463,17.386227827766476,32.40841156502182,False,False,0.05245650231430475,0.051188567589298115
100,headroom_after_load,66.95,-0.020732901668798962,-0.022802193441731837,0.025,0.07361108612239119,0.1,0.08,0.0,0.2,2,28.247595028579216,17.386522356098432,32.40871876123902,False,False,0.0524584248253701,0.05134651259994203
100,headroom_after_load,67.0,-0.020326432064349677,-0.02273786367187083,0.025,0.07361108612239119,0.1,0.08,0.0,0.2,2,28.247895595754866,17.386816053504194,32.40902509079127,False,False,0.05246054904309349,0.051686931209348544
100,headroom_after_load,67.05,-0.019975340787933935,-0.022213662307035288,0.025,0.07361108612239119,0.1,0.08,0.0,0.2,2,28.24819263653988,17.387102979975662,32.40932435818624,False,False,0.052462874679889845,0.0516784940885689
100,headroom_after_load,67.10000000000001,-0.019680073594101725,-0.021880543006563023,0.025,0.07361108612239119,0.1,0.08,0.0,0.2,2,28.24848499260073,17.387385603656163,32.409619137723965,False,False,0.05246540142090516,0.051731165578588194
100,headroom_after_load,67.15,-0.019439860521372834,-0.021768960792434056,0.025,0.07361108612239119,0.1,0.08,0.0,0.2,2,28.24877209429402,17.3876667860664,32.409912414001305,False,False,0.05246812892405916,0.051991566578684506
100,headroom_after_load,67.2,-0.0192529507653913,-0.021084194625275905,0.025,0.07361108612239119,0.1,0.08,0.0,0.2,2,28.24905378793919,17.38793912358031,32.41019646495667,False,False,0.052471056820091566,0.05195289829994759
100,headroom_after_load,67.25,-0.019116794938378326,-0.020206497298816784,0.025,0.07361108612239119,0.1,0.08,0.0,0.2,2,28.249330210286455,17.38820012417042,32.41046869137861,False,False,0.05247418471261213,0.051744341726719496
100,headroom_after_load,67.3,-0.01902819194678721,-0.020423464349381047,0.025,0.07361108612239119,0.1,0.08,0.0,0.2,2,28.249601697044962,17.3884639272516,32.41074384082887,False,False,0.05247751217815428,0.05204840745008774
100,headroom_after_load,67.35000000000001,-0.018983411071516743,-0.020193574208708997,0.025,0.07361108612239119,0.1,0.08,0.0,0.2,2,28.249868715850194,17.38872476091846,32.411015893148075,False,False,0.05248103876623244,0.05151369533076431
100,headroom_after_load,67.4,-0.018978296867313955,-0.019870551934011233,0.025,0.07361108612239119,0.1,0.08,0.0,0.2,2,28.25013181674517,17.388981422214275,32.41128359363941,False,False,0.052484763999403036,0.05114244719060343
100,headroom_after_load,67.45,-0.019008362193055073,-0.019503197285282187,0.025,0.07361108612239119,0.1,0.08,0.0,0.2,2,28.250391595254825,17.389233338512543,32.411546345047284,False,False,0.052488687373329124,0.05113024185187673
100,headroom_after_load,67.5,-0.01906887293586927,-0.0194781453119541,0.025,0.07361108612239119,0.1,0.08,0.0,0.2,2,28.250648664579643,17.38948493122282,32.411808758949405,False,False,0.05249280835684869,0.05189977122542354
100,headroom_after_load,67.55,-0.019154926719946782,-0.019175212543052187,0.025,0.07361108612239119,0.1,0.08,0.0,0.2,2,28.250903634460233,17.389732611051503,32.41206709167395,False,False,0.052497126392046525,0.05154297980023615
100,headroom_after_load,67.60000000000001,-0.019261526992120075,-0.01921954501471877,0.025,0.07361108612239119,0.1,0.08,0.0,0.2,2,28.25115709498836,17.389980863507944,32.412326021655396,False,False,0.05250164089432979,0.05104864566504087
100,headroom_after_load,67.65,-0.01938365324867877,-0.019001557378644646,0.025,0.07361108612239119,0.1,0.08,0.0,0.2,2,28.251409604150883,17.390226300290752,32.41258201485897,False,False,0.05250635125250713,0.051669368323361824
100,headroom_after_load,67.7,-0.0195163277334627,-0.019120816543958957,0.025,0.07361108612239119,0.1,0.08,0.0,0.2,2,28.251661678253146,17.390473277504444,32.41283961474852,False,False,0.05251125682887146,0.05170620947455207
100,headroom_after_load,67.75,-0.019654678641934376,-0.019281684373526585,0.025,0.07361108612239119,0.1,0.08,0.0,0.2,2,28.251913784621493,17.39072233259427,32.41309938188522,False,False,0.05251635695928626,0.05215362088576793
100,headroom_after_load,67.8,-0.01979399967160052,-0.019140676655069258,0.025,0.07361108612239119,0.1,0.08,0.0,0.2,2,28.2521663361611,17.390969566334398,32.413357249334595,False,False,0.05252165095327552,0.05203701611277052
100,headroom_after_load,67.85000000000001,-0.01992980563868075,-0.019299633395466004,0.025,0.07361108612239119,0.1,0.08,0.0,0.2,2,28.252419687468127,17.391218853265755,32.4136172582845,False,False,0.05252713809411719,0.05208443164253821
100,headroom_after_load,67.9,-0.020057883814753267,-0.01939370590148673,0.025,0.07361108612239119,0.1,0.08,0.0,0.2,2,28.252674132279136,17.391469355300316,32.41387853460012,False,False,0.05253281763894023,0.05161768715649144
100,headroom_after_load,67.95,-0.020174340611063442,-0.019617049401695456,0.025,0.07361108612239119,0.1,0.08,0.0,0.2,2,28.25292990209772,17.39172274218842,32.414142819849005,False,False,0.052538688818825195,0.05250000791457827
100,headroom_after_load,68.0,0.0768945888547394,-0.019509028202824075,0.025,0.07361108612239119,0.1,0.08,0.0,0.2,2,28.253187165875843,17.39197473380271,32.414405649812295,False,False,0.05254475083890832,0.05174826134096437
100,headroom_after_load,68.05,0.07681157607236312,-0.0195497441266868,0.025,0.07361108612239119,0.1,0.08,0.0,0.2,2,28.25344603065164,17.39222725133101,32.414669028309554,False,False,0.0525510028784891,0.05191155251016975
100,headroom_after_load,68.10000000000001,0.07674956108331871,-0.01993826814695215,0.025,0.07361108612239119,0.1,0.08,0.0,0.2,2,28.253706543059998,17.392484787294578,32.414937641088756,False,False,0.052557444091141485,0.05204488704221015
100,headroom_after_load,68.15,0.0767107993696665,-0.019798948322233424,0.025,0.07361108612239119,0.1,0.08,0.0,0.2,2,28.25396869164058,17.392740523710405,32.41520437692032,False,False,0.05256407360482837,0.05210967628773579
100,headroom_after_load,68.2,0.07669707532038834,-0.01589958380095973,0.025,0.07361108612239119,0.1,0.08,0.0,0.2,2,28.254205259459436,17.3929458933345,32.41541857964653,False,False,0.05257089052201973,0.05211774677737517
100,headroom_after_load,68.25,0.0766840340276808,-0.011734612682392686,0.025,0.07361108612239119,0.1,0.08,0.0,0.2,2,28.254389049500514,17.39309746541498,32.41557667095628,False,False,0.052577893919814093,0.05230248794004393
100,headroom_after_load,68.3,0.07664703467906328,-0.007951339531979833,0.025,0.07361108612239119,0.1,0.08,0.0,0.2,2,28.254520061763813,17.393200170217266,32.415683793169414,False,False,0.05258508285006351,0.052529130151797526
100,headroom_after_load,68.35000000000001,0.07658683335062409,-0.004341948718082281,0.025,0.07361108612239119,0.1,0.08,0.0,0.2,2,28.254598296249334,17.393256253721542,32.41574228886742,False,False,0.0525924563395019,0.05219284170175644
100,headroom_after_load,68.4,0.07650375184569665,-0.00011963805392555348,0.025,0.07361108612239119,0.1,0.08,0.0,0.2,2,28.25462375295708,17.393257799046406,32.41574390065787,False,False,0.05260001338987683,0.05206365512690184
100,headroom_after_load,68.45,0.07639767993477581,0.0038795963323179678,0.025,0.07361108612239119,0.1,0.08,0.0,0.2,2,28.254593480303303,17.39319986003308,32.415688350882206,False,False,0.05260775297808465,0.05214805275638558
100,headroom_after_load,68.5,0.07626808256051032,0.008177187341382038,0.025,0.07361108612239119,0.1,0.08,0.0,0.2,2,28.254504728117364,17.39307773955307,32.41557126629828,False,False,0.052615674056309,0.052235345601208676
100,headroom_after_load,68.55,0.07611401189834263,0.011837169754750874,0.025,0.07361108612239119,0.1,0.08,0.0,0.2,2,28.254357496399262,17.392900959837498,32.41540177646789,False,False,0.05262377555216268,0.05241415629309246
100,headroom_after_load,68.60000000000001,0.07593412410779138,0.01623166307515793,0.025,0.07361108612239119,0.1,0.08,0.0,0.2,2,28.254151785148995,17.392658551488108,32.41516936433909,False,False,0.05263205636883286,0.05205947626693039
100,headroom_after_load,68.65,0.07572670055599753,0.019218856620689527,0.025,0.07361108612239119,0.1,0.08,0.0,0.2,2,28.253895076456033,17.392371531526628,32.41489418025231,False,False,0.05264051538522949,0.05189310141290803
100,headroom_after_load,68.7,0.07549604861766557,0.020992453557107188,0.025,0.07361108612239119,0.1,0.08,0.0,0.2,2,28.253602104968717,17.392058024155702,32.41459360102039,False,False,0.052649151456137175,0.051994086403878696
100,headroom_after_load,68.75,0.0752522687188402,0.022350614429106123,0.025,0.07361108612239119,0.1,0.08,0.0,0.2,2,28.253284958285164,17.391724233617634,32.414273575040596,False,False,0.05265796341237015,0.05207657752851664
100,headroom_after_load,68.8,0.07500275324620984,0.02298645323083359,0.025,0.07361108612239119,0.1,0.08,0.0,0.2,2,28.25295169480412,17.39138094727906,32.41394444483969,False,False,0.052666950060930605,0.05233796424017551
100,headroom_after_load,68.85000000000001,0.07475100262128706,0.02417494220567198,0.025,0.07361108612239119,0.1,0.08,0.0,0.2,2,28.252607686791418,17.39101991170251,32.41359829732816,False,False,0.052676110185170176,0.05252748557021427
100,headroom_after_load,68.9,0.07449779314986145,0.024192762908901017,0.025,0.07361108612239119,0.1,0.08,0.0,0.2,2,28.252256515757608,17.390658609986428,32.413251894651914,False,False,0.052685442544954664,0.05281168504891022
100,headroom_after_load,68.95,0.0742419749042747,0.02439650995469936,0.025,0.07361108612239119,0.1,0.08,0.0,0.2,2,28.251900569376396,17.390294265453054,32.41290257463538,False,False,0.052694945876831954,0.0525016868325799
100,headroom_after_load,69.0,0.07398102412955576,0.024595033118904337,0.025,0.07361108612239119,0.1,0.08,0.0,0.2,2,28.251541439430245,17.389926956117346,32.412550412076406,False,False,0.052704618894203026,0.052232855419636834
100,headroom_after_load,69.05,0.0737114371263968,0.024684273283372974,0.025,0.07361108612239119,0.1,0.08,0.0,0.2,2,28.25118018710747,17.38955831404322,32.412196971737295,False,False,0.05271446028749618,0.05196490823194537
100,headroom_after_load,69.10000000000001,0.07342904203710103,0.025006573593978138,0.025,0.07361108612239119,0.1,0.08,0.0,0.2,2,28.250817519866946,17.389184858643073,32.41183891655983,False,False,0.05272446872434428,0.0520780190872274
100,headroom_after_load,69.15,0.07312928075959294,0.024782636043443863,0.025,0.07361108612239119,0.1,0.08,0.0,0.2,2,28.25045390934792,17.388814747591052,32.41148406781923,False,False,0.05273464284976521,0.052139577303348915
100,headroom_after_load,69.2,0.07280745358959224,0.024869214466959437,0.025,0.07361108612239119,0.1,0.08,0.0,0.2,2,28.250089669976564,17.38844334355182,32.41112797941048,False,False,0.052744981286345236,0.05241498421839571
100,headroom_after_load,69.25,0.07245890875721518,0.025055293511178783,0.025,0.07361108612239119,0.1,0.08,0.0,0.2,2,28.24972501137032,17.38806916055434,32.4107692266397,False,False,0.052755482634425546,0.052372113445468695
100,headroom_after_load,69.3,0.07207918718959411,0.024576712654037536,0.025,0.07361108612239119,0.1,0.08,0.0,0.2,2,28.249360073274147,17.387702124821754,32.410417326401245,False,False,0.0527661454722917,0.05173074407930454
100,headroom_after_load,69.35000000000001,0.07166413523897741,0.025192003346257562,0.025,0.07361108612239119,0.1,0.08,0.0,0.2,2,28.248994948851358,17.38732590016007,32.4100566161586,False,False,0.05277696835636615,0.051397046391675284
100,headroom_after_load,69.4,0.07120999353097099,0.02499517673822244,0.025,0.07361108612239119,0.1,0.08,0.0,0.2,2,28.248629700210824,17.38695261496386,32.409698724166354,False,False,0.05278794982140363,0.0522224230334351
100,headroom_after_load,69.45,0.07071346709808264,0.02528658824967418,0.025,0.07361108612239119,0.1,0.08,0.0,0.2,2,28.24826436875846,17.386574977743884,32.40933665961524,False,False,0.052799088380689564,0.05214526563394161
100,headroom_after_load,69.5,0.07017178015398551,0.024926721065453274,0.025,0.07361108612239119,0.1,0.08,0.0,0.2,2,28.24789898209821,17.386202714884483,32.40897974780159,False,False,0.052810382526241324,0.05233002407311452
100,headroom_after_load,69.55,0.06958271776832825,0.025492258090038356,0.025,0.07361108612239119,0.1,0.08,0.0,0.2,2,28.247533558632703,17.385822006131644,32.408614738378766,False,False,0.0528218307290124,0.05143903219402411
100,headroom_after_load,69.60000000000001,0.06894465599057686,0.02499675412707139,0.025,0.07361108612239119,0.1,0.08,0.0,0.2,2,28.24716811063036,17.38544869737825,32.40825682380077,False,False,0.05283343143909938,0.05126651596553932
100,headroom_after_load,69.65,0.0682565815071049,0.025123666985408966,0.025,0.07361108612239119,0.1,0.08,0.0,0.2,2,28.24680264627012,17.38507349327154,32.40789709202836,False,False,0.05284518308595183,0.05113107674282407
100,headroom_after_load,69.7,0.06751810302308885,0.024874561238544812,0.025,0.07361108612239119,0.1,0.08,0.0,0.2,2,28.24643717100462,17.384702009382078,32.40754092706217,False,False,0.05285708407858488,0.051481256084299015
100,headroom_after_load,69.75,0.06672947546653396,0.02549737770563975,0.025,0.07361108612239119,0.1,0.08,0.0,0.2,2,28.246071688468945,17.38432122417142,32.407175844334425,False,False,0.05286913280579462,0.05166696588418468
100,headroom_after_load,69.8,0.0658916335617122,0.025037109846190325,0.025,0.07361108612239119,0.1,0.08,0.0,0.2,2,28.245706201086488,17.38394731273405,32.406817351925405,False,False,0.05288132763637627,0.0514206606595242
100,headroom_after_load,69.85000000000001,0.06500620323657104,0.025152824016849054,0.025,0.07361108612239119,0.1,0.08,0.0,0.2,2,28.245340710472842,17.383571673187802,32.40645720266972,False,False,0.05289366691934498,0.05071233918618693
100,headroom_after_load,69.9,0.06407609866339663,0.025100407013422886,0.025,0.07361108612239119,0.1,0.08,0.0,0.2,2,28.24497521770507,17.383196816452237,32.40609780394387,False,False,0.05290614898415934,0.05181499515546556
100,headroom_after_load,69.95,0.06310942995140668,0.024830449406260818,0.025,0.07361108612239119,0.1,0.08,0.0,0.2,2,28.244609723501213,17.38282599134163,32.4057422705904,False,False,0.0529187721409476,0.0514214544839988
100,headroom_after_load,70.0,0.04307732745544971,0.02478849789302233,0.025,0.07361108612239119,0.1,0.08,0.0,0.2,2,28.24424422833997,17.382455792747052,32.40538733791725,False,False,0.052931534680736386,0.05200277442069263
100,headroom_after_load,70.05,0.04206694130188124,0.024988238672058526,0.025,0.07361108612239119,0.1,0.08,0.0,0.2,2,28.243878732540466,17.382082611165927,32.405029545267304,False,False,0.0529444348756821,0.05186478667430498
100,headroom_after_load,70.10000000000001,0.04104267923551288,0.02511275171112916,0.025,0.07361108612239119,0.1,0.08,0.0,0.2,2,28.243513236315454,17.38170757007108,32.404669969784614,False,False,0.05295747097930487,0.05149268726788584
100,headroom_after_load,70.15,0.04000917326062105,0.025150410206230503,0.025,0.07361108612239119,0.1,0.08,0.0,0.2,2,28.243147739806773,17.381331966573374,32.404309855090936,False,False,0.05297064122672493,0.05171305734869169
100,headroom_after_load,70.2,0.038971337226362694,0.024979535776078764,0.025,0.07361108612239119,0.1,0.08,0.0,0.2,2,28.242782243108977,17.380958914963813,32.40395218705291,False,False,0.052983943834901584,0.050940913510949135
100,headroom_after_load,70.25,0.03793432466246155,0.02514454882234039,0.025,0.07361108612239119,0.1,0.08,0.0,0.2,2,28.242416746285105,17.38058339900171,32.40359215628512,False,False,0.05299737700287465,0.05232938522951424
100,headroom_after_load,70.3,0.03690357449608147,0.02509574515304029,0.025,0.07361108612239119,0.1,0.08,0.0,0.2,2,28.242051249377184,17.380208611887717,32.403232824309846,False,False,0.05301093891200821,0.05197052720196621
100,headroom_after_load,70.35000000000001,0.035884854797824134,0.024847745586214512,0.025,0.07361108612239119,0.1,0.08,0.0,0.2,2,28.24168575241323,17.379837528470958,32.40287704330203,False,False,0.05302462772623687,0.052658152713554715
100,headroom_after_load,70.4,0.034884214121177905,0.02517429847224873,0.025,0.07361108612239119,0.1,0.08,0.0,0.2,2,28.241320255411917,17.379461568218982,32.402516586565596,False,False,0.05303844159231429,0.05235335540632154
100,headroom_after_load,70.45,0.03390790771360179,0.024939314605836614,0.025,0.07361108612239119,0.1,0.08,0.0,0.2,2,28.2409547583857,17.379089117284007,32.40215949443206,False,False,0.053052378640064124,0.0521606883007747
100,headroom_after_load,70.5,0.03296232173772702,0.024802124761622385,0.025,0.07361108612239119,0.1,0.08,0.0,0.2,2,28.240589261342883,17.378718715181833,32.40180436664338,False,False,0.05306643698263322,0.052859913701780316
100,headroom_after_load,70.55,0.032053896389916015,0.02503076557320197,0.025,0.07361108612239119,0.1,0.08,0.0,0.2,2,28.240223764288995,17.378344898491672,32.401445965074466,False,False,0.05308061471674703,0.05266746371095175
100,headroom_after_load,70.60000000000001,0.031189048811334122,0.024869248066967525,0.025,0.07361108612239119,0.1,0.08,0.0,0.2,2,28.239858267227728,17.37797349395065,32.40108987618462,False,False,0.05309490992296731,0.05293975277825323
100,headroom_after_load,70.65,0.03037409668426276,0.024704700865831694,0.025,0.07361108612239119,0.1,0.08,0.0,0.2,2,28.239492770161544,17.377604546805102,32.40073614335435,False,False,0.053109320665951955,0.05275160089432034
100,headroom_after_load,70.7,0.029615183393678544,0.024977054030205847,0.025,0.07361108612239119,0.1,0.08,0.0,0.2,2,28.23912727309208,17.377231532258655,32.400378510851056,False,False,0.053123844994717055,0.05319375797964273
100,headroom_after_load,70.75,0.028918205611331183,0.02503860395435681,0.025,0.07361108612239119,0.1,0.08,0.0,0.2,2,28.23876177602043,17.376857598507844,32.40001999704873,False,False,0.053138480942900995,0.05349398042857444
100,headroom_after_load,70.8,0.028288744126983668,0.02544244449100263,0.025,0.07361108612239119,0.1,0.08,0.0,0.2,2,28.23839627894732,17.376477633685695,32.399655700879045,False,False,0.053153226529030664,0.05458126389587534
100,headroom_after_load,70.85000000000001,0.02773199870955373,0.02486660329245369,0.025,0.07361108612239119,0.1,0.08,0.0,0.2,2,28.238030781873242,17.3761062686425,32.39929964985825,False,False,0.05316807975678977,0.05443388683630283
100,headroom_after_load,70.9,0.027252727730147103,0.025046805718427524,0.025,0.07361108612239119,0.1,0.08,0.0,0.2,2,28.237665284798513,17.37573221240417,32.39894101861944,False,False,0.053183038615288995,0.05414622573693997
100,headroom_after_load,70.95,0.026855193220032096,0.024945942903931623,0.025,0.07361108612239119,0.1,0.08,0.0,0.2,2,28.237299787723355,17.375359662480275,32.398583831579,False,False,0.05319810107933838,0.05500202096971829
100,headroom_after_load,71.0,0.0265431119701944,0.024872654598412012,0.025,0.07361108612239119,0.1,0.08,0.0,0.2,2,28.23693429064791,17.374988207065126,32.39822769391293,False,False,0.05321326510972141,0.05476187422065875
100,headroom_after_load,71.05,0.02631961320603749,0.025349235030554675,0.025,0.07361108612239119,0.1,0.08,0.0,0.2,2,28.23656879357227,17.37460963426001,32.39786473235751,False,False,0.053228528653471094,0.054755921150725057
100,headroom_after_load,71.10000000000001,0.026187203291937328,0.024704083008723347,0.025,0.07361108612239119,0.1,0.08,0.0,0.2,2,28.236203296496505,17.374240696341722,32.397511008373996,False,False,0.053243889644147946,0.05504911067865279
100,headroom_after_load,71.15,0.026147737836661623,0.02484046764476996,0.025,0.07361108612239119,0.1,0.08,0.0,0.2,2,28.235837799420654,17.373869721615844,32.39715533157496,False,False,0.05325934600211972,0.055229624511277796
100,headroom_after_load,71.2,0.02620240148311777,0.024942596850817202,0.025,0.07361108612239119,0.1,0.08,0.0,0.2,2,28.235472302344746,17.373497221662873,32.39679819244479,False,False,0.05327489563484296,0.05472619510617959
100,headroom_after_load,71.25,0.026351695575531395,0.024830428596335663,0.025,0.07361108612239119,0.1,0.08,0.0,0.2,2,28.2351068052688,17.373126396863046,32.39644265938929,False,False,0.05329053643714631,0.054699863505637415
100,headroom_after_load,71.3,0.026595433805039603,0.02492075340343467,0.025,0.07361108612239119,0.1,0.08,0.0,0.2,2,28.234741308192827,17.372754223126435,32.39608583302326,False,False,0.05330626629151552,0.055465785555576234
100,headroom_after_load,71.35000000000001,0.02693274584188385,0.024685796571390545,0.025,0.07361108612239119,0.1,0.08,0.0,0.2,2,28.234375811116838,17.372385558303087,32.395732370873034,False,False,0.053322083068380086,0.05540782799292036
100,headroom_after_load,71.4,0.02736208886998297,0.024760548251292584,0.025,0.07361108612239119,0.1,0.08,0.0,0.2,2,28.234010314040837,17.372015777116538,32.39537783839521,False,False,0.053337984626401616,0.05537160644863445
100,headroom_after_load,71.45,0.027881266848725106,0.02497620889925151,0.025,0.07361108612239119,0.1,0.08,0.0,0.2,2,28.23364481696483,17.371642775191518,32.39502021799287,False,False,0.0533539688127637,0.055971582701089505
100,headroom_after_load,71.5,0.028487457238380257,0.024940183743373565,0.025,0.07361108612239119,0.1,0.08,0.0,0.2,2,28.233279319888815,17.371270311276593,32.394663113414644,False,False,0.05337003346346337,0.05591385458289786
100,headroom_after_load,71.55,0.029177244840614302,0.024981354293338674,0.025,0.07361108612239119,0.1,0.08,0.0,0.2,2,28.232913822812797,17.37089723250877,32.39430541933828,False,False,0.05338617640360407,0.05550815451550145
100,headroom_after_load,71.60000000000001,0.029946662325142405,0.024975781135400874,0.025,0.07361108612239119,0.1,0.08,0.0,0.2,2,28.23254832573678,17.370524236972102,32.393947805060854,False,False,0.053402395447690126,0.05573245512744825
100,headroom_after_load,71.65,0.03079123693850262,0.02492830946140353,0.025,0.07361108612239119,0.1,0.08,0.0,0.2,2,28.232182828660758,17.370151950391136,32.39359087050385,False,False,0.053418688399922594,0.055356285223591095
100,headroom_after_load,71.7,0.03170603850670928,0.025199177866942066,0.025,0.07361108612239119,0.1,0.08,0.0,0.2,2,28.231817331584736,17.369775618583088,32.393230057533245,False,False,0.053435053054496535,0.05528979500694421
100,headroom_after_load,71.75,0.032685708162415984,0.024810634287032417,0.025,0.07361108612239119,0.1,0.08,0.0,0.2,2,28.231451834508714,17.3694050893972,32.392874807901414,False,False,0.0534514871958997,0.05618309205015981
100,headroom_after_load,71.8,0.03372445883494285,0.025192922543080722,0.025,0.07361108612239119,0.1,0.08,0.0,0.2,2,28.231086337432693,17.36902885100797,32.3925140844973,False,False,0.053467988599212396,0.056250010468227585
100,headroom_after_load,71.85000000000001,0.034816076306974184,0.025077292426828802,0.025,0.07361108612239119,0.1,0.08,0.0,0.2,2,28.23072084035667,17.36865433947232,32.39215501673632,False,False,0.05348455503040877,0.055147790284225916
100,headroom_after_load,71.9,0.035953943911455774,0.02512878764245952,0.025,0.07361108612239119,0.1,0.08,0.0,0.2,2,28.23035534328065,17.368279058892238,32.39179521164407,False,False,0.05350118424665923,0.05547271030189443
100,headroom_after_load,71.95,0.03713108844919774,0.025084931159470556,0.025,0.07361108612239119,0.1,0.08,0.0,0.2,2,28.229989846204628,17.367904433277552,32.391436034508345,False,False,0.05351787399663407,0.05538655739428085
100,headroom_after_load,72.0,-0.07261987811343752,0.024996782513173565,0.025,0.07361108612239119,0.1,0.08,0.0,0.2,2,28.229624349128606,17.367531124100235,32.391078119523904,False,False,0.05353462202080832,0.05591062706921983
100,headroom_after_load,72.05,-0.07138621046940001,0.025113758223830104,0.025,0.07361108612239119,0.1,0.08,0.0,0.2,2,28.229258852052585,17.367156067973834,32.39071852962952,False,False,0.053551426051767596,0.05557423234727046
100,headroom_after_load,72.10000000000001,-0.07013566629825382,0.025177240264935632,0.025,0.07361108612239119,0.1,0.08,0.0,0.2,2,28.228893354976563,17.366780063788276,32.390358030771196,False,False,0.0535682838145151,0.055805578643651065
100,headroom_after_load,72.15,-0.06887594597609058,0.024884105036522143,0.025,0.07361108612239119,0.1,0.08,0.0,0.2,2,28.22852785790054,17.366408437368975,32.39000172915269,False,False,0.0535851930267796,0.05514007728644425
100,headroom_after_load,72.2,-0.06761472558129332,0.021045078392847697,0.025,0.07361108612239119,0.1,0.08,0.0,0.2,2,28.2281916005906,17.366094144083537,32.3897003964151,False,False,0.05360215139932445,0.055753604789650184
100,headroom_after_load,72.25,-0.06633468140516605,0.017219957739411422,0.025,0.07361108612239119,0.1,0.08,0.0,0.2,2,28.22791382281282,17.36583697625589,32.389453833446325,False,False,0.053619156636257444,0.055178748341442006
100,headroom_after_load,72.3,-0.06501870929176497,0.013150232836783913,0.025,0.07361108612239119,0.1,0.08,0.0,0.2,2,28.227694524567205,17.365640586876605,32.389265542598146,False,False,0.05363620643534172,0.05501862849955784
100,headroom_after_load,72.35000000000001,-0.06367501524189108,0.009033468064713087,0.025,0.07361108612239119,0.1,0.08,0.0,0.2,2,28.227533705853755,17.3655056784527,32.38913619740821,False,False,0.05365329848830742,0.05536440412858034
100,headroom_after_load,72.4,-0.06231200605915032,0.004886720233755752,0.025,0.07361108612239119,0.1,0.08,0.0,0.2,2,28.22743136667247,17.365432698759843,32.38906622718723,False,False,0.05367043048116416,0.05490097714923058
100,headroom_after_load,72.45,-0.060938191684571826,0.0011845319834081064,0.025,0.07361108612239119,0.1,0.08,0.0,0.2,2,28.227387507023348,17.365415008616722,32.38904926653454,False,False,0.05368760009451435,0.05547488815074715
100,headroom_after_load,72.5,-0.05956209134988133,-0.0032790724619698123,0.025,0.07361108612239119,0.1,0.08,0.0,0.2,2,28.227400701467793,17.36545736330269,32.38909344292743,False,False,0.05370480500386719,0.05447736684503124
100,headroom_after_load,72.55,-0.05819214415312774,-0.007198773495647736,0.025,0.07361108612239119,0.1,0.08,0.0,0.2,2,28.227466673690017,17.365550347460342,32.389190426403694,False,False,0.05372204287995336,0.05462253740451558
100,headroom_after_load,72.60000000000001,-0.05683662029103142,-0.010945730931474882,0.025,0.07361108612239119,0.1,0.08,0.0,0.2,2,28.227585423690016,17.365691729818206,32.38933788972319,False,False,0.05373931138904038,0.05376379452087623
100,headroom_after_load,72.65,-0.055503531751739665,-0.014938718676435559,0.025,0.07361108612239119,0.1,0.08,0.0,0.2,2,28.227756951467793,17.365884688267776,32.38953914746091,False,False,0.053756608193248526,0.054849354275627656
100,headroom_after_load,72.7,-0.054201904390403524,-0.018784470901613844,0.025,0.07361108612239119,0.1,0.08,0.0,0.2,2,28.227976858875202,17.366127321016922,32.389792216027224,False,False,0.05377393095086741,0.0546142497817659
100,headroom_after_load,72.75,-0.052952166663990344,-0.020549589317247745,0.025,0.07361108612239119,0.1,0.08,0.0,0.2,2,28.228233417517178,17.36639275321227,32.390069064661084,False,False,0.05379127731667292,0.05371509137569056
100,headroom_after_load,72.8,-0.05177830138283731,-0.022328367668880605,0.025,0.07361108612239119,0.1,0.08,0.0,0.2,2,28.228514410315533,17.36668116129466,32.39036987739218,False,False,0.05380864494224483,0.05274721392593724
100,headroom_after_load,72.85000000000001,-0.05069762890982753,-0.02302200816820991,0.025,0.07361108612239119,0.1,0.08,0.0,0.2,2,28.228811692551474,17.366978528900166,32.39068003500223,False,False,0.05382603147628463,0.05335846143542237
100,headroom_after_load,72.9,-0.04972261982148239,-0.023824905979284265,0.025,0.07361108612239119,0.1,0.08,0.0,0.2,2,28.229119834412472,17.367286267269066,32.391001009430006,False,False,0.053843434564933935,0.053096782243277164
100,headroom_after_load,72.95,-0.04886216986067723,-0.023864741222093814,0.025,0.07361108612239119,0.1,0.08,0.0,0.2,2,28.229435216023507,17.367594520176517,32.39132252052703,False,False,0.0538608518520931,0.05250459754029882
100,headroom_after_load,73.0,-0.048122402738952186,-0.024599336247079,0.025,0.07361108612239119,0.1,0.08,0.0,0.2,2,28.229755424134567,17.367912261603042,32.391653928251465,False,False,0.05387828097974028,0.05257455210766353
100,headroom_after_load,73.05,-0.047507207032603214,-0.024469272789882614,0.025,0.07361108612239119,0.1,0.08,0.0,0.2,2,28.23007884991231,17.368228323043244,32.391983583732106,False,False,0.053895719588250575,0.05173882992451517
100,headroom_after_load,73.10000000000001,-0.047018600957367825,-0.024908330740329544,0.025,0.07361108612239119,0.1,0.08,0.0,0.2,2,28.230404420801175,17.36855005564864,32.392319154299024,False,False,0.05391316531671555,0.05175670284556275
100,headroom_after_load,73.15,-0.046656987444487624,-0.024702422419788293,0.025,0.07361108612239119,0.1,0.08,0.0,0.2,2,28.230731421764123,17.368869128604896,32.39265195082329,False,False,0.05393061580326282,0.05139713139991018
100,headroom_after_load,73.2,-0.046421340953819196,-0.024732644886386566,0.025,0.07361108612239119,0.1,0.08,0.0,0.2,2,28.23105937610979,17.369188591934677,32.392985154511344,False,False,0.053948068685375855,0.050362447651944496
100,headroom_after_load,73.25,-0.04630935339243649,-0.024808637713412886,0.025,0.07361108612239119,0.1,0.08,0.0,0.2,2,28.23138796604394,17.369509036838476,32.39331938199165,False,False,0.053965521600213784,0.050874272199872304
100,headroom_after_load,73.3,-0.046317555911344954,-0.02505964029336357,0.025,0.07361108612239119,0.1,0.08,0.0,0.2,2,28.231716979703744,17.36983272385893,32.3936569910345,False,False,0.05398297218493134,0.050957362712427484
100,headroom_after_load,73.35000000000001,-0.04644142114519119,-0.024700608844438587,0.025,0.07361108612239119,0.1,0.08,0.0,0.2,2,28.232046275847317,17.37015177338984,32.39398976312587,False,False,0.05400041807699867,0.050568606370606416
100,headroom_after_load,73.4,-0.046675454321840754,-0.02514544158329654,0.025,0.07361108612239119,0.1,0.08,0.0,0.2,2,28.232375760313403,17.370476568676956,32.39432852810276,False,False,0.05401785691452127,0.050717606467052506
100,headroom_after_load,73.45,-0.0470132826839517,-0.02487737191116727,0.025,0.07361108612239119,0.1,0.08,0.0,0.2,2,28.23270537032783,17.370797901397477,32.394663681585456,False,False,0.054035286336559664,0.05092868416412044
100,headroom_after_load,73.5,-0.047447747013358806,-0.0248058870576336,0.025,0.07361108612239119,0.1,0.08,0.0,0.2,2,28.233035064041154,17.371118310771973,32.39499787200832,False,False,0.05405270398344914,0.050500886275793105
100,headroom_after_load,73.55,-0.04797099596014488,-0.02492423406610804,0.025,0.07361108612239119,0.1,0.08,0.0,0.2,2,28.233364813553738,17.371440248795327,32.39533365682838,False,False,0.054070107497119116,0.05138117364745867
100,headroom_after_load,73.60000000000001,-0.048574575149853666,-0.025031212546083273,0.025,0.07361108612239119,0.1,0.08,0.0,0.2,2,28.23369460026583,17.371763568624047,32.39567088288629,False,False,0.05408749452141242,0.05118241002306006
100,headroom_after_load,73.65,-0.0492494902735591,-0.024836118503715802,0.025,0.07361108612239119,0.1,0.08,0.0,0.2,2,28.234024411777597,17.372084368488053,32.396005480593914,False,False,0.05410486270240429,0.05080370308168096
100,headroom_after_load,73.7,-0.049986257892795,-0.02506575559463789,0.025,0.07361108612239119,0.1,0.08,0.0,0.2,2,28.234354239822476,17.372408134497817,32.39634317202345,False,False,0.054122209688721036,0.050919013250584136
100,headroom_after_load,73.75,-0.05077497495943877,-0.024874036827801756,0.025,0.07361108612239119,0.1,0.08,0.0,0.2,2,28.234684078889433,17.372729424140175,32.39667828057516,False,False,0.0541395331318584,0.05167918111605209
100,headroom_after_load,73.8,-0.05160540770454085,-0.02524637881589097,0.025,0.07361108612239119,0.1,0.08,0.0,0.2,2,28.235013925304443,17.37305552319988,32.39701840540087,False,False,0.054156830686499485,0.05184977230302953
100,headroom_after_load,73.85000000000001,-0.052467093623267645,-0.02497230532004254,0.025,0.07361108612239119,0.1,0.08,0.0,0.2,2,28.23534377661815,17.3733780821436,32.397354837847544,False,False,0.05417410001083229,0.05139800490345156
100,headroom_after_load,73.9,-0.053349451953607185,-0.02473857675284955,0.025,0.07361108612239119,0.1,0.08,0.0,0.2,2,28.235673631197663,17.373697622093324,32.39768812145102,False,False,0.05419133876686672,0.05143794255947174
100,headroom_after_load,73.95,-0.054241899183649474,-0.024943632053918443,0.025,0.07361108612239119,0.1,0.08,0.0,0.2,2,28.236003487954374,17.37401981067402,32.39802416760508,False,False,0.054208544620751184,0.051207967396433615
100,headroom_after_load,74.0,0.07486603321204188,-0.0252345367970061,0.025,0.07361108612239119,0.1,0.08,0.0,0.2,2,28.236333346162553,17.374345756774314,32.39836413289248,False,False,0.05422571524308847,0.05194465715889522
100,headroom_after_load,74.05,0.07398458121974556,-0.02494036335342153,0.025,0.07361108612239119,0.1,0.08,0.0,0.2,2,28.236663205338374,17.374667903134295,32.39870013500988,False,False,0.05424284830925117,0.05189277034731631
100,headroom_after_load,74.10000000000001,0.07312363303817422,-0.024596489839450602,0.025,0.07361108612239119,0.1,0.08,0.0,0.2,2,28.236993065159293,17.37498560779472,32.39903150438688,False,False,0.05425994149969641,0.05242684092976788
100,headroom_after_load,74.15,0.07229261800871506,-0.024819986604111857,0.025,0.07361108612239119,0.1,0.08,0.0,0.2,2,28.237322925410275,17.375306199288357,32.39936588476197,False,False,0.05427699250027979,0.05290237233072192
100,headroom_after_load,74.2,0.07150040138509403,-0.020995106985257785,0.025,0.07361108612239119,0.1,0.08,0.0,0.2,2,28.237626396944396,17.375577386086917,32.399648735508855,False,False,0.054293999002568795,0.05304189410147582
100,headroom_after_load,74.25,0.07073030337460856,-0.016854752039085055,0.025,0.07361108612239119,0.1,0.08,0.0,0.2,2,28.23787709070074,17.375795093300756,32.39987580647382,False,False,0.05431095870415525,0.05319933960772633
100,headroom_after_load,74.3,0.0699653430714938,-0.013290189903618202,0.025,0.07361108612239119,0.1,0.08,0.0,0.2,2,28.238075006679303,17.37596675825368,32.40005485486558,False,False,0.05432786930896702,0.053669130557738455
100,headroom_after_load,74.35000000000001,0.06921335929931867,-0.009121479536158552,0.025,0.07361108612239119,0.1,0.08,0.0,0.2,2,28.23822014488009,17.376084577364352,32.40017774146489,False,False,0.05434472852757894,0.05263284176774499
100,headroom_after_load,74.4,0.06848191370751629,-0.0050168421576383855,0.025,0.07361108612239119,0.1,0.08,0.0,0.2,2,28.238312505303096,17.37614937824222,32.400245329477286,False,False,0.054361534077522665,0.053801203695334844
100,headroom_after_load,74.45,0.06777820522956055,-0.0011310501267096091,0.025,0.07361108612239119,0.1,0.08,0.0,0.2,2,28.238352087948325,17.376163987639693,32.40026056723594,False,False,0.054378283683595756,0.05321208787470605
100,headroom_after_load,74.5,0.06710898918491086,0.003064918663070701,0.025,0.07361108612239119,0.1,0.08,0.0,0.2,2,28.238337467302845,17.376118215258224,32.40021668237536,False,False,0.054394975078169656,0.053743894428945074
100,headroom_after_load,74.55,0.06648050193577158,0.007193409512514849,0.025,0.07361108612239119,0.1,0.08,0.0,0.2,2,28.2382643671252,17.376010786800748,32.400113683957365,False,False,0.054411606001496755,0.0540384407318638
100,headroom_after_load,74.60000000000001,0.06589839194066491,0.011348294657036668,0.025,0.07361108612239119,0.1,0.08,0.0,0.2,2,28.238132787415392,17.37584130808723,32.399951194056776,False,False,0.05442817420201623,0.05449337361032173
100,headroom_after_load,74.65,0.0653676579683959,0.015101186644264703,0.025,0.07361108612239119,0.1,0.08,0.0,0.2,2,28.23794272817342,17.375615782599713,32.399734968589364,False,False,0.05444467743665896,0.054723063530379014
100,headroom_after_load,74.7,0.06489259514915144,0.01850203144469849,0.025,0.07361108612239119,0.1,0.08,0.0,0.2,2,28.237699062820703,17.375339467912667,32.3994700483224,False,False,0.05446111347115114,0.05490013480035721
100,headroom_after_load,74.75,0.06448090201252422,0.02038744955424718,0.025,0.07361108612239119,0.1,0.08,0.0,0.2,2,28.23741478689355,17.375034995846445,32.3991781318053,False,False,0.05447748008031681,0.05506297746584146
100,headroom_after_load,74.8,0.06414636858295485,0.021947509262430838,0.025,0.07361108612239119,0.1,0.08,0.0,0.2,2,28.237103437250106,17.374707225397483,32.398863877663516,False,False,0.05449377504837907,0.05496410637480619
100,headroom_after_load,74.85000000000001,0.06390229415212763,0.02317201345386317,0.025,0.07361108612239119,0.1,0.08,0.0,0.2,2,28.23677403846247,17.37436116784889,32.398532090529294,False,False,0.0545099961692601,0.05555542049646883
100,headroom_after_load,74.9,0.06375933750087438,0.02329307327776923,0.025,0.07361108612239119,0.1,0.08,0.0,0.2,2,28.23643260691204,17.374013302357884,32.39819857000699,False,False,0.054526141246879774,0.05571562798554307
100,headroom_after_load,74.95,0.0637263217776467,0.023984092723034367,0.025,0.07361108612239119,0.1,0.08,0.0,0.2,2,28.236083153519743,17.37365511698269,32.39785515516273,False,False,0.05454220809545303,0.055942615459694124
100,headroom_after_load,75.0,0.06380814214820119,0.02453494821448878,0.025,0.07361108612239119,0.1,0.08,0.0,0.2,2,28.235728352232872,17.373288704972317,32.39750385292598,False,False,0.05455819453978577,0.055659836725999966
100,headroom_after_load,75.05,0.06400619829919932,0.02494634922631651,0.025,0.07361108612239119,0.1,0.08,0.0,0.2,2,28.23536998568295,17.372916148980288,32.39714666006764,False,False,0.05457409841556933,0.05607565734856675
100,headroom_after_load,75.10000000000001,0.06431878571677675,0.024911950631647636,0.025,0.07361108612239119,0.1,0.08,0.0,0.2,2,28.235009242290996,17.372544106706815,32.39678995974359,False,False,0.05458991756967351,0.057211625591370996
100,headroom_after_load,75.15,0.06474141397526147,0.024584110943885937,0.025,0.07361108612239119,0.1,0.08,0.0,0.2,2,28.234646914337684,17.37217696048603,32.39643795357315,False,False,0.05460564986043807,0.05700778331320969
100,headroom_after_load,75.2,0.06526708873276621,0.025019569716252434,0.025,0.07361108612239119,0.1,0.08,0.0,0.2,2,28.234283530010135,17.371803310998033,32.39607971231146,False,False,0.05462129315796268,0.05662061483881232
100,headroom_after_load,75.25,0.06588658036511331,0.024773958815420515,0.025,0.07361108612239119,0.1,0.08,0.0,0.2,2,28.233919441433095,17.37143332953424,32.39572498781525,False,False,0.05463684534439525,0.056161572450074936
100,headroom_after_load,75.3,0.06658869278085978,0.025121244353750762,0.025,0.07361108612239119,0.1,0.08,0.0,0.2,2,28.233554883356394,17.371058161607813,32.39536529073115,False,False,0.05465230431421871,0.056983113570416674
100,headroom_after_load,75.35000000000001,0.06736053953703972,0.02466241316539619,0.025,0.07361108612239119,0.1,0.08,0.0,0.2,2,28.23319001227992,17.37068984599901,32.395012163394874,False,False,0.054667667974536004,0.05693257263162548
100,headroom_after_load,75.4,0.06818809912738596,0.02511869158533169,0.025,0.07361108612239119,0.1,0.08,0.0,0.2,2,28.23282493253693,17.37031471619636,32.394652502862435,False,False,0.05468293424535344,0.05698762857682969
100,headroom_after_load,75.45,0.06905866687018583,0.02494268505604266,0.025,0.07361108612239119,0.1,0.08,0.0,0.2,2,28.232459713682925,17.36994221492611,32.39429536246931,False,False,0.054698101059862336,0.0563684884968368
100,headroom_after_load,75.5,0.06996049764089238,0.025013842182209575,0.025,0.07361108612239119,0.1,0.08,0.0,0.2,2,28.232094402088247,17.369568650974763,32.393937203216986,False,False,0.05471316636471879,0.05663959985175497
100,headroom_after_load,75.55,0.07088149607391117,0.02512348479890886,0.025,0.07361108612239119,0.1,0.08,0.0,0.2,2,28.231729028666454,17.369193449588877,32.393577474053195,False,False,0.05472812812032169,0.056709840514569544
100,headroom_after_load,75.60000000000001,0.07180937265733575,0.02510313484977974,0.025,0.07361108612239119,0.1,0.08,0.0,0.2,2,28.231363614026584,17.368818552115016,32.393218036268976,False,False,0.05474298430108882,0.057199634670603634
100,headroom_after_load,75.65,0.07273179873779889,0.025111527685010213,0.025,0.07361108612239119,0.1,0.08,0.0,0.2,2,28.230998171908,17.368443529300126,32.392858478312434,False,False,0.05475773289573112,0.05667624783455161
100,headroom_after_load,75.7,0.07363655909440811,0.024832831929586806,0.025,0.07361108612239119,0.1,0.08,0.0,0.2,2,28.230632711470268,17.368072668608228,32.39250291084494,False,False,0.05477237190752495,0.05675554465604836
100,headroom_after_load,75.75,0.07451170066681705,0.024602182086184296,0.025,0.07361108612239119,0.1,0.08,0.0,0.2,2,28.23026723881977,17.367705252507776,32.39215064592389,False,False,0.054786899354582454,0.05619077866697204
100,headroom_after_load,75.8,0.07534567594615567,0.025145694404916992,0.025,0.07361108612239119,0.1,0.08,0.0,0.2,2,28.22990175802743,17.367329719437212,32.39179059875315,False,False,0.05480131327011986,0.0551671816995386
100,headroom_after_load,75.85000000000001,0.07612747952783251,0.02483593507050533,0.025,0.07361108612239119,0.1,0.08,0.0,0.2,2,28.2295362718072,17.36695881240211,32.39143498685351,False,False,0.054815611702723734,0.05484888555482229
100,headroom_after_load,75.9,0.07684677636508312,0.02473413140239286,0.025,0.07361108612239119,0.1,0.08,0.0,0.2,2,28.229170781968367,17.36658942573242,32.39108083262381,False,False,0.05482979271661517,0.05452293441919995
100,headroom_after_load,75.95,0.07749402033979004,0.02542506643487435,0.025,0.07361108612239119,0.1,0.08,0.0,0.2,2,28.22880528971714,17.366209720439187,32.39071678528081,False,False,0.0548438543919119,0.05389921804308036
100,headroom_after_load,76.0,0.07296625898083957,0.024819324519932146,0.025,0.07361108612239119,0.1,0.08,0.0,0.2,2,28.228439795857646,17.365839061470847,32.39036141121838,False,False,0.05485779482488818,0.05446761148654016
100,headroom_after_load,76.05,0.07344444219008828,0.025148524322720953,0.025,0.07361108612239119,0.1,0.08,0.0,0.2,2,28.228074300925975,17.36546348613747,32.39000132352762,False,False,0.05487161212823253,0.054645599018284155
100,headroom_after_load,76.10000000000001,0.07382770222862178,0.02548425158836328,0.025,0.07361108612239119,0.1,0.08,0.0,0.2,2,28.22770880527952,17.365082896956043,32.389636428745426,False,False,0.054885304431303274,0.053484891604053716
100,headroom_after_load,76.15,0.0741106508748882,0.025081490928247508,0.025,0.07361108612239119,0.1,0.08,0.0,0.2,2,28.22734330915654,17.364708322718762,32.38927730086845,False,False,0.05489886988038174,0.053840787931114464
100,headroom_after_load,76.2,0.07428914357341619,0.02522508296596326,0.025,0.07361108612239119,0.1,0.08,0.0,0.2,2,28.226977812715884,17.364331604036476,32.388916116977185,False,False,0.05491230663892328,0.05317004021103847
100,headroom_after_load,76.25,0.07436030051214523,0.02511630078428978,0.025,0.07361108612239119,0.1,0.08,0.0,0.2,2,28.226612316063438,17.363956509938742,32.388556490677296,False,False,0.054925612887805876,0.05309891860413714
100,headroom_after_load,76.3,0.07432238533352438,0.025081818906542534,0.025,0.07361108612239119,0.1,0.08,0.0,0.2,2,28.2262468192698,17.36358193080334,32.38819735810418,False,False,0.05493878682557642,0.052386839644746934
100,headroom_after_load,76.35000000000001,0.07417467233946233,0.025040947715459796,0.025,0.07361108612239119,0.1,0.08,0.0,0.2,2,28.225881322382033,17.363207962050122,32.38783881074285,False,False,0.054951826668694644,0.052721448205650105
100,headroom_after_load,76.4,0.07391742546781585,0.02504811533961742,0.025,0.07361108612239119,0.1,0.08,0.0,0.2,2,28.225515825431515,17.362833886253533,32.387480160752304,False,False,0.0549647306517745,0.052581163833358806
100,headroom_after_load,76.45,0.07355189232602974,0.02503979178997954,0.025,0.07361108612239119,0.1,0.08,0.0,0.2,2,28.22515032843916,17.36245993476324,32.38712162994202,False,False,0.054977497027823244,0.0520810661233806
100,headroom_after_load,76.5,0.07308028595140248,0.025068613265965878,0.025,0.07361108612239119,0.1,0.08,0.0,0.2,2,28.224784831418916,17.362085552844693,32.3867626864531,False,False,0.05499012406847793,0.05207537189117247
100,headroom_after_load,76.55,0.07250575558698014,0.024967596077493284,0.025,0.07361108612239119,0.1,0.08,0.0,0.2,2,28.22441933438008,17.361712679546045,32.38640518937296,False,False,0.05500261006423937,0.05257298919193355
100,headroom_after_load,76.60000000000001,0.0718323467762613,0.025135604716383726,0.025,0.07361108612239119,0.1,0.08,0.0,0.2,2,28.22405383732885,17.361337297157807,32.386045286670836,False,False,0.05501495332470362,0.052105087630119444
100,headroom_after_load,76.65,0.07106495129496043,0.024834995033698085,0.025,0.07361108612239119,0.1,0.08,0.0,0.2,2,28.223688340269355,17.360966404161484,32.38568968823106,False,False,0.055027152178790784,0.052150323744584906
100,headroom_after_load,76.7,0.07020924755275622,0.025327926162263176,0.025,0.07361108612239119,0.1,0.08,0.0,0.2,2,28.22332284320435,17.36058814958917,32.38532703178544,False,False,0.05503920497497129,0.05244709406260048
100,headroom_after_load,76.75,0.06927163220474448,0.024947755277600077,0.025,0.07361108612239119,0.1,0.08,0.0,0.2,2,28.222957346135672,17.36021557259876,32.38496981879464,False,False,0.05505111008148949,0.05279122044095656
100,headroom_after_load,76.80000000000001,0.0682591438100148,0.02524918617336847,0.025,0.07361108612239119,0.1,0.08,0.0,0.2,2,28.222591849064546,17.359838493952207,32.38460828978299,False,False,0.05506286588658452,0.052287151949796905
100,headroom_after_load,76.85000000000001,0.06717937946228691,0.02464426152703115,0.025,0.07361108612239119,0.1,0.08,0.0,0.2,2,28.222226351991786,17.35947044942522,32.384255422349895,False,False,0.055074470798708544,0.051750004859135466
100,headroom_after_load,76.9,0.0660404053939126,0.02494068786958681,0.025,0.07361108612239119,0.1,0.08,0.0,0.2,2,28.22186085491794,17.35909797798153,32.38389831055336,False,False,0.05508592324674224,0.05224705720244925
100,headroom_after_load,76.95,0.06485066542176007,0.024621077687291312,0.025,0.07361108612239119,0.1,0.08,0.0,0.2,2,28.221495357843366,17.35873027968871,32.38354577507674,False,False,0.05509722168020746,0.05163391659089418
100,headroom_after_load,77.0,0.06361890311862123,0.025158094821577565,0.025,0.07361108612239119,0.1,0.08,0.0,0.2,2,28.22112986076831,17.35835456142674,32.38318555035134,False,False,0.05510836456947718,0.05237816589630035
100,headroom_after_load,77.05000000000001,0.06235410604626009,0.024755491373532994,0.025,0.07361108612239119,0.1,0.08,0.0,0.2,2,28.220764363692933,17.357984855761067,32.38283109028013,False,False,0.055119350405982565,0.05301598068781421
100,headroom_after_load,77.10000000000001,0.06106545082625412,0.02519969954830787,0.025,0.07361108612239119,0.1,0.08,0.0,0.2,2,28.22039886661734,17.357608516162077,32.38247026983986,False,False,0.055130177702417196,0.05301994414417619
100,headroom_after_load,77.15,0.059762228103006285,0.02499119275003438,0.025,0.07361108612239119,0.1,0.08,0.0,0.2,2,28.220033369541603,17.357235290463898,32.38211243489212,False,False,0.05514084499293846,0.05364334038297669
100,headroom_after_load,77.2,0.058453750540857496,0.025057115543977493,0.025,0.07361108612239119,0.1,0.08,0.0,0.2,2,28.21966787246577,17.356861080255655,32.38175365603267,False,False,0.05515135083336599,0.05318921318360611
100,headroom_after_load,77.25,0.057154279756114,0.025250379814411694,0.025,0.07361108612239119,0.1,0.08,0.0,0.2,2,28.219302375389873,17.35648398378292,32.38139210992995,False,False,0.05516169380137714,0.05362768642493275
100,headroom_after_load,77.30000000000001,0.055882293721172475,0.024880655079553848,0.025,0.07361108612239119,0.1,0.08,0.0,0.2,2,28.218936878313933,17.356112408886272,32.38103585770945,False,False,0.05517187249669963,0.05335972651486004
100,headroom_after_load,77.35000000000001,0.0546486747134948,0.024806675807157733,0.025,0.07361108612239119,0.1,0.08,0.0,0.2,2,28.218571381237965,17.355741938817467,32.38068066475688,False,False,0.05518188554130103,0.05446268155935372
100,headroom_after_load,77.4,0.05346149768515558,0.025162666175614433,0.025,0.07361108612239119,0.1,0.08,0.0,0.2,2,28.21820588416198,17.355366152285573,32.38032037457682,False,False,0.0551917315795754,0.054341148869091103
100,headroom_after_load,77.45,0.052328263982923534,0.02488406027396305,0.025,0.07361108612239119,0.1,0.08,0.0,0.2,2,28.21784038708598,17.354994526534767,32.37996407359924,False,False,0.055201409278526764,0.054884716154274545
100,headroom_after_load,77.5,0.05125582027092856,0.0253020765431383,0.025,0.07361108612239119,0.1,0.08,0.0,0.2,2,28.217474890009974,17.354616658008137,32.379601787279896,False,False,0.05521091732794959,0.05516107320185927
100,headroom_after_load,77.55000000000001,0.05025028487618127,0.024920719708496034,0.025,0.07361108612239119,0.1,0.08,0.0,0.2,2,28.217109392933963,17.354244484774735,32.379244961396324,False,False,0.0552202544406062,0.05529957791155411
100,headroom_after_load,77.60000000000001,0.049316982911834374,0.024780751107341816,0.025,0.07361108612239119,0.1,0.08,0.0,0.2,2,28.21674389585795,17.353874401872893,32.37889013964507,False,False,0.055229419352401,0.055409347166611535
100,headroom_after_load,77.65,0.04846039114882621,0.025177639013448095,0.025,0.07361108612239119,0.1,0.08,0.0,0.2,2,28.21637839878193,17.35349839173231,32.3785296350773,False,False,0.05523841082255163,0.05536295006322532
100,headroom_after_load,77.7,0.04768409337180261,0.025117508618971822,0.025,0.07361108612239119,0.1,0.08,0.0,0.2,2,28.21601290170591,17.35312327959642,32.3781699914831,False,False,0.05524722763375699,0.055319172668936684
100,headroom_after_load,77.75,0.0469907467540933,0.025077809591149806,0.025,0.07361108612239119,0.1,0.08,0.0,0.2,2,28.215647404629888,17.352748760337295,32.37781091631713,False,False,0.055255868592361944,0.05547399442971027
100,headroom_after_load,77.80000000000001,0.04638205961320025,0.02504583579981615,0.025,0.07361108612239119,0.1,0.08,0.0,0.2,2,28.215281907553866,17.352374718584013,32.37745229896605,False,False,0.05526433252851905,0.055920582913615555
100,headroom_after_load,77.85000000000001,0.045858780744974154,0.02498203222308666,0.025,0.07361108612239119,0.1,0.08,0.0,0.2,2,28.214916410477844,17.35200162969179,32.37709459518278,False,False,0.055272618296346804,0.05609520027973953
100,headroom_after_load,77.9,0.045420700376631026,0.025008114547621422,0.025,0.07361108612239119,0.1,0.08,0.0,0.2,2,28.214550913401823,17.351628151278597,32.37673651794127,False,False,0.055280724774084904,0.05690214913481274
100,headroom_after_load,77.95,0.045066662626287765,0.02476962678824914,0.025,0.07361108612239119,0.1,0.08,0.0,0.2,2,28.2141854163258,17.351258234510553,32.376381855472935,False,False,0.05528865086424602,0.05703050239023425
100,headroom_after_load,78.0,-0.08011110789620426,0.024361964101623612,0.025,0.07361108612239119,0.1,0.08,0.0,0.2,2,28.21381991924978,17.350894405894937,32.3760330300992,False,False,0.05529639549376442,0.05684851946430687
100,headroom_after_load,78.05000000000001,-0.08030418256091965,0.024979076805295847,0.025,0.07361108612239119,0.1,0.08,0.0,0.2,2,28.213454422173758,17.35052136113978,32.37567536863292,False,False,0.055303957614141246,0.05695320796963393
100,headroom_after_load,78.10000000000001,-0.08042204354004154,0.02490979788154462,0.025,0.07361108612239119,0.1,0.08,0.0,0.2,2,28.213088925097736,17.3501493510161,32.3753186991329,False,False,0.055311336201586445,0.05732538976201497
100,headroom_after_load,78.15,-0.08046919322028573,0.02526100908023015,0.025,0.07361108612239119,0.1,0.08,0.0,0.2,2,28.212723428021715,17.349772095802834,32.37495700083564,False,False,0.05531853025715738,0.05733729458391924
100,headroom_after_load,78.2,-0.08045076120843994,0.02090473184652089,0.025,0.07361108612239119,0.1,0.08,0.0,0.2,2,28.21238717071177,17.349459898493297,32.37465767764196,False,False,0.05532553880689411,0.057213738987087606
100,headroom_after_load,78.25,-0.08034749693063314,0.017224452580084777,0.025,0.07361108612239119,0.1,0.08,0.0,0.2,2,28.212109392933993,17.349202663538396,32.374411050314066,False,False,0.055332360901951164,0.05757642294807863
100,headroom_after_load,78.30000000000001,-0.08014076363104342,0.012718310168860393,0.025,0.07361108612239119,0.1,0.08,0.0,0.2,2,28.21189009468838,17.349012724617115,32.37422894392562,False,False,0.05533899561872609,0.05775003316608545
100,headroom_after_load,78.35000000000001,-0.07983740452786471,0.008749826525935112,0.025,0.07361108612239119,0.1,0.08,0.0,0.2,2,28.21172927597493,17.34888205217796,32.37410366004066,False,False,0.055345442058984444,0.05747067567440331
100,headroom_after_load,78.4,-0.07944460332454116,0.004889001499003274,0.025,0.07361108612239119,0.1,0.08,0.0,0.2,2,28.211626936793643,17.348809038416025,32.37403365715551,False,False,0.0553516993499814,0.058008105138801724
100,headroom_after_load,78.45,-0.07896980323469673,0.0008278475523366891,0.025,0.07361108612239119,0.1,0.08,0.0,0.2,2,28.21158307714452,17.348796675101326,32.37402180366822,False,False,0.05535776664457993,0.05747617278937743
100,headroom_after_load,78.5,-0.07842062341287323,-0.0030284633958377115,0.025,0.07361108612239119,0.1,0.08,0.0,0.2,2,28.211596271588967,17.348835792753523,32.374062603800084,False,False,0.05536364312136545,0.05716108010083019
100,headroom_after_load,78.55000000000001,-0.0778047737713121,-0.007072596462767009,0.025,0.07361108612239119,0.1,0.08,0.0,0.2,2,28.21166224381119,17.3489271471245,32.37415788739132,False,False,0.055369327984757084,0.05766547134831905
100,headroom_after_load,78.60000000000001,-0.07712996917650436,-0.01114255575791201,0.025,0.07361108612239119,0.1,0.08,0.0,0.2,2,28.21178099381119,17.34907107180304,32.37430800237861,False,False,0.05537482046511533,0.05762643777200894
100,headroom_after_load,78.65,-0.07640384402116102,-0.015323573855230569,0.025,0.07361108612239119,0.1,0.08,0.0,0.2,2,28.211952521588966,17.34926900129867,32.37451444497083,False,False,0.05538011981884627,0.05747072448079702
100,headroom_after_load,78.7,-0.07563386815765795,-0.018190658357756892,0.025,0.07361108612239119,0.1,0.08,0.0,0.2,2,28.212172428996375,17.349503963969124,32.374759513562594,False,False,0.05538522532850223,0.05723863862842441
100,headroom_after_load,78.75,-0.07483141761703603,-0.020429189430148105,0.025,0.07361108612239119,0.1,0.08,0.0,0.2,2,28.21242898763835,17.349767840999263,32.37503474014242,False,False,0.05539013630287893,0.05765451413160879
100,headroom_after_load,78.80000000000001,-0.07401442099711728,-0.022101436546622187,0.025,0.07361108612239119,0.1,0.08,0.0,0.2,2,28.212709980436706,17.35005331788799,32.375332495607005,False,False,0.05539485207710906,0.05731383410907736
100,headroom_after_load,78.85000000000001,-0.07320073122148947,-0.0231619093740738,0.025,0.07361108612239119,0.1,0.08,0.0,0.2,2,28.213007262672647,17.35035249255074,32.37564453799718,False,False,0.055399372012752274,0.057164738615729606
100,headroom_after_load,78.9,-0.07240368683546929,-0.02392847907666287,0.025,0.07361108612239119,0.1,0.08,0.0,0.2,2,28.213315404533645,17.350661568738815,32.37596690778474,False,False,0.05540369549788163,0.05674235305167068
100,headroom_after_load,78.95,-0.07163331175531851,-0.024156142260159084,0.025,0.07361108612239119,0.1,0.08,0.0,0.2,2,28.21363078614468,17.35097358557634,32.376292344701305,False,False,0.05540782194716646,0.056788532488766134
100,headroom_after_load,79.0,-0.07089710431301352,-0.024355819419160346,0.025,0.07361108612239119,0.1,0.08,0.0,0.2,2,28.21395099425574,17.35128818157717,32.376620471712926,False,False,0.055411750801951584,0.055965372561100395
100,headroom_after_load,79.05000000000001,-0.07020055620379331,-0.024493838431408194,0.025,0.07361108612239119,0.1,0.08,0.0,0.2,2,28.214274420033483,17.351604560323576,32.37695045814735,False,False,0.055415481530332954,0.05524074836709899
100,headroom_after_load,79.10000000000001,-0.06954749513699757,-0.024559752564023964,0.025,0.07361108612239119,0.1,0.08,0.0,0.2,2,28.21459999092235,17.35192179046086,32.377281332591615,False,False,0.05541901362722967,0.05649758176076948
100,headroom_after_load,79.15,-0.06894031374232511,-0.024662809119320808,0.025,0.07361108612239119,0.1,0.08,0.0,0.2,2,28.214926991885296,17.35224035174532,32.37761359543669,False,False,0.05542234661445234,0.05570417756454038
100,headroom_after_load,79.2,-0.06838012640750205,-0.02487500963144458,0.025,0.07361108612239119,0.1,0.08,0.0,0.2,2,28.215254946230964,17.35256165395306,32.37794871709423,False,False,0.05542548004076786,0.05555357128743792
100,headroom_after_load,79.25,-0.06786688176255953,-0.02473062083180356,0.025,0.07361108612239119,0.1,0.08,0.0,0.2,2,28.215583536165113,17.352881091138805,32.378281893513766,False,False,0.05542841348196046,0.0553173265743334
100,headroom_after_load,79.30000000000001,-0.0673994502444754,-0.024753955617671634,0.025,0.07361108612239119,0.1,0.08,0.0,0.2,2,28.215912549824917,17.3532008297322,32.37861538430472,False,False,0.05543114654088917,0.05556477062802184
100,headroom_after_load,79.35000000000001,-0.0669757108689544,-0.024724912279090554,0.025,0.07361108612239119,0.1,0.08,0.0,0.2,2,28.21624184596849,17.35352019318247,32.378948483817375,False,False,0.05543367884754154,0.05473372167714903
100,headroom_after_load,79.4,-0.06659267316376653,-0.02518620971236103,0.025,0.07361108612239119,0.1,0.08,0.0,0.2,2,28.216571330434576,17.35384551505792,32.379287798031555,False,False,0.055436010059083794,0.05518420251723601
100,headroom_after_load,79.45,-0.0662466213765101,-0.02505497075196779,0.025,0.07361108612239119,0.1,0.08,0.0,0.2,2,28.216900940449005,17.354169141763467,32.3796253441653,False,False,0.05543813985990722,0.054744212582720275
100,headroom_after_load,79.5,-0.06593324238774063,-0.02455289378761863,0.025,0.07361108612239119,0.1,0.08,0.0,0.2,2,28.217230634162327,17.354486283308223,32.3799561262066,False,False,0.05544006796167086,0.05518526234326699
100,headroom_after_load,79.55000000000001,-0.06564773597854753,-0.024905925897002645,0.025,0.07361108612239119,0.1,0.08,0.0,0.2,2,28.21756038367491,17.35480798485106,32.38029166437494,False,False,0.05544179410334061,0.054735430678259235
100,headroom_after_load,79.60000000000001,-0.06538491414047107,-0.024707129480628226,0.025,0.07361108612239119,0.1,0.08,0.0,0.2,2,28.217890170387005,17.355127118606852,32.380624524313774,False,False,0.05544331805122451,0.05514925540857116
100,headroom_after_load,79.65,-0.06513929343304199,-0.025199268333285754,0.025,0.07361108612239119,0.1,0.08,0.0,0.2,2,28.21821998189877,17.355452609156156,32.380964014456595,False,False,0.055444639599004426,0.05459470455477983
100,headroom_after_load,79.7,-0.06490518258072855,-0.02469353297127272,0.025,0.07361108612239119,0.1,0.08,0.0,0.2,2,28.21854980994365,17.35577156729037,32.381296691220236,False,False,0.05544575856776393,0.054958014971247
100,headroom_after_load,79.75,-0.06467676643295824,-0.024641975623490135,0.025,0.07361108612239119,0.1,0.08,0.0,0.2,2,28.218879649010606,17.356089859475507,32.38162867339183,False,False,0.05544667480601257,0.05505483040034668
100,headroom_after_load,79.80000000000001,-0.0644481868089215,-0.024524540105569943,0.025,0.07361108612239119,0.1,0.08,0.0,0.2,2,28.219209495425616,17.356406634785202,32.38195907344603,False,False,0.055447388189706355,0.05472402189073397
100,headroom_after_load,79.85000000000001,-0.06421362035096055,-0.025092365078486514,0.025,0.07361108612239119,0.1,0.08,0.0,0.2,2,28.219539346739325,17.356730744500798,32.38229712336445,False,False,0.05544789862226454,0.05556676901915222
100,headroom_after_load,79.9,-0.06396735323586933,-0.02515409742902465,0.025,0.07361108612239119,0.1,0.08,0.0,0.2,2,28.219869201318836,17.35705565159259,32.38263600495482,False,False,0.055448206034582746,0.05540341030450142
100,headroom_after_load,79.95,-0.06370385241245453,-0.024876786066518143,0.025,0.07361108612239119,0.1,0.08,0.0,0.2,2,28.220199058075547,17.357376976745947,32.38297115054488,False,False,0.055448310385042256,0.05572081943557411
100,headroom_after_load,80.0,0.05018780101538567,-0.025194074367148957,0.025,0.07361108612239119,0.1,0.08,0.0,0.2,2,28.220528916283726,17.357702400206524,32.38331057071344,False,False,0.05544821165951569,0.05582755611526096
100,headroom_after_load,80.05000000000001,0.050501313129478,-0.02526060563334101,0.025,0.07361108612239119,0.1,0.08,0.0,0.2,2,28.220858775459547,17.35802868302929,32.383650887206,False,False,0.055447909871368904,0.05536728488408658
100,headroom_after_load,80.10000000000001,0.050846902849690366,-0.02468942119720606,0.025,0.07361108612239119,0.1,0.08,0.0,0.2,2,28.221188635280466,17.358347588053086,32.38398350857491,False,False,0.05544740506145918,0.05555750123622756
100,headroom_after_load,80.15,0.05122866485074744,-0.02483981970832755,0.025,0.07361108612239119,0.1,0.08,0.0,0.2,2,28.22151849553145,17.35866843572432,32.38431815614598,False,False,0.055446697298129705,0.055610984151719015
100,headroom_after_load,80.2,0.051645558453452034,-0.021028108250132658,0.025,0.07361108612239119,0.1,0.08,0.0,0.2,2,28.22182196706557,17.358940048789215,32.38460145149324,False,False,0.05544578667720029,0.05601502755007602
100,headroom_after_load,80.25,0.05206629759966555,-0.016804909857331417,0.025,0.07361108612239119,0.1,0.08,0.0,0.2,2,28.22207266082191,17.359157112208205,32.38482785097326,False,False,0.05544467332195445,0.05607641155595086
100,headroom_after_load,80.30000000000001,0.05246563343837874,-0.013032525564179902,0.025,0.07361108612239119,0.1,0.08,0.0,0.2,2,28.222270576800476,17.359325448996742,32.38500342805378,False,False,0.05544335738312266,0.05573445008639178
100,headroom_after_load,80.35000000000001,0.05284581456974358,-0.008793500162340505,0.025,0.07361108612239119,0.1,0.08,0.0,0.2,2,28.22241571500126,17.359439031707172,32.38512189604208,False,False,0.055441839038861955,0.05584187340031185
100,headroom_after_load,80.4,0.053208564912830075,-0.004990653586163471,0.025,0.07361108612239119,0.1,0.08,0.0,0.2,2,28.22250807542427,17.359503494315994,32.385189131236224,False,False,0.05544011849473186,0.05531737384675731
100,headroom_after_load,80.45,0.05355507025119148,-0.0010959709965232373,0.025,0.07361108612239119,0.1,0.08,0.0,0.2,2,28.222547658069498,17.359517650608034,32.38520389640104,False,False,0.05543819598366651,0.05543821961724829
100,headroom_after_load,80.5,0.05388597118940344,0.0030648728352451705,0.025,0.07361108612239119,0.1,0.08,0.0,0.2,2,28.222533037424018,17.359471878910973,32.385160012196636,False,False,0.05543607176594312,0.05519569675531043
100,headroom_after_load,80.55000000000001,0.05420136243149337,0.007119089857039585,0.025,0.07361108612239119,0.1,0.08,0.0,0.2,2,28.222459937246374,17.359365560364722,32.385058077920334,False,False,0.05543374612914677,0.055491259810552473
100,headroom_after_load,80.60000000000001,0.054500798356341244,0.01090801519188678,0.025,0.07361108612239119,0.1,0.08,0.0,0.2,2,28.222328357536565,17.359202656912036,32.3849018921358,False,False,0.055431219388131454,0.055587347484197816
100,headroom_after_load,80.65,0.05478330613425021,0.014788086624237968,0.025,0.07361108612239119,0.1,0.08,0.0,0.2,2,28.222138298294592,17.35898180735074,32.38469014977291,False,False,0.05542849188497746,0.05574137834808807
100,headroom_after_load,80.7,0.055047417254320254,0.018444549572488058,0.025,0.07361108612239119,0.1,0.08,0.0,0.2,2,28.221894632941876,17.35870635111459,32.384426052556805,False,False,0.05542556398894505,0.05562247622084802
100,headroom_after_load,80.75,0.05529539018129613,0.02039224683601854,0.025,0.07361108612239119,0.1,0.08,0.0,0.2,2,28.221610357014722,17.358401807404377,32.384134067350104,False,False,0.055422436096424485,0.05504147037825407
100,headroom_after_load,80.80000000000001,0.055536027343391595,0.02180598264723007,0.025,0.07361108612239119,0.1,0.08,0.0,0.2,2,28.22129900737128,17.35807615055481,32.38382183964897,False,False,0.055419108630882334,0.05541297247075532
100,headroom_after_load,80.85000000000001,0.05577820361027397,0.0229348975468983,0.025,0.07361108612239119,0.1,0.08,0.0,0.2,2,28.220969608583644,17.357733634163726,32.383493447645144,False,False,0.055415582042804175,0.05621230450613529
100,headroom_after_load,80.9,0.05602656729796129,0.023493891954661995,0.025,0.07361108612239119,0.1,0.08,0.0,0.2,2,28.220628177033213,17.357382769588536,32.38315705171223,False,False,0.05541185680963358,0.05553131061104867
100,headroom_after_load,80.95,0.05628286550518606,0.024469983489277692,0.025,0.07361108612239119,0.1,0.08,0.0,0.2,2,28.220278723640916,17.357017327780152,32.382806679669145,False,False,0.05540793343570749,0.05484690472696449
100,headroom_after_load,81.0,0.056546846502316526,0.024297844900753814,0.025,0.07361108612239119,0.1,0.08,0.0,0.2,2,28.219923922354045,17.35665445673922,32.38245877238248,False,False,0.05540381245218792,0.05482334912877736
100,headroom_after_load,81.05000000000001,0.056816880468114284,0.024817392431042178,0.025,0.07361108612239119,0.1,0.08,0.0,0.2,2,28.219565555804124,17.35628382662526,32.38210342598455,False,False,0.05539949441699008,0.05509492501318221
100,headroom_after_load,81.10000000000001,0.057090392528466455,0.024872969448742555,0.025,0.07361108612239119,0.1,0.08,0.0,0.2,2,28.21920481241217,17.355912366508043,32.38174728381031,False,False,0.05539497991470682,0.055408324091717594
100,headroom_after_load,81.15,0.05736417056705538,0.025280787974152383,0.025,0.07361108612239119,0.1,0.08,0.0,0.2,2,28.218842484458857,17.355534815911057,32.38138530231011,False,False,0.05539026955652948,0.05480179841175326
100,headroom_after_load,81.2,0.05763458928339391,0.024647104012934493,0.025,0.07361108612239119,0.1,0.08,0.0,0.2,2,28.218479100131308,17.355166728933565,32.38103239417705,False,False,0.05538536398016515,0.05496444746390775
100,headroom_after_load,81.25,0.05789777796331629,0.024860051686199557,0.025,0.07361108612239119,0.1,0.08,0.0,0.2,2,28.218115011554268,17.35479546173395,32.38067643696505,False,False,0.05538026384975035,0.05574378876098152
100,headroom_after_load,81.30000000000001,0.05814975008201426,0.024866418149396458,0.025,0.07361108612239119,0.1,0.08,0.0,0.2,2,28.217750453477567,17.354424099455734,32.38032038859521,False,False,0.0553749698557611,0.05445789796420613
100,headroom_after_load,81.35000000000001,0.058386506631686,0.025133895615594613,0.025,0.07361108612239119,0.1,0.08,0.0,0.2,2,28.217385582401093,17.3540487425917,32.37996051036475,False,False,0.055369482714919434,0.054974959182697396
100,headroom_after_load,81.4,0.05860412092059494,0.02500474056507357,0.025,0.07361108612239119,0.1,0.08,0.0,0.2,2,28.2170205026581,17.353675314566534,32.3796024814334,False,False,0.055363803170096385,0.05506149155476292
100,headroom_after_load,81.45,0.058798809837198984,0.024908559878608297,0.025,0.07361108612239119,0.1,0.08,0.0,0.2,2,28.216655283804098,17.35330332293155,32.37924582965965,False,False,0.05535793199021142,0.05504075749881114
100,headroom_after_load,81.5,0.058966994750985935,0.0251293081243866,0.025,0.07361108612239119,0.1,0.08,0.0,0.2,2,28.21628997220942,17.352928034578436,32.378886017114915,False,False,0.0553518699701283,0.05511357491270152
100,headroom_after_load,81.55000000000001,0.05910535402290329,0.024688016284340388,0.025,0.07361108612239119,0.1,0.08,0.0,0.2,2,28.215924598787627,17.352559336605253,32.37853252318186,False,False,0.05534561793054751,0.0548523056043499
100,headroom_after_load,81.60000000000001,0.059210868317143506,0.0249860895632249,0.025,0.07361108612239119,0.1,0.08,0.0,0.2,2,28.215559184147757,17.352186187119543,32.37817476130381,False,False,0.05533917671789513,0.05550744765957851
100,headroom_after_load,81.65,0.05928085940502955,0.025054492452407914,0.025,0.07361108612239119,0.1,0.08,0.0,0.2,2,28.21519374202917,17.351812016085308,32.377816020002946,False,False,0.05533254720420824,0.05470536744984818
100,headroom_after_load,81.7,0.059313022838796456,0.025278278202822108,0.025,0.07361108612239119,0.1,0.08,0.0,0.2,2,28.21482828159144,17.351434502969973,32.37745407443876,False,False,0.055325730287016886,0.05408670445115581
100,headroom_after_load,81.75,0.05930545468646643,0.02472159178240246,0.025,0.07361108612239119,0.1,0.08,0.0,0.2,2,28.214462808940944,17.351065303570593,32.37710009975688,False,False,0.05531872688922252,0.054204787581037944
100,headroom_after_load,81.80000000000001,0.0592566724172872,0.025332804554752862,0.025,0.07361108612239119,0.1,0.08,0.0,0.2,2,28.214097328148604,17.350686976142953,32.37673737346028,False,False,0.0553115379589731,0.05424152694858441
100,headroom_after_load,81.85000000000001,0.05916562998236924,0.02506613825397928,0.025,0.07361108612239119,0.1,0.08,0.0,0.2,2,28.21373184192837,17.35031263118695,32.37637846540968,False,False,0.055304164469534706,0.05457579184208746
100,headroom_after_load,81.9,0.05903172712825338,0.02503403254622056,0.025,0.07361108612239119,0.1,0.08,0.0,0.2,2,28.21336635208954,17.349938765706867,32.3760200170628,False,False,0.05529660741915978,0.05452131485092822
100,headroom_after_load,81.95,0.05885481299922408,0.02509032468395754,0.025,0.07361108612239119,0.1,0.08,0.0,0.2,2,28.213000859838314,17.349564059543724,32.3756607627002,False,False,0.055288867830951965,0.05456276238843841
100,headroom_after_load,82.0,0.07502955017984382,0.024618559701251114,0.025,0.07361108612239119,0.1,0.08,0.0,0.2,2,28.21263536597882,17.349196398855234,32.37530826327721,False,False,0.05528094675272762,0.054362149738423245
100,headroom_after_load,82.05000000000001,0.0747679429426849,0.02467510247579177,0.025,0.07361108612239119,0.1,0.08,0.0,0.2,2,28.21226987104715,17.3488278937406,32.37495495424978,False,False,0.05527284525687393,0.0544814024033507
100,headroom_after_load,82.10000000000001,0.07446552080726015,0.025121638410581227,0.025,0.07361108612239119,0.1,0.08,0.0,0.2,2,28.211904375400692,17.348452719929213,32.374595251523395,False,False,0.05526456444020376,0.054190878135815405
100,headroom_after_load,82.15,0.07412385641534351,0.024788921783733098,0.025,0.07361108612239119,0.1,0.08,0.0,0.2,2,28.211538879277715,17.348082515004126,32.374240312780785,False,False,0.05525610542380712,0.05487890857532028
100,headroom_after_load,82.2,0.07374490893218458,0.025289902225548083,0.025,0.07361108612239119,0.1,0.08,0.0,0.2,2,28.211173382837057,17.347704828292276,32.3738782007787,False,False,0.05524746935289944,0.053808680877649236
100,headroom_after_load,82.25,0.07333097029900007,0.02483977695081671,0.025,0.07361108612239119,0.1,0.08,0.0,0.2,2,28.21080788618461,17.34733386388142,32.37352253386932,False,False,0.05523865739666646,0.053559205160552736
100,headroom_after_load,82.30000000000001,0.07288450211257218,0.024915620840635522,0.025,0.07361108612239119,0.1,0.08,0.0,0.2,2,28.210442389390973,17.346961766795985,32.373165780993595,False,False,0.05522967074810601,0.05455620450247724
100,headroom_after_load,82.35000000000001,0.07240797651634835,0.024846354097197647,0.025,0.07361108612239119,0.1,0.08,0.0,0.2,2,28.210076892503206,17.346590704160125,32.37281001990973,False,False,0.05522051062386644,0.05413276942504624
100,headroom_after_load,82.4,0.07190384566350114,0.02467178014419293,0.025,0.07361108612239119,0.1,0.08,0.0,0.2,2,28.209711395552688,17.34622224866215,32.37245675845291,False,False,0.05521117826408195,0.054264020922304784
100,headroom_after_load,82.45,0.07137457294924546,0.024839605512221613,0.025,0.07361108612239119,0.1,0.08,0.0,0.2,2,28.209345898560333,17.34585128681161,32.37210109399827,False,False,0.05520167493220466,0.05433965962335005
100,headroom_after_load,82.5,0.07082267403852424,0.0251770559167904,0.025,0.07361108612239119,0.1,0.08,0.0,0.2,2,28.20898040154009,17.34547528537916,32.37174059777953,False,False,0.05519200191483359,0.054662985610379335
100,headroom_after_load,82.55000000000001,0.07025073916710997,0.02547578429691692,0.025,0.07361108612239119,0.1,0.08,0.0,0.2,2,28.208614904501253,17.34509482265071,32.371375824235756,False,False,0.05518216052154044,0.0539355663619934
100,headroom_after_load,82.60000000000001,0.06966143774606261,0.024686251761188487,0.025,0.07361108612239119,0.1,0.08,0.0,0.2,2,28.208249407450023,17.344726151029427,32.37102235556792,False,False,0.05517215208469233,0.05418764700449528
100,headroom_after_load,82.65,0.0690575112521974,0.02512156448248239,0.025,0.07361108612239119,0.1,0.08,0.0,0.2,2,28.207883910390528,17.3443509783221,32.37066265390008,False,False,0.055161977959271406,0.054332263473390215
100,headroom_after_load,82.7,0.06844175807167492,0.024763241633235768,0.025,0.07361108612239119,0.1,0.08,0.0,0.2,2,28.207518413325523,17.34398115691181,32.37030808285722,False,False,0.05515163952269138,0.05444023260106638
100,headroom_after_load,82.75,0.06781701269858963,0.02499423094635239,0.025,0.07361108612239119,0.1,0.08,0.0,0.2,2,28.207152916256845,17.343607885840328,32.369950204407246,False,False,0.05514113817461107,0.05406020554945764
100,headroom_after_load,82.80000000000001,0.06718612103517073,0.024854393576216934,0.025,0.07361108612239119,0.1,0.08,0.0,0.2,2,28.20678741918572,17.343236703140562,32.36959432821057,False,False,0.05513047533674491,0.053847207708747534
100,headroom_after_load,82.85000000000001,0.06655191316675789,0.025085037186195872,0.025,0.07361108612239119,0.1,0.08,0.0,0.2,2,28.20642192211296,17.342862075942442,32.3692351495567,False,False,0.05511965245267046,0.05365900475334523
100,headroom_after_load,82.9,0.0659171747172679,0.025290221384227863,0.025,0.07361108612239119,0.1,0.08,0.0,0.2,2,28.20605642503911,17.342484384464182,32.36887303298476,False,False,0.05510867098763298,0.05461903178574876
100,headroom_after_load,82.95,0.06528461768628382,0.024880265816470015,0.025,0.07361108612239119,0.1,0.08,0.0,0.2,2,28.20569092796454,17.3421128153809,32.3685167863379,False,False,0.05509753242834704,0.05476073536424676
100,headroom_after_load,83.0,0.06465685151297756,0.025096034779057072,0.025,0.07361108612239119,0.1,0.08,0.0,0.2,2,28.205325430889484,17.34173802394155,32.368157450215634,False,False,0.05508623828279529,0.054580748070349634
100,headroom_after_load,83.05000000000001,0.0640378262355427,0.024774808676701846,0.025,0.07361108612239119,0.1,0.08,0.0,0.2,2,28.204959933814106,17.341368029785684,32.36780271355073,False,False,0.055074790080024215,0.0548653445089087
100,headroom_after_load,83.10000000000001,0.06343533399036554,0.025108773224641237,0.025,0.07361108612239119,0.1,0.08,0.0,0.2,2,28.204594436738514,17.340993048106704,32.36744319503377,False,False,0.05506318936993723,0.05475413746706325
100,headroom_after_load,83.15,0.0628572782956158,0.02483210423066661,0.025,0.07361108612239119,0.1,0.08,0.0,0.2,2,28.204228939662777,17.34062219828247,32.3670876379858,False,False,0.05505143772308478,0.05472348936780203
100,headroom_after_load,83.2,0.06230902413172549,0.024692890988860614,0.025,0.07361108612239119,0.1,0.08,0.0,0.2,2,28.203863442586943,17.34025342750904,32.36673407425457,False,False,0.05503953673045174,0.055317061818141035
100,headroom_after_load,83.25,0.061792456000917845,0.02517993298808368,0.025,0.07361108612239119,0.1,0.08,0.0,0.2,2,28.203497945511046,17.339877383109577,32.366373536840655,False,False,0.055027488003241996,0.05483270410523991
100,headroom_after_load,83.30000000000001,0.06130873095218033,0.025446248788232293,0.025,0.07361108612239119,0.1,0.08,0.0,0.2,2,28.203132448435106,17.339497361472954,32.366009186199356,False,False,0.05501529317266034,0.05541098964504924
100,headroom_after_load,83.35000000000001,0.06085870720455322,0.024855524502102093,0.025,0.07361108612239119,0.1,0.08,0.0,0.2,2,28.202766951359138,17.339126161883616,32.36565329380958,False,False,0.05500295388969164,0.05554497043030976
100,headroom_after_load,83.4,0.06044294706922395,0.025124576854924717,0.025,0.07361108612239119,0.1,0.08,0.0,0.2,2,28.20240145428315,17.33875094418865,32.36529354900925,False,False,0.05499047182487728,0.05515980636145002
100,headroom_after_load,83.45,0.060061723379934526,0.024899686192785667,0.025,0.07361108612239119,0.1,0.08,0.0,0.2,2,28.202035957207155,17.338379085075854,32.36493702429286,False,False,0.05497784866808902,0.055295149600180345
100,headroom_after_load,83.5,0.059715029309045584,0.02486507053644388,0.025,0.07361108612239119,0.1,0.08,0.0,0.2,2,28.201670460131147,17.338007742923278,32.36458099521874,False,False,0.054965086128300235,0.05513500373141912
100,headroom_after_load,83.55000000000001,0.059402591388188763,0.025126279104523887,0.025,0.07361108612239119,0.1,0.08,0.0,0.2,2,28.201304963055136,17.337632499806425,32.36422122604485,False,False,0.054952185933354505,0.05609866572425803
100,headroom_after_load,83.60000000000001,0.05912388538908374,0.025108560848557122,0.025,0.07361108612239119,0.1,0.08,0.0,0.2,2,28.200939465979122,17.33725752129913,32.36386171056878,False,False,0.05493914982973174,0.05598105400426494
100,headroom_after_load,83.65,0.05887815149973313,0.0250325895894266,0.025,0.07361108612239119,0.1,0.08,0.0,0.2,2,28.200573968903104,17.336883677368583,32.36350328288279,False,False,0.05492597958231169,0.05563094111589275
100,headroom_after_load,83.7,0.058664407069211076,0.02481385007852356,0.025,0.07361108612239119,0.1,0.08,0.0,0.2,2,28.200208471827082,17.336513100157134,32.363147987205835,False,False,0.05491267697413503,0.05571805226763863
100,headroom_after_load,83.75,0.0584814597469861,0.025083691280616695,0.025,0.07361108612239119,0.1,0.08,0.0,0.2,2,28.19984297475106,17.336138493059156,32.36278882782324,False,False,0.054899243806161964,0.055394627263793454
100,headroom_after_load,83.80000000000001,0.058327922904764476,0.025060538491635306,0.025,0.07361108612239119,0.1,0.08,0.0,0.2,2,28.19947747767504,17.335764231731623,32.36242999995251,False,False,0.054885681897028395,0.05604843373910773
100,headroom_after_load,83.85000000000001,0.05820223310240298,0.02498518210795197,0.025,0.07361108612239119,0.1,0.08,0.0,0.2,2,28.199111980599017,17.335391095798112,32.3620722510678,False,False,0.05487199308279975,0.05568168152698922
100,headroom_after_load,83.9,0.0581026693703928,0.02493883814647105,0.025,0.07361108612239119,0.1,0.08,0.0,0.2,2,28.198746483522996,17.33501865197872,32.36171516575642,False,False,0.05485817921672233,0.055387108759376004
100,headroom_after_load,83.95,0.058027374078832676,0.024875107834981123,0.025,0.07361108612239119,0.1,0.08,0.0,0.2,2,28.198380986446974,17.334647159926227,32.36135899296382,False,False,0.05484424216897249,0.05579473177002697
100,headroom_after_load,84.0,-0.05714283815391526,0.025016016827401382,0.025,0.07361108612239119,0.1,0.08,0.0,0.2,2,28.198015489370952,17.3342735634981,32.36100080257397,False,False,0.054830183826403395,0.05567446790705449
100,headroom_after_load,84.05000000000001,-0.057175603916945976,0.024933998021578682,0.025,0.07361108612239119,0.1,0.08,0.0,0.2,2,28.19764999229493,17.333901191962536,32.36064378656564,False,False,0.054816006092289586,0.05557216743874269
100,headroom_after_load,84.10000000000001,-0.05719026673410661,0.02513026046516825,0.025,0.07361108612239119,0.1,0.08,0.0,0.2,2,28.19728449521891,17.33352588938689,32.36028396038487,False,False,0.05480171088606931,0.05528846756516799
100,headroom_after_load,84.15,-0.05718899917421331,0.024920505624454824,0.025,0.07361108612239119,0.1,0.08,0.0,0.2,2,28.196918998142888,17.333153719350683,32.35992713756665,False,False,0.05478730014308466,0.05574303974205085
100,headroom_after_load,84.2,-0.0571739912708661,0.02092275788663745,0.025,0.07361108612239119,0.1,0.08,0.0,0.2,2,28.196582740832945,17.332841252835053,32.35962755626816,False,False,0.05477277581431956,0.055038948235574606
100,headroom_after_load,84.25,-0.057122488151665186,0.017041856242626992,0.025,0.07361108612239119,0.1,0.08,0.0,0.2,2,28.196304963055166,17.33258674482665,32.359383543435364,False,False,0.05475813986613562,0.055446143318810495
100,headroom_after_load,84.30000000000001,-0.05701182785911629,0.01274325277378952,0.025,0.07361108612239119,0.1,0.08,0.0,0.2,2,28.19608566480955,17.332396433405297,32.35920107990768,False,False,0.05474339428000594,0.055856618360069756
100,headroom_after_load,84.35000000000001,-0.056844354803707635,0.00892916614048897,0.025,0.07361108612239119,0.1,0.08,0.0,0.2,2,28.1959248460961,17.332263082656485,32.35907322815881,False,False,0.054728541052246844,0.055906310341295964
100,headroom_after_load,84.4,-0.0566223342138097,0.004852397408085067,0.025,0.07361108612239119,0.1,0.08,0.0,0.2,2,28.195822506914816,17.33219061555063,32.35900374938722,False,False,0.05471358219374762,0.05590060913961811
100,headroom_after_load,84.45,-0.056347930153204606,0.0008907272318850492,0.025,0.07361108612239119,0.1,0.08,0.0,0.2,2,28.195778647265694,17.332177313172615,32.35899099556087,False,False,0.05469851972969823,0.05571343333059643
100,headroom_after_load,84.5,-0.056023184804497694,-0.002736047321015707,0.025,0.07361108612239119,0.1,0.08,0.0,0.2,2,28.19579184171014,17.332212653783845,32.359027856198395,False,False,0.054683355699315206,0.05561141546693834
100,headroom_after_load,84.55000000000001,-0.055649999251411966,-0.007057946780396224,0.025,0.07361108612239119,0.1,0.08,0.0,0.2,2,28.195857813932363,17.33230381892976,32.359122942425856,False,False,0.05466809215556552,0.05577458593490503
100,headroom_after_load,84.60000000000001,-0.055230115974401396,-0.011112086444339754,0.025,0.07361108612239119,0.1,0.08,0.0,0.2,2,28.195976563932362,17.332447350046333,32.359272646923785,False,False,0.05465273116488867,0.05609608681069227
100,headroom_after_load,84.65,-0.054765103253073294,-0.014885849279788825,0.025,0.07361108612239119,0.1,0.08,0.0,0.2,2,28.19614809171014,17.33263962559953,32.359473192393246,False,False,0.0546372748069169,0.056324402432714686
100,headroom_after_load,84.7,-0.05425634164583677,-0.01850891910417655,0.025,0.07361108612239119,0.1,0.08,0.0,0.2,2,28.196367999117548,17.332878699137957,32.35972254866451,False,False,0.054621725174193655,0.05650162856604879
100,headroom_after_load,84.75,-0.0537091651512486,-0.020459806308542088,0.025,0.07361108612239119,0.1,0.08,0.0,0.2,2,28.196624557759524,17.33314297163611,32.35999818772172,False,False,0.0546060843718903,0.056581963777216505
100,headroom_after_load,84.80000000000001,-0.053135577120535446,-0.021959357327948698,0.025,0.07361108612239119,0.1,0.08,0.0,0.2,2,28.19690555055788,17.33342661333493,32.3602940290635,False,False,0.054590354517521096,0.05562348546468321
100,headroom_after_load,84.85000000000001,-0.052547689823875046,-0.02322575102358907,0.025,0.07361108612239119,0.1,0.08,0.0,0.2,2,28.19720283279382,17.333726612618985,32.36060693154257,False,False,0.05457453774065653,0.05539456773106009
100,headroom_after_load,84.9,-0.05195335106145327,-0.023443500983337768,0.025,0.07361108612239119,0.1,0.08,0.0,0.2,2,28.19751097465482,17.334029424506685,32.360922767597486,False,False,0.054558636182635,0.05555823403301997
100,headroom_after_load,84.95,-0.051357405993389706,-0.023889419906161377,0.025,0.07361108612239119,0.1,0.08,0.0,0.2,2,28.197826356265853,17.334337996180473,32.36124461117122,False,False,0.054542651996272916,0.05610192522527113
100,headroom_after_load,85.0,-0.05076254432997263,-0.024456938354275887,0.025,0.07361108612239119,0.1,0.08,0.0,0.2,2,28.198146564376913,17.334653898300882,32.36157410047961,False,False,0.054526587345573245,0.05569452915428333
100,headroom_after_load,85.05000000000001,-0.050169882281521416,-0.024620714152814607,0.025,0.07361108612239119,0.1,0.08,0.0,0.2,2,28.198469990154656,17.334971915858688,32.36190579621194,False,False,0.05451044440543253,0.05557298937767327
100,headroom_after_load,85.10000000000001,-0.04957940696624894,-0.024865481741831105,0.025,0.07361108612239119,0.1,0.08,0.0,0.2,2,28.19879556104352,17.335293094997855,32.36224078950763,False,False,0.05449422536134648,0.05570493296172248
100,headroom_after_load,85.15,-0.04899033052985932,-0.02490543127414447,0.025,0.07361108612239119,0.1,0.08,0.0,0.2,2,28.19912256200647,17.335614790151812,32.3625763210123,False,False,0.05447793240911402,0.05533989556891983
100,headroom_after_load,85.2,-0.04840134698374819,-0.024673960619875573,0.025,0.07361108612239119,0.1,0.08,0.0,0.2,2,28.199450516352137,17.335933495476485,32.36290873409287,False,False,0.05446156775454007,0.05546193852019493
100,headroom_after_load,85.25,-0.04781081455662506,-0.02519505618665686,0.025,0.07361108612239119,0.1,0.08,0.0,0.2,2,28.199779106286286,17.336258931618897,32.36324816748872,False,False,0.054445133613136916,0.05502563477291069
100,headroom_after_load,85.30000000000001,-0.04721688809997939,-0.024649520100694926,0.025,0.07361108612239119,0.1,0.08,0.0,0.2,2,28.20010811994609,17.336577321253532,32.36358025130119,False,False,0.05442863220982421,0.055993815120678705
100,headroom_after_load,85.35000000000001,-0.0466176177088649,-0.024814932288156722,0.025,0.07361108612239119,0.1,0.08,0.0,0.2,2,28.200437416089663,17.336897847462254,32.3639145635834,False,False,0.054412065778627845,0.05570447876833598
100,headroom_after_load,85.4,-0.04601102403422118,-0.024623609051805974,0.025,0.07361108612239119,0.1,0.08,0.0,0.2,2,28.20076690055575,17.337215902412506,32.36424629831646,False,False,0.05439543656237739,0.05629061523990972
100,headroom_after_load,85.45,-0.045395157127315275,-0.024939473728911577,0.025,0.07361108612239119,0.1,0.08,0.0,0.2,2,28.201096510570178,17.337538037281504,32.36458228844864,False,False,0.05437874681240255,0.05575195913472962
100,headroom_after_load,85.5,-0.04476814336497981,-0.024643420777332867,0.025,0.07361108612239119,0.1,0.08,0.0,0.2,2,28.2014262042835,17.33785634813321,32.364914290089665,False,False,0.0543619987882283,0.05545325956904659
100,headroom_after_load,85.55000000000001,-0.04412823396393284,-0.02505366326454658,0.025,0.07361108612239119,0.1,0.08,0.0,0.2,2,28.201755953796084,17.338179957950377,32.36525181860865,False,False,0.05434519475726901,0.05523622242663038
100,headroom_after_load,85.60000000000001,-0.0434747123864732,-0.02526252558907071,0.025,0.07361108612239119,0.1,0.08,0.0,0.2,2,28.202085740508178,17.33850626557257,32.36559216096728,False,False,0.05432833699452151,0.05517488820686338
100,headroom_after_load,85.65,-0.04281124235602199,-0.024925458266999913,0.025,0.07361108612239119,0.1,0.08,0.0,0.2,2,28.202415552019943,17.33882821940852,32.36592796228005,False,False,0.054311427782257005,0.05514338219252851
100,headroom_after_load,85.7,-0.04214299982533381,-0.025114168312222514,0.025,0.07361108612239119,0.1,0.08,0.0,0.2,2,28.202745380064822,17.33915261074922,32.36626630593648,False,False,0.054294469409712165,0.05568018857019987
100,headroom_after_load,85.75,-0.041473264739324604,-0.025029724878893225,0.025,0.07361108612239119,0.1,0.08,0.0,0.2,2,28.20307521913178,17.33947591136224,32.366603511952206,False,False,0.05427746417277917,0.055184999638777855
100,headroom_after_load,85.80000000000001,-0.040801956814601574,-0.024790434208870935,0.025,0.07361108612239119,0.1,0.08,0.0,0.2,2,28.20340506554679,17.339796121137436,32.36693749419086,False,False,0.05426041437369489,0.055025175095918505
100,headroom_after_load,85.85000000000001,-0.04012863117251711,-0.02522245265143709,0.025,0.07361108612239119,0.1,0.08,0.0,0.2,2,28.203734916860498,17.34012191115085,32.36727729667797,False,False,0.0542433223207292,0.054567911392190194
100,headroom_after_load,85.9,-0.039453074155839325,-0.02513482242599505,0.025,0.07361108612239119,0.1,0.08,0.0,0.2,2,28.20406477144001,17.34044656927385,32.367615918591206,False,False,0.05422619032787245,0.05479842642286751
100,headroom_after_load,85.95,-0.0387753025129344,-0.025185481146873454,0.025,0.07361108612239119,0.1,0.08,0.0,0.2,2,28.20439462819672,17.340771881738664,32.36795522298999,False,False,0.054209020714522264,0.05488753788532573
100,headroom_after_load,86.0,0.07702165399868922,-0.024940630550326755,0.025,0.07361108612239119,0.1,0.08,0.0,0.2,2,28.2047244864049,17.34109403154994,32.36829122870713,False,False,0.05419181580516942,0.05496772795216586
100,headroom_after_load,86.05000000000001,0.07770290649523558,-0.024903177851466115,0.025,0.07361108612239119,0.1,0.08,0.0,0.2,2,28.20505434558072,17.34141569759719,32.36862672985318,False,False,0.05417457792908325,0.05495682023500181
100,headroom_after_load,86.10000000000001,0.0783849967356624,-0.02505316457971254,0.025,0.07361108612239119,0.1,0.08,0.0,0.2,2,28.20538420540164,17.34173930097301,32.36896425165377,False,False,0.05415730941999623,0.05497219798860638
100,headroom_after_load,86.15,0.07906705637242839,-0.025227358256191972,0.025,0.07361108612239119,0.1,0.08,0.0,0.2,2,28.20571406565262,17.342065154350486,32.36930412023028,False,False,0.05414001261578808,0.05464078747921569
100,headroom_after_load,86.2,0.07974803508285319,-0.02106386598953171,0.025,0.07361108612239119,0.1,0.08,0.0,0.2,2,28.206017537186742,17.342337229286183,32.36958789731375,False,False,0.054122689858169204,0.0548482881202612
100,headroom_after_load,86.25,0.08040178151209074,-0.016928844023210928,0.025,0.07361108612239119,0.1,0.08,0.0,0.2,2,28.206268230943085,17.34255589352148,32.3698159664624,False,False,0.054105343492363685,0.05475559250374731
100,headroom_after_load,86.30000000000001,0.08100213256885092,-0.012987034193446044,0.025,0.07361108612239119,0.1,0.08,0.0,0.2,2,28.20646614692165,17.342723642713146,32.36999093067306,False,False,0.05408797586679178,0.054415083638307674
100,headroom_after_load,86.35000000000001,0.08154787791123716,-0.009181742216435584,0.025,0.07361108612239119,0.1,0.08,0.0,0.2,2,28.206611285122435,17.342842240216775,32.37011462914459,False,False,0.05407058933275198,0.05402820390505174
100,headroom_after_load,86.4,0.0820377175795397,-0.004903972485583403,0.025,0.07361108612239119,0.1,0.08,0.0,0.2,2,28.206703645545442,17.342905583194714,32.370180696551685,False,False,0.054053186244102686,0.05364444802480496
100,headroom_after_load,86.45,0.08247028133063199,-0.0007546820653947842,0.025,0.07361108612239119,0.1,0.08,0.0,0.2,2,28.20674322819067,17.34291533117139,32.370190863796175,False,False,0.054035768956943515,0.053230897802981944
100,headroom_after_load,86.5,0.08284414866312914,0.0030807786287844895,0.025,0.07361108612239119,0.1,0.08,0.0,0.2,2,28.20672860754519,17.34286932193261,32.37014675184559,False,False,0.05401833982929633,0.05313874995825108
100,headroom_after_load,86.55000000000001,0.08315786929818593,0.006801451853454665,0.025,0.07361108612239119,0.1,0.08,0.0,0.2,2,28.206655507367547,17.342767747084142,32.370049365650665,False,False,0.05400090122078604,0.05290430612485669
100,headroom_after_load,86.60000000000001,0.08340998387678238,0.011203493247987487,0.025,0.07361108612239119,0.1,0.08,0.0,0.2,2,28.206523927657738,17.342600430876736,32.369888949080675,False,False,0.053983455492321065,0.05318281760135995
100,headroom_after_load,86.65,0.08359904463310398,0.015140099545275627,0.025,0.07361108612239119,0.1,0.08,0.0,0.2,2,28.206333868415765,17.342374324252702,32.36967216644114,False,False,0.053966005005773796,0.0530874885996216
100,headroom_after_load,86.7,0.08372363580516765,0.018165930179668513,0.025,0.07361108612239119,0.1,0.08,0.0,0.2,2,28.20609020306305,17.342103028999123,32.369412058620696,False,False,0.05394855212366076,0.05313677774699591
100,headroom_after_load,86.75,0.08378654611539754,0.02065922436955958,0.025,0.07361108612239119,0.1,0.08,0.0,0.2,2,28.205805927135895,17.341794498169232,32.36911625071163,False,False,0.05393109920882282,0.05354006874128087
100,headroom_after_load,86.80000000000001,0.08379751268198957,0.022062294029291343,0.025,0.07361108612239119,0.1,0.08,0.0,0.2,2,28.205494577492452,17.341465013491376,32.36880035303079,False,False,0.05391364862410527,0.05346302839231239
100,headroom_after_load,86.85000000000001,0.08376668525719323,0.023301730997906674,0.025,0.07361108612239119,0.1,0.08,0.0,0.2,2,28.205165178704817,17.341117018703475,32.36846670854342,False,False,0.05389620273203794,0.05300569950533641
100,headroom_after_load,86.9,0.08370027411571022,0.02366616016270673,0.025,0.07361108612239119,0.1,0.08,0.0,0.2,2,28.204823747154386,17.34076358142506,32.36812784599814,False,False,0.053878763894515354,0.05290402961992779
100,headroom_after_load,86.95,0.08360182913245108,0.02424330227898985,0.025,0.07361108612239119,0.1,0.08,0.0,0.2,2,28.20447429376209,17.34040152493941,32.367780719676844,False,False,0.05386133447247695,0.05271131982683415
100,headroom_after_load,87.0,0.08347310017411039,0.024571680532711287,0.025,0.07361108612239119,0.1,0.08,0.0,0.2,2,28.20411949247522,17.34003456435798,32.36742889149052,False,False,0.05384391682558747,0.053012925033058524
100,headroom_after_load,87.05000000000001,0.08331461862805478,0.024549003185874545,0.025,0.07361108612239119,0.1,0.08,0.0,0.2,2,28.203761125925297,17.3396679424466,32.367077388008475,False,False,0.0538265133119175,0.05295078602225997
100,headroom_after_load,87.10000000000001,0.08312609319106633,0.024926478629301026,0.025,0.07361108612239119,0.1,0.08,0.0,0.2,2,28.203400382533342,17.339295683207812,32.36672047966613,False,False,0.053809126287624194,0.05314759967583768
100,headroom_after_load,87.15,0.08290668190506068,0.024542276115901564,0.025,0.07361108612239119,0.1,0.08,0.0,0.2,2,28.20303805458003,17.338929161760444,32.36636907250525,False,False,0.05379175810663233,0.05315447679021002
100,headroom_after_load,87.2,0.08265518166959682,0.024746362994104158,0.025,0.07361108612239119,0.1,0.08,0.0,0.2,2,28.20267467025248,17.338559592420626,32.36601474313821,False,False,0.05377441112031558,0.05306142298297165
100,headroom_after_load,87.25,0.0823701626235399,0.025004462237024468,0.025,0.07361108612239119,0.1,0.08,0.0,0.2,2,28.20231058167544,17.33818616855209,32.36565671819209,False,False,0.05375708767717821,0.052718601964165133
100,headroom_after_load,87.30000000000001,0.08205006556509946,0.024761089883575255,0.025,0.07361108612239119,0.1,0.08,0.0,0.2,2,28.20194602359874,17.33781637927665,32.36530217795894,False,False,0.05373979012253712,0.05310662370519375
100,headroom_after_load,87.35000000000001,0.08169327443359542,0.02479581420089525,0.025,0.07361108612239119,0.1,0.08,0.0,0.2,2,28.201581152522266,17.337446071418213,32.364947140527654,False,False,0.053722520798204325,0.052669238934112815
100,headroom_after_load,87.4,0.08129817178296712,0.025176803390017197,0.025,0.07361108612239119,0.1,0.08,0.0,0.2,2,28.201216072779275,17.337070073757072,32.3645866479247,False,False,0.053705282042169886,0.05210531358082391
100,headroom_after_load,87.45,0.08086318245302614,0.025681551151997238,0.025,0.07361108612239119,0.1,0.08,0.0,0.2,2,28.20085085392527,17.336686538046916,32.364218928120124,False,False,0.05368807618828544,0.05204523225302115
100,headroom_after_load,87.5,0.08038680883422963,0.024809870969768374,0.025,0.07361108612239119,0.1,0.08,0.0,0.2,2,28.200485542330593,17.33631602026063,32.363863689417805,False,False,0.053670905565948154,0.05214997081561159
100,headroom_after_load,87.55000000000001,0.07986766573243627,0.02506950540868886,0.025,0.07361108612239119,0.1,0.08,0.0,0.2,2,28.2001201689088,17.335941625018563,32.36350473315479,False,False,0.05365377249978544,0.052379859657390164
100,headroom_after_load,87.60000000000001,0.079304541472414,0.024850231874055956,0.025,0.07361108612239119,0.1,0.08,0.0,0.2,2,28.19975475426893,17.335570504470862,32.3631489165472,False,False,0.05363667930934021,0.05226630610379464
100,headroom_after_load,87.65,0.0786964915397679,0.024846231945140206,0.025,0.07361108612239119,0.1,0.08,0.0,0.2,2,28.199389312150345,17.335199443659256,32.362793157212366,False,False,0.05361962830875682,0.05232936103847177
100,headroom_after_load,87.7,0.07804292869853978,0.024861391746955494,0.025,0.07361108612239119,0.1,0.08,0.0,0.2,2,28.199023851712614,17.334828156446786,32.36243718081278,False,False,0.05360262180646782,0.051737572645050536
100,headroom_after_load,87.75,0.07734368630179236,0.025182115553322004,0.025,0.07361108612239119,0.1,0.08,0.0,0.2,2,28.198658379062117,17.334452079452262,32.36207661214793,False,False,0.05358566210488137,0.05202680344894604
100,headroom_after_load,87.80000000000001,0.07659905743713319,0.024935044671323042,0.025,0.07361108612239119,0.1,0.08,0.0,0.2,2,28.198292898269777,17.334079692285727,32.36171958115321,False,False,0.05356875150006959,0.052176634826192295
100,headroom_after_load,87.85000000000001,0.0758098157526894,0.02505491794768597,0.025,0.07361108612239119,0.1,0.08,0.0,0.2,2,28.197927412049545,17.333705514897023,32.36136083375992,False,False,0.053551892281457666,0.0526224862357714
100,headroom_after_load,87.9,0.07497722178103816,0.02502812316202855,0.025,0.07361108612239119,0.1,0.08,0.0,0.2,2,28.197561922210713,17.333331737669393,32.361002470026214,False,False,0.05353508673151395,0.052674558816176435
100,headroom_after_load,87.95,0.07410301732450321,0.024911190532904585,0.025,0.07361108612239119,0.1,0.08,0.0,0.2,2,28.197196429959487,17.332959706747456,32.36064578058559,False,False,0.05351833712544086,0.052466084074292485
100,headroom_after_load,88.0,0.07318940979275933,0.024888561580557255,0.025,0.07361108612239119,0.1,0.08,0.0,0.2,2,28.196830936099992,17.332588013772835,32.360289415156316,False,False,0.05350164573086696,0.05181634558129537
100,headroom_after_load,88.05000000000001,0.07223904800615362,0.02503998043062535,0.025,0.07361108612239119,0.1,0.08,0.0,0.2,2,28.19646544116832,17.33221405946533,32.359930881645,False,False,0.05348501480753986,0.05181343977896298
100,headroom_after_load,88.10000000000001,0.07125499072678203,0.02511235100402799,0.025,0.07361108612239119,0.1,0.08,0.0,0.2,2,28.196099945521865,17.331839024354757,32.359571311899806,False,False,0.05346844660702038,0.05217097837676883
100,headroom_after_load,88.15,0.07024066900658378,0.02471625764072719,0.025,0.07361108612239119,0.1,0.08,0.0,0.2,2,28.195734449398888,17.33146990461699,32.35921741359453,False,False,0.05345194337237766,0.052266808810640275
100,headroom_after_load,88.2,0.06919984332620954,0.025037657248478177,0.025,0.07361108612239119,0.1,0.08,0.0,0.2,2,28.19536895295823,17.33109598500456,32.358858913347554,False,False,0.05343550733788548,0.05152120887822617
100,headroom_after_load,88.25,0.06813658002923462,0.025231988825298805,0.025,0.07361108612239119,0.1,0.08,0.0,0.2,2,28.195003456305784,17.33071916318817,32.358497630575144,False,False,0.053419140728719804,0.05198787709434152
100,headroom_after_load,88.30000000000001,0.06705533594437114,0.02555842911147212,0.025,0.07361108612239119,0.1,0.08,0.0,0.2,2,28.194637959512146,17.330337466218168,32.35813167368638,False,False,0.05340284576065754,0.05240480882257505
100,headroom_after_load,88.35000000000001,0.06596105555103213,0.02475729334046442,0.025,0.07361108612239119,0.1,0.08,0.0,0.2,2,28.19427246262438,17.3299677336414,32.35777718781381,False,False,0.05338662463977652,0.05203320654497202
100,headroom_after_load,88.4,0.06485915759357942,0.024840643505594034,0.025,0.07361108612239119,0.1,0.08,0.0,0.2,2,28.19390696567386,17.329596756289167,32.35742150849672,False,False,0.05337047956215684,0.05218638988081749
100,headroom_after_load,88.45,0.06375547356782134,0.02536641115770683,0.025,0.07361108612239119,0.1,0.08,0.0,0.2,2,28.193541468681506,17.329217926970802,32.357058301005914,False,False,0.05335441271358358,0.05260111565372539
100,headroom_after_load,88.5,0.06265617595289423,0.02502840515474965,0.025,0.07361108612239119,0.1,0.08,0.0,0.2,2,28.19317597166126,17.328844145531814,32.35669993323451,False,False,0.053338426269250845,0.053149298094794066
100,headroom_after_load,88.55000000000001,0.06156918372519522,0.024923375146988308,0.025,0.07361108612239119,0.1,0.08,0.0,0.2,2,28.192810474622426,17.328471932641328,32.3563430693292,False,False,0.053322522393467284,0.052456697193477814
100,headroom_after_load,88.60000000000001,0.06050930175512427,0.025105908244103567,0.025,0.07361108612239119,0.1,0.08,0.0,0.2,2,28.192444977571196,17.328096993748794,32.355983591834296,False,False,0.0533067032393631,0.0528705840982966
100,headroom_after_load,88.65,0.059489636552934815,0.024904742857101286,0.025,0.07361108612239119,0.1,0.08,0.0,0.2,2,28.1920794805117,17.32772505911831,32.35562699471435,False,False,0.05329097094859855,0.05317161674925144
100,headroom_after_load,88.7,0.058517395049733585,0.024917180475726268,0.025,0.07361108612239119,0.1,0.08,0.0,0.2,2,28.191713983446697,17.327352938740837,32.35527021950708,False,False,0.053275327651073935,0.05344962821656117
100,headroom_after_load,88.75,0.05759897052113622,0.025251019970695312,0.025,0.07361108612239119,0.1,0.08,0.0,0.2,2,28.19134848637802,17.326975832707824,32.35490866423831,False,False,0.05325977546464136,0.053125568105967386
100,headroom_after_load,88.80000000000001,0.05674054142501993,0.025011848524901608,0.025,0.07361108612239119,0.1,0.08,0.0,0.2,2,28.190982989306892,17.326602298530332,32.354550533532056,False,False,0.053244316494817895,0.052843964276430004
100,headroom_after_load,88.85000000000001,0.05594799878199355,0.02499035923744701,0.025,0.07361108612239119,0.1,0.08,0.0,0.2,2,28.190617492234132,17.326229085280072,32.354192710518916,False,False,0.05322895283450061,0.05401156938562293
100,headroom_after_load,88.9,0.05522687727530167,0.02484914413342906,0.025,0.07361108612239119,0.1,0.08,0.0,0.2,2,28.190251995160285,17.325857980977005,32.35383690948608,False,False,0.05321368656368317,0.05418764156006953
100,headroom_after_load,88.95,0.05458229084728914,0.025302501676974086,0.025,0.07361108612239119,0.1,0.08,0.0,0.2,2,28.189886498085713,17.325480106101303,32.35347461707948,False,False,0.05319851974917428,0.0541484773722901
100,headroom_after_load,89.0,0.054018873513440264,0.02492091414775034,0.025,0.07361108612239119,0.1,0.08,0.0,0.2,2,28.189521001010657,17.32510792996409,32.35311778841184,False,False,0.053183454444317824,0.053523951813659945
100,headroom_after_load,89.05000000000001,0.05354072605085615,0.025304822334707953,0.025,0.07361108612239119,0.1,0.08,0.0,0.2,2,28.18915550393528,17.324730020431016,32.35275546277704,False,False,0.05316849268871492,0.05449132974367976
100,headroom_after_load,89.10000000000001,0.053151369146627665,0.024917014496413904,0.025,0.07361108612239119,0.1,0.08,0.0,0.2,2,28.188790006859687,17.324357902532324,32.352398689946334,False,False,0.0531536365079478,0.055534172213296026
100,headroom_after_load,89.15,0.052853703513763145,0.025017767973819334,0.025,0.07361108612239119,0.1,0.08,0.0,0.2,2,28.18842450978395,17.323984279952068,32.35204047448279,False,False,0.053138887913305496,0.05544066062597638
100,headroom_after_load,89.2,0.052649977399072435,0.024932408167039184,0.025,0.07361108612239119,0.1,0.08,0.0,0.2,2,28.188059012708116,17.32361193215985,32.3516834812387,False,False,0.05312424890151167,0.05541970370924714
100,headroom_after_load,89.25,0.052541761819683716,0.02465946410968299,0.025,0.07361108612239119,0.1,0.08,0.0,0.2,2,28.18769351563222,17.323243660593096,32.35133039612831,False,False,0.05310972145445416,0.05603463385021335
100,headroom_after_load,89.30000000000001,0.05252993377371402,0.025133503174530808,0.025,0.07361108612239119,0.1,0.08,0.0,0.2,2,28.18732801855628,17.322868309589893,32.35097052351699,False,False,0.053095307538916746,0.055510361132668384
100,headroom_after_load,89.35000000000001,0.05261466666849901,0.02483765397105772,0.025,0.07361108612239119,0.1,0.08,0.0,0.2,2,28.18696252148031,17.322497376884233,32.35061488700538,False,False,0.05308100910631288,0.05478442531124196
100,headroom_after_load,89.4,0.05279542181001827,0.024797756123546538,0.025,0.07361108612239119,0.1,0.08,0.0,0.2,2,28.186597024404325,17.32212704002456,32.35025982176879,False,False,0.05306682809242144,0.05587378495706393
100,headroom_after_load,89.45,0.05307093165602236,0.02473868537049023,0.025,0.07361108612239119,0.1,0.08,0.0,0.2,2,28.186231527328328,17.321757585344596,32.34990560233336,False,False,0.05305276641712471,0.056132771718487816
100,headroom_after_load,89.5,0.05343915343934782,0.024755009798744863,0.025,0.07361108612239119,0.1,0.08,0.0,0.2,2,28.18586603025232,17.321387886870898,32.34955114915755,False,False,0.053038825984148434,0.055883462492169765
100,headroom_after_load,89.55000000000001,0.05389721275159546,0.02527053862786081,0.025,0.07361108612239119,0.1,0.08,0.0,0.2,2,28.18550053317631,17.321010489340612,32.349189314412016,False,False,0.05302500868080407,0.05626318341604773
100,headroom_after_load,89.60000000000001,0.05444137738883726,0.0251364660088999,0.025,0.07361108612239119,0.1,0.08,0.0,0.2,2,28.185135036100295,17.32063509408958,32.34882939937752,False,False,0.05301131637773334,0.05531621973777173
100,headroom_after_load,89.65,0.055067063504453104,0.024991309726440057,0.025,0.07361108612239119,0.1,0.08,0.0,0.2,2,28.184769539024277,17.320261866644444,32.34847156275487,False,False,0.05299775092865487,0.05541960991463327
100,headroom_after_load,89.7,0.055768867350578843,0.025202577306809335,0.025,0.07361108612239119,0.1,0.08,0.0,0.2,2,28.184404041948255,17.319885484068177,32.34811070110958,False,False,0.05298431417011334,0.055993241620340285
100,headroom_after_load,89.75,0.05654061788018431,0.025068113548813768,0.025,0.07361108612239119,0.1,0.08,0.0,0.2,2,28.184038544872234,17.31951110961255,32.347751764775836,False,False,0.05297100792123074,0.055561382916855244
100,headroom_after_load,89.80000000000001,0.057375446735357584,0.02521797383065048,0.025,0.07361108612239119,0.1,0.08,0.0,0.2,2,28.183673047796212,17.319134497100144,32.34739068267631,False,False,0.052957833983460184,0.05598886982865323
100,headroom_after_load,89.85000000000001,0.05826587277691941,0.02526642010364545,0.025,0.07361108612239119,0.1,0.08,0.0,0.2,2,28.18330755072019,17.31875716107709,32.347028906901635,False,False,0.05294479414034197,0.055233601082181234
100,headroom_after_load,89.9,0.05920389857693165,0.024945274588915194,0.025,0.07361108612239119,0.1,0.08,0.0,0.2,2,28.18294205364417,17.31838462113401,32.34667172943043,False,False,0.052931890157262115,0.055712687439027984
100,headroom_after_load,89.95,0.0601811164414808,0.025109681993217024,0.025,0.07361108612239119,0.1,0.08,0.0,0.2,2,28.182576556568147,17.318009625883214,32.34631219790132,False,False,0.05291912378121337,0.055350403219248404
100,headroom_after_load,90.0,-0.06881117877922799,0.024848801191730132,0.025,0.07361108612239119,0.1,0.08,0.0,0.2,2,28.182211059492126,17.317638526701735,32.34595640177887,False,False,0.05290649674055868,0.05557696905893853
100,headroom_after_load,90.05000000000001,-0.0677818781842311,0.024825214436182654,0.025,0.07361108612239119,0.1,0.08,0.0,0.2,2,28.181845562416104,17.317267779771683,32.34560094338202,False,False,0.052894010744797236,0.055057635347333767
100,headroom_after_load,90.10000000000001,-0.06673995406899905,0.024979981394331947,0.025,0.07361108612239119,0.1,0.08,0.0,0.2,2,28.181480065340082,17.316894721507133,32.34524326896343,False,False,0.05288166748433299,0.05544013961080029
100,headroom_after_load,90.15,-0.06569437370833905,0.025068850230762406,0.025,0.07361108612239119,0.1,0.08,0.0,0.2,2,28.18111456826406,17.316520336049685,32.34488432208155,False,False,0.05286946863024583,0.0552594058067979
100,headroom_after_load,90.2,-0.06465402100835009,0.02105520589752018,0.025,0.07361108612239119,0.1,0.08,0.0,0.2,2,28.180778310954118,17.316205891517164,32.34458284433387,False,False,0.05285741583406532,0.05462947852533542
100,headroom_after_load,90.25,-0.063602723991124,0.017022096151951424,0.025,0.07361108612239119,0.1,0.08,0.0,0.2,2,28.18050053317634,17.31595167861167,32.34433911443479,False,False,0.052845510727547125,0.0550772240263554
100,headroom_after_load,90.30000000000001,-0.06252447939215583,0.012637496460444163,0.025,0.07361108612239119,0.1,0.08,0.0,0.2,2,28.180281234930725,17.315762946585675,32.34415816517276,False,False,0.0528337549224521,0.054819317387527496
100,headroom_after_load,90.35000000000001,-0.06142854315402283,0.008919575210480655,0.025,0.07361108612239119,0.1,0.08,0.0,0.2,2,28.180120416217274,17.315629739070584,32.34403045075107,False,False,0.05282215001032807,0.05436125078447555
100,headroom_after_load,90.4,-0.060324306643179455,0.004981902524797992,0.025,0.07361108612239119,0.1,0.08,0.0,0.2,2,28.18001807703599,17.315555337897873,32.34395911766796,False,False,0.052810697562294374,0.0539496208272911
100,headroom_after_load,90.45,-0.059221178464685165,0.0013537166698179238,0.025,0.07361108612239119,0.1,0.08,0.0,0.2,2,28.179974217386867,17.31553512110173,32.34393973455413,False,False,0.05279939912882915,0.05380806633441537
100,headroom_after_load,90.5,-0.05812846350037928,-0.0028869028471343624,0.025,0.07361108612239119,0.1,0.08,0.0,0.2,2,28.179987411831313,17.315572410263503,32.34397862755082,False,False,0.05278825623955943,0.05399132700421853
100,headroom_after_load,90.55000000000001,-0.05705524160739715,-0.007189852910687205,0.025,0.07361108612239119,0.1,0.08,0.0,0.2,2,28.180053384053537,17.31566527919693,32.344075490846976,False,False,0.05277727040305405,0.05405520562744207
100,headroom_after_load,90.60000000000001,-0.056010248296252674,-0.011277525749306532,0.025,0.07361108612239119,0.1,0.08,0.0,0.2,2,28.180172134053535,17.31581094723786,32.344227424179984,False,False,0.05276644310661942,0.05347404767681703
100,headroom_after_load,90.65,-0.05500439667160019,-0.01480405899786296,0.025,0.07361108612239119,0.1,0.08,0.0,0.2,2,28.180343661831312,17.31600216633325,32.344426867752595,False,False,0.05275577581609815,0.05386213133422951
100,headroom_after_load,90.7,-0.05405394993999316,-0.018142065569133867,0.025,0.07361108612239119,0.1,0.08,0.0,0.2,2,28.18056356923872,17.31623650134685,32.34467128169151,False,False,0.052745269975670625,0.05291488463957499
100,headroom_after_load,90.75,-0.053175298210788424,-0.01996295256237051,0.025,0.07361108612239119,0.1,0.08,0.0,0.2,2,28.180820127880697,17.31649435615078,32.344940227024644,False,False,0.05273492700765947,0.05300765939384728
100,headroom_after_load,90.80000000000001,-0.052385886312674795,-0.02195756078417506,0.025,0.07361108612239119,0.1,0.08,0.0,0.2,2,28.181101120679052,17.316777974644243,32.34523604416299,False,False,0.052724748312336985,0.05269129239489691
100,headroom_after_load,90.85000000000001,-0.051702284631432636,-0.023363213482206647,0.025,0.07361108612239119,0.1,0.08,0.0,0.2,2,28.181398402914994,17.317079749485053,32.34555079856685,False,False,0.05271473526773558,0.05207908139940162
100,headroom_after_load,90.9,-0.05113608118113483,-0.023630898488013717,0.025,0.07361108612239119,0.1,0.08,0.0,0.2,2,28.18170654477599,17.31738498192386,32.345869159282586,False,False,0.05270488922946121,0.05187009756025037
100,headroom_after_load,90.95,-0.05069510031415156,-0.024302771322281733,0.025,0.07361108612239119,0.1,0.08,0.0,0.2,2,28.182021926387026,17.317698892720106,32.34619657161846,False,False,0.05269521153050985,0.05076689916122189
100,headroom_after_load,91.0,-0.050384215839237384,-0.02462282389215584,0.025,0.07361108612239119,0.1,0.08,0.0,0.2,2,28.182342134498086,17.318016937528714,32.34652829577367,False,False,0.052685703481087025,0.05084075426708679
100,headroom_after_load,91.05000000000001,-0.05020589884944374,-0.02442623637139215,0.025,0.07361108612239119,0.1,0.08,0.0,0.2,2,28.18266556027583,17.318332443081843,32.34685737145812,False,False,0.05267636636843041,0.05060115026814367
100,headroom_after_load,91.10000000000001,-0.050160593700908494,-0.02518643119174462,0.025,0.07361108612239119,0.1,0.08,0.0,0.2,2,28.182991131164695,17.31865776781807,32.34719668865612,False,False,0.052667201456635615,0.05060347409953164
100,headroom_after_load,91.15,-0.050246984285656535,-0.025038314906941514,0.025,0.07361108612239119,0.1,0.08,0.0,0.2,2,28.183318132127642,17.31898117938562,32.34753401039862,False,False,0.052658209986484975,0.050523187132668124
100,headroom_after_load,91.2,-0.05046219182085965,-0.024845869321012088,0.025,0.07361108612239119,0.1,0.08,0.0,0.2,2,28.18364608647331,17.319302105197682,32.347868739471416,False,False,0.05264939317527963,0.050268508835790204
100,headroom_after_load,91.25,-0.05080193137714981,-0.02497968896812102,0.025,0.07361108612239119,0.1,0.08,0.0,0.2,2,28.18397467640746,17.31962475951352,32.34820527139224,False,False,0.05264075221667466,0.04984424976512652
100,headroom_after_load,91.30000000000001,-0.05126063956904295,-0.0250418174401215,0.025,0.07361108612239119,0.1,0.08,0.0,0.2,2,28.184303690067264,17.31994821632212,32.34854264032164,False,False,0.052632288280517574,0.05035975034034152
100,headroom_after_load,91.35000000000001,-0.05183156298595448,-0.02515126473605223,0.025,0.07361108612239119,0.1,0.08,0.0,0.2,2,28.184632986210836,17.32027308682496,32.34888148374933,False,False,0.05262400251268981,0.04947812438769278
100,headroom_after_load,91.4,-0.05250681553013347,-0.024927141455987064,0.025,0.07361108612239119,0.1,0.08,0.0,0.2,2,28.184962470676922,17.320595062402102,32.34921730773839,False,False,0.05261589603495171,0.04964770252781401
100,headroom_after_load,91.45,-0.05327744194587826,-0.024941568059801827,0.025,0.07361108612239119,0.1,0.08,0.0,0.2,2,28.18529208069135,17.320917224322873,32.34955332608587,False,False,0.0526079699447906,0.04976932167402494
100,headroom_after_load,91.5,-0.05413351347405849,-0.024936420716864548,0.025,0.07361108612239119,0.1,0.08,0.0,0.2,2,28.185621774404673,17.321239319757133,32.34988927508719,False,False,0.05260022531527219,0.04969074898960658
100,headroom_after_load,91.55000000000001,-0.055064259229747795,-0.024794328982815885,0.025,0.07361108612239119,0.1,0.08,0.0,0.2,2,28.185951523917257,17.32155957983983,32.3502233097971,False,False,0.05259266319489537,0.0500140307326045
100,headroom_after_load,91.60000000000001,-0.05605822062372158,-0.025015314824922353,0.025,0.07361108612239119,0.1,0.08,0.0,0.2,2,28.18628131062935,17.321882694322984,32.350560321677385,False,False,0.05258528460745017,0.050154206243940576
100,headroom_after_load,91.65,-0.05710341100057574,-0.02502917373831162,0.025,0.07361108612239119,0.1,0.08,0.0,0.2,2,28.186611122141116,17.322205987817103,32.35089752026803,False,False,0.05257809055187923,0.04981123404481898
100,headroom_after_load,91.7,-0.05818746691076339,-0.02501034261755147,0.025,0.07361108612239119,0.1,0.08,0.0,0.2,2,28.186940950185996,17.322529038075913,32.351234465161625,False,False,0.05257108200214251,0.04972413234807758
100,headroom_after_load,91.75,-0.05929779544912556,-0.024542009531870086,0.025,0.07361108612239119,0.1,0.08,0.0,0.2,2,28.187270789252953,17.322846039032367,32.35156510056782,False,False,0.05256425990708545,0.050980405707994746
100,headroom_after_load,91.80000000000001,-0.060421724103136204,-0.024625116343228823,0.025,0.07361108612239119,0.1,0.08,0.0,0.2,2,28.187600635667962,17.3231641134518,32.35189685560744,False,False,0.05255762519031052,0.050510870084148826
100,headroom_after_load,91.85000000000001,-0.06154461867909535,-0.025017982898085354,0.025,0.07361108612239119,0.1,0.08,0.0,0.2,2,28.18793048698167,17.323487262397567,32.3522339034326,False,False,0.05255117875005217,0.05036631149646427
100,headroom_after_load,91.9,-0.06264582732651175,-0.024982226085043673,0.025,0.07361108612239119,0.1,0.08,0.0,0.2,2,28.188260341561183,17.3238099494845,32.35257046953402,False,False,0.05254492145905521,0.0504933592441834
100,headroom_after_load,91.95,-0.06370753929315712,-0.025150048408069156,0.025,0.07361108612239119,0.1,0.08,0.0,0.2,2,28.188590198317893,17.324134804276436,32.35290929657508,False,False,0.052538854164456694,0.05174756937370471
100,headroom_after_load,92.0,0.06528211560040229,-0.025052996313788246,0.025,0.07361108612239119,0.1,0.08,0.0,0.2,2,28.188920056526072,17.324458405478822,32.35324681610875,False,False,0.052532977687671165,0.05103868715443485
100,headroom_after_load,92.05000000000001,0.06433369156079684,-0.025030252177084523,0.025,0.07361108612239119,0.1,0.08,0.0,0.2,2,28.189249915701893,17.324781712902777,32.35358402922836,False,False,0.05252729282427953,0.051759279233543495
100,headroom_after_load,92.10000000000001,0.06345690129667751,-0.02518666175368724,0.025,0.07361108612239119,0.1,0.08,0.0,0.2,2,28.189579775522812,17.325107040617095,32.353923349532536,False,False,0.05252180034392128,0.052455942226589655
100,headroom_after_load,92.15,0.06266050828386531,-0.025190460966847704,0.025,0.07361108612239119,0.1,0.08,0.0,0.2,2,28.189909635773795,17.32543241740458,32.35426272102056,False,False,0.05251650099019035,0.053164531745767844
100,headroom_after_load,92.2,0.06195223158455623,-0.020855693098271958,0.025,0.07361108612239119,0.1,0.08,0.0,0.2,2,28.190213107307915,17.325701803440435,32.35454369355258,False,False,0.052511395480534385,0.05340131356826819
100,headroom_after_load,92.25,0.061313781453627834,-0.017233796329163508,0.025,0.07361108612239119,0.1,0.08,0.0,0.2,2,28.190463801064258,17.32592440664302,32.35477587108646,False,False,0.052506484506157684,0.052530866879070964
100,headroom_after_load,92.30000000000001,0.06072612640561621,-0.01257751171689575,0.025,0.07361108612239119,0.1,0.08,0.0,0.2,2,28.190661717042822,17.326086866169362,32.35494531811931,False,False,0.05250176873192755,0.05277539139105199
100,headroom_after_load,92.35000000000001,0.06019464161777806,-0.009267829024582754,0.025,0.07361108612239119,0.1,0.08,0.0,0.2,2,28.190806855243608,17.326206575627598,32.35507017637145,False,False,0.05249724879628435,0.05263518279188746
100,headroom_after_load,92.4,0.05972404255634055,-0.005270248741648018,0.025,0.07361108612239119,0.1,0.08,0.0,0.2,2,28.190899215666615,17.326274649673845,32.35514117833366,False,False,0.052492925311154987,0.05370706300645377
100,headroom_after_load,92.45,0.05931833384408431,-0.0009858169769415817,0.025,0.07361108612239119,0.1,0.08,0.0,0.2,2,28.190938798311844,17.326287383143132,32.355154459479046,False,False,0.052488798861870155,0.053506373969816466
100,headroom_after_load,92.5,0.05898076661872207,0.0029124373670377708,0.025,0.07361108612239119,0.1,0.08,0.0,0.2,2,28.190924177666364,17.326243887961425,32.35511275791308,False,False,0.05248487000708503,0.05338308377613495
100,headroom_after_load,92.55000000000001,0.05871380483038015,0.007121793876847997,0.025,0.07361108612239119,0.1,0.08,0.0,0.2,2,28.19085107748872,17.32613752903256,32.35501078491943,False,False,0.05248113927870366,0.053478445942471135
100,headroom_after_load,92.60000000000001,0.05851910082074749,0.011086046026107414,0.025,0.07361108612239119,0.1,0.08,0.0,0.2,2,28.19071949777891,17.325971966815924,32.35485205001069,False,False,0.05247760718180695,0.05383929641980843
100,headroom_after_load,92.65,0.05839748041731106,0.015258650057421606,0.025,0.07361108612239119,0.1,0.08,0.0,0.2,2,28.190529438536938,17.325744089724267,32.3546335699125,False,False,0.052474274194584274,0.053742145643337964
100,headroom_after_load,92.7,0.05834893766482734,0.01864460458841107,0.025,0.07361108612239119,0.1,0.08,0.0,0.2,2,28.190285773184222,17.32546564580867,32.354366608220225,False,False,0.052471140768268754,0.05485949169047005
100,headroom_after_load,92.75,0.05837679177133889,0.02057671123488946,0.025,0.07361108612239119,0.1,0.08,0.0,0.2,2,28.190001497257068,17.325158347253787,32.3540719817707,False,False,0.052468207327076154,0.054017925451057866
100,headroom_after_load,92.80000000000001,0.05849042575557237,0.02182473217226037,0.025,0.07361108612239119,0.1,0.08,0.0,0.2,2,28.189690147613625,17.324832410393388,32.35375948560558,False,False,0.05246547426814745,0.054418732720069474
100,headroom_after_load,92.85000000000001,0.058698755698405644,0.023048160926884245,0.025,0.07361108612239119,0.1,0.08,0.0,0.2,2,28.18936074882599,17.32448820249424,32.3534294718466,False,False,0.05246294196149508,0.05512183707855985
100,headroom_after_load,92.9,0.05900589380927794,0.02390098617697816,0.025,0.07361108612239119,0.1,0.08,0.0,0.2,2,28.18901931727556,17.324131258256234,32.353087246958616,False,False,0.05246061074995282,0.05423063635111462
100,headroom_after_load,92.95,0.0594124526175021,0.023846684904542944,0.025,0.07361108612239119,0.1,0.08,0.0,0.2,2,28.188669863883263,17.323775124969128,32.352745799580255,False,False,0.052458480949129395,0.05452140435977814
100,headroom_after_load,93.0,0.05991644006996765,0.02473208258232417,0.025,0.07361108612239119,0.1,0.08,0.0,0.2,2,28.18831506259639,17.32340576889711,32.352391674686466,False,False,0.05245655284736576,0.05477239818868941
100,headroom_after_load,93.05000000000001,0.06051388490663554,0.024740950324697912,0.025,0.07361108612239119,0.1,0.08,0.0,0.2,2,28.18795669604647,17.323036280391666,32.352037422820416,False,False,0.052454826705696005,0.05490432323150444
100,headroom_after_load,93.10000000000001,0.061199284880955475,0.024528057956062953,0.025,0.07361108612239119,0.1,0.08,0.0,0.2,2,28.187595952654515,17.322669971282405,32.35168621924144,False,False,0.052453302757812105,0.05485426644979045
100,headroom_after_load,93.15,0.06196593916056368,0.02476913179795765,0.025,0.07361108612239119,0.1,0.08,0.0,0.2,2,28.187233624701204,17.322300061906688,32.3513315638606,False,False,0.05245198121003219,0.05505324117028423
100,headroom_after_load,93.2,0.06280620539801293,0.02520317524717077,0.025,0.07361108612239119,0.1,0.08,0.0,0.2,2,28.186870240373654,17.321923670400608,32.350970693653736,False,False,0.05245086224127268,0.05490345127346352
100,headroom_after_load,93.25,0.06370985073525816,0.02488123925595006,0.025,0.07361108612239119,0.1,0.08,0.0,0.2,2,28.186506151796614,17.3215520867797,32.35061443306874,False,False,0.052449946003024044,0.05478124306170644
100,headroom_after_load,93.30000000000001,0.06466223841502305,0.02477716638417313,0.025,0.07361108612239119,0.1,0.08,0.0,0.2,2,28.186141593719913,17.32118205741315,32.35025966264514,False,False,0.05244923261933026,0.054685045217138135
100,headroom_after_load,93.35000000000001,0.06564781095141672,0.024967221383410974,0.025,0.07361108612239119,0.1,0.08,0.0,0.2,2,28.18577672264344,17.320809189710292,32.34990217093003,False,False,0.052448722186772066,0.054782008067357196
100,headroom_after_load,93.4,0.06665424649078396,0.024975494513324613,0.025,0.07361108612239119,0.1,0.08,0.0,0.2,2,28.185411642900448,17.32043619845412,32.349544560756584,False,False,0.05244841477445387,0.054591528179417495
100,headroom_after_load,93.45,0.06767213111816067,0.024834495227030497,0.025,0.07361108612239119,0.1,0.08,0.0,0.2,2,28.185046424046444,17.320065312922058,32.34918896947327,False,False,0.05244831042399436,0.05432777647840085
100,headroom_after_load,93.5,0.06869213948180013,0.025277580533009082,0.025,0.07361108612239119,0.1,0.08,0.0,0.2,2,28.184681112451766,17.319687810225926,32.34882703389862,False,False,0.052448409149520925,0.05411285215614299
100,headroom_after_load,93.55000000000001,0.06970514561130738,0.024927522073712648,0.025,0.07361108612239119,0.1,0.08,0.0,0.2,2,28.184315739029973,17.319315535404037,32.34847011061578,False,False,0.05244871093766771,0.0541481612123828
100,headroom_after_load,93.60000000000001,0.0707023005451464,0.024986205659581897,0.025,0.07361108612239119,0.1,0.08,0.0,0.2,2,28.183950324390104,17.31894238418451,32.34811234707541,False,False,0.05244921574757743,0.05385090103312541
100,headroom_after_load,93.65,0.07167508059238246,0.024471913211642493,0.025,0.07361108612239119,0.1,0.08,0.0,0.2,2,28.183584882271518,17.318576913557095,32.3477619474017,False,False,0.05244992351090691,0.05357742503407865
100,headroom_after_load,93.7,0.07261533695872523,0.02477739015304773,0.025,0.07361108612239119,0.1,0.08,0.0,0.2,2,28.183219421833787,17.318206880848717,32.34740717377408,False,False,0.05245083413183632,0.05329536375485707
100,headroom_after_load,93.75,0.07351536635852117,0.024687424984594367,0.025,0.07361108612239119,0.1,0.08,0.0,0.2,2,28.18285394918329,17.317838191706176,32.34705368830752,False,False,0.052451947487082165,0.05322991997805599
100,headroom_after_load,93.80000000000001,0.07436800032568018,0.025199424433127785,0.025,0.07361108612239119,0.1,0.08,0.0,0.2,2,28.18248846839095,17.317461856215836,32.34669287180647,False,False,0.05245326342591396,0.05266819929103099
100,headroom_after_load,93.85000000000001,0.0751666973932996,0.02535852355357873,0.025,0.07361108612239119,0.1,0.08,0.0,0.2,2,28.182122982170718,17.317083144693232,32.34632977725387,False,False,0.05245478177017466,0.05258380301885201
100,headroom_after_load,93.9,0.07590562724137946,0.024843749656184883,0.025,0.07361108612239119,0.1,0.08,0.0,0.2,2,28.181757492331887,17.316712120952847,32.345974053461546,False,False,0.05245650231430475,0.05283337821692585
100,headroom_after_load,93.95,0.07657973628691947,0.02485071704765351,0.025,0.07361108612239119,0.1,0.08,0.0,0.2,2,28.18139200008066,17.31634099315942,32.345618229907025,False,False,0.0524584248253701,0.05178899070141431
100,headroom_after_load,94.0,0.0771847961949414,0.025292207176230198,0.025,0.07361108612239119,0.1,0.08,0.0,0.2,2,28.181026506221166,17.31596327202477,32.345256084901635,False,False,0.052460549043093496,0.05218813010224958
100,headroom_after_load,94.05000000000001,0.07771744227476739,0.02476495445246893,0.025,0.07361108612239119,0.1,0.08,0.0,0.2,2,28.180661011289494,17.31559342503474,32.34490148933387,False,False,0.052462874679889845,0.05168570342081012
100,headroom_after_load,94.10000000000001,0.07817520237473788,0.02473833297954869,0.025,0.07361108612239119,0.1,0.08,0.0,0.2,2,28.18029551564304,17.315223975617485,32.34454727494413,False,False,0.05246540142090516,0.051168796515888015
100,headroom_after_load,94.15,0.07855650706516396,0.02518371587287819,0.025,0.07361108612239119,0.1,0.08,0.0,0.2,2,28.17993001952006,17.314847874723327,32.34418668336519,False,False,0.05246812892405915,0.05137529873435593
100,headroom_after_load,94.2,0.07886067069692981,0.024987384750647164,0.025,0.07361108612239119,0.1,0.08,0.0,0.2,2,28.179564523079403,17.314474705894913,32.343828902942064,False,False,0.052471056820091566,0.050882255962755744
100,headroom_after_load,94.25,0.07908782856601448,0.025162568515115877,0.025,0.07361108612239119,0.1,0.08,0.0,0.2,2,28.179199026426957,17.314098920821507,32.34346861416035,False,False,0.05247418471261213,0.05132213134409521
100,headroom_after_load,94.30000000000001,0.07923876841917481,0.02501438092407289,0.025,0.07361108612239119,0.1,0.08,0.0,0.2,2,28.17883352963332,17.313725348824434,32.343110447194086,False,False,0.05247751217815428,0.051143452330416256
100,headroom_after_load,94.35000000000001,0.07931477372121847,0.024940556871621205,0.025,0.07361108612239119,0.1,0.08,0.0,0.2,2,28.178468032745553,17.313352879337103,32.342753337273244,False,False,0.05248103876623244,0.05073251767641803
100,headroom_after_load,94.4,0.07931758053417108,0.024602169175462766,0.025,0.07361108612239119,0.1,0.08,0.0,0.2,2,28.178102535795034,17.312985463429463,32.34240107253706,False,False,0.052484763999403036,0.05078374857046366
100,headroom_after_load,94.45,0.0792493572700604,0.02539618504243817,0.025,0.07361108612239119,0.1,0.08,0.0,0.2,2,28.17773703880268,17.312606189459295,32.34203743873061,False,False,0.05248868737332913,0.05038601126498009
100,headroom_after_load,94.5,0.07911267947138186,0.025059647289554007,0.025,0.07361108612239119,0.1,0.08,0.0,0.2,2,28.177371541782435,17.31223194144123,32.3416786236205,False,False,0.05249280835684869,0.05069928770233332
100,headroom_after_load,94.55000000000001,0.07891050000354327,0.025237394520104716,0.025,0.07361108612239119,0.1,0.08,0.0,0.2,2,28.1770060447436,17.311855038894635,32.34131726344696,False,False,0.05249712639204653,0.05033210790845023
100,headroom_after_load,94.60000000000001,0.07864611502878599,0.024818705711918857,0.025,0.07361108612239119,0.1,0.08,0.0,0.2,2,28.17664054769237,17.311484389167752,32.3409618982449,False,False,0.052501640894329786,0.050678538555295624
100,headroom_after_load,94.65,0.0783231261777436,0.024941680202205167,0.025,0.07361108612239119,0.1,0.08,0.0,0.2,2,28.176275050632874,17.31111190290428,32.340604772239715,False,False,0.05250635125250713,0.050398983018694624
100,headroom_after_load,94.7,0.07794539937646082,0.025389700555515003,0.025,0.07361108612239119,0.1,0.08,0.0,0.2,2,28.17590955356787,17.310732725775313,32.34024123128101,False,False,0.05251125682887146,0.05090061350632789
100,headroom_after_load,94.75,0.07751702082287967,0.02500171723753247,0.025,0.07361108612239119,0.1,0.08,0.0,0.2,2,28.17554405649919,17.310359342901396,32.33988324563901,False,False,0.05251635695928626,0.05046093313284873
100,headroom_after_load,94.80000000000001,0.0770422506371072,0.025041715937214572,0.025,0.07361108612239119,0.1,0.08,0.0,0.2,2,28.175178559428065,17.309985362675334,32.33952468727794,False,False,0.05252165095327552,0.051173165662678655
100,headroom_after_load,94.85000000000001,0.0765254747338784,0.025221551684064574,0.025,0.07361108612239119,0.1,0.08,0.0,0.2,2,28.174813062355305,17.309608696730233,32.33916355394913,False,False,0.05252713809411718,0.05093769829367756
100,headroom_after_load,94.9,0.07597115548326999,0.02497097660656172,0.025,0.07361108612239119,0.1,0.08,0.0,0.2,2,28.174447565281458,17.309235772945787,32.33880600846507,False,False,0.05253281763894023,0.05131724077255992
100,headroom_after_load,94.95,0.0753837817367311,0.024835031257576027,0.025,0.07361108612239119,0.1,0.08,0.0,0.2,2,28.174082068206886,17.308864879408485,32.33845040950663,False,False,0.052538688818825195,0.05154291805252608
100,headroom_after_load,95.0,0.07476781879977992,0.024849437310216226,0.025,0.07361108612239119,0.1,0.08,0.0,0.2,2,28.17371657113183,17.30849377072703,32.33809460427595,False,False,0.05254475083890832,0.05149286885851427
100,headroom_after_load,95.05000000000001,0.07412765893025712,0.024758208127374382,0.025,0.07361108612239119,0.1,0.08,0.0,0.2,2,28.173351074056452,17.308124024488567,32.33774010530506,False,False,0.05255100287848911,0.05121557480351913
100,headroom_after_load,95.10000000000001,0.07346757293188844,0.024924530530121326,0.025,0.07361108612239119,0.1,0.08,0.0,0.2,2,28.17298557698086,17.307751794343254,32.33738322485646,False,False,0.052557444091141485,0.05078717140925127
100,headroom_after_load,95.15,0.07279166339723153,0.025124362492356285,0.025,0.07361108612239119,0.1,0.08,0.0,0.2,2,28.172620079905123,17.30737657984964,32.33702348312547,False,False,0.05256407360482837,0.05107059893553745
100,headroom_after_load,95.2,0.0721038201320813,0.025325254889584623,0.025,0.07361108612239119,0.1,0.08,0.0,0.2,2,28.17225458282929,17.306998365170884,32.33666086492831,False,False,0.05257089052201973,0.05123997641872024
100,headroom_after_load,95.25,0.07140767826537014,0.024958665374516492,0.025,0.07361108612239119,0.1,0.08,0.0,0.2,2,28.171889085753392,17.306625625245935,32.33630349572192,False,False,0.052577893919814093,0.05129209938612713
100,headroom_after_load,95.30000000000001,0.07070657951488143,0.025071891760706327,0.025,0.07361108612239119,0.1,0.08,0.0,0.2,2,28.171523588677452,17.306251194365398,32.335944505290065,False,False,0.05258508285006351,0.05136985532923208
100,headroom_after_load,95.35000000000001,0.07000353704011637,0.025283067413654874,0.025,0.07361108612239119,0.1,0.08,0.0,0.2,2,28.171158091601484,17.305873609726603,32.33558249115184,False,False,0.05259245633950191,0.05104430816927402
100,headroom_after_load,95.4,0.06930120426989267,0.024741568873116973,0.025,0.07361108612239119,0.1,0.08,0.0,0.2,2,28.170792594525498,17.305504111983577,32.335228230429145,False,False,0.05260001338987683,0.051725841845624045
100,headroom_after_load,95.45,0.06860185031354088,0.02495361375848382,0.025,0.07361108612239119,0.1,0.08,0.0,0.2,2,28.1704270974495,17.305131447500923,32.33487093355402,False,False,0.05260775297808465,0.05207256215934471
100,headroom_after_load,95.5,0.06790735686896958,0.025074494452874397,0.025,0.07361108612239119,0.1,0.08,0.0,0.2,2,28.170061600373494,17.30475697775103,32.33451190585567,False,False,0.052615674056309,0.05182385824567543
100,headroom_after_load,95.55000000000001,0.06721925639461379,0.024704622223455874,0.025,0.07361108612239119,0.1,0.08,0.0,0.2,2,28.169696103297483,17.30438803177995,32.33415817415144,False,False,0.05262377555216268,0.05204129171707292
100,headroom_after_load,95.60000000000001,0.06653878998514105,0.024908109406596,0.025,0.07361108612239119,0.1,0.08,0.0,0.2,2,28.169330606221468,17.304016046872444,32.33380152882775,False,False,0.05263205636883286,0.05171440895684898
100,headroom_after_load,95.65,0.06586695167247045,0.02533054251786298,0.025,0.07361108612239119,0.1,0.08,0.0,0.2,2,28.16896510914545,17.303637753226717,32.33343883491999,False,False,0.05264051538522949,0.05173459247140773
100,headroom_after_load,95.7,0.06520451804575197,0.02496711457290933,0.025,0.07361108612239119,0.1,0.08,0.0,0.2,2,28.16859961206943,17.303264887118996,32.33308134473424,False,False,0.052649151456137175,0.051605560272424716
100,headroom_after_load,95.75,0.06455206869435019,0.02506074866706836,0.025,0.07361108612239119,0.1,0.08,0.0,0.2,2,28.168234114993407,17.30289062265264,32.33272251385413,False,False,0.05265796341237015,0.051605144124350626
100,headroom_after_load,95.80000000000001,0.06391000099726453,0.024884695135813296,0.025,0.07361108612239119,0.1,0.08,0.0,0.2,2,28.167868617917385,17.302518987420623,32.33236620378632,False,False,0.052666950060930605,0.052423131792263
100,headroom_after_load,95.85000000000001,0.06327854146108608,0.025171486966174838,0.025,0.07361108612239119,0.1,0.08,0.0,0.2,2,28.167503120841364,17.302143069156493,32.33200578730628,False,False,0.052676110185170176,0.05249064169950464
100,headroom_after_load,95.9,0.06265929847502356,0.0254038000992835,0.025,0.07361108612239119,0.1,0.08,0.0,0.2,2,28.167137623765342,17.301763681460866,32.331642044464076,False,False,0.052685442544954664,0.052929363129226345
100,headroom_after_load,95.95,0.06205796259178236,0.02474451508415764,0.025,0.07361108612239119,0.1,0.08,0.0,0.2,2,28.16677212668932,17.30139413971827,32.331287741556224,False,False,0.052694945876831954,0.052250609758370266
100,headroom_after_load,96.0,0.018585659958770165,0.02524744552611018,0.025,0.07361108612239119,0.1,0.08,0.0,0.2,2,28.1664066296133,17.30101708706704,32.330926237467935,False,False,0.052704618894203026,0.052936850118357345
100,headroom_after_load,96.05000000000001,0.018034362950079236,0.02502474440512851,0.025,0.07361108612239119,0.1,0.08,0.0,0.2,2,28.166041132537277,17.300643360298746,32.33056792211276,False,False,0.05271446028749618,0.05244612138545592
100,headroom_after_load,96.10000000000001,0.017508808579378525,0.025087937175986792,0.025,0.07361108612239119,0.1,0.08,0.0,0.2,2,28.165675635461255,17.300268689791338,32.33020870193556,False,False,0.05272446872434428,0.05323836940318036
100,headroom_after_load,96.15,0.017008081230608617,0.025102657571600715,0.025,0.07361108612239119,0.1,0.08,0.0,0.2,2,28.165310138385234,17.299893799445286,32.32984927098522,False,False,0.052734642849765215,0.052953514972764126
100,headroom_after_load,96.2,0.0165311728049383,0.022611798063201276,0.025,0.07361108612239119,0.1,0.08,0.0,0.2,2,28.16496027079274,17.29955610831531,32.329525505262666,False,False,0.052744981286345236,0.05309360196687294
100,headroom_after_load,96.25,0.016090339133032913,0.02108573306133667,0.025,0.07361108612239119,0.1,0.08,0.0,0.2,2,28.164637795655764,17.299241207881302,32.32922359041356,False,False,0.052755482634425546,0.05250998324920362
100,headroom_after_load,96.30000000000001,0.01569446804291578,0.01976592538265788,0.025,0.07361108612239119,0.1,0.08,0.0,0.2,2,28.16433620606267,17.29894601783676,32.32894057315436,False,False,0.052766145472291706,0.053098882583229
100,headroom_after_load,96.35000000000001,0.015336887152332387,0.01915076067195657,0.025,0.07361108612239119,0.1,0.08,0.0,0.2,2,28.164051040851948,17.298660014839864,32.32866636409548,False,False,0.05277696835636615,0.052750489262976125
100,headroom_after_load,96.4,0.015012813986551212,0.01821597275425947,0.025,0.07361108612239119,0.1,0.08,0.0,0.2,2,28.16377920738292,17.298387972236007,32.32840553974333,False,False,0.05278794982140363,0.053273937693096504
100,headroom_after_load,96.45,0.014718798697085254,0.017528897924407573,0.025,0.07361108612239119,0.1,0.08,0.0,0.2,2,28.163518497955376,17.29812619060631,32.32815455323239,False,False,0.052799088380689564,0.053306456656151684
100,headroom_after_load,96.5,0.014452326385403984,0.017212364430921615,0.025,0.07361108612239119,0.1,0.08,0.0,0.2,2,28.163267243309782,17.297869136179326,32.32790809898796,False,False,0.052810382526241324,0.05451613474586364
100,headroom_after_load,96.55000000000001,0.014211532087981302,0.01677581096175092,0.025,0.07361108612239119,0.1,0.08,0.0,0.2,2,28.163024127748795,17.297618601368068,32.32766789550913,False,False,0.0528218307290124,0.054203070236070905
100,headroom_after_load,96.60000000000001,0.013995050246350364,0.01617600568618606,0.025,0.07361108612239119,0.1,0.08,0.0,0.2,2,28.16278809919464,17.297377024222218,32.32743628030744,False,False,0.05283343143909938,0.05329111867075362
100,headroom_after_load,96.65,0.013801941937320391,0.015419505007746807,0.025,0.07361108612239119,0.1,0.08,0.0,0.2,2,28.162558301375192,17.297146744876223,32.32721549701695,False,False,0.05284518308595183,0.05374756967890165
100,headroom_after_load,96.7,0.013631637803571855,0.014968744903128224,0.025,0.07361108612239119,0.1,0.08,0.0,0.2,2,28.162334023089414,17.29692319731196,32.327001167908946,False,False,0.05285708407858487,0.053408185722551384
100,headroom_after_load,96.75,0.013483892605455202,0.014865115576436463,0.025,0.07361108612239119,0.1,0.08,0.0,0.2,2,28.162114660522498,17.29670119737802,32.32678832261146,False,False,0.052869132805794625,0.05313348017086362
100,headroom_after_load,96.80000000000001,0.013358748160077793,0.014483814692515034,0.025,0.07361108612239119,0.1,0.08,0.0,0.2,2,28.1618996893221,17.296484891901727,32.32658093694862,False,False,0.05288132763637627,0.05361208164451309
100,headroom_after_load,96.85000000000001,0.013256502053361586,0.014632774978054125,0.025,0.07361108612239119,0.1,0.08,0.0,0.2,2,28.16168864372607,17.29626636180946,32.32637141840655,False,False,0.052893666919344974,0.05370120999090492
100,headroom_after_load,96.9,0.013177680002067893,0.014117904184041859,0.025,0.07361108612239119,0.1,0.08,0.0,0.2,2,28.161481100707512,17.2960555209465,32.326169272012166,False,False,0.05290614898415934,0.0532880719587887
100,headroom_after_load,96.95,0.013123010324028836,0.013887421595130713,0.025,0.07361108612239119,0.1,0.08,0.0,0.2,2,28.161276667714613,17.29584812217716,32.3259704257694,False,False,0.0529187721409476,0.053652359996521626
100,headroom_after_load,97.0,0.013093399505715106,0.01318758716636092,0.025,0.07361108612239119,0.1,0.08,0.0,0.2,2,28.16107497300793,17.295651174937518,32.32578160006541,False,False,0.05293153468073638,0.05380562398963354
100,headroom_after_load,97.05000000000001,0.013089908230187313,0.013484563990005404,0.025,0.07361108612239119,0.1,0.08,0.0,0.2,2,28.16087565789594,17.295449792560127,32.32558852211596,False,False,0.05294443487568211,0.05335502747803512
100,headroom_after_load,97.10000000000001,0.013113727493917616,0.01346226044451688,0.025,0.07361108612239119,0.1,0.08,0.0,0.2,2,28.16067837037962,17.295248743270335,32.32539576351853,False,False,0.05295747097930487,0.05288648531039588
100,headroom_after_load,97.15,0.013166154630901702,0.013649310553901912,0.025,0.07361108612239119,0.1,0.08,0.0,0.2,2,28.160482759866,17.29504490052013,32.32520032665493,False,False,0.05297064122672493,0.05333289295584424
100,headroom_after_load,97.2,0.01324856919889634,0.01308645244438733,0.025,0.07361108612239119,0.1,0.08,0.0,0.2,2,28.160288472716008,17.294849463655666,32.32501294904261,False,False,0.052983943834901584,0.053501725574602955
100,headroom_after_load,97.25,0.013362408780041073,0.01349870439572506,0.025,0.07361108612239119,0.1,0.08,0.0,0.2,2,28.16009514846656,17.294647870101368,32.32481966862457,False,False,0.05299737700287466,0.05419156719413912
100,headroom_after_load,97.30000000000001,0.013509144816643448,0.013306573128778277,0.025,0.07361108612239119,0.1,0.08,0.0,0.2,2,28.15990241661867,17.29444914589096,32.324629139226964,False,False,0.05301093891200821,0.0539097718418648
100,headroom_after_load,97.35000000000001,0.013690258649797286,0.013312181323550908,0.025,0.07361108612239119,0.1,0.08,0.0,0.2,2,28.15970989391958,17.294250337926155,32.32443852952875,False,False,0.05302462772623687,0.054319344122173076
100,headroom_after_load,97.4,0.013907209475317199,0.013409638628188418,0.025,0.07361108612239119,0.1,0.08,0.0,0.2,2,28.15951718209136,17.29405007450578,32.32424652439375,False,False,0.05303844159231428,0.05439061573778244
100,headroom_after_load,97.45,0.014161362771001076,0.013172996109145164,0.025,0.07361108612239119,0.1,0.08,0.0,0.2,2,28.159323865974937,17.293853345173204,32.32405790761097,False,False,0.05305237864006412,0.05417926799566413
100,headroom_after_load,97.5,0.014453890299692474,0.01330665580576561,0.025,0.07361108612239119,0.1,0.08,0.0,0.2,2,28.15912951206887,17.293654619728077,32.32386737702956,False,False,0.05306643698263322,0.0536942634555124
100,headroom_after_load,97.55000000000001,0.014785686656900398,0.013347447911857163,0.025,0.07361108612239119,0.1,0.08,0.0,0.2,2,28.15893366744858,17.293455285081844,32.323676262368735,False,False,0.05308061471674703,0.053858520484082406
100,headroom_after_load,97.60000000000001,0.01515731034438151,0.013660394537921148,0.025,0.07361108612239119,0.1,0.08,0.0,0.2,2,28.158735859075684,17.293251276800216,32.32348066679975,False,False,0.05309490992296731,0.053767091283156
100,headroom_after_load,97.65,0.015568943921524653,0.013804878170377722,0.025,0.07361108612239119,0.1,0.08,0.0,0.2,2,28.15853559361986,17.293045110758246,32.32328300245023,False,False,0.053109320665951955,0.053546215729061694
100,headroom_after_load,97.7,0.01602036901423038,0.013840313907713892,0.025,0.07361108612239119,0.1,0.08,0.0,0.2,2,28.158332358040465,17.29283841550873,32.323084830716155,False,False,0.053123844994717055,0.05398938255926124
100,headroom_after_load,97.75,0.016510953641050964,0.014163698246831759,0.025,0.07361108612239119,0.1,0.08,0.0,0.2,2,28.158125621121656,17.292626890743993,32.322882028622125,False,False,0.053138480942900995,0.054097285891970555
100,headroom_after_load,97.80000000000001,0.01703965016554912,0.014836188796141994,0.025,0.07361108612239119,0.1,0.08,0.0,0.2,2,28.157914835990105,17.292405322810957,32.322669597511066,False,False,0.05315322652903068,0.05463121867500223
100,headroom_after_load,97.85000000000001,0.017605002494505143,0.014962136612756942,0.025,0.07361108612239119,0.1,0.08,0.0,0.2,2,28.157699443528465,17.292181873936812,32.32245536302349,False,False,0.05316807975678976,0.05423860925180652
100,headroom_after_load,97.9,0.018205161317471744,0.01505366431390731,0.025,0.07361108612239119,0.1,0.08,0.0,0.2,2,28.15747887654396,17.291957058161515,32.32223981800181,False,False,0.053183038615288995,0.05390533811413664
100,headroom_after_load,97.95,0.01883790632524803,0.015694647433523345,0.025,0.07361108612239119,0.1,0.08,0.0,0.2,2,28.157252564532225,17.291722669758983,32.32201509510042,False,False,0.05319810107933838,0.05362448357896727
100,headroom_after_load,98.0,-0.03821099189555165,0.016122740466325884,0.025,0.07361108612239119,0.1,0.08,0.0,0.2,2,28.157019938873802,17.291481888091326,32.3217842425737,False,False,0.05321326510972141,0.0544242879396712
100,headroom_after_load,98.05000000000001,-0.03752107306856238,0.016731980358525616,0.025,0.07361108612239119,0.1,0.08,0.0,0.2,2,28.156780438306537,17.29123200785897,32.32154466668082,False,False,0.053228528653471094,0.054594953046368085
100,headroom_after_load,98.10000000000001,-0.03680714759925985,0.01685559565765654,0.025,0.07361108612239119,0.1,0.08,0.0,0.2,2,28.15653351452726,17.290980281519996,32.321303320809434,False,False,0.053243889644147946,0.0543357264469318
100,headroom_after_load,98.15,-0.036072602316691904,0.018002913279612922,0.025,0.07361108612239119,0.1,0.08,0.0,0.2,2,28.15627863778834,17.290711420807934,32.32104554713705,False,False,0.05325934600211972,0.05464789714713993
100,headroom_after_load,98.2,-0.03532106211538591,0.013900346266605778,0.025,0.07361108612239119,0.1,0.08,0.0,0.2,2,28.156048894565842,17.290503829017812,32.32084651583312,False,False,0.05327489563484296,0.05484041604733678
100,headroom_after_load,98.25,-0.0345277810055345,0.009872917462447997,0.025,0.07361108612239119,0.1,0.08,0.0,0.2,2,28.15587763087551,17.290356384013894,32.32070515103555,False,False,0.05329053643714631,0.054312404477375474
100,headroom_after_load,98.30000000000001,-0.03366844692693383,0.005763042216080775,0.025,0.07361108612239119,0.1,0.08,0.0,0.2,2,28.15576484671734,17.290270317075183,32.320622633248945,False,False,0.053306266291515525,0.05449468077414366
100,headroom_after_load,98.35000000000001,-0.03274803724173819,0.0016420141115187329,0.025,0.07361108612239119,0.1,0.08,0.0,0.2,2,28.155710542091335,17.29024579476169,32.32059912216487,False,False,0.053322083068380086,0.05452577071420204
100,headroom_after_load,98.4,-0.03177222439628004,-0.002204910157504915,0.025,0.07361108612239119,0.1,0.08,0.0,0.2,2,28.15571430994414,17.290274274851225,32.320628827204494,False,False,0.053337984626401616,0.054720649538167555
100,headroom_after_load,98.45,-0.03074742324347234,-0.006622238441268107,0.025,0.07361108612239119,0.1,0.08,0.0,0.2,2,28.155770855574726,17.29035981209776,32.32071804347238,False,False,0.0533539688127637,0.054238958178991076
100,headroom_after_load,98.5,-0.029684779640433586,-0.010279426540634705,0.025,0.07361108612239119,0.1,0.08,0.0,0.2,2,28.15588017898309,17.29049258802391,32.32085653019106,False,False,0.05337003346346336,0.05486115609044394
100,headroom_after_load,98.55000000000001,-0.02859957045380087,-0.014346172023999897,0.025,0.07361108612239119,0.1,0.08,0.0,0.2,2,28.15604228016923,17.290677892745887,32.321049805008606,False,False,0.053386176403604074,0.05506438370450668
100,headroom_after_load,98.60000000000001,-0.02750359152258716,-0.018103396256916572,0.025,0.07361108612239119,0.1,0.08,0.0,0.2,2,28.15625433208361,17.29091172828087,32.32129369798596,False,False,0.053402395447690126,0.054248085761041606
100,headroom_after_load,98.65,-0.02640737817589102,-0.020332093359756002,0.025,0.07361108612239119,0.1,0.08,0.0,0.2,2,28.156505653730232,17.291174351153437,32.32156761646594,False,False,0.053418688399922594,0.054394150258135335
100,headroom_after_load,98.7,-0.025328815246934415,-0.021749034306098834,0.025,0.07361108612239119,0.1,0.08,0.0,0.2,2,28.15678315519835,17.291455276179892,32.32186062428923,False,False,0.053435053054496535,0.05458312774760449
100,headroom_after_load,98.75,-0.024287959281252904,-0.022810072933910967,0.025,0.07361108612239119,0.1,0.08,0.0,0.2,2,28.1570781098808,17.291749906288622,32.3221679266607,False,False,0.0534514871958997,0.05405210652495989
100,headroom_after_load,98.80000000000001,-0.023300476142019855,-0.023711339027802307,0.025,0.07361108612239119,0.1,0.08,0.0,0.2,2,28.15738470003947,17.292056177751064,32.32248737108927,False,False,0.0534679885992124,0.05335664427931977
100,headroom_after_load,98.85000000000001,-0.02237890377986152,-0.02423427375601383,0.025,0.07361108612239119,0.1,0.08,0.0,0.2,2,28.157699047182284,17.29236920378708,32.3228138606107,False,False,0.053484555030408776,0.05316065770636982
100,headroom_after_load,98.9,-0.02153347020151034,-0.024348507621359913,0.025,0.07361108612239119,0.1,0.08,0.0,0.2,2,28.158018565647865,17.292683705343855,32.32314188911616,False,False,0.05350118424665923,0.05237633949773653
100,headroom_after_load,98.95,-0.020772617632413063,-0.024406623233965436,0.025,0.07361108612239119,0.1,0.08,0.0,0.2,2,28.158339965831672,17.292998957560627,32.32347070056806,False,False,0.05351787399663407,0.05293506827140148
100,headroom_after_load,99.0,-0.020104812126808647,-0.023962836166676663,0.025,0.07361108612239119,0.1,0.08,0.0,0.2,2,28.158658883115443,17.29330847752778,32.32379353322197,False,False,0.05353462202080832,0.0520672893292481
100,headroom_after_load,99.05000000000001,-0.019538812992897746,-0.02316668458598733,0.025,0.07361108612239119,0.1,0.08,0.0,0.2,2,28.158971946978063,17.29360771387035,32.32410563994487,False,False,0.053551426051767596,0.0517718128142841
100,headroom_after_load,99.10000000000001,-0.019081639731169706,-0.023138760210038786,0.025,0.07361108612239119,0.1,0.08,0.0,0.2,2,28.15927722278296,17.293906589523065,32.32441737046437,False,False,0.0535682838145151,0.052165310119924986
100,headroom_after_load,99.15,-0.018738099834578546,-0.02210406170604893,0.025,0.07361108612239119,0.1,0.08,0.0,0.2,2,28.15957377420716,17.2941921003201,32.324715161295686,False,False,0.0535851930267796,0.05214079350830009
100,headroom_after_load,99.2,-0.01851116213069949,-0.021515403319395502,0.025,0.07361108612239119,0.1,0.08,0.0,0.2,2,28.159861367652624,17.294470007612976,32.32500502159041,False,False,0.05360215139932444,0.051792216291669635
100,headroom_after_load,99.25,-0.018402184725224053,-0.020712337601619005,0.025,0.07361108612239119,0.1,0.08,0.0,0.2,2,28.16014027588447,17.294737541973664,32.325284062805316,False,False,0.053619156636257444,0.051621835515387474
100,headroom_after_load,99.30000000000001,-0.018411022623720432,-0.02046468806459796,0.025,0.07361108612239119,0.1,0.08,0.0,0.2,2,28.160411143942014,17.29500187752783,32.32555976763063,False,False,0.05363620643534173,0.050974766050256956
100,headroom_after_load,99.35000000000001,-0.01853608047104767,-0.019508192938775076,0.025,0.07361108612239119,0.1,0.08,0.0,0.2,2,28.160674891055812,17.29525385835329,32.325822586341054,False,False,0.053653298488307424,0.05106457083170699
100,headroom_after_load,99.4,-0.01877436630496975,-0.019828187319872466,0.025,0.07361108612239119,0.1,0.08,0.0,0.2,2,28.160932636351276,17.295509972439508,32.32608971608689,False,False,0.05367043048116416,0.051112265293216205
100,headroom_after_load,99.45,-0.01912155847683269,-0.01877380633301208,0.025,0.07361108612239119,0.1,0.08,0.0,0.2,2,28.16118564173231,17.295752467437975,32.326342640977764,False,False,0.05368760009451436,0.05105734190068843
100,headroom_after_load,99.5,-0.019572085748280194,-0.019118391515437136,0.025,0.07361108612239119,0.1,0.08,0.0,0.2,2,28.161435266956197,17.29599941332838,32.326600208196794,False,False,0.05370480500386719,0.05073710723398346
100,headroom_after_load,99.55000000000001,-0.020119220901247223,-0.018587787298966096,0.025,0.07361108612239119,0.1,0.08,0.0,0.2,2,28.16168293318865,17.296239505580992,32.3268506269979,False,False,0.053722042879953365,0.05075278766838498
100,headroom_after_load,99.60000000000001,-0.02075518803251829,-0.01843526765344816,0.025,0.07361108612239119,0.1,0.08,0.0,0.2,2,28.161930092446482,17.29647762778818,32.327098991020456,False,False,0.053739311389040374,0.05077797388631942
100,headroom_after_load,99.65,-0.02147128310933162,-0.01906484156470471,0.025,0.07361108612239119,0.1,0.08,0.0,0.2,2,28.162178201230738,17.296723881991724,32.327355836802646,False,False,0.053756608193248526,0.05049391492897347
100,headroom_after_load,99.7,-0.02225800667445696,-0.0189329186212299,0.025,0.07361108612239119,0.1,0.08,0.0,0.2,2,28.162428697276756,17.29696843219058,32.327610905289625,False,False,0.0537739309508674,0.05043736480678215
100,headroom_after_load,99.75,-0.023105203833270332,-0.01974994961203205,0.025,0.07361108612239119,0.1,0.08,0.0,0.2,2,28.162682978764188,17.297223535706404,32.327876980999676,False,False,0.05379127731667292,0.05104931877502117
100,headroom_after_load,99.80000000000001,-0.024002204436791262,-0.01952267241058545,0.025,0.07361108612239119,0.1,0.08,0.0,0.2,2,28.162942385608787,17.297475703558373,32.32813999478076,False,False,0.05380864494224483,0.050324102271795505
100,headroom_after_load,99.85000000000001,-0.024937963960383832,-0.020355823281918962,0.025,0.07361108612239119,0.1,0.08,0.0,0.2,2,28.163208182643114,17.29773863294243,32.32841423295553,False,False,0.05382603147628463,0.051017036687210054
100,headroom_after_load,99.9,-0.02590120670613242,-0.02109150015969303,0.025,0.07361108612239119,0.1,0.08,0.0,0.2,2,28.16348154461344,17.29801106481949,32.32869838233268,False,False,0.05384343456493393,0.05136341554244705
100,headroom_after_load,99.95,-0.02688056969295509,-0.021956593327121594,0.025,0.07361108612239119,0.1,0.08,0.0,0.2,2,28.163763542987134,17.298294670816635,32.32899418643723,False,False,0.053860851852093106,0.05147309728285925
100,headroom_after_load,100.0,0.07274158646095366,-0.022256547550417217,0.025,0.07361108612239119,0.1,0.08,0.0,0.2,2,28.164055134583155,17.298582151222494,32.32929403159173,False,False,0.05387828097974028,0.051074007117814915
100,headroom_after_load,100.05000000000001,0.07176371049972133,-0.023167428969325984,0.025,0.07361108612239119,0.1,0.08,0.0,0.2,2,28.164357152036004,17.298881397180015,32.329606148343125,False,False,0.053895719588250575,0.05174930573625342
100,headroom_after_load,100.10000000000001,0.07080291637746582,-0.02376708574269582,0.025,0.07361108612239119,0.1,0.08,0.0,0.2,2,28.164668314286427,17.29918838870419,32.32992634380383,False,False,0.05391316531671554,0.05213607420599049
100,headroom_after_load,100.15,0.06986765599174982,-0.024115007383278042,0.025,0.07361108612239119,0.1,0.08,0.0,0.2,2,28.164985709490413,17.299499874216224,32.33025122654219,False,False,0.05393061580326282,0.05254106964150479
100,headroom_after_load,100.2,0.06896441089816946,-0.0203777108554772,0.025,0.07361108612239119,0.1,0.08,0.0,0.2,2,28.165279208986934,17.299763086314773,32.33052575959121,False,False,0.05394806868537585,0.05217407374799209
100,headroom_after_load,100.25,0.06807348281257267,-0.016033497714270928,0.025,0.07361108612239119,0.1,0.08,0.0,0.2,2,28.165519930705678,17.29997018566025,32.330741766435416,False,False,0.053965521600213784,0.05303952776095656
100,headroom_after_load,100.30000000000001,0.06717620464705518,-0.012455073940400463,0.025,0.07361108612239119,0.1,0.08,0.0,0.2,2,28.165707874646646,17.300131063698647,32.33090956395934,False,False,0.053982972184931345,0.052365122576147505
100,headroom_after_load,100.35000000000001,0.06628123011514778,-0.008398937157173561,0.025,0.07361108612239119,0.1,0.08,0.0,0.2,2,28.165843040809836,17.30023954997026,32.33102271630715,False,False,0.05400041807699867,0.05269169154094904
100,headroom_after_load,100.4,0.06539705986832109,-0.0040207987774203546,0.025,0.07361108612239119,0.1,0.08,0.0,0.2,2,28.165925429195248,17.300291485287804,32.33107688540179,False,False,0.05401785691452127,0.053167808422897776
100,headroom_after_load,100.45,0.06453194441007598,-0.0005748935111163161,0.025,0.07361108612239119,0.1,0.08,0.0,0.2,2,28.16595503980288,17.300298910995657,32.33108463049493,False,False,0.054035286336559664,0.053198954052855886
100,headroom_after_load,100.5,0.06369379041300709,0.004081064311255071,0.025,0.07361108612239119,0.1,0.08,0.0,0.2,2,28.16592936980826,17.300237963201283,32.33102619601166,False,False,0.05405270398344914,0.05391293650122626
100,headroom_after_load,100.55000000000001,0.06289007150428591,0.007810656764185171,0.025,0.07361108612239119,0.1,0.08,0.0,0.2,2,28.165845220281476,17.30012131659489,32.33091435957461,False,False,0.054070107497119116,0.053419076348786974
100,headroom_after_load,100.60000000000001,0.06212774452771089,0.011796142495608133,0.025,0.07361108612239119,0.1,0.08,0.0,0.2,2,28.16570259122253,17.29994514959227,32.33074545719065,False,False,0.05408749452141243,0.05341215117963759
100,headroom_after_load,100.65,0.0614131722218168,0.015551085630818633,0.025,0.07361108612239119,0.1,0.08,0.0,0.2,2,28.16550148263142,17.299712905183206,32.33052278987062,False,False,0.054104862702404284,0.05482282304002218
100,headroom_after_load,100.7,0.06075406881642042,0.019229451978361633,0.025,0.07361108612239119,0.1,0.08,0.0,0.2,2,28.165248609487755,17.299425726987593,32.33024745407482,False,False,0.05412220968872103,0.05454575062841248
100,headroom_after_load,100.75,0.06016767312977804,0.0207006162569547,0.025,0.07361108612239119,0.1,0.08,0.0,0.2,2,28.164958195033304,17.29911657799929,32.329951053498405,False,False,0.054139533131858396,0.0547566157476388
100,headroom_after_load,100.80000000000001,0.05967629534526598,0.022460438709131666,0.025,0.07361108612239119,0.1,0.08,0.0,0.2,2,28.16464275303833,17.29878114731367,32.32962945500601,False,False,0.054156830686499485,0.054666425848271596
100,headroom_after_load,100.85000000000001,0.05929562585016707,0.02312247854666049,0.025,0.07361108612239119,0.1,0.08,0.0,0.2,2,28.164310626016338,17.2984358295337,32.32929837713449,False,False,0.05417410001083229,0.05474727246440476
100,headroom_after_load,100.9,0.05903455372272137,0.02387139378716925,0.025,0.07361108612239119,0.1,0.08,0.0,0.2,2,28.163967375643004,17.298079327236998,32.328956575963424,False,False,0.05419133876686672,0.05562995538942594
100,headroom_after_load,100.95,0.058898410442795125,0.024256378718308873,0.025,0.07361108612239119,0.1,0.08,0.0,0.2,2,28.163616709702108,17.297717075464025,32.328609262407895,False,False,0.05420854462075118,0.05570149590334499
100,headroom_after_load,101.0,0.058889743861328725,0.024097692168480792,0.025,0.07361108612239119,0.1,0.08,0.0,0.2,2,28.163261100049503,17.29735719356187,32.328264220996545,False,False,0.05422571524308847,0.05562396721693903
100,headroom_after_load,101.05000000000001,0.059008847346383154,0.024731262129328094,0.025,0.07361108612239119,0.1,0.08,0.0,0.2,2,28.16290219458909,17.296987849742735,32.327910107850364,False,False,0.054242848309251177,0.056211043544893084
100,headroom_after_load,101.10000000000001,0.059254130335811686,0.02455819386467425,0.025,0.07361108612239119,0.1,0.08,0.0,0.2,2,28.162541091923476,17.2966210905751,32.32755847277212,False,False,0.05425994149969641,0.0563802043995705
100,headroom_after_load,101.15,0.059622387475443496,0.025200769429654466,0.025,0.07361108612239119,0.1,0.08,0.0,0.2,2,28.16217852445439,17.296244734998194,32.327197637012816,False,False,0.05427699250027979,0.05716032575581309
100,headroom_after_load,101.2,0.0601090041836382,0.024873249745901736,0.025,0.07361108612239119,0.1,0.08,0.0,0.2,2,28.16181498044966,17.29587327069494,32.32684149082516,False,False,0.0542939990025688,0.05716298257298786
100,headroom_after_load,101.25,0.060708123545847,0.025535371877501833,0.025,0.07361108612239119,0.1,0.08,0.0,0.2,2,28.161450785421163,17.295491918068336,32.32647586408007,False,False,0.05431095870415524,0.0570643949410907
100,headroom_after_load,101.30000000000001,0.06141279077677633,0.02505444110291982,0.025,0.07361108612239119,0.1,0.08,0.0,0.2,2,28.161086156376825,17.29511774780097,32.32611712351444,False,False,0.054327869308967026,0.057481815141975895
100,headroom_after_load,101.35000000000001,0.06221508567360283,0.025350945659792103,0.025,0.07361108612239119,0.1,0.08,0.0,0.2,2,28.160721237988593,17.294739149448823,32.32575413746547,False,False,0.05434472852757894,0.057451851521912393
100,headroom_after_load,101.4,0.06310624371527679,0.024557335918534214,0.025,0.07361108612239119,0.1,0.08,0.0,0.2,2,28.16035612670443,17.294372403094005,32.32540251467168,False,False,0.054361534077522665,0.05780523492421768
100,headroom_after_load,101.45,0.06407674699134962,0.024741889504798886,0.025,0.07361108612239119,0.1,0.08,0.0,0.2,2,28.15999088682298,17.29400290056257,32.32504824935804,False,False,0.054378283683595756,0.05814529346154796
100,headroom_after_load,101.5,0.06511459943469355,0.02529788312101067,0.025,0.07361108612239119,0.1,0.08,0.0,0.2,2,28.159625561210003,17.29362509466172,32.324686023081966,False,False,0.054394975078169656,0.0579894604689612
100,headroom_after_load,101.55000000000001,0.06620269653624387,0.024897010339797913,0.025,0.07361108612239119,0.1,0.08,0.0,0.2,2,28.15926017844268,17.29325327551089,32.32432953667962,False,False,0.05441160600149676,0.056993576502136954
100,headroom_after_load,101.60000000000001,0.06732325182200162,0.025059628399322943,0.025,0.07361108612239119,0.1,0.08,0.0,0.2,2,28.158894757572455,17.292879027774937,32.32397072184,False,False,0.05442817420201623,0.05723586441309362
100,headroom_after_load,101.65,0.06846260019123245,0.02505344737693393,0.025,0.07361108612239119,0.1,0.08,0.0,0.2,2,28.1585293113003,17.29250487234816,32.323611995502986,False,False,0.05444467743665896,0.056371270140580264
100,headroom_after_load,101.7,0.06960906869924222,0.024882835781620056,0.025,0.07361108612239119,0.1,0.08,0.0,0.2,2,28.15816384809352,17.292133264884278,32.323255712058234,False,False,0.054461113471151144,0.05633521715335574
100,headroom_after_load,101.75,0.07075093859709848,0.024970650760235774,0.025,0.07361108612239119,0.1,0.08,0.0,0.2,2,28.157798373596993,17.291760345966114,32.322898171239785,False,False,0.05447748008031681,0.055903062827399756
100,headroom_after_load,101.80000000000001,0.0718765999293388,0.02515426452372225,0.025,0.07361108612239119,0.1,0.08,0.0,0.2,2,28.15743289157397,17.29138468490692,32.32253800135829,False,False,0.05449377504837907,0.055883434586505076
100,headroom_after_load,101.85000000000001,0.07297472308528535,0.02499216859984515,0.025,0.07361108612239119,0.1,0.08,0.0,0.2,2,28.157067404533276,17.291011444635117,32.3221801524379,False,False,0.0545099961692601,0.05603517063717977
100,headroom_after_load,101.9,0.0740344196935079,0.025113082459184782,0.025,0.07361108612239119,0.1,0.08,0.0,0.2,2,28.156701914147472,17.290636398600782,32.321820572219416,False,False,0.054526141246879774,0.055028024592677846
100,headroom_after_load,101.95,0.0750453772804646,0.025226470711666144,0.025,0.07361108612239119,0.1,0.08,0.0,0.2,2,28.156336421531595,17.2902596591935,32.321459368457795,False,False,0.05454220809545303,0.05501228451715247
100,headroom_after_load,102.0,0.04748466880854353,0.02484056832849776,0.025,0.07361108612239119,0.1,0.08,0.0,0.2,2,28.155970927429003,17.28988868296398,32.32110369021712,False,False,0.05455819453978577,0.05497253287129355
100,headroom_after_load,102.05000000000001,0.048370090746138336,0.02517811829982302,0.025,0.07361108612239119,0.1,0.08,0.0,0.2,2,28.155605432335268,17.289512665665594,32.320743178786714,False,False,0.05457409841556933,0.05535265961308471
100,headroom_after_load,102.10000000000001,0.0491804155189043,0.024873325520249803,0.025,0.07361108612239119,0.1,0.08,0.0,0.2,2,28.15523993658077,17.289141200230702,32.32038703151409,False,False,0.05458991756967351,0.054421339554864334
100,headroom_after_load,102.15,0.04990870728032224,0.02484641005646275,0.025,0.07361108612239119,0.1,0.08,0.0,0.2,2,28.154874440385765,17.28877013675913,32.32003126962897,False,False,0.054605649860438074,0.054176149301525006
100,headroom_after_load,102.2,0.05054908727183701,0.025169792021146484,0.025,0.07361108612239119,0.1,0.08,0.0,0.2,2,28.154508943897085,17.288394243807797,32.3196708774179,False,False,0.05462129315796268,0.053983827649501104
100,headroom_after_load,102.25,0.051096762506745934,0.02508216820935344,0.025,0.07361108612239119,0.1,0.08,0.0,0.2,2,28.154143447212626,17.288019659455806,32.31931173984331,False,False,0.05463684534439526,0.05394770542220047
100,headroom_after_load,102.30000000000001,0.05154791953124469,0.025388506423014018,0.025,0.07361108612239119,0.1,0.08,0.0,0.2,2,28.153777950397643,17.28764050016036,32.31894821598273,False,False,0.05465230431421871,0.053241836539398006
100,headroom_after_load,102.35000000000001,0.05189960966950634,0.0249336389483181,0.025,0.07361108612239119,0.1,0.08,0.0,0.2,2,28.153412453495648,17.287268133987297,32.31859120511577,False,False,0.054667667974536,0.053094405239798755
100,headroom_after_load,102.4,0.05214974920015489,0.02509898855811672,0.025,0.07361108612239119,0.1,0.08,0.0,0.2,2,28.153046956535643,17.286893298435352,32.31823182669999,False,False,0.054682934245353434,0.05304946340442748
100,headroom_after_load,102.45,0.05229714045671188,0.02489797579662636,0.025,0.07361108612239119,0.1,0.08,0.0,0.2,2,28.152681459536964,17.28652146486611,32.31787532647381,False,False,0.054698101059862336,0.0526100541425826
100,headroom_after_load,102.5,0.05234148255947334,0.024897852294401713,0.025,0.07361108612239119,0.1,0.08,0.0,0.2,2,28.152315962512503,17.28614963314128,32.317518828015984,False,False,0.05471316636471879,0.05269440306711447
100,headroom_after_load,102.55000000000001,0.052283371573089786,0.02474701592576913,0.025,0.07361108612239119,0.1,0.08,0.0,0.2,2,28.151950465470854,17.285780054050395,32.31716448929998,False,False,0.05472812812032169,0.05247085639038711
100,headroom_after_load,102.60000000000001,0.05212428801433504,0.024926778983293922,0.025,0.07361108612239119,0.1,0.08,0.0,0.2,2,28.151584968417747,17.285407790326033,32.316807576657034,False,False,0.05474298430108882,0.05255073454514131
100,headroom_after_load,102.65,0.051866571611937654,0.024784903251144016,0.025,0.07361108612239119,0.1,0.08,0.0,0.2,2,28.151219471357003,17.285037645414874,32.316452695453556,False,False,0.05475773289573111,0.05279133046451763
100,headroom_after_load,102.7,0.051513385006152934,0.025180570831989515,0.025,0.07361108612239119,0.1,0.08,0.0,0.2,2,28.150853974291163,17.284661591489666,32.316092148906705,False,False,0.054772371907524944,0.052819445803682
100,headroom_after_load,102.75,0.05106866729550706,0.02493459295485543,0.025,0.07361108612239119,0.1,0.08,0.0,0.2,2,28.15048847722193,17.284289211069193,32.31573512437986,False,False,0.05478689935458246,0.05182443350086388
100,headroom_after_load,102.80000000000001,0.050537077866132,0.02501507763887009,0.025,0.07361108612239119,0.1,0.08,0.0,0.2,2,28.150122980150435,17.28391562866718,32.31537694743773,False,False,0.05480131327011987,0.05233083658223523
100,headroom_after_load,102.85000000000001,0.04992393117155613,0.025093774846441316,0.025,0.07361108612239119,0.1,0.08,0.0,0.2,2,28.14975748307743,17.283540870978314,32.315017643674175,False,False,0.054815611702723734,0.05225592035585394
100,headroom_after_load,102.9,0.04923512331056446,0.025014514734663918,0.025,0.07361108612239119,0.1,0.08,0.0,0.2,2,28.14939198600342,17.283167296982874,32.314659474791945,False,False,0.05482979271661517,0.05212257734270871
100,headroom_after_load,102.95,0.04847705140765454,0.02547068500324075,0.025,0.07361108612239119,0.1,0.08,0.0,0.2,2,28.149026488928737,17.282786910408753,32.314294774262116,False,False,0.0548438543919119,0.051787382912263334
100,headroom_after_load,103.0,0.047656526934157874,0.024953265404697906,0.025,0.07361108612239119,0.1,0.08,0.0,0.2,2,28.148660991853607,17.282414251128515,32.313937482374875,False,False,0.05485779482488818,0.052161241523382966
100,headroom_after_load,103.05000000000001,0.04678068421771893,0.025022484703509897,0.025,0.07361108612239119,0.1,0.08,0.0,0.2,2,28.14829549477818,17.282040558107255,32.31357919937511,False,False,0.05487161212823254,0.051913957002345495
100,headroom_after_load,103.10000000000001,0.04585688604729726,0.02493454768955985,0.025,0.07361108612239119,0.1,0.08,0.0,0.2,2,28.14792999770255,17.281668178362786,32.3132221754964,False,False,0.054885304431303274,0.05252181760686748
100,headroom_after_load,103.15,0.04489263331105907,0.024825359764921645,0.025,0.07361108612239119,0.1,0.08,0.0,0.2,2,28.147564500626792,17.281297429262352,32.312866715018664,False,False,0.05489886988038174,0.052280390211483285
100,headroom_after_load,103.2,0.04389547872886799,0.02521508655384232,0.025,0.07361108612239119,0.1,0.08,0.0,0.2,2,28.147199003550945,17.280920859869372,32.31250567426045,False,False,0.05491230663892328,0.052422084639124
100,headroom_after_load,103.25,0.042872941277457485,0.02545229318830392,0.025,0.07361108612239119,0.1,0.08,0.0,0.2,2,28.14683350647504,17.280540747963933,32.31214123707276,False,False,0.054925612887805876,0.05210746578108435
100,headroom_after_load,103.30000000000001,0.04183242136246837,0.024851557676549722,0.025,0.07361108612239119,0.1,0.08,0.0,0.2,2,28.146468009399097,17.280169607616315,32.31178540148174,False,False,0.05493878682557643,0.05274447042609848
100,headroom_after_load,103.35000000000001,0.040781117799179104,0.025214865472940485,0.025,0.07361108612239119,0.1,0.08,0.0,0.2,2,28.146102512323125,17.27979304152502,32.31142436388906,False,False,0.054951826668694644,0.053133974344193556
100,headroom_after_load,103.4,0.03972594755251396,0.02518049166084831,0.025,0.07361108612239119,0.1,0.08,0.0,0.2,2,28.145737015247136,17.279416988782177,32.311063818475816,False,False,0.0549647306517745,0.05335743046556081
100,headroom_after_load,103.45,0.038673469149986386,0.024653411426064784,0.025,0.07361108612239119,0.1,0.08,0.0,0.2,2,28.145371518171135,17.279048807607953,32.31071082003042,False,False,0.054977497027823244,0.05333492452226577
100,headroom_after_load,103.5,0.037629810633936375,0.024943221434084124,0.025,0.07361108612239119,0.1,0.08,0.0,0.2,2,28.145006021095128,17.278676298327277,32.310353671957195,False,False,0.054990124068477926,0.05353565585858367
100,headroom_after_load,103.55000000000001,0.03660060286235257,0.02528059079261636,0.025,0.07361108612239119,0.1,0.08,0.0,0.2,2,28.144640524019113,17.278298750675056,32.309991693280324,False,False,0.05500261006423938,0.05390025077098698
100,headroom_after_load,103.60000000000001,0.03559091890144413,0.024716325177437284,0.025,0.07361108612239119,0.1,0.08,0.0,0.2,2,28.144275026943095,17.27792962992868,32.309637794008026,False,False,0.05501495332470362,0.05423594883144989
100,headroom_after_load,103.65,0.034607105491517805,0.024836637750562267,0.025,0.07361108612239119,0.1,0.08,0.0,0.2,2,28.143909529867077,17.277558712399546,32.309282172047105,False,False,0.055027152178790784,0.054862712186853374
100,headroom_after_load,103.7,0.03366137712784264,0.024783155846450657,0.025,0.07361108612239119,0.1,0.08,0.0,0.2,2,28.143544032791056,17.277188593584636,32.308927315863734,False,False,0.05503920497497129,0.05446965189736111
100,headroom_after_load,103.75,0.032762658510914894,0.025535488372920852,0.025,0.07361108612239119,0.1,0.08,0.0,0.2,2,28.143178535715034,17.276807239218254,32.308561687450606,False,False,0.05505111008148949,0.05416968543037809
100,headroom_after_load,103.80000000000001,0.031913695110633966,0.025005866777108796,0.025,0.07361108612239119,0.1,0.08,0.0,0.2,2,28.142813038639012,17.27643379437391,32.30820364239366,False,False,0.05506286588658452,0.05519022978547213
100,headroom_after_load,103.85000000000001,0.031115897277327224,0.024557375607132028,0.025,0.07361108612239119,0.1,0.08,0.0,0.2,2,28.14244754156299,17.276067047426373,32.307852019031586,False,False,0.055074470798708544,0.05537698244279809
100,headroom_after_load,103.9,0.030369978928884343,0.025112666245704008,0.025,0.07361108612239119,0.1,0.08,0.0,0.2,2,28.14208204448697,17.27569200760789,32.30749244477263,False,False,0.05508592324674224,0.05489517443144096
100,headroom_after_load,103.95,0.02967600959536338,0.02492623887534645,0.025,0.07361108612239119,0.1,0.08,0.0,0.2,2,28.141716547410947,17.275319751949656,32.30713553986319,False,False,0.05509722168020746,0.05434127678709908
100,headroom_after_load,104.0,-0.009478126778050482,0.025031590285181343,0.025,0.07361108612239119,0.1,0.08,0.0,0.2,2,28.141351050334926,17.274945922943008,32.306777126485684,False,False,0.05510836456947719,0.05530089084443874
100,headroom_after_load,104.05000000000001,-0.010070358470058957,0.024998645366969514,0.025,0.07361108612239119,0.1,0.08,0.0,0.2,2,28.140985553258904,17.274572585945293,32.30641918482808,False,False,0.055119350405982565,0.05555710173017602
100,headroom_after_load,104.10000000000001,-0.010613869958084679,0.024654599393917093,0.025,0.07361108612239119,0.1,0.08,0.0,0.2,2,28.140620056182883,17.274204387029613,32.30606616937284,False,False,0.055130177702417196,0.05593831502431812
100,headroom_after_load,104.15,-0.011110679741988441,0.024508498576787784,0.025,0.07361108612239119,0.1,0.08,0.0,0.2,2,28.14025455910686,17.27383837002578,32.3057152458537,False,False,0.05514084499293846,0.05622075503129928
100,headroom_after_load,104.2,-0.01156315704178934,0.02086242500375269,0.025,0.07361108612239119,0.1,0.08,0.0,0.2,2,28.139918301796918,17.273526804538864,32.3054165284281,False,False,0.05515135083336599,0.05569099316730637
100,headroom_after_load,104.25,-0.011949045633738924,0.016876195347395023,0.025,0.07361108612239119,0.1,0.08,0.0,0.2,2,28.13964052401914,17.273274770558167,32.30517488760125,False,False,0.05516169380137714,0.05615538027644933
100,headroom_after_load,104.30000000000001,-0.01224649339023451,0.01305277766925394,0.025,0.07361108612239119,0.1,0.08,0.0,0.2,2,28.139421225773525,17.273079836602534,32.30498799215925,False,False,0.05517187249669963,0.05686706574599394
100,headroom_after_load,104.35000000000001,-0.012458957480105136,0.008733436880900726,0.025,0.07361108612239119,0.1,0.08,0.0,0.2,2,28.139260407060075,17.272949408931076,32.30486294294847,False,False,0.05518188554130104,0.0562740709080785
100,headroom_after_load,104.4,-0.01259010519247929,0.005298847916010346,0.025,0.07361108612239119,0.1,0.08,0.0,0.2,2,28.13915806787879,17.272870274404255,32.3047870717011,False,False,0.0551917315795754,0.05627706269789637
100,headroom_after_load,104.45,-0.012643774396428642,0.0011365219631310907,0.025,0.07361108612239119,0.1,0.08,0.0,0.2,2,28.139114208229667,17.272853301256657,32.304770798477115,False,False,0.05520140927852676,0.055924718452950994
100,headroom_after_load,104.5,-0.012623932215763287,-0.0030481265415806284,0.025,0.07361108612239119,0.1,0.08,0.0,0.2,2,28.139127402674113,17.272892672891153,32.30481186351525,False,False,0.05521091732794959,0.05660541509081245
100,headroom_after_load,104.55000000000001,-0.012534632406411774,-0.006535889784568673,0.025,0.07361108612239119,0.1,0.08,0.0,0.2,2,28.13918778695561,17.272977094800872,32.304899916474845,False,False,0.0552202544406062,0.056498148943144054
100,headroom_after_load,104.60000000000001,-0.012385247723660196,-0.008237588735824464,0.025,0.07361108612239119,0.1,0.08,0.0,0.2,2,28.139283127887577,17.27308349698871,32.30501089510087,False,False,0.055229419352401,0.056744241553628144
100,headroom_after_load,104.65,-0.012191369264506407,-0.009458916706159969,0.025,0.07361108612239119,0.1,0.08,0.0,0.2,2,28.13940217967928,17.273205674662833,32.30513832772872,False,False,0.05523841082255163,0.05663376453871695
100,headroom_after_load,104.7,-0.011967462952285587,-0.010542572301713184,0.025,0.07361108612239119,0.1,0.08,0.0,0.2,2,28.13953711309894,17.273341849555063,32.30528035960556,False,False,0.05524722763375699,0.057035607971700014
100,headroom_after_load,104.75,-0.011724482424867441,-0.01161334280631195,0.025,0.07361108612239119,0.1,0.08,0.0,0.2,2,28.139682394259246,17.27349185523298,32.30543681714059,False,False,0.055255868592361944,0.05638477025186759
100,headroom_after_load,104.80000000000001,-0.011470866515889423,-0.011444499972394382,0.025,0.07361108612239119,0.1,0.08,0.0,0.2,2,28.13983404902844,17.27363968002429,32.30559099998744,False,False,0.05526433252851905,0.05679888724687132
100,headroom_after_load,104.85000000000001,-0.011213183329691977,-0.011882923570771796,0.025,0.07361108612239119,0.1,0.08,0.0,0.2,2,28.13998919800915,17.273793167787076,32.30575108937443,False,False,0.055272618296346804,0.0560903611370251
100,headroom_after_load,104.9,-0.01095652815094533,-0.011986978983376017,0.025,0.07361108612239119,0.1,0.08,0.0,0.2,2,28.140145757724543,17.273947999598946,32.30591258061907,False,False,0.055280724774084904,0.056495217419649205
100,headroom_after_load,104.95,-0.010704773064462964,-0.011897515021571973,0.025,0.07361108612239119,0.1,0.08,0.0,0.2,2,28.14030223121098,17.27410167583464,32.30607286658533,False,False,0.055288650864246024,0.057058077949156606
100,headroom_after_load,105.0,-0.010460740397715537,-0.011673833147288851,0.025,0.07361108612239119,0.1,0.08,0.0,0.2,2,28.140457555159102,17.274252462846125,32.30623013905968,False,False,0.05529639549376442,0.0560421559076166
100,headroom_after_load,105.05000000000001,-0.010226330608805498,-0.011426841746841419,0.025,0.07361108612239119,0.1,0.08,0.0,0.2,2,28.14061098836376,17.274400059552022,32.30638408401099,False,False,0.055303957614141246,0.05576080471281124
100,headroom_after_load,105.10000000000001,-0.01000261865103385,-0.011126719287302956,0.025,0.07361108612239119,0.1,0.08,0.0,0.2,2,28.140762030004613,17.27454377967615,32.306533985645835,False,False,0.055311336201586445,0.055516062242365966
100,headroom_after_load,105.15,-0.009789929346427173,-0.011195088496818837,0.025,0.07361108612239119,0.1,0.08,0.0,0.2,2,28.14091035923776,17.274688382902568,32.30668480836586,False,False,0.05531853025715738,0.055581789571251226
100,headroom_after_load,105.2,-0.00958789952260278,-0.010944124239205119,0.025,0.07361108612239119,0.1,0.08,0.0,0.2,2,28.14105578992511,17.274829744507326,32.30683225003963,False,False,0.05532553880689411,0.05574549190121077
100,headroom_after_load,105.25,-0.00939553244162051,-0.010711218371456124,0.025,0.07361108612239119,0.1,0.08,0.0,0.2,2,28.1411982361182,17.274968097744622,32.3069765539538,False,False,0.055332360901951164,0.055576486871768735
100,headroom_after_load,105.30000000000001,-0.009211248332145892,-0.010582007839663584,0.025,0.07361108612239119,0.1,0.08,0.0,0.2,2,28.14133768520479,17.27510478201255,32.30711911711498,False,False,0.05533899561872609,0.05558110819362968
100,headroom_after_load,105.35000000000001,-0.009032933579739144,-0.009945393540257124,0.025,0.07361108612239119,0.1,0.08,0.0,0.2,2,28.141474176541674,17.27523324334578,32.30725310366684,False,False,0.055345442058984444,0.054903246835304134
100,headroom_after_load,105.4,-0.008857990223892163,-0.009754498490146446,0.025,0.07361108612239119,0.1,0.08,0.0,0.2,2,28.14160778404734,17.27535923895128,32.30738451843816,False,False,0.0553516993499814,0.055856784251481
100,headroom_after_load,105.45,-0.008683386752477859,-0.010167600443700325,0.025,0.07361108612239119,0.1,0.08,0.0,0.2,2,28.141738601690857,17.27549057045701,32.307521498610804,False,False,0.05535776664457993,0.055206774968924614
100,headroom_after_load,105.5,-0.008505710704168917,-0.00945548115335765,0.025,0.07361108612239119,0.1,0.08,0.0,0.2,2,28.141866731142404,17.27561270375524,32.30764888495412,False,False,0.05536364312136545,0.055710172116433705
100,headroom_after_load,105.55000000000001,-0.008321223238247931,-0.009610094351506247,0.025,0.07361108612239119,0.1,0.08,0.0,0.2,2,28.141992271084213,17.275736834140613,32.3077783542808,False,False,0.055369327984757084,0.0553889596006451
100,headroom_after_load,105.60000000000001,-0.008125915574657428,-0.009135855095986344,0.025,0.07361108612239119,0.1,0.08,0.0,0.2,2,28.14211530784545,17.275854838935604,32.30790143455084,False,False,0.05537482046511533,0.05477355357605466
100,headroom_after_load,105.65,-0.007915567020637441,-0.008891056903065226,0.025,0.07361108612239119,0.1,0.08,0.0,0.2,2,28.142235907140275,17.275969681753935,32.30802121684523,False,False,0.05538011981884627,0.05532746312680732
100,headroom_after_load,105.7,-0.007685814263884571,-0.008900948174313953,0.025,0.07361108612239119,0.1,0.08,0.0,0.2,2,28.14235410676873,17.27608465233452,32.308141132397026,False,False,0.05538522532850223,0.05531798825129683
100,headroom_after_load,105.75,-0.007432268210822128,-0.008262789136239426,0.025,0.07361108612239119,0.1,0.08,0.0,0.2,2,28.142469910195214,17.27619138002753,32.30825245052844,False,False,0.05539013630287893,0.055886581587820686
100,headroom_after_load,105.80000000000001,-0.007150661624834499,-0.008490163381662516,0.025,0.07361108612239119,0.1,0.08,0.0,0.2,2,28.142583280956092,17.276301044637876,32.30836683189622,False,False,0.05539485207710906,0.05619264619790493
100,headroom_after_load,105.85000000000001,-0.006836975308148434,-0.008316018948237356,0.025,0.07361108612239119,0.1,0.08,0.0,0.2,2,28.14269413787183,17.276408459882624,32.3084788671515,False,False,0.05539937201275227,0.056129989852117416
100,headroom_after_load,105.9,-0.00648753761818162,-0.008014981193593548,0.025,0.07361108612239119,0.1,0.08,0.0,0.2,2,28.14280235107542,17.27651198672304,32.30858684675925,False,False,0.05540369549788163,0.05691227991989489
100,headroom_after_load,105.95,-0.006099103686840307,-0.007669156116187331,0.025,0.07361108612239119,0.1,0.08,0.0,0.2,2,28.14290773899437,17.276611046656207,32.3086901673347,False,False,0.05540782194716646,0.05615018752161313
100,headroom_after_load,106.0,0.0005266333080554755,-0.007638498138308596,0.025,0.07361108612239119,0.1,0.08,0.0,0.2,2,28.14301006654993,17.27670971059049,32.30879307487907,False,False,0.055411750801951584,0.056059223120107256
100,headroom_after_load,106.05000000000001,0.0010007875396283914,-0.007360565344320118,0.025,0.07361108612239119,0.1,0.08,0.0,0.2,2,28.14310904477004,17.276804784559523,32.30889223805107,False,False,0.055415481530332954,0.05635424156806475
100,headroom_after_load,106.10000000000001,0.0015205541353100448,-0.0070673484251310885,0.025,0.07361108612239119,0.1,0.08,0.0,0.2,2,28.143204331841037,17.276896071143348,32.308987450939576,False,False,0.05541901362722967,0.05685551655466962
100,headroom_after_load,106.15,0.0020869794565709053,-0.0065548178824342065,0.025,0.07361108612239119,0.1,0.08,0.0,0.2,2,28.14329553551161,17.276980737540995,32.309075758902715,False,False,0.05542234661445234,0.056551750979939294
100,headroom_after_load,106.2,0.0027005000024279574,-0.004277789485031434,0.025,0.07361108612239119,0.1,0.08,0.0,0.2,2,28.143368592233795,17.277035992321842,32.30913339023328,False,False,0.05542548004076786,0.05615556175876702
100,headroom_after_load,106.25,0.003348043370603199,-0.002364672501688131,0.025,0.07361108612239119,0.1,0.08,0.0,0.2,2,28.14341393780367,17.277066536008324,32.3091652476267,False,False,0.05542841348196046,0.056214331461227986
100,headroom_after_load,106.30000000000001,0.004020182536582951,-0.0013949385218592002,0.025,0.07361108612239119,0.1,0.08,0.0,0.2,2,28.143438623566475,17.27708455396423,32.30918404054845,False,False,0.05543114654088917,0.056413394490378896
100,headroom_after_load,106.35000000000001,0.004722479049354288,-0.00014476122712085335,0.025,0.07361108612239119,0.1,0.08,0.0,0.2,2,28.143447147508084,17.277086423796746,32.309185990803876,False,False,0.05543367884754154,0.056922018984702984
100,headroom_after_load,106.4,0.005457259650662795,0.0009096287109718983,0.025,0.07361108612239119,0.1,0.08,0.0,0.2,2,28.143441778650224,17.277072839138576,32.3091729663378,False,False,0.055436010059083794,0.056838893713900177
100,headroom_after_load,106.45,0.006221607100184053,0.0017678770746529296,0.025,0.07361108612239119,0.1,0.08,0.0,0.2,2,28.143423461245536,17.2770464371512,32.30914765309217,False,False,0.05543813985990722,0.05641946925935548
100,headroom_after_load,106.5,0.007007212750221344,0.0023590415370403307,0.025,0.07361108612239119,0.1,0.08,0.0,0.2,2,28.14339329587558,17.27701120654282,32.30911387529238,False,False,0.05544006796167086,0.0566149878550833
100,headroom_after_load,106.55000000000001,0.0078051333928946445,0.0033527240968312644,0.025,0.07361108612239119,0.1,0.08,0.0,0.2,2,28.143351882847302,17.276961135991794,32.30906586950635,False,False,0.05544179410334061,0.056428123927002825
100,headroom_after_load,106.60000000000001,0.008609380992814095,0.004011815182185267,0.025,0.07361108612239119,0.1,0.08,0.0,0.2,2,28.143299469730252,17.276901222383934,32.309008426562734,False,False,0.05544331805122451,0.05632278050584332
100,headroom_after_load,106.65,0.009414956733154116,0.004633836964922041,0.025,0.07361108612239119,0.1,0.08,0.0,0.2,2,28.14323607037456,17.276832019322928,32.3089420772362,False,False,0.055444639599004426,0.05640944075704613
100,headroom_after_load,106.7,0.010216199441008138,0.005294344183959069,0.025,0.07361108612239119,0.1,0.08,0.0,0.2,2,28.143161570170935,17.276752952056142,32.308866270475264,False,False,0.05544575856776393,0.05647187149990377
100,headroom_after_load,106.75,0.011006946643280564,0.006377417242321355,0.025,0.07361108612239119,0.1,0.08,0.0,0.2,2,28.143075810907156,17.276657709863155,32.30877495579539,False,False,0.05544667480601257,0.05595708764234813
100,headroom_after_load,106.80000000000001,0.011780682617343736,0.007198475658994715,0.025,0.07361108612239119,0.1,0.08,0.0,0.2,2,28.142978641684554,17.276550205746386,32.30867188483808,False,False,0.055447388189706355,0.055921363834890984
100,headroom_after_load,106.85000000000001,0.012530660610808498,0.008278717186243591,0.025,0.07361108612239119,0.1,0.08,0.0,0.2,2,28.142869943251245,17.276426568990317,32.308553346504944,False,False,0.05544789862226454,0.055686240281710146
100,headroom_after_load,106.9,0.013250008470243454,0.008722982474132735,0.025,0.07361108612239119,0.1,0.08,0.0,0.2,2,28.142749643427837,17.276296297447992,32.30842844698498,False,False,0.055448206034582746,0.055614084939545325
100,headroom_after_load,106.95,0.01393185139900477,0.009252007786787964,0.025,0.07361108612239119,0.1,0.08,0.0,0.2,2,28.142617730226647,17.276158125288692,32.30829597264668,False,False,0.055448310385042256,0.05499295193445185
100,headroom_after_load,107.0,0.01456946856649832,0.010433519842168695,0.025,0.07361108612239119,0.1,0.08,0.0,0.2,2,28.14247426268009,17.27600230808675,32.30814658089636,False,False,0.05544821165951569,0.05539461824727937
100,headroom_after_load,107.05000000000001,0.015156454190114806,0.010886520352723665,0.025,0.07361108612239119,0.1,0.08,0.0,0.2,2,28.14231937948329,17.275839725644204,32.30799070288444,False,False,0.055447909871368904,0.05419952521253488
100,headroom_after_load,107.10000000000001,0.01568685457619056,0.011757959545737447,0.025,0.07361108612239119,0.1,0.08,0.0,0.2,2,28.142153305624312,17.275664128876794,32.30782234722084,False,False,0.05544740506145918,0.05482540275266068
100,headroom_after_load,107.15,0.016155280704266473,0.012435893132960157,0.025,0.07361108612239119,0.1,0.08,0.0,0.2,2,28.141976357116306,17.275478407653186,32.30764428460439,False,False,0.055446697298129705,0.05447379962731371
100,headroom_after_load,107.2,0.01655700076420439,0.013025708350013737,0.025,0.07361108612239119,0.1,0.08,0.0,0.2,2,28.141788943783567,17.275283877958593,32.30745777675288,False,False,0.05544578667720029,0.053995281032844594
100,headroom_after_load,107.25,0.01688801515908034,0.013898576336303618,0.025,0.07361108612239119,0.1,0.08,0.0,0.2,2,28.141591569976075,17.275076312601122,32.30725877079159,False,False,0.05544467332195445,0.054059583914684156
100,headroom_after_load,107.30000000000001,0.017145115334326236,0.014382837533491035,0.025,0.07361108612239119,0.1,0.08,0.0,0.2,2,28.141384833176623,17.274861515146917,32.307052830964366,False,False,0.05544335738312266,0.05445459870009219
100,headroom_after_load,107.35000000000001,0.017325927324794176,0.01510862958878611,0.025,0.07361108612239119,0.1,0.08,0.0,0.2,2,28.141169420594725,17.274635878504313,32.306836498925584,False,False,0.055441839038861955,0.05380644399577997
100,headroom_after_load,107.4,0.017428940770902936,0.01561104408011913,0.025,0.07361108612239119,0.1,0.08,0.0,0.2,2,28.140946103918616,17.274402738658434,32.30661297309397,False,False,0.05544011849473186,0.05398288364969533
100,headroom_after_load,107.45,0.017453524644629508,0.015832467374803108,0.025,0.07361108612239119,0.1,0.08,0.0,0.2,2,28.140715732431026,17.274166292013053,32.30638627682572,False,False,0.05543819598366651,0.05386966740463517
100,headroom_after_load,107.5,0.017399938480674754,0.01641461567775617,0.025,0.07361108612239119,0.1,0.08,0.0,0.2,2,28.140479224708077,17.2739211513966,32.306151245100665,False,False,0.055436071765943125,0.05346408410447495
100,headroom_after_load,107.55000000000001,0.017269337940703133,0.01669800209955877,0.025,0.07361108612239119,0.1,0.08,0.0,0.2,2,28.140237559124117,17.273671778605387,32.305912155723526,False,False,0.05543374612914677,0.053576051160989326
100,headroom_after_load,107.60000000000001,0.01706376722113459,0.01697857624144029,0.025,0.07361108612239119,0.1,0.08,0.0,0.2,2,28.139991763383698,17.273418215638817,32.30566904896176,False,False,0.055431219388131454,0.0539747108420512
100,headroom_after_load,107.65,0.016786135944099653,0.017063175904671483,0.025,0.07361108612239119,0.1,0.08,0.0,0.2,2,28.139742903295993,17.273163389236416,32.305424730864615,False,False,0.055428491884977456,0.05368566687649673
100,headroom_after_load,107.7,0.01644018143963149,0.016903994705899112,0.025,0.07361108612239119,0.1,0.08,0.0,0.2,2,28.139492070978445,17.272910940092064,32.305182691994254,False,False,0.05542556398894505,0.05321659462958387
100,headroom_after_load,107.75,0.016030417294429777,0.0172157253010794,0.025,0.07361108612239119,0.1,0.08,0.0,0.2,2,28.139240372639016,17.272653835472873,32.3049361896274,False,False,0.055422436096424485,0.05295652261690335
100,headroom_after_load,107.80000000000001,0.015562069156437918,0.016959947696409926,0.025,0.07361108612239119,0.1,0.08,0.0,0.2,2,28.13898891608241,17.272400550710383,32.30469334959738,False,False,0.055419108630882334,0.05335308339366571
100,headroom_after_load,107.85000000000001,0.015040998950797068,0.017302877405848193,0.025,0.07361108612239119,0.1,0.08,0.0,0.2,2,28.138738798107138,17.27214214453646,32.304445599348156,False,False,0.055415582042804175,0.05344630459344527
100,headroom_after_load,107.9,0.014473618864697979,0.016709404864445873,0.025,0.07361108612239119,0.1,0.08,0.0,0.2,2,28.13849109197795,17.27189260145306,32.304206346701186,False,False,0.05541185680963358,0.053392955927435336
100,headroom_after_load,107.95,0.013866796639451031,0.01645904023894188,0.025,0.07361108612239119,0.1,0.08,0.0,0.2,2,28.138246835165866,17.271646797387366,32.30397067888562,False,False,0.05540793343570749,0.05423826411259412
100,headroom_after_load,108.0,0.07405709362109861,0.016163615698857315,0.025,0.07361108612239119,0.1,0.08,0.0,0.2,2,28.13800701754833,17.271405405277168,32.30373924108925,False,False,0.05540381245218792,0.05300652385984889
100,headroom_after_load,108.05000000000001,0.07339329874704174,0.015976569805060115,0.025,0.07361108612239119,0.1,0.08,0.0,0.2,2,28.137772570257233,17.271166806564427,32.303510481498684,False,False,0.05539949441699008,0.05398452628742239
100,headroom_after_load,108.10000000000001,0.07271236348577945,0.01573124713941734,0.025,0.07361108612239119,0.1,0.08,0.0,0.2,2,28.137544355353093,17.270931871571307,32.303285234546514,False,False,0.05539497991470682,0.053879908239828765
100,headroom_after_load,108.15,0.07202194785523611,0.014830305275130023,0.025,0.07361108612239119,0.1,0.08,0.0,0.2,2,28.137323156490332,17.270710391504473,32.30307288767831,False,False,0.05539026955652948,0.05433723494974647
100,headroom_after_load,108.2,0.07132966695666383,0.01801884794057851,0.025,0.07361108612239119,0.1,0.08,0.0,0.2,2,28.137080985911652,17.270441292819577,32.3028148858464,False,False,0.05538536398016515,0.05402779440373261
100,headroom_after_load,108.25,0.07061858040628755,0.020416043805732975,0.025,0.07361108612239119,0.1,0.08,0.0,0.2,2,28.136797706500523,17.270136393718534,32.30252255990417,False,False,0.05538026384975035,0.053750616078448055
100,headroom_after_load,108.30000000000001,0.0698787017283105,0.021686517832321374,0.025,0.07361108612239119,0.1,0.08,0.0,0.2,2,28.136487021201095,17.26981252099105,32.30221204275308,False,False,0.0553749698557611,0.054338077194808695
100,headroom_after_load,108.35000000000001,0.06912924942010872,0.023256245289398642,0.025,0.07361108612239119,0.1,0.08,0.0,0.2,2,28.13615806530947,17.26946520549987,32.301879049550195,False,False,0.055369482714919434,0.05448179902071831
100,headroom_after_load,108.4,0.06838564178336823,0.02353304486337994,0.025,0.07361108612239119,0.1,0.08,0.0,0.2,2,28.135816929023044,17.269113756203822,32.30154209300862,False,False,0.055363803170096385,0.05455784954972932
100,headroom_after_load,108.45,0.0676606777939291,0.02433860547732223,0.025,0.07361108612239119,0.1,0.08,0.0,0.2,2,28.135467672473418,17.268750276432655,32.301193602093996,False,False,0.05535793199021142,0.0547864269138524
100,headroom_after_load,108.5,0.0669652976873929,0.024542695425596648,0.025,0.07361108612239119,0.1,0.08,0.0,0.2,2,28.135113002414993,17.268383748723192,32.30084218892925,False,False,0.0553518699701283,0.054464505986504305
100,headroom_after_load,108.55000000000001,0.06630906262833348,0.024639815064668683,0.025,0.07361108612239119,0.1,0.08,0.0,0.2,2,28.134754723350703,17.26801577060096,32.30048938516258,False,False,0.05534561793054751,0.054267823904751766
100,headroom_after_load,108.60000000000001,0.06570044114735381,0.02472744123991604,0.025,0.07361108612239119,0.1,0.08,0.0,0.2,2,28.1343940382825,17.267646483844093,32.30013532672558,False,False,0.05533917671789513,0.05547884083445543
100,headroom_after_load,108.65,0.0651469369039115,0.02467247155388735,0.025,0.07361108612239119,0.1,0.08,0.0,0.2,2,28.134031749211694,17.26727801802041,32.29978205536885,False,False,0.05533254720420824,0.05544606579205029
100,headroom_after_load,108.7,0.06465510448617685,0.024841419141304232,0.025,0.07361108612239119,0.1,0.08,0.0,0.2,2,28.133668390805813,17.266907029084607,32.299426364945866,False,False,0.055325730287016886,0.055251334670548775
100,headroom_after_load,108.75,0.06423052440257786,0.024920685849234358,0.025,0.07361108612239119,0.1,0.08,0.0,0.2,2,28.133304319509886,17.26653485635687,32.299069539547105,False,False,0.05531872688922252,0.055887275479657064
100,headroom_after_load,108.80000000000001,0.06387777204135489,0.024830108758951492,0.025,0.07361108612239119,0.1,0.08,0.0,0.2,2,28.132939772953925,17.26616403633359,32.298714011071176,False,False,0.0553115379589731,0.056249338778737716
100,headroom_after_load,108.85000000000001,0.06360038937295125,0.024934325307428794,0.025,0.07361108612239119,0.1,0.08,0.0,0.2,2,28.132574909557945,17.26579165991024,32.298356990376625,False,False,0.055304164469534706,0.05669667664091406
100,headroom_after_load,108.9,0.0634008630434765,0.02551559280669851,0.025,0.07361108612239119,0.1,0.08,0.0,0.2,2,28.132209834935285,17.265410602669995,32.29799164683701,False,False,0.055296607419159774,0.056972346849228105
100,headroom_after_load,108.95,0.06328061145370334,0.025099052991489807,0.025,0.07361108612239119,0.1,0.08,0.0,0.2,2,28.131844619494835,17.265035766155783,32.29763226749865,False,False,0.055288867830951965,0.05659380154594162
100,headroom_after_load,109.0,0.06324164612893104,0.025040475857050336,0.025,0.07361108612239119,0.1,0.08,0.0,0.2,2,28.131479310175862,17.264661804449435,32.29727372689359,False,False,0.05528094675272762,0.05660774613703267
100,headroom_after_load,109.05000000000001,0.06328648458974524,0.025266258834821205,0.025,0.07361108612239119,0.1,0.08,0.0,0.2,2,28.131113938271206,17.264284470834816,32.29691195342803,False,False,0.05527284525687393,0.05717418334111606
100,headroom_after_load,109.10000000000001,0.06341576998682662,0.02515668129029135,0.025,0.07361108612239119,0.1,0.08,0.0,0.2,2,28.130748524642758,17.26390877368293,32.2965517489422,False,False,0.05526456444020376,0.05728531364655894
100,headroom_after_load,109.15,0.06362817710316877,0.025072912034710657,0.025,0.07361108612239119,0.1,0.08,0.0,0.2,2,28.130383083198453,17.263534327565328,32.296192743901614,False,False,0.05525610542380712,0.05715512645472003
100,headroom_after_load,109.2,0.06392051569435764,0.025180230817879797,0.025,0.07361108612239119,0.1,0.08,0.0,0.2,2,28.130017623210243,17.263158278717988,32.29583220222324,False,False,0.05524746935289944,0.0574573816415308
100,headroom_after_load,109.25,0.06428785469415157,0.02481948552653277,0.025,0.07361108612239119,0.1,0.08,0.0,0.2,2,28.129652150859428,17.26278761734513,32.295476825855445,False,False,0.05523865739666647,0.057314336049964935
100,headroom_after_load,109.30000000000001,0.06472366709197874,0.025449043539110105,0.025,0.07361108612239119,0.1,0.08,0.0,0.2,2,28.129286670266875,17.26240755397089,32.295112435197666,False,False,0.05522967074810601,0.05781143943526508
100,headroom_after_load,109.35000000000001,0.06521999435971382,0.024873140862362437,0.025,0.07361108612239119,0.1,0.08,0.0,0.2,2,28.128921184179834,17.262036091293734,32.294756290569055,False,False,0.05522051062386644,0.057620104441722775
100,headroom_after_load,109.4,0.06576762856707923,0.024950751996442186,0.025,0.07361108612239119,0.1,0.08,0.0,0.2,2,28.1285556944298,17.26166346954946,32.29439903466991,False,False,0.05521117826408195,0.05694741323075584
100,headroom_after_load,109.45,0.06635630974476227,0.024897597716240578,0.025,0.07361108612239119,0.1,0.08,0.0,0.2,2,28.128190202237768,17.261291641626578,32.294042539857244,False,False,0.05520167493220466,0.05758217448311871
100,headroom_after_load,109.5,0.06697543825410153,0.02502649990939071,0.025,0.07361108612239119,0.1,0.08,0.0,0.2,2,28.127824708417737,17.260917888641075,32.293684199365984,False,False,0.05519200191483359,0.057038856578606946
100,headroom_after_load,109.55000000000001,0.06761588464663018,0.025068571304177865,0.025,0.07361108612239119,0.1,0.08,0.0,0.2,2,28.127459213512378,17.260543507349198,32.29332525647789,False,False,0.05518216052154044,0.057321607552812744
100,headroom_after_load,109.60000000000001,0.06826877238655217,0.024894495040654014,0.025,0.07361108612239119,0.1,0.08,0.0,0.2,2,28.12709371788346,17.260171725762568,32.29296880609071,False,False,0.05517215208469233,0.056820239638457726
100,headroom_after_load,109.65,0.06892508384390274,0.02502314768472876,0.025,0.07361108612239119,0.1,0.08,0.0,0.2,2,28.126728221772176,17.259798022840155,32.29261051359809,False,False,0.055161977959271406,0.05653043315149547
100,headroom_after_load,109.7,0.0695757718175234,0.024866665593753907,0.025,0.07361108612239119,0.1,0.08,0.0,0.2,2,28.126362725339312,17.259426656866534,32.29225446168524,False,False,0.05515163952269138,0.056791128967972816
100,headroom_after_load,109.75,0.07021187533931633,0.02497157286316057,0.025,0.07361108612239119,0.1,0.08,0.0,0.2,2,28.12599722869206,17.25905372417742,32.29189690766372,False,False,0.05514113817461107,0.05660833230083989
100,headroom_after_load,109.80000000000001,0.07082465410991753,0.0251878169055087,0.025,0.07361108612239119,0.1,0.08,0.0,0.2,2,28.125631731901887,17.258677562037253,32.291536257364385,False,False,0.05513047533674491,0.05595084966218952
100,headroom_after_load,109.85000000000001,0.07140573184698991,0.025049378287639843,0.025,0.07361108612239119,0.1,0.08,0.0,0.2,2,28.12526623501643,17.25830346737943,32.29117758929039,False,False,0.05511965245267046,0.0558503104570593
100,headroom_after_load,109.9,0.0719472200475436,0.02521574097933491,0.025,0.07361108612239119,0.1,0.08,0.0,0.2,2,28.12490073806745,17.257926888213074,32.290816539161824,False,False,0.05510867098763298,0.05568334333253605
100,headroom_after_load,109.95,0.07244181562071544,0.025170380173384018,0.025,0.07361108612239119,0.1,0.08,0.0,0.2,2,28.12453524107612,17.25755098647811,32.29045613852933,False,False,0.05509753242834704,0.05560360109926573
100,headroom_after_load,110.0,0.045127697325172064,0.024969823373860552,0.025,0.07361108612239119,0.1,0.08,0.0,0.2,2,28.124169744056562,17.257178079916372,32.29009860955777,False,False,0.05508623828279529,0.054403087350725514
100,headroom_after_load,110.05000000000001,0.04550934460997941,0.02475583325959399,0.025,0.07361108612239119,0.1,0.08,0.0,0.2,2,28.12380424701818,17.256808369144874,32.289744144591275,False,False,0.055074790080024215,0.05468290623150009
100,headroom_after_load,110.10000000000001,0.04582648382575828,0.025042336722858126,0.025,0.07361108612239119,0.1,0.08,0.0,0.2,2,28.123438749967253,17.256434379647818,32.28938557734152,False,False,0.05506318936993723,0.05485419030460901
100,headroom_after_load,110.15,0.04607488635381344,0.025019510339842906,0.025,0.07361108612239119,0.1,0.08,0.0,0.2,2,28.12307325290796,17.256060731046567,32.28902733693001,False,False,0.05505143772308478,0.05520027666977064
100,headroom_after_load,110.2,0.04625122417596049,0.02496825207436886,0.025,0.07361108612239119,0.1,0.08,0.0,0.2,2,28.12270775584309,17.255687847951073,32.28866983045701,False,False,0.05503953673045174,0.05430357822193234
100,headroom_after_load,110.25,0.046353069732808276,0.0250393407635975,0.025,0.07361108612239119,0.1,0.08,0.0,0.2,2,28.122342258774502,17.255313903196537,32.288311306104724,False,False,0.055027488003241996,0.054375179084267054
100,headroom_after_load,110.30000000000001,0.04637876392923885,0.025112867969748195,0.025,0.07361108612239119,0.1,0.08,0.0,0.2,2,28.121976761703436,17.25493886036545,32.28795172895739,False,False,0.05501529317266034,0.0538605584970241
100,headroom_after_load,110.35000000000001,0.04632727829461369,0.025034996338126853,0.025,0.07361108612239119,0.1,0.08,0.0,0.2,2,28.12161126463072,17.25456498049182,32.28759326681051,False,False,0.05500295388969164,0.053912294196075766
100,headroom_after_load,110.4,0.046198194284832454,0.02481352309702531,0.025,0.07361108612239119,0.1,0.08,0.0,0.2,2,28.1212457675569,17.25419440816361,32.28723797581542,False,False,0.05499047182487728,0.05367819399326685
100,headroom_after_load,110.45,0.04599170641167226,0.02497367115150154,0.025,0.07361108612239119,0.1,0.08,0.0,0.2,2,28.120880270482346,17.25382144413805,32.286880391749676,False,False,0.05497784866808902,0.0528682912468658
100,headroom_after_load,110.5,0.04570861825819435,0.024834088178896162,0.025,0.07361108612239119,0.1,0.08,0.0,0.2,2,28.1205147734073,17.25345056468496,32.28652480629465,False,False,0.054965086128300235,0.05312716030708991
100,headroom_after_load,110.55000000000001,0.04535033146390258,0.025263532500070948,0.025,0.07361108612239119,0.1,0.08,0.0,0.2,2,28.12014927633193,17.253073271786214,32.28616307186596,False,False,0.054952185933354505,0.0532804029368846
100,headroom_after_load,110.60000000000001,0.04491882784419291,0.0250291199239636,0.025,0.07361108612239119,0.1,0.08,0.0,0.2,2,28.11978377925634,17.252699479672653,32.28580469386017,False,False,0.05493914982973174,0.05302487467582139
100,headroom_after_load,110.65,0.04441664488715964,0.024735964875602204,0.025,0.07361108612239119,0.1,0.08,0.0,0.2,2,28.119418282180607,17.252330065621344,32.28545051337799,False,False,0.05492597958231169,0.05242871721068819
100,headroom_after_load,110.7,0.04384684494612644,0.025240926161990078,0.025,0.07361108612239119,0.1,0.08,0.0,0.2,2,28.119052785104778,17.251953110332185,32.28508910263684,False,False,0.05491267697413503,0.0523339798827921
100,headroom_after_load,110.75,0.04321297851749386,0.02513689979428681,0.025,0.07361108612239119,0.1,0.08,0.0,0.2,2,28.118687288028884,17.25157770860288,32.284729181391214,False,False,0.054899243806161964,0.052692284292854816
100,headroom_after_load,110.80000000000001,0.042519042059837836,0.02475271199729041,0.025,0.07361108612239119,0.1,0.08,0.0,0.2,2,28.118321790952947,17.251208044445214,32.28437476111634,False,False,0.054885681897028395,0.052651851739527855
100,headroom_after_load,110.85000000000001,0.041769432449920485,0.02522512676127608,0.025,0.07361108612239119,0.1,0.08,0.0,0.2,2,28.117956293876983,17.250831325108873,32.28401357659799,False,False,0.05487199308279975,0.05282061676793558
100,headroom_after_load,110.9,0.04096891127395526,0.024739576448597082,0.025,0.07361108612239119,0.1,0.08,0.0,0.2,2,28.117590796800997,17.25046185712129,32.28365934440371,False,False,0.05485817921672233,0.053412276339568
100,headroom_after_load,110.95,0.04012260191412345,0.02485211687293806,0.025,0.07361108612239119,0.1,0.08,0.0,0.2,2,28.117225299725,17.250090708422473,32.28330350080587,False,False,0.05484424216897249,0.0534074515340872
100,headroom_after_load,111.0,0.03923600021817625,0.02473905393362503,0.025,0.07361108612239119,0.1,0.08,0.0,0.2,2,28.116859802648992,17.24972124823828,32.28294927609319,False,False,0.054830183826403395,0.05237423881907781
100,headroom_after_load,111.05000000000001,0.03831496319344796,0.02501872230850577,0.025,0.07361108612239119,0.1,0.08,0.0,0.2,2,28.11649430557298,17.249347611405717,32.28259104696506,False,False,0.05481600609228958,0.05292726255159584
100,headroom_after_load,111.10000000000001,0.03736743161248305,0.024997643214032597,0.025,0.07361108612239119,0.1,0.08,0.0,0.2,2,28.116128808496967,17.248974289374445,32.28223311965672,False,False,0.054801710886069305,0.0530802058356696
100,headroom_after_load,111.15,0.036406653208267886,0.024993195636220305,0.025,0.07361108612239119,0.1,0.08,0.0,0.2,2,28.11576331142095,17.248601033764587,32.28187525603077,False,False,0.05478730014308466,0.053542162187485406
100,headroom_after_load,111.2,0.03544579828965852,0.025042060847334933,0.025,0.07361108612239119,0.1,0.08,0.0,0.2,2,28.115397814344927,17.248227048387534,32.281516692731124,False,False,0.05477277581431956,0.05350094220631567
100,headroom_after_load,111.25,0.03449314988244889,0.02531085875251389,0.025,0.07361108612239119,0.1,0.08,0.0,0.2,2,28.115032317268906,17.24784904870485,32.28115428066422,False,False,0.054758139866135626,0.05370775292077274
100,headroom_after_load,111.30000000000001,0.033555295762193856,0.02487839870972041,0.025,0.07361108612239119,0.1,0.08,0.0,0.2,2,28.114666820192884,17.247477507505483,32.28079806075142,False,False,0.05474339428000594,0.05333576346120451
100,headroom_after_load,111.35000000000001,0.03263873477097851,0.02512993424196752,0.025,0.07361108612239119,0.1,0.08,0.0,0.2,2,28.114301323116862,17.24710220980175,32.280438239241654,False,False,0.05472854105224685,0.053883399371748825
100,headroom_after_load,111.4,0.03174980277066212,0.02497953511542941,0.025,0.07361108612239119,0.1,0.08,0.0,0.2,2,28.11393582604084,17.246729158202058,32.280080571213084,False,False,0.05471358219374762,0.054737384085580966
100,headroom_after_load,111.45,0.030894599768850645,0.024560507868295126,0.025,0.07361108612239119,0.1,0.08,0.0,0.2,2,28.11357032896482,17.246362364476425,32.27972890300191,False,False,0.05469851972969823,0.05458114368014259
100,headroom_after_load,111.5,0.030078919585499908,0.025007323175365165,0.025,0.07361108612239119,0.1,0.08,0.0,0.2,2,28.113204831888797,17.245988897881812,32.27937083709161,False,False,0.054683355699315206,0.05421392097557286
100,headroom_after_load,111.55000000000001,0.029308183206853012,0.025383541533304913,0.025,0.07361108612239119,0.1,0.08,0.0,0.2,2,28.112839334812776,17.245609812733466,32.279007384320515,False,False,0.05466809215556552,0.05445175357566675
100,headroom_after_load,111.60000000000001,0.028587376824154746,0.02505668068412762,0.025,0.07361108612239119,0.1,0.08,0.0,0.2,2,28.112473837736754,17.245235609019545,32.27864861168758,False,False,0.05465273116488867,0.054931421557620146
100,headroom_after_load,111.65,0.027920995420730576,0.024816883651948538,0.025,0.07361108612239119,0.1,0.08,0.0,0.2,2,28.112108340660733,17.244864986503835,32.27829327257458,False,False,0.054637274806916894,0.05514782738787929
100,headroom_after_load,111.7,0.02731299264687707,0.025208203032607505,0.025,0.07361108612239119,0.1,0.08,0.0,0.2,2,28.11174284358471,17.244488519911354,32.277932330377666,False,False,0.05462172517419365,0.055846927680464335
100,headroom_after_load,111.75,0.02676673760372074,0.025236669793883938,0.025,0.07361108612239119,0.1,0.08,0.0,0.2,2,28.11137734650869,17.244111628188026,32.277570980581075,False,False,0.0546060843718903,0.05583202512082241
100,headroom_after_load,111.80000000000001,0.02628497892567824,0.025140119472365653,0.025,0.07361108612239119,0.1,0.08,0.0,0.2,2,28.111011849432668,17.24373617837512,32.27721101323468,False,False,0.054590354517521096,0.05555270398836903
100,headroom_after_load,111.85000000000001,0.0258698132556237,0.02478786903431661,0.025,0.07361108612239119,0.1,0.08,0.0,0.2,2,28.110646352356646,17.243365989172098,32.2768560895658,False,False,0.05457453774065653,0.056187850202215825
100,headroom_after_load,111.9,0.02552265789584766,0.025352088373355886,0.025,0.07361108612239119,0.1,0.08,0.0,0.2,2,28.110280855280624,17.242987373754335,32.276493087154954,False,False,0.054558636182635,0.05624762941627482
100,headroom_after_load,111.95,0.025244231853614903,0.025063625765493886,0.025,0.07361108612239119,0.1,0.08,0.0,0.2,2,28.109915358204603,17.242613066320562,32.276134215079274,False,False,0.054542651996272916,0.056182802740381226
100,headroom_after_load,112.0,-0.07721026575364853,0.025131424494997914,0.025,0.07361108612239119,0.1,0.08,0.0,0.2,2,28.10954986112858,17.24223774636096,32.27577437223141,False,False,0.05452658734557325,0.055994537920375675
100,headroom_after_load,112.05000000000001,-0.07735189759835588,0.024826714183841237,0.025,0.07361108612239119,0.1,0.08,0.0,0.2,2,28.10918436405256,17.241866977033244,32.275418892360506,False,False,0.05451044440543253,0.0561388394178691
100,headroom_after_load,112.10000000000001,-0.0774268478049853,0.025152337592650086,0.025,0.07361108612239119,0.1,0.08,0.0,0.2,2,28.108818866976538,17.241491344751395,32.27505875006966,False,False,0.05449422536134648,0.05648505718747141
100,headroom_after_load,112.15,-0.0774371318527913,0.02529108289797911,0.025,0.07361108612239119,0.1,0.08,0.0,0.2,2,28.108453369900516,17.24111364040704,32.274696621162185,False,False,0.05447793240911402,0.05610236201637842
100,headroom_after_load,112.2,-0.07738537483861971,0.0211337037767037,0.025,0.07361108612239119,0.1,0.08,0.0,0.2,2,28.108117112590573,17.240798023564498,32.27439401944717,False,False,0.05446156775454007,0.05600905553020137
100,headroom_after_load,112.25,-0.07724983574722767,0.017047310879245145,0.025,0.07361108612239119,0.1,0.08,0.0,0.2,2,28.107839334812795,17.240543434094974,32.27414992851247,False,False,0.054445133613136916,0.056721345882346785
100,headroom_after_load,112.30000000000001,-0.07700941884650192,0.012834431134601582,0.025,0.07361108612239119,0.1,0.08,0.0,0.2,2,28.10762003656718,17.24035176098962,32.2739661594527,False,False,0.05442863220982421,0.05726804933116443
100,headroom_after_load,112.35000000000001,-0.07666855614618778,0.008847324377346566,0.025,0.07361108612239119,0.1,0.08,0.0,0.2,2,28.10745921785373,17.24021963248936,32.27383947955039,False,False,0.054412065778627845,0.05682785243047475
100,headroom_after_load,112.4,-0.07623209303325135,0.00501585031865938,0.025,0.07361108612239119,0.1,0.08,0.0,0.2,2,28.107356878672444,17.24014472433048,32.273767660387755,False,False,0.05439543656237739,0.05662043160052313
100,headroom_after_load,112.45,-0.0757052338550104,0.0007978069715908806,0.025,0.07361108612239119,0.1,0.08,0.0,0.2,2,28.107313019023323,17.2401328096505,32.27375623703478,False,False,0.05437874681240255,0.057178510552297786
100,headroom_after_load,112.5,-0.07509348361813464,-0.0027625597728374346,0.025,0.07361108612239119,0.1,0.08,0.0,0.2,2,28.10732621346777,17.240168492714233,32.273793454853944,False,False,0.0543619987882283,0.0572103137708185
100,headroom_after_load,112.55000000000001,-0.07440258649834407,-0.006721967211932527,0.025,0.07361108612239119,0.1,0.08,0.0,0.2,2,28.107392185689992,17.240255318124053,32.27388401468999,False,False,0.05434519475726901,0.05735110646836996
100,headroom_after_load,112.60000000000001,-0.07363846188884972,-0.010935515267715612,0.025,0.07361108612239119,0.1,0.08,0.0,0.2,2,28.10751093568999,17.240396568529594,32.27403134038179,False,False,0.05432833699452151,0.057493101803791316
100,headroom_after_load,112.65,-0.07280713874020028,-0.0144941651056278,0.025,0.07361108612239119,0.1,0.08,0.0,0.2,2,28.107682463467768,17.240583784828875,32.274226608995015,False,False,0.054311427782257005,0.05732700457648611
100,headroom_after_load,112.7,-0.07191468895998404,-0.018492167482137185,0.025,0.07361108612239119,0.1,0.08,0.0,0.2,2,28.107902370875177,17.240822641992185,32.2744757395847,False,False,0.054294469409712165,0.05786281010446161
100,headroom_after_load,112.75,-0.07097131310662717,-0.02067860286360053,0.025,0.07361108612239119,0.1,0.08,0.0,0.2,2,28.108158929517153,17.241089740612505,32.274754326317726,False,False,0.05427746417277917,0.05672800482884306
100,headroom_after_load,112.80000000000001,-0.06999399910082496,-0.022011724831587406,0.025,0.07361108612239119,0.1,0.08,0.0,0.2,2,28.108439922315508,17.24137405872491,32.27505087316615,False,False,0.05426041437369489,0.056900818286973624
100,headroom_after_load,112.85000000000001,-0.06899990352784062,-0.023152342932001583,0.025,0.07361108612239119,0.1,0.08,0.0,0.2,2,28.10873720455145,17.241673109821118,32.275362786675096,False,False,0.0542433223207292,0.05626885786162873
100,headroom_after_load,112.9,-0.06800191960109293,-0.023733555300627988,0.025,0.07361108612239119,0.1,0.08,0.0,0.2,2,28.109045346412447,17.24197966824375,32.27568253040623,False,False,0.05422619032787245,0.05573266722674137
100,headroom_after_load,112.95,-0.06700988571017476,-0.024041009785457944,0.025,0.07361108612239119,0.1,0.08,0.0,0.2,2,28.109360728023482,17.24229019795348,32.276006416232505,False,False,0.054209020714522264,0.05584482838206429
100,headroom_after_load,113.0,-0.06603140696211514,-0.024157736760694055,0.025,0.07361108612239119,0.1,0.08,0.0,0.2,2,28.10968093613454,17.242602235386638,32.27633187463053,False,False,0.05419181580516943,0.05632964261307083
100,headroom_after_load,113.05000000000001,-0.0650724336429795,-0.024785418369772244,0.025,0.07361108612239119,0.1,0.08,0.0,0.2,2,28.110004361912285,17.242922380373916,32.276665789294675,False,False,0.05417457792908325,0.05580748288634265
100,headroom_after_load,113.10000000000001,-0.06413765972424405,-0.024504679454676416,0.025,0.07361108612239119,0.1,0.08,0.0,0.2,2,28.11032993280115,17.243238899150207,32.276995921781776,False,False,0.05415730941999624,0.055445732430897364
100,headroom_after_load,113.15,-0.06323078601019934,-0.024879211684375197,0.025,0.07361108612239119,0.1,0.08,0.0,0.2,2,28.110656933764098,17.243560255634463,32.277331100050304,False,False,0.05414001261578808,0.05526859673035401
100,headroom_after_load,113.2,-0.062354691910439526,-0.02495736444823787,0.025,0.07361108612239119,0.1,0.08,0.0,0.2,2,28.110984888109765,17.24388262159192,32.27766733121023,False,False,0.05412268985816921,0.05569223428762518
100,headroom_after_load,113.25,-0.06151154818683975,-0.024870944147929175,0.025,0.07361108612239119,0.1,0.08,0.0,0.2,2,28.111313478043915,17.244203871287162,32.27800239809667,False,False,0.054105343492363685,0.055204861766560136
100,headroom_after_load,113.30000000000001,-0.06070289210620415,-0.0252421726383885,0.025,0.07361108612239119,0.1,0.08,0.0,0.2,2,28.11164249170372,17.244529916017076,32.27834246625582,False,False,0.05408797586679178,0.05484320334899562
100,headroom_after_load,113.35000000000001,-0.059929679191504874,-0.025162365336690036,0.025,0.07361108612239119,0.1,0.08,0.0,0.2,2,28.111971787847292,17.244854929902676,32.278681459233276,False,False,0.05407058933275198,0.05389646103403106
100,headroom_after_load,113.4,-0.0591923210298323,-0.025333703867880128,0.025,0.07361108612239119,0.1,0.08,0.0,0.2,2,28.112301272313378,17.245182156910968,32.2790227605215,False,False,0.054053186244102686,0.054181337004823894
100,headroom_after_load,113.45,-0.058490715453605374,-0.025293370089504528,0.025,0.07361108612239119,0.1,0.08,0.0,0.2,2,28.112630882327807,17.24550886294129,32.27936351842409,False,False,0.054035768956943515,0.054059811648631356
100,headroom_after_load,113.5,-0.057824273280791975,-0.02498015756069899,0.025,0.07361108612239119,0.1,0.08,0.0,0.2,2,28.11296057604113,17.245831523309782,32.279700056657894,False,False,0.05401833982929634,0.053994593970694164
100,headroom_after_load,113.55000000000001,-0.057191944342490614,-0.025024054314096517,0.025,0.07361108612239119,0.1,0.08,0.0,0.2,2,28.113290325553713,17.246154750678006,32.28003718627851,False,False,0.05400090122078604,0.05416570460441615
100,headroom_after_load,113.60000000000001,-0.05659392812687093,-0.024616537095588704,0.025,0.07361108612239119,0.1,0.08,0.0,0.2,2,28.113620112265806,17.246472714282156,32.28036882573661,False,False,0.053983455492321065,0.05406286673610355
100,headroom_after_load,113.65,-0.056034774619328646,-0.02509658821237924,0.025,0.07361108612239119,0.1,0.08,0.0,0.2,2,28.11394992377757,17.246796878546565,32.280706932550025,False,False,0.053966005005773796,0.053645017389138426
100,headroom_after_load,113.7,-0.05551845067520545,-0.024927411257598977,0.025,0.07361108612239119,0.1,0.08,0.0,0.2,2,28.11427975182245,17.247118857608644,32.28104276017391,False,False,0.05394855212366076,0.05316175406538573
100,headroom_after_load,113.75,-0.0550445204139364,-0.024870844316386476,0.025,0.07361108612239119,0.1,0.08,0.0,0.2,2,28.11460959088941,17.2474401060144,32.281377825715396,False,False,0.05393109920882282,0.05335409057896973
100,headroom_after_load,113.80000000000001,-0.054609818854043535,-0.02514229657056228,0.025,0.07361108612239119,0.1,0.08,0.0,0.2,2,28.114939437304418,17.247764860678434,32.281716548321974,False,False,0.05391364862410527,0.05320220498560344
100,headroom_after_load,113.85000000000001,-0.054210906852424634,-0.0250563478383889,0.025,0.07361108612239119,0.1,0.08,0.0,0.2,2,28.115269288618126,17.248088505171346,32.28205411300813,False,False,0.05389620273203794,0.05368479357232242
100,headroom_after_load,113.9,-0.053844139774636465,-0.02530824375732212,0.025,0.07361108612239119,0.1,0.08,0.0,0.2,2,28.115599143197638,17.24841540331988,32.28239507129208,False,False,0.053878763894515354,0.053165375481075625
100,headroom_after_load,113.95,-0.053505719105274435,-0.024860296916303985,0.025,0.07361108612239119,0.1,0.08,0.0,0.2,2,28.11592899995435,17.248736515488382,32.28272999473665,False,False,0.05386133447247695,0.05324676409475795
100,headroom_after_load,114.0,0.07680826062034858,-0.024733995875709604,0.025,0.07361108612239119,0.1,0.08,0.0,0.2,2,28.116258858162528,17.249055996268442,32.28306321662553,False,False,0.05384391682558747,0.05331635749633629
100,headroom_after_load,114.05000000000001,0.07710176414318604,-0.025082832263862053,0.025,0.07361108612239119,0.1,0.08,0.0,0.2,2,28.11658871733835,17.24937998285185,32.28340113811575,False,False,0.0538265133119175,0.053678358849654204
100,headroom_after_load,114.10000000000001,0.07737876790789405,-0.025180273087770537,0.025,0.07361108612239119,0.1,0.08,0.0,0.2,2,28.116918577159268,17.2497052280459,32.2837403723504,False,False,0.053809126287624194,0.053363721080040435
100,headroom_after_load,114.15,0.07764321321012449,-0.024868042435043734,0.025,0.07361108612239119,0.1,0.08,0.0,0.2,2,28.11724843741025,17.250026440260687,32.28407540014432,False,False,0.05379175810663233,0.05351807374428832
100,headroom_after_load,114.2,0.07789896058147072,-0.021191257273752317,0.025,0.07361108612239119,0.1,0.08,0.0,0.2,2,28.11755190894437,17.250300160667138,32.28436089347148,False,False,0.05377441112031558,0.052620436968698905
100,headroom_after_load,114.25,0.07812481204948235,-0.0173370796011521,0.025,0.07361108612239119,0.1,0.08,0.0,0.2,2,28.117802602700714,17.25052409794532,32.284594462460554,False,False,0.05375708767717822,0.053399120133336364
100,headroom_after_load,114.30000000000001,0.07829955080003076,-0.012938260685868869,0.025,0.07361108612239119,0.1,0.08,0.0,0.2,2,28.118000518679278,17.250691217145846,32.284768769583685,False,False,0.05373979012253712,0.05348955825773344
100,headroom_after_load,114.35000000000001,0.07842685777425991,-0.009091064861251125,0.025,0.07361108612239119,0.1,0.08,0.0,0.2,2,28.118145656880063,17.250808643400305,32.28489124642973,False,False,0.053722520798204325,0.05310388713201732
100,headroom_after_load,114.4,0.07851021494070738,-0.005169634454635195,0.025,0.07361108612239119,0.1,0.08,0.0,0.2,2,28.11823801730307,17.250875417845343,32.28496089289391,False,False,0.053705282042169886,0.05238670696023786
100,headroom_after_load,114.45,0.0785528699141246,-0.0012155370397453021,0.025,0.07361108612239119,0.1,0.08,0.0,0.2,2,28.1182775999483,17.250891118532106,32.28497726887903,False,False,0.05368807618828543,0.05306128037050089
100,headroom_after_load,114.5,0.07855780345128553,0.003022390145157332,0.025,0.07361108612239119,0.1,0.08,0.0,0.2,2,28.11826297930282,17.25084598128382,32.284933992960575,False,False,0.053670905565948154,0.05253518342817311
100,headroom_after_load,114.55000000000001,0.07852770018459543,0.006835286915124995,0.025,0.07361108612239119,0.1,0.08,0.0,0.2,2,28.118189879125175,17.250743901132758,32.28483612230028,False,False,0.05365377249978544,0.053523104132025524
100,headroom_after_load,114.60000000000001,0.07846492291496303,0.011156153412308627,0.025,0.07361108612239119,0.1,0.08,0.0,0.2,2,28.118058299415367,17.250577291912144,32.28467638356299,False,False,0.05363667930934021,0.0531126991417628
100,headroom_after_load,114.65,0.07837149074254054,0.015221751507386656,0.025,0.07361108612239119,0.1,0.08,0.0,0.2,2,28.117868240173394,17.2503499658741,32.284458431794555,False,False,0.05361962830875682,0.05308595691968082
100,headroom_after_load,114.7,0.07824906126808222,0.018315238080284693,0.025,0.07361108612239119,0.1,0.08,0.0,0.2,2,28.117624574820677,17.250076440813164,32.284196186117576,False,False,0.05360262180646782,0.052453377336444035
100,headroom_after_load,114.75,0.078103069616622,0.020591794916231067,0.025,0.07361108612239119,0.1,0.08,0.0,0.2,2,28.117340298893524,17.249768916994224,32.28390134369323,False,False,0.053585662104881374,0.052435726125263406
100,headroom_after_load,114.80000000000001,0.07794544400613534,0.021712710609523667,0.025,0.07361108612239119,0.1,0.08,0.0,0.2,2,28.11702894925008,17.249444653096234,32.28359045150237,False,False,0.05356875150006959,0.05179930749676472
100,headroom_after_load,114.85000000000001,0.07778804705808753,0.02318920762690122,0.025,0.07361108612239119,0.1,0.08,0.0,0.2,2,28.116699550462446,17.249098338764888,32.28325841817438,False,False,0.05355189228145767,0.052523038024216595
100,headroom_after_load,114.9,0.07763830640963194,0.023437114166476657,0.025,0.07361108612239119,0.1,0.08,0.0,0.2,2,28.116358118912014,17.248748322125603,32.28292283521094,False,False,0.05353508673151395,0.05215945883171213
100,headroom_after_load,114.95,0.07750048233665865,0.024083143622251574,0.025,0.07361108612239119,0.1,0.08,0.0,0.2,2,28.11600866551972,17.248388657495642,32.28257800211211,False,False,0.05351833712544086,0.053260280780407586
100,headroom_after_load,115.0,0.07737652261389266,0.024661461944863648,0.025,0.07361108612239119,0.1,0.08,0.0,0.2,2,28.115653864232847,17.248020356092642,32.28222488839583,False,False,0.05350164573086695,0.053292153579535435
100,headroom_after_load,115.05000000000001,0.07726664446823894,0.02441543359825184,0.025,0.07361108612239119,0.1,0.08,0.0,0.2,2,28.115295497682926,17.247655728948104,32.281875297422204,False,False,0.05348501480753986,0.052948551445521276
100,headroom_after_load,115.10000000000001,0.07716973671156996,0.02498402635273366,0.025,0.07361108612239119,0.1,0.08,0.0,0.2,2,28.11493475429097,17.247282610274976,32.28151756508611,False,False,0.05346844660702038,0.05385894391930568
100,headroom_after_load,115.15,0.07708364393546246,0.02485453323695576,0.025,0.07361108612239119,0.1,0.08,0.0,0.2,2,28.11457242633766,17.24691142548948,32.2811616868897,False,False,0.05345194337237766,0.053097749507871154
100,headroom_after_load,115.2,0.07700537382639382,0.024670000220009407,0.025,0.07361108612239119,0.1,0.08,0.0,0.2,2,28.11420904201011,17.24654299657341,32.28080845091863,False,False,0.05343550733788548,0.05322958572006589
100,headroom_after_load,115.25,0.07693125998787298,0.02523001370481402,0.025,0.07361108612239119,0.1,0.08,0.0,0.2,2,28.11384495343307,17.246166204254042,32.28044719642686,False,False,0.053419140728719804,0.05273944672645904
100,headroom_after_load,115.30000000000001,0.07685712157000962,0.024760714133882627,0.025,0.07361108612239119,0.1,0.08,0.0,0.2,2,28.11348039535637,17.245796420590153,32.28009266157386,False,False,0.05340284576065754,0.05249476618387931
100,headroom_after_load,115.35000000000001,0.07677843898533787,0.02515769972107057,0.025,0.07361108612239119,0.1,0.08,0.0,0.2,2,28.113115524279895,17.24542070822873,32.27973244250569,False,False,0.05338662463977652,0.052734411829181996
100,headroom_after_load,115.4,0.0766905197211479,0.02495492637114973,0.025,0.07361108612239119,0.1,0.08,0.0,0.2,2,28.112750444536903,17.245048024143138,32.279375126836,False,False,0.05337047956215684,0.05331541730163788
100,headroom_after_load,115.45,0.07658863444508028,0.025163414338784534,0.025,0.07361108612239119,0.1,0.08,0.0,0.2,2,28.1123852256829,17.24467222643796,32.279014825943406,False,False,0.05335441271358358,0.053928625432600207
100,headroom_after_load,115.5,0.07646812787075001,0.024962635786198027,0.025,0.07361108612239119,0.1,0.08,0.0,0.2,2,28.112019914088222,17.244299427217737,32.2786573998869,False,False,0.053338426269250845,0.05318922755369953
100,headroom_after_load,115.55000000000001,0.07632451133015383,0.02505285373112279,0.025,0.07361108612239119,0.1,0.08,0.0,0.2,2,28.11165454066643,17.24392528065664,32.27829868204997,False,False,0.053322522393467284,0.05334794286326796
100,headroom_after_load,115.60000000000001,0.0761535413145518,0.025054535958801156,0.025,0.07361108612239119,0.1,0.08,0.0,0.2,2,28.11128912602656,17.243551108972667,32.27793994012616,False,False,0.0533067032393631,0.05330444974337827
100,headroom_after_load,115.65,0.07595128653863874,0.02505703138287507,0.025,0.07361108612239119,0.1,0.08,0.0,0.2,2,28.110923683907973,17.24317690002131,32.27758116247177,False,False,0.05329097094859855,0.052592285867638484
100,headroom_after_load,115.7,0.07571418510473395,0.024962803774601146,0.025,0.07361108612239119,0.1,0.08,0.0,0.2,2,28.110558223470242,17.2428040982923,32.27722373400994,False,False,0.053275327651073935,0.053019499438542575
100,headroom_after_load,115.75,0.0754390927715239,0.024838366872418943,0.025,0.07361108612239119,0.1,0.08,0.0,0.2,2,28.110192750819746,17.242433154939963,32.27686808729069,False,False,0.05325977546464136,0.053020499330095214
100,headroom_after_load,115.80000000000001,0.07512332296219701,0.025057634721384447,0.025,0.07361108612239119,0.1,0.08,0.0,0.2,2,28.109827270027406,17.242058936978175,32.276509300997425,False,False,0.053244316494817895,0.05242767251384016
100,headroom_after_load,115.85000000000001,0.07476467890868127,0.024913577604845936,0.025,0.07361108612239119,0.1,0.08,0.0,0.2,2,28.109461783807173,17.241686870407015,32.27615257737765,False,False,0.05322895283450061,0.052253334072973896
100,headroom_after_load,115.9,0.07436147818588215,0.025174826785717103,0.025,0.07361108612239119,0.1,0.08,0.0,0.2,2,28.109096293968342,17.241310902265056,32.2757921130766,False,False,0.05321368656368318,0.052065309282349835
100,headroom_after_load,115.95,0.073912569814975,0.025110029300264975,0.025,0.07361108612239119,0.1,0.08,0.0,0.2,2,28.108730801717115,17.240935901827477,32.27543257657459,False,False,0.05319851974917428,0.05231008648582443
100,headroom_after_load,116.0,0.07341734408748343,0.02509325798354644,0.025,0.07361108612239119,0.1,0.08,0.0,0.2,2,28.10836530785762,17.24056115185759,32.27507328021171,False,False,0.053183454444317824,0.05205227505151266
100,headroom_after_load,116.05000000000001,0.07287573526720625,0.024852582543906723,0.025,0.07361108612239119,0.1,0.08,0.0,0.2,2,28.10799981292595,17.240189996204307,32.274717429946186,False,False,0.05316849268871492,0.05252878496649513
100,headroom_after_load,116.10000000000001,0.0722882173543779,0.02499016432187709,0.025,0.07361108612239119,0.1,0.08,0.0,0.2,2,28.107634317279494,17.23981678586497,32.27435960972394,False,False,0.0531536365079478,0.052510231013962065
100,headroom_after_load,116.15,0.07165579313804707,0.02476593747325936,0.025,0.07361108612239119,0.1,0.08,0.0,0.2,2,28.107268821156516,17.239446924194223,32.27400500008085,False,False,0.0531388879133055,0.05241220776947985
100,headroom_after_load,116.2,0.07097997681288291,0.025475495216612534,0.025,0.07361108612239119,0.1,0.08,0.0,0.2,2,28.10690332471586,17.239066465782983,32.27364023067626,False,False,0.05312424890151167,0.05261800721688051
100,headroom_after_load,116.25,0.0702627917784894,0.024827277283496058,0.025,0.07361108612239119,0.1,0.08,0.0,0.2,2,28.106537828063413,17.238695688045773,32.273284742742646,False,False,0.05310972145445416,0.05257999767954434
100,headroom_after_load,116.30000000000001,0.06950685657330535,0.024931204862561274,0.025,0.07361108612239119,0.1,0.08,0.0,0.2,2,28.106172331269775,17.23832335822405,32.272927766728,False,False,0.053095307538916746,0.05196432513942964
100,headroom_after_load,116.35000000000001,0.0687154846176706,0.024826319029618536,0.025,0.07361108612239119,0.1,0.08,0.0,0.2,2,28.105806834382008,17.237952594797683,32.27257229251509,False,False,0.05308100910631288,0.05204364773761708
100,headroom_after_load,116.4,0.06789269827749371,0.02476483773668589,0.025,0.07361108612239119,0.1,0.08,0.0,0.2,2,28.10544133743149,17.237582749550718,32.27221769861852,False,False,0.05306682809242144,0.052210607413035355
100,headroom_after_load,116.45,0.06704319844026052,0.024808987373553512,0.025,0.07361108612239119,0.1,0.08,0.0,0.2,2,28.105075840439135,17.23721224496031,32.271862472567925,False,False,0.05305276641712471,0.05253445931775181
100,headroom_after_load,116.5,0.06617231061348676,0.024978142484331563,0.025,0.07361108612239119,0.1,0.08,0.0,0.2,2,28.10471034341889,17.236839214158575,32.27150482447966,False,False,0.053038825984148434,0.05207119146429092
100,headroom_after_load,116.55000000000001,0.06528591810953217,0.024912754063262335,0.025,0.07361108612239119,0.1,0.08,0.0,0.2,2,28.104344846380055,17.236467159886423,32.27114811265172,False,False,0.05302500868080408,0.05225018032509684
100,headroom_after_load,116.60000000000001,0.06439038930879104,0.025215454463190262,0.025,0.07361108612239119,0.1,0.08,0.0,0.2,2,28.103979349328824,17.23609058499898,32.270787066625616,False,False,0.05301131637773334,0.05156730525557721
100,headroom_after_load,116.65,0.06349249970589348,0.02500566829034407,0.025,0.07361108612239119,0.1,0.08,0.0,0.2,2,28.10361385226933,17.235717143118897,32.27042902441069,False,False,0.05299775092865487,0.05255365646675936
100,headroom_after_load,116.7,0.06260339138535496,0.024802234952816953,0.025,0.07361108612239119,0.1,0.08,0.0,0.2,2,28.103248355204325,17.235346739371096,32.27007389504424,False,False,0.05298431417011334,0.052487502044612895
100,headroom_after_load,116.75,0.061738470214168686,0.024956136006012465,0.025,0.07361108612239119,0.1,0.08,0.0,0.2,2,28.102882858135647,17.234974037220468,32.26971656205446,False,False,0.05297100792123074,0.05273745598164876
100,headroom_after_load,116.80000000000001,0.0609095055873906,0.025232191646987735,0.025,0.07361108612239119,0.1,0.08,0.0,0.2,2,28.10251736106452,17.234597212375082,32.26935527637796,False,False,0.052957833983460184,0.0522741959311892
100,headroom_after_load,116.85000000000001,0.0601240398913758,0.025034735364176358,0.025,0.07361108612239119,0.1,0.08,0.0,0.2,2,28.10215186399176,17.234223336398916,32.26899681796782,False,False,0.05294479414034197,0.052264877045407394
100,headroom_after_load,116.9,0.059389252559326276,0.025057175711227925,0.025,0.07361108612239119,0.1,0.08,0.0,0.2,2,28.101786366917914,17.233849125292117,32.26863803824687,False,False,0.052931890157262115,0.05297816140810327
100,headroom_after_load,116.95,0.05871212342552556,0.024658680962056274,0.025,0.07361108612239119,0.1,0.08,0.0,0.2,2,28.10142086984334,17.233480865421118,32.26828496434993,False,False,0.05291912378121337,0.052504315988381095
100,headroom_after_load,117.0,0.05809932800100293,0.025045451971333618,0.025,0.07361108612239119,0.1,0.08,0.0,0.2,2,28.101055372768286,17.23310682940004,32.26792635249467,False,False,0.05290649674055868,0.05316633501553221
100,headroom_after_load,117.05000000000001,0.0575570842943707,0.02500707823543794,0.025,0.07361108612239119,0.1,0.08,0.0,0.2,2,28.100689875692908,17.232733366463428,32.267568290091525,False,False,0.052894010744797236,0.05410117780314298
100,headroom_after_load,117.10000000000001,0.05709097723871047,0.024677931469964668,0.025,0.07361108612239119,0.1,0.08,0.0,0.2,2,28.100324378617316,17.23236481909978,32.2672149405573,False,False,0.05288166748433299,0.054111313863829724
100,headroom_after_load,117.15,0.05670581030013599,0.0247692956135966,0.025,0.07361108612239119,0.1,0.08,0.0,0.2,2,28.09995888154158,17.231994907277592,32.266860282830876,False,False,0.05286946863024583,0.05379755824295408
100,headroom_after_load,117.2,0.05640549090368782,0.024990565844119222,0.025,0.07361108612239119,0.1,0.08,0.0,0.2,2,28.099593384465745,17.231621690941807,32.266502456859456,False,False,0.052857415834065315,0.054019119892010616
100,headroom_after_load,117.25,0.05619295158913612,0.024893266351776053,0.025,0.07361108612239119,0.1,0.08,0.0,0.2,2,28.099227887389848,17.231249927704773,32.266146024065186,False,False,0.052845510727547125,0.054026544396579196
100,headroom_after_load,117.30000000000001,0.056070100550871686,0.02490409474174453,0.025,0.07361108612239119,0.1,0.08,0.0,0.2,2,28.098862390313908,17.230878002753432,32.26578943622524,False,False,0.0528337549224521,0.05491939321295726
100,headroom_after_load,117.35000000000001,0.05603779263317285,0.024961653372237047,0.025,0.07361108612239119,0.1,0.08,0.0,0.2,2,28.09849689323794,17.23050521820486,32.26543202423537,False,False,0.05282215001032807,0.054063653350512254
100,headroom_after_load,117.4,0.056095818037061936,0.025104133672444774,0.025,0.07361108612239119,0.1,0.08,0.0,0.2,2,28.098131396161953,17.230130305814292,32.26507257214957,False,False,0.052810697562294374,0.054686713714286767
100,headroom_after_load,117.45,0.05624290753565518,0.02512520702739352,0.025,0.07361108612239119,0.1,0.08,0.0,0.2,2,28.097765899085957,17.22975507870815,32.26471281832615,False,False,0.05279939912882915,0.05526035653347151
100,headroom_after_load,117.5,0.05647675301641828,0.02494859496083941,0.025,0.07361108612239119,0.1,0.08,0.0,0.2,2,28.09740040200995,17.22938248917767,32.264355593312395,False,False,0.05278825623955943,0.05489837572418428
100,headroom_after_load,117.55000000000001,0.0567940422190153,0.024750853406798334,0.025,0.07361108612239119,0.1,0.08,0.0,0.2,2,28.09703490493394,17.229012852776734,32.26400119964964,False,False,0.05277727040305405,0.054960164706189155
100,headroom_after_load,117.60000000000001,0.05719050656036503,0.02493402993059184,0.025,0.07361108612239119,0.1,0.08,0.0,0.2,2,28.096669407857924,17.22864048076463,32.263644183184425,False,False,0.05276644310661942,0.05545886926500402
100,headroom_after_load,117.65,0.057660980940998835,0.025063455255633926,0.025,0.07361108612239119,0.1,0.08,0.0,0.2,2,28.096303910781906,17.228266175877298,32.26328531355018,False,False,0.05275577581609815,0.055710221494197604
100,headroom_after_load,117.7,0.05819947440307763,0.025047123899340343,0.025,0.07361108612239119,0.1,0.08,0.0,0.2,2,28.095938413705884,17.227892114887165,32.262926677755516,False,False,0.052745269975670625,0.05476933979644846
100,headroom_after_load,117.75,0.05879925046924876,0.025030987704561945,0.025,0.07361108612239119,0.1,0.08,0.0,0.2,2,28.095572916629862,17.22751829487963,32.262568273006025,False,False,0.05273492700765947,0.05541110642368816
100,headroom_after_load,117.80000000000001,0.05945291594287258,0.02501147485870515,0.025,0.07361108612239119,0.1,0.08,0.0,0.2,2,28.09520741955384,17.227144766282578,32.26221014765009,False,False,0.052724748312336985,0.05471339815074558
100,headroom_after_load,117.85000000000001,0.06015251690116018,0.024669541222809902,0.025,0.07361108612239119,0.1,0.08,0.0,0.2,2,28.09484192247782,17.226776344221307,32.261856918251134,False,False,0.05271473526773558,0.05524222806571682
100,headroom_after_load,117.9,0.06088964395959034,0.024910224505953815,0.025,0.07361108612239119,0.1,0.08,0.0,0.2,2,28.094476425401798,17.226404327726296,32.26150024264251,False,False,0.05270488922946122,0.055115579352769756
100,headroom_after_load,117.95,0.061655555339192064,0.025007539137793716,0.025,0.07361108612239119,0.1,0.08,0.0,0.2,2,28.094110928325776,17.226030857906437,32.26114217363997,False,False,0.05269521153050986,0.05493390574532152
100,headroom_after_load,118.0,-0.0675586877884914,0.02527047385070519,0.025,0.07361108612239119,0.1,0.08,0.0,0.2,2,28.093745431249754,17.225653461343555,32.26078033982194,False,False,0.052685703481087025,0.05470460118280932
100,headroom_after_load,118.05000000000001,-0.06676208333342032,0.02506999539796591,0.025,0.07361108612239119,0.1,0.08,0.0,0.2,2,28.093379934173733,17.225279058783848,32.26042137654305,False,False,0.05267636636843041,0.054667644197660806
100,headroom_after_load,118.10000000000001,-0.06596356267083664,0.025242437907993284,0.025,0.07361108612239119,0.1,0.08,0.0,0.2,2,28.09301443709771,17.22490208091784,32.260059944156055,False,False,0.052667201456635615,0.054396506981448524
100,headroom_after_load,118.15,-0.06517188575368933,0.02506166029382129,0.025,0.07361108612239119,0.1,0.08,0.0,0.2,2,28.09264894002169,17.224527802836988,32.25970110022287,False,False,0.052658209986484975,0.05397326553826928
100,headroom_after_load,118.2,-0.06439554331696014,0.020723411935398266,0.025,0.07361108612239119,0.1,0.08,0.0,0.2,2,28.092312682711746,17.22421831341143,32.25940437324785,False,False,0.05264939317527963,0.05391683265031451
100,headroom_after_load,118.25,-0.06361777114259909,0.017045927087124702,0.025,0.07361108612239119,0.1,0.08,0.0,0.2,2,28.092034904933968,17.22396374460786,32.259160302126894,False,False,0.05264075221667467,0.053976866767004625
100,headroom_after_load,118.30000000000001,-0.06282177520306509,0.013198047330566107,0.025,0.07361108612239119,0.1,0.08,0.0,0.2,2,28.091815606688353,17.223766641153105,32.25897132664965,False,False,0.052632288280517574,0.053888092483508364
100,headroom_after_load,118.35000000000001,-0.062015832036536746,0.008891908813478245,0.025,0.07361108612239119,0.1,0.08,0.0,0.2,2,28.091654787974903,17.223633846815986,32.25884400836767,False,False,0.05262400251268981,0.05395137435595287
100,headroom_after_load,118.4,-0.06120818103996378,0.004751211532389473,0.025,0.07361108612239119,0.1,0.08,0.0,0.2,2,28.091552448793617,17.223562890849255,32.25877597842018,False,False,0.05261589603495171,0.053245702395511775
100,headroom_after_load,118.45,-0.06040692986186151,0.000794794241104049,0.025,0.07361108612239119,0.1,0.08,0.0,0.2,2,28.091508589144496,17.22355102116226,32.25876459820482,False,False,0.0526079699447906,0.05356543293906683
100,headroom_after_load,118.5,-0.0596199618829765,-0.0028009599700140535,0.025,0.07361108612239119,0.1,0.08,0.0,0.2,2,28.09152178358894,17.22358720022854,32.258802333359974,False,False,0.05260022531527219,0.05379079283336875
100,headroom_after_load,118.55000000000001,-0.058854846774554645,-0.007139701993708611,0.025,0.07361108612239119,0.1,0.08,0.0,0.2,2,28.091587755811165,17.22367942137929,32.25889852101184,False,False,0.05259266319489537,0.05322398442571435
100,headroom_after_load,118.60000000000001,-0.05811875515376104,-0.01120873907895606,0.025,0.07361108612239119,0.1,0.08,0.0,0.2,2,28.091706505811164,17.223824200925726,32.25904952763554,False,False,0.05258528460745017,0.0526195438101972
100,headroom_after_load,118.65,-0.057418378301609216,-0.015369825299871144,0.025,0.07361108612239119,0.1,0.08,0.0,0.2,2,28.09187803358894,17.224022727835848,32.2592565933375,False,False,0.05257809055187923,0.05224384163995678
100,headroom_after_load,118.7,-0.056759853845116545,-0.018257139420485305,0.025,0.07361108612239119,0.1,0.08,0.0,0.2,2,28.09209794099635,17.22425854922003,32.25950255757691,False,False,0.05257108200214251,0.05242553751565643
100,headroom_after_load,118.75,-0.05615444513789339,-0.020309922528052762,0.025,0.07361108612239119,0.1,0.08,0.0,0.2,2,28.092354499638326,17.22452088571935,32.259776177366525,False,False,0.05256425990708545,0.05274873644202032
100,headroom_after_load,118.80000000000001,-0.05562399617666565,-0.021875145159399513,0.025,0.07361108612239119,0.1,0.08,0.0,0.2,2,28.09263549243668,17.22480343967766,32.26007088418326,False,False,0.05255762519031052,0.051642770192393196
100,headroom_after_load,118.85000000000001,-0.055190095778353314,-0.023115806006359478,0.025,0.07361108612239119,0.1,0.08,0.0,0.2,2,28.092932774672622,17.225102018838577,32.26038230545862,False,False,0.05255117875005217,0.051603121436639976
100,headroom_after_load,118.9,-0.054866139364946484,-0.023846501496558974,0.025,0.07361108612239119,0.1,0.08,0.0,0.2,2,28.09324091653362,17.225410036149572,32.260703570826,False,False,0.05254492145905521,0.05166031463767011
100,headroom_after_load,118.95,-0.054658897286704,-0.024056545180043003,0.025,0.07361108612239119,0.1,0.08,0.0,0.2,2,28.093556298144655,17.225720766524816,32.26102766594857,False,False,0.052538854164456694,0.05135457983892278
100,headroom_after_load,119.0,-0.05457213981921929,-0.024457964169186705,0.025,0.07361108612239119,0.1,0.08,0.0,0.2,2,28.093876506255715,17.226036681895334,32.26135716907696,False,False,0.052532977687671165,0.050798843531764185
100,headroom_after_load,119.05000000000001,-0.054607180070523564,-0.024368079015585128,0.025,0.07361108612239119,0.1,0.08,0.0,0.2,2,28.094199932033458,17.226351436249285,32.26168546125258,False,False,0.05252729282427953,0.05112743363382518
100,headroom_after_load,119.10000000000001,-0.054763210819593844,-0.02469521387250876,0.025,0.07361108612239119,0.1,0.08,0.0,0.2,2,28.094525502922323,17.22667041609514,32.2620181606617,False,False,0.05252180034392128,0.05142220881602443
100,headroom_after_load,119.15,-0.05503755312618215,-0.024659326758954842,0.025,0.07361108612239119,0.1,0.08,0.0,0.2,2,28.09485250388527,17.22698893239911,32.26235037659164,False,False,0.05251650099019035,0.05053004442573364
100,headroom_after_load,119.2,-0.05542585143752814,-0.024951730853202302,0.025,0.07361108612239119,0.1,0.08,0.0,0.2,2,28.09518045823094,17.227311225589297,32.26268653185453,False,False,0.052511395480534385,0.05062193158961967
100,headroom_after_load,119.25,-0.055922238080146555,-0.025094070919987867,0.025,0.07361108612239119,0.1,0.08,0.0,0.2,2,28.095509048165088,17.22763535733868,32.26302460475442,False,False,0.052506484506157684,0.04979257426348591
100,headroom_after_load,119.30000000000001,-0.05651948205142436,-0.025076094412291996,0.025,0.07361108612239119,0.1,0.08,0.0,0.2,2,28.095838061824892,17.227959256891506,32.26336243547081,False,False,0.05250176873192755,0.050208995632980355
100,headroom_after_load,119.35000000000001,-0.057209131518870186,-0.025054670488075383,0.025,0.07361108612239119,0.1,0.08,0.0,0.2,2,28.096167357968465,17.228282879718645,32.263699977559334,False,False,0.05249724879628434,0.04978003060731999
100,headroom_after_load,119.4,-0.05798165564306612,-0.024447614104483685,0.025,0.07361108612239119,0.1,0.08,0.0,0.2,2,28.09649684243455,17.228598661400827,32.264029341249355,False,False,0.052492925311154987,0.050145141606687565
100,headroom_after_load,119.45,-0.05882658879165685,-0.02502056879212945,0.025,0.07361108612239119,0.1,0.08,0.0,0.2,2,28.09682645244898,17.228921843747727,32.26436642391225,False,False,0.052488798861870155,0.05014180203163775
100,headroom_after_load,119.5,-0.05973206715140797,-0.025138587103889134,0.025,0.07361108612239119,0.1,0.08,0.0,0.2,2,28.097156146162302,17.22924655049782,32.26470509654407,False,False,0.05248487000708503,0.0500979314345333
100,headroom_after_load,119.55000000000001,-0.06068183379913746,-0.024939732119384484,0.025,0.07361108612239119,0.1,0.08,0.0,0.2,2,28.097485895674886,17.22956868870436,32.26504109015735,False,False,0.05248113927870366,0.049871495204675834
100,headroom_after_load,119.60000000000001,-0.061657207090055045,-0.024927145943649358,0.025,0.07361108612239119,0.1,0.08,0.0,0.2,2,28.09781568238698,17.229890664339468,32.26537691420687,False,False,0.05247760718180695,0.049909249298171025
100,headroom_after_load,119.65,-0.0626409362251367,-0.025233015567758702,0.025,0.07361108612239119,0.1,0.08,0.0,0.2,2,28.098145493898745,17.23021659079055,32.26571685899994,False,False,0.052474274194584274,0.05032241945503781
100,headroom_after_load,119.7,-0.06361971960569447,-0.024868255703982465,0.025,0.07361108612239119,0.1,0.08,0.0,0.2,2,28.098475321943624,17.23053780576006,32.26605188966706,False,False,0.052471140768268754,0.05079995825335792
100,headroom_after_load,119.75,-0.06458117089759999,-0.024487950962399207,0.025,0.07361108612239119,0.1,0.08,0.0,0.2,2,28.09880516101058,17.230854108459994,32.266381796784195,False,False,0.052468207327076154,0.05115074157809399
100,headroom_after_load,119.80000000000001,-0.06551323530514135,-0.024755338132840768,0.025,0.07361108612239119,0.1,0.08,0.0,0.2,2,28.09913500742559,17.231173864910875,32.26671530620071,False,False,0.05246547426814745,0.05113545596598029
100,headroom_after_load,119.85000000000001,-0.0664043356013022,-0.024889127065423948,0.025,0.07361108612239119,0.1,0.08,0.0,0.2,2,28.0994648587393,17.231495349468805,32.26705061805145,False,False,0.05246294196149508,0.05154996116849925
100,headroom_after_load,119.9,-0.06724350820243495,-0.02497162177918213,0.025,0.07361108612239119,0.1,0.08,0.0,0.2,2,28.09979471331881,17.231817899583454,32.26738704128931,False,False,0.05246061074995282,0.05202114698150581
100,headroom_after_load,119.95,-0.06802053035212534,-0.02489598732888068,0.025,0.07361108612239119,0.1,0.08,0.0,0.2,2,28.100124570075522,17.23213947275312,32.267722445563045,False,False,0.052458480949129395,0.05236841047842329
