scope,scenario_id,sg_level,factor,method,reference_method,metric,attempted_pair_union_count,finite_pair_count,mean_method,mean_reference,mean_difference,mean_relative_difference,relative_ci95_low,relative_ci95_high,sign_flip_pvalue,wilcoxon_pvalue
overall,ALL,ALL,worst_mode_cost_penalty,C1_true_arx_worst,C0_true_arx_expected,freq_iae,720,718,1.1470902163764387,1.3266372670096473,-0.1795470506332085,-0.04402195639879952,-0.0730779601255124,-0.014194182804645836,9.999000099990002e-05,2.331797342382734e-17
overall,ALL,A,worst_mode_cost_penalty,C1_true_arx_worst,C0_true_arx_expected,freq_iae,240,240,1.09567415345836,1.0651933935770836,0.03048075988127646,0.04165537814559601,-0.003931159228042236,0.08869695347255883,0.21437856214378562,0.25097344906495245
overall,ALL,B,worst_mode_cost_penalty,C1_true_arx_worst,C0_true_arx_expected,freq_iae,240,238,1.1405799956277973,1.236565887169787,-0.09598589154198961,-0.057839808670729846,-0.09039239707685849,-0.022918021653639938,9.999000099990002e-05,2.360231324981551e-08
overall,ALL,C,worst_mode_cost_penalty,C1_true_arx_worst,C0_true_arx_expected,freq_iae,240,240,1.2049622482035867,1.6774019254500725,-0.47243967724648545,-0.11599658744019749,-0.1790758377720534,-0.04960664074988287,9.999000099990002e-05,1.747811821569623e-12
scenario,S0_nominal_stochastic,ALL,worst_mode_cost_penalty,C1_true_arx_worst,C0_true_arx_expected,freq_iae,90,90,0.49684539585228366,0.49629362902089635,0.0005517668313873119,0.0011727804436924094,-0.0007935445494129168,0.0031494887395986104,0.25917408259174085,0.47261643987271906
scenario,S0_nominal_stochastic,A,worst_mode_cost_penalty,C1_true_arx_worst,C0_true_arx_expected,freq_iae,30,30,0.49730422206919406,0.4972666951844557,3.752688473828518e-05,0.00014368228282274977,-0.0020123183753391585,0.002434635627488016,0.9464053594640536,0.9032264724373817
scenario,S0_nominal_stochastic,B,worst_mode_cost_penalty,C1_true_arx_worst,C0_true_arx_expected,freq_iae,30,30,0.4970665539087771,0.4972911691821446,-0.00022461527336747704,-0.0005007973662787743,-0.004353376166734822,0.0035541184082493265,0.8344165583441656,0.6408254038542509
scenario,S0_nominal_stochastic,C,worst_mode_cost_penalty,C1_true_arx_worst,C0_true_arx_expected,freq_iae,30,30,0.4961654115788797,0.4943230226960886,0.0018423888827911277,0.0038754564145332517,0.0005192755182340616,0.007273597283452568,0.0420957904209579,0.0803273618221283
scenario,S1_step_neg_002,ALL,worst_mode_cost_penalty,C1_true_arx_worst,C0_true_arx_expected,freq_iae,0,0,,,,,,,,
scenario,S1_step_neg_002,A,worst_mode_cost_penalty,C1_true_arx_worst,C0_true_arx_expected,freq_iae,0,0,,,,,,,,
scenario,S1_step_neg_002,B,worst_mode_cost_penalty,C1_true_arx_worst,C0_true_arx_expected,freq_iae,0,0,,,,,,,,
scenario,S1_step_neg_002,C,worst_mode_cost_penalty,C1_true_arx_worst,C0_true_arx_expected,freq_iae,0,0,,,,,,,,
scenario,S1_step_neg_004,ALL,worst_mode_cost_penalty,C1_true_arx_worst,C0_true_arx_expected,freq_iae,0,0,,,,,,,,
scenario,S1_step_neg_004,A,worst_mode_cost_penalty,C1_true_arx_worst,C0_true_arx_expected,freq_iae,0,0,,,,,,,,
scenario,S1_step_neg_004,B,worst_mode_cost_penalty,C1_true_arx_worst,C0_true_arx_expected,freq_iae,0,0,,,,,,,,
scenario,S1_step_neg_004,C,worst_mode_cost_penalty,C1_true_arx_worst,C0_true_arx_expected,freq_iae,0,0,,,,,,,,
scenario,S1_step_neg_006,ALL,worst_mode_cost_penalty,C1_true_arx_worst,C0_true_arx_expected,freq_iae,0,0,,,,,,,,
scenario,S1_step_neg_006,A,worst_mode_cost_penalty,C1_true_arx_worst,C0_true_arx_expected,freq_iae,0,0,,,,,,,,
scenario,S1_step_neg_006,B,worst_mode_cost_penalty,C1_true_arx_worst,C0_true_arx_expected,freq_iae,0,0,,,,,,,,
scenario,S1_step_neg_006,C,worst_mode_cost_penalty,C1_true_arx_worst,C0_true_arx_expected,freq_iae,0,0,,,,,,,,
scenario,S1_step_neg_008,ALL,worst_mode_cost_penalty,C1_true_arx_worst,C0_true_arx_expected,freq_iae,0,0,,,,,,,,
scenario,S1_step_neg_008,A,worst_mode_cost_penalty,C1_true_arx_worst,C0_true_arx_expected,freq_iae,0,0,,,,,,,,
scenario,S1_step_neg_008,B,worst_mode_cost_penalty,C1_true_arx_worst,C0_true_arx_expected,freq_iae,0,0,,,,,,,,
scenario,S1_step_neg_008,C,worst_mode_cost_penalty,C1_true_arx_worst,C0_true_arx_expected,freq_iae,0,0,,,,,,,,
scenario,S1_step_pos_002,ALL,worst_mode_cost_penalty,C1_true_arx_worst,C0_true_arx_expected,freq_iae,0,0,,,,,,,,
scenario,S1_step_pos_002,A,worst_mode_cost_penalty,C1_true_arx_worst,C0_true_arx_expected,freq_iae,0,0,,,,,,,,
scenario,S1_step_pos_002,B,worst_mode_cost_penalty,C1_true_arx_worst,C0_true_arx_expected,freq_iae,0,0,,,,,,,,
scenario,S1_step_pos_002,C,worst_mode_cost_penalty,C1_true_arx_worst,C0_true_arx_expected,freq_iae,0,0,,,,,,,,
scenario,S1_step_pos_004,ALL,worst_mode_cost_penalty,C1_true_arx_worst,C0_true_arx_expected,freq_iae,0,0,,,,,,,,
scenario,S1_step_pos_004,A,worst_mode_cost_penalty,C1_true_arx_worst,C0_true_arx_expected,freq_iae,0,0,,,,,,,,
scenario,S1_step_pos_004,B,worst_mode_cost_penalty,C1_true_arx_worst,C0_true_arx_expected,freq_iae,0,0,,,,,,,,
scenario,S1_step_pos_004,C,worst_mode_cost_penalty,C1_true_arx_worst,C0_true_arx_expected,freq_iae,0,0,,,,,,,,
scenario,S1_step_pos_006,ALL,worst_mode_cost_penalty,C1_true_arx_worst,C0_true_arx_expected,freq_iae,90,90,0.899106432264775,0.9773928783429263,-0.07828644607815136,-0.03965586297968279,-0.09412408956643668,0.01764212184985722,0.0098990100989901,0.027314527528322117
scenario,S1_step_pos_006,A,worst_mode_cost_penalty,C1_true_arx_worst,C0_true_arx_expected,freq_iae,30,30,0.9262425272770685,0.9833860306019186,-0.05714350332485021,-0.008208861698722654,-0.12075550811498073,0.11717534238375807,0.3087691230876912,0.11417667381465435
scenario,S1_step_pos_006,B,worst_mode_cost_penalty,C1_true_arx_worst,C0_true_arx_expected,freq_iae,30,30,0.8589498740212397,0.9860263045400265,-0.127076430518787,-0.08729707979990899,-0.16869826920837186,0.0020982103055929295,0.017698230176982303,0.22064675763249397
scenario,S1_step_pos_006,C,worst_mode_cost_penalty,C1_true_arx_worst,C0_true_arx_expected,freq_iae,30,30,0.9121268954960176,0.9627662998868344,-0.050639404390816774,-0.023461647440416757,-0.10476823857920892,0.06126165177504883,0.31956804319568044,0.40449450351297855
scenario,S1_step_pos_008,ALL,worst_mode_cost_penalty,C1_true_arx_worst,C0_true_arx_expected,freq_iae,0,0,,,,,,,,
scenario,S1_step_pos_008,A,worst_mode_cost_penalty,C1_true_arx_worst,C0_true_arx_expected,freq_iae,0,0,,,,,,,,
scenario,S1_step_pos_008,B,worst_mode_cost_penalty,C1_true_arx_worst,C0_true_arx_expected,freq_iae,0,0,,,,,,,,
scenario,S1_step_pos_008,C,worst_mode_cost_penalty,C1_true_arx_worst,C0_true_arx_expected,freq_iae,0,0,,,,,,,,
scenario,S2_sluggish_switch_050,ALL,worst_mode_cost_penalty,C1_true_arx_worst,C0_true_arx_expected,freq_iae,90,90,0.9998499839065802,1.7448109317747724,-0.7449609478681918,-0.357655870316886,-0.3937896589071426,-0.32309476875609516,9.999000099990002e-05,1.7437900167092118e-16
scenario,S2_sluggish_switch_050,A,worst_mode_cost_penalty,C1_true_arx_worst,C0_true_arx_expected,freq_iae,30,30,0.9009829093461994,1.1216537347324929,-0.22067082538629332,-0.19586686750295884,-0.20683440866619798,-0.18726028543760254,9.999000099990002e-05,1.862645149230957e-09
scenario,S2_sluggish_switch_050,B,worst_mode_cost_penalty,C1_true_arx_worst,C0_true_arx_expected,freq_iae,30,30,0.9902923571358098,1.3812762391701143,-0.39098388203430473,-0.28286290623170157,-0.2903164313312935,-0.27557509093727045,9.999000099990002e-05,1.862645149230957e-09
scenario,S2_sluggish_switch_050,C,worst_mode_cost_penalty,C1_true_arx_worst,C0_true_arx_expected,freq_iae,30,30,1.1082746852377316,2.731502821421709,-1.6232281361839778,-0.5942378372159977,-0.5986959900920663,-0.589454967380768,9.999000099990002e-05,1.862645149230957e-09
scenario,S2_sluggish_switch_060,ALL,worst_mode_cost_penalty,C1_true_arx_worst,C0_true_arx_expected,freq_iae,90,89,1.0142925413870854,1.747289894333679,-0.7329973529465937,-0.3409929017419811,-0.3832522450858972,-0.2977099638885384,9.999000099990002e-05,5.091170972388935e-15
scenario,S2_sluggish_switch_060,A,worst_mode_cost_penalty,C1_true_arx_worst,C0_true_arx_expected,freq_iae,30,30,0.9316703172569671,1.110581375617818,-0.17891105836085072,-0.1602591479027761,-0.19349699061337278,-0.11439626105182453,9.999000099990002e-05,0.00012333691120147705
scenario,S2_sluggish_switch_060,B,worst_mode_cost_penalty,C1_true_arx_worst,C0_true_arx_expected,freq_iae,30,29,1.013264077405899,1.3668979151852312,-0.3536338377793323,-0.2590110948193426,-0.28221878671725986,-0.22220701530654768,9.999000099990002e-05,1.1175870895385742e-08
scenario,S2_sluggish_switch_060,C,worst_mode_cost_penalty,C1_true_arx_worst,C0_true_arx_expected,freq_iae,30,30,1.0979089473656836,2.751710659559706,-1.6538017121940234,-0.6009757356064033,-0.6053477402254364,-0.5967452637530701,9.999000099990002e-05,1.862645149230957e-09
scenario,S2_sluggish_switch_090,ALL,worst_mode_cost_penalty,C1_true_arx_worst,C0_true_arx_expected,freq_iae,0,0,,,,,,,,
scenario,S2_sluggish_switch_090,A,worst_mode_cost_penalty,C1_true_arx_worst,C0_true_arx_expected,freq_iae,0,0,,,,,,,,
scenario,S2_sluggish_switch_090,B,worst_mode_cost_penalty,C1_true_arx_worst,C0_true_arx_expected,freq_iae,0,0,,,,,,,,
scenario,S2_sluggish_switch_090,C,worst_mode_cost_penalty,C1_true_arx_worst,C0_true_arx_expected,freq_iae,0,0,,,,,,,,
scenario,S3_derated_coincident,ALL,worst_mode_cost_penalty,C1_true_arx_worst,C0_true_arx_expected,freq_iae,90,89,2.2917083725080736,1.7455701142774522,0.546138258230621,0.5450521174804157,0.41085991537012284,0.685241846660293,9.999000099990002e-05,2.4259158571611823e-08
scenario,S3_derated_coincident,A,worst_mode_cost_penalty,C1_true_arx_worst,C0_true_arx_expected,freq_iae,30,30,2.106174058441641,1.61397422067219,0.4921998377694509,0.5655436877353843,0.3322339682225976,0.7990461089405769,0.0008999100089991,0.0018640067428350449
scenario,S3_derated_coincident,B,worst_mode_cost_penalty,C1_true_arx_worst,C0_true_arx_expected,freq_iae,30,29,2.2882527827645958,2.1723324049201325,0.11592037784446346,0.15581676079012552,0.007365877956573283,0.3423920004366692,0.2054794520547945,0.5792817249894142
scenario,S3_derated_coincident,C,worst_mode_cost_penalty,C1_true_arx_worst,C0_true_arx_expected,freq_iae,30,30,2.480583089993201,1.4646291269281242,1.015953963065077,0.9008213920260608,0.6716428931216758,1.1325555587818381,9.999000099990002e-05,1.862645149230957e-09
scenario,S4_unavailable_coincident,ALL,worst_mode_cost_penalty,C1_true_arx_worst,C0_true_arx_expected,freq_iae,90,90,1.191755315009631,1.1810548456090504,0.010700469400580542,0.03784486072287713,-0.012552671974143123,0.08953887240777787,0.7130286971302869,0.9823440258049242
scenario,S4_unavailable_coincident,A,worst_mode_cost_penalty,C1_true_arx_worst,C0_true_arx_expected,freq_iae,30,30,1.0293328443783554,0.9990956644874558,0.030237179890899614,0.05752029279521609,-0.03248730613401767,0.14925443041299585,0.5114488551144886,0.3284698575735092
scenario,S4_unavailable_coincident,B,worst_mode_cost_penalty,C1_true_arx_worst,C0_true_arx_expected,freq_iae,30,30,1.1414287824917622,1.1239952908435014,0.017433491648261103,0.0657720325334092,-0.0493555013568585,0.1856770442898136,0.764023597640236,0.9515264742076397
scenario,S4_unavailable_coincident,C,worst_mode_cost_penalty,C1_true_arx_worst,C0_true_arx_expected,freq_iae,30,30,1.404504318158775,1.4200735814961944,-0.015569263337419089,-0.009757743159993967,-0.027584773879876835,0.0080974158227878,0.20567943205679431,0.19092952087521553
scenario,S5_multi_switch_stochastic,ALL,worst_mode_cost_penalty,C1_true_arx_worst,C0_true_arx_expected,freq_iae,90,90,0.703524805924884,0.8169977142599055,-0.11347290833502165,-0.1312117527364404,-0.15176138607039366,-0.1087844020531625,9.999000099990002e-05,7.544749926635245e-14
scenario,S5_multi_switch_stochastic,A,worst_mode_cost_penalty,C1_true_arx_worst,C0_true_arx_expected,freq_iae,30,30,0.7075153789855823,0.8687397154289235,-0.16122433644334136,-0.18219192038999496,-0.20714140797841532,-0.15605444658649528,9.999000099990002e-05,3.725290298461914e-09
scenario,S5_multi_switch_stochastic,B,worst_mode_cost_penalty,C1_true_arx_worst,C0_true_arx_expected,freq_iae,30,30,0.7390715270748649,0.8165308591541616,-0.0774593320792967,-0.08525060836480555,-0.12382376822559088,-0.04652021920065978,0.00029997000299970003,0.0003800932317972183
scenario,S5_multi_switch_stochastic,C,worst_mode_cost_penalty,C1_true_arx_worst,C0_true_arx_expected,freq_iae,30,30,0.6639875117142047,0.7657225681966315,-0.1017350564824269,-0.12619272945452079,-0.16247009214185065,-0.08436223772019592,9.999000099990002e-05,3.7904828786849976e-06
scenario,S6_sluggish_coincident_high_noise,ALL,worst_mode_cost_penalty,C1_true_arx_worst,C0_true_arx_expected,freq_iae,90,90,1.590881333948667,1.9130168559539606,-0.3221355220052932,-0.06348343174532405,-0.12942455233960576,-0.0006338796648356625,9.999000099990002e-05,0.19441119634658965
scenario,S6_sluggish_coincident_high_noise,A,worst_mode_cost_penalty,C1_true_arx_worst,C0_true_arx_expected,freq_iae,30,30,1.6661709699118739,1.3268497118914153,0.3393212580204584,0.2565621598457976,0.23373993455672118,0.2803871759535484,9.999000099990002e-05,1.862645149230957e-09
scenario,S6_sluggish_coincident_high_noise,B,worst_mode_cost_penalty,C1_true_arx_worst,C0_true_arx_expected,freq_iae,30,30,1.6303259058499282,1.5837135325551777,0.04661237329475031,0.0310314000030721,0.010508335318694844,0.050294442801320415,0.008599140085991401,0.007612137123942375
scenario,S6_sluggish_coincident_high_noise,C,worst_mode_cost_penalty,C1_true_arx_worst,C0_true_arx_expected,freq_iae,30,30,1.476147126084201,2.8284873234152896,-1.3523401973310887,-0.47804385508484176,-0.4841429150261122,-0.4718526396769751,9.999000099990002e-05,1.862645149230957e-09
scenario,S6_sluggish_coincident_low_noise,ALL,worst_mode_cost_penalty,C1_true_arx_worst,C0_true_arx_expected,freq_iae,0,0,,,,,,,,
scenario,S6_sluggish_coincident_low_noise,A,worst_mode_cost_penalty,C1_true_arx_worst,C0_true_arx_expected,freq_iae,0,0,,,,,,,,
scenario,S6_sluggish_coincident_low_noise,B,worst_mode_cost_penalty,C1_true_arx_worst,C0_true_arx_expected,freq_iae,0,0,,,,,,,,
scenario,S6_sluggish_coincident_low_noise,C,worst_mode_cost_penalty,C1_true_arx_worst,C0_true_arx_expected,freq_iae,0,0,,,,,,,,
scenario,S6_sluggish_coincident_medium_noise,ALL,worst_mode_cost_penalty,C1_true_arx_worst,C0_true_arx_expected,freq_iae,0,0,,,,,,,,
scenario,S6_sluggish_coincident_medium_noise,A,worst_mode_cost_penalty,C1_true_arx_worst,C0_true_arx_expected,freq_iae,0,0,,,,,,,,
scenario,S6_sluggish_coincident_medium_noise,B,worst_mode_cost_penalty,C1_true_arx_worst,C0_true_arx_expected,freq_iae,0,0,,,,,,,,
scenario,S6_sluggish_coincident_medium_noise,C,worst_mode_cost_penalty,C1_true_arx_worst,C0_true_arx_expected,freq_iae,0,0,,,,,,,,
scenario,S7_ood_asymmetric_limit,ALL,worst_mode_cost_penalty,C1_true_arx_worst,C0_true_arx_expected,freq_iae,0,0,,,,,,,,
scenario,S7_ood_asymmetric_limit,A,worst_mode_cost_penalty,C1_true_arx_worst,C0_true_arx_expected,freq_iae,0,0,,,,,,,,
scenario,S7_ood_asymmetric_limit,B,worst_mode_cost_penalty,C1_true_arx_worst,C0_true_arx_expected,freq_iae,0,0,,,,,,,,
scenario,S7_ood_asymmetric_limit,C,worst_mode_cost_penalty,C1_true_arx_worst,C0_true_arx_expected,freq_iae,0,0,,,,,,,,
scenario,S8_ood_time_varying_delay,ALL,worst_mode_cost_penalty,C1_true_arx_worst,C0_true_arx_expected,freq_iae,0,0,,,,,,,,
scenario,S8_ood_time_varying_delay,A,worst_mode_cost_penalty,C1_true_arx_worst,C0_true_arx_expected,freq_iae,0,0,,,,,,,,
scenario,S8_ood_time_varying_delay,B,worst_mode_cost_penalty,C1_true_arx_worst,C0_true_arx_expected,freq_iae,0,0,,,,,,,,
scenario,S8_ood_time_varying_delay,C,worst_mode_cost_penalty,C1_true_arx_worst,C0_true_arx_expected,freq_iae,0,0,,,,,,,,
scenario,S9_compound_unavailable_double_step,ALL,worst_mode_cost_penalty,C1_true_arx_worst,C0_true_arx_expected,freq_iae,0,0,,,,,,,,
scenario,S9_compound_unavailable_double_step,A,worst_mode_cost_penalty,C1_true_arx_worst,C0_true_arx_expected,freq_iae,0,0,,,,,,,,
scenario,S9_compound_unavailable_double_step,B,worst_mode_cost_penalty,C1_true_arx_worst,C0_true_arx_expected,freq_iae,0,0,,,,,,,,
scenario,S9_compound_unavailable_double_step,C,worst_mode_cost_penalty,C1_true_arx_worst,C0_true_arx_expected,freq_iae,0,0,,,,,,,,
overall,ALL,ALL,worst_mode_cost_penalty,C1_true_arx_worst,C0_true_arx_expected,max_abs_freq_hz,720,718,0.21668723562329906,0.21500393174230828,0.001683303880990814,0.02741877012651292,0.015422140888014763,0.041525052523380034,9.999000099990002e-05,2.284508854268375e-15
overall,ALL,A,worst_mode_cost_penalty,C1_true_arx_worst,C0_true_arx_expected,max_abs_freq_hz,240,240,0.21464835843676525,0.2138913277191511,0.0007570307176141364,-0.0004015886421709291,-0.014445606707458897,0.014763127612162473,0.041695830416958304,0.013297558998155847
overall,ALL,B,worst_mode_cost_penalty,C1_true_arx_worst,C0_true_arx_expected,max_abs_freq_hz,240,238,0.21665420743781152,0.21377019911853248,0.0028840083192789986,0.04751495315292386,0.02617058353190505,0.07172933723137224,9.999000099990002e-05,1.4903378571106005e-12
overall,ALL,C,worst_mode_cost_penalty,C1_true_arx_worst,C0_true_arx_expected,max_abs_freq_hz,240,240,0.21875886576044146,0.21733998728404308,0.0014188784763983755,0.03531041406067257,0.01316128611984581,0.0669491695206649,9.999000099990002e-05,6.413373263704508e-05
scenario,S0_nominal_stochastic,ALL,worst_mode_cost_penalty,C1_true_arx_worst,C0_true_arx_expected,max_abs_freq_hz,90,90,0.011870324427387884,0.01188570692785679,-1.5382500468909942e-05,-0.0005639412998162687,-0.007099024941965105,0.006071600452884638,0.688931106889311,0.6220607739934277
scenario,S0_nominal_stochastic,A,worst_mode_cost_penalty,C1_true_arx_worst,C0_true_arx_expected,max_abs_freq_hz,30,30,0.01192515431992549,0.011917653798905649,7.5005210198413745e-06,0.000909026912302257,-0.008210026182154568,0.010379140906808028,0.8942105789421058,0.8531003889790088
scenario,S0_nominal_stochastic,B,worst_mode_cost_penalty,C1_true_arx_worst,C0_true_arx_expected,max_abs_freq_hz,30,30,0.011882284558786737,0.011900724483447736,-1.8439924661002813e-05,-0.0006474533035666174,-0.012780028708602696,0.010567854455041619,0.8189181081891811,0.8692939247222944
scenario,S0_nominal_stochastic,C,worst_mode_cost_penalty,C1_true_arx_worst,C0_true_arx_expected,max_abs_freq_hz,30,30,0.011803534403451419,0.011838742501216987,-3.5208097765568386e-05,-0.0019533975081844454,-0.0143507815872937,0.010860397086599576,0.638936106389361,0.6070872259655051
scenario,S1_step_neg_002,ALL,worst_mode_cost_penalty,C1_true_arx_worst,C0_true_arx_expected,max_abs_freq_hz,0,0,,,,,,,,
scenario,S1_step_neg_002,A,worst_mode_cost_penalty,C1_true_arx_worst,C0_true_arx_expected,max_abs_freq_hz,0,0,,,,,,,,
scenario,S1_step_neg_002,B,worst_mode_cost_penalty,C1_true_arx_worst,C0_true_arx_expected,max_abs_freq_hz,0,0,,,,,,,,
scenario,S1_step_neg_002,C,worst_mode_cost_penalty,C1_true_arx_worst,C0_true_arx_expected,max_abs_freq_hz,0,0,,,,,,,,
scenario,S1_step_neg_004,ALL,worst_mode_cost_penalty,C1_true_arx_worst,C0_true_arx_expected,max_abs_freq_hz,0,0,,,,,,,,
scenario,S1_step_neg_004,A,worst_mode_cost_penalty,C1_true_arx_worst,C0_true_arx_expected,max_abs_freq_hz,0,0,,,,,,,,
scenario,S1_step_neg_004,B,worst_mode_cost_penalty,C1_true_arx_worst,C0_true_arx_expected,max_abs_freq_hz,0,0,,,,,,,,
scenario,S1_step_neg_004,C,worst_mode_cost_penalty,C1_true_arx_worst,C0_true_arx_expected,max_abs_freq_hz,0,0,,,,,,,,
scenario,S1_step_neg_006,ALL,worst_mode_cost_penalty,C1_true_arx_worst,C0_true_arx_expected,max_abs_freq_hz,0,0,,,,,,,,
scenario,S1_step_neg_006,A,worst_mode_cost_penalty,C1_true_arx_worst,C0_true_arx_expected,max_abs_freq_hz,0,0,,,,,,,,
scenario,S1_step_neg_006,B,worst_mode_cost_penalty,C1_true_arx_worst,C0_true_arx_expected,max_abs_freq_hz,0,0,,,,,,,,
scenario,S1_step_neg_006,C,worst_mode_cost_penalty,C1_true_arx_worst,C0_true_arx_expected,max_abs_freq_hz,0,0,,,,,,,,
scenario,S1_step_neg_008,ALL,worst_mode_cost_penalty,C1_true_arx_worst,C0_true_arx_expected,max_abs_freq_hz,0,0,,,,,,,,
scenario,S1_step_neg_008,A,worst_mode_cost_penalty,C1_true_arx_worst,C0_true_arx_expected,max_abs_freq_hz,0,0,,,,,,,,
scenario,S1_step_neg_008,B,worst_mode_cost_penalty,C1_true_arx_worst,C0_true_arx_expected,max_abs_freq_hz,0,0,,,,,,,,
scenario,S1_step_neg_008,C,worst_mode_cost_penalty,C1_true_arx_worst,C0_true_arx_expected,max_abs_freq_hz,0,0,,,,,,,,
scenario,S1_step_pos_002,ALL,worst_mode_cost_penalty,C1_true_arx_worst,C0_true_arx_expected,max_abs_freq_hz,0,0,,,,,,,,
scenario,S1_step_pos_002,A,worst_mode_cost_penalty,C1_true_arx_worst,C0_true_arx_expected,max_abs_freq_hz,0,0,,,,,,,,
scenario,S1_step_pos_002,B,worst_mode_cost_penalty,C1_true_arx_worst,C0_true_arx_expected,max_abs_freq_hz,0,0,,,,,,,,
scenario,S1_step_pos_002,C,worst_mode_cost_penalty,C1_true_arx_worst,C0_true_arx_expected,max_abs_freq_hz,0,0,,,,,,,,
scenario,S1_step_pos_004,ALL,worst_mode_cost_penalty,C1_true_arx_worst,C0_true_arx_expected,max_abs_freq_hz,0,0,,,,,,,,
scenario,S1_step_pos_004,A,worst_mode_cost_penalty,C1_true_arx_worst,C0_true_arx_expected,max_abs_freq_hz,0,0,,,,,,,,
scenario,S1_step_pos_004,B,worst_mode_cost_penalty,C1_true_arx_worst,C0_true_arx_expected,max_abs_freq_hz,0,0,,,,,,,,
scenario,S1_step_pos_004,C,worst_mode_cost_penalty,C1_true_arx_worst,C0_true_arx_expected,max_abs_freq_hz,0,0,,,,,,,,
scenario,S1_step_pos_006,ALL,worst_mode_cost_penalty,C1_true_arx_worst,C0_true_arx_expected,max_abs_freq_hz,90,90,0.2505086620607524,0.2504877257104293,2.0936350323009284e-05,0.00010086172841008031,-0.0009961902787337564,0.001246489964493928,0.8432156784321568,0.5184075602225734
scenario,S1_step_pos_006,A,worst_mode_cost_penalty,C1_true_arx_worst,C0_true_arx_expected,max_abs_freq_hz,30,30,0.2490637559540658,0.24907400018498552,-1.0244230919727778e-05,-3.8851481353189544e-05,-0.0007540037504962094,0.0007656225382853771,0.9245075492450755,0.308520769700408
scenario,S1_step_pos_006,B,worst_mode_cost_penalty,C1_true_arx_worst,C0_true_arx_expected,max_abs_freq_hz,30,30,0.25094998958894305,0.2508040303893542,0.0001459591995888021,0.0006306260658352929,-0.002696715914183827,0.0038187888314740654,0.5788421157884212,0.28008678182959557
scenario,S1_step_pos_006,C,worst_mode_cost_penalty,C1_true_arx_worst,C0_true_arx_expected,max_abs_freq_hz,30,30,0.2515122406392482,0.25158514655694825,-7.290591770004647e-05,-0.0002891893992518619,-0.0006150307103562166,5.33845529050005e-06,0.0872912708729127,0.23665234446525574
scenario,S1_step_pos_008,ALL,worst_mode_cost_penalty,C1_true_arx_worst,C0_true_arx_expected,max_abs_freq_hz,0,0,,,,,,,,
scenario,S1_step_pos_008,A,worst_mode_cost_penalty,C1_true_arx_worst,C0_true_arx_expected,max_abs_freq_hz,0,0,,,,,,,,
scenario,S1_step_pos_008,B,worst_mode_cost_penalty,C1_true_arx_worst,C0_true_arx_expected,max_abs_freq_hz,0,0,,,,,,,,
scenario,S1_step_pos_008,C,worst_mode_cost_penalty,C1_true_arx_worst,C0_true_arx_expected,max_abs_freq_hz,0,0,,,,,,,,
scenario,S2_sluggish_switch_050,ALL,worst_mode_cost_penalty,C1_true_arx_worst,C0_true_arx_expected,max_abs_freq_hz,90,90,0.2881701778359105,0.2862568485958923,0.0019133292400181751,0.006692610989682874,0.005146534539396766,0.008237476448825921,9.999000099990002e-05,1.2537361426267812e-11
scenario,S2_sluggish_switch_050,A,worst_mode_cost_penalty,C1_true_arx_worst,C0_true_arx_expected,max_abs_freq_hz,30,30,0.28610750163303267,0.28479154616379226,0.0013159554692404837,0.004620680630691529,0.003397918702785848,0.0058721597061415585,9.999000099990002e-05,4.7124922275543213e-07
scenario,S2_sluggish_switch_050,B,worst_mode_cost_penalty,C1_true_arx_worst,C0_true_arx_expected,max_abs_freq_hz,30,30,0.28824316678141815,0.28515883830636446,0.003084328475053701,0.010817624878858793,0.008392512030134565,0.01344575652469863,9.999000099990002e-05,5.587935447692871e-09
scenario,S2_sluggish_switch_050,C,worst_mode_cost_penalty,C1_true_arx_worst,C0_true_arx_expected,max_abs_freq_hz,30,30,0.29015986509328057,0.28882016131752025,0.0013397037757603405,0.004639527459498297,0.0014320736431086133,0.007827225850842095,0.006899310068993101,0.01283373311161995
scenario,S2_sluggish_switch_060,ALL,worst_mode_cost_penalty,C1_true_arx_worst,C0_true_arx_expected,max_abs_freq_hz,90,89,0.28829882788834693,0.2865476161005893,0.0017512117877576535,0.006140346232177986,0.004712470739394174,0.007560246608542905,9.999000099990002e-05,2.764216976065154e-11
scenario,S2_sluggish_switch_060,A,worst_mode_cost_penalty,C1_true_arx_worst,C0_true_arx_expected,max_abs_freq_hz,30,30,0.2861491705823286,0.2848172538001137,0.001331916782214924,0.004696782548210032,0.002835124306955054,0.006725806604138687,9.999000099990002e-05,3.049522638320923e-05
scenario,S2_sluggish_switch_060,B,worst_mode_cost_penalty,C1_true_arx_worst,C0_true_arx_expected,max_abs_freq_hz,30,29,0.2880549871339645,0.2853953166544151,0.002659670479549457,0.009342409330397773,0.006986231780072319,0.011572256620194597,9.999000099990002e-05,1.2293457984924316e-07
scenario,S2_sluggish_switch_060,C,worst_mode_cost_penalty,C1_true_arx_worst,C0_true_arx_expected,max_abs_freq_hz,30,30,0.2906841979236017,0.2893918678657,0.0012923300579016398,0.004488582254533482,0.0018472353220279022,0.007229034698175902,0.0029997000299970002,0.0015832837671041489
scenario,S2_sluggish_switch_090,ALL,worst_mode_cost_penalty,C1_true_arx_worst,C0_true_arx_expected,max_abs_freq_hz,0,0,,,,,,,,
scenario,S2_sluggish_switch_090,A,worst_mode_cost_penalty,C1_true_arx_worst,C0_true_arx_expected,max_abs_freq_hz,0,0,,,,,,,,
scenario,S2_sluggish_switch_090,B,worst_mode_cost_penalty,C1_true_arx_worst,C0_true_arx_expected,max_abs_freq_hz,0,0,,,,,,,,
scenario,S2_sluggish_switch_090,C,worst_mode_cost_penalty,C1_true_arx_worst,C0_true_arx_expected,max_abs_freq_hz,0,0,,,,,,,,
scenario,S3_derated_coincident,ALL,worst_mode_cost_penalty,C1_true_arx_worst,C0_true_arx_expected,max_abs_freq_hz,90,89,0.27422751576357995,0.273989112722141,0.00023840304143895216,0.0009270770465165112,-0.0005141598523206222,0.0028237980395740096,0.37566243375662434,0.3801679277076647
scenario,S3_derated_coincident,A,worst_mode_cost_penalty,C1_true_arx_worst,C0_true_arx_expected,max_abs_freq_hz,30,30,0.2704177465356367,0.2703690170274798,4.8729508156941656e-05,0.0001793607775521768,-0.00014839803431422006,0.0006267242024672734,0.47555244475552444,0.7456546742469072
scenario,S3_derated_coincident,B,worst_mode_cost_penalty,C1_true_arx_worst,C0_true_arx_expected,max_abs_freq_hz,30,29,0.272459820254697,0.2717613694051954,0.0006984508495015283,0.002706584630458308,-0.0003171530361737142,0.007790485924863562,0.32656734326567344,0.33573371544480324
scenario,S3_derated_coincident,C,worst_mode_cost_penalty,C1_true_arx_worst,C0_true_arx_expected,max_abs_freq_hz,30,30,0.2797460573167768,0.27976269362318296,-1.6636306406194364e-05,-4.539734899622377e-05,-0.002582315179326958,0.0024986967405701116,0.9607039296070393,0.5291051845997572
scenario,S4_unavailable_coincident,ALL,worst_mode_cost_penalty,C1_true_arx_worst,C0_true_arx_expected,max_abs_freq_hz,90,90,0.29622702932943634,0.29624484317882505,-1.781384938881223e-05,-5.465513232896925e-05,-0.0005102100306903809,0.0004144627018369265,0.8044195580441956,0.659507003829447
scenario,S4_unavailable_coincident,A,worst_mode_cost_penalty,C1_true_arx_worst,C0_true_arx_expected,max_abs_freq_hz,30,30,0.29277734022926066,0.29279748406785316,-2.0143838592527145e-05,-6.885829601307421e-05,-0.0002489606205454105,8.561993922840068e-05,0.48385161483851613,0.6701805889606476
scenario,S4_unavailable_coincident,B,worst_mode_cost_penalty,C1_true_arx_worst,C0_true_arx_expected,max_abs_freq_hz,30,30,0.29566259513439774,0.29556680441703814,9.579071735963766e-05,0.0003260886527020332,-0.0003647668900973729,0.0013031610440922374,0.6311368863113689,0.5978077705949545
scenario,S4_unavailable_coincident,C,worst_mode_cost_penalty,C1_true_arx_worst,C0_true_arx_expected,max_abs_freq_hz,30,30,0.3002411526246504,0.3003702410515839,-0.0001290884269335472,-0.0004211957536758667,-0.0014834717459890465,0.0006121265203723565,0.45085491450854914,0.8552717231214046
scenario,S5_multi_switch_stochastic,ALL,worst_mode_cost_penalty,C1_true_arx_worst,C0_true_arx_expected,max_abs_freq_hz,90,90,0.03425291151208531,0.029893665081702995,0.004359246430382313,0.1865267452842491,0.09539902048593679,0.29319458744647076,0.00029997000299970003,0.0022734637902215673
scenario,S5_multi_switch_stochastic,A,worst_mode_cost_penalty,C1_true_arx_worst,C0_true_arx_expected,max_abs_freq_hz,30,30,0.03102714392653695,0.032605846774027315,-0.0015787028474903556,-0.03224249453309079,-0.13881155584286417,0.08756960364603487,0.4106589341065893,0.12413446232676506
scenario,S5_multi_switch_stochastic,B,worst_mode_cost_penalty,C1_true_arx_worst,C0_true_arx_expected,max_abs_freq_hz,30,30,0.03798398074534364,0.028993904155825843,0.008990076589517811,0.3274967874083793,0.18124315197490554,0.4829222845896413,0.0006999300069993001,0.0005054883658885956
scenario,S5_multi_switch_stochastic,C,worst_mode_cost_penalty,C1_true_arx_worst,C0_true_arx_expected,max_abs_freq_hz,30,30,0.03374760986437532,0.028081244315255834,0.005666365549119485,0.2643259429774588,0.10108829637320703,0.4957160735347246,0.0006999300069993001,0.0005548261106014252
scenario,S6_sluggish_coincident_high_noise,ALL,worst_mode_cost_penalty,C1_true_arx_worst,C0_true_arx_expected,max_abs_freq_hz,90,90,0.2913774569733972,0.2861762563470084,0.005201200626388743,0.019050337085719463,0.011396807316468999,0.02687604671874707,9.999000099990002e-05,5.3961330518011025e-05
scenario,S6_sluggish_coincident_high_noise,A,worst_mode_cost_penalty,C1_true_arx_worst,C0_true_arx_expected,max_abs_freq_hz,30,30,0.28971905431333494,0.2847578199360515,0.004961234377283511,0.018731644304333623,0.003561247855463475,0.03398361142350014,0.0337966203379662,0.0635564886033535
scenario,S6_sluggish_coincident_high_noise,B,worst_mode_cost_penalty,C1_true_arx_worst,C0_true_arx_expected,max_abs_freq_hz,30,30,0.29223704838870895,0.2849011480640372,0.0073359003246718235,0.0266809271488264,0.0126072239323113,0.04134343143891047,0.0010998900109989002,0.001718590036034584
scenario,S6_sluggish_coincident_high_noise,C,worst_mode_cost_penalty,C1_true_arx_worst,C0_true_arx_expected,max_abs_freq_hz,30,30,0.2921762682181474,0.2888698010409365,0.003306467177210894,0.011738439803998357,0.003619753345765562,0.02016343046820791,0.011698830116988301,0.026228994131088257
scenario,S6_sluggish_coincident_low_noise,ALL,worst_mode_cost_penalty,C1_true_arx_worst,C0_true_arx_expected,max_abs_freq_hz,0,0,,,,,,,,
scenario,S6_sluggish_coincident_low_noise,A,worst_mode_cost_penalty,C1_true_arx_worst,C0_true_arx_expected,max_abs_freq_hz,0,0,,,,,,,,
scenario,S6_sluggish_coincident_low_noise,B,worst_mode_cost_penalty,C1_true_arx_worst,C0_true_arx_expected,max_abs_freq_hz,0,0,,,,,,,,
scenario,S6_sluggish_coincident_low_noise,C,worst_mode_cost_penalty,C1_true_arx_worst,C0_true_arx_expected,max_abs_freq_hz,0,0,,,,,,,,
scenario,S6_sluggish_coincident_medium_noise,ALL,worst_mode_cost_penalty,C1_true_arx_worst,C0_true_arx_expected,max_abs_freq_hz,0,0,,,,,,,,
scenario,S6_sluggish_coincident_medium_noise,A,worst_mode_cost_penalty,C1_true_arx_worst,C0_true_arx_expected,max_abs_freq_hz,0,0,,,,,,,,
scenario,S6_sluggish_coincident_medium_noise,B,worst_mode_cost_penalty,C1_true_arx_worst,C0_true_arx_expected,max_abs_freq_hz,0,0,,,,,,,,
scenario,S6_sluggish_coincident_medium_noise,C,worst_mode_cost_penalty,C1_true_arx_worst,C0_true_arx_expected,max_abs_freq_hz,0,0,,,,,,,,
scenario,S7_ood_asymmetric_limit,ALL,worst_mode_cost_penalty,C1_true_arx_worst,C0_true_arx_expected,max_abs_freq_hz,0,0,,,,,,,,
scenario,S7_ood_asymmetric_limit,A,worst_mode_cost_penalty,C1_true_arx_worst,C0_true_arx_expected,max_abs_freq_hz,0,0,,,,,,,,
scenario,S7_ood_asymmetric_limit,B,worst_mode_cost_penalty,C1_true_arx_worst,C0_true_arx_expected,max_abs_freq_hz,0,0,,,,,,,,
scenario,S7_ood_asymmetric_limit,C,worst_mode_cost_penalty,C1_true_arx_worst,C0_true_arx_expected,max_abs_freq_hz,0,0,,,,,,,,
scenario,S8_ood_time_varying_delay,ALL,worst_mode_cost_penalty,C1_true_arx_worst,C0_true_arx_expected,max_abs_freq_hz,0,0,,,,,,,,
scenario,S8_ood_time_varying_delay,A,worst_mode_cost_penalty,C1_true_arx_worst,C0_true_arx_expected,max_abs_freq_hz,0,0,,,,,,,,
scenario,S8_ood_time_varying_delay,B,worst_mode_cost_penalty,C1_true_arx_worst,C0_true_arx_expected,max_abs_freq_hz,0,0,,,,,,,,
scenario,S8_ood_time_varying_delay,C,worst_mode_cost_penalty,C1_true_arx_worst,C0_true_arx_expected,max_abs_freq_hz,0,0,,,,,,,,
scenario,S9_compound_unavailable_double_step,ALL,worst_mode_cost_penalty,C1_true_arx_worst,C0_true_arx_expected,max_abs_freq_hz,0,0,,,,,,,,
scenario,S9_compound_unavailable_double_step,A,worst_mode_cost_penalty,C1_true_arx_worst,C0_true_arx_expected,max_abs_freq_hz,0,0,,,,,,,,
scenario,S9_compound_unavailable_double_step,B,worst_mode_cost_penalty,C1_true_arx_worst,C0_true_arx_expected,max_abs_freq_hz,0,0,,,,,,,,
scenario,S9_compound_unavailable_double_step,C,worst_mode_cost_penalty,C1_true_arx_worst,C0_true_arx_expected,max_abs_freq_hz,0,0,,,,,,,,
overall,ALL,ALL,worst_mode_cost_penalty,C1_true_arx_worst,C0_true_arx_expected,sg_mileage,720,718,0.798985914464801,0.6571188695044361,0.14186704496036506,0.5252573897770771,0.4655868205080562,0.5860730900666578,9.999000099990002e-05,4.0996899779868287e-19
overall,ALL,A,worst_mode_cost_penalty,C1_true_arx_worst,C0_true_arx_expected,sg_mileage,240,240,0.9816186232799705,0.8240239169288163,0.15759470635115433,0.5669165878688726,0.4515574710314288,0.6847521806778805,0.0006999300069993001,0.0006330841882975256
overall,ALL,B,worst_mode_cost_penalty,C1_true_arx_worst,C0_true_arx_expected,sg_mileage,240,238,0.8494145439043042,0.710117009983835,0.13929753392046923,0.4498443249033444,0.3577507462081197,0.5429123943429323,9.999000099990002e-05,4.3744105771022855e-07
overall,ALL,C,worst_mode_cost_penalty,C1_true_arx_worst,C0_true_arx_expected,sg_mileage,240,240,0.5663448147887913,0.43765733277131874,0.12868748201747254,0.5583828143517332,0.45839313589608033,0.6613669296131927,9.999000099990002e-05,3.974538885942846e-12
scenario,S0_nominal_stochastic,ALL,worst_mode_cost_penalty,C1_true_arx_worst,C0_true_arx_expected,sg_mileage,90,90,0.6849435555026029,0.6833918277545613,0.0015517277480416414,0.0026150863177253417,-0.004707563426991783,0.009862296425721631,0.5406459354064593,0.436224936878457
scenario,S0_nominal_stochastic,A,worst_mode_cost_penalty,C1_true_arx_worst,C0_true_arx_expected,sg_mileage,30,30,0.7207318639432934,0.7216571768576744,-0.0009253129143809306,-0.0010626759623890787,-0.010857212378707409,0.008669896132049182,0.8103189681031897,0.7765688337385654
scenario,S0_nominal_stochastic,B,worst_mode_cost_penalty,C1_true_arx_worst,C0_true_arx_expected,sg_mileage,30,30,0.7136755521210435,0.7083200099054161,0.005355542215627229,0.008066549034517015,-0.007328317689391356,0.02313342682999118,0.33856614338566143,0.23665234446525574
scenario,S0_nominal_stochastic,C,worst_mode_cost_penalty,C1_true_arx_worst,C0_true_arx_expected,sg_mileage,30,30,0.6204232504434722,0.6201982965005934,0.00022495394287862512,0.0008413858810480892,-0.010838977657728826,0.012713869170146972,0.9525047495250475,0.9032264724373817
scenario,S1_step_neg_002,ALL,worst_mode_cost_penalty,C1_true_arx_worst,C0_true_arx_expected,sg_mileage,0,0,,,,,,,,
scenario,S1_step_neg_002,A,worst_mode_cost_penalty,C1_true_arx_worst,C0_true_arx_expected,sg_mileage,0,0,,,,,,,,
scenario,S1_step_neg_002,B,worst_mode_cost_penalty,C1_true_arx_worst,C0_true_arx_expected,sg_mileage,0,0,,,,,,,,
scenario,S1_step_neg_002,C,worst_mode_cost_penalty,C1_true_arx_worst,C0_true_arx_expected,sg_mileage,0,0,,,,,,,,
scenario,S1_step_neg_004,ALL,worst_mode_cost_penalty,C1_true_arx_worst,C0_true_arx_expected,sg_mileage,0,0,,,,,,,,
scenario,S1_step_neg_004,A,worst_mode_cost_penalty,C1_true_arx_worst,C0_true_arx_expected,sg_mileage,0,0,,,,,,,,
scenario,S1_step_neg_004,B,worst_mode_cost_penalty,C1_true_arx_worst,C0_true_arx_expected,sg_mileage,0,0,,,,,,,,
scenario,S1_step_neg_004,C,worst_mode_cost_penalty,C1_true_arx_worst,C0_true_arx_expected,sg_mileage,0,0,,,,,,,,
scenario,S1_step_neg_006,ALL,worst_mode_cost_penalty,C1_true_arx_worst,C0_true_arx_expected,sg_mileage,0,0,,,,,,,,
scenario,S1_step_neg_006,A,worst_mode_cost_penalty,C1_true_arx_worst,C0_true_arx_expected,sg_mileage,0,0,,,,,,,,
scenario,S1_step_neg_006,B,worst_mode_cost_penalty,C1_true_arx_worst,C0_true_arx_expected,sg_mileage,0,0,,,,,,,,
scenario,S1_step_neg_006,C,worst_mode_cost_penalty,C1_true_arx_worst,C0_true_arx_expected,sg_mileage,0,0,,,,,,,,
scenario,S1_step_neg_008,ALL,worst_mode_cost_penalty,C1_true_arx_worst,C0_true_arx_expected,sg_mileage,0,0,,,,,,,,
scenario,S1_step_neg_008,A,worst_mode_cost_penalty,C1_true_arx_worst,C0_true_arx_expected,sg_mileage,0,0,,,,,,,,
scenario,S1_step_neg_008,B,worst_mode_cost_penalty,C1_true_arx_worst,C0_true_arx_expected,sg_mileage,0,0,,,,,,,,
scenario,S1_step_neg_008,C,worst_mode_cost_penalty,C1_true_arx_worst,C0_true_arx_expected,sg_mileage,0,0,,,,,,,,
scenario,S1_step_pos_002,ALL,worst_mode_cost_penalty,C1_true_arx_worst,C0_true_arx_expected,sg_mileage,0,0,,,,,,,,
scenario,S1_step_pos_002,A,worst_mode_cost_penalty,C1_true_arx_worst,C0_true_arx_expected,sg_mileage,0,0,,,,,,,,
scenario,S1_step_pos_002,B,worst_mode_cost_penalty,C1_true_arx_worst,C0_true_arx_expected,sg_mileage,0,0,,,,,,,,
scenario,S1_step_pos_002,C,worst_mode_cost_penalty,C1_true_arx_worst,C0_true_arx_expected,sg_mileage,0,0,,,,,,,,
scenario,S1_step_pos_004,ALL,worst_mode_cost_penalty,C1_true_arx_worst,C0_true_arx_expected,sg_mileage,0,0,,,,,,,,
scenario,S1_step_pos_004,A,worst_mode_cost_penalty,C1_true_arx_worst,C0_true_arx_expected,sg_mileage,0,0,,,,,,,,
scenario,S1_step_pos_004,B,worst_mode_cost_penalty,C1_true_arx_worst,C0_true_arx_expected,sg_mileage,0,0,,,,,,,,
scenario,S1_step_pos_004,C,worst_mode_cost_penalty,C1_true_arx_worst,C0_true_arx_expected,sg_mileage,0,0,,,,,,,,
scenario,S1_step_pos_006,ALL,worst_mode_cost_penalty,C1_true_arx_worst,C0_true_arx_expected,sg_mileage,90,90,0.5223888843546114,0.5373840745259361,-0.014995190171324474,-0.02132056776325445,-0.041091083339149244,-0.001282390877931065,0.014598540145985401,0.027881767839410314
scenario,S1_step_pos_006,A,worst_mode_cost_penalty,C1_true_arx_worst,C0_true_arx_expected,sg_mileage,30,30,0.5735883094041115,0.5915475167760061,-0.017959207371894603,-0.020784342269556316,-0.06639994929023055,0.02532624063069631,0.22497750224977503,0.22064675763249397
scenario,S1_step_pos_006,B,worst_mode_cost_penalty,C1_true_arx_worst,C0_true_arx_expected,sg_mileage,30,30,0.5295759900784398,0.5502456484982103,-0.02066965841977038,-0.03137976747139106,-0.06444014109683928,0.0028020569431974054,0.050094990500949906,0.23665234446525574
scenario,S1_step_pos_006,C,worst_mode_cost_penalty,C1_true_arx_worst,C0_true_arx_expected,sg_mileage,30,30,0.4640023535812828,0.4703590583035912,-0.006356704722308446,-0.01179759354881597,-0.032299549351163546,0.009359842085355145,0.2201779822017798,0.140283040702343
scenario,S1_step_pos_008,ALL,worst_mode_cost_penalty,C1_true_arx_worst,C0_true_arx_expected,sg_mileage,0,0,,,,,,,,
scenario,S1_step_pos_008,A,worst_mode_cost_penalty,C1_true_arx_worst,C0_true_arx_expected,sg_mileage,0,0,,,,,,,,
scenario,S1_step_pos_008,B,worst_mode_cost_penalty,C1_true_arx_worst,C0_true_arx_expected,sg_mileage,0,0,,,,,,,,
scenario,S1_step_pos_008,C,worst_mode_cost_penalty,C1_true_arx_worst,C0_true_arx_expected,sg_mileage,0,0,,,,,,,,
scenario,S2_sluggish_switch_050,ALL,worst_mode_cost_penalty,C1_true_arx_worst,C0_true_arx_expected,sg_mileage,90,90,0.8299641432577393,0.29561634548857973,0.5343477977691595,1.8109269628947848,1.761673821692131,1.8627528603356431,9.999000099990002e-05,1.7437900167092118e-16
scenario,S2_sluggish_switch_050,A,worst_mode_cost_penalty,C1_true_arx_worst,C0_true_arx_expected,sg_mileage,30,30,0.9684331487968137,0.32045123630819283,0.647981912488621,2.0273568162551223,1.936193033190384,2.1162327171282787,9.999000099990002e-05,1.862645149230957e-09
scenario,S2_sluggish_switch_050,B,worst_mode_cost_penalty,C1_true_arx_worst,C0_true_arx_expected,sg_mileage,30,30,0.8867417870207437,0.33693665716585813,0.5498051298548852,1.6359985173064997,1.5860526060442584,1.685333674036378,9.999000099990002e-05,1.862645149230957e-09
scenario,S2_sluggish_switch_050,C,worst_mode_cost_penalty,C1_true_arx_worst,C0_true_arx_expected,sg_mileage,30,30,0.6347174939556607,0.2294611429916883,0.40525635096397233,1.7694255551227325,1.7222692256259098,1.8140284398180981,9.999000099990002e-05,1.862645149230957e-09
scenario,S2_sluggish_switch_060,ALL,worst_mode_cost_penalty,C1_true_arx_worst,C0_true_arx_expected,sg_mileage,90,89,0.8247262336714679,0.32903233946871474,0.4956938942027532,1.5095766360936747,1.4649458936276167,1.5571506044700743,9.999000099990002e-05,2.5509729516632515e-16
scenario,S2_sluggish_switch_060,A,worst_mode_cost_penalty,C1_true_arx_worst,C0_true_arx_expected,sg_mileage,30,30,0.9595868949431564,0.358246684002998,0.6013402109401584,1.6876575063770844,1.5989684084821385,1.7817348353756761,9.999000099990002e-05,1.862645149230957e-09
scenario,S2_sluggish_switch_060,B,worst_mode_cost_penalty,C1_true_arx_worst,C0_true_arx_expected,sg_mileage,30,29,0.8752128243932782,0.3698230940435327,0.5053897303497455,1.3713393375564873,1.326456470254724,1.4155029063292077,9.999000099990002e-05,3.725290298461914e-09
scenario,S2_sluggish_switch_060,C,worst_mode_cost_penalty,C1_true_arx_worst,C0_true_arx_expected,sg_mileage,30,30,0.6410618680353628,0.260386932178774,0.38067493585658874,1.4651251543962127,1.4279873884473127,1.5019902216678487,9.999000099990002e-05,1.862645149230957e-09
scenario,S2_sluggish_switch_090,ALL,worst_mode_cost_penalty,C1_true_arx_worst,C0_true_arx_expected,sg_mileage,0,0,,,,,,,,
scenario,S2_sluggish_switch_090,A,worst_mode_cost_penalty,C1_true_arx_worst,C0_true_arx_expected,sg_mileage,0,0,,,,,,,,
scenario,S2_sluggish_switch_090,B,worst_mode_cost_penalty,C1_true_arx_worst,C0_true_arx_expected,sg_mileage,0,0,,,,,,,,
scenario,S2_sluggish_switch_090,C,worst_mode_cost_penalty,C1_true_arx_worst,C0_true_arx_expected,sg_mileage,0,0,,,,,,,,
scenario,S3_derated_coincident,ALL,worst_mode_cost_penalty,C1_true_arx_worst,C0_true_arx_expected,sg_mileage,90,89,0.7679607510378448,1.504291109624901,-0.7363303585870559,-0.462474828171358,-0.4812240802689171,-0.4430594739995057,9.999000099990002e-05,2.5509729516632515e-16
scenario,S3_derated_coincident,A,worst_mode_cost_penalty,C1_true_arx_worst,C0_true_arx_expected,sg_mileage,30,30,1.0050490837097124,2.143827651492623,-1.138778567782911,-0.5223358719119349,-0.5490982551619641,-0.49485218303751527,9.999000099990002e-05,1.862645149230957e-09
scenario,S3_derated_coincident,B,worst_mode_cost_penalty,C1_true_arx_worst,C0_true_arx_expected,sg_mileage,30,29,0.8293105481530906,1.57940090340334,-0.7500903552502503,-0.46907842862178534,-0.4922428973085906,-0.44242267074878594,9.999000099990002e-05,3.725290298461914e-09
scenario,S3_derated_coincident,C,worst_mode_cost_penalty,C1_true_arx_worst,C0_true_arx_expected,sg_mileage,30,30,0.471567614487906,0.792148433771353,-0.320580819283447,-0.396230303995368,-0.4251607951444869,-0.36703233458713236,9.999000099990002e-05,1.862645149230957e-09
scenario,S4_unavailable_coincident,ALL,worst_mode_cost_penalty,C1_true_arx_worst,C0_true_arx_expected,sg_mileage,90,90,0.5233340110402068,0.5230363792731177,0.0002976317670890571,0.0023434416208378958,-0.004404387326244573,0.008999761372052863,0.8927107289271073,0.7612890261257035
scenario,S4_unavailable_coincident,A,worst_mode_cost_penalty,C1_true_arx_worst,C0_true_arx_expected,sg_mileage,30,30,0.6506266684997956,0.647903069493134,0.00272359900666157,0.005774533421342435,-0.008541520432756926,0.019987928119262935,0.6031396860313969,0.6408254038542509
scenario,S4_unavailable_coincident,B,worst_mode_cost_penalty,C1_true_arx_worst,C0_true_arx_expected,sg_mileage,30,30,0.6481959490474856,0.6513282088899653,-0.0031322598424798676,-0.004014015135010057,-0.014159528726589946,0.006677591325839544,0.37946205379462056,0.21293285302817822
scenario,S4_unavailable_coincident,C,worst_mode_cost_penalty,C1_true_arx_worst,C0_true_arx_expected,sg_mileage,30,30,0.2711794155733393,0.26987785943625386,0.001301556137085469,0.005269806576181308,-0.003881102653171939,0.015027118769587585,0.31116888311168883,0.5978077705949545
scenario,S5_multi_switch_stochastic,ALL,worst_mode_cost_penalty,C1_true_arx_worst,C0_true_arx_expected,sg_mileage,90,90,0.7680247968963635,0.739244175406918,0.02878062148944546,0.06267545282929254,0.03562736876689209,0.09050746474711208,0.009099090090990901,0.0027387287296528826
scenario,S5_multi_switch_stochastic,A,worst_mode_cost_penalty,C1_true_arx_worst,C0_true_arx_expected,sg_mileage,30,30,0.8755944322048751,0.9417151476964151,-0.06612071549154006,-0.06509911396763733,-0.10076090108912038,-0.0301339797707137,0.000999900009999,0.0009517744183540344
scenario,S5_multi_switch_stochastic,B,worst_mode_cost_penalty,C1_true_arx_worst,C0_true_arx_expected,sg_mileage,30,30,0.834835508067398,0.7506940629026732,0.08414144516472513,0.12076587629702945,0.07781563667877821,0.16659387886727303,9.999000099990002e-05,1.991167664527893e-06
scenario,S5_multi_switch_stochastic,C,worst_mode_cost_penalty,C1_true_arx_worst,C0_true_arx_expected,sg_mileage,30,30,0.5936444504168172,0.5253233156216657,0.06832113479515131,0.13235959615848553,0.10819697010347071,0.1558666997202957,9.999000099990002e-05,3.725290298461914e-09
scenario,S6_sluggish_coincident_high_noise,ALL,worst_mode_cost_penalty,C1_true_arx_worst,C0_true_arx_expected,sg_mileage,90,90,1.4704862194662363,0.6507223234937024,0.8197638959725339,1.2976790124878934,1.2456410506616333,1.3473535426905094,9.999000099990002e-05,1.7437900167092118e-16
scenario,S6_sluggish_coincident_high_noise,A,worst_mode_cost_penalty,C1_true_arx_worst,C0_true_arx_expected,sg_mileage,30,30,2.0993385847380055,0.8668428528034859,1.2324957319345196,1.4238258510089494,1.3952647825981876,1.4527907769651704,9.999000099990002e-05,1.862645149230957e-09
scenario,S6_sluggish_coincident_high_noise,B,worst_mode_cost_penalty,C1_true_arx_worst,C0_true_arx_expected,sg_mileage,30,30,1.4779580018442138,0.7518204943109904,0.7261375075332231,0.9671422722313424,0.947864853598167,0.9869208076756069,9.999000099990002e-05,1.862645149230957e-09
scenario,S6_sluggish_coincident_high_noise,C,worst_mode_cost_penalty,C1_true_arx_worst,C0_true_arx_expected,sg_mileage,30,30,0.8341620718164899,0.33350362336663064,0.5006584484498593,1.5020689142233892,1.4839330995276563,1.5200854349565511,9.999000099990002e-05,1.862645149230957e-09
scenario,S6_sluggish_coincident_low_noise,ALL,worst_mode_cost_penalty,C1_true_arx_worst,C0_true_arx_expected,sg_mileage,0,0,,,,,,,,
scenario,S6_sluggish_coincident_low_noise,A,worst_mode_cost_penalty,C1_true_arx_worst,C0_true_arx_expected,sg_mileage,0,0,,,,,,,,
scenario,S6_sluggish_coincident_low_noise,B,worst_mode_cost_penalty,C1_true_arx_worst,C0_true_arx_expected,sg_mileage,0,0,,,,,,,,
scenario,S6_sluggish_coincident_low_noise,C,worst_mode_cost_penalty,C1_true_arx_worst,C0_true_arx_expected,sg_mileage,0,0,,,,,,,,
scenario,S6_sluggish_coincident_medium_noise,ALL,worst_mode_cost_penalty,C1_true_arx_worst,C0_true_arx_expected,sg_mileage,0,0,,,,,,,,
scenario,S6_sluggish_coincident_medium_noise,A,worst_mode_cost_penalty,C1_true_arx_worst,C0_true_arx_expected,sg_mileage,0,0,,,,,,,,
scenario,S6_sluggish_coincident_medium_noise,B,worst_mode_cost_penalty,C1_true_arx_worst,C0_true_arx_expected,sg_mileage,0,0,,,,,,,,
scenario,S6_sluggish_coincident_medium_noise,C,worst_mode_cost_penalty,C1_true_arx_worst,C0_true_arx_expected,sg_mileage,0,0,,,,,,,,
scenario,S7_ood_asymmetric_limit,ALL,worst_mode_cost_penalty,C1_true_arx_worst,C0_true_arx_expected,sg_mileage,0,0,,,,,,,,
scenario,S7_ood_asymmetric_limit,A,worst_mode_cost_penalty,C1_true_arx_worst,C0_true_arx_expected,sg_mileage,0,0,,,,,,,,
scenario,S7_ood_asymmetric_limit,B,worst_mode_cost_penalty,C1_true_arx_worst,C0_true_arx_expected,sg_mileage,0,0,,,,,,,,
scenario,S7_ood_asymmetric_limit,C,worst_mode_cost_penalty,C1_true_arx_worst,C0_true_arx_expected,sg_mileage,0,0,,,,,,,,
scenario,S8_ood_time_varying_delay,ALL,worst_mode_cost_penalty,C1_true_arx_worst,C0_true_arx_expected,sg_mileage,0,0,,,,,,,,
scenario,S8_ood_time_varying_delay,A,worst_mode_cost_penalty,C1_true_arx_worst,C0_true_arx_expected,sg_mileage,0,0,,,,,,,,
scenario,S8_ood_time_varying_delay,B,worst_mode_cost_penalty,C1_true_arx_worst,C0_true_arx_expected,sg_mileage,0,0,,,,,,,,
scenario,S8_ood_time_varying_delay,C,worst_mode_cost_penalty,C1_true_arx_worst,C0_true_arx_expected,sg_mileage,0,0,,,,,,,,
scenario,S9_compound_unavailable_double_step,ALL,worst_mode_cost_penalty,C1_true_arx_worst,C0_true_arx_expected,sg_mileage,0,0,,,,,,,,
scenario,S9_compound_unavailable_double_step,A,worst_mode_cost_penalty,C1_true_arx_worst,C0_true_arx_expected,sg_mileage,0,0,,,,,,,,
scenario,S9_compound_unavailable_double_step,B,worst_mode_cost_penalty,C1_true_arx_worst,C0_true_arx_expected,sg_mileage,0,0,,,,,,,,
scenario,S9_compound_unavailable_double_step,C,worst_mode_cost_penalty,C1_true_arx_worst,C0_true_arx_expected,sg_mileage,0,0,,,,,,,,
overall,ALL,ALL,worst_mode_cost_penalty,C1_true_arx_worst,C0_true_arx_expected,ibr_mileage,720,718,0.8811616106908222,0.7838670897243082,0.09729452096651402,1.975267135287268,1.7612260563701518,2.189633773298893,0.0344965503449655,5.169724693607046e-08
overall,ALL,A,worst_mode_cost_penalty,C1_true_arx_worst,C0_true_arx_expected,ibr_mileage,240,240,0.8781272083537931,0.7076718763610387,0.17045533199275456,1.9519175377270037,1.60152492539485,2.3138630030395864,0.021897810218978103,0.0013022592590981956
overall,ALL,B,worst_mode_cost_penalty,C1_true_arx_worst,C0_true_arx_expected,ibr_mileage,240,238,0.8858173903643091,0.8992887877561987,-0.01347139739188978,2.0475597357375857,1.6631415647197603,2.4469071388248875,0.8828117188281172,0.00742548203705342
overall,ALL,C,worst_mode_cost_penalty,C1_true_arx_worst,C0_true_arx_expected,ibr_mileage,240,240,0.8795790315183097,0.7456024525392859,0.1339765789790239,1.9269265707343004,1.5676259857930457,2.3004174100925754,0.05799420057994201,0.000601446184000976
scenario,S0_nominal_stochastic,ALL,worst_mode_cost_penalty,C1_true_arx_worst,C0_true_arx_expected,ibr_mileage,90,90,0.4096105066340847,0.40826740430645614,0.001343102327628648,0.003910104187390907,-0.00421338869450927,0.012082678661169678,0.43095690430956907,0.2927102685813836
scenario,S0_nominal_stochastic,A,worst_mode_cost_penalty,C1_true_arx_worst,C0_true_arx_expected,ibr_mileage,30,30,0.4385907635982523,0.4394193265041695,-0.0008285629059171832,-0.001570841536041539,-0.01242217821027342,0.009399229658009541,0.7521247875212479,0.685047073289752
scenario,S0_nominal_stochastic,B,worst_mode_cost_penalty,C1_true_arx_worst,C0_true_arx_expected,ibr_mileage,30,30,0.43355630641808474,0.42979917883412816,0.003757127583956647,0.009542244280563363,-0.008090615267724283,0.02688426706948675,0.3371662833716628,0.15188691951334476
scenario,S0_nominal_stochastic,C,worst_mode_cost_penalty,C1_true_arx_worst,C0_true_arx_expected,ibr_mileage,30,30,0.35668444988591713,0.35558370758107055,0.0011007423048464803,0.0037589098176508914,-0.008768561714560683,0.016741425156553802,0.655034496550345,0.6554384250193834
scenario,S1_step_neg_002,ALL,worst_mode_cost_penalty,C1_true_arx_worst,C0_true_arx_expected,ibr_mileage,0,0,,,,,,,,
scenario,S1_step_neg_002,A,worst_mode_cost_penalty,C1_true_arx_worst,C0_true_arx_expected,ibr_mileage,0,0,,,,,,,,
scenario,S1_step_neg_002,B,worst_mode_cost_penalty,C1_true_arx_worst,C0_true_arx_expected,ibr_mileage,0,0,,,,,,,,
scenario,S1_step_neg_002,C,worst_mode_cost_penalty,C1_true_arx_worst,C0_true_arx_expected,ibr_mileage,0,0,,,,,,,,
scenario,S1_step_neg_004,ALL,worst_mode_cost_penalty,C1_true_arx_worst,C0_true_arx_expected,ibr_mileage,0,0,,,,,,,,
scenario,S1_step_neg_004,A,worst_mode_cost_penalty,C1_true_arx_worst,C0_true_arx_expected,ibr_mileage,0,0,,,,,,,,
scenario,S1_step_neg_004,B,worst_mode_cost_penalty,C1_true_arx_worst,C0_true_arx_expected,ibr_mileage,0,0,,,,,,,,
scenario,S1_step_neg_004,C,worst_mode_cost_penalty,C1_true_arx_worst,C0_true_arx_expected,ibr_mileage,0,0,,,,,,,,
scenario,S1_step_neg_006,ALL,worst_mode_cost_penalty,C1_true_arx_worst,C0_true_arx_expected,ibr_mileage,0,0,,,,,,,,
scenario,S1_step_neg_006,A,worst_mode_cost_penalty,C1_true_arx_worst,C0_true_arx_expected,ibr_mileage,0,0,,,,,,,,
scenario,S1_step_neg_006,B,worst_mode_cost_penalty,C1_true_arx_worst,C0_true_arx_expected,ibr_mileage,0,0,,,,,,,,
scenario,S1_step_neg_006,C,worst_mode_cost_penalty,C1_true_arx_worst,C0_true_arx_expected,ibr_mileage,0,0,,,,,,,,
scenario,S1_step_neg_008,ALL,worst_mode_cost_penalty,C1_true_arx_worst,C0_true_arx_expected,ibr_mileage,0,0,,,,,,,,
scenario,S1_step_neg_008,A,worst_mode_cost_penalty,C1_true_arx_worst,C0_true_arx_expected,ibr_mileage,0,0,,,,,,,,
scenario,S1_step_neg_008,B,worst_mode_cost_penalty,C1_true_arx_worst,C0_true_arx_expected,ibr_mileage,0,0,,,,,,,,
scenario,S1_step_neg_008,C,worst_mode_cost_penalty,C1_true_arx_worst,C0_true_arx_expected,ibr_mileage,0,0,,,,,,,,
scenario,S1_step_pos_002,ALL,worst_mode_cost_penalty,C1_true_arx_worst,C0_true_arx_expected,ibr_mileage,0,0,,,,,,,,
scenario,S1_step_pos_002,A,worst_mode_cost_penalty,C1_true_arx_worst,C0_true_arx_expected,ibr_mileage,0,0,,,,,,,,
scenario,S1_step_pos_002,B,worst_mode_cost_penalty,C1_true_arx_worst,C0_true_arx_expected,ibr_mileage,0,0,,,,,,,,
scenario,S1_step_pos_002,C,worst_mode_cost_penalty,C1_true_arx_worst,C0_true_arx_expected,ibr_mileage,0,0,,,,,,,,
scenario,S1_step_pos_004,ALL,worst_mode_cost_penalty,C1_true_arx_worst,C0_true_arx_expected,ibr_mileage,0,0,,,,,,,,
scenario,S1_step_pos_004,A,worst_mode_cost_penalty,C1_true_arx_worst,C0_true_arx_expected,ibr_mileage,0,0,,,,,,,,
scenario,S1_step_pos_004,B,worst_mode_cost_penalty,C1_true_arx_worst,C0_true_arx_expected,ibr_mileage,0,0,,,,,,,,
scenario,S1_step_pos_004,C,worst_mode_cost_penalty,C1_true_arx_worst,C0_true_arx_expected,ibr_mileage,0,0,,,,,,,,
scenario,S1_step_pos_006,ALL,worst_mode_cost_penalty,C1_true_arx_worst,C0_true_arx_expected,ibr_mileage,90,90,0.32602528727623215,0.33797120140879805,-0.011945914132565903,-0.026914184109649627,-0.050294918163661155,-0.003455653599010197,0.006299370062993701,0.028459135175876855
scenario,S1_step_pos_006,A,worst_mode_cost_penalty,C1_true_arx_worst,C0_true_arx_expected,ibr_mileage,30,30,0.3426659157641959,0.3534657590615738,-0.010799843297378016,-0.022314729794652318,-0.06476887116054707,0.021157566340024313,0.19388061193880612,0.19092952087521553
scenario,S1_step_pos_006,B,worst_mode_cost_penalty,C1_true_arx_worst,C0_true_arx_expected,ibr_mileage,30,30,0.3301518445536461,0.34690104776421726,-0.016749203210571186,-0.0393928605154759,-0.07843628776048915,0.0009242808958100607,0.035396460353964605,0.22064675763249397
scenario,S1_step_pos_006,C,worst_mode_cost_penalty,C1_true_arx_worst,C0_true_arx_expected,ibr_mileage,30,30,0.3052581015108546,0.313546797400603,-0.008288695889748501,-0.019034962018820642,-0.0591567624340179,0.021114762416054002,0.22467753224677534,0.18396909348666668
scenario,S1_step_pos_008,ALL,worst_mode_cost_penalty,C1_true_arx_worst,C0_true_arx_expected,ibr_mileage,0,0,,,,,,,,
scenario,S1_step_pos_008,A,worst_mode_cost_penalty,C1_true_arx_worst,C0_true_arx_expected,ibr_mileage,0,0,,,,,,,,
scenario,S1_step_pos_008,B,worst_mode_cost_penalty,C1_true_arx_worst,C0_true_arx_expected,ibr_mileage,0,0,,,,,,,,
scenario,S1_step_pos_008,C,worst_mode_cost_penalty,C1_true_arx_worst,C0_true_arx_expected,ibr_mileage,0,0,,,,,,,,
scenario,S2_sluggish_switch_050,ALL,worst_mode_cost_penalty,C1_true_arx_worst,C0_true_arx_expected,ibr_mileage,90,90,0.7947846217953273,0.13433406600305314,0.6604505557922743,5.037291803636213,4.84887665417381,5.226147210332044,9.999000099990002e-05,1.7437900167092118e-16
scenario,S2_sluggish_switch_050,A,worst_mode_cost_penalty,C1_true_arx_worst,C0_true_arx_expected,ibr_mileage,30,30,0.7998248934131925,0.12082003193371561,0.6790048614794768,5.6909610304647025,5.398750621353086,5.98097552038055,9.999000099990002e-05,1.862645149230957e-09
scenario,S2_sluggish_switch_050,B,worst_mode_cost_penalty,C1_true_arx_worst,C0_true_arx_expected,ibr_mileage,30,30,0.7809325178180757,0.13017312609295212,0.6507593917251234,5.062201705496187,4.807181209942861,5.319657899872341,9.999000099990002e-05,1.862645149230957e-09
scenario,S2_sluggish_switch_050,C,worst_mode_cost_penalty,C1_true_arx_worst,C0_true_arx_expected,ibr_mileage,30,30,0.803596454154714,0.15200903998249157,0.6515874141722225,4.35871267494775,4.120658840466147,4.600456770946818,9.999000099990002e-05,1.862645149230957e-09
scenario,S2_sluggish_switch_060,ALL,worst_mode_cost_penalty,C1_true_arx_worst,C0_true_arx_expected,ibr_mileage,90,89,0.7802519400880886,0.15108890139365666,0.629163038694432,4.254141282508943,4.091991771457758,4.415398855610776,9.999000099990002e-05,2.5509729516632515e-16
scenario,S2_sluggish_switch_060,A,worst_mode_cost_penalty,C1_true_arx_worst,C0_true_arx_expected,ibr_mileage,30,30,0.7877642234926332,0.14710090267074302,0.64066332082189,4.476028038183632,4.165361331244184,4.79860419667983,9.999000099990002e-05,1.862645149230957e-09
scenario,S2_sluggish_switch_060,B,worst_mode_cost_penalty,C1_true_arx_worst,C0_true_arx_expected,ibr_mileage,30,29,0.764412610356256,0.14534480900173646,0.6190678013545193,4.295262330735114,4.1210391986772485,4.478735369301999,9.999000099990002e-05,3.725290298461914e-09
scenario,S2_sluggish_switch_060,C,worst_mode_cost_penalty,C1_true_arx_worst,C0_true_arx_expected,ibr_mileage,30,30,0.7880510087576496,0.16062952276209314,0.6274214859955562,3.9925041802156187,3.712527931516443,4.282986366997246,9.999000099990002e-05,1.862645149230957e-09
scenario,S2_sluggish_switch_090,ALL,worst_mode_cost_penalty,C1_true_arx_worst,C0_true_arx_expected,ibr_mileage,0,0,,,,,,,,
scenario,S2_sluggish_switch_090,A,worst_mode_cost_penalty,C1_true_arx_worst,C0_true_arx_expected,ibr_mileage,0,0,,,,,,,,
scenario,S2_sluggish_switch_090,B,worst_mode_cost_penalty,C1_true_arx_worst,C0_true_arx_expected,ibr_mileage,0,0,,,,,,,,
scenario,S2_sluggish_switch_090,C,worst_mode_cost_penalty,C1_true_arx_worst,C0_true_arx_expected,ibr_mileage,0,0,,,,,,,,
scenario,S3_derated_coincident,ALL,worst_mode_cost_penalty,C1_true_arx_worst,C0_true_arx_expected,ibr_mileage,90,89,1.0997525206834964,3.2048502880046326,-2.1050977673211366,-0.4851566505054192,-0.5620719351638787,-0.4016232957748375,9.999000099990002e-05,3.589382277378882e-14
scenario,S3_derated_coincident,A,worst_mode_cost_penalty,C1_true_arx_worst,C0_true_arx_expected,ibr_mileage,30,30,1.0178084139796388,2.7750484070001167,-1.7572399930204778,-0.5300566224098459,-0.6111982801909205,-0.4476268286990749,9.999000099990002e-05,1.862645149230957e-09
scenario,S3_derated_coincident,B,worst_mode_cost_penalty,C1_true_arx_worst,C0_true_arx_expected,ibr_mileage,30,29,1.1396296058780815,4.254973470832339,-3.1153438649542586,-0.66979801593872,-0.7394685029949982,-0.5829195863206307,9.999000099990002e-05,3.725290298461914e-09
scenario,S3_derated_coincident,C,worst_mode_cost_penalty,C1_true_arx_worst,C0_true_arx_expected,ibr_mileage,30,30,1.1431487783659224,2.6195330922757,-1.4763843139097774,-0.2617700253488017,-0.4474208388653773,-0.07310414243796799,9.999000099990002e-05,0.0011314544826745987
scenario,S4_unavailable_coincident,ALL,worst_mode_cost_penalty,C1_true_arx_worst,C0_true_arx_expected,ibr_mileage,90,90,0.6608563072309696,0.663796101096846,-0.0029397938658763828,-0.000915337520930724,-0.012695910197122,0.0109635266314202,0.48875112488751127,0.2693751886892093
scenario,S4_unavailable_coincident,A,worst_mode_cost_penalty,C1_true_arx_worst,C0_true_arx_expected,ibr_mileage,30,30,0.5110270453975886,0.5085459704285133,0.002481074969075194,0.005940071037823598,-0.008668463460220885,0.020566106263359116,0.54994500549945,0.8393927440047264
scenario,S4_unavailable_coincident,B,worst_mode_cost_penalty,C1_true_arx_worst,C0_true_arx_expected,ibr_mileage,30,30,0.5943716327925218,0.5951182947373036,-0.0007466619447816902,0.0017634473295654433,-0.024545508699805384,0.027935834828231344,0.9307069293070693,0.9515264742076397
scenario,S4_unavailable_coincident,C,worst_mode_cost_penalty,C1_true_arx_worst,C0_true_arx_expected,ibr_mileage,30,30,0.877170243502798,0.8877240381247209,-0.010553794621922652,-0.01044953093018121,-0.027868852393827574,0.008606534966145855,0.23297670232976703,0.03841841779649258
scenario,S5_multi_switch_stochastic,ALL,worst_mode_cost_penalty,C1_true_arx_worst,C0_true_arx_expected,ibr_mileage,90,90,0.6910332037489137,1.1102283634383483,-0.41919515968943444,-0.3124697720528183,-0.3668681164021891,-0.24963196701849089,9.999000099990002e-05,2.5593632843652092e-14
scenario,S5_multi_switch_stochastic,A,worst_mode_cost_penalty,C1_true_arx_worst,C0_true_arx_expected,ibr_mileage,30,30,0.6664134244921647,0.9787177650317374,-0.3123043405395727,-0.29468704098949844,-0.34406093570200325,-0.24371181640012984,9.999000099990002e-05,1.862645149230957e-09
scenario,S5_multi_switch_stochastic,B,worst_mode_cost_penalty,C1_true_arx_worst,C0_true_arx_expected,ibr_mileage,30,30,0.7452479768561673,1.1194359664166778,-0.37418798956051025,-0.22798258271011088,-0.3535116063483239,-0.0827596160334136,0.00019998000199980003,4.968419671058655e-05
scenario,S5_multi_switch_stochastic,C,worst_mode_cost_penalty,C1_true_arx_worst,C0_true_arx_expected,ibr_mileage,30,30,0.6614382098984087,1.2325313588666293,-0.5710931489682203,-0.4147396924588455,-0.48970028182520886,-0.31217725323477974,9.999000099990002e-05,1.30385160446167e-08
scenario,S6_sluggish_coincident_high_noise,ALL,worst_mode_cost_penalty,C1_true_arx_worst,C0_true_arx_expected,ibr_mileage,90,90,2.288286067396019,0.28026933669766974,2.008016730698349,7.330232617948073,7.1045888267396595,7.5616698110132,9.999000099990002e-05,1.7437900167092118e-16
scenario,S6_sluggish_coincident_high_noise,A,worst_mode_cost_penalty,C1_true_arx_worst,C0_true_arx_expected,ibr_mileage,30,30,2.4609229866926796,0.33825684825773933,2.12266613843494,6.291040396859909,6.130258632073601,6.448936283299358,9.999000099990002e-05,1.862645149230957e-09
scenario,S6_sluggish_coincident_high_noise,B,worst_mode_cost_penalty,C1_true_arx_worst,C0_true_arx_expected,ibr_mileage,30,30,2.302650209425163,0.25928909851429083,2.043361110910872,7.93322644533427,7.659759231102906,8.203531553827842,9.999000099990002e-05,1.862645149230957e-09
scenario,S6_sluggish_coincident_high_noise,C,worst_mode_cost_penalty,C1_true_arx_worst,C0_true_arx_expected,ibr_mileage,30,30,2.101285006070214,0.24326206332097897,1.8580229427492354,7.7664310116500355,7.35274319367307,8.14747633870354,9.999000099990002e-05,1.862645149230957e-09
scenario,S6_sluggish_coincident_low_noise,ALL,worst_mode_cost_penalty,C1_true_arx_worst,C0_true_arx_expected,ibr_mileage,0,0,,,,,,,,
scenario,S6_sluggish_coincident_low_noise,A,worst_mode_cost_penalty,C1_true_arx_worst,C0_true_arx_expected,ibr_mileage,0,0,,,,,,,,
scenario,S6_sluggish_coincident_low_noise,B,worst_mode_cost_penalty,C1_true_arx_worst,C0_true_arx_expected,ibr_mileage,0,0,,,,,,,,
scenario,S6_sluggish_coincident_low_noise,C,worst_mode_cost_penalty,C1_true_arx_worst,C0_true_arx_expected,ibr_mileage,0,0,,,,,,,,
scenario,S6_sluggish_coincident_medium_noise,ALL,worst_mode_cost_penalty,C1_true_arx_worst,C0_true_arx_expected,ibr_mileage,0,0,,,,,,,,
scenario,S6_sluggish_coincident_medium_noise,A,worst_mode_cost_penalty,C1_true_arx_worst,C0_true_arx_expected,ibr_mileage,0,0,,,,,,,,
scenario,S6_sluggish_coincident_medium_noise,B,worst_mode_cost_penalty,C1_true_arx_worst,C0_true_arx_expected,ibr_mileage,0,0,,,,,,,,
scenario,S6_sluggish_coincident_medium_noise,C,worst_mode_cost_penalty,C1_true_arx_worst,C0_true_arx_expected,ibr_mileage,0,0,,,,,,,,
scenario,S7_ood_asymmetric_limit,ALL,worst_mode_cost_penalty,C1_true_arx_worst,C0_true_arx_expected,ibr_mileage,0,0,,,,,,,,
scenario,S7_ood_asymmetric_limit,A,worst_mode_cost_penalty,C1_true_arx_worst,C0_true_arx_expected,ibr_mileage,0,0,,,,,,,,
scenario,S7_ood_asymmetric_limit,B,worst_mode_cost_penalty,C1_true_arx_worst,C0_true_arx_expected,ibr_mileage,0,0,,,,,,,,
scenario,S7_ood_asymmetric_limit,C,worst_mode_cost_penalty,C1_true_arx_worst,C0_true_arx_expected,ibr_mileage,0,0,,,,,,,,
scenario,S8_ood_time_varying_delay,ALL,worst_mode_cost_penalty,C1_true_arx_worst,C0_true_arx_expected,ibr_mileage,0,0,,,,,,,,
scenario,S8_ood_time_varying_delay,A,worst_mode_cost_penalty,C1_true_arx_worst,C0_true_arx_expected,ibr_mileage,0,0,,,,,,,,
scenario,S8_ood_time_varying_delay,B,worst_mode_cost_penalty,C1_true_arx_worst,C0_true_arx_expected,ibr_mileage,0,0,,,,,,,,
scenario,S8_ood_time_varying_delay,C,worst_mode_cost_penalty,C1_true_arx_worst,C0_true_arx_expected,ibr_mileage,0,0,,,,,,,,
scenario,S9_compound_unavailable_double_step,ALL,worst_mode_cost_penalty,C1_true_arx_worst,C0_true_arx_expected,ibr_mileage,0,0,,,,,,,,
scenario,S9_compound_unavailable_double_step,A,worst_mode_cost_penalty,C1_true_arx_worst,C0_true_arx_expected,ibr_mileage,0,0,,,,,,,,
scenario,S9_compound_unavailable_double_step,B,worst_mode_cost_penalty,C1_true_arx_worst,C0_true_arx_expected,ibr_mileage,0,0,,,,,,,,
scenario,S9_compound_unavailable_double_step,C,worst_mode_cost_penalty,C1_true_arx_worst,C0_true_arx_expected,ibr_mileage,0,0,,,,,,,,
overall,ALL,ALL,constraint_tightening_penalty,C2_perfect_belief_current_mpc,C1_true_arx_worst,freq_iae,720,717,1.1506769543395705,1.145338942920352,0.0053380114192185775,0.01504804404452374,0.004896704270481859,0.02597693914371132,0.34866513348665135,0.1794215123027343
overall,ALL,A,constraint_tightening_penalty,C2_perfect_belief_current_mpc,C1_true_arx_worst,freq_iae,240,240,1.0924975571994673,1.09567415345836,-0.00317659625889292,0.012069902779219092,-0.008435613965537,0.03315001527371001,0.7822217778222178,0.9555588272678072
overall,ALL,B,constraint_tightening_penalty,C2_perfect_belief_current_mpc,C1_true_arx_worst,freq_iae,240,238,1.15902216476237,1.1405799956277973,0.0184421691345726,0.027078157391287758,0.008513008626047544,0.04712135649753836,0.08049195080491951,0.10282745299898872
overall,ALL,C,constraint_tightening_penalty,C2_perfect_belief_current_mpc,C1_true_arx_worst,freq_iae,240,239,1.2007894866952131,1.1999505702279085,0.0008389164673043587,0.006058868007466329,-0.006526352454455016,0.01977506366082134,0.9019098090190981,0.521427377886748
scenario,S0_nominal_stochastic,ALL,constraint_tightening_penalty,C2_perfect_belief_current_mpc,C1_true_arx_worst,freq_iae,90,90,0.4968632620560637,0.49684539585228366,1.786620377995004e-05,0.0001133556448359479,-0.001768916280406549,0.0020167817898995555,0.9705029497050295,0.8642184396758931
scenario,S0_nominal_stochastic,A,constraint_tightening_penalty,C2_perfect_belief_current_mpc,C1_true_arx_worst,freq_iae,30,30,0.497854240870886,0.49730422206919406,0.0005500188016918502,0.0012431049122021492,-0.0014130796858870976,0.004071283056182907,0.4477552244775522,0.4771064817905426
scenario,S0_nominal_stochastic,B,constraint_tightening_penalty,C2_perfect_belief_current_mpc,C1_true_arx_worst,freq_iae,30,30,0.4983464552986022,0.4970665539087771,0.001279901389825126,0.002638131352285582,-0.0006153921316104991,0.006205863239113631,0.13808619138086192,0.21293285302817822
scenario,S0_nominal_stochastic,C,constraint_tightening_penalty,C2_perfect_belief_current_mpc,C1_true_arx_worst,freq_iae,30,30,0.4943890899987027,0.4961654115788797,-0.001776321580177126,-0.0035411693299798887,-0.006747993363739139,-0.00024499106976095885,0.04409559044095591,0.034536734223365784
scenario,S1_step_neg_002,ALL,constraint_tightening_penalty,C2_perfect_belief_current_mpc,C1_true_arx_worst,freq_iae,0,0,,,,,,,,
scenario,S1_step_neg_002,A,constraint_tightening_penalty,C2_perfect_belief_current_mpc,C1_true_arx_worst,freq_iae,0,0,,,,,,,,
scenario,S1_step_neg_002,B,constraint_tightening_penalty,C2_perfect_belief_current_mpc,C1_true_arx_worst,freq_iae,0,0,,,,,,,,
scenario,S1_step_neg_002,C,constraint_tightening_penalty,C2_perfect_belief_current_mpc,C1_true_arx_worst,freq_iae,0,0,,,,,,,,
scenario,S1_step_neg_004,ALL,constraint_tightening_penalty,C2_perfect_belief_current_mpc,C1_true_arx_worst,freq_iae,0,0,,,,,,,,
scenario,S1_step_neg_004,A,constraint_tightening_penalty,C2_perfect_belief_current_mpc,C1_true_arx_worst,freq_iae,0,0,,,,,,,,
scenario,S1_step_neg_004,B,constraint_tightening_penalty,C2_perfect_belief_current_mpc,C1_true_arx_worst,freq_iae,0,0,,,,,,,,
scenario,S1_step_neg_004,C,constraint_tightening_penalty,C2_perfect_belief_current_mpc,C1_true_arx_worst,freq_iae,0,0,,,,,,,,
scenario,S1_step_neg_006,ALL,constraint_tightening_penalty,C2_perfect_belief_current_mpc,C1_true_arx_worst,freq_iae,0,0,,,,,,,,
scenario,S1_step_neg_006,A,constraint_tightening_penalty,C2_perfect_belief_current_mpc,C1_true_arx_worst,freq_iae,0,0,,,,,,,,
scenario,S1_step_neg_006,B,constraint_tightening_penalty,C2_perfect_belief_current_mpc,C1_true_arx_worst,freq_iae,0,0,,,,,,,,
scenario,S1_step_neg_006,C,constraint_tightening_penalty,C2_perfect_belief_current_mpc,C1_true_arx_worst,freq_iae,0,0,,,,,,,,
scenario,S1_step_neg_008,ALL,constraint_tightening_penalty,C2_perfect_belief_current_mpc,C1_true_arx_worst,freq_iae,0,0,,,,,,,,
scenario,S1_step_neg_008,A,constraint_tightening_penalty,C2_perfect_belief_current_mpc,C1_true_arx_worst,freq_iae,0,0,,,,,,,,
scenario,S1_step_neg_008,B,constraint_tightening_penalty,C2_perfect_belief_current_mpc,C1_true_arx_worst,freq_iae,0,0,,,,,,,,
scenario,S1_step_neg_008,C,constraint_tightening_penalty,C2_perfect_belief_current_mpc,C1_true_arx_worst,freq_iae,0,0,,,,,,,,
scenario,S1_step_pos_002,ALL,constraint_tightening_penalty,C2_perfect_belief_current_mpc,C1_true_arx_worst,freq_iae,0,0,,,,,,,,
scenario,S1_step_pos_002,A,constraint_tightening_penalty,C2_perfect_belief_current_mpc,C1_true_arx_worst,freq_iae,0,0,,,,,,,,
scenario,S1_step_pos_002,B,constraint_tightening_penalty,C2_perfect_belief_current_mpc,C1_true_arx_worst,freq_iae,0,0,,,,,,,,
scenario,S1_step_pos_002,C,constraint_tightening_penalty,C2_perfect_belief_current_mpc,C1_true_arx_worst,freq_iae,0,0,,,,,,,,
scenario,S1_step_pos_004,ALL,constraint_tightening_penalty,C2_perfect_belief_current_mpc,C1_true_arx_worst,freq_iae,0,0,,,,,,,,
scenario,S1_step_pos_004,A,constraint_tightening_penalty,C2_perfect_belief_current_mpc,C1_true_arx_worst,freq_iae,0,0,,,,,,,,
scenario,S1_step_pos_004,B,constraint_tightening_penalty,C2_perfect_belief_current_mpc,C1_true_arx_worst,freq_iae,0,0,,,,,,,,
scenario,S1_step_pos_004,C,constraint_tightening_penalty,C2_perfect_belief_current_mpc,C1_true_arx_worst,freq_iae,0,0,,,,,,,,
scenario,S1_step_pos_006,ALL,constraint_tightening_penalty,C2_perfect_belief_current_mpc,C1_true_arx_worst,freq_iae,90,90,0.9109744166677447,0.899106432264775,0.011867984402969576,0.05037424110847796,-0.007484564395034203,0.1093356608257974,0.6976302369763023,0.2764151120574224
scenario,S1_step_pos_006,A,constraint_tightening_penalty,C2_perfect_belief_current_mpc,C1_true_arx_worst,freq_iae,30,30,0.922478549086378,0.9262425272770685,-0.0037639781906902165,0.0535319243364641,-0.06441572985928955,0.17688215305457589,0.9327067293270673,0.5027610473334789
scenario,S1_step_pos_006,B,constraint_tightening_penalty,C2_perfect_belief_current_mpc,C1_true_arx_worst,freq_iae,30,30,0.9061799129338953,0.8589498740212397,0.04723003891265578,0.07621253636586017,-0.01140145352472297,0.16966372891921214,0.3354664533546645,1.0
scenario,S1_step_pos_006,C,constraint_tightening_penalty,C2_perfect_belief_current_mpc,C1_true_arx_worst,freq_iae,30,30,0.9042647879829606,0.9121268954960176,-0.007862107513056856,0.021378262623109615,-0.06333397874662115,0.11381310647527905,0.9085091490850915,0.22064675763249397
scenario,S1_step_pos_008,ALL,constraint_tightening_penalty,C2_perfect_belief_current_mpc,C1_true_arx_worst,freq_iae,0,0,,,,,,,,
scenario,S1_step_pos_008,A,constraint_tightening_penalty,C2_perfect_belief_current_mpc,C1_true_arx_worst,freq_iae,0,0,,,,,,,,
scenario,S1_step_pos_008,B,constraint_tightening_penalty,C2_perfect_belief_current_mpc,C1_true_arx_worst,freq_iae,0,0,,,,,,,,
scenario,S1_step_pos_008,C,constraint_tightening_penalty,C2_perfect_belief_current_mpc,C1_true_arx_worst,freq_iae,0,0,,,,,,,,
scenario,S2_sluggish_switch_050,ALL,constraint_tightening_penalty,C2_perfect_belief_current_mpc,C1_true_arx_worst,freq_iae,90,90,1.0044955503214483,0.9998499839065802,0.004645566414868053,0.005469496512842343,-0.003224998313102334,0.019291192501745845,0.5964403559644036,0.7368874463663644
scenario,S2_sluggish_switch_050,A,constraint_tightening_penalty,C2_perfect_belief_current_mpc,C1_true_arx_worst,freq_iae,30,30,0.9173072070240605,0.9009829093461994,0.016324297677861126,0.017912631722536373,-0.0004913417753794651,0.0541274689437409,0.5441455854414559,0.8235769439488649
scenario,S2_sluggish_switch_050,B,constraint_tightening_penalty,C2_perfect_belief_current_mpc,C1_true_arx_worst,freq_iae,30,30,0.9918220637622437,0.9902923571358098,0.0015297066264340316,0.0015280097334349162,-0.0006815624802530936,0.004737860733219295,0.41085891410858916,0.11417667381465435
scenario,S2_sluggish_switch_050,C,constraint_tightening_penalty,C2_perfect_belief_current_mpc,C1_true_arx_worst,freq_iae,30,30,1.1043573801780406,1.1082746852377316,-0.003917305059690997,-0.003032151917444257,-0.013533833211865671,0.004972924836262702,0.6645335466453355,0.8871948085725307
scenario,S2_sluggish_switch_060,ALL,constraint_tightening_penalty,C2_perfect_belief_current_mpc,C1_true_arx_worst,freq_iae,90,89,1.037410452349539,1.0142925413870854,0.023117910962453768,0.02884501603509084,0.0007722365716743922,0.057397625709218504,0.1645835416458354,0.5219836302595713
scenario,S2_sluggish_switch_060,A,constraint_tightening_penalty,C2_perfect_belief_current_mpc,C1_true_arx_worst,freq_iae,30,30,0.9150757314236929,0.9316703172569671,-0.01659458583327453,-0.005777973548516425,-0.048268486022698016,0.04337707294592159,0.49775022497750226,0.11907656863331795
scenario,S2_sluggish_switch_060,B,constraint_tightening_penalty,C2_perfect_belief_current_mpc,C1_true_arx_worst,freq_iae,30,29,1.0734411608106647,1.013264077405899,0.06017708340476561,0.06818866693518547,0.005186418834885675,0.1337413264945625,0.12218778122187782,0.18283364921808243
scenario,S2_sluggish_switch_060,C,constraint_tightening_penalty,C2_perfect_belief_current_mpc,C1_true_arx_worst,freq_iae,30,30,1.1249154884296308,1.0979089473656836,0.02700654106394728,0.025435809748606646,0.004957021750280538,0.049552989250941266,0.043795620437956206,0.5027610473334789
scenario,S2_sluggish_switch_090,ALL,constraint_tightening_penalty,C2_perfect_belief_current_mpc,C1_true_arx_worst,freq_iae,0,0,,,,,,,,
scenario,S2_sluggish_switch_090,A,constraint_tightening_penalty,C2_perfect_belief_current_mpc,C1_true_arx_worst,freq_iae,0,0,,,,,,,,
scenario,S2_sluggish_switch_090,B,constraint_tightening_penalty,C2_perfect_belief_current_mpc,C1_true_arx_worst,freq_iae,0,0,,,,,,,,
scenario,S2_sluggish_switch_090,C,constraint_tightening_penalty,C2_perfect_belief_current_mpc,C1_true_arx_worst,freq_iae,0,0,,,,,,,,
scenario,S3_derated_coincident,ALL,constraint_tightening_penalty,C2_perfect_belief_current_mpc,C1_true_arx_worst,freq_iae,90,88,2.2768539141064514,2.2904464985094077,-0.013592584402956106,-0.004141870864033204,-0.016482871266650406,0.008528504305471649,0.34526547345265474,0.3621755777444504
scenario,S3_derated_coincident,A,constraint_tightening_penalty,C2_perfect_belief_current_mpc,C1_true_arx_worst,freq_iae,30,30,2.079812843249768,2.106174058441641,-0.026361215191873406,-0.009759606534480037,-0.034816528191554064,0.01630021191422194,0.34836516348365165,0.370740607380867
scenario,S3_derated_coincident,B,constraint_tightening_penalty,C2_perfect_belief_current_mpc,C1_true_arx_worst,freq_iae,30,29,2.2881313580103657,2.2882527827645958,-0.00012142475423001776,0.0021496711313362697,-0.020454328937890367,0.024930431940828137,0.9963003699630038,0.9490697756409645
scenario,S3_derated_coincident,C,constraint_tightening_penalty,C2_perfect_belief_current_mpc,C1_true_arx_worst,freq_iae,30,29,2.469412060743933,2.4832668763932877,-0.013854815649353954,-0.004621962165836991,-0.019891995696326513,0.010288937047668874,0.48595140485951405,0.7982758991420269
scenario,S4_unavailable_coincident,ALL,constraint_tightening_penalty,C2_perfect_belief_current_mpc,C1_true_arx_worst,freq_iae,90,90,1.2048850240421212,1.191755315009631,0.013129709032490082,0.031430073319330495,-0.01189661667449427,0.07673822365757911,0.5985401459854015,0.4221331722197976
scenario,S4_unavailable_coincident,A,constraint_tightening_penalty,C2_perfect_belief_current_mpc,C1_true_arx_worst,freq_iae,30,30,1.0286370540044485,1.0293328443783554,-0.0006957903739067869,0.028112551671995265,-0.05757081304519346,0.11906085120038723,0.8716128387161284,0.9192965272814035
scenario,S4_unavailable_coincident,B,constraint_tightening_penalty,C2_perfect_belief_current_mpc,C1_true_arx_worst,freq_iae,30,30,1.1756623305078049,1.1414287824917622,0.034233548016042246,0.059602381685899694,-0.03257288041802705,0.15427879209482206,0.5115488451154885,0.40449450351297855
scenario,S4_unavailable_coincident,C,constraint_tightening_penalty,C2_perfect_belief_current_mpc,C1_true_arx_worst,freq_iae,30,30,1.4103556876141103,1.404504318158775,0.005851369455334783,0.006575286600096541,-0.018264769794034262,0.03067149304021054,0.6961303869613039,0.685047073289752
scenario,S5_multi_switch_stochastic,ALL,constraint_tightening_penalty,C2_perfect_belief_current_mpc,C1_true_arx_worst,freq_iae,90,90,0.7077336214483897,0.703524805924884,0.004208815523505847,0.008133298365292738,-0.008438333813473054,0.02451202811085724,0.5049495050494951,0.29086848916090313
scenario,S5_multi_switch_stochastic,A,constraint_tightening_penalty,C2_perfect_belief_current_mpc,C1_true_arx_worst,freq_iae,30,30,0.7162262656694823,0.7075153789855823,0.008710886683900403,0.012897370591695824,-0.010361660801664915,0.03717920288280529,0.36736326367363265,0.1641840822994709
scenario,S5_multi_switch_stochastic,B,constraint_tightening_penalty,C2_perfect_belief_current_mpc,C1_true_arx_worst,freq_iae,30,30,0.7414019409946407,0.7390715270748649,0.002330413919775879,0.005364578165344592,-0.02306514122222345,0.0345436731090589,0.8364163583641636,0.8078304156661034
scenario,S5_multi_switch_stochastic,C,constraint_tightening_penalty,C2_perfect_belief_current_mpc,C1_true_arx_worst,freq_iae,30,30,0.6655726576810461,0.6639875117142047,0.001585145966841258,0.006137946338837791,-0.025604677327952765,0.038048146537902436,0.8939106089391061,0.5698575973510742
scenario,S6_sluggish_coincident_high_noise,ALL,constraint_tightening_penalty,C2_perfect_belief_current_mpc,C1_true_arx_worst,freq_iae,90,90,1.5899670316975154,1.590881333948667,-0.0009143022511527086,-0.0001124006303866124,-0.005843168762633031,0.005418766202556531,0.8553144685531446,0.820160603099727
scenario,S6_sluggish_coincident_high_noise,A,constraint_tightening_penalty,C2_perfect_belief_current_mpc,C1_true_arx_worst,freq_iae,30,30,1.6625885662670217,1.6661709699118739,-0.0035824036448517988,-0.0016007809181444997,-0.012159863309101368,0.008372001539541998,0.6995300469953005,1.0
scenario,S6_sluggish_coincident_high_noise,B,constraint_tightening_penalty,C2_perfect_belief_current_mpc,C1_true_arx_worst,freq_iae,30,30,1.631976368757287,1.6303259058499282,0.0016504629073584706,0.001480684537086935,-0.008979439302833894,0.011517548095826452,0.8518148185181482,0.7456546742469072
scenario,S6_sluggish_coincident_high_noise,C,constraint_tightening_penalty,C2_perfect_belief_current_mpc,C1_true_arx_worst,freq_iae,30,30,1.4753361600682362,1.476147126084201,-0.000810966015964798,-0.00021710551010227172,-0.009250791502094418,0.008631021106503016,0.9116088391160884,0.9838335812091827
scenario,S6_sluggish_coincident_low_noise,ALL,constraint_tightening_penalty,C2_perfect_belief_current_mpc,C1_true_arx_worst,freq_iae,0,0,,,,,,,,
scenario,S6_sluggish_coincident_low_noise,A,constraint_tightening_penalty,C2_perfect_belief_current_mpc,C1_true_arx_worst,freq_iae,0,0,,,,,,,,
scenario,S6_sluggish_coincident_low_noise,B,constraint_tightening_penalty,C2_perfect_belief_current_mpc,C1_true_arx_worst,freq_iae,0,0,,,,,,,,
scenario,S6_sluggish_coincident_low_noise,C,constraint_tightening_penalty,C2_perfect_belief_current_mpc,C1_true_arx_worst,freq_iae,0,0,,,,,,,,
scenario,S6_sluggish_coincident_medium_noise,ALL,constraint_tightening_penalty,C2_perfect_belief_current_mpc,C1_true_arx_worst,freq_iae,0,0,,,,,,,,
scenario,S6_sluggish_coincident_medium_noise,A,constraint_tightening_penalty,C2_perfect_belief_current_mpc,C1_true_arx_worst,freq_iae,0,0,,,,,,,,
scenario,S6_sluggish_coincident_medium_noise,B,constraint_tightening_penalty,C2_perfect_belief_current_mpc,C1_true_arx_worst,freq_iae,0,0,,,,,,,,
scenario,S6_sluggish_coincident_medium_noise,C,constraint_tightening_penalty,C2_perfect_belief_current_mpc,C1_true_arx_worst,freq_iae,0,0,,,,,,,,
scenario,S7_ood_asymmetric_limit,ALL,constraint_tightening_penalty,C2_perfect_belief_current_mpc,C1_true_arx_worst,freq_iae,0,0,,,,,,,,
scenario,S7_ood_asymmetric_limit,A,constraint_tightening_penalty,C2_perfect_belief_current_mpc,C1_true_arx_worst,freq_iae,0,0,,,,,,,,
scenario,S7_ood_asymmetric_limit,B,constraint_tightening_penalty,C2_perfect_belief_current_mpc,C1_true_arx_worst,freq_iae,0,0,,,,,,,,
scenario,S7_ood_asymmetric_limit,C,constraint_tightening_penalty,C2_perfect_belief_current_mpc,C1_true_arx_worst,freq_iae,0,0,,,,,,,,
scenario,S8_ood_time_varying_delay,ALL,constraint_tightening_penalty,C2_perfect_belief_current_mpc,C1_true_arx_worst,freq_iae,0,0,,,,,,,,
scenario,S8_ood_time_varying_delay,A,constraint_tightening_penalty,C2_perfect_belief_current_mpc,C1_true_arx_worst,freq_iae,0,0,,,,,,,,
scenario,S8_ood_time_varying_delay,B,constraint_tightening_penalty,C2_perfect_belief_current_mpc,C1_true_arx_worst,freq_iae,0,0,,,,,,,,
scenario,S8_ood_time_varying_delay,C,constraint_tightening_penalty,C2_perfect_belief_current_mpc,C1_true_arx_worst,freq_iae,0,0,,,,,,,,
scenario,S9_compound_unavailable_double_step,ALL,constraint_tightening_penalty,C2_perfect_belief_current_mpc,C1_true_arx_worst,freq_iae,0,0,,,,,,,,
scenario,S9_compound_unavailable_double_step,A,constraint_tightening_penalty,C2_perfect_belief_current_mpc,C1_true_arx_worst,freq_iae,0,0,,,,,,,,
scenario,S9_compound_unavailable_double_step,B,constraint_tightening_penalty,C2_perfect_belief_current_mpc,C1_true_arx_worst,freq_iae,0,0,,,,,,,,
scenario,S9_compound_unavailable_double_step,C,constraint_tightening_penalty,C2_perfect_belief_current_mpc,C1_true_arx_worst,freq_iae,0,0,,,,,,,,
overall,ALL,ALL,constraint_tightening_penalty,C2_perfect_belief_current_mpc,C1_true_arx_worst,max_abs_freq_hz,720,717,0.21660290568479304,0.21660213449706534,7.711877277269628e-07,0.00997835032301114,-0.0005256313663112035,0.02160056247891161,0.9966003399660034,0.9258277672647464
overall,ALL,A,constraint_tightening_penalty,C2_perfect_belief_current_mpc,C1_true_arx_worst,max_abs_freq_hz,240,240,0.2147028962119793,0.21464835843676525,5.453777521405714e-05,0.008060979687699343,-0.006009327953785302,0.024474564659837685,0.8367163283671633,0.8341024764751672
overall,ALL,B,constraint_tightening_penalty,C2_perfect_belief_current_mpc,C1_true_arx_worst,max_abs_freq_hz,240,238,0.21664784689644487,0.21665420743781152,-6.36054136663097e-06,0.013763320631426343,-0.00772312885339575,0.037767556096970176,0.9911008899110089,0.8626104756165318
overall,ALL,C,constraint_tightening_penalty,C2_perfect_belief_current_mpc,C1_true_arx_worst,max_abs_freq_hz,240,239,0.21846611181492767,0.2185122302902638,-4.611847533613103e-05,0.008134609817036304,-0.009574245198577587,0.02852511840892554,0.8780121987801219,0.7137406897773484
scenario,S0_nominal_stochastic,ALL,constraint_tightening_penalty,C2_perfect_belief_current_mpc,C1_true_arx_worst,max_abs_freq_hz,90,90,0.011873744817411925,0.011870324427387884,3.4203900240438917e-06,0.0007452565684137413,-0.0044657219304823775,0.006121106774826203,0.9058094190580942,0.5367904318812258
scenario,S0_nominal_stochastic,A,constraint_tightening_penalty,C2_perfect_belief_current_mpc,C1_true_arx_worst,max_abs_freq_hz,30,30,0.011877548967709924,0.01192515431992549,-4.760535221556827e-05,-0.0038349534241017653,-0.012104209345644185,0.004701607253429694,0.3681631836816318,0.27553242920515275
scenario,S0_nominal_stochastic,B,constraint_tightening_penalty,C2_perfect_belief_current_mpc,C1_true_arx_worst,max_abs_freq_hz,30,30,0.011873056106758078,0.011882284558786737,-9.228452028655145e-06,-8.990282091373217e-05,-0.009733633113521926,0.009007885282339007,0.8660133986601339,0.28479479700497756
scenario,S0_nominal_stochastic,C,constraint_tightening_penalty,C2_perfect_belief_current_mpc,C1_true_arx_worst,max_abs_freq_hz,30,30,0.011870629377767774,0.011803534403451419,6.709497431635509e-05,0.006160625950256722,-0.002260152089509103,0.015660977422053933,0.1972802719728027,0.3037281576754598
scenario,S1_step_neg_002,ALL,constraint_tightening_penalty,C2_perfect_belief_current_mpc,C1_true_arx_worst,max_abs_freq_hz,0,0,,,,,,,,
scenario,S1_step_neg_002,A,constraint_tightening_penalty,C2_perfect_belief_current_mpc,C1_true_arx_worst,max_abs_freq_hz,0,0,,,,,,,,
scenario,S1_step_neg_002,B,constraint_tightening_penalty,C2_perfect_belief_current_mpc,C1_true_arx_worst,max_abs_freq_hz,0,0,,,,,,,,
scenario,S1_step_neg_002,C,constraint_tightening_penalty,C2_perfect_belief_current_mpc,C1_true_arx_worst,max_abs_freq_hz,0,0,,,,,,,,
scenario,S1_step_neg_004,ALL,constraint_tightening_penalty,C2_perfect_belief_current_mpc,C1_true_arx_worst,max_abs_freq_hz,0,0,,,,,,,,
scenario,S1_step_neg_004,A,constraint_tightening_penalty,C2_perfect_belief_current_mpc,C1_true_arx_worst,max_abs_freq_hz,0,0,,,,,,,,
scenario,S1_step_neg_004,B,constraint_tightening_penalty,C2_perfect_belief_current_mpc,C1_true_arx_worst,max_abs_freq_hz,0,0,,,,,,,,
scenario,S1_step_neg_004,C,constraint_tightening_penalty,C2_perfect_belief_current_mpc,C1_true_arx_worst,max_abs_freq_hz,0,0,,,,,,,,
scenario,S1_step_neg_006,ALL,constraint_tightening_penalty,C2_perfect_belief_current_mpc,C1_true_arx_worst,max_abs_freq_hz,0,0,,,,,,,,
scenario,S1_step_neg_006,A,constraint_tightening_penalty,C2_perfect_belief_current_mpc,C1_true_arx_worst,max_abs_freq_hz,0,0,,,,,,,,
scenario,S1_step_neg_006,B,constraint_tightening_penalty,C2_perfect_belief_current_mpc,C1_true_arx_worst,max_abs_freq_hz,0,0,,,,,,,,
scenario,S1_step_neg_006,C,constraint_tightening_penalty,C2_perfect_belief_current_mpc,C1_true_arx_worst,max_abs_freq_hz,0,0,,,,,,,,
scenario,S1_step_neg_008,ALL,constraint_tightening_penalty,C2_perfect_belief_current_mpc,C1_true_arx_worst,max_abs_freq_hz,0,0,,,,,,,,
scenario,S1_step_neg_008,A,constraint_tightening_penalty,C2_perfect_belief_current_mpc,C1_true_arx_worst,max_abs_freq_hz,0,0,,,,,,,,
scenario,S1_step_neg_008,B,constraint_tightening_penalty,C2_perfect_belief_current_mpc,C1_true_arx_worst,max_abs_freq_hz,0,0,,,,,,,,
scenario,S1_step_neg_008,C,constraint_tightening_penalty,C2_perfect_belief_current_mpc,C1_true_arx_worst,max_abs_freq_hz,0,0,,,,,,,,
scenario,S1_step_pos_002,ALL,constraint_tightening_penalty,C2_perfect_belief_current_mpc,C1_true_arx_worst,max_abs_freq_hz,0,0,,,,,,,,
scenario,S1_step_pos_002,A,constraint_tightening_penalty,C2_perfect_belief_current_mpc,C1_true_arx_worst,max_abs_freq_hz,0,0,,,,,,,,
scenario,S1_step_pos_002,B,constraint_tightening_penalty,C2_perfect_belief_current_mpc,C1_true_arx_worst,max_abs_freq_hz,0,0,,,,,,,,
scenario,S1_step_pos_002,C,constraint_tightening_penalty,C2_perfect_belief_current_mpc,C1_true_arx_worst,max_abs_freq_hz,0,0,,,,,,,,
scenario,S1_step_pos_004,ALL,constraint_tightening_penalty,C2_perfect_belief_current_mpc,C1_true_arx_worst,max_abs_freq_hz,0,0,,,,,,,,
scenario,S1_step_pos_004,A,constraint_tightening_penalty,C2_perfect_belief_current_mpc,C1_true_arx_worst,max_abs_freq_hz,0,0,,,,,,,,
scenario,S1_step_pos_004,B,constraint_tightening_penalty,C2_perfect_belief_current_mpc,C1_true_arx_worst,max_abs_freq_hz,0,0,,,,,,,,
scenario,S1_step_pos_004,C,constraint_tightening_penalty,C2_perfect_belief_current_mpc,C1_true_arx_worst,max_abs_freq_hz,0,0,,,,,,,,
scenario,S1_step_pos_006,ALL,constraint_tightening_penalty,C2_perfect_belief_current_mpc,C1_true_arx_worst,max_abs_freq_hz,90,90,0.25007088430981356,0.2505086620607524,-0.0004377777509387939,-0.0017306329590668023,-0.003726437029284247,2.2198167941623187e-05,0.09009099090090991,0.4037653303948012
scenario,S1_step_pos_006,A,constraint_tightening_penalty,C2_perfect_belief_current_mpc,C1_true_arx_worst,max_abs_freq_hz,30,30,0.24860236716038442,0.2490637559540658,-0.00046138879368139894,-0.0018456582806958442,-0.005268193474784668,0.0005206260363063326,0.4166583341665833,0.6554384250193834
scenario,S1_step_pos_006,B,constraint_tightening_penalty,C2_perfect_belief_current_mpc,C1_true_arx_worst,max_abs_freq_hz,30,30,0.2505504745809342,0.25094998958894305,-0.00039951500800888183,-0.0015481902997855437,-0.005772129099397064,0.0021456006069103055,0.28997100289971,0.09610157273709774
scenario,S1_step_pos_006,C,constraint_tightening_penalty,C2_perfect_belief_current_mpc,C1_true_arx_worst,max_abs_freq_hz,30,30,0.2510598111881221,0.2515122406392482,-0.00045242945112610085,-0.0017980502967190194,-0.004943127302645444,0.00048082218059095495,0.36546345365463456,0.8078304156661034
scenario,S1_step_pos_008,ALL,constraint_tightening_penalty,C2_perfect_belief_current_mpc,C1_true_arx_worst,max_abs_freq_hz,0,0,,,,,,,,
scenario,S1_step_pos_008,A,constraint_tightening_penalty,C2_perfect_belief_current_mpc,C1_true_arx_worst,max_abs_freq_hz,0,0,,,,,,,,
scenario,S1_step_pos_008,B,constraint_tightening_penalty,C2_perfect_belief_current_mpc,C1_true_arx_worst,max_abs_freq_hz,0,0,,,,,,,,
scenario,S1_step_pos_008,C,constraint_tightening_penalty,C2_perfect_belief_current_mpc,C1_true_arx_worst,max_abs_freq_hz,0,0,,,,,,,,
scenario,S2_sluggish_switch_050,ALL,constraint_tightening_penalty,C2_perfect_belief_current_mpc,C1_true_arx_worst,max_abs_freq_hz,90,90,0.2882149851053871,0.2881701778359105,4.4807269476639563e-05,0.00016127861890552115,-0.0006415741543506272,0.0010547008613616218,0.7319268073192681,0.6624230541574179
scenario,S2_sluggish_switch_050,A,constraint_tightening_penalty,C2_perfect_belief_current_mpc,C1_true_arx_worst,max_abs_freq_hz,30,30,0.28612948024737633,0.28610750163303267,2.197861434365215e-05,7.681991603010841e-05,-2.9704541289961345e-05,0.00018472228956910221,0.18218178182181782,0.10483990423381329
scenario,S2_sluggish_switch_050,B,constraint_tightening_penalty,C2_perfect_belief_current_mpc,C1_true_arx_worst,max_abs_freq_hz,30,30,0.2884010933523747,0.28824316678141815,0.00015792657095654768,0.0005478258944620283,3.0070367233073185e-06,0.0014664435124209709,0.1202879712028797,0.08406547829508781
scenario,S2_sluggish_switch_050,C,constraint_tightening_penalty,C2_perfect_belief_current_mpc,C1_true_arx_worst,max_abs_freq_hz,30,30,0.29011438171641024,0.29015986509328057,-4.548337687028114e-05,-0.00014080995377557307,-0.0024108163684124417,0.002467304775374532,0.9056094390560944,0.22855282202363014
scenario,S2_sluggish_switch_060,ALL,constraint_tightening_penalty,C2_perfect_belief_current_mpc,C1_true_arx_worst,max_abs_freq_hz,90,89,0.28823346236676783,0.28829882788834693,-6.536552157912583e-05,-0.0002215804518713458,-0.0006806858252537237,0.00020185740846954302,0.3357664233576642,0.8651756495721226
scenario,S2_sluggish_switch_060,A,constraint_tightening_penalty,C2_perfect_belief_current_mpc,C1_true_arx_worst,max_abs_freq_hz,30,30,0.28613672151569675,0.2861491705823286,-1.2449066631818143e-05,-4.342415266169847e-05,-0.0002475449084643302,0.00015970071887366847,0.6937306269373062,0.7151329666376114
scenario,S2_sluggish_switch_060,B,constraint_tightening_penalty,C2_perfect_belief_current_mpc,C1_true_arx_worst,max_abs_freq_hz,30,29,0.2879338109756429,0.2880549871339645,-0.00012117615832167248,-0.00041598809324590205,-0.0012383462326206944,0.0002878121231602323,0.31026897310268975,0.7982758991420269
scenario,S2_sluggish_switch_060,C,constraint_tightening_penalty,C2_perfect_belief_current_mpc,C1_true_arx_worst,max_abs_freq_hz,30,30,0.2906198662292596,0.2906841979236017,-6.433169434197175e-05,-0.00021180936441892202,-0.0013150043184951589,0.0008052671332872271,0.7012298770122988,0.9515264742076397
scenario,S2_sluggish_switch_090,ALL,constraint_tightening_penalty,C2_perfect_belief_current_mpc,C1_true_arx_worst,max_abs_freq_hz,0,0,,,,,,,,
scenario,S2_sluggish_switch_090,A,constraint_tightening_penalty,C2_perfect_belief_current_mpc,C1_true_arx_worst,max_abs_freq_hz,0,0,,,,,,,,
scenario,S2_sluggish_switch_090,B,constraint_tightening_penalty,C2_perfect_belief_current_mpc,C1_true_arx_worst,max_abs_freq_hz,0,0,,,,,,,,
scenario,S2_sluggish_switch_090,C,constraint_tightening_penalty,C2_perfect_belief_current_mpc,C1_true_arx_worst,max_abs_freq_hz,0,0,,,,,,,,
scenario,S3_derated_coincident,ALL,constraint_tightening_penalty,C2_perfect_belief_current_mpc,C1_true_arx_worst,max_abs_freq_hz,90,88,0.2739342931348495,0.2741880018162013,-0.00025370868135174353,-0.0009046462333108968,-0.0029512078390679527,0.0006946759933858462,0.39676032396760325,0.5490640520675911
scenario,S3_derated_coincident,A,constraint_tightening_penalty,C2_perfect_belief_current_mpc,C1_true_arx_worst,max_abs_freq_hz,30,30,0.2704009227592261,0.2704177465356367,-1.6823776410573865e-05,-6.185344733723299e-05,-0.0003122873410698057,0.00020544231376032533,0.657034296570343,0.39305018074810505
scenario,S3_derated_coincident,B,constraint_tightening_penalty,C2_perfect_belief_current_mpc,C1_true_arx_worst,max_abs_freq_hz,30,29,0.27174800781259995,0.272459820254697,-0.0007118124420970212,-0.0025991258667829127,-0.007855098018605138,0.0004693120760434343,0.3441655834416558,0.7818621210753918
scenario,S3_derated_coincident,C,constraint_tightening_penalty,C2_perfect_belief_current_mpc,C1_true_arx_worst,max_abs_freq_hz,30,29,0.2797757891905026,0.27981644746104817,-4.065827054560692e-05,-8.202120601853271e-05,-0.003596902136395307,0.0030087635507911057,0.9367063293670633,0.8983406014740467
scenario,S4_unavailable_coincident,ALL,constraint_tightening_penalty,C2_perfect_belief_current_mpc,C1_true_arx_worst,max_abs_freq_hz,90,90,0.29625850918063673,0.29622702932943634,3.1479851200493115e-05,0.00010655086982821418,-0.0002555082470493433,0.0004599581400879791,0.5728427157284272,0.6164068374944827
scenario,S4_unavailable_coincident,A,constraint_tightening_penalty,C2_perfect_belief_current_mpc,C1_true_arx_worst,max_abs_freq_hz,30,30,0.29281318799332856,0.29277734022926066,3.584776406791816e-05,0.00012283150708882701,-4.80482543446347e-05,0.00031950899004709653,0.22227777222277773,0.5027610473334789
scenario,S4_unavailable_coincident,B,constraint_tightening_penalty,C2_perfect_belief_current_mpc,C1_true_arx_worst,max_abs_freq_hz,30,30,0.29561489800605245,0.29566259513439774,-4.7697128345260595e-05,-0.00016089253914336078,-0.0007711509737197448,0.00041784201436111145,0.629037096290371,0.6408254038542509
scenario,S4_unavailable_coincident,C,constraint_tightening_penalty,C2_perfect_belief_current_mpc,C1_true_arx_worst,max_abs_freq_hz,30,30,0.30034744154252924,0.3002411526246504,0.00010628891787882177,0.0003577136415391764,-0.0005053696156557555,0.0012091395804173155,0.44585541445855414,0.42795460671186447
scenario,S5_multi_switch_stochastic,ALL,constraint_tightening_penalty,C2_perfect_belief_current_mpc,C1_true_arx_worst,max_abs_freq_hz,90,90,0.03494390789073231,0.03425291151208531,0.0006909963786470007,0.08136271192669847,-0.00303410261978692,0.16987903023118628,0.6339366063393661,0.5939375271342644
scenario,S5_multi_switch_stochastic,A,constraint_tightening_penalty,C2_perfect_belief_current_mpc,C1_true_arx_worst,max_abs_freq_hz,30,30,0.03192690191957494,0.03102714392653695,0.0008997579930379848,0.0700151139039312,-0.04128683882370263,0.1912748979640217,0.6605339466053395,0.7151329666376114
scenario,S5_multi_switch_stochastic,B,constraint_tightening_penalty,C2_perfect_belief_current_mpc,C1_true_arx_worst,max_abs_freq_hz,30,30,0.03906829741959109,0.03798398074534364,0.0010843166742474468,0.11345965538211224,-0.055283352552498596,0.295887436628653,0.7410258974102589,0.7000329215079546
scenario,S5_multi_switch_stochastic,C,constraint_tightening_penalty,C2_perfect_belief_current_mpc,C1_true_arx_worst,max_abs_freq_hz,30,30,0.03383652433303088,0.03374760986437532,8.891446865557038e-05,0.060613366494051996,-0.07582903276077459,0.21128786829712293,0.9712028797120288,0.9676735773682594
scenario,S6_sluggish_coincident_high_noise,ALL,constraint_tightening_penalty,C2_perfect_belief_current_mpc,C1_true_arx_worst,max_abs_freq_hz,90,90,0.291363384579213,0.2913774569733972,-1.4072394184096017e-05,-4.731268759140671e-05,-0.00014630851788145847,4.988350430724119e-05,0.3467653234676532,0.40150347847783485
scenario,S6_sluggish_coincident_high_noise,A,constraint_tightening_penalty,C2_perfect_belief_current_mpc,C1_true_arx_worst,max_abs_freq_hz,30,30,0.28973603913253726,0.28971905431333494,1.69848192022611e-05,5.896147934115119e-05,-7.938729421882674e-05,0.00027281538196600156,0.811018898110189,0.7765688337385654
scenario,S6_sluggish_coincident_high_noise,B,constraint_tightening_penalty,C2_perfect_belief_current_mpc,C1_true_arx_worst,max_abs_freq_hz,30,30,0.2922060077507839,0.29223704838870895,-3.104063792506532e-05,-0.00010487511272145892,-0.00025895458564380503,-3.1716051468555876e-06,0.0857914208579142,0.3598779272288084
scenario,S6_sluggish_coincident_high_noise,C,constraint_tightening_penalty,C2_perfect_belief_current_mpc,C1_true_arx_worst,max_abs_freq_hz,30,30,0.29214810685431786,0.2921762682181474,-2.8161363829483827e-05,-9.602442939391241e-05,-0.00030640658524137094,2.604452773165228e-05,0.43665633436656337,0.6263462882488966
scenario,S6_sluggish_coincident_low_noise,ALL,constraint_tightening_penalty,C2_perfect_belief_current_mpc,C1_true_arx_worst,max_abs_freq_hz,0,0,,,,,,,,
scenario,S6_sluggish_coincident_low_noise,A,constraint_tightening_penalty,C2_perfect_belief_current_mpc,C1_true_arx_worst,max_abs_freq_hz,0,0,,,,,,,,
scenario,S6_sluggish_coincident_low_noise,B,constraint_tightening_penalty,C2_perfect_belief_current_mpc,C1_true_arx_worst,max_abs_freq_hz,0,0,,,,,,,,
scenario,S6_sluggish_coincident_low_noise,C,constraint_tightening_penalty,C2_perfect_belief_current_mpc,C1_true_arx_worst,max_abs_freq_hz,0,0,,,,,,,,
scenario,S6_sluggish_coincident_medium_noise,ALL,constraint_tightening_penalty,C2_perfect_belief_current_mpc,C1_true_arx_worst,max_abs_freq_hz,0,0,,,,,,,,
scenario,S6_sluggish_coincident_medium_noise,A,constraint_tightening_penalty,C2_perfect_belief_current_mpc,C1_true_arx_worst,max_abs_freq_hz,0,0,,,,,,,,
scenario,S6_sluggish_coincident_medium_noise,B,constraint_tightening_penalty,C2_perfect_belief_current_mpc,C1_true_arx_worst,max_abs_freq_hz,0,0,,,,,,,,
scenario,S6_sluggish_coincident_medium_noise,C,constraint_tightening_penalty,C2_perfect_belief_current_mpc,C1_true_arx_worst,max_abs_freq_hz,0,0,,,,,,,,
scenario,S7_ood_asymmetric_limit,ALL,constraint_tightening_penalty,C2_perfect_belief_current_mpc,C1_true_arx_worst,max_abs_freq_hz,0,0,,,,,,,,
scenario,S7_ood_asymmetric_limit,A,constraint_tightening_penalty,C2_perfect_belief_current_mpc,C1_true_arx_worst,max_abs_freq_hz,0,0,,,,,,,,
scenario,S7_ood_asymmetric_limit,B,constraint_tightening_penalty,C2_perfect_belief_current_mpc,C1_true_arx_worst,max_abs_freq_hz,0,0,,,,,,,,
scenario,S7_ood_asymmetric_limit,C,constraint_tightening_penalty,C2_perfect_belief_current_mpc,C1_true_arx_worst,max_abs_freq_hz,0,0,,,,,,,,
scenario,S8_ood_time_varying_delay,ALL,constraint_tightening_penalty,C2_perfect_belief_current_mpc,C1_true_arx_worst,max_abs_freq_hz,0,0,,,,,,,,
scenario,S8_ood_time_varying_delay,A,constraint_tightening_penalty,C2_perfect_belief_current_mpc,C1_true_arx_worst,max_abs_freq_hz,0,0,,,,,,,,
scenario,S8_ood_time_varying_delay,B,constraint_tightening_penalty,C2_perfect_belief_current_mpc,C1_true_arx_worst,max_abs_freq_hz,0,0,,,,,,,,
scenario,S8_ood_time_varying_delay,C,constraint_tightening_penalty,C2_perfect_belief_current_mpc,C1_true_arx_worst,max_abs_freq_hz,0,0,,,,,,,,
scenario,S9_compound_unavailable_double_step,ALL,constraint_tightening_penalty,C2_perfect_belief_current_mpc,C1_true_arx_worst,max_abs_freq_hz,0,0,,,,,,,,
scenario,S9_compound_unavailable_double_step,A,constraint_tightening_penalty,C2_perfect_belief_current_mpc,C1_true_arx_worst,max_abs_freq_hz,0,0,,,,,,,,
scenario,S9_compound_unavailable_double_step,B,constraint_tightening_penalty,C2_perfect_belief_current_mpc,C1_true_arx_worst,max_abs_freq_hz,0,0,,,,,,,,
scenario,S9_compound_unavailable_double_step,C,constraint_tightening_penalty,C2_perfect_belief_current_mpc,C1_true_arx_worst,max_abs_freq_hz,0,0,,,,,,,,
overall,ALL,ALL,constraint_tightening_penalty,C2_perfect_belief_current_mpc,C1_true_arx_worst,sg_mileage,720,717,0.8016171297279437,0.7994553198643104,0.0021618098636333478,0.004373556915957375,0.00019894034810732355,0.008653553945567743,0.1501849815018498,0.050625246185168116
overall,ALL,A,constraint_tightening_penalty,C2_perfect_belief_current_mpc,C1_true_arx_worst,sg_mileage,240,240,0.9849611211505248,0.9816186232799705,0.003342497870554357,0.005695797915386382,-0.0024177976287177052,0.014210156142577398,0.300969903009699,0.13530657194030116
overall,ALL,B,constraint_tightening_penalty,C2_perfect_belief_current_mpc,C1_true_arx_worst,sg_mileage,240,238,0.8524170746519748,0.8494145439043042,0.003002530747670521,0.00544806005645915,-0.001409969523881306,0.012304949201250975,0.24967503249675033,0.08860998767096703
overall,ALL,C,constraint_tightening_penalty,C2_perfect_belief_current_mpc,C1_true_arx_worst,sg_mileage,240,239,0.5669186157809195,0.5667796372648254,0.00013897851609406077,0.0019757762159474013,-0.004329009625409685,0.008559494317844042,0.9368063193680632,0.8443993133998775
scenario,S0_nominal_stochastic,ALL,constraint_tightening_penalty,C2_perfect_belief_current_mpc,C1_true_arx_worst,sg_mileage,90,90,0.6852684931452591,0.6849435555026029,0.00032493764265619293,0.0009008975045975651,-0.00615203260972673,0.00810431264405015,0.8956104389561044,0.7007840628373874
scenario,S0_nominal_stochastic,A,constraint_tightening_penalty,C2_perfect_belief_current_mpc,C1_true_arx_worst,sg_mileage,30,30,0.7250988244190247,0.7207318639432934,0.004366960475731426,0.0065887426449329056,-0.004595534220166808,0.01806863937838839,0.3010698930106989,0.3492113798856735
scenario,S0_nominal_stochastic,B,constraint_tightening_penalty,C2_perfect_belief_current_mpc,C1_true_arx_worst,sg_mileage,30,30,0.7130578482492745,0.7136755521210435,-0.0006177038717688302,-0.00015866652069256812,-0.012667908254406748,0.012082427353553941,0.8893110688931107,0.7765688337385654
scenario,S0_nominal_stochastic,C,constraint_tightening_penalty,C2_perfect_belief_current_mpc,C1_true_arx_worst,sg_mileage,30,30,0.6176488067674782,0.6204232504434722,-0.002774443675994017,-0.0037273836104476416,-0.016821964646975923,0.009496060043135168,0.5134486551344866,0.583757072687149
scenario,S1_step_neg_002,ALL,constraint_tightening_penalty,C2_perfect_belief_current_mpc,C1_true_arx_worst,sg_mileage,0,0,,,,,,,,
scenario,S1_step_neg_002,A,constraint_tightening_penalty,C2_perfect_belief_current_mpc,C1_true_arx_worst,sg_mileage,0,0,,,,,,,,
scenario,S1_step_neg_002,B,constraint_tightening_penalty,C2_perfect_belief_current_mpc,C1_true_arx_worst,sg_mileage,0,0,,,,,,,,
scenario,S1_step_neg_002,C,constraint_tightening_penalty,C2_perfect_belief_current_mpc,C1_true_arx_worst,sg_mileage,0,0,,,,,,,,
scenario,S1_step_neg_004,ALL,constraint_tightening_penalty,C2_perfect_belief_current_mpc,C1_true_arx_worst,sg_mileage,0,0,,,,,,,,
scenario,S1_step_neg_004,A,constraint_tightening_penalty,C2_perfect_belief_current_mpc,C1_true_arx_worst,sg_mileage,0,0,,,,,,,,
scenario,S1_step_neg_004,B,constraint_tightening_penalty,C2_perfect_belief_current_mpc,C1_true_arx_worst,sg_mileage,0,0,,,,,,,,
scenario,S1_step_neg_004,C,constraint_tightening_penalty,C2_perfect_belief_current_mpc,C1_true_arx_worst,sg_mileage,0,0,,,,,,,,
scenario,S1_step_neg_006,ALL,constraint_tightening_penalty,C2_perfect_belief_current_mpc,C1_true_arx_worst,sg_mileage,0,0,,,,,,,,
scenario,S1_step_neg_006,A,constraint_tightening_penalty,C2_perfect_belief_current_mpc,C1_true_arx_worst,sg_mileage,0,0,,,,,,,,
scenario,S1_step_neg_006,B,constraint_tightening_penalty,C2_perfect_belief_current_mpc,C1_true_arx_worst,sg_mileage,0,0,,,,,,,,
scenario,S1_step_neg_006,C,constraint_tightening_penalty,C2_perfect_belief_current_mpc,C1_true_arx_worst,sg_mileage,0,0,,,,,,,,
scenario,S1_step_neg_008,ALL,constraint_tightening_penalty,C2_perfect_belief_current_mpc,C1_true_arx_worst,sg_mileage,0,0,,,,,,,,
scenario,S1_step_neg_008,A,constraint_tightening_penalty,C2_perfect_belief_current_mpc,C1_true_arx_worst,sg_mileage,0,0,,,,,,,,
scenario,S1_step_neg_008,B,constraint_tightening_penalty,C2_perfect_belief_current_mpc,C1_true_arx_worst,sg_mileage,0,0,,,,,,,,
scenario,S1_step_neg_008,C,constraint_tightening_penalty,C2_perfect_belief_current_mpc,C1_true_arx_worst,sg_mileage,0,0,,,,,,,,
scenario,S1_step_pos_002,ALL,constraint_tightening_penalty,C2_perfect_belief_current_mpc,C1_true_arx_worst,sg_mileage,0,0,,,,,,,,
scenario,S1_step_pos_002,A,constraint_tightening_penalty,C2_perfect_belief_current_mpc,C1_true_arx_worst,sg_mileage,0,0,,,,,,,,
scenario,S1_step_pos_002,B,constraint_tightening_penalty,C2_perfect_belief_current_mpc,C1_true_arx_worst,sg_mileage,0,0,,,,,,,,
scenario,S1_step_pos_002,C,constraint_tightening_penalty,C2_perfect_belief_current_mpc,C1_true_arx_worst,sg_mileage,0,0,,,,,,,,
scenario,S1_step_pos_004,ALL,constraint_tightening_penalty,C2_perfect_belief_current_mpc,C1_true_arx_worst,sg_mileage,0,0,,,,,,,,
scenario,S1_step_pos_004,A,constraint_tightening_penalty,C2_perfect_belief_current_mpc,C1_true_arx_worst,sg_mileage,0,0,,,,,,,,
scenario,S1_step_pos_004,B,constraint_tightening_penalty,C2_perfect_belief_current_mpc,C1_true_arx_worst,sg_mileage,0,0,,,,,,,,
scenario,S1_step_pos_004,C,constraint_tightening_penalty,C2_perfect_belief_current_mpc,C1_true_arx_worst,sg_mileage,0,0,,,,,,,,
scenario,S1_step_pos_006,ALL,constraint_tightening_penalty,C2_perfect_belief_current_mpc,C1_true_arx_worst,sg_mileage,90,90,0.5269218993711335,0.5223888843546114,0.004533015016522164,0.01268211183535655,-0.006930066067308578,0.03276106819770071,0.4413558644135586,0.502893372945267
scenario,S1_step_pos_006,A,constraint_tightening_penalty,C2_perfect_belief_current_mpc,C1_true_arx_worst,sg_mileage,30,30,0.5801252909627921,0.5735883094041115,0.006536981558680508,0.019892538690196197,-0.025723554967360025,0.06632759848122514,0.649035096490351,0.583757072687149
scenario,S1_step_pos_006,B,constraint_tightening_penalty,C2_perfect_belief_current_mpc,C1_true_arx_worst,sg_mileage,30,30,0.5370373343529506,0.5295759900784398,0.00746134427451071,0.017126746395690798,-0.013311153736491398,0.0480306220678719,0.403959604039596,0.5978077705949545
scenario,S1_step_pos_006,C,constraint_tightening_penalty,C2_perfect_belief_current_mpc,C1_true_arx_worst,sg_mileage,30,30,0.46360307279765806,0.4640023535812828,-0.00039928078362472437,0.0010270504201826763,-0.018106758480909917,0.020831335035516426,0.9333066693330667,1.0
scenario,S1_step_pos_008,ALL,constraint_tightening_penalty,C2_perfect_belief_current_mpc,C1_true_arx_worst,sg_mileage,0,0,,,,,,,,
scenario,S1_step_pos_008,A,constraint_tightening_penalty,C2_perfect_belief_current_mpc,C1_true_arx_worst,sg_mileage,0,0,,,,,,,,
scenario,S1_step_pos_008,B,constraint_tightening_penalty,C2_perfect_belief_current_mpc,C1_true_arx_worst,sg_mileage,0,0,,,,,,,,
scenario,S1_step_pos_008,C,constraint_tightening_penalty,C2_perfect_belief_current_mpc,C1_true_arx_worst,sg_mileage,0,0,,,,,,,,
scenario,S2_sluggish_switch_050,ALL,constraint_tightening_penalty,C2_perfect_belief_current_mpc,C1_true_arx_worst,sg_mileage,90,90,0.8313432968578188,0.8299641432577393,0.0013791536000795758,0.0012651748523945508,-0.003110608779747824,0.005816035434678638,0.44815518448155184,0.46275177950431445
scenario,S2_sluggish_switch_050,A,constraint_tightening_penalty,C2_perfect_belief_current_mpc,C1_true_arx_worst,sg_mileage,30,30,0.9744338083404395,0.9684331487968137,0.006000659543625641,0.006356443100230948,0.0004817767042646363,0.013140923112140353,0.051894810518948106,0.024786051362752914
scenario,S2_sluggish_switch_050,B,constraint_tightening_penalty,C2_perfect_belief_current_mpc,C1_true_arx_worst,sg_mileage,30,30,0.8874813835652395,0.8867417870207437,0.0007395965444961128,0.0008881250888636769,-0.005881828239375683,0.00759483506697226,0.8148185181481852,0.5291051845997572
scenario,S2_sluggish_switch_050,C,constraint_tightening_penalty,C2_perfect_belief_current_mpc,C1_true_arx_worst,sg_mileage,30,30,0.6321146986677777,0.6347174939556607,-0.002602795287883027,-0.00344904363191097,-0.012849084961638918,0.006508236571628785,0.40535946405359463,0.3284698575735092
scenario,S2_sluggish_switch_060,ALL,constraint_tightening_penalty,C2_perfect_belief_current_mpc,C1_true_arx_worst,sg_mileage,90,89,0.8243581297473879,0.8247262336714679,-0.00036810392408019165,-0.0003111972774377192,-0.006190126352804324,0.005440431314661128,0.8827117288271172,0.9364117306360437
scenario,S2_sluggish_switch_060,A,constraint_tightening_penalty,C2_perfect_belief_current_mpc,C1_true_arx_worst,sg_mileage,30,30,0.9553415139526724,0.9595868949431564,-0.004245380990484116,-0.0039051996295225823,-0.01360341736426168,0.00507411869476444,0.4026597340265973,0.9515264742076397
scenario,S2_sluggish_switch_060,B,constraint_tightening_penalty,C2_perfect_belief_current_mpc,C1_true_arx_worst,sg_mileage,30,29,0.8814070309123362,0.8752128243932782,0.006194206519057934,0.007033892108931474,-0.002177137238818154,0.017749375746431425,0.17578242175782421,0.24702516570687294
scenario,S2_sluggish_switch_060,C,constraint_tightening_penalty,C2_perfect_belief_current_mpc,C1_true_arx_worst,sg_mileage,30,30,0.6382274744159864,0.6410618680353628,-0.0028343936193764557,-0.0038174479988430784,-0.013988371237513396,0.005937971458700286,0.41125887411258877,0.4521643426269293
scenario,S2_sluggish_switch_090,ALL,constraint_tightening_penalty,C2_perfect_belief_current_mpc,C1_true_arx_worst,sg_mileage,0,0,,,,,,,,
scenario,S2_sluggish_switch_090,A,constraint_tightening_penalty,C2_perfect_belief_current_mpc,C1_true_arx_worst,sg_mileage,0,0,,,,,,,,
scenario,S2_sluggish_switch_090,B,constraint_tightening_penalty,C2_perfect_belief_current_mpc,C1_true_arx_worst,sg_mileage,0,0,,,,,,,,
scenario,S2_sluggish_switch_090,C,constraint_tightening_penalty,C2_perfect_belief_current_mpc,C1_true_arx_worst,sg_mileage,0,0,,,,,,,,
scenario,S3_derated_coincident,ALL,constraint_tightening_penalty,C2_perfect_belief_current_mpc,C1_true_arx_worst,sg_mileage,90,88,0.7749899220629078,0.7714327795380856,0.0035571425248223016,0.011047191428527378,-0.00678109393982296,0.029277433090355395,0.6258374162583742,0.5490640520675911
scenario,S3_derated_coincident,A,constraint_tightening_penalty,C2_perfect_belief_current_mpc,C1_true_arx_worst,sg_mileage,30,30,1.0139477008166191,1.0050490837097124,0.008898617106906488,0.012420210619124213,-0.016141267937324788,0.04632664402765979,0.607039296070393,0.7765688337385654
scenario,S3_derated_coincident,B,constraint_tightening_penalty,C2_perfect_belief_current_mpc,C1_true_arx_worst,sg_mileage,30,29,0.8188376859939968,0.8293105481530906,-0.01047286215909363,-0.009919986978532993,-0.03699780268937143,0.016951223923028492,0.38886111388861117,0.4293668270111084
scenario,S3_derated_coincident,C,constraint_tightening_penalty,C2_perfect_belief_current_mpc,C1_true_arx_worst,sg_mileage,30,29,0.48394445597280733,0.47188297212484587,0.012061483847961487,0.030594005155659985,-0.0023442879227843316,0.0644727872681845,0.143985601439856,0.07975950092077255
scenario,S4_unavailable_coincident,ALL,constraint_tightening_penalty,C2_perfect_belief_current_mpc,C1_true_arx_worst,sg_mileage,90,90,0.5240738447205988,0.5233340110402068,0.0007398336803919307,0.0007721604754792943,-0.006253693651470285,0.0075165309551397715,0.7087291270872913,0.20000234730584598
scenario,S4_unavailable_coincident,A,constraint_tightening_penalty,C2_perfect_belief_current_mpc,C1_true_arx_worst,sg_mileage,30,30,0.6502491244487469,0.6506266684997956,-0.0003775440510485913,0.0003157779735802717,-0.014157194870229272,0.014459783201248723,0.9362063793620637,0.6120056137442589
scenario,S4_unavailable_coincident,B,constraint_tightening_penalty,C2_perfect_belief_current_mpc,C1_true_arx_worst,sg_mileage,30,30,0.6519005502546708,0.6481959490474856,0.003704601207185217,0.0056242750073694,-0.004656284931717664,0.015265816473334437,0.27617238276172384,0.12935307621955872
scenario,S4_unavailable_coincident,C,constraint_tightening_penalty,C2_perfect_belief_current_mpc,C1_true_arx_worst,sg_mileage,30,30,0.2700718594583785,0.2711794155733393,-0.0011075561149608338,-0.00362357155451179,-0.015351477928048763,0.006515966721938923,0.5086491350864913,0.7765688337385654
scenario,S5_multi_switch_stochastic,ALL,constraint_tightening_penalty,C2_perfect_belief_current_mpc,C1_true_arx_worst,sg_mileage,90,90,0.7729019590260148,0.7680247968963635,0.004877162129651374,0.007049049671279792,-0.007394075212090344,0.021588739226962094,0.40375962403759624,0.502893372945267
scenario,S5_multi_switch_stochastic,A,constraint_tightening_penalty,C2_perfect_belief_current_mpc,C1_true_arx_worst,sg_mileage,30,30,0.8755613233516916,0.8755944322048751,-3.3108853183376015e-05,0.000859590101285002,-0.023313902016170777,0.024520513063503065,0.9983001699830018,0.7303419969975948
scenario,S5_multi_switch_stochastic,B,constraint_tightening_penalty,C2_perfect_belief_current_mpc,C1_true_arx_worst,sg_mileage,30,30,0.8518958636579,0.834835508067398,0.01706035559050176,0.0225899148886343,-0.003778375895620281,0.05064096573623199,0.1596840315968403,0.17719271034002304
scenario,S5_multi_switch_stochastic,C,constraint_tightening_penalty,C2_perfect_belief_current_mpc,C1_true_arx_worst,sg_mileage,30,30,0.5912486900684528,0.5936444504168172,-0.002395760348364262,-0.0023023559760799246,-0.025693780361304142,0.019872248762316306,0.7358264173582642,1.0
scenario,S6_sluggish_coincident_high_noise,ALL,constraint_tightening_penalty,C2_perfect_belief_current_mpc,C1_true_arx_worst,sg_mileage,90,90,1.4727404549445335,1.4704862194662363,0.0022542354782974813,0.0016793170022587557,-0.0025672601039399075,0.0058858853745022,0.5009499050094991,0.30392513989680736
scenario,S6_sluggish_coincident_high_noise,A,constraint_tightening_penalty,C2_perfect_belief_current_mpc,C1_true_arx_worst,sg_mileage,30,30,2.1049313829122123,2.0993385847380055,0.005592798174206873,0.003038279823264107,-0.00415818037212322,0.010373303754518082,0.48655134486551344,0.4399667661637068
scenario,S6_sluggish_coincident_high_noise,B,constraint_tightening_penalty,C2_perfect_belief_current_mpc,C1_true_arx_worst,sg_mileage,30,30,1.4775659191495092,1.4779580018442138,-0.0003920826947043284,-5.9226704674888765e-05,-0.007215382969714725,0.00710529111173946,0.9463053694630537,0.8393927440047264
scenario,S6_sluggish_coincident_high_noise,C,constraint_tightening_penalty,C2_perfect_belief_current_mpc,C1_true_arx_worst,sg_mileage,30,30,0.8357240627718797,0.8341620718164899,0.0015619909553898988,0.0020588978881870487,-0.005576781401338554,0.009349694791187043,0.6195380461953804,0.4898460879921913
scenario,S6_sluggish_coincident_low_noise,ALL,constraint_tightening_penalty,C2_perfect_belief_current_mpc,C1_true_arx_worst,sg_mileage,0,0,,,,,,,,
scenario,S6_sluggish_coincident_low_noise,A,constraint_tightening_penalty,C2_perfect_belief_current_mpc,C1_true_arx_worst,sg_mileage,0,0,,,,,,,,
scenario,S6_sluggish_coincident_low_noise,B,constraint_tightening_penalty,C2_perfect_belief_current_mpc,C1_true_arx_worst,sg_mileage,0,0,,,,,,,,
scenario,S6_sluggish_coincident_low_noise,C,constraint_tightening_penalty,C2_perfect_belief_current_mpc,C1_true_arx_worst,sg_mileage,0,0,,,,,,,,
scenario,S6_sluggish_coincident_medium_noise,ALL,constraint_tightening_penalty,C2_perfect_belief_current_mpc,C1_true_arx_worst,sg_mileage,0,0,,,,,,,,
scenario,S6_sluggish_coincident_medium_noise,A,constraint_tightening_penalty,C2_perfect_belief_current_mpc,C1_true_arx_worst,sg_mileage,0,0,,,,,,,,
scenario,S6_sluggish_coincident_medium_noise,B,constraint_tightening_penalty,C2_perfect_belief_current_mpc,C1_true_arx_worst,sg_mileage,0,0,,,,,,,,
scenario,S6_sluggish_coincident_medium_noise,C,constraint_tightening_penalty,C2_perfect_belief_current_mpc,C1_true_arx_worst,sg_mileage,0,0,,,,,,,,
scenario,S7_ood_asymmetric_limit,ALL,constraint_tightening_penalty,C2_perfect_belief_current_mpc,C1_true_arx_worst,sg_mileage,0,0,,,,,,,,
scenario,S7_ood_asymmetric_limit,A,constraint_tightening_penalty,C2_perfect_belief_current_mpc,C1_true_arx_worst,sg_mileage,0,0,,,,,,,,
scenario,S7_ood_asymmetric_limit,B,constraint_tightening_penalty,C2_perfect_belief_current_mpc,C1_true_arx_worst,sg_mileage,0,0,,,,,,,,
scenario,S7_ood_asymmetric_limit,C,constraint_tightening_penalty,C2_perfect_belief_current_mpc,C1_true_arx_worst,sg_mileage,0,0,,,,,,,,
scenario,S8_ood_time_varying_delay,ALL,constraint_tightening_penalty,C2_perfect_belief_current_mpc,C1_true_arx_worst,sg_mileage,0,0,,,,,,,,
scenario,S8_ood_time_varying_delay,A,constraint_tightening_penalty,C2_perfect_belief_current_mpc,C1_true_arx_worst,sg_mileage,0,0,,,,,,,,
scenario,S8_ood_time_varying_delay,B,constraint_tightening_penalty,C2_perfect_belief_current_mpc,C1_true_arx_worst,sg_mileage,0,0,,,,,,,,
scenario,S8_ood_time_varying_delay,C,constraint_tightening_penalty,C2_perfect_belief_current_mpc,C1_true_arx_worst,sg_mileage,0,0,,,,,,,,
scenario,S9_compound_unavailable_double_step,ALL,constraint_tightening_penalty,C2_perfect_belief_current_mpc,C1_true_arx_worst,sg_mileage,0,0,,,,,,,,
scenario,S9_compound_unavailable_double_step,A,constraint_tightening_penalty,C2_perfect_belief_current_mpc,C1_true_arx_worst,sg_mileage,0,0,,,,,,,,
scenario,S9_compound_unavailable_double_step,B,constraint_tightening_penalty,C2_perfect_belief_current_mpc,C1_true_arx_worst,sg_mileage,0,0,,,,,,,,
scenario,S9_compound_unavailable_double_step,C,constraint_tightening_penalty,C2_perfect_belief_current_mpc,C1_true_arx_worst,sg_mileage,0,0,,,,,,,,
overall,ALL,ALL,constraint_tightening_penalty,C2_perfect_belief_current_mpc,C1_true_arx_worst,ibr_mileage,720,717,0.8804035677685359,0.8808484446891075,-0.0004448769205715937,0.005348255896432812,-0.0011744509445642622,0.012179591651307053,0.8772122787721228,0.9724652916060542
overall,ALL,A,constraint_tightening_penalty,C2_perfect_belief_current_mpc,C1_true_arx_worst,ibr_mileage,240,240,0.8781740317488977,0.8781272083537931,4.6823395104485244e-05,0.0048724112483898106,-0.006035180555487084,0.016365708098498702,0.9911008899110089,0.8048626084792537
overall,ALL,B,constraint_tightening_penalty,C2_perfect_belief_current_mpc,C1_true_arx_worst,ibr_mileage,240,238,0.8853466983603363,0.8858173903643091,-0.00047069200397292717,0.006632217842293387,-0.005136115567595316,0.018598814767637063,0.929007099290071,0.6911009496813467
overall,ALL,C,constraint_tightening_penalty,C2_perfect_belief_current_mpc,C1_true_arx_worst,ibr_mileage,240,239,0.8777199843537439,0.8786329118429879,-0.0009129274892441514,0.004547501806121105,-0.0071126656122314676,0.016420663394566104,0.8579142085791421,0.6946601536063667
scenario,S0_nominal_stochastic,ALL,constraint_tightening_penalty,C2_perfect_belief_current_mpc,C1_true_arx_worst,ibr_mileage,90,90,0.4096833216346937,0.4096105066340847,7.281500060892663e-05,0.00023752951715886456,-0.007894180421766105,0.00859806824246369,0.9631036896310369,0.9023268398305496
scenario,S0_nominal_stochastic,A,constraint_tightening_penalty,C2_perfect_belief_current_mpc,C1_true_arx_worst,ibr_mileage,30,30,0.4416570231096112,0.4385907635982523,0.0030662595113588303,0.007536683884417971,-0.004909301048965902,0.020200693413097902,0.2882711728827117,0.24494642950594425
scenario,S0_nominal_stochastic,B,constraint_tightening_penalty,C2_perfect_belief_current_mpc,C1_true_arx_worst,ibr_mileage,30,30,0.4339922891126458,0.43355630641808474,0.00043598269456108043,0.0017705670427780886,-0.012424104748825238,0.015607818225784094,0.8882111788821118,0.7303419969975948
scenario,S0_nominal_stochastic,C,constraint_tightening_penalty,C2_perfect_belief_current_mpc,C1_true_arx_worst,ibr_mileage,30,30,0.35340065268182397,0.35668444988591713,-0.0032837972040931306,-0.008594662375719462,-0.023759718144797472,0.006945713655315589,0.252974702529747,0.24494642950594425
scenario,S1_step_neg_002,ALL,constraint_tightening_penalty,C2_perfect_belief_current_mpc,C1_true_arx_worst,ibr_mileage,0,0,,,,,,,,
scenario,S1_step_neg_002,A,constraint_tightening_penalty,C2_perfect_belief_current_mpc,C1_true_arx_worst,ibr_mileage,0,0,,,,,,,,
scenario,S1_step_neg_002,B,constraint_tightening_penalty,C2_perfect_belief_current_mpc,C1_true_arx_worst,ibr_mileage,0,0,,,,,,,,
scenario,S1_step_neg_002,C,constraint_tightening_penalty,C2_perfect_belief_current_mpc,C1_true_arx_worst,ibr_mileage,0,0,,,,,,,,
scenario,S1_step_neg_004,ALL,constraint_tightening_penalty,C2_perfect_belief_current_mpc,C1_true_arx_worst,ibr_mileage,0,0,,,,,,,,
scenario,S1_step_neg_004,A,constraint_tightening_penalty,C2_perfect_belief_current_mpc,C1_true_arx_worst,ibr_mileage,0,0,,,,,,,,
scenario,S1_step_neg_004,B,constraint_tightening_penalty,C2_perfect_belief_current_mpc,C1_true_arx_worst,ibr_mileage,0,0,,,,,,,,
scenario,S1_step_neg_004,C,constraint_tightening_penalty,C2_perfect_belief_current_mpc,C1_true_arx_worst,ibr_mileage,0,0,,,,,,,,
scenario,S1_step_neg_006,ALL,constraint_tightening_penalty,C2_perfect_belief_current_mpc,C1_true_arx_worst,ibr_mileage,0,0,,,,,,,,
scenario,S1_step_neg_006,A,constraint_tightening_penalty,C2_perfect_belief_current_mpc,C1_true_arx_worst,ibr_mileage,0,0,,,,,,,,
scenario,S1_step_neg_006,B,constraint_tightening_penalty,C2_perfect_belief_current_mpc,C1_true_arx_worst,ibr_mileage,0,0,,,,,,,,
scenario,S1_step_neg_006,C,constraint_tightening_penalty,C2_perfect_belief_current_mpc,C1_true_arx_worst,ibr_mileage,0,0,,,,,,,,
scenario,S1_step_neg_008,ALL,constraint_tightening_penalty,C2_perfect_belief_current_mpc,C1_true_arx_worst,ibr_mileage,0,0,,,,,,,,
scenario,S1_step_neg_008,A,constraint_tightening_penalty,C2_perfect_belief_current_mpc,C1_true_arx_worst,ibr_mileage,0,0,,,,,,,,
scenario,S1_step_neg_008,B,constraint_tightening_penalty,C2_perfect_belief_current_mpc,C1_true_arx_worst,ibr_mileage,0,0,,,,,,,,
scenario,S1_step_neg_008,C,constraint_tightening_penalty,C2_perfect_belief_current_mpc,C1_true_arx_worst,ibr_mileage,0,0,,,,,,,,
scenario,S1_step_pos_002,ALL,constraint_tightening_penalty,C2_perfect_belief_current_mpc,C1_true_arx_worst,ibr_mileage,0,0,,,,,,,,
scenario,S1_step_pos_002,A,constraint_tightening_penalty,C2_perfect_belief_current_mpc,C1_true_arx_worst,ibr_mileage,0,0,,,,,,,,
scenario,S1_step_pos_002,B,constraint_tightening_penalty,C2_perfect_belief_current_mpc,C1_true_arx_worst,ibr_mileage,0,0,,,,,,,,
scenario,S1_step_pos_002,C,constraint_tightening_penalty,C2_perfect_belief_current_mpc,C1_true_arx_worst,ibr_mileage,0,0,,,,,,,,
scenario,S1_step_pos_004,ALL,constraint_tightening_penalty,C2_perfect_belief_current_mpc,C1_true_arx_worst,ibr_mileage,0,0,,,,,,,,
scenario,S1_step_pos_004,A,constraint_tightening_penalty,C2_perfect_belief_current_mpc,C1_true_arx_worst,ibr_mileage,0,0,,,,,,,,
scenario,S1_step_pos_004,B,constraint_tightening_penalty,C2_perfect_belief_current_mpc,C1_true_arx_worst,ibr_mileage,0,0,,,,,,,,
scenario,S1_step_pos_004,C,constraint_tightening_penalty,C2_perfect_belief_current_mpc,C1_true_arx_worst,ibr_mileage,0,0,,,,,,,,
scenario,S1_step_pos_006,ALL,constraint_tightening_penalty,C2_perfect_belief_current_mpc,C1_true_arx_worst,ibr_mileage,90,90,0.32771274513166243,0.32602528727623215,0.0016874578554302818,0.010807834460413281,-0.011336413261605213,0.03294825030664362,0.6734326567343266,0.6859327735150031
scenario,S1_step_pos_006,A,constraint_tightening_penalty,C2_perfect_belief_current_mpc,C1_true_arx_worst,ibr_mileage,30,30,0.3465002135223161,0.3426659157641959,0.0038342977581202714,0.019182174482083533,-0.023782595187630484,0.06240078850450771,0.6315368463153684,0.5158484429121017
scenario,S1_step_pos_006,B,constraint_tightening_penalty,C2_perfect_belief_current_mpc,C1_true_arx_worst,ibr_mileage,30,30,0.33485084586378805,0.3301518445536461,0.004699001310141924,0.0184829226182425,-0.01676024945674843,0.05450667092162895,0.4644535546445355,0.6554384250193834
scenario,S1_step_pos_006,C,constraint_tightening_penalty,C2_perfect_belief_current_mpc,C1_true_arx_worst,ibr_mileage,30,30,0.30178717600888316,0.3052581015108546,-0.0034709255019713505,-0.005241593719086187,-0.039591747397775365,0.03071738210732335,0.5557444255574443,0.6120056137442589
scenario,S1_step_pos_008,ALL,constraint_tightening_penalty,C2_perfect_belief_current_mpc,C1_true_arx_worst,ibr_mileage,0,0,,,,,,,,
scenario,S1_step_pos_008,A,constraint_tightening_penalty,C2_perfect_belief_current_mpc,C1_true_arx_worst,ibr_mileage,0,0,,,,,,,,
scenario,S1_step_pos_008,B,constraint_tightening_penalty,C2_perfect_belief_current_mpc,C1_true_arx_worst,ibr_mileage,0,0,,,,,,,,
scenario,S1_step_pos_008,C,constraint_tightening_penalty,C2_perfect_belief_current_mpc,C1_true_arx_worst,ibr_mileage,0,0,,,,,,,,
scenario,S2_sluggish_switch_050,ALL,constraint_tightening_penalty,C2_perfect_belief_current_mpc,C1_true_arx_worst,ibr_mileage,90,90,0.7940048372314945,0.7947846217953273,-0.0007797845638328329,-0.00025768819941786054,-0.008014363793148132,0.007563864998197218,0.8013198680131987,0.44337129005684295
scenario,S2_sluggish_switch_050,A,constraint_tightening_penalty,C2_perfect_belief_current_mpc,C1_true_arx_worst,ibr_mileage,30,30,0.8060591361337888,0.7998248934131925,0.0062342427205962945,0.007991231080042533,0.0015338120599704707,0.015916670948167573,0.027497250274972504,0.007612137123942375
scenario,S2_sluggish_switch_050,B,constraint_tightening_penalty,C2_perfect_belief_current_mpc,C1_true_arx_worst,ibr_mileage,30,30,0.7839773392814546,0.7809325178180757,0.0030448214633791845,0.0035656370417869393,-0.00459821384455833,0.014082299628467444,0.503949605039496,0.39305018074810505
scenario,S2_sluggish_switch_050,C,constraint_tightening_penalty,C2_perfect_belief_current_mpc,C1_true_arx_worst,ibr_mileage,30,30,0.7919780362792401,0.803596454154714,-0.011618417875473979,-0.012329932720083052,-0.03153308872879167,0.006221892726075188,0.14478552144785523,0.22855282202363014
scenario,S2_sluggish_switch_060,ALL,constraint_tightening_penalty,C2_perfect_belief_current_mpc,C1_true_arx_worst,ibr_mileage,90,89,0.7830016940957162,0.7802519400880886,0.0027497540076274222,0.0052183899456701216,-0.0055261421918381525,0.016408218041358294,0.523947605239476,0.6899645699509946
scenario,S2_sluggish_switch_060,A,constraint_tightening_penalty,C2_perfect_belief_current_mpc,C1_true_arx_worst,ibr_mileage,30,30,0.7833615929414623,0.7877642234926332,-0.004402630551170539,-0.004391985528788199,-0.016855129750375782,0.007808245373785123,0.4233576642335766,1.0
scenario,S2_sluggish_switch_060,B,constraint_tightening_penalty,C2_perfect_belief_current_mpc,C1_true_arx_worst,ibr_mileage,30,29,0.7744742238051652,0.764412610356256,0.010061613448909469,0.013720921030225723,-0.006118494497044005,0.036652300702428794,0.23767623237676233,0.24702516570687294
scenario,S2_sluggish_switch_060,C,constraint_tightening_penalty,C2_perfect_belief_current_mpc,C1_true_arx_worst,ibr_mileage,30,30,0.7908850165308355,0.7880510087576496,0.002834007773186072,0.006609652038391361,-0.014592286092783093,0.02793908249967742,0.7456254374562544,0.871207794174552
scenario,S2_sluggish_switch_090,ALL,constraint_tightening_penalty,C2_perfect_belief_current_mpc,C1_true_arx_worst,ibr_mileage,0,0,,,,,,,,
scenario,S2_sluggish_switch_090,A,constraint_tightening_penalty,C2_perfect_belief_current_mpc,C1_true_arx_worst,ibr_mileage,0,0,,,,,,,,
scenario,S2_sluggish_switch_090,B,constraint_tightening_penalty,C2_perfect_belief_current_mpc,C1_true_arx_worst,ibr_mileage,0,0,,,,,,,,
scenario,S2_sluggish_switch_090,C,constraint_tightening_penalty,C2_perfect_belief_current_mpc,C1_true_arx_worst,ibr_mileage,0,0,,,,,,,,
scenario,S3_derated_coincident,ALL,constraint_tightening_penalty,C2_perfect_belief_current_mpc,C1_true_arx_worst,ibr_mileage,90,88,1.0944238085613718,1.0996849171239882,-0.0052611085626163125,0.0030206974532123033,-0.024362288689564884,0.0316550150580035,0.7325267473252675,0.6029890311523609
scenario,S3_derated_coincident,A,constraint_tightening_penalty,C2_perfect_belief_current_mpc,C1_true_arx_worst,ibr_mileage,30,30,1.0318108679655043,1.0178084139796388,0.014002453985865764,0.021513112511396884,-0.031269068356827356,0.08252110924825083,0.6585341465853415,0.9838335812091827
scenario,S3_derated_coincident,B,constraint_tightening_penalty,C2_perfect_belief_current_mpc,C1_true_arx_worst,ibr_mileage,30,29,1.092320014786635,1.1396296058780815,-0.04730959109144642,-0.035604013718266644,-0.07481208824317609,0.003138485583458474,0.060693930606939304,0.08774079009890556
scenario,S3_derated_coincident,C,constraint_tightening_penalty,C2_perfect_belief_current_mpc,C1_true_arx_worst,ibr_mileage,30,29,1.1612996098490747,1.144440059208877,0.016859550640197847,0.022515324081741686,-0.019983523259646276,0.0668724905909806,0.4991500849915009,0.35785307362675667
scenario,S4_unavailable_coincident,ALL,constraint_tightening_penalty,C2_perfect_belief_current_mpc,C1_true_arx_worst,ibr_mileage,90,90,0.6632737803459274,0.6608563072309696,0.002417473114957833,0.004911576274284451,-0.006802013904207505,0.01645194078188102,0.5805419458054195,0.6565961185262565
scenario,S4_unavailable_coincident,A,constraint_tightening_penalty,C2_perfect_belief_current_mpc,C1_true_arx_worst,ibr_mileage,30,30,0.5103060980087775,0.5110270453975886,-0.0007209473888110589,-0.00026514875159915405,-0.015431474609354649,0.014732212738363754,0.8554144585541446,0.935398668050766
scenario,S4_unavailable_coincident,B,constraint_tightening_penalty,C2_perfect_belief_current_mpc,C1_true_arx_worst,ibr_mileage,30,30,0.6001520571228424,0.5943716327925218,0.00578042433032054,0.011083818404069433,-0.00955727726061672,0.03130338085734917,0.36576342365763426,0.3492113798856735
scenario,S4_unavailable_coincident,C,constraint_tightening_penalty,C2_perfect_belief_current_mpc,C1_true_arx_worst,ibr_mileage,30,30,0.8793631859061624,0.877170243502798,0.0021929424033640178,0.003916059170383074,-0.01940456336832812,0.026850656112546566,0.8516148385161484,0.8871948085725307
scenario,S5_multi_switch_stochastic,ALL,constraint_tightening_penalty,C2_perfect_belief_current_mpc,C1_true_arx_worst,ibr_mileage,90,90,0.6986861310674727,0.6910332037489137,0.007652927318559038,0.024004346880769016,-0.008184204951752769,0.05676263664443069,0.5144485551444855,0.6363676953618391
scenario,S5_multi_switch_stochastic,A,constraint_tightening_penalty,C2_perfect_belief_current_mpc,C1_true_arx_worst,ibr_mileage,30,30,0.6590074257285836,0.6664134244921647,-0.007405998763581127,-0.007073805724076854,-0.04735661842426841,0.03576599321158756,0.6233376662333766,0.338741784915328
scenario,S5_multi_switch_stochastic,B,constraint_tightening_penalty,C2_perfect_belief_current_mpc,C1_true_arx_worst,ibr_mileage,30,30,0.755674277008945,0.7452479768561673,0.010426300152777549,0.034841307409675684,-0.02965293149910206,0.10652303822156649,0.6812318768123188,0.685047073289752
scenario,S5_multi_switch_stochastic,C,constraint_tightening_penalty,C2_perfect_belief_current_mpc,C1_true_arx_worst,ibr_mileage,30,30,0.6813766904648896,0.6614382098984087,0.019938480566480694,0.04424553895670823,-0.013367002399088751,0.10295325421795488,0.3437656234376562,0.25343610532581806
scenario,S6_sluggish_coincident_high_noise,ALL,constraint_tightening_penalty,C2_perfect_belief_current_mpc,C1_true_arx_worst,ibr_mileage,90,90,2.276115986390091,2.288286067396019,-0.01217008100592811,-0.005209805636596615,-0.013648301955027106,0.0029397799809934705,0.20877912208779123,0.29086848916090313
scenario,S6_sluggish_coincident_high_noise,A,constraint_tightening_penalty,C2_perfect_belief_current_mpc,C1_true_arx_worst,ibr_mileage,30,30,2.4466898965811366,2.4609229866926796,-0.014233090111542553,-0.005512971966358229,-0.015616196605049364,0.0045012106111915655,0.27147285271472854,0.42795460671186447
scenario,S6_sluggish_coincident_high_noise,B,constraint_tightening_penalty,C2_perfect_belief_current_mpc,C1_true_arx_worst,ibr_mileage,30,30,2.310535901296916,2.302650209425163,0.007885691871753541,0.004024998630747816,-0.011539289715416446,0.019755772795880186,0.6655334466553344,0.5027610473334789
scenario,S6_sluggish_coincident_high_noise,C,constraint_tightening_penalty,C2_perfect_belief_current_mpc,C1_true_arx_worst,ibr_mileage,30,30,2.0711221612922186,2.101285006070214,-0.03016284477799532,-0.014141443574179437,-0.030738355385215112,0.0018126870785879455,0.10588941105889411,0.19807579927146435
scenario,S6_sluggish_coincident_low_noise,ALL,constraint_tightening_penalty,C2_perfect_belief_current_mpc,C1_true_arx_worst,ibr_mileage,0,0,,,,,,,,
scenario,S6_sluggish_coincident_low_noise,A,constraint_tightening_penalty,C2_perfect_belief_current_mpc,C1_true_arx_worst,ibr_mileage,0,0,,,,,,,,
scenario,S6_sluggish_coincident_low_noise,B,constraint_tightening_penalty,C2_perfect_belief_current_mpc,C1_true_arx_worst,ibr_mileage,0,0,,,,,,,,
scenario,S6_sluggish_coincident_low_noise,C,constraint_tightening_penalty,C2_perfect_belief_current_mpc,C1_true_arx_worst,ibr_mileage,0,0,,,,,,,,
scenario,S6_sluggish_coincident_medium_noise,ALL,constraint_tightening_penalty,C2_perfect_belief_current_mpc,C1_true_arx_worst,ibr_mileage,0,0,,,,,,,,
scenario,S6_sluggish_coincident_medium_noise,A,constraint_tightening_penalty,C2_perfect_belief_current_mpc,C1_true_arx_worst,ibr_mileage,0,0,,,,,,,,
scenario,S6_sluggish_coincident_medium_noise,B,constraint_tightening_penalty,C2_perfect_belief_current_mpc,C1_true_arx_worst,ibr_mileage,0,0,,,,,,,,
scenario,S6_sluggish_coincident_medium_noise,C,constraint_tightening_penalty,C2_perfect_belief_current_mpc,C1_true_arx_worst,ibr_mileage,0,0,,,,,,,,
scenario,S7_ood_asymmetric_limit,ALL,constraint_tightening_penalty,C2_perfect_belief_current_mpc,C1_true_arx_worst,ibr_mileage,0,0,,,,,,,,
scenario,S7_ood_asymmetric_limit,A,constraint_tightening_penalty,C2_perfect_belief_current_mpc,C1_true_arx_worst,ibr_mileage,0,0,,,,,,,,
scenario,S7_ood_asymmetric_limit,B,constraint_tightening_penalty,C2_perfect_belief_current_mpc,C1_true_arx_worst,ibr_mileage,0,0,,,,,,,,
scenario,S7_ood_asymmetric_limit,C,constraint_tightening_penalty,C2_perfect_belief_current_mpc,C1_true_arx_worst,ibr_mileage,0,0,,,,,,,,
scenario,S8_ood_time_varying_delay,ALL,constraint_tightening_penalty,C2_perfect_belief_current_mpc,C1_true_arx_worst,ibr_mileage,0,0,,,,,,,,
scenario,S8_ood_time_varying_delay,A,constraint_tightening_penalty,C2_perfect_belief_current_mpc,C1_true_arx_worst,ibr_mileage,0,0,,,,,,,,
scenario,S8_ood_time_varying_delay,B,constraint_tightening_penalty,C2_perfect_belief_current_mpc,C1_true_arx_worst,ibr_mileage,0,0,,,,,,,,
scenario,S8_ood_time_varying_delay,C,constraint_tightening_penalty,C2_perfect_belief_current_mpc,C1_true_arx_worst,ibr_mileage,0,0,,,,,,,,
scenario,S9_compound_unavailable_double_step,ALL,constraint_tightening_penalty,C2_perfect_belief_current_mpc,C1_true_arx_worst,ibr_mileage,0,0,,,,,,,,
scenario,S9_compound_unavailable_double_step,A,constraint_tightening_penalty,C2_perfect_belief_current_mpc,C1_true_arx_worst,ibr_mileage,0,0,,,,,,,,
scenario,S9_compound_unavailable_double_step,B,constraint_tightening_penalty,C2_perfect_belief_current_mpc,C1_true_arx_worst,ibr_mileage,0,0,,,,,,,,
scenario,S9_compound_unavailable_double_step,C,constraint_tightening_penalty,C2_perfect_belief_current_mpc,C1_true_arx_worst,ibr_mileage,0,0,,,,,,,,
overall,ALL,ALL,remove_worst_mode_cost,C3_current_belief_expected,P_old,freq_iae,1170,1167,1.460295187752156,1.662905838115498,-0.20261065036334217,-0.013250136649587567,-0.03379041437293448,0.008284172930723865,9.999000099990002e-05,4.826641137630216e-12
overall,ALL,A,remove_worst_mode_cost,C3_current_belief_expected,P_old,freq_iae,390,389,1.207482626149732,1.2943560518793942,-0.08687342572966215,-0.019405716622527915,-0.0468844496828273,0.008482841964918487,9.999000099990002e-05,6.517105212008569e-06
overall,ALL,B,remove_worst_mode_cost,C3_current_belief_expected,P_old,freq_iae,390,390,1.4496323268478448,1.4509310219024538,-0.0012986950546091973,0.045294856933739004,0.013232784774473304,0.07820544731690807,0.9603039696030397,0.508023768158123
overall,ALL,C,remove_worst_mode_cost,C3_current_belief_expected,P_old,freq_iae,390,388,1.7244771522264455,2.2454729648395486,-0.5209958126131033,-0.06592546368057618,-0.11156673835939829,-0.019639129274663065,9.999000099990002e-05,2.4819375117568136e-11
scenario,S0_nominal_stochastic,ALL,remove_worst_mode_cost,C3_current_belief_expected,P_old,freq_iae,90,90,0.4907422334314458,0.4957318702390707,-0.004989636807625002,-0.009912316289848412,-0.015427835811015606,-0.004065360197762889,0.0007999200079992001,2.2456152706860682e-05
scenario,S0_nominal_stochastic,A,remove_worst_mode_cost,C3_current_belief_expected,P_old,freq_iae,30,30,0.4880876295588189,0.49546045270763034,-0.007372823148811388,-0.014846156320498221,-0.02197557103378525,-0.007579791522266476,0.0007999200079992001,0.0006084088236093521
scenario,S0_nominal_stochastic,B,remove_worst_mode_cost,C3_current_belief_expected,P_old,freq_iae,30,30,0.49414436889369256,0.49524665451088307,-0.001102285617190496,-0.002338454125712058,-0.011480062516579027,0.008004274125733747,0.6633336666333367,0.3284698575735092
scenario,S0_nominal_stochastic,C,remove_worst_mode_cost,C3_current_belief_expected,P_old,freq_iae,30,30,0.4899947018418257,0.49648850349869883,-0.006493801656873123,-0.012552338423334959,-0.02292285305201136,0.00040162047404388156,0.0316968303169683,0.001340603455901146
scenario,S1_step_neg_002,ALL,remove_worst_mode_cost,C3_current_belief_expected,P_old,freq_iae,0,0,,,,,,,,
scenario,S1_step_neg_002,A,remove_worst_mode_cost,C3_current_belief_expected,P_old,freq_iae,0,0,,,,,,,,
scenario,S1_step_neg_002,B,remove_worst_mode_cost,C3_current_belief_expected,P_old,freq_iae,0,0,,,,,,,,
scenario,S1_step_neg_002,C,remove_worst_mode_cost,C3_current_belief_expected,P_old,freq_iae,0,0,,,,,,,,
scenario,S1_step_neg_004,ALL,remove_worst_mode_cost,C3_current_belief_expected,P_old,freq_iae,0,0,,,,,,,,
scenario,S1_step_neg_004,A,remove_worst_mode_cost,C3_current_belief_expected,P_old,freq_iae,0,0,,,,,,,,
scenario,S1_step_neg_004,B,remove_worst_mode_cost,C3_current_belief_expected,P_old,freq_iae,0,0,,,,,,,,
scenario,S1_step_neg_004,C,remove_worst_mode_cost,C3_current_belief_expected,P_old,freq_iae,0,0,,,,,,,,
scenario,S1_step_neg_006,ALL,remove_worst_mode_cost,C3_current_belief_expected,P_old,freq_iae,0,0,,,,,,,,
scenario,S1_step_neg_006,A,remove_worst_mode_cost,C3_current_belief_expected,P_old,freq_iae,0,0,,,,,,,,
scenario,S1_step_neg_006,B,remove_worst_mode_cost,C3_current_belief_expected,P_old,freq_iae,0,0,,,,,,,,
scenario,S1_step_neg_006,C,remove_worst_mode_cost,C3_current_belief_expected,P_old,freq_iae,0,0,,,,,,,,
scenario,S1_step_neg_008,ALL,remove_worst_mode_cost,C3_current_belief_expected,P_old,freq_iae,0,0,,,,,,,,
scenario,S1_step_neg_008,A,remove_worst_mode_cost,C3_current_belief_expected,P_old,freq_iae,0,0,,,,,,,,
scenario,S1_step_neg_008,B,remove_worst_mode_cost,C3_current_belief_expected,P_old,freq_iae,0,0,,,,,,,,
scenario,S1_step_neg_008,C,remove_worst_mode_cost,C3_current_belief_expected,P_old,freq_iae,0,0,,,,,,,,
scenario,S1_step_pos_002,ALL,remove_worst_mode_cost,C3_current_belief_expected,P_old,freq_iae,0,0,,,,,,,,
scenario,S1_step_pos_002,A,remove_worst_mode_cost,C3_current_belief_expected,P_old,freq_iae,0,0,,,,,,,,
scenario,S1_step_pos_002,B,remove_worst_mode_cost,C3_current_belief_expected,P_old,freq_iae,0,0,,,,,,,,
scenario,S1_step_pos_002,C,remove_worst_mode_cost,C3_current_belief_expected,P_old,freq_iae,0,0,,,,,,,,
scenario,S1_step_pos_004,ALL,remove_worst_mode_cost,C3_current_belief_expected,P_old,freq_iae,0,0,,,,,,,,
scenario,S1_step_pos_004,A,remove_worst_mode_cost,C3_current_belief_expected,P_old,freq_iae,0,0,,,,,,,,
scenario,S1_step_pos_004,B,remove_worst_mode_cost,C3_current_belief_expected,P_old,freq_iae,0,0,,,,,,,,
scenario,S1_step_pos_004,C,remove_worst_mode_cost,C3_current_belief_expected,P_old,freq_iae,0,0,,,,,,,,
scenario,S1_step_pos_006,ALL,remove_worst_mode_cost,C3_current_belief_expected,P_old,freq_iae,90,90,1.094216402362644,1.2012784007405128,-0.10706199837786887,-0.05182734923638959,-0.11433381775947095,0.01352678740886097,0.006999300069993001,0.002811874817066226
scenario,S1_step_pos_006,A,remove_worst_mode_cost,C3_current_belief_expected,P_old,freq_iae,30,30,1.053414084368731,1.0276691374408826,0.02574494692784802,0.04801661486619121,-0.04032262987526145,0.13998782233142976,0.6095390460953904,0.8552717231214046
scenario,S1_step_pos_006,B,remove_worst_mode_cost,C3_current_belief_expected,P_old,freq_iae,30,30,1.3517322053197143,1.260415920641113,0.09131628467860115,0.11435345009814829,0.0017561063021214775,0.23175681907239398,0.19888011198880112,0.3492113798856735
scenario,S1_step_pos_006,C,remove_worst_mode_cost,C3_current_belief_expected,P_old,freq_iae,30,30,0.8775029173994865,1.3157501441395423,-0.43824722674005573,-0.3178521126735082,-0.35635347180622784,-0.2742162484864765,9.999000099990002e-05,3.725290298461914e-09
scenario,S1_step_pos_008,ALL,remove_worst_mode_cost,C3_current_belief_expected,P_old,freq_iae,0,0,,,,,,,,
scenario,S1_step_pos_008,A,remove_worst_mode_cost,C3_current_belief_expected,P_old,freq_iae,0,0,,,,,,,,
scenario,S1_step_pos_008,B,remove_worst_mode_cost,C3_current_belief_expected,P_old,freq_iae,0,0,,,,,,,,
scenario,S1_step_pos_008,C,remove_worst_mode_cost,C3_current_belief_expected,P_old,freq_iae,0,0,,,,,,,,
scenario,S2_sluggish_switch_050,ALL,remove_worst_mode_cost,C3_current_belief_expected,P_old,freq_iae,90,90,1.593503940928617,1.2341818770665232,0.3593220638620936,0.3229038953024499,0.2327034460420841,0.41323055747289306,9.999000099990002e-05,8.349879992480865e-07
scenario,S2_sluggish_switch_050,A,remove_worst_mode_cost,C3_current_belief_expected,P_old,freq_iae,30,30,1.1150730276858156,1.1708649900283195,-0.055791962342503866,-0.004796356258907811,-0.086027297567247,0.07913861134085474,0.2566743325667433,0.338741784915328
scenario,S2_sluggish_switch_050,B,remove_worst_mode_cost,C3_current_belief_expected,P_old,freq_iae,30,30,1.3453612691975396,1.2185154186152605,0.1268458505822791,0.17200228342634338,0.06053755532338757,0.285803616034088,0.05169483051694831,0.0803273618221283
scenario,S2_sluggish_switch_050,C,remove_worst_mode_cost,C3_current_belief_expected,P_old,freq_iae,30,30,2.3200775259024953,1.3131652225559898,1.0069123033465057,0.8015057587399139,0.7026653750751267,0.9011236298062396,9.999000099990002e-05,1.862645149230957e-09
scenario,S2_sluggish_switch_060,ALL,remove_worst_mode_cost,C3_current_belief_expected,P_old,freq_iae,90,90,1.6427109347560471,1.205895911153206,0.4368150236028414,0.3966393558779769,0.31210998017336494,0.4834423804181001,9.999000099990002e-05,2.8425308213897744e-10
scenario,S2_sluggish_switch_060,A,remove_worst_mode_cost,C3_current_belief_expected,P_old,freq_iae,30,30,1.2071736768770818,1.1584252896007745,0.048748387276307134,0.10486190180083302,-0.00332476667204381,0.21353291509867117,0.42405759424057593,0.338741784915328
scenario,S2_sluggish_switch_060,B,remove_worst_mode_cost,C3_current_belief_expected,P_old,freq_iae,30,30,1.4272133078592868,1.1753523339403023,0.25186097391898454,0.27618560919538626,0.17283144103229947,0.3818621304630466,9.999000099990002e-05,7.056817412376404e-05
scenario,S2_sluggish_switch_060,C,remove_worst_mode_cost,C3_current_belief_expected,P_old,freq_iae,30,30,2.293745819531773,1.2839101099185406,1.0098357096132327,0.8088705566377112,0.7165588752334329,0.9121386859087807,9.999000099990002e-05,1.862645149230957e-09
scenario,S2_sluggish_switch_090,ALL,remove_worst_mode_cost,C3_current_belief_expected,P_old,freq_iae,0,0,,,,,,,,
scenario,S2_sluggish_switch_090,A,remove_worst_mode_cost,C3_current_belief_expected,P_old,freq_iae,0,0,,,,,,,,
scenario,S2_sluggish_switch_090,B,remove_worst_mode_cost,C3_current_belief_expected,P_old,freq_iae,0,0,,,,,,,,
scenario,S2_sluggish_switch_090,C,remove_worst_mode_cost,C3_current_belief_expected,P_old,freq_iae,0,0,,,,,,,,
scenario,S3_derated_coincident,ALL,remove_worst_mode_cost,C3_current_belief_expected,P_old,freq_iae,90,90,1.0515566286541072,1.0708434996899534,-0.019286871035846198,0.011453128471345445,-0.04013392121127169,0.06490601409363747,0.5118488151184881,0.17962835373108854
scenario,S3_derated_coincident,A,remove_worst_mode_cost,C3_current_belief_expected,P_old,freq_iae,30,30,0.9378581839581137,0.900454941928806,0.03740324202930786,0.04639398178038669,-0.02302555630373384,0.12549960678761932,0.3261673832616738,0.685047073289752
scenario,S3_derated_coincident,B,remove_worst_mode_cost,C3_current_belief_expected,P_old,freq_iae,30,30,1.0352094980295774,1.0283442418255768,0.006865256204000417,0.05757622336132481,-0.05876887803486074,0.177331739526662,0.9135086491350864,0.935398668050766
scenario,S3_derated_coincident,C,remove_worst_mode_cost,C3_current_belief_expected,P_old,freq_iae,30,30,1.1816022039746303,1.2837313153154772,-0.10212911134084687,-0.06961081972767517,-0.13546812077255482,-0.002951362822587965,0.027897210278972105,0.03272089920938015
scenario,S4_unavailable_coincident,ALL,remove_worst_mode_cost,C3_current_belief_expected,P_old,freq_iae,90,90,1.1610197476936963,2.068370420349231,-0.9073506726555346,-0.387933675784793,-0.4252146419032195,-0.3476073189446809,9.999000099990002e-05,8.32081029734203e-16
scenario,S4_unavailable_coincident,A,remove_worst_mode_cost,C3_current_belief_expected,P_old,freq_iae,30,30,1.0135503557178742,1.3863204810321859,-0.3727701253143118,-0.26628155205358506,-0.32427381245212655,-0.19960164056734306,9.999000099990002e-05,4.7124922275543213e-07
scenario,S4_unavailable_coincident,B,remove_worst_mode_cost,C3_current_belief_expected,P_old,freq_iae,30,30,1.0763272995257023,1.6122450517938598,-0.5359177522681574,-0.3321400356922622,-0.38332817212149206,-0.2697934820497544,9.999000099990002e-05,4.6566128730773926e-08
scenario,S4_unavailable_coincident,C,remove_worst_mode_cost,C3_current_belief_expected,P_old,freq_iae,30,30,1.393181587837513,3.206545728221647,-1.8133641403841345,-0.5653794396085317,-0.5751420790756618,-0.5529607829082757,9.999000099990002e-05,1.862645149230957e-09
scenario,S5_multi_switch_stochastic,ALL,remove_worst_mode_cost,C3_current_belief_expected,P_old,freq_iae,90,90,0.5174462504323619,0.5181286486626446,-0.0006823982302826332,-0.0009434594388457543,-0.005610189598401873,0.003875727585603877,0.5828417158284172,0.29086848916090313
scenario,S5_multi_switch_stochastic,A,remove_worst_mode_cost,C3_current_belief_expected,P_old,freq_iae,30,30,0.5168617958516211,0.5155271803447843,0.0013346155068367207,0.003034500357633853,-0.004952712610537014,0.011596870166329615,0.5500449955004499,0.7765688337385654
scenario,S5_multi_switch_stochastic,B,remove_worst_mode_cost,C3_current_belief_expected,P_old,freq_iae,30,30,0.5160854719293483,0.5167307529963482,-0.0006452810669997718,-0.0009394128252133171,-0.00720033146611564,0.005356239732623069,0.7062293770622937,0.8078304156661034
scenario,S5_multi_switch_stochastic,C,remove_worst_mode_cost,C3_current_belief_expected,P_old,freq_iae,30,30,0.5193914835161167,0.5221280126468015,-0.0027365291306848485,-0.004925465848957799,-0.013963228769661698,0.0047685398560927275,0.300969903009699,0.1459994912147522
scenario,S6_sluggish_coincident_high_noise,ALL,remove_worst_mode_cost,C3_current_belief_expected,P_old,freq_iae,90,89,2.687457170184228,2.1326576821705316,0.5547994880136958,0.27331246900503553,0.23429800850234983,0.31136831956389505,9.999000099990002e-05,2.8277308981487558e-15
scenario,S6_sluggish_coincident_high_noise,A,remove_worst_mode_cost,C3_current_belief_expected,P_old,freq_iae,30,29,2.378851695078201,1.935375972404817,0.44347572267338353,0.244250469120842,0.17450974882143072,0.3100331741001605,9.999000099990002e-05,2.384185791015625e-06
scenario,S6_sluggish_coincident_high_noise,B,remove_worst_mode_cost,C3_current_belief_expected,P_old,freq_iae,30,30,2.7292750730141284,2.0346726013279524,0.6946024716861763,0.3531740716434024,0.2857203284752403,0.4196089876735709,9.999000099990002e-05,1.862645149230957e-09
scenario,S6_sluggish_coincident_high_noise,C,remove_worst_mode_cost,C3_current_belief_expected,P_old,freq_iae,30,30,2.943957893290152,2.421348415786635,0.5226094775035172,0.22154413292138908,0.16905105755773212,0.2771952220256228,9.999000099990002e-05,1.862645149230957e-08
scenario,S6_sluggish_coincident_low_noise,ALL,remove_worst_mode_cost,C3_current_belief_expected,P_old,freq_iae,0,0,,,,,,,,
scenario,S6_sluggish_coincident_low_noise,A,remove_worst_mode_cost,C3_current_belief_expected,P_old,freq_iae,0,0,,,,,,,,
scenario,S6_sluggish_coincident_low_noise,B,remove_worst_mode_cost,C3_current_belief_expected,P_old,freq_iae,0,0,,,,,,,,
scenario,S6_sluggish_coincident_low_noise,C,remove_worst_mode_cost,C3_current_belief_expected,P_old,freq_iae,0,0,,,,,,,,
scenario,S6_sluggish_coincident_medium_noise,ALL,remove_worst_mode_cost,C3_current_belief_expected,P_old,freq_iae,0,0,,,,,,,,
scenario,S6_sluggish_coincident_medium_noise,A,remove_worst_mode_cost,C3_current_belief_expected,P_old,freq_iae,0,0,,,,,,,,
scenario,S6_sluggish_coincident_medium_noise,B,remove_worst_mode_cost,C3_current_belief_expected,P_old,freq_iae,0,0,,,,,,,,
scenario,S6_sluggish_coincident_medium_noise,C,remove_worst_mode_cost,C3_current_belief_expected,P_old,freq_iae,0,0,,,,,,,,
scenario,S7_ood_asymmetric_limit,ALL,remove_worst_mode_cost,C3_current_belief_expected,P_old,freq_iae,150,150,1.092071224655204,1.2941825118016146,-0.20211128714641072,-0.12403264953533823,-0.1663104402821129,-0.08010403260938773,9.999000099990002e-05,2.7106442449689904e-10
scenario,S7_ood_asymmetric_limit,A,remove_worst_mode_cost,C3_current_belief_expected,P_old,freq_iae,50,50,1.0509827909122245,1.1352824029698612,-0.08429961205763659,-0.04252290977317684,-0.10861155119717242,0.027224836543126366,0.0382961703829617,0.03453081197041463
scenario,S7_ood_asymmetric_limit,B,remove_worst_mode_cost,C3_current_belief_expected,P_old,freq_iae,50,50,1.3125442664089624,1.3462383688318724,-0.03369410242291011,0.007382091087382113,-0.06878733089411437,0.08748343545408716,0.4881511848815118,0.5210251168620434
scenario,S7_ood_asymmetric_limit,C,remove_worst_mode_cost,C3_current_belief_expected,P_old,freq_iae,50,50,0.9126866166444253,1.4010267636031104,-0.4883401469586854,-0.33695712992022,-0.36244988801731376,-0.30954503037559133,9.999000099990002e-05,1.7763568394002505e-15
scenario,S8_ood_time_varying_delay,ALL,remove_worst_mode_cost,C3_current_belief_expected,P_old,freq_iae,150,148,1.67756783203588,1.7348211857229785,-0.057253353687098114,0.021557383277863284,-0.04576910743970277,0.0903072706863872,0.31856814318568144,0.2701921969081078
scenario,S8_ood_time_varying_delay,A,remove_worst_mode_cost,C3_current_belief_expected,P_old,freq_iae,50,50,1.4475612395095647,1.390467781069028,0.057093458440536614,0.09146054095893343,-0.012532749788655704,0.20551087534891796,0.4393560643935606,0.5210251168620434
scenario,S8_ood_time_varying_delay,B,remove_worst_mode_cost,C3_current_belief_expected,P_old,freq_iae,50,50,2.093728718371975,1.8022031400111436,0.291525578360831,0.21398005827853997,0.09140205628692157,0.34451086018016996,0.0064993500649935,0.006325487527247375
scenario,S8_ood_time_varying_delay,C,remove_worst_mode_cost,C3_current_belief_expected,P_old,freq_iae,50,48,1.4836571093173603,2.0233331131873373,-0.5396760038699772,-0.2516986924322897,-0.32588227699463124,-0.1773764191508035,9.999000099990002e-05,8.809552554112088e-08
scenario,S9_compound_unavailable_double_step,ALL,remove_worst_mode_cost,C3_current_belief_expected,P_old,freq_iae,150,150,2.488549471183174,3.9894994039950884,-1.5009499328119138,-0.33071651071673663,-0.34721654852810796,-0.31381426959964775,9.999000099990002e-05,2.3463081875314243e-26
scenario,S9_compound_unavailable_double_step,A,remove_worst_mode_cost,C3_current_belief_expected,P_old,freq_iae,50,50,1.7167255654669353,2.428988351737973,-0.7122627862710376,-0.29140913910234434,-0.3109909865894713,-0.2696703377636359,9.999000099990002e-05,1.7763568394002505e-15
scenario,S9_compound_unavailable_double_step,B,remove_worst_mode_cost,C3_current_belief_expected,P_old,freq_iae,50,50,1.9156500683708586,2.5639066766053475,-0.6482566082344887,-0.25078650633160837,-0.2678893060855295,-0.2304192238516502,9.999000099990002e-05,3.552713678800501e-15
scenario,S9_compound_unavailable_double_step,C,remove_worst_mode_cost,C3_current_belief_expected,P_old,freq_iae,50,50,3.8332727797117276,6.975603183641944,-3.142330403930215,-0.4499538867162569,-0.45902144366931585,-0.440347698989945,9.999000099990002e-05,1.7763568394002505e-15
overall,ALL,ALL,remove_worst_mode_cost,C3_current_belief_expected,P_old,max_abs_freq_hz,1170,1167,0.2517102704119581,0.24908473415967433,0.0026255362522837845,0.01627221648094557,0.011177922100848668,0.022177761518601336,9.999000099990002e-05,8.381411763707036e-24
overall,ALL,A,remove_worst_mode_cost,C3_current_belief_expected,P_old,max_abs_freq_hz,390,389,0.24474902946199592,0.2433519930710403,0.0013970363909556578,0.009305368128568437,0.002578354570785986,0.018997982623263986,9.999000099990002e-05,0.06580656278308497
overall,ALL,B,remove_worst_mode_cost,C3_current_belief_expected,P_old,max_abs_freq_hz,390,390,0.25412661117652496,0.2500910240932127,0.0040355870833123225,0.024727143395412536,0.01705097348046398,0.03383190111464056,9.999000099990002e-05,2.127094486788398e-09
overall,ALL,C,remove_worst_mode_cost,C3_current_belief_expected,P_old,max_abs_freq_hz,390,388,0.2562606565752421,0.2538207733591555,0.0024398832160866493,0.014758511616081113,0.005027595599823179,0.027977621266481456,9.999000099990002e-05,2.1550626771181787e-20
scenario,S0_nominal_stochastic,ALL,remove_worst_mode_cost,C3_current_belief_expected,P_old,max_abs_freq_hz,90,90,0.012317554815243246,0.01187720801708226,0.00044034679816098846,0.03934867341847908,-0.0022908043329506493,0.09669169959921459,0.22897710228977103,0.7612890261257035
scenario,S0_nominal_stochastic,A,remove_worst_mode_cost,C3_current_belief_expected,P_old,max_abs_freq_hz,30,30,0.011671791658694619,0.01168126175558958,-9.470096894962967e-06,0.0018051344478963978,-0.018196610793303078,0.024407510899740727,0.9393060693930607,0.5027610473334789
scenario,S0_nominal_stochastic,B,remove_worst_mode_cost,C3_current_belief_expected,P_old,max_abs_freq_hz,30,30,0.012715965885100268,0.011942181127139108,0.0007737847579611559,0.06865862154537326,0.0024854127938054153,0.1460980438462559,0.11588841115888411,0.2988441474735737
scenario,S0_nominal_stochastic,C,remove_worst_mode_cost,C3_current_belief_expected,P_old,max_abs_freq_hz,30,30,0.012564906901934857,0.012008181168518085,0.0005567257334167723,0.04758226426216753,-0.043117229511805494,0.19693073665327143,0.8688131186881312,0.39305018074810505
scenario,S1_step_neg_002,ALL,remove_worst_mode_cost,C3_current_belief_expected,P_old,max_abs_freq_hz,0,0,,,,,,,,
scenario,S1_step_neg_002,A,remove_worst_mode_cost,C3_current_belief_expected,P_old,max_abs_freq_hz,0,0,,,,,,,,
scenario,S1_step_neg_002,B,remove_worst_mode_cost,C3_current_belief_expected,P_old,max_abs_freq_hz,0,0,,,,,,,,
scenario,S1_step_neg_002,C,remove_worst_mode_cost,C3_current_belief_expected,P_old,max_abs_freq_hz,0,0,,,,,,,,
scenario,S1_step_neg_004,ALL,remove_worst_mode_cost,C3_current_belief_expected,P_old,max_abs_freq_hz,0,0,,,,,,,,
scenario,S1_step_neg_004,A,remove_worst_mode_cost,C3_current_belief_expected,P_old,max_abs_freq_hz,0,0,,,,,,,,
scenario,S1_step_neg_004,B,remove_worst_mode_cost,C3_current_belief_expected,P_old,max_abs_freq_hz,0,0,,,,,,,,
scenario,S1_step_neg_004,C,remove_worst_mode_cost,C3_current_belief_expected,P_old,max_abs_freq_hz,0,0,,,,,,,,
scenario,S1_step_neg_006,ALL,remove_worst_mode_cost,C3_current_belief_expected,P_old,max_abs_freq_hz,0,0,,,,,,,,
scenario,S1_step_neg_006,A,remove_worst_mode_cost,C3_current_belief_expected,P_old,max_abs_freq_hz,0,0,,,,,,,,
scenario,S1_step_neg_006,B,remove_worst_mode_cost,C3_current_belief_expected,P_old,max_abs_freq_hz,0,0,,,,,,,,
scenario,S1_step_neg_006,C,remove_worst_mode_cost,C3_current_belief_expected,P_old,max_abs_freq_hz,0,0,,,,,,,,
scenario,S1_step_neg_008,ALL,remove_worst_mode_cost,C3_current_belief_expected,P_old,max_abs_freq_hz,0,0,,,,,,,,
scenario,S1_step_neg_008,A,remove_worst_mode_cost,C3_current_belief_expected,P_old,max_abs_freq_hz,0,0,,,,,,,,
scenario,S1_step_neg_008,B,remove_worst_mode_cost,C3_current_belief_expected,P_old,max_abs_freq_hz,0,0,,,,,,,,
scenario,S1_step_neg_008,C,remove_worst_mode_cost,C3_current_belief_expected,P_old,max_abs_freq_hz,0,0,,,,,,,,
scenario,S1_step_pos_002,ALL,remove_worst_mode_cost,C3_current_belief_expected,P_old,max_abs_freq_hz,0,0,,,,,,,,
scenario,S1_step_pos_002,A,remove_worst_mode_cost,C3_current_belief_expected,P_old,max_abs_freq_hz,0,0,,,,,,,,
scenario,S1_step_pos_002,B,remove_worst_mode_cost,C3_current_belief_expected,P_old,max_abs_freq_hz,0,0,,,,,,,,
scenario,S1_step_pos_002,C,remove_worst_mode_cost,C3_current_belief_expected,P_old,max_abs_freq_hz,0,0,,,,,,,,
scenario,S1_step_pos_004,ALL,remove_worst_mode_cost,C3_current_belief_expected,P_old,max_abs_freq_hz,0,0,,,,,,,,
scenario,S1_step_pos_004,A,remove_worst_mode_cost,C3_current_belief_expected,P_old,max_abs_freq_hz,0,0,,,,,,,,
scenario,S1_step_pos_004,B,remove_worst_mode_cost,C3_current_belief_expected,P_old,max_abs_freq_hz,0,0,,,,,,,,
scenario,S1_step_pos_004,C,remove_worst_mode_cost,C3_current_belief_expected,P_old,max_abs_freq_hz,0,0,,,,,,,,
scenario,S1_step_pos_006,ALL,remove_worst_mode_cost,C3_current_belief_expected,P_old,max_abs_freq_hz,90,90,0.26566534165942407,0.25850084055994926,0.007164501099474738,0.028262646799188922,0.02104266000494764,0.035686219331231006,9.999000099990002e-05,6.154530758453907e-10
scenario,S1_step_pos_006,A,remove_worst_mode_cost,C3_current_belief_expected,P_old,max_abs_freq_hz,30,30,0.24889004373571721,0.24389440958494987,0.004995634150767356,0.02073102423623401,0.007687401439292536,0.0340463745196097,0.005499450054994501,0.009301122277975082
scenario,S1_step_pos_006,B,remove_worst_mode_cost,C3_current_belief_expected,P_old,max_abs_freq_hz,30,30,0.27339298385845706,0.260891554290016,0.012501429568441056,0.04917835864067143,0.03533327749121375,0.06279540776624985,9.999000099990002e-05,8.326023817062378e-07
scenario,S1_step_pos_006,C,remove_worst_mode_cost,C3_current_belief_expected,P_old,max_abs_freq_hz,30,30,0.2747129973840979,0.2707165578048821,0.003996439579215803,0.014878557520661308,0.008787238450167226,0.02025238170081551,9.999000099990002e-05,0.0001528710126876831
scenario,S1_step_pos_008,ALL,remove_worst_mode_cost,C3_current_belief_expected,P_old,max_abs_freq_hz,0,0,,,,,,,,
scenario,S1_step_pos_008,A,remove_worst_mode_cost,C3_current_belief_expected,P_old,max_abs_freq_hz,0,0,,,,,,,,
scenario,S1_step_pos_008,B,remove_worst_mode_cost,C3_current_belief_expected,P_old,max_abs_freq_hz,0,0,,,,,,,,
scenario,S1_step_pos_008,C,remove_worst_mode_cost,C3_current_belief_expected,P_old,max_abs_freq_hz,0,0,,,,,,,,
scenario,S2_sluggish_switch_050,ALL,remove_worst_mode_cost,C3_current_belief_expected,P_old,max_abs_freq_hz,90,90,0.2878781116314494,0.28806904006782197,-0.00019092843637252707,-0.0006507185187618252,-0.0017883028710785533,0.0005812541566239796,0.27917208279172084,0.002529596636877878
scenario,S2_sluggish_switch_050,A,remove_worst_mode_cost,C3_current_belief_expected,P_old,max_abs_freq_hz,30,30,0.285570686184798,0.2861341321602337,-0.0005634459754356835,-0.001966839957532472,-0.0029037858055467832,-0.001116118026612096,0.00019998000199980003,1.8244609236717224e-05
scenario,S2_sluggish_switch_050,B,remove_worst_mode_cost,C3_current_belief_expected,P_old,max_abs_freq_hz,30,30,0.2877258391480089,0.28814442523519873,-0.0004185860871897207,-0.001435675121874814,-0.0033083459203969946,0.00016867594197081262,0.13388661133886612,0.07672121562063694
scenario,S2_sluggish_switch_050,C,remove_worst_mode_cost,C3_current_belief_expected,P_old,max_abs_freq_hz,30,30,0.2903378095615412,0.2899285628080334,0.00040924675350782297,0.0014503595231218106,-0.0011636493398978582,0.004452054185614795,0.3508649135086491,0.9032264724373817
scenario,S2_sluggish_switch_060,ALL,remove_worst_mode_cost,C3_current_belief_expected,P_old,max_abs_freq_hz,90,90,0.288554844802551,0.28831670835164525,0.00023813645090568986,0.000822355954185381,-0.0005864086387818177,0.00275358100522972,0.44365563443655637,0.6741381396348614
scenario,S2_sluggish_switch_060,A,remove_worst_mode_cost,C3_current_belief_expected,P_old,max_abs_freq_hz,30,30,0.2858561102877288,0.28607091756458203,-0.0002148072768532646,-0.0007504600860205231,-0.0016710397018143825,8.659786364992318e-05,0.10678932106789321,0.07672121562063694
scenario,S2_sluggish_switch_060,B,remove_worst_mode_cost,C3_current_belief_expected,P_old,max_abs_freq_hz,30,30,0.2883434552843261,0.28832656362772224,1.689165660389754e-05,5.7514173829677105e-05,-0.001122019230023658,0.0013920771847972194,0.9339066093390661,0.8552717231214046
scenario,S2_sluggish_switch_060,C,remove_worst_mode_cost,C3_current_belief_expected,P_old,max_abs_freq_hz,30,30,0.2914649688355981,0.2905526438626316,0.0009123249729664366,0.0031600137747469894,-0.0006764928279389704,0.008522052349357908,0.22197780221977803,0.2988441474735737
scenario,S2_sluggish_switch_090,ALL,remove_worst_mode_cost,C3_current_belief_expected,P_old,max_abs_freq_hz,0,0,,,,,,,,
scenario,S2_sluggish_switch_090,A,remove_worst_mode_cost,C3_current_belief_expected,P_old,max_abs_freq_hz,0,0,,,,,,,,
scenario,S2_sluggish_switch_090,B,remove_worst_mode_cost,C3_current_belief_expected,P_old,max_abs_freq_hz,0,0,,,,,,,,
scenario,S2_sluggish_switch_090,C,remove_worst_mode_cost,C3_current_belief_expected,P_old,max_abs_freq_hz,0,0,,,,,,,,
scenario,S3_derated_coincident,ALL,remove_worst_mode_cost,C3_current_belief_expected,P_old,max_abs_freq_hz,90,90,0.26801206595315635,0.26889829516423946,-0.0008862292110830653,-0.003272915234161441,-0.005888168554847293,-0.0010160949499609369,0.0072992700729927005,0.07903034476284249
scenario,S3_derated_coincident,A,remove_worst_mode_cost,C3_current_belief_expected,P_old,max_abs_freq_hz,30,30,0.2698203006204916,0.2710955174898701,-0.0012752168693784685,-0.004707836882565036,-0.010152126992017644,-0.0005241409473246358,0.0017998200179982,0.0050126127898693085
scenario,S3_derated_coincident,B,remove_worst_mode_cost,C3_current_belief_expected,P_old,max_abs_freq_hz,30,30,0.26800532148224115,0.2692673372030533,-0.0012620157208121448,-0.004682691381083038,-0.009710111707721729,-0.0007578662828642628,0.0313968603139686,0.0635564886033535
scenario,S3_derated_coincident,C,remove_worst_mode_cost,C3_current_belief_expected,P_old,max_abs_freq_hz,30,30,0.26621057575673646,0.266332030799795,-0.00012145504305858257,-0.00042821743883625005,-0.003468437586400215,0.002048139571083594,0.8066193380661933,0.4771064817905426
scenario,S4_unavailable_coincident,ALL,remove_worst_mode_cost,C3_current_belief_expected,P_old,max_abs_freq_hz,90,90,0.2980410851318338,0.2966315908029647,0.0014094943288690857,0.004787079886909527,0.0011363457167740242,0.008715244651157417,0.0170982901709829,0.8421277360635294
scenario,S4_unavailable_coincident,A,remove_worst_mode_cost,C3_current_belief_expected,P_old,max_abs_freq_hz,30,30,0.29418588325628753,0.2932065077213839,0.000979375534903639,0.00333791095896626,-0.0006627997112471245,0.00828296268211913,0.23407659234076592,0.0635564886033535
scenario,S4_unavailable_coincident,B,remove_worst_mode_cost,C3_current_belief_expected,P_old,max_abs_freq_hz,30,30,0.29887700770199477,0.2963566117143218,0.00252039598767298,0.008493561299029107,0.0015756170690356811,0.016630728975530158,0.06059394060593941,0.685047073289752
scenario,S4_unavailable_coincident,C,remove_worst_mode_cost,C3_current_belief_expected,P_old,max_abs_freq_hz,30,30,0.30106036443721906,0.30033165297318837,0.0007287114640306384,0.002529767402733213,-0.003980564968160749,0.010683436420856682,0.5555444455554445,0.5978077705949545
scenario,S5_multi_switch_stochastic,ALL,remove_worst_mode_cost,C3_current_belief_expected,P_old,max_abs_freq_hz,90,90,0.013075407769810631,0.012626198101069365,0.0004492096687412654,0.045860178507110286,0.004335025677181149,0.09437508334134136,0.135986401359864,0.12979296177219254
scenario,S5_multi_switch_stochastic,A,remove_worst_mode_cost,C3_current_belief_expected,P_old,max_abs_freq_hz,30,30,0.013044640675292174,0.012673824949388726,0.0003708157259034501,0.04659953144166665,-0.028383500711107762,0.1575823660862796,0.6147385261473852,0.5978077705949545
scenario,S5_multi_switch_stochastic,B,remove_worst_mode_cost,C3_current_belief_expected,P_old,max_abs_freq_hz,30,30,0.013059692317243722,0.012351086248951471,0.0007086060682922547,0.05736695258270709,0.0019570213510266875,0.1296681008965972,0.0842915708429157,0.40449450351297855
scenario,S5_multi_switch_stochastic,C,remove_worst_mode_cost,C3_current_belief_expected,P_old,max_abs_freq_hz,30,30,0.013121890316895991,0.012853683104867895,0.0002682072120280916,0.03361405149695714,-0.03357652745979587,0.10934289961684576,0.6213378662133786,0.308520769700408
scenario,S6_sluggish_coincident_high_noise,ALL,remove_worst_mode_cost,C3_current_belief_expected,P_old,max_abs_freq_hz,90,89,0.29215206044086833,0.28809732685458844,0.004054733586279876,0.014553963774617491,0.006906739423647472,0.022943270944627454,0.0004999500049995,0.001273391111278993
scenario,S6_sluggish_coincident_high_noise,A,remove_worst_mode_cost,C3_current_belief_expected,P_old,max_abs_freq_hz,30,29,0.2885436905613944,0.28706702909366194,0.0014766614677324886,0.006589420788956387,-0.009283241377197321,0.025083594518167412,0.5687431256874312,0.7655419819056988
scenario,S6_sluggish_coincident_high_noise,B,remove_worst_mode_cost,C3_current_belief_expected,P_old,max_abs_freq_hz,30,30,0.29392156768491373,0.2883086287861414,0.005612938898772333,0.019582759330604885,0.007646113879712828,0.032346102627150625,0.004399560043995601,0.008705463260412216
scenario,S6_sluggish_coincident_high_noise,C,remove_worst_mode_cost,C3_current_belief_expected,P_old,max_abs_freq_hz,30,30,0.29387064408031427,0.2888819794252643,0.004988664655049892,0.017224226438102497,0.006505141005989367,0.029208905278624447,0.0045995400459954,0.004338232800364494
scenario,S6_sluggish_coincident_low_noise,ALL,remove_worst_mode_cost,C3_current_belief_expected,P_old,max_abs_freq_hz,0,0,,,,,,,,
scenario,S6_sluggish_coincident_low_noise,A,remove_worst_mode_cost,C3_current_belief_expected,P_old,max_abs_freq_hz,0,0,,,,,,,,
scenario,S6_sluggish_coincident_low_noise,B,remove_worst_mode_cost,C3_current_belief_expected,P_old,max_abs_freq_hz,0,0,,,,,,,,
scenario,S6_sluggish_coincident_low_noise,C,remove_worst_mode_cost,C3_current_belief_expected,P_old,max_abs_freq_hz,0,0,,,,,,,,
scenario,S6_sluggish_coincident_medium_noise,ALL,remove_worst_mode_cost,C3_current_belief_expected,P_old,max_abs_freq_hz,0,0,,,,,,,,
scenario,S6_sluggish_coincident_medium_noise,A,remove_worst_mode_cost,C3_current_belief_expected,P_old,max_abs_freq_hz,0,0,,,,,,,,
scenario,S6_sluggish_coincident_medium_noise,B,remove_worst_mode_cost,C3_current_belief_expected,P_old,max_abs_freq_hz,0,0,,,,,,,,
scenario,S6_sluggish_coincident_medium_noise,C,remove_worst_mode_cost,C3_current_belief_expected,P_old,max_abs_freq_hz,0,0,,,,,,,,
scenario,S7_ood_asymmetric_limit,ALL,remove_worst_mode_cost,C3_current_belief_expected,P_old,max_abs_freq_hz,150,150,0.26555244643580517,0.25959909727503744,0.005953349160767755,0.023430933941292087,0.017868936674713006,0.028912397702795408,9.999000099990002e-05,1.4416520475406848e-12
scenario,S7_ood_asymmetric_limit,A,remove_worst_mode_cost,C3_current_belief_expected,P_old,max_abs_freq_hz,50,50,0.24963028713173038,0.24586700826610064,0.0037632788656297624,0.015623227142810473,0.006046646434922967,0.025545843909708484,0.0036996300369963003,0.0035436448551049438
scenario,S7_ood_asymmetric_limit,B,remove_worst_mode_cost,C3_current_belief_expected,P_old,max_abs_freq_hz,50,50,0.27142369753580714,0.2627122946621699,0.008711402873637286,0.03470836465525413,0.02238122022732605,0.04723359211651748,9.999000099990002e-05,2.0810681753857807e-05
scenario,S7_ood_asymmetric_limit,C,remove_worst_mode_cost,C3_current_belief_expected,P_old,max_abs_freq_hz,50,50,0.27560335463987806,0.2702179888968418,0.0053853657430362155,0.019961210025811665,0.016558465483696577,0.022961456476662135,9.999000099990002e-05,3.40367733997482e-11
scenario,S8_ood_time_varying_delay,ALL,remove_worst_mode_cost,C3_current_belief_expected,P_old,max_abs_freq_hz,150,148,0.2651251112141553,0.25934516752149966,0.005779943692655618,0.02273731838522123,0.017061843234022874,0.028457105640573747,9.999000099990002e-05,1.500984528831532e-11
scenario,S8_ood_time_varying_delay,A,remove_worst_mode_cost,C3_current_belief_expected,P_old,max_abs_freq_hz,50,50,0.24866378571982758,0.245904543491657,0.0027592422281705843,0.011576543418754264,0.002178096931548108,0.021310670843331637,0.024697530246975304,0.02898427633581413
scenario,S8_ood_time_varying_delay,B,remove_worst_mode_cost,C3_current_belief_expected,P_old,max_abs_freq_hz,50,50,0.27142369753580714,0.2622704791852049,0.009153218350602238,0.03647149257140473,0.023580691468034005,0.04921499066666223,9.999000099990002e-05,1.0451820186219152e-05
scenario,S8_ood_time_varying_delay,C,remove_worst_mode_cost,C3_current_belief_expected,P_old,max_abs_freq_hz,50,48,0.2757112978523592,0.2702986179028927,0.0054126799494664665,0.020056694198016502,0.016558064692493542,0.023103909452855703,9.999000099990002e-05,1.197761889670801e-10
scenario,S9_compound_unavailable_double_step,ALL,remove_worst_mode_cost,C3_current_belief_expected,P_old,max_abs_freq_hz,150,150,0.3976931447182661,0.39650322662676324,0.00118991809150278,0.003003023813003179,0.00031772948340165984,0.005805011094337477,0.036196380361963806,0.8474958245614931
scenario,S9_compound_unavailable_double_step,A,remove_worst_mode_cost,C3_current_belief_expected,P_old,max_abs_freq_hz,50,50,0.3930743619857557,0.392154134725013,0.0009202272607425888,0.002345050925915821,-0.0016420165297406713,0.006665806745796046,0.2860713928607139,0.2999546071877397
scenario,S9_compound_unavailable_double_step,B,remove_worst_mode_cost,C3_current_belief_expected,P_old,max_abs_freq_hz,50,50,0.3977150720879091,0.39637418114015754,0.0013408909477515018,0.0033602206160043314,-0.001694860651239739,0.00867200629712983,0.2166783321667833,1.0
scenario,S9_compound_unavailable_double_step,C,remove_worst_mode_cost,C3_current_belief_expected,P_old,max_abs_freq_hz,50,50,0.4022900000811336,0.4009813640151193,0.0013086360660142494,0.0033037998970893837,-0.0013311880462185711,0.008576646085461291,0.21787821217878212,0.3776732059941086
overall,ALL,ALL,remove_worst_mode_cost,C3_current_belief_expected,P_old,sg_mileage,1170,1167,0.7496069719954042,0.739076597275791,0.010530374719613144,0.02761546906120541,0.012486133452992255,0.043073179563379485,0.07239276072392761,0.00036966710806642474
overall,ALL,A,remove_worst_mode_cost,C3_current_belief_expected,P_old,sg_mileage,390,389,0.9001851240665889,0.8911908067455271,0.008994317321061734,-0.0033568025563978435,-0.02707868267178188,0.02203927486204913,0.5170482951704829,3.5177435236485536e-07
overall,ALL,B,remove_worst_mode_cost,C3_current_belief_expected,P_old,sg_mileage,390,390,0.8233685198007268,0.8152236606722278,0.00814485912849888,0.009149962251630794,-0.009113231300631946,0.027651491526122413,0.3341665833416658,0.02278045062581974
overall,ALL,C,remove_worst_mode_cost,C3_current_belief_expected,P_old,sg_mileage,390,388,0.5244989699341499,0.5100307668419308,0.01446820309221899,0.07722825595548827,0.042544392224580785,0.11129769912666912,0.034596540345965404,0.2411491146634177
scenario,S0_nominal_stochastic,ALL,remove_worst_mode_cost,C3_current_belief_expected,P_old,sg_mileage,90,90,0.6442825552073946,0.6786639207557795,-0.034381365548384765,-0.04797364529810327,-0.07626903246526183,-0.019217020889396065,0.0014998500149985001,0.0009081670598982355
scenario,S0_nominal_stochastic,A,remove_worst_mode_cost,C3_current_belief_expected,P_old,sg_mileage,30,30,0.7048853570433525,0.7380107691357239,-0.033125412092371416,-0.04262082670756714,-0.10922175520374963,0.025240432662961932,0.20387961203879612,0.22855282202363014
scenario,S0_nominal_stochastic,B,remove_worst_mode_cost,C3_current_belief_expected,P_old,sg_mileage,30,30,0.6618397756437743,0.7179279013855884,-0.056088125741814356,-0.07804513718005425,-0.1191592605881627,-0.03237533333879811,0.0017998200179982,0.0021877754479646683
scenario,S0_nominal_stochastic,C,remove_worst_mode_cost,C3_current_belief_expected,P_old,sg_mileage,30,30,0.5661225329350578,0.580053091746026,-0.01393055881096855,-0.02325497200668845,-0.048060207415904624,0.0017914834197984577,0.07649235076492351,0.19807579927146435
scenario,S1_step_neg_002,ALL,remove_worst_mode_cost,C3_current_belief_expected,P_old,sg_mileage,0,0,,,,,,,,
scenario,S1_step_neg_002,A,remove_worst_mode_cost,C3_current_belief_expected,P_old,sg_mileage,0,0,,,,,,,,
scenario,S1_step_neg_002,B,remove_worst_mode_cost,C3_current_belief_expected,P_old,sg_mileage,0,0,,,,,,,,
scenario,S1_step_neg_002,C,remove_worst_mode_cost,C3_current_belief_expected,P_old,sg_mileage,0,0,,,,,,,,
scenario,S1_step_neg_004,ALL,remove_worst_mode_cost,C3_current_belief_expected,P_old,sg_mileage,0,0,,,,,,,,
scenario,S1_step_neg_004,A,remove_worst_mode_cost,C3_current_belief_expected,P_old,sg_mileage,0,0,,,,,,,,
scenario,S1_step_neg_004,B,remove_worst_mode_cost,C3_current_belief_expected,P_old,sg_mileage,0,0,,,,,,,,
scenario,S1_step_neg_004,C,remove_worst_mode_cost,C3_current_belief_expected,P_old,sg_mileage,0,0,,,,,,,,
scenario,S1_step_neg_006,ALL,remove_worst_mode_cost,C3_current_belief_expected,P_old,sg_mileage,0,0,,,,,,,,
scenario,S1_step_neg_006,A,remove_worst_mode_cost,C3_current_belief_expected,P_old,sg_mileage,0,0,,,,,,,,
scenario,S1_step_neg_006,B,remove_worst_mode_cost,C3_current_belief_expected,P_old,sg_mileage,0,0,,,,,,,,
scenario,S1_step_neg_006,C,remove_worst_mode_cost,C3_current_belief_expected,P_old,sg_mileage,0,0,,,,,,,,
scenario,S1_step_neg_008,ALL,remove_worst_mode_cost,C3_current_belief_expected,P_old,sg_mileage,0,0,,,,,,,,
scenario,S1_step_neg_008,A,remove_worst_mode_cost,C3_current_belief_expected,P_old,sg_mileage,0,0,,,,,,,,
scenario,S1_step_neg_008,B,remove_worst_mode_cost,C3_current_belief_expected,P_old,sg_mileage,0,0,,,,,,,,
scenario,S1_step_neg_008,C,remove_worst_mode_cost,C3_current_belief_expected,P_old,sg_mileage,0,0,,,,,,,,
scenario,S1_step_pos_002,ALL,remove_worst_mode_cost,C3_current_belief_expected,P_old,sg_mileage,0,0,,,,,,,,
scenario,S1_step_pos_002,A,remove_worst_mode_cost,C3_current_belief_expected,P_old,sg_mileage,0,0,,,,,,,,
scenario,S1_step_pos_002,B,remove_worst_mode_cost,C3_current_belief_expected,P_old,sg_mileage,0,0,,,,,,,,
scenario,S1_step_pos_002,C,remove_worst_mode_cost,C3_current_belief_expected,P_old,sg_mileage,0,0,,,,,,,,
scenario,S1_step_pos_004,ALL,remove_worst_mode_cost,C3_current_belief_expected,P_old,sg_mileage,0,0,,,,,,,,
scenario,S1_step_pos_004,A,remove_worst_mode_cost,C3_current_belief_expected,P_old,sg_mileage,0,0,,,,,,,,
scenario,S1_step_pos_004,B,remove_worst_mode_cost,C3_current_belief_expected,P_old,sg_mileage,0,0,,,,,,,,
scenario,S1_step_pos_004,C,remove_worst_mode_cost,C3_current_belief_expected,P_old,sg_mileage,0,0,,,,,,,,
scenario,S1_step_pos_006,ALL,remove_worst_mode_cost,C3_current_belief_expected,P_old,sg_mileage,90,90,0.7117582937921728,0.7497692426975523,-0.03801094890537936,-0.048393457163211306,-0.06496705564086504,-0.032274695264003915,9.999000099990002e-05,4.10954206135731e-07
scenario,S1_step_pos_006,A,remove_worst_mode_cost,C3_current_belief_expected,P_old,sg_mileage,30,30,0.7566856876809932,0.8192234991261219,-0.06253781144512886,-0.07721207437830195,-0.10771605193779166,-0.04485422171228817,9.999000099990002e-05,9.90256667137146e-05
scenario,S1_step_pos_006,B,remove_worst_mode_cost,C3_current_belief_expected,P_old,sg_mileage,30,30,0.7838725035533787,0.8142908235441187,-0.030418319990739916,-0.034066199671963046,-0.06201342962713399,-0.003843727472180186,0.0193980601939806,0.023410143330693245
scenario,S1_step_pos_006,C,remove_worst_mode_cost,C3_current_belief_expected,P_old,sg_mileage,30,30,0.5947166901421467,0.615793405422416,-0.021076715280269314,-0.033902097439368915,-0.05641805852390707,-0.012585627857681273,0.0040995900409959,0.00466480478644371
scenario,S1_step_pos_008,ALL,remove_worst_mode_cost,C3_current_belief_expected,P_old,sg_mileage,0,0,,,,,,,,
scenario,S1_step_pos_008,A,remove_worst_mode_cost,C3_current_belief_expected,P_old,sg_mileage,0,0,,,,,,,,
scenario,S1_step_pos_008,B,remove_worst_mode_cost,C3_current_belief_expected,P_old,sg_mileage,0,0,,,,,,,,
scenario,S1_step_pos_008,C,remove_worst_mode_cost,C3_current_belief_expected,P_old,sg_mileage,0,0,,,,,,,,
scenario,S2_sluggish_switch_050,ALL,remove_worst_mode_cost,C3_current_belief_expected,P_old,sg_mileage,90,90,0.5993370376972453,0.7103301021776689,-0.11099306448042352,-0.18849094301663555,-0.22173139213307475,-0.15582935601349024,9.999000099990002e-05,5.602009369704894e-16
scenario,S2_sluggish_switch_050,A,remove_worst_mode_cost,C3_current_belief_expected,P_old,sg_mileage,30,30,0.7621066314979601,0.8621658034562931,-0.100059171958333,-0.11523460721471042,-0.1355532093696638,-0.09440751094920515,9.999000099990002e-05,3.725290298461914e-09
scenario,S2_sluggish_switch_050,B,remove_worst_mode_cost,C3_current_belief_expected,P_old,sg_mileage,30,30,0.7555162843712026,0.8090999035041471,-0.0535836191329444,-0.06433545318908528,-0.08389300124673965,-0.044161125131010066,9.999000099990002e-05,1.991167664527893e-06
scenario,S2_sluggish_switch_050,C,remove_worst_mode_cost,C3_current_belief_expected,P_old,sg_mileage,30,30,0.2803881972225733,0.4597245995725664,-0.17933640234999315,-0.38590276864611095,-0.41894255110652195,-0.3512978608394066,9.999000099990002e-05,1.862645149230957e-09
scenario,S2_sluggish_switch_060,ALL,remove_worst_mode_cost,C3_current_belief_expected,P_old,sg_mileage,90,90,0.5900562569839347,0.7029773648971545,-0.11292110791321976,-0.19140097106282183,-0.2229046977009486,-0.16118019034359043,9.999000099990002e-05,2.4387943939672536e-16
scenario,S2_sluggish_switch_060,A,remove_worst_mode_cost,C3_current_belief_expected,P_old,sg_mileage,30,30,0.7529018535960945,0.8484408617740534,-0.09553900817795895,-0.11134342136986088,-0.13500939158823982,-0.08738625584345672,9.999000099990002e-05,9.313225746154785e-09
scenario,S2_sluggish_switch_060,B,remove_worst_mode_cost,C3_current_belief_expected,P_old,sg_mileage,30,30,0.732379032416743,0.8039191020771522,-0.0715400696604092,-0.08752978722326382,-0.10465092730442092,-0.0702259676256363,9.999000099990002e-05,9.313225746154785e-09
scenario,S2_sluggish_switch_060,C,remove_worst_mode_cost,C3_current_belief_expected,P_old,sg_mileage,30,30,0.2848878849389666,0.45657213084025755,-0.17168424590129117,-0.375329704595341,-0.40893786495305373,-0.34115820074411,9.999000099990002e-05,1.862645149230957e-09
scenario,S2_sluggish_switch_090,ALL,remove_worst_mode_cost,C3_current_belief_expected,P_old,sg_mileage,0,0,,,,,,,,
scenario,S2_sluggish_switch_090,A,remove_worst_mode_cost,C3_current_belief_expected,P_old,sg_mileage,0,0,,,,,,,,
scenario,S2_sluggish_switch_090,B,remove_worst_mode_cost,C3_current_belief_expected,P_old,sg_mileage,0,0,,,,,,,,
scenario,S2_sluggish_switch_090,C,remove_worst_mode_cost,C3_current_belief_expected,P_old,sg_mileage,0,0,,,,,,,,
scenario,S3_derated_coincident,ALL,remove_worst_mode_cost,C3_current_belief_expected,P_old,sg_mileage,90,90,0.7424385120301765,0.833388772397205,-0.09095026036702861,-0.09550321881140196,-0.11875913363623515,-0.07168454603396053,9.999000099990002e-05,3.321223528051442e-10
scenario,S3_derated_coincident,A,remove_worst_mode_cost,C3_current_belief_expected,P_old,sg_mileage,30,30,0.8612890361511335,0.9889613136859308,-0.12767227753479726,-0.11037375079614832,-0.16097589466235113,-0.057315416955446,0.00019998000199980003,0.00012333691120147705
scenario,S3_derated_coincident,B,remove_worst_mode_cost,C3_current_belief_expected,P_old,sg_mileage,30,30,0.7698254438533618,0.8692085096568408,-0.09938306580347889,-0.10578685405631715,-0.14735729252661978,-0.06286823262073048,0.00029997000299970003,5.5925920605659485e-05
scenario,S3_derated_coincident,C,remove_worst_mode_cost,C3_current_belief_expected,P_old,sg_mileage,30,30,0.596201056086034,0.6419964938488437,-0.045795437762809706,-0.07034905158174046,-0.09079499712678533,-0.05111288291313579,9.999000099990002e-05,2.60770320892334e-08
scenario,S4_unavailable_coincident,ALL,remove_worst_mode_cost,C3_current_belief_expected,P_old,sg_mileage,90,90,0.6652044318003083,0.5866381624831158,0.07856626931719234,0.22974214451928776,0.17770373820900343,0.28368459251242006,9.999000099990002e-05,7.163556745747849e-12
scenario,S4_unavailable_coincident,A,remove_worst_mode_cost,C3_current_belief_expected,P_old,sg_mileage,30,30,0.7938210852674515,0.7582787185632557,0.035542366704195874,0.0485135020391343,0.002539692874841055,0.09204576620999459,0.0494950504949505,0.007111456245183945
scenario,S4_unavailable_coincident,B,remove_worst_mode_cost,C3_current_belief_expected,P_old,sg_mileage,30,30,0.7912256669684258,0.7400271623903458,0.05119850457807984,0.07073026219369659,0.0468093903135746,0.09301026444298453,9.999000099990002e-05,1.0609626770019531e-05
scenario,S4_unavailable_coincident,C,remove_worst_mode_cost,C3_current_belief_expected,P_old,sg_mileage,30,30,0.4105665431650477,0.26160860649574635,0.14895793666930135,0.5699826693250324,0.539026325986257,0.5989038525284025,9.999000099990002e-05,1.862645149230957e-09
scenario,S5_multi_switch_stochastic,ALL,remove_worst_mode_cost,C3_current_belief_expected,P_old,sg_mileage,90,90,0.6273547530721097,0.6846750358233211,-0.05732028275121136,-0.08334678437956344,-0.10066687317599184,-0.06648185040320653,9.999000099990002e-05,8.720062688837714e-12
scenario,S5_multi_switch_stochastic,A,remove_worst_mode_cost,C3_current_belief_expected,P_old,sg_mileage,30,30,0.6860853018807427,0.7459371483499431,-0.05985184646920031,-0.08031542195350212,-0.11627486163865149,-0.04464246348213767,0.00019998000199980003,0.00023163668811321259
scenario,S5_multi_switch_stochastic,B,remove_worst_mode_cost,C3_current_belief_expected,P_old,sg_mileage,30,30,0.6610642455505238,0.7242929029122444,-0.06322865736172052,-0.08727506502345374,-0.115010973108221,-0.059419756473951264,9.999000099990002e-05,3.7904828786849976e-06
scenario,S5_multi_switch_stochastic,C,remove_worst_mode_cost,C3_current_belief_expected,P_old,sg_mileage,30,30,0.5349147117850627,0.5837950562077759,-0.04888034442271321,-0.08244986616173448,-0.10662169334543538,-0.05890831676728628,9.999000099990002e-05,3.1478703022003174e-07
scenario,S6_sluggish_coincident_high_noise,ALL,remove_worst_mode_cost,C3_current_belief_expected,P_old,sg_mileage,90,89,1.4160500310701318,0.9064828268918212,0.5095672041783107,0.6411502374200548,0.5723921029295328,0.7126167663125498,9.999000099990002e-05,2.5509729516632515e-16
scenario,S6_sluggish_coincident_high_noise,A,remove_worst_mode_cost,C3_current_belief_expected,P_old,sg_mileage,30,29,2.153631805602244,1.3350803186483926,0.8185514869538508,0.6729840867262414,0.5443539750773565,0.8010447559087294,9.999000099990002e-05,3.725290298461914e-09
scenario,S6_sluggish_coincident_high_noise,B,remove_worst_mode_cost,C3_current_belief_expected,P_old,sg_mileage,30,30,1.4711778641702176,1.0273196559305626,0.443858208239655,0.46434058787566845,0.38109195862055817,0.5493125859841235,9.999000099990002e-05,1.862645149230957e-09
scenario,S6_sluggish_coincident_high_noise,C,remove_worst_mode_cost,C3_current_belief_expected,P_old,sg_mileage,30,30,0.6479264825890044,0.3713350891550604,0.27659139343394407,0.7871871659684615,0.6673040984835383,0.9122714420228059,9.999000099990002e-05,1.862645149230957e-09
scenario,S6_sluggish_coincident_low_noise,ALL,remove_worst_mode_cost,C3_current_belief_expected,P_old,sg_mileage,0,0,,,,,,,,
scenario,S6_sluggish_coincident_low_noise,A,remove_worst_mode_cost,C3_current_belief_expected,P_old,sg_mileage,0,0,,,,,,,,
scenario,S6_sluggish_coincident_low_noise,B,remove_worst_mode_cost,C3_current_belief_expected,P_old,sg_mileage,0,0,,,,,,,,
scenario,S6_sluggish_coincident_low_noise,C,remove_worst_mode_cost,C3_current_belief_expected,P_old,sg_mileage,0,0,,,,,,,,
scenario,S6_sluggish_coincident_medium_noise,ALL,remove_worst_mode_cost,C3_current_belief_expected,P_old,sg_mileage,0,0,,,,,,,,
scenario,S6_sluggish_coincident_medium_noise,A,remove_worst_mode_cost,C3_current_belief_expected,P_old,sg_mileage,0,0,,,,,,,,
scenario,S6_sluggish_coincident_medium_noise,B,remove_worst_mode_cost,C3_current_belief_expected,P_old,sg_mileage,0,0,,,,,,,,
scenario,S6_sluggish_coincident_medium_noise,C,remove_worst_mode_cost,C3_current_belief_expected,P_old,sg_mileage,0,0,,,,,,,,
scenario,S7_ood_asymmetric_limit,ALL,remove_worst_mode_cost,C3_current_belief_expected,P_old,sg_mileage,150,150,0.7246774544817659,0.7906621537289912,-0.06598469924722518,-0.07501946872828243,-0.09101076334656394,-0.05956834343768784,9.999000099990002e-05,9.068224959221373e-15
scenario,S7_ood_asymmetric_limit,A,remove_worst_mode_cost,C3_current_belief_expected,P_old,sg_mileage,50,50,0.7867493909378562,0.8812779729366779,-0.09452858199882136,-0.10098642060160165,-0.13064503047772064,-0.07074154799830386,9.999000099990002e-05,2.8573925447972215e-08
scenario,S7_ood_asymmetric_limit,B,remove_worst_mode_cost,C3_current_belief_expected,P_old,sg_mileage,50,50,0.7910688016772721,0.8663746371752407,-0.07530583549796843,-0.0814257686435144,-0.10982594113539017,-0.053416594976098485,9.999000099990002e-05,1.0633089786438177e-06
scenario,S7_ood_asymmetric_limit,C,remove_worst_mode_cost,C3_current_belief_expected,P_old,sg_mileage,50,50,0.5962141708301693,0.624333851075055,-0.028119680244885696,-0.04264621693973125,-0.06219674688984313,-0.022740746281464528,0.00029997000299970003,7.155652345502972e-05
scenario,S8_ood_time_varying_delay,ALL,remove_worst_mode_cost,C3_current_belief_expected,P_old,sg_mileage,150,148,0.8131173177299869,0.831446803596026,-0.018329485866039143,-0.001933500274618527,-0.026461973873731816,0.02321130020626888,0.09319068093190681,0.13640765501764737
scenario,S8_ood_time_varying_delay,A,remove_worst_mode_cost,C3_current_belief_expected,P_old,sg_mileage,50,50,0.9283908825319814,1.0084632305711814,-0.08007234803919994,-0.06817099342059713,-0.11086634139491011,-0.022654965296314993,0.0012998700129987,0.000202796732962085
scenario,S8_ood_time_varying_delay,B,remove_worst_mode_cost,C3_current_belief_expected,P_old,sg_mileage,50,50,0.8974432604543405,0.9080495413705095,-0.010606280916168956,-0.008837639882389817,-0.04101020306682222,0.024903620493002942,0.5008499150084992,0.3044806608698192
scenario,S8_ood_time_varying_delay,C,remove_worst_mode_cost,C3_current_belief_expected,P_old,sg_mileage,50,48,0.6052011640567072,0.5672601736484854,0.0379409904082219,0.0742557005105376,0.03504251116156433,0.11471800761988796,0.0010998900109989002,0.0009705476712582595
scenario,S9_compound_unavailable_double_step,ALL,remove_worst_mode_cost,C3_current_belief_expected,P_old,sg_mileage,150,150,0.7165402446972746,0.6332808888336917,0.0832593558635828,0.16657985588698784,0.14402012031999598,0.18966733115912043,9.999000099990002e-05,3.584385739107358e-22
scenario,S9_compound_unavailable_double_step,A,remove_worst_mode_cost,C3_current_belief_expected,P_old,sg_mileage,50,50,0.8485285726482857,0.8127658197014813,0.03576275294680444,0.045862680060777476,0.0238543438686953,0.06860132715229389,0.00029997000299970003,0.0008475708983652908
scenario,S9_compound_unavailable_double_step,B,remove_worst_mode_cost,C3_current_belief_expected,P_old,sg_mileage,50,50,0.7576219023974793,0.6806687978570273,0.0769531045404521,0.1148137018534878,0.09375291065713881,0.13502364817366433,9.999000099990002e-05,2.239985974483716e-12
scenario,S9_compound_unavailable_double_step,C,remove_worst_mode_cost,C3_current_belief_expected,P_old,sg_mileage,50,50,0.5434702590460586,0.40640804894256677,0.13706221010349184,0.3390631857466983,0.3190655037489851,0.3589951825691956,9.999000099990002e-05,1.7763568394002505e-15
overall,ALL,ALL,remove_worst_mode_cost,C3_current_belief_expected,P_old,ibr_mileage,1170,1167,0.5482506538803432,0.4685467785867365,0.07970387529360676,0.227778128834742,0.18435658268958255,0.27329330916471833,9.999000099990002e-05,1.4280039583963386e-05
overall,ALL,A,remove_worst_mode_cost,C3_current_belief_expected,P_old,ibr_mileage,390,389,0.49638394860485957,0.43596487125431926,0.060419077350540265,0.1509706225971744,0.08367757843972862,0.2224874660142658,0.0027997200279972004,0.17049290961339347
overall,ALL,B,remove_worst_mode_cost,C3_current_belief_expected,P_old,ibr_mileage,390,390,0.5496795975974421,0.4216355947716901,0.1280440028257521,0.28445734035819203,0.20400198455119598,0.36631749189418805,9.999000099990002e-05,1.030052776025221e-05
overall,ALL,C,remove_worst_mode_cost,C3_current_belief_expected,P_old,ibr_mileage,390,388,0.5988147268249169,0.548365653948021,0.050449072876895845,0.24781222015502105,0.1684881371527021,0.3299153834453499,0.04079592040795921,0.10150107892709362
scenario,S0_nominal_stochastic,ALL,remove_worst_mode_cost,C3_current_belief_expected,P_old,ibr_mileage,90,90,0.174334388537752,0.19367011075971902,-0.019335722221966986,-0.09812630631371094,-0.13846449995294402,-0.05655300116103228,9.999000099990002e-05,4.4643595595442166e-05
scenario,S0_nominal_stochastic,A,remove_worst_mode_cost,C3_current_belief_expected,P_old,ibr_mileage,30,30,0.17970529611993324,0.19915670914320271,-0.01945141302326941,-0.09761470009709441,-0.17013936088565357,-0.022454841679369397,0.015598440155984402,0.03272089920938015
scenario,S0_nominal_stochastic,B,remove_worst_mode_cost,C3_current_belief_expected,P_old,ibr_mileage,30,30,0.18120181366000743,0.19801329425653028,-0.016811480596522762,-0.08040581212510674,-0.14344947683477507,-0.01694920322524046,0.013898610138986101,0.015460003167390823
scenario,S0_nominal_stochastic,C,remove_worst_mode_cost,C3_current_belief_expected,P_old,ibr_mileage,30,30,0.16209605583331527,0.18384032887942403,-0.021744273046108802,-0.11635840671893165,-0.18951937098829563,-0.04025731109362956,0.006299370062993701,0.007612137123942375
scenario,S1_step_neg_002,ALL,remove_worst_mode_cost,C3_current_belief_expected,P_old,ibr_mileage,0,0,,,,,,,,
scenario,S1_step_neg_002,A,remove_worst_mode_cost,C3_current_belief_expected,P_old,ibr_mileage,0,0,,,,,,,,
scenario,S1_step_neg_002,B,remove_worst_mode_cost,C3_current_belief_expected,P_old,ibr_mileage,0,0,,,,,,,,
scenario,S1_step_neg_002,C,remove_worst_mode_cost,C3_current_belief_expected,P_old,ibr_mileage,0,0,,,,,,,,
scenario,S1_step_neg_004,ALL,remove_worst_mode_cost,C3_current_belief_expected,P_old,ibr_mileage,0,0,,,,,,,,
scenario,S1_step_neg_004,A,remove_worst_mode_cost,C3_current_belief_expected,P_old,ibr_mileage,0,0,,,,,,,,
scenario,S1_step_neg_004,B,remove_worst_mode_cost,C3_current_belief_expected,P_old,ibr_mileage,0,0,,,,,,,,
scenario,S1_step_neg_004,C,remove_worst_mode_cost,C3_current_belief_expected,P_old,ibr_mileage,0,0,,,,,,,,
scenario,S1_step_neg_006,ALL,remove_worst_mode_cost,C3_current_belief_expected,P_old,ibr_mileage,0,0,,,,,,,,
scenario,S1_step_neg_006,A,remove_worst_mode_cost,C3_current_belief_expected,P_old,ibr_mileage,0,0,,,,,,,,
scenario,S1_step_neg_006,B,remove_worst_mode_cost,C3_current_belief_expected,P_old,ibr_mileage,0,0,,,,,,,,
scenario,S1_step_neg_006,C,remove_worst_mode_cost,C3_current_belief_expected,P_old,ibr_mileage,0,0,,,,,,,,
scenario,S1_step_neg_008,ALL,remove_worst_mode_cost,C3_current_belief_expected,P_old,ibr_mileage,0,0,,,,,,,,
scenario,S1_step_neg_008,A,remove_worst_mode_cost,C3_current_belief_expected,P_old,ibr_mileage,0,0,,,,,,,,
scenario,S1_step_neg_008,B,remove_worst_mode_cost,C3_current_belief_expected,P_old,ibr_mileage,0,0,,,,,,,,
scenario,S1_step_neg_008,C,remove_worst_mode_cost,C3_current_belief_expected,P_old,ibr_mileage,0,0,,,,,,,,
scenario,S1_step_pos_002,ALL,remove_worst_mode_cost,C3_current_belief_expected,P_old,ibr_mileage,0,0,,,,,,,,
scenario,S1_step_pos_002,A,remove_worst_mode_cost,C3_current_belief_expected,P_old,ibr_mileage,0,0,,,,,,,,
scenario,S1_step_pos_002,B,remove_worst_mode_cost,C3_current_belief_expected,P_old,ibr_mileage,0,0,,,,,,,,
scenario,S1_step_pos_002,C,remove_worst_mode_cost,C3_current_belief_expected,P_old,ibr_mileage,0,0,,,,,,,,
scenario,S1_step_pos_004,ALL,remove_worst_mode_cost,C3_current_belief_expected,P_old,ibr_mileage,0,0,,,,,,,,
scenario,S1_step_pos_004,A,remove_worst_mode_cost,C3_current_belief_expected,P_old,ibr_mileage,0,0,,,,,,,,
scenario,S1_step_pos_004,B,remove_worst_mode_cost,C3_current_belief_expected,P_old,ibr_mileage,0,0,,,,,,,,
scenario,S1_step_pos_004,C,remove_worst_mode_cost,C3_current_belief_expected,P_old,ibr_mileage,0,0,,,,,,,,
scenario,S1_step_pos_006,ALL,remove_worst_mode_cost,C3_current_belief_expected,P_old,ibr_mileage,90,90,0.23742932603090802,0.21285815061478044,0.02457117541612756,0.15343411410216515,0.09009973713196574,0.215347361197286,0.0005999400059994001,0.00020904355651416286
scenario,S1_step_pos_006,A,remove_worst_mode_cost,C3_current_belief_expected,P_old,ibr_mileage,30,30,0.2523374309353567,0.24145447414000715,0.010882956795349548,0.05870746967871627,-0.03291536876150529,0.1550994706554456,0.35206479352064796,0.4898460879921913
scenario,S1_step_pos_006,B,remove_worst_mode_cost,C3_current_belief_expected,P_old,ibr_mileage,30,30,0.22674531875531773,0.21268703686300813,0.014058281892309564,0.10651212169601271,-0.017883227862160365,0.23764800302276695,0.3154684531546845,0.370740607380867
scenario,S1_step_pos_006,C,remove_worst_mode_cost,C3_current_belief_expected,P_old,ibr_mileage,30,30,0.23320522840204966,0.18443294084132608,0.04877228756072356,0.29508275093176645,0.21895002268456767,0.3699558888572497,9.999000099990002e-05,2.0489096641540527e-07
scenario,S1_step_pos_008,ALL,remove_worst_mode_cost,C3_current_belief_expected,P_old,ibr_mileage,0,0,,,,,,,,
scenario,S1_step_pos_008,A,remove_worst_mode_cost,C3_current_belief_expected,P_old,ibr_mileage,0,0,,,,,,,,
scenario,S1_step_pos_008,B,remove_worst_mode_cost,C3_current_belief_expected,P_old,ibr_mileage,0,0,,,,,,,,
scenario,S1_step_pos_008,C,remove_worst_mode_cost,C3_current_belief_expected,P_old,ibr_mileage,0,0,,,,,,,,
scenario,S2_sluggish_switch_050,ALL,remove_worst_mode_cost,C3_current_belief_expected,P_old,ibr_mileage,90,90,0.3724495256901402,0.8585155948002335,-0.4860660691100935,-0.5531437868397399,-0.5930067672485764,-0.5054979484471569,9.999000099990002e-05,5.419762898063934e-16
scenario,S2_sluggish_switch_050,A,remove_worst_mode_cost,C3_current_belief_expected,P_old,ibr_mileage,30,30,0.2649233063905848,0.725763283563501,-0.46083997717291625,-0.6129357932630523,-0.6526239860984262,-0.5676176745807604,9.999000099990002e-05,1.862645149230957e-09
scenario,S2_sluggish_switch_050,B,remove_worst_mode_cost,C3_current_belief_expected,P_old,ibr_mileage,30,30,0.2897671132993566,0.6479672300048855,-0.3582001167055287,-0.5204117882333816,-0.6078108672467443,-0.406706389986746,9.999000099990002e-05,3.1478703022003174e-07
scenario,S2_sluggish_switch_050,C,remove_worst_mode_cost,C3_current_belief_expected,P_old,ibr_mileage,30,30,0.5626581573804793,1.2018162708323143,-0.6391581134518353,-0.5260837790227858,-0.5867713347694369,-0.45536300163818066,9.999000099990002e-05,3.725290298461914e-09
scenario,S2_sluggish_switch_060,ALL,remove_worst_mode_cost,C3_current_belief_expected,P_old,ibr_mileage,90,90,0.34294112463527227,0.7773531379806135,-0.4344120133453412,-0.5654059906921811,-0.5988505230598943,-0.5283823349574888,9.999000099990002e-05,2.4387943939672536e-16
scenario,S2_sluggish_switch_060,A,remove_worst_mode_cost,C3_current_belief_expected,P_old,ibr_mileage,30,30,0.23074882339933836,0.6641886156774218,-0.4334397922780837,-0.6312377916466164,-0.6645459549764449,-0.5955471167842514,9.999000099990002e-05,1.862645149230957e-09
scenario,S2_sluggish_switch_060,B,remove_worst_mode_cost,C3_current_belief_expected,P_old,ibr_mileage,30,30,0.23115673150017824,0.5981378670853591,-0.3669811355851807,-0.6034612249635581,-0.6284122997229366,-0.5766497006756925,9.999000099990002e-05,1.862645149230957e-09
scenario,S2_sluggish_switch_060,C,remove_worst_mode_cost,C3_current_belief_expected,P_old,ibr_mileage,30,30,0.5669178190063,1.069732931179059,-0.5028151121727592,-0.46151895546636906,-0.5433818929606705,-0.3708243618669572,9.999000099990002e-05,2.60770320892334e-08
scenario,S2_sluggish_switch_090,ALL,remove_worst_mode_cost,C3_current_belief_expected,P_old,ibr_mileage,0,0,,,,,,,,
scenario,S2_sluggish_switch_090,A,remove_worst_mode_cost,C3_current_belief_expected,P_old,ibr_mileage,0,0,,,,,,,,
scenario,S2_sluggish_switch_090,B,remove_worst_mode_cost,C3_current_belief_expected,P_old,ibr_mileage,0,0,,,,,,,,
scenario,S2_sluggish_switch_090,C,remove_worst_mode_cost,C3_current_belief_expected,P_old,ibr_mileage,0,0,,,,,,,,
scenario,S3_derated_coincident,ALL,remove_worst_mode_cost,C3_current_belief_expected,P_old,ibr_mileage,90,90,0.2772261451115713,0.25755080508224987,0.019675340029321486,0.1260563003345265,0.049721208448206065,0.20618657666158652,0.0410958904109589,0.12477467307562745
scenario,S3_derated_coincident,A,remove_worst_mode_cost,C3_current_belief_expected,P_old,ibr_mileage,30,30,0.2630308377530578,0.2863269843445759,-0.023296146591518078,-0.07252444105560381,-0.13561027080488797,-0.01084712025899537,0.020397960203979604,0.054921628907322884
scenario,S3_derated_coincident,B,remove_worst_mode_cost,C3_current_belief_expected,P_old,ibr_mileage,30,30,0.256353407754167,0.27444332665536286,-0.01808991890119592,-0.050904424573169446,-0.13525255907721756,0.03841663214719161,0.1621837816218378,0.08793856762349606
scenario,S3_derated_coincident,C,remove_worst_mode_cost,C3_current_belief_expected,P_old,ibr_mileage,30,30,0.3122941898274892,0.21188210424681067,0.10041208558067846,0.5015977666323529,0.3705231746970547,0.6365884925693681,9.999000099990002e-05,4.6566128730773926e-08
scenario,S4_unavailable_coincident,ALL,remove_worst_mode_cost,C3_current_belief_expected,P_old,ibr_mileage,90,90,0.7926481748450354,0.5667749053891604,0.22587326945587505,0.4559058822920255,0.3747205177485342,0.5393459709073782,9.999000099990002e-05,1.5656649380373827e-13
scenario,S4_unavailable_coincident,A,remove_worst_mode_cost,C3_current_belief_expected,P_old,ibr_mileage,30,30,0.6318207184449618,0.4465380694364936,0.1852826490084682,0.45670855570365576,0.2968759491627481,0.609890546160734,9.999000099990002e-05,4.4075772166252136e-05
scenario,S4_unavailable_coincident,B,remove_worst_mode_cost,C3_current_belief_expected,P_old,ibr_mileage,30,30,0.7637636019131903,0.5110217625395256,0.25274183937366473,0.550188221872404,0.42988100494702086,0.6792686088597595,9.999000099990002e-05,1.862645149230957e-08
scenario,S4_unavailable_coincident,C,remove_worst_mode_cost,C3_current_belief_expected,P_old,ibr_mileage,30,30,0.9823602041769544,0.7427648841914621,0.23959531998549236,0.3608208693000164,0.23803362733911332,0.4944956653121761,9.999000099990002e-05,5.144625902175903e-06
scenario,S5_multi_switch_stochastic,ALL,remove_worst_mode_cost,C3_current_belief_expected,P_old,ibr_mileage,90,90,0.3424138718626501,0.3617236485081929,-0.019309776645542932,-0.003823577246804671,-0.08276098764171029,0.07819852743588203,0.22597740225977403,0.0929787066210059
scenario,S5_multi_switch_stochastic,A,remove_worst_mode_cost,C3_current_belief_expected,P_old,ibr_mileage,30,30,0.3501752833337049,0.34653678572977037,0.0036384976039345153,0.06735882759750161,-0.06706649216625765,0.21946070854380512,0.8931106889311069,0.9515264742076397
scenario,S5_multi_switch_stochastic,B,remove_worst_mode_cost,C3_current_belief_expected,P_old,ibr_mileage,30,30,0.3506969236380762,0.36346963144198324,-0.012772707803907104,0.026246564515602793,-0.11628139724668553,0.186574800128267,0.6868313168683132,0.6120056137442589
scenario,S5_multi_switch_stochastic,C,remove_worst_mode_cost,C3_current_belief_expected,P_old,ibr_mileage,30,30,0.3263694086161691,0.3751645283528252,-0.04879511973665619,-0.10507612385351842,-0.21485070229005515,0.016817743827164708,0.05579442055794421,0.011303061619400978
scenario,S6_sluggish_coincident_high_noise,ALL,remove_worst_mode_cost,C3_current_belief_expected,P_old,ibr_mileage,90,89,2.020631343318891,0.8128539770507276,1.2077773662681632,1.7145459538913512,1.511651156317177,1.9348639195610087,9.999000099990002e-05,2.5509729516632515e-16
scenario,S6_sluggish_coincident_high_noise,A,remove_worst_mode_cost,C3_current_belief_expected,P_old,ibr_mileage,30,29,1.973670642443773,0.8366053727805969,1.1370652696631764,1.625625804466967,1.2779154887460746,2.002223473111903,9.999000099990002e-05,3.725290298461914e-09
scenario,S6_sluggish_coincident_high_noise,B,remove_worst_mode_cost,C3_current_belief_expected,P_old,ibr_mileage,30,30,2.0065882879016246,0.764250782583215,1.2423375053184096,1.8825817501994477,1.5199619279991692,2.29571322005047,9.999000099990002e-05,1.862645149230957e-09
scenario,S6_sluggish_coincident_high_noise,C,remove_worst_mode_cost,C3_current_belief_expected,P_old,ibr_mileage,30,30,2.080069742915438,0.8384974889793668,1.2415722539360705,1.632466302026825,1.338662263106577,1.9990339592638062,9.999000099990002e-05,1.862645149230957e-09
scenario,S6_sluggish_coincident_low_noise,ALL,remove_worst_mode_cost,C3_current_belief_expected,P_old,ibr_mileage,0,0,,,,,,,,
scenario,S6_sluggish_coincident_low_noise,A,remove_worst_mode_cost,C3_current_belief_expected,P_old,ibr_mileage,0,0,,,,,,,,
scenario,S6_sluggish_coincident_low_noise,B,remove_worst_mode_cost,C3_current_belief_expected,P_old,ibr_mileage,0,0,,,,,,,,
scenario,S6_sluggish_coincident_low_noise,C,remove_worst_mode_cost,C3_current_belief_expected,P_old,ibr_mileage,0,0,,,,,,,,
scenario,S6_sluggish_coincident_medium_noise,ALL,remove_worst_mode_cost,C3_current_belief_expected,P_old,ibr_mileage,0,0,,,,,,,,
scenario,S6_sluggish_coincident_medium_noise,A,remove_worst_mode_cost,C3_current_belief_expected,P_old,ibr_mileage,0,0,,,,,,,,
scenario,S6_sluggish_coincident_medium_noise,B,remove_worst_mode_cost,C3_current_belief_expected,P_old,ibr_mileage,0,0,,,,,,,,
scenario,S6_sluggish_coincident_medium_noise,C,remove_worst_mode_cost,C3_current_belief_expected,P_old,ibr_mileage,0,0,,,,,,,,
scenario,S7_ood_asymmetric_limit,ALL,remove_worst_mode_cost,C3_current_belief_expected,P_old,ibr_mileage,150,150,0.31418091693050704,0.2439423635492968,0.07023855338121027,0.35997188472698555,0.24198717763968866,0.4841035403611781,9.999000099990002e-05,4.9309331298074256e-06
scenario,S7_ood_asymmetric_limit,A,remove_worst_mode_cost,C3_current_belief_expected,P_old,ibr_mileage,50,50,0.29647683634087985,0.2865239915949103,0.009952844745969547,0.06018844286330008,-0.03198640019967882,0.16686415619231756,0.5097490250974902,0.9085978224870299
scenario,S7_ood_asymmetric_limit,B,remove_worst_mode_cost,C3_current_belief_expected,P_old,ibr_mileage,50,50,0.2674482115249719,0.2320903774269014,0.035357834098070494,0.15971854961113371,0.04880187052627733,0.2838074192317974,0.014998500149985002,0.045027510990479414
scenario,S7_ood_asymmetric_limit,C,remove_worst_mode_cost,C3_current_belief_expected,P_old,ibr_mileage,50,50,0.3786177029256693,0.21321272162607854,0.16540498129959075,0.8600086617065229,0.5825501621770957,1.1521599047216622,9.999000099990002e-05,6.3368066349767105e-09
scenario,S8_ood_time_varying_delay,ALL,remove_worst_mode_cost,C3_current_belief_expected,P_old,ibr_mileage,150,148,0.5350352704859365,0.47058836242031055,0.06444690806562581,0.22324107653117506,0.1069922030644533,0.34656283689778977,0.014198580141985802,0.07317180486566727
scenario,S8_ood_time_varying_delay,A,remove_worst_mode_cost,C3_current_belief_expected,P_old,ibr_mileage,50,50,0.4117974384047118,0.4303121017131722,-0.018514663308460345,0.021167272021524672,-0.11973476392567209,0.17527273975408603,0.577042295770423,0.4262959591146398
scenario,S8_ood_time_varying_delay,B,remove_worst_mode_cost,C3_current_belief_expected,P_old,ibr_mileage,50,50,0.59512709472126,0.43025511464421506,0.16487198007704498,0.448558740634153,0.22644312170695843,0.6973820983568872,0.00039996000399960006,0.001539555129280501
scenario,S8_ood_time_varying_delay,C,remove_worst_mode_cost,C3_current_belief_expected,P_old,ibr_mileage,50,48,0.6008123619920833,0.5545566004236795,0.04625576156840392,0.19902872278812533,0.0002566826515746258,0.4076128883130442,0.3788621137886211,0.5655073098421042
scenario,S9_compound_unavailable_double_step,ALL,remove_worst_mode_cost,C3_current_belief_expected,P_old,ibr_mileage,150,150,0.7007342389818999,0.517676551336405,0.18305768764549488,0.4656421814059111,0.377679527607667,0.5568995955407741,9.999000099990002e-05,1.6722776550385965e-13
scenario,S9_compound_unavailable_double_step,A,remove_worst_mode_cost,C3_current_belief_expected,P_old,ibr_mileage,50,50,0.7052188549566647,0.4437605356167916,0.2614583193398729,0.6492554861798466,0.5357260302069862,0.7647823855972632,9.999000099990002e-05,3.0890845437170356e-12
scenario,S9_compound_unavailable_double_step,B,remove_worst_mode_cost,C3_current_belief_expected,P_old,ibr_mileage,50,50,0.8411616359606668,0.4844175882901447,0.3567440476705221,0.8242827195156603,0.6940412192487555,0.9621878801060163,9.999000099990002e-05,5.329070518200751e-15
scenario,S9_compound_unavailable_double_step,C,remove_worst_mode_cost,C3_current_belief_expected,P_old,ibr_mileage,50,50,0.5558222260283685,0.6248515301022788,-0.06902930407391032,-0.07661166147777346,-0.16120818911632093,0.008861577783971945,0.011698830116988301,0.02616696817119646
overall,ALL,ALL,replace_binary_fallback,C4_gradual_authority,P_old,freq_iae,1170,1170,1.6564158509696818,1.6636477208001064,-0.007231869830424678,0.0066258626971882366,-0.0015915982244759249,0.015124180242366605,0.21677832216778323,0.7783901840131761
overall,ALL,A,replace_binary_fallback,C4_gradual_authority,P_old,freq_iae,390,390,1.297014545837364,1.2952399661266072,0.0017745797107568482,0.012753981567169915,-0.0015918822445214515,0.027880901438816986,0.8424157584241576,0.8190907379660778
overall,ALL,B,replace_binary_fallback,C4_gradual_authority,P_old,freq_iae,390,390,1.4203880768975843,1.4509310219024538,-0.030542945004869607,-0.0027878056435879234,-0.01975668423466353,0.014090741974385175,0.009799020097990201,0.04100264393501395
overall,ALL,C,replace_binary_fallback,C4_gradual_authority,P_old,freq_iae,390,390,2.2518449301740966,2.2447721743712576,0.007072755802838725,0.009911412167982712,-0.0005443261173070543,0.020868446395482708,0.44815518448155184,0.1566634975088626
scenario,S0_nominal_stochastic,ALL,replace_binary_fallback,C4_gradual_authority,P_old,freq_iae,90,90,0.4955068040321281,0.4957318702390707,-0.00022506620694264174,-0.0004092986429959335,-0.002519557856286236,0.0017638906941663283,0.6875312468753124,0.7703259121779583
scenario,S0_nominal_stochastic,A,replace_binary_fallback,C4_gradual_authority,P_old,freq_iae,30,30,0.49581306057495006,0.49546045270763034,0.0003526078673197356,0.0006890597675636154,0.0,0.002067179302690846,1.0,0.31731050786291415
scenario,S0_nominal_stochastic,B,replace_binary_fallback,C4_gradual_authority,P_old,freq_iae,30,30,0.4947533248885793,0.49524665451088307,-0.0004933296223037509,-0.0008429890012408382,-0.006654457923032711,0.0055213878230320115,0.7635236476352365,0.8562348104163344
scenario,S0_nominal_stochastic,C,replace_binary_fallback,C4_gradual_authority,P_old,freq_iae,30,30,0.4959540266328549,0.49648850349869883,-0.0005344768658439099,-0.001073966695310578,-0.0025056808711609916,3.943065113847208e-05,0.24927507249275072,0.2928809725606021
scenario,S1_step_neg_002,ALL,replace_binary_fallback,C4_gradual_authority,P_old,freq_iae,0,0,,,,,,,,
scenario,S1_step_neg_002,A,replace_binary_fallback,C4_gradual_authority,P_old,freq_iae,0,0,,,,,,,,
scenario,S1_step_neg_002,B,replace_binary_fallback,C4_gradual_authority,P_old,freq_iae,0,0,,,,,,,,
scenario,S1_step_neg_002,C,replace_binary_fallback,C4_gradual_authority,P_old,freq_iae,0,0,,,,,,,,
scenario,S1_step_neg_004,ALL,replace_binary_fallback,C4_gradual_authority,P_old,freq_iae,0,0,,,,,,,,
scenario,S1_step_neg_004,A,replace_binary_fallback,C4_gradual_authority,P_old,freq_iae,0,0,,,,,,,,
scenario,S1_step_neg_004,B,replace_binary_fallback,C4_gradual_authority,P_old,freq_iae,0,0,,,,,,,,
scenario,S1_step_neg_004,C,replace_binary_fallback,C4_gradual_authority,P_old,freq_iae,0,0,,,,,,,,
scenario,S1_step_neg_006,ALL,replace_binary_fallback,C4_gradual_authority,P_old,freq_iae,0,0,,,,,,,,
scenario,S1_step_neg_006,A,replace_binary_fallback,C4_gradual_authority,P_old,freq_iae,0,0,,,,,,,,
scenario,S1_step_neg_006,B,replace_binary_fallback,C4_gradual_authority,P_old,freq_iae,0,0,,,,,,,,
scenario,S1_step_neg_006,C,replace_binary_fallback,C4_gradual_authority,P_old,freq_iae,0,0,,,,,,,,
scenario,S1_step_neg_008,ALL,replace_binary_fallback,C4_gradual_authority,P_old,freq_iae,0,0,,,,,,,,
scenario,S1_step_neg_008,A,replace_binary_fallback,C4_gradual_authority,P_old,freq_iae,0,0,,,,,,,,
scenario,S1_step_neg_008,B,replace_binary_fallback,C4_gradual_authority,P_old,freq_iae,0,0,,,,,,,,
scenario,S1_step_neg_008,C,replace_binary_fallback,C4_gradual_authority,P_old,freq_iae,0,0,,,,,,,,
scenario,S1_step_pos_002,ALL,replace_binary_fallback,C4_gradual_authority,P_old,freq_iae,0,0,,,,,,,,
scenario,S1_step_pos_002,A,replace_binary_fallback,C4_gradual_authority,P_old,freq_iae,0,0,,,,,,,,
scenario,S1_step_pos_002,B,replace_binary_fallback,C4_gradual_authority,P_old,freq_iae,0,0,,,,,,,,
scenario,S1_step_pos_002,C,replace_binary_fallback,C4_gradual_authority,P_old,freq_iae,0,0,,,,,,,,
scenario,S1_step_pos_004,ALL,replace_binary_fallback,C4_gradual_authority,P_old,freq_iae,0,0,,,,,,,,
scenario,S1_step_pos_004,A,replace_binary_fallback,C4_gradual_authority,P_old,freq_iae,0,0,,,,,,,,
scenario,S1_step_pos_004,B,replace_binary_fallback,C4_gradual_authority,P_old,freq_iae,0,0,,,,,,,,
scenario,S1_step_pos_004,C,replace_binary_fallback,C4_gradual_authority,P_old,freq_iae,0,0,,,,,,,,
scenario,S1_step_pos_006,ALL,replace_binary_fallback,C4_gradual_authority,P_old,freq_iae,90,90,1.1832480498794964,1.2012784007405128,-0.018030350861016415,0.003411901313677634,-0.03661297954246328,0.04570906853792743,0.45115488451154884,0.4831733991497176
scenario,S1_step_pos_006,A,replace_binary_fallback,C4_gradual_authority,P_old,freq_iae,30,30,1.0377533446009986,1.0276691374408826,0.010084207160115917,0.01943104576071512,-0.042831098440263005,0.09119161144605403,0.7911208879112088,0.7091519389688565
scenario,S1_step_pos_006,B,replace_binary_fallback,C4_gradual_authority,P_old,freq_iae,30,30,1.1879249991866863,1.260415920641113,-0.07249092145442723,-0.03712222835271288,-0.10338273341501489,0.039000806349483386,0.132986701329867,0.14931809041071556
scenario,S1_step_pos_006,C,replace_binary_fallback,C4_gradual_authority,P_old,freq_iae,30,30,1.3240658058508044,1.3157501441395423,0.008315661711262072,0.02792688653303069,-0.03705729244790957,0.10282707352470484,0.8201179882011799,0.8910150860267575
scenario,S1_step_pos_008,ALL,replace_binary_fallback,C4_gradual_authority,P_old,freq_iae,0,0,,,,,,,,
scenario,S1_step_pos_008,A,replace_binary_fallback,C4_gradual_authority,P_old,freq_iae,0,0,,,,,,,,
scenario,S1_step_pos_008,B,replace_binary_fallback,C4_gradual_authority,P_old,freq_iae,0,0,,,,,,,,
scenario,S1_step_pos_008,C,replace_binary_fallback,C4_gradual_authority,P_old,freq_iae,0,0,,,,,,,,
scenario,S2_sluggish_switch_050,ALL,replace_binary_fallback,C4_gradual_authority,P_old,freq_iae,90,90,1.2243483543083746,1.2341818770665232,-0.009833522758148697,-0.003784136653765456,-0.024666336932476288,0.016238364792368197,0.47225277472252775,0.7187115676188394
scenario,S2_sluggish_switch_050,A,replace_binary_fallback,C4_gradual_authority,P_old,freq_iae,30,30,1.15231685491307,1.1708649900283195,-0.018548135115249373,-0.00729864289733286,-0.0538680621111573,0.0413914060081752,0.5605439456054394,0.5766628496724953
scenario,S2_sluggish_switch_050,B,replace_binary_fallback,C4_gradual_authority,P_old,freq_iae,30,30,1.2017496319584067,1.2185154186152605,-0.016765786656853816,-0.010499867197065289,-0.04361223313542259,0.012666688891838786,0.692030796920308,0.6551319340800421
scenario,S2_sluggish_switch_050,C,replace_binary_fallback,C4_gradual_authority,P_old,freq_iae,30,30,1.3189785760536468,1.3131652225559898,0.0058133534976570955,0.006446100133101781,-0.018241889265777387,0.03249274161240366,0.8563143685631437,0.7270811200449181
scenario,S2_sluggish_switch_060,ALL,replace_binary_fallback,C4_gradual_authority,P_old,freq_iae,90,90,1.299050707379032,1.205895911153206,0.09315479622582636,0.09893585403611982,0.05626936481045586,0.142940371209005,9.999000099990002e-05,0.0027911082694402236
scenario,S2_sluggish_switch_060,A,replace_binary_fallback,C4_gradual_authority,P_old,freq_iae,30,30,1.2515886656287258,1.1584252896007745,0.09316337602795167,0.10149306222440238,0.033398610007960315,0.18200039521199746,0.006199380061993801,0.030046159555299105
scenario,S2_sluggish_switch_060,B,replace_binary_fallback,C4_gradual_authority,P_old,freq_iae,30,30,1.3185407810243073,1.1753523339403023,0.14318844708400483,0.15234083533661336,0.06636230082729204,0.25113051195266284,0.0034996500349965005,0.03970521049934479
scenario,S2_sluggish_switch_060,C,replace_binary_fallback,C4_gradual_authority,P_old,freq_iae,30,30,1.327022675484063,1.2839101099185406,0.04311256556552257,0.04297366454734378,-0.003909636346032427,0.0965538097042525,0.16968303169683033,0.30485616828150774
scenario,S2_sluggish_switch_090,ALL,replace_binary_fallback,C4_gradual_authority,P_old,freq_iae,0,0,,,,,,,,
scenario,S2_sluggish_switch_090,A,replace_binary_fallback,C4_gradual_authority,P_old,freq_iae,0,0,,,,,,,,
scenario,S2_sluggish_switch_090,B,replace_binary_fallback,C4_gradual_authority,P_old,freq_iae,0,0,,,,,,,,
scenario,S2_sluggish_switch_090,C,replace_binary_fallback,C4_gradual_authority,P_old,freq_iae,0,0,,,,,,,,
scenario,S3_derated_coincident,ALL,replace_binary_fallback,C4_gradual_authority,P_old,freq_iae,90,90,1.2102389068038848,1.0708434996899534,0.1393954071139314,0.14323164293450777,0.09820532679168631,0.19132933469725635,9.999000099990002e-05,4.934052498861262e-07
scenario,S3_derated_coincident,A,replace_binary_fallback,C4_gradual_authority,P_old,freq_iae,30,30,0.996635814763265,0.900454941928806,0.09618087283445918,0.11008692938326944,0.042723339720390816,0.18769879189559396,0.0046995300469953,0.00931730001443815
scenario,S3_derated_coincident,B,replace_binary_fallback,C4_gradual_authority,P_old,freq_iae,30,30,1.2096110265511422,1.0283442418255768,0.1812667847255655,0.20166613381582973,0.10934383666053041,0.29693730704202975,0.00029997000299970003,0.0017537195790860013
scenario,S3_derated_coincident,C,replace_binary_fallback,C4_gradual_authority,P_old,freq_iae,30,30,1.424469879097246,1.2837313153154772,0.1407385637817694,0.11794186560442418,0.05823697920745953,0.18460985052951273,0.00029997000299970003,0.0015188819698570349
scenario,S4_unavailable_coincident,ALL,replace_binary_fallback,C4_gradual_authority,P_old,freq_iae,90,90,2.069400291674321,2.068370420349231,0.0010298713250903838,-0.0010626989087934532,-0.006102262377721976,0.0035514966062417494,0.8151184881511849,0.40299974466709176
scenario,S4_unavailable_coincident,A,replace_binary_fallback,C4_gradual_authority,P_old,freq_iae,30,30,1.3710949830873818,1.3863204810321859,-0.015225497944804071,-0.010182172868391832,-0.02243610840408041,0.0008623946342197753,0.096990300969903,0.013649493818259
scenario,S4_unavailable_coincident,B,replace_binary_fallback,C4_gradual_authority,P_old,freq_iae,30,30,1.6156385818985521,1.6122450517938598,0.003393530104692218,0.002255580939754489,-0.003749450707745419,0.007278544822876986,0.5261473852614739,0.06840212567598523
scenario,S4_unavailable_coincident,C,replace_binary_fallback,C4_gradual_authority,P_old,freq_iae,30,30,3.221467310037031,3.206545728221647,0.014921581815383004,0.004738495202256985,-0.00023733260682468483,0.009862505426274653,0.0836916308369163,0.09888690877928374
scenario,S5_multi_switch_stochastic,ALL,replace_binary_fallback,C4_gradual_authority,P_old,freq_iae,90,90,0.5182387201984866,0.5181286486626446,0.00011007153584192686,0.00021530559179500796,-0.0003610151182369794,0.0008333244707420604,0.49265073492650735,0.7099483659814612
scenario,S5_multi_switch_stochastic,A,replace_binary_fallback,C4_gradual_authority,P_old,freq_iae,30,30,0.5159856984491709,0.5155271803447843,0.00045851810438661084,0.0008560059735697722,-0.00022255844877103079,0.0023019473948133065,0.25417458254174585,0.2928809725606021
scenario,S5_multi_switch_stochastic,B,replace_binary_fallback,C4_gradual_authority,P_old,freq_iae,30,30,0.5165345696533038,0.5167307529963482,-0.00019618334304434272,-0.00036588180313260505,-0.0013767206216815382,0.00048679472057063634,0.49655034496550343,0.537285477196683
scenario,S5_multi_switch_stochastic,C,replace_binary_fallback,C4_gradual_authority,P_old,freq_iae,30,30,0.5221958924929849,0.5221280126468015,6.787984618351247e-05,0.00015579260494785657,-0.0004603125655915295,0.0009276903804350991,1.0,0.9808795062755976
scenario,S6_sluggish_coincident_high_noise,ALL,replace_binary_fallback,C4_gradual_authority,P_old,freq_iae,90,90,2.1194380720438035,2.127173514682998,-0.007735442639194575,-0.0010810452125069952,-0.02012528293079639,0.01877654389982175,0.6938306169383062,0.9386493514627038
scenario,S6_sluggish_coincident_high_noise,A,replace_binary_fallback,C4_gradual_authority,P_old,freq_iae,30,30,1.921192130166739,1.9254995269344066,-0.0043073967676679,0.0025027148231299905,-0.03742977570805839,0.045841183090407,0.9157084291570843,0.82874533129762
scenario,S6_sluggish_coincident_high_noise,B,replace_binary_fallback,C4_gradual_authority,P_old,freq_iae,30,30,1.9942420108491254,2.0346726013279524,-0.040430590478826724,-0.017152328788661263,-0.05183384006674394,0.01665669821337998,0.29317068293170684,0.22357489383376217
scenario,S6_sluggish_coincident_high_noise,C,replace_binary_fallback,C4_gradual_authority,P_old,freq_iae,30,30,2.442880075115546,2.421348415786635,0.0215316593289109,0.011406478328010288,-0.007879728629336998,0.030861806496759434,0.3701629837016298,0.18992126412013377
scenario,S6_sluggish_coincident_low_noise,ALL,replace_binary_fallback,C4_gradual_authority,P_old,freq_iae,0,0,,,,,,,,
scenario,S6_sluggish_coincident_low_noise,A,replace_binary_fallback,C4_gradual_authority,P_old,freq_iae,0,0,,,,,,,,
scenario,S6_sluggish_coincident_low_noise,B,replace_binary_fallback,C4_gradual_authority,P_old,freq_iae,0,0,,,,,,,,
scenario,S6_sluggish_coincident_low_noise,C,replace_binary_fallback,C4_gradual_authority,P_old,freq_iae,0,0,,,,,,,,
scenario,S6_sluggish_coincident_medium_noise,ALL,replace_binary_fallback,C4_gradual_authority,P_old,freq_iae,0,0,,,,,,,,
scenario,S6_sluggish_coincident_medium_noise,A,replace_binary_fallback,C4_gradual_authority,P_old,freq_iae,0,0,,,,,,,,
scenario,S6_sluggish_coincident_medium_noise,B,replace_binary_fallback,C4_gradual_authority,P_old,freq_iae,0,0,,,,,,,,
scenario,S6_sluggish_coincident_medium_noise,C,replace_binary_fallback,C4_gradual_authority,P_old,freq_iae,0,0,,,,,,,,
scenario,S7_ood_asymmetric_limit,ALL,replace_binary_fallback,C4_gradual_authority,P_old,freq_iae,150,150,1.2187315826426601,1.2941825118016146,-0.07545092915895463,-0.043751050555775946,-0.06872026296616177,-0.020188066395785305,0.00019998000199980003,0.0016695859635181155
scenario,S7_ood_asymmetric_limit,A,replace_binary_fallback,C4_gradual_authority,P_old,freq_iae,50,50,1.114085498931029,1.1352824029698612,-0.021196904038832124,-0.006335546582070361,-0.05387853446031388,0.04006998431328468,0.47905209479052097,0.9715785029795251
scenario,S7_ood_asymmetric_limit,B,replace_binary_fallback,C4_gradual_authority,P_old,freq_iae,50,50,1.1607226202734944,1.3462383688318724,-0.18551574855837794,-0.11588750571143398,-0.15885768410067494,-0.07330258701593459,9.999000099990002e-05,3.496424704587053e-05
scenario,S7_ood_asymmetric_limit,C,replace_binary_fallback,C4_gradual_authority,P_old,freq_iae,50,50,1.3813866287234566,1.4010267636031104,-0.01964013487965385,-0.009030099373823501,-0.034525434160767435,0.012182618591293878,0.3768623137686231,0.381261786157553
scenario,S8_ood_time_varying_delay,ALL,replace_binary_fallback,C4_gradual_authority,P_old,freq_iae,150,150,1.6339216551885631,1.7398078208936432,-0.10588616570507955,-0.047416203322225944,-0.07291781091718758,-0.022495597918923606,9.999000099990002e-05,2.451936673851488e-05
scenario,S8_ood_time_varying_delay,A,replace_binary_fallback,C4_gradual_authority,P_old,freq_iae,50,50,1.348601566042735,1.390467781069028,-0.04186621502629277,-0.017206989506240052,-0.06716642477139644,0.03456263912786451,0.26787321267873215,0.25641485619877447
scenario,S8_ood_time_varying_delay,B,replace_binary_fallback,C4_gradual_authority,P_old,freq_iae,50,50,1.6369854494335216,1.8022031400111436,-0.16521769057762178,-0.07788916726774371,-0.1246511793405212,-0.03453107740246291,0.0006999300069993001,0.0010889563034038319
scenario,S8_ood_time_varying_delay,C,replace_binary_fallback,C4_gradual_authority,P_old,freq_iae,50,50,1.916177950089433,2.0267525416007572,-0.1105745915113241,-0.04715245319269404,-0.0785184394916499,-0.0173382658733774,0.0015998400159984002,0.0031954528959787917
scenario,S9_compound_unavailable_double_step,ALL,replace_binary_fallback,C4_gradual_authority,P_old,freq_iae,150,150,3.9957084559405773,3.9894994039950884,0.0062090519454890605,-0.0008255317587529302,-0.006950454421439453,0.005301983313617071,0.6659334066593341,0.8065267554763256
scenario,S9_compound_unavailable_double_step,A,replace_binary_fallback,C4_gradual_authority,P_old,freq_iae,50,50,2.4085980612470945,2.428988351737973,-0.020390290490878718,-0.007523208987919638,-0.020582053015856097,0.0068268835209761725,0.26037396260373963,0.1150309162752815
scenario,S9_compound_unavailable_double_step,B,replace_binary_fallback,C4_gradual_authority,P_old,freq_iae,50,50,2.5579219744880803,2.5639066766053475,-0.005984702117267302,-0.002135764010438864,-0.007376464137522902,0.0024584273339101114,0.38416158384161586,0.4764605410781445
scenario,S9_compound_unavailable_double_step,C,replace_binary_fallback,C4_gradual_authority,P_old,freq_iae,50,50,7.020605332086557,6.975603183641944,0.0450021484446132,0.007182377722099712,-0.003613598415811205,0.017677877948773124,0.24737526247375263,0.0891184087894374
overall,ALL,ALL,replace_binary_fallback,C4_gradual_authority,P_old,max_abs_freq_hz,1170,1170,0.24899520573127046,0.24914702394980306,-0.00015181821853258115,0.0006301252393434509,-0.0019901856155788294,0.004943297922653405,0.07269273072692731,3.669240594946719e-05
overall,ALL,A,replace_binary_fallback,C4_gradual_authority,P_old,max_abs_freq_hz,390,390,0.2431622188105201,0.2434536210271621,-0.000291402216641957,-0.001767525771787318,-0.003677874754520516,-0.0001903070866696145,0.0812918708129187,0.6563391705264405
overall,ALL,B,replace_binary_fallback,C4_gradual_authority,P_old,max_abs_freq_hz,390,390,0.25003057944562085,0.2500910240932127,-6.044464759179786e-05,0.004684510769468211,-0.002505618604466448,0.017168040339809013,0.7398260173982601,2.9093961460177605e-08
overall,ALL,C,replace_binary_fallback,C4_gradual_authority,P_old,max_abs_freq_hz,390,390,0.2537928189376704,0.25389642672903434,-0.00010360779136398849,-0.0010266092796505399,-0.0019556144397696765,-0.00029334295716633646,0.052394760523947606,0.2617820601220686
scenario,S0_nominal_stochastic,ALL,replace_binary_fallback,C4_gradual_authority,P_old,max_abs_freq_hz,90,90,0.012046828475545588,0.01187720801708226,0.0001696204584633297,0.018887049261347395,-0.011648305073245708,0.07029081379598544,0.8518148185181482,0.5709663973307648
scenario,S0_nominal_stochastic,A,replace_binary_fallback,C4_gradual_authority,P_old,max_abs_freq_hz,30,30,0.01168126175558958,0.01168126175558958,0.0,0.0,0.0,0.0,1.0,1.0
scenario,S0_nominal_stochastic,B,replace_binary_fallback,C4_gradual_authority,P_old,max_abs_freq_hz,30,30,0.012549195244101275,0.011942181127139108,0.0006070141169621651,0.06491773494726263,-0.026097346509202136,0.21913251484444438,0.6832316768323168,0.7401144896906433
scenario,S0_nominal_stochastic,C,replace_binary_fallback,C4_gradual_authority,P_old,max_abs_freq_hz,30,30,0.01191002842694591,0.012008181168518085,-9.815274157217613e-05,-0.00825658716322045,-0.018478616034319748,0.0,0.25207479252074794,0.08338673648566837
scenario,S1_step_neg_002,ALL,replace_binary_fallback,C4_gradual_authority,P_old,max_abs_freq_hz,0,0,,,,,,,,
scenario,S1_step_neg_002,A,replace_binary_fallback,C4_gradual_authority,P_old,max_abs_freq_hz,0,0,,,,,,,,
scenario,S1_step_neg_002,B,replace_binary_fallback,C4_gradual_authority,P_old,max_abs_freq_hz,0,0,,,,,,,,
scenario,S1_step_neg_002,C,replace_binary_fallback,C4_gradual_authority,P_old,max_abs_freq_hz,0,0,,,,,,,,
scenario,S1_step_neg_004,ALL,replace_binary_fallback,C4_gradual_authority,P_old,max_abs_freq_hz,0,0,,,,,,,,
scenario,S1_step_neg_004,A,replace_binary_fallback,C4_gradual_authority,P_old,max_abs_freq_hz,0,0,,,,,,,,
scenario,S1_step_neg_004,B,replace_binary_fallback,C4_gradual_authority,P_old,max_abs_freq_hz,0,0,,,,,,,,
scenario,S1_step_neg_004,C,replace_binary_fallback,C4_gradual_authority,P_old,max_abs_freq_hz,0,0,,,,,,,,
scenario,S1_step_neg_006,ALL,replace_binary_fallback,C4_gradual_authority,P_old,max_abs_freq_hz,0,0,,,,,,,,
scenario,S1_step_neg_006,A,replace_binary_fallback,C4_gradual_authority,P_old,max_abs_freq_hz,0,0,,,,,,,,
scenario,S1_step_neg_006,B,replace_binary_fallback,C4_gradual_authority,P_old,max_abs_freq_hz,0,0,,,,,,,,
scenario,S1_step_neg_006,C,replace_binary_fallback,C4_gradual_authority,P_old,max_abs_freq_hz,0,0,,,,,,,,
scenario,S1_step_neg_008,ALL,replace_binary_fallback,C4_gradual_authority,P_old,max_abs_freq_hz,0,0,,,,,,,,
scenario,S1_step_neg_008,A,replace_binary_fallback,C4_gradual_authority,P_old,max_abs_freq_hz,0,0,,,,,,,,
scenario,S1_step_neg_008,B,replace_binary_fallback,C4_gradual_authority,P_old,max_abs_freq_hz,0,0,,,,,,,,
scenario,S1_step_neg_008,C,replace_binary_fallback,C4_gradual_authority,P_old,max_abs_freq_hz,0,0,,,,,,,,
scenario,S1_step_pos_002,ALL,replace_binary_fallback,C4_gradual_authority,P_old,max_abs_freq_hz,0,0,,,,,,,,
scenario,S1_step_pos_002,A,replace_binary_fallback,C4_gradual_authority,P_old,max_abs_freq_hz,0,0,,,,,,,,
scenario,S1_step_pos_002,B,replace_binary_fallback,C4_gradual_authority,P_old,max_abs_freq_hz,0,0,,,,,,,,
scenario,S1_step_pos_002,C,replace_binary_fallback,C4_gradual_authority,P_old,max_abs_freq_hz,0,0,,,,,,,,
scenario,S1_step_pos_004,ALL,replace_binary_fallback,C4_gradual_authority,P_old,max_abs_freq_hz,0,0,,,,,,,,
scenario,S1_step_pos_004,A,replace_binary_fallback,C4_gradual_authority,P_old,max_abs_freq_hz,0,0,,,,,,,,
scenario,S1_step_pos_004,B,replace_binary_fallback,C4_gradual_authority,P_old,max_abs_freq_hz,0,0,,,,,,,,
scenario,S1_step_pos_004,C,replace_binary_fallback,C4_gradual_authority,P_old,max_abs_freq_hz,0,0,,,,,,,,
scenario,S1_step_pos_006,ALL,replace_binary_fallback,C4_gradual_authority,P_old,max_abs_freq_hz,90,90,0.2581111051411677,0.25850084055994926,-0.0003897354187815863,-0.0014503731532026821,-0.004997604607813102,0.002241185015627358,0.43665633436656337,0.0046163790936082465
scenario,S1_step_pos_006,A,replace_binary_fallback,C4_gradual_authority,P_old,max_abs_freq_hz,30,30,0.24255404619745605,0.24389440958494987,-0.0013403633874938647,-0.005347511028683988,-0.010304936746194367,-0.0013951562730328173,0.027497250274972504,0.23619693496767824
scenario,S1_step_pos_006,B,replace_binary_fallback,C4_gradual_authority,P_old,max_abs_freq_hz,30,30,0.2611246526221179,0.260891554290016,0.0002330983321019738,0.0012267455791442378,-0.008303211278390813,0.011128240643258132,0.9913008699130087,0.02253158799790161
scenario,S1_step_pos_006,C,replace_binary_fallback,C4_gradual_authority,P_old,max_abs_freq_hz,30,30,0.2706546166039292,0.2707165578048821,-6.194120095286785e-05,-0.00023035401006829648,-0.0006457949824545387,6.340894013365273e-05,0.2606739326067393,0.24657187852889884
scenario,S1_step_pos_008,ALL,replace_binary_fallback,C4_gradual_authority,P_old,max_abs_freq_hz,0,0,,,,,,,,
scenario,S1_step_pos_008,A,replace_binary_fallback,C4_gradual_authority,P_old,max_abs_freq_hz,0,0,,,,,,,,
scenario,S1_step_pos_008,B,replace_binary_fallback,C4_gradual_authority,P_old,max_abs_freq_hz,0,0,,,,,,,,
scenario,S1_step_pos_008,C,replace_binary_fallback,C4_gradual_authority,P_old,max_abs_freq_hz,0,0,,,,,,,,
scenario,S2_sluggish_switch_050,ALL,replace_binary_fallback,C4_gradual_authority,P_old,max_abs_freq_hz,90,90,0.2880162959874731,0.28806904006782197,-5.274408034889137e-05,-0.00018141461418547447,-0.0006950183517564773,0.0002464717028244361,0.507949205079492,0.41965986364180374
scenario,S2_sluggish_switch_050,A,replace_binary_fallback,C4_gradual_authority,P_old,max_abs_freq_hz,30,30,0.2861013947756324,0.2861341321602337,-3.273738460130201e-05,-0.00011440139940503982,-0.00028625309670396784,0.0,0.5057494250574942,0.15735882751618868
scenario,S2_sluggish_switch_050,B,replace_binary_fallback,C4_gradual_authority,P_old,max_abs_freq_hz,30,30,0.28800623153370286,0.28814442523519873,-0.00013819370149581827,-0.00047711088558885414,-0.0016288690331529164,0.00019753637638635383,1.0,0.9808795062755976
scenario,S2_sluggish_switch_050,C,replace_binary_fallback,C4_gradual_authority,P_old,max_abs_freq_hz,30,30,0.2899412616530838,0.2899285628080334,1.2698845050446161e-05,4.726844243747053e-05,-0.000896390473036902,0.0010381958003493137,1.0,0.9808795062755976
scenario,S2_sluggish_switch_060,ALL,replace_binary_fallback,C4_gradual_authority,P_old,max_abs_freq_hz,90,90,0.2882322147178525,0.28831670835164525,-8.449363379277844e-05,-0.0002895082869090248,-0.0009139407451404171,0.0002488564421678648,0.3621637836216378,0.2232479254223969
scenario,S2_sluggish_switch_060,A,replace_binary_fallback,C4_gradual_authority,P_old,max_abs_freq_hz,30,30,0.2860368576436018,0.28607091756458203,-3.4059920980239466e-05,-0.00011929718530496684,-0.0005938135658323748,0.00032084857997035965,0.6219378062193781,0.6322606314179173
scenario,S2_sluggish_switch_060,B,replace_binary_fallback,C4_gradual_authority,P_old,max_abs_freq_hz,30,30,0.2881932658078521,0.28832656362772224,-0.00013329781987016695,-0.0004574326010181933,-0.0018666077550372423,0.000518027905709883,0.5378462153784621,0.6278218798495794
scenario,S2_sluggish_switch_060,C,replace_binary_fallback,C4_gradual_authority,P_old,max_abs_freq_hz,30,30,0.2904665207021037,0.2905526438626316,-8.61231605279289e-05,-0.0002917950744039142,-0.0015940295371351123,0.0007590179892488942,0.5708429157084292,0.190863264381128
scenario,S2_sluggish_switch_090,ALL,replace_binary_fallback,C4_gradual_authority,P_old,max_abs_freq_hz,0,0,,,,,,,,
scenario,S2_sluggish_switch_090,A,replace_binary_fallback,C4_gradual_authority,P_old,max_abs_freq_hz,0,0,,,,,,,,
scenario,S2_sluggish_switch_090,B,replace_binary_fallback,C4_gradual_authority,P_old,max_abs_freq_hz,0,0,,,,,,,,
scenario,S2_sluggish_switch_090,C,replace_binary_fallback,C4_gradual_authority,P_old,max_abs_freq_hz,0,0,,,,,,,,
scenario,S3_derated_coincident,ALL,replace_binary_fallback,C4_gradual_authority,P_old,max_abs_freq_hz,90,90,0.2683197017994604,0.26889829516423946,-0.0005785933647790798,-0.0021600643006311295,-0.004295894572752744,-0.0005643261735155253,0.011898810118988102,0.0670720663727436
scenario,S3_derated_coincident,A,replace_binary_fallback,C4_gradual_authority,P_old,max_abs_freq_hz,30,30,0.2710052310413641,0.2710955174898701,-9.028644850600695e-05,-0.0003345325801352802,-0.0010420399225444003,5.589446979182667e-05,0.49185081491850813,0.32624715109794045
scenario,S3_derated_coincident,B,replace_binary_fallback,C4_gradual_authority,P_old,max_abs_freq_hz,30,30,0.26831632198918604,0.2692673372030533,-0.000951015213867279,-0.003542105710657403,-0.008862215350333137,-5.076910900736624e-05,0.039696030396960305,0.03129422929118979
scenario,S3_derated_coincident,C,replace_binary_fallback,C4_gradual_authority,P_old,max_abs_freq_hz,30,30,0.26563755236783104,0.266332030799795,-0.0006944784319639538,-0.002603554611100705,-0.005953637010914244,-1.6444604370900677e-05,0.1105889411058894,0.7958000719945406
scenario,S4_unavailable_coincident,ALL,replace_binary_fallback,C4_gradual_authority,P_old,max_abs_freq_hz,90,90,0.29655851372921244,0.2966315908029647,-7.307707375232317e-05,-0.00024094256279413122,-0.0009608072495756448,0.00023052426338231275,0.6052394760523948,0.47711848842434423
scenario,S4_unavailable_coincident,A,replace_binary_fallback,C4_gradual_authority,P_old,max_abs_freq_hz,30,30,0.29313883163889426,0.2932065077213839,-6.767608248966124e-05,-0.00022919839040731507,-0.0006282624152930548,0.0,0.24477552244775522,0.08338673648566837
scenario,S4_unavailable_coincident,B,replace_binary_fallback,C4_gradual_authority,P_old,max_abs_freq_hz,30,30,0.2962050565755545,0.2963566117143218,-0.00015155513876730827,-0.0004936292979750786,-0.002597010690853226,0.0008685162964748103,0.8774122587741225,0.6783314432308616
scenario,S4_unavailable_coincident,C,replace_binary_fallback,C4_gradual_authority,P_old,max_abs_freq_hz,30,30,0.30033165297318837,0.30033165297318837,0.0,0.0,0.0,0.0,1.0,1.0
scenario,S5_multi_switch_stochastic,ALL,replace_binary_fallback,C4_gradual_authority,P_old,max_abs_freq_hz,90,90,0.012559791740964535,0.012626198101069365,-6.640636010482972e-05,-0.0034936773567639688,-0.010140689317092862,0.0009746193571064808,0.42505749425057493,0.6990885029802743
scenario,S5_multi_switch_stochastic,A,replace_binary_fallback,C4_gradual_authority,P_old,max_abs_freq_hz,30,30,0.012480676947950697,0.012673824949388726,-0.0001931480014380263,-0.010009071522864984,-0.028994703179898534,0.0035127820045226473,0.49795020497950204,0.9440969518128917
scenario,S5_multi_switch_stochastic,B,replace_binary_fallback,C4_gradual_authority,P_old,max_abs_freq_hz,30,30,0.012351457558642651,0.012351086248951471,3.713096911808535e-07,2.4331296709822613e-05,0.0,7.299389012946784e-05,1.0,0.31731050786291415
scenario,S5_multi_switch_stochastic,C,replace_binary_fallback,C4_gradual_authority,P_old,max_abs_freq_hz,30,30,0.012847240716300251,0.012853683104867895,-6.442388567643708e-06,-0.0004962918441367456,-0.0014692092083232254,0.0,0.49345065493450657,0.15735882751618868
scenario,S6_sluggish_coincident_high_noise,ALL,replace_binary_fallback,C4_gradual_authority,P_old,max_abs_freq_hz,90,90,0.2873309723242436,0.2880405442890768,-0.0007095719648332154,-0.0022625047048224953,-0.0072431668860168255,0.0020513081801547596,0.3471652834716528,0.7053680942238751
scenario,S6_sluggish_coincident_high_noise,A,replace_binary_fallback,C4_gradual_authority,P_old,max_abs_freq_hz,30,30,0.28562409254664334,0.28693102465582476,-0.0013069321091814209,-0.003998131620137331,-0.017030830240343384,0.00749851637644059,0.5272472752724727,0.9272172050218419
scenario,S6_sluggish_coincident_high_noise,B,replace_binary_fallback,C4_gradual_authority,P_old,max_abs_freq_hz,30,30,0.28754055606156537,0.2883086287861414,-0.000768072724576028,-0.0026187616932089783,-0.01046766492123887,0.003269325067123963,0.5154484551544846,0.9813831935622651
scenario,S6_sluggish_coincident_high_noise,C,replace_binary_fallback,C4_gradual_authority,P_old,max_abs_freq_hz,30,30,0.28882826836452213,0.2888819794252643,-5.371106074219719e-05,-0.0001706208011211771,-0.00149153944200976,0.0009656500461667462,0.748025197480252,0.46782312308023966
scenario,S6_sluggish_coincident_low_noise,ALL,replace_binary_fallback,C4_gradual_authority,P_old,max_abs_freq_hz,0,0,,,,,,,,
scenario,S6_sluggish_coincident_low_noise,A,replace_binary_fallback,C4_gradual_authority,P_old,max_abs_freq_hz,0,0,,,,,,,,
scenario,S6_sluggish_coincident_low_noise,B,replace_binary_fallback,C4_gradual_authority,P_old,max_abs_freq_hz,0,0,,,,,,,,
scenario,S6_sluggish_coincident_low_noise,C,replace_binary_fallback,C4_gradual_authority,P_old,max_abs_freq_hz,0,0,,,,,,,,
scenario,S6_sluggish_coincident_medium_noise,ALL,replace_binary_fallback,C4_gradual_authority,P_old,max_abs_freq_hz,0,0,,,,,,,,
scenario,S6_sluggish_coincident_medium_noise,A,replace_binary_fallback,C4_gradual_authority,P_old,max_abs_freq_hz,0,0,,,,,,,,
scenario,S6_sluggish_coincident_medium_noise,B,replace_binary_fallback,C4_gradual_authority,P_old,max_abs_freq_hz,0,0,,,,,,,,
scenario,S6_sluggish_coincident_medium_noise,C,replace_binary_fallback,C4_gradual_authority,P_old,max_abs_freq_hz,0,0,,,,,,,,
scenario,S7_ood_asymmetric_limit,ALL,replace_binary_fallback,C4_gradual_authority,P_old,max_abs_freq_hz,150,150,0.2594108757660166,0.25959909727503744,-0.0001882215090207486,-0.0006273346280690806,-0.002799711033624261,0.001604105869107672,0.5727427257274272,0.02342944240725165
scenario,S7_ood_asymmetric_limit,A,replace_binary_fallback,C4_gradual_authority,P_old,max_abs_freq_hz,50,50,0.24565519500459929,0.24586700826610064,-0.0002118132615013296,-0.0007586310351796224,-0.005029966614703614,0.002966835079376389,0.9998000199980002,0.03479263436933335
scenario,S7_ood_asymmetric_limit,B,replace_binary_fallback,C4_gradual_authority,P_old,max_abs_freq_hz,50,50,0.2626461480500258,0.2627122946621699,-6.614661214410233e-05,-0.00010185859636140239,-0.005156456390537071,0.005151906975709764,0.5048495150484952,6.877788777795527e-06
scenario,S7_ood_asymmetric_limit,C,replace_binary_fallback,C4_gradual_authority,P_old,max_abs_freq_hz,50,50,0.269931284243425,0.2702179888968418,-0.00028670465341681386,-0.0010215142526662166,-0.003196711468422078,0.00013216871042342812,1.0,0.9886031996189143
scenario,S8_ood_time_varying_delay,ALL,replace_binary_fallback,C4_gradual_authority,P_old,max_abs_freq_hz,150,150,0.2595164264496344,0.2594682076943535,4.82187552809347e-05,0.00018971346786429753,-0.0009061815864985824,0.0016437719105250553,0.9049095090490951,0.020063092418845407
scenario,S8_ood_time_varying_delay,A,replace_binary_fallback,C4_gradual_authority,P_old,max_abs_freq_hz,50,50,0.24564171618502034,0.245904543491657,-0.0002628273066366293,-0.001040261788933194,-0.003009760518693041,7.53867783910615e-05,0.5037496250374962,0.2208047271659861
scenario,S8_ood_time_varying_delay,B,replace_binary_fallback,C4_gradual_authority,P_old,max_abs_freq_hz,50,50,0.2626461480500258,0.2622704791852049,0.00037566886482084727,0.0014931796174125298,-0.0003052299352217633,0.0049679861757264505,1.0,1.1064769994384457e-05
scenario,S8_ood_time_varying_delay,C,replace_binary_fallback,C4_gradual_authority,P_old,max_abs_freq_hz,50,50,0.27026141511385726,0.2702296004061987,3.181470765858618e-05,0.0001162225751135573,-1.2248752794446022e-05,0.0003420083245572918,0.49775022497750226,0.5479517696786598
scenario,S9_compound_unavailable_double_step,ALL,replace_binary_fallback,C4_gradual_authority,P_old,max_abs_freq_hz,150,150,0.39653004813870657,0.39650322662676324,2.682151194330573e-05,6.745945786060614e-05,0.0,0.00016941159583290565,0.49135086491350866,0.15730152864812308
scenario,S9_compound_unavailable_double_step,A,replace_binary_fallback,C4_gradual_authority,P_old,max_abs_freq_hz,50,50,0.39219496000415793,0.392154134725013,4.0825279145007e-05,0.00010347804033508011,0.0,0.00031043412100524034,1.0,0.31731050786291415
scenario,S9_compound_unavailable_double_step,B,replace_binary_fallback,C4_gradual_authority,P_old,max_abs_freq_hz,50,50,0.39637418114015754,0.39637418114015754,0.0,0.0,0.0,0.0,1.0,1.0
scenario,S9_compound_unavailable_double_step,C,replace_binary_fallback,C4_gradual_authority,P_old,max_abs_freq_hz,50,50,0.40102100327180423,0.4009813640151193,3.9639256684910195e-05,9.890033324673829e-05,0.0,0.0002967009997402149,1.0,0.31731050786291415
overall,ALL,ALL,replace_binary_fallback,C4_gradual_authority,P_old,sg_mileage,1170,1170,0.7339699241829937,0.7392139759670174,-0.0052440517840237465,-0.005659386289822191,-0.009834759435210982,-0.00142245324091897,0.0096990300969903,0.000345519444814315
overall,ALL,A,replace_binary_fallback,C4_gradual_authority,P_old,sg_mileage,390,390,0.8889282841173894,0.8918189759393621,-0.002890691821972792,-0.001331372539836738,-0.009637734001097766,0.0076093305736779525,0.5465453454654534,0.21560550944022994
overall,ALL,B,replace_binary_fallback,C4_gradual_authority,P_old,sg_mileage,390,390,0.8072546755011377,0.8152236606722278,-0.007968985171090131,-0.007527858396200371,-0.014087847940503835,-0.0010061234180117847,0.0124987501249875,0.0056684971054409726
overall,ALL,C,replace_binary_fallback,C4_gradual_authority,P_old,sg_mileage,390,390,0.5057268129304542,0.5105992912894626,-0.0048724783590083165,-0.008118927933429467,-0.014848477205339647,-0.0015760677848552199,0.006199380061993801,0.030495540426039507
scenario,S0_nominal_stochastic,ALL,replace_binary_fallback,C4_gradual_authority,P_old,sg_mileage,90,90,0.6645595838207247,0.6786639207557795,-0.014104336935054852,-0.019678660956211767,-0.02954899999818845,-0.010777060390730429,0.00019998000199980003,0.00024847792957240574
scenario,S0_nominal_stochastic,A,replace_binary_fallback,C4_gradual_authority,P_old,sg_mileage,30,30,0.7383366333846942,0.7380107691357239,0.0003258642489701202,0.0003890632118032198,0.0,0.0011671896354096593,1.0,0.31731050786291415
scenario,S0_nominal_stochastic,B,replace_binary_fallback,C4_gradual_authority,P_old,sg_mileage,30,30,0.6794426493341625,0.7179279013855884,-0.03848525205142603,-0.052388415597612335,-0.07775157968534231,-0.029812341819024507,9.999000099990002e-05,0.0004924280135449736
scenario,S0_nominal_stochastic,C,replace_binary_fallback,C4_gradual_authority,P_old,sg_mileage,30,30,0.5758994687433174,0.580053091746026,-0.0041536230027086505,-0.00703663048282618,-0.01478624481624052,-0.0008442663324109046,0.1262873712628737,0.04566650486513202
scenario,S1_step_neg_002,ALL,replace_binary_fallback,C4_gradual_authority,P_old,sg_mileage,0,0,,,,,,,,
scenario,S1_step_neg_002,A,replace_binary_fallback,C4_gradual_authority,P_old,sg_mileage,0,0,,,,,,,,
scenario,S1_step_neg_002,B,replace_binary_fallback,C4_gradual_authority,P_old,sg_mileage,0,0,,,,,,,,
scenario,S1_step_neg_002,C,replace_binary_fallback,C4_gradual_authority,P_old,sg_mileage,0,0,,,,,,,,
scenario,S1_step_neg_004,ALL,replace_binary_fallback,C4_gradual_authority,P_old,sg_mileage,0,0,,,,,,,,
scenario,S1_step_neg_004,A,replace_binary_fallback,C4_gradual_authority,P_old,sg_mileage,0,0,,,,,,,,
scenario,S1_step_neg_004,B,replace_binary_fallback,C4_gradual_authority,P_old,sg_mileage,0,0,,,,,,,,
scenario,S1_step_neg_004,C,replace_binary_fallback,C4_gradual_authority,P_old,sg_mileage,0,0,,,,,,,,
scenario,S1_step_neg_006,ALL,replace_binary_fallback,C4_gradual_authority,P_old,sg_mileage,0,0,,,,,,,,
scenario,S1_step_neg_006,A,replace_binary_fallback,C4_gradual_authority,P_old,sg_mileage,0,0,,,,,,,,
scenario,S1_step_neg_006,B,replace_binary_fallback,C4_gradual_authority,P_old,sg_mileage,0,0,,,,,,,,
scenario,S1_step_neg_006,C,replace_binary_fallback,C4_gradual_authority,P_old,sg_mileage,0,0,,,,,,,,
scenario,S1_step_neg_008,ALL,replace_binary_fallback,C4_gradual_authority,P_old,sg_mileage,0,0,,,,,,,,
scenario,S1_step_neg_008,A,replace_binary_fallback,C4_gradual_authority,P_old,sg_mileage,0,0,,,,,,,,
scenario,S1_step_neg_008,B,replace_binary_fallback,C4_gradual_authority,P_old,sg_mileage,0,0,,,,,,,,
scenario,S1_step_neg_008,C,replace_binary_fallback,C4_gradual_authority,P_old,sg_mileage,0,0,,,,,,,,
scenario,S1_step_pos_002,ALL,replace_binary_fallback,C4_gradual_authority,P_old,sg_mileage,0,0,,,,,,,,
scenario,S1_step_pos_002,A,replace_binary_fallback,C4_gradual_authority,P_old,sg_mileage,0,0,,,,,,,,
scenario,S1_step_pos_002,B,replace_binary_fallback,C4_gradual_authority,P_old,sg_mileage,0,0,,,,,,,,
scenario,S1_step_pos_002,C,replace_binary_fallback,C4_gradual_authority,P_old,sg_mileage,0,0,,,,,,,,
scenario,S1_step_pos_004,ALL,replace_binary_fallback,C4_gradual_authority,P_old,sg_mileage,0,0,,,,,,,,
scenario,S1_step_pos_004,A,replace_binary_fallback,C4_gradual_authority,P_old,sg_mileage,0,0,,,,,,,,
scenario,S1_step_pos_004,B,replace_binary_fallback,C4_gradual_authority,P_old,sg_mileage,0,0,,,,,,,,
scenario,S1_step_pos_004,C,replace_binary_fallback,C4_gradual_authority,P_old,sg_mileage,0,0,,,,,,,,
scenario,S1_step_pos_006,ALL,replace_binary_fallback,C4_gradual_authority,P_old,sg_mileage,90,90,0.7473736930007499,0.7497692426975523,-0.002395549696802504,-0.00201506447256413,-0.013210106106454398,0.009292641570648172,0.5958404159584042,0.26189121085681977
scenario,S1_step_pos_006,A,replace_binary_fallback,C4_gradual_authority,P_old,sg_mileage,30,30,0.8185903918456263,0.8192234991261219,-0.000633107280495578,-0.0012111232242121345,-0.023325484350440323,0.023204821759633815,0.9517048295170483,0.3998418667348086
scenario,S1_step_pos_006,B,replace_binary_fallback,C4_gradual_authority,P_old,sg_mileage,30,30,0.8063785212901169,0.8142908235441187,-0.00791230225400188,-0.007260365602690953,-0.024949925678906085,0.012182863197373014,0.3320667933206679,0.2199245678623598
scenario,S1_step_pos_006,C,replace_binary_fallback,C4_gradual_authority,P_old,sg_mileage,30,30,0.6171521658665058,0.615793405422416,0.001358760444089946,0.0024262954092106963,-0.013043150936759227,0.019104877240540663,0.787921207879212,0.766560879102564
scenario,S1_step_pos_008,ALL,replace_binary_fallback,C4_gradual_authority,P_old,sg_mileage,0,0,,,,,,,,
scenario,S1_step_pos_008,A,replace_binary_fallback,C4_gradual_authority,P_old,sg_mileage,0,0,,,,,,,,
scenario,S1_step_pos_008,B,replace_binary_fallback,C4_gradual_authority,P_old,sg_mileage,0,0,,,,,,,,
scenario,S1_step_pos_008,C,replace_binary_fallback,C4_gradual_authority,P_old,sg_mileage,0,0,,,,,,,,
scenario,S2_sluggish_switch_050,ALL,replace_binary_fallback,C4_gradual_authority,P_old,sg_mileage,90,90,0.7092124329890998,0.7103301021776689,-0.001117669188569174,-0.0024334916931179123,-0.008078291523510106,0.003274612658928377,0.557944205579442,0.4607914755419429
scenario,S2_sluggish_switch_050,A,replace_binary_fallback,C4_gradual_authority,P_old,sg_mileage,30,30,0.8622303688626206,0.8621658034562931,6.45654063275288e-05,0.0001988214528116009,-0.0059363290032411215,0.007150006948546239,0.9812018798120188,0.5409122704446203
scenario,S2_sluggish_switch_050,B,replace_binary_fallback,C4_gradual_authority,P_old,sg_mileage,30,30,0.809408107199504,0.8090999035041471,0.00030820369535690487,0.000883826923711271,-0.007966427141972278,0.01199671502368514,1.0,0.20191082139277527
scenario,S2_sluggish_switch_050,C,replace_binary_fallback,C4_gradual_authority,P_old,sg_mileage,30,30,0.4559988229051745,0.4597245995725664,-0.0037257766673919556,-0.00838312345587661,-0.021480603520330478,0.0022928531652330816,0.18908109189081093,0.3660867743999221
scenario,S2_sluggish_switch_060,ALL,replace_binary_fallback,C4_gradual_authority,P_old,sg_mileage,90,90,0.6921409090838254,0.7029773648971545,-0.010836455813329053,-0.015641639801631996,-0.032491147535908725,0.0006174421792585564,0.0268973102689731,0.017257892175201274
scenario,S2_sluggish_switch_060,A,replace_binary_fallback,C4_gradual_authority,P_old,sg_mileage,30,30,0.8311435545213179,0.8484408617740534,-0.017297307252735424,-0.01930808320282987,-0.04403178304522237,-0.00020867251037488745,0.07129287071292871,0.05224434424479618
scenario,S2_sluggish_switch_060,B,replace_binary_fallback,C4_gradual_authority,P_old,sg_mileage,30,30,0.8034307010985279,0.8039191020771522,-0.0004884009786242371,-0.00042815125978359604,-0.008215052449025642,0.007455969177763949,0.883011698830117,0.7091519389688565
scenario,S2_sluggish_switch_060,C,replace_binary_fallback,C4_gradual_authority,P_old,sg_mileage,30,30,0.44184847163163016,0.45657213084025755,-0.0147236592086275,-0.027188684942282517,-0.07066607424211305,0.015533447308295248,0.17738226177382263,0.0793863956344385
scenario,S2_sluggish_switch_090,ALL,replace_binary_fallback,C4_gradual_authority,P_old,sg_mileage,0,0,,,,,,,,
scenario,S2_sluggish_switch_090,A,replace_binary_fallback,C4_gradual_authority,P_old,sg_mileage,0,0,,,,,,,,
scenario,S2_sluggish_switch_090,B,replace_binary_fallback,C4_gradual_authority,P_old,sg_mileage,0,0,,,,,,,,
scenario,S2_sluggish_switch_090,C,replace_binary_fallback,C4_gradual_authority,P_old,sg_mileage,0,0,,,,,,,,
scenario,S3_derated_coincident,ALL,replace_binary_fallback,C4_gradual_authority,P_old,sg_mileage,90,90,0.8109954840308362,0.833388772397205,-0.022393288366368867,-0.026858091389930772,-0.04789621896256931,-0.004543524262825043,0.0112988701129887,0.0001297177522312943
scenario,S3_derated_coincident,A,replace_binary_fallback,C4_gradual_authority,P_old,sg_mileage,30,30,0.9879768873082685,0.9889613136859308,-0.000984426377662262,0.007038002608204106,-0.033365075134256,0.05575862077466062,0.9678032196780322,0.5624619553208251
scenario,S3_derated_coincident,B,replace_binary_fallback,C4_gradual_authority,P_old,sg_mileage,30,30,0.8447213573056103,0.8692085096568408,-0.024487152351230383,-0.023364364573973506,-0.05065135835024211,0.005332191217619292,0.07239276072392761,0.04603934411534885
scenario,S3_derated_coincident,C,replace_binary_fallback,C4_gradual_authority,P_old,sg_mileage,30,30,0.6002882074786299,0.6419964938488437,-0.04170828637021396,-0.06424791220402291,-0.10172725661695589,-0.03359331822885332,9.999000099990002e-05,0.0001567896723281523
scenario,S4_unavailable_coincident,ALL,replace_binary_fallback,C4_gradual_authority,P_old,sg_mileage,90,90,0.5808429843864206,0.5866381624831158,-0.005795178096695312,-0.007241523778918392,-0.019658422271102066,0.002560378547910874,0.2126787321267873,0.6369570179697509
scenario,S4_unavailable_coincident,A,replace_binary_fallback,C4_gradual_authority,P_old,sg_mileage,30,30,0.7372701928803624,0.7582787185632557,-0.021008525682893315,-0.02728844280159583,-0.061172650574805025,-0.0006466267536498435,0.11338866113388661,0.33748866585041315
scenario,S4_unavailable_coincident,B,replace_binary_fallback,C4_gradual_authority,P_old,sg_mileage,30,30,0.7435008459292113,0.7400271623903458,0.003473683538865313,0.005007963957080255,-0.006205189322842744,0.017267200038315996,0.48125187481251874,0.5435526499421998
scenario,S4_unavailable_coincident,C,replace_binary_fallback,C4_gradual_authority,P_old,sg_mileage,30,30,0.2617579143496885,0.26160860649574635,0.00014930785394206558,0.0005559075077604049,-0.0006255094802863307,0.0022937697119929045,0.8826117388261174,0.5360133695378217
scenario,S5_multi_switch_stochastic,ALL,replace_binary_fallback,C4_gradual_authority,P_old,sg_mileage,90,90,0.6845664001279788,0.6846750358233211,-0.00010863569534237394,-0.00018618212663958943,-0.002568471297941135,0.0019817163438021613,0.8633136686331366,0.7566082085386983
scenario,S5_multi_switch_stochastic,A,replace_binary_fallback,C4_gradual_authority,P_old,sg_mileage,30,30,0.7444110795593545,0.7459371483499431,-0.0015260687905886009,-0.0020732254926139355,-0.00561251645871833,0.0001463836551397242,0.25037496250374963,0.2928809725606021
scenario,S5_multi_switch_stochastic,B,replace_binary_fallback,C4_gradual_authority,P_old,sg_mileage,30,30,0.7267256027852428,0.7242929029122444,0.002432699872998523,0.0035160010823448978,0.0,0.008140563793089849,0.252974702529747,0.08338673648566837
scenario,S5_multi_switch_stochastic,C,replace_binary_fallback,C4_gradual_authority,P_old,sg_mileage,30,30,0.5825625180393388,0.5837950562077759,-0.0012325381684370436,-0.00200132196964973,-0.006696200953212305,0.0006922350442631153,1.0,0.9808795062755976
scenario,S6_sluggish_coincident_high_noise,ALL,replace_binary_fallback,C4_gradual_authority,P_old,sg_mileage,90,90,0.9030179482076426,0.9090349820634803,-0.006017033855838007,-0.005231791818173061,-0.03809537989099334,0.028187421422693343,0.7691230876912308,0.3289293252475032
scenario,S6_sluggish_coincident_high_noise,A,replace_binary_fallback,C4_gradual_authority,P_old,sg_mileage,30,30,1.339850820626425,1.328450201104818,0.011400619521606713,0.02298369138665101,-0.04928031545386208,0.10112072283295868,0.8273172682731726,0.7809247343924477
scenario,S6_sluggish_coincident_high_noise,B,replace_binary_fallback,C4_gradual_authority,P_old,sg_mileage,30,30,1.0119284058532505,1.0273196559305626,-0.015391250077311994,-0.006311734646437611,-0.058048547746449526,0.044834810171427646,0.6219378062193781,0.5360133695378217
scenario,S6_sluggish_coincident_high_noise,C,replace_binary_fallback,C4_gradual_authority,P_old,sg_mileage,30,30,0.35727461814325173,0.3713350891550604,-0.014060471011808743,-0.032367332194732576,-0.0681064908072372,0.006880772316689864,0.058894110588941104,0.035778949769805946
scenario,S6_sluggish_coincident_low_noise,ALL,replace_binary_fallback,C4_gradual_authority,P_old,sg_mileage,0,0,,,,,,,,
scenario,S6_sluggish_coincident_low_noise,A,replace_binary_fallback,C4_gradual_authority,P_old,sg_mileage,0,0,,,,,,,,
scenario,S6_sluggish_coincident_low_noise,B,replace_binary_fallback,C4_gradual_authority,P_old,sg_mileage,0,0,,,,,,,,
scenario,S6_sluggish_coincident_low_noise,C,replace_binary_fallback,C4_gradual_authority,P_old,sg_mileage,0,0,,,,,,,,
scenario,S6_sluggish_coincident_medium_noise,ALL,replace_binary_fallback,C4_gradual_authority,P_old,sg_mileage,0,0,,,,,,,,
scenario,S6_sluggish_coincident_medium_noise,A,replace_binary_fallback,C4_gradual_authority,P_old,sg_mileage,0,0,,,,,,,,
scenario,S6_sluggish_coincident_medium_noise,B,replace_binary_fallback,C4_gradual_authority,P_old,sg_mileage,0,0,,,,,,,,
scenario,S6_sluggish_coincident_medium_noise,C,replace_binary_fallback,C4_gradual_authority,P_old,sg_mileage,0,0,,,,,,,,
scenario,S7_ood_asymmetric_limit,ALL,replace_binary_fallback,C4_gradual_authority,P_old,sg_mileage,150,150,0.7854424860499383,0.7906621537289912,-0.00521966767905282,-0.003326286740779458,-0.014020493434352318,0.00744092239985111,0.26347365263473654,0.38814045481699966
scenario,S7_ood_asymmetric_limit,A,replace_binary_fallback,C4_gradual_authority,P_old,sg_mileage,50,50,0.8794043185660837,0.8812779729366779,-0.001873654370594291,-4.5997243550055523e-05,-0.017104112603858145,0.018010158492082477,0.8331166883311669,0.8906951863301319
scenario,S7_ood_asymmetric_limit,B,replace_binary_fallback,C4_gradual_authority,P_old,sg_mileage,50,50,0.850388379921182,0.8663746371752407,-0.01598625725405864,-0.014436837447129291,-0.03607922947601522,0.008272291314534727,0.12008799120087991,0.09973208878439002
scenario,S7_ood_asymmetric_limit,C,replace_binary_fallback,C4_gradual_authority,P_old,sg_mileage,50,50,0.6265347596625495,0.624333851075055,0.00220090858749447,0.004503974468340976,-0.009668745036460551,0.018635406535799905,0.6176382361763824,0.3598366503352627
scenario,S8_ood_time_varying_delay,ALL,replace_binary_fallback,C4_gradual_authority,P_old,sg_mileage,150,150,0.8289573197758017,0.8286394200028873,0.00031789977291448465,0.003904438789688036,-0.0076737545519999775,0.01599510886084419,0.9494050594940506,0.8426944975173778
scenario,S8_ood_time_varying_delay,A,replace_binary_fallback,C4_gradual_authority,P_old,sg_mileage,50,50,1.0028632277855558,1.0084632305711814,-0.005600002785625511,-0.002793672862700003,-0.02656247032919554,0.024248360037786902,0.684931506849315,0.3480464974071553
scenario,S8_ood_time_varying_delay,B,replace_binary_fallback,C4_gradual_authority,P_old,sg_mileage,50,50,0.9077281452139436,0.9080495413705095,-0.0003213961565657741,6.124644184438404e-05,-0.013345698293890481,0.013342540329999283,0.9625037496250375,0.964309587975293
scenario,S8_ood_time_varying_delay,C,replace_binary_fallback,C4_gradual_authority,P_old,sg_mileage,50,50,0.5762805863279055,0.5694054880669708,0.006875098260934739,0.01444574278991973,-0.004934818171521543,0.03442558155984771,0.23407659234076592,0.16145717789754066
scenario,S9_compound_unavailable_double_step,ALL,replace_binary_fallback,C4_gradual_authority,P_old,sg_mileage,150,150,0.634939941413245,0.6332808888336917,0.0016590525795532021,0.002850502512790894,-0.0023661025678329453,0.008252936254575793,0.3096690330966903,0.2645516993069813
scenario,S9_compound_unavailable_double_step,A,replace_binary_fallback,C4_gradual_authority,P_old,sg_mileage,50,50,0.8154871123707957,0.8127658197014813,0.0027212926693145167,0.004017741932592605,-0.004405960615612708,0.012688308630151496,0.44465553444655537,0.5099897833387027
scenario,S9_compound_unavailable_double_step,B,replace_binary_fallback,C4_gradual_authority,P_old,sg_mileage,50,50,0.6831482292963728,0.6806687978570273,0.002479431439345656,0.0038654393453389623,-0.00365825269796546,0.011240158081980508,0.34036596340365965,0.2806776792451674
scenario,S9_compound_unavailable_double_step,C,replace_binary_fallback,C4_gradual_authority,P_old,sg_mileage,50,50,0.4061844825725663,0.40640804894256677,-0.00022356637000056634,0.0006683262604411166,-0.010687688405818555,0.012257181157220189,0.9283071692830717,0.8924279994293711
overall,ALL,ALL,replace_binary_fallback,C4_gradual_authority,P_old,ibr_mileage,1170,1170,0.46154579174247445,0.46893229785666685,-0.007386506114192338,0.003204568384959359,-0.0066361807351502065,0.01309207434780732,0.016198380161983803,0.03349833425574405
overall,ALL,A,replace_binary_fallback,C4_gradual_authority,P_old,ibr_mileage,390,390,0.4234949713448135,0.43628861793528917,-0.012793646590475667,-0.011039184751833485,-0.028052995569186997,0.0058248189833862325,0.0178982101789821,0.008644539345769572
overall,ALL,B,replace_binary_fallback,C4_gradual_authority,P_old,ibr_mileage,390,390,0.4216626977580389,0.4216355947716901,2.7102986348735953e-05,0.020976582945872645,0.0040824576954765655,0.03840716966095357,0.9956004399560044,0.6866806369307242
overall,ALL,C,replace_binary_fallback,C4_gradual_authority,P_old,ibr_mileage,390,390,0.539479706124571,0.548872680863021,-0.009392974738450084,-0.0003236930391610742,-0.016780775948300106,0.016576770063668735,0.08389161083891611,0.13928854106579402
scenario,S0_nominal_stochastic,ALL,replace_binary_fallback,C4_gradual_authority,P_old,ibr_mileage,90,90,0.19109722758804717,0.19367011075971902,-0.002572883171671811,-0.012343799961083986,-0.023415794426196367,-0.0020195583223606185,0.014098590140985901,0.0021448509708629905
scenario,S0_nominal_stochastic,A,replace_binary_fallback,C4_gradual_authority,P_old,ibr_mileage,30,30,0.19950163629715906,0.19915670914320271,0.00034492715395635,0.0016959041883118635,0.0,0.005087712564935591,1.0,0.31731050786291415
scenario,S0_nominal_stochastic,B,replace_binary_fallback,C4_gradual_authority,P_old,ibr_mileage,30,30,0.19132117231761783,0.19801329425653028,-0.006692121938912434,-0.03197137697218576,-0.06317688649505342,-0.0024969545845322434,0.029997000299970003,0.009028657164527562
scenario,S0_nominal_stochastic,C,replace_binary_fallback,C4_gradual_authority,P_old,ibr_mileage,30,30,0.18246887414936466,0.18384032887942403,-0.0013714547300593498,-0.006755927099378067,-0.01389368643451999,-0.0013903930050615987,0.1262873712628737,0.04566650486513202
scenario,S1_step_neg_002,ALL,replace_binary_fallback,C4_gradual_authority,P_old,ibr_mileage,0,0,,,,,,,,
scenario,S1_step_neg_002,A,replace_binary_fallback,C4_gradual_authority,P_old,ibr_mileage,0,0,,,,,,,,
scenario,S1_step_neg_002,B,replace_binary_fallback,C4_gradual_authority,P_old,ibr_mileage,0,0,,,,,,,,
scenario,S1_step_neg_002,C,replace_binary_fallback,C4_gradual_authority,P_old,ibr_mileage,0,0,,,,,,,,
scenario,S1_step_neg_004,ALL,replace_binary_fallback,C4_gradual_authority,P_old,ibr_mileage,0,0,,,,,,,,
scenario,S1_step_neg_004,A,replace_binary_fallback,C4_gradual_authority,P_old,ibr_mileage,0,0,,,,,,,,
scenario,S1_step_neg_004,B,replace_binary_fallback,C4_gradual_authority,P_old,ibr_mileage,0,0,,,,,,,,
scenario,S1_step_neg_004,C,replace_binary_fallback,C4_gradual_authority,P_old,ibr_mileage,0,0,,,,,,,,
scenario,S1_step_neg_006,ALL,replace_binary_fallback,C4_gradual_authority,P_old,ibr_mileage,0,0,,,,,,,,
scenario,S1_step_neg_006,A,replace_binary_fallback,C4_gradual_authority,P_old,ibr_mileage,0,0,,,,,,,,
scenario,S1_step_neg_006,B,replace_binary_fallback,C4_gradual_authority,P_old,ibr_mileage,0,0,,,,,,,,
scenario,S1_step_neg_006,C,replace_binary_fallback,C4_gradual_authority,P_old,ibr_mileage,0,0,,,,,,,,
scenario,S1_step_neg_008,ALL,replace_binary_fallback,C4_gradual_authority,P_old,ibr_mileage,0,0,,,,,,,,
scenario,S1_step_neg_008,A,replace_binary_fallback,C4_gradual_authority,P_old,ibr_mileage,0,0,,,,,,,,
scenario,S1_step_neg_008,B,replace_binary_fallback,C4_gradual_authority,P_old,ibr_mileage,0,0,,,,,,,,
scenario,S1_step_neg_008,C,replace_binary_fallback,C4_gradual_authority,P_old,ibr_mileage,0,0,,,,,,,,
scenario,S1_step_pos_002,ALL,replace_binary_fallback,C4_gradual_authority,P_old,ibr_mileage,0,0,,,,,,,,
scenario,S1_step_pos_002,A,replace_binary_fallback,C4_gradual_authority,P_old,ibr_mileage,0,0,,,,,,,,
scenario,S1_step_pos_002,B,replace_binary_fallback,C4_gradual_authority,P_old,ibr_mileage,0,0,,,,,,,,
scenario,S1_step_pos_002,C,replace_binary_fallback,C4_gradual_authority,P_old,ibr_mileage,0,0,,,,,,,,
scenario,S1_step_pos_004,ALL,replace_binary_fallback,C4_gradual_authority,P_old,ibr_mileage,0,0,,,,,,,,
scenario,S1_step_pos_004,A,replace_binary_fallback,C4_gradual_authority,P_old,ibr_mileage,0,0,,,,,,,,
scenario,S1_step_pos_004,B,replace_binary_fallback,C4_gradual_authority,P_old,ibr_mileage,0,0,,,,,,,,
scenario,S1_step_pos_004,C,replace_binary_fallback,C4_gradual_authority,P_old,ibr_mileage,0,0,,,,,,,,
scenario,S1_step_pos_006,ALL,replace_binary_fallback,C4_gradual_authority,P_old,ibr_mileage,90,90,0.2099924983552453,0.21285815061478044,-0.0028656522595351497,-0.004557705181514363,-0.029423426395981868,0.02087462650829823,0.3233676632336766,0.2747521767190042
scenario,S1_step_pos_006,A,replace_binary_fallback,C4_gradual_authority,P_old,ibr_mileage,30,30,0.2258712895576162,0.24145447414000715,-0.015583184582390936,-0.05994040567791472,-0.09739850222891734,-0.02630111332329461,0.0020997900209979003,0.0009186311850835406
scenario,S1_step_pos_006,B,replace_binary_fallback,C4_gradual_authority,P_old,ibr_mileage,30,30,0.22202413383746375,0.21268703686300813,0.009337096974455601,0.046357729721987005,0.015182236535852508,0.08070490014585888,0.0108989101089891,0.04533802127272343
scenario,S1_step_pos_006,C,replace_binary_fallback,C4_gradual_authority,P_old,ibr_mileage,30,30,0.182082071670656,0.18443294084132608,-0.002350869170670115,-9.043958861537592e-05,-0.048672842073596054,0.05120537501132544,0.664033596640336,0.8016570860242458
scenario,S1_step_pos_008,ALL,replace_binary_fallback,C4_gradual_authority,P_old,ibr_mileage,0,0,,,,,,,,
scenario,S1_step_pos_008,A,replace_binary_fallback,C4_gradual_authority,P_old,ibr_mileage,0,0,,,,,,,,
scenario,S1_step_pos_008,B,replace_binary_fallback,C4_gradual_authority,P_old,ibr_mileage,0,0,,,,,,,,
scenario,S1_step_pos_008,C,replace_binary_fallback,C4_gradual_authority,P_old,ibr_mileage,0,0,,,,,,,,
scenario,S2_sluggish_switch_050,ALL,replace_binary_fallback,C4_gradual_authority,P_old,ibr_mileage,90,90,0.8375827859462779,0.8585155948002335,-0.020932808853955827,-0.019049502589500354,-0.039787783231746546,0.00027990726117876105,0.022897710228977103,0.022759129484153956
scenario,S2_sluggish_switch_050,A,replace_binary_fallback,C4_gradual_authority,P_old,ibr_mileage,30,30,0.7018534695414255,0.725763283563501,-0.02390981402207575,-0.020238330862094738,-0.06333587269681235,0.025373884809216218,0.20177982201779823,0.03812029265082893
scenario,S2_sluggish_switch_050,B,replace_binary_fallback,C4_gradual_authority,P_old,ibr_mileage,30,30,0.6296336492726199,0.6479672300048855,-0.018333580732265535,-0.02164399589543732,-0.06304166722085079,0.002652875411907,0.3120687931206879,0.18026720073568991
scenario,S2_sluggish_switch_050,C,replace_binary_fallback,C4_gradual_authority,P_old,ibr_mileage,30,30,1.1812612390247883,1.2018162708323143,-0.020555031807526193,-0.015266181010969004,-0.037207004450201954,0.0021682710807598006,0.20507949205079493,0.6054800011293406
scenario,S2_sluggish_switch_060,ALL,replace_binary_fallback,C4_gradual_authority,P_old,ibr_mileage,90,90,0.7535166954203761,0.7773531379806135,-0.023836442560237196,-0.0268061338302523,-0.06501124563730437,0.010428535464211504,0.1371862813718628,0.09415230180098501
scenario,S2_sluggish_switch_060,A,replace_binary_fallback,C4_gradual_authority,P_old,ibr_mileage,30,30,0.5764354852523621,0.6641886156774218,-0.08775313042505996,-0.10676312593470794,-0.1859774038380233,-0.040644589432203844,0.0031996800319968005,0.026749452724419826
scenario,S2_sluggish_switch_060,B,replace_binary_fallback,C4_gradual_authority,P_old,ibr_mileage,30,30,0.5957188778975382,0.5981378670853591,-0.0024189891878208746,0.006434011459226254,-0.06397733971943885,0.07966946600524559,0.9203079692030797,0.3538435943141419
scenario,S2_sluggish_switch_060,C,replace_binary_fallback,C4_gradual_authority,P_old,ibr_mileage,30,30,1.0883957231112285,1.069732931179059,0.018662791932169236,0.019910712984724785,-0.013554690771518762,0.06142814376344749,0.44625537446255376,0.6510127511030959
scenario,S2_sluggish_switch_090,ALL,replace_binary_fallback,C4_gradual_authority,P_old,ibr_mileage,0,0,,,,,,,,
scenario,S2_sluggish_switch_090,A,replace_binary_fallback,C4_gradual_authority,P_old,ibr_mileage,0,0,,,,,,,,
scenario,S2_sluggish_switch_090,B,replace_binary_fallback,C4_gradual_authority,P_old,ibr_mileage,0,0,,,,,,,,
scenario,S2_sluggish_switch_090,C,replace_binary_fallback,C4_gradual_authority,P_old,ibr_mileage,0,0,,,,,,,,
scenario,S3_derated_coincident,ALL,replace_binary_fallback,C4_gradual_authority,P_old,ibr_mileage,90,90,0.2581354587091128,0.25755080508224987,0.0005846536268630283,0.009537712879065243,-0.014993606345232908,0.03456024524877042,0.8524147585241476,0.7121322731911139
scenario,S3_derated_coincident,A,replace_binary_fallback,C4_gradual_authority,P_old,ibr_mileage,30,30,0.28686617869904746,0.2863269843445759,0.000539194354471631,0.0014724176403338911,-0.025401146650192115,0.028243209169290788,0.9094090590940906,0.6133835462616948
scenario,S3_derated_coincident,B,replace_binary_fallback,C4_gradual_authority,P_old,ibr_mileage,30,30,0.27393061573590316,0.27444332665536286,-0.0005127109194597597,0.0035129071727207457,-0.03701659951202115,0.04482164717347423,0.93000699930007,0.7848498053520956
scenario,S3_derated_coincident,C,replace_binary_fallback,C4_gradual_authority,P_old,ibr_mileage,30,30,0.21360958169238786,0.21188210424681067,0.0017274774455772134,0.02362781382414109,-0.02755564610598953,0.07982086578085307,0.7783221677832217,0.3446510360493452
scenario,S4_unavailable_coincident,ALL,replace_binary_fallback,C4_gradual_authority,P_old,ibr_mileage,90,90,0.5314965576681272,0.5667749053891604,-0.03527834772103326,-0.05277036890505866,-0.09200982955188769,-0.014850224390555377,0.0030996900309969004,0.008566484500378148
scenario,S4_unavailable_coincident,A,replace_binary_fallback,C4_gradual_authority,P_old,ibr_mileage,30,30,0.4336048975164983,0.4465380694364936,-0.012933171919995433,-0.03168400936818895,-0.11164553212885323,0.03442969047237719,0.46965303469653036,0.33748866585041315
scenario,S4_unavailable_coincident,B,replace_binary_fallback,C4_gradual_authority,P_old,ibr_mileage,30,30,0.4596639525386172,0.5110217625395256,-0.051357810000908326,-0.08819285011816445,-0.1407260375923918,-0.03888937126985713,0.0008999100089991,0.0002173202825962999
scenario,S4_unavailable_coincident,C,replace_binary_fallback,C4_gradual_authority,P_old,ibr_mileage,30,30,0.7012208229492661,0.7427648841914621,-0.041544061242196034,-0.038434247228822556,-0.1076101446182515,0.032285872621309365,0.12058794120587941,0.13747851321677063
scenario,S5_multi_switch_stochastic,ALL,replace_binary_fallback,C4_gradual_authority,P_old,ibr_mileage,90,90,0.3653962515205552,0.3617236485081929,0.0036726030123623047,0.015043819442418924,-0.0019460855309072205,0.0399907804721601,0.35466453354664534,0.7215196566988202
scenario,S5_multi_switch_stochastic,A,replace_binary_fallback,C4_gradual_authority,P_old,ibr_mileage,30,30,0.35726718634106513,0.34653678572977037,0.010730400611294757,0.04328748449248291,-0.0057948359442570796,0.11938461695136654,0.5023497650234976,0.9440969518128917
scenario,S5_multi_switch_stochastic,B,replace_binary_fallback,C4_gradual_authority,P_old,ibr_mileage,30,30,0.364683211000577,0.36346963144198324,0.0012135795585936878,0.004309724034661748,0.0,0.010214352708819286,0.252974702529747,0.08338673648566837
scenario,S5_multi_switch_stochastic,C,replace_binary_fallback,C4_gradual_authority,P_old,ibr_mileage,30,30,0.3742383572200237,0.3751645283528252,-0.0009261711328015306,-0.0024657501998878845,-0.007195052284107121,0.0,0.49345065493450657,0.15735882751618868
scenario,S6_sluggish_coincident_high_noise,ALL,replace_binary_fallback,C4_gradual_authority,P_old,ibr_mileage,90,90,0.7821036737548906,0.8100692226038594,-0.02796554884896872,-0.0060960247392276325,-0.06299712247172236,0.05075654154857098,0.2566743325667433,0.2273645942025494
scenario,S6_sluggish_coincident_high_noise,A,replace_binary_fallback,C4_gradual_authority,P_old,ibr_mileage,30,30,0.8180399516642133,0.8274593962489962,-0.009419444584782895,0.0208331453364351,-0.08979813483212902,0.1380725590911203,0.8357164283571643,0.7339188127702547
scenario,S6_sluggish_coincident_high_noise,B,replace_binary_fallback,C4_gradual_authority,P_old,ibr_mileage,30,30,0.7317426235141226,0.764250782583215,-0.032508159069092546,-0.0004453028134295563,-0.10651645944400008,0.10960530708421315,0.5247475252474753,0.7258260127724009
scenario,S6_sluggish_coincident_high_noise,C,replace_binary_fallback,C4_gradual_authority,P_old,ibr_mileage,30,30,0.796528446086336,0.8384974889793668,-0.04196904289303072,-0.038675916740688446,-0.10070540362030404,0.025574448007797883,0.17548245175482452,0.11231024386379092
scenario,S6_sluggish_coincident_low_noise,ALL,replace_binary_fallback,C4_gradual_authority,P_old,ibr_mileage,0,0,,,,,,,,
scenario,S6_sluggish_coincident_low_noise,A,replace_binary_fallback,C4_gradual_authority,P_old,ibr_mileage,0,0,,,,,,,,
scenario,S6_sluggish_coincident_low_noise,B,replace_binary_fallback,C4_gradual_authority,P_old,ibr_mileage,0,0,,,,,,,,
scenario,S6_sluggish_coincident_low_noise,C,replace_binary_fallback,C4_gradual_authority,P_old,ibr_mileage,0,0,,,,,,,,
scenario,S6_sluggish_coincident_medium_noise,ALL,replace_binary_fallback,C4_gradual_authority,P_old,ibr_mileage,0,0,,,,,,,,
scenario,S6_sluggish_coincident_medium_noise,A,replace_binary_fallback,C4_gradual_authority,P_old,ibr_mileage,0,0,,,,,,,,
scenario,S6_sluggish_coincident_medium_noise,B,replace_binary_fallback,C4_gradual_authority,P_old,ibr_mileage,0,0,,,,,,,,
scenario,S6_sluggish_coincident_medium_noise,C,replace_binary_fallback,C4_gradual_authority,P_old,ibr_mileage,0,0,,,,,,,,
scenario,S7_ood_asymmetric_limit,ALL,replace_binary_fallback,C4_gradual_authority,P_old,ibr_mileage,150,150,0.2520519852766036,0.2439423635492968,0.008109621727306837,0.03567986540621676,0.018774706592406376,0.054027938141872095,0.0004999500049995,0.004613164288209839
scenario,S7_ood_asymmetric_limit,A,replace_binary_fallback,C4_gradual_authority,P_old,ibr_mileage,50,50,0.2892849765688205,0.2865239915949103,0.002760984973910201,0.012895280193032209,-0.01206927484492808,0.03903468719561253,0.524047595240476,0.524629776167669
scenario,S7_ood_asymmetric_limit,B,replace_binary_fallback,C4_gradual_authority,P_old,ibr_mileage,50,50,0.2528182259863648,0.2320903774269014,0.02072784855946336,0.08972283326608542,0.05204611442996409,0.1311553096003141,0.00019998000199980003,0.0001331744820441835
scenario,S7_ood_asymmetric_limit,C,replace_binary_fallback,C4_gradual_authority,P_old,ibr_mileage,50,50,0.2140527532746255,0.21321272162607854,0.000840031648546955,0.004421482759532633,-0.016259335228039698,0.026247247966912905,0.783021697830217,0.7943493147954357
scenario,S8_ood_time_varying_delay,ALL,replace_binary_fallback,C4_gradual_authority,P_old,ibr_mileage,150,150,0.4719682371728458,0.4729436629530136,-0.0009754257801676921,0.026148378081951404,-0.011905103320853174,0.06712576617575562,0.9283071692830717,0.8232444897638819
scenario,S8_ood_time_varying_delay,A,replace_binary_fallback,C4_gradual_authority,P_old,ibr_mileage,50,50,0.42476532829818225,0.4303121017131722,-0.005546773414989794,0.012397983093022433,-0.04889526599664649,0.07907709522332794,0.7345265473452655,0.7644108065330909
scenario,S8_ood_time_varying_delay,B,replace_binary_fallback,C4_gradual_authority,P_old,ibr_mileage,50,50,0.4518065901748756,0.43025511464421506,0.02155147553066053,0.06335392620801418,0.00773477134158951,0.12261003775354731,0.1501849815018498,0.2850977840377469
scenario,S8_ood_time_varying_delay,C,replace_binary_fallback,C4_gradual_authority,P_old,ibr_mileage,50,50,0.5393327930454795,0.5582637725016534,-0.018930979456173808,0.002693224944817578,-0.07059043448765015,0.0825359187257001,0.4330566943305669,0.2651789349980861
scenario,S9_compound_unavailable_double_step,ALL,replace_binary_fallback,C4_gradual_authority,P_old,ibr_mileage,150,150,0.5184442637642716,0.517676551336405,0.000767712427866591,0.02139259164560672,-0.009282030138530304,0.05446006138702288,0.9243075692430757,0.9364816903156857
scenario,S9_compound_unavailable_double_step,A,replace_binary_fallback,C4_gradual_authority,P_old,ibr_mileage,50,50,0.42954641470091043,0.4437605356167916,-0.01421412091588127,-0.02059675223915028,-0.05398848777418279,0.01339464256057897,0.1045895410458954,0.031934675842849675
scenario,S9_compound_unavailable_double_step,B,replace_binary_fallback,C4_gradual_authority,P_old,ibr_mileage,50,50,0.503113284682787,0.4844175882901447,0.01869569639264236,0.059524079550079774,0.006919093093328395,0.12380527721152043,0.0908909109089091,0.06507464269040282
scenario,S9_compound_unavailable_double_step,C,replace_binary_fallback,C4_gradual_authority,P_old,ibr_mileage,50,50,0.6226730919091176,0.6248515301022788,-0.0021784381931613237,0.025250447625890664,-0.038157345709394906,0.09199185998979603,0.9154084591540846,0.794242376710572
overall,ALL,ALL,remove_sticky_prior,C5_no_sticky_prior,P_old,freq_iae,1170,1166,1.3547462272956485,1.6576601983379744,-0.30291397104232587,-0.08630798629607664,-0.1009521089611061,-0.07144010231294827,9.999000099990002e-05,8.87964269643175e-52
overall,ALL,A,remove_sticky_prior,C5_no_sticky_prior,P_old,freq_iae,390,390,1.1107532919643581,1.2952399661266072,-0.18448667416224918,-0.07538818632638543,-0.10019541783503573,-0.04991935003307638,9.999000099990002e-05,5.763597633865203e-15
overall,ALL,B,remove_sticky_prior,C5_no_sticky_prior,P_old,freq_iae,390,388,1.2310486869012536,1.4492880027968897,-0.21823931589563594,-0.0828203349920393,-0.10999971916851235,-0.054492931588711276,9.999000099990002e-05,3.1208103785059823e-18
overall,ALL,C,remove_sticky_prior,C5_no_sticky_prior,P_old,freq_iae,390,388,1.7236943985642785,2.230320771617289,-0.5066263730530104,-0.10077172519851502,-0.12332036209377062,-0.07811760021513318,9.999000099990002e-05,7.227892677762407e-22
scenario,S0_nominal_stochastic,ALL,remove_sticky_prior,C5_no_sticky_prior,P_old,freq_iae,90,90,0.501573007068777,0.4957318702390707,0.005841136829706354,0.011941242956944518,0.008326656868981418,0.015319979780399881,9.999000099990002e-05,7.834469059268708e-09
scenario,S0_nominal_stochastic,A,remove_sticky_prior,C5_no_sticky_prior,P_old,freq_iae,30,30,0.5018063019360424,0.49546045270763034,0.0063458492284118205,0.01288367211951012,0.007143288171194421,0.018282732754762984,0.00029997000299970003,0.00023163668811321259
scenario,S0_nominal_stochastic,B,remove_sticky_prior,C5_no_sticky_prior,P_old,freq_iae,30,30,0.50281625675538,0.49524665451088307,0.007569602244496835,0.01536509253394305,0.010325920722430486,0.02028457136623639,0.00019998000199980003,1.597777009010315e-05
scenario,S0_nominal_stochastic,C,remove_sticky_prior,C5_no_sticky_prior,P_old,freq_iae,30,30,0.5000964625149092,0.49648850349869883,0.0036079590162104084,0.007574964217380385,0.000572650105940119,0.014233794910052796,0.05729427057294271,0.04048972204327583
scenario,S1_step_neg_002,ALL,remove_sticky_prior,C5_no_sticky_prior,P_old,freq_iae,0,0,,,,,,,,
scenario,S1_step_neg_002,A,remove_sticky_prior,C5_no_sticky_prior,P_old,freq_iae,0,0,,,,,,,,
scenario,S1_step_neg_002,B,remove_sticky_prior,C5_no_sticky_prior,P_old,freq_iae,0,0,,,,,,,,
scenario,S1_step_neg_002,C,remove_sticky_prior,C5_no_sticky_prior,P_old,freq_iae,0,0,,,,,,,,
scenario,S1_step_neg_004,ALL,remove_sticky_prior,C5_no_sticky_prior,P_old,freq_iae,0,0,,,,,,,,
scenario,S1_step_neg_004,A,remove_sticky_prior,C5_no_sticky_prior,P_old,freq_iae,0,0,,,,,,,,
scenario,S1_step_neg_004,B,remove_sticky_prior,C5_no_sticky_prior,P_old,freq_iae,0,0,,,,,,,,
scenario,S1_step_neg_004,C,remove_sticky_prior,C5_no_sticky_prior,P_old,freq_iae,0,0,,,,,,,,
scenario,S1_step_neg_006,ALL,remove_sticky_prior,C5_no_sticky_prior,P_old,freq_iae,0,0,,,,,,,,
scenario,S1_step_neg_006,A,remove_sticky_prior,C5_no_sticky_prior,P_old,freq_iae,0,0,,,,,,,,
scenario,S1_step_neg_006,B,remove_sticky_prior,C5_no_sticky_prior,P_old,freq_iae,0,0,,,,,,,,
scenario,S1_step_neg_006,C,remove_sticky_prior,C5_no_sticky_prior,P_old,freq_iae,0,0,,,,,,,,
scenario,S1_step_neg_008,ALL,remove_sticky_prior,C5_no_sticky_prior,P_old,freq_iae,0,0,,,,,,,,
scenario,S1_step_neg_008,A,remove_sticky_prior,C5_no_sticky_prior,P_old,freq_iae,0,0,,,,,,,,
scenario,S1_step_neg_008,B,remove_sticky_prior,C5_no_sticky_prior,P_old,freq_iae,0,0,,,,,,,,
scenario,S1_step_neg_008,C,remove_sticky_prior,C5_no_sticky_prior,P_old,freq_iae,0,0,,,,,,,,
scenario,S1_step_pos_002,ALL,remove_sticky_prior,C5_no_sticky_prior,P_old,freq_iae,0,0,,,,,,,,
scenario,S1_step_pos_002,A,remove_sticky_prior,C5_no_sticky_prior,P_old,freq_iae,0,0,,,,,,,,
scenario,S1_step_pos_002,B,remove_sticky_prior,C5_no_sticky_prior,P_old,freq_iae,0,0,,,,,,,,
scenario,S1_step_pos_002,C,remove_sticky_prior,C5_no_sticky_prior,P_old,freq_iae,0,0,,,,,,,,
scenario,S1_step_pos_004,ALL,remove_sticky_prior,C5_no_sticky_prior,P_old,freq_iae,0,0,,,,,,,,
scenario,S1_step_pos_004,A,remove_sticky_prior,C5_no_sticky_prior,P_old,freq_iae,0,0,,,,,,,,
scenario,S1_step_pos_004,B,remove_sticky_prior,C5_no_sticky_prior,P_old,freq_iae,0,0,,,,,,,,
scenario,S1_step_pos_004,C,remove_sticky_prior,C5_no_sticky_prior,P_old,freq_iae,0,0,,,,,,,,
scenario,S1_step_pos_006,ALL,remove_sticky_prior,C5_no_sticky_prior,P_old,freq_iae,90,90,1.2844980265728199,1.2012784007405128,0.08321962583230705,0.10154151790508333,0.041612227112955265,0.16308455684918116,0.022097790220977902,0.027314527528322117
scenario,S1_step_pos_006,A,remove_sticky_prior,C5_no_sticky_prior,P_old,freq_iae,30,30,1.1310356099981216,1.0276691374408826,0.10336647255723862,0.12053596992188127,0.022898671638238458,0.22271899901150938,0.0761923807619238,0.07672121562063694
scenario,S1_step_pos_006,B,remove_sticky_prior,C5_no_sticky_prior,P_old,freq_iae,30,30,1.2321374872314914,1.260415920641113,-0.028278433409621464,0.02515126121379301,-0.08495484078311498,0.1424307637867069,0.6964303569643036,0.6701805889606476
scenario,S1_step_pos_006,C,remove_sticky_prior,C5_no_sticky_prior,P_old,freq_iae,30,30,1.490320982488846,1.3157501441395423,0.17457083834930404,0.15893732257957577,0.07297433210616755,0.24781951688846873,0.0022997700229977,0.008142979815602303
scenario,S1_step_pos_008,ALL,remove_sticky_prior,C5_no_sticky_prior,P_old,freq_iae,0,0,,,,,,,,
scenario,S1_step_pos_008,A,remove_sticky_prior,C5_no_sticky_prior,P_old,freq_iae,0,0,,,,,,,,
scenario,S1_step_pos_008,B,remove_sticky_prior,C5_no_sticky_prior,P_old,freq_iae,0,0,,,,,,,,
scenario,S1_step_pos_008,C,remove_sticky_prior,C5_no_sticky_prior,P_old,freq_iae,0,0,,,,,,,,
scenario,S2_sluggish_switch_050,ALL,remove_sticky_prior,C5_no_sticky_prior,P_old,freq_iae,90,90,0.9998593042954781,1.2341818770665232,-0.23432257277104496,-0.15613103675737142,-0.19529500027656344,-0.11663074316900136,9.999000099990002e-05,9.238338069860535e-10
scenario,S2_sluggish_switch_050,A,remove_sticky_prior,C5_no_sticky_prior,P_old,freq_iae,30,30,0.9432554556450101,1.1708649900283195,-0.22760953438330947,-0.1560028952550243,-0.2282736773154598,-0.07826271204027713,0.00029997000299970003,0.008705463260412216
scenario,S2_sluggish_switch_050,B,remove_sticky_prior,C5_no_sticky_prior,P_old,freq_iae,30,30,0.9522621891585816,1.2185154186152605,-0.2662532294566788,-0.17088444394083815,-0.24583777764734574,-0.09038458135951424,9.999000099990002e-05,0.00018860027194023132
scenario,S2_sluggish_switch_050,C,remove_sticky_prior,C5_no_sticky_prior,P_old,freq_iae,30,30,1.1040602680828433,1.3131652225559898,-0.20910495447314661,-0.14150577107625184,-0.18712890890156955,-0.09601090913983325,9.999000099990002e-05,1.4193356037139893e-06
scenario,S2_sluggish_switch_060,ALL,remove_sticky_prior,C5_no_sticky_prior,P_old,freq_iae,90,89,1.141032315403792,1.2090782781283642,-0.0680459627245722,-0.01570060139527029,-0.0700217672732084,0.04018248384828097,0.051294870512948704,0.04139813779586595
scenario,S2_sluggish_switch_060,A,remove_sticky_prior,C5_no_sticky_prior,P_old,freq_iae,30,30,1.0602679440623464,1.1584252896007745,-0.09815734553842809,-0.03955605736987712,-0.1380001358627752,0.06432101463656917,0.11688831116888311,0.19807579927146435
scenario,S2_sluggish_switch_060,B,remove_sticky_prior,C5_no_sticky_prior,P_old,freq_iae,30,29,1.2175112465957012,1.1840656816498267,0.033445564945874334,0.08460668023822857,-0.031202948180248834,0.20125493268354247,0.6322367763223677,0.6699504218995571
scenario,S2_sluggish_switch_060,C,remove_sticky_prior,C5_no_sticky_prior,P_old,freq_iae,30,30,1.147867053259726,1.2839101099185406,-0.1360430566588147,-0.08880885099971239,-0.13951832136388595,-0.03679362777038065,0.0008999100089991,0.001038169488310814
scenario,S2_sluggish_switch_090,ALL,remove_sticky_prior,C5_no_sticky_prior,P_old,freq_iae,0,0,,,,,,,,
scenario,S2_sluggish_switch_090,A,remove_sticky_prior,C5_no_sticky_prior,P_old,freq_iae,0,0,,,,,,,,
scenario,S2_sluggish_switch_090,B,remove_sticky_prior,C5_no_sticky_prior,P_old,freq_iae,0,0,,,,,,,,
scenario,S2_sluggish_switch_090,C,remove_sticky_prior,C5_no_sticky_prior,P_old,freq_iae,0,0,,,,,,,,
scenario,S3_derated_coincident,ALL,remove_sticky_prior,C5_no_sticky_prior,P_old,freq_iae,90,90,1.1826989646212775,1.0708434996899534,0.11185546493132424,0.13158783666574414,0.06903442494567848,0.1947434198373912,0.001999800019998,0.003647788947842215
scenario,S3_derated_coincident,A,remove_sticky_prior,C5_no_sticky_prior,P_old,freq_iae,30,30,1.0124591871613824,0.900454941928806,0.1120042452325765,0.13059056783800052,0.053748138160500676,0.21378554387328338,0.0058994100589941,0.047259049490094185
scenario,S3_derated_coincident,B,remove_sticky_prior,C5_no_sticky_prior,P_old,freq_iae,30,30,1.1969655925138116,1.0283442418255768,0.1686213506882347,0.2041368489107141,0.07435052115937865,0.3406436036152167,0.015298470152984701,0.018529480323195457
scenario,S3_derated_coincident,C,remove_sticky_prior,C5_no_sticky_prior,P_old,freq_iae,30,30,1.3386721141886386,1.2837313153154772,0.054940798873161494,0.06003609324851786,-0.036929528016256256,0.16617785026529777,0.39616038396160386,0.5425279382616282
scenario,S4_unavailable_coincident,ALL,remove_sticky_prior,C5_no_sticky_prior,P_old,freq_iae,90,89,1.5407578833435673,2.0544163941140274,-0.51365851077046,-0.262631321668293,-0.29350393136912634,-0.23016468996785172,9.999000099990002e-05,1.0486915585238194e-15
scenario,S4_unavailable_coincident,A,remove_sticky_prior,C5_no_sticky_prior,P_old,freq_iae,30,30,1.0039360997846534,1.3863204810321859,-0.3823843812475325,-0.27481076149848355,-0.32746436743550306,-0.213819099715596,9.999000099990002e-05,2.0489096641540527e-07
scenario,S4_unavailable_coincident,B,remove_sticky_prior,C5_no_sticky_prior,P_old,freq_iae,30,30,1.128291262706646,1.6122450517938598,-0.4839537890872138,-0.29963873093796917,-0.35218047296110816,-0.24489240788598793,9.999000099990002e-05,3.725290298461914e-09
scenario,S4_unavailable_coincident,C,remove_sticky_prior,C5_no_sticky_prior,P_old,freq_iae,30,29,2.522780370442707,3.20296872728852,-0.6801883568458124,-0.21174837432360327,-0.25868035812929924,-0.16401414857804564,9.999000099990002e-05,3.725290298461914e-09
scenario,S5_multi_switch_stochastic,ALL,remove_sticky_prior,C5_no_sticky_prior,P_old,freq_iae,90,90,0.5211695055463019,0.5181286486626446,0.003040856883657277,0.006378204091662185,0.002039818762748609,0.010326726036948909,0.0086991300869913,0.0011575909392523298
scenario,S5_multi_switch_stochastic,A,remove_sticky_prior,C5_no_sticky_prior,P_old,freq_iae,30,30,0.5213522877968041,0.5155271803447843,0.0058251074520197154,0.011741995226353549,0.005025413650097735,0.01775517997230329,0.0029997000299970002,0.003475155681371689
scenario,S5_multi_switch_stochastic,B,remove_sticky_prior,C5_no_sticky_prior,P_old,freq_iae,30,30,0.5211795886264953,0.5167307529963482,0.004448835630147104,0.009092620554403527,0.0023185578653505475,0.015508359051183647,0.0193980601939806,0.02084985189139843
scenario,S5_multi_switch_stochastic,C,remove_sticky_prior,C5_no_sticky_prior,P_old,freq_iae,30,30,0.5209766402156065,0.5221280126468015,-0.0011513724311949896,-0.0017000035057705238,-0.009483798065578926,0.005668131460922231,0.601939806019398,0.6554384250193834
scenario,S6_sluggish_coincident_high_noise,ALL,remove_sticky_prior,C5_no_sticky_prior,P_old,freq_iae,90,90,1.8260387922773027,2.127173514682998,-0.30113472240569517,-0.13388978898654325,-0.16161103219968587,-0.10569008932533012,9.999000099990002e-05,9.484452175210882e-12
scenario,S6_sluggish_coincident_high_noise,A,remove_sticky_prior,C5_no_sticky_prior,P_old,freq_iae,30,30,1.6699397252864585,1.9254995269344066,-0.2555598016479484,-0.1211274973499715,-0.1734909252280813,-0.06278761589965204,9.999000099990002e-05,9.90256667137146e-05
scenario,S6_sluggish_coincident_high_noise,B,remove_sticky_prior,C5_no_sticky_prior,P_old,freq_iae,30,30,1.745409287889795,2.0346726013279524,-0.2892633134381573,-0.1349238944199665,-0.18064332284900406,-0.08660476274323982,9.999000099990002e-05,2.0798295736312866e-05
scenario,S6_sluggish_coincident_high_noise,C,remove_sticky_prior,C5_no_sticky_prior,P_old,freq_iae,30,30,2.0627673636556554,2.421348415786635,-0.3585810521309795,-0.1456179751896918,-0.18747699565854206,-0.10163568877852996,9.999000099990002e-05,1.6838312149047852e-06
scenario,S6_sluggish_coincident_low_noise,ALL,remove_sticky_prior,C5_no_sticky_prior,P_old,freq_iae,0,0,,,,,,,,
scenario,S6_sluggish_coincident_low_noise,A,remove_sticky_prior,C5_no_sticky_prior,P_old,freq_iae,0,0,,,,,,,,
scenario,S6_sluggish_coincident_low_noise,B,remove_sticky_prior,C5_no_sticky_prior,P_old,freq_iae,0,0,,,,,,,,
scenario,S6_sluggish_coincident_low_noise,C,remove_sticky_prior,C5_no_sticky_prior,P_old,freq_iae,0,0,,,,,,,,
scenario,S6_sluggish_coincident_medium_noise,ALL,remove_sticky_prior,C5_no_sticky_prior,P_old,freq_iae,0,0,,,,,,,,
scenario,S6_sluggish_coincident_medium_noise,A,remove_sticky_prior,C5_no_sticky_prior,P_old,freq_iae,0,0,,,,,,,,
scenario,S6_sluggish_coincident_medium_noise,B,remove_sticky_prior,C5_no_sticky_prior,P_old,freq_iae,0,0,,,,,,,,
scenario,S6_sluggish_coincident_medium_noise,C,remove_sticky_prior,C5_no_sticky_prior,P_old,freq_iae,0,0,,,,,,,,
scenario,S7_ood_asymmetric_limit,ALL,remove_sticky_prior,C5_no_sticky_prior,P_old,freq_iae,150,150,1.2695299230062005,1.2941825118016146,-0.024652588795413998,0.013841699597069036,-0.029017642718239575,0.05880110610572891,0.36776322367763226,0.2861334622167887
scenario,S7_ood_asymmetric_limit,A,remove_sticky_prior,C5_no_sticky_prior,P_old,freq_iae,50,50,1.1486142782925106,1.1352824029698612,0.01333187532264951,0.04586873905553704,-0.031772326145067725,0.12683038119403145,0.7637236276372362,0.916185835362695
scenario,S7_ood_asymmetric_limit,B,remove_sticky_prior,C5_no_sticky_prior,P_old,freq_iae,50,50,1.2927496934990188,1.3462383688318724,-0.05348867533285358,-0.0017498068720948946,-0.08400872130089639,0.08551086756831916,0.3351664833516648,0.2571237847552261
scenario,S7_ood_asymmetric_limit,C,remove_sticky_prior,C5_no_sticky_prior,P_old,freq_iae,50,50,1.3672257972270727,1.4010267636031104,-0.03380096637603793,-0.002593833392235034,-0.0636194615756386,0.0592875237691232,0.44095590440955906,0.44326672141018975
scenario,S8_ood_time_varying_delay,ALL,remove_sticky_prior,C5_no_sticky_prior,P_old,freq_iae,150,150,1.3793739301091366,1.7398078208936432,-0.3604338907845063,-0.17385736446663372,-0.213707972180729,-0.13336308908222996,9.999000099990002e-05,3.1956146188357378e-15
scenario,S8_ood_time_varying_delay,A,remove_sticky_prior,C5_no_sticky_prior,P_old,freq_iae,50,50,1.132469307308836,1.390467781069028,-0.2579984737601918,-0.13653693230879166,-0.20974247308242722,-0.06129523134205544,9.999000099990002e-05,4.6469730756726335e-05
scenario,S8_ood_time_varying_delay,B,remove_sticky_prior,C5_no_sticky_prior,P_old,freq_iae,50,50,1.3143015771817719,1.8022031400111436,-0.48790156282937147,-0.2315433693609412,-0.29982160742298103,-0.15838249128095633,9.999000099990002e-05,1.370373858833318e-08
scenario,S8_ood_time_varying_delay,C,remove_sticky_prior,C5_no_sticky_prior,P_old,freq_iae,50,50,1.6913509058368015,2.0267525416007572,-0.33540163576395565,-0.15349179173016833,-0.2065885050485415,-0.100808085866519,9.999000099990002e-05,1.206143563692308e-06
scenario,S9_compound_unavailable_double_step,ALL,remove_sticky_prior,C5_no_sticky_prior,P_old,freq_iae,150,148,2.535093319841448,3.9798771116950227,-1.4447837918535742,-0.326957695722502,-0.3405441473363355,-0.31375848075007323,9.999000099990002e-05,5.0013078499574803e-26
scenario,S9_compound_unavailable_double_step,A,remove_sticky_prior,C5_no_sticky_prior,P_old,freq_iae,50,50,1.676360524718155,2.428988351737973,-0.7526278270198182,-0.30791265627198505,-0.31815804789997043,-0.2975533593372387,9.999000099990002e-05,1.7763568394002505e-15
scenario,S9_compound_unavailable_double_step,B,remove_sticky_prior,C5_no_sticky_prior,P_old,freq_iae,50,49,1.910503079304194,2.5628295025279093,-0.6523264232237155,-0.2524936226447034,-0.2633055627663344,-0.23758399854517598,9.999000099990002e-05,7.105427357601002e-15
scenario,S9_compound_unavailable_double_step,C,remove_sticky_prior,C5_no_sticky_prior,P_old,freq_iae,50,49,4.035941514586145,6.979464271838716,-2.9435227572525715,-0.4208554825253179,-0.43491592719845,-0.4059842589184401,9.999000099990002e-05,3.552713678800501e-15
overall,ALL,ALL,remove_sticky_prior,C5_no_sticky_prior,P_old,max_abs_freq_hz,1170,1166,0.24828097976610072,0.24881527152651106,-0.000534291760410361,-0.0014102208914111964,-0.003730032154703265,0.0008538943851578814,0.005099490050994901,0.011843396644854176
overall,ALL,A,remove_sticky_prior,C5_no_sticky_prior,P_old,max_abs_freq_hz,390,390,0.2436038299145189,0.2434536210271621,0.000150208887356809,0.0015862389032243625,-0.0025565130515439877,0.0054682982458130625,0.6657334266573343,0.5245610390103417
overall,ALL,B,remove_sticky_prior,C5_no_sticky_prior,P_old,max_abs_freq_hz,390,388,0.24811125763013622,0.24962735954711507,-0.0015161019169788708,-0.004964201930628738,-0.008705857554927917,-0.0012856027104076143,0.00039996000399960006,0.006150999639174533
overall,ALL,C,remove_sticky_prior,C5_no_sticky_prior,P_old,max_abs_freq_hz,390,388,0.2531519607735006,0.2533924713789641,-0.0002405106054634914,-0.0008681453158737258,-0.005395001734983707,0.0031541620326884148,0.20467953204679531,0.26248002208818366
scenario,S0_nominal_stochastic,ALL,remove_sticky_prior,C5_no_sticky_prior,P_old,max_abs_freq_hz,90,90,0.011930143353500039,0.01187720801708226,5.2935336417779783e-05,0.012103982211209252,-0.004644464746003254,0.027522749960047433,0.7398260173982601,0.029344486930355396
scenario,S0_nominal_stochastic,A,remove_sticky_prior,C5_no_sticky_prior,P_old,max_abs_freq_hz,30,30,0.01185393349303259,0.01168126175558958,0.0001726717374430067,0.018494121219598866,0.000390159596070652,0.03977103210782333,0.12758724127587243,0.25343610532581806
scenario,S0_nominal_stochastic,B,remove_sticky_prior,C5_no_sticky_prior,P_old,max_abs_freq_hz,30,30,0.011882101673224238,0.011942181127139108,-6.00794539148732e-05,0.0009242037060269679,-0.02515922638386205,0.0247528620567142,0.773022697730227,0.9032264724373817
scenario,S0_nominal_stochastic,C,remove_sticky_prior,C5_no_sticky_prior,P_old,max_abs_freq_hz,30,30,0.012054394894243292,0.012008181168518085,4.621372572520584e-05,0.01689362170800193,-0.024663051966015554,0.04926030826594201,0.9674032596740326,0.026228994131088257
scenario,S1_step_neg_002,ALL,remove_sticky_prior,C5_no_sticky_prior,P_old,max_abs_freq_hz,0,0,,,,,,,,
scenario,S1_step_neg_002,A,remove_sticky_prior,C5_no_sticky_prior,P_old,max_abs_freq_hz,0,0,,,,,,,,
scenario,S1_step_neg_002,B,remove_sticky_prior,C5_no_sticky_prior,P_old,max_abs_freq_hz,0,0,,,,,,,,
scenario,S1_step_neg_002,C,remove_sticky_prior,C5_no_sticky_prior,P_old,max_abs_freq_hz,0,0,,,,,,,,
scenario,S1_step_neg_004,ALL,remove_sticky_prior,C5_no_sticky_prior,P_old,max_abs_freq_hz,0,0,,,,,,,,
scenario,S1_step_neg_004,A,remove_sticky_prior,C5_no_sticky_prior,P_old,max_abs_freq_hz,0,0,,,,,,,,
scenario,S1_step_neg_004,B,remove_sticky_prior,C5_no_sticky_prior,P_old,max_abs_freq_hz,0,0,,,,,,,,
scenario,S1_step_neg_004,C,remove_sticky_prior,C5_no_sticky_prior,P_old,max_abs_freq_hz,0,0,,,,,,,,
scenario,S1_step_neg_006,ALL,remove_sticky_prior,C5_no_sticky_prior,P_old,max_abs_freq_hz,0,0,,,,,,,,
scenario,S1_step_neg_006,A,remove_sticky_prior,C5_no_sticky_prior,P_old,max_abs_freq_hz,0,0,,,,,,,,
scenario,S1_step_neg_006,B,remove_sticky_prior,C5_no_sticky_prior,P_old,max_abs_freq_hz,0,0,,,,,,,,
scenario,S1_step_neg_006,C,remove_sticky_prior,C5_no_sticky_prior,P_old,max_abs_freq_hz,0,0,,,,,,,,
scenario,S1_step_neg_008,ALL,remove_sticky_prior,C5_no_sticky_prior,P_old,max_abs_freq_hz,0,0,,,,,,,,
scenario,S1_step_neg_008,A,remove_sticky_prior,C5_no_sticky_prior,P_old,max_abs_freq_hz,0,0,,,,,,,,
scenario,S1_step_neg_008,B,remove_sticky_prior,C5_no_sticky_prior,P_old,max_abs_freq_hz,0,0,,,,,,,,
scenario,S1_step_neg_008,C,remove_sticky_prior,C5_no_sticky_prior,P_old,max_abs_freq_hz,0,0,,,,,,,,
scenario,S1_step_pos_002,ALL,remove_sticky_prior,C5_no_sticky_prior,P_old,max_abs_freq_hz,0,0,,,,,,,,
scenario,S1_step_pos_002,A,remove_sticky_prior,C5_no_sticky_prior,P_old,max_abs_freq_hz,0,0,,,,,,,,
scenario,S1_step_pos_002,B,remove_sticky_prior,C5_no_sticky_prior,P_old,max_abs_freq_hz,0,0,,,,,,,,
scenario,S1_step_pos_002,C,remove_sticky_prior,C5_no_sticky_prior,P_old,max_abs_freq_hz,0,0,,,,,,,,
scenario,S1_step_pos_004,ALL,remove_sticky_prior,C5_no_sticky_prior,P_old,max_abs_freq_hz,0,0,,,,,,,,
scenario,S1_step_pos_004,A,remove_sticky_prior,C5_no_sticky_prior,P_old,max_abs_freq_hz,0,0,,,,,,,,
scenario,S1_step_pos_004,B,remove_sticky_prior,C5_no_sticky_prior,P_old,max_abs_freq_hz,0,0,,,,,,,,
scenario,S1_step_pos_004,C,remove_sticky_prior,C5_no_sticky_prior,P_old,max_abs_freq_hz,0,0,,,,,,,,
scenario,S1_step_pos_006,ALL,remove_sticky_prior,C5_no_sticky_prior,P_old,max_abs_freq_hz,90,90,0.256581256546915,0.25850084055994926,-0.001919584013034303,-0.006638062874298584,-0.013864278304218002,0.0008239923079100699,0.05369463053694631,0.03552023016514714
scenario,S1_step_pos_006,A,remove_sticky_prior,C5_no_sticky_prior,P_old,max_abs_freq_hz,30,30,0.24460780014658037,0.24389440958494987,0.0007133905616305346,0.0032174026818714216,-0.008933271139953196,0.017237335312849215,0.6808319168083191,0.8552717231214046
scenario,S1_step_pos_006,B,remove_sticky_prior,C5_no_sticky_prior,P_old,max_abs_freq_hz,30,30,0.2564580157668059,0.260891554290016,-0.004433538523210057,-0.01572518500605609,-0.031644500688814914,0.0006947907545187431,0.059694030596940305,0.07324407435953617
scenario,S1_step_pos_006,C,remove_sticky_prior,C5_no_sticky_prior,P_old,max_abs_freq_hz,30,30,0.26867795372735864,0.2707165578048821,-0.0020386040775233873,-0.007406406298711088,-0.013513285908763587,-0.0023038823087986712,0.008999100089991,0.015460003167390823
scenario,S1_step_pos_008,ALL,remove_sticky_prior,C5_no_sticky_prior,P_old,max_abs_freq_hz,0,0,,,,,,,,
scenario,S1_step_pos_008,A,remove_sticky_prior,C5_no_sticky_prior,P_old,max_abs_freq_hz,0,0,,,,,,,,
scenario,S1_step_pos_008,B,remove_sticky_prior,C5_no_sticky_prior,P_old,max_abs_freq_hz,0,0,,,,,,,,
scenario,S1_step_pos_008,C,remove_sticky_prior,C5_no_sticky_prior,P_old,max_abs_freq_hz,0,0,,,,,,,,
scenario,S2_sluggish_switch_050,ALL,remove_sticky_prior,C5_no_sticky_prior,P_old,max_abs_freq_hz,90,90,0.2882526121411843,0.28806904006782197,0.00018357207336243994,0.0006496386742411619,-0.0005550364545533195,0.001993374533762996,0.33906609339066096,0.5995196636636997
scenario,S2_sluggish_switch_050,A,remove_sticky_prior,C5_no_sticky_prior,P_old,max_abs_freq_hz,30,30,0.286058414373888,0.2861341321602337,-7.571778634563598e-05,-0.00026426585313933247,-0.0014833096009878382,0.0009709310498391897,0.6806319368063194,0.3817984350025654
scenario,S2_sluggish_switch_050,B,remove_sticky_prior,C5_no_sticky_prior,P_old,max_abs_freq_hz,30,30,0.28814415522080633,0.28814442523519873,-2.700143923617393e-07,1.0544218788551003e-05,-0.0019243067767537464,0.0019228907991721209,0.9992000799920008,0.39305018074810505
scenario,S2_sluggish_switch_050,C,remove_sticky_prior,C5_no_sticky_prior,P_old,max_abs_freq_hz,30,30,0.2905552668288587,0.2899285628080334,0.0006267040208253176,0.002202637657074266,-0.0005547453815836173,0.005412864769922496,0.18148185181481852,0.583757072687149
scenario,S2_sluggish_switch_060,ALL,remove_sticky_prior,C5_no_sticky_prior,P_old,max_abs_freq_hz,90,89,0.2881618062832713,0.2883271180705356,-0.00016531178726437174,-0.0005711846148008894,-0.00139953488517611,0.0002409130555304503,0.1795820417958204,0.051234397103577696
scenario,S2_sluggish_switch_060,A,remove_sticky_prior,C5_no_sticky_prior,P_old,max_abs_freq_hz,30,30,0.28595797954682123,0.28607091756458203,-0.0001129380177607997,-0.0003955161276257945,-0.0011644640902320547,0.00037681065027057956,0.32686731326867313,0.20540969260036945
scenario,S2_sluggish_switch_060,B,remove_sticky_prior,C5_no_sticky_prior,P_old,max_abs_freq_hz,30,29,0.28807581400820725,0.2883588505331471,-0.00028303652493987403,-0.0009855451466213125,-0.003025546172258965,0.0010133954589310091,0.37136286371362864,0.1260332576930523
scenario,S2_sluggish_switch_060,C,remove_sticky_prior,C5_no_sticky_prior,P_old,max_abs_freq_hz,30,30,0.2904487588856167,0.2905526438626316,-0.0001038849770149582,-0.00034630458788290856,-0.0015433060656296082,0.0008173938704408006,0.5683431656834317,0.5291051845997572
scenario,S2_sluggish_switch_090,ALL,remove_sticky_prior,C5_no_sticky_prior,P_old,max_abs_freq_hz,0,0,,,,,,,,
scenario,S2_sluggish_switch_090,A,remove_sticky_prior,C5_no_sticky_prior,P_old,max_abs_freq_hz,0,0,,,,,,,,
scenario,S2_sluggish_switch_090,B,remove_sticky_prior,C5_no_sticky_prior,P_old,max_abs_freq_hz,0,0,,,,,,,,
scenario,S2_sluggish_switch_090,C,remove_sticky_prior,C5_no_sticky_prior,P_old,max_abs_freq_hz,0,0,,,,,,,,
scenario,S3_derated_coincident,ALL,remove_sticky_prior,C5_no_sticky_prior,P_old,max_abs_freq_hz,90,90,0.2677946947758494,0.26889829516423946,-0.0011036003883900538,-0.004084029150151119,-0.0069426267333831,-0.0016276993808269082,0.0007999200079992001,0.015509890979021893
scenario,S3_derated_coincident,A,remove_sticky_prior,C5_no_sticky_prior,P_old,max_abs_freq_hz,30,30,0.26914988387540373,0.2710955174898701,-0.0019456336144663966,-0.007171368754914262,-0.013088784305723179,-0.002449631013400792,9.999000099990002e-05,3.2391399145126343e-06
scenario,S3_derated_coincident,B,remove_sticky_prior,C5_no_sticky_prior,P_old,max_abs_freq_hz,30,30,0.2678938567856896,0.2692673372030533,-0.0013734804173636853,-0.0051150700438619265,-0.0104677175607172,-0.0008086066322213477,0.0374962503749625,0.18396909348666668
scenario,S3_derated_coincident,C,remove_sticky_prior,C5_no_sticky_prior,P_old,max_abs_freq_hz,30,30,0.2663403436664549,0.266332030799795,8.312866659920815e-06,3.435134832283062e-05,-0.002663833449704933,0.0020833266743923535,0.9848015198480152,0.42795460671186447
scenario,S4_unavailable_coincident,ALL,remove_sticky_prior,C5_no_sticky_prior,P_old,max_abs_freq_hz,90,89,0.2965908264211465,0.2965370199942388,5.380642690766546e-05,0.0002125812925437234,-0.0011391629610753738,0.0018537520358430871,0.8323167683231677,0.2902356737778957
scenario,S4_unavailable_coincident,A,remove_sticky_prior,C5_no_sticky_prior,P_old,max_abs_freq_hz,30,30,0.29298040239061884,0.2932065077213839,-0.00022610533076512137,-0.0007701820975428202,-0.0019191869521455465,0.0004010928039141116,0.21927807219278073,0.11417667381465435
scenario,S4_unavailable_coincident,B,remove_sticky_prior,C5_no_sticky_prior,P_old,max_abs_freq_hz,30,30,0.29670832442352435,0.2963566117143218,0.0003517127092025507,0.0011782796213603195,-0.0007145729638449133,0.0033103252493601083,0.266973302669733,0.7456546742469072
scenario,S4_unavailable_coincident,C,remove_sticky_prior,C5_no_sticky_prior,P_old,max_abs_freq_hz,30,29,0.300204198174405,0.3001690067729685,3.519140143652916e-05,0.00023023480420228978,-0.003105784780391396,0.0046396954613693595,0.9631036896310369,0.5082960315048695
scenario,S5_multi_switch_stochastic,ALL,remove_sticky_prior,C5_no_sticky_prior,P_old,max_abs_freq_hz,90,90,0.012429207852870284,0.012626198101069365,-0.00019699024819908089,-0.006969026950380714,-0.02528382576437996,0.00884612855497058,0.24487551244875513,0.9406616800633776
scenario,S5_multi_switch_stochastic,A,remove_sticky_prior,C5_no_sticky_prior,P_old,max_abs_freq_hz,30,30,0.012389384062101386,0.012673824949388726,-0.0002844408872873417,-0.008456559610301331,-0.04535170737386051,0.019458450566481773,0.595940405959404,1.0
scenario,S5_multi_switch_stochastic,B,remove_sticky_prior,C5_no_sticky_prior,P_old,max_abs_freq_hz,30,30,0.012398838876670095,0.012351086248951471,4.775262771862544e-05,0.005355246386795115,-0.00689379948349245,0.019319526988976467,0.6078392160783922,0.9676735773682594
scenario,S5_multi_switch_stochastic,C,remove_sticky_prior,C5_no_sticky_prior,P_old,max_abs_freq_hz,30,30,0.01249940061983937,0.012853683104867895,-0.0003542824850285266,-0.017805767627635926,-0.058462392366766675,0.015017183618616913,0.37916208379162086,0.7765688337385654
scenario,S6_sluggish_coincident_high_noise,ALL,remove_sticky_prior,C5_no_sticky_prior,P_old,max_abs_freq_hz,90,90,0.28916121879786155,0.2880405442890768,0.0011206745087847545,0.004401863094983512,-0.002789448143127284,0.01155664383204579,0.2880711928807119,0.1822520923560096
scenario,S6_sluggish_coincident_high_noise,A,remove_sticky_prior,C5_no_sticky_prior,P_old,max_abs_freq_hz,30,30,0.28860698854171424,0.28693102465582476,0.001675963885889566,0.007052638091084031,-0.006594604811621606,0.020987452607441417,0.4116588341165883,0.39305018074810505
scenario,S6_sluggish_coincident_high_noise,B,remove_sticky_prior,C5_no_sticky_prior,P_old,max_abs_freq_hz,30,30,0.29028440554412527,0.2883086287861414,0.0019757767579838604,0.00723658497514135,-0.0029511431254184897,0.0174545229096828,0.21027897210278973,0.28936620615422726
scenario,S6_sluggish_coincident_high_noise,C,remove_sticky_prior,C5_no_sticky_prior,P_old,max_abs_freq_hz,30,30,0.2885922623077451,0.2888819794252643,-0.0002897171175191634,-0.0010836337812748433,-0.014316900264632832,0.010676735993208477,0.8875112488751125,0.8078304156661034
scenario,S6_sluggish_coincident_low_noise,ALL,remove_sticky_prior,C5_no_sticky_prior,P_old,max_abs_freq_hz,0,0,,,,,,,,
scenario,S6_sluggish_coincident_low_noise,A,remove_sticky_prior,C5_no_sticky_prior,P_old,max_abs_freq_hz,0,0,,,,,,,,
scenario,S6_sluggish_coincident_low_noise,B,remove_sticky_prior,C5_no_sticky_prior,P_old,max_abs_freq_hz,0,0,,,,,,,,
scenario,S6_sluggish_coincident_low_noise,C,remove_sticky_prior,C5_no_sticky_prior,P_old,max_abs_freq_hz,0,0,,,,,,,,
scenario,S6_sluggish_coincident_medium_noise,ALL,remove_sticky_prior,C5_no_sticky_prior,P_old,max_abs_freq_hz,0,0,,,,,,,,
scenario,S6_sluggish_coincident_medium_noise,A,remove_sticky_prior,C5_no_sticky_prior,P_old,max_abs_freq_hz,0,0,,,,,,,,
scenario,S6_sluggish_coincident_medium_noise,B,remove_sticky_prior,C5_no_sticky_prior,P_old,max_abs_freq_hz,0,0,,,,,,,,
scenario,S6_sluggish_coincident_medium_noise,C,remove_sticky_prior,C5_no_sticky_prior,P_old,max_abs_freq_hz,0,0,,,,,,,,
scenario,S7_ood_asymmetric_limit,ALL,remove_sticky_prior,C5_no_sticky_prior,P_old,max_abs_freq_hz,150,150,0.2577204722001412,0.25959909727503744,-0.0018786250748962226,-0.006535061537583941,-0.012396487981305918,-0.0006197093182968793,0.0187981201879812,0.04766188195229242
scenario,S7_ood_asymmetric_limit,A,remove_sticky_prior,C5_no_sticky_prior,P_old,max_abs_freq_hz,50,50,0.2456975681923371,0.24586700826610064,-0.0001694400737634616,-0.000292820662220595,-0.010316997487458637,0.010654257028770035,0.8991100889911009,0.8707939059443142
scenario,S7_ood_asymmetric_limit,B,remove_sticky_prior,C5_no_sticky_prior,P_old,max_abs_freq_hz,50,50,0.25761234582935516,0.2627122946621699,-0.00509994883281473,-0.017978488389693063,-0.03124333610060395,-0.004590910615711002,0.008899110088991101,0.016637745581261854
scenario,S7_ood_asymmetric_limit,C,remove_sticky_prior,C5_no_sticky_prior,P_old,max_abs_freq_hz,50,50,0.26985150257873136,0.2702179888968418,-0.00036648631811047607,-0.0013338755608381602,-0.003287394343038781,0.0005456688430355411,0.17768223177682232,0.3325668996889135
scenario,S8_ood_time_varying_delay,ALL,remove_sticky_prior,C5_no_sticky_prior,P_old,max_abs_freq_hz,150,150,0.25803296078993415,0.2594682076943535,-0.001435246904419376,-0.00477676023865229,-0.010828129694235829,0.0013521964232794267,0.07589241075892411,0.08723032191558489
scenario,S8_ood_time_varying_delay,A,remove_sticky_prior,C5_no_sticky_prior,P_old,max_abs_freq_hz,50,50,0.24698062436816234,0.245904543491657,0.0010760808765053686,0.004841859636627684,-0.0071742369950330365,0.01745089685220315,0.49085091490850913,0.7376605378038441
scenario,S8_ood_time_varying_delay,B,remove_sticky_prior,C5_no_sticky_prior,P_old,max_abs_freq_hz,50,50,0.2572667554229088,0.2622704791852049,-0.005003723762296145,-0.017793942384198472,-0.030066908953978014,-0.005477769396886787,0.0045995400459954,0.01855822259070905
scenario,S8_ood_time_varying_delay,C,remove_sticky_prior,C5_no_sticky_prior,P_old,max_abs_freq_hz,50,50,0.26985150257873136,0.2702296004061987,-0.0003780978274673519,-0.0013781979683860843,-0.0033081404152546148,0.00047857959997402795,0.16328367163283672,0.31366564109611517
scenario,S9_compound_unavailable_double_step,ALL,remove_sticky_prior,C5_no_sticky_prior,P_old,max_abs_freq_hz,150,148,0.39686622389143716,0.39651696762707317,0.0003492562643639689,0.0008958010285577802,1.8810256904269346e-06,0.0018785806099661001,0.0628937106289371,0.8571985201781543
scenario,S9_compound_unavailable_double_step,A,remove_sticky_prior,C5_no_sticky_prior,P_old,max_abs_freq_hz,50,50,0.3924688089146515,0.392154134725013,0.00031467418963851635,0.0007998627413244691,-0.0001615517902400258,0.0018974244354557643,0.1382861713828617,0.7887529519630228
scenario,S9_compound_unavailable_double_step,B,remove_sticky_prior,C5_no_sticky_prior,P_old,max_abs_freq_hz,50,49,0.3970596600595158,0.39644929404706125,0.0006103660124546217,0.00153375271666971,-1.3965502530444015e-05,0.003185310603199377,0.06479352064793521,0.6715225329700552
scenario,S9_compound_unavailable_double_step,C,remove_sticky_prior,C5_no_sticky_prior,P_old,max_abs_freq_hz,50,49,0.40115994586293574,0.4010365115153099,0.00012343434762581866,0.0003557455519084131,-0.0015288383273559815,0.0026371329986687336,0.8051194880511949,0.6571828199460157
overall,ALL,ALL,remove_sticky_prior,C5_no_sticky_prior,P_old,sg_mileage,1170,1166,1.012996548737567,0.7399787870547947,0.2730177616827722,0.35556844063720877,0.3366905182007629,0.37496954290252654,9.999000099990002e-05,1.5342849089934816e-141
overall,ALL,A,remove_sticky_prior,C5_no_sticky_prior,P_old,sg_mileage,390,390,1.3979367609975357,0.8918189759393621,0.5061177850581738,0.5891380530066391,0.560575052937381,0.6172534831061327,9.999000099990002e-05,1.4639816216797032e-62
overall,ALL,B,remove_sticky_prior,C5_no_sticky_prior,P_old,sg_mileage,390,388,1.0733434348355815,0.8158471615792986,0.25749627325628277,0.33156931636373427,0.30765551727229323,0.35463656226215845,9.999000099990002e-05,3.725783579274756e-54
overall,ALL,C,remove_sticky_prior,C5_no_sticky_prior,P_old,sg_mileage,390,388,0.565725222481336,0.5114875422597205,0.05423768022161556,0.14479398546718378,0.11422044031375042,0.17641449078411645,9.999000099990002e-05,6.061131239582637e-15
scenario,S0_nominal_stochastic,ALL,remove_sticky_prior,C5_no_sticky_prior,P_old,sg_mileage,90,90,0.9225441123841827,0.6786639207557795,0.24388019162840308,0.343877739466062,0.2954773098407921,0.3942288206188767,9.999000099990002e-05,2.1329762129717568e-16
scenario,S0_nominal_stochastic,A,remove_sticky_prior,C5_no_sticky_prior,P_old,sg_mileage,30,30,1.1843346088875881,0.7380107691357239,0.44632383975186424,0.610144320507146,0.5637891198066152,0.6555731306730584,9.999000099990002e-05,1.862645149230957e-09
scenario,S0_nominal_stochastic,B,remove_sticky_prior,C5_no_sticky_prior,P_old,sg_mileage,30,30,0.9451027625242433,0.7179279013855884,0.2271748611386547,0.3192576384259735,0.2690976160184688,0.36768360932055427,9.999000099990002e-05,3.725290298461914e-09
scenario,S0_nominal_stochastic,C,remove_sticky_prior,C5_no_sticky_prior,P_old,sg_mileage,30,30,0.6381949657407164,0.580053091746026,0.05814187399469029,0.10223125946506635,0.08078422785146007,0.12277574156274099,9.999000099990002e-05,1.30385160446167e-08
scenario,S1_step_neg_002,ALL,remove_sticky_prior,C5_no_sticky_prior,P_old,sg_mileage,0,0,,,,,,,,
scenario,S1_step_neg_002,A,remove_sticky_prior,C5_no_sticky_prior,P_old,sg_mileage,0,0,,,,,,,,
scenario,S1_step_neg_002,B,remove_sticky_prior,C5_no_sticky_prior,P_old,sg_mileage,0,0,,,,,,,,
scenario,S1_step_neg_002,C,remove_sticky_prior,C5_no_sticky_prior,P_old,sg_mileage,0,0,,,,,,,,
scenario,S1_step_neg_004,ALL,remove_sticky_prior,C5_no_sticky_prior,P_old,sg_mileage,0,0,,,,,,,,
scenario,S1_step_neg_004,A,remove_sticky_prior,C5_no_sticky_prior,P_old,sg_mileage,0,0,,,,,,,,
scenario,S1_step_neg_004,B,remove_sticky_prior,C5_no_sticky_prior,P_old,sg_mileage,0,0,,,,,,,,
scenario,S1_step_neg_004,C,remove_sticky_prior,C5_no_sticky_prior,P_old,sg_mileage,0,0,,,,,,,,
scenario,S1_step_neg_006,ALL,remove_sticky_prior,C5_no_sticky_prior,P_old,sg_mileage,0,0,,,,,,,,
scenario,S1_step_neg_006,A,remove_sticky_prior,C5_no_sticky_prior,P_old,sg_mileage,0,0,,,,,,,,
scenario,S1_step_neg_006,B,remove_sticky_prior,C5_no_sticky_prior,P_old,sg_mileage,0,0,,,,,,,,
scenario,S1_step_neg_006,C,remove_sticky_prior,C5_no_sticky_prior,P_old,sg_mileage,0,0,,,,,,,,
scenario,S1_step_neg_008,ALL,remove_sticky_prior,C5_no_sticky_prior,P_old,sg_mileage,0,0,,,,,,,,
scenario,S1_step_neg_008,A,remove_sticky_prior,C5_no_sticky_prior,P_old,sg_mileage,0,0,,,,,,,,
scenario,S1_step_neg_008,B,remove_sticky_prior,C5_no_sticky_prior,P_old,sg_mileage,0,0,,,,,,,,
scenario,S1_step_neg_008,C,remove_sticky_prior,C5_no_sticky_prior,P_old,sg_mileage,0,0,,,,,,,,
scenario,S1_step_pos_002,ALL,remove_sticky_prior,C5_no_sticky_prior,P_old,sg_mileage,0,0,,,,,,,,
scenario,S1_step_pos_002,A,remove_sticky_prior,C5_no_sticky_prior,P_old,sg_mileage,0,0,,,,,,,,
scenario,S1_step_pos_002,B,remove_sticky_prior,C5_no_sticky_prior,P_old,sg_mileage,0,0,,,,,,,,
scenario,S1_step_pos_002,C,remove_sticky_prior,C5_no_sticky_prior,P_old,sg_mileage,0,0,,,,,,,,
scenario,S1_step_pos_004,ALL,remove_sticky_prior,C5_no_sticky_prior,P_old,sg_mileage,0,0,,,,,,,,
scenario,S1_step_pos_004,A,remove_sticky_prior,C5_no_sticky_prior,P_old,sg_mileage,0,0,,,,,,,,
scenario,S1_step_pos_004,B,remove_sticky_prior,C5_no_sticky_prior,P_old,sg_mileage,0,0,,,,,,,,
scenario,S1_step_pos_004,C,remove_sticky_prior,C5_no_sticky_prior,P_old,sg_mileage,0,0,,,,,,,,
scenario,S1_step_pos_006,ALL,remove_sticky_prior,C5_no_sticky_prior,P_old,sg_mileage,90,90,1.0825457843463475,0.7497692426975523,0.33277654164879533,0.42523415461960756,0.3671540436548978,0.4864778429423757,9.999000099990002e-05,1.7437900167092118e-16
scenario,S1_step_pos_006,A,remove_sticky_prior,C5_no_sticky_prior,P_old,sg_mileage,30,30,1.411367111371066,0.8192234991261219,0.5921436122449443,0.7250917062190606,0.6373139230650732,0.8296950764009062,9.999000099990002e-05,1.862645149230957e-09
scenario,S1_step_pos_006,B,remove_sticky_prior,C5_no_sticky_prior,P_old,sg_mileage,30,30,1.1147866282509675,0.8142908235441187,0.3004958047068486,0.3767466762504746,0.32740398266699655,0.43114934650146364,9.999000099990002e-05,1.862645149230957e-09
scenario,S1_step_pos_006,C,remove_sticky_prior,C5_no_sticky_prior,P_old,sg_mileage,30,30,0.7214836134170088,0.615793405422416,0.10569020799459304,0.17386408138928747,0.15068505099962243,0.1982546422672769,9.999000099990002e-05,1.862645149230957e-09
scenario,S1_step_pos_008,ALL,remove_sticky_prior,C5_no_sticky_prior,P_old,sg_mileage,0,0,,,,,,,,
scenario,S1_step_pos_008,A,remove_sticky_prior,C5_no_sticky_prior,P_old,sg_mileage,0,0,,,,,,,,
scenario,S1_step_pos_008,B,remove_sticky_prior,C5_no_sticky_prior,P_old,sg_mileage,0,0,,,,,,,,
scenario,S1_step_pos_008,C,remove_sticky_prior,C5_no_sticky_prior,P_old,sg_mileage,0,0,,,,,,,,
scenario,S2_sluggish_switch_050,ALL,remove_sticky_prior,C5_no_sticky_prior,P_old,sg_mileage,90,90,0.9734216972247277,0.7103301021776689,0.26309159504705865,0.29897977380840357,0.2322827898980093,0.36530863243550804,9.999000099990002e-05,1.0193309895380573e-10
scenario,S2_sluggish_switch_050,A,remove_sticky_prior,C5_no_sticky_prior,P_old,sg_mileage,30,30,1.394164907424984,0.8621658034562931,0.5319991039686912,0.6192169607396572,0.5838935215034058,0.6541146859390399,9.999000099990002e-05,1.862645149230957e-09
scenario,S2_sluggish_switch_050,B,remove_sticky_prior,C5_no_sticky_prior,P_old,sg_mileage,30,30,1.1222718352015153,0.8090999035041471,0.31317193169736846,0.3909371745198688,0.3646572767325199,0.4175307529905056,9.999000099990002e-05,1.862645149230957e-09
scenario,S2_sluggish_switch_050,C,remove_sticky_prior,C5_no_sticky_prior,P_old,sg_mileage,30,30,0.4038283490476827,0.4597245995725664,-0.05589625052488381,-0.11321481383431539,-0.14822241449516835,-0.07729614372622576,9.999000099990002e-05,1.4193356037139893e-06
scenario,S2_sluggish_switch_060,ALL,remove_sticky_prior,C5_no_sticky_prior,P_old,sg_mileage,90,89,0.9359041646780675,0.7022496156582373,0.23365454901983004,0.2641688734957332,0.19643059682820113,0.32947141955633313,9.999000099990002e-05,3.8066481932310934e-10
scenario,S2_sluggish_switch_060,A,remove_sticky_prior,C5_no_sticky_prior,P_old,sg_mileage,30,30,1.3403862530497748,0.8484408617740534,0.49194539127572157,0.5851021022066464,0.5252687395770589,0.6390640983478023,9.999000099990002e-05,1.862645149230957e-09
scenario,S2_sluggish_switch_060,B,remove_sticky_prior,C5_no_sticky_prior,P_old,sg_mileage,30,29,1.0785893509021105,0.8051664143156481,0.27342293658646233,0.34137685203190565,0.3118462193697384,0.3686961835520403,9.999000099990002e-05,3.725290298461914e-09
scenario,S2_sluggish_switch_060,C,remove_sticky_prior,C5_no_sticky_prior,P_old,sg_mileage,30,30,0.3934930629564519,0.45657213084025755,-0.06307906788380585,-0.1313987344668134,-0.17042796274710828,-0.09131486653212646,9.999000099990002e-05,6.910413503646851e-07
scenario,S2_sluggish_switch_090,ALL,remove_sticky_prior,C5_no_sticky_prior,P_old,sg_mileage,0,0,,,,,,,,
scenario,S2_sluggish_switch_090,A,remove_sticky_prior,C5_no_sticky_prior,P_old,sg_mileage,0,0,,,,,,,,
scenario,S2_sluggish_switch_090,B,remove_sticky_prior,C5_no_sticky_prior,P_old,sg_mileage,0,0,,,,,,,,
scenario,S2_sluggish_switch_090,C,remove_sticky_prior,C5_no_sticky_prior,P_old,sg_mileage,0,0,,,,,,,,
scenario,S3_derated_coincident,ALL,remove_sticky_prior,C5_no_sticky_prior,P_old,sg_mileage,90,90,0.7396283518446269,0.833388772397205,-0.09376042055257831,-0.11670809994365151,-0.15886451498947918,-0.07229467777036072,0.00019998000199980003,2.631633260509171e-06
scenario,S3_derated_coincident,A,remove_sticky_prior,C5_no_sticky_prior,P_old,sg_mileage,30,30,0.9629470418307946,0.9889613136859308,-0.02601427185513613,-0.007511428244372209,-0.10502682353456612,0.09384810152764644,0.6254374562543745,0.6701805889606476
scenario,S3_derated_coincident,B,remove_sticky_prior,C5_no_sticky_prior,P_old,sg_mileage,30,30,0.7563105683433367,0.8692085096568408,-0.11289794131350414,-0.12184577263514701,-0.18061373855217444,-0.062127784725559534,0.00029997000299970003,0.0005548261106014252
scenario,S3_derated_coincident,C,remove_sticky_prior,C5_no_sticky_prior,P_old,sg_mileage,30,30,0.4996274453597491,0.6419964938488437,-0.14236904848909468,-0.22076709895143526,-0.2491899066562313,-0.1934638359415951,9.999000099990002e-05,1.862645149230957e-09
scenario,S4_unavailable_coincident,ALL,remove_sticky_prior,C5_no_sticky_prior,P_old,sg_mileage,90,89,0.9204819757061223,0.5902433312114935,0.33023864449462886,0.4768003142445901,0.4130019272193343,0.5403349990177108,9.999000099990002e-05,1.9689301371078602e-15
scenario,S4_unavailable_coincident,A,remove_sticky_prior,C5_no_sticky_prior,P_old,sg_mileage,30,30,1.3261942235720199,0.7582787185632557,0.5679155050087643,0.7523018775708071,0.6361799690164301,0.8469895412115306,9.999000099990002e-05,9.313225746154785e-09
scenario,S4_unavailable_coincident,B,remove_sticky_prior,C5_no_sticky_prior,P_old,sg_mileage,30,30,1.111173762293236,0.7400271623903458,0.3711465999028899,0.5051696479644776,0.4772507781077985,0.534084929227759,9.999000099990002e-05,1.862645149230957e-09
scenario,S4_unavailable_coincident,C,remove_sticky_prior,C5_no_sticky_prior,P_old,sg_mileage,30,29,0.3035122848926627,0.2614648292832716,0.04204745560939118,0.16245111040379248,0.1277520365553945,0.19701467171731532,9.999000099990002e-05,3.725290298461914e-09
scenario,S5_multi_switch_stochastic,ALL,remove_sticky_prior,C5_no_sticky_prior,P_old,sg_mileage,90,90,0.9907878788294481,0.6846750358233211,0.30611284300612684,0.4280045994136263,0.373678719379409,0.4822940716378055,9.999000099990002e-05,1.8034059447633587e-16
scenario,S5_multi_switch_stochastic,A,remove_sticky_prior,C5_no_sticky_prior,P_old,sg_mileage,30,30,1.2694693869878326,0.7459371483499431,0.5235322386378898,0.7090985383151887,0.6589802135300498,0.7557693672874156,9.999000099990002e-05,1.862645149230957e-09
scenario,S5_multi_switch_stochastic,B,remove_sticky_prior,C5_no_sticky_prior,P_old,sg_mileage,30,30,1.0524295911636283,0.7242929029122444,0.3281366882513839,0.45818909402895575,0.4144945411339313,0.4998579589589367,9.999000099990002e-05,1.862645149230957e-09
scenario,S5_multi_switch_stochastic,C,remove_sticky_prior,C5_no_sticky_prior,P_old,sg_mileage,30,30,0.6504646583368828,0.5837950562077759,0.0666696021291069,0.11672616589673443,0.09629677974304612,0.13706960731337434,9.999000099990002e-05,3.725290298461914e-09
scenario,S6_sluggish_coincident_high_noise,ALL,remove_sticky_prior,C5_no_sticky_prior,P_old,sg_mileage,90,90,1.4966057754470776,0.9090349820634803,0.5875707933835975,0.7364753271456745,0.6678642921893176,0.8067659042774387,9.999000099990002e-05,1.7437900167092118e-16
scenario,S6_sluggish_coincident_high_noise,A,remove_sticky_prior,C5_no_sticky_prior,P_old,sg_mileage,30,30,2.248025933660981,1.328450201104818,0.9195757325561627,0.750486227631847,0.6385954033476336,0.8670362624649988,9.999000099990002e-05,1.862645149230957e-09
scenario,S6_sluggish_coincident_high_noise,B,remove_sticky_prior,C5_no_sticky_prior,P_old,sg_mileage,30,30,1.543107610330052,1.0273196559305626,0.5157879543994893,0.5316282513142547,0.45596682114638193,0.6079221279569865,9.999000099990002e-05,1.862645149230957e-09
scenario,S6_sluggish_coincident_high_noise,C,remove_sticky_prior,C5_no_sticky_prior,P_old,sg_mileage,30,30,0.6986837823502011,0.3713350891550604,0.3273486931951404,0.9273115024909219,0.8028194333441029,1.0508855341284884,9.999000099990002e-05,1.862645149230957e-09
scenario,S6_sluggish_coincident_low_noise,ALL,remove_sticky_prior,C5_no_sticky_prior,P_old,sg_mileage,0,0,,,,,,,,
scenario,S6_sluggish_coincident_low_noise,A,remove_sticky_prior,C5_no_sticky_prior,P_old,sg_mileage,0,0,,,,,,,,
scenario,S6_sluggish_coincident_low_noise,B,remove_sticky_prior,C5_no_sticky_prior,P_old,sg_mileage,0,0,,,,,,,,
scenario,S6_sluggish_coincident_low_noise,C,remove_sticky_prior,C5_no_sticky_prior,P_old,sg_mileage,0,0,,,,,,,,
scenario,S6_sluggish_coincident_medium_noise,ALL,remove_sticky_prior,C5_no_sticky_prior,P_old,sg_mileage,0,0,,,,,,,,
scenario,S6_sluggish_coincident_medium_noise,A,remove_sticky_prior,C5_no_sticky_prior,P_old,sg_mileage,0,0,,,,,,,,
scenario,S6_sluggish_coincident_medium_noise,B,remove_sticky_prior,C5_no_sticky_prior,P_old,sg_mileage,0,0,,,,,,,,
scenario,S6_sluggish_coincident_medium_noise,C,remove_sticky_prior,C5_no_sticky_prior,P_old,sg_mileage,0,0,,,,,,,,
scenario,S7_ood_asymmetric_limit,ALL,remove_sticky_prior,C5_no_sticky_prior,P_old,sg_mileage,150,150,1.0337080375352456,0.7906621537289912,0.2430458838062546,0.28884263638422336,0.2414789254470304,0.3371963220093854,9.999000099990002e-05,1.1914019946511986e-18
scenario,S7_ood_asymmetric_limit,A,remove_sticky_prior,C5_no_sticky_prior,P_old,sg_mileage,50,50,1.4292022993291824,0.8812779729366779,0.5479243263925044,0.6312248987098452,0.5884812794390877,0.6733172533064936,9.999000099990002e-05,1.7763568394002505e-15
scenario,S7_ood_asymmetric_limit,B,remove_sticky_prior,C5_no_sticky_prior,P_old,sg_mileage,50,50,1.014369919052777,0.8663746371752407,0.14799528187753644,0.17950789388633712,0.1079693160648139,0.24714547405903978,9.999000099990002e-05,5.6804637029728156e-06
scenario,S7_ood_asymmetric_limit,C,remove_sticky_prior,C5_no_sticky_prior,P_old,sg_mileage,50,50,0.6575518942237778,0.624333851075055,0.03321804314872297,0.05579511655648774,0.03911134774361726,0.07325705615174032,9.999000099990002e-05,7.798730550234723e-08
scenario,S8_ood_time_varying_delay,ALL,remove_sticky_prior,C5_no_sticky_prior,P_old,sg_mileage,150,150,1.0171664488729197,0.8286394200028873,0.18852702887003245,0.20386172078698142,0.16982249747012998,0.23780648789194533,9.999000099990002e-05,3.4551309608377265e-18
scenario,S8_ood_time_varying_delay,A,remove_sticky_prior,C5_no_sticky_prior,P_old,sg_mileage,50,50,1.3937781401967906,1.0084632305711814,0.3853149096256093,0.39433873003855063,0.353456101605503,0.43485555240215185,9.999000099990002e-05,1.7763568394002505e-15
scenario,S8_ood_time_varying_delay,B,remove_sticky_prior,C5_no_sticky_prior,P_old,sg_mileage,50,50,1.0815365979366014,0.9080495413705095,0.1734870565660919,0.19823170152933667,0.15114139498794987,0.2415787609637698,9.999000099990002e-05,1.080529443697742e-09
scenario,S8_ood_time_varying_delay,C,remove_sticky_prior,C5_no_sticky_prior,P_old,sg_mileage,50,50,0.5761846084853669,0.5694054880669708,0.006779120418396102,0.019014730793057003,-0.015031906852706405,0.05461490021638367,0.49845015498450157,0.645875956795086
scenario,S9_compound_unavailable_double_step,ALL,remove_sticky_prior,C5_no_sticky_prior,P_old,sg_mileage,150,148,1.012205488957489,0.6348687320429203,0.37733675691456875,0.5696836215712224,0.5451209327056233,0.5949653493155074,9.999000099990002e-05,4.900420291456201e-26
scenario,S9_compound_unavailable_double_step,A,remove_sticky_prior,C5_no_sticky_prior,P_old,sg_mileage,50,50,1.3987926161837823,0.8127658197014813,0.586026796482301,0.7233550017358005,0.692427921209168,0.7552267410800722,9.999000099990002e-05,1.7763568394002505e-15
scenario,S9_compound_unavailable_double_step,B,remove_sticky_prior,C5_no_sticky_prior,P_old,sg_mileage,50,49,1.0413745499462468,0.6818909789920639,0.35948357095418315,0.5318266321092693,0.49739049903995225,0.5664264377274418,9.999000099990002e-05,3.552713678800501e-15
scenario,S9_compound_unavailable_double_step,C,remove_sticky_prior,C5_no_sticky_prior,P_old,sg_mileage,50,49,0.5885597675337378,0.4063188446258574,0.18224092290788052,0.450733080252994,0.43135161448586756,0.4696026621908157,9.999000099990002e-05,3.552713678800501e-15
overall,ALL,ALL,remove_sticky_prior,C5_no_sticky_prior,P_old,ibr_mileage,1170,1166,0.36732194588100675,0.4684720202122303,-0.10115007433122342,-0.0814142178608379,-0.11955211008130656,-0.04316148485112272,9.999000099990002e-05,8.230379865844873e-35
overall,ALL,A,remove_sticky_prior,C5_no_sticky_prior,P_old,ibr_mileage,390,390,0.3142363361214826,0.43628861793528917,-0.12205228181380653,-0.21785695799445592,-0.26154680515415857,-0.17034549059493034,9.999000099990002e-05,1.5132113433309868e-26
overall,ALL,B,remove_sticky_prior,C5_no_sticky_prior,P_old,ibr_mileage,390,388,0.31777896252393734,0.4209853204360682,-0.10320635791213084,-0.1652753365353443,-0.21651385671650633,-0.11136488865373671,9.999000099990002e-05,2.9630276331397154e-18
overall,ALL,C,remove_sticky_prior,C5_no_sticky_prior,P_old,ibr_mileage,390,388,0.47022417616130924,0.548308016091503,-0.07808383993019381,0.13959295404075878,0.05502054738385875,0.22892230247851755,9.999000099990002e-05,0.0008097812228536012
scenario,S0_nominal_stochastic,ALL,remove_sticky_prior,C5_no_sticky_prior,P_old,ibr_mileage,90,90,0.17167460434931345,0.19367011075971902,-0.021995506410405534,-0.11156749557433882,-0.13324202624048676,-0.08967297698093098,9.999000099990002e-05,1.9338491744728837e-13
scenario,S0_nominal_stochastic,A,remove_sticky_prior,C5_no_sticky_prior,P_old,ibr_mileage,30,30,0.19611634430018823,0.19915670914320271,-0.003040364843014389,-0.013152655172755868,-0.03040019094171297,0.005109600022046683,0.09209079092090791,0.049710121005773544
scenario,S0_nominal_stochastic,B,remove_sticky_prior,C5_no_sticky_prior,P_old,ibr_mileage,30,30,0.17030893988301934,0.19801329425653028,-0.027704354373510886,-0.1371849444233635,-0.1687494551754424,-0.10811096415414873,9.999000099990002e-05,3.725290298461914e-09
scenario,S0_nominal_stochastic,C,remove_sticky_prior,C5_no_sticky_prior,P_old,ibr_mileage,30,30,0.14859852886473274,0.18384032887942403,-0.03524180001469133,-0.18436488712689705,-0.213446647554664,-0.15382632142525102,9.999000099990002e-05,5.587935447692871e-09
scenario,S1_step_neg_002,ALL,remove_sticky_prior,C5_no_sticky_prior,P_old,ibr_mileage,0,0,,,,,,,,
scenario,S1_step_neg_002,A,remove_sticky_prior,C5_no_sticky_prior,P_old,ibr_mileage,0,0,,,,,,,,
scenario,S1_step_neg_002,B,remove_sticky_prior,C5_no_sticky_prior,P_old,ibr_mileage,0,0,,,,,,,,
scenario,S1_step_neg_002,C,remove_sticky_prior,C5_no_sticky_prior,P_old,ibr_mileage,0,0,,,,,,,,
scenario,S1_step_neg_004,ALL,remove_sticky_prior,C5_no_sticky_prior,P_old,ibr_mileage,0,0,,,,,,,,
scenario,S1_step_neg_004,A,remove_sticky_prior,C5_no_sticky_prior,P_old,ibr_mileage,0,0,,,,,,,,
scenario,S1_step_neg_004,B,remove_sticky_prior,C5_no_sticky_prior,P_old,ibr_mileage,0,0,,,,,,,,
scenario,S1_step_neg_004,C,remove_sticky_prior,C5_no_sticky_prior,P_old,ibr_mileage,0,0,,,,,,,,
scenario,S1_step_neg_006,ALL,remove_sticky_prior,C5_no_sticky_prior,P_old,ibr_mileage,0,0,,,,,,,,
scenario,S1_step_neg_006,A,remove_sticky_prior,C5_no_sticky_prior,P_old,ibr_mileage,0,0,,,,,,,,
scenario,S1_step_neg_006,B,remove_sticky_prior,C5_no_sticky_prior,P_old,ibr_mileage,0,0,,,,,,,,
scenario,S1_step_neg_006,C,remove_sticky_prior,C5_no_sticky_prior,P_old,ibr_mileage,0,0,,,,,,,,
scenario,S1_step_neg_008,ALL,remove_sticky_prior,C5_no_sticky_prior,P_old,ibr_mileage,0,0,,,,,,,,
scenario,S1_step_neg_008,A,remove_sticky_prior,C5_no_sticky_prior,P_old,ibr_mileage,0,0,,,,,,,,
scenario,S1_step_neg_008,B,remove_sticky_prior,C5_no_sticky_prior,P_old,ibr_mileage,0,0,,,,,,,,
scenario,S1_step_neg_008,C,remove_sticky_prior,C5_no_sticky_prior,P_old,ibr_mileage,0,0,,,,,,,,
scenario,S1_step_pos_002,ALL,remove_sticky_prior,C5_no_sticky_prior,P_old,ibr_mileage,0,0,,,,,,,,
scenario,S1_step_pos_002,A,remove_sticky_prior,C5_no_sticky_prior,P_old,ibr_mileage,0,0,,,,,,,,
scenario,S1_step_pos_002,B,remove_sticky_prior,C5_no_sticky_prior,P_old,ibr_mileage,0,0,,,,,,,,
scenario,S1_step_pos_002,C,remove_sticky_prior,C5_no_sticky_prior,P_old,ibr_mileage,0,0,,,,,,,,
scenario,S1_step_pos_004,ALL,remove_sticky_prior,C5_no_sticky_prior,P_old,ibr_mileage,0,0,,,,,,,,
scenario,S1_step_pos_004,A,remove_sticky_prior,C5_no_sticky_prior,P_old,ibr_mileage,0,0,,,,,,,,
scenario,S1_step_pos_004,B,remove_sticky_prior,C5_no_sticky_prior,P_old,ibr_mileage,0,0,,,,,,,,
scenario,S1_step_pos_004,C,remove_sticky_prior,C5_no_sticky_prior,P_old,ibr_mileage,0,0,,,,,,,,
scenario,S1_step_pos_006,ALL,remove_sticky_prior,C5_no_sticky_prior,P_old,ibr_mileage,90,90,0.3665078447010961,0.21285815061478044,0.1536496940863157,0.8676442279444151,0.6284452870167648,1.1167842965246393,9.999000099990002e-05,0.0002487255246841266
scenario,S1_step_pos_006,A,remove_sticky_prior,C5_no_sticky_prior,P_old,ibr_mileage,30,30,0.2615287736418893,0.24145447414000715,0.02007429950188218,0.1149500901900301,-0.09308440032671111,0.3770531266835667,0.48555144485551444,0.047259049490094185
scenario,S1_step_pos_006,B,remove_sticky_prior,C5_no_sticky_prior,P_old,ibr_mileage,30,30,0.24791187997952496,0.21268703686300813,0.035224843116516816,0.20596757667704038,-0.027829920119620613,0.47923764311812217,0.21397860213978603,0.6263462882488966
scenario,S1_step_pos_006,C,remove_sticky_prior,C5_no_sticky_prior,P_old,ibr_mileage,30,30,0.5900828804818742,0.18443294084132608,0.4056499396405481,2.282015016966175,2.081968667655411,2.478068183078953,9.999000099990002e-05,1.862645149230957e-09
scenario,S1_step_pos_008,ALL,remove_sticky_prior,C5_no_sticky_prior,P_old,ibr_mileage,0,0,,,,,,,,
scenario,S1_step_pos_008,A,remove_sticky_prior,C5_no_sticky_prior,P_old,ibr_mileage,0,0,,,,,,,,
scenario,S1_step_pos_008,B,remove_sticky_prior,C5_no_sticky_prior,P_old,ibr_mileage,0,0,,,,,,,,
scenario,S1_step_pos_008,C,remove_sticky_prior,C5_no_sticky_prior,P_old,ibr_mileage,0,0,,,,,,,,
scenario,S2_sluggish_switch_050,ALL,remove_sticky_prior,C5_no_sticky_prior,P_old,ibr_mileage,90,90,0.2930248829653713,0.8585155948002335,-0.5654907118348624,-0.6423535112840321,-0.6599190119148479,-0.6236257136096832,9.999000099990002e-05,1.7437900167092118e-16
scenario,S2_sluggish_switch_050,A,remove_sticky_prior,C5_no_sticky_prior,P_old,ibr_mileage,30,30,0.23770328210098485,0.725763283563501,-0.48806000146251616,-0.6458236983137501,-0.6821519404864405,-0.6044915392038076,9.999000099990002e-05,1.862645149230957e-09
scenario,S2_sluggish_switch_050,B,remove_sticky_prior,C5_no_sticky_prior,P_old,ibr_mileage,30,30,0.2288845369732047,0.6479672300048855,-0.41908269303168066,-0.6279216592886582,-0.6585517404275192,-0.594634033684056,9.999000099990002e-05,1.862645149230957e-09
scenario,S2_sluggish_switch_050,C,remove_sticky_prior,C5_no_sticky_prior,P_old,ibr_mileage,30,30,0.4124868298219244,1.2018162708323143,-0.78932944101039,-0.6533151762496875,-0.6738946088588884,-0.6329467440185653,9.999000099990002e-05,1.862645149230957e-09
scenario,S2_sluggish_switch_060,ALL,remove_sticky_prior,C5_no_sticky_prior,P_old,ibr_mileage,90,89,0.28526115742461,0.7775007408151792,-0.49223958339056906,-0.6243379265653025,-0.641406788325385,-0.6066344011155637,9.999000099990002e-05,2.5509729516632515e-16
scenario,S2_sluggish_switch_060,A,remove_sticky_prior,C5_no_sticky_prior,P_old,ibr_mileage,30,30,0.2265119919457637,0.6641886156774218,-0.43767662373165833,-0.6346954348763938,-0.6720140790853993,-0.5957021112730717,9.999000099990002e-05,1.862645149230957e-09
scenario,S2_sluggish_switch_060,B,remove_sticky_prior,C5_no_sticky_prior,P_old,ibr_mileage,30,29,0.21432014641639874,0.5924110181674656,-0.3780908717510668,-0.6265214572884169,-0.6530940650723772,-0.5993492522954867,9.999000099990002e-05,3.725290298461914e-09
scenario,S2_sluggish_switch_060,C,remove_sticky_prior,C5_no_sticky_prior,P_old,ibr_mileage,30,30,0.4125866335447271,1.069732931179059,-0.6571462976343321,-0.6118696718885339,-0.6341474945604428,-0.5882768813322861,9.999000099990002e-05,1.862645149230957e-09
scenario,S2_sluggish_switch_090,ALL,remove_sticky_prior,C5_no_sticky_prior,P_old,ibr_mileage,0,0,,,,,,,,
scenario,S2_sluggish_switch_090,A,remove_sticky_prior,C5_no_sticky_prior,P_old,ibr_mileage,0,0,,,,,,,,
scenario,S2_sluggish_switch_090,B,remove_sticky_prior,C5_no_sticky_prior,P_old,ibr_mileage,0,0,,,,,,,,
scenario,S2_sluggish_switch_090,C,remove_sticky_prior,C5_no_sticky_prior,P_old,ibr_mileage,0,0,,,,,,,,
scenario,S3_derated_coincident,ALL,remove_sticky_prior,C5_no_sticky_prior,P_old,ibr_mileage,90,90,0.31151044962448937,0.25755080508224987,0.053959644542239546,0.25450493663587703,0.18189002544111438,0.3292918132391701,9.999000099990002e-05,9.707125495507927e-09
scenario,S3_derated_coincident,A,remove_sticky_prior,C5_no_sticky_prior,P_old,ibr_mileage,30,30,0.301281581563349,0.2863269843445759,0.014954597218773132,0.06654419463710522,-0.0035448286556497683,0.13174800971672082,0.132986701329867,0.0635564886033535
scenario,S3_derated_coincident,B,remove_sticky_prior,C5_no_sticky_prior,P_old,ibr_mileage,30,30,0.33651655556973314,0.27444332665536286,0.06207322891437029,0.2331023348799245,0.11628311687031663,0.35080670647991724,0.0007999200079992001,0.00046010687947273254
scenario,S3_derated_coincident,C,remove_sticky_prior,C5_no_sticky_prior,P_old,ibr_mileage,30,30,0.2967332117403859,0.21188210424681067,0.08485110749357526,0.46386828039060135,0.32329584846117193,0.6175797766026009,9.999000099990002e-05,2.7623027563095093e-06
scenario,S4_unavailable_coincident,ALL,remove_sticky_prior,C5_no_sticky_prior,P_old,ibr_mileage,90,89,0.4216162130983826,0.5656630384575057,-0.1440468253591231,-0.30279882394024227,-0.3857041168084186,-0.21185079262443493,9.999000099990002e-05,1.973170330706775e-06
scenario,S4_unavailable_coincident,A,remove_sticky_prior,C5_no_sticky_prior,P_old,ibr_mileage,30,30,0.1995260838643809,0.4465380694364936,-0.2470119855721128,-0.5377846418646378,-0.5815236943888692,-0.4944078999810309,9.999000099990002e-05,1.862645149230957e-09
scenario,S4_unavailable_coincident,B,remove_sticky_prior,C5_no_sticky_prior,P_old,ibr_mileage,30,30,0.23085227999429317,0.5110217625395256,-0.28016948254523233,-0.527973652324097,-0.5633418842107317,-0.4898228766901205,9.999000099990002e-05,1.862645149230957e-09
scenario,S4_unavailable_coincident,C,remove_sticky_prior,C5_no_sticky_prior,P_old,ibr_mileage,30,29,0.8487066224136494,0.745421222877153,0.10328539953649644,0.17322943086139586,0.032491978550586005,0.3197820186129354,0.040695930406959305,0.06551516801118851
scenario,S5_multi_switch_stochastic,ALL,remove_sticky_prior,C5_no_sticky_prior,P_old,ibr_mileage,90,90,0.17811054830654427,0.3617236485081929,-0.18361310020164864,-0.4685842519970663,-0.5004115020391069,-0.43754443423207207,9.999000099990002e-05,1.7437900167092118e-16
scenario,S5_multi_switch_stochastic,A,remove_sticky_prior,C5_no_sticky_prior,P_old,ibr_mileage,30,30,0.20092167952563175,0.34653678572977037,-0.1456151062041386,-0.37801004233416424,-0.42991321741249333,-0.329943091423495,9.999000099990002e-05,1.862645149230957e-09
scenario,S5_multi_switch_stochastic,B,remove_sticky_prior,C5_no_sticky_prior,P_old,ibr_mileage,30,30,0.18357150722751445,0.36346963144198324,-0.17989812421446885,-0.451391012318819,-0.5020218405043466,-0.4045473221770752,9.999000099990002e-05,1.862645149230957e-09
scenario,S5_multi_switch_stochastic,C,remove_sticky_prior,C5_no_sticky_prior,P_old,ibr_mileage,30,30,0.14983845816648675,0.3751645283528252,-0.2253260701863385,-0.5763517013382156,-0.6110452948202876,-0.5413638976884451,9.999000099990002e-05,1.862645149230957e-09
scenario,S6_sluggish_coincident_high_noise,ALL,remove_sticky_prior,C5_no_sticky_prior,P_old,ibr_mileage,90,90,1.2437726333678982,0.8100692226038594,0.43370341076403895,0.6469876795846022,0.5506032852738804,0.7479375984311291,9.999000099990002e-05,8.051656981348726e-16
scenario,S6_sluggish_coincident_high_noise,A,remove_sticky_prior,C5_no_sticky_prior,P_old,ibr_mileage,30,30,1.1911755580657872,0.8274593962489962,0.363716161816791,0.5922316370438109,0.40871344429492423,0.8042996016978701,9.999000099990002e-05,3.5390257835388184e-08
scenario,S6_sluggish_coincident_high_noise,B,remove_sticky_prior,C5_no_sticky_prior,P_old,ibr_mileage,30,30,1.121765034770302,0.764250782583215,0.35751425218708693,0.5725483210194383,0.4315253557563241,0.7126219228790484,9.999000099990002e-05,1.30385160446167e-07
scenario,S6_sluggish_coincident_high_noise,C,remove_sticky_prior,C5_no_sticky_prior,P_old,ibr_mileage,30,30,1.4183773072676056,0.8384974889793668,0.5798798182882389,0.7761830806905575,0.6174186048593846,0.9437572203849947,9.999000099990002e-05,1.862645149230957e-09
scenario,S6_sluggish_coincident_low_noise,ALL,remove_sticky_prior,C5_no_sticky_prior,P_old,ibr_mileage,0,0,,,,,,,,
scenario,S6_sluggish_coincident_low_noise,A,remove_sticky_prior,C5_no_sticky_prior,P_old,ibr_mileage,0,0,,,,,,,,
scenario,S6_sluggish_coincident_low_noise,B,remove_sticky_prior,C5_no_sticky_prior,P_old,ibr_mileage,0,0,,,,,,,,
scenario,S6_sluggish_coincident_low_noise,C,remove_sticky_prior,C5_no_sticky_prior,P_old,ibr_mileage,0,0,,,,,,,,
scenario,S6_sluggish_coincident_medium_noise,ALL,remove_sticky_prior,C5_no_sticky_prior,P_old,ibr_mileage,0,0,,,,,,,,
scenario,S6_sluggish_coincident_medium_noise,A,remove_sticky_prior,C5_no_sticky_prior,P_old,ibr_mileage,0,0,,,,,,,,
scenario,S6_sluggish_coincident_medium_noise,B,remove_sticky_prior,C5_no_sticky_prior,P_old,ibr_mileage,0,0,,,,,,,,
scenario,S6_sluggish_coincident_medium_noise,C,remove_sticky_prior,C5_no_sticky_prior,P_old,ibr_mileage,0,0,,,,,,,,
scenario,S7_ood_asymmetric_limit,ALL,remove_sticky_prior,C5_no_sticky_prior,P_old,ibr_mileage,150,150,0.29460475614578513,0.2439423635492968,0.050662392596488325,0.2808796435570087,0.18963231463294195,0.3739546517754961,9.999000099990002e-05,4.5423495613408226e-05
scenario,S7_ood_asymmetric_limit,A,remove_sticky_prior,C5_no_sticky_prior,P_old,ibr_mileage,50,50,0.25817722835597373,0.2865239915949103,-0.028346763238936604,-0.07732422988371387,-0.1633176889383972,0.017443603188851325,0.044995500449955005,0.008333363871146915
scenario,S7_ood_asymmetric_limit,B,remove_sticky_prior,C5_no_sticky_prior,P_old,ibr_mileage,50,50,0.27701564803339457,0.2320903774269014,0.04492527060649313,0.21974869620175552,0.04932196427272936,0.40314887694091256,0.022297770222977704,0.24122024636948858
scenario,S7_ood_asymmetric_limit,C,remove_sticky_prior,C5_no_sticky_prior,P_old,ibr_mileage,50,50,0.34862139204798703,0.21321272162607854,0.13540867042190846,0.7002144643529844,0.576388383841158,0.8287578103701873,9.999000099990002e-05,3.375077994860476e-14
scenario,S8_ood_time_varying_delay,ALL,remove_sticky_prior,C5_no_sticky_prior,P_old,ibr_mileage,150,150,0.32868097672937135,0.4729436629530136,-0.14426268622364213,-0.27356873605194343,-0.3232599285471123,-0.22243514433644182,9.999000099990002e-05,2.8069940466517067e-16
scenario,S8_ood_time_varying_delay,A,remove_sticky_prior,C5_no_sticky_prior,P_old,ibr_mileage,50,50,0.27057830743505845,0.4303121017131722,-0.15973379427811366,-0.3222409819245097,-0.39631845565527174,-0.24231396438738473,9.999000099990002e-05,4.440531498062228e-09
scenario,S8_ood_time_varying_delay,B,remove_sticky_prior,C5_no_sticky_prior,P_old,ibr_mileage,50,50,0.2528586273605546,0.43025511464421506,-0.17739648728366056,-0.3783523784648406,-0.4586551251554347,-0.29155202782036505,9.999000099990002e-05,3.0854181432005134e-09
scenario,S8_ood_time_varying_delay,C,remove_sticky_prior,C5_no_sticky_prior,P_old,ibr_mileage,50,50,0.46260599539250113,0.5582637725016534,-0.0956577771091522,-0.12011284776647986,-0.19879389092143976,-0.03544219944396423,0.0006999300069993001,0.00046924742287757226
scenario,S9_compound_unavailable_double_step,ALL,remove_sticky_prior,C5_no_sticky_prior,P_old,ibr_mileage,150,148,0.27755646142641843,0.5180339008353496,-0.24047743940893132,-0.42369787861050323,-0.45303307605634785,-0.39277550650426807,9.999000099990002e-05,1.4071960871468446e-25
scenario,S9_compound_unavailable_double_step,A,remove_sticky_prior,C5_no_sticky_prior,P_old,ibr_mileage,50,50,0.23342870895174733,0.4437605356167916,-0.2103318266650443,-0.4382747301340796,-0.4803174220277269,-0.3925141915025387,9.999000099990002e-05,3.552713678800501e-15
scenario,S9_compound_unavailable_double_step,B,remove_sticky_prior,C5_no_sticky_prior,P_old,ibr_mileage,50,49,0.30601872268544733,0.4875411891519759,-0.1815224664665285,-0.3273863903640653,-0.38525709065951397,-0.2656157989701001,9.999000099990002e-05,6.178169087434071e-12
scenario,S9_compound_unavailable_double_step,C,remove_sticky_prior,C5_no_sticky_prior,P_old,ibr_mileage,50,49,0.2941225190190947,0.6243157607009258,-0.330193241681831,-0.5051350285675776,-0.5432320997456661,-0.46401854499225215,9.999000099990002e-05,3.552713678800501e-15
overall,ALL,ALL,perfect_belief_total_gap,C2_perfect_belief_current_mpc,P_old,freq_iae,1170,719,1.1519804324068192,1.2400420636297607,-0.08806163122294144,0.06194397787586678,0.025642278490897067,0.09986152986013326,0.0005999400059994001,6.388010788776168e-07
overall,ALL,A,perfect_belief_total_gap,C2_perfect_belief_current_mpc,P_old,freq_iae,390,240,1.0924975571994673,1.0725277500022237,0.0199698071972435,0.11259485867613585,0.04856106871805196,0.18050544853628406,0.5535446455354465,0.22619552209128713
overall,ALL,B,perfect_belief_total_gap,C2_perfect_belief_current_mpc,P_old,freq_iae,390,240,1.1628576243853126,1.167690371956412,-0.004832747571099505,0.10822055563805949,0.04037789767043137,0.1790000329234501,0.8975102489751025,0.04453933000049221
overall,ALL,C,perfect_belief_total_gap,C2_perfect_belief_current_mpc,P_old,freq_iae,390,239,1.2007894866952131,1.4809116923837877,-0.2801222056885751,-0.035389034906521635,-0.09390375857134775,0.023984821365910756,9.999000099990002e-05,2.0413596730168477e-07
scenario,S0_nominal_stochastic,ALL,perfect_belief_total_gap,C2_perfect_belief_current_mpc,P_old,freq_iae,90,90,0.4968632620560637,0.4957318702390707,0.0011313918169928358,0.0024232134061004254,-0.002066547211479,0.006838830604995655,0.33666633336666335,0.37495864885692065
scenario,S0_nominal_stochastic,A,perfect_belief_total_gap,C2_perfect_belief_current_mpc,P_old,freq_iae,30,30,0.497854240870886,0.49546045270763034,0.0023937881632554612,0.00489109413426366,-0.0026758279737307644,0.012714126529601027,0.23067693230676933,0.28936620615422726
scenario,S0_nominal_stochastic,B,perfect_belief_total_gap,C2_perfect_belief_current_mpc,P_old,freq_iae,30,30,0.4983464552986022,0.49524665451088307,0.003099800787719231,0.006259054391548865,-0.0011852773408293153,0.013885836143554358,0.12088791120887911,0.18396909348666668
scenario,S0_nominal_stochastic,C,perfect_belief_total_gap,C2_perfect_belief_current_mpc,P_old,freq_iae,30,30,0.4943890899987027,0.49648850349869883,-0.002099413499996185,-0.0038805083075112486,-0.011732348163266728,0.003757353984481154,0.33326667333266674,0.42795460671186447
scenario,S1_step_neg_002,ALL,perfect_belief_total_gap,C2_perfect_belief_current_mpc,P_old,freq_iae,0,0,,,,,,,,
scenario,S1_step_neg_002,A,perfect_belief_total_gap,C2_perfect_belief_current_mpc,P_old,freq_iae,0,0,,,,,,,,
scenario,S1_step_neg_002,B,perfect_belief_total_gap,C2_perfect_belief_current_mpc,P_old,freq_iae,0,0,,,,,,,,
scenario,S1_step_neg_002,C,perfect_belief_total_gap,C2_perfect_belief_current_mpc,P_old,freq_iae,0,0,,,,,,,,
scenario,S1_step_neg_004,ALL,perfect_belief_total_gap,C2_perfect_belief_current_mpc,P_old,freq_iae,0,0,,,,,,,,
scenario,S1_step_neg_004,A,perfect_belief_total_gap,C2_perfect_belief_current_mpc,P_old,freq_iae,0,0,,,,,,,,
scenario,S1_step_neg_004,B,perfect_belief_total_gap,C2_perfect_belief_current_mpc,P_old,freq_iae,0,0,,,,,,,,
scenario,S1_step_neg_004,C,perfect_belief_total_gap,C2_perfect_belief_current_mpc,P_old,freq_iae,0,0,,,,,,,,
scenario,S1_step_neg_006,ALL,perfect_belief_total_gap,C2_perfect_belief_current_mpc,P_old,freq_iae,0,0,,,,,,,,
scenario,S1_step_neg_006,A,perfect_belief_total_gap,C2_perfect_belief_current_mpc,P_old,freq_iae,0,0,,,,,,,,
scenario,S1_step_neg_006,B,perfect_belief_total_gap,C2_perfect_belief_current_mpc,P_old,freq_iae,0,0,,,,,,,,
scenario,S1_step_neg_006,C,perfect_belief_total_gap,C2_perfect_belief_current_mpc,P_old,freq_iae,0,0,,,,,,,,
scenario,S1_step_neg_008,ALL,perfect_belief_total_gap,C2_perfect_belief_current_mpc,P_old,freq_iae,0,0,,,,,,,,
scenario,S1_step_neg_008,A,perfect_belief_total_gap,C2_perfect_belief_current_mpc,P_old,freq_iae,0,0,,,,,,,,
scenario,S1_step_neg_008,B,perfect_belief_total_gap,C2_perfect_belief_current_mpc,P_old,freq_iae,0,0,,,,,,,,
scenario,S1_step_neg_008,C,perfect_belief_total_gap,C2_perfect_belief_current_mpc,P_old,freq_iae,0,0,,,,,,,,
scenario,S1_step_pos_002,ALL,perfect_belief_total_gap,C2_perfect_belief_current_mpc,P_old,freq_iae,0,0,,,,,,,,
scenario,S1_step_pos_002,A,perfect_belief_total_gap,C2_perfect_belief_current_mpc,P_old,freq_iae,0,0,,,,,,,,
scenario,S1_step_pos_002,B,perfect_belief_total_gap,C2_perfect_belief_current_mpc,P_old,freq_iae,0,0,,,,,,,,
scenario,S1_step_pos_002,C,perfect_belief_total_gap,C2_perfect_belief_current_mpc,P_old,freq_iae,0,0,,,,,,,,
scenario,S1_step_pos_004,ALL,perfect_belief_total_gap,C2_perfect_belief_current_mpc,P_old,freq_iae,0,0,,,,,,,,
scenario,S1_step_pos_004,A,perfect_belief_total_gap,C2_perfect_belief_current_mpc,P_old,freq_iae,0,0,,,,,,,,
scenario,S1_step_pos_004,B,perfect_belief_total_gap,C2_perfect_belief_current_mpc,P_old,freq_iae,0,0,,,,,,,,
scenario,S1_step_pos_004,C,perfect_belief_total_gap,C2_perfect_belief_current_mpc,P_old,freq_iae,0,0,,,,,,,,
scenario,S1_step_pos_006,ALL,perfect_belief_total_gap,C2_perfect_belief_current_mpc,P_old,freq_iae,90,90,0.9109744166677447,1.2012784007405128,-0.29030398407276814,-0.20852909077962348,-0.25597305295232164,-0.15916119609203533,9.999000099990002e-05,1.4011122241366154e-10
scenario,S1_step_pos_006,A,perfect_belief_total_gap,C2_perfect_belief_current_mpc,P_old,freq_iae,30,30,0.922478549086378,1.0276691374408826,-0.10519058835450472,-0.08624228265276186,-0.16520129267853306,-0.001636108506306944,0.033396660333966606,0.03098480962216854
scenario,S1_step_pos_006,B,perfect_belief_total_gap,C2_perfect_belief_current_mpc,P_old,freq_iae,30,30,0.9061799129338953,1.260415920641113,-0.354236007707218,-0.24863417661669138,-0.3231266661219805,-0.16730435084252895,9.999000099990002e-05,2.0798295736312866e-05
scenario,S1_step_pos_006,C,perfect_belief_total_gap,C2_perfect_belief_current_mpc,P_old,freq_iae,30,30,0.9042647879829606,1.3157501441395423,-0.41148535615658177,-0.2907108130694172,-0.36380471303693257,-0.21074508005562442,9.999000099990002e-05,4.7124922275543213e-07
scenario,S1_step_pos_008,ALL,perfect_belief_total_gap,C2_perfect_belief_current_mpc,P_old,freq_iae,0,0,,,,,,,,
scenario,S1_step_pos_008,A,perfect_belief_total_gap,C2_perfect_belief_current_mpc,P_old,freq_iae,0,0,,,,,,,,
scenario,S1_step_pos_008,B,perfect_belief_total_gap,C2_perfect_belief_current_mpc,P_old,freq_iae,0,0,,,,,,,,
scenario,S1_step_pos_008,C,perfect_belief_total_gap,C2_perfect_belief_current_mpc,P_old,freq_iae,0,0,,,,,,,,
scenario,S2_sluggish_switch_050,ALL,perfect_belief_total_gap,C2_perfect_belief_current_mpc,P_old,freq_iae,90,90,1.0044955503214483,1.2341818770665232,-0.229686326745075,-0.15225936073718,-0.18883943569267198,-0.11571772491365716,9.999000099990002e-05,5.083730236452544e-09
scenario,S2_sluggish_switch_050,A,perfect_belief_total_gap,C2_perfect_belief_current_mpc,P_old,freq_iae,30,30,0.9173072070240605,1.1708649900283195,-0.2535577830042589,-0.1786731743322506,-0.24578918819635978,-0.11086702323592147,0.00019998000199980003,0.0027663204818964005
scenario,S2_sluggish_switch_050,B,perfect_belief_total_gap,C2_perfect_belief_current_mpc,P_old,freq_iae,30,30,0.9918220637622437,1.2185154186152605,-0.2266933548530168,-0.13638697007313447,-0.20965557087074752,-0.06155190748154224,0.0005999400059994001,0.007612137123942375
scenario,S2_sluggish_switch_050,C,perfect_belief_total_gap,C2_perfect_belief_current_mpc,P_old,freq_iae,30,30,1.1043573801780406,1.3131652225559898,-0.20880784237794928,-0.14171793780615494,-0.18545385414482132,-0.09881072857144688,9.999000099990002e-05,8.326023817062378e-07
scenario,S2_sluggish_switch_060,ALL,perfect_belief_total_gap,C2_perfect_belief_current_mpc,P_old,freq_iae,90,90,1.036532297508296,1.205895911153206,-0.16936361364490948,-0.10598785746230828,-0.14935877352051313,-0.06218991151114546,9.999000099990002e-05,8.033743221561274e-06
scenario,S2_sluggish_switch_060,A,perfect_belief_total_gap,C2_perfect_belief_current_mpc,P_old,freq_iae,30,30,0.9150757314236929,1.1584252896007745,-0.24334955817708154,-0.17018476290753828,-0.23867787251236464,-0.10218801687403058,9.999000099990002e-05,0.007612137123942375
scenario,S2_sluggish_switch_060,B,perfect_belief_total_gap,C2_perfect_belief_current_mpc,P_old,freq_iae,30,30,1.069605672671565,1.1753523339403023,-0.10574666126873726,-0.040084054251790166,-0.13090832332013783,0.05807457217438098,0.0948905109489051,0.22855282202363014
scenario,S2_sluggish_switch_060,C,perfect_belief_total_gap,C2_perfect_belief_current_mpc,P_old,freq_iae,30,30,1.1249154884296308,1.2839101099185406,-0.15899462148890967,-0.10769475522759644,-0.15383583329611158,-0.05976716631476133,9.999000099990002e-05,0.0001528710126876831
scenario,S2_sluggish_switch_090,ALL,perfect_belief_total_gap,C2_perfect_belief_current_mpc,P_old,freq_iae,0,0,,,,,,,,
scenario,S2_sluggish_switch_090,A,perfect_belief_total_gap,C2_perfect_belief_current_mpc,P_old,freq_iae,0,0,,,,,,,,
scenario,S2_sluggish_switch_090,B,perfect_belief_total_gap,C2_perfect_belief_current_mpc,P_old,freq_iae,0,0,,,,,,,,
scenario,S2_sluggish_switch_090,C,perfect_belief_total_gap,C2_perfect_belief_current_mpc,P_old,freq_iae,0,0,,,,,,,,
scenario,S3_derated_coincident,ALL,perfect_belief_total_gap,C2_perfect_belief_current_mpc,P_old,freq_iae,90,89,2.2768912647613595,1.06766051561035,1.209230749151009,1.2012471121074555,1.1271523562465708,1.275889562044364,9.999000099990002e-05,2.5509729516632515e-16
scenario,S3_derated_coincident,A,perfect_belief_total_gap,C2_perfect_belief_current_mpc,P_old,freq_iae,30,30,2.079812843249768,0.900454941928806,1.1793579013209619,1.3192075185027243,1.2505963785696288,1.383611632803798,9.999000099990002e-05,1.862645149230957e-09
scenario,S3_derated_coincident,B,perfect_belief_total_gap,C2_perfect_belief_current_mpc,P_old,freq_iae,30,30,2.2878662501564615,1.0283442418255768,1.2595220083308851,1.3093231535199008,1.1574790997894762,1.4511339959480503,9.999000099990002e-05,1.862645149230957e-09
scenario,S3_derated_coincident,C,perfect_belief_total_gap,C2_perfect_belief_current_mpc,P_old,freq_iae,30,29,2.469412060743933,1.281303806092747,1.188108254651186,0.9674163040305097,0.8580353639024282,1.0920960186648683,9.999000099990002e-05,3.725290298461914e-09
scenario,S4_unavailable_coincident,ALL,perfect_belief_total_gap,C2_perfect_belief_current_mpc,P_old,freq_iae,90,90,1.2048850240421212,2.068370420349231,-0.86348539630711,-0.3609402056950756,-0.4011174796974143,-0.31902823612321607,9.999000099990002e-05,5.419762898063934e-16
scenario,S4_unavailable_coincident,A,perfect_belief_total_gap,C2_perfect_belief_current_mpc,P_old,freq_iae,30,30,1.0286370540044485,1.3863204810321859,-0.35768342702773714,-0.2526460085695449,-0.3159630118144329,-0.1844239087914695,9.999000099990002e-05,8.326023817062378e-07
scenario,S4_unavailable_coincident,B,perfect_belief_total_gap,C2_perfect_belief_current_mpc,P_old,freq_iae,30,30,1.1756623305078049,1.6122450517938598,-0.4365827212860553,-0.27012378694162636,-0.3243610241522588,-0.21387679485496455,9.999000099990002e-05,1.862645149230957e-09
scenario,S4_unavailable_coincident,C,perfect_belief_total_gap,C2_perfect_belief_current_mpc,P_old,freq_iae,30,30,1.4103556876141103,3.206545728221647,-1.7961900406075373,-0.5600508215740557,-0.5675033669593751,-0.5522399031712281,9.999000099990002e-05,1.862645149230957e-09
scenario,S5_multi_switch_stochastic,ALL,perfect_belief_total_gap,C2_perfect_belief_current_mpc,P_old,freq_iae,90,90,0.7077336214483897,0.5181286486626446,0.18960497278574506,0.36697427072420086,0.3426977074664416,0.3917421625865914,9.999000099990002e-05,1.7437900167092118e-16
scenario,S5_multi_switch_stochastic,A,perfect_belief_total_gap,C2_perfect_belief_current_mpc,P_old,freq_iae,30,30,0.7162262656694823,0.5155271803447843,0.20069908532469807,0.3901063585286471,0.35520711224150703,0.4266936166058923,9.999000099990002e-05,1.862645149230957e-09
scenario,S5_multi_switch_stochastic,B,perfect_belief_total_gap,C2_perfect_belief_current_mpc,P_old,freq_iae,30,30,0.7414019409946407,0.5167307529963482,0.2246711879982927,0.43629013460738436,0.3997187883952513,0.4747428552224396,9.999000099990002e-05,1.862645149230957e-09
scenario,S5_multi_switch_stochastic,C,perfect_belief_total_gap,C2_perfect_belief_current_mpc,P_old,freq_iae,30,30,0.6655726576810461,0.5221280126468015,0.14344464503424448,0.27452631903657104,0.24422963716602583,0.30496023881193435,9.999000099990002e-05,1.862645149230957e-09
scenario,S6_sluggish_coincident_high_noise,ALL,perfect_belief_total_gap,C2_perfect_belief_current_mpc,P_old,freq_iae,90,90,1.5899670316975154,2.127173514682998,-0.5372064829854831,-0.2347173348429505,-0.2634104657805901,-0.20560476802972621,9.999000099990002e-05,6.185757131825867e-16
scenario,S6_sluggish_coincident_high_noise,A,perfect_belief_total_gap,C2_perfect_belief_current_mpc,P_old,freq_iae,30,30,1.6625885662670217,1.9254995269344066,-0.262910960667385,-0.12569987329445217,-0.16399680229520042,-0.08633671022860852,9.999000099990002e-05,2.348795533180237e-06
scenario,S6_sluggish_coincident_high_noise,B,perfect_belief_total_gap,C2_perfect_belief_current_mpc,P_old,freq_iae,30,30,1.631976368757287,2.0346726013279524,-0.40269623257066567,-0.19087890953111553,-0.2210527336857293,-0.160151059197197,9.999000099990002e-05,3.725290298461914e-09
scenario,S6_sluggish_coincident_high_noise,C,perfect_belief_total_gap,C2_perfect_belief_current_mpc,P_old,freq_iae,30,30,1.4753361600682362,2.421348415786635,-0.9460122557183988,-0.3875732217032838,-0.40409896574326787,-0.37097880752214357,9.999000099990002e-05,1.862645149230957e-09
scenario,S6_sluggish_coincident_low_noise,ALL,perfect_belief_total_gap,C2_perfect_belief_current_mpc,P_old,freq_iae,0,0,,,,,,,,
scenario,S6_sluggish_coincident_low_noise,A,perfect_belief_total_gap,C2_perfect_belief_current_mpc,P_old,freq_iae,0,0,,,,,,,,
scenario,S6_sluggish_coincident_low_noise,B,perfect_belief_total_gap,C2_perfect_belief_current_mpc,P_old,freq_iae,0,0,,,,,,,,
scenario,S6_sluggish_coincident_low_noise,C,perfect_belief_total_gap,C2_perfect_belief_current_mpc,P_old,freq_iae,0,0,,,,,,,,
scenario,S6_sluggish_coincident_medium_noise,ALL,perfect_belief_total_gap,C2_perfect_belief_current_mpc,P_old,freq_iae,0,0,,,,,,,,
scenario,S6_sluggish_coincident_medium_noise,A,perfect_belief_total_gap,C2_perfect_belief_current_mpc,P_old,freq_iae,0,0,,,,,,,,
scenario,S6_sluggish_coincident_medium_noise,B,perfect_belief_total_gap,C2_perfect_belief_current_mpc,P_old,freq_iae,0,0,,,,,,,,
scenario,S6_sluggish_coincident_medium_noise,C,perfect_belief_total_gap,C2_perfect_belief_current_mpc,P_old,freq_iae,0,0,,,,,,,,
scenario,S7_ood_asymmetric_limit,ALL,perfect_belief_total_gap,C2_perfect_belief_current_mpc,P_old,freq_iae,150,0,,,,,,,,
scenario,S7_ood_asymmetric_limit,A,perfect_belief_total_gap,C2_perfect_belief_current_mpc,P_old,freq_iae,50,0,,,,,,,,
scenario,S7_ood_asymmetric_limit,B,perfect_belief_total_gap,C2_perfect_belief_current_mpc,P_old,freq_iae,50,0,,,,,,,,
scenario,S7_ood_asymmetric_limit,C,perfect_belief_total_gap,C2_perfect_belief_current_mpc,P_old,freq_iae,50,0,,,,,,,,
scenario,S8_ood_time_varying_delay,ALL,perfect_belief_total_gap,C2_perfect_belief_current_mpc,P_old,freq_iae,150,0,,,,,,,,
scenario,S8_ood_time_varying_delay,A,perfect_belief_total_gap,C2_perfect_belief_current_mpc,P_old,freq_iae,50,0,,,,,,,,
scenario,S8_ood_time_varying_delay,B,perfect_belief_total_gap,C2_perfect_belief_current_mpc,P_old,freq_iae,50,0,,,,,,,,
scenario,S8_ood_time_varying_delay,C,perfect_belief_total_gap,C2_perfect_belief_current_mpc,P_old,freq_iae,50,0,,,,,,,,
scenario,S9_compound_unavailable_double_step,ALL,perfect_belief_total_gap,C2_perfect_belief_current_mpc,P_old,freq_iae,150,0,,,,,,,,
scenario,S9_compound_unavailable_double_step,A,perfect_belief_total_gap,C2_perfect_belief_current_mpc,P_old,freq_iae,50,0,,,,,,,,
scenario,S9_compound_unavailable_double_step,B,perfect_belief_total_gap,C2_perfect_belief_current_mpc,P_old,freq_iae,50,0,,,,,,,,
scenario,S9_compound_unavailable_double_step,C,perfect_belief_total_gap,C2_perfect_belief_current_mpc,P_old,freq_iae,50,0,,,,,,,,
overall,ALL,ALL,perfect_belief_total_gap,C2_perfect_belief_current_mpc,P_old,max_abs_freq_hz,1170,719,0.21678203091870454,0.2140524338969472,0.0027295970217573653,0.23194013490255386,0.18142305698029268,0.2875120669268188,9.999000099990002e-05,6.894188793899622e-08
overall,ALL,A,perfect_belief_total_gap,C2_perfect_belief_current_mpc,P_old,max_abs_freq_hz,390,240,0.2147028962119793,0.21146094948522784,0.0032419467267514766,0.20764886092270923,0.1329737499600369,0.29205513357607715,9.999000099990002e-05,0.00010871020256790171
overall,ALL,B,perfect_belief_total_gap,C2_perfect_belief_current_mpc,P_old,max_abs_freq_hz,390,240,0.21718410173294106,0.214448548529068,0.002735553203873041,0.27799342742140304,0.1730506336205986,0.3955525496467254,0.00019998000199980003,0.0322846924898909
overall,ALL,C,perfect_belief_total_gap,C2_perfect_belief_current_mpc,P_old,max_abs_freq_hz,390,239,0.21846611181492767,0.21625698932415918,0.0022091224907684563,0.21008706189267498,0.13387506486254871,0.29532728705456374,0.0059994000599940004,0.0013916016991702325
scenario,S0_nominal_stochastic,ALL,perfect_belief_total_gap,C2_perfect_belief_current_mpc,P_old,max_abs_freq_hz,90,90,0.011873744817411925,0.01187720801708226,-3.4631996703330068e-06,0.007464152804839246,-0.011142314580668182,0.026125612259269623,0.9827017298270173,0.4037653303948012
scenario,S0_nominal_stochastic,A,perfect_belief_total_gap,C2_perfect_belief_current_mpc,P_old,max_abs_freq_hz,30,30,0.011877548967709924,0.01168126175558958,0.0001962872121203436,0.019974932165517253,-0.0057491828889377405,0.046346942531670716,0.20577942205779423,0.22064675763249397
scenario,S0_nominal_stochastic,B,perfect_belief_total_gap,C2_perfect_belief_current_mpc,P_old,max_abs_freq_hz,30,30,0.011873056106758078,0.011942181127139108,-6.912502038102965e-05,0.0006975323014504186,-0.030517990025027534,0.03126897692424497,0.7452254774522548,0.935398668050766
scenario,S0_nominal_stochastic,C,perfect_belief_total_gap,C2_perfect_belief_current_mpc,P_old,max_abs_freq_hz,30,30,0.011870629377767774,0.012008181168518085,-0.00013755179075031296,0.0017199939475500698,-0.041386231016105446,0.03922436623565233,0.816018398160184,0.8552717231214046
scenario,S1_step_neg_002,ALL,perfect_belief_total_gap,C2_perfect_belief_current_mpc,P_old,max_abs_freq_hz,0,0,,,,,,,,
scenario,S1_step_neg_002,A,perfect_belief_total_gap,C2_perfect_belief_current_mpc,P_old,max_abs_freq_hz,0,0,,,,,,,,
scenario,S1_step_neg_002,B,perfect_belief_total_gap,C2_perfect_belief_current_mpc,P_old,max_abs_freq_hz,0,0,,,,,,,,
scenario,S1_step_neg_002,C,perfect_belief_total_gap,C2_perfect_belief_current_mpc,P_old,max_abs_freq_hz,0,0,,,,,,,,
scenario,S1_step_neg_004,ALL,perfect_belief_total_gap,C2_perfect_belief_current_mpc,P_old,max_abs_freq_hz,0,0,,,,,,,,
scenario,S1_step_neg_004,A,perfect_belief_total_gap,C2_perfect_belief_current_mpc,P_old,max_abs_freq_hz,0,0,,,,,,,,
scenario,S1_step_neg_004,B,perfect_belief_total_gap,C2_perfect_belief_current_mpc,P_old,max_abs_freq_hz,0,0,,,,,,,,
scenario,S1_step_neg_004,C,perfect_belief_total_gap,C2_perfect_belief_current_mpc,P_old,max_abs_freq_hz,0,0,,,,,,,,
scenario,S1_step_neg_006,ALL,perfect_belief_total_gap,C2_perfect_belief_current_mpc,P_old,max_abs_freq_hz,0,0,,,,,,,,
scenario,S1_step_neg_006,A,perfect_belief_total_gap,C2_perfect_belief_current_mpc,P_old,max_abs_freq_hz,0,0,,,,,,,,
scenario,S1_step_neg_006,B,perfect_belief_total_gap,C2_perfect_belief_current_mpc,P_old,max_abs_freq_hz,0,0,,,,,,,,
scenario,S1_step_neg_006,C,perfect_belief_total_gap,C2_perfect_belief_current_mpc,P_old,max_abs_freq_hz,0,0,,,,,,,,
scenario,S1_step_neg_008,ALL,perfect_belief_total_gap,C2_perfect_belief_current_mpc,P_old,max_abs_freq_hz,0,0,,,,,,,,
scenario,S1_step_neg_008,A,perfect_belief_total_gap,C2_perfect_belief_current_mpc,P_old,max_abs_freq_hz,0,0,,,,,,,,
scenario,S1_step_neg_008,B,perfect_belief_total_gap,C2_perfect_belief_current_mpc,P_old,max_abs_freq_hz,0,0,,,,,,,,
scenario,S1_step_neg_008,C,perfect_belief_total_gap,C2_perfect_belief_current_mpc,P_old,max_abs_freq_hz,0,0,,,,,,,,
scenario,S1_step_pos_002,ALL,perfect_belief_total_gap,C2_perfect_belief_current_mpc,P_old,max_abs_freq_hz,0,0,,,,,,,,
scenario,S1_step_pos_002,A,perfect_belief_total_gap,C2_perfect_belief_current_mpc,P_old,max_abs_freq_hz,0,0,,,,,,,,
scenario,S1_step_pos_002,B,perfect_belief_total_gap,C2_perfect_belief_current_mpc,P_old,max_abs_freq_hz,0,0,,,,,,,,
scenario,S1_step_pos_002,C,perfect_belief_total_gap,C2_perfect_belief_current_mpc,P_old,max_abs_freq_hz,0,0,,,,,,,,
scenario,S1_step_pos_004,ALL,perfect_belief_total_gap,C2_perfect_belief_current_mpc,P_old,max_abs_freq_hz,0,0,,,,,,,,
scenario,S1_step_pos_004,A,perfect_belief_total_gap,C2_perfect_belief_current_mpc,P_old,max_abs_freq_hz,0,0,,,,,,,,
scenario,S1_step_pos_004,B,perfect_belief_total_gap,C2_perfect_belief_current_mpc,P_old,max_abs_freq_hz,0,0,,,,,,,,
scenario,S1_step_pos_004,C,perfect_belief_total_gap,C2_perfect_belief_current_mpc,P_old,max_abs_freq_hz,0,0,,,,,,,,
scenario,S1_step_pos_006,ALL,perfect_belief_total_gap,C2_perfect_belief_current_mpc,P_old,max_abs_freq_hz,90,90,0.25007088430981356,0.25850084055994926,-0.008429956250135734,-0.03040360983005719,-0.03976995416899654,-0.021021975361934602,9.999000099990002e-05,2.685400077977858e-07
scenario,S1_step_pos_006,A,perfect_belief_total_gap,C2_perfect_belief_current_mpc,P_old,max_abs_freq_hz,30,30,0.24860236716038442,0.24389440958494987,0.004707957575434515,0.019674901247652424,0.01199278082434447,0.02683619963137043,0.00019998000199980003,3.904104232788086e-05
scenario,S1_step_pos_006,B,perfect_belief_total_gap,C2_perfect_belief_current_mpc,P_old,max_abs_freq_hz,30,30,0.2505504745809342,0.260891554290016,-0.010341079709081788,-0.03840739152025318,-0.05084316870062486,-0.02664223200830171,9.999000099990002e-05,3.725290298461914e-09
scenario,S1_step_pos_006,C,perfect_belief_total_gap,C2_perfect_belief_current_mpc,P_old,max_abs_freq_hz,30,30,0.2510598111881221,0.2707165578048821,-0.019656746616759934,-0.07247833921757083,-0.07822689359209557,-0.06793370962923372,9.999000099990002e-05,1.862645149230957e-09
scenario,S1_step_pos_008,ALL,perfect_belief_total_gap,C2_perfect_belief_current_mpc,P_old,max_abs_freq_hz,0,0,,,,,,,,
scenario,S1_step_pos_008,A,perfect_belief_total_gap,C2_perfect_belief_current_mpc,P_old,max_abs_freq_hz,0,0,,,,,,,,
scenario,S1_step_pos_008,B,perfect_belief_total_gap,C2_perfect_belief_current_mpc,P_old,max_abs_freq_hz,0,0,,,,,,,,
scenario,S1_step_pos_008,C,perfect_belief_total_gap,C2_perfect_belief_current_mpc,P_old,max_abs_freq_hz,0,0,,,,,,,,
scenario,S2_sluggish_switch_050,ALL,perfect_belief_total_gap,C2_perfect_belief_current_mpc,P_old,max_abs_freq_hz,90,90,0.2882149851053871,0.28806904006782197,0.00014594503756520073,0.0005200462025097284,-0.0008073649639005935,0.0019444305826272215,0.4854514548545146,0.6741381396348614
scenario,S2_sluggish_switch_050,A,perfect_belief_total_gap,C2_perfect_belief_current_mpc,P_old,max_abs_freq_hz,30,30,0.28612948024737633,0.2861341321602337,-4.651912857287869e-06,-1.3493168186256047e-05,-0.001016630501818531,0.0010471197516539036,0.9742025797420258,0.9676735773682594
scenario,S2_sluggish_switch_050,B,perfect_belief_total_gap,C2_perfect_belief_current_mpc,P_old,max_abs_freq_hz,30,30,0.2884010933523747,0.28814442523519873,0.00025666811717601584,0.0009021449505527778,-0.0013204998147627143,0.003072836311144109,0.43465653434656537,0.2621222734451294
scenario,S2_sluggish_switch_050,C,perfect_belief_total_gap,C2_perfect_belief_current_mpc,P_old,max_abs_freq_hz,30,30,0.29011438171641024,0.2899285628080334,0.00018581890837687426,0.0006714868251626635,-0.0024954442529707827,0.004206541867282235,0.716928307169283,0.8078304156661034
scenario,S2_sluggish_switch_060,ALL,perfect_belief_total_gap,C2_perfect_belief_current_mpc,P_old,max_abs_freq_hz,90,90,0.2882313485352092,0.28831670835164525,-8.535981643612948e-05,-0.00028817416180880733,-0.0009244283262047147,0.0003386168384100333,0.36626337366263373,0.4244630970045934
scenario,S2_sluggish_switch_060,A,perfect_belief_total_gap,C2_perfect_belief_current_mpc,P_old,max_abs_freq_hz,30,30,0.28613672151569675,0.28607091756458203,6.580395111474938e-05,0.0002307235559891491,-0.00019664306065226414,0.0006373527625291948,0.30646935306469353,0.31839608028531075
scenario,S2_sluggish_switch_060,B,perfect_belief_total_gap,C2_perfect_belief_current_mpc,P_old,max_abs_freq_hz,30,30,0.2879374578606712,0.28832656362772224,-0.0003891057670511344,-0.0013373951485102836,-0.002499450174538131,-0.00024322974381886728,0.028397160283971604,0.0426517054438591
scenario,S2_sluggish_switch_060,C,perfect_belief_total_gap,C2_perfect_belief_current_mpc,P_old,max_abs_freq_hz,30,30,0.2906198662292596,0.2905526438626316,6.72223666279966e-05,0.00024214910709471256,-0.0011062775756649974,0.0016292152066278889,0.7538246175382461,0.8235769439488649
scenario,S2_sluggish_switch_090,ALL,perfect_belief_total_gap,C2_perfect_belief_current_mpc,P_old,max_abs_freq_hz,0,0,,,,,,,,
scenario,S2_sluggish_switch_090,A,perfect_belief_total_gap,C2_perfect_belief_current_mpc,P_old,max_abs_freq_hz,0,0,,,,,,,,
scenario,S2_sluggish_switch_090,B,perfect_belief_total_gap,C2_perfect_belief_current_mpc,P_old,max_abs_freq_hz,0,0,,,,,,,,
scenario,S2_sluggish_switch_090,C,perfect_belief_total_gap,C2_perfect_belief_current_mpc,P_old,max_abs_freq_hz,0,0,,,,,,,,
scenario,S3_derated_coincident,ALL,perfect_belief_total_gap,C2_perfect_belief_current_mpc,P_old,max_abs_freq_hz,90,89,0.27393451048193534,0.26896750848135026,0.004967002000585042,0.018664099067774234,0.01324282216208774,0.024446348481345505,9.999000099990002e-05,4.794421953405308e-07
scenario,S3_derated_coincident,A,perfect_belief_total_gap,C2_perfect_belief_current_mpc,P_old,max_abs_freq_hz,30,30,0.2704009227592261,0.2710955174898701,-0.0006945947306439085,-0.0025615575860027263,-0.004056074484779433,-0.0009808637660570364,0.0044995500449955,0.008705463260412216
scenario,S3_derated_coincident,B,perfect_belief_total_gap,C2_perfect_belief_current_mpc,P_old,max_abs_freq_hz,30,30,0.27182152878636273,0.2692673372030533,0.00255419158330946,0.00953168973386545,0.0031220090948820157,0.015376160478691146,0.005499450054994501,0.001718590036034584
scenario,S3_derated_coincident,C,perfect_belief_total_gap,C2_perfect_belief_current_mpc,P_old,max_abs_freq_hz,30,29,0.2797757891905026,0.266455952208706,0.013319836981796628,0.050068994917104315,0.04246246005793522,0.057572516948259544,9.999000099990002e-05,3.725290298461914e-09
scenario,S4_unavailable_coincident,ALL,perfect_belief_total_gap,C2_perfect_belief_current_mpc,P_old,max_abs_freq_hz,90,90,0.29625850918063673,0.2966315908029647,-0.00037308162232795007,-0.001211455616088427,-0.0025171931014336133,0.0003754486321908175,0.07849215078492151,0.0002487255246841266
scenario,S4_unavailable_coincident,A,perfect_belief_total_gap,C2_perfect_belief_current_mpc,P_old,max_abs_freq_hz,30,30,0.29281318799332856,0.2932065077213839,-0.0003933197280553247,-0.0013354395514789512,-0.0021311249201344112,-0.0006303378398668356,0.0006999300069993001,0.001038169488310814
scenario,S4_unavailable_coincident,B,perfect_belief_total_gap,C2_perfect_belief_current_mpc,P_old,max_abs_freq_hz,30,30,0.29561489800605245,0.2963566117143218,-0.0007417137082693185,-0.002475696780783912,-0.004137236557013293,-0.0010266464277357307,0.0014998500149985001,0.0021877754479646683
scenario,S4_unavailable_coincident,C,perfect_belief_total_gap,C2_perfect_belief_current_mpc,P_old,max_abs_freq_hz,30,30,0.30034744154252924,0.30033165297318837,1.5788569340792944e-05,0.0001767694839975822,-0.003214063748903684,0.004438623371600379,0.9825017498250175,0.4771064817905426
scenario,S5_multi_switch_stochastic,ALL,perfect_belief_total_gap,C2_perfect_belief_current_mpc,P_old,max_abs_freq_hz,90,90,0.03494390789073231,0.012626198101069365,0.02231770978966294,1.8462707430366754,1.628800821180656,2.0808619571134868,9.999000099990002e-05,1.7437900167092118e-16
scenario,S5_multi_switch_stochastic,A,perfect_belief_total_gap,C2_perfect_belief_current_mpc,P_old,max_abs_freq_hz,30,30,0.03192690191957494,0.012673824949388726,0.019253076970186214,1.6140647227829645,1.2995365082735983,1.9603172060979033,9.999000099990002e-05,1.862645149230957e-09
scenario,S5_multi_switch_stochastic,B,perfect_belief_total_gap,C2_perfect_belief_current_mpc,P_old,max_abs_freq_hz,30,30,0.03906829741959109,0.012351086248951471,0.02671721117063963,2.241198521458641,1.7975722564309666,2.7330808987445465,9.999000099990002e-05,1.862645149230957e-09
scenario,S5_multi_switch_stochastic,C,perfect_belief_total_gap,C2_perfect_belief_current_mpc,P_old,max_abs_freq_hz,30,30,0.03383652433303088,0.012853683104867895,0.020982841228162987,1.6835489848684209,1.400349540236636,1.9988156633067553,9.999000099990002e-05,1.862645149230957e-09
scenario,S6_sluggish_coincident_high_noise,ALL,perfect_belief_total_gap,C2_perfect_belief_current_mpc,P_old,max_abs_freq_hz,90,90,0.291363384579213,0.2880405442890768,0.0033228402901361903,0.012135543985089672,0.005716551247234051,0.018835304303148653,0.0004999500049995,0.0002690077242663606
scenario,S6_sluggish_coincident_high_noise,A,perfect_belief_total_gap,C2_perfect_belief_current_mpc,P_old,max_abs_freq_hz,30,30,0.28973603913253726,0.28693102465582476,0.0028050144767125178,0.011156097935218452,-0.0037796408946209727,0.027386448049093067,0.21307869213078692,0.24494642950594425
scenario,S6_sluggish_coincident_high_noise,B,perfect_belief_total_gap,C2_perfect_belief_current_mpc,P_old,max_abs_freq_hz,30,30,0.2922060077507839,0.2883086287861414,0.003897378964642497,0.013838014376261915,0.004086262251945422,0.02341018463697747,0.0115988401159884,0.011303061619400978
scenario,S6_sluggish_coincident_high_noise,C,perfect_belief_total_gap,C2_perfect_belief_current_mpc,P_old,max_abs_freq_hz,30,30,0.29214810685431786,0.2888819794252643,0.003266127429053556,0.011412519643788652,0.004286597276013605,0.018591628271142448,0.0040995900409959,0.0037444327026605606
scenario,S6_sluggish_coincident_low_noise,ALL,perfect_belief_total_gap,C2_perfect_belief_current_mpc,P_old,max_abs_freq_hz,0,0,,,,,,,,
scenario,S6_sluggish_coincident_low_noise,A,perfect_belief_total_gap,C2_perfect_belief_current_mpc,P_old,max_abs_freq_hz,0,0,,,,,,,,
scenario,S6_sluggish_coincident_low_noise,B,perfect_belief_total_gap,C2_perfect_belief_current_mpc,P_old,max_abs_freq_hz,0,0,,,,,,,,
scenario,S6_sluggish_coincident_low_noise,C,perfect_belief_total_gap,C2_perfect_belief_current_mpc,P_old,max_abs_freq_hz,0,0,,,,,,,,
scenario,S6_sluggish_coincident_medium_noise,ALL,perfect_belief_total_gap,C2_perfect_belief_current_mpc,P_old,max_abs_freq_hz,0,0,,,,,,,,
scenario,S6_sluggish_coincident_medium_noise,A,perfect_belief_total_gap,C2_perfect_belief_current_mpc,P_old,max_abs_freq_hz,0,0,,,,,,,,
scenario,S6_sluggish_coincident_medium_noise,B,perfect_belief_total_gap,C2_perfect_belief_current_mpc,P_old,max_abs_freq_hz,0,0,,,,,,,,
scenario,S6_sluggish_coincident_medium_noise,C,perfect_belief_total_gap,C2_perfect_belief_current_mpc,P_old,max_abs_freq_hz,0,0,,,,,,,,
scenario,S7_ood_asymmetric_limit,ALL,perfect_belief_total_gap,C2_perfect_belief_current_mpc,P_old,max_abs_freq_hz,150,0,,,,,,,,
scenario,S7_ood_asymmetric_limit,A,perfect_belief_total_gap,C2_perfect_belief_current_mpc,P_old,max_abs_freq_hz,50,0,,,,,,,,
scenario,S7_ood_asymmetric_limit,B,perfect_belief_total_gap,C2_perfect_belief_current_mpc,P_old,max_abs_freq_hz,50,0,,,,,,,,
scenario,S7_ood_asymmetric_limit,C,perfect_belief_total_gap,C2_perfect_belief_current_mpc,P_old,max_abs_freq_hz,50,0,,,,,,,,
scenario,S8_ood_time_varying_delay,ALL,perfect_belief_total_gap,C2_perfect_belief_current_mpc,P_old,max_abs_freq_hz,150,0,,,,,,,,
scenario,S8_ood_time_varying_delay,A,perfect_belief_total_gap,C2_perfect_belief_current_mpc,P_old,max_abs_freq_hz,50,0,,,,,,,,
scenario,S8_ood_time_varying_delay,B,perfect_belief_total_gap,C2_perfect_belief_current_mpc,P_old,max_abs_freq_hz,50,0,,,,,,,,
scenario,S8_ood_time_varying_delay,C,perfect_belief_total_gap,C2_perfect_belief_current_mpc,P_old,max_abs_freq_hz,50,0,,,,,,,,
scenario,S9_compound_unavailable_double_step,ALL,perfect_belief_total_gap,C2_perfect_belief_current_mpc,P_old,max_abs_freq_hz,150,0,,,,,,,,
scenario,S9_compound_unavailable_double_step,A,perfect_belief_total_gap,C2_perfect_belief_current_mpc,P_old,max_abs_freq_hz,50,0,,,,,,,,
scenario,S9_compound_unavailable_double_step,B,perfect_belief_total_gap,C2_perfect_belief_current_mpc,P_old,max_abs_freq_hz,50,0,,,,,,,,
scenario,S9_compound_unavailable_double_step,C,perfect_belief_total_gap,C2_perfect_belief_current_mpc,P_old,max_abs_freq_hz,50,0,,,,,,,,
overall,ALL,ALL,perfect_belief_total_gap,C2_perfect_belief_current_mpc,P_old,sg_mileage,1170,719,0.8018452296850747,0.7320451418635621,0.06980008782151266,0.11529429444003189,0.0889069479653334,0.1429059202061101,9.999000099990002e-05,2.6439053815616863e-09
overall,ALL,A,perfect_belief_total_gap,C2_perfect_belief_current_mpc,P_old,sg_mileage,390,240,0.9849611211505248,0.8861835393995176,0.09877758175100738,0.08620656840456514,0.049145425019966604,0.12457145061238517,9.999000099990002e-05,0.00037471861544280844
overall,ALL,B,perfect_belief_total_gap,C2_perfect_belief_current_mpc,P_old,sg_mileage,390,240,0.8526770912325127,0.813260745175125,0.03941634605738756,0.04258005302767007,0.011825244906522866,0.07326553198723781,0.004199580041995801,0.01746443817767602
overall,ALL,C,perfect_belief_total_gap,C2_perfect_belief_current_mpc,P_old,sg_mileage,390,239,0.5669186157809195,0.4957063962426232,0.07121221953829628,0.217522211542454,0.15597402010449635,0.2811742071262765,9.999000099990002e-05,1.283794275676017e-06
scenario,S0_nominal_stochastic,ALL,perfect_belief_total_gap,C2_perfect_belief_current_mpc,P_old,sg_mileage,90,90,0.6852684931452591,0.6786639207557795,0.006604572389479619,0.016227668699769392,0.0017303474212357647,0.030809183758789615,0.19658034196580343,0.10972813462552537
scenario,S0_nominal_stochastic,A,perfect_belief_total_gap,C2_perfect_belief_current_mpc,P_old,sg_mileage,30,30,0.7250988244190247,0.7380107691357239,-0.012911944716699045,-0.013771328584312986,-0.0385608957038581,0.010538396107643302,0.1912808719128087,0.23665234446525574
scenario,S0_nominal_stochastic,B,perfect_belief_total_gap,C2_perfect_belief_current_mpc,P_old,sg_mileage,30,30,0.7130578482492745,0.7179279013855884,-0.00487005313631406,-0.003967473782764287,-0.02619870724521615,0.01865870070683736,0.5771422857714229,0.5698575973510742
scenario,S0_nominal_stochastic,C,perfect_belief_total_gap,C2_perfect_belief_current_mpc,P_old,sg_mileage,30,30,0.6176488067674782,0.580053091746026,0.03759571502145196,0.06642180846638544,0.04851669491497832,0.0850582906763354,9.999000099990002e-05,4.7124922275543213e-07
scenario,S1_step_neg_002,ALL,perfect_belief_total_gap,C2_perfect_belief_current_mpc,P_old,sg_mileage,0,0,,,,,,,,
scenario,S1_step_neg_002,A,perfect_belief_total_gap,C2_perfect_belief_current_mpc,P_old,sg_mileage,0,0,,,,,,,,
scenario,S1_step_neg_002,B,perfect_belief_total_gap,C2_perfect_belief_current_mpc,P_old,sg_mileage,0,0,,,,,,,,
scenario,S1_step_neg_002,C,perfect_belief_total_gap,C2_perfect_belief_current_mpc,P_old,sg_mileage,0,0,,,,,,,,
scenario,S1_step_neg_004,ALL,perfect_belief_total_gap,C2_perfect_belief_current_mpc,P_old,sg_mileage,0,0,,,,,,,,
scenario,S1_step_neg_004,A,perfect_belief_total_gap,C2_perfect_belief_current_mpc,P_old,sg_mileage,0,0,,,,,,,,
scenario,S1_step_neg_004,B,perfect_belief_total_gap,C2_perfect_belief_current_mpc,P_old,sg_mileage,0,0,,,,,,,,
scenario,S1_step_neg_004,C,perfect_belief_total_gap,C2_perfect_belief_current_mpc,P_old,sg_mileage,0,0,,,,,,,,
scenario,S1_step_neg_006,ALL,perfect_belief_total_gap,C2_perfect_belief_current_mpc,P_old,sg_mileage,0,0,,,,,,,,
scenario,S1_step_neg_006,A,perfect_belief_total_gap,C2_perfect_belief_current_mpc,P_old,sg_mileage,0,0,,,,,,,,
scenario,S1_step_neg_006,B,perfect_belief_total_gap,C2_perfect_belief_current_mpc,P_old,sg_mileage,0,0,,,,,,,,
scenario,S1_step_neg_006,C,perfect_belief_total_gap,C2_perfect_belief_current_mpc,P_old,sg_mileage,0,0,,,,,,,,
scenario,S1_step_neg_008,ALL,perfect_belief_total_gap,C2_perfect_belief_current_mpc,P_old,sg_mileage,0,0,,,,,,,,
scenario,S1_step_neg_008,A,perfect_belief_total_gap,C2_perfect_belief_current_mpc,P_old,sg_mileage,0,0,,,,,,,,
scenario,S1_step_neg_008,B,perfect_belief_total_gap,C2_perfect_belief_current_mpc,P_old,sg_mileage,0,0,,,,,,,,
scenario,S1_step_neg_008,C,perfect_belief_total_gap,C2_perfect_belief_current_mpc,P_old,sg_mileage,0,0,,,,,,,,
scenario,S1_step_pos_002,ALL,perfect_belief_total_gap,C2_perfect_belief_current_mpc,P_old,sg_mileage,0,0,,,,,,,,
scenario,S1_step_pos_002,A,perfect_belief_total_gap,C2_perfect_belief_current_mpc,P_old,sg_mileage,0,0,,,,,,,,
scenario,S1_step_pos_002,B,perfect_belief_total_gap,C2_perfect_belief_current_mpc,P_old,sg_mileage,0,0,,,,,,,,
scenario,S1_step_pos_002,C,perfect_belief_total_gap,C2_perfect_belief_current_mpc,P_old,sg_mileage,0,0,,,,,,,,
scenario,S1_step_pos_004,ALL,perfect_belief_total_gap,C2_perfect_belief_current_mpc,P_old,sg_mileage,0,0,,,,,,,,
scenario,S1_step_pos_004,A,perfect_belief_total_gap,C2_perfect_belief_current_mpc,P_old,sg_mileage,0,0,,,,,,,,
scenario,S1_step_pos_004,B,perfect_belief_total_gap,C2_perfect_belief_current_mpc,P_old,sg_mileage,0,0,,,,,,,,
scenario,S1_step_pos_004,C,perfect_belief_total_gap,C2_perfect_belief_current_mpc,P_old,sg_mileage,0,0,,,,,,,,
scenario,S1_step_pos_006,ALL,perfect_belief_total_gap,C2_perfect_belief_current_mpc,P_old,sg_mileage,90,90,0.5269218993711335,0.7497692426975523,-0.22284734332641853,-0.2914405066647861,-0.3065172839968901,-0.2762405676232308,9.999000099990002e-05,1.7437900167092118e-16
scenario,S1_step_pos_006,A,perfect_belief_total_gap,C2_perfect_belief_current_mpc,P_old,sg_mileage,30,30,0.5801252909627921,0.8192234991261219,-0.23909820816332966,-0.29045022401696735,-0.31749935909470445,-0.26222117314692295,9.999000099990002e-05,1.862645149230957e-09
scenario,S1_step_pos_006,B,perfect_belief_total_gap,C2_perfect_belief_current_mpc,P_old,sg_mileage,30,30,0.5370373343529506,0.8142908235441187,-0.27725348919116816,-0.3374115434277228,-0.3608632434460692,-0.31421684673780514,9.999000099990002e-05,1.862645149230957e-09
scenario,S1_step_pos_006,C,perfect_belief_total_gap,C2_perfect_belief_current_mpc,P_old,sg_mileage,30,30,0.46360307279765806,0.615793405422416,-0.15219033262475792,-0.24645975254966826,-0.25967234898487324,-0.2314772805648914,9.999000099990002e-05,1.862645149230957e-09
scenario,S1_step_pos_008,ALL,perfect_belief_total_gap,C2_perfect_belief_current_mpc,P_old,sg_mileage,0,0,,,,,,,,
scenario,S1_step_pos_008,A,perfect_belief_total_gap,C2_perfect_belief_current_mpc,P_old,sg_mileage,0,0,,,,,,,,
scenario,S1_step_pos_008,B,perfect_belief_total_gap,C2_perfect_belief_current_mpc,P_old,sg_mileage,0,0,,,,,,,,
scenario,S1_step_pos_008,C,perfect_belief_total_gap,C2_perfect_belief_current_mpc,P_old,sg_mileage,0,0,,,,,,,,
scenario,S2_sluggish_switch_050,ALL,perfect_belief_total_gap,C2_perfect_belief_current_mpc,P_old,sg_mileage,90,90,0.8313432968578188,0.7103301021776689,0.12101319468015004,0.20606809435588205,0.1744182628632744,0.2407114864583206,9.999000099990002e-05,3.185815833664887e-16
scenario,S2_sluggish_switch_050,A,perfect_belief_total_gap,C2_perfect_belief_current_mpc,P_old,sg_mileage,30,30,0.9744338083404395,0.8621658034562931,0.11226800488414636,0.1308868696341741,0.10290499849115538,0.15736709555319026,9.999000099990002e-05,2.60770320892334e-08
scenario,S2_sluggish_switch_050,B,perfect_belief_total_gap,C2_perfect_belief_current_mpc,P_old,sg_mileage,30,30,0.8874813835652395,0.8090999035041471,0.07838148006109259,0.09895757899406117,0.0808366946234409,0.11641214790118876,9.999000099990002e-05,9.313225746154785e-09
scenario,S2_sluggish_switch_050,C,perfect_belief_total_gap,C2_perfect_belief_current_mpc,P_old,sg_mileage,30,30,0.6321146986677777,0.4597245995725664,0.1723900990952112,0.3883598344394109,0.33865711493151746,0.4413824886472916,9.999000099990002e-05,1.862645149230957e-09
scenario,S2_sluggish_switch_060,ALL,perfect_belief_total_gap,C2_perfect_belief_current_mpc,P_old,sg_mileage,90,90,0.8255198684973293,0.7029773648971545,0.12254250360017485,0.21158411233458707,0.17834698630486243,0.24635429699557032,9.999000099990002e-05,2.5217680865188766e-16
scenario,S2_sluggish_switch_060,A,perfect_belief_total_gap,C2_perfect_belief_current_mpc,P_old,sg_mileage,30,30,0.9553415139526724,0.8484408617740534,0.10690065217861906,0.12703602513144144,0.10020992620464399,0.15393856509730966,9.999000099990002e-05,1.862645149230957e-08
scenario,S2_sluggish_switch_060,B,perfect_belief_total_gap,C2_perfect_belief_current_mpc,P_old,sg_mileage,30,30,0.882990617123329,0.8039191020771522,0.07907151504617686,0.09972832817501849,0.08297997137055232,0.11634300812845814,9.999000099990002e-05,3.725290298461914e-09
scenario,S2_sluggish_switch_060,C,perfect_belief_total_gap,C2_perfect_belief_current_mpc,P_old,sg_mileage,30,30,0.6382274744159864,0.45657213084025755,0.1816553435757286,0.4079879836973012,0.36103424000032475,0.45660048701394357,9.999000099990002e-05,1.862645149230957e-09
scenario,S2_sluggish_switch_090,ALL,perfect_belief_total_gap,C2_perfect_belief_current_mpc,P_old,sg_mileage,0,0,,,,,,,,
scenario,S2_sluggish_switch_090,A,perfect_belief_total_gap,C2_perfect_belief_current_mpc,P_old,sg_mileage,0,0,,,,,,,,
scenario,S2_sluggish_switch_090,B,perfect_belief_total_gap,C2_perfect_belief_current_mpc,P_old,sg_mileage,0,0,,,,,,,,
scenario,S2_sluggish_switch_090,C,perfect_belief_total_gap,C2_perfect_belief_current_mpc,P_old,sg_mileage,0,0,,,,,,,,
scenario,S3_derated_coincident,ALL,perfect_belief_total_gap,C2_perfect_belief_current_mpc,P_old,sg_mileage,90,89,0.7757015354261436,0.8354209440345463,-0.05971940860840253,-0.07826015257090538,-0.11457791343981562,-0.039137779169151565,0.00019998000199980003,4.327353829413326e-05
scenario,S3_derated_coincident,A,perfect_belief_total_gap,C2_perfect_belief_current_mpc,P_old,sg_mileage,30,30,1.0139477008166191,0.9889613136859308,0.024986387130688268,0.0521933276637974,-0.016488577391434646,0.12499195235334758,0.45055494450554945,0.685047073289752
scenario,S3_derated_coincident,B,perfect_belief_total_gap,C2_perfect_belief_current_mpc,P_old,sg_mileage,30,30,0.8194872135072269,0.8692085096568408,-0.04972129614961387,-0.04790118721406438,-0.08887068597396783,-0.006074889175314529,0.0150984901509849,0.034536734223365784
scenario,S3_derated_coincident,C,perfect_belief_total_gap,C2_perfect_belief_current_mpc,P_old,sg_mileage,30,29,0.48394445597280733,0.6416334247859128,-0.1576889688131054,-0.24461785490698518,-0.2603068074182491,-0.228137257304509,9.999000099990002e-05,3.725290298461914e-09
scenario,S4_unavailable_coincident,ALL,perfect_belief_total_gap,C2_perfect_belief_current_mpc,P_old,sg_mileage,90,90,0.5240738447205988,0.5866381624831158,-0.06256431776251724,-0.07494049690534105,-0.09402961109165278,-0.05524588156076925,9.999000099990002e-05,1.3289708658159215e-10
scenario,S4_unavailable_coincident,A,perfect_belief_total_gap,C2_perfect_belief_current_mpc,P_old,sg_mileage,30,30,0.6502491244487469,0.7582787185632557,-0.1080295941145087,-0.14104523051562795,-0.16271727641270323,-0.11985762455437178,9.999000099990002e-05,1.862645149230957e-09
scenario,S4_unavailable_coincident,B,perfect_belief_total_gap,C2_perfect_belief_current_mpc,P_old,sg_mileage,30,30,0.6519005502546708,0.7400271623903458,-0.08812661213567513,-0.11740127264681942,-0.1383613440387952,-0.09639301101443569,9.999000099990002e-05,1.862645149230957e-09
scenario,S4_unavailable_coincident,C,perfect_belief_total_gap,C2_perfect_belief_current_mpc,P_old,sg_mileage,30,30,0.2700718594583785,0.26160860649574635,0.008463252962632126,0.03362501244642417,0.01552859054489133,0.051403693411628315,0.0015998400159984002,0.0023674946278333664
scenario,S5_multi_switch_stochastic,ALL,perfect_belief_total_gap,C2_perfect_belief_current_mpc,P_old,sg_mileage,90,90,0.7729019590260148,0.6846750358233211,0.08822692320269376,0.12484355067364267,0.09858559312612684,0.15177176826407449,9.999000099990002e-05,7.578104563717315e-12
scenario,S5_multi_switch_stochastic,A,perfect_belief_total_gap,C2_perfect_belief_current_mpc,P_old,sg_mileage,30,30,0.8755613233516916,0.7459371483499431,0.12962417500174866,0.1802539890560018,0.13337789411455375,0.22366934842219213,9.999000099990002e-05,2.348795533180237e-06
scenario,S5_multi_switch_stochastic,B,perfect_belief_total_gap,C2_perfect_belief_current_mpc,P_old,sg_mileage,30,30,0.8518958636579,0.7242929029122444,0.12760296074565564,0.17930079592217232,0.142073099508103,0.2166338284570866,9.999000099990002e-05,1.862645149230957e-09
scenario,S5_multi_switch_stochastic,C,perfect_belief_total_gap,C2_perfect_belief_current_mpc,P_old,sg_mileage,30,30,0.5912486900684528,0.5837950562077759,0.007453633860676948,0.014975867042753842,-0.009064852306784603,0.03873839525765557,0.30586941305869414,0.370740607380867
scenario,S6_sluggish_coincident_high_noise,ALL,perfect_belief_total_gap,C2_perfect_belief_current_mpc,P_old,sg_mileage,90,90,1.4727404549445335,0.9090349820634803,0.5637054728810533,0.8061214806306187,0.7118885360166303,0.9047455611913731,9.999000099990002e-05,1.7437900167092118e-16
scenario,S6_sluggish_coincident_high_noise,A,perfect_belief_total_gap,C2_perfect_belief_current_mpc,P_old,sg_mileage,30,30,2.1049313829122123,1.328450201104818,0.776481181807394,0.6445491188680147,0.5291393449922901,0.7652410073838982,9.999000099990002e-05,1.862645149230957e-09
scenario,S6_sluggish_coincident_high_noise,B,perfect_belief_total_gap,C2_perfect_belief_current_mpc,P_old,sg_mileage,30,30,1.4775659191495092,1.0273196559305626,0.4502462632189465,0.46933519820147934,0.39199382811837374,0.5446883214651959,9.999000099990002e-05,1.862645149230957e-09
scenario,S6_sluggish_coincident_high_noise,C,perfect_belief_total_gap,C2_perfect_belief_current_mpc,P_old,sg_mileage,30,30,0.8357240627718797,0.3713350891550604,0.4643889736168194,1.3044801248223619,1.174070481995568,1.435928260741978,9.999000099990002e-05,1.862645149230957e-09
scenario,S6_sluggish_coincident_low_noise,ALL,perfect_belief_total_gap,C2_perfect_belief_current_mpc,P_old,sg_mileage,0,0,,,,,,,,
scenario,S6_sluggish_coincident_low_noise,A,perfect_belief_total_gap,C2_perfect_belief_current_mpc,P_old,sg_mileage,0,0,,,,,,,,
scenario,S6_sluggish_coincident_low_noise,B,perfect_belief_total_gap,C2_perfect_belief_current_mpc,P_old,sg_mileage,0,0,,,,,,,,
scenario,S6_sluggish_coincident_low_noise,C,perfect_belief_total_gap,C2_perfect_belief_current_mpc,P_old,sg_mileage,0,0,,,,,,,,
scenario,S6_sluggish_coincident_medium_noise,ALL,perfect_belief_total_gap,C2_perfect_belief_current_mpc,P_old,sg_mileage,0,0,,,,,,,,
scenario,S6_sluggish_coincident_medium_noise,A,perfect_belief_total_gap,C2_perfect_belief_current_mpc,P_old,sg_mileage,0,0,,,,,,,,
scenario,S6_sluggish_coincident_medium_noise,B,perfect_belief_total_gap,C2_perfect_belief_current_mpc,P_old,sg_mileage,0,0,,,,,,,,
scenario,S6_sluggish_coincident_medium_noise,C,perfect_belief_total_gap,C2_perfect_belief_current_mpc,P_old,sg_mileage,0,0,,,,,,,,
scenario,S7_ood_asymmetric_limit,ALL,perfect_belief_total_gap,C2_perfect_belief_current_mpc,P_old,sg_mileage,150,0,,,,,,,,
scenario,S7_ood_asymmetric_limit,A,perfect_belief_total_gap,C2_perfect_belief_current_mpc,P_old,sg_mileage,50,0,,,,,,,,
scenario,S7_ood_asymmetric_limit,B,perfect_belief_total_gap,C2_perfect_belief_current_mpc,P_old,sg_mileage,50,0,,,,,,,,
scenario,S7_ood_asymmetric_limit,C,perfect_belief_total_gap,C2_perfect_belief_current_mpc,P_old,sg_mileage,50,0,,,,,,,,
scenario,S8_ood_time_varying_delay,ALL,perfect_belief_total_gap,C2_perfect_belief_current_mpc,P_old,sg_mileage,150,0,,,,,,,,
scenario,S8_ood_time_varying_delay,A,perfect_belief_total_gap,C2_perfect_belief_current_mpc,P_old,sg_mileage,50,0,,,,,,,,
scenario,S8_ood_time_varying_delay,B,perfect_belief_total_gap,C2_perfect_belief_current_mpc,P_old,sg_mileage,50,0,,,,,,,,
scenario,S8_ood_time_varying_delay,C,perfect_belief_total_gap,C2_perfect_belief_current_mpc,P_old,sg_mileage,50,0,,,,,,,,
scenario,S9_compound_unavailable_double_step,ALL,perfect_belief_total_gap,C2_perfect_belief_current_mpc,P_old,sg_mileage,150,0,,,,,,,,
scenario,S9_compound_unavailable_double_step,A,perfect_belief_total_gap,C2_perfect_belief_current_mpc,P_old,sg_mileage,50,0,,,,,,,,
scenario,S9_compound_unavailable_double_step,B,perfect_belief_total_gap,C2_perfect_belief_current_mpc,P_old,sg_mileage,50,0,,,,,,,,
scenario,S9_compound_unavailable_double_step,C,perfect_belief_total_gap,C2_perfect_belief_current_mpc,P_old,sg_mileage,50,0,,,,,,,,
overall,ALL,ALL,perfect_belief_total_gap,C2_perfect_belief_current_mpc,P_old,ibr_mileage,1170,719,0.8804942925428485,0.5052618058358179,0.37523248670703047,1.0797063644763691,0.9887520155063756,1.1751028210285726,9.999000099990002e-05,1.9869684674529297e-71
overall,ALL,A,perfect_belief_total_gap,C2_perfect_belief_current_mpc,P_old,ibr_mileage,390,240,0.8781740317488977,0.4671780397854961,0.41099599196340153,1.0429687151890314,0.908937085504465,1.18142316048512,9.999000099990002e-05,6.462551191518884e-34
overall,ALL,B,perfect_belief_total_gap,C2_perfect_belief_current_mpc,P_old,ibr_mileage,390,240,0.8855773019084496,0.44624886642873374,0.4393284354797158,1.1522939617176144,1.0141593453459512,1.293166225896213,9.999000099990002e-05,1.8403813440575958e-38
overall,ALL,C,perfect_belief_total_gap,C2_perfect_belief_current_mpc,P_old,ibr_mileage,390,239,0.8777199843537439,0.6027647736591547,0.2749552106945891,1.0437064167402281,0.8508416444182008,1.2488510060390317,9.999000099990002e-05,3.352024996442233e-10
scenario,S0_nominal_stochastic,ALL,perfect_belief_total_gap,C2_perfect_belief_current_mpc,P_old,ibr_mileage,90,90,0.4096833216346937,0.19367011075971902,0.2160132108749747,1.1197969694461363,1.0771103333987362,1.162057735247758,9.999000099990002e-05,1.7437900167092118e-16
scenario,S0_nominal_stochastic,A,perfect_belief_total_gap,C2_perfect_belief_current_mpc,P_old,ibr_mileage,30,30,0.4416570231096112,0.19915670914320271,0.24250031396640853,1.2227941605779966,1.1766384990571108,1.270555331325775,9.999000099990002e-05,1.862645149230957e-09
scenario,S0_nominal_stochastic,B,perfect_belief_total_gap,C2_perfect_belief_current_mpc,P_old,ibr_mileage,30,30,0.4339922891126458,0.19801329425653028,0.2359789948561156,1.1984866829226988,1.145052990885489,1.2525869538656544,9.999000099990002e-05,1.862645149230957e-09
scenario,S0_nominal_stochastic,C,perfect_belief_total_gap,C2_perfect_belief_current_mpc,P_old,ibr_mileage,30,30,0.35340065268182397,0.18384032887942403,0.16956032380239985,0.9381100648377135,0.8735277116738966,1.00695065663884,9.999000099990002e-05,1.862645149230957e-09
scenario,S1_step_neg_002,ALL,perfect_belief_total_gap,C2_perfect_belief_current_mpc,P_old,ibr_mileage,0,0,,,,,,,,
scenario,S1_step_neg_002,A,perfect_belief_total_gap,C2_perfect_belief_current_mpc,P_old,ibr_mileage,0,0,,,,,,,,
scenario,S1_step_neg_002,B,perfect_belief_total_gap,C2_perfect_belief_current_mpc,P_old,ibr_mileage,0,0,,,,,,,,
scenario,S1_step_neg_002,C,perfect_belief_total_gap,C2_perfect_belief_current_mpc,P_old,ibr_mileage,0,0,,,,,,,,
scenario,S1_step_neg_004,ALL,perfect_belief_total_gap,C2_perfect_belief_current_mpc,P_old,ibr_mileage,0,0,,,,,,,,
scenario,S1_step_neg_004,A,perfect_belief_total_gap,C2_perfect_belief_current_mpc,P_old,ibr_mileage,0,0,,,,,,,,
scenario,S1_step_neg_004,B,perfect_belief_total_gap,C2_perfect_belief_current_mpc,P_old,ibr_mileage,0,0,,,,,,,,
scenario,S1_step_neg_004,C,perfect_belief_total_gap,C2_perfect_belief_current_mpc,P_old,ibr_mileage,0,0,,,,,,,,
scenario,S1_step_neg_006,ALL,perfect_belief_total_gap,C2_perfect_belief_current_mpc,P_old,ibr_mileage,0,0,,,,,,,,
scenario,S1_step_neg_006,A,perfect_belief_total_gap,C2_perfect_belief_current_mpc,P_old,ibr_mileage,0,0,,,,,,,,
scenario,S1_step_neg_006,B,perfect_belief_total_gap,C2_perfect_belief_current_mpc,P_old,ibr_mileage,0,0,,,,,,,,
scenario,S1_step_neg_006,C,perfect_belief_total_gap,C2_perfect_belief_current_mpc,P_old,ibr_mileage,0,0,,,,,,,,
scenario,S1_step_neg_008,ALL,perfect_belief_total_gap,C2_perfect_belief_current_mpc,P_old,ibr_mileage,0,0,,,,,,,,
scenario,S1_step_neg_008,A,perfect_belief_total_gap,C2_perfect_belief_current_mpc,P_old,ibr_mileage,0,0,,,,,,,,
scenario,S1_step_neg_008,B,perfect_belief_total_gap,C2_perfect_belief_current_mpc,P_old,ibr_mileage,0,0,,,,,,,,
scenario,S1_step_neg_008,C,perfect_belief_total_gap,C2_perfect_belief_current_mpc,P_old,ibr_mileage,0,0,,,,,,,,
scenario,S1_step_pos_002,ALL,perfect_belief_total_gap,C2_perfect_belief_current_mpc,P_old,ibr_mileage,0,0,,,,,,,,
scenario,S1_step_pos_002,A,perfect_belief_total_gap,C2_perfect_belief_current_mpc,P_old,ibr_mileage,0,0,,,,,,,,
scenario,S1_step_pos_002,B,perfect_belief_total_gap,C2_perfect_belief_current_mpc,P_old,ibr_mileage,0,0,,,,,,,,
scenario,S1_step_pos_002,C,perfect_belief_total_gap,C2_perfect_belief_current_mpc,P_old,ibr_mileage,0,0,,,,,,,,
scenario,S1_step_pos_004,ALL,perfect_belief_total_gap,C2_perfect_belief_current_mpc,P_old,ibr_mileage,0,0,,,,,,,,
scenario,S1_step_pos_004,A,perfect_belief_total_gap,C2_perfect_belief_current_mpc,P_old,ibr_mileage,0,0,,,,,,,,
scenario,S1_step_pos_004,B,perfect_belief_total_gap,C2_perfect_belief_current_mpc,P_old,ibr_mileage,0,0,,,,,,,,
scenario,S1_step_pos_004,C,perfect_belief_total_gap,C2_perfect_belief_current_mpc,P_old,ibr_mileage,0,0,,,,,,,,
scenario,S1_step_pos_006,ALL,perfect_belief_total_gap,C2_perfect_belief_current_mpc,P_old,ibr_mileage,90,90,0.32771274513166243,0.21285815061478044,0.114854594516882,0.5821241172299924,0.5288303001331202,0.6339182310618598,9.999000099990002e-05,1.7437900167092118e-16
scenario,S1_step_pos_006,A,perfect_belief_total_gap,C2_perfect_belief_current_mpc,P_old,ibr_mileage,30,30,0.3465002135223161,0.24145447414000715,0.10504573938230899,0.4564831922740762,0.3822712899001077,0.5301628654559853,9.999000099990002e-05,1.862645149230957e-09
scenario,S1_step_pos_006,B,perfect_belief_total_gap,C2_perfect_belief_current_mpc,P_old,ibr_mileage,30,30,0.33485084586378805,0.21268703686300813,0.12216380900077986,0.6136161040889493,0.5202111707364259,0.7015675370117986,9.999000099990002e-05,1.862645149230957e-09
scenario,S1_step_pos_006,C,perfect_belief_total_gap,C2_perfect_belief_current_mpc,P_old,ibr_mileage,30,30,0.30178717600888316,0.18443294084132608,0.1173542351675571,0.6762730553269515,0.5842718034662949,0.7623035382982075,9.999000099990002e-05,1.862645149230957e-09
scenario,S1_step_pos_008,ALL,perfect_belief_total_gap,C2_perfect_belief_current_mpc,P_old,ibr_mileage,0,0,,,,,,,,
scenario,S1_step_pos_008,A,perfect_belief_total_gap,C2_perfect_belief_current_mpc,P_old,ibr_mileage,0,0,,,,,,,,
scenario,S1_step_pos_008,B,perfect_belief_total_gap,C2_perfect_belief_current_mpc,P_old,ibr_mileage,0,0,,,,,,,,
scenario,S1_step_pos_008,C,perfect_belief_total_gap,C2_perfect_belief_current_mpc,P_old,ibr_mileage,0,0,,,,,,,,
scenario,S2_sluggish_switch_050,ALL,perfect_belief_total_gap,C2_perfect_belief_current_mpc,P_old,ibr_mileage,90,90,0.7940048372314945,0.8585155948002335,-0.06451075756873911,0.051804953132016905,-0.028806255299099685,0.1393484416143645,0.0486951304869513,0.15608851906140395
scenario,S2_sluggish_switch_050,A,perfect_belief_total_gap,C2_perfect_belief_current_mpc,P_old,ibr_mileage,30,30,0.8060591361337888,0.725763283563501,0.08029585257028768,0.20945087478708094,0.07532091160484636,0.3684018529070776,0.0690930906909309,0.01283373311161995
scenario,S2_sluggish_switch_050,B,perfect_belief_total_gap,C2_perfect_belief_current_mpc,P_old,ibr_mileage,30,30,0.7839773392814546,0.6479672300048855,0.13601010927656937,0.27624599634389124,0.1673062310864016,0.3950773556781416,9.999000099990002e-05,3.049522638320923e-05
scenario,S2_sluggish_switch_050,C,perfect_belief_total_gap,C2_perfect_belief_current_mpc,P_old,ibr_mileage,30,30,0.7919780362792401,1.2018162708323143,-0.4098382345530744,-0.33028201173492133,-0.3656489028014979,-0.2956995036670922,9.999000099990002e-05,1.862645149230957e-09
scenario,S2_sluggish_switch_060,ALL,perfect_belief_total_gap,C2_perfect_belief_current_mpc,P_old,ibr_mileage,90,90,0.7830918426593639,0.7773531379806135,0.00573870467875046,0.11497746837218864,0.0408315627178075,0.18935087645793117,0.8293170682931706,0.6363676953618391
scenario,S2_sluggish_switch_060,A,perfect_belief_total_gap,C2_perfect_belief_current_mpc,P_old,ibr_mileage,30,30,0.7833615929414623,0.6641886156774218,0.11917297726404046,0.2599764434785092,0.14290857654626515,0.3853190503853328,0.0018998100189981002,0.0012321043759584427
scenario,S2_sluggish_switch_060,B,perfect_belief_total_gap,C2_perfect_belief_current_mpc,P_old,ibr_mileage,30,30,0.7750289185057935,0.5981378670853591,0.17689105142043457,0.3363959318726664,0.25010819865219713,0.42786998209803,9.999000099990002e-05,1.0244548320770264e-07
scenario,S2_sluggish_switch_060,C,perfect_belief_total_gap,C2_perfect_belief_current_mpc,P_old,ibr_mileage,30,30,0.7908850165308355,1.069732931179059,-0.2788479146482237,-0.2514399702346097,-0.288527933204163,-0.21283649022331114,9.999000099990002e-05,1.862645149230957e-09
scenario,S2_sluggish_switch_090,ALL,perfect_belief_total_gap,C2_perfect_belief_current_mpc,P_old,ibr_mileage,0,0,,,,,,,,
scenario,S2_sluggish_switch_090,A,perfect_belief_total_gap,C2_perfect_belief_current_mpc,P_old,ibr_mileage,0,0,,,,,,,,
scenario,S2_sluggish_switch_090,B,perfect_belief_total_gap,C2_perfect_belief_current_mpc,P_old,ibr_mileage,0,0,,,,,,,,
scenario,S2_sluggish_switch_090,C,perfect_belief_total_gap,C2_perfect_belief_current_mpc,P_old,ibr_mileage,0,0,,,,,,,,
scenario,S3_derated_coincident,ALL,perfect_belief_total_gap,C2_perfect_belief_current_mpc,P_old,ibr_mileage,90,89,1.093755262211737,0.25838661839171684,0.8353686438200201,3.444246384953712,3.1902545548944987,3.711704193704829,9.999000099990002e-05,2.5509729516632515e-16
scenario,S3_derated_coincident,A,perfect_belief_total_gap,C2_perfect_belief_current_mpc,P_old,ibr_mileage,30,30,1.0318108679655043,0.2863269843445759,0.7454838836209283,2.6606967011099,2.4057958803913206,2.9561048363519364,9.999000099990002e-05,1.862645149230957e-09
scenario,S3_derated_coincident,B,perfect_belief_total_gap,C2_perfect_belief_current_mpc,P_old,ibr_mileage,30,30,1.0904067870752097,0.27444332665536286,0.8159634604198468,3.0221761785459704,2.8016753902394065,3.235419150788031,9.999000099990002e-05,1.862645149230957e-09
scenario,S3_derated_coincident,C,perfect_belief_total_gap,C2_perfect_belief_current_mpc,P_old,ibr_mileage,30,29,1.1612996098490747,0.21287240368498744,0.9484272061640875,4.691439374869112,4.2471238663187725,5.135551119848944,9.999000099990002e-05,3.725290298461914e-09
scenario,S4_unavailable_coincident,ALL,perfect_belief_total_gap,C2_perfect_belief_current_mpc,P_old,ibr_mileage,90,90,0.6632737803459274,0.5667749053891604,0.09649887495676697,0.2105639829589606,0.16207251300538084,0.26151874307372613,9.999000099990002e-05,7.544218104647918e-10
scenario,S4_unavailable_coincident,A,perfect_belief_total_gap,C2_perfect_belief_current_mpc,P_old,ibr_mileage,30,30,0.5103060980087775,0.4465380694364936,0.06376802857228389,0.17863479746007999,0.1094357587539544,0.2505879515850775,0.00039996000399960006,0.00046010687947273254
scenario,S4_unavailable_coincident,B,perfect_belief_total_gap,C2_perfect_belief_current_mpc,P_old,ibr_mileage,30,30,0.6001520571228424,0.5110217625395256,0.08913029458331684,0.22278386801025282,0.13708118327307353,0.3142400783275498,0.00019998000199980003,3.904104232788086e-05
scenario,S4_unavailable_coincident,C,perfect_belief_total_gap,C2_perfect_belief_current_mpc,P_old,ibr_mileage,30,30,0.8793631859061624,0.7427648841914621,0.1365983017147002,0.2302732834065489,0.1348847413555234,0.33209755431828775,9.999000099990002e-05,0.00011058151721954346
scenario,S5_multi_switch_stochastic,ALL,perfect_belief_total_gap,C2_perfect_belief_current_mpc,P_old,ibr_mileage,90,90,0.6986861310674727,0.3617236485081929,0.33696248255927974,1.0741477371566024,0.9608987137421428,1.1852266633843898,9.999000099990002e-05,3.7629090678531754e-16
scenario,S5_multi_switch_stochastic,A,perfect_belief_total_gap,C2_perfect_belief_current_mpc,P_old,ibr_mileage,30,30,0.6590074257285836,0.34653678572977037,0.3124706399988132,1.0439366113172688,0.8581675853020718,1.2097488069646662,9.999000099990002e-05,9.313225746154785e-09
scenario,S5_multi_switch_stochastic,B,perfect_belief_total_gap,C2_perfect_belief_current_mpc,P_old,ibr_mileage,30,30,0.755674277008945,0.36346963144198324,0.3922046455669617,1.2633067631947756,1.0380495556012965,1.477800952866696,9.999000099990002e-05,1.30385160446167e-08
scenario,S5_multi_switch_stochastic,C,perfect_belief_total_gap,C2_perfect_belief_current_mpc,P_old,ibr_mileage,30,30,0.6813766904648896,0.3751645283528252,0.3062121621120644,0.9151998369577629,0.7605070345393675,1.0734540117259233,9.999000099990002e-05,3.725290298461914e-09
scenario,S6_sluggish_coincident_high_noise,ALL,perfect_belief_total_gap,C2_perfect_belief_current_mpc,P_old,ibr_mileage,90,90,2.276115986390091,0.8100692226038594,1.4660467637862316,2.066261969455538,1.8532386881366107,2.298601217829742,9.999000099990002e-05,1.7437900167092118e-16
scenario,S6_sluggish_coincident_high_noise,A,perfect_belief_total_gap,C2_perfect_belief_current_mpc,P_old,ibr_mileage,30,30,2.4466898965811366,0.8274593962489962,1.6192305003321408,2.311776940507341,1.8918214685054697,2.796812829850885,9.999000099990002e-05,1.862645149230957e-09
scenario,S6_sluggish_coincident_high_noise,B,perfect_belief_total_gap,C2_perfect_belief_current_mpc,P_old,ibr_mileage,30,30,2.310535901296916,0.764250782583215,1.5462851187137017,2.2853401687617096,1.9428982312120942,2.6804260536756304,9.999000099990002e-05,1.862645149230957e-09
scenario,S6_sluggish_coincident_high_noise,C,perfect_belief_total_gap,C2_perfect_belief_current_mpc,P_old,ibr_mileage,30,30,2.0711221612922186,0.8384974889793668,1.232624672312852,1.601668799097562,1.3689511793888924,1.8639912682215674,9.999000099990002e-05,1.862645149230957e-09
scenario,S6_sluggish_coincident_low_noise,ALL,perfect_belief_total_gap,C2_perfect_belief_current_mpc,P_old,ibr_mileage,0,0,,,,,,,,
scenario,S6_sluggish_coincident_low_noise,A,perfect_belief_total_gap,C2_perfect_belief_current_mpc,P_old,ibr_mileage,0,0,,,,,,,,
scenario,S6_sluggish_coincident_low_noise,B,perfect_belief_total_gap,C2_perfect_belief_current_mpc,P_old,ibr_mileage,0,0,,,,,,,,
scenario,S6_sluggish_coincident_low_noise,C,perfect_belief_total_gap,C2_perfect_belief_current_mpc,P_old,ibr_mileage,0,0,,,,,,,,
scenario,S6_sluggish_coincident_medium_noise,ALL,perfect_belief_total_gap,C2_perfect_belief_current_mpc,P_old,ibr_mileage,0,0,,,,,,,,
scenario,S6_sluggish_coincident_medium_noise,A,perfect_belief_total_gap,C2_perfect_belief_current_mpc,P_old,ibr_mileage,0,0,,,,,,,,
scenario,S6_sluggish_coincident_medium_noise,B,perfect_belief_total_gap,C2_perfect_belief_current_mpc,P_old,ibr_mileage,0,0,,,,,,,,
scenario,S6_sluggish_coincident_medium_noise,C,perfect_belief_total_gap,C2_perfect_belief_current_mpc,P_old,ibr_mileage,0,0,,,,,,,,
scenario,S7_ood_asymmetric_limit,ALL,perfect_belief_total_gap,C2_perfect_belief_current_mpc,P_old,ibr_mileage,150,0,,,,,,,,
scenario,S7_ood_asymmetric_limit,A,perfect_belief_total_gap,C2_perfect_belief_current_mpc,P_old,ibr_mileage,50,0,,,,,,,,
scenario,S7_ood_asymmetric_limit,B,perfect_belief_total_gap,C2_perfect_belief_current_mpc,P_old,ibr_mileage,50,0,,,,,,,,
scenario,S7_ood_asymmetric_limit,C,perfect_belief_total_gap,C2_perfect_belief_current_mpc,P_old,ibr_mileage,50,0,,,,,,,,
scenario,S8_ood_time_varying_delay,ALL,perfect_belief_total_gap,C2_perfect_belief_current_mpc,P_old,ibr_mileage,150,0,,,,,,,,
scenario,S8_ood_time_varying_delay,A,perfect_belief_total_gap,C2_perfect_belief_current_mpc,P_old,ibr_mileage,50,0,,,,,,,,
scenario,S8_ood_time_varying_delay,B,perfect_belief_total_gap,C2_perfect_belief_current_mpc,P_old,ibr_mileage,50,0,,,,,,,,
scenario,S8_ood_time_varying_delay,C,perfect_belief_total_gap,C2_perfect_belief_current_mpc,P_old,ibr_mileage,50,0,,,,,,,,
scenario,S9_compound_unavailable_double_step,ALL,perfect_belief_total_gap,C2_perfect_belief_current_mpc,P_old,ibr_mileage,150,0,,,,,,,,
scenario,S9_compound_unavailable_double_step,A,perfect_belief_total_gap,C2_perfect_belief_current_mpc,P_old,ibr_mileage,50,0,,,,,,,,
scenario,S9_compound_unavailable_double_step,B,perfect_belief_total_gap,C2_perfect_belief_current_mpc,P_old,ibr_mileage,50,0,,,,,,,,
scenario,S9_compound_unavailable_double_step,C,perfect_belief_total_gap,C2_perfect_belief_current_mpc,P_old,ibr_mileage,50,0,,,,,,,,
