method,bayes_correct,hardest_alternative,likelihood_information_insufficient,mean_pairwise_jsd,posterior_true_mode,predictive_log_likelihood_margin,run_id,scenario_id,schema_version,seed,sg_level,switch_time_s,true_mode,window_s
P_old,False,unavailable,True,0.041600052225709436,0.17203523293644113,-1.5366348242152483,phase-b1::final::sg-A::S2_sluggish_switch_050::P_old::seed-003000,S2_sluggish_switch_050,d5freq.phase_b1.compact_episode_audits.v1,3000,A,50.0,sluggish,2.0
P_old,False,unavailable,True,0.03447461492370802,0.024231970391787275,-3.6904382313222186,phase-b1::final::sg-A::S2_sluggish_switch_050::P_old::seed-003000,S2_sluggish_switch_050,d5freq.phase_b1.compact_episode_audits.v1,3000,A,50.0,sluggish,5.0
P_old,False,unavailable,True,0.03224388944551966,0.0006770704328181199,-7.296953039673269,phase-b1::final::sg-A::S2_sluggish_switch_050::P_old::seed-003000,S2_sluggish_switch_050,d5freq.phase_b1.compact_episode_audits.v1,3000,A,50.0,sluggish,10.0
P_old,True,derated,False,0.2433215852636727,1.0,46.3121687135658,phase-b1::final::sg-A::S2_sluggish_switch_050::P_old::seed-003000,S2_sluggish_switch_050,d5freq.phase_b1.compact_episode_audits.v1,3000,A,50.0,sluggish,20.0
P_old,False,unavailable,True,0.056908516765512014,0.15371348130701287,-1.414548535263993,phase-b1::final::sg-A::S2_sluggish_switch_050::P_old::seed-003001,S2_sluggish_switch_050,d5freq.phase_b1.compact_episode_audits.v1,3001,A,50.0,sluggish,2.0
P_old,False,unavailable,True,0.040445432821869735,0.02540948733725014,-3.5661497291539916,phase-b1::final::sg-A::S2_sluggish_switch_050::P_old::seed-003001,S2_sluggish_switch_050,d5freq.phase_b1.compact_episode_audits.v1,3001,A,50.0,sluggish,5.0
P_old,False,unavailable,True,0.03794919945537728,0.0005976352162209962,-7.421932182590496,phase-b1::final::sg-A::S2_sluggish_switch_050::P_old::seed-003001,S2_sluggish_switch_050,d5freq.phase_b1.compact_episode_audits.v1,3001,A,50.0,sluggish,10.0
P_old,True,derated,False,0.26149652396099304,1.0,50.893556909708394,phase-b1::final::sg-A::S2_sluggish_switch_050::P_old::seed-003001,S2_sluggish_switch_050,d5freq.phase_b1.compact_episode_audits.v1,3001,A,50.0,sluggish,20.0
P_old,False,unavailable,True,0.031127921663829737,0.18728772020662768,-1.4656816840766034,phase-b1::final::sg-A::S2_sluggish_switch_050::P_old::seed-003002,S2_sluggish_switch_050,d5freq.phase_b1.compact_episode_audits.v1,3002,A,50.0,sluggish,2.0
P_old,False,unavailable,True,0.04037500288650871,0.018734870825854146,-3.9584560944414733,phase-b1::final::sg-A::S2_sluggish_switch_050::P_old::seed-003002,S2_sluggish_switch_050,d5freq.phase_b1.compact_episode_audits.v1,3002,A,50.0,sluggish,5.0
P_old,True,unavailable,True,0.13844972750671067,0.6492748276310375,0.6158531582227056,phase-b1::final::sg-A::S2_sluggish_switch_050::P_old::seed-003002,S2_sluggish_switch_050,d5freq.phase_b1.compact_episode_audits.v1,3002,A,50.0,sluggish,10.0
P_old,True,derated,False,0.32223623005927643,1.0,59.31922615301343,phase-b1::final::sg-A::S2_sluggish_switch_050::P_old::seed-003002,S2_sluggish_switch_050,d5freq.phase_b1.compact_episode_audits.v1,3002,A,50.0,sluggish,20.0
P_old,False,unavailable,True,0.03176891165483112,0.18162849185833047,-1.4613666662765432,phase-b1::final::sg-A::S2_sluggish_switch_050::P_old::seed-003003,S2_sluggish_switch_050,d5freq.phase_b1.compact_episode_audits.v1,3003,A,50.0,sluggish,2.0
P_old,False,unavailable,True,0.030278022323516847,0.026109165991260015,-3.606492313733966,phase-b1::final::sg-A::S2_sluggish_switch_050::P_old::seed-003003,S2_sluggish_switch_050,d5freq.phase_b1.compact_episode_audits.v1,3003,A,50.0,sluggish,5.0
P_old,False,unavailable,True,0.03136194972785284,0.000657701974688735,-7.3261003084350875,phase-b1::final::sg-A::S2_sluggish_switch_050::P_old::seed-003003,S2_sluggish_switch_050,d5freq.phase_b1.compact_episode_audits.v1,3003,A,50.0,sluggish,10.0
P_old,True,derated,False,0.2747030524573744,1.0,53.50138796093566,phase-b1::final::sg-A::S2_sluggish_switch_050::P_old::seed-003003,S2_sluggish_switch_050,d5freq.phase_b1.compact_episode_audits.v1,3003,A,50.0,sluggish,20.0
P_old,False,unavailable,True,0.029285339458248585,0.13872543311116622,-1.4317002512628214,phase-b1::final::sg-A::S2_sluggish_switch_050::P_old::seed-003004,S2_sluggish_switch_050,d5freq.phase_b1.compact_episode_audits.v1,3004,A,50.0,sluggish,2.0
P_old,False,unavailable,True,0.029655351508181584,0.025462756369780473,-3.5941243379363357,phase-b1::final::sg-A::S2_sluggish_switch_050::P_old::seed-003004,S2_sluggish_switch_050,d5freq.phase_b1.compact_episode_audits.v1,3004,A,50.0,sluggish,5.0
P_old,False,unavailable,True,0.032556857130214625,0.0006108343711848918,-7.400073692760344,phase-b1::final::sg-A::S2_sluggish_switch_050::P_old::seed-003004,S2_sluggish_switch_050,d5freq.phase_b1.compact_episode_audits.v1,3004,A,50.0,sluggish,10.0
P_old,True,derated,False,0.2629550409295889,1.0,49.61686369326574,phase-b1::final::sg-A::S2_sluggish_switch_050::P_old::seed-003004,S2_sluggish_switch_050,d5freq.phase_b1.compact_episode_audits.v1,3004,A,50.0,sluggish,20.0
P_old,False,unavailable,True,0.039768280457666304,0.184733287152075,-1.440575133639797,phase-b1::final::sg-A::S2_sluggish_switch_050::P_old::seed-003005,S2_sluggish_switch_050,d5freq.phase_b1.compact_episode_audits.v1,3005,A,50.0,sluggish,2.0
P_old,False,unavailable,True,0.03431967425355168,0.025947796958163585,-3.623382937349348,phase-b1::final::sg-A::S2_sluggish_switch_050::P_old::seed-003005,S2_sluggish_switch_050,d5freq.phase_b1.compact_episode_audits.v1,3005,A,50.0,sluggish,5.0
P_old,False,unavailable,True,0.03245817950382272,0.0007205142203437894,-7.234803969598147,phase-b1::final::sg-A::S2_sluggish_switch_050::P_old::seed-003005,S2_sluggish_switch_050,d5freq.phase_b1.compact_episode_audits.v1,3005,A,50.0,sluggish,10.0
P_old,True,derated,False,0.2570988785718966,1.0,48.59168908825961,phase-b1::final::sg-A::S2_sluggish_switch_050::P_old::seed-003005,S2_sluggish_switch_050,d5freq.phase_b1.compact_episode_audits.v1,3005,A,50.0,sluggish,20.0
P_old,False,unavailable,True,0.051484100349203615,0.14762182472683313,-1.3945559067353521,phase-b1::final::sg-A::S2_sluggish_switch_050::P_old::seed-003006,S2_sluggish_switch_050,d5freq.phase_b1.compact_episode_audits.v1,3006,A,50.0,sluggish,2.0
P_old,False,unavailable,True,0.03865585160839432,0.027003402989145855,-3.5682722996513405,phase-b1::final::sg-A::S2_sluggish_switch_050::P_old::seed-003006,S2_sluggish_switch_050,d5freq.phase_b1.compact_episode_audits.v1,3006,A,50.0,sluggish,5.0
P_old,False,unavailable,True,0.035407973548454305,0.0006743069977356258,-7.3011505026058785,phase-b1::final::sg-A::S2_sluggish_switch_050::P_old::seed-003006,S2_sluggish_switch_050,d5freq.phase_b1.compact_episode_audits.v1,3006,A,50.0,sluggish,10.0
P_old,True,derated,False,0.2697946283424212,1.0,52.108525713401235,phase-b1::final::sg-A::S2_sluggish_switch_050::P_old::seed-003006,S2_sluggish_switch_050,d5freq.phase_b1.compact_episode_audits.v1,3006,A,50.0,sluggish,20.0
P_old,False,unavailable,True,0.034626534479616916,0.1784976687650553,-1.5220555409367869,phase-b1::final::sg-A::S2_sluggish_switch_050::P_old::seed-003007,S2_sluggish_switch_050,d5freq.phase_b1.compact_episode_audits.v1,3007,A,50.0,sluggish,2.0
P_old,False,unavailable,True,0.03186648810876431,0.02449505414941904,-3.6840454947104604,phase-b1::final::sg-A::S2_sluggish_switch_050::P_old::seed-003007,S2_sluggish_switch_050,d5freq.phase_b1.compact_episode_audits.v1,3007,A,50.0,sluggish,5.0
P_old,False,unavailable,True,0.03158035400045042,0.0006294280658156024,-7.370069245509683,phase-b1::final::sg-A::S2_sluggish_switch_050::P_old::seed-003007,S2_sluggish_switch_050,d5freq.phase_b1.compact_episode_audits.v1,3007,A,50.0,sluggish,10.0
P_old,True,derated,False,0.2742113471771802,1.0,52.81932768799081,phase-b1::final::sg-A::S2_sluggish_switch_050::P_old::seed-003007,S2_sluggish_switch_050,d5freq.phase_b1.compact_episode_audits.v1,3007,A,50.0,sluggish,20.0
P_old,False,unavailable,True,0.03155761305894768,0.17026392376964453,-1.4452728497141862,phase-b1::final::sg-A::S2_sluggish_switch_050::P_old::seed-003008,S2_sluggish_switch_050,d5freq.phase_b1.compact_episode_audits.v1,3008,A,50.0,sluggish,2.0
P_old,False,unavailable,True,0.032119500108589556,0.024480228931691456,-3.685098245163772,phase-b1::final::sg-A::S2_sluggish_switch_050::P_old::seed-003008,S2_sluggish_switch_050,d5freq.phase_b1.compact_episode_audits.v1,3008,A,50.0,sluggish,5.0
P_old,False,unavailable,True,0.0379671858632299,0.0005232798332677032,-7.554870766148639,phase-b1::final::sg-A::S2_sluggish_switch_050::P_old::seed-003008,S2_sluggish_switch_050,d5freq.phase_b1.compact_episode_audits.v1,3008,A,50.0,sluggish,10.0
P_old,True,derated,False,0.28076157555025943,1.0,51.144151841308116,phase-b1::final::sg-A::S2_sluggish_switch_050::P_old::seed-003008,S2_sluggish_switch_050,d5freq.phase_b1.compact_episode_audits.v1,3008,A,50.0,sluggish,20.0
P_old,False,unavailable,True,0.030000010413194122,0.1568308550309452,-1.4381807227904169,phase-b1::final::sg-A::S2_sluggish_switch_050::P_old::seed-003009,S2_sluggish_switch_050,d5freq.phase_b1.compact_episode_audits.v1,3009,A,50.0,sluggish,2.0
P_old,False,unavailable,True,0.02958821142991085,0.025112904029376337,-3.5855792049849526,phase-b1::final::sg-A::S2_sluggish_switch_050::P_old::seed-003009,S2_sluggish_switch_050,d5freq.phase_b1.compact_episode_audits.v1,3009,A,50.0,sluggish,5.0
P_old,False,unavailable,True,0.029748777267002376,0.000761821998508814,-7.176321984629368,phase-b1::final::sg-A::S2_sluggish_switch_050::P_old::seed-003009,S2_sluggish_switch_050,d5freq.phase_b1.compact_episode_audits.v1,3009,A,50.0,sluggish,10.0
P_old,True,derated,False,0.2532579236573141,1.0,49.19248345962146,phase-b1::final::sg-A::S2_sluggish_switch_050::P_old::seed-003009,S2_sluggish_switch_050,d5freq.phase_b1.compact_episode_audits.v1,3009,A,50.0,sluggish,20.0
P_old,False,unavailable,True,0.031804763363970645,0.18592702893295107,-1.475192392893831,phase-b1::final::sg-A::S2_sluggish_switch_050::P_old::seed-003010,S2_sluggish_switch_050,d5freq.phase_b1.compact_episode_audits.v1,3010,A,50.0,sluggish,2.0
P_old,False,unavailable,True,0.03750967574453492,0.019475315473995104,-3.9189399688383872,phase-b1::final::sg-A::S2_sluggish_switch_050::P_old::seed-003010,S2_sluggish_switch_050,d5freq.phase_b1.compact_episode_audits.v1,3010,A,50.0,sluggish,5.0
P_old,False,unavailable,True,0.11781489879488807,6.776678516937254e-08,-16.507193588527713,phase-b1::final::sg-A::S2_sluggish_switch_050::P_old::seed-003010,S2_sluggish_switch_050,d5freq.phase_b1.compact_episode_audits.v1,3010,A,50.0,sluggish,10.0
P_old,True,derated,False,0.3389400689647461,1.0,49.25243934200887,phase-b1::final::sg-A::S2_sluggish_switch_050::P_old::seed-003010,S2_sluggish_switch_050,d5freq.phase_b1.compact_episode_audits.v1,3010,A,50.0,sluggish,20.0
P_old,False,unavailable,True,0.05251241298929676,0.178855379691567,-1.5226449384483232,phase-b1::final::sg-A::S2_sluggish_switch_050::P_old::seed-003011,S2_sluggish_switch_050,d5freq.phase_b1.compact_episode_audits.v1,3011,A,50.0,sluggish,2.0
P_old,False,unavailable,True,0.04589807426682613,0.019974430227496655,-3.893125620088341,phase-b1::final::sg-A::S2_sluggish_switch_050::P_old::seed-003011,S2_sluggish_switch_050,d5freq.phase_b1.compact_episode_audits.v1,3011,A,50.0,sluggish,5.0
P_old,False,unavailable,True,0.03909407005033181,0.0004999572301733427,-7.600487920603655,phase-b1::final::sg-A::S2_sluggish_switch_050::P_old::seed-003011,S2_sluggish_switch_050,d5freq.phase_b1.compact_episode_audits.v1,3011,A,50.0,sluggish,10.0
P_old,True,derated,False,0.2801922943401068,1.0,53.65869317945382,phase-b1::final::sg-A::S2_sluggish_switch_050::P_old::seed-003011,S2_sluggish_switch_050,d5freq.phase_b1.compact_episode_audits.v1,3011,A,50.0,sluggish,20.0
P_old,False,unavailable,True,0.05004194129174995,0.17856268444776008,-1.3835501149298572,phase-b1::final::sg-A::S2_sluggish_switch_050::P_old::seed-003012,S2_sluggish_switch_050,d5freq.phase_b1.compact_episode_audits.v1,3012,A,50.0,sluggish,2.0
P_old,False,unavailable,True,0.04320560130455363,0.022853063649559906,-3.7555517858677945,phase-b1::final::sg-A::S2_sluggish_switch_050::P_old::seed-003012,S2_sluggish_switch_050,d5freq.phase_b1.compact_episode_audits.v1,3012,A,50.0,sluggish,5.0
P_old,False,unavailable,True,0.03850100083774585,0.0005019947690824416,-7.596418737670689,phase-b1::final::sg-A::S2_sluggish_switch_050::P_old::seed-003012,S2_sluggish_switch_050,d5freq.phase_b1.compact_episode_audits.v1,3012,A,50.0,sluggish,10.0
P_old,True,derated,False,0.27995568550423133,1.0,51.93622668990204,phase-b1::final::sg-A::S2_sluggish_switch_050::P_old::seed-003012,S2_sluggish_switch_050,d5freq.phase_b1.compact_episode_audits.v1,3012,A,50.0,sluggish,20.0
P_old,False,unavailable,True,0.030759787954198516,0.16259754281004637,-1.4553037819961467,phase-b1::final::sg-A::S2_sluggish_switch_050::P_old::seed-003013,S2_sluggish_switch_050,d5freq.phase_b1.compact_episode_audits.v1,3013,A,50.0,sluggish,2.0
P_old,False,unavailable,True,0.029909533342626006,0.02575066244277767,-3.6051833301183933,phase-b1::final::sg-A::S2_sluggish_switch_050::P_old::seed-003013,S2_sluggish_switch_050,d5freq.phase_b1.compact_episode_audits.v1,3013,A,50.0,sluggish,5.0
P_old,False,unavailable,True,0.030531411573736907,0.0006946005796388134,-7.271461432404038,phase-b1::final::sg-A::S2_sluggish_switch_050::P_old::seed-003013,S2_sluggish_switch_050,d5freq.phase_b1.compact_episode_audits.v1,3013,A,50.0,sluggish,10.0
P_old,True,derated,False,0.2547911606168693,1.0,50.57695261186072,phase-b1::final::sg-A::S2_sluggish_switch_050::P_old::seed-003013,S2_sluggish_switch_050,d5freq.phase_b1.compact_episode_audits.v1,3013,A,50.0,sluggish,20.0
P_old,False,unavailable,True,0.03400389455426259,0.1783426775538538,-1.4274094996987117,phase-b1::final::sg-A::S2_sluggish_switch_050::P_old::seed-003014,S2_sluggish_switch_050,d5freq.phase_b1.compact_episode_audits.v1,3014,A,50.0,sluggish,2.0
P_old,False,unavailable,True,0.03169641974333874,0.02611608928487559,-3.600835415971588,phase-b1::final::sg-A::S2_sluggish_switch_050::P_old::seed-003014,S2_sluggish_switch_050,d5freq.phase_b1.compact_episode_audits.v1,3014,A,50.0,sluggish,5.0
P_old,False,unavailable,True,0.034358319362037856,0.0006356733092750793,-7.3601899158197455,phase-b1::final::sg-A::S2_sluggish_switch_050::P_old::seed-003014,S2_sluggish_switch_050,d5freq.phase_b1.compact_episode_audits.v1,3014,A,50.0,sluggish,10.0
P_old,True,derated,False,0.2687159723583412,1.0,47.95678894835564,phase-b1::final::sg-A::S2_sluggish_switch_050::P_old::seed-003014,S2_sluggish_switch_050,d5freq.phase_b1.compact_episode_audits.v1,3014,A,50.0,sluggish,20.0
P_old,False,unavailable,True,0.052090926655238345,0.1855857870395095,-1.4679624445024082,phase-b1::final::sg-A::S2_sluggish_switch_050::P_old::seed-003015,S2_sluggish_switch_050,d5freq.phase_b1.compact_episode_audits.v1,3015,A,50.0,sluggish,2.0
P_old,False,unavailable,True,0.03987022675073973,0.024366165521555672,-3.689789382703694,phase-b1::final::sg-A::S2_sluggish_switch_050::P_old::seed-003015,S2_sluggish_switch_050,d5freq.phase_b1.compact_episode_audits.v1,3015,A,50.0,sluggish,5.0
P_old,False,unavailable,True,0.03476181044033638,0.0006899758233755583,-7.27815849954689,phase-b1::final::sg-A::S2_sluggish_switch_050::P_old::seed-003015,S2_sluggish_switch_050,d5freq.phase_b1.compact_episode_audits.v1,3015,A,50.0,sluggish,10.0
P_old,True,derated,False,0.28655171442952454,1.0,56.3892836075467,phase-b1::final::sg-A::S2_sluggish_switch_050::P_old::seed-003015,S2_sluggish_switch_050,d5freq.phase_b1.compact_episode_audits.v1,3015,A,50.0,sluggish,20.0
P_old,False,unavailable,True,0.029562138783663792,0.18132814774651188,-1.4370221420038582,phase-b1::final::sg-A::S2_sluggish_switch_050::P_old::seed-003016,S2_sluggish_switch_050,d5freq.phase_b1.compact_episode_audits.v1,3016,A,50.0,sluggish,2.0
P_old,False,unavailable,True,0.030509815349719072,0.02582072477833604,-3.628154556434154,phase-b1::final::sg-A::S2_sluggish_switch_050::P_old::seed-003016,S2_sluggish_switch_050,d5freq.phase_b1.compact_episode_audits.v1,3016,A,50.0,sluggish,5.0
P_old,False,unavailable,True,0.03017743967494487,0.0007227903582263664,-7.231503417569627,phase-b1::final::sg-A::S2_sluggish_switch_050::P_old::seed-003016,S2_sluggish_switch_050,d5freq.phase_b1.compact_episode_audits.v1,3016,A,50.0,sluggish,10.0
P_old,True,derated,False,0.2750182758612974,1.0,54.985280589638734,phase-b1::final::sg-A::S2_sluggish_switch_050::P_old::seed-003016,S2_sluggish_switch_050,d5freq.phase_b1.compact_episode_audits.v1,3016,A,50.0,sluggish,20.0
P_old,False,unavailable,True,0.02972519960389124,0.15322713659481804,-1.434934372896997,phase-b1::final::sg-A::S2_sluggish_switch_050::P_old::seed-003017,S2_sluggish_switch_050,d5freq.phase_b1.compact_episode_audits.v1,3017,A,50.0,sluggish,2.0
P_old,False,unavailable,True,0.030406877762351653,0.025874952854537274,-3.6056074922919947,phase-b1::final::sg-A::S2_sluggish_switch_050::P_old::seed-003017,S2_sluggish_switch_050,d5freq.phase_b1.compact_episode_audits.v1,3017,A,50.0,sluggish,5.0
P_old,False,unavailable,True,0.031207724763827778,0.000702047744458725,-7.260802722855175,phase-b1::final::sg-A::S2_sluggish_switch_050::P_old::seed-003017,S2_sluggish_switch_050,d5freq.phase_b1.compact_episode_audits.v1,3017,A,50.0,sluggish,10.0
P_old,True,derated,False,0.29646406271329057,1.0,56.12481160266171,phase-b1::final::sg-A::S2_sluggish_switch_050::P_old::seed-003017,S2_sluggish_switch_050,d5freq.phase_b1.compact_episode_audits.v1,3017,A,50.0,sluggish,20.0
P_old,False,unavailable,True,0.03386563172619024,0.17976195051827792,-1.506498260294368,phase-b1::final::sg-A::S2_sluggish_switch_050::P_old::seed-003018,S2_sluggish_switch_050,d5freq.phase_b1.compact_episode_audits.v1,3018,A,50.0,sluggish,2.0
P_old,False,unavailable,True,0.03700130738002656,0.020873355938794167,-3.84818741973271,phase-b1::final::sg-A::S2_sluggish_switch_050::P_old::seed-003018,S2_sluggish_switch_050,d5freq.phase_b1.compact_episode_audits.v1,3018,A,50.0,sluggish,5.0
P_old,False,unavailable,True,0.0373248968736789,0.0006835240976085477,-7.287564888421116,phase-b1::final::sg-A::S2_sluggish_switch_050::P_old::seed-003018,S2_sluggish_switch_050,d5freq.phase_b1.compact_episode_audits.v1,3018,A,50.0,sluggish,10.0
P_old,True,derated,False,0.27547284547525225,1.0,49.94973055620804,phase-b1::final::sg-A::S2_sluggish_switch_050::P_old::seed-003018,S2_sluggish_switch_050,d5freq.phase_b1.compact_episode_audits.v1,3018,A,50.0,sluggish,20.0
P_old,False,unavailable,True,0.05267022870143402,0.1615942305981016,-1.5100966472023885,phase-b1::final::sg-A::S2_sluggish_switch_050::P_old::seed-003019,S2_sluggish_switch_050,d5freq.phase_b1.compact_episode_audits.v1,3019,A,50.0,sluggish,2.0
P_old,False,unavailable,True,0.0394915679155548,0.0240527813291899,-3.6988553680211,phase-b1::final::sg-A::S2_sluggish_switch_050::P_old::seed-003019,S2_sluggish_switch_050,d5freq.phase_b1.compact_episode_audits.v1,3019,A,50.0,sluggish,5.0
P_old,False,unavailable,True,0.03479833784754272,0.0006578762452090204,-7.3258307761354615,phase-b1::final::sg-A::S2_sluggish_switch_050::P_old::seed-003019,S2_sluggish_switch_050,d5freq.phase_b1.compact_episode_audits.v1,3019,A,50.0,sluggish,10.0
P_old,True,derated,False,0.286481839360664,1.0,55.97579851577211,phase-b1::final::sg-A::S2_sluggish_switch_050::P_old::seed-003019,S2_sluggish_switch_050,d5freq.phase_b1.compact_episode_audits.v1,3019,A,50.0,sluggish,20.0
P_old,False,unavailable,True,0.029221210171455354,0.1651893152749689,-1.4305828047577585,phase-b1::final::sg-A::S2_sluggish_switch_050::P_old::seed-003020,S2_sluggish_switch_050,d5freq.phase_b1.compact_episode_audits.v1,3020,A,50.0,sluggish,2.0
P_old,False,unavailable,True,0.03020606156827122,0.02572615087729869,-3.6239737325739725,phase-b1::final::sg-A::S2_sluggish_switch_050::P_old::seed-003020,S2_sluggish_switch_050,d5freq.phase_b1.compact_episode_audits.v1,3020,A,50.0,sluggish,5.0
P_old,False,unavailable,True,0.030191563649764393,0.0007166042300987506,-7.240152352748737,phase-b1::final::sg-A::S2_sluggish_switch_050::P_old::seed-003020,S2_sluggish_switch_050,d5freq.phase_b1.compact_episode_audits.v1,3020,A,50.0,sluggish,10.0
P_old,True,derated,False,0.2820649277931893,1.0,56.30664182248793,phase-b1::final::sg-A::S2_sluggish_switch_050::P_old::seed-003020,S2_sluggish_switch_050,d5freq.phase_b1.compact_episode_audits.v1,3020,A,50.0,sluggish,20.0
P_old,False,unavailable,True,0.030236361662630527,0.15671062315164094,-1.436651201195783,phase-b1::final::sg-A::S2_sluggish_switch_050::P_old::seed-003021,S2_sluggish_switch_050,d5freq.phase_b1.compact_episode_audits.v1,3021,A,50.0,sluggish,2.0
P_old,False,unavailable,True,0.030834739375695953,0.025388966780046384,-3.6474033673462714,phase-b1::final::sg-A::S2_sluggish_switch_050::P_old::seed-003021,S2_sluggish_switch_050,d5freq.phase_b1.compact_episode_audits.v1,3021,A,50.0,sluggish,5.0
P_old,False,unavailable,True,0.03868781056834436,0.0003866674285044087,-7.857558850060258,phase-b1::final::sg-A::S2_sluggish_switch_050::P_old::seed-003021,S2_sluggish_switch_050,d5freq.phase_b1.compact_episode_audits.v1,3021,A,50.0,sluggish,10.0
P_old,True,derated,False,0.25943876874683275,1.0,50.12613439846032,phase-b1::final::sg-A::S2_sluggish_switch_050::P_old::seed-003021,S2_sluggish_switch_050,d5freq.phase_b1.compact_episode_audits.v1,3021,A,50.0,sluggish,20.0
P_old,False,unavailable,True,0.03030462394291373,0.18636792122467916,-1.4489395045897666,phase-b1::final::sg-A::S2_sluggish_switch_050::P_old::seed-003022,S2_sluggish_switch_050,d5freq.phase_b1.compact_episode_audits.v1,3022,A,50.0,sluggish,2.0
P_old,False,unavailable,True,0.03316994534783295,0.022427549453012854,-3.7747813523527043,phase-b1::final::sg-A::S2_sluggish_switch_050::P_old::seed-003022,S2_sluggish_switch_050,d5freq.phase_b1.compact_episode_audits.v1,3022,A,50.0,sluggish,5.0
P_old,False,unavailable,True,0.03261393014274094,0.0006030521727524111,-7.412903608489188,phase-b1::final::sg-A::S2_sluggish_switch_050::P_old::seed-003022,S2_sluggish_switch_050,d5freq.phase_b1.compact_episode_audits.v1,3022,A,50.0,sluggish,10.0
P_old,True,derated,False,0.25874347580658685,1.0,49.80424817425114,phase-b1::final::sg-A::S2_sluggish_switch_050::P_old::seed-003022,S2_sluggish_switch_050,d5freq.phase_b1.compact_episode_audits.v1,3022,A,50.0,sluggish,20.0
P_old,False,unavailable,True,0.02998348440040613,0.15977933328823,-1.4469197878507103,phase-b1::final::sg-A::S2_sluggish_switch_050::P_old::seed-003023,S2_sluggish_switch_050,d5freq.phase_b1.compact_episode_audits.v1,3023,A,50.0,sluggish,2.0
P_old,False,unavailable,True,0.03164470669620177,0.024280924825587583,-3.693074633612653,phase-b1::final::sg-A::S2_sluggish_switch_050::P_old::seed-003023,S2_sluggish_switch_050,d5freq.phase_b1.compact_episode_audits.v1,3023,A,50.0,sluggish,5.0
P_old,False,unavailable,True,0.030873310704675576,0.0006722373298338685,-7.304216604983935,phase-b1::final::sg-A::S2_sluggish_switch_050::P_old::seed-003023,S2_sluggish_switch_050,d5freq.phase_b1.compact_episode_audits.v1,3023,A,50.0,sluggish,10.0
P_old,True,derated,False,0.2997375127101581,1.0,54.01328861345792,phase-b1::final::sg-A::S2_sluggish_switch_050::P_old::seed-003023,S2_sluggish_switch_050,d5freq.phase_b1.compact_episode_audits.v1,3023,A,50.0,sluggish,20.0
P_old,False,unavailable,True,0.031129139033305976,0.17713436707551375,-1.4638653538679627,phase-b1::final::sg-A::S2_sluggish_switch_050::P_old::seed-003024,S2_sluggish_switch_050,d5freq.phase_b1.compact_episode_audits.v1,3024,A,50.0,sluggish,2.0
P_old,False,unavailable,True,0.030786061686196724,0.025499609713607797,-3.6419934162385914,phase-b1::final::sg-A::S2_sluggish_switch_050::P_old::seed-003024,S2_sluggish_switch_050,d5freq.phase_b1.compact_episode_audits.v1,3024,A,50.0,sluggish,5.0
P_old,False,unavailable,True,0.03728169968137298,0.0006163758830801457,-7.39103701480073,phase-b1::final::sg-A::S2_sluggish_switch_050::P_old::seed-003024,S2_sluggish_switch_050,d5freq.phase_b1.compact_episode_audits.v1,3024,A,50.0,sluggish,10.0
P_old,True,derated,False,0.26535913081133816,1.0,50.08160860625887,phase-b1::final::sg-A::S2_sluggish_switch_050::P_old::seed-003024,S2_sluggish_switch_050,d5freq.phase_b1.compact_episode_audits.v1,3024,A,50.0,sluggish,20.0
P_old,False,unavailable,True,0.02969359667184611,0.1501627710143181,-1.4366274201975386,phase-b1::final::sg-A::S2_sluggish_switch_050::P_old::seed-003025,S2_sluggish_switch_050,d5freq.phase_b1.compact_episode_audits.v1,3025,A,50.0,sluggish,2.0
P_old,False,unavailable,True,0.03025121162956701,0.025808413772081415,-3.628582133543773,phase-b1::final::sg-A::S2_sluggish_switch_050::P_old::seed-003025,S2_sluggish_switch_050,d5freq.phase_b1.compact_episode_audits.v1,3025,A,50.0,sluggish,5.0
P_old,False,unavailable,True,0.03398056342750829,0.0006823144966865133,-7.289337320171285,phase-b1::final::sg-A::S2_sluggish_switch_050::P_old::seed-003025,S2_sluggish_switch_050,d5freq.phase_b1.compact_episode_audits.v1,3025,A,50.0,sluggish,10.0
P_old,True,derated,False,0.2456466932148454,1.0,47.47442495969068,phase-b1::final::sg-A::S2_sluggish_switch_050::P_old::seed-003025,S2_sluggish_switch_050,d5freq.phase_b1.compact_episode_audits.v1,3025,A,50.0,sluggish,20.0
P_old,False,unavailable,True,0.040861098974116244,0.13395406510054697,-1.4319529833244644,phase-b1::final::sg-A::S2_sluggish_switch_050::P_old::seed-003026,S2_sluggish_switch_050,d5freq.phase_b1.compact_episode_audits.v1,3026,A,50.0,sluggish,2.0
P_old,False,unavailable,True,0.03396998384188209,0.02458958384167043,-3.5830430463304594,phase-b1::final::sg-A::S2_sluggish_switch_050::P_old::seed-003026,S2_sluggish_switch_050,d5freq.phase_b1.compact_episode_audits.v1,3026,A,50.0,sluggish,5.0
P_old,False,unavailable,True,0.0322101111115261,0.0007389945888826292,-7.2089688145772755,phase-b1::final::sg-A::S2_sluggish_switch_050::P_old::seed-003026,S2_sluggish_switch_050,d5freq.phase_b1.compact_episode_audits.v1,3026,A,50.0,sluggish,10.0
P_old,True,derated,False,0.26774239352815477,1.0,54.35951092945669,phase-b1::final::sg-A::S2_sluggish_switch_050::P_old::seed-003026,S2_sluggish_switch_050,d5freq.phase_b1.compact_episode_audits.v1,3026,A,50.0,sluggish,20.0
P_old,False,unavailable,True,0.032638579153260974,0.15267984421687564,-1.4599950554113654,phase-b1::final::sg-A::S2_sluggish_switch_050::P_old::seed-003027,S2_sluggish_switch_050,d5freq.phase_b1.compact_episode_audits.v1,3027,A,50.0,sluggish,2.0
P_old,False,unavailable,True,0.033016582611997095,0.023649867601204074,-3.720439456223815,phase-b1::final::sg-A::S2_sluggish_switch_050::P_old::seed-003027,S2_sluggish_switch_050,d5freq.phase_b1.compact_episode_audits.v1,3027,A,50.0,sluggish,5.0
P_old,False,unavailable,True,0.03629548991586476,0.0005518503805182872,-7.501681595507534,phase-b1::final::sg-A::S2_sluggish_switch_050::P_old::seed-003027,S2_sluggish_switch_050,d5freq.phase_b1.compact_episode_audits.v1,3027,A,50.0,sluggish,10.0
P_old,True,derated,False,0.3121711813728685,1.0,58.432993542675604,phase-b1::final::sg-A::S2_sluggish_switch_050::P_old::seed-003027,S2_sluggish_switch_050,d5freq.phase_b1.compact_episode_audits.v1,3027,A,50.0,sluggish,20.0
P_old,False,unavailable,True,0.030088424450744153,0.16803854155512843,-1.4505517627714575,phase-b1::final::sg-A::S2_sluggish_switch_050::P_old::seed-003028,S2_sluggish_switch_050,d5freq.phase_b1.compact_episode_audits.v1,3028,A,50.0,sluggish,2.0
P_old,False,unavailable,True,0.03271099710439011,0.02314877321759211,-3.7423892639235703,phase-b1::final::sg-A::S2_sluggish_switch_050::P_old::seed-003028,S2_sluggish_switch_050,d5freq.phase_b1.compact_episode_audits.v1,3028,A,50.0,sluggish,5.0
P_old,False,unavailable,True,0.03628441650371155,0.0004472166474504585,-7.712020094175045,phase-b1::final::sg-A::S2_sluggish_switch_050::P_old::seed-003028,S2_sluggish_switch_050,d5freq.phase_b1.compact_episode_audits.v1,3028,A,50.0,sluggish,10.0
P_old,True,derated,False,0.28150254022927224,1.0,49.868521644124115,phase-b1::final::sg-A::S2_sluggish_switch_050::P_old::seed-003028,S2_sluggish_switch_050,d5freq.phase_b1.compact_episode_audits.v1,3028,A,50.0,sluggish,20.0
P_old,False,unavailable,True,0.030325444256342305,0.15540067526622336,-1.444234844325841,phase-b1::final::sg-A::S2_sluggish_switch_050::P_old::seed-003029,S2_sluggish_switch_050,d5freq.phase_b1.compact_episode_audits.v1,3029,A,50.0,sluggish,2.0
P_old,False,unavailable,True,0.030395898026475503,0.02571240367553547,-3.592103323058069,phase-b1::final::sg-A::S2_sluggish_switch_050::P_old::seed-003029,S2_sluggish_switch_050,d5freq.phase_b1.compact_episode_audits.v1,3029,A,50.0,sluggish,5.0
P_old,False,unavailable,True,0.030479331187371127,0.0007310061559179561,-7.220165134501258,phase-b1::final::sg-A::S2_sluggish_switch_050::P_old::seed-003029,S2_sluggish_switch_050,d5freq.phase_b1.compact_episode_audits.v1,3029,A,50.0,sluggish,10.0
P_old,True,derated,False,0.25138835983510316,1.0,48.645033542446185,phase-b1::final::sg-A::S2_sluggish_switch_050::P_old::seed-003029,S2_sluggish_switch_050,d5freq.phase_b1.compact_episode_audits.v1,3029,A,50.0,sluggish,20.0
P_old,False,unavailable,True,0.04123389049267558,0.1720815757609336,-1.5358317051188983,phase-b1::final::sg-B::S2_sluggish_switch_050::P_old::seed-003000,S2_sluggish_switch_050,d5freq.phase_b1.compact_episode_audits.v1,3000,B,50.0,sluggish,2.0
P_old,False,unavailable,True,0.034326860151453455,0.024249233057660476,-3.6896240001526905,phase-b1::final::sg-B::S2_sluggish_switch_050::P_old::seed-003000,S2_sluggish_switch_050,d5freq.phase_b1.compact_episode_audits.v1,3000,B,50.0,sluggish,5.0
P_old,False,unavailable,True,0.032169427388698595,0.0006776625778914858,-7.296076093778595,phase-b1::final::sg-B::S2_sluggish_switch_050::P_old::seed-003000,S2_sluggish_switch_050,d5freq.phase_b1.compact_episode_audits.v1,3000,B,50.0,sluggish,10.0
P_old,True,derated,False,0.2626368930982729,1.0,50.15834815731088,phase-b1::final::sg-B::S2_sluggish_switch_050::P_old::seed-003000,S2_sluggish_switch_050,d5freq.phase_b1.compact_episode_audits.v1,3000,B,50.0,sluggish,20.0
P_old,False,unavailable,True,0.056907161610346466,0.15370799275016786,-1.414538326972231,phase-b1::final::sg-B::S2_sluggish_switch_050::P_old::seed-003001,S2_sluggish_switch_050,d5freq.phase_b1.compact_episode_audits.v1,3001,B,50.0,sluggish,2.0
P_old,False,unavailable,True,0.04044489021560563,0.02540948511971599,-3.5661393829926027,phase-b1::final::sg-B::S2_sluggish_switch_050::P_old::seed-003001,S2_sluggish_switch_050,d5freq.phase_b1.compact_episode_audits.v1,3001,B,50.0,sluggish,5.0
P_old,False,unavailable,True,0.039687280782390345,0.0006167650103240296,-7.390405509785751,phase-b1::final::sg-B::S2_sluggish_switch_050::P_old::seed-003001,S2_sluggish_switch_050,d5freq.phase_b1.compact_episode_audits.v1,3001,B,50.0,sluggish,10.0
P_old,True,derated,False,0.2715749654013454,1.0,47.72086052440616,phase-b1::final::sg-B::S2_sluggish_switch_050::P_old::seed-003001,S2_sluggish_switch_050,d5freq.phase_b1.compact_episode_audits.v1,3001,B,50.0,sluggish,20.0
P_old,False,unavailable,True,0.031171727118940923,0.18705670138969901,-1.4674395446390704,phase-b1::final::sg-B::S2_sluggish_switch_050::P_old::seed-003002,S2_sluggish_switch_050,d5freq.phase_b1.compact_episode_audits.v1,3002,B,50.0,sluggish,2.0
P_old,False,unavailable,True,0.0434380231174819,0.016434464021116764,-4.091803633783613,phase-b1::final::sg-B::S2_sluggish_switch_050::P_old::seed-003002,S2_sluggish_switch_050,d5freq.phase_b1.compact_episode_audits.v1,3002,B,50.0,sluggish,5.0
P_old,False,unavailable,True,0.09060264097975093,6.699915622221513e-06,-11.91340892540687,phase-b1::final::sg-B::S2_sluggish_switch_050::P_old::seed-003002,S2_sluggish_switch_050,d5freq.phase_b1.compact_episode_audits.v1,3002,B,50.0,sluggish,10.0
P_old,True,derated,False,0.34054799781434475,1.0,54.68054255085303,phase-b1::final::sg-B::S2_sluggish_switch_050::P_old::seed-003002,S2_sluggish_switch_050,d5freq.phase_b1.compact_episode_audits.v1,3002,B,50.0,sluggish,20.0
P_old,False,unavailable,True,0.03188797328558347,0.18230325058086547,-1.4613080319751646,phase-b1::final::sg-B::S2_sluggish_switch_050::P_old::seed-003003,S2_sluggish_switch_050,d5freq.phase_b1.compact_episode_audits.v1,3003,B,50.0,sluggish,2.0
P_old,False,unavailable,True,0.03032348597809013,0.026146815110030894,-3.6063433709738604,phase-b1::final::sg-B::S2_sluggish_switch_050::P_old::seed-003003,S2_sluggish_switch_050,d5freq.phase_b1.compact_episode_audits.v1,3003,B,50.0,sluggish,5.0
P_old,False,unavailable,True,0.03147524483208707,0.0006579957093685679,-7.325653699652776,phase-b1::final::sg-B::S2_sluggish_switch_050::P_old::seed-003003,S2_sluggish_switch_050,d5freq.phase_b1.compact_episode_audits.v1,3003,B,50.0,sluggish,10.0
P_old,True,derated,False,0.26999616953063255,1.0,49.83806506868143,phase-b1::final::sg-B::S2_sluggish_switch_050::P_old::seed-003003,S2_sluggish_switch_050,d5freq.phase_b1.compact_episode_audits.v1,3003,B,50.0,sluggish,20.0
P_old,False,unavailable,True,0.029285826892681926,0.13868273243754997,-1.4317164792682924,phase-b1::final::sg-B::S2_sluggish_switch_050::P_old::seed-003004,S2_sluggish_switch_050,d5freq.phase_b1.compact_episode_audits.v1,3004,B,50.0,sluggish,2.0
P_old,False,unavailable,True,0.029652087827052514,0.0254561019983692,-3.5939385988213814,phase-b1::final::sg-B::S2_sluggish_switch_050::P_old::seed-003004,S2_sluggish_switch_050,d5freq.phase_b1.compact_episode_audits.v1,3004,B,50.0,sluggish,5.0
P_old,False,unavailable,True,0.0512698759473723,0.00012871897995280342,-8.957750252589761,phase-b1::final::sg-B::S2_sluggish_switch_050::P_old::seed-003004,S2_sluggish_switch_050,d5freq.phase_b1.compact_episode_audits.v1,3004,B,50.0,sluggish,10.0
P_old,True,derated,False,0.34056631070847754,1.0,53.97456960201882,phase-b1::final::sg-B::S2_sluggish_switch_050::P_old::seed-003004,S2_sluggish_switch_050,d5freq.phase_b1.compact_episode_audits.v1,3004,B,50.0,sluggish,20.0
P_old,False,unavailable,True,0.03974422574722056,0.18470118171238034,-1.440815765571024,phase-b1::final::sg-B::S2_sluggish_switch_050::P_old::seed-003005,S2_sluggish_switch_050,d5freq.phase_b1.compact_episode_audits.v1,3005,B,50.0,sluggish,2.0
P_old,False,unavailable,True,0.03430843571306173,0.025943735609351586,-3.623540659078202,phase-b1::final::sg-B::S2_sluggish_switch_050::P_old::seed-003005,S2_sluggish_switch_050,d5freq.phase_b1.compact_episode_audits.v1,3005,B,50.0,sluggish,5.0
P_old,False,unavailable,True,0.032451612717374574,0.0007204887709625733,-7.234839111351704,phase-b1::final::sg-B::S2_sluggish_switch_050::P_old::seed-003005,S2_sluggish_switch_050,d5freq.phase_b1.compact_episode_audits.v1,3005,B,50.0,sluggish,10.0
P_old,True,derated,False,0.2909462623752136,1.0,54.270301817978094,phase-b1::final::sg-B::S2_sluggish_switch_050::P_old::seed-003005,S2_sluggish_switch_050,d5freq.phase_b1.compact_episode_audits.v1,3005,B,50.0,sluggish,20.0
P_old,False,unavailable,True,0.05148847107643291,0.14762234856039397,-1.3945419672274042,phase-b1::final::sg-B::S2_sluggish_switch_050::P_old::seed-003006,S2_sluggish_switch_050,d5freq.phase_b1.compact_episode_audits.v1,3006,B,50.0,sluggish,2.0
P_old,False,unavailable,True,0.038657658697106814,0.02700372957410929,-3.568261033592691,phase-b1::final::sg-B::S2_sluggish_switch_050::P_old::seed-003006,S2_sluggish_switch_050,d5freq.phase_b1.compact_episode_audits.v1,3006,B,50.0,sluggish,5.0
P_old,False,unavailable,True,0.03540883632921275,0.0006743181818676459,-7.3011339054363305,phase-b1::final::sg-B::S2_sluggish_switch_050::P_old::seed-003006,S2_sluggish_switch_050,d5freq.phase_b1.compact_episode_audits.v1,3006,B,50.0,sluggish,10.0
P_old,True,derated,False,0.24807723948985058,1.0,46.52758080183975,phase-b1::final::sg-B::S2_sluggish_switch_050::P_old::seed-003006,S2_sluggish_switch_050,d5freq.phase_b1.compact_episode_audits.v1,3006,B,50.0,sluggish,20.0
P_old,False,unavailable,True,0.03953098056954896,0.1803941939891681,-1.5123073683527224,phase-b1::final::sg-B::S2_sluggish_switch_050::P_old::seed-003007,S2_sluggish_switch_050,d5freq.phase_b1.compact_episode_audits.v1,3007,B,50.0,sluggish,2.0
P_old,False,unavailable,True,0.03978079880997601,0.01890077162109202,-3.9494707950498764,phase-b1::final::sg-B::S2_sluggish_switch_050::P_old::seed-003007,S2_sluggish_switch_050,d5freq.phase_b1.compact_episode_audits.v1,3007,B,50.0,sluggish,5.0
P_old,False,unavailable,True,0.03602431016988255,0.00047214526983325875,-7.657751587895774,phase-b1::final::sg-B::S2_sluggish_switch_050::P_old::seed-003007,S2_sluggish_switch_050,d5freq.phase_b1.compact_episode_audits.v1,3007,B,50.0,sluggish,10.0
P_old,True,derated,False,0.28635644786869563,1.0,53.2945137870675,phase-b1::final::sg-B::S2_sluggish_switch_050::P_old::seed-003007,S2_sluggish_switch_050,d5freq.phase_b1.compact_episode_audits.v1,3007,B,50.0,sluggish,20.0
P_old,False,unavailable,True,0.03151617236413283,0.1695746352802684,-1.4514037204203483,phase-b1::final::sg-B::S2_sluggish_switch_050::P_old::seed-003008,S2_sluggish_switch_050,d5freq.phase_b1.compact_episode_audits.v1,3008,B,50.0,sluggish,2.0
P_old,False,unavailable,True,0.031806248333910894,0.024523674688469246,-3.6832129937209146,phase-b1::final::sg-B::S2_sluggish_switch_050::P_old::seed-003008,S2_sluggish_switch_050,d5freq.phase_b1.compact_episode_audits.v1,3008,B,50.0,sluggish,5.0
P_old,False,unavailable,True,0.03184190323337236,0.0006277715152650429,-7.372706236456395,phase-b1::final::sg-B::S2_sluggish_switch_050::P_old::seed-003008,S2_sluggish_switch_050,d5freq.phase_b1.compact_episode_audits.v1,3008,B,50.0,sluggish,10.0
P_old,True,derated,False,0.27796602552498123,1.0,52.6951823589269,phase-b1::final::sg-B::S2_sluggish_switch_050::P_old::seed-003008,S2_sluggish_switch_050,d5freq.phase_b1.compact_episode_audits.v1,3008,B,50.0,sluggish,20.0
P_old,False,unavailable,True,0.029999226172811824,0.15678926815098632,-1.4381519894748642,phase-b1::final::sg-B::S2_sluggish_switch_050::P_old::seed-003009,S2_sluggish_switch_050,d5freq.phase_b1.compact_episode_audits.v1,3009,B,50.0,sluggish,2.0
P_old,False,unavailable,True,0.029587092567853412,0.02510956723240003,-3.5855145884649318,phase-b1::final::sg-B::S2_sluggish_switch_050::P_old::seed-003009,S2_sluggish_switch_050,d5freq.phase_b1.compact_episode_audits.v1,3009,B,50.0,sluggish,5.0
P_old,False,unavailable,True,0.029747077003750993,0.0007618213276885117,-7.176361199610085,phase-b1::final::sg-B::S2_sluggish_switch_050::P_old::seed-003009,S2_sluggish_switch_050,d5freq.phase_b1.compact_episode_audits.v1,3009,B,50.0,sluggish,10.0
P_old,True,derated,False,0.27690939673280573,1.0,48.85307161496286,phase-b1::final::sg-B::S2_sluggish_switch_050::P_old::seed-003009,S2_sluggish_switch_050,d5freq.phase_b1.compact_episode_audits.v1,3009,B,50.0,sluggish,20.0
P_old,False,unavailable,True,0.0317661495899869,0.1860555077546062,-1.474307815088629,phase-b1::final::sg-B::S2_sluggish_switch_050::P_old::seed-003010,S2_sluggish_switch_050,d5freq.phase_b1.compact_episode_audits.v1,3010,B,50.0,sluggish,2.0
P_old,False,unavailable,True,0.03658536262518261,0.020114827495433474,-3.885978099933425,phase-b1::final::sg-B::S2_sluggish_switch_050::P_old::seed-003010,S2_sluggish_switch_050,d5freq.phase_b1.compact_episode_audits.v1,3010,B,50.0,sluggish,5.0
P_old,False,unavailable,True,0.0977906084662814,6.858857880281867e-07,-14.19255402695029,phase-b1::final::sg-B::S2_sluggish_switch_050::P_old::seed-003010,S2_sluggish_switch_050,d5freq.phase_b1.compact_episode_audits.v1,3010,B,50.0,sluggish,10.0
P_old,True,derated,False,0.301310414892478,1.0,46.01819132951994,phase-b1::final::sg-B::S2_sluggish_switch_050::P_old::seed-003010,S2_sluggish_switch_050,d5freq.phase_b1.compact_episode_audits.v1,3010,B,50.0,sluggish,20.0
P_old,False,unavailable,True,0.051300416728309206,0.18389705890240912,-1.4882592582486716,phase-b1::final::sg-B::S2_sluggish_switch_050::P_old::seed-003011,S2_sluggish_switch_050,d5freq.phase_b1.compact_episode_audits.v1,3011,B,50.0,sluggish,2.0
P_old,False,unavailable,True,0.04951086670139545,0.018821842416039365,-3.9537359617955445,phase-b1::final::sg-B::S2_sluggish_switch_050::P_old::seed-003011,S2_sluggish_switch_050,d5freq.phase_b1.compact_episode_audits.v1,3011,B,50.0,sluggish,5.0
P_old,False,unavailable,True,0.1523228816526892,0.05204052707839489,-2.9022889693335117,phase-b1::final::sg-B::S2_sluggish_switch_050::P_old::seed-003011,S2_sluggish_switch_050,d5freq.phase_b1.compact_episode_audits.v1,3011,B,50.0,sluggish,10.0
P_old,True,derated,False,0.3491877291734582,1.0,48.34758504139586,phase-b1::final::sg-B::S2_sluggish_switch_050::P_old::seed-003011,S2_sluggish_switch_050,d5freq.phase_b1.compact_episode_audits.v1,3011,B,50.0,sluggish,20.0
P_old,False,unavailable,True,0.05001664434550469,0.17846814768695868,-1.3836879265765667,phase-b1::final::sg-B::S2_sluggish_switch_050::P_old::seed-003012,S2_sluggish_switch_050,d5freq.phase_b1.compact_episode_audits.v1,3012,B,50.0,sluggish,2.0
P_old,False,unavailable,True,0.0467420313268021,0.02159461476003662,-3.813480076606737,phase-b1::final::sg-B::S2_sluggish_switch_050::P_old::seed-003012,S2_sluggish_switch_050,d5freq.phase_b1.compact_episode_audits.v1,3012,B,50.0,sluggish,5.0
P_old,False,unavailable,True,0.06607216662452212,0.00011471239622896988,-9.072967745461682,phase-b1::final::sg-B::S2_sluggish_switch_050::P_old::seed-003012,S2_sluggish_switch_050,d5freq.phase_b1.compact_episode_audits.v1,3012,B,50.0,sluggish,10.0
P_old,True,derated,False,0.3312594600990861,1.0,49.78666963453426,phase-b1::final::sg-B::S2_sluggish_switch_050::P_old::seed-003012,S2_sluggish_switch_050,d5freq.phase_b1.compact_episode_audits.v1,3012,B,50.0,sluggish,20.0
P_old,False,unavailable,True,0.030758966224655605,0.16258244888586793,-1.4552893315890962,phase-b1::final::sg-B::S2_sluggish_switch_050::P_old::seed-003013,S2_sluggish_switch_050,d5freq.phase_b1.compact_episode_audits.v1,3013,B,50.0,sluggish,2.0
P_old,False,unavailable,True,0.02990916834051044,0.02575037970456254,-3.6051671525123794,phase-b1::final::sg-B::S2_sluggish_switch_050::P_old::seed-003013,S2_sluggish_switch_050,d5freq.phase_b1.compact_episode_audits.v1,3013,B,50.0,sluggish,5.0
P_old,False,unavailable,True,0.030530987060338834,0.0006946306305786619,-7.271418099271926,phase-b1::final::sg-B::S2_sluggish_switch_050::P_old::seed-003013,S2_sluggish_switch_050,d5freq.phase_b1.compact_episode_audits.v1,3013,B,50.0,sluggish,10.0
P_old,True,derated,False,0.30889525954328373,1.0,57.7989858638054,phase-b1::final::sg-B::S2_sluggish_switch_050::P_old::seed-003013,S2_sluggish_switch_050,d5freq.phase_b1.compact_episode_audits.v1,3013,B,50.0,sluggish,20.0
P_old,False,unavailable,True,0.03439927190602957,0.1787231860441087,-1.4268456873884041,phase-b1::final::sg-B::S2_sluggish_switch_050::P_old::seed-003014,S2_sluggish_switch_050,d5freq.phase_b1.compact_episode_audits.v1,3014,B,50.0,sluggish,2.0
P_old,False,unavailable,True,0.03186247357651918,0.026131434918548798,-3.600665366305293,phase-b1::final::sg-B::S2_sluggish_switch_050::P_old::seed-003014,S2_sluggish_switch_050,d5freq.phase_b1.compact_episode_audits.v1,3014,B,50.0,sluggish,5.0
P_old,False,unavailable,True,0.034896654879413444,0.0006166421420276288,-7.390604866691774,phase-b1::final::sg-B::S2_sluggish_switch_050::P_old::seed-003014,S2_sluggish_switch_050,d5freq.phase_b1.compact_episode_audits.v1,3014,B,50.0,sluggish,10.0
P_old,True,derated,False,0.26403957701254993,1.0,47.31566362281089,phase-b1::final::sg-B::S2_sluggish_switch_050::P_old::seed-003014,S2_sluggish_switch_050,d5freq.phase_b1.compact_episode_audits.v1,3014,B,50.0,sluggish,20.0
P_old,False,unavailable,True,0.05229125694481599,0.18559973884241812,-1.467780256913418,phase-b1::final::sg-B::S2_sluggish_switch_050::P_old::seed-003015,S2_sluggish_switch_050,d5freq.phase_b1.compact_episode_audits.v1,3015,B,50.0,sluggish,2.0
P_old,False,unavailable,True,0.03992371136917763,0.024396077891484718,-3.6884996910367676,phase-b1::final::sg-B::S2_sluggish_switch_050::P_old::seed-003015,S2_sluggish_switch_050,d5freq.phase_b1.compact_episode_audits.v1,3015,B,50.0,sluggish,5.0
P_old,False,unavailable,True,0.03479018323788756,0.0006907514444280894,-7.277032647684308,phase-b1::final::sg-B::S2_sluggish_switch_050::P_old::seed-003015,S2_sluggish_switch_050,d5freq.phase_b1.compact_episode_audits.v1,3015,B,50.0,sluggish,10.0
P_old,True,derated,False,0.2908887388844667,1.0,56.87057902131079,phase-b1::final::sg-B::S2_sluggish_switch_050::P_old::seed-003015,S2_sluggish_switch_050,d5freq.phase_b1.compact_episode_audits.v1,3015,B,50.0,sluggish,20.0
P_old,False,unavailable,True,0.029556813499945055,0.18127451333434222,-1.4368935423624691,phase-b1::final::sg-B::S2_sluggish_switch_050::P_old::seed-003016,S2_sluggish_switch_050,d5freq.phase_b1.compact_episode_audits.v1,3016,B,50.0,sluggish,2.0
P_old,False,unavailable,True,0.030506465508225656,0.025824664699508483,-3.627993235829379,phase-b1::final::sg-B::S2_sluggish_switch_050::P_old::seed-003016,S2_sluggish_switch_050,d5freq.phase_b1.compact_episode_audits.v1,3016,B,50.0,sluggish,5.0
P_old,False,unavailable,True,0.030177047170801496,0.0007228082664374548,-7.231478118007743,phase-b1::final::sg-B::S2_sluggish_switch_050::P_old::seed-003016,S2_sluggish_switch_050,d5freq.phase_b1.compact_episode_audits.v1,3016,B,50.0,sluggish,10.0
P_old,True,derated,False,0.29312628244664723,1.0,56.44659895760714,phase-b1::final::sg-B::S2_sluggish_switch_050::P_old::seed-003016,S2_sluggish_switch_050,d5freq.phase_b1.compact_episode_audits.v1,3016,B,50.0,sluggish,20.0
P_old,False,unavailable,True,0.029726915973028123,0.15318578511002814,-1.4349679588948945,phase-b1::final::sg-B::S2_sluggish_switch_050::P_old::seed-003017,S2_sluggish_switch_050,d5freq.phase_b1.compact_episode_audits.v1,3017,B,50.0,sluggish,2.0
P_old,False,unavailable,True,0.030408600084187366,0.025874666589144085,-3.6057050533046606,phase-b1::final::sg-B::S2_sluggish_switch_050::P_old::seed-003017,S2_sluggish_switch_050,d5freq.phase_b1.compact_episode_audits.v1,3017,B,50.0,sluggish,5.0
P_old,False,unavailable,True,0.031205192621609305,0.0007021832833844605,-7.260609414486851,phase-b1::final::sg-B::S2_sluggish_switch_050::P_old::seed-003017,S2_sluggish_switch_050,d5freq.phase_b1.compact_episode_audits.v1,3017,B,50.0,sluggish,10.0
P_old,True,derated,False,0.303413502817058,1.0,53.841648215201985,phase-b1::final::sg-B::S2_sluggish_switch_050::P_old::seed-003017,S2_sluggish_switch_050,d5freq.phase_b1.compact_episode_audits.v1,3017,B,50.0,sluggish,20.0
P_old,False,unavailable,True,0.03384771759047747,0.17977831265507002,-1.5061152987836124,phase-b1::final::sg-B::S2_sluggish_switch_050::P_old::seed-003018,S2_sluggish_switch_050,d5freq.phase_b1.compact_episode_audits.v1,3018,B,50.0,sluggish,2.0
P_old,False,unavailable,True,0.03786837852542007,0.019970039103134902,-3.893349980326363,phase-b1::final::sg-B::S2_sluggish_switch_050::P_old::seed-003018,S2_sluggish_switch_050,d5freq.phase_b1.compact_episode_audits.v1,3018,B,50.0,sluggish,5.0
P_old,False,unavailable,True,0.03507515913310933,0.0006322309148846481,-7.365623428039328,phase-b1::final::sg-B::S2_sluggish_switch_050::P_old::seed-003018,S2_sluggish_switch_050,d5freq.phase_b1.compact_episode_audits.v1,3018,B,50.0,sluggish,10.0
P_old,True,derated,False,0.2961678005678623,1.0,52.331525318791506,phase-b1::final::sg-B::S2_sluggish_switch_050::P_old::seed-003018,S2_sluggish_switch_050,d5freq.phase_b1.compact_episode_audits.v1,3018,B,50.0,sluggish,20.0
P_old,False,unavailable,True,0.05341342389755423,0.16169129821502373,-1.510960459373937,phase-b1::final::sg-B::S2_sluggish_switch_050::P_old::seed-003019,S2_sluggish_switch_050,d5freq.phase_b1.compact_episode_audits.v1,3019,B,50.0,sluggish,2.0
P_old,False,unavailable,True,0.03978939508384363,0.024031854946816804,-3.6998129176137837,phase-b1::final::sg-B::S2_sluggish_switch_050::P_old::seed-003019,S2_sluggish_switch_050,d5freq.phase_b1.compact_episode_audits.v1,3019,B,50.0,sluggish,5.0
P_old,False,unavailable,True,0.03494763273514259,0.0006572208237823013,-7.326828297017073,phase-b1::final::sg-B::S2_sluggish_switch_050::P_old::seed-003019,S2_sluggish_switch_050,d5freq.phase_b1.compact_episode_audits.v1,3019,B,50.0,sluggish,10.0
P_old,True,derated,False,0.294436115203301,1.0,57.446536454667296,phase-b1::final::sg-B::S2_sluggish_switch_050::P_old::seed-003019,S2_sluggish_switch_050,d5freq.phase_b1.compact_episode_audits.v1,3019,B,50.0,sluggish,20.0
P_old,False,unavailable,True,0.02922089731151538,0.16518167682191612,-1.4305594399043535,phase-b1::final::sg-B::S2_sluggish_switch_050::P_old::seed-003020,S2_sluggish_switch_050,d5freq.phase_b1.compact_episode_audits.v1,3020,B,50.0,sluggish,2.0
P_old,False,unavailable,True,0.030205670856012095,0.02572683355190072,-3.6239363079873783,phase-b1::final::sg-B::S2_sluggish_switch_050::P_old::seed-003020,S2_sluggish_switch_050,d5freq.phase_b1.compact_episode_audits.v1,3020,B,50.0,sluggish,5.0
P_old,False,unavailable,True,0.030191304368398453,0.0007166358311703645,-7.2401080293473115,phase-b1::final::sg-B::S2_sluggish_switch_050::P_old::seed-003020,S2_sluggish_switch_050,d5freq.phase_b1.compact_episode_audits.v1,3020,B,50.0,sluggish,10.0
P_old,True,derated,False,0.2956650783136485,1.0,57.43827345414391,phase-b1::final::sg-B::S2_sluggish_switch_050::P_old::seed-003020,S2_sluggish_switch_050,d5freq.phase_b1.compact_episode_audits.v1,3020,B,50.0,sluggish,20.0
P_old,False,unavailable,True,0.030235130115858516,0.1564244986712368,-1.436787191048463,phase-b1::final::sg-B::S2_sluggish_switch_050::P_old::seed-003021,S2_sluggish_switch_050,d5freq.phase_b1.compact_episode_audits.v1,3021,B,50.0,sluggish,2.0
P_old,False,unavailable,True,0.0325590195033162,0.02440798130173487,-3.6881342261644647,phase-b1::final::sg-B::S2_sluggish_switch_050::P_old::seed-003021,S2_sluggish_switch_050,d5freq.phase_b1.compact_episode_audits.v1,3021,B,50.0,sluggish,5.0
P_old,False,unavailable,True,0.03824753465280652,0.0003723582628707049,-7.895281667309149,phase-b1::final::sg-B::S2_sluggish_switch_050::P_old::seed-003021,S2_sluggish_switch_050,d5freq.phase_b1.compact_episode_audits.v1,3021,B,50.0,sluggish,10.0
P_old,True,derated,False,0.3038857771443001,1.0,54.29831593508973,phase-b1::final::sg-B::S2_sluggish_switch_050::P_old::seed-003021,S2_sluggish_switch_050,d5freq.phase_b1.compact_episode_audits.v1,3021,B,50.0,sluggish,20.0
P_old,False,unavailable,True,0.03030462639690238,0.18636804684162528,-1.4489396993987178,phase-b1::final::sg-B::S2_sluggish_switch_050::P_old::seed-003022,S2_sluggish_switch_050,d5freq.phase_b1.compact_episode_audits.v1,3022,B,50.0,sluggish,2.0
P_old,False,unavailable,True,0.047769314458662684,0.011429711860678848,-4.460043454156931,phase-b1::final::sg-B::S2_sluggish_switch_050::P_old::seed-003022,S2_sluggish_switch_050,d5freq.phase_b1.compact_episode_audits.v1,3022,B,50.0,sluggish,5.0
P_old,False,unavailable,True,0.1070310407758022,6.451212161435353e-07,-14.25382696068074,phase-b1::final::sg-B::S2_sluggish_switch_050::P_old::seed-003022,S2_sluggish_switch_050,d5freq.phase_b1.compact_episode_audits.v1,3022,B,50.0,sluggish,10.0
P_old,True,derated,False,0.30331535473328086,1.0,44.926381043058996,phase-b1::final::sg-B::S2_sluggish_switch_050::P_old::seed-003022,S2_sluggish_switch_050,d5freq.phase_b1.compact_episode_audits.v1,3022,B,50.0,sluggish,20.0
P_old,False,unavailable,True,0.029996407482024652,0.15979677235287817,-1.4471129527138835,phase-b1::final::sg-B::S2_sluggish_switch_050::P_old::seed-003023,S2_sluggish_switch_050,d5freq.phase_b1.compact_episode_audits.v1,3023,B,50.0,sluggish,2.0
P_old,False,unavailable,True,0.031660490350185276,0.024259955605374146,-3.6939784833904667,phase-b1::final::sg-B::S2_sluggish_switch_050::P_old::seed-003023,S2_sluggish_switch_050,d5freq.phase_b1.compact_episode_audits.v1,3023,B,50.0,sluggish,5.0
P_old,False,unavailable,True,0.030884479462484415,0.0006713921732164678,-7.305476047896093,phase-b1::final::sg-B::S2_sluggish_switch_050::P_old::seed-003023,S2_sluggish_switch_050,d5freq.phase_b1.compact_episode_audits.v1,3023,B,50.0,sluggish,10.0
P_old,True,derated,False,0.30191549439611576,1.0,55.30380676073523,phase-b1::final::sg-B::S2_sluggish_switch_050::P_old::seed-003023,S2_sluggish_switch_050,d5freq.phase_b1.compact_episode_audits.v1,3023,B,50.0,sluggish,20.0
P_old,False,unavailable,True,0.031118447888183597,0.17705849560897186,-1.4636771635829326,phase-b1::final::sg-B::S2_sluggish_switch_050::P_old::seed-003024,S2_sluggish_switch_050,d5freq.phase_b1.compact_episode_audits.v1,3024,B,50.0,sluggish,2.0
P_old,False,unavailable,True,0.03077671337737926,0.02551222431295614,-3.641444475055991,phase-b1::final::sg-B::S2_sluggish_switch_050::P_old::seed-003024,S2_sluggish_switch_050,d5freq.phase_b1.compact_episode_audits.v1,3024,B,50.0,sluggish,5.0
P_old,False,unavailable,True,0.036703889006258275,0.0006141357147964188,-7.394680295997745,phase-b1::final::sg-B::S2_sluggish_switch_050::P_old::seed-003024,S2_sluggish_switch_050,d5freq.phase_b1.compact_episode_audits.v1,3024,B,50.0,sluggish,10.0
P_old,True,derated,False,0.2829709098382843,1.0,52.398831152292104,phase-b1::final::sg-B::S2_sluggish_switch_050::P_old::seed-003024,S2_sluggish_switch_050,d5freq.phase_b1.compact_episode_audits.v1,3024,B,50.0,sluggish,20.0
P_old,False,unavailable,True,0.02969264614153072,0.15110708109365528,-1.4367450766707925,phase-b1::final::sg-B::S2_sluggish_switch_050::P_old::seed-003025,S2_sluggish_switch_050,d5freq.phase_b1.compact_episode_audits.v1,3025,B,50.0,sluggish,2.0
P_old,False,unavailable,True,0.030312321419366912,0.025736061096560965,-3.6318725563333345,phase-b1::final::sg-B::S2_sluggish_switch_050::P_old::seed-003025,S2_sluggish_switch_050,d5freq.phase_b1.compact_episode_audits.v1,3025,B,50.0,sluggish,5.0
P_old,False,unavailable,True,0.03416026174731655,0.0006741884203609629,-7.301326514893702,phase-b1::final::sg-B::S2_sluggish_switch_050::P_old::seed-003025,S2_sluggish_switch_050,d5freq.phase_b1.compact_episode_audits.v1,3025,B,50.0,sluggish,10.0
P_old,True,derated,False,0.27876075566585645,1.0,51.342206792615,phase-b1::final::sg-B::S2_sluggish_switch_050::P_old::seed-003025,S2_sluggish_switch_050,d5freq.phase_b1.compact_episode_audits.v1,3025,B,50.0,sluggish,20.0
P_old,False,unavailable,True,0.040857630793236524,0.13395505757787815,-1.4319534957257112,phase-b1::final::sg-B::S2_sluggish_switch_050::P_old::seed-003026,S2_sluggish_switch_050,d5freq.phase_b1.compact_episode_audits.v1,3026,B,50.0,sluggish,2.0
P_old,False,unavailable,True,0.033968701016498085,0.024590490570132285,-3.583049521860943,phase-b1::final::sg-B::S2_sluggish_switch_050::P_old::seed-003026,S2_sluggish_switch_050,d5freq.phase_b1.compact_episode_audits.v1,3026,B,50.0,sluggish,5.0
P_old,False,unavailable,True,0.032209789673283494,0.0007389626835004966,-7.209013691206906,phase-b1::final::sg-B::S2_sluggish_switch_050::P_old::seed-003026,S2_sluggish_switch_050,d5freq.phase_b1.compact_episode_audits.v1,3026,B,50.0,sluggish,10.0
P_old,True,derated,False,0.3094129714656623,1.0,58.262436520021595,phase-b1::final::sg-B::S2_sluggish_switch_050::P_old::seed-003026,S2_sluggish_switch_050,d5freq.phase_b1.compact_episode_audits.v1,3026,B,50.0,sluggish,20.0
P_old,False,unavailable,True,0.032668291387164095,0.1526940521079416,-1.461034191937724,phase-b1::final::sg-B::S2_sluggish_switch_050::P_old::seed-003027,S2_sluggish_switch_050,d5freq.phase_b1.compact_episode_audits.v1,3027,B,50.0,sluggish,2.0
P_old,False,unavailable,True,0.033065928434169764,0.023603128081350313,-3.722470698788939,phase-b1::final::sg-B::S2_sluggish_switch_050::P_old::seed-003027,S2_sluggish_switch_050,d5freq.phase_b1.compact_episode_audits.v1,3027,B,50.0,sluggish,5.0
P_old,False,unavailable,True,0.036523178811544696,0.0004664436988726413,-7.669906680818627,phase-b1::final::sg-B::S2_sluggish_switch_050::P_old::seed-003027,S2_sluggish_switch_050,d5freq.phase_b1.compact_episode_audits.v1,3027,B,50.0,sluggish,10.0
P_old,True,derated,False,0.26708027114347327,1.0,50.08204664851172,phase-b1::final::sg-B::S2_sluggish_switch_050::P_old::seed-003027,S2_sluggish_switch_050,d5freq.phase_b1.compact_episode_audits.v1,3027,B,50.0,sluggish,20.0
P_old,False,unavailable,True,0.03008150713598097,0.16818065830580192,-1.4503023371976695,phase-b1::final::sg-B::S2_sluggish_switch_050::P_old::seed-003028,S2_sluggish_switch_050,d5freq.phase_b1.compact_episode_audits.v1,3028,B,50.0,sluggish,2.0
P_old,False,unavailable,True,0.03296149588341689,0.02303265217319606,-3.7475390317746076,phase-b1::final::sg-B::S2_sluggish_switch_050::P_old::seed-003028,S2_sluggish_switch_050,d5freq.phase_b1.compact_episode_audits.v1,3028,B,50.0,sluggish,5.0
P_old,False,unavailable,True,0.038053001745162636,0.0005808755883990569,-7.450392913244684,phase-b1::final::sg-B::S2_sluggish_switch_050::P_old::seed-003028,S2_sluggish_switch_050,d5freq.phase_b1.compact_episode_audits.v1,3028,B,50.0,sluggish,10.0
P_old,True,derated,False,0.2871429113678663,1.0,54.00118755194333,phase-b1::final::sg-B::S2_sluggish_switch_050::P_old::seed-003028,S2_sluggish_switch_050,d5freq.phase_b1.compact_episode_audits.v1,3028,B,50.0,sluggish,20.0
P_old,False,unavailable,True,0.030321854741681857,0.15543133309599105,-1.444191691310639,phase-b1::final::sg-B::S2_sluggish_switch_050::P_old::seed-003029,S2_sluggish_switch_050,d5freq.phase_b1.compact_episode_audits.v1,3029,B,50.0,sluggish,2.0
P_old,False,unavailable,True,0.030392963322630945,0.025714035689320874,-3.5920713484653106,phase-b1::final::sg-B::S2_sluggish_switch_050::P_old::seed-003029,S2_sluggish_switch_050,d5freq.phase_b1.compact_episode_audits.v1,3029,B,50.0,sluggish,5.0
P_old,False,unavailable,True,0.03047704309835657,0.0007310946624246302,-7.2200427001297385,phase-b1::final::sg-B::S2_sluggish_switch_050::P_old::seed-003029,S2_sluggish_switch_050,d5freq.phase_b1.compact_episode_audits.v1,3029,B,50.0,sluggish,10.0
P_old,True,derated,False,0.27567510984732524,1.0,48.01302521874706,phase-b1::final::sg-B::S2_sluggish_switch_050::P_old::seed-003029,S2_sluggish_switch_050,d5freq.phase_b1.compact_episode_audits.v1,3029,B,50.0,sluggish,20.0
P_old,False,unavailable,True,0.05041845009255211,0.17611442707408473,-1.518787718344985,phase-b1::final::sg-C::S2_sluggish_switch_050::P_old::seed-003000,S2_sluggish_switch_050,d5freq.phase_b1.compact_episode_audits.v1,3000,C,50.0,sluggish,2.0
P_old,False,unavailable,True,0.03857354808987019,0.024317786446230324,-3.6897933402929652,phase-b1::final::sg-C::S2_sluggish_switch_050::P_old::seed-003000,S2_sluggish_switch_050,d5freq.phase_b1.compact_episode_audits.v1,3000,C,50.0,sluggish,5.0
P_old,False,unavailable,True,0.034337182065471705,0.000673969167988831,-7.301617850555175,phase-b1::final::sg-C::S2_sluggish_switch_050::P_old::seed-003000,S2_sluggish_switch_050,d5freq.phase_b1.compact_episode_audits.v1,3000,C,50.0,sluggish,10.0
P_old,True,derated,False,0.30713805252469967,1.0,57.11853732910828,phase-b1::final::sg-C::S2_sluggish_switch_050::P_old::seed-003000,S2_sluggish_switch_050,d5freq.phase_b1.compact_episode_audits.v1,3000,C,50.0,sluggish,20.0
P_old,False,unavailable,True,0.04771514408354637,0.15147709112137434,-1.4287397079468356,phase-b1::final::sg-C::S2_sluggish_switch_050::P_old::seed-003001,S2_sluggish_switch_050,d5freq.phase_b1.compact_episode_audits.v1,3001,C,50.0,sluggish,2.0
P_old,False,unavailable,True,0.03673426562751338,0.02507977985554853,-3.5795877329329784,phase-b1::final::sg-C::S2_sluggish_switch_050::P_old::seed-003001,S2_sluggish_switch_050,d5freq.phase_b1.compact_episode_audits.v1,3001,C,50.0,sluggish,5.0
P_old,False,unavailable,True,0.03444693453885323,0.0006763448432216118,-7.298128852613388,phase-b1::final::sg-C::S2_sluggish_switch_050::P_old::seed-003001,S2_sluggish_switch_050,d5freq.phase_b1.compact_episode_audits.v1,3001,C,50.0,sluggish,10.0
P_old,True,derated,False,0.3002521076986596,1.0,62.21243267748008,phase-b1::final::sg-C::S2_sluggish_switch_050::P_old::seed-003001,S2_sluggish_switch_050,d5freq.phase_b1.compact_episode_audits.v1,3001,C,50.0,sluggish,20.0
P_old,False,unavailable,True,0.03015165242300455,0.18972156554734415,-1.4498767828764976,phase-b1::final::sg-C::S2_sluggish_switch_050::P_old::seed-003002,S2_sluggish_switch_050,d5freq.phase_b1.compact_episode_audits.v1,3002,C,50.0,sluggish,2.0
P_old,False,unavailable,True,0.04909773990893748,0.011843820296208018,-4.424034501037511,phase-b1::final::sg-C::S2_sluggish_switch_050::P_old::seed-003002,S2_sluggish_switch_050,d5freq.phase_b1.compact_episode_audits.v1,3002,C,50.0,sluggish,5.0
P_old,False,unavailable,True,0.16940511929887497,0.011900878021516683,-4.419170837888345,phase-b1::final::sg-C::S2_sluggish_switch_050::P_old::seed-003002,S2_sluggish_switch_050,d5freq.phase_b1.compact_episode_audits.v1,3002,C,50.0,sluggish,10.0
P_old,True,derated,False,0.36859744301742997,1.0,69.3689914011498,phase-b1::final::sg-C::S2_sluggish_switch_050::P_old::seed-003002,S2_sluggish_switch_050,d5freq.phase_b1.compact_episode_audits.v1,3002,C,50.0,sluggish,20.0
P_old,False,unavailable,True,0.030991778702139906,0.17718834787002444,-1.4601352159475276,phase-b1::final::sg-C::S2_sluggish_switch_050::P_old::seed-003003,S2_sluggish_switch_050,d5freq.phase_b1.compact_episode_audits.v1,3003,C,50.0,sluggish,2.0
P_old,False,unavailable,True,0.029989737131066903,0.02587798413574185,-3.606465612318786,phase-b1::final::sg-C::S2_sluggish_switch_050::P_old::seed-003003,S2_sluggish_switch_050,d5freq.phase_b1.compact_episode_audits.v1,3003,C,50.0,sluggish,5.0
P_old,False,unavailable,True,0.030770534051158115,0.0007007119103144247,-7.2627025045920846,phase-b1::final::sg-C::S2_sluggish_switch_050::P_old::seed-003003,S2_sluggish_switch_050,d5freq.phase_b1.compact_episode_audits.v1,3003,C,50.0,sluggish,10.0
P_old,True,derated,False,0.33315842848929184,1.0,65.67712539543061,phase-b1::final::sg-C::S2_sluggish_switch_050::P_old::seed-003003,S2_sluggish_switch_050,d5freq.phase_b1.compact_episode_audits.v1,3003,C,50.0,sluggish,20.0
P_old,False,unavailable,True,0.029314024122981876,0.13892145883408702,-1.432408121635813,phase-b1::final::sg-C::S2_sluggish_switch_050::P_old::seed-003004,S2_sluggish_switch_050,d5freq.phase_b1.compact_episode_audits.v1,3004,C,50.0,sluggish,2.0
P_old,False,unavailable,True,0.029596473002971836,0.024960732741048045,-3.5858617946583564,phase-b1::final::sg-C::S2_sluggish_switch_050::P_old::seed-003004,S2_sluggish_switch_050,d5freq.phase_b1.compact_episode_audits.v1,3004,C,50.0,sluggish,5.0
P_old,False,unavailable,True,0.031073178407734558,0.000774072459763465,-7.162814046841504,phase-b1::final::sg-C::S2_sluggish_switch_050::P_old::seed-003004,S2_sluggish_switch_050,d5freq.phase_b1.compact_episode_audits.v1,3004,C,50.0,sluggish,10.0
P_old,True,derated,False,0.2927974290279428,1.0,58.04527019703511,phase-b1::final::sg-C::S2_sluggish_switch_050::P_old::seed-003004,S2_sluggish_switch_050,d5freq.phase_b1.compact_episode_audits.v1,3004,C,50.0,sluggish,20.0
P_old,False,unavailable,True,0.03835366222628331,0.18382574192194134,-1.457518903563063,phase-b1::final::sg-C::S2_sluggish_switch_050::P_old::seed-003005,S2_sluggish_switch_050,d5freq.phase_b1.compact_episode_audits.v1,3005,C,50.0,sluggish,2.0
P_old,False,unavailable,True,0.033833042140904934,0.02543751431338835,-3.644571292702679,phase-b1::final::sg-C::S2_sluggish_switch_050::P_old::seed-003005,S2_sluggish_switch_050,d5freq.phase_b1.compact_episode_audits.v1,3005,C,50.0,sluggish,5.0
P_old,False,unavailable,True,0.03214397924240495,0.000709498958957364,-7.250223679350313,phase-b1::final::sg-C::S2_sluggish_switch_050::P_old::seed-003005,S2_sluggish_switch_050,d5freq.phase_b1.compact_episode_audits.v1,3005,C,50.0,sluggish,10.0
P_old,True,derated,False,0.3285002303566613,1.0,71.08942766273276,phase-b1::final::sg-C::S2_sluggish_switch_050::P_old::seed-003005,S2_sluggish_switch_050,d5freq.phase_b1.compact_episode_audits.v1,3005,C,50.0,sluggish,20.0
P_old,False,unavailable,True,0.03319124008340319,0.147198205500375,-1.4280177440736495,phase-b1::final::sg-C::S2_sluggish_switch_050::P_old::seed-003006,S2_sluggish_switch_050,d5freq.phase_b1.compact_episode_audits.v1,3006,C,50.0,sluggish,2.0
P_old,False,unavailable,True,0.03126082562639342,0.02604748620710357,-3.5966530838535533,phase-b1::final::sg-C::S2_sluggish_switch_050::P_old::seed-003006,S2_sluggish_switch_050,d5freq.phase_b1.compact_episode_audits.v1,3006,C,50.0,sluggish,5.0
P_old,False,unavailable,True,0.03093257950651565,0.0007216007468835657,-7.233270727149545,phase-b1::final::sg-C::S2_sluggish_switch_050::P_old::seed-003006,S2_sluggish_switch_050,d5freq.phase_b1.compact_episode_audits.v1,3006,C,50.0,sluggish,10.0
P_old,True,derated,False,0.3058291012529384,1.0,62.64776898057457,phase-b1::final::sg-C::S2_sluggish_switch_050::P_old::seed-003006,S2_sluggish_switch_050,d5freq.phase_b1.compact_episode_audits.v1,3006,C,50.0,sluggish,20.0
P_old,True,derated,False,0.2353800155031631,0.9936652882600024,5.057445919944154,phase-b1::final::sg-C::S2_sluggish_switch_050::P_old::seed-003007,S2_sluggish_switch_050,d5freq.phase_b1.compact_episode_audits.v1,3007,C,50.0,sluggish,2.0
P_old,True,derated,False,0.23218590535619715,0.9999960246859851,12.464991743316865,phase-b1::final::sg-C::S2_sluggish_switch_050::P_old::seed-003007,S2_sluggish_switch_050,d5freq.phase_b1.compact_episode_audits.v1,3007,C,50.0,sluggish,5.0
P_old,True,derated,False,0.2754281196291206,0.9999999999903,25.79976572487992,phase-b1::final::sg-C::S2_sluggish_switch_050::P_old::seed-003007,S2_sluggish_switch_050,d5freq.phase_b1.compact_episode_audits.v1,3007,C,50.0,sluggish,10.0
P_old,True,derated,False,0.37324983031836084,1.0,61.16180256619808,phase-b1::final::sg-C::S2_sluggish_switch_050::P_old::seed-003007,S2_sluggish_switch_050,d5freq.phase_b1.compact_episode_audits.v1,3007,C,50.0,sluggish,20.0
P_old,False,unavailable,True,0.03013219902128,0.1622318438281263,-1.4330454815537443,phase-b1::final::sg-C::S2_sluggish_switch_050::P_old::seed-003008,S2_sluggish_switch_050,d5freq.phase_b1.compact_episode_audits.v1,3008,C,50.0,sluggish,2.0
P_old,False,unavailable,True,0.03183644421430366,0.024847670389128836,-3.6698269049189776,phase-b1::final::sg-C::S2_sluggish_switch_050::P_old::seed-003008,S2_sluggish_switch_050,d5freq.phase_b1.compact_episode_audits.v1,3008,C,50.0,sluggish,5.0
P_old,False,unavailable,True,0.03836910948623291,0.0005756884213623305,-7.459368124567845,phase-b1::final::sg-C::S2_sluggish_switch_050::P_old::seed-003008,S2_sluggish_switch_050,d5freq.phase_b1.compact_episode_audits.v1,3008,C,50.0,sluggish,10.0
P_old,True,derated,False,0.3339525041440235,1.0,68.4997953363189,phase-b1::final::sg-C::S2_sluggish_switch_050::P_old::seed-003008,S2_sluggish_switch_050,d5freq.phase_b1.compact_episode_audits.v1,3008,C,50.0,sluggish,20.0
P_old,False,unavailable,True,0.029958455827150506,0.15630355711395896,-1.438148984724517,phase-b1::final::sg-C::S2_sluggish_switch_050::P_old::seed-003009,S2_sluggish_switch_050,d5freq.phase_b1.compact_episode_audits.v1,3009,C,50.0,sluggish,2.0
P_old,False,unavailable,True,0.029566218504883855,0.025076222038058888,-3.585328418969965,phase-b1::final::sg-C::S2_sluggish_switch_050::P_old::seed-003009,S2_sluggish_switch_050,d5freq.phase_b1.compact_episode_audits.v1,3009,C,50.0,sluggish,5.0
P_old,False,unavailable,True,0.029737662055513432,0.0007612877706833115,-7.177320016380605,phase-b1::final::sg-C::S2_sluggish_switch_050::P_old::seed-003009,S2_sluggish_switch_050,d5freq.phase_b1.compact_episode_audits.v1,3009,C,50.0,sluggish,10.0
P_old,True,derated,False,0.2743196697141995,1.0,54.87648422801877,phase-b1::final::sg-C::S2_sluggish_switch_050::P_old::seed-003009,S2_sluggish_switch_050,d5freq.phase_b1.compact_episode_audits.v1,3009,C,50.0,sluggish,20.0
P_old,False,unavailable,True,0.03148204392795051,0.19157085312953462,-1.4364918682185426,phase-b1::final::sg-C::S2_sluggish_switch_050::P_old::seed-003010,S2_sluggish_switch_050,d5freq.phase_b1.compact_episode_audits.v1,3010,C,50.0,sluggish,2.0
P_old,False,unavailable,True,0.05216243042477432,0.011076169909393242,-4.4918213496450505,phase-b1::final::sg-C::S2_sluggish_switch_050::P_old::seed-003010,S2_sluggish_switch_050,d5freq.phase_b1.compact_episode_audits.v1,3010,C,50.0,sluggish,5.0
P_old,False,unavailable,True,0.18078108871216786,6.571060705232669e-12,-25.74834584969362,phase-b1::final::sg-C::S2_sluggish_switch_050::P_old::seed-003010,S2_sluggish_switch_050,d5freq.phase_b1.compact_episode_audits.v1,3010,C,50.0,sluggish,10.0
P_old,True,derated,False,0.46782467020628893,1.0,72.37775666049271,phase-b1::final::sg-C::S2_sluggish_switch_050::P_old::seed-003010,S2_sluggish_switch_050,d5freq.phase_b1.compact_episode_audits.v1,3010,C,50.0,sluggish,20.0
P_old,False,unavailable,True,0.060615664657168306,0.17197607256314468,-1.5704819583843417,phase-b1::final::sg-C::S2_sluggish_switch_050::P_old::seed-003011,S2_sluggish_switch_050,d5freq.phase_b1.compact_episode_audits.v1,3011,C,50.0,sluggish,2.0
P_old,False,unavailable,True,0.1007994600525354,0.0017035710234087904,-6.373323603744893,phase-b1::final::sg-C::S2_sluggish_switch_050::P_old::seed-003011,S2_sluggish_switch_050,d5freq.phase_b1.compact_episode_audits.v1,3011,C,50.0,sluggish,5.0
P_old,False,unavailable,True,0.2173953770586067,1.3389187674702759e-13,-29.64174381061811,phase-b1::final::sg-C::S2_sluggish_switch_050::P_old::seed-003011,S2_sluggish_switch_050,d5freq.phase_b1.compact_episode_audits.v1,3011,C,50.0,sluggish,10.0
P_old,True,derated,False,0.3848613391036701,1.0,47.6305271090861,phase-b1::final::sg-C::S2_sluggish_switch_050::P_old::seed-003011,S2_sluggish_switch_050,d5freq.phase_b1.compact_episode_audits.v1,3011,C,50.0,sluggish,20.0
P_old,False,unavailable,True,0.05229435782467639,0.1775896727298381,-1.3823650834063486,phase-b1::final::sg-C::S2_sluggish_switch_050::P_old::seed-003012,S2_sluggish_switch_050,d5freq.phase_b1.compact_episode_audits.v1,3012,C,50.0,sluggish,2.0
P_old,False,unavailable,True,0.04039589941039741,0.026334220346272846,-3.6100858150720256,phase-b1::final::sg-C::S2_sluggish_switch_050::P_old::seed-003012,S2_sluggish_switch_050,d5freq.phase_b1.compact_episode_audits.v1,3012,C,50.0,sluggish,5.0
P_old,False,unavailable,True,0.06893852935953973,0.00011924848365644003,-9.034181888351611,phase-b1::final::sg-C::S2_sluggish_switch_050::P_old::seed-003012,S2_sluggish_switch_050,d5freq.phase_b1.compact_episode_audits.v1,3012,C,50.0,sluggish,10.0
P_old,True,derated,False,0.33377427620688527,1.0,60.36863595776694,phase-b1::final::sg-C::S2_sluggish_switch_050::P_old::seed-003012,S2_sluggish_switch_050,d5freq.phase_b1.compact_episode_audits.v1,3012,C,50.0,sluggish,20.0
P_old,False,unavailable,True,0.030657394588523148,0.1615208253948945,-1.4540296771724819,phase-b1::final::sg-C::S2_sluggish_switch_050::P_old::seed-003013,S2_sluggish_switch_050,d5freq.phase_b1.compact_episode_audits.v1,3013,C,50.0,sluggish,2.0
P_old,False,unavailable,True,0.02987871621007245,0.025652613164528673,-3.603872558174274,phase-b1::final::sg-C::S2_sluggish_switch_050::P_old::seed-003013,S2_sluggish_switch_050,d5freq.phase_b1.compact_episode_audits.v1,3013,C,50.0,sluggish,5.0
P_old,False,unavailable,True,0.030410890066893237,0.0007149400009796059,-7.242544437178424,phase-b1::final::sg-C::S2_sluggish_switch_050::P_old::seed-003013,S2_sluggish_switch_050,d5freq.phase_b1.compact_episode_audits.v1,3013,C,50.0,sluggish,10.0
P_old,True,derated,False,0.31363150256537203,1.0,65.83180122246893,phase-b1::final::sg-C::S2_sluggish_switch_050::P_old::seed-003013,S2_sluggish_switch_050,d5freq.phase_b1.compact_episode_audits.v1,3013,C,50.0,sluggish,20.0
P_old,False,unavailable,True,0.04555234632415464,0.1708126993119283,-1.454156720906468,phase-b1::final::sg-C::S2_sluggish_switch_050::P_old::seed-003014,S2_sluggish_switch_050,d5freq.phase_b1.compact_episode_audits.v1,3014,C,50.0,sluggish,2.0
P_old,False,unavailable,True,0.036375840436837524,0.02536458617279125,-3.6268634557738864,phase-b1::final::sg-C::S2_sluggish_switch_050::P_old::seed-003014,S2_sluggish_switch_050,d5freq.phase_b1.compact_episode_audits.v1,3014,C,50.0,sluggish,5.0
P_old,False,unavailable,True,0.03399606736596252,0.0007328975092403003,-7.217764110402385,phase-b1::final::sg-C::S2_sluggish_switch_050::P_old::seed-003014,S2_sluggish_switch_050,d5freq.phase_b1.compact_episode_audits.v1,3014,C,50.0,sluggish,10.0
P_old,True,derated,False,0.3354832590531784,1.0,75.15839071588704,phase-b1::final::sg-C::S2_sluggish_switch_050::P_old::seed-003014,S2_sluggish_switch_050,d5freq.phase_b1.compact_episode_audits.v1,3014,C,50.0,sluggish,20.0
P_old,False,unavailable,True,0.051701649283834986,0.18583273211240478,-1.4668457927004397,phase-b1::final::sg-C::S2_sluggish_switch_050::P_old::seed-003015,S2_sluggish_switch_050,d5freq.phase_b1.compact_episode_audits.v1,3015,C,50.0,sluggish,2.0
P_old,False,unavailable,True,0.04283303425044416,0.02214331147887767,-3.7878275587322037,phase-b1::final::sg-C::S2_sluggish_switch_050::P_old::seed-003015,S2_sluggish_switch_050,d5freq.phase_b1.compact_episode_audits.v1,3015,C,50.0,sluggish,5.0
P_old,False,unavailable,True,0.03638024819893827,0.0006191600983757275,-7.386527326515534,phase-b1::final::sg-C::S2_sluggish_switch_050::P_old::seed-003015,S2_sluggish_switch_050,d5freq.phase_b1.compact_episode_audits.v1,3015,C,50.0,sluggish,10.0
P_old,True,derated,False,0.299117742853557,1.0,60.292443129434815,phase-b1::final::sg-C::S2_sluggish_switch_050::P_old::seed-003015,S2_sluggish_switch_050,d5freq.phase_b1.compact_episode_audits.v1,3015,C,50.0,sluggish,20.0
P_old,False,unavailable,True,0.029909850112494866,0.17457541663864637,-1.4306085723289463,phase-b1::final::sg-C::S2_sluggish_switch_050::P_old::seed-003016,S2_sluggish_switch_050,d5freq.phase_b1.compact_episode_audits.v1,3016,C,50.0,sluggish,2.0
P_old,False,unavailable,True,0.03035602005383643,0.02631803055045974,-3.600054449549191,phase-b1::final::sg-C::S2_sluggish_switch_050::P_old::seed-003016,S2_sluggish_switch_050,d5freq.phase_b1.compact_episode_audits.v1,3016,C,50.0,sluggish,5.0
P_old,False,unavailable,True,0.030002083514006943,0.0007562595305898699,-7.185419449542621,phase-b1::final::sg-C::S2_sluggish_switch_050::P_old::seed-003016,S2_sluggish_switch_050,d5freq.phase_b1.compact_episode_audits.v1,3016,C,50.0,sluggish,10.0
P_old,True,derated,False,0.26800267850030085,1.0,50.63730578420552,phase-b1::final::sg-C::S2_sluggish_switch_050::P_old::seed-003016,S2_sluggish_switch_050,d5freq.phase_b1.compact_episode_audits.v1,3016,C,50.0,sluggish,20.0
P_old,False,unavailable,True,0.02988552937480208,0.16548066797244765,-1.4383626651647852,phase-b1::final::sg-C::S2_sluggish_switch_050::P_old::seed-003017,S2_sluggish_switch_050,d5freq.phase_b1.compact_episode_audits.v1,3017,C,50.0,sluggish,2.0
P_old,False,unavailable,True,0.030650017133578983,0.025583540817529674,-3.633522510041743,phase-b1::final::sg-C::S2_sluggish_switch_050::P_old::seed-003017,S2_sluggish_switch_050,d5freq.phase_b1.compact_episode_audits.v1,3017,C,50.0,sluggish,5.0
P_old,False,unavailable,True,0.03169642218525871,0.0007121501822569282,-7.246505907102943,phase-b1::final::sg-C::S2_sluggish_switch_050::P_old::seed-003017,S2_sluggish_switch_050,d5freq.phase_b1.compact_episode_audits.v1,3017,C,50.0,sluggish,10.0
P_old,True,derated,False,0.301671580804974,1.0,62.17020777441161,phase-b1::final::sg-C::S2_sluggish_switch_050::P_old::seed-003017,S2_sluggish_switch_050,d5freq.phase_b1.compact_episode_audits.v1,3017,C,50.0,sluggish,20.0
P_old,False,unavailable,True,0.03190458851531208,0.1799166682834769,-1.461087047688963,phase-b1::final::sg-C::S2_sluggish_switch_050::P_old::seed-003018,S2_sluggish_switch_050,d5freq.phase_b1.compact_episode_audits.v1,3018,C,50.0,sluggish,2.0
P_old,False,unavailable,True,0.03375904192422855,0.0231438395683737,-3.7426107198889724,phase-b1::final::sg-C::S2_sluggish_switch_050::P_old::seed-003018,S2_sluggish_switch_050,d5freq.phase_b1.compact_episode_audits.v1,3018,C,50.0,sluggish,5.0
P_old,False,unavailable,True,0.036886862206461785,0.0006933370801569676,-7.273300692329599,phase-b1::final::sg-C::S2_sluggish_switch_050::P_old::seed-003018,S2_sluggish_switch_050,d5freq.phase_b1.compact_episode_audits.v1,3018,C,50.0,sluggish,10.0
P_old,True,derated,False,0.2847379506449339,1.0,53.10070069343601,phase-b1::final::sg-C::S2_sluggish_switch_050::P_old::seed-003018,S2_sluggish_switch_050,d5freq.phase_b1.compact_episode_audits.v1,3018,C,50.0,sluggish,20.0
P_old,False,unavailable,True,0.05057981685783252,0.1629882387013377,-1.5013891056426871,phase-b1::final::sg-C::S2_sluggish_switch_050::P_old::seed-003019,S2_sluggish_switch_050,d5freq.phase_b1.compact_episode_audits.v1,3019,C,50.0,sluggish,2.0
P_old,False,unavailable,True,0.038665719914687015,0.02424344125583258,-3.6912914907515955,phase-b1::final::sg-C::S2_sluggish_switch_050::P_old::seed-003019,S2_sluggish_switch_050,d5freq.phase_b1.compact_episode_audits.v1,3019,C,50.0,sluggish,5.0
P_old,False,unavailable,True,0.03438851919774606,0.0006626641305793341,-7.318572303051468,phase-b1::final::sg-C::S2_sluggish_switch_050::P_old::seed-003019,S2_sluggish_switch_050,d5freq.phase_b1.compact_episode_audits.v1,3019,C,50.0,sluggish,10.0
P_old,True,derated,False,0.3252170679775107,1.0,66.71749344467838,phase-b1::final::sg-C::S2_sluggish_switch_050::P_old::seed-003019,S2_sluggish_switch_050,d5freq.phase_b1.compact_episode_audits.v1,3019,C,50.0,sluggish,20.0
P_old,False,unavailable,True,0.029231610458703462,0.16467267654741874,-1.42897147446212,phase-b1::final::sg-C::S2_sluggish_switch_050::P_old::seed-003020,S2_sluggish_switch_050,d5freq.phase_b1.compact_episode_audits.v1,3020,C,50.0,sluggish,2.0
P_old,False,unavailable,True,0.030202455654485722,0.02580601447337013,-3.619689818381474,phase-b1::final::sg-C::S2_sluggish_switch_050::P_old::seed-003020,S2_sluggish_switch_050,d5freq.phase_b1.compact_episode_audits.v1,3020,C,50.0,sluggish,5.0
P_old,False,unavailable,True,0.030203537989938623,0.0007209651519039368,-7.23407781363332,phase-b1::final::sg-C::S2_sluggish_switch_050::P_old::seed-003020,S2_sluggish_switch_050,d5freq.phase_b1.compact_episode_audits.v1,3020,C,50.0,sluggish,10.0
P_old,True,derated,False,0.31024130963647023,1.0,63.64474963377603,phase-b1::final::sg-C::S2_sluggish_switch_050::P_old::seed-003020,S2_sluggish_switch_050,d5freq.phase_b1.compact_episode_audits.v1,3020,C,50.0,sluggish,20.0
P_old,False,unavailable,True,0.03024975230217051,0.1567991854567731,-1.4366527734824217,phase-b1::final::sg-C::S2_sluggish_switch_050::P_old::seed-003021,S2_sluggish_switch_050,d5freq.phase_b1.compact_episode_audits.v1,3021,C,50.0,sluggish,2.0
P_old,False,unavailable,True,0.03045750827561508,0.025680685963051113,-3.6290704639971096,phase-b1::final::sg-C::S2_sluggish_switch_050::P_old::seed-003021,S2_sluggish_switch_050,d5freq.phase_b1.compact_episode_audits.v1,3021,C,50.0,sluggish,5.0
P_old,False,unavailable,True,0.030430585570012093,0.0007006733688862332,-7.2627203246971135,phase-b1::final::sg-C::S2_sluggish_switch_050::P_old::seed-003021,S2_sluggish_switch_050,d5freq.phase_b1.compact_episode_audits.v1,3021,C,50.0,sluggish,10.0
P_old,True,derated,False,0.3120870229133141,1.0,62.91589692117566,phase-b1::final::sg-C::S2_sluggish_switch_050::P_old::seed-003021,S2_sluggish_switch_050,d5freq.phase_b1.compact_episode_audits.v1,3021,C,50.0,sluggish,20.0
P_old,False,unavailable,True,0.03033864847926239,0.1858034249758428,-1.449762579888695,phase-b1::final::sg-C::S2_sluggish_switch_050::P_old::seed-003022,S2_sluggish_switch_050,d5freq.phase_b1.compact_episode_audits.v1,3022,C,50.0,sluggish,2.0
P_old,False,unavailable,True,0.04150938654745101,0.016599274186026743,-4.081657679419095,phase-b1::final::sg-C::S2_sluggish_switch_050::P_old::seed-003022,S2_sluggish_switch_050,d5freq.phase_b1.compact_episode_audits.v1,3022,C,50.0,sluggish,5.0
P_old,False,unavailable,True,0.12227633582064742,4.6586579877919676e-07,-14.579367763882999,phase-b1::final::sg-C::S2_sluggish_switch_050::P_old::seed-003022,S2_sluggish_switch_050,d5freq.phase_b1.compact_episode_audits.v1,3022,C,50.0,sluggish,10.0
P_old,True,derated,False,0.3034341236597117,1.0,47.059034265982206,phase-b1::final::sg-C::S2_sluggish_switch_050::P_old::seed-003022,S2_sluggish_switch_050,d5freq.phase_b1.compact_episode_audits.v1,3022,C,50.0,sluggish,20.0
P_old,False,unavailable,True,0.02969618003129202,0.16050917058799544,-1.439957184868799,phase-b1::final::sg-C::S2_sluggish_switch_050::P_old::seed-003023,S2_sluggish_switch_050,d5freq.phase_b1.compact_episode_audits.v1,3023,C,50.0,sluggish,2.0
P_old,False,unavailable,True,0.035345961878472214,0.02529401147591078,-3.651568122055366,phase-b1::final::sg-C::S2_sluggish_switch_050::P_old::seed-003023,S2_sluggish_switch_050,d5freq.phase_b1.compact_episode_audits.v1,3023,C,50.0,sluggish,5.0
P_old,False,unavailable,True,0.0328848857419209,0.0007070916438152423,-7.253642935059759,phase-b1::final::sg-C::S2_sluggish_switch_050::P_old::seed-003023,S2_sluggish_switch_050,d5freq.phase_b1.compact_episode_audits.v1,3023,C,50.0,sluggish,10.0
P_old,True,derated,False,0.28686951224541335,1.0,54.72232485016153,phase-b1::final::sg-C::S2_sluggish_switch_050::P_old::seed-003023,S2_sluggish_switch_050,d5freq.phase_b1.compact_episode_audits.v1,3023,C,50.0,sluggish,20.0
P_old,False,unavailable,True,0.030132899561867016,0.1692900451295655,-1.447076922447085,phase-b1::final::sg-C::S2_sluggish_switch_050::P_old::seed-003024,S2_sluggish_switch_050,d5freq.phase_b1.compact_episode_audits.v1,3024,C,50.0,sluggish,2.0
P_old,False,unavailable,True,0.030414808671969645,0.025700652315981735,-3.6324056371449416,phase-b1::final::sg-C::S2_sluggish_switch_050::P_old::seed-003024,S2_sluggish_switch_050,d5freq.phase_b1.compact_episode_audits.v1,3024,C,50.0,sluggish,5.0
P_old,False,unavailable,True,0.037898920149031866,0.00045953930588279687,-7.684826434350327,phase-b1::final::sg-C::S2_sluggish_switch_050::P_old::seed-003024,S2_sluggish_switch_050,d5freq.phase_b1.compact_episode_audits.v1,3024,C,50.0,sluggish,10.0
P_old,True,derated,False,0.3135257458404005,1.0,63.70988525063527,phase-b1::final::sg-C::S2_sluggish_switch_050::P_old::seed-003024,S2_sluggish_switch_050,d5freq.phase_b1.compact_episode_audits.v1,3024,C,50.0,sluggish,20.0
P_old,False,unavailable,True,0.02975802631831405,0.15578189457579397,-1.4391586644545704,phase-b1::final::sg-C::S2_sluggish_switch_050::P_old::seed-003025,S2_sluggish_switch_050,d5freq.phase_b1.compact_episode_audits.v1,3025,C,50.0,sluggish,2.0
P_old,False,unavailable,True,0.03010131039475248,0.025752711803052674,-3.6202632124947627,phase-b1::final::sg-C::S2_sluggish_switch_050::P_old::seed-003025,S2_sluggish_switch_050,d5freq.phase_b1.compact_episode_audits.v1,3025,C,50.0,sluggish,5.0
P_old,False,unavailable,True,0.030947503242250422,0.0007224411118662567,-7.232138967643124,phase-b1::final::sg-C::S2_sluggish_switch_050::P_old::seed-003025,S2_sluggish_switch_050,d5freq.phase_b1.compact_episode_audits.v1,3025,C,50.0,sluggish,10.0
P_old,True,derated,False,0.28236876901907726,1.0,51.83033009409837,phase-b1::final::sg-C::S2_sluggish_switch_050::P_old::seed-003025,S2_sluggish_switch_050,d5freq.phase_b1.compact_episode_audits.v1,3025,C,50.0,sluggish,20.0
P_old,False,unavailable,True,0.04014188716587021,0.1346028487368485,-1.4335230426183507,phase-b1::final::sg-C::S2_sluggish_switch_050::P_old::seed-003026,S2_sluggish_switch_050,d5freq.phase_b1.compact_episode_audits.v1,3026,C,50.0,sluggish,2.0
P_old,False,unavailable,True,0.03369203183974391,0.0246687454619629,-3.5850954361881833,phase-b1::final::sg-C::S2_sluggish_switch_050::P_old::seed-003026,S2_sluggish_switch_050,d5freq.phase_b1.compact_episode_audits.v1,3026,C,50.0,sluggish,5.0
P_old,False,unavailable,True,0.03206273489445584,0.0007443615982153078,-7.201717187112848,phase-b1::final::sg-C::S2_sluggish_switch_050::P_old::seed-003026,S2_sluggish_switch_050,d5freq.phase_b1.compact_episode_audits.v1,3026,C,50.0,sluggish,10.0
P_old,True,derated,False,0.27342336125319394,1.0,49.601572214845646,phase-b1::final::sg-C::S2_sluggish_switch_050::P_old::seed-003026,S2_sluggish_switch_050,d5freq.phase_b1.compact_episode_audits.v1,3026,C,50.0,sluggish,20.0
P_old,False,unavailable,True,0.033249552632998794,0.15395979938181034,-1.4489359924638059,phase-b1::final::sg-C::S2_sluggish_switch_050::P_old::seed-003027,S2_sluggish_switch_050,d5freq.phase_b1.compact_episode_audits.v1,3027,C,50.0,sluggish,2.0
P_old,False,unavailable,True,0.036251428802874665,0.022992685985316615,-3.7493179158173433,phase-b1::final::sg-C::S2_sluggish_switch_050::P_old::seed-003027,S2_sluggish_switch_050,d5freq.phase_b1.compact_episode_audits.v1,3027,C,50.0,sluggish,5.0
P_old,False,unavailable,True,0.03780552372682588,0.00043475526525321994,-7.740292444013761,phase-b1::final::sg-C::S2_sluggish_switch_050::P_old::seed-003027,S2_sluggish_switch_050,d5freq.phase_b1.compact_episode_audits.v1,3027,C,50.0,sluggish,10.0
P_old,True,derated,False,0.3157460288806062,1.0,61.58686505062562,phase-b1::final::sg-C::S2_sluggish_switch_050::P_old::seed-003027,S2_sluggish_switch_050,d5freq.phase_b1.compact_episode_audits.v1,3027,C,50.0,sluggish,20.0
P_old,False,unavailable,True,0.03035493931011911,0.17094446732349292,-1.4527770297497042,phase-b1::final::sg-C::S2_sluggish_switch_050::P_old::seed-003028,S2_sluggish_switch_050,d5freq.phase_b1.compact_episode_audits.v1,3028,C,50.0,sluggish,2.0
P_old,False,unavailable,True,0.03015358387100427,0.025770254683861134,-3.62229996409053,phase-b1::final::sg-C::S2_sluggish_switch_050::P_old::seed-003028,S2_sluggish_switch_050,d5freq.phase_b1.compact_episode_audits.v1,3028,C,50.0,sluggish,5.0
P_old,False,unavailable,True,0.030413471394284224,0.0007067000008323171,-7.2541620707840195,phase-b1::final::sg-C::S2_sluggish_switch_050::P_old::seed-003028,S2_sluggish_switch_050,d5freq.phase_b1.compact_episode_audits.v1,3028,C,50.0,sluggish,10.0
P_old,True,derated,False,0.30519740615471436,1.0,65.43754031362496,phase-b1::final::sg-C::S2_sluggish_switch_050::P_old::seed-003028,S2_sluggish_switch_050,d5freq.phase_b1.compact_episode_audits.v1,3028,C,50.0,sluggish,20.0
P_old,False,unavailable,True,0.03021046887842626,0.1543592358953435,-1.442714585467833,phase-b1::final::sg-C::S2_sluggish_switch_050::P_old::seed-003029,S2_sluggish_switch_050,d5freq.phase_b1.compact_episode_audits.v1,3029,C,50.0,sluggish,2.0
P_old,False,unavailable,True,0.03032490604286553,0.025683870778446846,-3.5904672507327007,phase-b1::final::sg-C::S2_sluggish_switch_050::P_old::seed-003029,S2_sluggish_switch_050,d5freq.phase_b1.compact_episode_audits.v1,3029,C,50.0,sluggish,5.0
P_old,False,unavailable,True,0.030417859208880703,0.0007353239244365794,-7.214282493889385,phase-b1::final::sg-C::S2_sluggish_switch_050::P_old::seed-003029,S2_sluggish_switch_050,d5freq.phase_b1.compact_episode_audits.v1,3029,C,50.0,sluggish,10.0
P_old,True,derated,False,0.26671674851750354,1.0,46.52105714871274,phase-b1::final::sg-C::S2_sluggish_switch_050::P_old::seed-003029,S2_sluggish_switch_050,d5freq.phase_b1.compact_episode_audits.v1,3029,C,50.0,sluggish,20.0
P_old,True,derated,False,0.28401973681099835,0.9243670059804441,2.503216568592876,phase-b1::final::sg-A::S2_sluggish_switch_060::P_old::seed-003000,S2_sluggish_switch_060,d5freq.phase_b1.compact_episode_audits.v1,3000,A,60.0,sluggish,2.0
P_old,True,derated,False,0.2688199892225068,0.999819568810084,8.619980624706763,phase-b1::final::sg-A::S2_sluggish_switch_060::P_old::seed-003000,S2_sluggish_switch_060,d5freq.phase_b1.compact_episode_audits.v1,3000,A,60.0,sluggish,5.0
P_old,True,derated,False,0.25137601877087884,0.9999999994014712,21.236546569248617,phase-b1::final::sg-A::S2_sluggish_switch_060::P_old::seed-003000,S2_sluggish_switch_060,d5freq.phase_b1.compact_episode_audits.v1,3000,A,60.0,sluggish,10.0
P_old,True,derated,False,0.25973123907587975,1.0,46.41438942691968,phase-b1::final::sg-A::S2_sluggish_switch_060::P_old::seed-003000,S2_sluggish_switch_060,d5freq.phase_b1.compact_episode_audits.v1,3000,A,60.0,sluggish,20.0
P_old,True,derated,False,0.28866183975170956,0.9263501701209368,2.5319304835931113,phase-b1::final::sg-A::S2_sluggish_switch_060::P_old::seed-003001,S2_sluggish_switch_060,d5freq.phase_b1.compact_episode_audits.v1,3001,A,60.0,sluggish,2.0
P_old,True,derated,False,0.3777588280955013,0.9999966682024668,12.611995268072185,phase-b1::final::sg-A::S2_sluggish_switch_060::P_old::seed-003001,S2_sluggish_switch_060,d5freq.phase_b1.compact_episode_audits.v1,3001,A,60.0,sluggish,5.0
P_old,True,derated,False,0.36056453537502364,0.9999999999979343,26.90552441932961,phase-b1::final::sg-A::S2_sluggish_switch_060::P_old::seed-003001,S2_sluggish_switch_060,d5freq.phase_b1.compact_episode_audits.v1,3001,A,60.0,sluggish,10.0
P_old,True,derated,False,0.3016178839708097,1.0,53.01523161432155,phase-b1::final::sg-A::S2_sluggish_switch_060::P_old::seed-003001,S2_sluggish_switch_060,d5freq.phase_b1.compact_episode_audits.v1,3001,A,60.0,sluggish,20.0
P_old,True,derated,False,0.2726625741196389,0.8907352627728644,2.0982735402032944,phase-b1::final::sg-A::S2_sluggish_switch_060::P_old::seed-003002,S2_sluggish_switch_060,d5freq.phase_b1.compact_episode_audits.v1,3002,A,60.0,sluggish,2.0
P_old,True,derated,False,0.25069263661654484,0.9997471111302032,8.282307494699076,phase-b1::final::sg-A::S2_sluggish_switch_060::P_old::seed-003002,S2_sluggish_switch_060,d5freq.phase_b1.compact_episode_audits.v1,3002,A,60.0,sluggish,5.0
P_old,True,derated,False,0.26133299110834785,0.9999999994832569,21.3834750775259,phase-b1::final::sg-A::S2_sluggish_switch_060::P_old::seed-003002,S2_sluggish_switch_060,d5freq.phase_b1.compact_episode_audits.v1,3002,A,60.0,sluggish,10.0
P_old,True,derated,False,0.25337900380287814,1.0,46.76653919556426,phase-b1::final::sg-A::S2_sluggish_switch_060::P_old::seed-003002,S2_sluggish_switch_060,d5freq.phase_b1.compact_episode_audits.v1,3002,A,60.0,sluggish,20.0
P_old,True,derated,False,0.28711490986021765,0.8875503388869814,2.065959574881063,phase-b1::final::sg-A::S2_sluggish_switch_060::P_old::seed-003003,S2_sluggish_switch_060,d5freq.phase_b1.compact_episode_audits.v1,3003,A,60.0,sluggish,2.0
P_old,True,derated,False,0.35988796722952093,0.9999993381793105,14.228270517594304,phase-b1::final::sg-A::S2_sluggish_switch_060::P_old::seed-003003,S2_sluggish_switch_060,d5freq.phase_b1.compact_episode_audits.v1,3003,A,60.0,sluggish,5.0
P_old,True,derated,False,0.31586727962437594,0.999999999999138,27.779480529128904,phase-b1::final::sg-A::S2_sluggish_switch_060::P_old::seed-003003,S2_sluggish_switch_060,d5freq.phase_b1.compact_episode_audits.v1,3003,A,60.0,sluggish,10.0
P_old,True,derated,False,0.27777117582604194,1.0,53.66202005068041,phase-b1::final::sg-A::S2_sluggish_switch_060::P_old::seed-003003,S2_sluggish_switch_060,d5freq.phase_b1.compact_episode_audits.v1,3003,A,60.0,sluggish,20.0
P_old,True,derated,True,0.28767872749078355,0.847219761167632,1.712959577928192,phase-b1::final::sg-A::S2_sluggish_switch_060::P_old::seed-003004,S2_sluggish_switch_060,d5freq.phase_b1.compact_episode_audits.v1,3004,A,60.0,sluggish,2.0
P_old,True,derated,False,0.40398989023863985,0.99999685854656,12.670821844679793,phase-b1::final::sg-A::S2_sluggish_switch_060::P_old::seed-003004,S2_sluggish_switch_060,d5freq.phase_b1.compact_episode_audits.v1,3004,A,60.0,sluggish,5.0
P_old,True,derated,False,0.44490197820669686,0.9999999999995424,28.41274773870356,phase-b1::final::sg-A::S2_sluggish_switch_060::P_old::seed-003004,S2_sluggish_switch_060,d5freq.phase_b1.compact_episode_audits.v1,3004,A,60.0,sluggish,10.0
P_old,True,derated,False,0.3469166003393275,1.0,55.4473827657861,phase-b1::final::sg-A::S2_sluggish_switch_060::P_old::seed-003004,S2_sluggish_switch_060,d5freq.phase_b1.compact_episode_audits.v1,3004,A,60.0,sluggish,20.0
P_old,True,derated,True,0.2852361833676691,0.8624927374940832,1.8361499946367061,phase-b1::final::sg-A::S2_sluggish_switch_060::P_old::seed-003005,S2_sluggish_switch_060,d5freq.phase_b1.compact_episode_audits.v1,3005,A,60.0,sluggish,2.0
P_old,True,derated,False,0.33386921545155607,0.9999672495930213,10.326562418186782,phase-b1::final::sg-A::S2_sluggish_switch_060::P_old::seed-003005,S2_sluggish_switch_060,d5freq.phase_b1.compact_episode_audits.v1,3005,A,60.0,sluggish,5.0
P_old,True,derated,False,0.28462941566385946,0.9999999999114257,23.147179350683842,phase-b1::final::sg-A::S2_sluggish_switch_060::P_old::seed-003005,S2_sluggish_switch_060,d5freq.phase_b1.compact_episode_audits.v1,3005,A,60.0,sluggish,10.0
P_old,True,derated,False,0.26258571543238257,1.0,49.091270243779576,phase-b1::final::sg-A::S2_sluggish_switch_060::P_old::seed-003005,S2_sluggish_switch_060,d5freq.phase_b1.compact_episode_audits.v1,3005,A,60.0,sluggish,20.0
P_old,True,derated,False,0.28199285828880855,0.9487233689570501,2.9178821455415083,phase-b1::final::sg-A::S2_sluggish_switch_060::P_old::seed-003006,S2_sluggish_switch_060,d5freq.phase_b1.compact_episode_audits.v1,3006,A,60.0,sluggish,2.0
P_old,True,derated,False,0.37437973016191417,0.9999998261574119,15.565115440153583,phase-b1::final::sg-A::S2_sluggish_switch_060::P_old::seed-003006,S2_sluggish_switch_060,d5freq.phase_b1.compact_episode_audits.v1,3006,A,60.0,sluggish,5.0
P_old,True,derated,False,0.3110473567591471,0.9999999999995854,28.51130372075842,phase-b1::final::sg-A::S2_sluggish_switch_060::P_old::seed-003006,S2_sluggish_switch_060,d5freq.phase_b1.compact_episode_audits.v1,3006,A,60.0,sluggish,10.0
P_old,True,derated,False,0.2797748645647179,1.0,54.641536099876134,phase-b1::final::sg-A::S2_sluggish_switch_060::P_old::seed-003006,S2_sluggish_switch_060,d5freq.phase_b1.compact_episode_audits.v1,3006,A,60.0,sluggish,20.0
P_old,True,derated,True,0.28532588391443264,0.8150510821163932,1.483171121317909,phase-b1::final::sg-A::S2_sluggish_switch_060::P_old::seed-003007,S2_sluggish_switch_060,d5freq.phase_b1.compact_episode_audits.v1,3007,A,60.0,sluggish,2.0
P_old,True,derated,False,0.36532879438218563,0.9999990957221293,13.916128240423163,phase-b1::final::sg-A::S2_sluggish_switch_060::P_old::seed-003007,S2_sluggish_switch_060,d5freq.phase_b1.compact_episode_audits.v1,3007,A,60.0,sluggish,5.0
P_old,True,derated,False,0.3184215350534008,0.9999999999986495,27.330498725547898,phase-b1::final::sg-A::S2_sluggish_switch_060::P_old::seed-003007,S2_sluggish_switch_060,d5freq.phase_b1.compact_episode_audits.v1,3007,A,60.0,sluggish,10.0
P_old,True,derated,False,0.278975743257652,1.0,53.08950354728077,phase-b1::final::sg-A::S2_sluggish_switch_060::P_old::seed-003007,S2_sluggish_switch_060,d5freq.phase_b1.compact_episode_audits.v1,3007,A,60.0,sluggish,20.0
P_old,True,derated,True,0.28624509339202514,0.8245659583552203,1.5475939956252596,phase-b1::final::sg-A::S2_sluggish_switch_060::P_old::seed-003008,S2_sluggish_switch_060,d5freq.phase_b1.compact_episode_audits.v1,3008,A,60.0,sluggish,2.0
P_old,True,derated,False,0.3731324447113096,0.9999997934472118,15.392709618289267,phase-b1::final::sg-A::S2_sluggish_switch_060::P_old::seed-003008,S2_sluggish_switch_060,d5freq.phase_b1.compact_episode_audits.v1,3008,A,60.0,sluggish,5.0
P_old,True,derated,False,0.3021224582259715,0.9999999999993099,28.001871677176112,phase-b1::final::sg-A::S2_sluggish_switch_060::P_old::seed-003008,S2_sluggish_switch_060,d5freq.phase_b1.compact_episode_audits.v1,3008,A,60.0,sluggish,10.0
P_old,True,derated,False,0.2758458304193233,1.0,54.308968554742364,phase-b1::final::sg-A::S2_sluggish_switch_060::P_old::seed-003008,S2_sluggish_switch_060,d5freq.phase_b1.compact_episode_audits.v1,3008,A,60.0,sluggish,20.0
P_old,True,derated,True,0.2782375775786486,0.8765143676367412,1.9598282841218122,phase-b1::final::sg-A::S2_sluggish_switch_060::P_old::seed-003009,S2_sluggish_switch_060,d5freq.phase_b1.compact_episode_audits.v1,3009,A,60.0,sluggish,2.0
P_old,True,derated,False,0.3137437234984427,0.9999775882760766,10.705903934610369,phase-b1::final::sg-A::S2_sluggish_switch_060::P_old::seed-003009,S2_sluggish_switch_060,d5freq.phase_b1.compact_episode_audits.v1,3009,A,60.0,sluggish,5.0
P_old,True,derated,False,0.27650843508800244,0.9999999999437041,23.600401432819055,phase-b1::final::sg-A::S2_sluggish_switch_060::P_old::seed-003009,S2_sluggish_switch_060,d5freq.phase_b1.compact_episode_audits.v1,3009,A,60.0,sluggish,10.0
P_old,True,derated,False,0.25403795467988627,1.0,49.26223278043159,phase-b1::final::sg-A::S2_sluggish_switch_060::P_old::seed-003009,S2_sluggish_switch_060,d5freq.phase_b1.compact_episode_audits.v1,3009,A,60.0,sluggish,20.0
P_old,True,derated,False,0.2817853779661278,0.9125301186286809,2.3449265704187994,phase-b1::final::sg-A::S2_sluggish_switch_060::P_old::seed-003010,S2_sluggish_switch_060,d5freq.phase_b1.compact_episode_audits.v1,3010,A,60.0,sluggish,2.0
P_old,True,derated,False,0.2645467610866989,0.9998404303933585,8.74287074332198,phase-b1::final::sg-A::S2_sluggish_switch_060::P_old::seed-003010,S2_sluggish_switch_060,d5freq.phase_b1.compact_episode_audits.v1,3010,A,60.0,sluggish,5.0
P_old,True,derated,False,0.2563122838510782,0.9999999996364719,21.735164655381922,phase-b1::final::sg-A::S2_sluggish_switch_060::P_old::seed-003010,S2_sluggish_switch_060,d5freq.phase_b1.compact_episode_audits.v1,3010,A,60.0,sluggish,10.0
P_old,True,derated,False,0.24587569776286186,1.0,47.08336852977749,phase-b1::final::sg-A::S2_sluggish_switch_060::P_old::seed-003010,S2_sluggish_switch_060,d5freq.phase_b1.compact_episode_audits.v1,3010,A,60.0,sluggish,20.0
P_old,True,derated,False,0.27253562473231724,0.8825210702464955,2.01652366789839,phase-b1::final::sg-A::S2_sluggish_switch_060::P_old::seed-003011,S2_sluggish_switch_060,d5freq.phase_b1.compact_episode_audits.v1,3011,A,60.0,sluggish,2.0
P_old,True,derated,False,0.28738709832455633,0.9999574948117931,10.06584190793447,phase-b1::final::sg-A::S2_sluggish_switch_060::P_old::seed-003011,S2_sluggish_switch_060,d5freq.phase_b1.compact_episode_audits.v1,3011,A,60.0,sluggish,5.0
P_old,True,derated,False,0.2656780847760328,0.9999999999299263,23.381473676353025,phase-b1::final::sg-A::S2_sluggish_switch_060::P_old::seed-003011,S2_sluggish_switch_060,d5freq.phase_b1.compact_episode_audits.v1,3011,A,60.0,sluggish,10.0
P_old,True,derated,False,0.25154490981945743,1.0,49.23510968208416,phase-b1::final::sg-A::S2_sluggish_switch_060::P_old::seed-003011,S2_sluggish_switch_060,d5freq.phase_b1.compact_episode_audits.v1,3011,A,60.0,sluggish,20.0
P_old,True,derated,True,0.28752363764026456,0.8625295687506869,1.836460582405877,phase-b1::final::sg-A::S2_sluggish_switch_060::P_old::seed-003012,S2_sluggish_switch_060,d5freq.phase_b1.compact_episode_audits.v1,3012,A,60.0,sluggish,2.0
P_old,True,derated,False,0.3659039046732256,0.9999967887002791,12.64883159395147,phase-b1::final::sg-A::S2_sluggish_switch_060::P_old::seed-003012,S2_sluggish_switch_060,d5freq.phase_b1.compact_episode_audits.v1,3012,A,60.0,sluggish,5.0
P_old,True,derated,False,0.2992667459280217,0.9999999999910121,25.435131183400784,phase-b1::final::sg-A::S2_sluggish_switch_060::P_old::seed-003012,S2_sluggish_switch_060,d5freq.phase_b1.compact_episode_audits.v1,3012,A,60.0,sluggish,10.0
P_old,True,derated,False,0.2675089737416016,1.0,51.23460542280998,phase-b1::final::sg-A::S2_sluggish_switch_060::P_old::seed-003012,S2_sluggish_switch_060,d5freq.phase_b1.compact_episode_audits.v1,3012,A,60.0,sluggish,20.0
P_old,True,derated,False,0.2809864423682008,0.9013303158569916,2.212094052978536,phase-b1::final::sg-A::S2_sluggish_switch_060::P_old::seed-003013,S2_sluggish_switch_060,d5freq.phase_b1.compact_episode_audits.v1,3013,A,60.0,sluggish,2.0
P_old,True,derated,False,0.31397683734470555,0.9999955551811445,12.323766997381973,phase-b1::final::sg-A::S2_sluggish_switch_060::P_old::seed-003013,S2_sluggish_switch_060,d5freq.phase_b1.compact_episode_audits.v1,3013,A,60.0,sluggish,5.0
P_old,True,derated,False,0.27953024368502877,0.9999999999895199,25.28155635279259,phase-b1::final::sg-A::S2_sluggish_switch_060::P_old::seed-003013,S2_sluggish_switch_060,d5freq.phase_b1.compact_episode_audits.v1,3013,A,60.0,sluggish,10.0
P_old,True,derated,False,0.2912608978676691,1.0,56.43355184015007,phase-b1::final::sg-A::S2_sluggish_switch_060::P_old::seed-003013,S2_sluggish_switch_060,d5freq.phase_b1.compact_episode_audits.v1,3013,A,60.0,sluggish,20.0
P_old,True,derated,True,0.27513526032620517,0.7479809320589078,1.087872734667929,phase-b1::final::sg-A::S2_sluggish_switch_060::P_old::seed-003014,S2_sluggish_switch_060,d5freq.phase_b1.compact_episode_audits.v1,3014,A,60.0,sluggish,2.0
P_old,True,derated,False,0.325173936792835,0.9999570082959428,10.05446039715764,phase-b1::final::sg-A::S2_sluggish_switch_060::P_old::seed-003014,S2_sluggish_switch_060,d5freq.phase_b1.compact_episode_audits.v1,3014,A,60.0,sluggish,5.0
P_old,True,derated,False,0.28125475826355245,0.9999999998973375,22.999573057257123,phase-b1::final::sg-A::S2_sluggish_switch_060::P_old::seed-003014,S2_sluggish_switch_060,d5freq.phase_b1.compact_episode_audits.v1,3014,A,60.0,sluggish,10.0
P_old,True,derated,False,0.25937498985619356,1.0,48.85922599176777,phase-b1::final::sg-A::S2_sluggish_switch_060::P_old::seed-003014,S2_sluggish_switch_060,d5freq.phase_b1.compact_episode_audits.v1,3014,A,60.0,sluggish,20.0
P_old,True,derated,True,0.2864374250293497,0.8313343396116752,1.59511363348577,phase-b1::final::sg-A::S2_sluggish_switch_060::P_old::seed-003015,S2_sluggish_switch_060,d5freq.phase_b1.compact_episode_audits.v1,3015,A,60.0,sluggish,2.0
P_old,True,derated,False,0.35839988185673566,0.9999980447824278,13.145007125435626,phase-b1::final::sg-A::S2_sluggish_switch_060::P_old::seed-003015,S2_sluggish_switch_060,d5freq.phase_b1.compact_episode_audits.v1,3015,A,60.0,sluggish,5.0
P_old,True,derated,False,0.34260235059810007,0.9999999999999625,30.911926178236243,phase-b1::final::sg-A::S2_sluggish_switch_060::P_old::seed-003015,S2_sluggish_switch_060,d5freq.phase_b1.compact_episode_audits.v1,3015,A,60.0,sluggish,10.0
P_old,True,derated,False,0.2956521161076277,1.0,57.67294119884028,phase-b1::final::sg-A::S2_sluggish_switch_060::P_old::seed-003015,S2_sluggish_switch_060,d5freq.phase_b1.compact_episode_audits.v1,3015,A,60.0,sluggish,20.0
P_old,True,derated,True,0.2849459763245185,0.8350362340129455,1.6217492682303458,phase-b1::final::sg-A::S2_sluggish_switch_060::P_old::seed-003016,S2_sluggish_switch_060,d5freq.phase_b1.compact_episode_audits.v1,3016,A,60.0,sluggish,2.0
P_old,True,derated,False,0.38305506033153286,0.9999989945758253,13.81010003575804,phase-b1::final::sg-A::S2_sluggish_switch_060::P_old::seed-003016,S2_sluggish_switch_060,d5freq.phase_b1.compact_episode_audits.v1,3016,A,60.0,sluggish,5.0
P_old,True,derated,False,0.3076167349742315,0.9999999999968574,26.485948788674165,phase-b1::final::sg-A::S2_sluggish_switch_060::P_old::seed-003016,S2_sluggish_switch_060,d5freq.phase_b1.compact_episode_audits.v1,3016,A,60.0,sluggish,10.0
P_old,True,derated,False,0.3150258721268871,1.0,54.58009388880339,phase-b1::final::sg-A::S2_sluggish_switch_060::P_old::seed-003016,S2_sluggish_switch_060,d5freq.phase_b1.compact_episode_audits.v1,3016,A,60.0,sluggish,20.0
P_old,True,derated,False,0.2760516707986123,0.9109968242275278,2.325867359292534,phase-b1::final::sg-A::S2_sluggish_switch_060::P_old::seed-003017,S2_sluggish_switch_060,d5freq.phase_b1.compact_episode_audits.v1,3017,A,60.0,sluggish,2.0
P_old,True,derated,False,0.38274860505982483,0.9999993797249814,14.293102258853303,phase-b1::final::sg-A::S2_sluggish_switch_060::P_old::seed-003017,S2_sluggish_switch_060,d5freq.phase_b1.compact_episode_audits.v1,3017,A,60.0,sluggish,5.0
P_old,True,derated,False,0.35805804350921344,0.9999999999999465,30.560579460047222,phase-b1::final::sg-A::S2_sluggish_switch_060::P_old::seed-003017,S2_sluggish_switch_060,d5freq.phase_b1.compact_episode_audits.v1,3017,A,60.0,sluggish,10.0
P_old,True,derated,False,0.3038834347526568,1.0,56.21817719546047,phase-b1::final::sg-A::S2_sluggish_switch_060::P_old::seed-003017,S2_sluggish_switch_060,d5freq.phase_b1.compact_episode_audits.v1,3017,A,60.0,sluggish,20.0
P_old,True,derated,False,0.3134361881246203,0.8810437628521824,2.0023516283558074,phase-b1::final::sg-A::S2_sluggish_switch_060::P_old::seed-003018,S2_sluggish_switch_060,d5freq.phase_b1.compact_episode_audits.v1,3018,A,60.0,sluggish,2.0
P_old,True,derated,False,0.38469060048030435,0.9999938706212268,12.002411025797812,phase-b1::final::sg-A::S2_sluggish_switch_060::P_old::seed-003018,S2_sluggish_switch_060,d5freq.phase_b1.compact_episode_audits.v1,3018,A,60.0,sluggish,5.0
P_old,True,derated,False,0.3118127988514955,0.9999999999813627,24.705860624612015,phase-b1::final::sg-A::S2_sluggish_switch_060::P_old::seed-003018,S2_sluggish_switch_060,d5freq.phase_b1.compact_episode_audits.v1,3018,A,60.0,sluggish,10.0
P_old,True,derated,False,0.28308704399210666,1.0,51.02695880767985,phase-b1::final::sg-A::S2_sluggish_switch_060::P_old::seed-003018,S2_sluggish_switch_060,d5freq.phase_b1.compact_episode_audits.v1,3018,A,60.0,sluggish,20.0
P_old,True,derated,False,0.289856667746335,0.9484730613228849,2.912748635605798,phase-b1::final::sg-A::S2_sluggish_switch_060::P_old::seed-003019,S2_sluggish_switch_060,d5freq.phase_b1.compact_episode_audits.v1,3019,A,60.0,sluggish,2.0
P_old,True,derated,False,0.30900426220617816,0.9999968733130877,12.675533481813972,phase-b1::final::sg-A::S2_sluggish_switch_060::P_old::seed-003019,S2_sluggish_switch_060,d5freq.phase_b1.compact_episode_audits.v1,3019,A,60.0,sluggish,5.0
P_old,True,derated,False,0.3310607578385227,0.9999999999999161,30.10808536352171,phase-b1::final::sg-A::S2_sluggish_switch_060::P_old::seed-003019,S2_sluggish_switch_060,d5freq.phase_b1.compact_episode_audits.v1,3019,A,60.0,sluggish,10.0
P_old,True,derated,False,0.2983865599619079,1.0,56.48166983051564,phase-b1::final::sg-A::S2_sluggish_switch_060::P_old::seed-003019,S2_sluggish_switch_060,d5freq.phase_b1.compact_episode_audits.v1,3019,A,60.0,sluggish,20.0
P_old,True,derated,True,0.2883281570447704,0.8555744968812486,1.7790093442123123,phase-b1::final::sg-A::S2_sluggish_switch_060::P_old::seed-003020,S2_sluggish_switch_060,d5freq.phase_b1.compact_episode_audits.v1,3020,A,60.0,sluggish,2.0
P_old,True,derated,False,0.3109627245175598,0.9999913281510282,11.655419857142348,phase-b1::final::sg-A::S2_sluggish_switch_060::P_old::seed-003020,S2_sluggish_switch_060,d5freq.phase_b1.compact_episode_audits.v1,3020,A,60.0,sluggish,5.0
P_old,True,derated,False,0.3334935857206812,0.9999999999999503,30.629944591764286,phase-b1::final::sg-A::S2_sluggish_switch_060::P_old::seed-003020,S2_sluggish_switch_060,d5freq.phase_b1.compact_episode_audits.v1,3020,A,60.0,sluggish,10.0
P_old,True,derated,False,0.32018118054039346,1.0,61.24038008015722,phase-b1::final::sg-A::S2_sluggish_switch_060::P_old::seed-003020,S2_sluggish_switch_060,d5freq.phase_b1.compact_episode_audits.v1,3020,A,60.0,sluggish,20.0
P_old,True,derated,False,0.2857303779668029,0.9090563782206098,2.3021673408628054,phase-b1::final::sg-A::S2_sluggish_switch_060::P_old::seed-003021,S2_sluggish_switch_060,d5freq.phase_b1.compact_episode_audits.v1,3021,A,60.0,sluggish,2.0
P_old,True,derated,False,0.31502485657858653,0.9999931313078135,11.888529967005965,phase-b1::final::sg-A::S2_sluggish_switch_060::P_old::seed-003021,S2_sluggish_switch_060,d5freq.phase_b1.compact_episode_audits.v1,3021,A,60.0,sluggish,5.0
P_old,True,derated,False,0.2741913905447574,0.9999999999834472,24.824472213308184,phase-b1::final::sg-A::S2_sluggish_switch_060::P_old::seed-003021,S2_sluggish_switch_060,d5freq.phase_b1.compact_episode_audits.v1,3021,A,60.0,sluggish,10.0
P_old,True,derated,False,0.27162716952718063,1.0,54.01493048691924,phase-b1::final::sg-A::S2_sluggish_switch_060::P_old::seed-003021,S2_sluggish_switch_060,d5freq.phase_b1.compact_episode_audits.v1,3021,A,60.0,sluggish,20.0
P_old,True,derated,False,0.2819121733513432,0.897637100771993,2.1712415324883843,phase-b1::final::sg-A::S2_sluggish_switch_060::P_old::seed-003022,S2_sluggish_switch_060,d5freq.phase_b1.compact_episode_audits.v1,3022,A,60.0,sluggish,2.0
P_old,True,derated,False,0.33722025225021995,0.9999927828773814,11.839046996614364,phase-b1::final::sg-A::S2_sluggish_switch_060::P_old::seed-003022,S2_sluggish_switch_060,d5freq.phase_b1.compact_episode_audits.v1,3022,A,60.0,sluggish,5.0
P_old,True,derated,False,0.28484160585472296,0.999999999980981,24.68558132606688,phase-b1::final::sg-A::S2_sluggish_switch_060::P_old::seed-003022,S2_sluggish_switch_060,d5freq.phase_b1.compact_episode_audits.v1,3022,A,60.0,sluggish,10.0
P_old,True,derated,False,0.2587210493653017,1.0,50.437247561810466,phase-b1::final::sg-A::S2_sluggish_switch_060::P_old::seed-003022,S2_sluggish_switch_060,d5freq.phase_b1.compact_episode_audits.v1,3022,A,60.0,sluggish,20.0
P_old,True,derated,True,0.28494388634565165,0.8092998948823233,1.4454674827881497,phase-b1::final::sg-A::S2_sluggish_switch_060::P_old::seed-003023,S2_sluggish_switch_060,d5freq.phase_b1.compact_episode_audits.v1,3023,A,60.0,sluggish,2.0
P_old,True,derated,False,0.37949879782817597,0.9999986154599314,13.490141169483309,phase-b1::final::sg-A::S2_sluggish_switch_060::P_old::seed-003023,S2_sluggish_switch_060,d5freq.phase_b1.compact_episode_audits.v1,3023,A,60.0,sluggish,5.0
P_old,True,derated,False,0.3684896134295717,0.9999999999995925,28.52877391512942,phase-b1::final::sg-A::S2_sluggish_switch_060::P_old::seed-003023,S2_sluggish_switch_060,d5freq.phase_b1.compact_episode_audits.v1,3023,A,60.0,sluggish,10.0
P_old,True,derated,False,0.36694460798613215,1.0,57.936348921489724,phase-b1::final::sg-A::S2_sluggish_switch_060::P_old::seed-003023,S2_sluggish_switch_060,d5freq.phase_b1.compact_episode_audits.v1,3023,A,60.0,sluggish,20.0
P_old,True,derated,False,0.2819064500065481,0.9360898666090667,2.6842335523748453,phase-b1::final::sg-A::S2_sluggish_switch_060::P_old::seed-003024,S2_sluggish_switch_060,d5freq.phase_b1.compact_episode_audits.v1,3024,A,60.0,sluggish,2.0
P_old,True,derated,False,0.312676597668543,0.9999981071708589,13.177436055208986,phase-b1::final::sg-A::S2_sluggish_switch_060::P_old::seed-003024,S2_sluggish_switch_060,d5freq.phase_b1.compact_episode_audits.v1,3024,A,60.0,sluggish,5.0
P_old,True,derated,False,0.29693539469876257,0.9999999999986993,27.368043317414504,phase-b1::final::sg-A::S2_sluggish_switch_060::P_old::seed-003024,S2_sluggish_switch_060,d5freq.phase_b1.compact_episode_audits.v1,3024,A,60.0,sluggish,10.0
P_old,True,derated,False,0.28378779903455287,1.0,56.125638371124495,phase-b1::final::sg-A::S2_sluggish_switch_060::P_old::seed-003024,S2_sluggish_switch_060,d5freq.phase_b1.compact_episode_audits.v1,3024,A,60.0,sluggish,20.0
P_old,True,derated,False,0.2864353336197596,0.8997632678231499,2.194596982907381,phase-b1::final::sg-A::S2_sluggish_switch_060::P_old::seed-003025,S2_sluggish_switch_060,d5freq.phase_b1.compact_episode_audits.v1,3025,A,60.0,sluggish,2.0
P_old,True,derated,False,0.26056055144485146,0.9997102163165017,8.146086006612293,phase-b1::final::sg-A::S2_sluggish_switch_060::P_old::seed-003025,S2_sluggish_switch_060,d5freq.phase_b1.compact_episode_audits.v1,3025,A,60.0,sluggish,5.0
P_old,True,derated,False,0.2631740125734571,0.9999999994635642,21.346074152231964,phase-b1::final::sg-A::S2_sluggish_switch_060::P_old::seed-003025,S2_sluggish_switch_060,d5freq.phase_b1.compact_episode_audits.v1,3025,A,60.0,sluggish,10.0
P_old,True,derated,False,0.25175789113298963,1.0,46.621734982074855,phase-b1::final::sg-A::S2_sluggish_switch_060::P_old::seed-003025,S2_sluggish_switch_060,d5freq.phase_b1.compact_episode_audits.v1,3025,A,60.0,sluggish,20.0
P_old,True,derated,False,0.2788836819762267,0.899756761650713,2.1945248459390925,phase-b1::final::sg-A::S2_sluggish_switch_060::P_old::seed-003026,S2_sluggish_switch_060,d5freq.phase_b1.compact_episode_audits.v1,3026,A,60.0,sluggish,2.0
P_old,True,derated,False,0.31577203313460167,0.999997084223247,12.745371390280056,phase-b1::final::sg-A::S2_sluggish_switch_060::P_old::seed-003026,S2_sluggish_switch_060,d5freq.phase_b1.compact_episode_audits.v1,3026,A,60.0,sluggish,5.0
P_old,True,derated,False,0.28472314218846834,0.9999999999949623,26.014050349570923,phase-b1::final::sg-A::S2_sluggish_switch_060::P_old::seed-003026,S2_sluggish_switch_060,d5freq.phase_b1.compact_episode_audits.v1,3026,A,60.0,sluggish,10.0
P_old,True,derated,False,0.31950903948124615,1.0,55.94616142504938,phase-b1::final::sg-A::S2_sluggish_switch_060::P_old::seed-003026,S2_sluggish_switch_060,d5freq.phase_b1.compact_episode_audits.v1,3026,A,60.0,sluggish,20.0
P_old,True,derated,False,0.28380651490128184,0.9236377822736881,2.4928319427862675,phase-b1::final::sg-A::S2_sluggish_switch_060::P_old::seed-003027,S2_sluggish_switch_060,d5freq.phase_b1.compact_episode_audits.v1,3027,A,60.0,sluggish,2.0
P_old,True,derated,False,0.37711107487340956,0.9999994904598358,14.489756647365624,phase-b1::final::sg-A::S2_sluggish_switch_060::P_old::seed-003027,S2_sluggish_switch_060,d5freq.phase_b1.compact_episode_audits.v1,3027,A,60.0,sluggish,5.0
P_old,True,derated,False,0.3937274988284646,0.9999999999999196,30.151502642603916,phase-b1::final::sg-A::S2_sluggish_switch_060::P_old::seed-003027,S2_sluggish_switch_060,d5freq.phase_b1.compact_episode_audits.v1,3027,A,60.0,sluggish,10.0
P_old,True,derated,False,0.3147429841185665,1.0,54.85901051302801,phase-b1::final::sg-A::S2_sluggish_switch_060::P_old::seed-003027,S2_sluggish_switch_060,d5freq.phase_b1.compact_episode_audits.v1,3027,A,60.0,sluggish,20.0
P_old,True,derated,True,0.28568020565925545,0.8519621662567718,1.7500742455457825,phase-b1::final::sg-A::S2_sluggish_switch_060::P_old::seed-003028,S2_sluggish_switch_060,d5freq.phase_b1.compact_episode_audits.v1,3028,A,60.0,sluggish,2.0
P_old,True,derated,False,0.3329926539518418,0.9999862927265049,11.1975702465934,phase-b1::final::sg-A::S2_sluggish_switch_060::P_old::seed-003028,S2_sluggish_switch_060,d5freq.phase_b1.compact_episode_audits.v1,3028,A,60.0,sluggish,5.0
P_old,True,derated,False,0.28925986765567296,0.9999999999717384,24.289518154243865,phase-b1::final::sg-A::S2_sluggish_switch_060::P_old::seed-003028,S2_sluggish_switch_060,d5freq.phase_b1.compact_episode_audits.v1,3028,A,60.0,sluggish,10.0
P_old,True,derated,False,0.2708518698096069,1.0,50.1387381122712,phase-b1::final::sg-A::S2_sluggish_switch_060::P_old::seed-003028,S2_sluggish_switch_060,d5freq.phase_b1.compact_episode_audits.v1,3028,A,60.0,sluggish,20.0
P_old,True,derated,False,0.2775786615789973,0.9062335879332641,2.268490384564025,phase-b1::final::sg-A::S2_sluggish_switch_060::P_old::seed-003029,S2_sluggish_switch_060,d5freq.phase_b1.compact_episode_audits.v1,3029,A,60.0,sluggish,2.0
P_old,True,derated,False,0.2871046804510892,0.9999555331369996,10.020721830009663,phase-b1::final::sg-A::S2_sluggish_switch_060::P_old::seed-003029,S2_sluggish_switch_060,d5freq.phase_b1.compact_episode_audits.v1,3029,A,60.0,sluggish,5.0
P_old,True,derated,False,0.2736031991074245,0.9999999999199212,23.248010186813204,phase-b1::final::sg-A::S2_sluggish_switch_060::P_old::seed-003029,S2_sluggish_switch_060,d5freq.phase_b1.compact_episode_audits.v1,3029,A,60.0,sluggish,10.0
P_old,True,derated,False,0.2642046738417899,1.0,49.55691541824413,phase-b1::final::sg-A::S2_sluggish_switch_060::P_old::seed-003029,S2_sluggish_switch_060,d5freq.phase_b1.compact_episode_audits.v1,3029,A,60.0,sluggish,20.0
P_old,True,derated,False,0.3146533598828658,0.9651615741368684,3.3215745525834315,phase-b1::final::sg-B::S2_sluggish_switch_060::P_old::seed-003000,S2_sluggish_switch_060,d5freq.phase_b1.compact_episode_audits.v1,3000,B,60.0,sluggish,2.0
P_old,True,derated,False,0.3301506904114437,0.9999902649192528,11.539764889517485,phase-b1::final::sg-B::S2_sluggish_switch_060::P_old::seed-003000,S2_sluggish_switch_060,d5freq.phase_b1.compact_episode_audits.v1,3000,B,60.0,sluggish,5.0
P_old,True,derated,False,0.28567298961496934,0.9999999999190359,23.23701517894868,phase-b1::final::sg-B::S2_sluggish_switch_060::P_old::seed-003000,S2_sluggish_switch_060,d5freq.phase_b1.compact_episode_audits.v1,3000,B,60.0,sluggish,10.0
P_old,True,derated,False,0.26614591937163057,1.0,48.80515418862154,phase-b1::final::sg-B::S2_sluggish_switch_060::P_old::seed-003000,S2_sluggish_switch_060,d5freq.phase_b1.compact_episode_audits.v1,3000,B,60.0,sluggish,20.0
P_old,True,derated,False,0.3054879637185548,0.95555624771305,3.0680692331491137,phase-b1::final::sg-B::S2_sluggish_switch_060::P_old::seed-003001,S2_sluggish_switch_060,d5freq.phase_b1.compact_episode_audits.v1,3001,B,60.0,sluggish,2.0
P_old,True,derated,False,0.36615117920463874,0.9999862100506797,11.191556751217412,phase-b1::final::sg-B::S2_sluggish_switch_060::P_old::seed-003001,S2_sluggish_switch_060,d5freq.phase_b1.compact_episode_audits.v1,3001,B,60.0,sluggish,5.0
P_old,True,derated,False,0.3236648536662795,0.9999999999794722,24.609244251150713,phase-b1::final::sg-B::S2_sluggish_switch_060::P_old::seed-003001,S2_sluggish_switch_060,d5freq.phase_b1.compact_episode_audits.v1,3001,B,60.0,sluggish,10.0
P_old,True,derated,False,0.2800323683500115,1.0,49.78483257234478,phase-b1::final::sg-B::S2_sluggish_switch_060::P_old::seed-003001,S2_sluggish_switch_060,d5freq.phase_b1.compact_episode_audits.v1,3001,B,60.0,sluggish,20.0
P_old,True,derated,False,0.281218857444527,0.9221941788651207,2.4725395573561997,phase-b1::final::sg-B::S2_sluggish_switch_060::P_old::seed-003002,S2_sluggish_switch_060,d5freq.phase_b1.compact_episode_audits.v1,3002,B,60.0,sluggish,2.0
P_old,True,derated,False,0.3711135386197925,0.9999998970044104,16.088579566201055,phase-b1::final::sg-B::S2_sluggish_switch_060::P_old::seed-003002,S2_sluggish_switch_060,d5freq.phase_b1.compact_episode_audits.v1,3002,B,60.0,sluggish,5.0
P_old,True,derated,False,0.3694787667333071,0.9999999999999942,32.79057742272238,phase-b1::final::sg-B::S2_sluggish_switch_060::P_old::seed-003002,S2_sluggish_switch_060,d5freq.phase_b1.compact_episode_audits.v1,3002,B,60.0,sluggish,10.0
P_old,True,derated,False,0.3560733181834406,1.0,63.51635736093047,phase-b1::final::sg-B::S2_sluggish_switch_060::P_old::seed-003002,S2_sluggish_switch_060,d5freq.phase_b1.compact_episode_audits.v1,3002,B,60.0,sluggish,20.0
P_old,True,derated,False,0.28817020425589107,0.8924938283578144,2.116471342079862,phase-b1::final::sg-B::S2_sluggish_switch_060::P_old::seed-003003,S2_sluggish_switch_060,d5freq.phase_b1.compact_episode_audits.v1,3003,B,60.0,sluggish,2.0
P_old,True,derated,False,0.3373186275730894,0.9999672800365113,10.327492441601251,phase-b1::final::sg-B::S2_sluggish_switch_060::P_old::seed-003003,S2_sluggish_switch_060,d5freq.phase_b1.compact_episode_audits.v1,3003,B,60.0,sluggish,5.0
P_old,True,derated,False,0.29900205989621315,0.9999999998568887,22.66739893860428,phase-b1::final::sg-B::S2_sluggish_switch_060::P_old::seed-003003,S2_sluggish_switch_060,d5freq.phase_b1.compact_episode_audits.v1,3003,B,60.0,sluggish,10.0
P_old,True,derated,False,0.291662325912107,1.0,48.43782696454156,phase-b1::final::sg-B::S2_sluggish_switch_060::P_old::seed-003003,S2_sluggish_switch_060,d5freq.phase_b1.compact_episode_audits.v1,3003,B,60.0,sluggish,20.0
P_old,True,derated,True,0.25346452560647137,0.7373489441843145,1.032234878540379,phase-b1::final::sg-B::S2_sluggish_switch_060::P_old::seed-003004,S2_sluggish_switch_060,d5freq.phase_b1.compact_episode_audits.v1,3004,B,60.0,sluggish,2.0
P_old,True,derated,False,0.35057813312584507,0.9998480655236031,8.791909260373572,phase-b1::final::sg-B::S2_sluggish_switch_060::P_old::seed-003004,S2_sluggish_switch_060,d5freq.phase_b1.compact_episode_audits.v1,3004,B,60.0,sluggish,5.0
P_old,True,derated,False,0.36789679768297584,0.9999999999948153,25.9853130465592,phase-b1::final::sg-B::S2_sluggish_switch_060::P_old::seed-003004,S2_sluggish_switch_060,d5freq.phase_b1.compact_episode_audits.v1,3004,B,60.0,sluggish,10.0
P_old,True,derated,False,0.3064588609043417,1.0,51.54575029070779,phase-b1::final::sg-B::S2_sluggish_switch_060::P_old::seed-003004,S2_sluggish_switch_060,d5freq.phase_b1.compact_episode_audits.v1,3004,B,60.0,sluggish,20.0
P_old,True,derated,False,0.32690223689344233,0.9681526854210908,3.41443674388152,phase-b1::final::sg-B::S2_sluggish_switch_060::P_old::seed-003005,S2_sluggish_switch_060,d5freq.phase_b1.compact_episode_audits.v1,3005,B,60.0,sluggish,2.0
P_old,True,derated,False,0.4561382101638335,0.9999999232170226,16.382282793085317,phase-b1::final::sg-B::S2_sluggish_switch_060::P_old::seed-003005,S2_sluggish_switch_060,d5freq.phase_b1.compact_episode_audits.v1,3005,B,60.0,sluggish,5.0
P_old,True,derated,False,0.3503997433770437,0.9999999999995657,28.465038551639438,phase-b1::final::sg-B::S2_sluggish_switch_060::P_old::seed-003005,S2_sluggish_switch_060,d5freq.phase_b1.compact_episode_audits.v1,3005,B,60.0,sluggish,10.0
P_old,True,derated,False,0.2987643522565445,1.0,54.05767245358072,phase-b1::final::sg-B::S2_sluggish_switch_060::P_old::seed-003005,S2_sluggish_switch_060,d5freq.phase_b1.compact_episode_audits.v1,3005,B,60.0,sluggish,20.0
P_old,True,derated,False,0.275579706380444,0.9439406494065881,2.8236523312427835,phase-b1::final::sg-B::S2_sluggish_switch_060::P_old::seed-003006,S2_sluggish_switch_060,d5freq.phase_b1.compact_episode_audits.v1,3006,B,60.0,sluggish,2.0
P_old,True,derated,False,0.3171734930305603,0.9999984787273594,13.395961788638509,phase-b1::final::sg-B::S2_sluggish_switch_060::P_old::seed-003006,S2_sluggish_switch_060,d5freq.phase_b1.compact_episode_audits.v1,3006,B,60.0,sluggish,5.0
P_old,True,derated,False,0.3535650284822796,0.9999999999999283,30.266273821794613,phase-b1::final::sg-B::S2_sluggish_switch_060::P_old::seed-003006,S2_sluggish_switch_060,d5freq.phase_b1.compact_episode_audits.v1,3006,B,60.0,sluggish,10.0
P_old,True,derated,False,0.350130225948012,1.0,58.6376439442858,phase-b1::final::sg-B::S2_sluggish_switch_060::P_old::seed-003006,S2_sluggish_switch_060,d5freq.phase_b1.compact_episode_audits.v1,3006,B,60.0,sluggish,20.0
P_old,True,derated,False,0.3098956587299785,0.9079375326621953,2.288708240167214,phase-b1::final::sg-B::S2_sluggish_switch_060::P_old::seed-003007,S2_sluggish_switch_060,d5freq.phase_b1.compact_episode_audits.v1,3007,B,60.0,sluggish,2.0
P_old,True,derated,False,0.4276803486338755,0.9999998879555784,16.004370311306843,phase-b1::final::sg-B::S2_sluggish_switch_060::P_old::seed-003007,S2_sluggish_switch_060,d5freq.phase_b1.compact_episode_audits.v1,3007,B,60.0,sluggish,5.0
P_old,True,derated,False,0.3340397341950658,0.999999999999237,27.901564509074475,phase-b1::final::sg-B::S2_sluggish_switch_060::P_old::seed-003007,S2_sluggish_switch_060,d5freq.phase_b1.compact_episode_audits.v1,3007,B,60.0,sluggish,10.0
P_old,True,derated,False,0.28746755555487863,1.0,53.27127511950073,phase-b1::final::sg-B::S2_sluggish_switch_060::P_old::seed-003007,S2_sluggish_switch_060,d5freq.phase_b1.compact_episode_audits.v1,3007,B,60.0,sluggish,20.0
P_old,True,derated,False,0.3150871317001203,0.9270718546692102,2.5425564298298617,phase-b1::final::sg-B::S2_sluggish_switch_060::P_old::seed-003008,S2_sluggish_switch_060,d5freq.phase_b1.compact_episode_audits.v1,3008,B,60.0,sluggish,2.0
P_old,True,derated,False,0.36565536385270264,0.9999948665200424,12.179721640963109,phase-b1::final::sg-B::S2_sluggish_switch_060::P_old::seed-003008,S2_sluggish_switch_060,d5freq.phase_b1.compact_episode_audits.v1,3008,B,60.0,sluggish,5.0
P_old,True,derated,False,0.32398102318028826,0.9999999999986369,27.321265654761035,phase-b1::final::sg-B::S2_sluggish_switch_060::P_old::seed-003008,S2_sluggish_switch_060,d5freq.phase_b1.compact_episode_audits.v1,3008,B,60.0,sluggish,10.0
P_old,True,derated,False,0.28432227387539244,1.0,53.26563107390811,phase-b1::final::sg-B::S2_sluggish_switch_060::P_old::seed-003008,S2_sluggish_switch_060,d5freq.phase_b1.compact_episode_audits.v1,3008,B,60.0,sluggish,20.0
P_old,True,derated,False,0.3354467324130329,0.9851658223996994,4.195876158858546,phase-b1::final::sg-B::S2_sluggish_switch_060::P_old::seed-003009,S2_sluggish_switch_060,d5freq.phase_b1.compact_episode_audits.v1,3009,B,60.0,sluggish,2.0
P_old,True,derated,False,0.345959658985808,0.9999636137674807,10.221283695461317,phase-b1::final::sg-B::S2_sluggish_switch_060::P_old::seed-003009,S2_sluggish_switch_060,d5freq.phase_b1.compact_episode_audits.v1,3009,B,60.0,sluggish,5.0
P_old,True,derated,False,0.3122524831165156,0.9999999999274776,23.347124716793616,phase-b1::final::sg-B::S2_sluggish_switch_060::P_old::seed-003009,S2_sluggish_switch_060,d5freq.phase_b1.compact_episode_audits.v1,3009,B,60.0,sluggish,10.0
P_old,True,derated,False,0.27127142345479377,1.0,48.367775474438105,phase-b1::final::sg-B::S2_sluggish_switch_060::P_old::seed-003009,S2_sluggish_switch_060,d5freq.phase_b1.compact_episode_audits.v1,3009,B,60.0,sluggish,20.0
P_old,True,derated,False,0.27371575550334903,0.8898117403608758,2.0888195584733324,phase-b1::final::sg-B::S2_sluggish_switch_060::P_old::seed-003010,S2_sluggish_switch_060,d5freq.phase_b1.compact_episode_audits.v1,3010,B,60.0,sluggish,2.0
P_old,True,derated,False,0.3168277092524797,0.9999830677042256,10.986270834649964,phase-b1::final::sg-B::S2_sluggish_switch_060::P_old::seed-003010,S2_sluggish_switch_060,d5freq.phase_b1.compact_episode_audits.v1,3010,B,60.0,sluggish,5.0
P_old,True,derated,False,0.30746943801346116,0.9999999999739759,24.371995764450148,phase-b1::final::sg-B::S2_sluggish_switch_060::P_old::seed-003010,S2_sluggish_switch_060,d5freq.phase_b1.compact_episode_audits.v1,3010,B,60.0,sluggish,10.0
P_old,True,derated,False,0.2763067008533917,1.0,50.40144189158562,phase-b1::final::sg-B::S2_sluggish_switch_060::P_old::seed-003010,S2_sluggish_switch_060,d5freq.phase_b1.compact_episode_audits.v1,3010,B,60.0,sluggish,20.0
P_old,True,derated,False,0.30663284064804197,0.9465543732518673,2.8741636010156064,phase-b1::final::sg-B::S2_sluggish_switch_060::P_old::seed-003011,S2_sluggish_switch_060,d5freq.phase_b1.compact_episode_audits.v1,3011,B,60.0,sluggish,2.0
P_old,True,derated,False,0.3661351250199675,0.9999679260099757,10.347433061397147,phase-b1::final::sg-B::S2_sluggish_switch_060::P_old::seed-003011,S2_sluggish_switch_060,d5freq.phase_b1.compact_episode_audits.v1,3011,B,60.0,sluggish,5.0
P_old,True,derated,False,0.37298977866912997,0.9999999999988105,27.457484405759757,phase-b1::final::sg-B::S2_sluggish_switch_060::P_old::seed-003011,S2_sluggish_switch_060,d5freq.phase_b1.compact_episode_audits.v1,3011,B,60.0,sluggish,10.0
P_old,True,derated,False,0.4026455555802947,1.0,52.04498696010833,phase-b1::final::sg-B::S2_sluggish_switch_060::P_old::seed-003011,S2_sluggish_switch_060,d5freq.phase_b1.compact_episode_audits.v1,3011,B,60.0,sluggish,20.0
P_old,True,derated,False,0.3162024416636208,0.9429680830191243,2.805421377689907,phase-b1::final::sg-B::S2_sluggish_switch_060::P_old::seed-003012,S2_sluggish_switch_060,d5freq.phase_b1.compact_episode_audits.v1,3012,B,60.0,sluggish,2.0
P_old,True,derated,False,0.36827925872130846,0.9999809797304149,10.869986306723312,phase-b1::final::sg-B::S2_sluggish_switch_060::P_old::seed-003012,S2_sluggish_switch_060,d5freq.phase_b1.compact_episode_audits.v1,3012,B,60.0,sluggish,5.0
P_old,True,derated,False,0.32368381055005,0.9999999999474394,23.669053826352993,phase-b1::final::sg-B::S2_sluggish_switch_060::P_old::seed-003012,S2_sluggish_switch_060,d5freq.phase_b1.compact_episode_audits.v1,3012,B,60.0,sluggish,10.0
P_old,True,derated,False,0.3034822845076078,1.0,48.719290560617765,phase-b1::final::sg-B::S2_sluggish_switch_060::P_old::seed-003012,S2_sluggish_switch_060,d5freq.phase_b1.compact_episode_audits.v1,3012,B,60.0,sluggish,20.0
P_old,True,derated,False,0.3180333874097592,0.9697774197572193,3.468477245840596,phase-b1::final::sg-B::S2_sluggish_switch_060::P_old::seed-003013,S2_sluggish_switch_060,d5freq.phase_b1.compact_episode_audits.v1,3013,B,60.0,sluggish,2.0
P_old,True,derated,False,0.4140367563913195,0.9999999928744481,18.759578646189468,phase-b1::final::sg-B::S2_sluggish_switch_060::P_old::seed-003013,S2_sluggish_switch_060,d5freq.phase_b1.compact_episode_audits.v1,3013,B,60.0,sluggish,5.0
P_old,True,derated,False,0.38769134181516857,0.9999999999999936,32.67363203990996,phase-b1::final::sg-B::S2_sluggish_switch_060::P_old::seed-003013,S2_sluggish_switch_060,d5freq.phase_b1.compact_episode_audits.v1,3013,B,60.0,sluggish,10.0
P_old,True,derated,False,0.4437409477450561,1.0,64.25913189451319,phase-b1::final::sg-B::S2_sluggish_switch_060::P_old::seed-003013,S2_sluggish_switch_060,d5freq.phase_b1.compact_episode_audits.v1,3013,B,60.0,sluggish,20.0
P_old,True,derated,False,0.3307606224516834,0.9610969720276046,3.207003223793972,phase-b1::final::sg-B::S2_sluggish_switch_060::P_old::seed-003014,S2_sluggish_switch_060,d5freq.phase_b1.compact_episode_audits.v1,3014,B,60.0,sluggish,2.0
P_old,True,derated,False,0.4115603693905876,0.9999999895916486,18.380657322740525,phase-b1::final::sg-B::S2_sluggish_switch_060::P_old::seed-003014,S2_sluggish_switch_060,d5freq.phase_b1.compact_episode_audits.v1,3014,B,60.0,sluggish,5.0
P_old,True,derated,False,0.38774145754342565,0.9999999999999971,33.49149441083621,phase-b1::final::sg-B::S2_sluggish_switch_060::P_old::seed-003014,S2_sluggish_switch_060,d5freq.phase_b1.compact_episode_audits.v1,3014,B,60.0,sluggish,10.0
P_old,True,derated,False,0.3173764215735856,1.0,58.9806712377345,phase-b1::final::sg-B::S2_sluggish_switch_060::P_old::seed-003014,S2_sluggish_switch_060,d5freq.phase_b1.compact_episode_audits.v1,3014,B,60.0,sluggish,20.0
P_old,True,derated,False,0.312716382460844,0.922889288317362,2.4822670764077124,phase-b1::final::sg-B::S2_sluggish_switch_060::P_old::seed-003015,S2_sluggish_switch_060,d5freq.phase_b1.compact_episode_audits.v1,3015,B,60.0,sluggish,2.0
P_old,True,derated,False,0.3784500014616727,0.9999999238441031,16.390483245461006,phase-b1::final::sg-B::S2_sluggish_switch_060::P_old::seed-003015,S2_sluggish_switch_060,d5freq.phase_b1.compact_episode_audits.v1,3015,B,60.0,sluggish,5.0
P_old,True,derated,False,0.3527169602230937,0.9999999999999869,31.962718910413656,phase-b1::final::sg-B::S2_sluggish_switch_060::P_old::seed-003015,S2_sluggish_switch_060,d5freq.phase_b1.compact_episode_audits.v1,3015,B,60.0,sluggish,10.0
P_old,True,derated,False,0.3474441950251098,1.0,59.15665235924078,phase-b1::final::sg-B::S2_sluggish_switch_060::P_old::seed-003015,S2_sluggish_switch_060,d5freq.phase_b1.compact_episode_audits.v1,3015,B,60.0,sluggish,20.0
P_old,True,derated,False,0.30766996214119235,0.9166361061257696,2.3974952742076923,phase-b1::final::sg-B::S2_sluggish_switch_060::P_old::seed-003016,S2_sluggish_switch_060,d5freq.phase_b1.compact_episode_audits.v1,3016,B,60.0,sluggish,2.0
P_old,True,derated,False,0.32383980290933023,0.9999362101263786,9.65985230897006,phase-b1::final::sg-B::S2_sluggish_switch_060::P_old::seed-003016,S2_sluggish_switch_060,d5freq.phase_b1.compact_episode_audits.v1,3016,B,60.0,sluggish,5.0
P_old,True,derated,False,0.38589802367848924,0.9999999999977436,26.817212484046948,phase-b1::final::sg-B::S2_sluggish_switch_060::P_old::seed-003016,S2_sluggish_switch_060,d5freq.phase_b1.compact_episode_audits.v1,3016,B,60.0,sluggish,10.0
P_old,True,derated,False,0.34404976092020423,1.0,50.53809850097815,phase-b1::final::sg-B::S2_sluggish_switch_060::P_old::seed-003016,S2_sluggish_switch_060,d5freq.phase_b1.compact_episode_audits.v1,3016,B,60.0,sluggish,20.0
P_old,True,derated,False,0.33357514949760864,0.987735077841847,4.388671190930513,phase-b1::final::sg-B::S2_sluggish_switch_060::P_old::seed-003017,S2_sluggish_switch_060,d5freq.phase_b1.compact_episode_audits.v1,3017,B,60.0,sluggish,2.0
P_old,True,derated,False,0.4153334907065437,0.9999088581587721,9.30300242414448,phase-b1::final::sg-B::S2_sluggish_switch_060::P_old::seed-003017,S2_sluggish_switch_060,d5freq.phase_b1.compact_episode_audits.v1,3017,B,60.0,sluggish,5.0
P_old,True,derated,False,0.3748184785033679,0.9999999998682634,22.75021599352928,phase-b1::final::sg-B::S2_sluggish_switch_060::P_old::seed-003017,S2_sluggish_switch_060,d5freq.phase_b1.compact_episode_audits.v1,3017,B,60.0,sluggish,10.0
P_old,True,derated,False,0.3044727620142166,1.0,47.80337766293803,phase-b1::final::sg-B::S2_sluggish_switch_060::P_old::seed-003017,S2_sluggish_switch_060,d5freq.phase_b1.compact_episode_audits.v1,3017,B,60.0,sluggish,20.0
P_old,True,derated,False,0.3048869042260821,0.8958135621305732,2.1515503473000024,phase-b1::final::sg-B::S2_sluggish_switch_060::P_old::seed-003018,S2_sluggish_switch_060,d5freq.phase_b1.compact_episode_audits.v1,3018,B,60.0,sluggish,2.0
P_old,True,derated,False,0.36794696257162735,0.9999973852164484,12.854326620949259,phase-b1::final::sg-B::S2_sluggish_switch_060::P_old::seed-003018,S2_sluggish_switch_060,d5freq.phase_b1.compact_episode_audits.v1,3018,B,60.0,sluggish,5.0
P_old,True,derated,False,0.34959491483956395,0.9999999999973181,26.64450869415083,phase-b1::final::sg-B::S2_sluggish_switch_060::P_old::seed-003018,S2_sluggish_switch_060,d5freq.phase_b1.compact_episode_audits.v1,3018,B,60.0,sluggish,10.0
P_old,True,derated,False,0.30346278807476235,1.0,52.79654760708635,phase-b1::final::sg-B::S2_sluggish_switch_060::P_old::seed-003018,S2_sluggish_switch_060,d5freq.phase_b1.compact_episode_audits.v1,3018,B,60.0,sluggish,20.0
P_old,True,derated,False,0.30456520401467796,0.9665963586115849,3.3651160745452913,phase-b1::final::sg-B::S2_sluggish_switch_060::P_old::seed-003019,S2_sluggish_switch_060,d5freq.phase_b1.compact_episode_audits.v1,3019,B,60.0,sluggish,2.0
P_old,True,derated,False,0.34613842993264765,0.9999888558394653,11.40458377189232,phase-b1::final::sg-B::S2_sluggish_switch_060::P_old::seed-003019,S2_sluggish_switch_060,d5freq.phase_b1.compact_episode_audits.v1,3019,B,60.0,sluggish,5.0
P_old,True,derated,False,0.29819534309004353,0.9999999999246694,23.30913384944887,phase-b1::final::sg-B::S2_sluggish_switch_060::P_old::seed-003019,S2_sluggish_switch_060,d5freq.phase_b1.compact_episode_audits.v1,3019,B,60.0,sluggish,10.0
P_old,True,derated,False,0.268843246175796,1.0,48.45326314121837,phase-b1::final::sg-B::S2_sluggish_switch_060::P_old::seed-003019,S2_sluggish_switch_060,d5freq.phase_b1.compact_episode_audits.v1,3019,B,60.0,sluggish,20.0
P_old,True,derated,True,0.2789625192384784,0.8262231827594327,1.5590931177039273,phase-b1::final::sg-B::S2_sluggish_switch_060::P_old::seed-003020,S2_sluggish_switch_060,d5freq.phase_b1.compact_episode_audits.v1,3020,B,60.0,sluggish,2.0
P_old,True,derated,False,0.40248835793687743,0.9999999834587117,17.91740624907414,phase-b1::final::sg-B::S2_sluggish_switch_060::P_old::seed-003020,S2_sluggish_switch_060,d5freq.phase_b1.compact_episode_audits.v1,3020,B,60.0,sluggish,5.0
P_old,True,derated,False,0.3613347724768893,0.999999999999986,31.907524536566143,phase-b1::final::sg-B::S2_sluggish_switch_060::P_old::seed-003020,S2_sluggish_switch_060,d5freq.phase_b1.compact_episode_audits.v1,3020,B,60.0,sluggish,10.0
P_old,True,derated,False,0.2996695061749781,1.0,57.31177458610435,phase-b1::final::sg-B::S2_sluggish_switch_060::P_old::seed-003020,S2_sluggish_switch_060,d5freq.phase_b1.compact_episode_audits.v1,3020,B,60.0,sluggish,20.0
P_old,True,derated,False,0.3083293655011389,0.9532018702308281,3.0139834673497568,phase-b1::final::sg-B::S2_sluggish_switch_060::P_old::seed-003021,S2_sluggish_switch_060,d5freq.phase_b1.compact_episode_audits.v1,3021,B,60.0,sluggish,2.0
P_old,True,derated,False,0.4068365138235105,0.9999995037968867,14.516279995220629,phase-b1::final::sg-B::S2_sluggish_switch_060::P_old::seed-003021,S2_sluggish_switch_060,d5freq.phase_b1.compact_episode_audits.v1,3021,B,60.0,sluggish,5.0
P_old,True,derated,False,0.3636354390445691,0.9999999999997833,29.160231198909102,phase-b1::final::sg-B::S2_sluggish_switch_060::P_old::seed-003021,S2_sluggish_switch_060,d5freq.phase_b1.compact_episode_audits.v1,3021,B,60.0,sluggish,10.0
P_old,True,derated,False,0.30067777719277167,1.0,54.93279610578878,phase-b1::final::sg-B::S2_sluggish_switch_060::P_old::seed-003021,S2_sluggish_switch_060,d5freq.phase_b1.compact_episode_audits.v1,3021,B,60.0,sluggish,20.0
P_old,True,derated,False,0.284584560002751,0.9316360263842559,2.6120962244300863,phase-b1::final::sg-B::S2_sluggish_switch_060::P_old::seed-003022,S2_sluggish_switch_060,d5freq.phase_b1.compact_episode_audits.v1,3022,B,60.0,sluggish,2.0
P_old,True,derated,False,0.3673407838078499,0.9999999056611437,16.176372588571226,phase-b1::final::sg-B::S2_sluggish_switch_060::P_old::seed-003022,S2_sluggish_switch_060,d5freq.phase_b1.compact_episode_audits.v1,3022,B,60.0,sluggish,5.0
P_old,True,derated,False,0.34530701148977666,0.9999999999998055,29.268704208444618,phase-b1::final::sg-B::S2_sluggish_switch_060::P_old::seed-003022,S2_sluggish_switch_060,d5freq.phase_b1.compact_episode_audits.v1,3022,B,60.0,sluggish,10.0
P_old,True,derated,False,0.29018371644253377,1.0,54.6552666790013,phase-b1::final::sg-B::S2_sluggish_switch_060::P_old::seed-003022,S2_sluggish_switch_060,d5freq.phase_b1.compact_episode_audits.v1,3022,B,60.0,sluggish,20.0
P_old,True,derated,True,0.2898561804245299,0.8345819419873999,1.6184549767388674,phase-b1::final::sg-B::S2_sluggish_switch_060::P_old::seed-003023,S2_sluggish_switch_060,d5freq.phase_b1.compact_episode_audits.v1,3023,B,60.0,sluggish,2.0
P_old,True,derated,False,0.3873609014412328,0.9999996546190801,14.878617567981806,phase-b1::final::sg-B::S2_sluggish_switch_060::P_old::seed-003023,S2_sluggish_switch_060,d5freq.phase_b1.compact_episode_audits.v1,3023,B,60.0,sluggish,5.0
P_old,True,derated,False,0.3722731109903219,0.9999999999998763,29.72172506359759,phase-b1::final::sg-B::S2_sluggish_switch_060::P_old::seed-003023,S2_sluggish_switch_060,d5freq.phase_b1.compact_episode_audits.v1,3023,B,60.0,sluggish,10.0
P_old,True,derated,False,0.30499438039769994,1.0,55.18401450312422,phase-b1::final::sg-B::S2_sluggish_switch_060::P_old::seed-003023,S2_sluggish_switch_060,d5freq.phase_b1.compact_episode_audits.v1,3023,B,60.0,sluggish,20.0
P_old,True,derated,False,0.31701020198339,0.977216410180703,3.758667600253009,phase-b1::final::sg-B::S2_sluggish_switch_060::P_old::seed-003024,S2_sluggish_switch_060,d5freq.phase_b1.compact_episode_audits.v1,3024,B,60.0,sluggish,2.0
P_old,True,derated,False,0.4039764691215644,0.9999999925878069,18.720139490219175,phase-b1::final::sg-B::S2_sluggish_switch_060::P_old::seed-003024,S2_sluggish_switch_060,d5freq.phase_b1.compact_episode_audits.v1,3024,B,60.0,sluggish,5.0
P_old,True,derated,False,0.3610383103738469,0.9999999999999947,32.88054605995126,phase-b1::final::sg-B::S2_sluggish_switch_060::P_old::seed-003024,S2_sluggish_switch_060,d5freq.phase_b1.compact_episode_audits.v1,3024,B,60.0,sluggish,10.0
P_old,True,derated,False,0.39794519814539286,1.0,63.10655063362756,phase-b1::final::sg-B::S2_sluggish_switch_060::P_old::seed-003024,S2_sluggish_switch_060,d5freq.phase_b1.compact_episode_audits.v1,3024,B,60.0,sluggish,20.0
P_old,True,derated,True,0.28611549558654664,0.8685160570259256,1.887901336236986,phase-b1::final::sg-B::S2_sluggish_switch_060::P_old::seed-003025,S2_sluggish_switch_060,d5freq.phase_b1.compact_episode_audits.v1,3025,B,60.0,sluggish,2.0
P_old,True,derated,False,0.2816202090770026,0.9997695633307715,8.375304023945091,phase-b1::final::sg-B::S2_sluggish_switch_060::P_old::seed-003025,S2_sluggish_switch_060,d5freq.phase_b1.compact_episode_audits.v1,3025,B,60.0,sluggish,5.0
P_old,True,derated,False,0.26573586236334157,0.99999999945834,21.336382425748198,phase-b1::final::sg-B::S2_sluggish_switch_060::P_old::seed-003025,S2_sluggish_switch_060,d5freq.phase_b1.compact_episode_audits.v1,3025,B,60.0,sluggish,10.0
P_old,True,derated,False,0.2518647238589347,1.0,46.90057727539511,phase-b1::final::sg-B::S2_sluggish_switch_060::P_old::seed-003025,S2_sluggish_switch_060,d5freq.phase_b1.compact_episode_audits.v1,3025,B,60.0,sluggish,20.0
P_old,True,derated,False,0.3202136458329483,0.9599653791491636,3.177152619387993,phase-b1::final::sg-B::S2_sluggish_switch_060::P_old::seed-003026,S2_sluggish_switch_060,d5freq.phase_b1.compact_episode_audits.v1,3026,B,60.0,sluggish,2.0
P_old,True,derated,False,0.4220166767765532,0.9999999974130729,19.772795130783535,phase-b1::final::sg-B::S2_sluggish_switch_060::P_old::seed-003026,S2_sluggish_switch_060,d5freq.phase_b1.compact_episode_audits.v1,3026,B,60.0,sluggish,5.0
P_old,True,derated,False,0.3794239795518001,0.9999999999999885,32.09202562319496,phase-b1::final::sg-B::S2_sluggish_switch_060::P_old::seed-003026,S2_sluggish_switch_060,d5freq.phase_b1.compact_episode_audits.v1,3026,B,60.0,sluggish,10.0
P_old,True,derated,False,0.31011435734508763,1.0,57.666217591359924,phase-b1::final::sg-B::S2_sluggish_switch_060::P_old::seed-003026,S2_sluggish_switch_060,d5freq.phase_b1.compact_episode_audits.v1,3026,B,60.0,sluggish,20.0
P_old,True,derated,False,0.3184464597324035,0.9756299304500526,3.689727623339632,phase-b1::final::sg-B::S2_sluggish_switch_060::P_old::seed-003027,S2_sluggish_switch_060,d5freq.phase_b1.compact_episode_audits.v1,3027,B,60.0,sluggish,2.0
P_old,True,derated,False,0.3154093187325465,0.9999630543472866,10.206025624382285,phase-b1::final::sg-B::S2_sluggish_switch_060::P_old::seed-003027,S2_sluggish_switch_060,d5freq.phase_b1.compact_episode_audits.v1,3027,B,60.0,sluggish,5.0
P_old,True,derated,False,0.31273914004997966,0.9999999999487934,23.695152082515904,phase-b1::final::sg-B::S2_sluggish_switch_060::P_old::seed-003027,S2_sluggish_switch_060,d5freq.phase_b1.compact_episode_audits.v1,3027,B,60.0,sluggish,10.0
P_old,True,derated,False,0.278990986344516,1.0,49.078043266092806,phase-b1::final::sg-B::S2_sluggish_switch_060::P_old::seed-003027,S2_sluggish_switch_060,d5freq.phase_b1.compact_episode_audits.v1,3027,B,60.0,sluggish,20.0
P_old,True,derated,False,0.32205941747241695,0.9544887057874548,3.0432152908942953,phase-b1::final::sg-B::S2_sluggish_switch_060::P_old::seed-003028,S2_sluggish_switch_060,d5freq.phase_b1.compact_episode_audits.v1,3028,B,60.0,sluggish,2.0
P_old,True,derated,False,0.4347702394431642,0.9999999885913607,18.28889492166728,phase-b1::final::sg-B::S2_sluggish_switch_060::P_old::seed-003028,S2_sluggish_switch_060,d5freq.phase_b1.compact_episode_audits.v1,3028,B,60.0,sluggish,5.0
P_old,True,derated,False,0.38143092599315254,0.999999999999968,31.07354419104739,phase-b1::final::sg-B::S2_sluggish_switch_060::P_old::seed-003028,S2_sluggish_switch_060,d5freq.phase_b1.compact_episode_audits.v1,3028,B,60.0,sluggish,10.0
P_old,True,derated,False,0.31679085227959075,1.0,56.73402853344143,phase-b1::final::sg-B::S2_sluggish_switch_060::P_old::seed-003028,S2_sluggish_switch_060,d5freq.phase_b1.compact_episode_audits.v1,3028,B,60.0,sluggish,20.0
P_old,True,derated,False,0.30274958687209697,0.9397299073191296,2.7467564960818756,phase-b1::final::sg-B::S2_sluggish_switch_060::P_old::seed-003029,S2_sluggish_switch_060,d5freq.phase_b1.compact_episode_audits.v1,3029,B,60.0,sluggish,2.0
P_old,True,derated,False,0.360742505374193,0.9999613871711864,10.161887370452632,phase-b1::final::sg-B::S2_sluggish_switch_060::P_old::seed-003029,S2_sluggish_switch_060,d5freq.phase_b1.compact_episode_audits.v1,3029,B,60.0,sluggish,5.0
P_old,True,derated,False,0.33865244602988015,0.999999999910345,23.135052802396586,phase-b1::final::sg-B::S2_sluggish_switch_060::P_old::seed-003029,S2_sluggish_switch_060,d5freq.phase_b1.compact_episode_audits.v1,3029,B,60.0,sluggish,10.0
P_old,True,derated,False,0.336220780523983,1.0,50.331759597333814,phase-b1::final::sg-B::S2_sluggish_switch_060::P_old::seed-003029,S2_sluggish_switch_060,d5freq.phase_b1.compact_episode_audits.v1,3029,B,60.0,sluggish,20.0
P_old,True,derated,True,0.23413315112102126,0.7418853644122256,1.0557909256078553,phase-b1::final::sg-C::S2_sluggish_switch_060::P_old::seed-003000,S2_sluggish_switch_060,d5freq.phase_b1.compact_episode_audits.v1,3000,C,60.0,sluggish,2.0
P_old,True,derated,False,0.3165849518820064,0.999995739192356,12.366047567008643,phase-b1::final::sg-C::S2_sluggish_switch_060::P_old::seed-003000,S2_sluggish_switch_060,d5freq.phase_b1.compact_episode_audits.v1,3000,C,60.0,sluggish,5.0
P_old,True,derated,False,0.3529198189481471,0.9999999999999976,33.64166554552119,phase-b1::final::sg-C::S2_sluggish_switch_060::P_old::seed-003000,S2_sluggish_switch_060,d5freq.phase_b1.compact_episode_audits.v1,3000,C,60.0,sluggish,10.0
P_old,True,derated,False,0.30967698043024655,1.0,60.27380922268901,phase-b1::final::sg-C::S2_sluggish_switch_060::P_old::seed-003000,S2_sluggish_switch_060,d5freq.phase_b1.compact_episode_audits.v1,3000,C,60.0,sluggish,20.0
P_old,True,derated,False,0.34144569172021866,0.99405799449299,5.119748845680963,phase-b1::final::sg-C::S2_sluggish_switch_060::P_old::seed-003001,S2_sluggish_switch_060,d5freq.phase_b1.compact_episode_audits.v1,3001,C,60.0,sluggish,2.0
P_old,True,derated,False,0.4496153950676171,0.999999999980381,24.65451911354473,phase-b1::final::sg-C::S2_sluggish_switch_060::P_old::seed-003001,S2_sluggish_switch_060,d5freq.phase_b1.compact_episode_audits.v1,3001,C,60.0,sluggish,5.0
P_old,True,derated,False,0.4558637322729095,1.0,51.04647861391426,phase-b1::final::sg-C::S2_sluggish_switch_060::P_old::seed-003001,S2_sluggish_switch_060,d5freq.phase_b1.compact_episode_audits.v1,3001,C,60.0,sluggish,10.0
P_old,True,derated,False,0.35348773544089224,1.0,77.58244941815536,phase-b1::final::sg-C::S2_sluggish_switch_060::P_old::seed-003001,S2_sluggish_switch_060,d5freq.phase_b1.compact_episode_audits.v1,3001,C,60.0,sluggish,20.0
P_old,True,derated,True,0.2529462716038705,0.775211972996515,1.2379786495587446,phase-b1::final::sg-C::S2_sluggish_switch_060::P_old::seed-003002,S2_sluggish_switch_060,d5freq.phase_b1.compact_episode_audits.v1,3002,C,60.0,sluggish,2.0
P_old,True,derated,False,0.41312684929059984,0.9999999693523978,17.300711377180477,phase-b1::final::sg-C::S2_sluggish_switch_060::P_old::seed-003002,S2_sluggish_switch_060,d5freq.phase_b1.compact_episode_audits.v1,3002,C,60.0,sluggish,5.0
P_old,True,derated,False,0.39583624095842607,0.9999999999999953,32.98584676656181,phase-b1::final::sg-C::S2_sluggish_switch_060::P_old::seed-003002,S2_sluggish_switch_060,d5freq.phase_b1.compact_episode_audits.v1,3002,C,60.0,sluggish,10.0
P_old,True,derated,False,0.33063513548292167,1.0,59.27041492671944,phase-b1::final::sg-C::S2_sluggish_switch_060::P_old::seed-003002,S2_sluggish_switch_060,d5freq.phase_b1.compact_episode_audits.v1,3002,C,60.0,sluggish,20.0
P_old,True,derated,False,0.305044793854947,0.9287486165003571,2.567623869895545,phase-b1::final::sg-C::S2_sluggish_switch_060::P_old::seed-003003,S2_sluggish_switch_060,d5freq.phase_b1.compact_episode_audits.v1,3003,C,60.0,sluggish,2.0
P_old,True,derated,False,0.4220134086338835,0.9999999991605042,20.8982196047019,phase-b1::final::sg-C::S2_sluggish_switch_060::P_old::seed-003003,S2_sluggish_switch_060,d5freq.phase_b1.compact_episode_audits.v1,3003,C,60.0,sluggish,5.0
P_old,True,derated,False,0.42943543462091494,1.0,39.358647972814126,phase-b1::final::sg-C::S2_sluggish_switch_060::P_old::seed-003003,S2_sluggish_switch_060,d5freq.phase_b1.compact_episode_audits.v1,3003,C,60.0,sluggish,10.0
P_old,True,derated,False,0.337519189952889,1.0,65.67747545347902,phase-b1::final::sg-C::S2_sluggish_switch_060::P_old::seed-003003,S2_sluggish_switch_060,d5freq.phase_b1.compact_episode_audits.v1,3003,C,60.0,sluggish,20.0
P_old,True,derated,True,0.23234849578825212,0.6678613189260422,0.6985279498088772,phase-b1::final::sg-C::S2_sluggish_switch_060::P_old::seed-003004,S2_sluggish_switch_060,d5freq.phase_b1.compact_episode_audits.v1,3004,C,60.0,sluggish,2.0
P_old,True,derated,False,0.3578664633359706,0.9999995784657275,14.679364330328085,phase-b1::final::sg-C::S2_sluggish_switch_060::P_old::seed-003004,S2_sluggish_switch_060,d5freq.phase_b1.compact_episode_audits.v1,3004,C,60.0,sluggish,5.0
P_old,True,derated,False,0.33728933280029827,0.9999999999998863,29.804920394433708,phase-b1::final::sg-C::S2_sluggish_switch_060::P_old::seed-003004,S2_sluggish_switch_060,d5freq.phase_b1.compact_episode_audits.v1,3004,C,60.0,sluggish,10.0
P_old,True,derated,False,0.2941061642169688,1.0,56.01230303495504,phase-b1::final::sg-C::S2_sluggish_switch_060::P_old::seed-003004,S2_sluggish_switch_060,d5freq.phase_b1.compact_episode_audits.v1,3004,C,60.0,sluggish,20.0
P_old,True,derated,False,0.3398037716791231,0.9893171928443115,4.528379359687619,phase-b1::final::sg-C::S2_sluggish_switch_060::P_old::seed-003005,S2_sluggish_switch_060,d5freq.phase_b1.compact_episode_audits.v1,3005,C,60.0,sluggish,2.0
P_old,True,derated,False,0.42223213589839326,0.9999999998051157,22.358614655194124,phase-b1::final::sg-C::S2_sluggish_switch_060::P_old::seed-003005,S2_sluggish_switch_060,d5freq.phase_b1.compact_episode_audits.v1,3005,C,60.0,sluggish,5.0
P_old,True,derated,False,0.4159722082147962,1.0,47.62256444663005,phase-b1::final::sg-C::S2_sluggish_switch_060::P_old::seed-003005,S2_sluggish_switch_060,d5freq.phase_b1.compact_episode_audits.v1,3005,C,60.0,sluggish,10.0
P_old,True,derated,False,0.32885925038819186,1.0,73.6379826387093,phase-b1::final::sg-C::S2_sluggish_switch_060::P_old::seed-003005,S2_sluggish_switch_060,d5freq.phase_b1.compact_episode_audits.v1,3005,C,60.0,sluggish,20.0
P_old,True,derated,False,0.3067997213612722,0.9659942103243321,3.3466270460436256,phase-b1::final::sg-C::S2_sluggish_switch_060::P_old::seed-003006,S2_sluggish_switch_060,d5freq.phase_b1.compact_episode_audits.v1,3006,C,60.0,sluggish,2.0
P_old,True,derated,False,0.4363356774895138,0.9999999999288869,23.36674786329752,phase-b1::final::sg-C::S2_sluggish_switch_060::P_old::seed-003006,S2_sluggish_switch_060,d5freq.phase_b1.compact_episode_audits.v1,3006,C,60.0,sluggish,5.0
P_old,True,derated,False,0.3632046263342042,1.0,37.22056035073652,phase-b1::final::sg-C::S2_sluggish_switch_060::P_old::seed-003006,S2_sluggish_switch_060,d5freq.phase_b1.compact_episode_audits.v1,3006,C,60.0,sluggish,10.0
P_old,True,derated,False,0.3068341890027755,1.0,63.10341528625452,phase-b1::final::sg-C::S2_sluggish_switch_060::P_old::seed-003006,S2_sluggish_switch_060,d5freq.phase_b1.compact_episode_audits.v1,3006,C,60.0,sluggish,20.0
P_old,False,derated,True,0.2338370492305628,0.3001405764321451,-0.8466285383909486,phase-b1::final::sg-C::S2_sluggish_switch_060::P_old::seed-003007,S2_sluggish_switch_060,d5freq.phase_b1.compact_episode_audits.v1,3007,C,60.0,sluggish,2.0
P_old,True,derated,False,0.3001609820439959,0.9996352885569674,7.9160393061123315,phase-b1::final::sg-C::S2_sluggish_switch_060::P_old::seed-003007,S2_sluggish_switch_060,d5freq.phase_b1.compact_episode_audits.v1,3007,C,60.0,sluggish,5.0
P_old,True,derated,False,0.3613336622296335,0.9999999999998868,29.80942166982247,phase-b1::final::sg-C::S2_sluggish_switch_060::P_old::seed-003007,S2_sluggish_switch_060,d5freq.phase_b1.compact_episode_audits.v1,3007,C,60.0,sluggish,10.0
P_old,True,derated,False,0.30279372330139676,1.0,55.316509955822625,phase-b1::final::sg-C::S2_sluggish_switch_060::P_old::seed-003007,S2_sluggish_switch_060,d5freq.phase_b1.compact_episode_audits.v1,3007,C,60.0,sluggish,20.0
P_old,True,derated,False,0.3040525702308645,0.8873699868638216,2.0641537902529024,phase-b1::final::sg-C::S2_sluggish_switch_060::P_old::seed-003008,S2_sluggish_switch_060,d5freq.phase_b1.compact_episode_audits.v1,3008,C,60.0,sluggish,2.0
P_old,True,derated,False,0.41334602045853563,0.9999999890965668,18.334188119442494,phase-b1::final::sg-C::S2_sluggish_switch_060::P_old::seed-003008,S2_sluggish_switch_060,d5freq.phase_b1.compact_episode_audits.v1,3008,C,60.0,sluggish,5.0
P_old,True,derated,False,0.35100728973406625,0.9999999999999687,31.09757967480907,phase-b1::final::sg-C::S2_sluggish_switch_060::P_old::seed-003008,S2_sluggish_switch_060,d5freq.phase_b1.compact_episode_audits.v1,3008,C,60.0,sluggish,10.0
P_old,True,derated,False,0.32160254953825873,1.0,59.627589467362554,phase-b1::final::sg-C::S2_sluggish_switch_060::P_old::seed-003008,S2_sluggish_switch_060,d5freq.phase_b1.compact_episode_audits.v1,3008,C,60.0,sluggish,20.0
P_old,True,derated,True,0.23379167075787285,0.6529466498591242,0.632016910943495,phase-b1::final::sg-C::S2_sluggish_switch_060::P_old::seed-003009,S2_sluggish_switch_060,d5freq.phase_b1.compact_episode_audits.v1,3009,C,60.0,sluggish,2.0
P_old,True,derated,False,0.3141009866909711,0.9999678426062559,10.344835999323543,phase-b1::final::sg-C::S2_sluggish_switch_060::P_old::seed-003009,S2_sluggish_switch_060,d5freq.phase_b1.compact_episode_audits.v1,3009,C,60.0,sluggish,5.0
P_old,True,derated,False,0.31069171895588465,0.9999999999824096,24.763664946690696,phase-b1::final::sg-C::S2_sluggish_switch_060::P_old::seed-003009,S2_sluggish_switch_060,d5freq.phase_b1.compact_episode_audits.v1,3009,C,60.0,sluggish,10.0
P_old,True,derated,False,0.29238298800423695,1.0,51.18598746618912,phase-b1::final::sg-C::S2_sluggish_switch_060::P_old::seed-003009,S2_sluggish_switch_060,d5freq.phase_b1.compact_episode_audits.v1,3009,C,60.0,sluggish,20.0
P_old,True,derated,True,0.2437385817849652,0.7665781745102181,1.1890894554588556,phase-b1::final::sg-C::S2_sluggish_switch_060::P_old::seed-003010,S2_sluggish_switch_060,d5freq.phase_b1.compact_episode_audits.v1,3010,C,60.0,sluggish,2.0
P_old,True,derated,False,0.31457310556872853,0.9999834178594115,11.00716772764418,phase-b1::final::sg-C::S2_sluggish_switch_060::P_old::seed-003010,S2_sluggish_switch_060,d5freq.phase_b1.compact_episode_audits.v1,3010,C,60.0,sluggish,5.0
P_old,True,derated,False,0.2850705427556751,0.9999999999721896,24.30560836422282,phase-b1::final::sg-C::S2_sluggish_switch_060::P_old::seed-003010,S2_sluggish_switch_060,d5freq.phase_b1.compact_episode_audits.v1,3010,C,60.0,sluggish,10.0
P_old,True,derated,False,0.2648662803914311,1.0,50.26909296312661,phase-b1::final::sg-C::S2_sluggish_switch_060::P_old::seed-003010,S2_sluggish_switch_060,d5freq.phase_b1.compact_episode_audits.v1,3010,C,60.0,sluggish,20.0
P_old,True,derated,True,0.23388604420850945,0.7123645059102013,0.9068956939064812,phase-b1::final::sg-C::S2_sluggish_switch_060::P_old::seed-003011,S2_sluggish_switch_060,d5freq.phase_b1.compact_episode_audits.v1,3011,C,60.0,sluggish,2.0
P_old,True,derated,False,0.2882041615302107,0.999508759297506,7.6180849597803615,phase-b1::final::sg-C::S2_sluggish_switch_060::P_old::seed-003011,S2_sluggish_switch_060,d5freq.phase_b1.compact_episode_audits.v1,3011,C,60.0,sluggish,5.0
P_old,True,derated,False,0.2678047954149193,0.9999999988062862,20.546196461281966,phase-b1::final::sg-C::S2_sluggish_switch_060::P_old::seed-003011,S2_sluggish_switch_060,d5freq.phase_b1.compact_episode_audits.v1,3011,C,60.0,sluggish,10.0
P_old,True,derated,False,0.2655283298099401,1.0,47.00257273467267,phase-b1::final::sg-C::S2_sluggish_switch_060::P_old::seed-003011,S2_sluggish_switch_060,d5freq.phase_b1.compact_episode_audits.v1,3011,C,60.0,sluggish,20.0
P_old,True,derated,False,0.30331103841551976,0.884276289238363,2.0335640118724,phase-b1::final::sg-C::S2_sluggish_switch_060::P_old::seed-003012,S2_sluggish_switch_060,d5freq.phase_b1.compact_episode_audits.v1,3012,C,60.0,sluggish,2.0
P_old,True,derated,False,0.4465677509949325,0.9999999993180524,21.106068191395273,phase-b1::final::sg-C::S2_sluggish_switch_060::P_old::seed-003012,S2_sluggish_switch_060,d5freq.phase_b1.compact_episode_audits.v1,3012,C,60.0,sluggish,5.0
P_old,True,derated,False,0.3877923511235348,1.0,37.024179718799886,phase-b1::final::sg-C::S2_sluggish_switch_060::P_old::seed-003012,S2_sluggish_switch_060,d5freq.phase_b1.compact_episode_audits.v1,3012,C,60.0,sluggish,10.0
P_old,True,derated,False,0.31434431340306535,1.0,62.70825231669346,phase-b1::final::sg-C::S2_sluggish_switch_060::P_old::seed-003012,S2_sluggish_switch_060,d5freq.phase_b1.compact_episode_audits.v1,3012,C,60.0,sluggish,20.0
P_old,True,derated,False,0.3104830176594394,0.9595859975646691,3.1673256190580723,phase-b1::final::sg-C::S2_sluggish_switch_060::P_old::seed-003013,S2_sluggish_switch_060,d5freq.phase_b1.compact_episode_audits.v1,3013,C,60.0,sluggish,2.0
P_old,True,derated,False,0.43231931196603374,0.9999999996752789,21.848054474666192,phase-b1::final::sg-C::S2_sluggish_switch_060::P_old::seed-003013,S2_sluggish_switch_060,d5freq.phase_b1.compact_episode_audits.v1,3013,C,60.0,sluggish,5.0
P_old,True,derated,False,0.3828294493487282,1.0,36.84658477858332,phase-b1::final::sg-C::S2_sluggish_switch_060::P_old::seed-003013,S2_sluggish_switch_060,d5freq.phase_b1.compact_episode_audits.v1,3013,C,60.0,sluggish,10.0
P_old,True,derated,False,0.31564929608154507,1.0,62.837938888180304,phase-b1::final::sg-C::S2_sluggish_switch_060::P_old::seed-003013,S2_sluggish_switch_060,d5freq.phase_b1.compact_episode_audits.v1,3013,C,60.0,sluggish,20.0
P_old,True,derated,True,0.276282389621391,0.7965648508896009,1.3649612693554403,phase-b1::final::sg-C::S2_sluggish_switch_060::P_old::seed-003014,S2_sluggish_switch_060,d5freq.phase_b1.compact_episode_audits.v1,3014,C,60.0,sluggish,2.0
P_old,True,derated,False,0.4113385886692159,0.999999959597501,17.02437415811591,phase-b1::final::sg-C::S2_sluggish_switch_060::P_old::seed-003014,S2_sluggish_switch_060,d5freq.phase_b1.compact_episode_audits.v1,3014,C,60.0,sluggish,5.0
P_old,True,derated,False,0.3616064136901599,0.9999999999999907,32.302978339019134,phase-b1::final::sg-C::S2_sluggish_switch_060::P_old::seed-003014,S2_sluggish_switch_060,d5freq.phase_b1.compact_episode_audits.v1,3014,C,60.0,sluggish,10.0
P_old,True,derated,False,0.29971820294742224,1.0,58.03053332056166,phase-b1::final::sg-C::S2_sluggish_switch_060::P_old::seed-003014,S2_sluggish_switch_060,d5freq.phase_b1.compact_episode_audits.v1,3014,C,60.0,sluggish,20.0
P_old,True,derated,True,0.30323475990616894,0.8720312184970326,1.9190388846323962,phase-b1::final::sg-C::S2_sluggish_switch_060::P_old::seed-003015,S2_sluggish_switch_060,d5freq.phase_b1.compact_episode_audits.v1,3015,C,60.0,sluggish,2.0
P_old,True,derated,False,0.43349297138951126,0.9999999993313664,21.12578473633865,phase-b1::final::sg-C::S2_sluggish_switch_060::P_old::seed-003015,S2_sluggish_switch_060,d5freq.phase_b1.compact_episode_audits.v1,3015,C,60.0,sluggish,5.0
P_old,True,derated,False,0.3651013012924645,0.9999999999999993,34.99856438383492,phase-b1::final::sg-C::S2_sluggish_switch_060::P_old::seed-003015,S2_sluggish_switch_060,d5freq.phase_b1.compact_episode_audits.v1,3015,C,60.0,sluggish,10.0
P_old,True,derated,False,0.30459197857122,1.0,60.8441399514775,phase-b1::final::sg-C::S2_sluggish_switch_060::P_old::seed-003015,S2_sluggish_switch_060,d5freq.phase_b1.compact_episode_audits.v1,3015,C,60.0,sluggish,20.0
P_old,True,derated,True,0.2329689803195268,0.654388377885346,0.6383853600072307,phase-b1::final::sg-C::S2_sluggish_switch_060::P_old::seed-003016,S2_sluggish_switch_060,d5freq.phase_b1.compact_episode_audits.v1,3016,C,60.0,sluggish,2.0
P_old,True,derated,False,0.3194746717203721,0.9999566969427804,10.047244015922644,phase-b1::final::sg-C::S2_sluggish_switch_060::P_old::seed-003016,S2_sluggish_switch_060,d5freq.phase_b1.compact_episode_audits.v1,3016,C,60.0,sluggish,5.0
P_old,True,derated,False,0.2979211883694514,0.9999999999523153,23.76641057933253,phase-b1::final::sg-C::S2_sluggish_switch_060::P_old::seed-003016,S2_sluggish_switch_060,d5freq.phase_b1.compact_episode_audits.v1,3016,C,60.0,sluggish,10.0
P_old,True,derated,False,0.2719907755233306,1.0,49.86725138387294,phase-b1::final::sg-C::S2_sluggish_switch_060::P_old::seed-003016,S2_sluggish_switch_060,d5freq.phase_b1.compact_episode_audits.v1,3016,C,60.0,sluggish,20.0
P_old,True,derated,True,0.23227800561490236,0.7981381458134782,1.3746981242456933,phase-b1::final::sg-C::S2_sluggish_switch_060::P_old::seed-003017,S2_sluggish_switch_060,d5freq.phase_b1.compact_episode_audits.v1,3017,C,60.0,sluggish,2.0
P_old,True,derated,False,0.348088375289061,0.999999595184341,14.719833631571468,phase-b1::final::sg-C::S2_sluggish_switch_060::P_old::seed-003017,S2_sluggish_switch_060,d5freq.phase_b1.compact_episode_audits.v1,3017,C,60.0,sluggish,5.0
P_old,True,derated,False,0.361891494603105,0.9999999999999996,35.38648540327779,phase-b1::final::sg-C::S2_sluggish_switch_060::P_old::seed-003017,S2_sluggish_switch_060,d5freq.phase_b1.compact_episode_audits.v1,3017,C,60.0,sluggish,10.0
P_old,True,derated,False,0.29770544004110816,1.0,61.01207585346694,phase-b1::final::sg-C::S2_sluggish_switch_060::P_old::seed-003017,S2_sluggish_switch_060,d5freq.phase_b1.compact_episode_audits.v1,3017,C,60.0,sluggish,20.0
P_old,True,derated,True,0.26409467058818203,0.6441896580638571,0.5935953413255248,phase-b1::final::sg-C::S2_sluggish_switch_060::P_old::seed-003018,S2_sluggish_switch_060,d5freq.phase_b1.compact_episode_audits.v1,3018,C,60.0,sluggish,2.0
P_old,True,derated,False,0.3712359089907186,0.9999988997372757,13.719960466199154,phase-b1::final::sg-C::S2_sluggish_switch_060::P_old::seed-003018,S2_sluggish_switch_060,d5freq.phase_b1.compact_episode_audits.v1,3018,C,60.0,sluggish,5.0
P_old,True,derated,False,0.3316639995170631,0.9999999999995157,28.3561995403834,phase-b1::final::sg-C::S2_sluggish_switch_060::P_old::seed-003018,S2_sluggish_switch_060,d5freq.phase_b1.compact_episode_audits.v1,3018,C,60.0,sluggish,10.0
P_old,True,derated,False,0.2907761331891972,1.0,54.63468731349661,phase-b1::final::sg-C::S2_sluggish_switch_060::P_old::seed-003018,S2_sluggish_switch_060,d5freq.phase_b1.compact_episode_audits.v1,3018,C,60.0,sluggish,20.0
P_old,True,derated,False,0.2792557933625146,0.9235773821841485,2.4919758913536256,phase-b1::final::sg-C::S2_sluggish_switch_060::P_old::seed-003019,S2_sluggish_switch_060,d5freq.phase_b1.compact_episode_audits.v1,3019,C,60.0,sluggish,2.0
P_old,True,derated,False,0.4402920222267791,0.9999999999966886,26.433697436965005,phase-b1::final::sg-C::S2_sluggish_switch_060::P_old::seed-003019,S2_sluggish_switch_060,d5freq.phase_b1.compact_episode_audits.v1,3019,C,60.0,sluggish,5.0
P_old,True,derated,False,0.38999252674830615,1.0,42.17136708241323,phase-b1::final::sg-C::S2_sluggish_switch_060::P_old::seed-003019,S2_sluggish_switch_060,d5freq.phase_b1.compact_episode_audits.v1,3019,C,60.0,sluggish,10.0
P_old,True,derated,False,0.3931562035774648,1.0,74.90627191925148,phase-b1::final::sg-C::S2_sluggish_switch_060::P_old::seed-003019,S2_sluggish_switch_060,d5freq.phase_b1.compact_episode_audits.v1,3019,C,60.0,sluggish,20.0
P_old,True,derated,True,0.2835590006059714,0.8346446143694076,1.6189090127263341,phase-b1::final::sg-C::S2_sluggish_switch_060::P_old::seed-003020,S2_sluggish_switch_060,d5freq.phase_b1.compact_episode_audits.v1,3020,C,60.0,sluggish,2.0
P_old,True,derated,False,0.44576603376814977,0.9999999999260858,23.328117344842603,phase-b1::final::sg-C::S2_sluggish_switch_060::P_old::seed-003020,S2_sluggish_switch_060,d5freq.phase_b1.compact_episode_audits.v1,3020,C,60.0,sluggish,5.0
P_old,True,derated,False,0.3839961943611798,1.0,36.835753121910585,phase-b1::final::sg-C::S2_sluggish_switch_060::P_old::seed-003020,S2_sluggish_switch_060,d5freq.phase_b1.compact_episode_audits.v1,3020,C,60.0,sluggish,10.0
P_old,True,derated,False,0.3279778568956787,1.0,63.05255028589724,phase-b1::final::sg-C::S2_sluggish_switch_060::P_old::seed-003020,S2_sluggish_switch_060,d5freq.phase_b1.compact_episode_audits.v1,3020,C,60.0,sluggish,20.0
P_old,True,derated,False,0.2833271370093995,0.9017770384097347,2.217127290932865,phase-b1::final::sg-C::S2_sluggish_switch_060::P_old::seed-003021,S2_sluggish_switch_060,d5freq.phase_b1.compact_episode_audits.v1,3021,C,60.0,sluggish,2.0
P_old,True,derated,False,0.43267999462106,0.9999999998220042,22.44926110192729,phase-b1::final::sg-C::S2_sluggish_switch_060::P_old::seed-003021,S2_sluggish_switch_060,d5freq.phase_b1.compact_episode_audits.v1,3021,C,60.0,sluggish,5.0
P_old,True,derated,False,0.41073285305865415,1.0,38.258596805583466,phase-b1::final::sg-C::S2_sluggish_switch_060::P_old::seed-003021,S2_sluggish_switch_060,d5freq.phase_b1.compact_episode_audits.v1,3021,C,60.0,sluggish,10.0
P_old,True,derated,False,0.32948422244870434,1.0,64.36621134749774,phase-b1::final::sg-C::S2_sluggish_switch_060::P_old::seed-003021,S2_sluggish_switch_060,d5freq.phase_b1.compact_episode_audits.v1,3021,C,60.0,sluggish,20.0
P_old,True,derated,True,0.2311643757970666,0.7513839276105955,1.1060069143930207,phase-b1::final::sg-C::S2_sluggish_switch_060::P_old::seed-003022,S2_sluggish_switch_060,d5freq.phase_b1.compact_episode_audits.v1,3022,C,60.0,sluggish,2.0
P_old,True,derated,False,0.3071593592057985,0.9999611719407923,10.156328568430546,phase-b1::final::sg-C::S2_sluggish_switch_060::P_old::seed-003022,S2_sluggish_switch_060,d5freq.phase_b1.compact_episode_audits.v1,3022,C,60.0,sluggish,5.0
P_old,True,derated,False,0.28588066464697326,0.9999999999313469,23.401953578339047,phase-b1::final::sg-C::S2_sluggish_switch_060::P_old::seed-003022,S2_sluggish_switch_060,d5freq.phase_b1.compact_episode_audits.v1,3022,C,60.0,sluggish,10.0
P_old,True,derated,False,0.33505799293071925,1.0,54.46574019707529,phase-b1::final::sg-C::S2_sluggish_switch_060::P_old::seed-003022,S2_sluggish_switch_060,d5freq.phase_b1.compact_episode_audits.v1,3022,C,60.0,sluggish,20.0
P_old,True,derated,True,0.29604291631349855,0.8480405348849788,1.7193146268145867,phase-b1::final::sg-C::S2_sluggish_switch_060::P_old::seed-003023,S2_sluggish_switch_060,d5freq.phase_b1.compact_episode_audits.v1,3023,C,60.0,sluggish,2.0
P_old,True,derated,False,0.4209053903980629,0.9999999821653828,17.84212446115893,phase-b1::final::sg-C::S2_sluggish_switch_060::P_old::seed-003023,S2_sluggish_switch_060,d5freq.phase_b1.compact_episode_audits.v1,3023,C,60.0,sluggish,5.0
P_old,True,derated,False,0.34164502562888555,0.9999999999998339,29.4260219480568,phase-b1::final::sg-C::S2_sluggish_switch_060::P_old::seed-003023,S2_sluggish_switch_060,d5freq.phase_b1.compact_episode_audits.v1,3023,C,60.0,sluggish,10.0
P_old,True,derated,False,0.31390077619711476,1.0,56.27613264613473,phase-b1::final::sg-C::S2_sluggish_switch_060::P_old::seed-003023,S2_sluggish_switch_060,d5freq.phase_b1.compact_episode_audits.v1,3023,C,60.0,sluggish,20.0
P_old,True,derated,False,0.2916613673793895,0.9461402985484345,2.8660083208665945,phase-b1::final::sg-C::S2_sluggish_switch_060::P_old::seed-003024,S2_sluggish_switch_060,d5freq.phase_b1.compact_episode_audits.v1,3024,C,60.0,sluggish,2.0
P_old,True,derated,False,0.42962573469267484,0.999999999988834,25.218151328563472,phase-b1::final::sg-C::S2_sluggish_switch_060::P_old::seed-003024,S2_sluggish_switch_060,d5freq.phase_b1.compact_episode_audits.v1,3024,C,60.0,sluggish,5.0
P_old,True,derated,False,0.38751638712274983,1.0,39.783810652463416,phase-b1::final::sg-C::S2_sluggish_switch_060::P_old::seed-003024,S2_sluggish_switch_060,d5freq.phase_b1.compact_episode_audits.v1,3024,C,60.0,sluggish,10.0
P_old,True,derated,False,0.3315812554319268,1.0,66.25179166088867,phase-b1::final::sg-C::S2_sluggish_switch_060::P_old::seed-003024,S2_sluggish_switch_060,d5freq.phase_b1.compact_episode_audits.v1,3024,C,60.0,sluggish,20.0
P_old,True,derated,True,0.2331998746267081,0.6926863823571952,0.8127085640529366,phase-b1::final::sg-C::S2_sluggish_switch_060::P_old::seed-003025,S2_sluggish_switch_060,d5freq.phase_b1.compact_episode_audits.v1,3025,C,60.0,sluggish,2.0
P_old,True,derated,False,0.36674783368936326,0.999999823063908,15.547477054807523,phase-b1::final::sg-C::S2_sluggish_switch_060::P_old::seed-003025,S2_sluggish_switch_060,d5freq.phase_b1.compact_episode_audits.v1,3025,C,60.0,sluggish,5.0
P_old,True,derated,False,0.381942596707003,0.9999999999999989,34.48492867422367,phase-b1::final::sg-C::S2_sluggish_switch_060::P_old::seed-003025,S2_sluggish_switch_060,d5freq.phase_b1.compact_episode_audits.v1,3025,C,60.0,sluggish,10.0
P_old,True,derated,False,0.3169014141165475,1.0,60.856791542790376,phase-b1::final::sg-C::S2_sluggish_switch_060::P_old::seed-003025,S2_sluggish_switch_060,d5freq.phase_b1.compact_episode_audits.v1,3025,C,60.0,sluggish,20.0
P_old,True,derated,True,0.23307611864789124,0.5704998473372769,0.2838908048403468,phase-b1::final::sg-C::S2_sluggish_switch_060::P_old::seed-003026,S2_sluggish_switch_060,d5freq.phase_b1.compact_episode_audits.v1,3026,C,60.0,sluggish,2.0
P_old,True,derated,False,0.351818298460933,0.9999719581044654,10.481782854702864,phase-b1::final::sg-C::S2_sluggish_switch_060::P_old::seed-003026,S2_sluggish_switch_060,d5freq.phase_b1.compact_episode_audits.v1,3026,C,60.0,sluggish,5.0
P_old,True,derated,False,0.324985313861983,0.9999999999800637,24.638475404339985,phase-b1::final::sg-C::S2_sluggish_switch_060::P_old::seed-003026,S2_sluggish_switch_060,d5freq.phase_b1.compact_episode_audits.v1,3026,C,60.0,sluggish,10.0
P_old,True,derated,False,0.2901745586026722,1.0,50.814918608126135,phase-b1::final::sg-C::S2_sluggish_switch_060::P_old::seed-003026,S2_sluggish_switch_060,d5freq.phase_b1.compact_episode_audits.v1,3026,C,60.0,sluggish,20.0
P_old,True,derated,True,0.23191520284423292,0.8379729515614125,1.6432225356226802,phase-b1::final::sg-C::S2_sluggish_switch_060::P_old::seed-003027,S2_sluggish_switch_060,d5freq.phase_b1.compact_episode_audits.v1,3027,C,60.0,sluggish,2.0
P_old,True,derated,False,0.2807675438356803,0.999892825985177,9.140949557991213,phase-b1::final::sg-C::S2_sluggish_switch_060::P_old::seed-003027,S2_sluggish_switch_060,d5freq.phase_b1.compact_episode_audits.v1,3027,C,60.0,sluggish,5.0
P_old,True,derated,False,0.2743662052581148,0.9999999998543019,22.64948448202992,phase-b1::final::sg-C::S2_sluggish_switch_060::P_old::seed-003027,S2_sluggish_switch_060,d5freq.phase_b1.compact_episode_audits.v1,3027,C,60.0,sluggish,10.0
P_old,True,derated,False,0.2664551399532089,1.0,48.90818681377351,phase-b1::final::sg-C::S2_sluggish_switch_060::P_old::seed-003027,S2_sluggish_switch_060,d5freq.phase_b1.compact_episode_audits.v1,3027,C,60.0,sluggish,20.0
P_old,True,derated,False,0.302793410989502,0.8925086589932697,2.116625920011085,phase-b1::final::sg-C::S2_sluggish_switch_060::P_old::seed-003028,S2_sluggish_switch_060,d5freq.phase_b1.compact_episode_audits.v1,3028,C,60.0,sluggish,2.0
P_old,True,derated,False,0.3806693209776514,0.9999999735231722,17.446995882800962,phase-b1::final::sg-C::S2_sluggish_switch_060::P_old::seed-003028,S2_sluggish_switch_060,d5freq.phase_b1.compact_episode_audits.v1,3028,C,60.0,sluggish,5.0
P_old,True,derated,False,0.36634880242329837,0.9999999999999996,35.58503828647024,phase-b1::final::sg-C::S2_sluggish_switch_060::P_old::seed-003028,S2_sluggish_switch_060,d5freq.phase_b1.compact_episode_audits.v1,3028,C,60.0,sluggish,10.0
P_old,True,derated,False,0.3171334399327874,1.0,62.02938717083768,phase-b1::final::sg-C::S2_sluggish_switch_060::P_old::seed-003028,S2_sluggish_switch_060,d5freq.phase_b1.compact_episode_audits.v1,3028,C,60.0,sluggish,20.0
P_old,True,derated,True,0.23389447787555823,0.7170318015708248,0.92978567498416,phase-b1::final::sg-C::S2_sluggish_switch_060::P_old::seed-003029,S2_sluggish_switch_060,d5freq.phase_b1.compact_episode_audits.v1,3029,C,60.0,sluggish,2.0
P_old,True,derated,False,0.2992178295888927,0.9997906901075878,8.471485333556146,phase-b1::final::sg-C::S2_sluggish_switch_060::P_old::seed-003029,S2_sluggish_switch_060,d5freq.phase_b1.compact_episode_audits.v1,3029,C,60.0,sluggish,5.0
P_old,True,derated,False,0.3637927734158746,0.9999999999391083,23.52192403868726,phase-b1::final::sg-C::S2_sluggish_switch_060::P_old::seed-003029,S2_sluggish_switch_060,d5freq.phase_b1.compact_episode_audits.v1,3029,C,60.0,sluggish,10.0
P_old,True,derated,False,0.3119631521920365,1.0,49.7338300612229,phase-b1::final::sg-C::S2_sluggish_switch_060::P_old::seed-003029,S2_sluggish_switch_060,d5freq.phase_b1.compact_episode_audits.v1,3029,C,60.0,sluggish,20.0
P_old,True,sluggish,False,0.3368684215923743,1.0,122.07374292465205,phase-b1::final::sg-A::S3_derated_coincident::P_old::seed-003000,S3_derated_coincident,d5freq.phase_b1.compact_episode_audits.v1,3000,A,60.0,derated,2.0
P_old,True,sluggish,False,0.2878316209387758,1.0,163.7908634105063,phase-b1::final::sg-A::S3_derated_coincident::P_old::seed-003000,S3_derated_coincident,d5freq.phase_b1.compact_episode_audits.v1,3000,A,60.0,derated,5.0
P_old,True,sluggish,False,0.2650695772012687,1.0,184.36892885719385,phase-b1::final::sg-A::S3_derated_coincident::P_old::seed-003000,S3_derated_coincident,d5freq.phase_b1.compact_episode_audits.v1,3000,A,60.0,derated,10.0
P_old,True,sluggish,False,0.2517341416255493,1.0,223.2884725419741,phase-b1::final::sg-A::S3_derated_coincident::P_old::seed-003000,S3_derated_coincident,d5freq.phase_b1.compact_episode_audits.v1,3000,A,60.0,derated,20.0
P_old,True,sluggish,False,0.3768205419283852,1.0,119.54246709157901,phase-b1::final::sg-A::S3_derated_coincident::P_old::seed-003001,S3_derated_coincident,d5freq.phase_b1.compact_episode_audits.v1,3001,A,60.0,derated,2.0
P_old,True,sluggish,False,0.32641687396297475,1.0,228.85512499558405,phase-b1::final::sg-A::S3_derated_coincident::P_old::seed-003001,S3_derated_coincident,d5freq.phase_b1.compact_episode_audits.v1,3001,A,60.0,derated,5.0
P_old,True,nominal,False,0.45854609183433864,1.0,333.40728241191954,phase-b1::final::sg-A::S3_derated_coincident::P_old::seed-003001,S3_derated_coincident,d5freq.phase_b1.compact_episode_audits.v1,3001,A,60.0,derated,10.0
P_old,True,nominal,False,0.3880376379439115,1.0,310.531348322909,phase-b1::final::sg-A::S3_derated_coincident::P_old::seed-003001,S3_derated_coincident,d5freq.phase_b1.compact_episode_audits.v1,3001,A,60.0,derated,20.0
P_old,True,sluggish,False,0.3697793672294731,1.0,128.93279469076367,phase-b1::final::sg-A::S3_derated_coincident::P_old::seed-003002,S3_derated_coincident,d5freq.phase_b1.compact_episode_audits.v1,3002,A,60.0,derated,2.0
P_old,True,sluggish,False,0.2963075139959836,1.0,158.54113377230982,phase-b1::final::sg-A::S3_derated_coincident::P_old::seed-003002,S3_derated_coincident,d5freq.phase_b1.compact_episode_audits.v1,3002,A,60.0,derated,5.0
P_old,True,sluggish,False,0.26452085207163356,1.0,148.801026715189,phase-b1::final::sg-A::S3_derated_coincident::P_old::seed-003002,S3_derated_coincident,d5freq.phase_b1.compact_episode_audits.v1,3002,A,60.0,derated,10.0
P_old,True,sluggish,False,0.24763716277170505,1.0,123.98266670374898,phase-b1::final::sg-A::S3_derated_coincident::P_old::seed-003002,S3_derated_coincident,d5freq.phase_b1.compact_episode_audits.v1,3002,A,60.0,derated,20.0
P_old,True,sluggish,False,0.39546276864349517,1.0,118.61067259123642,phase-b1::final::sg-A::S3_derated_coincident::P_old::seed-003003,S3_derated_coincident,d5freq.phase_b1.compact_episode_audits.v1,3003,A,60.0,derated,2.0
P_old,True,sluggish,False,0.32731759216491396,1.0,211.15464958532536,phase-b1::final::sg-A::S3_derated_coincident::P_old::seed-003003,S3_derated_coincident,d5freq.phase_b1.compact_episode_audits.v1,3003,A,60.0,derated,5.0
P_old,True,sluggish,False,0.3047232312266275,1.0,342.3237453729747,phase-b1::final::sg-A::S3_derated_coincident::P_old::seed-003003,S3_derated_coincident,d5freq.phase_b1.compact_episode_audits.v1,3003,A,60.0,derated,10.0
P_old,True,nominal,False,0.394367773828394,1.0,336.97088839193594,phase-b1::final::sg-A::S3_derated_coincident::P_old::seed-003003,S3_derated_coincident,d5freq.phase_b1.compact_episode_audits.v1,3003,A,60.0,derated,20.0
P_old,True,sluggish,False,0.3848684271895984,1.0,119.30968863603466,phase-b1::final::sg-A::S3_derated_coincident::P_old::seed-003004,S3_derated_coincident,d5freq.phase_b1.compact_episode_audits.v1,3004,A,60.0,derated,2.0
P_old,True,sluggish,False,0.333166208303951,1.0,178.4348782178663,phase-b1::final::sg-A::S3_derated_coincident::P_old::seed-003004,S3_derated_coincident,d5freq.phase_b1.compact_episode_audits.v1,3004,A,60.0,derated,5.0
P_old,True,sluggish,False,0.2984594847737598,1.0,253.8807567930868,phase-b1::final::sg-A::S3_derated_coincident::P_old::seed-003004,S3_derated_coincident,d5freq.phase_b1.compact_episode_audits.v1,3004,A,60.0,derated,10.0
P_old,True,sluggish,False,0.2647607233160624,1.0,249.15839587401967,phase-b1::final::sg-A::S3_derated_coincident::P_old::seed-003004,S3_derated_coincident,d5freq.phase_b1.compact_episode_audits.v1,3004,A,60.0,derated,20.0
P_old,True,sluggish,False,0.4354078311709432,1.0,117.54935992284284,phase-b1::final::sg-A::S3_derated_coincident::P_old::seed-003005,S3_derated_coincident,d5freq.phase_b1.compact_episode_audits.v1,3005,A,60.0,derated,2.0
P_old,True,sluggish,False,0.3386644944231995,1.0,188.10549380056355,phase-b1::final::sg-A::S3_derated_coincident::P_old::seed-003005,S3_derated_coincident,d5freq.phase_b1.compact_episode_audits.v1,3005,A,60.0,derated,5.0
P_old,True,sluggish,False,0.31963415847885424,1.0,326.8262816465765,phase-b1::final::sg-A::S3_derated_coincident::P_old::seed-003005,S3_derated_coincident,d5freq.phase_b1.compact_episode_audits.v1,3005,A,60.0,derated,10.0
P_old,True,sluggish,False,0.281725933361913,1.0,330.7949032798049,phase-b1::final::sg-A::S3_derated_coincident::P_old::seed-003005,S3_derated_coincident,d5freq.phase_b1.compact_episode_audits.v1,3005,A,60.0,derated,20.0
P_old,True,sluggish,False,0.3420300135122759,1.0,118.63621507164595,phase-b1::final::sg-A::S3_derated_coincident::P_old::seed-003006,S3_derated_coincident,d5freq.phase_b1.compact_episode_audits.v1,3006,A,60.0,derated,2.0
P_old,True,sluggish,False,0.302673784879729,1.0,190.73276215917105,phase-b1::final::sg-A::S3_derated_coincident::P_old::seed-003006,S3_derated_coincident,d5freq.phase_b1.compact_episode_audits.v1,3006,A,60.0,derated,5.0
P_old,True,sluggish,False,0.277022565906406,1.0,222.87693086517737,phase-b1::final::sg-A::S3_derated_coincident::P_old::seed-003006,S3_derated_coincident,d5freq.phase_b1.compact_episode_audits.v1,3006,A,60.0,derated,10.0
P_old,True,nominal,False,0.37818337967292676,1.0,268.81572749194817,phase-b1::final::sg-A::S3_derated_coincident::P_old::seed-003006,S3_derated_coincident,d5freq.phase_b1.compact_episode_audits.v1,3006,A,60.0,derated,20.0
P_old,True,sluggish,False,0.3968734108653516,1.0,125.04357898925957,phase-b1::final::sg-A::S3_derated_coincident::P_old::seed-003007,S3_derated_coincident,d5freq.phase_b1.compact_episode_audits.v1,3007,A,60.0,derated,2.0
P_old,True,sluggish,False,0.32290557165705497,1.0,201.99857029131442,phase-b1::final::sg-A::S3_derated_coincident::P_old::seed-003007,S3_derated_coincident,d5freq.phase_b1.compact_episode_audits.v1,3007,A,60.0,derated,5.0
P_old,True,sluggish,False,0.2784184571468264,1.0,198.38106015712066,phase-b1::final::sg-A::S3_derated_coincident::P_old::seed-003007,S3_derated_coincident,d5freq.phase_b1.compact_episode_audits.v1,3007,A,60.0,derated,10.0
P_old,True,sluggish,False,0.25413627016914575,1.0,182.4660991527156,phase-b1::final::sg-A::S3_derated_coincident::P_old::seed-003007,S3_derated_coincident,d5freq.phase_b1.compact_episode_audits.v1,3007,A,60.0,derated,20.0
P_old,True,sluggish,False,0.4228882625104712,1.0,121.79643954337165,phase-b1::final::sg-A::S3_derated_coincident::P_old::seed-003008,S3_derated_coincident,d5freq.phase_b1.compact_episode_audits.v1,3008,A,60.0,derated,2.0
P_old,True,sluggish,False,0.322615930933687,1.0,160.91909312766637,phase-b1::final::sg-A::S3_derated_coincident::P_old::seed-003008,S3_derated_coincident,d5freq.phase_b1.compact_episode_audits.v1,3008,A,60.0,derated,5.0
P_old,True,sluggish,False,0.2773787234976463,1.0,149.4667264597701,phase-b1::final::sg-A::S3_derated_coincident::P_old::seed-003008,S3_derated_coincident,d5freq.phase_b1.compact_episode_audits.v1,3008,A,60.0,derated,10.0
P_old,True,sluggish,False,0.2572362202128728,1.0,132.41680531052924,phase-b1::final::sg-A::S3_derated_coincident::P_old::seed-003008,S3_derated_coincident,d5freq.phase_b1.compact_episode_audits.v1,3008,A,60.0,derated,20.0
P_old,True,sluggish,False,0.3629737865416475,1.0,121.09019301552006,phase-b1::final::sg-A::S3_derated_coincident::P_old::seed-003009,S3_derated_coincident,d5freq.phase_b1.compact_episode_audits.v1,3009,A,60.0,derated,2.0
P_old,True,sluggish,False,0.2941657631427809,1.0,152.92041648473995,phase-b1::final::sg-A::S3_derated_coincident::P_old::seed-003009,S3_derated_coincident,d5freq.phase_b1.compact_episode_audits.v1,3009,A,60.0,derated,5.0
P_old,True,sluggish,False,0.2620157797123125,1.0,140.78588563335475,phase-b1::final::sg-A::S3_derated_coincident::P_old::seed-003009,S3_derated_coincident,d5freq.phase_b1.compact_episode_audits.v1,3009,A,60.0,derated,10.0
P_old,True,sluggish,False,0.24558037072067962,1.0,115.77751485280746,phase-b1::final::sg-A::S3_derated_coincident::P_old::seed-003009,S3_derated_coincident,d5freq.phase_b1.compact_episode_audits.v1,3009,A,60.0,derated,20.0
P_old,True,sluggish,False,0.3438171153046316,1.0,120.08117718916907,phase-b1::final::sg-A::S3_derated_coincident::P_old::seed-003010,S3_derated_coincident,d5freq.phase_b1.compact_episode_audits.v1,3010,A,60.0,derated,2.0
P_old,True,sluggish,False,0.29370021270836705,1.0,177.9771139831579,phase-b1::final::sg-A::S3_derated_coincident::P_old::seed-003010,S3_derated_coincident,d5freq.phase_b1.compact_episode_audits.v1,3010,A,60.0,derated,5.0
P_old,True,sluggish,False,0.2623224830604205,1.0,169.72300263818744,phase-b1::final::sg-A::S3_derated_coincident::P_old::seed-003010,S3_derated_coincident,d5freq.phase_b1.compact_episode_audits.v1,3010,A,60.0,derated,10.0
P_old,True,sluggish,False,0.24729979979852895,1.0,149.78002253263833,phase-b1::final::sg-A::S3_derated_coincident::P_old::seed-003010,S3_derated_coincident,d5freq.phase_b1.compact_episode_audits.v1,3010,A,60.0,derated,20.0
P_old,True,sluggish,False,0.3493177748161909,1.0,135.42076055912838,phase-b1::final::sg-A::S3_derated_coincident::P_old::seed-003011,S3_derated_coincident,d5freq.phase_b1.compact_episode_audits.v1,3011,A,60.0,derated,2.0
P_old,True,sluggish,False,0.2933984735980215,1.0,172.93594144662111,phase-b1::final::sg-A::S3_derated_coincident::P_old::seed-003011,S3_derated_coincident,d5freq.phase_b1.compact_episode_audits.v1,3011,A,60.0,derated,5.0
P_old,True,sluggish,False,0.2613744660592893,1.0,160.78150152516906,phase-b1::final::sg-A::S3_derated_coincident::P_old::seed-003011,S3_derated_coincident,d5freq.phase_b1.compact_episode_audits.v1,3011,A,60.0,derated,10.0
P_old,True,sluggish,False,0.24568792961703895,1.0,135.3205997487056,phase-b1::final::sg-A::S3_derated_coincident::P_old::seed-003011,S3_derated_coincident,d5freq.phase_b1.compact_episode_audits.v1,3011,A,60.0,derated,20.0
P_old,True,sluggish,False,0.43302903900120027,1.0,118.42177409515513,phase-b1::final::sg-A::S3_derated_coincident::P_old::seed-003012,S3_derated_coincident,d5freq.phase_b1.compact_episode_audits.v1,3012,A,60.0,derated,2.0
P_old,True,sluggish,False,0.33419156451611814,1.0,163.89595287567283,phase-b1::final::sg-A::S3_derated_coincident::P_old::seed-003012,S3_derated_coincident,d5freq.phase_b1.compact_episode_audits.v1,3012,A,60.0,derated,5.0
P_old,True,sluggish,False,0.28593975762307455,1.0,175.89659646775664,phase-b1::final::sg-A::S3_derated_coincident::P_old::seed-003012,S3_derated_coincident,d5freq.phase_b1.compact_episode_audits.v1,3012,A,60.0,derated,10.0
P_old,True,sluggish,False,0.2579059473337618,1.0,158.97711958982384,phase-b1::final::sg-A::S3_derated_coincident::P_old::seed-003012,S3_derated_coincident,d5freq.phase_b1.compact_episode_audits.v1,3012,A,60.0,derated,20.0
P_old,True,sluggish,False,0.39997124537580314,1.0,116.37211461733655,phase-b1::final::sg-A::S3_derated_coincident::P_old::seed-003013,S3_derated_coincident,d5freq.phase_b1.compact_episode_audits.v1,3013,A,60.0,derated,2.0
P_old,True,sluggish,False,0.3273514668699603,1.0,176.24995586815814,phase-b1::final::sg-A::S3_derated_coincident::P_old::seed-003013,S3_derated_coincident,d5freq.phase_b1.compact_episode_audits.v1,3013,A,60.0,derated,5.0
P_old,True,sluggish,False,0.3060813065338778,1.0,311.49107866024383,phase-b1::final::sg-A::S3_derated_coincident::P_old::seed-003013,S3_derated_coincident,d5freq.phase_b1.compact_episode_audits.v1,3013,A,60.0,derated,10.0
P_old,True,nominal,False,0.3979264889016546,1.0,348.5093690332868,phase-b1::final::sg-A::S3_derated_coincident::P_old::seed-003013,S3_derated_coincident,d5freq.phase_b1.compact_episode_audits.v1,3013,A,60.0,derated,20.0
P_old,True,sluggish,False,0.45001019834379696,1.0,118.76388156683605,phase-b1::final::sg-A::S3_derated_coincident::P_old::seed-003014,S3_derated_coincident,d5freq.phase_b1.compact_episode_audits.v1,3014,A,60.0,derated,2.0
P_old,True,sluggish,False,0.34777478461845157,1.0,194.71279268305682,phase-b1::final::sg-A::S3_derated_coincident::P_old::seed-003014,S3_derated_coincident,d5freq.phase_b1.compact_episode_audits.v1,3014,A,60.0,derated,5.0
P_old,True,sluggish,False,0.31364582071275093,1.0,315.24850718599646,phase-b1::final::sg-A::S3_derated_coincident::P_old::seed-003014,S3_derated_coincident,d5freq.phase_b1.compact_episode_audits.v1,3014,A,60.0,derated,10.0
P_old,True,sluggish,False,0.2727819299752996,1.0,341.77196176980453,phase-b1::final::sg-A::S3_derated_coincident::P_old::seed-003014,S3_derated_coincident,d5freq.phase_b1.compact_episode_audits.v1,3014,A,60.0,derated,20.0
P_old,True,sluggish,False,0.43775104232978806,1.0,119.05292474285856,phase-b1::final::sg-A::S3_derated_coincident::P_old::seed-003015,S3_derated_coincident,d5freq.phase_b1.compact_episode_audits.v1,3015,A,60.0,derated,2.0
P_old,True,sluggish,False,0.3265376434774111,1.0,154.1652264044484,phase-b1::final::sg-A::S3_derated_coincident::P_old::seed-003015,S3_derated_coincident,d5freq.phase_b1.compact_episode_audits.v1,3015,A,60.0,derated,5.0
P_old,True,sluggish,False,0.2784595523698178,1.0,141.99257286478064,phase-b1::final::sg-A::S3_derated_coincident::P_old::seed-003015,S3_derated_coincident,d5freq.phase_b1.compact_episode_audits.v1,3015,A,60.0,derated,10.0
P_old,True,sluggish,False,0.2560827069737443,1.0,122.48378089952348,phase-b1::final::sg-A::S3_derated_coincident::P_old::seed-003015,S3_derated_coincident,d5freq.phase_b1.compact_episode_audits.v1,3015,A,60.0,derated,20.0
P_old,True,sluggish,False,0.38236235432232657,1.0,125.38713932731099,phase-b1::final::sg-A::S3_derated_coincident::P_old::seed-003016,S3_derated_coincident,d5freq.phase_b1.compact_episode_audits.v1,3016,A,60.0,derated,2.0
P_old,True,sluggish,False,0.3044040816980517,1.0,166.57063444160443,phase-b1::final::sg-A::S3_derated_coincident::P_old::seed-003016,S3_derated_coincident,d5freq.phase_b1.compact_episode_audits.v1,3016,A,60.0,derated,5.0
P_old,True,sluggish,False,0.2680370145599499,1.0,155.07393176987824,phase-b1::final::sg-A::S3_derated_coincident::P_old::seed-003016,S3_derated_coincident,d5freq.phase_b1.compact_episode_audits.v1,3016,A,60.0,derated,10.0
P_old,True,sluggish,False,0.2503735363699645,1.0,134.32977356990253,phase-b1::final::sg-A::S3_derated_coincident::P_old::seed-003016,S3_derated_coincident,d5freq.phase_b1.compact_episode_audits.v1,3016,A,60.0,derated,20.0
P_old,True,sluggish,False,0.3742971872356525,1.0,121.53024878234625,phase-b1::final::sg-A::S3_derated_coincident::P_old::seed-003017,S3_derated_coincident,d5freq.phase_b1.compact_episode_audits.v1,3017,A,60.0,derated,2.0
P_old,True,sluggish,False,0.3199766422280639,1.0,208.4420757566201,phase-b1::final::sg-A::S3_derated_coincident::P_old::seed-003017,S3_derated_coincident,d5freq.phase_b1.compact_episode_audits.v1,3017,A,60.0,derated,5.0
P_old,True,nominal,False,0.4567697552119667,1.0,277.75853102568846,phase-b1::final::sg-A::S3_derated_coincident::P_old::seed-003017,S3_derated_coincident,d5freq.phase_b1.compact_episode_audits.v1,3017,A,60.0,derated,10.0
P_old,True,nominal,False,0.3847313148380907,1.0,269.82337366323213,phase-b1::final::sg-A::S3_derated_coincident::P_old::seed-003017,S3_derated_coincident,d5freq.phase_b1.compact_episode_audits.v1,3017,A,60.0,derated,20.0
P_old,True,sluggish,False,0.42484022429583645,1.0,120.41138617032698,phase-b1::final::sg-A::S3_derated_coincident::P_old::seed-003018,S3_derated_coincident,d5freq.phase_b1.compact_episode_audits.v1,3018,A,60.0,derated,2.0
P_old,True,sluggish,False,0.3208985251683598,1.0,154.75039086081466,phase-b1::final::sg-A::S3_derated_coincident::P_old::seed-003018,S3_derated_coincident,d5freq.phase_b1.compact_episode_audits.v1,3018,A,60.0,derated,5.0
P_old,True,sluggish,False,0.2766338313350799,1.0,144.61807515312242,phase-b1::final::sg-A::S3_derated_coincident::P_old::seed-003018,S3_derated_coincident,d5freq.phase_b1.compact_episode_audits.v1,3018,A,60.0,derated,10.0
P_old,True,sluggish,False,0.25639301858917846,1.0,127.82749365281516,phase-b1::final::sg-A::S3_derated_coincident::P_old::seed-003018,S3_derated_coincident,d5freq.phase_b1.compact_episode_audits.v1,3018,A,60.0,derated,20.0
P_old,True,sluggish,False,0.4172964191611766,1.0,115.33645488631832,phase-b1::final::sg-A::S3_derated_coincident::P_old::seed-003019,S3_derated_coincident,d5freq.phase_b1.compact_episode_audits.v1,3019,A,60.0,derated,2.0
P_old,True,sluggish,False,0.3164942335868421,1.0,143.85267986887325,phase-b1::final::sg-A::S3_derated_coincident::P_old::seed-003019,S3_derated_coincident,d5freq.phase_b1.compact_episode_audits.v1,3019,A,60.0,derated,5.0
P_old,True,sluggish,False,0.27669202924405367,1.0,136.26969448524108,phase-b1::final::sg-A::S3_derated_coincident::P_old::seed-003019,S3_derated_coincident,d5freq.phase_b1.compact_episode_audits.v1,3019,A,60.0,derated,10.0
P_old,True,sluggish,False,0.255417392883818,1.0,116.31990660643214,phase-b1::final::sg-A::S3_derated_coincident::P_old::seed-003019,S3_derated_coincident,d5freq.phase_b1.compact_episode_audits.v1,3019,A,60.0,derated,20.0
P_old,True,sluggish,False,0.3637650739602834,1.0,121.47965621800024,phase-b1::final::sg-A::S3_derated_coincident::P_old::seed-003020,S3_derated_coincident,d5freq.phase_b1.compact_episode_audits.v1,3020,A,60.0,derated,2.0
P_old,True,sluggish,False,0.3043467283753144,1.0,150.07635968500665,phase-b1::final::sg-A::S3_derated_coincident::P_old::seed-003020,S3_derated_coincident,d5freq.phase_b1.compact_episode_audits.v1,3020,A,60.0,derated,5.0
P_old,True,sluggish,False,0.27008293743497086,1.0,140.78930471464884,phase-b1::final::sg-A::S3_derated_coincident::P_old::seed-003020,S3_derated_coincident,d5freq.phase_b1.compact_episode_audits.v1,3020,A,60.0,derated,10.0
P_old,True,sluggish,False,0.25289264416675294,1.0,127.1754854975093,phase-b1::final::sg-A::S3_derated_coincident::P_old::seed-003020,S3_derated_coincident,d5freq.phase_b1.compact_episode_audits.v1,3020,A,60.0,derated,20.0
P_old,True,sluggish,False,0.3964849441601517,1.0,119.07600980276456,phase-b1::final::sg-A::S3_derated_coincident::P_old::seed-003021,S3_derated_coincident,d5freq.phase_b1.compact_episode_audits.v1,3021,A,60.0,derated,2.0
P_old,True,sluggish,False,0.30588227264616075,1.0,151.46616841157453,phase-b1::final::sg-A::S3_derated_coincident::P_old::seed-003021,S3_derated_coincident,d5freq.phase_b1.compact_episode_audits.v1,3021,A,60.0,derated,5.0
P_old,True,sluggish,False,0.2681081736118177,1.0,140.15600885887858,phase-b1::final::sg-A::S3_derated_coincident::P_old::seed-003021,S3_derated_coincident,d5freq.phase_b1.compact_episode_audits.v1,3021,A,60.0,derated,10.0
P_old,True,sluggish,False,0.2529875679004504,1.0,126.25873406000993,phase-b1::final::sg-A::S3_derated_coincident::P_old::seed-003021,S3_derated_coincident,d5freq.phase_b1.compact_episode_audits.v1,3021,A,60.0,derated,20.0
P_old,True,sluggish,False,0.3851537812384096,1.0,120.7083486057706,phase-b1::final::sg-A::S3_derated_coincident::P_old::seed-003022,S3_derated_coincident,d5freq.phase_b1.compact_episode_audits.v1,3022,A,60.0,derated,2.0
P_old,True,sluggish,False,0.32378790390436646,1.0,202.06127883023555,phase-b1::final::sg-A::S3_derated_coincident::P_old::seed-003022,S3_derated_coincident,d5freq.phase_b1.compact_episode_audits.v1,3022,A,60.0,derated,5.0
P_old,True,nominal,False,0.4510151551187481,1.0,323.1427265930304,phase-b1::final::sg-A::S3_derated_coincident::P_old::seed-003022,S3_derated_coincident,d5freq.phase_b1.compact_episode_audits.v1,3022,A,60.0,derated,10.0
P_old,True,nominal,False,0.3844666244948839,1.0,295.6819610033133,phase-b1::final::sg-A::S3_derated_coincident::P_old::seed-003022,S3_derated_coincident,d5freq.phase_b1.compact_episode_audits.v1,3022,A,60.0,derated,20.0
P_old,True,sluggish,False,0.3847696450059218,1.0,122.39003390635929,phase-b1::final::sg-A::S3_derated_coincident::P_old::seed-003023,S3_derated_coincident,d5freq.phase_b1.compact_episode_audits.v1,3023,A,60.0,derated,2.0
P_old,True,sluggish,False,0.31498409779245373,1.0,195.17157631682224,phase-b1::final::sg-A::S3_derated_coincident::P_old::seed-003023,S3_derated_coincident,d5freq.phase_b1.compact_episode_audits.v1,3023,A,60.0,derated,5.0
P_old,True,sluggish,False,0.2772172668172601,1.0,202.36984642971422,phase-b1::final::sg-A::S3_derated_coincident::P_old::seed-003023,S3_derated_coincident,d5freq.phase_b1.compact_episode_audits.v1,3023,A,60.0,derated,10.0
P_old,True,sluggish,False,0.2573898854643581,1.0,248.26118472075837,phase-b1::final::sg-A::S3_derated_coincident::P_old::seed-003023,S3_derated_coincident,d5freq.phase_b1.compact_episode_audits.v1,3023,A,60.0,derated,20.0
P_old,True,sluggish,False,0.3836177073442837,1.0,125.22787047376664,phase-b1::final::sg-A::S3_derated_coincident::P_old::seed-003024,S3_derated_coincident,d5freq.phase_b1.compact_episode_audits.v1,3024,A,60.0,derated,2.0
P_old,True,sluggish,False,0.3025300417483999,1.0,156.20992727106452,phase-b1::final::sg-A::S3_derated_coincident::P_old::seed-003024,S3_derated_coincident,d5freq.phase_b1.compact_episode_audits.v1,3024,A,60.0,derated,5.0
P_old,True,sluggish,False,0.2667667942269375,1.0,146.29091126994982,phase-b1::final::sg-A::S3_derated_coincident::P_old::seed-003024,S3_derated_coincident,d5freq.phase_b1.compact_episode_audits.v1,3024,A,60.0,derated,10.0
P_old,True,sluggish,False,0.24892184129604514,1.0,123.98063301226016,phase-b1::final::sg-A::S3_derated_coincident::P_old::seed-003024,S3_derated_coincident,d5freq.phase_b1.compact_episode_audits.v1,3024,A,60.0,derated,20.0
P_old,True,sluggish,False,0.3212375006337865,1.0,124.02882850782733,phase-b1::final::sg-A::S3_derated_coincident::P_old::seed-003025,S3_derated_coincident,d5freq.phase_b1.compact_episode_audits.v1,3025,A,60.0,derated,2.0
P_old,True,sluggish,False,0.2944094311546379,1.0,211.23549627418038,phase-b1::final::sg-A::S3_derated_coincident::P_old::seed-003025,S3_derated_coincident,d5freq.phase_b1.compact_episode_audits.v1,3025,A,60.0,derated,5.0
P_old,True,nominal,False,0.44031470130393524,1.0,266.0377392864145,phase-b1::final::sg-A::S3_derated_coincident::P_old::seed-003025,S3_derated_coincident,d5freq.phase_b1.compact_episode_audits.v1,3025,A,60.0,derated,10.0
P_old,True,nominal,False,0.40879778074626216,1.0,320.3847857986055,phase-b1::final::sg-A::S3_derated_coincident::P_old::seed-003025,S3_derated_coincident,d5freq.phase_b1.compact_episode_audits.v1,3025,A,60.0,derated,20.0
P_old,True,sluggish,False,0.3511871477550993,1.0,126.22524348062159,phase-b1::final::sg-A::S3_derated_coincident::P_old::seed-003026,S3_derated_coincident,d5freq.phase_b1.compact_episode_audits.v1,3026,A,60.0,derated,2.0
P_old,True,sluggish,False,0.2920406872453132,1.0,167.93679153035998,phase-b1::final::sg-A::S3_derated_coincident::P_old::seed-003026,S3_derated_coincident,d5freq.phase_b1.compact_episode_audits.v1,3026,A,60.0,derated,5.0
P_old,True,sluggish,False,0.26182633392134963,1.0,156.3812493433569,phase-b1::final::sg-A::S3_derated_coincident::P_old::seed-003026,S3_derated_coincident,d5freq.phase_b1.compact_episode_audits.v1,3026,A,60.0,derated,10.0
P_old,True,sluggish,False,0.24651753447718736,1.0,134.0648945930492,phase-b1::final::sg-A::S3_derated_coincident::P_old::seed-003026,S3_derated_coincident,d5freq.phase_b1.compact_episode_audits.v1,3026,A,60.0,derated,20.0
P_old,True,sluggish,False,0.40299635631936825,1.0,118.67001291306065,phase-b1::final::sg-A::S3_derated_coincident::P_old::seed-003027,S3_derated_coincident,d5freq.phase_b1.compact_episode_audits.v1,3027,A,60.0,derated,2.0
P_old,True,sluggish,False,0.31794966521974444,1.0,157.42568605613462,phase-b1::final::sg-A::S3_derated_coincident::P_old::seed-003027,S3_derated_coincident,d5freq.phase_b1.compact_episode_audits.v1,3027,A,60.0,derated,5.0
P_old,True,sluggish,False,0.2753070824255262,1.0,146.42529193070806,phase-b1::final::sg-A::S3_derated_coincident::P_old::seed-003027,S3_derated_coincident,d5freq.phase_b1.compact_episode_audits.v1,3027,A,60.0,derated,10.0
P_old,True,sluggish,False,0.2529648220418803,1.0,121.89276313950349,phase-b1::final::sg-A::S3_derated_coincident::P_old::seed-003027,S3_derated_coincident,d5freq.phase_b1.compact_episode_audits.v1,3027,A,60.0,derated,20.0
P_old,True,sluggish,False,0.41969257362688084,1.0,118.13324165624965,phase-b1::final::sg-A::S3_derated_coincident::P_old::seed-003028,S3_derated_coincident,d5freq.phase_b1.compact_episode_audits.v1,3028,A,60.0,derated,2.0
P_old,True,sluggish,False,0.3294683077630497,1.0,186.02442212631843,phase-b1::final::sg-A::S3_derated_coincident::P_old::seed-003028,S3_derated_coincident,d5freq.phase_b1.compact_episode_audits.v1,3028,A,60.0,derated,5.0
P_old,True,sluggish,False,0.2871985729065739,1.0,201.86091928992917,phase-b1::final::sg-A::S3_derated_coincident::P_old::seed-003028,S3_derated_coincident,d5freq.phase_b1.compact_episode_audits.v1,3028,A,60.0,derated,10.0
P_old,True,sluggish,False,0.26260670894197363,1.0,252.54277700020884,phase-b1::final::sg-A::S3_derated_coincident::P_old::seed-003028,S3_derated_coincident,d5freq.phase_b1.compact_episode_audits.v1,3028,A,60.0,derated,20.0
P_old,True,sluggish,False,0.31980032931671815,1.0,123.54102604454813,phase-b1::final::sg-A::S3_derated_coincident::P_old::seed-003029,S3_derated_coincident,d5freq.phase_b1.compact_episode_audits.v1,3029,A,60.0,derated,2.0
P_old,True,sluggish,False,0.2961316719892372,1.0,216.3138921625105,phase-b1::final::sg-A::S3_derated_coincident::P_old::seed-003029,S3_derated_coincident,d5freq.phase_b1.compact_episode_audits.v1,3029,A,60.0,derated,5.0
P_old,True,nominal,False,0.4568508128148589,1.0,302.9215638638369,phase-b1::final::sg-A::S3_derated_coincident::P_old::seed-003029,S3_derated_coincident,d5freq.phase_b1.compact_episode_audits.v1,3029,A,60.0,derated,10.0
P_old,True,nominal,False,0.38760006843294753,1.0,274.8111885206893,phase-b1::final::sg-A::S3_derated_coincident::P_old::seed-003029,S3_derated_coincident,d5freq.phase_b1.compact_episode_audits.v1,3029,A,60.0,derated,20.0
P_old,True,sluggish,False,0.350274630029857,1.0,122.12199039928583,phase-b1::final::sg-B::S3_derated_coincident::P_old::seed-003000,S3_derated_coincident,d5freq.phase_b1.compact_episode_audits.v1,3000,B,60.0,derated,2.0
P_old,True,sluggish,False,0.29616307997102437,1.0,132.9061437921244,phase-b1::final::sg-B::S3_derated_coincident::P_old::seed-003000,S3_derated_coincident,d5freq.phase_b1.compact_episode_audits.v1,3000,B,60.0,derated,5.0
P_old,True,sluggish,False,0.2673295707829352,1.0,133.11649038586296,phase-b1::final::sg-B::S3_derated_coincident::P_old::seed-003000,S3_derated_coincident,d5freq.phase_b1.compact_episode_audits.v1,3000,B,60.0,derated,10.0
P_old,True,sluggish,False,0.24988855856702194,1.0,110.46813862740555,phase-b1::final::sg-B::S3_derated_coincident::P_old::seed-003000,S3_derated_coincident,d5freq.phase_b1.compact_episode_audits.v1,3000,B,60.0,derated,20.0
P_old,True,sluggish,False,0.3099370267789169,1.0,133.68687768917277,phase-b1::final::sg-B::S3_derated_coincident::P_old::seed-003001,S3_derated_coincident,d5freq.phase_b1.compact_episode_audits.v1,3001,B,60.0,derated,2.0
P_old,True,sluggish,False,0.3429873228197417,1.0,279.6713749357939,phase-b1::final::sg-B::S3_derated_coincident::P_old::seed-003001,S3_derated_coincident,d5freq.phase_b1.compact_episode_audits.v1,3001,B,60.0,derated,5.0
P_old,True,sluggish,False,0.2872528466897511,1.0,284.08778076174576,phase-b1::final::sg-B::S3_derated_coincident::P_old::seed-003001,S3_derated_coincident,d5freq.phase_b1.compact_episode_audits.v1,3001,B,60.0,derated,10.0
P_old,True,sluggish,False,0.26071864119693977,1.0,278.2085879181858,phase-b1::final::sg-B::S3_derated_coincident::P_old::seed-003001,S3_derated_coincident,d5freq.phase_b1.compact_episode_audits.v1,3001,B,60.0,derated,20.0
P_old,True,sluggish,False,0.36664661985848607,1.0,119.06948960346882,phase-b1::final::sg-B::S3_derated_coincident::P_old::seed-003002,S3_derated_coincident,d5freq.phase_b1.compact_episode_audits.v1,3002,B,60.0,derated,2.0
P_old,True,sluggish,False,0.3065652938666558,1.0,142.9773545938736,phase-b1::final::sg-B::S3_derated_coincident::P_old::seed-003002,S3_derated_coincident,d5freq.phase_b1.compact_episode_audits.v1,3002,B,60.0,derated,5.0
P_old,True,sluggish,False,0.27492989690915887,1.0,159.59904066865948,phase-b1::final::sg-B::S3_derated_coincident::P_old::seed-003002,S3_derated_coincident,d5freq.phase_b1.compact_episode_audits.v1,3002,B,60.0,derated,10.0
P_old,True,sluggish,False,0.25602558547175924,1.0,181.0571895364991,phase-b1::final::sg-B::S3_derated_coincident::P_old::seed-003002,S3_derated_coincident,d5freq.phase_b1.compact_episode_audits.v1,3002,B,60.0,derated,20.0
P_old,True,sluggish,False,0.2843139493169406,1.0,153.68397552201446,phase-b1::final::sg-B::S3_derated_coincident::P_old::seed-003003,S3_derated_coincident,d5freq.phase_b1.compact_episode_audits.v1,3003,B,60.0,derated,2.0
P_old,True,sluggish,False,0.29040897137382427,1.0,246.11035264834223,phase-b1::final::sg-B::S3_derated_coincident::P_old::seed-003003,S3_derated_coincident,d5freq.phase_b1.compact_episode_audits.v1,3003,B,60.0,derated,5.0
P_old,True,sluggish,False,0.26730298177365325,1.0,274.4593581237892,phase-b1::final::sg-B::S3_derated_coincident::P_old::seed-003003,S3_derated_coincident,d5freq.phase_b1.compact_episode_audits.v1,3003,B,60.0,derated,10.0
P_old,True,sluggish,False,0.25243156924905186,1.0,315.5955565684017,phase-b1::final::sg-B::S3_derated_coincident::P_old::seed-003003,S3_derated_coincident,d5freq.phase_b1.compact_episode_audits.v1,3003,B,60.0,derated,20.0
P_old,True,sluggish,False,0.2919383694426222,1.0,147.66328574950091,phase-b1::final::sg-B::S3_derated_coincident::P_old::seed-003004,S3_derated_coincident,d5freq.phase_b1.compact_episode_audits.v1,3004,B,60.0,derated,2.0
P_old,True,sluggish,False,0.2955609836930943,1.0,266.4465005702678,phase-b1::final::sg-B::S3_derated_coincident::P_old::seed-003004,S3_derated_coincident,d5freq.phase_b1.compact_episode_audits.v1,3004,B,60.0,derated,5.0
P_old,True,sluggish,False,0.283038106323807,1.0,339.56593080914223,phase-b1::final::sg-B::S3_derated_coincident::P_old::seed-003004,S3_derated_coincident,d5freq.phase_b1.compact_episode_audits.v1,3004,B,60.0,derated,10.0
P_old,True,sluggish,False,0.25614796495312114,1.0,315.31914168696443,phase-b1::final::sg-B::S3_derated_coincident::P_old::seed-003004,S3_derated_coincident,d5freq.phase_b1.compact_episode_audits.v1,3004,B,60.0,derated,20.0
P_old,True,sluggish,False,0.2894059913830381,1.0,139.33885253450933,phase-b1::final::sg-B::S3_derated_coincident::P_old::seed-003005,S3_derated_coincident,d5freq.phase_b1.compact_episode_audits.v1,3005,B,60.0,derated,2.0
P_old,True,sluggish,False,0.2979802354100253,1.0,221.95399191862893,phase-b1::final::sg-B::S3_derated_coincident::P_old::seed-003005,S3_derated_coincident,d5freq.phase_b1.compact_episode_audits.v1,3005,B,60.0,derated,5.0
P_old,True,sluggish,False,0.27379457996443,1.0,264.050363077209,phase-b1::final::sg-B::S3_derated_coincident::P_old::seed-003005,S3_derated_coincident,d5freq.phase_b1.compact_episode_audits.v1,3005,B,60.0,derated,10.0
P_old,True,sluggish,False,0.256205753288298,1.0,322.853153531306,phase-b1::final::sg-B::S3_derated_coincident::P_old::seed-003005,S3_derated_coincident,d5freq.phase_b1.compact_episode_audits.v1,3005,B,60.0,derated,20.0
P_old,True,sluggish,False,0.29141236134951903,1.0,137.2757657025151,phase-b1::final::sg-B::S3_derated_coincident::P_old::seed-003006,S3_derated_coincident,d5freq.phase_b1.compact_episode_audits.v1,3006,B,60.0,derated,2.0
P_old,True,sluggish,False,0.2962141896925806,1.0,223.5057696928508,phase-b1::final::sg-B::S3_derated_coincident::P_old::seed-003006,S3_derated_coincident,d5freq.phase_b1.compact_episode_audits.v1,3006,B,60.0,derated,5.0
P_old,True,sluggish,False,0.26990446102647647,1.0,230.60140596998338,phase-b1::final::sg-B::S3_derated_coincident::P_old::seed-003006,S3_derated_coincident,d5freq.phase_b1.compact_episode_audits.v1,3006,B,60.0,derated,10.0
P_old,True,sluggish,False,0.2502404921377718,1.0,205.65053334645572,phase-b1::final::sg-B::S3_derated_coincident::P_old::seed-003006,S3_derated_coincident,d5freq.phase_b1.compact_episode_audits.v1,3006,B,60.0,derated,20.0
P_old,True,sluggish,False,0.344539554377597,1.0,129.3065568615614,phase-b1::final::sg-B::S3_derated_coincident::P_old::seed-003007,S3_derated_coincident,d5freq.phase_b1.compact_episode_audits.v1,3007,B,60.0,derated,2.0
P_old,True,sluggish,False,0.28938331569741155,1.0,135.24723520735134,phase-b1::final::sg-B::S3_derated_coincident::P_old::seed-003007,S3_derated_coincident,d5freq.phase_b1.compact_episode_audits.v1,3007,B,60.0,derated,5.0
P_old,True,sluggish,False,0.2640836104615736,1.0,142.83910259369367,phase-b1::final::sg-B::S3_derated_coincident::P_old::seed-003007,S3_derated_coincident,d5freq.phase_b1.compact_episode_audits.v1,3007,B,60.0,derated,10.0
P_old,True,sluggish,False,0.24798281296882435,1.0,138.30236079064792,phase-b1::final::sg-B::S3_derated_coincident::P_old::seed-003007,S3_derated_coincident,d5freq.phase_b1.compact_episode_audits.v1,3007,B,60.0,derated,20.0
P_old,True,sluggish,False,0.32141788886091216,1.0,133.71788962202604,phase-b1::final::sg-B::S3_derated_coincident::P_old::seed-003008,S3_derated_coincident,d5freq.phase_b1.compact_episode_audits.v1,3008,B,60.0,derated,2.0
P_old,True,sluggish,False,0.2971710050460078,1.0,204.95138133195366,phase-b1::final::sg-B::S3_derated_coincident::P_old::seed-003008,S3_derated_coincident,d5freq.phase_b1.compact_episode_audits.v1,3008,B,60.0,derated,5.0
P_old,True,sluggish,False,0.27200245192147365,1.0,220.18318007612476,phase-b1::final::sg-B::S3_derated_coincident::P_old::seed-003008,S3_derated_coincident,d5freq.phase_b1.compact_episode_audits.v1,3008,B,60.0,derated,10.0
P_old,True,sluggish,False,0.2558381088589894,1.0,207.79139158549268,phase-b1::final::sg-B::S3_derated_coincident::P_old::seed-003008,S3_derated_coincident,d5freq.phase_b1.compact_episode_audits.v1,3008,B,60.0,derated,20.0
P_old,True,sluggish,False,0.3709150477677668,1.0,119.39153496701061,phase-b1::final::sg-B::S3_derated_coincident::P_old::seed-003009,S3_derated_coincident,d5freq.phase_b1.compact_episode_audits.v1,3009,B,60.0,derated,2.0
P_old,True,sluggish,False,0.3150725949649376,1.0,162.1929417502661,phase-b1::final::sg-B::S3_derated_coincident::P_old::seed-003009,S3_derated_coincident,d5freq.phase_b1.compact_episode_audits.v1,3009,B,60.0,derated,5.0
P_old,True,sluggish,False,0.28031812588443417,1.0,178.9338576686444,phase-b1::final::sg-B::S3_derated_coincident::P_old::seed-003009,S3_derated_coincident,d5freq.phase_b1.compact_episode_audits.v1,3009,B,60.0,derated,10.0
P_old,True,sluggish,False,0.2584627186409388,1.0,213.2170852397838,phase-b1::final::sg-B::S3_derated_coincident::P_old::seed-003009,S3_derated_coincident,d5freq.phase_b1.compact_episode_audits.v1,3009,B,60.0,derated,20.0
P_old,True,sluggish,False,0.308649917894414,1.0,136.2649157550309,phase-b1::final::sg-B::S3_derated_coincident::P_old::seed-003010,S3_derated_coincident,d5freq.phase_b1.compact_episode_audits.v1,3010,B,60.0,derated,2.0
P_old,True,sluggish,False,0.3266846047799134,1.0,288.1347347206477,phase-b1::final::sg-B::S3_derated_coincident::P_old::seed-003010,S3_derated_coincident,d5freq.phase_b1.compact_episode_audits.v1,3010,B,60.0,derated,5.0
P_old,True,sluggish,False,0.2812887877218648,1.0,300.0362424121383,phase-b1::final::sg-B::S3_derated_coincident::P_old::seed-003010,S3_derated_coincident,d5freq.phase_b1.compact_episode_audits.v1,3010,B,60.0,derated,10.0
P_old,True,sluggish,False,0.25823859928716564,1.0,333.6983506910177,phase-b1::final::sg-B::S3_derated_coincident::P_old::seed-003010,S3_derated_coincident,d5freq.phase_b1.compact_episode_audits.v1,3010,B,60.0,derated,20.0
P_old,True,sluggish,False,0.3504323652554604,1.0,125.76872942545097,phase-b1::final::sg-B::S3_derated_coincident::P_old::seed-003011,S3_derated_coincident,d5freq.phase_b1.compact_episode_audits.v1,3011,B,60.0,derated,2.0
P_old,True,sluggish,False,0.30010371450029977,1.0,136.71595429223277,phase-b1::final::sg-B::S3_derated_coincident::P_old::seed-003011,S3_derated_coincident,d5freq.phase_b1.compact_episode_audits.v1,3011,B,60.0,derated,5.0
P_old,True,sluggish,False,0.2695725807190488,1.0,150.22549911094617,phase-b1::final::sg-B::S3_derated_coincident::P_old::seed-003011,S3_derated_coincident,d5freq.phase_b1.compact_episode_audits.v1,3011,B,60.0,derated,10.0
P_old,True,sluggish,False,0.25152354744338135,1.0,165.88734995829805,phase-b1::final::sg-B::S3_derated_coincident::P_old::seed-003011,S3_derated_coincident,d5freq.phase_b1.compact_episode_audits.v1,3011,B,60.0,derated,20.0
P_old,True,sluggish,False,0.2927488320091145,1.0,136.97862222288958,phase-b1::final::sg-B::S3_derated_coincident::P_old::seed-003012,S3_derated_coincident,d5freq.phase_b1.compact_episode_audits.v1,3012,B,60.0,derated,2.0
P_old,True,sluggish,False,0.3031288787055983,1.0,236.02614752657541,phase-b1::final::sg-B::S3_derated_coincident::P_old::seed-003012,S3_derated_coincident,d5freq.phase_b1.compact_episode_audits.v1,3012,B,60.0,derated,5.0
P_old,True,sluggish,False,0.273365197664781,1.0,253.77975213873216,phase-b1::final::sg-B::S3_derated_coincident::P_old::seed-003012,S3_derated_coincident,d5freq.phase_b1.compact_episode_audits.v1,3012,B,60.0,derated,10.0
P_old,True,sluggish,False,0.25161387047811135,1.0,228.29610591268505,phase-b1::final::sg-B::S3_derated_coincident::P_old::seed-003012,S3_derated_coincident,d5freq.phase_b1.compact_episode_audits.v1,3012,B,60.0,derated,20.0
P_old,True,sluggish,False,0.3082094924196498,1.0,130.05198809889592,phase-b1::final::sg-B::S3_derated_coincident::P_old::seed-003013,S3_derated_coincident,d5freq.phase_b1.compact_episode_audits.v1,3013,B,60.0,derated,2.0
P_old,True,sluggish,False,0.288836029995152,1.0,201.67293848321364,phase-b1::final::sg-B::S3_derated_coincident::P_old::seed-003013,S3_derated_coincident,d5freq.phase_b1.compact_episode_audits.v1,3013,B,60.0,derated,5.0
P_old,True,sluggish,False,0.2651358737765116,1.0,215.8676757818556,phase-b1::final::sg-B::S3_derated_coincident::P_old::seed-003013,S3_derated_coincident,d5freq.phase_b1.compact_episode_audits.v1,3013,B,60.0,derated,10.0
P_old,True,sluggish,False,0.24828602180832138,1.0,205.1893577641509,phase-b1::final::sg-B::S3_derated_coincident::P_old::seed-003013,S3_derated_coincident,d5freq.phase_b1.compact_episode_audits.v1,3013,B,60.0,derated,20.0
P_old,True,sluggish,False,0.36030549132450745,1.0,141.96593926497982,phase-b1::final::sg-B::S3_derated_coincident::P_old::seed-003014,S3_derated_coincident,d5freq.phase_b1.compact_episode_audits.v1,3014,B,60.0,derated,2.0
P_old,True,sluggish,False,0.31080332883411244,1.0,190.14406790685368,phase-b1::final::sg-B::S3_derated_coincident::P_old::seed-003014,S3_derated_coincident,d5freq.phase_b1.compact_episode_audits.v1,3014,B,60.0,derated,5.0
P_old,True,sluggish,False,0.27773597998421656,1.0,201.6720490344046,phase-b1::final::sg-B::S3_derated_coincident::P_old::seed-003014,S3_derated_coincident,d5freq.phase_b1.compact_episode_audits.v1,3014,B,60.0,derated,10.0
P_old,True,sluggish,False,0.2540380047576295,1.0,176.3075892718839,phase-b1::final::sg-B::S3_derated_coincident::P_old::seed-003014,S3_derated_coincident,d5freq.phase_b1.compact_episode_audits.v1,3014,B,60.0,derated,20.0
P_old,True,sluggish,False,0.28801015756005355,1.0,138.70579310503766,phase-b1::final::sg-B::S3_derated_coincident::P_old::seed-003015,S3_derated_coincident,d5freq.phase_b1.compact_episode_audits.v1,3015,B,60.0,derated,2.0
P_old,True,sluggish,False,0.2911818470687822,1.0,172.73418219967968,phase-b1::final::sg-B::S3_derated_coincident::P_old::seed-003015,S3_derated_coincident,d5freq.phase_b1.compact_episode_audits.v1,3015,B,60.0,derated,5.0
P_old,True,sluggish,False,0.2696861647673153,1.0,217.4071143708433,phase-b1::final::sg-B::S3_derated_coincident::P_old::seed-003015,S3_derated_coincident,d5freq.phase_b1.compact_episode_audits.v1,3015,B,60.0,derated,10.0
P_old,True,sluggish,False,0.25811885103526266,1.0,280.98979617771965,phase-b1::final::sg-B::S3_derated_coincident::P_old::seed-003015,S3_derated_coincident,d5freq.phase_b1.compact_episode_audits.v1,3015,B,60.0,derated,20.0
P_old,True,sluggish,False,0.3701982115250454,1.0,126.3609315713262,phase-b1::final::sg-B::S3_derated_coincident::P_old::seed-003016,S3_derated_coincident,d5freq.phase_b1.compact_episode_audits.v1,3016,B,60.0,derated,2.0
P_old,True,sluggish,False,0.30470433109073164,1.0,137.07020655497203,phase-b1::final::sg-B::S3_derated_coincident::P_old::seed-003016,S3_derated_coincident,d5freq.phase_b1.compact_episode_audits.v1,3016,B,60.0,derated,5.0
P_old,True,sluggish,False,0.27574699834903227,1.0,189.17662697222391,phase-b1::final::sg-B::S3_derated_coincident::P_old::seed-003016,S3_derated_coincident,d5freq.phase_b1.compact_episode_audits.v1,3016,B,60.0,derated,10.0
P_old,True,sluggish,False,0.25529169241966604,1.0,231.5810899993483,phase-b1::final::sg-B::S3_derated_coincident::P_old::seed-003016,S3_derated_coincident,d5freq.phase_b1.compact_episode_audits.v1,3016,B,60.0,derated,20.0
P_old,True,sluggish,False,0.37280504967376826,1.0,118.26584253855457,phase-b1::final::sg-B::S3_derated_coincident::P_old::seed-003017,S3_derated_coincident,d5freq.phase_b1.compact_episode_audits.v1,3017,B,60.0,derated,2.0
P_old,True,sluggish,False,0.321252195074207,1.0,183.98650003689946,phase-b1::final::sg-B::S3_derated_coincident::P_old::seed-003017,S3_derated_coincident,d5freq.phase_b1.compact_episode_audits.v1,3017,B,60.0,derated,5.0
P_old,True,sluggish,False,0.291590414363196,1.0,234.8984035639997,phase-b1::final::sg-B::S3_derated_coincident::P_old::seed-003017,S3_derated_coincident,d5freq.phase_b1.compact_episode_audits.v1,3017,B,60.0,derated,10.0
P_old,True,sluggish,False,0.2639835351509366,1.0,252.50814946468753,phase-b1::final::sg-B::S3_derated_coincident::P_old::seed-003017,S3_derated_coincident,d5freq.phase_b1.compact_episode_audits.v1,3017,B,60.0,derated,20.0
P_old,True,sluggish,False,0.2901567460269809,1.0,139.60839429442012,phase-b1::final::sg-B::S3_derated_coincident::P_old::seed-003018,S3_derated_coincident,d5freq.phase_b1.compact_episode_audits.v1,3018,B,60.0,derated,2.0
P_old,True,sluggish,False,0.3234722891269507,1.0,259.19701306053923,phase-b1::final::sg-B::S3_derated_coincident::P_old::seed-003018,S3_derated_coincident,d5freq.phase_b1.compact_episode_audits.v1,3018,B,60.0,derated,5.0
P_old,True,sluggish,False,0.2771979629266856,1.0,286.53443993575695,phase-b1::final::sg-B::S3_derated_coincident::P_old::seed-003018,S3_derated_coincident,d5freq.phase_b1.compact_episode_audits.v1,3018,B,60.0,derated,10.0
P_old,True,sluggish,False,0.2532413080756586,1.0,262.3000983793776,phase-b1::final::sg-B::S3_derated_coincident::P_old::seed-003018,S3_derated_coincident,d5freq.phase_b1.compact_episode_audits.v1,3018,B,60.0,derated,20.0
P_old,True,nominal,False,0.5458203925951555,1.0,145.0693727491826,phase-b1::final::sg-B::S3_derated_coincident::P_old::seed-003019,S3_derated_coincident,d5freq.phase_b1.compact_episode_audits.v1,3019,B,60.0,derated,2.0
P_old,True,sluggish,False,0.38219158187975644,1.0,332.0866753540795,phase-b1::final::sg-B::S3_derated_coincident::P_old::seed-003019,S3_derated_coincident,d5freq.phase_b1.compact_episode_audits.v1,3019,B,60.0,derated,5.0
P_old,True,sluggish,False,0.30636984802610867,1.0,357.8903510622457,phase-b1::final::sg-B::S3_derated_coincident::P_old::seed-003019,S3_derated_coincident,d5freq.phase_b1.compact_episode_audits.v1,3019,B,60.0,derated,10.0
P_old,True,sluggish,False,0.2677854883390989,1.0,334.59822048206865,phase-b1::final::sg-B::S3_derated_coincident::P_old::seed-003019,S3_derated_coincident,d5freq.phase_b1.compact_episode_audits.v1,3019,B,60.0,derated,20.0
P_old,True,sluggish,False,0.3085314217424632,1.0,135.25297248301257,phase-b1::final::sg-B::S3_derated_coincident::P_old::seed-003020,S3_derated_coincident,d5freq.phase_b1.compact_episode_audits.v1,3020,B,60.0,derated,2.0
P_old,True,sluggish,False,0.28943572803118206,1.0,207.90397421714897,phase-b1::final::sg-B::S3_derated_coincident::P_old::seed-003020,S3_derated_coincident,d5freq.phase_b1.compact_episode_audits.v1,3020,B,60.0,derated,5.0
P_old,True,sluggish,False,0.28808817326022124,1.0,325.43480726114,phase-b1::final::sg-B::S3_derated_coincident::P_old::seed-003020,S3_derated_coincident,d5freq.phase_b1.compact_episode_audits.v1,3020,B,60.0,derated,10.0
P_old,True,sluggish,False,0.2588415306118998,1.0,313.23169221848184,phase-b1::final::sg-B::S3_derated_coincident::P_old::seed-003020,S3_derated_coincident,d5freq.phase_b1.compact_episode_audits.v1,3020,B,60.0,derated,20.0
P_old,True,nominal,False,0.5237524133848788,1.0,133.3946791250186,phase-b1::final::sg-B::S3_derated_coincident::P_old::seed-003021,S3_derated_coincident,d5freq.phase_b1.compact_episode_audits.v1,3021,B,60.0,derated,2.0
P_old,True,sluggish,False,0.2791315646817995,1.0,199.2098575146208,phase-b1::final::sg-B::S3_derated_coincident::P_old::seed-003021,S3_derated_coincident,d5freq.phase_b1.compact_episode_audits.v1,3021,B,60.0,derated,5.0
P_old,True,sluggish,False,0.2585453254743547,1.0,204.14050678032748,phase-b1::final::sg-B::S3_derated_coincident::P_old::seed-003021,S3_derated_coincident,d5freq.phase_b1.compact_episode_audits.v1,3021,B,60.0,derated,10.0
P_old,True,sluggish,False,0.2471239062811655,1.0,216.04499371624377,phase-b1::final::sg-B::S3_derated_coincident::P_old::seed-003021,S3_derated_coincident,d5freq.phase_b1.compact_episode_audits.v1,3021,B,60.0,derated,20.0
P_old,True,sluggish,False,0.36243880922895855,1.0,120.15616750977944,phase-b1::final::sg-B::S3_derated_coincident::P_old::seed-003022,S3_derated_coincident,d5freq.phase_b1.compact_episode_audits.v1,3022,B,60.0,derated,2.0
P_old,True,sluggish,False,0.3165066147948672,1.0,182.49722106077627,phase-b1::final::sg-B::S3_derated_coincident::P_old::seed-003022,S3_derated_coincident,d5freq.phase_b1.compact_episode_audits.v1,3022,B,60.0,derated,5.0
P_old,True,sluggish,False,0.2843167149712479,1.0,210.06648340886812,phase-b1::final::sg-B::S3_derated_coincident::P_old::seed-003022,S3_derated_coincident,d5freq.phase_b1.compact_episode_audits.v1,3022,B,60.0,derated,10.0
P_old,True,sluggish,False,0.2569419520733701,1.0,186.12539273809767,phase-b1::final::sg-B::S3_derated_coincident::P_old::seed-003022,S3_derated_coincident,d5freq.phase_b1.compact_episode_audits.v1,3022,B,60.0,derated,20.0
P_old,True,sluggish,False,0.29736180981083854,1.0,139.05314036964575,phase-b1::final::sg-B::S3_derated_coincident::P_old::seed-003023,S3_derated_coincident,d5freq.phase_b1.compact_episode_audits.v1,3023,B,60.0,derated,2.0
P_old,True,sluggish,False,0.29069688861307885,1.0,221.54761219721638,phase-b1::final::sg-B::S3_derated_coincident::P_old::seed-003023,S3_derated_coincident,d5freq.phase_b1.compact_episode_audits.v1,3023,B,60.0,derated,5.0
P_old,True,sluggish,False,0.28114188531973033,1.0,304.20941465888075,phase-b1::final::sg-B::S3_derated_coincident::P_old::seed-003023,S3_derated_coincident,d5freq.phase_b1.compact_episode_audits.v1,3023,B,60.0,derated,10.0
P_old,True,sluggish,False,0.2553170011629434,1.0,282.77215345850976,phase-b1::final::sg-B::S3_derated_coincident::P_old::seed-003023,S3_derated_coincident,d5freq.phase_b1.compact_episode_audits.v1,3023,B,60.0,derated,20.0
P_old,True,nominal,False,0.5129685924693579,1.0,122.91042491791212,phase-b1::final::sg-B::S3_derated_coincident::P_old::seed-003024,S3_derated_coincident,d5freq.phase_b1.compact_episode_audits.v1,3024,B,60.0,derated,2.0
P_old,True,sluggish,False,0.2936940543112408,1.0,141.45273456093355,phase-b1::final::sg-B::S3_derated_coincident::P_old::seed-003024,S3_derated_coincident,d5freq.phase_b1.compact_episode_audits.v1,3024,B,60.0,derated,5.0
P_old,True,sluggish,False,0.27317050782615737,1.0,200.05235215806408,phase-b1::final::sg-B::S3_derated_coincident::P_old::seed-003024,S3_derated_coincident,d5freq.phase_b1.compact_episode_audits.v1,3024,B,60.0,derated,10.0
P_old,True,sluggish,False,0.2541513220280504,1.0,231.6422564585258,phase-b1::final::sg-B::S3_derated_coincident::P_old::seed-003024,S3_derated_coincident,d5freq.phase_b1.compact_episode_audits.v1,3024,B,60.0,derated,20.0
P_old,True,sluggish,False,0.3289380244987886,1.0,124.02963609763182,phase-b1::final::sg-B::S3_derated_coincident::P_old::seed-003025,S3_derated_coincident,d5freq.phase_b1.compact_episode_audits.v1,3025,B,60.0,derated,2.0
P_old,True,sluggish,False,0.3118070154163738,1.0,195.1130669566893,phase-b1::final::sg-B::S3_derated_coincident::P_old::seed-003025,S3_derated_coincident,d5freq.phase_b1.compact_episode_audits.v1,3025,B,60.0,derated,5.0
P_old,True,sluggish,False,0.2785929801237537,1.0,229.75595756413915,phase-b1::final::sg-B::S3_derated_coincident::P_old::seed-003025,S3_derated_coincident,d5freq.phase_b1.compact_episode_audits.v1,3025,B,60.0,derated,10.0
P_old,True,sluggish,False,0.25467734428853483,1.0,204.7148611503814,phase-b1::final::sg-B::S3_derated_coincident::P_old::seed-003025,S3_derated_coincident,d5freq.phase_b1.compact_episode_audits.v1,3025,B,60.0,derated,20.0
P_old,True,sluggish,False,0.3678214176085704,1.0,122.03706600133123,phase-b1::final::sg-B::S3_derated_coincident::P_old::seed-003026,S3_derated_coincident,d5freq.phase_b1.compact_episode_audits.v1,3026,B,60.0,derated,2.0
P_old,True,sluggish,False,0.31420144736903405,1.0,149.92087721072392,phase-b1::final::sg-B::S3_derated_coincident::P_old::seed-003026,S3_derated_coincident,d5freq.phase_b1.compact_episode_audits.v1,3026,B,60.0,derated,5.0
P_old,True,sluggish,False,0.2788633035850016,1.0,162.75769254697258,phase-b1::final::sg-B::S3_derated_coincident::P_old::seed-003026,S3_derated_coincident,d5freq.phase_b1.compact_episode_audits.v1,3026,B,60.0,derated,10.0
P_old,True,sluggish,False,0.25459922279756614,1.0,138.1163596505937,phase-b1::final::sg-B::S3_derated_coincident::P_old::seed-003026,S3_derated_coincident,d5freq.phase_b1.compact_episode_audits.v1,3026,B,60.0,derated,20.0
P_old,True,nominal,False,0.5330784577247719,1.0,108.6671879770316,phase-b1::final::sg-B::S3_derated_coincident::P_old::seed-003027,S3_derated_coincident,d5freq.phase_b1.compact_episode_audits.v1,3027,B,60.0,derated,2.0
P_old,True,sluggish,False,0.29832950897968613,1.0,183.3203658276314,phase-b1::final::sg-B::S3_derated_coincident::P_old::seed-003027,S3_derated_coincident,d5freq.phase_b1.compact_episode_audits.v1,3027,B,60.0,derated,5.0
P_old,True,sluggish,False,0.2857757920291879,1.0,268.4043018888613,phase-b1::final::sg-B::S3_derated_coincident::P_old::seed-003027,S3_derated_coincident,d5freq.phase_b1.compact_episode_audits.v1,3027,B,60.0,derated,10.0
P_old,True,sluggish,False,0.25745461525586,1.0,244.07088168848685,phase-b1::final::sg-B::S3_derated_coincident::P_old::seed-003027,S3_derated_coincident,d5freq.phase_b1.compact_episode_audits.v1,3027,B,60.0,derated,20.0
P_old,True,sluggish,False,0.3031902005801076,1.0,135.32765733322788,phase-b1::final::sg-B::S3_derated_coincident::P_old::seed-003028,S3_derated_coincident,d5freq.phase_b1.compact_episode_audits.v1,3028,B,60.0,derated,2.0
P_old,True,sluggish,False,0.29233265936581876,1.0,211.75466340913576,phase-b1::final::sg-B::S3_derated_coincident::P_old::seed-003028,S3_derated_coincident,d5freq.phase_b1.compact_episode_audits.v1,3028,B,60.0,derated,5.0
P_old,True,sluggish,False,0.2659336738368421,1.0,216.12448578905273,phase-b1::final::sg-B::S3_derated_coincident::P_old::seed-003028,S3_derated_coincident,d5freq.phase_b1.compact_episode_audits.v1,3028,B,60.0,derated,10.0
P_old,True,sluggish,False,0.25018535297060057,1.0,227.06113860836155,phase-b1::final::sg-B::S3_derated_coincident::P_old::seed-003028,S3_derated_coincident,d5freq.phase_b1.compact_episode_audits.v1,3028,B,60.0,derated,20.0
P_old,True,sluggish,False,0.32355505985189326,1.0,122.46167859287948,phase-b1::final::sg-B::S3_derated_coincident::P_old::seed-003029,S3_derated_coincident,d5freq.phase_b1.compact_episode_audits.v1,3029,B,60.0,derated,2.0
P_old,True,sluggish,False,0.30911756356349596,1.0,198.41206171973676,phase-b1::final::sg-B::S3_derated_coincident::P_old::seed-003029,S3_derated_coincident,d5freq.phase_b1.compact_episode_audits.v1,3029,B,60.0,derated,5.0
P_old,True,sluggish,False,0.2753075557369028,1.0,207.5613741910354,phase-b1::final::sg-B::S3_derated_coincident::P_old::seed-003029,S3_derated_coincident,d5freq.phase_b1.compact_episode_audits.v1,3029,B,60.0,derated,10.0
P_old,True,sluggish,False,0.25285063062732654,1.0,182.372876848961,phase-b1::final::sg-B::S3_derated_coincident::P_old::seed-003029,S3_derated_coincident,d5freq.phase_b1.compact_episode_audits.v1,3029,B,60.0,derated,20.0
P_old,True,sluggish,False,0.32551637029982616,1.0,182.6612826988325,phase-b1::final::sg-C::S3_derated_coincident::P_old::seed-003000,S3_derated_coincident,d5freq.phase_b1.compact_episode_audits.v1,3000,C,60.0,derated,2.0
P_old,True,sluggish,False,0.31510601444679653,1.0,234.382516086901,phase-b1::final::sg-C::S3_derated_coincident::P_old::seed-003000,S3_derated_coincident,d5freq.phase_b1.compact_episode_audits.v1,3000,C,60.0,derated,5.0
P_old,True,sluggish,False,0.2748549069910394,1.0,248.6995773796034,phase-b1::final::sg-C::S3_derated_coincident::P_old::seed-003000,S3_derated_coincident,d5freq.phase_b1.compact_episode_audits.v1,3000,C,60.0,derated,10.0
P_old,True,sluggish,False,0.25397488552354763,1.0,286.1000045943522,phase-b1::final::sg-C::S3_derated_coincident::P_old::seed-003000,S3_derated_coincident,d5freq.phase_b1.compact_episode_audits.v1,3000,C,60.0,derated,20.0
P_old,True,sluggish,False,0.31347232951873527,1.0,128.84810431042717,phase-b1::final::sg-C::S3_derated_coincident::P_old::seed-003001,S3_derated_coincident,d5freq.phase_b1.compact_episode_audits.v1,3001,C,60.0,derated,2.0
P_old,True,sluggish,False,0.2634301684903136,1.0,135.7326482069492,phase-b1::final::sg-C::S3_derated_coincident::P_old::seed-003001,S3_derated_coincident,d5freq.phase_b1.compact_episode_audits.v1,3001,C,60.0,derated,5.0
P_old,True,sluggish,False,0.2518840381965753,1.0,165.29540030782533,phase-b1::final::sg-C::S3_derated_coincident::P_old::seed-003001,S3_derated_coincident,d5freq.phase_b1.compact_episode_audits.v1,3001,C,60.0,derated,10.0
P_old,True,sluggish,False,0.2486743675060628,1.0,239.117611957288,phase-b1::final::sg-C::S3_derated_coincident::P_old::seed-003001,S3_derated_coincident,d5freq.phase_b1.compact_episode_audits.v1,3001,C,60.0,derated,20.0
P_old,True,sluggish,False,0.2671972579450566,1.0,122.65101625349595,phase-b1::final::sg-C::S3_derated_coincident::P_old::seed-003002,S3_derated_coincident,d5freq.phase_b1.compact_episode_audits.v1,3002,C,60.0,derated,2.0
P_old,True,sluggish,False,0.3300140174277257,1.0,290.6795239173454,phase-b1::final::sg-C::S3_derated_coincident::P_old::seed-003002,S3_derated_coincident,d5freq.phase_b1.compact_episode_audits.v1,3002,C,60.0,derated,5.0
P_old,True,sluggish,False,0.28254796231869067,1.0,295.0512337195647,phase-b1::final::sg-C::S3_derated_coincident::P_old::seed-003002,S3_derated_coincident,d5freq.phase_b1.compact_episode_audits.v1,3002,C,60.0,derated,10.0
P_old,True,sluggish,False,0.257314565353304,1.0,293.16477018338986,phase-b1::final::sg-C::S3_derated_coincident::P_old::seed-003002,S3_derated_coincident,d5freq.phase_b1.compact_episode_audits.v1,3002,C,60.0,derated,20.0
P_old,True,sluggish,False,0.2824033459924298,1.0,113.66678581436075,phase-b1::final::sg-C::S3_derated_coincident::P_old::seed-003003,S3_derated_coincident,d5freq.phase_b1.compact_episode_audits.v1,3003,C,60.0,derated,2.0
P_old,True,sluggish,False,0.25160290468845287,1.0,135.00995818431025,phase-b1::final::sg-C::S3_derated_coincident::P_old::seed-003003,S3_derated_coincident,d5freq.phase_b1.compact_episode_audits.v1,3003,C,60.0,derated,5.0
P_old,True,sluggish,False,0.24280914416527474,1.0,138.59163318819134,phase-b1::final::sg-C::S3_derated_coincident::P_old::seed-003003,S3_derated_coincident,d5freq.phase_b1.compact_episode_audits.v1,3003,C,60.0,derated,10.0
P_old,True,sluggish,False,0.2365696228194177,1.0,121.4439169841391,phase-b1::final::sg-C::S3_derated_coincident::P_old::seed-003003,S3_derated_coincident,d5freq.phase_b1.compact_episode_audits.v1,3003,C,60.0,derated,20.0
P_old,True,sluggish,False,0.2589918698009343,1.0,131.61722909449892,phase-b1::final::sg-C::S3_derated_coincident::P_old::seed-003004,S3_derated_coincident,d5freq.phase_b1.compact_episode_audits.v1,3004,C,60.0,derated,2.0
P_old,True,sluggish,False,0.24222952734086994,1.0,147.46593256216556,phase-b1::final::sg-C::S3_derated_coincident::P_old::seed-003004,S3_derated_coincident,d5freq.phase_b1.compact_episode_audits.v1,3004,C,60.0,derated,5.0
P_old,True,sluggish,False,0.23572401248219274,1.0,135.17113383741903,phase-b1::final::sg-C::S3_derated_coincident::P_old::seed-003004,S3_derated_coincident,d5freq.phase_b1.compact_episode_audits.v1,3004,C,60.0,derated,10.0
P_old,True,sluggish,False,0.2334972424377754,1.0,119.76474051345375,phase-b1::final::sg-C::S3_derated_coincident::P_old::seed-003004,S3_derated_coincident,d5freq.phase_b1.compact_episode_audits.v1,3004,C,60.0,derated,20.0
P_old,True,sluggish,False,0.2544791229800979,1.0,133.7872642440851,phase-b1::final::sg-C::S3_derated_coincident::P_old::seed-003005,S3_derated_coincident,d5freq.phase_b1.compact_episode_audits.v1,3005,C,60.0,derated,2.0
P_old,True,sluggish,False,0.24041403018383742,1.0,148.40077916686516,phase-b1::final::sg-C::S3_derated_coincident::P_old::seed-003005,S3_derated_coincident,d5freq.phase_b1.compact_episode_audits.v1,3005,C,60.0,derated,5.0
P_old,True,sluggish,False,0.23481644935168927,1.0,136.08407321544803,phase-b1::final::sg-C::S3_derated_coincident::P_old::seed-003005,S3_derated_coincident,d5freq.phase_b1.compact_episode_audits.v1,3005,C,60.0,derated,10.0
P_old,True,sluggish,False,0.2328050895898044,1.0,118.44710405139422,phase-b1::final::sg-C::S3_derated_coincident::P_old::seed-003005,S3_derated_coincident,d5freq.phase_b1.compact_episode_audits.v1,3005,C,60.0,derated,20.0
P_old,True,sluggish,False,0.25945968444692163,1.0,125.86814791823623,phase-b1::final::sg-C::S3_derated_coincident::P_old::seed-003006,S3_derated_coincident,d5freq.phase_b1.compact_episode_audits.v1,3006,C,60.0,derated,2.0
P_old,True,sluggish,False,0.24243404970673915,1.0,141.61019217962078,phase-b1::final::sg-C::S3_derated_coincident::P_old::seed-003006,S3_derated_coincident,d5freq.phase_b1.compact_episode_audits.v1,3006,C,60.0,derated,5.0
P_old,True,sluggish,False,0.23582620444588648,1.0,129.32608677462486,phase-b1::final::sg-C::S3_derated_coincident::P_old::seed-003006,S3_derated_coincident,d5freq.phase_b1.compact_episode_audits.v1,3006,C,60.0,derated,10.0
P_old,True,sluggish,False,0.23347655918381002,1.0,112.89166890449806,phase-b1::final::sg-C::S3_derated_coincident::P_old::seed-003006,S3_derated_coincident,d5freq.phase_b1.compact_episode_audits.v1,3006,C,60.0,derated,20.0
P_old,True,sluggish,False,0.3152810490506196,1.0,125.15067323693981,phase-b1::final::sg-C::S3_derated_coincident::P_old::seed-003007,S3_derated_coincident,d5freq.phase_b1.compact_episode_audits.v1,3007,C,60.0,derated,2.0
P_old,True,sluggish,False,0.2641439484970348,1.0,145.28294936319264,phase-b1::final::sg-C::S3_derated_coincident::P_old::seed-003007,S3_derated_coincident,d5freq.phase_b1.compact_episode_audits.v1,3007,C,60.0,derated,5.0
P_old,True,sluggish,False,0.24866586478974514,1.0,145.6362250525151,phase-b1::final::sg-C::S3_derated_coincident::P_old::seed-003007,S3_derated_coincident,d5freq.phase_b1.compact_episode_audits.v1,3007,C,60.0,derated,10.0
P_old,True,sluggish,False,0.24110519742134845,1.0,149.47789704002588,phase-b1::final::sg-C::S3_derated_coincident::P_old::seed-003007,S3_derated_coincident,d5freq.phase_b1.compact_episode_audits.v1,3007,C,60.0,derated,20.0
P_old,True,sluggish,False,0.2595179231989166,1.0,131.47885139719153,phase-b1::final::sg-C::S3_derated_coincident::P_old::seed-003008,S3_derated_coincident,d5freq.phase_b1.compact_episode_audits.v1,3008,C,60.0,derated,2.0
P_old,True,sluggish,False,0.24242272261694806,1.0,147.18142463531615,phase-b1::final::sg-C::S3_derated_coincident::P_old::seed-003008,S3_derated_coincident,d5freq.phase_b1.compact_episode_audits.v1,3008,C,60.0,derated,5.0
P_old,True,sluggish,False,0.2393096809676821,1.0,164.75101222479543,phase-b1::final::sg-C::S3_derated_coincident::P_old::seed-003008,S3_derated_coincident,d5freq.phase_b1.compact_episode_audits.v1,3008,C,60.0,derated,10.0
P_old,True,sluggish,False,0.2410546981866739,1.0,211.69051195262622,phase-b1::final::sg-C::S3_derated_coincident::P_old::seed-003008,S3_derated_coincident,d5freq.phase_b1.compact_episode_audits.v1,3008,C,60.0,derated,20.0
P_old,True,nominal,False,0.481220933789393,1.0,164.95060398207596,phase-b1::final::sg-C::S3_derated_coincident::P_old::seed-003009,S3_derated_coincident,d5freq.phase_b1.compact_episode_audits.v1,3009,C,60.0,derated,2.0
P_old,True,sluggish,False,0.3438011963745201,1.0,230.42754622057916,phase-b1::final::sg-C::S3_derated_coincident::P_old::seed-003009,S3_derated_coincident,d5freq.phase_b1.compact_episode_audits.v1,3009,C,60.0,derated,5.0
P_old,True,sluggish,False,0.32422546049088485,1.0,295.8026706065981,phase-b1::final::sg-C::S3_derated_coincident::P_old::seed-003009,S3_derated_coincident,d5freq.phase_b1.compact_episode_audits.v1,3009,C,60.0,derated,10.0
P_old,True,sluggish,False,0.27724552008501036,1.0,295.05861768523937,phase-b1::final::sg-C::S3_derated_coincident::P_old::seed-003009,S3_derated_coincident,d5freq.phase_b1.compact_episode_audits.v1,3009,C,60.0,derated,20.0
P_old,True,sluggish,False,0.42381540182597044,1.0,193.94661244888536,phase-b1::final::sg-C::S3_derated_coincident::P_old::seed-003010,S3_derated_coincident,d5freq.phase_b1.compact_episode_audits.v1,3010,C,60.0,derated,2.0
P_old,True,sluggish,False,0.4457140638307955,1.0,537.6362799253126,phase-b1::final::sg-C::S3_derated_coincident::P_old::seed-003010,S3_derated_coincident,d5freq.phase_b1.compact_episode_audits.v1,3010,C,60.0,derated,5.0
P_old,True,sluggish,False,0.3570449759811101,1.0,587.6421957251122,phase-b1::final::sg-C::S3_derated_coincident::P_old::seed-003010,S3_derated_coincident,d5freq.phase_b1.compact_episode_audits.v1,3010,C,60.0,derated,10.0
P_old,True,sluggish,False,0.29720642692152865,1.0,648.1719217586824,phase-b1::final::sg-C::S3_derated_coincident::P_old::seed-003010,S3_derated_coincident,d5freq.phase_b1.compact_episode_audits.v1,3010,C,60.0,derated,20.0
P_old,True,nominal,False,0.5658406049118916,1.0,127.24017305354583,phase-b1::final::sg-C::S3_derated_coincident::P_old::seed-003011,S3_derated_coincident,d5freq.phase_b1.compact_episode_audits.v1,3011,C,60.0,derated,2.0
P_old,True,sluggish,False,0.32444939982327814,1.0,206.12931198518626,phase-b1::final::sg-C::S3_derated_coincident::P_old::seed-003011,S3_derated_coincident,d5freq.phase_b1.compact_episode_audits.v1,3011,C,60.0,derated,5.0
P_old,True,sluggish,False,0.2787531118064934,1.0,221.0062848304038,phase-b1::final::sg-C::S3_derated_coincident::P_old::seed-003011,S3_derated_coincident,d5freq.phase_b1.compact_episode_audits.v1,3011,C,60.0,derated,10.0
P_old,True,sluggish,False,0.2556485947184294,1.0,256.8950693785025,phase-b1::final::sg-C::S3_derated_coincident::P_old::seed-003011,S3_derated_coincident,d5freq.phase_b1.compact_episode_audits.v1,3011,C,60.0,derated,20.0
P_old,True,sluggish,False,0.2637141745757125,1.0,125.21150531258981,phase-b1::final::sg-C::S3_derated_coincident::P_old::seed-003012,S3_derated_coincident,d5freq.phase_b1.compact_episode_audits.v1,3012,C,60.0,derated,2.0
P_old,True,sluggish,False,0.24409850377674563,1.0,141.77386178625005,phase-b1::final::sg-C::S3_derated_coincident::P_old::seed-003012,S3_derated_coincident,d5freq.phase_b1.compact_episode_audits.v1,3012,C,60.0,derated,5.0
P_old,True,sluggish,False,0.24319204225694485,1.0,182.984036141532,phase-b1::final::sg-C::S3_derated_coincident::P_old::seed-003012,S3_derated_coincident,d5freq.phase_b1.compact_episode_audits.v1,3012,C,60.0,derated,10.0
P_old,True,sluggish,False,0.25423077241779996,1.0,306.4910793184896,phase-b1::final::sg-C::S3_derated_coincident::P_old::seed-003012,S3_derated_coincident,d5freq.phase_b1.compact_episode_audits.v1,3012,C,60.0,derated,20.0
P_old,True,sluggish,False,0.26608613768614925,1.0,120.8750817508157,phase-b1::final::sg-C::S3_derated_coincident::P_old::seed-003013,S3_derated_coincident,d5freq.phase_b1.compact_episode_audits.v1,3013,C,60.0,derated,2.0
P_old,True,sluggish,False,0.24506512128368124,1.0,138.07843779103115,phase-b1::final::sg-C::S3_derated_coincident::P_old::seed-003013,S3_derated_coincident,d5freq.phase_b1.compact_episode_audits.v1,3013,C,60.0,derated,5.0
P_old,True,sluggish,False,0.23714068667100938,1.0,125.82885619341694,phase-b1::final::sg-C::S3_derated_coincident::P_old::seed-003013,S3_derated_coincident,d5freq.phase_b1.compact_episode_audits.v1,3013,C,60.0,derated,10.0
P_old,True,sluggish,False,0.2336623219342016,1.0,105.70264335531903,phase-b1::final::sg-C::S3_derated_coincident::P_old::seed-003013,S3_derated_coincident,d5freq.phase_b1.compact_episode_audits.v1,3013,C,60.0,derated,20.0
P_old,True,sluggish,False,0.2991212854199786,1.0,116.76775642845742,phase-b1::final::sg-C::S3_derated_coincident::P_old::seed-003014,S3_derated_coincident,d5freq.phase_b1.compact_episode_audits.v1,3014,C,60.0,derated,2.0
P_old,True,sluggish,False,0.2577065123313674,1.0,121.28528858025832,phase-b1::final::sg-C::S3_derated_coincident::P_old::seed-003014,S3_derated_coincident,d5freq.phase_b1.compact_episode_audits.v1,3014,C,60.0,derated,5.0
P_old,True,sluggish,False,0.24914958118591754,1.0,155.50511272126994,phase-b1::final::sg-C::S3_derated_coincident::P_old::seed-003014,S3_derated_coincident,d5freq.phase_b1.compact_episode_audits.v1,3014,C,60.0,derated,10.0
P_old,True,sluggish,False,0.24868866744877235,1.0,240.390883887751,phase-b1::final::sg-C::S3_derated_coincident::P_old::seed-003014,S3_derated_coincident,d5freq.phase_b1.compact_episode_audits.v1,3014,C,60.0,derated,20.0
P_old,True,sluggish,False,0.2656566670917523,1.0,127.46027947798345,phase-b1::final::sg-C::S3_derated_coincident::P_old::seed-003015,S3_derated_coincident,d5freq.phase_b1.compact_episode_audits.v1,3015,C,60.0,derated,2.0
P_old,True,sluggish,False,0.24488728463651427,1.0,144.79627530063163,phase-b1::final::sg-C::S3_derated_coincident::P_old::seed-003015,S3_derated_coincident,d5freq.phase_b1.compact_episode_audits.v1,3015,C,60.0,derated,5.0
P_old,True,sluggish,False,0.23705256262952434,1.0,132.51556373109966,phase-b1::final::sg-C::S3_derated_coincident::P_old::seed-003015,S3_derated_coincident,d5freq.phase_b1.compact_episode_audits.v1,3015,C,60.0,derated,10.0
P_old,True,sluggish,False,0.23348863449128623,1.0,110.88162715978683,phase-b1::final::sg-C::S3_derated_coincident::P_old::seed-003015,S3_derated_coincident,d5freq.phase_b1.compact_episode_audits.v1,3015,C,60.0,derated,20.0
P_old,True,sluggish,False,0.2914551700566671,1.0,111.5108947611629,phase-b1::final::sg-C::S3_derated_coincident::P_old::seed-003016,S3_derated_coincident,d5freq.phase_b1.compact_episode_audits.v1,3016,C,60.0,derated,2.0
P_old,True,sluggish,False,0.25460608900297077,1.0,114.30475578360799,phase-b1::final::sg-C::S3_derated_coincident::P_old::seed-003016,S3_derated_coincident,d5freq.phase_b1.compact_episode_audits.v1,3016,C,60.0,derated,5.0
P_old,True,sluggish,False,0.24716661043709545,1.0,144.65367063572756,phase-b1::final::sg-C::S3_derated_coincident::P_old::seed-003016,S3_derated_coincident,d5freq.phase_b1.compact_episode_audits.v1,3016,C,60.0,derated,10.0
P_old,True,sluggish,False,0.24229959735882378,1.0,174.23444165382494,phase-b1::final::sg-C::S3_derated_coincident::P_old::seed-003016,S3_derated_coincident,d5freq.phase_b1.compact_episode_audits.v1,3016,C,60.0,derated,20.0
P_old,True,sluggish,False,0.2543304169208612,1.0,128.45058466208567,phase-b1::final::sg-C::S3_derated_coincident::P_old::seed-003017,S3_derated_coincident,d5freq.phase_b1.compact_episode_audits.v1,3017,C,60.0,derated,2.0
P_old,True,sluggish,False,0.24036047830055923,1.0,142.70377538343394,phase-b1::final::sg-C::S3_derated_coincident::P_old::seed-003017,S3_derated_coincident,d5freq.phase_b1.compact_episode_audits.v1,3017,C,60.0,derated,5.0
P_old,True,sluggish,False,0.2483261886869633,1.0,201.5047070191314,phase-b1::final::sg-C::S3_derated_coincident::P_old::seed-003017,S3_derated_coincident,d5freq.phase_b1.compact_episode_audits.v1,3017,C,60.0,derated,10.0
P_old,True,sluggish,False,0.2445942984481669,1.0,243.43350547999108,phase-b1::final::sg-C::S3_derated_coincident::P_old::seed-003017,S3_derated_coincident,d5freq.phase_b1.compact_episode_audits.v1,3017,C,60.0,derated,20.0
P_old,True,sluggish,False,0.38714866616995225,1.0,186.9601239078681,phase-b1::final::sg-C::S3_derated_coincident::P_old::seed-003018,S3_derated_coincident,d5freq.phase_b1.compact_episode_audits.v1,3018,C,60.0,derated,2.0
P_old,True,sluggish,False,0.39974963743461145,1.0,485.28727808761744,phase-b1::final::sg-C::S3_derated_coincident::P_old::seed-003018,S3_derated_coincident,d5freq.phase_b1.compact_episode_audits.v1,3018,C,60.0,derated,5.0
P_old,True,sluggish,False,0.33213351169645106,1.0,506.0452045191423,phase-b1::final::sg-C::S3_derated_coincident::P_old::seed-003018,S3_derated_coincident,d5freq.phase_b1.compact_episode_audits.v1,3018,C,60.0,derated,10.0
P_old,True,sluggish,False,0.28240323426652386,1.0,542.8625495611815,phase-b1::final::sg-C::S3_derated_coincident::P_old::seed-003018,S3_derated_coincident,d5freq.phase_b1.compact_episode_audits.v1,3018,C,60.0,derated,20.0
P_old,True,sluggish,False,0.2620855761802979,1.0,122.82688679792665,phase-b1::final::sg-C::S3_derated_coincident::P_old::seed-003019,S3_derated_coincident,d5freq.phase_b1.compact_episode_audits.v1,3019,C,60.0,derated,2.0
P_old,True,sluggish,False,0.24347681836973117,1.0,139.28456420114722,phase-b1::final::sg-C::S3_derated_coincident::P_old::seed-003019,S3_derated_coincident,d5freq.phase_b1.compact_episode_audits.v1,3019,C,60.0,derated,5.0
P_old,True,sluggish,False,0.23738194843597876,1.0,133.65467624529657,phase-b1::final::sg-C::S3_derated_coincident::P_old::seed-003019,S3_derated_coincident,d5freq.phase_b1.compact_episode_audits.v1,3019,C,60.0,derated,10.0
P_old,True,sluggish,False,0.23450191408618526,1.0,121.37033765282165,phase-b1::final::sg-C::S3_derated_coincident::P_old::seed-003019,S3_derated_coincident,d5freq.phase_b1.compact_episode_audits.v1,3019,C,60.0,derated,20.0
P_old,True,sluggish,False,0.2576239914718315,1.0,131.8690299383672,phase-b1::final::sg-C::S3_derated_coincident::P_old::seed-003020,S3_derated_coincident,d5freq.phase_b1.compact_episode_audits.v1,3020,C,60.0,derated,2.0
P_old,True,sluggish,False,0.24168504804878338,1.0,147.43502468047618,phase-b1::final::sg-C::S3_derated_coincident::P_old::seed-003020,S3_derated_coincident,d5freq.phase_b1.compact_episode_audits.v1,3020,C,60.0,derated,5.0
P_old,True,sluggish,False,0.23545101787109882,1.0,135.15991390460798,phase-b1::final::sg-C::S3_derated_coincident::P_old::seed-003020,S3_derated_coincident,d5freq.phase_b1.compact_episode_audits.v1,3020,C,60.0,derated,10.0
P_old,True,sluggish,False,0.23292191597248832,1.0,115.79500157684981,phase-b1::final::sg-C::S3_derated_coincident::P_old::seed-003020,S3_derated_coincident,d5freq.phase_b1.compact_episode_audits.v1,3020,C,60.0,derated,20.0
P_old,True,sluggish,False,0.2716675068181381,1.0,117.84552007125357,phase-b1::final::sg-C::S3_derated_coincident::P_old::seed-003021,S3_derated_coincident,d5freq.phase_b1.compact_episode_audits.v1,3021,C,60.0,derated,2.0
P_old,True,sluggish,False,0.24729924361137084,1.0,136.3271931653035,phase-b1::final::sg-C::S3_derated_coincident::P_old::seed-003021,S3_derated_coincident,d5freq.phase_b1.compact_episode_audits.v1,3021,C,60.0,derated,5.0
P_old,True,sluggish,False,0.2482376165666028,1.0,186.3136802229896,phase-b1::final::sg-C::S3_derated_coincident::P_old::seed-003021,S3_derated_coincident,d5freq.phase_b1.compact_episode_audits.v1,3021,C,60.0,derated,10.0
P_old,True,sluggish,False,0.2465831942408577,1.0,250.53050629986996,phase-b1::final::sg-C::S3_derated_coincident::P_old::seed-003021,S3_derated_coincident,d5freq.phase_b1.compact_episode_audits.v1,3021,C,60.0,derated,20.0
P_old,True,nominal,False,0.37885670180601805,1.0,126.65943680046375,phase-b1::final::sg-C::S3_derated_coincident::P_old::seed-003022,S3_derated_coincident,d5freq.phase_b1.compact_episode_audits.v1,3022,C,60.0,derated,2.0
P_old,True,sluggish,False,0.47794836847064975,1.0,337.34312293311444,phase-b1::final::sg-C::S3_derated_coincident::P_old::seed-003022,S3_derated_coincident,d5freq.phase_b1.compact_episode_audits.v1,3022,C,60.0,derated,5.0
P_old,True,sluggish,False,0.35422628790134303,1.0,345.0480956445956,phase-b1::final::sg-C::S3_derated_coincident::P_old::seed-003022,S3_derated_coincident,d5freq.phase_b1.compact_episode_audits.v1,3022,C,60.0,derated,10.0
P_old,True,sluggish,False,0.2921721543694676,1.0,324.8994179679953,phase-b1::final::sg-C::S3_derated_coincident::P_old::seed-003022,S3_derated_coincident,d5freq.phase_b1.compact_episode_audits.v1,3022,C,60.0,derated,20.0
P_old,True,sluggish,False,0.26196766782990605,1.0,126.10968779606434,phase-b1::final::sg-C::S3_derated_coincident::P_old::seed-003023,S3_derated_coincident,d5freq.phase_b1.compact_episode_audits.v1,3023,C,60.0,derated,2.0
P_old,True,sluggish,False,0.2433888136311809,1.0,142.14768850861444,phase-b1::final::sg-C::S3_derated_coincident::P_old::seed-003023,S3_derated_coincident,d5freq.phase_b1.compact_episode_audits.v1,3023,C,60.0,derated,5.0
P_old,True,sluggish,False,0.2363015773068486,1.0,129.8953405773431,phase-b1::final::sg-C::S3_derated_coincident::P_old::seed-003023,S3_derated_coincident,d5freq.phase_b1.compact_episode_audits.v1,3023,C,60.0,derated,10.0
P_old,True,sluggish,False,0.23394860265941028,1.0,117.36903268430592,phase-b1::final::sg-C::S3_derated_coincident::P_old::seed-003023,S3_derated_coincident,d5freq.phase_b1.compact_episode_audits.v1,3023,C,60.0,derated,20.0
P_old,True,sluggish,False,0.2644770680479863,1.0,129.02564480529833,phase-b1::final::sg-C::S3_derated_coincident::P_old::seed-003024,S3_derated_coincident,d5freq.phase_b1.compact_episode_audits.v1,3024,C,60.0,derated,2.0
P_old,True,sluggish,False,0.2947348698660466,1.0,199.91298894751992,phase-b1::final::sg-C::S3_derated_coincident::P_old::seed-003024,S3_derated_coincident,d5freq.phase_b1.compact_episode_audits.v1,3024,C,60.0,derated,5.0
P_old,True,sluggish,False,0.26578341727661436,1.0,215.43921633347495,phase-b1::final::sg-C::S3_derated_coincident::P_old::seed-003024,S3_derated_coincident,d5freq.phase_b1.compact_episode_audits.v1,3024,C,60.0,derated,10.0
P_old,True,sluggish,False,0.2657017447907948,1.0,272.9088585651091,phase-b1::final::sg-C::S3_derated_coincident::P_old::seed-003024,S3_derated_coincident,d5freq.phase_b1.compact_episode_audits.v1,3024,C,60.0,derated,20.0
P_old,True,nominal,False,0.36938545017639135,1.0,105.66415573384663,phase-b1::final::sg-C::S3_derated_coincident::P_old::seed-003025,S3_derated_coincident,d5freq.phase_b1.compact_episode_audits.v1,3025,C,60.0,derated,2.0
P_old,True,sluggish,False,0.38856196424705575,1.0,318.6689392424952,phase-b1::final::sg-C::S3_derated_coincident::P_old::seed-003025,S3_derated_coincident,d5freq.phase_b1.compact_episode_audits.v1,3025,C,60.0,derated,5.0
P_old,True,sluggish,False,0.334647593928224,1.0,347.298642105793,phase-b1::final::sg-C::S3_derated_coincident::P_old::seed-003025,S3_derated_coincident,d5freq.phase_b1.compact_episode_audits.v1,3025,C,60.0,derated,10.0
P_old,True,sluggish,False,0.3024691835847112,1.0,441.41716568363796,phase-b1::final::sg-C::S3_derated_coincident::P_old::seed-003025,S3_derated_coincident,d5freq.phase_b1.compact_episode_audits.v1,3025,C,60.0,derated,20.0
P_old,True,sluggish,False,0.24632461207897483,1.0,142.15533918435202,phase-b1::final::sg-C::S3_derated_coincident::P_old::seed-003026,S3_derated_coincident,d5freq.phase_b1.compact_episode_audits.v1,3026,C,60.0,derated,2.0
P_old,True,sluggish,False,0.23716009580815647,1.0,155.49419268501475,phase-b1::final::sg-C::S3_derated_coincident::P_old::seed-003026,S3_derated_coincident,d5freq.phase_b1.compact_episode_audits.v1,3026,C,60.0,derated,5.0
P_old,True,sluggish,False,0.2331899084134516,1.0,143.15454827874004,phase-b1::final::sg-C::S3_derated_coincident::P_old::seed-003026,S3_derated_coincident,d5freq.phase_b1.compact_episode_audits.v1,3026,C,60.0,derated,10.0
P_old,True,sluggish,False,0.23191477901721808,1.0,124.71885484775912,phase-b1::final::sg-C::S3_derated_coincident::P_old::seed-003026,S3_derated_coincident,d5freq.phase_b1.compact_episode_audits.v1,3026,C,60.0,derated,20.0
P_old,True,sluggish,False,0.26327475637904524,1.0,121.83482885880716,phase-b1::final::sg-C::S3_derated_coincident::P_old::seed-003027,S3_derated_coincident,d5freq.phase_b1.compact_episode_audits.v1,3027,C,60.0,derated,2.0
P_old,True,sluggish,False,0.45366280690855376,1.0,345.5318088042098,phase-b1::final::sg-C::S3_derated_coincident::P_old::seed-003027,S3_derated_coincident,d5freq.phase_b1.compact_episode_audits.v1,3027,C,60.0,derated,5.0
P_old,True,sluggish,False,0.34210495720373774,1.0,354.172824610082,phase-b1::final::sg-C::S3_derated_coincident::P_old::seed-003027,S3_derated_coincident,d5freq.phase_b1.compact_episode_audits.v1,3027,C,60.0,derated,10.0
P_old,True,sluggish,False,0.28617039043453935,1.0,333.026292745517,phase-b1::final::sg-C::S3_derated_coincident::P_old::seed-003027,S3_derated_coincident,d5freq.phase_b1.compact_episode_audits.v1,3027,C,60.0,derated,20.0
P_old,True,sluggish,False,0.26527193346180017,1.0,125.66907423117127,phase-b1::final::sg-C::S3_derated_coincident::P_old::seed-003028,S3_derated_coincident,d5freq.phase_b1.compact_episode_audits.v1,3028,C,60.0,derated,2.0
P_old,True,sluggish,False,0.24472822836056046,1.0,142.7368426257791,phase-b1::final::sg-C::S3_derated_coincident::P_old::seed-003028,S3_derated_coincident,d5freq.phase_b1.compact_episode_audits.v1,3028,C,60.0,derated,5.0
P_old,True,sluggish,False,0.23977839831926318,1.0,153.5949183718095,phase-b1::final::sg-C::S3_derated_coincident::P_old::seed-003028,S3_derated_coincident,d5freq.phase_b1.compact_episode_audits.v1,3028,C,60.0,derated,10.0
P_old,True,sluggish,False,0.23535178406923932,1.0,140.51042518161196,phase-b1::final::sg-C::S3_derated_coincident::P_old::seed-003028,S3_derated_coincident,d5freq.phase_b1.compact_episode_audits.v1,3028,C,60.0,derated,20.0
P_old,True,nominal,False,0.5232293001178009,1.0,149.2167446792133,phase-b1::final::sg-C::S3_derated_coincident::P_old::seed-003029,S3_derated_coincident,d5freq.phase_b1.compact_episode_audits.v1,3029,C,60.0,derated,2.0
P_old,True,sluggish,False,0.31725722624652253,1.0,203.04061564458945,phase-b1::final::sg-C::S3_derated_coincident::P_old::seed-003029,S3_derated_coincident,d5freq.phase_b1.compact_episode_audits.v1,3029,C,60.0,derated,5.0
P_old,True,sluggish,False,0.2765913867522432,1.0,217.3503700450602,phase-b1::final::sg-C::S3_derated_coincident::P_old::seed-003029,S3_derated_coincident,d5freq.phase_b1.compact_episode_audits.v1,3029,C,60.0,derated,10.0
P_old,True,sluggish,False,0.27613763418462955,1.0,316.9351510842013,phase-b1::final::sg-C::S3_derated_coincident::P_old::seed-003029,S3_derated_coincident,d5freq.phase_b1.compact_episode_audits.v1,3029,C,60.0,derated,20.0
P_old,True,derated,False,0.3371842293296621,0.9989142117328528,6.824362664228854,phase-b1::final::sg-A::S4_unavailable_coincident::P_old::seed-003000,S4_unavailable_coincident,d5freq.phase_b1.compact_episode_audits.v1,3000,A,60.0,unavailable,2.0
P_old,True,derated,False,0.33852699458064334,0.9999999753391354,17.518048258232547,phase-b1::final::sg-A::S4_unavailable_coincident::P_old::seed-003000,S4_unavailable_coincident,d5freq.phase_b1.compact_episode_audits.v1,3000,A,60.0,unavailable,5.0
P_old,True,derated,False,0.3251851392350311,0.9999999999999982,33.939885176168886,phase-b1::final::sg-A::S4_unavailable_coincident::P_old::seed-003000,S4_unavailable_coincident,d5freq.phase_b1.compact_episode_audits.v1,3000,A,60.0,unavailable,10.0
P_old,True,derated,False,0.31758504215772915,1.0,66.79950214574828,phase-b1::final::sg-A::S4_unavailable_coincident::P_old::seed-003000,S4_unavailable_coincident,d5freq.phase_b1.compact_episode_audits.v1,3000,A,60.0,unavailable,20.0
P_old,True,derated,False,0.36208970344837005,0.9993742386902102,7.375915596882418,phase-b1::final::sg-A::S4_unavailable_coincident::P_old::seed-003001,S4_unavailable_coincident,d5freq.phase_b1.compact_episode_audits.v1,3001,A,60.0,unavailable,2.0
P_old,True,derated,False,0.3410978403898382,0.9999999788461142,17.67144220521901,phase-b1::final::sg-A::S4_unavailable_coincident::P_old::seed-003001,S4_unavailable_coincident,d5freq.phase_b1.compact_episode_audits.v1,3001,A,60.0,unavailable,5.0
P_old,True,derated,False,0.32605559723444777,0.9999999999999984,34.095648279622054,phase-b1::final::sg-A::S4_unavailable_coincident::P_old::seed-003001,S4_unavailable_coincident,d5freq.phase_b1.compact_episode_audits.v1,3001,A,60.0,unavailable,10.0
P_old,True,derated,False,0.3283348580355465,1.0,68.25022726714258,phase-b1::final::sg-A::S4_unavailable_coincident::P_old::seed-003001,S4_unavailable_coincident,d5freq.phase_b1.compact_episode_audits.v1,3001,A,60.0,unavailable,20.0
P_old,True,derated,False,0.3475133513886306,0.9987079446542063,6.650228165356637,phase-b1::final::sg-A::S4_unavailable_coincident::P_old::seed-003002,S4_unavailable_coincident,d5freq.phase_b1.compact_episode_audits.v1,3002,A,60.0,unavailable,2.0
P_old,True,derated,False,0.33257239160019597,0.9999999469578095,16.752178141891093,phase-b1::final::sg-A::S4_unavailable_coincident::P_old::seed-003002,S4_unavailable_coincident,d5freq.phase_b1.compact_episode_audits.v1,3002,A,60.0,unavailable,5.0
P_old,True,derated,False,0.3216885020374115,0.999999999999996,33.17869072316323,phase-b1::final::sg-A::S4_unavailable_coincident::P_old::seed-003002,S4_unavailable_coincident,d5freq.phase_b1.compact_episode_audits.v1,3002,A,60.0,unavailable,10.0
P_old,True,sluggish,False,0.17255611847930213,1.0,62.227615114732714,phase-b1::final::sg-A::S4_unavailable_coincident::P_old::seed-003002,S4_unavailable_coincident,d5freq.phase_b1.compact_episode_audits.v1,3002,A,60.0,unavailable,20.0
P_old,True,derated,False,0.4076986942091329,0.9997880006074674,8.458916869965151,phase-b1::final::sg-A::S4_unavailable_coincident::P_old::seed-003003,S4_unavailable_coincident,d5freq.phase_b1.compact_episode_audits.v1,3003,A,60.0,unavailable,2.0
P_old,True,derated,False,0.3537704484935701,0.9999999902700857,18.448060743180456,phase-b1::final::sg-A::S4_unavailable_coincident::P_old::seed-003003,S4_unavailable_coincident,d5freq.phase_b1.compact_episode_audits.v1,3003,A,60.0,unavailable,5.0
P_old,True,derated,False,0.3325133944234272,0.9999999999999993,34.89994810775934,phase-b1::final::sg-A::S4_unavailable_coincident::P_old::seed-003003,S4_unavailable_coincident,d5freq.phase_b1.compact_episode_audits.v1,3003,A,60.0,unavailable,10.0
P_old,True,sluggish,False,0.16926059559389897,1.0,60.89931546208598,phase-b1::final::sg-A::S4_unavailable_coincident::P_old::seed-003003,S4_unavailable_coincident,d5freq.phase_b1.compact_episode_audits.v1,3003,A,60.0,unavailable,20.0
P_old,True,derated,False,0.3594788171940537,0.9992255501316968,7.162582880103255,phase-b1::final::sg-A::S4_unavailable_coincident::P_old::seed-003004,S4_unavailable_coincident,d5freq.phase_b1.compact_episode_audits.v1,3004,A,60.0,unavailable,2.0
P_old,True,derated,False,0.3363182895210519,0.9999999691697979,17.29477100550139,phase-b1::final::sg-A::S4_unavailable_coincident::P_old::seed-003004,S4_unavailable_coincident,d5freq.phase_b1.compact_episode_audits.v1,3004,A,60.0,unavailable,5.0
P_old,True,derated,False,0.3236531083828806,0.9999999999999978,33.72421501984937,phase-b1::final::sg-A::S4_unavailable_coincident::P_old::seed-003004,S4_unavailable_coincident,d5freq.phase_b1.compact_episode_audits.v1,3004,A,60.0,unavailable,10.0
P_old,True,derated,False,0.31663188694751054,1.0,66.53593924439119,phase-b1::final::sg-A::S4_unavailable_coincident::P_old::seed-003004,S4_unavailable_coincident,d5freq.phase_b1.compact_episode_audits.v1,3004,A,60.0,unavailable,20.0
P_old,True,derated,False,0.3971097760055494,0.9997895289111278,8.466048478407483,phase-b1::final::sg-A::S4_unavailable_coincident::P_old::seed-003005,S4_unavailable_coincident,d5freq.phase_b1.compact_episode_audits.v1,3005,A,60.0,unavailable,2.0
P_old,True,derated,False,0.383955577731934,0.9999999980502743,20.06300234311017,phase-b1::final::sg-A::S4_unavailable_coincident::P_old::seed-003005,S4_unavailable_coincident,d5freq.phase_b1.compact_episode_audits.v1,3005,A,60.0,unavailable,5.0
P_old,True,sluggish,False,0.19868100531002547,0.9999999999999913,32.40429516431472,phase-b1::final::sg-A::S4_unavailable_coincident::P_old::seed-003005,S4_unavailable_coincident,d5freq.phase_b1.compact_episode_audits.v1,3005,A,60.0,unavailable,10.0
P_old,True,sluggish,False,0.13906653182360193,1.0,43.434724279417594,phase-b1::final::sg-A::S4_unavailable_coincident::P_old::seed-003005,S4_unavailable_coincident,d5freq.phase_b1.compact_episode_audits.v1,3005,A,60.0,unavailable,20.0
P_old,True,derated,False,0.3642296821801745,0.9993265883185577,7.3024800676071635,phase-b1::final::sg-A::S4_unavailable_coincident::P_old::seed-003006,S4_unavailable_coincident,d5freq.phase_b1.compact_episode_audits.v1,3006,A,60.0,unavailable,2.0
P_old,True,derated,False,0.33725930793361225,0.9999999710119443,17.356381936195888,phase-b1::final::sg-A::S4_unavailable_coincident::P_old::seed-003006,S4_unavailable_coincident,d5freq.phase_b1.compact_episode_audits.v1,3006,A,60.0,unavailable,5.0
P_old,True,derated,False,0.3237972848676659,0.9999999999999978,33.77444333009129,phase-b1::final::sg-A::S4_unavailable_coincident::P_old::seed-003006,S4_unavailable_coincident,d5freq.phase_b1.compact_episode_audits.v1,3006,A,60.0,unavailable,10.0
P_old,True,derated,False,0.31649918301102603,1.0,66.55001594921237,phase-b1::final::sg-A::S4_unavailable_coincident::P_old::seed-003006,S4_unavailable_coincident,d5freq.phase_b1.compact_episode_audits.v1,3006,A,60.0,unavailable,20.0
P_old,True,derated,False,0.3401643114909603,0.9989592088519518,6.866773859136764,phase-b1::final::sg-A::S4_unavailable_coincident::P_old::seed-003007,S4_unavailable_coincident,d5freq.phase_b1.compact_episode_audits.v1,3007,A,60.0,unavailable,2.0
P_old,True,derated,False,0.3852929227731011,0.9999999980652934,20.063310588941206,phase-b1::final::sg-A::S4_unavailable_coincident::P_old::seed-003007,S4_unavailable_coincident,d5freq.phase_b1.compact_episode_audits.v1,3007,A,60.0,unavailable,5.0
P_old,True,derated,False,0.34772888487437076,0.9999999999999998,36.49905447415581,phase-b1::final::sg-A::S4_unavailable_coincident::P_old::seed-003007,S4_unavailable_coincident,d5freq.phase_b1.compact_episode_audits.v1,3007,A,60.0,unavailable,10.0
P_old,True,sluggish,False,0.16996981707597122,1.0,59.41084762165215,phase-b1::final::sg-A::S4_unavailable_coincident::P_old::seed-003007,S4_unavailable_coincident,d5freq.phase_b1.compact_episode_audits.v1,3007,A,60.0,unavailable,20.0
P_old,True,derated,False,0.3903261820084147,0.9997235302650683,8.193269048092766,phase-b1::final::sg-A::S4_unavailable_coincident::P_old::seed-003008,S4_unavailable_coincident,d5freq.phase_b1.compact_episode_audits.v1,3008,A,60.0,unavailable,2.0
P_old,True,derated,False,0.44141974641861015,0.9999999999955977,26.14889036108689,phase-b1::final::sg-A::S4_unavailable_coincident::P_old::seed-003008,S4_unavailable_coincident,d5freq.phase_b1.compact_episode_audits.v1,3008,A,60.0,unavailable,5.0
P_old,True,derated,False,0.3760711180163082,1.0,42.47212211199158,phase-b1::final::sg-A::S4_unavailable_coincident::P_old::seed-003008,S4_unavailable_coincident,d5freq.phase_b1.compact_episode_audits.v1,3008,A,60.0,unavailable,10.0
P_old,True,derated,False,0.342791142334044,1.0,75.26960490391355,phase-b1::final::sg-A::S4_unavailable_coincident::P_old::seed-003008,S4_unavailable_coincident,d5freq.phase_b1.compact_episode_audits.v1,3008,A,60.0,unavailable,20.0
P_old,True,derated,False,0.3529408179643273,0.9991373638845553,7.05465459972606,phase-b1::final::sg-A::S4_unavailable_coincident::P_old::seed-003009,S4_unavailable_coincident,d5freq.phase_b1.compact_episode_audits.v1,3009,A,60.0,unavailable,2.0
P_old,True,derated,False,0.33344494562490523,0.9999999639936243,17.13956977584224,phase-b1::final::sg-A::S4_unavailable_coincident::P_old::seed-003009,S4_unavailable_coincident,d5freq.phase_b1.compact_episode_audits.v1,3009,A,60.0,unavailable,5.0
P_old,True,derated,False,0.32224770108090434,0.9999999999999973,33.57594355053824,phase-b1::final::sg-A::S4_unavailable_coincident::P_old::seed-003009,S4_unavailable_coincident,d5freq.phase_b1.compact_episode_audits.v1,3009,A,60.0,unavailable,10.0
P_old,True,derated,False,0.3167374482815951,1.0,66.44223018710989,phase-b1::final::sg-A::S4_unavailable_coincident::P_old::seed-003009,S4_unavailable_coincident,d5freq.phase_b1.compact_episode_audits.v1,3009,A,60.0,unavailable,20.0
P_old,True,derated,False,0.3613894584203691,0.9992697420275499,7.221382180732501,phase-b1::final::sg-A::S4_unavailable_coincident::P_old::seed-003010,S4_unavailable_coincident,d5freq.phase_b1.compact_episode_audits.v1,3010,A,60.0,unavailable,2.0
P_old,True,derated,False,0.3886243570615596,0.999999999180013,20.92173279620137,phase-b1::final::sg-A::S4_unavailable_coincident::P_old::seed-003010,S4_unavailable_coincident,d5freq.phase_b1.compact_episode_audits.v1,3010,A,60.0,unavailable,5.0
P_old,True,derated,False,0.34959828571588974,1.0,37.375584018727764,phase-b1::final::sg-A::S4_unavailable_coincident::P_old::seed-003010,S4_unavailable_coincident,d5freq.phase_b1.compact_episode_audits.v1,3010,A,60.0,unavailable,10.0
P_old,True,derated,False,0.3294786677379124,1.0,70.17274301687465,phase-b1::final::sg-A::S4_unavailable_coincident::P_old::seed-003010,S4_unavailable_coincident,d5freq.phase_b1.compact_episode_audits.v1,3010,A,60.0,unavailable,20.0
P_old,True,derated,False,0.3456103544257596,0.9989426917154566,6.850971098903614,phase-b1::final::sg-A::S4_unavailable_coincident::P_old::seed-003011,S4_unavailable_coincident,d5freq.phase_b1.compact_episode_audits.v1,3011,A,60.0,unavailable,2.0
P_old,True,derated,False,0.33344156856880175,0.9999999589819489,17.009253555576457,phase-b1::final::sg-A::S4_unavailable_coincident::P_old::seed-003011,S4_unavailable_coincident,d5freq.phase_b1.compact_episode_audits.v1,3011,A,60.0,unavailable,5.0
P_old,True,derated,False,0.3222353422142274,0.9999999999999971,33.45072579360236,phase-b1::final::sg-A::S4_unavailable_coincident::P_old::seed-003011,S4_unavailable_coincident,d5freq.phase_b1.compact_episode_audits.v1,3011,A,60.0,unavailable,10.0
P_old,True,sluggish,False,0.17737776833674884,1.0,63.71839422950953,phase-b1::final::sg-A::S4_unavailable_coincident::P_old::seed-003011,S4_unavailable_coincident,d5freq.phase_b1.compact_episode_audits.v1,3011,A,60.0,unavailable,20.0
P_old,True,derated,False,0.3911714950693036,0.9997335073945679,8.230020383331329,phase-b1::final::sg-A::S4_unavailable_coincident::P_old::seed-003012,S4_unavailable_coincident,d5freq.phase_b1.compact_episode_audits.v1,3012,A,60.0,unavailable,2.0
P_old,True,derated,False,0.4285131322211854,0.9999999998602795,22.691377776313914,phase-b1::final::sg-A::S4_unavailable_coincident::P_old::seed-003012,S4_unavailable_coincident,d5freq.phase_b1.compact_episode_audits.v1,3012,A,60.0,unavailable,5.0
P_old,True,derated,False,0.3694719055391803,1.0,39.099295970066166,phase-b1::final::sg-A::S4_unavailable_coincident::P_old::seed-003012,S4_unavailable_coincident,d5freq.phase_b1.compact_episode_audits.v1,3012,A,60.0,unavailable,10.0
P_old,True,derated,False,0.33959313562022925,1.0,71.8897471385269,phase-b1::final::sg-A::S4_unavailable_coincident::P_old::seed-003012,S4_unavailable_coincident,d5freq.phase_b1.compact_episode_audits.v1,3012,A,60.0,unavailable,20.0
P_old,True,derated,False,0.35183353355793556,0.9991151273662299,7.029181576971698,phase-b1::final::sg-A::S4_unavailable_coincident::P_old::seed-003013,S4_unavailable_coincident,d5freq.phase_b1.compact_episode_audits.v1,3013,A,60.0,unavailable,2.0
P_old,True,derated,False,0.33404529473872285,0.9999999643620466,17.149854624344982,phase-b1::final::sg-A::S4_unavailable_coincident::P_old::seed-003013,S4_unavailable_coincident,d5freq.phase_b1.compact_episode_audits.v1,3013,A,60.0,unavailable,5.0
P_old,True,derated,False,0.3225165836940773,0.9999999999999973,33.583202646362295,phase-b1::final::sg-A::S4_unavailable_coincident::P_old::seed-003013,S4_unavailable_coincident,d5freq.phase_b1.compact_episode_audits.v1,3013,A,60.0,unavailable,10.0
P_old,True,derated,False,0.31595213204511535,1.0,66.3854576916431,phase-b1::final::sg-A::S4_unavailable_coincident::P_old::seed-003013,S4_unavailable_coincident,d5freq.phase_b1.compact_episode_audits.v1,3013,A,60.0,unavailable,20.0
P_old,True,derated,False,0.3579637294972612,0.9993028053237837,7.2678089417598315,phase-b1::final::sg-A::S4_unavailable_coincident::P_old::seed-003014,S4_unavailable_coincident,d5freq.phase_b1.compact_episode_audits.v1,3014,A,60.0,unavailable,2.0
P_old,True,derated,False,0.41967963365267347,0.9999999994572475,21.334554641132762,phase-b1::final::sg-A::S4_unavailable_coincident::P_old::seed-003014,S4_unavailable_coincident,d5freq.phase_b1.compact_episode_audits.v1,3014,A,60.0,unavailable,5.0
P_old,True,sluggish,False,0.21719625588442043,1.0,38.885643759698624,phase-b1::final::sg-A::S4_unavailable_coincident::P_old::seed-003014,S4_unavailable_coincident,d5freq.phase_b1.compact_episode_audits.v1,3014,A,60.0,unavailable,10.0
P_old,True,sluggish,False,0.19358357358807124,1.0,57.874640843729225,phase-b1::final::sg-A::S4_unavailable_coincident::P_old::seed-003014,S4_unavailable_coincident,d5freq.phase_b1.compact_episode_audits.v1,3014,A,60.0,unavailable,20.0
P_old,True,derated,False,0.3448678803254377,0.9990989039727078,7.011029335937668,phase-b1::final::sg-A::S4_unavailable_coincident::P_old::seed-003015,S4_unavailable_coincident,d5freq.phase_b1.compact_episode_audits.v1,3015,A,60.0,unavailable,2.0
P_old,True,derated,False,0.35757036809372594,0.9999999948844545,19.091604457326767,phase-b1::final::sg-A::S4_unavailable_coincident::P_old::seed-003015,S4_unavailable_coincident,d5freq.phase_b1.compact_episode_audits.v1,3015,A,60.0,unavailable,5.0
P_old,True,sluggish,False,0.21480264274086766,0.999999999999998,34.11036558978168,phase-b1::final::sg-A::S4_unavailable_coincident::P_old::seed-003015,S4_unavailable_coincident,d5freq.phase_b1.compact_episode_audits.v1,3015,A,60.0,unavailable,10.0
P_old,True,sluggish,False,0.17515007474570043,1.0,53.90192377037522,phase-b1::final::sg-A::S4_unavailable_coincident::P_old::seed-003015,S4_unavailable_coincident,d5freq.phase_b1.compact_episode_audits.v1,3015,A,60.0,unavailable,20.0
P_old,True,derated,False,0.3513255165926428,0.9990974322824111,7.009363864848304,phase-b1::final::sg-A::S4_unavailable_coincident::P_old::seed-003016,S4_unavailable_coincident,d5freq.phase_b1.compact_episode_audits.v1,3016,A,60.0,unavailable,2.0
P_old,True,derated,False,0.335122023987231,0.9999999644164926,17.15138354637326,phase-b1::final::sg-A::S4_unavailable_coincident::P_old::seed-003016,S4_unavailable_coincident,d5freq.phase_b1.compact_episode_audits.v1,3016,A,60.0,unavailable,5.0
P_old,True,derated,False,0.3230264855778588,0.9999999999999973,33.586292848025835,phase-b1::final::sg-A::S4_unavailable_coincident::P_old::seed-003016,S4_unavailable_coincident,d5freq.phase_b1.compact_episode_audits.v1,3016,A,60.0,unavailable,10.0
P_old,True,sluggish,False,0.17384133187916306,1.0,68.32154979489147,phase-b1::final::sg-A::S4_unavailable_coincident::P_old::seed-003016,S4_unavailable_coincident,d5freq.phase_b1.compact_episode_audits.v1,3016,A,60.0,unavailable,20.0
P_old,True,derated,False,0.35007917942652833,0.9991224625550751,7.0375130097737575,phase-b1::final::sg-A::S4_unavailable_coincident::P_old::seed-003017,S4_unavailable_coincident,d5freq.phase_b1.compact_episode_audits.v1,3017,A,60.0,unavailable,2.0
P_old,True,derated,False,0.3321330791719834,0.9999999620014114,17.085716780482755,phase-b1::final::sg-A::S4_unavailable_coincident::P_old::seed-003017,S4_unavailable_coincident,d5freq.phase_b1.compact_episode_audits.v1,3017,A,60.0,unavailable,5.0
P_old,True,derated,False,0.321453466177404,0.9999999999999973,33.51848971393254,phase-b1::final::sg-A::S4_unavailable_coincident::P_old::seed-003017,S4_unavailable_coincident,d5freq.phase_b1.compact_episode_audits.v1,3017,A,60.0,unavailable,10.0
P_old,True,derated,False,0.31546384112486897,1.0,66.28313414519076,phase-b1::final::sg-A::S4_unavailable_coincident::P_old::seed-003017,S4_unavailable_coincident,d5freq.phase_b1.compact_episode_audits.v1,3017,A,60.0,unavailable,20.0
P_old,True,derated,False,0.36848559313431184,0.9991571720154412,7.078180815125307,phase-b1::final::sg-A::S4_unavailable_coincident::P_old::seed-003018,S4_unavailable_coincident,d5freq.phase_b1.compact_episode_audits.v1,3018,A,60.0,unavailable,2.0
P_old,True,derated,False,0.3785135205681472,0.9999999959708865,19.338377169807387,phase-b1::final::sg-A::S4_unavailable_coincident::P_old::seed-003018,S4_unavailable_coincident,d5freq.phase_b1.compact_episode_audits.v1,3018,A,60.0,unavailable,5.0
P_old,True,sluggish,False,0.20977759864160878,0.9999999999999805,31.575401960243028,phase-b1::final::sg-A::S4_unavailable_coincident::P_old::seed-003018,S4_unavailable_coincident,d5freq.phase_b1.compact_episode_audits.v1,3018,A,60.0,unavailable,10.0
P_old,True,sluggish,False,0.14649061278844935,1.0,43.012089827015046,phase-b1::final::sg-A::S4_unavailable_coincident::P_old::seed-003018,S4_unavailable_coincident,d5freq.phase_b1.compact_episode_audits.v1,3018,A,60.0,unavailable,20.0
P_old,True,derated,False,0.36834836814062943,0.9991157918566603,7.029965078378339,phase-b1::final::sg-A::S4_unavailable_coincident::P_old::seed-003019,S4_unavailable_coincident,d5freq.phase_b1.compact_episode_audits.v1,3019,A,60.0,unavailable,2.0
P_old,True,derated,False,0.3700352883622252,0.9999999913183787,18.562057989980424,phase-b1::final::sg-A::S4_unavailable_coincident::P_old::seed-003019,S4_unavailable_coincident,d5freq.phase_b1.compact_episode_audits.v1,3019,A,60.0,unavailable,5.0
P_old,True,derated,False,0.340374161997641,0.9999999999999993,35.02078007197733,phase-b1::final::sg-A::S4_unavailable_coincident::P_old::seed-003019,S4_unavailable_coincident,d5freq.phase_b1.compact_episode_audits.v1,3019,A,60.0,unavailable,10.0
P_old,True,sluggish,False,0.186569580158728,1.0,58.229080638169535,phase-b1::final::sg-A::S4_unavailable_coincident::P_old::seed-003019,S4_unavailable_coincident,d5freq.phase_b1.compact_episode_audits.v1,3019,A,60.0,unavailable,20.0
P_old,True,derated,False,0.3599999084880519,0.9992237301236755,7.160233755921453,phase-b1::final::sg-A::S4_unavailable_coincident::P_old::seed-003020,S4_unavailable_coincident,d5freq.phase_b1.compact_episode_audits.v1,3020,A,60.0,unavailable,2.0
P_old,True,derated,False,0.3543943646543986,0.9999999829608887,17.887754454566867,phase-b1::final::sg-A::S4_unavailable_coincident::P_old::seed-003020,S4_unavailable_coincident,d5freq.phase_b1.compact_episode_audits.v1,3020,A,60.0,unavailable,5.0
P_old,True,derated,False,0.3326571228618296,0.9999999999999987,34.33786995929934,phase-b1::final::sg-A::S4_unavailable_coincident::P_old::seed-003020,S4_unavailable_coincident,d5freq.phase_b1.compact_episode_audits.v1,3020,A,60.0,unavailable,10.0
P_old,True,sluggish,False,0.16078034824178408,1.0,65.0368716828668,phase-b1::final::sg-A::S4_unavailable_coincident::P_old::seed-003020,S4_unavailable_coincident,d5freq.phase_b1.compact_episode_audits.v1,3020,A,60.0,unavailable,20.0
P_old,True,derated,False,0.3376158017591297,0.9989119240488474,6.822269913313264,phase-b1::final::sg-A::S4_unavailable_coincident::P_old::seed-003021,S4_unavailable_coincident,d5freq.phase_b1.compact_episode_audits.v1,3021,A,60.0,unavailable,2.0
P_old,True,derated,False,0.3810612918598984,0.9999999979226013,19.992149324577063,phase-b1::final::sg-A::S4_unavailable_coincident::P_old::seed-003021,S4_unavailable_coincident,d5freq.phase_b1.compact_episode_audits.v1,3021,A,60.0,unavailable,5.0
P_old,True,derated,False,0.34575803128092253,0.9999999999999998,36.433857727261326,phase-b1::final::sg-A::S4_unavailable_coincident::P_old::seed-003021,S4_unavailable_coincident,d5freq.phase_b1.compact_episode_audits.v1,3021,A,60.0,unavailable,10.0
P_old,True,derated,False,0.3400709450380572,1.0,70.87873346455447,phase-b1::final::sg-A::S4_unavailable_coincident::P_old::seed-003021,S4_unavailable_coincident,d5freq.phase_b1.compact_episode_audits.v1,3021,A,60.0,unavailable,20.0
P_old,True,derated,False,0.35250984909293237,0.9991936105043517,7.122136972621803,phase-b1::final::sg-A::S4_unavailable_coincident::P_old::seed-003022,S4_unavailable_coincident,d5freq.phase_b1.compact_episode_audits.v1,3022,A,60.0,unavailable,2.0
P_old,True,derated,False,0.333066669480824,0.9999999656596871,17.186945831472244,phase-b1::final::sg-A::S4_unavailable_coincident::P_old::seed-003022,S4_unavailable_coincident,d5freq.phase_b1.compact_episode_audits.v1,3022,A,60.0,unavailable,5.0
P_old,True,derated,False,0.32176047506994226,0.9999999999999976,33.60527424005379,phase-b1::final::sg-A::S4_unavailable_coincident::P_old::seed-003022,S4_unavailable_coincident,d5freq.phase_b1.compact_episode_audits.v1,3022,A,60.0,unavailable,10.0
P_old,True,derated,False,0.3154711458951998,1.0,66.38276107192345,phase-b1::final::sg-A::S4_unavailable_coincident::P_old::seed-003022,S4_unavailable_coincident,d5freq.phase_b1.compact_episode_audits.v1,3022,A,60.0,unavailable,20.0
P_old,True,derated,False,0.361621878188802,0.9992393645677561,7.180595473644182,phase-b1::final::sg-A::S4_unavailable_coincident::P_old::seed-003023,S4_unavailable_coincident,d5freq.phase_b1.compact_episode_audits.v1,3023,A,60.0,unavailable,2.0
P_old,True,derated,False,0.38891789086299244,0.9999999983894221,20.246672718676386,phase-b1::final::sg-A::S4_unavailable_coincident::P_old::seed-003023,S4_unavailable_coincident,d5freq.phase_b1.compact_episode_audits.v1,3023,A,60.0,unavailable,5.0
P_old,True,derated,False,0.34988260999173165,0.9999999999999998,36.6987080874914,phase-b1::final::sg-A::S4_unavailable_coincident::P_old::seed-003023,S4_unavailable_coincident,d5freq.phase_b1.compact_episode_audits.v1,3023,A,60.0,unavailable,10.0
P_old,True,sluggish,False,0.1528682740505221,1.0,63.63865333139796,phase-b1::final::sg-A::S4_unavailable_coincident::P_old::seed-003023,S4_unavailable_coincident,d5freq.phase_b1.compact_episode_audits.v1,3023,A,60.0,unavailable,20.0
P_old,True,derated,False,0.35293341626341856,0.9992722566135905,7.22483405488234,phase-b1::final::sg-A::S4_unavailable_coincident::P_old::seed-003024,S4_unavailable_coincident,d5freq.phase_b1.compact_episode_audits.v1,3024,A,60.0,unavailable,2.0
P_old,True,derated,False,0.33324386244699306,0.999999970194045,17.328557599715936,phase-b1::final::sg-A::S4_unavailable_coincident::P_old::seed-003024,S4_unavailable_coincident,d5freq.phase_b1.compact_episode_audits.v1,3024,A,60.0,unavailable,5.0
P_old,True,derated,False,0.3221351068623822,0.9999999999999978,33.76383273110878,phase-b1::final::sg-A::S4_unavailable_coincident::P_old::seed-003024,S4_unavailable_coincident,d5freq.phase_b1.compact_episode_audits.v1,3024,A,60.0,unavailable,10.0
P_old,True,derated,False,0.32457927297172445,1.0,67.55852180614826,phase-b1::final::sg-A::S4_unavailable_coincident::P_old::seed-003024,S4_unavailable_coincident,d5freq.phase_b1.compact_episode_audits.v1,3024,A,60.0,unavailable,20.0
P_old,True,derated,False,0.3538414236773749,0.9991655780235663,7.087936552400457,phase-b1::final::sg-A::S4_unavailable_coincident::P_old::seed-003025,S4_unavailable_coincident,d5freq.phase_b1.compact_episode_audits.v1,3025,A,60.0,unavailable,2.0
P_old,True,derated,False,0.3339137497450556,0.9999999657005986,17.188137896990938,phase-b1::final::sg-A::S4_unavailable_coincident::P_old::seed-003025,S4_unavailable_coincident,d5freq.phase_b1.compact_episode_audits.v1,3025,A,60.0,unavailable,5.0
P_old,True,derated,False,0.32247397277776163,0.9999999999999976,33.62342005725888,phase-b1::final::sg-A::S4_unavailable_coincident::P_old::seed-003025,S4_unavailable_coincident,d5freq.phase_b1.compact_episode_audits.v1,3025,A,60.0,unavailable,10.0
P_old,True,derated,False,0.31607982306959864,1.0,66.4090424388803,phase-b1::final::sg-A::S4_unavailable_coincident::P_old::seed-003025,S4_unavailable_coincident,d5freq.phase_b1.compact_episode_audits.v1,3025,A,60.0,unavailable,20.0
P_old,True,derated,False,0.34708883715781325,0.9991673903508537,7.090122889565439,phase-b1::final::sg-A::S4_unavailable_coincident::P_old::seed-003026,S4_unavailable_coincident,d5freq.phase_b1.compact_episode_audits.v1,3026,A,60.0,unavailable,2.0
P_old,True,derated,False,0.3584826812697287,0.9999999951854,19.151891820997754,phase-b1::final::sg-A::S4_unavailable_coincident::P_old::seed-003026,S4_unavailable_coincident,d5freq.phase_b1.compact_episode_audits.v1,3026,A,60.0,unavailable,5.0
P_old,True,sluggish,False,0.2154163941953159,0.9999999999999989,34.89687285886649,phase-b1::final::sg-A::S4_unavailable_coincident::P_old::seed-003026,S4_unavailable_coincident,d5freq.phase_b1.compact_episode_audits.v1,3026,A,60.0,unavailable,10.0
P_old,True,sluggish,False,0.12945527496850462,1.0,43.416593221685645,phase-b1::final::sg-A::S4_unavailable_coincident::P_old::seed-003026,S4_unavailable_coincident,d5freq.phase_b1.compact_episode_audits.v1,3026,A,60.0,unavailable,20.0
P_old,True,derated,False,0.3537388264864218,0.9992241382853235,7.160760093615817,phase-b1::final::sg-A::S4_unavailable_coincident::P_old::seed-003027,S4_unavailable_coincident,d5freq.phase_b1.compact_episode_audits.v1,3027,A,60.0,unavailable,2.0
P_old,True,derated,False,0.3361742159779638,0.9999999711779427,17.36212484116613,phase-b1::final::sg-A::S4_unavailable_coincident::P_old::seed-003027,S4_unavailable_coincident,d5freq.phase_b1.compact_episode_audits.v1,3027,A,60.0,unavailable,5.0
P_old,True,derated,False,0.32352514550744516,0.9999999999999978,33.78912867085485,phase-b1::final::sg-A::S4_unavailable_coincident::P_old::seed-003027,S4_unavailable_coincident,d5freq.phase_b1.compact_episode_audits.v1,3027,A,60.0,unavailable,10.0
P_old,True,derated,False,0.31644748024521274,1.0,66.5869867374328,phase-b1::final::sg-A::S4_unavailable_coincident::P_old::seed-003027,S4_unavailable_coincident,d5freq.phase_b1.compact_episode_audits.v1,3027,A,60.0,unavailable,20.0
P_old,True,derated,False,0.4142560281390145,0.9998326426543276,8.695623026817476,phase-b1::final::sg-A::S4_unavailable_coincident::P_old::seed-003028,S4_unavailable_coincident,d5freq.phase_b1.compact_episode_audits.v1,3028,A,60.0,unavailable,2.0
P_old,True,derated,False,0.3560915452459782,0.9999999920458674,18.649574222216707,phase-b1::final::sg-A::S4_unavailable_coincident::P_old::seed-003028,S4_unavailable_coincident,d5freq.phase_b1.compact_episode_audits.v1,3028,A,60.0,unavailable,5.0
P_old,True,derated,False,0.3336563153301995,0.9999999999999993,35.102785691129085,phase-b1::final::sg-A::S4_unavailable_coincident::P_old::seed-003028,S4_unavailable_coincident,d5freq.phase_b1.compact_episode_audits.v1,3028,A,60.0,unavailable,10.0
P_old,True,sluggish,False,0.15027018966441935,1.0,57.732579417357016,phase-b1::final::sg-A::S4_unavailable_coincident::P_old::seed-003028,S4_unavailable_coincident,d5freq.phase_b1.compact_episode_audits.v1,3028,A,60.0,unavailable,20.0
P_old,True,derated,False,0.33020277092565586,0.9985265014131621,6.5186475755288775,phase-b1::final::sg-A::S4_unavailable_coincident::P_old::seed-003029,S4_unavailable_coincident,d5freq.phase_b1.compact_episode_audits.v1,3029,A,60.0,unavailable,2.0
P_old,True,derated,False,0.3371021146637144,0.9999999681949631,17.263641177148692,phase-b1::final::sg-A::S4_unavailable_coincident::P_old::seed-003029,S4_unavailable_coincident,d5freq.phase_b1.compact_episode_audits.v1,3029,A,60.0,unavailable,5.0
P_old,True,derated,False,0.3237065907902276,0.9999999999999976,33.684803202206524,phase-b1::final::sg-A::S4_unavailable_coincident::P_old::seed-003029,S4_unavailable_coincident,d5freq.phase_b1.compact_episode_audits.v1,3029,A,60.0,unavailable,10.0
P_old,True,sluggish,False,0.16127131573362463,1.0,51.58975979398386,phase-b1::final::sg-A::S4_unavailable_coincident::P_old::seed-003029,S4_unavailable_coincident,d5freq.phase_b1.compact_episode_audits.v1,3029,A,60.0,unavailable,20.0
P_old,True,derated,False,0.4181109288298265,0.9999880779678583,11.33711071808824,phase-b1::final::sg-B::S4_unavailable_coincident::P_old::seed-003000,S4_unavailable_coincident,d5freq.phase_b1.compact_episode_audits.v1,3000,B,60.0,unavailable,2.0
P_old,True,derated,False,0.4662930093879364,1.0,41.246376991320844,phase-b1::final::sg-B::S4_unavailable_coincident::P_old::seed-003000,S4_unavailable_coincident,d5freq.phase_b1.compact_episode_audits.v1,3000,B,60.0,unavailable,5.0
P_old,True,derated,False,0.3902862953479184,1.0,57.31349142146449,phase-b1::final::sg-B::S4_unavailable_coincident::P_old::seed-003000,S4_unavailable_coincident,d5freq.phase_b1.compact_episode_audits.v1,3000,B,60.0,unavailable,10.0
P_old,True,derated,False,0.36032175832173846,1.0,91.95052112805618,phase-b1::final::sg-B::S4_unavailable_coincident::P_old::seed-003000,S4_unavailable_coincident,d5freq.phase_b1.compact_episode_audits.v1,3000,B,60.0,unavailable,20.0
P_old,True,derated,False,0.3734657383765111,0.9995136940636881,7.628186209668556,phase-b1::final::sg-B::S4_unavailable_coincident::P_old::seed-003001,S4_unavailable_coincident,d5freq.phase_b1.compact_episode_audits.v1,3001,B,60.0,unavailable,2.0
P_old,True,derated,False,0.39473414430623777,0.9999999998349021,22.52448184717538,phase-b1::final::sg-B::S4_unavailable_coincident::P_old::seed-003001,S4_unavailable_coincident,d5freq.phase_b1.compact_episode_audits.v1,3001,B,60.0,unavailable,5.0
P_old,True,derated,False,0.3536245865521833,1.0,39.006091339661594,phase-b1::final::sg-B::S4_unavailable_coincident::P_old::seed-003001,S4_unavailable_coincident,d5freq.phase_b1.compact_episode_audits.v1,3001,B,60.0,unavailable,10.0
P_old,True,derated,False,0.3358617460177027,1.0,72.41302843702522,phase-b1::final::sg-B::S4_unavailable_coincident::P_old::seed-003001,S4_unavailable_coincident,d5freq.phase_b1.compact_episode_audits.v1,3001,B,60.0,unavailable,20.0
P_old,True,derated,False,0.3670174078999907,0.999211599214446,7.144715274821166,phase-b1::final::sg-B::S4_unavailable_coincident::P_old::seed-003002,S4_unavailable_coincident,d5freq.phase_b1.compact_episode_audits.v1,3002,B,60.0,unavailable,2.0
P_old,True,derated,False,0.4613906958038395,1.0,40.36951663385938,phase-b1::final::sg-B::S4_unavailable_coincident::P_old::seed-003002,S4_unavailable_coincident,d5freq.phase_b1.compact_episode_audits.v1,3002,B,60.0,unavailable,5.0
P_old,True,derated,False,0.3922171529302536,1.0,56.873744457627666,phase-b1::final::sg-B::S4_unavailable_coincident::P_old::seed-003002,S4_unavailable_coincident,d5freq.phase_b1.compact_episode_audits.v1,3002,B,60.0,unavailable,10.0
P_old,True,derated,False,0.3510895342463569,1.0,89.70906395587079,phase-b1::final::sg-B::S4_unavailable_coincident::P_old::seed-003002,S4_unavailable_coincident,d5freq.phase_b1.compact_episode_audits.v1,3002,B,60.0,unavailable,20.0
P_old,True,derated,False,0.3733795434821089,0.9994364848828498,7.480752725537645,phase-b1::final::sg-B::S4_unavailable_coincident::P_old::seed-003003,S4_unavailable_coincident,d5freq.phase_b1.compact_episode_audits.v1,3003,B,60.0,unavailable,2.0
P_old,True,derated,False,0.4302419100464722,0.9999999999999556,30.746600481852283,phase-b1::final::sg-B::S4_unavailable_coincident::P_old::seed-003003,S4_unavailable_coincident,d5freq.phase_b1.compact_episode_audits.v1,3003,B,60.0,unavailable,5.0
P_old,True,derated,False,0.3710981278501048,1.0,47.067512313616845,phase-b1::final::sg-B::S4_unavailable_coincident::P_old::seed-003003,S4_unavailable_coincident,d5freq.phase_b1.compact_episode_audits.v1,3003,B,60.0,unavailable,10.0
P_old,True,derated,False,0.3414472153413969,1.0,79.9908882614875,phase-b1::final::sg-B::S4_unavailable_coincident::P_old::seed-003003,S4_unavailable_coincident,d5freq.phase_b1.compact_episode_audits.v1,3003,B,60.0,unavailable,20.0
P_old,True,derated,False,0.363229711990606,0.9992911328027118,7.251133241365725,phase-b1::final::sg-B::S4_unavailable_coincident::P_old::seed-003004,S4_unavailable_coincident,d5freq.phase_b1.compact_episode_audits.v1,3004,B,60.0,unavailable,2.0
P_old,True,derated,False,0.4562795700413658,1.0,40.039361257938545,phase-b1::final::sg-B::S4_unavailable_coincident::P_old::seed-003004,S4_unavailable_coincident,d5freq.phase_b1.compact_episode_audits.v1,3004,B,60.0,unavailable,5.0
P_old,True,derated,False,0.38992494065512023,1.0,56.56768203995452,phase-b1::final::sg-B::S4_unavailable_coincident::P_old::seed-003004,S4_unavailable_coincident,d5freq.phase_b1.compact_episode_audits.v1,3004,B,60.0,unavailable,10.0
P_old,True,derated,False,0.3500025067003391,1.0,89.41132116546672,phase-b1::final::sg-B::S4_unavailable_coincident::P_old::seed-003004,S4_unavailable_coincident,d5freq.phase_b1.compact_episode_audits.v1,3004,B,60.0,unavailable,20.0
P_old,True,derated,False,0.38030087155738124,0.9995494149284673,7.704516077980397,phase-b1::final::sg-B::S4_unavailable_coincident::P_old::seed-003005,S4_unavailable_coincident,d5freq.phase_b1.compact_episode_audits.v1,3005,B,60.0,unavailable,2.0
P_old,True,derated,False,0.34634023134669667,0.99999998394006,17.946937843526463,phase-b1::final::sg-B::S4_unavailable_coincident::P_old::seed-003005,S4_unavailable_coincident,d5freq.phase_b1.compact_episode_audits.v1,3005,B,60.0,unavailable,5.0
P_old,True,derated,False,0.32995734561935797,0.9999999999999989,34.49501234341345,phase-b1::final::sg-B::S4_unavailable_coincident::P_old::seed-003005,S4_unavailable_coincident,d5freq.phase_b1.compact_episode_audits.v1,3005,B,60.0,unavailable,10.0
P_old,True,derated,False,0.33427034993276583,1.0,70.10685705547598,phase-b1::final::sg-B::S4_unavailable_coincident::P_old::seed-003005,S4_unavailable_coincident,d5freq.phase_b1.compact_episode_audits.v1,3005,B,60.0,unavailable,20.0
P_old,True,derated,False,0.36658847652981985,0.9993461051293043,7.331909862088761,phase-b1::final::sg-B::S4_unavailable_coincident::P_old::seed-003006,S4_unavailable_coincident,d5freq.phase_b1.compact_episode_audits.v1,3006,B,60.0,unavailable,2.0
P_old,True,derated,False,0.34027031127130625,0.9999999758970998,17.540933635252713,phase-b1::final::sg-B::S4_unavailable_coincident::P_old::seed-003006,S4_unavailable_coincident,d5freq.phase_b1.compact_episode_audits.v1,3006,B,60.0,unavailable,5.0
P_old,True,derated,False,0.32666647742239274,0.9999999999999984,34.06237141899766,phase-b1::final::sg-B::S4_unavailable_coincident::P_old::seed-003006,S4_unavailable_coincident,d5freq.phase_b1.compact_episode_audits.v1,3006,B,60.0,unavailable,10.0
P_old,True,derated,False,0.3193490233634583,1.0,67.00233954875733,phase-b1::final::sg-B::S4_unavailable_coincident::P_old::seed-003006,S4_unavailable_coincident,d5freq.phase_b1.compact_episode_audits.v1,3006,B,60.0,unavailable,20.0
P_old,True,derated,False,0.4228369093310155,0.9999274773853722,9.532820526003128,phase-b1::final::sg-B::S4_unavailable_coincident::P_old::seed-003007,S4_unavailable_coincident,d5freq.phase_b1.compact_episode_audits.v1,3007,B,60.0,unavailable,2.0
P_old,True,derated,False,0.447180140851434,0.9999999999999938,32.69419864417525,phase-b1::final::sg-B::S4_unavailable_coincident::P_old::seed-003007,S4_unavailable_coincident,d5freq.phase_b1.compact_episode_audits.v1,3007,B,60.0,unavailable,5.0
P_old,True,derated,False,0.37959156277961753,1.0,49.012491937580435,phase-b1::final::sg-B::S4_unavailable_coincident::P_old::seed-003007,S4_unavailable_coincident,d5freq.phase_b1.compact_episode_audits.v1,3007,B,60.0,unavailable,10.0
P_old,True,derated,False,0.3459316850706473,1.0,81.97260867798332,phase-b1::final::sg-B::S4_unavailable_coincident::P_old::seed-003007,S4_unavailable_coincident,d5freq.phase_b1.compact_episode_audits.v1,3007,B,60.0,unavailable,20.0
P_old,True,derated,False,0.3996135253424551,0.9998222026420142,8.63471970173676,phase-b1::final::sg-B::S4_unavailable_coincident::P_old::seed-003008,S4_unavailable_coincident,d5freq.phase_b1.compact_episode_audits.v1,3008,B,60.0,unavailable,2.0
P_old,True,derated,False,0.5073923887741427,1.0,52.67830971643848,phase-b1::final::sg-B::S4_unavailable_coincident::P_old::seed-003008,S4_unavailable_coincident,d5freq.phase_b1.compact_episode_audits.v1,3008,B,60.0,unavailable,5.0
P_old,True,derated,False,0.4151278381692439,1.0,69.06105691474755,phase-b1::final::sg-B::S4_unavailable_coincident::P_old::seed-003008,S4_unavailable_coincident,d5freq.phase_b1.compact_episode_audits.v1,3008,B,60.0,unavailable,10.0
P_old,True,derated,False,0.36253518330938667,1.0,101.89785558324246,phase-b1::final::sg-B::S4_unavailable_coincident::P_old::seed-003008,S4_unavailable_coincident,d5freq.phase_b1.compact_episode_audits.v1,3008,B,60.0,unavailable,20.0
P_old,True,derated,False,0.4179401687915268,0.9999755699855533,10.619696016979127,phase-b1::final::sg-B::S4_unavailable_coincident::P_old::seed-003009,S4_unavailable_coincident,d5freq.phase_b1.compact_episode_audits.v1,3009,B,60.0,unavailable,2.0
P_old,True,derated,False,0.35925995012076084,0.9999999985542496,20.354637281920773,phase-b1::final::sg-B::S4_unavailable_coincident::P_old::seed-003009,S4_unavailable_coincident,d5freq.phase_b1.compact_episode_audits.v1,3009,B,60.0,unavailable,5.0
P_old,True,derated,False,0.33625449067142665,1.0,36.88288477119376,phase-b1::final::sg-B::S4_unavailable_coincident::P_old::seed-003009,S4_unavailable_coincident,d5freq.phase_b1.compact_episode_audits.v1,3009,B,60.0,unavailable,10.0
P_old,True,derated,False,0.32416874998228407,1.0,69.83900950867675,phase-b1::final::sg-B::S4_unavailable_coincident::P_old::seed-003009,S4_unavailable_coincident,d5freq.phase_b1.compact_episode_audits.v1,3009,B,60.0,unavailable,20.0
P_old,True,derated,False,0.3685008407167267,0.9993934711691587,7.40715158364959,phase-b1::final::sg-B::S4_unavailable_coincident::P_old::seed-003010,S4_unavailable_coincident,d5freq.phase_b1.compact_episode_audits.v1,3010,B,60.0,unavailable,2.0
P_old,True,derated,False,0.45913291982859816,1.0,41.27701532341879,phase-b1::final::sg-B::S4_unavailable_coincident::P_old::seed-003010,S4_unavailable_coincident,d5freq.phase_b1.compact_episode_audits.v1,3010,B,60.0,unavailable,5.0
P_old,True,derated,False,0.38629252646317713,1.0,57.310633182495124,phase-b1::final::sg-B::S4_unavailable_coincident::P_old::seed-003010,S4_unavailable_coincident,d5freq.phase_b1.compact_episode_audits.v1,3010,B,60.0,unavailable,10.0
P_old,True,derated,False,0.36356643523487653,1.0,93.15314046322322,phase-b1::final::sg-B::S4_unavailable_coincident::P_old::seed-003010,S4_unavailable_coincident,d5freq.phase_b1.compact_episode_audits.v1,3010,B,60.0,unavailable,20.0
P_old,True,derated,False,0.3434816192320511,0.9990530101435704,6.961274737596941,phase-b1::final::sg-B::S4_unavailable_coincident::P_old::seed-003011,S4_unavailable_coincident,d5freq.phase_b1.compact_episode_audits.v1,3011,B,60.0,unavailable,2.0
P_old,True,derated,False,0.4158403789272159,0.9999999999977249,26.809032258111472,phase-b1::final::sg-B::S4_unavailable_coincident::P_old::seed-003011,S4_unavailable_coincident,d5freq.phase_b1.compact_episode_audits.v1,3011,B,60.0,unavailable,5.0
P_old,True,derated,False,0.3636899545414095,1.0,43.18342547577521,phase-b1::final::sg-B::S4_unavailable_coincident::P_old::seed-003011,S4_unavailable_coincident,d5freq.phase_b1.compact_episode_audits.v1,3011,B,60.0,unavailable,10.0
P_old,True,derated,False,0.3370732199613402,1.0,75.99744350407852,phase-b1::final::sg-B::S4_unavailable_coincident::P_old::seed-003011,S4_unavailable_coincident,d5freq.phase_b1.compact_episode_audits.v1,3011,B,60.0,unavailable,20.0
P_old,True,derated,False,0.42881974472385737,0.9999548987921222,10.007858543811992,phase-b1::final::sg-B::S4_unavailable_coincident::P_old::seed-003012,S4_unavailable_coincident,d5freq.phase_b1.compact_episode_audits.v1,3012,B,60.0,unavailable,2.0
P_old,True,derated,False,0.4132147038815915,0.9999999999913332,25.471512718162636,phase-b1::final::sg-B::S4_unavailable_coincident::P_old::seed-003012,S4_unavailable_coincident,d5freq.phase_b1.compact_episode_audits.v1,3012,B,60.0,unavailable,5.0
P_old,True,derated,False,0.3628730603753257,1.0,41.94912519533872,phase-b1::final::sg-B::S4_unavailable_coincident::P_old::seed-003012,S4_unavailable_coincident,d5freq.phase_b1.compact_episode_audits.v1,3012,B,60.0,unavailable,10.0
P_old,True,derated,False,0.3421677432303494,1.0,75.6446997539058,phase-b1::final::sg-B::S4_unavailable_coincident::P_old::seed-003012,S4_unavailable_coincident,d5freq.phase_b1.compact_episode_audits.v1,3012,B,60.0,unavailable,20.0
P_old,True,derated,False,0.38814489598752294,0.9996341610441597,7.912951427689968,phase-b1::final::sg-B::S4_unavailable_coincident::P_old::seed-003013,S4_unavailable_coincident,d5freq.phase_b1.compact_episode_audits.v1,3013,B,60.0,unavailable,2.0
P_old,True,derated,False,0.4973123843873292,1.0,48.708848578413125,phase-b1::final::sg-B::S4_unavailable_coincident::P_old::seed-003013,S4_unavailable_coincident,d5freq.phase_b1.compact_episode_audits.v1,3013,B,60.0,unavailable,5.0
P_old,True,derated,False,0.40942631007922764,1.0,65.12623911429328,phase-b1::final::sg-B::S4_unavailable_coincident::P_old::seed-003013,S4_unavailable_coincident,d5freq.phase_b1.compact_episode_audits.v1,3013,B,60.0,unavailable,10.0
P_old,True,derated,False,0.36051560515641573,1.0,98.03567987752501,phase-b1::final::sg-B::S4_unavailable_coincident::P_old::seed-003013,S4_unavailable_coincident,d5freq.phase_b1.compact_episode_audits.v1,3013,B,60.0,unavailable,20.0
P_old,True,derated,False,0.39932260884275017,0.9998485316822888,8.794985522003845,phase-b1::final::sg-B::S4_unavailable_coincident::P_old::seed-003014,S4_unavailable_coincident,d5freq.phase_b1.compact_episode_audits.v1,3014,B,60.0,unavailable,2.0
P_old,True,derated,False,0.39994272643981166,0.9999999999789402,24.583652516862315,phase-b1::final::sg-B::S4_unavailable_coincident::P_old::seed-003014,S4_unavailable_coincident,d5freq.phase_b1.compact_episode_audits.v1,3014,B,60.0,unavailable,5.0
P_old,True,derated,False,0.35619708288822727,1.0,41.05332799677343,phase-b1::final::sg-B::S4_unavailable_coincident::P_old::seed-003014,S4_unavailable_coincident,d5freq.phase_b1.compact_episode_audits.v1,3014,B,60.0,unavailable,10.0
P_old,True,derated,False,0.3336459026232325,1.0,73.94079500010724,phase-b1::final::sg-B::S4_unavailable_coincident::P_old::seed-003014,S4_unavailable_coincident,d5freq.phase_b1.compact_episode_audits.v1,3014,B,60.0,unavailable,20.0
P_old,True,derated,False,0.40075278939912656,0.9998519898665226,8.818092731681077,phase-b1::final::sg-B::S4_unavailable_coincident::P_old::seed-003015,S4_unavailable_coincident,d5freq.phase_b1.compact_episode_audits.v1,3015,B,60.0,unavailable,2.0
P_old,True,derated,False,0.43509414265745294,0.999999999999994,32.74469431722087,phase-b1::final::sg-B::S4_unavailable_coincident::P_old::seed-003015,S4_unavailable_coincident,d5freq.phase_b1.compact_episode_audits.v1,3015,B,60.0,unavailable,5.0
P_old,True,derated,False,0.3736083325875887,1.0,49.04555784352691,phase-b1::final::sg-B::S4_unavailable_coincident::P_old::seed-003015,S4_unavailable_coincident,d5freq.phase_b1.compact_episode_audits.v1,3015,B,60.0,unavailable,10.0
P_old,True,derated,False,0.3424889547618816,1.0,81.95113380157767,phase-b1::final::sg-B::S4_unavailable_coincident::P_old::seed-003015,S4_unavailable_coincident,d5freq.phase_b1.compact_episode_audits.v1,3015,B,60.0,unavailable,20.0
P_old,True,derated,False,0.4336560433355494,0.9999727299212312,10.51173534241504,phase-b1::final::sg-B::S4_unavailable_coincident::P_old::seed-003016,S4_unavailable_coincident,d5freq.phase_b1.compact_episode_audits.v1,3016,B,60.0,unavailable,2.0
P_old,True,derated,False,0.5184252491355398,1.0,52.86424873162446,phase-b1::final::sg-B::S4_unavailable_coincident::P_old::seed-003016,S4_unavailable_coincident,d5freq.phase_b1.compact_episode_audits.v1,3016,B,60.0,unavailable,5.0
P_old,True,derated,False,0.41985045632997303,1.0,69.22563449783763,phase-b1::final::sg-B::S4_unavailable_coincident::P_old::seed-003016,S4_unavailable_coincident,d5freq.phase_b1.compact_episode_audits.v1,3016,B,60.0,unavailable,10.0
P_old,True,derated,False,0.3656611395024287,1.0,102.11660379242082,phase-b1::final::sg-B::S4_unavailable_coincident::P_old::seed-003016,S4_unavailable_coincident,d5freq.phase_b1.compact_episode_audits.v1,3016,B,60.0,unavailable,20.0
P_old,True,derated,False,0.4166461547494108,0.9999919217661325,11.726331133758325,phase-b1::final::sg-B::S4_unavailable_coincident::P_old::seed-003017,S4_unavailable_coincident,d5freq.phase_b1.compact_episode_audits.v1,3017,B,60.0,unavailable,2.0
P_old,True,derated,False,0.5257385853532008,1.0,62.81140339984101,phase-b1::final::sg-B::S4_unavailable_coincident::P_old::seed-003017,S4_unavailable_coincident,d5freq.phase_b1.compact_episode_audits.v1,3017,B,60.0,unavailable,5.0
P_old,True,derated,False,0.42804069101041076,1.0,79.49700410553814,phase-b1::final::sg-B::S4_unavailable_coincident::P_old::seed-003017,S4_unavailable_coincident,d5freq.phase_b1.compact_episode_audits.v1,3017,B,60.0,unavailable,10.0
P_old,True,derated,False,0.37148867796947743,1.0,112.65260146194984,phase-b1::final::sg-B::S4_unavailable_coincident::P_old::seed-003017,S4_unavailable_coincident,d5freq.phase_b1.compact_episode_audits.v1,3017,B,60.0,unavailable,20.0
P_old,True,derated,False,0.42761898008218313,0.9999166591405877,9.399902419090896,phase-b1::final::sg-B::S4_unavailable_coincident::P_old::seed-003018,S4_unavailable_coincident,d5freq.phase_b1.compact_episode_audits.v1,3018,B,60.0,unavailable,2.0
P_old,True,derated,False,0.3697345495401633,0.9999999964986128,19.47010658770683,phase-b1::final::sg-B::S4_unavailable_coincident::P_old::seed-003018,S4_unavailable_coincident,d5freq.phase_b1.compact_episode_audits.v1,3018,B,60.0,unavailable,5.0
P_old,True,derated,False,0.34111340177966437,0.9999999999999998,35.968493528016666,phase-b1::final::sg-B::S4_unavailable_coincident::P_old::seed-003018,S4_unavailable_coincident,d5freq.phase_b1.compact_episode_audits.v1,3018,B,60.0,unavailable,10.0
P_old,True,derated,False,0.3258469509585666,1.0,68.82182000841038,phase-b1::final::sg-B::S4_unavailable_coincident::P_old::seed-003018,S4_unavailable_coincident,d5freq.phase_b1.compact_episode_audits.v1,3018,B,60.0,unavailable,20.0
P_old,True,derated,False,0.35364204429656887,0.9990180964815957,6.925035302737474,phase-b1::final::sg-B::S4_unavailable_coincident::P_old::seed-003019,S4_unavailable_coincident,d5freq.phase_b1.compact_episode_audits.v1,3019,B,60.0,unavailable,2.0
P_old,True,derated,False,0.4501640302427826,1.0,38.17889674329588,phase-b1::final::sg-B::S4_unavailable_coincident::P_old::seed-003019,S4_unavailable_coincident,d5freq.phase_b1.compact_episode_audits.v1,3019,B,60.0,unavailable,5.0
P_old,True,derated,False,0.3819818571724733,1.0,54.300221003418756,phase-b1::final::sg-B::S4_unavailable_coincident::P_old::seed-003019,S4_unavailable_coincident,d5freq.phase_b1.compact_episode_audits.v1,3019,B,60.0,unavailable,10.0
P_old,True,derated,False,0.3471735483409436,1.0,87.2655060200353,phase-b1::final::sg-B::S4_unavailable_coincident::P_old::seed-003019,S4_unavailable_coincident,d5freq.phase_b1.compact_episode_audits.v1,3019,B,60.0,unavailable,20.0
P_old,True,derated,False,0.3647785641501068,0.9993030267490561,7.268066314500842,phase-b1::final::sg-B::S4_unavailable_coincident::P_old::seed-003020,S4_unavailable_coincident,d5freq.phase_b1.compact_episode_audits.v1,3020,B,60.0,unavailable,2.0
P_old,True,derated,False,0.4583453262995466,1.0,40.765839550468996,phase-b1::final::sg-B::S4_unavailable_coincident::P_old::seed-003020,S4_unavailable_coincident,d5freq.phase_b1.compact_episode_audits.v1,3020,B,60.0,unavailable,5.0
P_old,True,derated,False,0.3861023602157733,1.0,56.79902794651103,phase-b1::final::sg-B::S4_unavailable_coincident::P_old::seed-003020,S4_unavailable_coincident,d5freq.phase_b1.compact_episode_audits.v1,3020,B,60.0,unavailable,10.0
P_old,True,derated,False,0.34869061465637097,1.0,89.69741132343404,phase-b1::final::sg-B::S4_unavailable_coincident::P_old::seed-003020,S4_unavailable_coincident,d5freq.phase_b1.compact_episode_audits.v1,3020,B,60.0,unavailable,20.0
P_old,True,derated,False,0.36543469435845993,0.9993452857411179,7.330656735832065,phase-b1::final::sg-B::S4_unavailable_coincident::P_old::seed-003021,S4_unavailable_coincident,d5freq.phase_b1.compact_episode_audits.v1,3021,B,60.0,unavailable,2.0
P_old,True,derated,False,0.4926837601851194,1.0,50.873083761346535,phase-b1::final::sg-B::S4_unavailable_coincident::P_old::seed-003021,S4_unavailable_coincident,d5freq.phase_b1.compact_episode_audits.v1,3021,B,60.0,unavailable,5.0
P_old,True,derated,False,0.4073746311497796,1.0,67.20539639354119,phase-b1::final::sg-B::S4_unavailable_coincident::P_old::seed-003021,S4_unavailable_coincident,d5freq.phase_b1.compact_episode_audits.v1,3021,B,60.0,unavailable,10.0
P_old,True,derated,False,0.35905927646687275,1.0,100.05219504302835,phase-b1::final::sg-B::S4_unavailable_coincident::P_old::seed-003021,S4_unavailable_coincident,d5freq.phase_b1.compact_episode_audits.v1,3021,B,60.0,unavailable,20.0
P_old,True,derated,False,0.36215355876902705,0.9993636298121292,7.359093534834493,phase-b1::final::sg-B::S4_unavailable_coincident::P_old::seed-003022,S4_unavailable_coincident,d5freq.phase_b1.compact_episode_audits.v1,3022,B,60.0,unavailable,2.0
P_old,True,derated,False,0.3402295962476787,0.9999999782249178,17.6424995179458,phase-b1::final::sg-B::S4_unavailable_coincident::P_old::seed-003022,S4_unavailable_coincident,d5freq.phase_b1.compact_episode_audits.v1,3022,B,60.0,unavailable,5.0
P_old,True,derated,False,0.3269586584166898,0.9999999999999987,34.193157472529876,phase-b1::final::sg-B::S4_unavailable_coincident::P_old::seed-003022,S4_unavailable_coincident,d5freq.phase_b1.compact_episode_audits.v1,3022,B,60.0,unavailable,10.0
P_old,True,derated,False,0.3324775346112422,1.0,70.1165793784892,phase-b1::final::sg-B::S4_unavailable_coincident::P_old::seed-003022,S4_unavailable_coincident,d5freq.phase_b1.compact_episode_audits.v1,3022,B,60.0,unavailable,20.0
P_old,True,derated,False,0.36921382485660603,0.9993609266331486,7.354852031739309,phase-b1::final::sg-B::S4_unavailable_coincident::P_old::seed-003023,S4_unavailable_coincident,d5freq.phase_b1.compact_episode_audits.v1,3023,B,60.0,unavailable,2.0
P_old,True,derated,False,0.49021808810688483,1.0,47.978461841710995,phase-b1::final::sg-B::S4_unavailable_coincident::P_old::seed-003023,S4_unavailable_coincident,d5freq.phase_b1.compact_episode_audits.v1,3023,B,60.0,unavailable,5.0
P_old,True,derated,False,0.40564976052977225,1.0,64.34921834791385,phase-b1::final::sg-B::S4_unavailable_coincident::P_old::seed-003023,S4_unavailable_coincident,d5freq.phase_b1.compact_episode_audits.v1,3023,B,60.0,unavailable,10.0
P_old,True,derated,False,0.3592503335344725,1.0,97.34480862067159,phase-b1::final::sg-B::S4_unavailable_coincident::P_old::seed-003023,S4_unavailable_coincident,d5freq.phase_b1.compact_episode_audits.v1,3023,B,60.0,unavailable,20.0
P_old,True,derated,False,0.3920235290912489,0.9997336059708303,8.230267603108818,phase-b1::final::sg-B::S4_unavailable_coincident::P_old::seed-003024,S4_unavailable_coincident,d5freq.phase_b1.compact_episode_audits.v1,3024,B,60.0,unavailable,2.0
P_old,True,derated,False,0.43147807631923685,0.9999999999999913,32.37231344770557,phase-b1::final::sg-B::S4_unavailable_coincident::P_old::seed-003024,S4_unavailable_coincident,d5freq.phase_b1.compact_episode_audits.v1,3024,B,60.0,unavailable,5.0
P_old,True,derated,False,0.3718418751003184,1.0,48.668619913291195,phase-b1::final::sg-B::S4_unavailable_coincident::P_old::seed-003024,S4_unavailable_coincident,d5freq.phase_b1.compact_episode_audits.v1,3024,B,60.0,unavailable,10.0
P_old,True,derated,False,0.3419247743684365,1.0,81.5867199827415,phase-b1::final::sg-B::S4_unavailable_coincident::P_old::seed-003024,S4_unavailable_coincident,d5freq.phase_b1.compact_episode_audits.v1,3024,B,60.0,unavailable,20.0
P_old,True,derated,False,0.42030167520830714,0.9999356968848373,9.651983220656078,phase-b1::final::sg-B::S4_unavailable_coincident::P_old::seed-003025,S4_unavailable_coincident,d5freq.phase_b1.compact_episode_audits.v1,3025,B,60.0,unavailable,2.0
P_old,True,derated,False,0.35870683575608114,0.9999999966346331,19.50972884355882,phase-b1::final::sg-B::S4_unavailable_coincident::P_old::seed-003025,S4_unavailable_coincident,d5freq.phase_b1.compact_episode_audits.v1,3025,B,60.0,unavailable,5.0
P_old,True,derated,False,0.33592744078412157,0.9999999999999998,36.035815807193586,phase-b1::final::sg-B::S4_unavailable_coincident::P_old::seed-003025,S4_unavailable_coincident,d5freq.phase_b1.compact_episode_audits.v1,3025,B,60.0,unavailable,10.0
P_old,True,derated,False,0.33713777220367414,1.0,72.01616965162268,phase-b1::final::sg-B::S4_unavailable_coincident::P_old::seed-003025,S4_unavailable_coincident,d5freq.phase_b1.compact_episode_audits.v1,3025,B,60.0,unavailable,20.0
P_old,True,derated,False,0.45355875154704317,0.9999528894821033,9.963162817212226,phase-b1::final::sg-B::S4_unavailable_coincident::P_old::seed-003026,S4_unavailable_coincident,d5freq.phase_b1.compact_episode_audits.v1,3026,B,60.0,unavailable,2.0
P_old,True,derated,False,0.37526802886560845,0.9999999981314871,20.098122928464996,phase-b1::final::sg-B::S4_unavailable_coincident::P_old::seed-003026,S4_unavailable_coincident,d5freq.phase_b1.compact_episode_audits.v1,3026,B,60.0,unavailable,5.0
P_old,True,derated,False,0.34464979137978297,0.9999999999999998,36.67000133872102,phase-b1::final::sg-B::S4_unavailable_coincident::P_old::seed-003026,S4_unavailable_coincident,d5freq.phase_b1.compact_episode_audits.v1,3026,B,60.0,unavailable,10.0
P_old,True,derated,False,0.3414485973063487,1.0,72.62293784586097,phase-b1::final::sg-B::S4_unavailable_coincident::P_old::seed-003026,S4_unavailable_coincident,d5freq.phase_b1.compact_episode_audits.v1,3026,B,60.0,unavailable,20.0
P_old,True,derated,False,0.3983522530197836,0.9998385237024205,8.730991027721124,phase-b1::final::sg-B::S4_unavailable_coincident::P_old::seed-003027,S4_unavailable_coincident,d5freq.phase_b1.compact_episode_audits.v1,3027,B,60.0,unavailable,2.0
P_old,True,derated,False,0.34957517565359025,0.9999999917187553,18.609272542752592,phase-b1::final::sg-B::S4_unavailable_coincident::P_old::seed-003027,S4_unavailable_coincident,d5freq.phase_b1.compact_episode_audits.v1,3027,B,60.0,unavailable,5.0
P_old,True,derated,False,0.33132045946883365,0.9999999999999996,35.13090165312502,phase-b1::final::sg-B::S4_unavailable_coincident::P_old::seed-003027,S4_unavailable_coincident,d5freq.phase_b1.compact_episode_audits.v1,3027,B,60.0,unavailable,10.0
P_old,True,derated,False,0.3310505332702059,1.0,69.85378568749059,phase-b1::final::sg-B::S4_unavailable_coincident::P_old::seed-003027,S4_unavailable_coincident,d5freq.phase_b1.compact_episode_audits.v1,3027,B,60.0,unavailable,20.0
P_old,True,derated,False,0.4274881223856679,0.9999509777957066,9.92470936940078,phase-b1::final::sg-B::S4_unavailable_coincident::P_old::seed-003028,S4_unavailable_coincident,d5freq.phase_b1.compact_episode_audits.v1,3028,B,60.0,unavailable,2.0
P_old,True,derated,False,0.44728009236008265,0.9999999999999967,33.30530590844057,phase-b1::final::sg-B::S4_unavailable_coincident::P_old::seed-003028,S4_unavailable_coincident,d5freq.phase_b1.compact_episode_audits.v1,3028,B,60.0,unavailable,5.0
P_old,True,derated,False,0.37969387452933295,1.0,49.61884139822665,phase-b1::final::sg-B::S4_unavailable_coincident::P_old::seed-003028,S4_unavailable_coincident,d5freq.phase_b1.compact_episode_audits.v1,3028,B,60.0,unavailable,10.0
P_old,True,derated,False,0.34551634907433,1.0,82.51863273803082,phase-b1::final::sg-B::S4_unavailable_coincident::P_old::seed-003028,S4_unavailable_coincident,d5freq.phase_b1.compact_episode_audits.v1,3028,B,60.0,unavailable,20.0
P_old,True,derated,False,0.40783299120538835,0.9998303300261042,8.681485653790887,phase-b1::final::sg-B::S4_unavailable_coincident::P_old::seed-003029,S4_unavailable_coincident,d5freq.phase_b1.compact_episode_audits.v1,3029,B,60.0,unavailable,2.0
P_old,True,derated,False,0.40160867007165235,0.9999999999836517,24.836901531323704,phase-b1::final::sg-B::S4_unavailable_coincident::P_old::seed-003029,S4_unavailable_coincident,d5freq.phase_b1.compact_episode_audits.v1,3029,B,60.0,unavailable,5.0
P_old,True,derated,False,0.3571127927087349,1.0,41.305223701855695,phase-b1::final::sg-B::S4_unavailable_coincident::P_old::seed-003029,S4_unavailable_coincident,d5freq.phase_b1.compact_episode_audits.v1,3029,B,60.0,unavailable,10.0
P_old,True,derated,False,0.3347461728292005,1.0,74.27222562140008,phase-b1::final::sg-B::S4_unavailable_coincident::P_old::seed-003029,S4_unavailable_coincident,d5freq.phase_b1.compact_episode_audits.v1,3029,B,60.0,unavailable,20.0
P_old,True,derated,False,0.46183001596059736,0.9999994207326013,14.361501058153495,phase-b1::final::sg-C::S4_unavailable_coincident::P_old::seed-003000,S4_unavailable_coincident,d5freq.phase_b1.compact_episode_audits.v1,3000,C,60.0,unavailable,2.0
P_old,True,derated,False,0.45707126654197233,1.0,46.1065045571848,phase-b1::final::sg-C::S4_unavailable_coincident::P_old::seed-003000,S4_unavailable_coincident,d5freq.phase_b1.compact_episode_audits.v1,3000,C,60.0,unavailable,5.0
P_old,True,derated,False,0.3863642103025794,1.0,62.58802601965252,phase-b1::final::sg-C::S4_unavailable_coincident::P_old::seed-003000,S4_unavailable_coincident,d5freq.phase_b1.compact_episode_audits.v1,3000,C,60.0,unavailable,10.0
P_old,True,derated,False,0.35701947961755043,1.0,96.91903580867438,phase-b1::final::sg-C::S4_unavailable_coincident::P_old::seed-003000,S4_unavailable_coincident,d5freq.phase_b1.compact_episode_audits.v1,3000,C,60.0,unavailable,20.0
P_old,True,derated,False,0.4139123132348276,0.9999878811478679,11.32076093771036,phase-b1::final::sg-C::S4_unavailable_coincident::P_old::seed-003001,S4_unavailable_coincident,d5freq.phase_b1.compact_episode_audits.v1,3001,C,60.0,unavailable,2.0
P_old,True,derated,False,0.5809173024822439,1.0,79.51495172983991,phase-b1::final::sg-C::S4_unavailable_coincident::P_old::seed-003001,S4_unavailable_coincident,d5freq.phase_b1.compact_episode_audits.v1,3001,C,60.0,unavailable,5.0
P_old,True,derated,False,0.46659065698377394,1.0,97.28526545500173,phase-b1::final::sg-C::S4_unavailable_coincident::P_old::seed-003001,S4_unavailable_coincident,d5freq.phase_b1.compact_episode_audits.v1,3001,C,60.0,unavailable,10.0
P_old,True,derated,False,0.400097125848216,1.0,132.40465641376983,phase-b1::final::sg-C::S4_unavailable_coincident::P_old::seed-003001,S4_unavailable_coincident,d5freq.phase_b1.compact_episode_audits.v1,3001,C,60.0,unavailable,20.0
P_old,True,derated,False,0.4424456526216496,0.9999746766628872,10.583758848649847,phase-b1::final::sg-C::S4_unavailable_coincident::P_old::seed-003002,S4_unavailable_coincident,d5freq.phase_b1.compact_episode_audits.v1,3002,C,60.0,unavailable,2.0
P_old,True,derated,False,0.38039003168663976,0.9999999990148365,20.738213483722802,phase-b1::final::sg-C::S4_unavailable_coincident::P_old::seed-003002,S4_unavailable_coincident,d5freq.phase_b1.compact_episode_audits.v1,3002,C,60.0,unavailable,5.0
P_old,True,derated,False,0.349086669698197,1.0,37.48022999435665,phase-b1::final::sg-C::S4_unavailable_coincident::P_old::seed-003002,S4_unavailable_coincident,d5freq.phase_b1.compact_episode_audits.v1,3002,C,60.0,unavailable,10.0
P_old,True,derated,False,0.3291053352762727,1.0,70.25989425175038,phase-b1::final::sg-C::S4_unavailable_coincident::P_old::seed-003002,S4_unavailable_coincident,d5freq.phase_b1.compact_episode_audits.v1,3002,C,60.0,unavailable,20.0
P_old,True,derated,False,0.4218379866188926,0.9998674634154688,8.929243332060896,phase-b1::final::sg-C::S4_unavailable_coincident::P_old::seed-003003,S4_unavailable_coincident,d5freq.phase_b1.compact_episode_audits.v1,3003,C,60.0,unavailable,2.0
P_old,True,derated,False,0.36795681185465307,0.9999999961774111,19.382337919306956,phase-b1::final::sg-C::S4_unavailable_coincident::P_old::seed-003003,S4_unavailable_coincident,d5freq.phase_b1.compact_episode_audits.v1,3003,C,60.0,unavailable,5.0
P_old,True,derated,False,0.34341578428430053,0.9999999999999998,36.18247278677285,phase-b1::final::sg-C::S4_unavailable_coincident::P_old::seed-003003,S4_unavailable_coincident,d5freq.phase_b1.compact_episode_audits.v1,3003,C,60.0,unavailable,10.0
P_old,True,derated,False,0.3563767225155331,1.0,76.78546393576892,phase-b1::final::sg-C::S4_unavailable_coincident::P_old::seed-003003,S4_unavailable_coincident,d5freq.phase_b1.compact_episode_audits.v1,3003,C,60.0,unavailable,20.0
P_old,True,derated,False,0.4200202851477435,0.9999926220042367,11.817003013991219,phase-b1::final::sg-C::S4_unavailable_coincident::P_old::seed-003004,S4_unavailable_coincident,d5freq.phase_b1.compact_episode_audits.v1,3004,C,60.0,unavailable,2.0
P_old,True,derated,False,0.583436965686758,1.0,80.7564983211565,phase-b1::final::sg-C::S4_unavailable_coincident::P_old::seed-003004,S4_unavailable_coincident,d5freq.phase_b1.compact_episode_audits.v1,3004,C,60.0,unavailable,5.0
P_old,True,derated,False,0.5793137248994775,1.0,147.3915240559428,phase-b1::final::sg-C::S4_unavailable_coincident::P_old::seed-003004,S4_unavailable_coincident,d5freq.phase_b1.compact_episode_audits.v1,3004,C,60.0,unavailable,10.0
P_old,True,derated,False,0.470186358927242,1.0,186.6368752797096,phase-b1::final::sg-C::S4_unavailable_coincident::P_old::seed-003004,S4_unavailable_coincident,d5freq.phase_b1.compact_episode_audits.v1,3004,C,60.0,unavailable,20.0
P_old,True,derated,False,0.43735481047847585,0.9999976258952288,12.950887771583005,phase-b1::final::sg-C::S4_unavailable_coincident::P_old::seed-003005,S4_unavailable_coincident,d5freq.phase_b1.compact_episode_audits.v1,3005,C,60.0,unavailable,2.0
P_old,True,derated,False,0.38787235768563055,0.9999999999102036,23.13347555108048,phase-b1::final::sg-C::S4_unavailable_coincident::P_old::seed-003005,S4_unavailable_coincident,d5freq.phase_b1.compact_episode_audits.v1,3005,C,60.0,unavailable,5.0
P_old,True,derated,False,0.35309636379726406,1.0,39.92759262411076,phase-b1::final::sg-C::S4_unavailable_coincident::P_old::seed-003005,S4_unavailable_coincident,d5freq.phase_b1.compact_episode_audits.v1,3005,C,60.0,unavailable,10.0
P_old,True,derated,False,0.3556687251616489,1.0,80.52362549609629,phase-b1::final::sg-C::S4_unavailable_coincident::P_old::seed-003005,S4_unavailable_coincident,d5freq.phase_b1.compact_episode_audits.v1,3005,C,60.0,unavailable,20.0
P_old,True,derated,False,0.44295481760573185,0.9999983763525427,13.330833806686055,phase-b1::final::sg-C::S4_unavailable_coincident::P_old::seed-003006,S4_unavailable_coincident,d5freq.phase_b1.compact_episode_audits.v1,3006,C,60.0,unavailable,2.0
P_old,True,derated,False,0.5007714478084088,1.0,59.56078944260567,phase-b1::final::sg-C::S4_unavailable_coincident::P_old::seed-003006,S4_unavailable_coincident,d5freq.phase_b1.compact_episode_audits.v1,3006,C,60.0,unavailable,5.0
P_old,True,derated,False,0.4128090493101567,1.0,76.28329941849594,phase-b1::final::sg-C::S4_unavailable_coincident::P_old::seed-003006,S4_unavailable_coincident,d5freq.phase_b1.compact_episode_audits.v1,3006,C,60.0,unavailable,10.0
P_old,True,derated,False,0.38674587404943306,1.0,116.01311874404229,phase-b1::final::sg-C::S4_unavailable_coincident::P_old::seed-003006,S4_unavailable_coincident,d5freq.phase_b1.compact_episode_audits.v1,3006,C,60.0,unavailable,20.0
P_old,False,derated,True,0.4666553284302051,1.9671185254402813e-05,-10.836335996646627,phase-b1::final::sg-C::S4_unavailable_coincident::P_old::seed-003007,S4_unavailable_coincident,d5freq.phase_b1.compact_episode_audits.v1,3007,C,60.0,unavailable,2.0
P_old,False,derated,True,0.3912151386705335,0.2969885499535075,-0.8616795933696864,phase-b1::final::sg-C::S4_unavailable_coincident::P_old::seed-003007,S4_unavailable_coincident,d5freq.phase_b1.compact_episode_audits.v1,3007,C,60.0,unavailable,5.0
P_old,True,derated,False,0.35357135823206076,0.9999998619511479,15.795658075391813,phase-b1::final::sg-C::S4_unavailable_coincident::P_old::seed-003007,S4_unavailable_coincident,d5freq.phase_b1.compact_episode_audits.v1,3007,C,60.0,unavailable,10.0
P_old,True,derated,False,0.3415995420389713,1.0,50.25404969515577,phase-b1::final::sg-C::S4_unavailable_coincident::P_old::seed-003007,S4_unavailable_coincident,d5freq.phase_b1.compact_episode_audits.v1,3007,C,60.0,unavailable,20.0
P_old,True,derated,False,0.41732403808390306,0.9999847137557418,11.088705608969079,phase-b1::final::sg-C::S4_unavailable_coincident::P_old::seed-003008,S4_unavailable_coincident,d5freq.phase_b1.compact_episode_audits.v1,3008,C,60.0,unavailable,2.0
P_old,True,derated,False,0.3661494031208597,0.9999999993024564,21.083456073339867,phase-b1::final::sg-C::S4_unavailable_coincident::P_old::seed-003008,S4_unavailable_coincident,d5freq.phase_b1.compact_episode_audits.v1,3008,C,60.0,unavailable,5.0
P_old,True,derated,False,0.3421707414849123,1.0,37.87125287112785,phase-b1::final::sg-C::S4_unavailable_coincident::P_old::seed-003008,S4_unavailable_coincident,d5freq.phase_b1.compact_episode_audits.v1,3008,C,60.0,unavailable,10.0
P_old,True,derated,False,0.3257757811591149,1.0,70.612658857045,phase-b1::final::sg-C::S4_unavailable_coincident::P_old::seed-003008,S4_unavailable_coincident,d5freq.phase_b1.compact_episode_audits.v1,3008,C,60.0,unavailable,20.0
P_old,True,derated,False,0.44581824718970686,0.999998657149201,13.520714399366058,phase-b1::final::sg-C::S4_unavailable_coincident::P_old::seed-003009,S4_unavailable_coincident,d5freq.phase_b1.compact_episode_audits.v1,3009,C,60.0,unavailable,2.0
P_old,True,derated,False,0.5467359227990685,1.0,68.55798902865398,phase-b1::final::sg-C::S4_unavailable_coincident::P_old::seed-003009,S4_unavailable_coincident,d5freq.phase_b1.compact_episode_audits.v1,3009,C,60.0,unavailable,5.0
P_old,True,derated,False,0.4355665607494494,1.0,85.07400330926063,phase-b1::final::sg-C::S4_unavailable_coincident::P_old::seed-003009,S4_unavailable_coincident,d5freq.phase_b1.compact_episode_audits.v1,3009,C,60.0,unavailable,10.0
P_old,True,derated,False,0.38162435753303303,1.0,119.41435409385693,phase-b1::final::sg-C::S4_unavailable_coincident::P_old::seed-003009,S4_unavailable_coincident,d5freq.phase_b1.compact_episode_audits.v1,3009,C,60.0,unavailable,20.0
P_old,True,derated,False,0.4413108418908132,0.999980434383747,10.842582495104637,phase-b1::final::sg-C::S4_unavailable_coincident::P_old::seed-003010,S4_unavailable_coincident,d5freq.phase_b1.compact_episode_audits.v1,3010,C,60.0,unavailable,2.0
P_old,True,derated,False,0.3728996362278007,0.9999999991456687,20.88070201278397,phase-b1::final::sg-C::S4_unavailable_coincident::P_old::seed-003010,S4_unavailable_coincident,d5freq.phase_b1.compact_episode_audits.v1,3010,C,60.0,unavailable,5.0
P_old,True,derated,False,0.34553468523736475,1.0,37.667903928757895,phase-b1::final::sg-C::S4_unavailable_coincident::P_old::seed-003010,S4_unavailable_coincident,d5freq.phase_b1.compact_episode_audits.v1,3010,C,60.0,unavailable,10.0
P_old,True,derated,False,0.3364240423256183,1.0,72.0024246775223,phase-b1::final::sg-C::S4_unavailable_coincident::P_old::seed-003010,S4_unavailable_coincident,d5freq.phase_b1.compact_episode_audits.v1,3010,C,60.0,unavailable,20.0
P_old,True,derated,False,0.42256809028171277,0.9999936197756557,11.962301117751007,phase-b1::final::sg-C::S4_unavailable_coincident::P_old::seed-003011,S4_unavailable_coincident,d5freq.phase_b1.compact_episode_audits.v1,3011,C,60.0,unavailable,2.0
P_old,True,derated,False,0.374764125947071,0.9999999997390236,22.066591503368684,phase-b1::final::sg-C::S4_unavailable_coincident::P_old::seed-003011,S4_unavailable_coincident,d5freq.phase_b1.compact_episode_audits.v1,3011,C,60.0,unavailable,5.0
P_old,True,derated,False,0.3469972959425698,1.0,38.90587755850268,phase-b1::final::sg-C::S4_unavailable_coincident::P_old::seed-003011,S4_unavailable_coincident,d5freq.phase_b1.compact_episode_audits.v1,3011,C,60.0,unavailable,10.0
P_old,True,derated,False,0.32817337292113863,1.0,71.64369842503848,phase-b1::final::sg-C::S4_unavailable_coincident::P_old::seed-003011,S4_unavailable_coincident,d5freq.phase_b1.compact_episode_audits.v1,3011,C,60.0,unavailable,20.0
P_old,True,derated,False,0.4178987737467603,0.9999891220873958,11.428779836108895,phase-b1::final::sg-C::S4_unavailable_coincident::P_old::seed-003012,S4_unavailable_coincident,d5freq.phase_b1.compact_episode_audits.v1,3012,C,60.0,unavailable,2.0
P_old,True,derated,False,0.3686495220385302,0.9999999995104043,21.43744098633306,phase-b1::final::sg-C::S4_unavailable_coincident::P_old::seed-003012,S4_unavailable_coincident,d5freq.phase_b1.compact_episode_audits.v1,3012,C,60.0,unavailable,5.0
P_old,True,derated,False,0.3433689062982825,1.0,38.22071253070328,phase-b1::final::sg-C::S4_unavailable_coincident::P_old::seed-003012,S4_unavailable_coincident,d5freq.phase_b1.compact_episode_audits.v1,3012,C,60.0,unavailable,10.0
P_old,True,derated,False,0.33863036308084443,1.0,73.32314191909686,phase-b1::final::sg-C::S4_unavailable_coincident::P_old::seed-003012,S4_unavailable_coincident,d5freq.phase_b1.compact_episode_audits.v1,3012,C,60.0,unavailable,20.0
P_old,True,derated,False,0.4257111052942484,0.9999950548933296,12.217107611574741,phase-b1::final::sg-C::S4_unavailable_coincident::P_old::seed-003013,S4_unavailable_coincident,d5freq.phase_b1.compact_episode_audits.v1,3013,C,60.0,unavailable,2.0
P_old,True,derated,False,0.5857188552610453,1.0,81.64667454266548,phase-b1::final::sg-C::S4_unavailable_coincident::P_old::seed-003013,S4_unavailable_coincident,d5freq.phase_b1.compact_episode_audits.v1,3013,C,60.0,unavailable,5.0
P_old,True,derated,False,0.5428182265589622,1.0,132.43252412342372,phase-b1::final::sg-C::S4_unavailable_coincident::P_old::seed-003013,S4_unavailable_coincident,d5freq.phase_b1.compact_episode_audits.v1,3013,C,60.0,unavailable,10.0
P_old,True,derated,False,0.44581381325123176,1.0,169.28047987066526,phase-b1::final::sg-C::S4_unavailable_coincident::P_old::seed-003013,S4_unavailable_coincident,d5freq.phase_b1.compact_episode_audits.v1,3013,C,60.0,unavailable,20.0
P_old,True,derated,False,0.47321111502614627,0.9999996723719226,14.931386454258522,phase-b1::final::sg-C::S4_unavailable_coincident::P_old::seed-003014,S4_unavailable_coincident,d5freq.phase_b1.compact_episode_audits.v1,3014,C,60.0,unavailable,2.0
P_old,True,derated,False,0.5576446531747405,1.0,69.93518692238409,phase-b1::final::sg-C::S4_unavailable_coincident::P_old::seed-003014,S4_unavailable_coincident,d5freq.phase_b1.compact_episode_audits.v1,3014,C,60.0,unavailable,5.0
P_old,True,derated,False,0.4410153399265558,1.0,86.46411641541965,phase-b1::final::sg-C::S4_unavailable_coincident::P_old::seed-003014,S4_unavailable_coincident,d5freq.phase_b1.compact_episode_audits.v1,3014,C,60.0,unavailable,10.0
P_old,True,derated,False,0.38456646379553405,1.0,120.84220773009406,phase-b1::final::sg-C::S4_unavailable_coincident::P_old::seed-003014,S4_unavailable_coincident,d5freq.phase_b1.compact_episode_audits.v1,3014,C,60.0,unavailable,20.0
P_old,True,derated,False,0.42930282577370227,0.9999959296252444,12.411771608852481,phase-b1::final::sg-C::S4_unavailable_coincident::P_old::seed-003015,S4_unavailable_coincident,d5freq.phase_b1.compact_episode_audits.v1,3015,C,60.0,unavailable,2.0
P_old,True,derated,False,0.41540753260090096,0.9999999999999432,30.4998593882002,phase-b1::final::sg-C::S4_unavailable_coincident::P_old::seed-003015,S4_unavailable_coincident,d5freq.phase_b1.compact_episode_audits.v1,3015,C,60.0,unavailable,5.0
P_old,True,derated,False,0.3659701853966512,1.0,47.20393449824624,phase-b1::final::sg-C::S4_unavailable_coincident::P_old::seed-003015,S4_unavailable_coincident,d5freq.phase_b1.compact_episode_audits.v1,3015,C,60.0,unavailable,10.0
P_old,True,derated,False,0.3391518114754727,1.0,80.14615406838445,phase-b1::final::sg-C::S4_unavailable_coincident::P_old::seed-003015,S4_unavailable_coincident,d5freq.phase_b1.compact_episode_audits.v1,3015,C,60.0,unavailable,20.0
P_old,True,derated,False,0.36451870109723783,0.9993826924946481,7.389525772177123,phase-b1::final::sg-C::S4_unavailable_coincident::P_old::seed-003016,S4_unavailable_coincident,d5freq.phase_b1.compact_episode_audits.v1,3016,C,60.0,unavailable,2.0
P_old,True,derated,False,0.3485973735114542,0.9999999854227564,18.043804161894805,phase-b1::final::sg-C::S4_unavailable_coincident::P_old::seed-003016,S4_unavailable_coincident,d5freq.phase_b1.compact_episode_audits.v1,3016,C,60.0,unavailable,5.0
P_old,True,derated,False,0.3339050673522063,0.9999999999999993,34.81952566237493,phase-b1::final::sg-C::S4_unavailable_coincident::P_old::seed-003016,S4_unavailable_coincident,d5freq.phase_b1.compact_episode_audits.v1,3016,C,60.0,unavailable,10.0
P_old,True,derated,False,0.3470889145612155,1.0,77.96481167393898,phase-b1::final::sg-C::S4_unavailable_coincident::P_old::seed-003016,S4_unavailable_coincident,d5freq.phase_b1.compact_episode_audits.v1,3016,C,60.0,unavailable,20.0
P_old,True,derated,False,0.4694492383852352,0.999999609400009,14.755581451243614,phase-b1::final::sg-C::S4_unavailable_coincident::P_old::seed-003017,S4_unavailable_coincident,d5freq.phase_b1.compact_episode_audits.v1,3017,C,60.0,unavailable,2.0
P_old,True,derated,False,0.603295406356773,1.0,85.17814100808619,phase-b1::final::sg-C::S4_unavailable_coincident::P_old::seed-003017,S4_unavailable_coincident,d5freq.phase_b1.compact_episode_audits.v1,3017,C,60.0,unavailable,5.0
P_old,True,derated,False,0.47737046491748236,1.0,103.01713115551217,phase-b1::final::sg-C::S4_unavailable_coincident::P_old::seed-003017,S4_unavailable_coincident,d5freq.phase_b1.compact_episode_audits.v1,3017,C,60.0,unavailable,10.0
P_old,True,derated,False,0.4094486413194741,1.0,138.9598151244177,phase-b1::final::sg-C::S4_unavailable_coincident::P_old::seed-003017,S4_unavailable_coincident,d5freq.phase_b1.compact_episode_audits.v1,3017,C,60.0,unavailable,20.0
P_old,True,derated,False,0.42640262439927956,0.9999739613452059,10.57432643771292,phase-b1::final::sg-C::S4_unavailable_coincident::P_old::seed-003018,S4_unavailable_coincident,d5freq.phase_b1.compact_episode_audits.v1,3018,C,60.0,unavailable,2.0
P_old,True,derated,False,0.5854568977459942,1.0,76.61725655437903,phase-b1::final::sg-C::S4_unavailable_coincident::P_old::seed-003018,S4_unavailable_coincident,d5freq.phase_b1.compact_episode_audits.v1,3018,C,60.0,unavailable,5.0
P_old,True,derated,False,0.4870312261296588,1.0,102.68020564693461,phase-b1::final::sg-C::S4_unavailable_coincident::P_old::seed-003018,S4_unavailable_coincident,d5freq.phase_b1.compact_episode_audits.v1,3018,C,60.0,unavailable,10.0
P_old,True,derated,False,0.4085817095168471,1.0,137.25032896341605,phase-b1::final::sg-C::S4_unavailable_coincident::P_old::seed-003018,S4_unavailable_coincident,d5freq.phase_b1.compact_episode_audits.v1,3018,C,60.0,unavailable,20.0
P_old,True,derated,False,0.4318323594296245,0.9999961207628211,12.459868206796962,phase-b1::final::sg-C::S4_unavailable_coincident::P_old::seed-003019,S4_unavailable_coincident,d5freq.phase_b1.compact_episode_audits.v1,3019,C,60.0,unavailable,2.0
P_old,True,derated,False,0.38301367663382024,0.9999999998475677,22.604300678453008,phase-b1::final::sg-C::S4_unavailable_coincident::P_old::seed-003019,S4_unavailable_coincident,d5freq.phase_b1.compact_episode_audits.v1,3019,C,60.0,unavailable,5.0
P_old,True,derated,False,0.3504985425002374,1.0,39.38144233452253,phase-b1::final::sg-C::S4_unavailable_coincident::P_old::seed-003019,S4_unavailable_coincident,d5freq.phase_b1.compact_episode_audits.v1,3019,C,60.0,unavailable,10.0
P_old,True,derated,False,0.33968272429302326,1.0,73.77219956502316,phase-b1::final::sg-C::S4_unavailable_coincident::P_old::seed-003019,S4_unavailable_coincident,d5freq.phase_b1.compact_episode_audits.v1,3019,C,60.0,unavailable,20.0
P_old,True,derated,False,0.4329317673303221,0.9999788590909952,10.765959914968896,phase-b1::final::sg-C::S4_unavailable_coincident::P_old::seed-003020,S4_unavailable_coincident,d5freq.phase_b1.compact_episode_audits.v1,3020,C,60.0,unavailable,2.0
P_old,True,derated,False,0.5881084119477276,1.0,77.13069549336336,phase-b1::final::sg-C::S4_unavailable_coincident::P_old::seed-003020,S4_unavailable_coincident,d5freq.phase_b1.compact_episode_audits.v1,3020,C,60.0,unavailable,5.0
P_old,True,derated,False,0.4702681825488413,1.0,94.82390348249781,phase-b1::final::sg-C::S4_unavailable_coincident::P_old::seed-003020,S4_unavailable_coincident,d5freq.phase_b1.compact_episode_audits.v1,3020,C,60.0,unavailable,10.0
P_old,True,derated,False,0.4069653200042153,1.0,131.3697008314138,phase-b1::final::sg-C::S4_unavailable_coincident::P_old::seed-003020,S4_unavailable_coincident,d5freq.phase_b1.compact_episode_audits.v1,3020,C,60.0,unavailable,20.0
P_old,True,derated,False,0.4448028285028367,0.9999984580060765,13.382432692247377,phase-b1::final::sg-C::S4_unavailable_coincident::P_old::seed-003021,S4_unavailable_coincident,d5freq.phase_b1.compact_episode_audits.v1,3021,C,60.0,unavailable,2.0
P_old,True,derated,False,0.5013497631713939,1.0,59.47975041056894,phase-b1::final::sg-C::S4_unavailable_coincident::P_old::seed-003021,S4_unavailable_coincident,d5freq.phase_b1.compact_episode_audits.v1,3021,C,60.0,unavailable,5.0
P_old,True,derated,False,0.41301716461965876,1.0,76.1936221846453,phase-b1::final::sg-C::S4_unavailable_coincident::P_old::seed-003021,S4_unavailable_coincident,d5freq.phase_b1.compact_episode_audits.v1,3021,C,60.0,unavailable,10.0
P_old,True,derated,False,0.3676887882452483,1.0,109.97771494322666,phase-b1::final::sg-C::S4_unavailable_coincident::P_old::seed-003021,S4_unavailable_coincident,d5freq.phase_b1.compact_episode_audits.v1,3021,C,60.0,unavailable,20.0
P_old,True,derated,False,0.39367045398219436,0.9997174034387379,8.171207619751112,phase-b1::final::sg-C::S4_unavailable_coincident::P_old::seed-003022,S4_unavailable_coincident,d5freq.phase_b1.compact_episode_audits.v1,3022,C,60.0,unavailable,2.0
P_old,True,derated,False,0.40079497016757515,0.9999999999750455,24.41396996811445,phase-b1::final::sg-C::S4_unavailable_coincident::P_old::seed-003022,S4_unavailable_coincident,d5freq.phase_b1.compact_episode_audits.v1,3022,C,60.0,unavailable,5.0
P_old,True,derated,False,0.35921787091345453,1.0,41.19168455375332,phase-b1::final::sg-C::S4_unavailable_coincident::P_old::seed-003022,S4_unavailable_coincident,d5freq.phase_b1.compact_episode_audits.v1,3022,C,60.0,unavailable,10.0
P_old,True,derated,False,0.36113786490874206,1.0,81.52672502250232,phase-b1::final::sg-C::S4_unavailable_coincident::P_old::seed-003022,S4_unavailable_coincident,d5freq.phase_b1.compact_episode_audits.v1,3022,C,60.0,unavailable,20.0
P_old,True,derated,False,0.4331501942126017,0.9999784028662293,10.74612769935014,phase-b1::final::sg-C::S4_unavailable_coincident::P_old::seed-003023,S4_unavailable_coincident,d5freq.phase_b1.compact_episode_audits.v1,3023,C,60.0,unavailable,2.0
P_old,True,derated,False,0.3694472041204204,0.9999999990211494,20.74464210233137,phase-b1::final::sg-C::S4_unavailable_coincident::P_old::seed-003023,S4_unavailable_coincident,d5freq.phase_b1.compact_episode_audits.v1,3023,C,60.0,unavailable,5.0
P_old,True,derated,False,0.34359517767422953,1.0,37.51075933985766,phase-b1::final::sg-C::S4_unavailable_coincident::P_old::seed-003023,S4_unavailable_coincident,d5freq.phase_b1.compact_episode_audits.v1,3023,C,60.0,unavailable,10.0
P_old,True,derated,False,0.35297823749534796,1.0,76.2950932724222,phase-b1::final::sg-C::S4_unavailable_coincident::P_old::seed-003023,S4_unavailable_coincident,d5freq.phase_b1.compact_episode_audits.v1,3023,C,60.0,unavailable,20.0
P_old,True,derated,False,0.4899009649827517,0.9999973774876791,12.851375176053569,phase-b1::final::sg-C::S4_unavailable_coincident::P_old::seed-003024,S4_unavailable_coincident,d5freq.phase_b1.compact_episode_audits.v1,3024,C,60.0,unavailable,2.0
P_old,True,derated,False,0.565467751243272,1.0,68.38373270873564,phase-b1::final::sg-C::S4_unavailable_coincident::P_old::seed-003024,S4_unavailable_coincident,d5freq.phase_b1.compact_episode_audits.v1,3024,C,60.0,unavailable,5.0
P_old,True,derated,False,0.44530706607190246,1.0,84.95530416667118,phase-b1::final::sg-C::S4_unavailable_coincident::P_old::seed-003024,S4_unavailable_coincident,d5freq.phase_b1.compact_episode_audits.v1,3024,C,60.0,unavailable,10.0
P_old,True,derated,False,0.39750385523458925,1.0,124.19686404231086,phase-b1::final::sg-C::S4_unavailable_coincident::P_old::seed-003024,S4_unavailable_coincident,d5freq.phase_b1.compact_episode_audits.v1,3024,C,60.0,unavailable,20.0
P_old,True,derated,False,0.3955735375915418,0.9997481469160194,8.286412755752828,phase-b1::final::sg-C::S4_unavailable_coincident::P_old::seed-003025,S4_unavailable_coincident,d5freq.phase_b1.compact_episode_audits.v1,3025,C,60.0,unavailable,2.0
P_old,True,derated,False,0.555716053138832,1.0,68.0992300963707,phase-b1::final::sg-C::S4_unavailable_coincident::P_old::seed-003025,S4_unavailable_coincident,d5freq.phase_b1.compact_episode_audits.v1,3025,C,60.0,unavailable,5.0
P_old,True,derated,False,0.4441779543800159,1.0,84.45689818387866,phase-b1::final::sg-C::S4_unavailable_coincident::P_old::seed-003025,S4_unavailable_coincident,d5freq.phase_b1.compact_episode_audits.v1,3025,C,60.0,unavailable,10.0
P_old,True,derated,False,0.37729806618372547,1.0,117.28064881526382,phase-b1::final::sg-C::S4_unavailable_coincident::P_old::seed-003025,S4_unavailable_coincident,d5freq.phase_b1.compact_episode_audits.v1,3025,C,60.0,unavailable,20.0
P_old,True,derated,False,0.4183642452679971,0.9999911472984727,11.634785440598499,phase-b1::final::sg-C::S4_unavailable_coincident::P_old::seed-003026,S4_unavailable_coincident,d5freq.phase_b1.compact_episode_audits.v1,3026,C,60.0,unavailable,2.0
P_old,True,derated,False,0.3707046030527468,0.9999999996196309,21.68987910846539,phase-b1::final::sg-C::S4_unavailable_coincident::P_old::seed-003026,S4_unavailable_coincident,d5freq.phase_b1.compact_episode_audits.v1,3026,C,60.0,unavailable,5.0
P_old,True,derated,False,0.3446208607972235,1.0,38.49459007543268,phase-b1::final::sg-C::S4_unavailable_coincident::P_old::seed-003026,S4_unavailable_coincident,d5freq.phase_b1.compact_episode_audits.v1,3026,C,60.0,unavailable,10.0
P_old,True,derated,False,0.34423259397805556,1.0,75.03287897660945,phase-b1::final::sg-C::S4_unavailable_coincident::P_old::seed-003026,S4_unavailable_coincident,d5freq.phase_b1.compact_episode_audits.v1,3026,C,60.0,unavailable,20.0
P_old,True,derated,False,0.4602114281068734,0.999999364610962,14.269027731999252,phase-b1::final::sg-C::S4_unavailable_coincident::P_old::seed-003027,S4_unavailable_coincident,d5freq.phase_b1.compact_episode_audits.v1,3027,C,60.0,unavailable,2.0
P_old,True,derated,False,0.3907821674286191,0.9999999999672833,24.143137142284893,phase-b1::final::sg-C::S4_unavailable_coincident::P_old::seed-003027,S4_unavailable_coincident,d5freq.phase_b1.compact_episode_audits.v1,3027,C,60.0,unavailable,5.0
P_old,True,derated,False,0.3549382399553069,1.0,40.974814014829875,phase-b1::final::sg-C::S4_unavailable_coincident::P_old::seed-003027,S4_unavailable_coincident,d5freq.phase_b1.compact_episode_audits.v1,3027,C,60.0,unavailable,10.0
P_old,True,derated,False,0.3490364105810837,1.0,77.48787843650439,phase-b1::final::sg-C::S4_unavailable_coincident::P_old::seed-003027,S4_unavailable_coincident,d5freq.phase_b1.compact_episode_audits.v1,3027,C,60.0,unavailable,20.0
P_old,True,derated,False,0.42717826313228285,0.9999954400721546,12.298199555667978,phase-b1::final::sg-C::S4_unavailable_coincident::P_old::seed-003028,S4_unavailable_coincident,d5freq.phase_b1.compact_episode_audits.v1,3028,C,60.0,unavailable,2.0
P_old,True,derated,False,0.37950805363029444,0.9999999998197813,22.436850039409656,phase-b1::final::sg-C::S4_unavailable_coincident::P_old::seed-003028,S4_unavailable_coincident,d5freq.phase_b1.compact_episode_audits.v1,3028,C,60.0,unavailable,5.0
P_old,True,derated,False,0.3487572514373114,1.0,39.21544302933275,phase-b1::final::sg-C::S4_unavailable_coincident::P_old::seed-003028,S4_unavailable_coincident,d5freq.phase_b1.compact_episode_audits.v1,3028,C,60.0,unavailable,10.0
P_old,True,derated,False,0.34672547204414356,1.0,76.01886878672374,phase-b1::final::sg-C::S4_unavailable_coincident::P_old::seed-003028,S4_unavailable_coincident,d5freq.phase_b1.compact_episode_audits.v1,3028,C,60.0,unavailable,20.0
P_old,True,derated,False,0.42060872864949284,0.9999901925672677,11.532362177338008,phase-b1::final::sg-C::S4_unavailable_coincident::P_old::seed-003029,S4_unavailable_coincident,d5freq.phase_b1.compact_episode_audits.v1,3029,C,60.0,unavailable,2.0
P_old,True,derated,False,0.43692159574134093,1.0,38.67888126190563,phase-b1::final::sg-C::S4_unavailable_coincident::P_old::seed-003029,S4_unavailable_coincident,d5freq.phase_b1.compact_episode_audits.v1,3029,C,60.0,unavailable,5.0
P_old,True,derated,False,0.3763973510910991,1.0,55.24779133136889,phase-b1::final::sg-C::S4_unavailable_coincident::P_old::seed-003029,S4_unavailable_coincident,d5freq.phase_b1.compact_episode_audits.v1,3029,C,60.0,unavailable,10.0
P_old,True,derated,False,0.3502519256272626,1.0,89.92462060189379,phase-b1::final::sg-C::S4_unavailable_coincident::P_old::seed-003029,S4_unavailable_coincident,d5freq.phase_b1.compact_episode_audits.v1,3029,C,60.0,unavailable,20.0
P_old,False,unavailable,True,0.0402839049852408,0.15822193265755224,-1.3794794678743685,phase-b1::final::sg-A::S5_multi_switch_stochastic::P_old::seed-003000,S5_multi_switch_stochastic,d5freq.phase_b1.compact_episode_audits.v1,3000,A,45.0,sluggish,2.0
P_old,False,unavailable,True,0.03974756244849818,0.03702495604996041,-3.248119159800197,phase-b1::final::sg-A::S5_multi_switch_stochastic::P_old::seed-003000,S5_multi_switch_stochastic,d5freq.phase_b1.compact_episode_audits.v1,3000,A,45.0,sluggish,5.0
P_old,False,unavailable,True,0.03597147384527241,0.001168866993851184,-6.750488779451388,phase-b1::final::sg-A::S5_multi_switch_stochastic::P_old::seed-003000,S5_multi_switch_stochastic,d5freq.phase_b1.compact_episode_audits.v1,3000,A,45.0,sluggish,10.0
P_old,False,unavailable,True,0.03854709064190084,1.8295832750439132e-06,-13.211420506013042,phase-b1::final::sg-A::S5_multi_switch_stochastic::P_old::seed-003000,S5_multi_switch_stochastic,d5freq.phase_b1.compact_episode_audits.v1,3000,A,45.0,sluggish,20.0
P_old,False,unavailable,True,0.36874927189416606,0.0008125586796664287,-7.0740273698356795,phase-b1::final::sg-A::S5_multi_switch_stochastic::P_old::seed-003000,S5_multi_switch_stochastic,d5freq.phase_b1.compact_episode_audits.v1,3000,A,90.0,derated,2.0
P_old,False,unavailable,True,0.3331243883037476,7.233923933834149e-08,-16.43577001317002,phase-b1::final::sg-A::S5_multi_switch_stochastic::P_old::seed-003000,S5_multi_switch_stochastic,d5freq.phase_b1.compact_episode_audits.v1,3000,A,90.0,derated,5.0
P_old,False,unavailable,True,0.32217078818666084,4.67744831132953e-14,-30.69297620427068,phase-b1::final::sg-A::S5_multi_switch_stochastic::P_old::seed-003000,S5_multi_switch_stochastic,d5freq.phase_b1.compact_episode_audits.v1,3000,A,90.0,derated,10.0
P_old,False,sluggish,True,0.23909893787706976,1.3364581228834367e-19,-43.45858821521645,phase-b1::final::sg-A::S5_multi_switch_stochastic::P_old::seed-003000,S5_multi_switch_stochastic,d5freq.phase_b1.compact_episode_audits.v1,3000,A,90.0,derated,20.0
P_old,False,unavailable,True,0.024855539322811128,0.3802974239662811,-0.20601386275268752,phase-b1::final::sg-A::S5_multi_switch_stochastic::P_old::seed-003000,S5_multi_switch_stochastic,d5freq.phase_b1.compact_episode_audits.v1,3000,A,135.0,nominal,2.0
P_old,False,unavailable,True,0.01831130666027353,0.3067849671394958,-0.7642011018699293,phase-b1::final::sg-A::S5_multi_switch_stochastic::P_old::seed-003000,S5_multi_switch_stochastic,d5freq.phase_b1.compact_episode_audits.v1,3000,A,135.0,nominal,5.0
P_old,False,unavailable,True,0.030273274102544163,0.27503328932062193,-0.9577636709322803,phase-b1::final::sg-A::S5_multi_switch_stochastic::P_old::seed-003000,S5_multi_switch_stochastic,d5freq.phase_b1.compact_episode_audits.v1,3000,A,135.0,nominal,10.0
P_old,False,unavailable,True,0.06883550020959052,0.17510014803544666,-1.5489994255351576,phase-b1::final::sg-A::S5_multi_switch_stochastic::P_old::seed-003000,S5_multi_switch_stochastic,d5freq.phase_b1.compact_episode_audits.v1,3000,A,135.0,nominal,20.0
P_old,True,nominal,False,0.12361694511729371,0.976467009457784,4.077074649025317,phase-b1::final::sg-A::S5_multi_switch_stochastic::P_old::seed-003001,S5_multi_switch_stochastic,d5freq.phase_b1.compact_episode_audits.v1,3001,A,45.0,sluggish,2.0
P_old,True,derated,False,0.25456472780848116,0.9999967270636989,12.629831214815411,phase-b1::final::sg-A::S5_multi_switch_stochastic::P_old::seed-003001,S5_multi_switch_stochastic,d5freq.phase_b1.compact_episode_audits.v1,3001,A,45.0,sluggish,5.0
P_old,True,unavailable,False,0.22123182397435417,0.9999999999034952,23.206395078020037,phase-b1::final::sg-A::S5_multi_switch_stochastic::P_old::seed-003001,S5_multi_switch_stochastic,d5freq.phase_b1.compact_episode_audits.v1,3001,A,45.0,sluggish,10.0
P_old,True,unavailable,False,0.1282682371774319,0.999999856602171,15.757642904144177,phase-b1::final::sg-A::S5_multi_switch_stochastic::P_old::seed-003001,S5_multi_switch_stochastic,d5freq.phase_b1.compact_episode_audits.v1,3001,A,45.0,sluggish,20.0
P_old,False,nominal,True,0.28104060304606604,0.0017573146936121257,-5.566006287406857,phase-b1::final::sg-A::S5_multi_switch_stochastic::P_old::seed-003001,S5_multi_switch_stochastic,d5freq.phase_b1.compact_episode_audits.v1,3001,A,90.0,derated,2.0
P_old,False,sluggish,True,0.23004704621164232,1.0274939318396285e-05,-10.80556831832223,phase-b1::final::sg-A::S5_multi_switch_stochastic::P_old::seed-003001,S5_multi_switch_stochastic,d5freq.phase_b1.compact_episode_audits.v1,3001,A,90.0,derated,5.0
P_old,False,sluggish,True,0.2302942640716333,2.461554274569282e-10,-22.02725245131512,phase-b1::final::sg-A::S5_multi_switch_stochastic::P_old::seed-003001,S5_multi_switch_stochastic,d5freq.phase_b1.compact_episode_audits.v1,3001,A,90.0,derated,10.0
P_old,False,sluggish,True,0.2302718869996724,1.2519861827088544e-20,-45.583726284886495,phase-b1::final::sg-A::S5_multi_switch_stochastic::P_old::seed-003001,S5_multi_switch_stochastic,d5freq.phase_b1.compact_episode_audits.v1,3001,A,90.0,derated,20.0
P_old,False,unavailable,True,0.12491738364569338,0.33415263477184404,-0.25931364466333306,phase-b1::final::sg-A::S5_multi_switch_stochastic::P_old::seed-003001,S5_multi_switch_stochastic,d5freq.phase_b1.compact_episode_audits.v1,3001,A,135.0,nominal,2.0
P_old,False,unavailable,True,0.14072285381514976,0.02546416395352881,-3.594990155449139,phase-b1::final::sg-A::S5_multi_switch_stochastic::P_old::seed-003001,S5_multi_switch_stochastic,d5freq.phase_b1.compact_episode_audits.v1,3001,A,135.0,nominal,5.0
P_old,False,unavailable,True,0.1154052461443225,0.00043225414998836274,-7.744562974579765,phase-b1::final::sg-A::S5_multi_switch_stochastic::P_old::seed-003001,S5_multi_switch_stochastic,d5freq.phase_b1.compact_episode_audits.v1,3001,A,135.0,nominal,10.0
P_old,False,unavailable,True,0.14661264346418315,0.00026124394535382043,-8.249518389616242,phase-b1::final::sg-A::S5_multi_switch_stochastic::P_old::seed-003001,S5_multi_switch_stochastic,d5freq.phase_b1.compact_episode_audits.v1,3001,A,135.0,nominal,20.0
P_old,True,unavailable,True,0.1874179381998087,0.45645896033500494,0.03136840429038301,phase-b1::final::sg-A::S5_multi_switch_stochastic::P_old::seed-003002,S5_multi_switch_stochastic,d5freq.phase_b1.compact_episode_audits.v1,3002,A,45.0,sluggish,2.0
P_old,False,unavailable,True,0.12420091676701508,0.033579056949854,-3.359696860563176,phase-b1::final::sg-A::S5_multi_switch_stochastic::P_old::seed-003002,S5_multi_switch_stochastic,d5freq.phase_b1.compact_episode_audits.v1,3002,A,45.0,sluggish,5.0
P_old,False,unavailable,True,0.15174684157368457,0.1628893725605779,-1.636884958687702,phase-b1::final::sg-A::S5_multi_switch_stochastic::P_old::seed-003002,S5_multi_switch_stochastic,d5freq.phase_b1.compact_episode_audits.v1,3002,A,45.0,sluggish,10.0
P_old,False,unavailable,True,0.0972651188007421,7.512924022368657e-05,-9.496225592393728,phase-b1::final::sg-A::S5_multi_switch_stochastic::P_old::seed-003002,S5_multi_switch_stochastic,d5freq.phase_b1.compact_episode_audits.v1,3002,A,45.0,sluggish,20.0
P_old,False,unavailable,True,0.3099406529834494,0.0015142848940454246,-6.102567515304749,phase-b1::final::sg-A::S5_multi_switch_stochastic::P_old::seed-003002,S5_multi_switch_stochastic,d5freq.phase_b1.compact_episode_audits.v1,3002,A,90.0,derated,2.0
P_old,False,unavailable,True,0.31100261740173374,4.926175319855197e-07,-14.428829154157306,phase-b1::final::sg-A::S5_multi_switch_stochastic::P_old::seed-003002,S5_multi_switch_stochastic,d5freq.phase_b1.compact_episode_audits.v1,3002,A,90.0,derated,5.0
P_old,False,unavailable,True,0.31138233816589167,3.1020997481559015e-12,-26.477959693597924,phase-b1::final::sg-A::S5_multi_switch_stochastic::P_old::seed-003002,S5_multi_switch_stochastic,d5freq.phase_b1.compact_episode_audits.v1,3002,A,90.0,derated,10.0
P_old,False,unavailable,True,0.311674334300974,6.202404779200118e-24,-53.4367808863837,phase-b1::final::sg-A::S5_multi_switch_stochastic::P_old::seed-003002,S5_multi_switch_stochastic,d5freq.phase_b1.compact_episode_audits.v1,3002,A,90.0,derated,20.0
P_old,True,unavailable,True,0.050190554359658864,0.46866654767635696,0.15803638335980352,phase-b1::final::sg-A::S5_multi_switch_stochastic::P_old::seed-003002,S5_multi_switch_stochastic,d5freq.phase_b1.compact_episode_audits.v1,3002,A,135.0,nominal,2.0
P_old,True,unavailable,True,0.06274392921578129,0.5462132609203333,0.2902086434466611,phase-b1::final::sg-A::S5_multi_switch_stochastic::P_old::seed-003002,S5_multi_switch_stochastic,d5freq.phase_b1.compact_episode_audits.v1,3002,A,135.0,nominal,5.0
P_old,False,unavailable,True,0.10192456767174449,0.1473429531026062,-1.7476079668036562,phase-b1::final::sg-A::S5_multi_switch_stochastic::P_old::seed-003002,S5_multi_switch_stochastic,d5freq.phase_b1.compact_episode_audits.v1,3002,A,135.0,nominal,10.0
P_old,True,sluggish,False,0.09456778561905313,0.9990052016230635,6.917698741656636,phase-b1::final::sg-A::S5_multi_switch_stochastic::P_old::seed-003002,S5_multi_switch_stochastic,d5freq.phase_b1.compact_episode_audits.v1,3002,A,135.0,nominal,20.0
P_old,False,unavailable,True,0.03231502195575043,0.16660245064813306,-1.4404702673107472,phase-b1::final::sg-A::S5_multi_switch_stochastic::P_old::seed-003003,S5_multi_switch_stochastic,d5freq.phase_b1.compact_episode_audits.v1,3003,A,45.0,sluggish,2.0
P_old,False,unavailable,True,0.03311873939347759,0.026367667815595117,-3.602370311812109,phase-b1::final::sg-A::S5_multi_switch_stochastic::P_old::seed-003003,S5_multi_switch_stochastic,d5freq.phase_b1.compact_episode_audits.v1,3003,A,45.0,sluggish,5.0
P_old,False,unavailable,True,0.07572013778481898,1.5203441467855765e-05,-11.09397353982348,phase-b1::final::sg-A::S5_multi_switch_stochastic::P_old::seed-003003,S5_multi_switch_stochastic,d5freq.phase_b1.compact_episode_audits.v1,3003,A,45.0,sluggish,10.0
P_old,False,unavailable,True,0.06206771440461678,1.3315180669831615e-08,-18.13436103556279,phase-b1::final::sg-A::S5_multi_switch_stochastic::P_old::seed-003003,S5_multi_switch_stochastic,d5freq.phase_b1.compact_episode_audits.v1,3003,A,45.0,sluggish,20.0
P_old,False,sluggish,True,0.23190172863277572,0.007776796539163131,-4.001635604771739,phase-b1::final::sg-A::S5_multi_switch_stochastic::P_old::seed-003003,S5_multi_switch_stochastic,d5freq.phase_b1.compact_episode_audits.v1,3003,A,90.0,derated,2.0
P_old,False,unavailable,True,0.3128997336357079,6.739682570364932e-06,-11.622998961741452,phase-b1::final::sg-A::S5_multi_switch_stochastic::P_old::seed-003003,S5_multi_switch_stochastic,d5freq.phase_b1.compact_episode_audits.v1,3003,A,90.0,derated,5.0
P_old,False,unavailable,True,0.31318423794020067,3.334098847951325e-11,-24.058992331845474,phase-b1::final::sg-A::S5_multi_switch_stochastic::P_old::seed-003003,S5_multi_switch_stochastic,d5freq.phase_b1.compact_episode_audits.v1,3003,A,90.0,derated,10.0
P_old,False,unavailable,True,0.31239260367585164,4.467515771224113e-22,-49.14747628208724,phase-b1::final::sg-A::S5_multi_switch_stochastic::P_old::seed-003003,S5_multi_switch_stochastic,d5freq.phase_b1.compact_episode_audits.v1,3003,A,90.0,derated,20.0
P_old,False,unavailable,True,0.0883741491812799,0.12680073637656675,-1.697343141687817,phase-b1::final::sg-A::S5_multi_switch_stochastic::P_old::seed-003003,S5_multi_switch_stochastic,d5freq.phase_b1.compact_episode_audits.v1,3003,A,135.0,nominal,2.0
P_old,False,unavailable,True,0.09414362457447785,0.04789848106518169,-2.9356461226176123,phase-b1::final::sg-A::S5_multi_switch_stochastic::P_old::seed-003003,S5_multi_switch_stochastic,d5freq.phase_b1.compact_episode_audits.v1,3003,A,135.0,nominal,5.0
P_old,True,unavailable,True,0.15500190559272312,0.7546072800937685,1.2767412551020527,phase-b1::final::sg-A::S5_multi_switch_stochastic::P_old::seed-003003,S5_multi_switch_stochastic,d5freq.phase_b1.compact_episode_audits.v1,3003,A,135.0,nominal,10.0
P_old,False,unavailable,True,0.14152367952665107,0.0077518791425623,-4.851046109541073,phase-b1::final::sg-A::S5_multi_switch_stochastic::P_old::seed-003003,S5_multi_switch_stochastic,d5freq.phase_b1.compact_episode_audits.v1,3003,A,135.0,nominal,20.0
P_old,False,unavailable,True,0.06379577865848851,0.23396950848667955,-1.013081253034052,phase-b1::final::sg-A::S5_multi_switch_stochastic::P_old::seed-003004,S5_multi_switch_stochastic,d5freq.phase_b1.compact_episode_audits.v1,3004,A,45.0,sluggish,2.0
P_old,False,unavailable,True,0.046274940943401316,0.04169259407971531,-3.0859886392980656,phase-b1::final::sg-A::S5_multi_switch_stochastic::P_old::seed-003004,S5_multi_switch_stochastic,d5freq.phase_b1.compact_episode_audits.v1,3004,A,45.0,sluggish,5.0
P_old,False,unavailable,True,0.04179321873214217,0.002296811952506214,-6.071221969365155,phase-b1::final::sg-A::S5_multi_switch_stochastic::P_old::seed-003004,S5_multi_switch_stochastic,d5freq.phase_b1.compact_episode_audits.v1,3004,A,45.0,sluggish,10.0
P_old,False,unavailable,True,0.11135543107079124,2.8657752521695597e-08,-17.367841807606396,phase-b1::final::sg-A::S5_multi_switch_stochastic::P_old::seed-003004,S5_multi_switch_stochastic,d5freq.phase_b1.compact_episode_audits.v1,3004,A,45.0,sluggish,20.0
P_old,False,sluggish,True,0.23173102427923373,0.007474858594190331,-4.214113467171529,phase-b1::final::sg-A::S5_multi_switch_stochastic::P_old::seed-003004,S5_multi_switch_stochastic,d5freq.phase_b1.compact_episode_audits.v1,3004,A,90.0,derated,2.0
P_old,False,unavailable,True,0.31466484628336444,6.006770735856859e-06,-11.77417411906385,phase-b1::final::sg-A::S5_multi_switch_stochastic::P_old::seed-003004,S5_multi_switch_stochastic,d5freq.phase_b1.compact_episode_audits.v1,3004,A,90.0,derated,5.0
P_old,False,unavailable,True,0.3140587662934613,3.6701577749326424e-11,-23.879197683205916,phase-b1::final::sg-A::S5_multi_switch_stochastic::P_old::seed-003004,S5_multi_switch_stochastic,d5freq.phase_b1.compact_episode_audits.v1,3004,A,90.0,derated,10.0
P_old,False,sluggish,True,0.23216036330495946,3.345915990192349e-20,-44.27701508322093,phase-b1::final::sg-A::S5_multi_switch_stochastic::P_old::seed-003004,S5_multi_switch_stochastic,d5freq.phase_b1.compact_episode_audits.v1,3004,A,90.0,derated,20.0
P_old,False,sluggish,True,0.11209537749691313,0.09754490406633821,-1.5613293567111945,phase-b1::final::sg-A::S5_multi_switch_stochastic::P_old::seed-003004,S5_multi_switch_stochastic,d5freq.phase_b1.compact_episode_audits.v1,3004,A,135.0,nominal,2.0
P_old,False,unavailable,True,0.2010468342982573,0.006395434067594587,-4.8852799095476485,phase-b1::final::sg-A::S5_multi_switch_stochastic::P_old::seed-003004,S5_multi_switch_stochastic,d5freq.phase_b1.compact_episode_audits.v1,3004,A,135.0,nominal,5.0
P_old,False,unavailable,True,0.18074412419226124,0.0009662333544212064,-6.929376308064349,phase-b1::final::sg-A::S5_multi_switch_stochastic::P_old::seed-003004,S5_multi_switch_stochastic,d5freq.phase_b1.compact_episode_audits.v1,3004,A,135.0,nominal,10.0
P_old,False,sluggish,True,0.12098944982926066,0.016906354764665,-4.063014807516936,phase-b1::final::sg-A::S5_multi_switch_stochastic::P_old::seed-003004,S5_multi_switch_stochastic,d5freq.phase_b1.compact_episode_audits.v1,3004,A,135.0,nominal,20.0
P_old,True,nominal,True,0.045618766058866965,0.7348504820479418,1.2382875556649715,phase-b1::final::sg-A::S5_multi_switch_stochastic::P_old::seed-003005,S5_multi_switch_stochastic,d5freq.phase_b1.compact_episode_audits.v1,3005,A,45.0,sluggish,2.0
P_old,True,unavailable,True,0.1411029657475555,0.769810276571945,1.2072540673414949,phase-b1::final::sg-A::S5_multi_switch_stochastic::P_old::seed-003005,S5_multi_switch_stochastic,d5freq.phase_b1.compact_episode_audits.v1,3005,A,45.0,sluggish,5.0
P_old,False,unavailable,True,0.18512225575803692,0.00017195746721515457,-8.668091423109686,phase-b1::final::sg-A::S5_multi_switch_stochastic::P_old::seed-003005,S5_multi_switch_stochastic,d5freq.phase_b1.compact_episode_audits.v1,3005,A,45.0,sluggish,10.0
P_old,False,unavailable,True,0.11069055874407155,3.009891256755347e-07,-15.016191399184777,phase-b1::final::sg-A::S5_multi_switch_stochastic::P_old::seed-003005,S5_multi_switch_stochastic,d5freq.phase_b1.compact_episode_audits.v1,3005,A,45.0,sluggish,20.0
P_old,False,unavailable,True,0.31341580678777675,0.004518969070116174,-4.440432919564238,phase-b1::final::sg-A::S5_multi_switch_stochastic::P_old::seed-003005,S5_multi_switch_stochastic,d5freq.phase_b1.compact_episode_audits.v1,3005,A,90.0,derated,2.0
P_old,False,unavailable,True,0.31267261150412134,3.7766356234087126e-06,-11.855567017339332,phase-b1::final::sg-A::S5_multi_switch_stochastic::P_old::seed-003005,S5_multi_switch_stochastic,d5freq.phase_b1.compact_episode_audits.v1,3005,A,90.0,derated,5.0
P_old,False,sluggish,True,0.23102504208015792,1.0102702669598797e-09,-20.626908544626005,phase-b1::final::sg-A::S5_multi_switch_stochastic::P_old::seed-003005,S5_multi_switch_stochastic,d5freq.phase_b1.compact_episode_audits.v1,3005,A,90.0,derated,10.0
P_old,False,sluggish,True,0.23113165221392187,4.796242093133133e-19,-42.139028431954216,phase-b1::final::sg-A::S5_multi_switch_stochastic::P_old::seed-003005,S5_multi_switch_stochastic,d5freq.phase_b1.compact_episode_audits.v1,3005,A,90.0,derated,20.0
P_old,True,derated,False,0.3026710656020556,0.9082473005451327,2.933115496091002,phase-b1::final::sg-A::S5_multi_switch_stochastic::P_old::seed-003005,S5_multi_switch_stochastic,d5freq.phase_b1.compact_episode_audits.v1,3005,A,135.0,nominal,2.0
P_old,True,sluggish,False,0.21946068302463187,0.9660745975321638,3.3517911911653613,phase-b1::final::sg-A::S5_multi_switch_stochastic::P_old::seed-003005,S5_multi_switch_stochastic,d5freq.phase_b1.compact_episode_audits.v1,3005,A,135.0,nominal,5.0
P_old,True,sluggish,True,0.16199254942757593,0.7695398965436571,1.2057154015630687,phase-b1::final::sg-A::S5_multi_switch_stochastic::P_old::seed-003005,S5_multi_switch_stochastic,d5freq.phase_b1.compact_episode_audits.v1,3005,A,135.0,nominal,10.0
P_old,True,sluggish,False,0.15398231627740894,0.9894209101100753,4.53824043171835,phase-b1::final::sg-A::S5_multi_switch_stochastic::P_old::seed-003005,S5_multi_switch_stochastic,d5freq.phase_b1.compact_episode_audits.v1,3005,A,135.0,nominal,20.0
P_old,False,unavailable,True,0.06647052425651243,0.18802212650534184,-1.2748616041296366,phase-b1::final::sg-A::S5_multi_switch_stochastic::P_old::seed-003006,S5_multi_switch_stochastic,d5freq.phase_b1.compact_episode_audits.v1,3006,A,45.0,sluggish,2.0
P_old,False,unavailable,True,0.055966941629501867,0.040184623039174736,-3.17325640026003,phase-b1::final::sg-A::S5_multi_switch_stochastic::P_old::seed-003006,S5_multi_switch_stochastic,d5freq.phase_b1.compact_episode_audits.v1,3006,A,45.0,sluggish,5.0
P_old,False,unavailable,True,0.14185766473686123,5.8560867473793e-06,-12.04802311189249,phase-b1::final::sg-A::S5_multi_switch_stochastic::P_old::seed-003006,S5_multi_switch_stochastic,d5freq.phase_b1.compact_episode_audits.v1,3006,A,45.0,sluggish,10.0
P_old,True,unavailable,False,0.1778685553447267,0.9999996797547377,14.954178369724843,phase-b1::final::sg-A::S5_multi_switch_stochastic::P_old::seed-003006,S5_multi_switch_stochastic,d5freq.phase_b1.compact_episode_audits.v1,3006,A,45.0,sluggish,20.0
P_old,False,sluggish,True,0.2304156303083621,0.008379185005369327,-4.155052693888003,phase-b1::final::sg-A::S5_multi_switch_stochastic::P_old::seed-003006,S5_multi_switch_stochastic,d5freq.phase_b1.compact_episode_audits.v1,3006,A,90.0,derated,2.0
P_old,False,sluggish,True,0.2300604940009257,1.7381534295715783e-05,-10.41032809746119,phase-b1::final::sg-A::S5_multi_switch_stochastic::P_old::seed-003006,S5_multi_switch_stochastic,d5freq.phase_b1.compact_episode_audits.v1,3006,A,90.0,derated,5.0
P_old,False,sluggish,True,0.23165685599363278,1.1703373022569501e-08,-18.22777057026579,phase-b1::final::sg-A::S5_multi_switch_stochastic::P_old::seed-003006,S5_multi_switch_stochastic,d5freq.phase_b1.compact_episode_audits.v1,3006,A,90.0,derated,10.0
P_old,False,unavailable,True,0.31404762952115234,8.481245567946527e-20,-43.519868535201425,phase-b1::final::sg-A::S5_multi_switch_stochastic::P_old::seed-003006,S5_multi_switch_stochastic,d5freq.phase_b1.compact_episode_audits.v1,3006,A,90.0,derated,20.0
P_old,True,sluggish,False,0.20824023727275787,0.8582750842842795,2.0239119265606504,phase-b1::final::sg-A::S5_multi_switch_stochastic::P_old::seed-003006,S5_multi_switch_stochastic,d5freq.phase_b1.compact_episode_audits.v1,3006,A,135.0,nominal,2.0
P_old,True,sluggish,True,0.10676189363412407,0.7957068653059693,1.3970215221243762,phase-b1::final::sg-A::S5_multi_switch_stochastic::P_old::seed-003006,S5_multi_switch_stochastic,d5freq.phase_b1.compact_episode_audits.v1,3006,A,135.0,nominal,5.0
P_old,False,sluggish,True,0.09010247860887634,0.4063695869592742,-0.06336408412636274,phase-b1::final::sg-A::S5_multi_switch_stochastic::P_old::seed-003006,S5_multi_switch_stochastic,d5freq.phase_b1.compact_episode_audits.v1,3006,A,135.0,nominal,10.0
P_old,False,unavailable,True,0.15423723549915797,0.0024453345104916294,-6.002191465084309,phase-b1::final::sg-A::S5_multi_switch_stochastic::P_old::seed-003006,S5_multi_switch_stochastic,d5freq.phase_b1.compact_episode_audits.v1,3006,A,135.0,nominal,20.0
P_old,False,unavailable,True,0.0673972059718378,0.18859105121175004,-1.4580631920281384,phase-b1::final::sg-A::S5_multi_switch_stochastic::P_old::seed-003007,S5_multi_switch_stochastic,d5freq.phase_b1.compact_episode_audits.v1,3007,A,45.0,sluggish,2.0
P_old,False,unavailable,True,0.0475189481043642,0.027201789255490407,-3.576893849165643,phase-b1::final::sg-A::S5_multi_switch_stochastic::P_old::seed-003007,S5_multi_switch_stochastic,d5freq.phase_b1.compact_episode_audits.v1,3007,A,45.0,sluggish,5.0
P_old,False,unavailable,True,0.040172519719306424,0.0008330626276680388,-7.089568325531417,phase-b1::final::sg-A::S5_multi_switch_stochastic::P_old::seed-003007,S5_multi_switch_stochastic,d5freq.phase_b1.compact_episode_audits.v1,3007,A,45.0,sluggish,10.0
P_old,False,unavailable,True,0.03808714130551634,6.698667971107236e-07,-14.216186284742264,phase-b1::final::sg-A::S5_multi_switch_stochastic::P_old::seed-003007,S5_multi_switch_stochastic,d5freq.phase_b1.compact_episode_audits.v1,3007,A,45.0,sluggish,20.0
P_old,True,sluggish,True,0.2449791017125306,0.614150867155752,0.5239347627978539,phase-b1::final::sg-A::S5_multi_switch_stochastic::P_old::seed-003007,S5_multi_switch_stochastic,d5freq.phase_b1.compact_episode_audits.v1,3007,A,90.0,derated,2.0
P_old,False,sluggish,True,0.23569840558003197,0.0017836065973443997,-6.319706331113522,phase-b1::final::sg-A::S5_multi_switch_stochastic::P_old::seed-003007,S5_multi_switch_stochastic,d5freq.phase_b1.compact_episode_audits.v1,3007,A,90.0,derated,5.0
P_old,False,sluggish,True,0.23267040213198067,2.6994238441705523e-08,-17.427427632398704,phase-b1::final::sg-A::S5_multi_switch_stochastic::P_old::seed-003007,S5_multi_switch_stochastic,d5freq.phase_b1.compact_episode_audits.v1,3007,A,90.0,derated,10.0
P_old,False,sluggish,True,0.23136380822059377,1.0434789396407444e-18,-41.403856850527234,phase-b1::final::sg-A::S5_multi_switch_stochastic::P_old::seed-003007,S5_multi_switch_stochastic,d5freq.phase_b1.compact_episode_audits.v1,3007,A,90.0,derated,20.0
P_old,True,unavailable,True,0.08647125950806506,0.5097149035813159,0.49050407075626623,phase-b1::final::sg-A::S5_multi_switch_stochastic::P_old::seed-003007,S5_multi_switch_stochastic,d5freq.phase_b1.compact_episode_audits.v1,3007,A,135.0,nominal,2.0
P_old,False,sluggish,True,0.10333800332650873,0.3247462985317497,-0.5687103283332959,phase-b1::final::sg-A::S5_multi_switch_stochastic::P_old::seed-003007,S5_multi_switch_stochastic,d5freq.phase_b1.compact_episode_audits.v1,3007,A,135.0,nominal,5.0
P_old,True,unavailable,False,0.2420072798146037,0.9796193541945132,4.1989017064509255,phase-b1::final::sg-A::S5_multi_switch_stochastic::P_old::seed-003007,S5_multi_switch_stochastic,d5freq.phase_b1.compact_episode_audits.v1,3007,A,135.0,nominal,10.0
P_old,True,unavailable,False,0.1963393764296188,0.9405895774395462,2.7723417149892384,phase-b1::final::sg-A::S5_multi_switch_stochastic::P_old::seed-003007,S5_multi_switch_stochastic,d5freq.phase_b1.compact_episode_audits.v1,3007,A,135.0,nominal,20.0
P_old,True,derated,False,0.22966000736041414,0.9927956860158305,4.991285556054592,phase-b1::final::sg-A::S5_multi_switch_stochastic::P_old::seed-003008,S5_multi_switch_stochastic,d5freq.phase_b1.compact_episode_audits.v1,3008,A,45.0,sluggish,2.0
P_old,True,derated,False,0.2311181404595784,0.9999965310794103,12.571663612798673,phase-b1::final::sg-A::S5_multi_switch_stochastic::P_old::seed-003008,S5_multi_switch_stochastic,d5freq.phase_b1.compact_episode_audits.v1,3008,A,45.0,sluggish,5.0
P_old,True,derated,False,0.23635902455836963,0.999999999991009,25.434782267327833,phase-b1::final::sg-A::S5_multi_switch_stochastic::P_old::seed-003008,S5_multi_switch_stochastic,d5freq.phase_b1.compact_episode_audits.v1,3008,A,45.0,sluggish,10.0
P_old,True,derated,False,0.23277187013928521,1.0,50.973425652062446,phase-b1::final::sg-A::S5_multi_switch_stochastic::P_old::seed-003008,S5_multi_switch_stochastic,d5freq.phase_b1.compact_episode_audits.v1,3008,A,45.0,sluggish,20.0
P_old,False,unavailable,True,0.312624349211708,0.005289371305829881,-4.515597743502543,phase-b1::final::sg-A::S5_multi_switch_stochastic::P_old::seed-003008,S5_multi_switch_stochastic,d5freq.phase_b1.compact_episode_audits.v1,3008,A,90.0,derated,2.0
P_old,False,unavailable,True,0.3133376277928095,6.21314994269741e-06,-11.629357251399824,phase-b1::final::sg-A::S5_multi_switch_stochastic::P_old::seed-003008,S5_multi_switch_stochastic,d5freq.phase_b1.compact_episode_audits.v1,3008,A,90.0,derated,5.0
P_old,False,sluggish,True,0.2315451227181348,5.570390335541439e-10,-20.76181529873621,phase-b1::final::sg-A::S5_multi_switch_stochastic::P_old::seed-003008,S5_multi_switch_stochastic,d5freq.phase_b1.compact_episode_audits.v1,3008,A,90.0,derated,10.0
P_old,False,unavailable,True,0.31343206049120675,6.6537727858261435e-21,-46.278155845137405,phase-b1::final::sg-A::S5_multi_switch_stochastic::P_old::seed-003008,S5_multi_switch_stochastic,d5freq.phase_b1.compact_episode_audits.v1,3008,A,90.0,derated,20.0
P_old,False,unavailable,True,0.07176270654440517,0.20044556386818008,-1.1314867753240634,phase-b1::final::sg-A::S5_multi_switch_stochastic::P_old::seed-003008,S5_multi_switch_stochastic,d5freq.phase_b1.compact_episode_audits.v1,3008,A,135.0,nominal,2.0
P_old,True,sluggish,True,0.0674697893010577,0.4545280673852483,0.2877036143793674,phase-b1::final::sg-A::S5_multi_switch_stochastic::P_old::seed-003008,S5_multi_switch_stochastic,d5freq.phase_b1.compact_episode_audits.v1,3008,A,135.0,nominal,5.0
P_old,False,unavailable,True,0.21799509244407686,0.07679048735264395,-2.1459793143968966,phase-b1::final::sg-A::S5_multi_switch_stochastic::P_old::seed-003008,S5_multi_switch_stochastic,d5freq.phase_b1.compact_episode_audits.v1,3008,A,135.0,nominal,10.0
P_old,False,unavailable,True,0.17710227295361983,0.0005824831937355841,-7.447300621329248,phase-b1::final::sg-A::S5_multi_switch_stochastic::P_old::seed-003008,S5_multi_switch_stochastic,d5freq.phase_b1.compact_episode_audits.v1,3008,A,135.0,nominal,20.0
P_old,False,unavailable,True,0.04171923066062947,0.17497119571600647,-1.5495633676446978,phase-b1::final::sg-A::S5_multi_switch_stochastic::P_old::seed-003009,S5_multi_switch_stochastic,d5freq.phase_b1.compact_episode_audits.v1,3009,A,45.0,sluggish,2.0
P_old,False,unavailable,True,0.08741684492180364,0.002626336735302166,-5.9395354882203435,phase-b1::final::sg-A::S5_multi_switch_stochastic::P_old::seed-003009,S5_multi_switch_stochastic,d5freq.phase_b1.compact_episode_audits.v1,3009,A,45.0,sluggish,5.0
P_old,False,unavailable,True,0.1210734599183129,1.4550712736885443e-06,-13.440454218115278,phase-b1::final::sg-A::S5_multi_switch_stochastic::P_old::seed-003009,S5_multi_switch_stochastic,d5freq.phase_b1.compact_episode_audits.v1,3009,A,45.0,sluggish,10.0
P_old,False,unavailable,True,0.07599304021473575,1.4132084745016721e-09,-20.377403202372932,phase-b1::final::sg-A::S5_multi_switch_stochastic::P_old::seed-003009,S5_multi_switch_stochastic,d5freq.phase_b1.compact_episode_audits.v1,3009,A,45.0,sluggish,20.0
P_old,False,unavailable,True,0.31371333299280507,0.002602003425619129,-5.570102889103985,phase-b1::final::sg-A::S5_multi_switch_stochastic::P_old::seed-003009,S5_multi_switch_stochastic,d5freq.phase_b1.compact_episode_audits.v1,3009,A,90.0,derated,2.0
P_old,False,unavailable,True,0.3124313893797727,3.835195740298239e-06,-12.005237568482478,phase-b1::final::sg-A::S5_multi_switch_stochastic::P_old::seed-003009,S5_multi_switch_stochastic,d5freq.phase_b1.compact_episode_audits.v1,3009,A,90.0,derated,5.0
P_old,False,sluggish,True,0.23270422015562256,1.9151576339577207e-09,-19.982523097502906,phase-b1::final::sg-A::S5_multi_switch_stochastic::P_old::seed-003009,S5_multi_switch_stochastic,d5freq.phase_b1.compact_episode_audits.v1,3009,A,90.0,derated,10.0
P_old,False,sluggish,True,0.23134129558875563,1.0107081013166182e-19,-43.23543490785647,phase-b1::final::sg-A::S5_multi_switch_stochastic::P_old::seed-003009,S5_multi_switch_stochastic,d5freq.phase_b1.compact_episode_audits.v1,3009,A,90.0,derated,20.0
P_old,True,sluggish,False,0.2019799293905848,0.8842283578557482,2.456312384824251,phase-b1::final::sg-A::S5_multi_switch_stochastic::P_old::seed-003009,S5_multi_switch_stochastic,d5freq.phase_b1.compact_episode_audits.v1,3009,A,135.0,nominal,2.0
P_old,True,sluggish,False,0.11293550645872621,0.9655587544656492,3.334449631087331,phase-b1::final::sg-A::S5_multi_switch_stochastic::P_old::seed-003009,S5_multi_switch_stochastic,d5freq.phase_b1.compact_episode_audits.v1,3009,A,135.0,nominal,5.0
P_old,True,sluggish,True,0.10538029945747603,0.8755594280148473,1.9510996048575322,phase-b1::final::sg-A::S5_multi_switch_stochastic::P_old::seed-003009,S5_multi_switch_stochastic,d5freq.phase_b1.compact_episode_audits.v1,3009,A,135.0,nominal,10.0
P_old,False,sluggish,True,0.07436871046163689,0.34158747279953594,-0.6531892350741373,phase-b1::final::sg-A::S5_multi_switch_stochastic::P_old::seed-003009,S5_multi_switch_stochastic,d5freq.phase_b1.compact_episode_audits.v1,3009,A,135.0,nominal,20.0
P_old,False,unavailable,True,0.03873470698350021,0.1965023221232348,-1.4039869275460113,phase-b1::final::sg-A::S5_multi_switch_stochastic::P_old::seed-003010,S5_multi_switch_stochastic,d5freq.phase_b1.compact_episode_audits.v1,3010,A,45.0,sluggish,2.0
P_old,False,unavailable,True,0.11286449502145715,0.05660457372159144,-2.8133956951103585,phase-b1::final::sg-A::S5_multi_switch_stochastic::P_old::seed-003010,S5_multi_switch_stochastic,d5freq.phase_b1.compact_episode_audits.v1,3010,A,45.0,sluggish,5.0
P_old,False,unavailable,True,0.08352510512041617,0.005887973344835592,-5.12893804879414,phase-b1::final::sg-A::S5_multi_switch_stochastic::P_old::seed-003010,S5_multi_switch_stochastic,d5freq.phase_b1.compact_episode_audits.v1,3010,A,45.0,sluggish,10.0
P_old,False,unavailable,True,0.05819815310170917,4.713070373636647e-06,-12.265166265239259,phase-b1::final::sg-A::S5_multi_switch_stochastic::P_old::seed-003010,S5_multi_switch_stochastic,d5freq.phase_b1.compact_episode_audits.v1,3010,A,45.0,sluggish,20.0
P_old,False,unavailable,True,0.312086741056323,0.002456011385023118,-5.411584847585889,phase-b1::final::sg-A::S5_multi_switch_stochastic::P_old::seed-003010,S5_multi_switch_stochastic,d5freq.phase_b1.compact_episode_audits.v1,3010,A,90.0,derated,2.0
P_old,False,unavailable,True,0.3107251492713612,3.1668073399796057e-07,-14.874641122592173,phase-b1::final::sg-A::S5_multi_switch_stochastic::P_old::seed-003010,S5_multi_switch_stochastic,d5freq.phase_b1.compact_episode_audits.v1,3010,A,90.0,derated,5.0
P_old,False,unavailable,True,0.31047563551489465,8.005814748265459e-14,-30.15206958850419,phase-b1::final::sg-A::S5_multi_switch_stochastic::P_old::seed-003010,S5_multi_switch_stochastic,d5freq.phase_b1.compact_episode_audits.v1,3010,A,90.0,derated,10.0
P_old,False,unavailable,True,0.3111212547259051,3.8395472448981655e-25,-56.21886251626151,phase-b1::final::sg-A::S5_multi_switch_stochastic::P_old::seed-003010,S5_multi_switch_stochastic,d5freq.phase_b1.compact_episode_audits.v1,3010,A,90.0,derated,20.0
P_old,False,unavailable,True,0.12393913777502967,0.22447577254301607,-1.0740169965568072,phase-b1::final::sg-A::S5_multi_switch_stochastic::P_old::seed-003010,S5_multi_switch_stochastic,d5freq.phase_b1.compact_episode_audits.v1,3010,A,135.0,nominal,2.0
P_old,False,sluggish,True,0.09837515158054796,0.23279881358000615,-0.660952610095741,phase-b1::final::sg-A::S5_multi_switch_stochastic::P_old::seed-003010,S5_multi_switch_stochastic,d5freq.phase_b1.compact_episode_audits.v1,3010,A,135.0,nominal,5.0
P_old,False,sluggish,True,0.10573494857629606,0.1543564932389017,-1.3656715031936244,phase-b1::final::sg-A::S5_multi_switch_stochastic::P_old::seed-003010,S5_multi_switch_stochastic,d5freq.phase_b1.compact_episode_audits.v1,3010,A,135.0,nominal,10.0
P_old,False,unavailable,True,0.19833937707594446,0.09788207120370729,-2.2177932616303337,phase-b1::final::sg-A::S5_multi_switch_stochastic::P_old::seed-003010,S5_multi_switch_stochastic,d5freq.phase_b1.compact_episode_audits.v1,3010,A,135.0,nominal,20.0
P_old,False,unavailable,True,0.03302296230627656,0.19657816836332717,-1.3770807134718623,phase-b1::final::sg-A::S5_multi_switch_stochastic::P_old::seed-003011,S5_multi_switch_stochastic,d5freq.phase_b1.compact_episode_audits.v1,3011,A,45.0,sluggish,2.0
P_old,False,unavailable,True,0.08159404961631458,0.0048012952116157906,-5.3340566971629215,phase-b1::final::sg-A::S5_multi_switch_stochastic::P_old::seed-003011,S5_multi_switch_stochastic,d5freq.phase_b1.compact_episode_audits.v1,3011,A,45.0,sluggish,5.0
P_old,False,unavailable,True,0.08526221365350553,0.0008910156588732382,-7.022257143305637,phase-b1::final::sg-A::S5_multi_switch_stochastic::P_old::seed-003011,S5_multi_switch_stochastic,d5freq.phase_b1.compact_episode_audits.v1,3011,A,45.0,sluggish,10.0
P_old,False,unavailable,True,0.058464153211484196,9.083943672903889e-07,-13.911586319032551,phase-b1::final::sg-A::S5_multi_switch_stochastic::P_old::seed-003011,S5_multi_switch_stochastic,d5freq.phase_b1.compact_episode_audits.v1,3011,A,45.0,sluggish,20.0
P_old,False,unavailable,True,0.310521220258106,0.0014755273382142697,-6.133905462680843,phase-b1::final::sg-A::S5_multi_switch_stochastic::P_old::seed-003011,S5_multi_switch_stochastic,d5freq.phase_b1.compact_episode_audits.v1,3011,A,90.0,derated,2.0
P_old,False,unavailable,True,0.31028273251126703,3.4895709276813565e-07,-14.81813799561155,phase-b1::final::sg-A::S5_multi_switch_stochastic::P_old::seed-003011,S5_multi_switch_stochastic,d5freq.phase_b1.compact_episode_audits.v1,3011,A,90.0,derated,5.0
P_old,False,unavailable,True,0.31092696858756785,3.384314135921787e-13,-28.705549738658817,phase-b1::final::sg-A::S5_multi_switch_stochastic::P_old::seed-003011,S5_multi_switch_stochastic,d5freq.phase_b1.compact_episode_audits.v1,3011,A,90.0,derated,10.0
P_old,False,sluggish,True,0.23160480954109347,5.866012437553303e-19,-41.97922274742979,phase-b1::final::sg-A::S5_multi_switch_stochastic::P_old::seed-003011,S5_multi_switch_stochastic,d5freq.phase_b1.compact_episode_audits.v1,3011,A,90.0,derated,20.0
P_old,False,unavailable,True,0.032324341852531704,0.25628640950813897,-0.8522231430637852,phase-b1::final::sg-A::S5_multi_switch_stochastic::P_old::seed-003011,S5_multi_switch_stochastic,d5freq.phase_b1.compact_episode_audits.v1,3011,A,135.0,nominal,2.0
P_old,False,unavailable,True,0.09108957002363152,0.01840217232591107,-3.939114589867856,phase-b1::final::sg-A::S5_multi_switch_stochastic::P_old::seed-003011,S5_multi_switch_stochastic,d5freq.phase_b1.compact_episode_audits.v1,3011,A,135.0,nominal,5.0
P_old,False,unavailable,True,0.18155845311123175,0.008469279275839674,-4.673507694440644,phase-b1::final::sg-A::S5_multi_switch_stochastic::P_old::seed-003011,S5_multi_switch_stochastic,d5freq.phase_b1.compact_episode_audits.v1,3011,A,135.0,nominal,10.0
P_old,False,unavailable,True,0.1868236516698139,0.00013858574100845646,-8.881449444485668,phase-b1::final::sg-A::S5_multi_switch_stochastic::P_old::seed-003011,S5_multi_switch_stochastic,d5freq.phase_b1.compact_episode_audits.v1,3011,A,135.0,nominal,20.0
P_old,False,unavailable,True,0.07269860060980504,0.13995493902826983,-1.8145657058560403,phase-b1::final::sg-A::S5_multi_switch_stochastic::P_old::seed-003012,S5_multi_switch_stochastic,d5freq.phase_b1.compact_episode_audits.v1,3012,A,45.0,sluggish,2.0
P_old,False,unavailable,True,0.160188472236676,0.13419479665991202,-1.8643674276097215,phase-b1::final::sg-A::S5_multi_switch_stochastic::P_old::seed-003012,S5_multi_switch_stochastic,d5freq.phase_b1.compact_episode_audits.v1,3012,A,45.0,sluggish,5.0
P_old,False,unavailable,True,0.10405963917130434,0.006231337252497666,-5.071913488878636,phase-b1::final::sg-A::S5_multi_switch_stochastic::P_old::seed-003012,S5_multi_switch_stochastic,d5freq.phase_b1.compact_episode_audits.v1,3012,A,45.0,sluggish,10.0
P_old,False,unavailable,True,0.06978221026578553,4.460682683139579e-06,-12.32020427498486,phase-b1::final::sg-A::S5_multi_switch_stochastic::P_old::seed-003012,S5_multi_switch_stochastic,d5freq.phase_b1.compact_episode_audits.v1,3012,A,45.0,sluggish,20.0
P_old,False,unavailable,True,0.310592314475909,0.0021356607641590626,-5.624779582752463,phase-b1::final::sg-A::S5_multi_switch_stochastic::P_old::seed-003012,S5_multi_switch_stochastic,d5freq.phase_b1.compact_episode_audits.v1,3012,A,90.0,derated,2.0
P_old,False,unavailable,True,0.31320928230942413,4.593247302854855e-06,-11.72158490209268,phase-b1::final::sg-A::S5_multi_switch_stochastic::P_old::seed-003012,S5_multi_switch_stochastic,d5freq.phase_b1.compact_episode_audits.v1,3012,A,90.0,derated,5.0
P_old,False,unavailable,True,0.3124706363068339,1.0614864945806204e-11,-25.16821239898286,phase-b1::final::sg-A::S5_multi_switch_stochastic::P_old::seed-003012,S5_multi_switch_stochastic,d5freq.phase_b1.compact_episode_audits.v1,3012,A,90.0,derated,10.0
P_old,False,unavailable,True,0.31273462932949514,5.277578570841353e-22,-48.96877914309485,phase-b1::final::sg-A::S5_multi_switch_stochastic::P_old::seed-003012,S5_multi_switch_stochastic,d5freq.phase_b1.compact_episode_audits.v1,3012,A,90.0,derated,20.0
P_old,False,unavailable,True,0.14878176067308635,0.3287852198664711,-0.4597962905467057,phase-b1::final::sg-A::S5_multi_switch_stochastic::P_old::seed-003012,S5_multi_switch_stochastic,d5freq.phase_b1.compact_episode_audits.v1,3012,A,135.0,nominal,2.0
P_old,True,unavailable,True,0.12709461622885523,0.5139113011009998,0.2838169221420088,phase-b1::final::sg-A::S5_multi_switch_stochastic::P_old::seed-003012,S5_multi_switch_stochastic,d5freq.phase_b1.compact_episode_audits.v1,3012,A,135.0,nominal,5.0
P_old,True,unavailable,True,0.15304832607222935,0.5501352945249977,0.24477437906924138,phase-b1::final::sg-A::S5_multi_switch_stochastic::P_old::seed-003012,S5_multi_switch_stochastic,d5freq.phase_b1.compact_episode_audits.v1,3012,A,135.0,nominal,10.0
P_old,False,sluggish,True,0.10619501925399326,0.4036186571252574,-0.300260138870442,phase-b1::final::sg-A::S5_multi_switch_stochastic::P_old::seed-003012,S5_multi_switch_stochastic,d5freq.phase_b1.compact_episode_audits.v1,3012,A,135.0,nominal,20.0
P_old,False,unavailable,True,0.036134063411864335,0.1929519372995976,-1.4291322688721806,phase-b1::final::sg-A::S5_multi_switch_stochastic::P_old::seed-003013,S5_multi_switch_stochastic,d5freq.phase_b1.compact_episode_audits.v1,3013,A,45.0,sluggish,2.0
P_old,False,unavailable,True,0.06192327456181144,0.008351079279383094,-4.7769783454265,phase-b1::final::sg-A::S5_multi_switch_stochastic::P_old::seed-003013,S5_multi_switch_stochastic,d5freq.phase_b1.compact_episode_audits.v1,3013,A,45.0,sluggish,5.0
P_old,False,unavailable,True,0.09921450636393739,0.003314348138714138,-5.706174461829022,phase-b1::final::sg-A::S5_multi_switch_stochastic::P_old::seed-003013,S5_multi_switch_stochastic,d5freq.phase_b1.compact_episode_audits.v1,3013,A,45.0,sluggish,10.0
P_old,False,unavailable,True,0.06750579679669899,3.6643287762363137e-06,-12.516861719336987,phase-b1::final::sg-A::S5_multi_switch_stochastic::P_old::seed-003013,S5_multi_switch_stochastic,d5freq.phase_b1.compact_episode_audits.v1,3013,A,45.0,sluggish,20.0
P_old,False,unavailable,True,0.3102053254285817,0.001759693994603066,-5.776841654492113,phase-b1::final::sg-A::S5_multi_switch_stochastic::P_old::seed-003013,S5_multi_switch_stochastic,d5freq.phase_b1.compact_episode_audits.v1,3013,A,90.0,derated,2.0
P_old,False,unavailable,True,0.3104807159492239,6.537935217627793e-07,-14.06467596488833,phase-b1::final::sg-A::S5_multi_switch_stochastic::P_old::seed-003013,S5_multi_switch_stochastic,d5freq.phase_b1.compact_episode_audits.v1,3013,A,90.0,derated,5.0
P_old,False,unavailable,True,0.31098052858447567,7.603390361079159e-13,-27.891374104847017,phase-b1::final::sg-A::S5_multi_switch_stochastic::P_old::seed-003013,S5_multi_switch_stochastic,d5freq.phase_b1.compact_episode_audits.v1,3013,A,90.0,derated,10.0
P_old,False,unavailable,True,0.3109439862014313,1.1335101609300008e-25,-57.43924105773482,phase-b1::final::sg-A::S5_multi_switch_stochastic::P_old::seed-003013,S5_multi_switch_stochastic,d5freq.phase_b1.compact_episode_audits.v1,3013,A,90.0,derated,20.0
P_old,False,unavailable,True,0.19417770252476016,0.09018654633188654,-2.0795069628682548,phase-b1::final::sg-A::S5_multi_switch_stochastic::P_old::seed-003013,S5_multi_switch_stochastic,d5freq.phase_b1.compact_episode_audits.v1,3013,A,135.0,nominal,2.0
P_old,False,unavailable,True,0.17275818419983663,0.026950210980825607,-3.537111464264484,phase-b1::final::sg-A::S5_multi_switch_stochastic::P_old::seed-003013,S5_multi_switch_stochastic,d5freq.phase_b1.compact_episode_audits.v1,3013,A,135.0,nominal,5.0
P_old,False,unavailable,True,0.1694041124192846,0.035728070087057855,-3.254307475470739,phase-b1::final::sg-A::S5_multi_switch_stochastic::P_old::seed-003013,S5_multi_switch_stochastic,d5freq.phase_b1.compact_episode_audits.v1,3013,A,135.0,nominal,10.0
P_old,False,sluggish,True,0.1156898611479702,0.042994024365337107,-3.0303000596621246,phase-b1::final::sg-A::S5_multi_switch_stochastic::P_old::seed-003013,S5_multi_switch_stochastic,d5freq.phase_b1.compact_episode_audits.v1,3013,A,135.0,nominal,20.0
P_old,False,unavailable,True,0.03759168415990351,0.19849703588535383,-1.3170150520487383,phase-b1::final::sg-A::S5_multi_switch_stochastic::P_old::seed-003014,S5_multi_switch_stochastic,d5freq.phase_b1.compact_episode_audits.v1,3014,A,45.0,sluggish,2.0
P_old,False,unavailable,True,0.03862968038472796,0.030009056115347727,-3.4757874550042374,phase-b1::final::sg-A::S5_multi_switch_stochastic::P_old::seed-003014,S5_multi_switch_stochastic,d5freq.phase_b1.compact_episode_audits.v1,3014,A,45.0,sluggish,5.0
P_old,False,unavailable,True,0.07608131070550368,0.0001932269032957977,-8.551452149292913,phase-b1::final::sg-A::S5_multi_switch_stochastic::P_old::seed-003014,S5_multi_switch_stochastic,d5freq.phase_b1.compact_episode_audits.v1,3014,A,45.0,sluggish,10.0
P_old,False,unavailable,True,0.0593315692450531,3.1721956823441256e-07,-14.963671341344252,phase-b1::final::sg-A::S5_multi_switch_stochastic::P_old::seed-003014,S5_multi_switch_stochastic,d5freq.phase_b1.compact_episode_audits.v1,3014,A,45.0,sluggish,20.0
P_old,False,sluggish,True,0.22917730782309934,0.006604539664493878,-4.2582136302821425,phase-b1::final::sg-A::S5_multi_switch_stochastic::P_old::seed-003014,S5_multi_switch_stochastic,d5freq.phase_b1.compact_episode_audits.v1,3014,A,90.0,derated,2.0
P_old,False,sluggish,True,0.2308868748316703,1.4399821983937058e-05,-10.817103321577697,phase-b1::final::sg-A::S5_multi_switch_stochastic::P_old::seed-003014,S5_multi_switch_stochastic,d5freq.phase_b1.compact_episode_audits.v1,3014,A,90.0,derated,5.0
P_old,False,sluggish,True,0.2316464670300457,1.0418032792433907e-09,-20.682283574829796,phase-b1::final::sg-A::S5_multi_switch_stochastic::P_old::seed-003014,S5_multi_switch_stochastic,d5freq.phase_b1.compact_episode_audits.v1,3014,A,90.0,derated,10.0
P_old,False,sluggish,True,0.231077898563773,4.019031688527261e-17,-37.752905557390505,phase-b1::final::sg-A::S5_multi_switch_stochastic::P_old::seed-003014,S5_multi_switch_stochastic,d5freq.phase_b1.compact_episode_audits.v1,3014,A,90.0,derated,20.0
P_old,True,derated,False,0.30722904950936514,0.9970419072428289,5.821832854240981,phase-b1::final::sg-A::S5_multi_switch_stochastic::P_old::seed-003014,S5_multi_switch_stochastic,d5freq.phase_b1.compact_episode_audits.v1,3014,A,135.0,nominal,2.0
P_old,True,derated,False,0.3132364566767939,0.9999996056707087,14.746082005701837,phase-b1::final::sg-A::S5_multi_switch_stochastic::P_old::seed-003014,S5_multi_switch_stochastic,d5freq.phase_b1.compact_episode_audits.v1,3014,A,135.0,nominal,5.0
P_old,True,derated,False,0.31208397381933184,0.999999999999883,29.77689513677177,phase-b1::final::sg-A::S5_multi_switch_stochastic::P_old::seed-003014,S5_multi_switch_stochastic,d5freq.phase_b1.compact_episode_audits.v1,3014,A,135.0,nominal,10.0
P_old,True,derated,False,0.30807637040626157,1.0,56.34976500397127,phase-b1::final::sg-A::S5_multi_switch_stochastic::P_old::seed-003014,S5_multi_switch_stochastic,d5freq.phase_b1.compact_episode_audits.v1,3014,A,135.0,nominal,20.0
P_old,False,unavailable,True,0.03833649964452451,0.16620232159637094,-1.4385169909495978,phase-b1::final::sg-A::S5_multi_switch_stochastic::P_old::seed-003015,S5_multi_switch_stochastic,d5freq.phase_b1.compact_episode_audits.v1,3015,A,45.0,sluggish,2.0
P_old,False,unavailable,True,0.03686533810670381,0.03126732132630341,-3.428658863773734,phase-b1::final::sg-A::S5_multi_switch_stochastic::P_old::seed-003015,S5_multi_switch_stochastic,d5freq.phase_b1.compact_episode_audits.v1,3015,A,45.0,sluggish,5.0
P_old,False,unavailable,True,0.043129306101434624,0.0004435162665045794,-7.720332464663159,phase-b1::final::sg-A::S5_multi_switch_stochastic::P_old::seed-003015,S5_multi_switch_stochastic,d5freq.phase_b1.compact_episode_audits.v1,3015,A,45.0,sluggish,10.0
P_old,False,unavailable,True,0.16910235552856392,4.3622118904450316e-20,-44.57872261683812,phase-b1::final::sg-A::S5_multi_switch_stochastic::P_old::seed-003015,S5_multi_switch_stochastic,d5freq.phase_b1.compact_episode_audits.v1,3015,A,45.0,sluggish,20.0
P_old,False,unavailable,True,0.31032693825357527,0.001597610998186995,-5.786981409136914,phase-b1::final::sg-A::S5_multi_switch_stochastic::P_old::seed-003015,S5_multi_switch_stochastic,d5freq.phase_b1.compact_episode_audits.v1,3015,A,90.0,derated,2.0
P_old,False,unavailable,True,0.31219644383527384,2.0190601645208175e-06,-12.848810496974437,phase-b1::final::sg-A::S5_multi_switch_stochastic::P_old::seed-003015,S5_multi_switch_stochastic,d5freq.phase_b1.compact_episode_audits.v1,3015,A,90.0,derated,5.0
P_old,False,unavailable,True,0.3112429319576922,9.070400909069581e-13,-27.702197577048622,phase-b1::final::sg-A::S5_multi_switch_stochastic::P_old::seed-003015,S5_multi_switch_stochastic,d5freq.phase_b1.compact_episode_audits.v1,3015,A,90.0,derated,10.0
P_old,False,unavailable,True,0.3110130224774544,3.3937872322955814e-25,-56.34252108044663,phase-b1::final::sg-A::S5_multi_switch_stochastic::P_old::seed-003015,S5_multi_switch_stochastic,d5freq.phase_b1.compact_episode_audits.v1,3015,A,90.0,derated,20.0
P_old,False,unavailable,True,0.2050650713071043,0.03136756889994727,-3.355512861762289,phase-b1::final::sg-A::S5_multi_switch_stochastic::P_old::seed-003015,S5_multi_switch_stochastic,d5freq.phase_b1.compact_episode_audits.v1,3015,A,135.0,nominal,2.0
P_old,False,unavailable,True,0.22143786089681133,0.0009576722734657064,-6.943707742708959,phase-b1::final::sg-A::S5_multi_switch_stochastic::P_old::seed-003015,S5_multi_switch_stochastic,d5freq.phase_b1.compact_episode_audits.v1,3015,A,135.0,nominal,5.0
P_old,True,sluggish,True,0.1717694858237321,0.8556888794416929,1.8268882543888765,phase-b1::final::sg-A::S5_multi_switch_stochastic::P_old::seed-003015,S5_multi_switch_stochastic,d5freq.phase_b1.compact_episode_audits.v1,3015,A,135.0,nominal,10.0
P_old,True,unavailable,False,0.1942275282110867,0.9101090924937862,2.4416857955631315,phase-b1::final::sg-A::S5_multi_switch_stochastic::P_old::seed-003015,S5_multi_switch_stochastic,d5freq.phase_b1.compact_episode_audits.v1,3015,A,135.0,nominal,20.0
P_old,False,unavailable,True,0.08312391617052413,0.22829958204618594,-1.0731997537837472,phase-b1::final::sg-A::S5_multi_switch_stochastic::P_old::seed-003016,S5_multi_switch_stochastic,d5freq.phase_b1.compact_episode_audits.v1,3016,A,45.0,sluggish,2.0
P_old,False,unavailable,True,0.0757569045781632,0.025753621794013734,-3.6330888757880615,phase-b1::final::sg-A::S5_multi_switch_stochastic::P_old::seed-003016,S5_multi_switch_stochastic,d5freq.phase_b1.compact_episode_audits.v1,3016,A,45.0,sluggish,5.0
P_old,False,unavailable,True,0.06061979427542717,0.001045560577807021,-6.86215599174642,phase-b1::final::sg-A::S5_multi_switch_stochastic::P_old::seed-003016,S5_multi_switch_stochastic,d5freq.phase_b1.compact_episode_audits.v1,3016,A,45.0,sluggish,10.0
P_old,False,unavailable,True,0.046344159812229696,8.812425796657343e-07,-13.94193202184988,phase-b1::final::sg-A::S5_multi_switch_stochastic::P_old::seed-003016,S5_multi_switch_stochastic,d5freq.phase_b1.compact_episode_audits.v1,3016,A,45.0,sluggish,20.0
P_old,False,sluggish,True,0.2299488296926791,0.007328357698773023,-4.335876095131823,phase-b1::final::sg-A::S5_multi_switch_stochastic::P_old::seed-003016,S5_multi_switch_stochastic,d5freq.phase_b1.compact_episode_audits.v1,3016,A,90.0,derated,2.0
P_old,False,sluggish,True,0.23200072680710382,7.388084986969818e-05,-9.37348574103131,phase-b1::final::sg-A::S5_multi_switch_stochastic::P_old::seed-003016,S5_multi_switch_stochastic,d5freq.phase_b1.compact_episode_audits.v1,3016,A,90.0,derated,5.0
P_old,False,sluggish,True,0.23154203109929422,2.0300652179822e-09,-19.667048794633686,phase-b1::final::sg-A::S5_multi_switch_stochastic::P_old::seed-003016,S5_multi_switch_stochastic,d5freq.phase_b1.compact_episode_audits.v1,3016,A,90.0,derated,10.0
P_old,False,unavailable,True,0.3136540533262904,7.836363418798496e-20,-43.91584398614546,phase-b1::final::sg-A::S5_multi_switch_stochastic::P_old::seed-003016,S5_multi_switch_stochastic,d5freq.phase_b1.compact_episode_audits.v1,3016,A,90.0,derated,20.0
P_old,False,unavailable,True,0.19833676511378587,0.07372031790455078,-1.8913364200511324,phase-b1::final::sg-A::S5_multi_switch_stochastic::P_old::seed-003016,S5_multi_switch_stochastic,d5freq.phase_b1.compact_episode_audits.v1,3016,A,135.0,nominal,2.0
P_old,False,unavailable,True,0.16299806051182777,0.04042634561919114,-3.0433466739594337,phase-b1::final::sg-A::S5_multi_switch_stochastic::P_old::seed-003016,S5_multi_switch_stochastic,d5freq.phase_b1.compact_episode_audits.v1,3016,A,135.0,nominal,5.0
P_old,False,unavailable,True,0.15062765218609378,0.00015560880730335498,-8.765828824923005,phase-b1::final::sg-A::S5_multi_switch_stochastic::P_old::seed-003016,S5_multi_switch_stochastic,d5freq.phase_b1.compact_episode_audits.v1,3016,A,135.0,nominal,10.0
P_old,False,unavailable,True,0.14080355557236865,2.006945739782095e-05,-10.816179604909053,phase-b1::final::sg-A::S5_multi_switch_stochastic::P_old::seed-003016,S5_multi_switch_stochastic,d5freq.phase_b1.compact_episode_audits.v1,3016,A,135.0,nominal,20.0
P_old,True,unavailable,False,0.2156027040389301,0.8487971342900671,2.378320661297625,phase-b1::final::sg-A::S5_multi_switch_stochastic::P_old::seed-003017,S5_multi_switch_stochastic,d5freq.phase_b1.compact_episode_audits.v1,3017,A,45.0,sluggish,2.0
P_old,True,unavailable,True,0.12777378802529982,0.6748547576039384,0.9741063140231887,phase-b1::final::sg-A::S5_multi_switch_stochastic::P_old::seed-003017,S5_multi_switch_stochastic,d5freq.phase_b1.compact_episode_audits.v1,3017,A,45.0,sluggish,5.0
P_old,False,unavailable,True,0.083925233875762,0.1040617625121786,-2.1509143701658218,phase-b1::final::sg-A::S5_multi_switch_stochastic::P_old::seed-003017,S5_multi_switch_stochastic,d5freq.phase_b1.compact_episode_audits.v1,3017,A,45.0,sluggish,10.0
P_old,False,unavailable,True,0.06780343476185766,9.052929350122163e-05,-9.309746541145216,phase-b1::final::sg-A::S5_multi_switch_stochastic::P_old::seed-003017,S5_multi_switch_stochastic,d5freq.phase_b1.compact_episode_audits.v1,3017,A,45.0,sluggish,20.0
P_old,False,unavailable,True,0.3161242581067176,0.005430965475996632,-4.778854341380011,phase-b1::final::sg-A::S5_multi_switch_stochastic::P_old::seed-003017,S5_multi_switch_stochastic,d5freq.phase_b1.compact_episode_audits.v1,3017,A,90.0,derated,2.0
P_old,False,sluggish,True,0.2369172444075364,4.365662068440348e-05,-10.039035036928958,phase-b1::final::sg-A::S5_multi_switch_stochastic::P_old::seed-003017,S5_multi_switch_stochastic,d5freq.phase_b1.compact_episode_audits.v1,3017,A,90.0,derated,5.0
P_old,False,sluggish,True,0.2339626683951416,2.2349487230969672e-09,-19.919026155188774,phase-b1::final::sg-A::S5_multi_switch_stochastic::P_old::seed-003017,S5_multi_switch_stochastic,d5freq.phase_b1.compact_episode_audits.v1,3017,A,90.0,derated,10.0
P_old,False,sluggish,True,0.23184870712950598,2.0269461415639476e-19,-43.042585509052856,phase-b1::final::sg-A::S5_multi_switch_stochastic::P_old::seed-003017,S5_multi_switch_stochastic,d5freq.phase_b1.compact_episode_audits.v1,3017,A,90.0,derated,20.0
P_old,False,unavailable,True,0.23163232440442244,0.16010956226406217,-0.9638022139162779,phase-b1::final::sg-A::S5_multi_switch_stochastic::P_old::seed-003017,S5_multi_switch_stochastic,d5freq.phase_b1.compact_episode_audits.v1,3017,A,135.0,nominal,2.0
P_old,False,unavailable,True,0.16235236801404623,0.10464283217149187,-1.9220223193188843,phase-b1::final::sg-A::S5_multi_switch_stochastic::P_old::seed-003017,S5_multi_switch_stochastic,d5freq.phase_b1.compact_episode_audits.v1,3017,A,135.0,nominal,5.0
P_old,False,unavailable,True,0.1389263476406917,0.0014755493560432884,-6.506004706364649,phase-b1::final::sg-A::S5_multi_switch_stochastic::P_old::seed-003017,S5_multi_switch_stochastic,d5freq.phase_b1.compact_episode_audits.v1,3017,A,135.0,nominal,10.0
P_old,False,unavailable,True,0.13808265226657804,6.10441667674046e-05,-9.703613211578158,phase-b1::final::sg-A::S5_multi_switch_stochastic::P_old::seed-003017,S5_multi_switch_stochastic,d5freq.phase_b1.compact_episode_audits.v1,3017,A,135.0,nominal,20.0
P_old,False,unavailable,True,0.07584268842669586,0.17748697183321344,-1.5320613246430597,phase-b1::final::sg-A::S5_multi_switch_stochastic::P_old::seed-003018,S5_multi_switch_stochastic,d5freq.phase_b1.compact_episode_audits.v1,3018,A,45.0,sluggish,2.0
P_old,False,unavailable,True,0.11861912770478948,0.03573052776552476,-3.2953652630250616,phase-b1::final::sg-A::S5_multi_switch_stochastic::P_old::seed-003018,S5_multi_switch_stochastic,d5freq.phase_b1.compact_episode_audits.v1,3018,A,45.0,sluggish,5.0
P_old,False,unavailable,True,0.08370467482874568,0.0011472166967502787,-6.769268658621314,phase-b1::final::sg-A::S5_multi_switch_stochastic::P_old::seed-003018,S5_multi_switch_stochastic,d5freq.phase_b1.compact_episode_audits.v1,3018,A,45.0,sluggish,10.0
P_old,False,unavailable,True,0.06838889141836255,2.1447448985962113e-06,-13.052487796303012,phase-b1::final::sg-A::S5_multi_switch_stochastic::P_old::seed-003018,S5_multi_switch_stochastic,d5freq.phase_b1.compact_episode_audits.v1,3018,A,45.0,sluggish,20.0
P_old,False,unavailable,True,0.3115896996726012,0.004073496307603433,-5.2999279460055355,phase-b1::final::sg-A::S5_multi_switch_stochastic::P_old::seed-003018,S5_multi_switch_stochastic,d5freq.phase_b1.compact_episode_audits.v1,3018,A,90.0,derated,2.0
P_old,False,unavailable,True,0.31288607126180235,1.6467560237560373e-05,-10.811651764484907,phase-b1::final::sg-A::S5_multi_switch_stochastic::P_old::seed-003018,S5_multi_switch_stochastic,d5freq.phase_b1.compact_episode_audits.v1,3018,A,90.0,derated,5.0
P_old,False,sluggish,True,0.23403892941390064,3.2179287962763992e-09,-19.08985709612756,phase-b1::final::sg-A::S5_multi_switch_stochastic::P_old::seed-003018,S5_multi_switch_stochastic,d5freq.phase_b1.compact_episode_audits.v1,3018,A,90.0,derated,10.0
P_old,False,unavailable,True,0.3127000985080298,2.793029087554835e-21,-47.31312257471106,phase-b1::final::sg-A::S5_multi_switch_stochastic::P_old::seed-003018,S5_multi_switch_stochastic,d5freq.phase_b1.compact_episode_audits.v1,3018,A,90.0,derated,20.0
P_old,True,derated,False,0.32770689635640265,0.9967418637087987,5.723338298586029,phase-b1::final::sg-A::S5_multi_switch_stochastic::P_old::seed-003018,S5_multi_switch_stochastic,d5freq.phase_b1.compact_episode_audits.v1,3018,A,135.0,nominal,2.0
P_old,True,derated,False,0.3063320512533061,0.9999983926579473,13.341083855176876,phase-b1::final::sg-A::S5_multi_switch_stochastic::P_old::seed-003018,S5_multi_switch_stochastic,d5freq.phase_b1.compact_episode_audits.v1,3018,A,135.0,nominal,5.0
P_old,True,derated,False,0.30132001672404646,0.9999999999955866,26.22724713561267,phase-b1::final::sg-A::S5_multi_switch_stochastic::P_old::seed-003018,S5_multi_switch_stochastic,d5freq.phase_b1.compact_episode_audits.v1,3018,A,135.0,nominal,10.0
P_old,True,sluggish,False,0.262545306393992,1.0,41.47956010864522,phase-b1::final::sg-A::S5_multi_switch_stochastic::P_old::seed-003018,S5_multi_switch_stochastic,d5freq.phase_b1.compact_episode_audits.v1,3018,A,135.0,nominal,20.0
P_old,True,derated,False,0.29682946225422935,0.9963131769344437,5.599296524052807,phase-b1::final::sg-A::S5_multi_switch_stochastic::P_old::seed-003019,S5_multi_switch_stochastic,d5freq.phase_b1.compact_episode_audits.v1,3019,A,45.0,sluggish,2.0
P_old,True,derated,False,0.3338932844534888,0.9999977233886621,12.992820199287436,phase-b1::final::sg-A::S5_multi_switch_stochastic::P_old::seed-003019,S5_multi_switch_stochastic,d5freq.phase_b1.compact_episode_audits.v1,3019,A,45.0,sluggish,5.0
P_old,True,derated,False,0.282670555982182,0.9999999999906497,25.395615083764355,phase-b1::final::sg-A::S5_multi_switch_stochastic::P_old::seed-003019,S5_multi_switch_stochastic,d5freq.phase_b1.compact_episode_audits.v1,3019,A,45.0,sluggish,10.0
P_old,True,unavailable,False,0.19699725140954386,1.0,48.48488977659375,phase-b1::final::sg-A::S5_multi_switch_stochastic::P_old::seed-003019,S5_multi_switch_stochastic,d5freq.phase_b1.compact_episode_audits.v1,3019,A,45.0,sluggish,20.0
P_old,False,unavailable,True,0.3105275194920805,0.001593027638234618,-5.976867607978232,phase-b1::final::sg-A::S5_multi_switch_stochastic::P_old::seed-003019,S5_multi_switch_stochastic,d5freq.phase_b1.compact_episode_audits.v1,3019,A,90.0,derated,2.0
P_old,False,unavailable,True,0.312910538071853,5.194771699785533e-06,-11.606618156659401,phase-b1::final::sg-A::S5_multi_switch_stochastic::P_old::seed-003019,S5_multi_switch_stochastic,d5freq.phase_b1.compact_episode_audits.v1,3019,A,90.0,derated,5.0
P_old,False,unavailable,True,0.3117831994993092,1.0480078900583722e-11,-25.173909489765293,phase-b1::final::sg-A::S5_multi_switch_stochastic::P_old::seed-003019,S5_multi_switch_stochastic,d5freq.phase_b1.compact_episode_audits.v1,3019,A,90.0,derated,10.0
P_old,False,unavailable,True,0.312136733291437,6.13265818864319e-23,-51.1379342632857,phase-b1::final::sg-A::S5_multi_switch_stochastic::P_old::seed-003019,S5_multi_switch_stochastic,d5freq.phase_b1.compact_episode_audits.v1,3019,A,90.0,derated,20.0
P_old,False,unavailable,True,0.0353178411232909,0.26874721828475767,-0.7762385960153289,phase-b1::final::sg-A::S5_multi_switch_stochastic::P_old::seed-003019,S5_multi_switch_stochastic,d5freq.phase_b1.compact_episode_audits.v1,3019,A,135.0,nominal,2.0
P_old,False,unavailable,True,0.14973731115053746,0.33799353923705616,-0.2038799501697781,phase-b1::final::sg-A::S5_multi_switch_stochastic::P_old::seed-003019,S5_multi_switch_stochastic,d5freq.phase_b1.compact_episode_audits.v1,3019,A,135.0,nominal,5.0
P_old,False,unavailable,True,0.14995825741651506,0.008966843123952553,-4.588527112647711,phase-b1::final::sg-A::S5_multi_switch_stochastic::P_old::seed-003019,S5_multi_switch_stochastic,d5freq.phase_b1.compact_episode_audits.v1,3019,A,135.0,nominal,10.0
P_old,False,unavailable,True,0.1664231097823675,0.0003368275887087525,-7.995382341194215,phase-b1::final::sg-A::S5_multi_switch_stochastic::P_old::seed-003019,S5_multi_switch_stochastic,d5freq.phase_b1.compact_episode_audits.v1,3019,A,135.0,nominal,20.0
P_old,False,unavailable,True,0.04511438778104929,0.17929255246889675,-1.354773524823706,phase-b1::final::sg-A::S5_multi_switch_stochastic::P_old::seed-003020,S5_multi_switch_stochastic,d5freq.phase_b1.compact_episode_audits.v1,3020,A,45.0,sluggish,2.0
P_old,False,unavailable,True,0.04428997772837688,0.022095506686638598,-3.790037682280584,phase-b1::final::sg-A::S5_multi_switch_stochastic::P_old::seed-003020,S5_multi_switch_stochastic,d5freq.phase_b1.compact_episode_audits.v1,3020,A,45.0,sluggish,5.0
P_old,False,unavailable,True,0.13174807318515294,0.00037906893785100447,-7.87741333455395,phase-b1::final::sg-A::S5_multi_switch_stochastic::P_old::seed-003020,S5_multi_switch_stochastic,d5freq.phase_b1.compact_episode_audits.v1,3020,A,45.0,sluggish,10.0
P_old,False,unavailable,True,0.08389303928042073,6.536512074480759e-07,-14.240691296049363,phase-b1::final::sg-A::S5_multi_switch_stochastic::P_old::seed-003020,S5_multi_switch_stochastic,d5freq.phase_b1.compact_episode_audits.v1,3020,A,45.0,sluggish,20.0
P_old,False,unavailable,True,0.3088410496830525,0.0009978572716623335,-6.45534843099221,phase-b1::final::sg-A::S5_multi_switch_stochastic::P_old::seed-003020,S5_multi_switch_stochastic,d5freq.phase_b1.compact_episode_audits.v1,3020,A,90.0,derated,2.0
P_old,False,unavailable,True,0.30955776979617966,1.4681811238981205e-07,-15.68403216393979,phase-b1::final::sg-A::S5_multi_switch_stochastic::P_old::seed-003020,S5_multi_switch_stochastic,d5freq.phase_b1.compact_episode_audits.v1,3020,A,90.0,derated,5.0
P_old,False,unavailable,True,0.31130144268981746,1.004398871745688e-12,-27.604995501856095,phase-b1::final::sg-A::S5_multi_switch_stochastic::P_old::seed-003020,S5_multi_switch_stochastic,d5freq.phase_b1.compact_episode_audits.v1,3020,A,90.0,derated,10.0
P_old,False,sluggish,True,0.23188689725648176,4.487543598890433e-19,-42.24779412973584,phase-b1::final::sg-A::S5_multi_switch_stochastic::P_old::seed-003020,S5_multi_switch_stochastic,d5freq.phase_b1.compact_episode_audits.v1,3020,A,90.0,derated,20.0
P_old,True,derated,False,0.3352294807075724,0.9971984460666632,5.8747772376138165,phase-b1::final::sg-A::S5_multi_switch_stochastic::P_old::seed-003020,S5_multi_switch_stochastic,d5freq.phase_b1.compact_episode_audits.v1,3020,A,135.0,nominal,2.0
P_old,True,derated,False,0.3237440709515055,0.9999996949706018,15.002857373150853,phase-b1::final::sg-A::S5_multi_switch_stochastic::P_old::seed-003020,S5_multi_switch_stochastic,d5freq.phase_b1.compact_episode_audits.v1,3020,A,135.0,nominal,5.0
P_old,True,derated,False,0.3120461555287295,0.9999999999992679,27.942816798340388,phase-b1::final::sg-A::S5_multi_switch_stochastic::P_old::seed-003020,S5_multi_switch_stochastic,d5freq.phase_b1.compact_episode_audits.v1,3020,A,135.0,nominal,10.0
P_old,True,derated,False,0.3063363624562263,1.0,53.90356428709791,phase-b1::final::sg-A::S5_multi_switch_stochastic::P_old::seed-003020,S5_multi_switch_stochastic,d5freq.phase_b1.compact_episode_audits.v1,3020,A,135.0,nominal,20.0
P_old,False,unavailable,True,0.0386037088391137,0.1800927743386989,-1.4426574738968725,phase-b1::final::sg-A::S5_multi_switch_stochastic::P_old::seed-003021,S5_multi_switch_stochastic,d5freq.phase_b1.compact_episode_audits.v1,3021,A,45.0,sluggish,2.0
P_old,False,unavailable,True,0.03383916064068461,0.02790313787409543,-3.543817333738872,phase-b1::final::sg-A::S5_multi_switch_stochastic::P_old::seed-003021,S5_multi_switch_stochastic,d5freq.phase_b1.compact_episode_audits.v1,3021,A,45.0,sluggish,5.0
P_old,False,unavailable,True,0.03243591767197705,0.0007900586965029694,-7.142612325885835,phase-b1::final::sg-A::S5_multi_switch_stochastic::P_old::seed-003021,S5_multi_switch_stochastic,d5freq.phase_b1.compact_episode_audits.v1,3021,A,45.0,sluggish,10.0
P_old,False,unavailable,True,0.05029086544189114,7.280448827718454e-07,-14.132902410445865,phase-b1::final::sg-A::S5_multi_switch_stochastic::P_old::seed-003021,S5_multi_switch_stochastic,d5freq.phase_b1.compact_episode_audits.v1,3021,A,45.0,sluggish,20.0
P_old,False,unavailable,True,0.3103206660274529,0.0013846782638304571,-6.301852236175154,phase-b1::final::sg-A::S5_multi_switch_stochastic::P_old::seed-003021,S5_multi_switch_stochastic,d5freq.phase_b1.compact_episode_audits.v1,3021,A,90.0,derated,2.0
P_old,False,unavailable,True,0.30999285424481954,2.3136089634688405e-07,-15.207388909279175,phase-b1::final::sg-A::S5_multi_switch_stochastic::P_old::seed-003021,S5_multi_switch_stochastic,d5freq.phase_b1.compact_episode_audits.v1,3021,A,90.0,derated,5.0
P_old,False,unavailable,True,0.31034981459829114,1.0184312011745563e-13,-29.911800554944705,phase-b1::final::sg-A::S5_multi_switch_stochastic::P_old::seed-003021,S5_multi_switch_stochastic,d5freq.phase_b1.compact_episode_audits.v1,3021,A,90.0,derated,10.0
P_old,False,unavailable,True,0.3105703552736065,1.8089915460937317e-26,-59.27443161635853,phase-b1::final::sg-A::S5_multi_switch_stochastic::P_old::seed-003021,S5_multi_switch_stochastic,d5freq.phase_b1.compact_episode_audits.v1,3021,A,90.0,derated,20.0
P_old,False,unavailable,True,0.15303476535917218,0.162641537848543,-1.3527722489149738,phase-b1::final::sg-A::S5_multi_switch_stochastic::P_old::seed-003021,S5_multi_switch_stochastic,d5freq.phase_b1.compact_episode_audits.v1,3021,A,135.0,nominal,2.0
P_old,False,unavailable,True,0.1576728452834611,0.23074592034290253,-1.1695828687467156,phase-b1::final::sg-A::S5_multi_switch_stochastic::P_old::seed-003021,S5_multi_switch_stochastic,d5freq.phase_b1.compact_episode_audits.v1,3021,A,135.0,nominal,5.0
P_old,True,sluggish,False,0.17240514008456165,0.8995412613193543,2.1957228940845823,phase-b1::final::sg-A::S5_multi_switch_stochastic::P_old::seed-003021,S5_multi_switch_stochastic,d5freq.phase_b1.compact_episode_audits.v1,3021,A,135.0,nominal,10.0
P_old,True,sluggish,True,0.1458950568041723,0.8015880531192124,1.3962627415848488,phase-b1::final::sg-A::S5_multi_switch_stochastic::P_old::seed-003021,S5_multi_switch_stochastic,d5freq.phase_b1.compact_episode_audits.v1,3021,A,135.0,nominal,20.0
P_old,False,nominal,True,0.04536207226063292,0.3790096034317426,-0.2396936206046334,phase-b1::final::sg-A::S5_multi_switch_stochastic::P_old::seed-003022,S5_multi_switch_stochastic,d5freq.phase_b1.compact_episode_audits.v1,3022,A,45.0,sluggish,2.0
P_old,False,unavailable,True,0.09560189066675161,0.21408640278864563,-1.0971502714243115,phase-b1::final::sg-A::S5_multi_switch_stochastic::P_old::seed-003022,S5_multi_switch_stochastic,d5freq.phase_b1.compact_episode_audits.v1,3022,A,45.0,sluggish,5.0
P_old,False,unavailable,True,0.07090245092748226,0.0048931218051528795,-5.315019640907025,phase-b1::final::sg-A::S5_multi_switch_stochastic::P_old::seed-003022,S5_multi_switch_stochastic,d5freq.phase_b1.compact_episode_audits.v1,3022,A,45.0,sluggish,10.0
P_old,False,unavailable,True,0.08919820306939548,1.5514057986598722e-08,-17.981519241675755,phase-b1::final::sg-A::S5_multi_switch_stochastic::P_old::seed-003022,S5_multi_switch_stochastic,d5freq.phase_b1.compact_episode_audits.v1,3022,A,45.0,sluggish,20.0
P_old,False,unavailable,True,0.3091183179024992,0.0009642193792124708,-6.390826190919878,phase-b1::final::sg-A::S5_multi_switch_stochastic::P_old::seed-003022,S5_multi_switch_stochastic,d5freq.phase_b1.compact_episode_audits.v1,3022,A,90.0,derated,2.0
P_old,False,unavailable,True,0.309994089221085,2.77319739230831e-07,-14.981531936299433,phase-b1::final::sg-A::S5_multi_switch_stochastic::P_old::seed-003022,S5_multi_switch_stochastic,d5freq.phase_b1.compact_episode_audits.v1,3022,A,90.0,derated,5.0
P_old,False,unavailable,True,0.31072843243961434,1.1690668797043404e-13,-29.77392051151442,phase-b1::final::sg-A::S5_multi_switch_stochastic::P_old::seed-003022,S5_multi_switch_stochastic,d5freq.phase_b1.compact_episode_audits.v1,3022,A,90.0,derated,10.0
P_old,False,unavailable,True,0.3121646884040032,1.1337712803556518e-22,-50.53100072544032,phase-b1::final::sg-A::S5_multi_switch_stochastic::P_old::seed-003022,S5_multi_switch_stochastic,d5freq.phase_b1.compact_episode_audits.v1,3022,A,90.0,derated,20.0
P_old,True,unavailable,False,0.3268041167633728,0.8669812123866418,2.025974398333126,phase-b1::final::sg-A::S5_multi_switch_stochastic::P_old::seed-003022,S5_multi_switch_stochastic,d5freq.phase_b1.compact_episode_audits.v1,3022,A,135.0,nominal,2.0
P_old,True,unavailable,True,0.25153738501824424,0.8634408125783952,1.8494013366611028,phase-b1::final::sg-A::S5_multi_switch_stochastic::P_old::seed-003022,S5_multi_switch_stochastic,d5freq.phase_b1.compact_episode_audits.v1,3022,A,135.0,nominal,5.0
P_old,True,unavailable,True,0.17351451903332668,0.5797950656055271,0.3222528209197435,phase-b1::final::sg-A::S5_multi_switch_stochastic::P_old::seed-003022,S5_multi_switch_stochastic,d5freq.phase_b1.compact_episode_audits.v1,3022,A,135.0,nominal,10.0
P_old,False,unavailable,True,0.18350832965132166,0.0019895550353247996,-6.217848787054436,phase-b1::final::sg-A::S5_multi_switch_stochastic::P_old::seed-003022,S5_multi_switch_stochastic,d5freq.phase_b1.compact_episode_audits.v1,3022,A,135.0,nominal,20.0
P_old,False,unavailable,True,0.040453838461081144,0.18041971139847368,-1.5121903137177384,phase-b1::final::sg-A::S5_multi_switch_stochastic::P_old::seed-003023,S5_multi_switch_stochastic,d5freq.phase_b1.compact_episode_audits.v1,3023,A,45.0,sluggish,2.0
P_old,False,unavailable,True,0.11455165220020151,0.014566550797570764,-4.214353724213041,phase-b1::final::sg-A::S5_multi_switch_stochastic::P_old::seed-003023,S5_multi_switch_stochastic,d5freq.phase_b1.compact_episode_audits.v1,3023,A,45.0,sluggish,5.0
P_old,False,unavailable,True,0.08854743185390045,0.0013978969759167,-6.5713874568485835,phase-b1::final::sg-A::S5_multi_switch_stochastic::P_old::seed-003023,S5_multi_switch_stochastic,d5freq.phase_b1.compact_episode_audits.v1,3023,A,45.0,sluggish,10.0
P_old,False,unavailable,True,0.06214611928496823,1.913795226897044e-06,-13.16642034385211,phase-b1::final::sg-A::S5_multi_switch_stochastic::P_old::seed-003023,S5_multi_switch_stochastic,d5freq.phase_b1.compact_episode_audits.v1,3023,A,45.0,sluggish,20.0
P_old,False,unavailable,True,0.31159322124805405,0.002496384751385854,-5.481454577967888,phase-b1::final::sg-A::S5_multi_switch_stochastic::P_old::seed-003023,S5_multi_switch_stochastic,d5freq.phase_b1.compact_episode_audits.v1,3023,A,90.0,derated,2.0
P_old,False,unavailable,True,0.31292254246719997,4.163446255130009e-06,-12.016869519740453,phase-b1::final::sg-A::S5_multi_switch_stochastic::P_old::seed-003023,S5_multi_switch_stochastic,d5freq.phase_b1.compact_episode_audits.v1,3023,A,90.0,derated,5.0
P_old,False,unavailable,True,0.3120266085825409,7.669018868871517e-12,-25.492203266719002,phase-b1::final::sg-A::S5_multi_switch_stochastic::P_old::seed-003023,S5_multi_switch_stochastic,d5freq.phase_b1.compact_episode_audits.v1,3023,A,90.0,derated,10.0
P_old,False,sluggish,True,0.23090055650756272,3.259446831687829e-20,-44.310528354127996,phase-b1::final::sg-A::S5_multi_switch_stochastic::P_old::seed-003023,S5_multi_switch_stochastic,d5freq.phase_b1.compact_episode_audits.v1,3023,A,90.0,derated,20.0
P_old,False,unavailable,True,0.2173023953562171,0.11829125190849683,-1.5816965515749857,phase-b1::final::sg-A::S5_multi_switch_stochastic::P_old::seed-003023,S5_multi_switch_stochastic,d5freq.phase_b1.compact_episode_audits.v1,3023,A,135.0,nominal,2.0
P_old,False,sluggish,True,0.09467428962217588,0.03292656254762739,-3.1712840594198894,phase-b1::final::sg-A::S5_multi_switch_stochastic::P_old::seed-003023,S5_multi_switch_stochastic,d5freq.phase_b1.compact_episode_audits.v1,3023,A,135.0,nominal,5.0
P_old,False,sluggish,True,0.11324068443992627,0.002594350457700356,-5.951806917962301,phase-b1::final::sg-A::S5_multi_switch_stochastic::P_old::seed-003023,S5_multi_switch_stochastic,d5freq.phase_b1.compact_episode_audits.v1,3023,A,135.0,nominal,10.0
P_old,True,sluggish,False,0.14108141402849514,0.9515396448785977,2.977335308046122,phase-b1::final::sg-A::S5_multi_switch_stochastic::P_old::seed-003023,S5_multi_switch_stochastic,d5freq.phase_b1.compact_episode_audits.v1,3023,A,135.0,nominal,20.0
P_old,False,unavailable,True,0.03897323703260712,0.1911297649411024,-1.4062435155471285,phase-b1::final::sg-A::S5_multi_switch_stochastic::P_old::seed-003024,S5_multi_switch_stochastic,d5freq.phase_b1.compact_episode_audits.v1,3024,A,45.0,sluggish,2.0
P_old,False,unavailable,True,0.036142733731753696,0.03457611951553999,-3.326066699056028,phase-b1::final::sg-A::S5_multi_switch_stochastic::P_old::seed-003024,S5_multi_switch_stochastic,d5freq.phase_b1.compact_episode_audits.v1,3024,A,45.0,sluggish,5.0
P_old,False,unavailable,True,0.03959046122889528,0.0007446594257107305,-7.201838653982861,phase-b1::final::sg-A::S5_multi_switch_stochastic::P_old::seed-003024,S5_multi_switch_stochastic,d5freq.phase_b1.compact_episode_audits.v1,3024,A,45.0,sluggish,10.0
P_old,False,unavailable,True,0.050579781416922,5.81949447903817e-07,-14.356881670309633,phase-b1::final::sg-A::S5_multi_switch_stochastic::P_old::seed-003024,S5_multi_switch_stochastic,d5freq.phase_b1.compact_episode_audits.v1,3024,A,45.0,sluggish,20.0
P_old,False,sluggish,True,0.2312690490706674,0.014180445917649267,-3.646237778941959,phase-b1::final::sg-A::S5_multi_switch_stochastic::P_old::seed-003024,S5_multi_switch_stochastic,d5freq.phase_b1.compact_episode_audits.v1,3024,A,90.0,derated,2.0
P_old,False,unavailable,True,0.31289042027935665,7.055209602436351e-06,-11.421973109444494,phase-b1::final::sg-A::S5_multi_switch_stochastic::P_old::seed-003024,S5_multi_switch_stochastic,d5freq.phase_b1.compact_episode_audits.v1,3024,A,90.0,derated,5.0
P_old,False,unavailable,True,0.3116541000913681,5.6059418321643475e-12,-25.855105821493808,phase-b1::final::sg-A::S5_multi_switch_stochastic::P_old::seed-003024,S5_multi_switch_stochastic,d5freq.phase_b1.compact_episode_audits.v1,3024,A,90.0,derated,10.0
P_old,False,sluggish,True,0.23055619218420645,1.1273208596523788e-19,-43.283021101395036,phase-b1::final::sg-A::S5_multi_switch_stochastic::P_old::seed-003024,S5_multi_switch_stochastic,d5freq.phase_b1.compact_episode_audits.v1,3024,A,90.0,derated,20.0
P_old,True,derated,False,0.3019706624124477,0.996505994726467,5.656802174591405,phase-b1::final::sg-A::S5_multi_switch_stochastic::P_old::seed-003024,S5_multi_switch_stochastic,d5freq.phase_b1.compact_episode_audits.v1,3024,A,135.0,nominal,2.0
P_old,True,sluggish,False,0.2411314489969388,0.9999890516478175,12.056489823147402,phase-b1::final::sg-A::S5_multi_switch_stochastic::P_old::seed-003024,S5_multi_switch_stochastic,d5freq.phase_b1.compact_episode_audits.v1,3024,A,135.0,nominal,5.0
P_old,True,sluggish,False,0.22811464047696775,0.9999999498634423,16.809777956866455,phase-b1::final::sg-A::S5_multi_switch_stochastic::P_old::seed-003024,S5_multi_switch_stochastic,d5freq.phase_b1.compact_episode_audits.v1,3024,A,135.0,nominal,10.0
P_old,True,sluggish,False,0.25806299025196355,1.0,38.1049711316455,phase-b1::final::sg-A::S5_multi_switch_stochastic::P_old::seed-003024,S5_multi_switch_stochastic,d5freq.phase_b1.compact_episode_audits.v1,3024,A,135.0,nominal,20.0
P_old,False,unavailable,True,0.03722739615179099,0.15535344073558205,-1.3046176302747163,phase-b1::final::sg-A::S5_multi_switch_stochastic::P_old::seed-003025,S5_multi_switch_stochastic,d5freq.phase_b1.compact_episode_audits.v1,3025,A,45.0,sluggish,2.0
P_old,False,unavailable,True,0.03261655819800753,0.027263264162603038,-3.438062546827652,phase-b1::final::sg-A::S5_multi_switch_stochastic::P_old::seed-003025,S5_multi_switch_stochastic,d5freq.phase_b1.compact_episode_audits.v1,3025,A,45.0,sluggish,5.0
P_old,False,unavailable,True,0.03235192576994646,0.0009427447346207348,-6.965179330452514,phase-b1::final::sg-A::S5_multi_switch_stochastic::P_old::seed-003025,S5_multi_switch_stochastic,d5freq.phase_b1.compact_episode_audits.v1,3025,A,45.0,sluggish,10.0
P_old,False,unavailable,True,0.04932083991118485,9.77891876518882e-07,-13.837865750837636,phase-b1::final::sg-A::S5_multi_switch_stochastic::P_old::seed-003025,S5_multi_switch_stochastic,d5freq.phase_b1.compact_episode_audits.v1,3025,A,45.0,sluggish,20.0
P_old,False,unavailable,True,0.31474037165590424,0.005567357093943993,-4.880633472330647,phase-b1::final::sg-A::S5_multi_switch_stochastic::P_old::seed-003025,S5_multi_switch_stochastic,d5freq.phase_b1.compact_episode_audits.v1,3025,A,90.0,derated,2.0
P_old,False,unavailable,True,0.3146996778485163,4.881294315292126e-05,-9.918333695815562,phase-b1::final::sg-A::S5_multi_switch_stochastic::P_old::seed-003025,S5_multi_switch_stochastic,d5freq.phase_b1.compact_episode_audits.v1,3025,A,90.0,derated,5.0
P_old,False,unavailable,True,0.3165465412117536,2.1211732295181456e-06,-12.888964353615705,phase-b1::final::sg-A::S5_multi_switch_stochastic::P_old::seed-003025,S5_multi_switch_stochastic,d5freq.phase_b1.compact_episode_audits.v1,3025,A,90.0,derated,10.0
P_old,False,sluggish,True,0.23588582869810368,2.4342129124585275e-14,-31.346567836841217,phase-b1::final::sg-A::S5_multi_switch_stochastic::P_old::seed-003025,S5_multi_switch_stochastic,d5freq.phase_b1.compact_episode_audits.v1,3025,A,90.0,derated,20.0
P_old,False,unavailable,True,0.05447625381126086,0.26838168718704136,-0.779240124783076,phase-b1::final::sg-A::S5_multi_switch_stochastic::P_old::seed-003025,S5_multi_switch_stochastic,d5freq.phase_b1.compact_episode_audits.v1,3025,A,135.0,nominal,2.0
P_old,False,unavailable,True,0.06761258520271042,0.0702461252472452,-2.5546910306202477,phase-b1::final::sg-A::S5_multi_switch_stochastic::P_old::seed-003025,S5_multi_switch_stochastic,d5freq.phase_b1.compact_episode_audits.v1,3025,A,135.0,nominal,5.0
P_old,True,sluggish,True,0.0929198195319459,0.7289546310928093,1.5899638582939133,phase-b1::final::sg-A::S5_multi_switch_stochastic::P_old::seed-003025,S5_multi_switch_stochastic,d5freq.phase_b1.compact_episode_audits.v1,3025,A,135.0,nominal,10.0
P_old,True,sluggish,True,0.14782490309687188,0.7768863528175165,1.2476128053353364,phase-b1::final::sg-A::S5_multi_switch_stochastic::P_old::seed-003025,S5_multi_switch_stochastic,d5freq.phase_b1.compact_episode_audits.v1,3025,A,135.0,nominal,20.0
P_old,False,unavailable,True,0.0362523168622684,0.16059209563865615,-1.3557455380779864,phase-b1::final::sg-A::S5_multi_switch_stochastic::P_old::seed-003026,S5_multi_switch_stochastic,d5freq.phase_b1.compact_episode_audits.v1,3026,A,45.0,sluggish,2.0
P_old,False,unavailable,True,0.03489542395335965,0.029079623408675655,-3.5076445282311965,phase-b1::final::sg-A::S5_multi_switch_stochastic::P_old::seed-003026,S5_multi_switch_stochastic,d5freq.phase_b1.compact_episode_audits.v1,3026,A,45.0,sluggish,5.0
P_old,False,unavailable,True,0.034913729759824444,0.0009710990940407991,-6.936078864128831,phase-b1::final::sg-A::S5_multi_switch_stochastic::P_old::seed-003026,S5_multi_switch_stochastic,d5freq.phase_b1.compact_episode_audits.v1,3026,A,45.0,sluggish,10.0
P_old,False,unavailable,True,0.0331702202825845,8.104763267016909e-07,-14.02564289369576,phase-b1::final::sg-A::S5_multi_switch_stochastic::P_old::seed-003026,S5_multi_switch_stochastic,d5freq.phase_b1.compact_episode_audits.v1,3026,A,45.0,sluggish,20.0
P_old,False,unavailable,True,0.3104061989891803,0.0014303532231911653,-6.102844780455914,phase-b1::final::sg-A::S5_multi_switch_stochastic::P_old::seed-003026,S5_multi_switch_stochastic,d5freq.phase_b1.compact_episode_audits.v1,3026,A,90.0,derated,2.0
P_old,False,unavailable,True,0.31020678690483316,2.671885158884557e-07,-15.072977549796285,phase-b1::final::sg-A::S5_multi_switch_stochastic::P_old::seed-003026,S5_multi_switch_stochastic,d5freq.phase_b1.compact_episode_audits.v1,3026,A,90.0,derated,5.0
P_old,False,unavailable,True,0.31249042668928045,2.2809284252516663e-11,-24.276557503572988,phase-b1::final::sg-A::S5_multi_switch_stochastic::P_old::seed-003026,S5_multi_switch_stochastic,d5freq.phase_b1.compact_episode_audits.v1,3026,A,90.0,derated,10.0
P_old,False,unavailable,True,0.3122578721902589,1.9190039199609984e-22,-50.00430924885541,phase-b1::final::sg-A::S5_multi_switch_stochastic::P_old::seed-003026,S5_multi_switch_stochastic,d5freq.phase_b1.compact_episode_audits.v1,3026,A,90.0,derated,20.0
P_old,False,unavailable,True,0.10981564791291974,0.1453138363882719,-1.5112202208729855,phase-b1::final::sg-A::S5_multi_switch_stochastic::P_old::seed-003026,S5_multi_switch_stochastic,d5freq.phase_b1.compact_episode_audits.v1,3026,A,135.0,nominal,2.0
P_old,False,sluggish,True,0.11618256877092983,0.016380376896737676,-3.6211093234497866,phase-b1::final::sg-A::S5_multi_switch_stochastic::P_old::seed-003026,S5_multi_switch_stochastic,d5freq.phase_b1.compact_episode_audits.v1,3026,A,135.0,nominal,5.0
P_old,False,unavailable,True,0.18591281926441167,0.002005549169668039,-6.079900344882503,phase-b1::final::sg-A::S5_multi_switch_stochastic::P_old::seed-003026,S5_multi_switch_stochastic,d5freq.phase_b1.compact_episode_audits.v1,3026,A,135.0,nominal,10.0
P_old,False,unavailable,True,0.16822438098323825,1.4932005307608511e-06,-13.411073845640772,phase-b1::final::sg-A::S5_multi_switch_stochastic::P_old::seed-003026,S5_multi_switch_stochastic,d5freq.phase_b1.compact_episode_audits.v1,3026,A,135.0,nominal,20.0
P_old,False,unavailable,True,0.04100047506646009,0.2060982688249469,-1.2041967854525346,phase-b1::final::sg-A::S5_multi_switch_stochastic::P_old::seed-003027,S5_multi_switch_stochastic,d5freq.phase_b1.compact_episode_audits.v1,3027,A,45.0,sluggish,2.0
P_old,False,unavailable,True,0.08054005470453471,0.034021471214828444,-3.3461497435772003,phase-b1::final::sg-A::S5_multi_switch_stochastic::P_old::seed-003027,S5_multi_switch_stochastic,d5freq.phase_b1.compact_episode_audits.v1,3027,A,45.0,sluggish,5.0
P_old,False,unavailable,True,0.17003557281062975,4.51644890639982e-06,-12.30777999661504,phase-b1::final::sg-A::S5_multi_switch_stochastic::P_old::seed-003027,S5_multi_switch_stochastic,d5freq.phase_b1.compact_episode_audits.v1,3027,A,45.0,sluggish,10.0
P_old,False,unavailable,True,0.10073739012774899,4.619694089046283e-09,-19.192937343917492,phase-b1::final::sg-A::S5_multi_switch_stochastic::P_old::seed-003027,S5_multi_switch_stochastic,d5freq.phase_b1.compact_episode_audits.v1,3027,A,45.0,sluggish,20.0
P_old,False,unavailable,True,0.3099730278666808,0.0023145865192477862,-5.554514964150055,phase-b1::final::sg-A::S5_multi_switch_stochastic::P_old::seed-003027,S5_multi_switch_stochastic,d5freq.phase_b1.compact_episode_audits.v1,3027,A,90.0,derated,2.0
P_old,False,unavailable,True,0.31053834319703666,4.105756585292761e-07,-14.669192193766591,phase-b1::final::sg-A::S5_multi_switch_stochastic::P_old::seed-003027,S5_multi_switch_stochastic,d5freq.phase_b1.compact_episode_audits.v1,3027,A,90.0,derated,5.0
P_old,False,unavailable,True,0.3123027137836058,3.153602399309705e-11,-24.111377525335726,phase-b1::final::sg-A::S5_multi_switch_stochastic::P_old::seed-003027,S5_multi_switch_stochastic,d5freq.phase_b1.compact_episode_audits.v1,3027,A,90.0,derated,10.0
P_old,False,sluggish,True,0.2317838012594296,3.1196200331838375e-18,-40.30881940962641,phase-b1::final::sg-A::S5_multi_switch_stochastic::P_old::seed-003027,S5_multi_switch_stochastic,d5freq.phase_b1.compact_episode_audits.v1,3027,A,90.0,derated,20.0
P_old,False,unavailable,True,0.11164667729481563,0.05605922216374791,-2.559030180570989,phase-b1::final::sg-A::S5_multi_switch_stochastic::P_old::seed-003027,S5_multi_switch_stochastic,d5freq.phase_b1.compact_episode_audits.v1,3027,A,135.0,nominal,2.0
P_old,False,unavailable,True,0.1580848264054449,0.016679697805036076,-3.934383354302682,phase-b1::final::sg-A::S5_multi_switch_stochastic::P_old::seed-003027,S5_multi_switch_stochastic,d5freq.phase_b1.compact_episode_audits.v1,3027,A,135.0,nominal,5.0
P_old,False,unavailable,True,0.18436188903647832,0.0012174654926523803,-6.6120775147905135,phase-b1::final::sg-A::S5_multi_switch_stochastic::P_old::seed-003027,S5_multi_switch_stochastic,d5freq.phase_b1.compact_episode_audits.v1,3027,A,135.0,nominal,10.0
P_old,False,unavailable,True,0.21555901039721012,8.602767437137185e-05,-9.234832920025667,phase-b1::final::sg-A::S5_multi_switch_stochastic::P_old::seed-003027,S5_multi_switch_stochastic,d5freq.phase_b1.compact_episode_audits.v1,3027,A,135.0,nominal,20.0
P_old,False,unavailable,True,0.054655263604209685,0.19314115669292198,-1.2258978652809454,phase-b1::final::sg-A::S5_multi_switch_stochastic::P_old::seed-003028,S5_multi_switch_stochastic,d5freq.phase_b1.compact_episode_audits.v1,3028,A,45.0,sluggish,2.0
P_old,False,unavailable,True,0.0632511582830586,0.011718281318959162,-4.434817655061281,phase-b1::final::sg-A::S5_multi_switch_stochastic::P_old::seed-003028,S5_multi_switch_stochastic,d5freq.phase_b1.compact_episode_audits.v1,3028,A,45.0,sluggish,5.0
P_old,False,unavailable,True,0.06573936145877463,0.0006967987890840657,-7.26831682858554,phase-b1::final::sg-A::S5_multi_switch_stochastic::P_old::seed-003028,S5_multi_switch_stochastic,d5freq.phase_b1.compact_episode_audits.v1,3028,A,45.0,sluggish,10.0
P_old,False,unavailable,True,0.049127256672134065,5.535734946955718e-07,-14.406870758294303,phase-b1::final::sg-A::S5_multi_switch_stochastic::P_old::seed-003028,S5_multi_switch_stochastic,d5freq.phase_b1.compact_episode_audits.v1,3028,A,45.0,sluggish,20.0
P_old,False,sluggish,True,0.22983479383213315,0.003665108811365647,-4.782332580673209,phase-b1::final::sg-A::S5_multi_switch_stochastic::P_old::seed-003028,S5_multi_switch_stochastic,d5freq.phase_b1.compact_episode_audits.v1,3028,A,90.0,derated,2.0
P_old,False,unavailable,True,0.3124466050209306,1.5949178497802283e-06,-13.110144730310488,phase-b1::final::sg-A::S5_multi_switch_stochastic::P_old::seed-003028,S5_multi_switch_stochastic,d5freq.phase_b1.compact_episode_audits.v1,3028,A,90.0,derated,5.0
P_old,False,unavailable,True,0.3133774166458515,6.436363259669718e-11,-22.83847747257157,phase-b1::final::sg-A::S5_multi_switch_stochastic::P_old::seed-003028,S5_multi_switch_stochastic,d5freq.phase_b1.compact_episode_audits.v1,3028,A,90.0,derated,10.0
P_old,False,unavailable,True,0.3125804245158223,3.9591393296611175e-22,-49.270805597939244,phase-b1::final::sg-A::S5_multi_switch_stochastic::P_old::seed-003028,S5_multi_switch_stochastic,d5freq.phase_b1.compact_episode_audits.v1,3028,A,90.0,derated,20.0
P_old,False,unavailable,True,0.11342917630933147,0.19010652399005457,-1.2456118084669079,phase-b1::final::sg-A::S5_multi_switch_stochastic::P_old::seed-003028,S5_multi_switch_stochastic,d5freq.phase_b1.compact_episode_audits.v1,3028,A,135.0,nominal,2.0
P_old,False,sluggish,True,0.12514091294272844,0.10884564438085406,-1.7252119182388839,phase-b1::final::sg-A::S5_multi_switch_stochastic::P_old::seed-003028,S5_multi_switch_stochastic,d5freq.phase_b1.compact_episode_audits.v1,3028,A,135.0,nominal,5.0
P_old,False,sluggish,True,0.1338191433967923,0.1657178810820021,-1.6160413946060146,phase-b1::final::sg-A::S5_multi_switch_stochastic::P_old::seed-003028,S5_multi_switch_stochastic,d5freq.phase_b1.compact_episode_audits.v1,3028,A,135.0,nominal,10.0
P_old,False,sluggish,True,0.11503790442725403,0.0435749555823931,-3.08480956564739,phase-b1::final::sg-A::S5_multi_switch_stochastic::P_old::seed-003028,S5_multi_switch_stochastic,d5freq.phase_b1.compact_episode_audits.v1,3028,A,135.0,nominal,20.0
P_old,False,unavailable,True,0.03695503725666288,0.14604422761679375,-1.415696787411207,phase-b1::final::sg-A::S5_multi_switch_stochastic::P_old::seed-003029,S5_multi_switch_stochastic,d5freq.phase_b1.compact_episode_audits.v1,3029,A,45.0,sluggish,2.0
P_old,False,unavailable,True,0.03469816566863044,0.02562450168567235,-3.6382476462429025,phase-b1::final::sg-A::S5_multi_switch_stochastic::P_old::seed-003029,S5_multi_switch_stochastic,d5freq.phase_b1.compact_episode_audits.v1,3029,A,45.0,sluggish,5.0
P_old,False,unavailable,True,0.12977081679442656,1.53315826657101e-08,-17.993350894287616,phase-b1::final::sg-A::S5_multi_switch_stochastic::P_old::seed-003029,S5_multi_switch_stochastic,d5freq.phase_b1.compact_episode_audits.v1,3029,A,45.0,sluggish,10.0
P_old,False,unavailable,True,0.10627204547650622,2.197762204854514e-09,-19.935826171674222,phase-b1::final::sg-A::S5_multi_switch_stochastic::P_old::seed-003029,S5_multi_switch_stochastic,d5freq.phase_b1.compact_episode_audits.v1,3029,A,45.0,sluggish,20.0
P_old,False,unavailable,True,0.31082942192542007,0.0014414234479537109,-6.213271306531009,phase-b1::final::sg-A::S5_multi_switch_stochastic::P_old::seed-003029,S5_multi_switch_stochastic,d5freq.phase_b1.compact_episode_audits.v1,3029,A,90.0,derated,2.0
P_old,False,sluggish,True,0.2332869299012139,7.671662578112661e-05,-9.263214275696086,phase-b1::final::sg-A::S5_multi_switch_stochastic::P_old::seed-003029,S5_multi_switch_stochastic,d5freq.phase_b1.compact_episode_audits.v1,3029,A,90.0,derated,5.0
P_old,False,sluggish,True,0.23175924809754248,1.5753865592299938e-09,-20.26835188116864,phase-b1::final::sg-A::S5_multi_switch_stochastic::P_old::seed-003029,S5_multi_switch_stochastic,d5freq.phase_b1.compact_episode_audits.v1,3029,A,90.0,derated,10.0
P_old,False,nominal,True,0.2987273223463276,1.3968285113872011e-12,-27.24599271316532,phase-b1::final::sg-A::S5_multi_switch_stochastic::P_old::seed-003029,S5_multi_switch_stochastic,d5freq.phase_b1.compact_episode_audits.v1,3029,A,90.0,derated,20.0
P_old,True,sluggish,False,0.2611784346935371,0.9914601241962852,5.2282282699551,phase-b1::final::sg-A::S5_multi_switch_stochastic::P_old::seed-003029,S5_multi_switch_stochastic,d5freq.phase_b1.compact_episode_audits.v1,3029,A,135.0,nominal,2.0
P_old,True,sluggish,False,0.24034183240708126,0.9994679740310964,7.543476698380239,phase-b1::final::sg-A::S5_multi_switch_stochastic::P_old::seed-003029,S5_multi_switch_stochastic,d5freq.phase_b1.compact_episode_audits.v1,3029,A,135.0,nominal,5.0
P_old,True,sluggish,False,0.22779697649517466,0.9999761390874604,10.643246971296747,phase-b1::final::sg-A::S5_multi_switch_stochastic::P_old::seed-003029,S5_multi_switch_stochastic,d5freq.phase_b1.compact_episode_audits.v1,3029,A,135.0,nominal,10.0
P_old,True,sluggish,False,0.23710054348580195,0.9999999992861925,21.060407976971305,phase-b1::final::sg-A::S5_multi_switch_stochastic::P_old::seed-003029,S5_multi_switch_stochastic,d5freq.phase_b1.compact_episode_audits.v1,3029,A,135.0,nominal,20.0
P_old,False,unavailable,True,0.04027887701639282,0.15958893326459597,-1.382345216960637,phase-b1::final::sg-B::S5_multi_switch_stochastic::P_old::seed-003000,S5_multi_switch_stochastic,d5freq.phase_b1.compact_episode_audits.v1,3000,B,45.0,sluggish,2.0
P_old,False,unavailable,True,0.039705218077583086,0.0369868968463765,-3.2490462236229405,phase-b1::final::sg-B::S5_multi_switch_stochastic::P_old::seed-003000,S5_multi_switch_stochastic,d5freq.phase_b1.compact_episode_audits.v1,3000,B,45.0,sluggish,5.0
P_old,False,unavailable,True,0.03593629298735717,0.0011691367538324683,-6.750251941032531,phase-b1::final::sg-B::S5_multi_switch_stochastic::P_old::seed-003000,S5_multi_switch_stochastic,d5freq.phase_b1.compact_episode_audits.v1,3000,B,45.0,sluggish,10.0
P_old,False,unavailable,True,0.040195356830564646,1.9549514352987015e-06,-13.145143251161585,phase-b1::final::sg-B::S5_multi_switch_stochastic::P_old::seed-003000,S5_multi_switch_stochastic,d5freq.phase_b1.compact_episode_audits.v1,3000,B,45.0,sluggish,20.0
P_old,True,unavailable,False,0.38606445007958856,0.9960641878767941,5.8443477562704675,phase-b1::final::sg-B::S5_multi_switch_stochastic::P_old::seed-003000,S5_multi_switch_stochastic,d5freq.phase_b1.compact_episode_audits.v1,3000,B,90.0,derated,2.0
P_old,True,sluggish,True,0.2907689378253199,0.791965772530372,1.3694065861049012,phase-b1::final::sg-B::S5_multi_switch_stochastic::P_old::seed-003000,S5_multi_switch_stochastic,d5freq.phase_b1.compact_episode_audits.v1,3000,B,90.0,derated,5.0
P_old,False,sluggish,True,0.2617127880089555,0.0008153953669947573,-7.034596780350483,phase-b1::final::sg-B::S5_multi_switch_stochastic::P_old::seed-003000,S5_multi_switch_stochastic,d5freq.phase_b1.compact_episode_audits.v1,3000,B,90.0,derated,10.0
P_old,False,sluggish,True,0.24631682876197844,3.3881280674641662e-12,-26.410743539452454,phase-b1::final::sg-B::S5_multi_switch_stochastic::P_old::seed-003000,S5_multi_switch_stochastic,d5freq.phase_b1.compact_episode_audits.v1,3000,B,90.0,derated,20.0
P_old,False,unavailable,True,0.024491592761150174,0.3741984716564302,-0.23935300528361836,phase-b1::final::sg-B::S5_multi_switch_stochastic::P_old::seed-003000,S5_multi_switch_stochastic,d5freq.phase_b1.compact_episode_audits.v1,3000,B,135.0,nominal,2.0
P_old,False,unavailable,True,0.017547644061175774,0.29405776402966727,-0.8266187114308821,phase-b1::final::sg-B::S5_multi_switch_stochastic::P_old::seed-003000,S5_multi_switch_stochastic,d5freq.phase_b1.compact_episode_audits.v1,3000,B,135.0,nominal,5.0
P_old,False,unavailable,True,0.09620198879840511,0.46988925531913184,-0.08058949061390308,phase-b1::final::sg-B::S5_multi_switch_stochastic::P_old::seed-003000,S5_multi_switch_stochastic,d5freq.phase_b1.compact_episode_audits.v1,3000,B,135.0,nominal,10.0
P_old,True,unavailable,False,0.12536089031119974,0.9280246113275348,2.6071539757385835,phase-b1::final::sg-B::S5_multi_switch_stochastic::P_old::seed-003000,S5_multi_switch_stochastic,d5freq.phase_b1.compact_episode_audits.v1,3000,B,135.0,nominal,20.0
P_old,True,nominal,False,0.12189589702536896,0.9749218966292621,3.985364798565758,phase-b1::final::sg-B::S5_multi_switch_stochastic::P_old::seed-003001,S5_multi_switch_stochastic,d5freq.phase_b1.compact_episode_audits.v1,3001,B,45.0,sluggish,2.0
P_old,True,derated,False,0.25362397919921786,0.99999664599253,12.605379282824579,phase-b1::final::sg-B::S5_multi_switch_stochastic::P_old::seed-003001,S5_multi_switch_stochastic,d5freq.phase_b1.compact_episode_audits.v1,3001,B,45.0,sluggish,5.0
P_old,True,unavailable,False,0.2169755053144411,0.9999999997484248,22.157471282628478,phase-b1::final::sg-B::S5_multi_switch_stochastic::P_old::seed-003001,S5_multi_switch_stochastic,d5freq.phase_b1.compact_episode_audits.v1,3001,B,45.0,sluggish,10.0
P_old,True,unavailable,False,0.12620861496335833,0.9999995750290785,14.671244665260815,phase-b1::final::sg-B::S5_multi_switch_stochastic::P_old::seed-003001,S5_multi_switch_stochastic,d5freq.phase_b1.compact_episode_audits.v1,3001,B,45.0,sluggish,20.0
P_old,False,nominal,True,0.2825001306054472,0.0028462988816992866,-5.249118356525422,phase-b1::final::sg-B::S5_multi_switch_stochastic::P_old::seed-003001,S5_multi_switch_stochastic,d5freq.phase_b1.compact_episode_audits.v1,3001,B,90.0,derated,2.0
P_old,False,sluggish,True,0.2301500153224291,1.6085426294300904e-05,-10.415797511242253,phase-b1::final::sg-B::S5_multi_switch_stochastic::P_old::seed-003001,S5_multi_switch_stochastic,d5freq.phase_b1.compact_episode_audits.v1,3001,B,90.0,derated,5.0
P_old,False,sluggish,True,0.2303895105043125,3.7102293507764804e-10,-21.630780099357068,phase-b1::final::sg-B::S5_multi_switch_stochastic::P_old::seed-003001,S5_multi_switch_stochastic,d5freq.phase_b1.compact_episode_audits.v1,3001,B,90.0,derated,10.0
P_old,False,sluggish,True,0.23031913516354213,2.15861195780476e-20,-45.1960803349734,phase-b1::final::sg-B::S5_multi_switch_stochastic::P_old::seed-003001,S5_multi_switch_stochastic,d5freq.phase_b1.compact_episode_audits.v1,3001,B,90.0,derated,20.0
P_old,False,unavailable,True,0.12488473146673656,0.3340608597329448,-0.25978278022260426,phase-b1::final::sg-B::S5_multi_switch_stochastic::P_old::seed-003001,S5_multi_switch_stochastic,d5freq.phase_b1.compact_episode_audits.v1,3001,B,135.0,nominal,2.0
P_old,False,unavailable,True,0.14061168155294304,0.025446020705627945,-3.5957646123920597,phase-b1::final::sg-B::S5_multi_switch_stochastic::P_old::seed-003001,S5_multi_switch_stochastic,d5freq.phase_b1.compact_episode_audits.v1,3001,B,135.0,nominal,5.0
P_old,False,unavailable,True,0.11533904680884768,0.0004321262960241665,-7.744859941576834,phase-b1::final::sg-B::S5_multi_switch_stochastic::P_old::seed-003001,S5_multi_switch_stochastic,d5freq.phase_b1.compact_episode_audits.v1,3001,B,135.0,nominal,10.0
P_old,False,unavailable,True,0.1465868694958369,0.0002612648313610854,-8.249438356468374,phase-b1::final::sg-B::S5_multi_switch_stochastic::P_old::seed-003001,S5_multi_switch_stochastic,d5freq.phase_b1.compact_episode_audits.v1,3001,B,135.0,nominal,20.0
P_old,False,unavailable,True,0.17618760504291484,0.4057079196849111,-0.20148204379733414,phase-b1::final::sg-B::S5_multi_switch_stochastic::P_old::seed-003002,S5_multi_switch_stochastic,d5freq.phase_b1.compact_episode_audits.v1,3002,B,45.0,sluggish,2.0
P_old,False,unavailable,True,0.10738819966735733,0.05372931618128518,-2.8685696062732546,phase-b1::final::sg-B::S5_multi_switch_stochastic::P_old::seed-003002,S5_multi_switch_stochastic,d5freq.phase_b1.compact_episode_audits.v1,3002,B,45.0,sluggish,5.0
P_old,False,unavailable,True,0.1449457905930035,0.09342694212145179,-2.272491857121622,phase-b1::final::sg-B::S5_multi_switch_stochastic::P_old::seed-003002,S5_multi_switch_stochastic,d5freq.phase_b1.compact_episode_audits.v1,3002,B,45.0,sluggish,10.0
P_old,False,unavailable,True,0.0891841826808892,7.900326577713857e-05,-9.445942361013863,phase-b1::final::sg-B::S5_multi_switch_stochastic::P_old::seed-003002,S5_multi_switch_stochastic,d5freq.phase_b1.compact_episode_audits.v1,3002,B,45.0,sluggish,20.0
P_old,False,unavailable,True,0.30994237986372886,0.0015244875496109465,-6.091155669706005,phase-b1::final::sg-B::S5_multi_switch_stochastic::P_old::seed-003002,S5_multi_switch_stochastic,d5freq.phase_b1.compact_episode_audits.v1,3002,B,90.0,derated,2.0
P_old,False,unavailable,True,0.3109672074640983,4.742438674552128e-07,-14.468432478720963,phase-b1::final::sg-B::S5_multi_switch_stochastic::P_old::seed-003002,S5_multi_switch_stochastic,d5freq.phase_b1.compact_episode_audits.v1,3002,B,90.0,derated,5.0
P_old,False,unavailable,True,0.3113348863791251,2.758891679704332e-12,-26.596620922223053,phase-b1::final::sg-B::S5_multi_switch_stochastic::P_old::seed-003002,S5_multi_switch_stochastic,d5freq.phase_b1.compact_episode_audits.v1,3002,B,90.0,derated,10.0
P_old,False,unavailable,True,0.31165014978280686,5.496169179621513e-24,-53.557689573861126,phase-b1::final::sg-B::S5_multi_switch_stochastic::P_old::seed-003002,S5_multi_switch_stochastic,d5freq.phase_b1.compact_episode_audits.v1,3002,B,90.0,derated,20.0
P_old,True,unavailable,True,0.05019202171341231,0.46866051332450104,0.1580106597821107,phase-b1::final::sg-B::S5_multi_switch_stochastic::P_old::seed-003002,S5_multi_switch_stochastic,d5freq.phase_b1.compact_episode_audits.v1,3002,B,135.0,nominal,2.0
P_old,True,unavailable,True,0.06275045614102322,0.5461835918675292,0.29008768133077467,phase-b1::final::sg-B::S5_multi_switch_stochastic::P_old::seed-003002,S5_multi_switch_stochastic,d5freq.phase_b1.compact_episode_audits.v1,3002,B,135.0,nominal,5.0
P_old,False,unavailable,True,0.10192759029944598,0.14730405566646185,-1.7479177520440032,phase-b1::final::sg-B::S5_multi_switch_stochastic::P_old::seed-003002,S5_multi_switch_stochastic,d5freq.phase_b1.compact_episode_audits.v1,3002,B,135.0,nominal,10.0
P_old,True,sluggish,False,0.09456384048325496,0.9990043231635205,6.916825929843242,phase-b1::final::sg-B::S5_multi_switch_stochastic::P_old::seed-003002,S5_multi_switch_stochastic,d5freq.phase_b1.compact_episode_audits.v1,3002,B,135.0,nominal,20.0
P_old,False,unavailable,True,0.032315211304251,0.1668572554959474,-1.4407235816767283,phase-b1::final::sg-B::S5_multi_switch_stochastic::P_old::seed-003003,S5_multi_switch_stochastic,d5freq.phase_b1.compact_episode_audits.v1,3003,B,45.0,sluggish,2.0
P_old,False,unavailable,True,0.03310240300405763,0.026379647101206914,-3.6016066787500307,phase-b1::final::sg-B::S5_multi_switch_stochastic::P_old::seed-003003,S5_multi_switch_stochastic,d5freq.phase_b1.compact_episode_audits.v1,3003,B,45.0,sluggish,5.0
P_old,False,unavailable,True,0.07224373355093369,2.238387881345875e-05,-10.707147169907046,phase-b1::final::sg-B::S5_multi_switch_stochastic::P_old::seed-003003,S5_multi_switch_stochastic,d5freq.phase_b1.compact_episode_audits.v1,3003,B,45.0,sluggish,10.0
P_old,False,unavailable,True,0.06279975075481355,2.4001039694146214e-08,-17.54516866294631,phase-b1::final::sg-B::S5_multi_switch_stochastic::P_old::seed-003003,S5_multi_switch_stochastic,d5freq.phase_b1.compact_episode_audits.v1,3003,B,45.0,sluggish,20.0
P_old,False,sluggish,True,0.23190265429651474,0.007783418460483932,-4.001043908756966,phase-b1::final::sg-B::S5_multi_switch_stochastic::P_old::seed-003003,S5_multi_switch_stochastic,d5freq.phase_b1.compact_episode_audits.v1,3003,B,90.0,derated,2.0
P_old,False,unavailable,True,0.3129008124671525,6.74799174585963e-06,-11.621586534082027,phase-b1::final::sg-B::S5_multi_switch_stochastic::P_old::seed-003003,S5_multi_switch_stochastic,d5freq.phase_b1.compact_episode_audits.v1,3003,B,90.0,derated,5.0
P_old,False,unavailable,True,0.3131849341126663,3.3396635164748314e-11,-24.05726791004588,phase-b1::final::sg-B::S5_multi_switch_stochastic::P_old::seed-003003,S5_multi_switch_stochastic,d5freq.phase_b1.compact_episode_audits.v1,3003,B,90.0,derated,10.0
P_old,False,unavailable,True,0.31239294586253663,4.474758619040276e-22,-49.14584671313676,phase-b1::final::sg-B::S5_multi_switch_stochastic::P_old::seed-003003,S5_multi_switch_stochastic,d5freq.phase_b1.compact_episode_audits.v1,3003,B,90.0,derated,20.0
P_old,False,unavailable,True,0.0883756731453562,0.126802717608424,-1.6973273150471364,phase-b1::final::sg-B::S5_multi_switch_stochastic::P_old::seed-003003,S5_multi_switch_stochastic,d5freq.phase_b1.compact_episode_audits.v1,3003,B,135.0,nominal,2.0
P_old,False,unavailable,True,0.09414551945117554,0.047898342744122926,-2.935649248704024,phase-b1::final::sg-B::S5_multi_switch_stochastic::P_old::seed-003003,S5_multi_switch_stochastic,d5freq.phase_b1.compact_episode_audits.v1,3003,B,135.0,nominal,5.0
P_old,True,unavailable,True,0.15500138675330344,0.7545768873423608,1.276574378637065,phase-b1::final::sg-B::S5_multi_switch_stochastic::P_old::seed-003003,S5_multi_switch_stochastic,d5freq.phase_b1.compact_episode_audits.v1,3003,B,135.0,nominal,10.0
P_old,False,unavailable,True,0.14152434767310962,0.007750470782380228,-4.851229217019977,phase-b1::final::sg-B::S5_multi_switch_stochastic::P_old::seed-003003,S5_multi_switch_stochastic,d5freq.phase_b1.compact_episode_audits.v1,3003,B,135.0,nominal,20.0
P_old,False,unavailable,True,0.07735181007615859,0.2586857852144482,-0.8393718193370816,phase-b1::final::sg-B::S5_multi_switch_stochastic::P_old::seed-003004,S5_multi_switch_stochastic,d5freq.phase_b1.compact_episode_audits.v1,3004,B,45.0,sluggish,2.0
P_old,False,unavailable,True,0.05228777024037997,0.04823794591014312,-2.90831019798253,phase-b1::final::sg-B::S5_multi_switch_stochastic::P_old::seed-003004,S5_multi_switch_stochastic,d5freq.phase_b1.compact_episode_audits.v1,3004,B,45.0,sluggish,5.0
P_old,False,unavailable,True,0.04483412832406755,0.0027332374601917566,-5.896043823761687,phase-b1::final::sg-B::S5_multi_switch_stochastic::P_old::seed-003004,S5_multi_switch_stochastic,d5freq.phase_b1.compact_episode_audits.v1,3004,B,45.0,sluggish,10.0
P_old,False,unavailable,True,0.0849632122149895,7.191523516986403e-10,-21.052947886056188,phase-b1::final::sg-B::S5_multi_switch_stochastic::P_old::seed-003004,S5_multi_switch_stochastic,d5freq.phase_b1.compact_episode_audits.v1,3004,B,45.0,sluggish,20.0
P_old,False,sluggish,True,0.24492449875439293,0.41763473990179356,-0.1777903562206049,phase-b1::final::sg-B::S5_multi_switch_stochastic::P_old::seed-003004,S5_multi_switch_stochastic,d5freq.phase_b1.compact_episode_audits.v1,3004,B,90.0,derated,2.0
P_old,False,sluggish,True,0.24221442939218227,0.19871866762620047,-1.385606620628856,phase-b1::final::sg-B::S5_multi_switch_stochastic::P_old::seed-003004,S5_multi_switch_stochastic,d5freq.phase_b1.compact_episode_audits.v1,3004,B,90.0,derated,5.0
P_old,False,sluggish,True,0.2372998478988996,2.8739428297804536e-06,-12.755281983760526,phase-b1::final::sg-B::S5_multi_switch_stochastic::P_old::seed-003004,S5_multi_switch_stochastic,d5freq.phase_b1.compact_episode_audits.v1,3004,B,90.0,derated,10.0
P_old,False,unavailable,True,0.31628815981870895,2.5927333614274656e-14,-31.24982343926939,phase-b1::final::sg-B::S5_multi_switch_stochastic::P_old::seed-003004,S5_multi_switch_stochastic,d5freq.phase_b1.compact_episode_audits.v1,3004,B,90.0,derated,20.0
P_old,False,unavailable,True,0.22440447364974972,0.14593866610727108,-1.1764486696258416,phase-b1::final::sg-B::S5_multi_switch_stochastic::P_old::seed-003004,S5_multi_switch_stochastic,d5freq.phase_b1.compact_episode_audits.v1,3004,B,135.0,nominal,2.0
P_old,False,unavailable,True,0.2063335485848973,0.009175639577983258,-4.496941705447696,phase-b1::final::sg-B::S5_multi_switch_stochastic::P_old::seed-003004,S5_multi_switch_stochastic,d5freq.phase_b1.compact_episode_audits.v1,3004,B,135.0,nominal,5.0
P_old,False,unavailable,True,0.1943470597480166,0.0011652688448102312,-6.745142997372966,phase-b1::final::sg-B::S5_multi_switch_stochastic::P_old::seed-003004,S5_multi_switch_stochastic,d5freq.phase_b1.compact_episode_audits.v1,3004,B,135.0,nominal,10.0
P_old,False,unavailable,True,0.17262447211295212,0.0005827260522728156,-7.445784777657593,phase-b1::final::sg-B::S5_multi_switch_stochastic::P_old::seed-003004,S5_multi_switch_stochastic,d5freq.phase_b1.compact_episode_audits.v1,3004,B,135.0,nominal,20.0
P_old,True,nominal,True,0.045555640714874696,0.740822827349553,1.2506118859587119,phase-b1::final::sg-B::S5_multi_switch_stochastic::P_old::seed-003005,S5_multi_switch_stochastic,d5freq.phase_b1.compact_episode_audits.v1,3005,B,45.0,sluggish,2.0
P_old,True,unavailable,True,0.1436542099232519,0.7961026572395177,1.3621268006154281,phase-b1::final::sg-B::S5_multi_switch_stochastic::P_old::seed-003005,S5_multi_switch_stochastic,d5freq.phase_b1.compact_episode_audits.v1,3005,B,45.0,sluggish,5.0
P_old,False,unavailable,True,0.18687650062637667,0.014841657062327897,-4.195364489116486,phase-b1::final::sg-B::S5_multi_switch_stochastic::P_old::seed-003005,S5_multi_switch_stochastic,d5freq.phase_b1.compact_episode_audits.v1,3005,B,45.0,sluggish,10.0
P_old,False,unavailable,True,0.11205227734965573,3.0414340939925672e-05,-10.400565904538723,phase-b1::final::sg-B::S5_multi_switch_stochastic::P_old::seed-003005,S5_multi_switch_stochastic,d5freq.phase_b1.compact_episode_audits.v1,3005,B,45.0,sluggish,20.0
P_old,False,unavailable,True,0.3134430863142429,0.004573386424399651,-4.433492517719124,phase-b1::final::sg-B::S5_multi_switch_stochastic::P_old::seed-003005,S5_multi_switch_stochastic,d5freq.phase_b1.compact_episode_audits.v1,3005,B,90.0,derated,2.0
P_old,False,unavailable,True,0.31268393835662756,3.813437789906022e-06,-11.845782496855122,phase-b1::final::sg-B::S5_multi_switch_stochastic::P_old::seed-003005,S5_multi_switch_stochastic,d5freq.phase_b1.compact_episode_audits.v1,3005,B,90.0,derated,5.0
P_old,False,sluggish,True,0.23099537135137677,9.424884684095543e-10,-20.69586183345902,phase-b1::final::sg-B::S5_multi_switch_stochastic::P_old::seed-003005,S5_multi_switch_stochastic,d5freq.phase_b1.compact_episode_audits.v1,3005,B,90.0,derated,10.0
P_old,False,sluggish,True,0.23109828613194497,4.1595545270322394e-19,-42.27339654103875,phase-b1::final::sg-B::S5_multi_switch_stochastic::P_old::seed-003005,S5_multi_switch_stochastic,d5freq.phase_b1.compact_episode_audits.v1,3005,B,90.0,derated,20.0
P_old,True,derated,False,0.30264314896234457,0.9071895022600428,2.932273319386219,phase-b1::final::sg-B::S5_multi_switch_stochastic::P_old::seed-003005,S5_multi_switch_stochastic,d5freq.phase_b1.compact_episode_audits.v1,3005,B,135.0,nominal,2.0
P_old,True,sluggish,False,0.22140387646640985,0.9670798525750108,3.3829808740810137,phase-b1::final::sg-B::S5_multi_switch_stochastic::P_old::seed-003005,S5_multi_switch_stochastic,d5freq.phase_b1.compact_episode_audits.v1,3005,B,135.0,nominal,5.0
P_old,True,sluggish,True,0.1720839703016672,0.7553077939156694,1.1271245275866875,phase-b1::final::sg-B::S5_multi_switch_stochastic::P_old::seed-003005,S5_multi_switch_stochastic,d5freq.phase_b1.compact_episode_audits.v1,3005,B,135.0,nominal,10.0
P_old,True,sluggish,False,0.22653581587898994,0.9999997390668708,15.159001411430438,phase-b1::final::sg-B::S5_multi_switch_stochastic::P_old::seed-003005,S5_multi_switch_stochastic,d5freq.phase_b1.compact_episode_audits.v1,3005,B,135.0,nominal,20.0
P_old,False,unavailable,True,0.06647014280805683,0.18802266540753984,-1.2748633454871268,phase-b1::final::sg-B::S5_multi_switch_stochastic::P_old::seed-003006,S5_multi_switch_stochastic,d5freq.phase_b1.compact_episode_audits.v1,3006,B,45.0,sluggish,2.0
P_old,False,unavailable,True,0.055966317718831746,0.040184240335926255,-3.173266322656332,phase-b1::final::sg-B::S5_multi_switch_stochastic::P_old::seed-003006,S5_multi_switch_stochastic,d5freq.phase_b1.compact_episode_audits.v1,3006,B,45.0,sluggish,5.0
P_old,False,unavailable,True,0.14185302327625232,5.869800116642823e-06,-12.045684106565943,phase-b1::final::sg-B::S5_multi_switch_stochastic::P_old::seed-003006,S5_multi_switch_stochastic,d5freq.phase_b1.compact_episode_audits.v1,3006,B,45.0,sluggish,10.0
P_old,True,unavailable,False,0.14762165396315147,0.9994692687637622,7.540723939178349,phase-b1::final::sg-B::S5_multi_switch_stochastic::P_old::seed-003006,S5_multi_switch_stochastic,d5freq.phase_b1.compact_episode_audits.v1,3006,B,45.0,sluggish,20.0
P_old,False,sluggish,True,0.2305479605611838,0.011565051644921191,-4.069230490894775,phase-b1::final::sg-B::S5_multi_switch_stochastic::P_old::seed-003006,S5_multi_switch_stochastic,d5freq.phase_b1.compact_episode_audits.v1,3006,B,90.0,derated,2.0
P_old,False,sluggish,True,0.23012614075810198,2.177891020817961e-05,-10.423512560564902,phase-b1::final::sg-B::S5_multi_switch_stochastic::P_old::seed-003006,S5_multi_switch_stochastic,d5freq.phase_b1.compact_episode_audits.v1,3006,B,90.0,derated,5.0
P_old,False,sluggish,True,0.23195858311278586,1.6503419459661583e-08,-17.89762629332192,phase-b1::final::sg-B::S5_multi_switch_stochastic::P_old::seed-003006,S5_multi_switch_stochastic,d5freq.phase_b1.compact_episode_audits.v1,3006,B,90.0,derated,10.0
P_old,False,sluggish,True,0.2313016492521241,2.1926395528669604e-19,-42.40864097390201,phase-b1::final::sg-B::S5_multi_switch_stochastic::P_old::seed-003006,S5_multi_switch_stochastic,d5freq.phase_b1.compact_episode_audits.v1,3006,B,90.0,derated,20.0
P_old,True,sluggish,False,0.20965999999366955,0.8613599947862671,2.0615275705988516,phase-b1::final::sg-B::S5_multi_switch_stochastic::P_old::seed-003006,S5_multi_switch_stochastic,d5freq.phase_b1.compact_episode_audits.v1,3006,B,135.0,nominal,2.0
P_old,True,sluggish,True,0.10775645689953824,0.8022671184223282,1.4270662859445054,phase-b1::final::sg-B::S5_multi_switch_stochastic::P_old::seed-003006,S5_multi_switch_stochastic,d5freq.phase_b1.compact_episode_audits.v1,3006,B,135.0,nominal,5.0
P_old,False,sluggish,True,0.09087969304313262,0.42146988949066266,-0.08779115500558987,phase-b1::final::sg-B::S5_multi_switch_stochastic::P_old::seed-003006,S5_multi_switch_stochastic,d5freq.phase_b1.compact_episode_audits.v1,3006,B,135.0,nominal,10.0
P_old,False,unavailable,True,0.1561051745396263,0.0034196508227401726,-5.661905287687773,phase-b1::final::sg-B::S5_multi_switch_stochastic::P_old::seed-003006,S5_multi_switch_stochastic,d5freq.phase_b1.compact_episode_audits.v1,3006,B,135.0,nominal,20.0
P_old,False,unavailable,True,0.06978940299128268,0.16113340515340685,-1.6489140683468193,phase-b1::final::sg-B::S5_multi_switch_stochastic::P_old::seed-003007,S5_multi_switch_stochastic,d5freq.phase_b1.compact_episode_audits.v1,3007,B,45.0,sluggish,2.0
P_old,False,unavailable,True,0.04995375019244982,0.023981526539729466,-3.7061976436252877,phase-b1::final::sg-B::S5_multi_switch_stochastic::P_old::seed-003007,S5_multi_switch_stochastic,d5freq.phase_b1.compact_episode_audits.v1,3007,B,45.0,sluggish,5.0
P_old,False,unavailable,True,0.041533220859379286,0.0007182101561886601,-7.238029866909102,phase-b1::final::sg-B::S5_multi_switch_stochastic::P_old::seed-003007,S5_multi_switch_stochastic,d5freq.phase_b1.compact_episode_audits.v1,3007,B,45.0,sluggish,10.0
P_old,False,unavailable,True,0.039456626777103064,5.232828638138959e-07,-14.463143147211838,phase-b1::final::sg-B::S5_multi_switch_stochastic::P_old::seed-003007,S5_multi_switch_stochastic,d5freq.phase_b1.compact_episode_audits.v1,3007,B,45.0,sluggish,20.0
P_old,False,sluggish,True,0.23057796923952595,0.0096967229468669,-3.914078029754915,phase-b1::final::sg-B::S5_multi_switch_stochastic::P_old::seed-003007,S5_multi_switch_stochastic,d5freq.phase_b1.compact_episode_audits.v1,3007,B,90.0,derated,2.0
P_old,False,sluggish,True,0.2300400853783818,2.2078907182460142e-05,-10.469474149930974,phase-b1::final::sg-B::S5_multi_switch_stochastic::P_old::seed-003007,S5_multi_switch_stochastic,d5freq.phase_b1.compact_episode_audits.v1,3007,B,90.0,derated,5.0
P_old,False,sluggish,True,0.23063166325542112,1.197685918495058e-09,-20.538334379133687,phase-b1::final::sg-B::S5_multi_switch_stochastic::P_old::seed-003007,S5_multi_switch_stochastic,d5freq.phase_b1.compact_episode_audits.v1,3007,B,90.0,derated,10.0
P_old,False,sluggish,True,0.23022302040307743,1.794253436474183e-19,-43.16434193722088,phase-b1::final::sg-B::S5_multi_switch_stochastic::P_old::seed-003007,S5_multi_switch_stochastic,d5freq.phase_b1.compact_episode_audits.v1,3007,B,90.0,derated,20.0
P_old,True,unavailable,True,0.08640313772833424,0.509992117501294,0.49182390744869053,phase-b1::final::sg-B::S5_multi_switch_stochastic::P_old::seed-003007,S5_multi_switch_stochastic,d5freq.phase_b1.compact_episode_audits.v1,3007,B,135.0,nominal,2.0
P_old,False,sluggish,True,0.10327862969660088,0.32675643456548914,-0.5584411670724307,phase-b1::final::sg-B::S5_multi_switch_stochastic::P_old::seed-003007,S5_multi_switch_stochastic,d5freq.phase_b1.compact_episode_audits.v1,3007,B,135.0,nominal,5.0
P_old,True,unavailable,False,0.24194853392263865,0.9793021202504768,4.161008892415708,phase-b1::final::sg-B::S5_multi_switch_stochastic::P_old::seed-003007,S5_multi_switch_stochastic,d5freq.phase_b1.compact_episode_audits.v1,3007,B,135.0,nominal,10.0
P_old,True,unavailable,False,0.1964069777882092,0.9387821463848054,2.739657249922516,phase-b1::final::sg-B::S5_multi_switch_stochastic::P_old::seed-003007,S5_multi_switch_stochastic,d5freq.phase_b1.compact_episode_audits.v1,3007,B,135.0,nominal,20.0
P_old,True,derated,False,0.2296370991877313,0.9932782993985344,4.995670874734955,phase-b1::final::sg-B::S5_multi_switch_stochastic::P_old::seed-003008,S5_multi_switch_stochastic,d5freq.phase_b1.compact_episode_audits.v1,3008,B,45.0,sluggish,2.0
P_old,True,derated,False,0.23121456777748092,0.9999964214336325,12.54054471518517,phase-b1::final::sg-B::S5_multi_switch_stochastic::P_old::seed-003008,S5_multi_switch_stochastic,d5freq.phase_b1.compact_episode_audits.v1,3008,B,45.0,sluggish,5.0
P_old,True,derated,False,0.24186723846731809,0.9999999999923492,25.596209312106737,phase-b1::final::sg-B::S5_multi_switch_stochastic::P_old::seed-003008,S5_multi_switch_stochastic,d5freq.phase_b1.compact_episode_audits.v1,3008,B,45.0,sluggish,10.0
P_old,True,derated,False,0.3100549933851415,1.0,53.02969659321539,phase-b1::final::sg-B::S5_multi_switch_stochastic::P_old::seed-003008,S5_multi_switch_stochastic,d5freq.phase_b1.compact_episode_audits.v1,3008,B,45.0,sluggish,20.0
P_old,False,unavailable,True,0.3124543804623763,0.005119638995932347,-4.580674197233041,phase-b1::final::sg-B::S5_multi_switch_stochastic::P_old::seed-003008,S5_multi_switch_stochastic,d5freq.phase_b1.compact_episode_audits.v1,3008,B,90.0,derated,2.0
P_old,False,unavailable,True,0.31326315347937145,5.698147726892733e-06,-11.740492114501933,phase-b1::final::sg-B::S5_multi_switch_stochastic::P_old::seed-003008,S5_multi_switch_stochastic,d5freq.phase_b1.compact_episode_audits.v1,3008,B,90.0,derated,5.0
P_old,False,sluggish,True,0.2315499610961364,4.897264850376302e-10,-20.807744906776023,phase-b1::final::sg-B::S5_multi_switch_stochastic::P_old::seed-003008,S5_multi_switch_stochastic,d5freq.phase_b1.compact_episode_audits.v1,3008,B,90.0,derated,10.0
P_old,False,unavailable,True,0.3133969069651963,5.433419279789508e-21,-46.50883682635438,phase-b1::final::sg-B::S5_multi_switch_stochastic::P_old::seed-003008,S5_multi_switch_stochastic,d5freq.phase_b1.compact_episode_audits.v1,3008,B,90.0,derated,20.0
P_old,False,unavailable,True,0.07174886590876436,0.20013861841010436,-1.1334532824227814,phase-b1::final::sg-B::S5_multi_switch_stochastic::P_old::seed-003008,S5_multi_switch_stochastic,d5freq.phase_b1.compact_episode_audits.v1,3008,B,135.0,nominal,2.0
P_old,True,sluggish,True,0.06742489904583576,0.4539249249353263,0.28550818271625644,phase-b1::final::sg-B::S5_multi_switch_stochastic::P_old::seed-003008,S5_multi_switch_stochastic,d5freq.phase_b1.compact_episode_audits.v1,3008,B,135.0,nominal,5.0
P_old,False,unavailable,True,0.21787538928488517,0.07631767293020827,-2.1536333247269397,phase-b1::final::sg-B::S5_multi_switch_stochastic::P_old::seed-003008,S5_multi_switch_stochastic,d5freq.phase_b1.compact_episode_audits.v1,3008,B,135.0,nominal,10.0
P_old,False,unavailable,True,0.17699293326171173,0.0005766743364799556,-7.4573276646824525,phase-b1::final::sg-B::S5_multi_switch_stochastic::P_old::seed-003008,S5_multi_switch_stochastic,d5freq.phase_b1.compact_episode_audits.v1,3008,B,135.0,nominal,20.0
P_old,False,unavailable,True,0.04398801296672193,0.17493276611158606,-1.5498884836990676,phase-b1::final::sg-B::S5_multi_switch_stochastic::P_old::seed-003009,S5_multi_switch_stochastic,d5freq.phase_b1.compact_episode_audits.v1,3009,B,45.0,sluggish,2.0
P_old,False,unavailable,True,0.10856033162903511,0.0008456771513885592,-7.074526853944548,phase-b1::final::sg-B::S5_multi_switch_stochastic::P_old::seed-003009,S5_multi_switch_stochastic,d5freq.phase_b1.compact_episode_audits.v1,3009,B,45.0,sluggish,5.0
P_old,False,unavailable,True,0.10807900692231975,5.660611825126911e-06,-12.081972914651146,phase-b1::final::sg-B::S5_multi_switch_stochastic::P_old::seed-003009,S5_multi_switch_stochastic,d5freq.phase_b1.compact_episode_audits.v1,3009,B,45.0,sluggish,10.0
P_old,False,unavailable,True,0.06928594866931223,5.084854500362547e-09,-19.09699941626843,phase-b1::final::sg-B::S5_multi_switch_stochastic::P_old::seed-003009,S5_multi_switch_stochastic,d5freq.phase_b1.compact_episode_audits.v1,3009,B,45.0,sluggish,20.0
P_old,False,unavailable,True,0.31085398947815357,0.0018399218675125375,-5.820404188652017,phase-b1::final::sg-B::S5_multi_switch_stochastic::P_old::seed-003009,S5_multi_switch_stochastic,d5freq.phase_b1.compact_episode_audits.v1,3009,B,90.0,derated,2.0
P_old,False,unavailable,True,0.3107110007203773,2.063982074583673e-06,-12.68994414123695,phase-b1::final::sg-B::S5_multi_switch_stochastic::P_old::seed-003009,S5_multi_switch_stochastic,d5freq.phase_b1.compact_episode_audits.v1,3009,B,90.0,derated,5.0
P_old,False,sluggish,True,0.2310479631871208,1.7664917202899322e-09,-20.091564095634453,phase-b1::final::sg-B::S5_multi_switch_stochastic::P_old::seed-003009,S5_multi_switch_stochastic,d5freq.phase_b1.compact_episode_audits.v1,3009,B,90.0,derated,10.0
P_old,False,sluggish,True,0.2305043872410802,1.0824358625108393e-19,-43.389521671007856,phase-b1::final::sg-B::S5_multi_switch_stochastic::P_old::seed-003009,S5_multi_switch_stochastic,d5freq.phase_b1.compact_episode_audits.v1,3009,B,90.0,derated,20.0
P_old,False,unavailable,True,0.27832443888156977,0.3042635890279942,-0.36558270137056326,phase-b1::final::sg-B::S5_multi_switch_stochastic::P_old::seed-003009,S5_multi_switch_stochastic,d5freq.phase_b1.compact_episode_audits.v1,3009,B,135.0,nominal,2.0
P_old,False,unavailable,True,0.19538636144455226,0.1060537371710268,-1.9889126756196873,phase-b1::final::sg-B::S5_multi_switch_stochastic::P_old::seed-003009,S5_multi_switch_stochastic,d5freq.phase_b1.compact_episode_audits.v1,3009,B,135.0,nominal,5.0
P_old,False,unavailable,True,0.18695116729476902,0.07532076463850228,-2.343388879747579,phase-b1::final::sg-B::S5_multi_switch_stochastic::P_old::seed-003009,S5_multi_switch_stochastic,d5freq.phase_b1.compact_episode_audits.v1,3009,B,135.0,nominal,10.0
P_old,False,unavailable,True,0.15912596891186373,0.00015016048033108923,-8.799491197148313,phase-b1::final::sg-B::S5_multi_switch_stochastic::P_old::seed-003009,S5_multi_switch_stochastic,d5freq.phase_b1.compact_episode_audits.v1,3009,B,135.0,nominal,20.0
P_old,False,unavailable,True,0.038474422372301226,0.1968468811280692,-1.4005775397852318,phase-b1::final::sg-B::S5_multi_switch_stochastic::P_old::seed-003010,S5_multi_switch_stochastic,d5freq.phase_b1.compact_episode_audits.v1,3010,B,45.0,sluggish,2.0
P_old,False,unavailable,True,0.10313935731266746,0.04352525028090175,-3.089913113862295,phase-b1::final::sg-B::S5_multi_switch_stochastic::P_old::seed-003010,S5_multi_switch_stochastic,d5freq.phase_b1.compact_episode_audits.v1,3010,B,45.0,sluggish,5.0
P_old,False,unavailable,True,0.07806247958585907,0.003521798079360853,-5.645255587585837,phase-b1::final::sg-B::S5_multi_switch_stochastic::P_old::seed-003010,S5_multi_switch_stochastic,d5freq.phase_b1.compact_episode_audits.v1,3010,B,45.0,sluggish,10.0
P_old,False,unavailable,True,0.055467236903229945,2.8105411756864516e-06,-12.782130693404156,phase-b1::final::sg-B::S5_multi_switch_stochastic::P_old::seed-003010,S5_multi_switch_stochastic,d5freq.phase_b1.compact_episode_audits.v1,3010,B,45.0,sluggish,20.0
P_old,False,unavailable,True,0.31208687901136967,0.0024562193661144187,-5.411605141691403,phase-b1::final::sg-B::S5_multi_switch_stochastic::P_old::seed-003010,S5_multi_switch_stochastic,d5freq.phase_b1.compact_episode_audits.v1,3010,B,90.0,derated,2.0
P_old,False,unavailable,True,0.31072519417980576,3.1668046073701446e-07,-14.874658985188873,phase-b1::final::sg-B::S5_multi_switch_stochastic::P_old::seed-003010,S5_multi_switch_stochastic,d5freq.phase_b1.compact_episode_audits.v1,3010,B,90.0,derated,5.0
P_old,False,unavailable,True,0.3104756753692765,8.006745408080941e-14,-30.15195293765197,phase-b1::final::sg-B::S5_multi_switch_stochastic::P_old::seed-003010,S5_multi_switch_stochastic,d5freq.phase_b1.compact_episode_audits.v1,3010,B,90.0,derated,10.0
P_old,False,unavailable,True,0.3111214983785365,3.845005173491697e-25,-56.21744150192322,phase-b1::final::sg-B::S5_multi_switch_stochastic::P_old::seed-003010,S5_multi_switch_stochastic,d5freq.phase_b1.compact_episode_audits.v1,3010,B,90.0,derated,20.0
P_old,False,unavailable,True,0.12390328542530868,0.22447024114035852,-1.0740644255122582,phase-b1::final::sg-B::S5_multi_switch_stochastic::P_old::seed-003010,S5_multi_switch_stochastic,d5freq.phase_b1.compact_episode_audits.v1,3010,B,135.0,nominal,2.0
P_old,False,sluggish,True,0.09837348155207787,0.23280268475864038,-0.6609708786358581,phase-b1::final::sg-B::S5_multi_switch_stochastic::P_old::seed-003010,S5_multi_switch_stochastic,d5freq.phase_b1.compact_episode_audits.v1,3010,B,135.0,nominal,5.0
P_old,False,sluggish,True,0.10574185569771963,0.15425374948654383,-1.3665070342397883,phase-b1::final::sg-B::S5_multi_switch_stochastic::P_old::seed-003010,S5_multi_switch_stochastic,d5freq.phase_b1.compact_episode_audits.v1,3010,B,135.0,nominal,10.0
P_old,False,unavailable,True,0.19837149074286875,0.09774984166009056,-2.2192932902557345,phase-b1::final::sg-B::S5_multi_switch_stochastic::P_old::seed-003010,S5_multi_switch_stochastic,d5freq.phase_b1.compact_episode_audits.v1,3010,B,135.0,nominal,20.0
P_old,False,unavailable,True,0.03303249246523826,0.19685203745308089,-1.3771488724204985,phase-b1::final::sg-B::S5_multi_switch_stochastic::P_old::seed-003011,S5_multi_switch_stochastic,d5freq.phase_b1.compact_episode_audits.v1,3011,B,45.0,sluggish,2.0
P_old,False,unavailable,True,0.0630928282968426,0.014333347334556962,-4.230729391179139,phase-b1::final::sg-B::S5_multi_switch_stochastic::P_old::seed-003011,S5_multi_switch_stochastic,d5freq.phase_b1.compact_episode_audits.v1,3011,B,45.0,sluggish,5.0
P_old,False,unavailable,True,0.09208919905098101,0.0007863682780974434,-7.147298650443446,phase-b1::final::sg-B::S5_multi_switch_stochastic::P_old::seed-003011,S5_multi_switch_stochastic,d5freq.phase_b1.compact_episode_audits.v1,3011,B,45.0,sluggish,10.0
P_old,False,unavailable,True,0.06190701890239454,7.542766017087756e-07,-14.097505936165419,phase-b1::final::sg-B::S5_multi_switch_stochastic::P_old::seed-003011,S5_multi_switch_stochastic,d5freq.phase_b1.compact_episode_audits.v1,3011,B,45.0,sluggish,20.0
P_old,False,unavailable,True,0.31057516648298644,0.0014869461146882479,-6.1317257105561715,phase-b1::final::sg-B::S5_multi_switch_stochastic::P_old::seed-003011,S5_multi_switch_stochastic,d5freq.phase_b1.compact_episode_audits.v1,3011,B,90.0,derated,2.0
P_old,False,unavailable,True,0.3101364705386783,2.845571043886053e-07,-15.024009858354106,phase-b1::final::sg-B::S5_multi_switch_stochastic::P_old::seed-003011,S5_multi_switch_stochastic,d5freq.phase_b1.compact_episode_audits.v1,3011,B,90.0,derated,5.0
P_old,False,unavailable,True,0.3108981260716379,2.9194913847292585e-13,-28.853222109857057,phase-b1::final::sg-B::S5_multi_switch_stochastic::P_old::seed-003011,S5_multi_switch_stochastic,d5freq.phase_b1.compact_episode_audits.v1,3011,B,90.0,derated,10.0
P_old,False,sluggish,True,0.23177912506886705,1.4582752280654392e-18,-41.06896087058516,phase-b1::final::sg-B::S5_multi_switch_stochastic::P_old::seed-003011,S5_multi_switch_stochastic,d5freq.phase_b1.compact_episode_audits.v1,3011,B,90.0,derated,20.0
P_old,False,unavailable,True,0.03243408499418836,0.2561422618025477,-0.8531663704556323,phase-b1::final::sg-B::S5_multi_switch_stochastic::P_old::seed-003011,S5_multi_switch_stochastic,d5freq.phase_b1.compact_episode_audits.v1,3011,B,135.0,nominal,2.0
P_old,False,unavailable,True,0.09149544974405989,0.016862066467208073,-4.029146112032365,phase-b1::final::sg-B::S5_multi_switch_stochastic::P_old::seed-003011,S5_multi_switch_stochastic,d5freq.phase_b1.compact_episode_audits.v1,3011,B,135.0,nominal,5.0
P_old,False,unavailable,True,0.18131096030694938,0.0068863174944305845,-4.890772668548834,phase-b1::final::sg-B::S5_multi_switch_stochastic::P_old::seed-003011,S5_multi_switch_stochastic,d5freq.phase_b1.compact_episode_audits.v1,3011,B,135.0,nominal,10.0
P_old,False,unavailable,True,0.18690247249260303,0.00014901831143522776,-8.808943584917813,phase-b1::final::sg-B::S5_multi_switch_stochastic::P_old::seed-003011,S5_multi_switch_stochastic,d5freq.phase_b1.compact_episode_audits.v1,3011,B,135.0,nominal,20.0
P_old,False,unavailable,True,0.08313618555481153,0.15946471328223827,-1.6608008431973076,phase-b1::final::sg-B::S5_multi_switch_stochastic::P_old::seed-003012,S5_multi_switch_stochastic,d5freq.phase_b1.compact_episode_audits.v1,3012,B,45.0,sluggish,2.0
P_old,False,unavailable,True,0.11541212009870147,0.023908165172692186,-3.7093366018251004,phase-b1::final::sg-B::S5_multi_switch_stochastic::P_old::seed-003012,S5_multi_switch_stochastic,d5freq.phase_b1.compact_episode_audits.v1,3012,B,45.0,sluggish,5.0
P_old,False,unavailable,True,0.07579557639027626,0.0006307181953638353,-7.36802047805412,phase-b1::final::sg-B::S5_multi_switch_stochastic::P_old::seed-003012,S5_multi_switch_stochastic,d5freq.phase_b1.compact_episode_audits.v1,3012,B,45.0,sluggish,10.0
P_old,False,unavailable,True,0.05421599110502989,5.2012866310351e-07,-14.469189106802446,phase-b1::final::sg-B::S5_multi_switch_stochastic::P_old::seed-003012,S5_multi_switch_stochastic,d5freq.phase_b1.compact_episode_audits.v1,3012,B,45.0,sluggish,20.0
P_old,False,unavailable,True,0.31059356248875736,0.0021365923740191183,-5.6244275046579375,phase-b1::final::sg-B::S5_multi_switch_stochastic::P_old::seed-003012,S5_multi_switch_stochastic,d5freq.phase_b1.compact_episode_audits.v1,3012,B,90.0,derated,2.0
P_old,False,unavailable,True,0.3132077430507294,4.588585300525171e-06,-11.723447305208488,phase-b1::final::sg-B::S5_multi_switch_stochastic::P_old::seed-003012,S5_multi_switch_stochastic,d5freq.phase_b1.compact_episode_audits.v1,3012,B,90.0,derated,5.0
P_old,False,unavailable,True,0.3124678580512442,1.0531404710256322e-11,-25.176790013869663,phase-b1::final::sg-B::S5_multi_switch_stochastic::P_old::seed-003012,S5_multi_switch_stochastic,d5freq.phase_b1.compact_episode_audits.v1,3012,B,90.0,derated,10.0
P_old,False,unavailable,True,0.3127281841974189,5.132952803561924e-22,-48.99728703526111,phase-b1::final::sg-B::S5_multi_switch_stochastic::P_old::seed-003012,S5_multi_switch_stochastic,d5freq.phase_b1.compact_episode_audits.v1,3012,B,90.0,derated,20.0
P_old,True,unavailable,True,0.10025967620610068,0.6832549462658224,0.9212232347261278,phase-b1::final::sg-B::S5_multi_switch_stochastic::P_old::seed-003012,S5_multi_switch_stochastic,d5freq.phase_b1.compact_episode_audits.v1,3012,B,135.0,nominal,2.0
P_old,True,unavailable,True,0.10885677884948915,0.7863449560900048,1.406682760596965,phase-b1::final::sg-B::S5_multi_switch_stochastic::P_old::seed-003012,S5_multi_switch_stochastic,d5freq.phase_b1.compact_episode_audits.v1,3012,B,135.0,nominal,5.0
P_old,True,unavailable,True,0.14413034347246018,0.7937326127315668,1.3661443509327285,phase-b1::final::sg-B::S5_multi_switch_stochastic::P_old::seed-003012,S5_multi_switch_stochastic,d5freq.phase_b1.compact_episode_audits.v1,3012,B,135.0,nominal,10.0
P_old,True,sluggish,True,0.11135948251714467,0.8247076104598682,1.7353820179616832,phase-b1::final::sg-B::S5_multi_switch_stochastic::P_old::seed-003012,S5_multi_switch_stochastic,d5freq.phase_b1.compact_episode_audits.v1,3012,B,135.0,nominal,20.0
P_old,False,unavailable,True,0.03627582285879902,0.19309965766783035,-1.428141657557937,phase-b1::final::sg-B::S5_multi_switch_stochastic::P_old::seed-003013,S5_multi_switch_stochastic,d5freq.phase_b1.compact_episode_audits.v1,3013,B,45.0,sluggish,2.0
P_old,False,unavailable,True,0.060643031997478836,0.008799707346652676,-4.72419815689851,phase-b1::final::sg-B::S5_multi_switch_stochastic::P_old::seed-003013,S5_multi_switch_stochastic,d5freq.phase_b1.compact_episode_audits.v1,3013,B,45.0,sluggish,5.0
P_old,False,unavailable,True,0.0956461953691911,0.003221525814756519,-5.7346734500448235,phase-b1::final::sg-B::S5_multi_switch_stochastic::P_old::seed-003013,S5_multi_switch_stochastic,d5freq.phase_b1.compact_episode_audits.v1,3013,B,45.0,sluggish,10.0
P_old,False,unavailable,True,0.06586206245933372,3.5384975537147683e-06,-12.55180480226096,phase-b1::final::sg-B::S5_multi_switch_stochastic::P_old::seed-003013,S5_multi_switch_stochastic,d5freq.phase_b1.compact_episode_audits.v1,3013,B,45.0,sluggish,20.0
P_old,False,unavailable,True,0.30963598190047764,0.0014954888170417547,-5.892381254850967,phase-b1::final::sg-B::S5_multi_switch_stochastic::P_old::seed-003013,S5_multi_switch_stochastic,d5freq.phase_b1.compact_episode_audits.v1,3013,B,90.0,derated,2.0
P_old,False,unavailable,True,0.31027454752123196,5.749541573863125e-07,-14.195863728752641,phase-b1::final::sg-B::S5_multi_switch_stochastic::P_old::seed-003013,S5_multi_switch_stochastic,d5freq.phase_b1.compact_episode_audits.v1,3013,B,90.0,derated,5.0
P_old,False,unavailable,True,0.3108656632687447,6.611431060749905e-13,-28.031514228090032,phase-b1::final::sg-B::S5_multi_switch_stochastic::P_old::seed-003013,S5_multi_switch_stochastic,d5freq.phase_b1.compact_episode_audits.v1,3013,B,90.0,derated,10.0
P_old,False,unavailable,True,0.31089287223911793,9.825551729819341e-26,-57.58216077005278,phase-b1::final::sg-B::S5_multi_switch_stochastic::P_old::seed-003013,S5_multi_switch_stochastic,d5freq.phase_b1.compact_episode_audits.v1,3013,B,90.0,derated,20.0
P_old,False,unavailable,True,0.1941888765415909,0.09030764387333852,-2.077910372721483,phase-b1::final::sg-B::S5_multi_switch_stochastic::P_old::seed-003013,S5_multi_switch_stochastic,d5freq.phase_b1.compact_episode_audits.v1,3013,B,135.0,nominal,2.0
P_old,False,unavailable,True,0.17276485318194382,0.026998307662210386,-3.535248793444566,phase-b1::final::sg-B::S5_multi_switch_stochastic::P_old::seed-003013,S5_multi_switch_stochastic,d5freq.phase_b1.compact_episode_audits.v1,3013,B,135.0,nominal,5.0
P_old,False,unavailable,True,0.16940930272194785,0.03580700102800399,-3.2519821449857034,phase-b1::final::sg-B::S5_multi_switch_stochastic::P_old::seed-003013,S5_multi_switch_stochastic,d5freq.phase_b1.compact_episode_audits.v1,3013,B,135.0,nominal,10.0
P_old,False,sluggish,True,0.11569468496401938,0.0430662754221226,-3.0285957401266046,phase-b1::final::sg-B::S5_multi_switch_stochastic::P_old::seed-003013,S5_multi_switch_stochastic,d5freq.phase_b1.compact_episode_audits.v1,3013,B,135.0,nominal,20.0
P_old,False,unavailable,True,0.03695348547790424,0.19627000122908744,-1.3311751771209615,phase-b1::final::sg-B::S5_multi_switch_stochastic::P_old::seed-003014,S5_multi_switch_stochastic,d5freq.phase_b1.compact_episode_audits.v1,3014,B,45.0,sluggish,2.0
P_old,False,unavailable,True,0.03964268134415355,0.028886976962577592,-3.5150519310115556,phase-b1::final::sg-B::S5_multi_switch_stochastic::P_old::seed-003014,S5_multi_switch_stochastic,d5freq.phase_b1.compact_episode_audits.v1,3014,B,45.0,sluggish,5.0
P_old,False,unavailable,True,0.08650421114522897,0.00024770989277364015,-8.303004543159517,phase-b1::final::sg-B::S5_multi_switch_stochastic::P_old::seed-003014,S5_multi_switch_stochastic,d5freq.phase_b1.compact_episode_audits.v1,3014,B,45.0,sluggish,10.0
P_old,False,unavailable,True,0.06664303449603803,4.985425366617691e-07,-14.511576423330723,phase-b1::final::sg-B::S5_multi_switch_stochastic::P_old::seed-003014,S5_multi_switch_stochastic,d5freq.phase_b1.compact_episode_audits.v1,3014,B,45.0,sluggish,20.0
P_old,False,sluggish,True,0.22915302338155374,0.0065828376191801735,-4.246263907275626,phase-b1::final::sg-B::S5_multi_switch_stochastic::P_old::seed-003014,S5_multi_switch_stochastic,d5freq.phase_b1.compact_episode_audits.v1,3014,B,90.0,derated,2.0
P_old,False,sluggish,True,0.2308814227816735,1.4915803690640303e-05,-10.799921885781771,phase-b1::final::sg-B::S5_multi_switch_stochastic::P_old::seed-003014,S5_multi_switch_stochastic,d5freq.phase_b1.compact_episode_audits.v1,3014,B,90.0,derated,5.0
P_old,False,sluggish,True,0.23161341921467798,1.0290275144744054e-09,-20.69461112999221,phase-b1::final::sg-B::S5_multi_switch_stochastic::P_old::seed-003014,S5_multi_switch_stochastic,d5freq.phase_b1.compact_episode_audits.v1,3014,B,90.0,derated,10.0
P_old,False,sluggish,True,0.23085830760369816,5.5234515192020944e-18,-39.7375287134972,phase-b1::final::sg-B::S5_multi_switch_stochastic::P_old::seed-003014,S5_multi_switch_stochastic,d5freq.phase_b1.compact_episode_audits.v1,3014,B,90.0,derated,20.0
P_old,True,derated,False,0.29995968745881263,0.9971158010790175,5.890674466674447,phase-b1::final::sg-B::S5_multi_switch_stochastic::P_old::seed-003014,S5_multi_switch_stochastic,d5freq.phase_b1.compact_episode_audits.v1,3014,B,135.0,nominal,2.0
P_old,True,derated,False,0.30123125592581906,0.9999977608908869,13.373801891507526,phase-b1::final::sg-B::S5_multi_switch_stochastic::P_old::seed-003014,S5_multi_switch_stochastic,d5freq.phase_b1.compact_episode_audits.v1,3014,B,135.0,nominal,5.0
P_old,True,sluggish,False,0.28691080489411797,0.9999999999659397,24.218698020696664,phase-b1::final::sg-B::S5_multi_switch_stochastic::P_old::seed-003014,S5_multi_switch_stochastic,d5freq.phase_b1.compact_episode_audits.v1,3014,B,135.0,nominal,10.0
P_old,True,sluggish,False,0.2948510816572396,1.0,44.91305147545384,phase-b1::final::sg-B::S5_multi_switch_stochastic::P_old::seed-003014,S5_multi_switch_stochastic,d5freq.phase_b1.compact_episode_audits.v1,3014,B,135.0,nominal,20.0
P_old,False,unavailable,True,0.037496560536617055,0.1646753078085959,-1.4461956014189887,phase-b1::final::sg-B::S5_multi_switch_stochastic::P_old::seed-003015,S5_multi_switch_stochastic,d5freq.phase_b1.compact_episode_audits.v1,3015,B,45.0,sluggish,2.0
P_old,False,unavailable,True,0.03639474869195318,0.030950587377070817,-3.438973494201875,phase-b1::final::sg-B::S5_multi_switch_stochastic::P_old::seed-003015,S5_multi_switch_stochastic,d5freq.phase_b1.compact_episode_audits.v1,3015,B,45.0,sluggish,5.0
P_old,False,unavailable,True,0.04206736665582681,0.00046896115701768385,-7.664521542651954,phase-b1::final::sg-B::S5_multi_switch_stochastic::P_old::seed-003015,S5_multi_switch_stochastic,d5freq.phase_b1.compact_episode_audits.v1,3015,B,45.0,sluggish,10.0
P_old,False,unavailable,True,0.16016932801357217,3.457076452383629e-14,-30.99576802598196,phase-b1::final::sg-B::S5_multi_switch_stochastic::P_old::seed-003015,S5_multi_switch_stochastic,d5freq.phase_b1.compact_episode_audits.v1,3015,B,45.0,sluggish,20.0
P_old,True,unavailable,False,0.416998597494835,1.0,44.52473164705417,phase-b1::final::sg-B::S5_multi_switch_stochastic::P_old::seed-003015,S5_multi_switch_stochastic,d5freq.phase_b1.compact_episode_audits.v1,3015,B,90.0,derated,2.0
P_old,True,unavailable,False,0.3731983001236586,1.0,41.0527257643205,phase-b1::final::sg-B::S5_multi_switch_stochastic::P_old::seed-003015,S5_multi_switch_stochastic,d5freq.phase_b1.compact_episode_audits.v1,3015,B,90.0,derated,5.0
P_old,True,unavailable,False,0.34170293017408143,0.9999999999940996,25.855996256643124,phase-b1::final::sg-B::S5_multi_switch_stochastic::P_old::seed-003015,S5_multi_switch_stochastic,d5freq.phase_b1.compact_episode_audits.v1,3015,B,90.0,derated,10.0
P_old,False,unavailable,True,0.3263243248963955,0.1001030008039826,-2.196080647503578,phase-b1::final::sg-B::S5_multi_switch_stochastic::P_old::seed-003015,S5_multi_switch_stochastic,d5freq.phase_b1.compact_episode_audits.v1,3015,B,90.0,derated,20.0
P_old,False,unavailable,True,0.15334550597658678,0.055670954104993946,-2.685874787320838,phase-b1::final::sg-B::S5_multi_switch_stochastic::P_old::seed-003015,S5_multi_switch_stochastic,d5freq.phase_b1.compact_episode_audits.v1,3015,B,135.0,nominal,2.0
P_old,False,unavailable,True,0.18627094910540015,0.004707444891571331,-5.336931652452591,phase-b1::final::sg-B::S5_multi_switch_stochastic::P_old::seed-003015,S5_multi_switch_stochastic,d5freq.phase_b1.compact_episode_audits.v1,3015,B,135.0,nominal,5.0
P_old,False,unavailable,True,0.2113021569601412,0.13053391742478176,-1.6865412505170525,phase-b1::final::sg-B::S5_multi_switch_stochastic::P_old::seed-003015,S5_multi_switch_stochastic,d5freq.phase_b1.compact_episode_audits.v1,3015,B,135.0,nominal,10.0
P_old,False,unavailable,True,0.18482288101827377,0.0018302325883691331,-6.300970206878105,phase-b1::final::sg-B::S5_multi_switch_stochastic::P_old::seed-003015,S5_multi_switch_stochastic,d5freq.phase_b1.compact_episode_audits.v1,3015,B,135.0,nominal,20.0
P_old,False,unavailable,True,0.08332605137270246,0.22857684167527204,-1.072344561128304,phase-b1::final::sg-B::S5_multi_switch_stochastic::P_old::seed-003016,S5_multi_switch_stochastic,d5freq.phase_b1.compact_episode_audits.v1,3016,B,45.0,sluggish,2.0
P_old,False,unavailable,True,0.07791903679022733,0.026286556662624694,-3.61205932090796,phase-b1::final::sg-B::S5_multi_switch_stochastic::P_old::seed-003016,S5_multi_switch_stochastic,d5freq.phase_b1.compact_episode_audits.v1,3016,B,45.0,sluggish,5.0
P_old,False,unavailable,True,0.06219124442676764,0.0011099869469790768,-6.802296419766606,phase-b1::final::sg-B::S5_multi_switch_stochastic::P_old::seed-003016,S5_multi_switch_stochastic,d5freq.phase_b1.compact_episode_audits.v1,3016,B,45.0,sluggish,10.0
P_old,False,unavailable,True,0.047129523494798174,9.355439151170876e-07,-13.882136813853208,phase-b1::final::sg-B::S5_multi_switch_stochastic::P_old::seed-003016,S5_multi_switch_stochastic,d5freq.phase_b1.compact_episode_audits.v1,3016,B,45.0,sluggish,20.0
P_old,False,sluggish,True,0.22994885950591415,0.007328459076250793,-4.335884385238966,phase-b1::final::sg-B::S5_multi_switch_stochastic::P_old::seed-003016,S5_multi_switch_stochastic,d5freq.phase_b1.compact_episode_audits.v1,3016,B,90.0,derated,2.0
P_old,False,sluggish,True,0.232002724146124,7.394523559826863e-05,-9.3728713472008,phase-b1::final::sg-B::S5_multi_switch_stochastic::P_old::seed-003016,S5_multi_switch_stochastic,d5freq.phase_b1.compact_episode_audits.v1,3016,B,90.0,derated,5.0
P_old,False,sluggish,True,0.23154355391874315,2.0346049104496878e-09,-19.66547414119769,phase-b1::final::sg-B::S5_multi_switch_stochastic::P_old::seed-003016,S5_multi_switch_stochastic,d5freq.phase_b1.compact_episode_audits.v1,3016,B,90.0,derated,10.0
P_old,False,unavailable,True,0.31365459831929793,7.86264378531177e-20,-43.91235745351955,phase-b1::final::sg-B::S5_multi_switch_stochastic::P_old::seed-003016,S5_multi_switch_stochastic,d5freq.phase_b1.compact_episode_audits.v1,3016,B,90.0,derated,20.0
P_old,False,unavailable,True,0.198335156777676,0.07371685802692132,-1.891385940327602,phase-b1::final::sg-B::S5_multi_switch_stochastic::P_old::seed-003016,S5_multi_switch_stochastic,d5freq.phase_b1.compact_episode_audits.v1,3016,B,135.0,nominal,2.0
P_old,False,unavailable,True,0.16299541657870514,0.04042301633835972,-3.043434179011413,phase-b1::final::sg-B::S5_multi_switch_stochastic::P_old::seed-003016,S5_multi_switch_stochastic,d5freq.phase_b1.compact_episode_audits.v1,3016,B,135.0,nominal,5.0
P_old,False,unavailable,True,0.1506224679527522,0.00015555639109442009,-8.766165160147438,phase-b1::final::sg-B::S5_multi_switch_stochastic::P_old::seed-003016,S5_multi_switch_stochastic,d5freq.phase_b1.compact_episode_audits.v1,3016,B,135.0,nominal,10.0
P_old,False,unavailable,True,0.14080803912255,2.006262047200727e-05,-10.816520226242233,phase-b1::final::sg-B::S5_multi_switch_stochastic::P_old::seed-003016,S5_multi_switch_stochastic,d5freq.phase_b1.compact_episode_audits.v1,3016,B,135.0,nominal,20.0
P_old,True,nominal,False,0.11255251712596756,0.923003243726072,2.95946442476658,phase-b1::final::sg-B::S5_multi_switch_stochastic::P_old::seed-003017,S5_multi_switch_stochastic,d5freq.phase_b1.compact_episode_audits.v1,3017,B,45.0,sluggish,2.0
P_old,True,unavailable,False,0.15507746261209748,0.8904348254629412,2.7330991568719583,phase-b1::final::sg-B::S5_multi_switch_stochastic::P_old::seed-003017,S5_multi_switch_stochastic,d5freq.phase_b1.compact_episode_audits.v1,3017,B,45.0,sluggish,5.0
P_old,False,unavailable,True,0.09787864915388869,0.4014806602203014,-0.3935993859626308,phase-b1::final::sg-B::S5_multi_switch_stochastic::P_old::seed-003017,S5_multi_switch_stochastic,d5freq.phase_b1.compact_episode_audits.v1,3017,B,45.0,sluggish,10.0
P_old,False,unavailable,True,0.07534850135951882,0.000567128555304382,-7.474357261570219,phase-b1::final::sg-B::S5_multi_switch_stochastic::P_old::seed-003017,S5_multi_switch_stochastic,d5freq.phase_b1.compact_episode_audits.v1,3017,B,45.0,sluggish,20.0
P_old,False,unavailable,True,0.316117979800592,0.005398416357111302,-4.7871732480153,phase-b1::final::sg-B::S5_multi_switch_stochastic::P_old::seed-003017,S5_multi_switch_stochastic,d5freq.phase_b1.compact_episode_audits.v1,3017,B,90.0,derated,2.0
P_old,False,sluggish,True,0.23692601152824166,4.368657109086425e-05,-10.038349912954345,phase-b1::final::sg-B::S5_multi_switch_stochastic::P_old::seed-003017,S5_multi_switch_stochastic,d5freq.phase_b1.compact_episode_audits.v1,3017,B,90.0,derated,5.0
P_old,False,sluggish,True,0.23397465736260598,2.2603891012585714e-09,-19.90770766670326,phase-b1::final::sg-B::S5_multi_switch_stochastic::P_old::seed-003017,S5_multi_switch_stochastic,d5freq.phase_b1.compact_episode_audits.v1,3017,B,90.0,derated,10.0
P_old,False,sluggish,True,0.2318528067366537,2.0392622461265915e-19,-43.03652771476982,phase-b1::final::sg-B::S5_multi_switch_stochastic::P_old::seed-003017,S5_multi_switch_stochastic,d5freq.phase_b1.compact_episode_audits.v1,3017,B,90.0,derated,20.0
P_old,False,unavailable,True,0.2316664326416269,0.16013910347927038,-0.9634177033239979,phase-b1::final::sg-B::S5_multi_switch_stochastic::P_old::seed-003017,S5_multi_switch_stochastic,d5freq.phase_b1.compact_episode_audits.v1,3017,B,135.0,nominal,2.0
P_old,False,unavailable,True,0.1623642316276921,0.1046691296552066,-1.9216961366360863,phase-b1::final::sg-B::S5_multi_switch_stochastic::P_old::seed-003017,S5_multi_switch_stochastic,d5freq.phase_b1.compact_episode_audits.v1,3017,B,135.0,nominal,5.0
P_old,False,unavailable,True,0.138929798151872,0.0014764148975430203,-6.505415618949314,phase-b1::final::sg-B::S5_multi_switch_stochastic::P_old::seed-003017,S5_multi_switch_stochastic,d5freq.phase_b1.compact_episode_audits.v1,3017,B,135.0,nominal,10.0
P_old,False,unavailable,True,0.13808643692985503,6.107199176685547e-05,-9.703157436293736,phase-b1::final::sg-B::S5_multi_switch_stochastic::P_old::seed-003017,S5_multi_switch_stochastic,d5freq.phase_b1.compact_episode_audits.v1,3017,B,135.0,nominal,20.0
P_old,False,unavailable,True,0.07511165848253316,0.17691258387771097,-1.536013090502582,phase-b1::final::sg-B::S5_multi_switch_stochastic::P_old::seed-003018,S5_multi_switch_stochastic,d5freq.phase_b1.compact_episode_audits.v1,3018,B,45.0,sluggish,2.0
P_old,False,unavailable,True,0.12091097941721655,0.036677300048656006,-3.268230334418462,phase-b1::final::sg-B::S5_multi_switch_stochastic::P_old::seed-003018,S5_multi_switch_stochastic,d5freq.phase_b1.compact_episode_audits.v1,3018,B,45.0,sluggish,5.0
P_old,False,unavailable,True,0.08522673347457291,0.0011088272062731157,-6.803342950737573,phase-b1::final::sg-B::S5_multi_switch_stochastic::P_old::seed-003018,S5_multi_switch_stochastic,d5freq.phase_b1.compact_episode_audits.v1,3018,B,45.0,sluggish,10.0
P_old,False,unavailable,True,0.06722456365776457,2.325663946172873e-06,-12.971502665778758,phase-b1::final::sg-B::S5_multi_switch_stochastic::P_old::seed-003018,S5_multi_switch_stochastic,d5freq.phase_b1.compact_episode_audits.v1,3018,B,45.0,sluggish,20.0
P_old,False,unavailable,True,0.311585770696009,0.00419496024029407,-5.274759647372672,phase-b1::final::sg-B::S5_multi_switch_stochastic::P_old::seed-003018,S5_multi_switch_stochastic,d5freq.phase_b1.compact_episode_audits.v1,3018,B,90.0,derated,2.0
P_old,False,unavailable,True,0.3131303374546809,2.264232667857784e-05,-10.469175774572705,phase-b1::final::sg-B::S5_multi_switch_stochastic::P_old::seed-003018,S5_multi_switch_stochastic,d5freq.phase_b1.compact_episode_audits.v1,3018,B,90.0,derated,5.0
P_old,False,sluggish,True,0.23424004838107426,5.0390364301214765e-09,-18.701291775754314,phase-b1::final::sg-B::S5_multi_switch_stochastic::P_old::seed-003018,S5_multi_switch_stochastic,d5freq.phase_b1.compact_episode_audits.v1,3018,B,90.0,derated,10.0
P_old,False,unavailable,True,0.3129048757721664,7.784508702324768e-21,-46.27691535834518,phase-b1::final::sg-B::S5_multi_switch_stochastic::P_old::seed-003018,S5_multi_switch_stochastic,d5freq.phase_b1.compact_episode_audits.v1,3018,B,90.0,derated,20.0
P_old,True,derated,False,0.3243566874251176,0.9967801339072763,5.735199198766566,phase-b1::final::sg-B::S5_multi_switch_stochastic::P_old::seed-003018,S5_multi_switch_stochastic,d5freq.phase_b1.compact_episode_audits.v1,3018,B,135.0,nominal,2.0
P_old,True,derated,False,0.30478337772101916,0.9999986557102224,13.520022729489945,phase-b1::final::sg-B::S5_multi_switch_stochastic::P_old::seed-003018,S5_multi_switch_stochastic,d5freq.phase_b1.compact_episode_audits.v1,3018,B,135.0,nominal,5.0
P_old,True,derated,False,0.2999031158810388,0.9999999999912321,26.137909892365627,phase-b1::final::sg-B::S5_multi_switch_stochastic::P_old::seed-003018,S5_multi_switch_stochastic,d5freq.phase_b1.compact_episode_audits.v1,3018,B,135.0,nominal,10.0
P_old,True,sluggish,False,0.28537981047481176,0.9999999999999998,36.16184465557845,phase-b1::final::sg-B::S5_multi_switch_stochastic::P_old::seed-003018,S5_multi_switch_stochastic,d5freq.phase_b1.compact_episode_audits.v1,3018,B,135.0,nominal,20.0
P_old,True,derated,False,0.2967643702562024,0.996351394454065,5.60975931782847,phase-b1::final::sg-B::S5_multi_switch_stochastic::P_old::seed-003019,S5_multi_switch_stochastic,d5freq.phase_b1.compact_episode_audits.v1,3019,B,45.0,sluggish,2.0
P_old,True,derated,False,0.3318258432706433,0.9999976243113924,12.950220846851145,phase-b1::final::sg-B::S5_multi_switch_stochastic::P_old::seed-003019,S5_multi_switch_stochastic,d5freq.phase_b1.compact_episode_audits.v1,3019,B,45.0,sluggish,5.0
P_old,True,derated,False,0.28147154508324157,0.9999999999902234,25.351036500965634,phase-b1::final::sg-B::S5_multi_switch_stochastic::P_old::seed-003019,S5_multi_switch_stochastic,d5freq.phase_b1.compact_episode_audits.v1,3019,B,45.0,sluggish,10.0
P_old,True,unavailable,False,0.16461282879690337,0.999999999999938,30.41271471293794,phase-b1::final::sg-B::S5_multi_switch_stochastic::P_old::seed-003019,S5_multi_switch_stochastic,d5freq.phase_b1.compact_episode_audits.v1,3019,B,45.0,sluggish,20.0
P_old,False,unavailable,True,0.3105275559004821,0.00159324504724001,-5.976688623244147,phase-b1::final::sg-B::S5_multi_switch_stochastic::P_old::seed-003019,S5_multi_switch_stochastic,d5freq.phase_b1.compact_episode_audits.v1,3019,B,90.0,derated,2.0
P_old,False,unavailable,True,0.31291913016609546,5.235157634841492e-06,-11.595936092288511,phase-b1::final::sg-B::S5_multi_switch_stochastic::P_old::seed-003019,S5_multi_switch_stochastic,d5freq.phase_b1.compact_episode_audits.v1,3019,B,90.0,derated,5.0
P_old,False,unavailable,True,0.31178747208469915,1.0586280423174503e-11,-25.163098320139056,phase-b1::final::sg-B::S5_multi_switch_stochastic::P_old::seed-003019,S5_multi_switch_stochastic,d5freq.phase_b1.compact_episode_audits.v1,3019,B,90.0,derated,10.0
P_old,False,unavailable,True,0.3121389005850444,6.197133713936695e-23,-51.12742099020781,phase-b1::final::sg-B::S5_multi_switch_stochastic::P_old::seed-003019,S5_multi_switch_stochastic,d5freq.phase_b1.compact_episode_audits.v1,3019,B,90.0,derated,20.0
P_old,False,unavailable,True,0.03531598165140197,0.26875805775201733,-0.7761852756048953,phase-b1::final::sg-B::S5_multi_switch_stochastic::P_old::seed-003019,S5_multi_switch_stochastic,d5freq.phase_b1.compact_episode_audits.v1,3019,B,135.0,nominal,2.0
P_old,False,unavailable,True,0.1497480401838427,0.3381496105300404,-0.20291057049257688,phase-b1::final::sg-B::S5_multi_switch_stochastic::P_old::seed-003019,S5_multi_switch_stochastic,d5freq.phase_b1.compact_episode_audits.v1,3019,B,135.0,nominal,5.0
P_old,False,unavailable,True,0.14996777717151363,0.008977833364316625,-4.5871985496014815,phase-b1::final::sg-B::S5_multi_switch_stochastic::P_old::seed-003019,S5_multi_switch_stochastic,d5freq.phase_b1.compact_episode_audits.v1,3019,B,135.0,nominal,10.0
P_old,False,unavailable,True,0.16642536385551562,0.0003369844508463979,-7.994916764548066,phase-b1::final::sg-B::S5_multi_switch_stochastic::P_old::seed-003019,S5_multi_switch_stochastic,d5freq.phase_b1.compact_episode_audits.v1,3019,B,135.0,nominal,20.0
P_old,False,unavailable,True,0.045062445054909916,0.17944565551642627,-1.354499762583476,phase-b1::final::sg-B::S5_multi_switch_stochastic::P_old::seed-003020,S5_multi_switch_stochastic,d5freq.phase_b1.compact_episode_audits.v1,3020,B,45.0,sluggish,2.0
P_old,False,unavailable,True,0.04433517449780467,0.02203764349279023,-3.7927190630892653,phase-b1::final::sg-B::S5_multi_switch_stochastic::P_old::seed-003020,S5_multi_switch_stochastic,d5freq.phase_b1.compact_episode_audits.v1,3020,B,45.0,sluggish,5.0
P_old,False,unavailable,True,0.13144967616824546,0.00026433531485640905,-8.238027758463843,phase-b1::final::sg-B::S5_multi_switch_stochastic::P_old::seed-003020,S5_multi_switch_stochastic,d5freq.phase_b1.compact_episode_audits.v1,3020,B,45.0,sluggish,10.0
P_old,False,unavailable,True,0.0840885484711932,4.7093644566854683e-07,-14.56854221598428,phase-b1::final::sg-B::S5_multi_switch_stochastic::P_old::seed-003020,S5_multi_switch_stochastic,d5freq.phase_b1.compact_episode_audits.v1,3020,B,45.0,sluggish,20.0
P_old,False,unavailable,True,0.30869197361696055,0.00083218800320331,-6.5030150860620495,phase-b1::final::sg-B::S5_multi_switch_stochastic::P_old::seed-003020,S5_multi_switch_stochastic,d5freq.phase_b1.compact_episode_audits.v1,3020,B,90.0,derated,2.0
P_old,False,unavailable,True,0.30915876772255646,1.0156953526835908e-07,-16.01635843050324,phase-b1::final::sg-B::S5_multi_switch_stochastic::P_old::seed-003020,S5_multi_switch_stochastic,d5freq.phase_b1.compact_episode_audits.v1,3020,B,90.0,derated,5.0
P_old,False,unavailable,True,0.3109694740557988,8.338064832173525e-13,-27.771731268870738,phase-b1::final::sg-B::S5_multi_switch_stochastic::P_old::seed-003020,S5_multi_switch_stochastic,d5freq.phase_b1.compact_episode_audits.v1,3020,B,90.0,derated,10.0
P_old,False,sluggish,True,0.23547594908878294,1.0677576861187685e-12,-27.56545983733764,phase-b1::final::sg-B::S5_multi_switch_stochastic::P_old::seed-003020,S5_multi_switch_stochastic,d5freq.phase_b1.compact_episode_audits.v1,3020,B,90.0,derated,20.0
P_old,True,derated,False,0.3184061884000584,0.9987631625432069,6.694031561107124,phase-b1::final::sg-B::S5_multi_switch_stochastic::P_old::seed-003020,S5_multi_switch_stochastic,d5freq.phase_b1.compact_episode_audits.v1,3020,B,135.0,nominal,2.0
P_old,True,derated,False,0.33740252108879093,0.9999999575944445,16.975986416965803,phase-b1::final::sg-B::S5_multi_switch_stochastic::P_old::seed-003020,S5_multi_switch_stochastic,d5freq.phase_b1.compact_episode_audits.v1,3020,B,135.0,nominal,5.0
P_old,True,derated,False,0.32273093372711104,0.9999999999999534,30.695219900395557,phase-b1::final::sg-B::S5_multi_switch_stochastic::P_old::seed-003020,S5_multi_switch_stochastic,d5freq.phase_b1.compact_episode_audits.v1,3020,B,135.0,nominal,10.0
P_old,True,derated,False,0.31364187650090747,1.0,57.94445356923768,phase-b1::final::sg-B::S5_multi_switch_stochastic::P_old::seed-003020,S5_multi_switch_stochastic,d5freq.phase_b1.compact_episode_audits.v1,3020,B,135.0,nominal,20.0
P_old,False,unavailable,True,0.03831888722250293,0.1811360766570858,-1.4387934390046375,phase-b1::final::sg-B::S5_multi_switch_stochastic::P_old::seed-003021,S5_multi_switch_stochastic,d5freq.phase_b1.compact_episode_audits.v1,3021,B,45.0,sluggish,2.0
P_old,False,unavailable,True,0.033717670323673385,0.028039720198732295,-3.5386210145278625,phase-b1::final::sg-B::S5_multi_switch_stochastic::P_old::seed-003021,S5_multi_switch_stochastic,d5freq.phase_b1.compact_episode_audits.v1,3021,B,45.0,sluggish,5.0
P_old,False,unavailable,True,0.032322744288688414,0.0007984622871738907,-7.132022457299257,phase-b1::final::sg-B::S5_multi_switch_stochastic::P_old::seed-003021,S5_multi_switch_stochastic,d5freq.phase_b1.compact_episode_audits.v1,3021,B,45.0,sluggish,10.0
P_old,False,unavailable,True,0.044559855040889954,7.525203163452002e-07,-14.09983708970185,phase-b1::final::sg-B::S5_multi_switch_stochastic::P_old::seed-003021,S5_multi_switch_stochastic,d5freq.phase_b1.compact_episode_audits.v1,3021,B,45.0,sluggish,20.0
P_old,False,unavailable,True,0.3104291726029693,0.0015531077468825972,-6.202197256039305,phase-b1::final::sg-B::S5_multi_switch_stochastic::P_old::seed-003021,S5_multi_switch_stochastic,d5freq.phase_b1.compact_episode_audits.v1,3021,B,90.0,derated,2.0
P_old,False,unavailable,True,0.3100037916039516,2.461809519824439e-07,-15.153133117666783,phase-b1::final::sg-B::S5_multi_switch_stochastic::P_old::seed-003021,S5_multi_switch_stochastic,d5freq.phase_b1.compact_episode_audits.v1,3021,B,90.0,derated,5.0
P_old,False,unavailable,True,0.3103571683915452,1.0807321529914544e-13,-29.852749977278705,phase-b1::final::sg-B::S5_multi_switch_stochastic::P_old::seed-003021,S5_multi_switch_stochastic,d5freq.phase_b1.compact_episode_audits.v1,3021,B,90.0,derated,10.0
P_old,False,unavailable,True,0.31057428095633427,1.9218786838577024e-26,-59.21389876300273,phase-b1::final::sg-B::S5_multi_switch_stochastic::P_old::seed-003021,S5_multi_switch_stochastic,d5freq.phase_b1.compact_episode_audits.v1,3021,B,90.0,derated,20.0
P_old,False,unavailable,True,0.1530538023894224,0.16262576047304336,-1.352889804139732,phase-b1::final::sg-B::S5_multi_switch_stochastic::P_old::seed-003021,S5_multi_switch_stochastic,d5freq.phase_b1.compact_episode_audits.v1,3021,B,135.0,nominal,2.0
P_old,False,unavailable,True,0.15770458078711408,0.2312079304683888,-1.167001774592535,phase-b1::final::sg-B::S5_multi_switch_stochastic::P_old::seed-003021,S5_multi_switch_stochastic,d5freq.phase_b1.compact_episode_audits.v1,3021,B,135.0,nominal,5.0
P_old,True,sluggish,False,0.172441953969585,0.8999808504009724,2.2005976633318767,phase-b1::final::sg-B::S5_multi_switch_stochastic::P_old::seed-003021,S5_multi_switch_stochastic,d5freq.phase_b1.compact_episode_audits.v1,3021,B,135.0,nominal,10.0
P_old,True,sluggish,True,0.14591810456505808,0.8027257544957442,1.4034315865748113,phase-b1::final::sg-B::S5_multi_switch_stochastic::P_old::seed-003021,S5_multi_switch_stochastic,d5freq.phase_b1.compact_episode_audits.v1,3021,B,135.0,nominal,20.0
P_old,False,nominal,True,0.043854118475340195,0.3949500836159099,-0.22263146613294182,phase-b1::final::sg-B::S5_multi_switch_stochastic::P_old::seed-003022,S5_multi_switch_stochastic,d5freq.phase_b1.compact_episode_audits.v1,3022,B,45.0,sluggish,2.0
P_old,False,unavailable,True,0.10115210686723616,0.27764538521736637,-0.7896671232293215,phase-b1::final::sg-B::S5_multi_switch_stochastic::P_old::seed-003022,S5_multi_switch_stochastic,d5freq.phase_b1.compact_episode_audits.v1,3022,B,45.0,sluggish,5.0
P_old,False,unavailable,True,0.08107722242767343,0.0034435798196743436,-5.667794180851047,phase-b1::final::sg-B::S5_multi_switch_stochastic::P_old::seed-003022,S5_multi_switch_stochastic,d5freq.phase_b1.compact_episode_audits.v1,3022,B,45.0,sluggish,10.0
P_old,False,unavailable,True,0.11101033848805578,1.105524786392876e-09,-20.622945693797334,phase-b1::final::sg-B::S5_multi_switch_stochastic::P_old::seed-003022,S5_multi_switch_stochastic,d5freq.phase_b1.compact_episode_audits.v1,3022,B,45.0,sluggish,20.0
P_old,False,unavailable,True,0.3091312937356274,0.0009802804889383566,-6.391394056689826,phase-b1::final::sg-B::S5_multi_switch_stochastic::P_old::seed-003022,S5_multi_switch_stochastic,d5freq.phase_b1.compact_episode_audits.v1,3022,B,90.0,derated,2.0
P_old,False,unavailable,True,0.3101491349921928,5.881154860502917e-07,-14.16125770867066,phase-b1::final::sg-B::S5_multi_switch_stochastic::P_old::seed-003022,S5_multi_switch_stochastic,d5freq.phase_b1.compact_episode_audits.v1,3022,B,90.0,derated,5.0
P_old,False,unavailable,True,0.31100940686383705,2.2279151840928484e-13,-29.12833635163767,phase-b1::final::sg-B::S5_multi_switch_stochastic::P_old::seed-003022,S5_multi_switch_stochastic,d5freq.phase_b1.compact_episode_audits.v1,3022,B,90.0,derated,10.0
P_old,False,unavailable,True,0.31213891241263675,3.390768740655207e-23,-51.73752877240415,phase-b1::final::sg-B::S5_multi_switch_stochastic::P_old::seed-003022,S5_multi_switch_stochastic,d5freq.phase_b1.compact_episode_audits.v1,3022,B,90.0,derated,20.0
P_old,True,unavailable,True,0.2159171886959434,0.6564166808550671,0.7479836862430034,phase-b1::final::sg-B::S5_multi_switch_stochastic::P_old::seed-003022,S5_multi_switch_stochastic,d5freq.phase_b1.compact_episode_audits.v1,3022,B,135.0,nominal,2.0
P_old,True,unavailable,True,0.31651562480208073,0.8544231549609766,1.9815568630485316,phase-b1::final::sg-B::S5_multi_switch_stochastic::P_old::seed-003022,S5_multi_switch_stochastic,d5freq.phase_b1.compact_episode_audits.v1,3022,B,135.0,nominal,5.0
P_old,True,unavailable,True,0.20625351033043118,0.6584745252617553,0.6690454145798981,phase-b1::final::sg-B::S5_multi_switch_stochastic::P_old::seed-003022,S5_multi_switch_stochastic,d5freq.phase_b1.compact_episode_audits.v1,3022,B,135.0,nominal,10.0
P_old,False,unavailable,True,0.20720238912979028,0.0005749377734336512,-7.460540457531295,phase-b1::final::sg-B::S5_multi_switch_stochastic::P_old::seed-003022,S5_multi_switch_stochastic,d5freq.phase_b1.compact_episode_audits.v1,3022,B,135.0,nominal,20.0
P_old,False,unavailable,True,0.03665301407730937,0.18914480965916722,-1.4507188625215193,phase-b1::final::sg-B::S5_multi_switch_stochastic::P_old::seed-003023,S5_multi_switch_stochastic,d5freq.phase_b1.compact_episode_audits.v1,3023,B,45.0,sluggish,2.0
P_old,False,unavailable,True,0.09329590351522543,0.00249891794340657,-5.989395416420635,phase-b1::final::sg-B::S5_multi_switch_stochastic::P_old::seed-003023,S5_multi_switch_stochastic,d5freq.phase_b1.compact_episode_audits.v1,3023,B,45.0,sluggish,5.0
P_old,False,unavailable,True,0.09029237833151449,0.004519072003240514,-5.3949193013577315,phase-b1::final::sg-B::S5_multi_switch_stochastic::P_old::seed-003023,S5_multi_switch_stochastic,d5freq.phase_b1.compact_episode_audits.v1,3023,B,45.0,sluggish,10.0
P_old,False,unavailable,True,0.06361786137289782,5.7379928488681455e-06,-12.068395348672595,phase-b1::final::sg-B::S5_multi_switch_stochastic::P_old::seed-003023,S5_multi_switch_stochastic,d5freq.phase_b1.compact_episode_audits.v1,3023,B,45.0,sluggish,20.0
P_old,False,sluggish,True,0.25890191560750003,0.22690631291818397,-1.2223993160774462,phase-b1::final::sg-B::S5_multi_switch_stochastic::P_old::seed-003023,S5_multi_switch_stochastic,d5freq.phase_b1.compact_episode_audits.v1,3023,B,90.0,derated,2.0
P_old,False,sluggish,True,0.24174384893247985,0.0004749205070397442,-7.649831919063416,phase-b1::final::sg-B::S5_multi_switch_stochastic::P_old::seed-003023,S5_multi_switch_stochastic,d5freq.phase_b1.compact_episode_audits.v1,3023,B,90.0,derated,5.0
P_old,False,sluggish,True,0.2360970995861455,2.163740513567842e-09,-19.94937694884176,phase-b1::final::sg-B::S5_multi_switch_stochastic::P_old::seed-003023,S5_multi_switch_stochastic,d5freq.phase_b1.compact_episode_audits.v1,3023,B,90.0,derated,10.0
P_old,False,sluggish,True,0.23598542717185497,6.161781476062212e-16,-35.02294530122569,phase-b1::final::sg-B::S5_multi_switch_stochastic::P_old::seed-003023,S5_multi_switch_stochastic,d5freq.phase_b1.compact_episode_audits.v1,3023,B,90.0,derated,20.0
P_old,False,unavailable,True,0.21885141751466847,0.17316706051174385,-1.1236504781972592,phase-b1::final::sg-B::S5_multi_switch_stochastic::P_old::seed-003023,S5_multi_switch_stochastic,d5freq.phase_b1.compact_episode_audits.v1,3023,B,135.0,nominal,2.0
P_old,False,unavailable,True,0.22098132337363344,0.0726561182699448,-1.8785453120922284,phase-b1::final::sg-B::S5_multi_switch_stochastic::P_old::seed-003023,S5_multi_switch_stochastic,d5freq.phase_b1.compact_episode_audits.v1,3023,B,135.0,nominal,5.0
P_old,False,sluggish,True,0.09202135504978269,0.02110091997996092,-3.8352078057462506,phase-b1::final::sg-B::S5_multi_switch_stochastic::P_old::seed-003023,S5_multi_switch_stochastic,d5freq.phase_b1.compact_episode_audits.v1,3023,B,135.0,nominal,10.0
P_old,False,sluggish,True,0.10203904612702837,0.10552619720768093,-2.1372763759631823,phase-b1::final::sg-B::S5_multi_switch_stochastic::P_old::seed-003023,S5_multi_switch_stochastic,d5freq.phase_b1.compact_episode_audits.v1,3023,B,135.0,nominal,20.0
P_old,False,unavailable,True,0.04343530022053828,0.19447987201678907,-1.382764639490258,phase-b1::final::sg-B::S5_multi_switch_stochastic::P_old::seed-003024,S5_multi_switch_stochastic,d5freq.phase_b1.compact_episode_audits.v1,3024,B,45.0,sluggish,2.0
P_old,False,unavailable,True,0.03764859445865831,0.035851564918832124,-3.2843664696493278,phase-b1::final::sg-B::S5_multi_switch_stochastic::P_old::seed-003024,S5_multi_switch_stochastic,d5freq.phase_b1.compact_episode_audits.v1,3024,B,45.0,sluggish,5.0
P_old,False,unavailable,True,0.036468995290568046,0.0014545504600915486,-6.5315917509485075,phase-b1::final::sg-B::S5_multi_switch_stochastic::P_old::seed-003024,S5_multi_switch_stochastic,d5freq.phase_b1.compact_episode_audits.v1,3024,B,45.0,sluggish,10.0
P_old,False,unavailable,True,0.0443862213656913,4.066303887785418e-07,-14.715360793157629,phase-b1::final::sg-B::S5_multi_switch_stochastic::P_old::seed-003024,S5_multi_switch_stochastic,d5freq.phase_b1.compact_episode_audits.v1,3024,B,45.0,sluggish,20.0
P_old,False,sluggish,True,0.23126859934327193,0.014170381583936402,-3.6488752750301927,phase-b1::final::sg-B::S5_multi_switch_stochastic::P_old::seed-003024,S5_multi_switch_stochastic,d5freq.phase_b1.compact_episode_audits.v1,3024,B,90.0,derated,2.0
P_old,False,unavailable,True,0.3128906100806065,7.046943822556706e-06,-11.422515462270695,phase-b1::final::sg-B::S5_multi_switch_stochastic::P_old::seed-003024,S5_multi_switch_stochastic,d5freq.phase_b1.compact_episode_audits.v1,3024,B,90.0,derated,5.0
P_old,False,unavailable,True,0.3116541357343469,5.6020961480313945e-12,-25.85570186776232,phase-b1::final::sg-B::S5_multi_switch_stochastic::P_old::seed-003024,S5_multi_switch_stochastic,d5freq.phase_b1.compact_episode_audits.v1,3024,B,90.0,derated,10.0
P_old,False,sluggish,True,0.230556385999427,1.13093172984293e-19,-43.282847417094445,phase-b1::final::sg-B::S5_multi_switch_stochastic::P_old::seed-003024,S5_multi_switch_stochastic,d5freq.phase_b1.compact_episode_audits.v1,3024,B,90.0,derated,20.0
P_old,True,derated,False,0.30189840545889657,0.9964946300198596,5.653714415527549,phase-b1::final::sg-B::S5_multi_switch_stochastic::P_old::seed-003024,S5_multi_switch_stochastic,d5freq.phase_b1.compact_episode_audits.v1,3024,B,135.0,nominal,2.0
P_old,True,sluggish,False,0.24051374584333662,0.9999886193373438,11.991852463260578,phase-b1::final::sg-B::S5_multi_switch_stochastic::P_old::seed-003024,S5_multi_switch_stochastic,d5freq.phase_b1.compact_episode_audits.v1,3024,B,135.0,nominal,5.0
P_old,True,sluggish,False,0.22751236119443136,0.9999999435205472,16.690533433464026,phase-b1::final::sg-B::S5_multi_switch_stochastic::P_old::seed-003024,S5_multi_switch_stochastic,d5freq.phase_b1.compact_episode_audits.v1,3024,B,135.0,nominal,10.0
P_old,True,sluggish,False,0.25523172100957736,0.9999999999999998,35.91707730677882,phase-b1::final::sg-B::S5_multi_switch_stochastic::P_old::seed-003024,S5_multi_switch_stochastic,d5freq.phase_b1.compact_episode_audits.v1,3024,B,135.0,nominal,20.0
P_old,False,unavailable,True,0.037065264698376746,0.1583533793363808,-1.3072684345035057,phase-b1::final::sg-B::S5_multi_switch_stochastic::P_old::seed-003025,S5_multi_switch_stochastic,d5freq.phase_b1.compact_episode_audits.v1,3025,B,45.0,sluggish,2.0
P_old,False,unavailable,True,0.03256258569904948,0.027443946221893594,-3.4404292752542034,phase-b1::final::sg-B::S5_multi_switch_stochastic::P_old::seed-003025,S5_multi_switch_stochastic,d5freq.phase_b1.compact_episode_audits.v1,3025,B,45.0,sluggish,5.0
P_old,False,unavailable,True,0.03235180696419577,0.0009382407445194439,-6.97005168244965,phase-b1::final::sg-B::S5_multi_switch_stochastic::P_old::seed-003025,S5_multi_switch_stochastic,d5freq.phase_b1.compact_episode_audits.v1,3025,B,45.0,sluggish,10.0
P_old,True,unavailable,True,0.10080145135226885,0.609544096531077,0.4453962553532733,phase-b1::final::sg-B::S5_multi_switch_stochastic::P_old::seed-003025,S5_multi_switch_stochastic,d5freq.phase_b1.compact_episode_audits.v1,3025,B,45.0,sluggish,20.0
P_old,False,unavailable,True,0.31485999988797075,0.005957407178129843,-4.810007093265128,phase-b1::final::sg-B::S5_multi_switch_stochastic::P_old::seed-003025,S5_multi_switch_stochastic,d5freq.phase_b1.compact_episode_audits.v1,3025,B,90.0,derated,2.0
P_old,False,unavailable,True,0.3152007653597059,0.00018892392256293248,-8.565397126186433,phase-b1::final::sg-B::S5_multi_switch_stochastic::P_old::seed-003025,S5_multi_switch_stochastic,d5freq.phase_b1.compact_episode_audits.v1,3025,B,90.0,derated,5.0
P_old,True,unavailable,True,0.3196205116660277,0.39115980058038174,0.10134053282095579,phase-b1::final::sg-B::S5_multi_switch_stochastic::P_old::seed-003025,S5_multi_switch_stochastic,d5freq.phase_b1.compact_episode_audits.v1,3025,B,90.0,derated,10.0
P_old,False,sluggish,True,0.2423082173596547,0.012526319535145594,-4.367317850197026,phase-b1::final::sg-B::S5_multi_switch_stochastic::P_old::seed-003025,S5_multi_switch_stochastic,d5freq.phase_b1.compact_episode_audits.v1,3025,B,90.0,derated,20.0
P_old,True,sluggish,True,0.14830558253276577,0.6762301729103373,0.7494957703197116,phase-b1::final::sg-B::S5_multi_switch_stochastic::P_old::seed-003025,S5_multi_switch_stochastic,d5freq.phase_b1.compact_episode_audits.v1,3025,B,135.0,nominal,2.0
P_old,True,sluggish,True,0.13859266661957576,0.7485502426965991,1.0909100757070433,phase-b1::final::sg-B::S5_multi_switch_stochastic::P_old::seed-003025,S5_multi_switch_stochastic,d5freq.phase_b1.compact_episode_audits.v1,3025,B,135.0,nominal,5.0
P_old,True,sluggish,False,0.16733505197771315,0.986652569484197,4.302994091891961,phase-b1::final::sg-B::S5_multi_switch_stochastic::P_old::seed-003025,S5_multi_switch_stochastic,d5freq.phase_b1.compact_episode_audits.v1,3025,B,135.0,nominal,10.0
P_old,True,sluggish,False,0.18956006523956567,0.9999883692286871,11.361844641811388,phase-b1::final::sg-B::S5_multi_switch_stochastic::P_old::seed-003025,S5_multi_switch_stochastic,d5freq.phase_b1.compact_episode_audits.v1,3025,B,135.0,nominal,20.0
P_old,False,unavailable,True,0.036796616610597854,0.16060470501055793,-1.3534510834352993,phase-b1::final::sg-B::S5_multi_switch_stochastic::P_old::seed-003026,S5_multi_switch_stochastic,d5freq.phase_b1.compact_episode_audits.v1,3026,B,45.0,sluggish,2.0
P_old,False,unavailable,True,0.03512337149661745,0.02913497627647348,-3.505721651678826,phase-b1::final::sg-B::S5_multi_switch_stochastic::P_old::seed-003026,S5_multi_switch_stochastic,d5freq.phase_b1.compact_episode_audits.v1,3026,B,45.0,sluggish,5.0
P_old,False,unavailable,True,0.0350527136350273,0.0009714594632524406,-6.935710336997857,phase-b1::final::sg-B::S5_multi_switch_stochastic::P_old::seed-003026,S5_multi_switch_stochastic,d5freq.phase_b1.compact_episode_audits.v1,3026,B,45.0,sluggish,10.0
P_old,False,unavailable,True,0.03324591561448551,8.128866955583183e-07,-14.022673289714987,phase-b1::final::sg-B::S5_multi_switch_stochastic::P_old::seed-003026,S5_multi_switch_stochastic,d5freq.phase_b1.compact_episode_audits.v1,3026,B,45.0,sluggish,20.0
P_old,False,unavailable,True,0.30952120599281807,0.0010184414688674775,-6.288694763880674,phase-b1::final::sg-B::S5_multi_switch_stochastic::P_old::seed-003026,S5_multi_switch_stochastic,d5freq.phase_b1.compact_episode_audits.v1,3026,B,90.0,derated,2.0
P_old,False,unavailable,True,0.30981614564342425,2.02909506946194e-07,-15.319608956077175,phase-b1::final::sg-B::S5_multi_switch_stochastic::P_old::seed-003026,S5_multi_switch_stochastic,d5freq.phase_b1.compact_episode_audits.v1,3026,B,90.0,derated,5.0
P_old,False,unavailable,True,0.3110671675834923,3.687142361571174e-13,-28.619345635197064,phase-b1::final::sg-B::S5_multi_switch_stochastic::P_old::seed-003026,S5_multi_switch_stochastic,d5freq.phase_b1.compact_episode_audits.v1,3026,B,90.0,derated,10.0
P_old,False,unavailable,True,0.3113074626972851,1.3731421484956624e-24,-54.94492818247667,phase-b1::final::sg-B::S5_multi_switch_stochastic::P_old::seed-003026,S5_multi_switch_stochastic,d5freq.phase_b1.compact_episode_audits.v1,3026,B,90.0,derated,20.0
P_old,False,unavailable,True,0.09276778847477633,0.17199900195887177,-1.3068115753862592,phase-b1::final::sg-B::S5_multi_switch_stochastic::P_old::seed-003026,S5_multi_switch_stochastic,d5freq.phase_b1.compact_episode_audits.v1,3026,B,135.0,nominal,2.0
P_old,False,unavailable,True,0.23589560538779625,0.024122142438657145,-3.031175385923355,phase-b1::final::sg-B::S5_multi_switch_stochastic::P_old::seed-003026,S5_multi_switch_stochastic,d5freq.phase_b1.compact_episode_audits.v1,3026,B,135.0,nominal,5.0
P_old,False,unavailable,True,0.17009692980284713,0.0036924912198743774,-5.5181235562277635,phase-b1::final::sg-B::S5_multi_switch_stochastic::P_old::seed-003026,S5_multi_switch_stochastic,d5freq.phase_b1.compact_episode_audits.v1,3026,B,135.0,nominal,10.0
P_old,False,unavailable,True,0.1533348736048098,8.4068589305559e-06,-11.684269637109082,phase-b1::final::sg-B::S5_multi_switch_stochastic::P_old::seed-003026,S5_multi_switch_stochastic,d5freq.phase_b1.compact_episode_audits.v1,3026,B,135.0,nominal,20.0
P_old,False,unavailable,True,0.041078429175213406,0.2062003419842108,-1.20438139675813,phase-b1::final::sg-B::S5_multi_switch_stochastic::P_old::seed-003027,S5_multi_switch_stochastic,d5freq.phase_b1.compact_episode_audits.v1,3027,B,45.0,sluggish,2.0
P_old,False,unavailable,True,0.07855992426747244,0.037588197546753174,-3.2427522824142443,phase-b1::final::sg-B::S5_multi_switch_stochastic::P_old::seed-003027,S5_multi_switch_stochastic,d5freq.phase_b1.compact_episode_audits.v1,3027,B,45.0,sluggish,5.0
P_old,False,unavailable,True,0.16802332145497903,1.5508572952815987e-06,-13.376701135344518,phase-b1::final::sg-B::S5_multi_switch_stochastic::P_old::seed-003027,S5_multi_switch_stochastic,d5freq.phase_b1.compact_episode_audits.v1,3027,B,45.0,sluggish,10.0
P_old,False,unavailable,True,0.1000737510826116,1.4380412501641163e-09,-20.359983890832268,phase-b1::final::sg-B::S5_multi_switch_stochastic::P_old::seed-003027,S5_multi_switch_stochastic,d5freq.phase_b1.compact_episode_audits.v1,3027,B,45.0,sluggish,20.0
P_old,False,unavailable,True,0.30941697478199087,0.001615412883870987,-5.988508789984127,phase-b1::final::sg-B::S5_multi_switch_stochastic::P_old::seed-003027,S5_multi_switch_stochastic,d5freq.phase_b1.compact_episode_audits.v1,3027,B,90.0,derated,2.0
P_old,False,unavailable,True,0.3098635380212762,1.990146851383909e-07,-15.400688981266455,phase-b1::final::sg-B::S5_multi_switch_stochastic::P_old::seed-003027,S5_multi_switch_stochastic,d5freq.phase_b1.compact_episode_audits.v1,3027,B,90.0,derated,5.0
P_old,False,unavailable,True,0.31183978566930504,1.0295355238385405e-11,-25.257361586490802,phase-b1::final::sg-B::S5_multi_switch_stochastic::P_old::seed-003027,S5_multi_switch_stochastic,d5freq.phase_b1.compact_episode_audits.v1,3027,B,90.0,derated,10.0
P_old,False,sluggish,True,0.23156314723028384,1.126917381961053e-18,-41.32704290077743,phase-b1::final::sg-B::S5_multi_switch_stochastic::P_old::seed-003027,S5_multi_switch_stochastic,d5freq.phase_b1.compact_episode_audits.v1,3027,B,90.0,derated,20.0
P_old,False,unavailable,True,0.11119565278653462,0.055972640124217,-2.56186225940996,phase-b1::final::sg-B::S5_multi_switch_stochastic::P_old::seed-003027,S5_multi_switch_stochastic,d5freq.phase_b1.compact_episode_audits.v1,3027,B,135.0,nominal,2.0
P_old,False,unavailable,True,0.15809409667760488,0.01594274940487598,-3.98049923299331,phase-b1::final::sg-B::S5_multi_switch_stochastic::P_old::seed-003027,S5_multi_switch_stochastic,d5freq.phase_b1.compact_episode_audits.v1,3027,B,135.0,nominal,5.0
P_old,False,unavailable,True,0.17982386652094653,0.0013322546857781584,-6.535988543743173,phase-b1::final::sg-B::S5_multi_switch_stochastic::P_old::seed-003027,S5_multi_switch_stochastic,d5freq.phase_b1.compact_episode_audits.v1,3027,B,135.0,nominal,10.0
P_old,False,unavailable,True,0.21474926186518842,8.982617153179211e-05,-9.196203191927452,phase-b1::final::sg-B::S5_multi_switch_stochastic::P_old::seed-003027,S5_multi_switch_stochastic,d5freq.phase_b1.compact_episode_audits.v1,3027,B,135.0,nominal,20.0
P_old,False,unavailable,True,0.0547943820926625,0.19396878152172958,-1.224982942407781,phase-b1::final::sg-B::S5_multi_switch_stochastic::P_old::seed-003028,S5_multi_switch_stochastic,d5freq.phase_b1.compact_episode_audits.v1,3028,B,45.0,sluggish,2.0
P_old,False,unavailable,True,0.06545806378574634,0.010759049063070417,-4.521190747717284,phase-b1::final::sg-B::S5_multi_switch_stochastic::P_old::seed-003028,S5_multi_switch_stochastic,d5freq.phase_b1.compact_episode_audits.v1,3028,B,45.0,sluggish,5.0
P_old,False,unavailable,True,0.06794050161493176,0.0006754446204866105,-7.299463714084226,phase-b1::final::sg-B::S5_multi_switch_stochastic::P_old::seed-003028,S5_multi_switch_stochastic,d5freq.phase_b1.compact_episode_audits.v1,3028,B,45.0,sluggish,10.0
P_old,False,unavailable,True,0.05023191545859561,5.366453861464423e-07,-14.437927784919964,phase-b1::final::sg-B::S5_multi_switch_stochastic::P_old::seed-003028,S5_multi_switch_stochastic,d5freq.phase_b1.compact_episode_audits.v1,3028,B,45.0,sluggish,20.0
P_old,False,sluggish,True,0.22983246865815676,0.0036583462087445193,-4.780501565762865,phase-b1::final::sg-B::S5_multi_switch_stochastic::P_old::seed-003028,S5_multi_switch_stochastic,d5freq.phase_b1.compact_episode_audits.v1,3028,B,90.0,derated,2.0
P_old,False,unavailable,True,0.3124408657319871,1.58827967040073e-06,-13.115433053527752,phase-b1::final::sg-B::S5_multi_switch_stochastic::P_old::seed-003028,S5_multi_switch_stochastic,d5freq.phase_b1.compact_episode_audits.v1,3028,B,90.0,derated,5.0
P_old,False,unavailable,True,0.3133734390963176,6.396663774124213e-11,-22.848881989034552,phase-b1::final::sg-B::S5_multi_switch_stochastic::P_old::seed-003028,S5_multi_switch_stochastic,d5freq.phase_b1.compact_episode_audits.v1,3028,B,90.0,derated,10.0
P_old,False,unavailable,True,0.31257780702450655,3.9105496620564913e-22,-49.28323362772042,phase-b1::final::sg-B::S5_multi_switch_stochastic::P_old::seed-003028,S5_multi_switch_stochastic,d5freq.phase_b1.compact_episode_audits.v1,3028,B,90.0,derated,20.0
P_old,False,unavailable,True,0.11574991376120289,0.18500966697804228,-1.2768623501040608,phase-b1::final::sg-B::S5_multi_switch_stochastic::P_old::seed-003028,S5_multi_switch_stochastic,d5freq.phase_b1.compact_episode_audits.v1,3028,B,135.0,nominal,2.0
P_old,False,sluggish,True,0.11983640358617224,0.11855937146545324,-1.5643547544234195,phase-b1::final::sg-B::S5_multi_switch_stochastic::P_old::seed-003028,S5_multi_switch_stochastic,d5freq.phase_b1.compact_episode_audits.v1,3028,B,135.0,nominal,5.0
P_old,False,sluggish,True,0.13090637730194993,0.18269125423928503,-1.497914296649526,phase-b1::final::sg-B::S5_multi_switch_stochastic::P_old::seed-003028,S5_multi_switch_stochastic,d5freq.phase_b1.compact_episode_audits.v1,3028,B,135.0,nominal,10.0
P_old,False,sluggish,True,0.11343936445005283,0.050321734107268916,-2.93281094379995,phase-b1::final::sg-B::S5_multi_switch_stochastic::P_old::seed-003028,S5_multi_switch_stochastic,d5freq.phase_b1.compact_episode_audits.v1,3028,B,135.0,nominal,20.0
P_old,False,unavailable,True,0.03724978098120064,0.14540457539748813,-1.414806375132983,phase-b1::final::sg-B::S5_multi_switch_stochastic::P_old::seed-003029,S5_multi_switch_stochastic,d5freq.phase_b1.compact_episode_audits.v1,3029,B,45.0,sluggish,2.0
P_old,False,unavailable,True,0.03360560318726314,0.026742493029718498,-3.580336591646443,phase-b1::final::sg-B::S5_multi_switch_stochastic::P_old::seed-003029,S5_multi_switch_stochastic,d5freq.phase_b1.compact_episode_audits.v1,3029,B,45.0,sluggish,5.0
P_old,False,unavailable,True,0.0358902220075443,0.0013013908248990585,-6.64226946625493,phase-b1::final::sg-B::S5_multi_switch_stochastic::P_old::seed-003029,S5_multi_switch_stochastic,d5freq.phase_b1.compact_episode_audits.v1,3029,B,45.0,sluggish,10.0
P_old,False,unavailable,True,0.04897038572179406,1.1279147655175703e-06,-13.695138842312417,phase-b1::final::sg-B::S5_multi_switch_stochastic::P_old::seed-003029,S5_multi_switch_stochastic,d5freq.phase_b1.compact_episode_audits.v1,3029,B,45.0,sluggish,20.0
P_old,False,unavailable,True,0.31092690830838354,0.0014675476477506322,-6.193464166087622,phase-b1::final::sg-B::S5_multi_switch_stochastic::P_old::seed-003029,S5_multi_switch_stochastic,d5freq.phase_b1.compact_episode_audits.v1,3029,B,90.0,derated,2.0
P_old,False,sluggish,True,0.23174959189431865,9.904609369290625e-06,-11.039305969350465,phase-b1::final::sg-B::S5_multi_switch_stochastic::P_old::seed-003029,S5_multi_switch_stochastic,d5freq.phase_b1.compact_episode_audits.v1,3029,B,90.0,derated,5.0
P_old,False,sluggish,True,0.23051719559018724,5.94912214468453e-11,-23.54398132537463,phase-b1::final::sg-B::S5_multi_switch_stochastic::P_old::seed-003029,S5_multi_switch_stochastic,d5freq.phase_b1.compact_episode_audits.v1,3029,B,90.0,derated,10.0
P_old,False,sluggish,True,0.2303539264166421,3.5076436766687846e-21,-47.09930948283997,phase-b1::final::sg-B::S5_multi_switch_stochastic::P_old::seed-003029,S5_multi_switch_stochastic,d5freq.phase_b1.compact_episode_audits.v1,3029,B,90.0,derated,20.0
P_old,False,unavailable,True,0.3219421748123485,0.02707408218612306,-2.985467492407622,phase-b1::final::sg-B::S5_multi_switch_stochastic::P_old::seed-003029,S5_multi_switch_stochastic,d5freq.phase_b1.compact_episode_audits.v1,3029,B,135.0,nominal,2.0
P_old,False,unavailable,True,0.1750524074331359,0.009514531739161204,-4.550900968142344,phase-b1::final::sg-B::S5_multi_switch_stochastic::P_old::seed-003029,S5_multi_switch_stochastic,d5freq.phase_b1.compact_episode_audits.v1,3029,B,135.0,nominal,5.0
P_old,False,unavailable,True,0.1824094428800574,0.08442683024582857,-2.3459258060954085,phase-b1::final::sg-B::S5_multi_switch_stochastic::P_old::seed-003029,S5_multi_switch_stochastic,d5freq.phase_b1.compact_episode_audits.v1,3029,B,135.0,nominal,10.0
P_old,False,unavailable,True,0.1836406622725159,0.0134281374059657,-4.286486380710471,phase-b1::final::sg-B::S5_multi_switch_stochastic::P_old::seed-003029,S5_multi_switch_stochastic,d5freq.phase_b1.compact_episode_audits.v1,3029,B,135.0,nominal,20.0
P_old,False,unavailable,True,0.06976700648119118,0.18466786113853872,-1.3433607095085023,phase-b1::final::sg-C::S5_multi_switch_stochastic::P_old::seed-003000,S5_multi_switch_stochastic,d5freq.phase_b1.compact_episode_audits.v1,3000,C,45.0,sluggish,2.0
P_old,False,unavailable,True,0.05421627603113893,0.045768026123667906,-3.0372547956135776,phase-b1::final::sg-C::S5_multi_switch_stochastic::P_old::seed-003000,S5_multi_switch_stochastic,d5freq.phase_b1.compact_episode_audits.v1,3000,C,45.0,sluggish,5.0
P_old,False,unavailable,True,0.043176486314101994,0.0014468554775081842,-6.536914577614965,phase-b1::final::sg-C::S5_multi_switch_stochastic::P_old::seed-003000,S5_multi_switch_stochastic,d5freq.phase_b1.compact_episode_audits.v1,3000,C,45.0,sluggish,10.0
P_old,False,unavailable,True,0.0457750106822613,1.4034290310489872e-06,-13.476590604686578,phase-b1::final::sg-C::S5_multi_switch_stochastic::P_old::seed-003000,S5_multi_switch_stochastic,d5freq.phase_b1.compact_episode_audits.v1,3000,C,45.0,sluggish,20.0
P_old,False,unavailable,True,0.3095067842962755,0.001140732200200104,-6.374424017481111,phase-b1::final::sg-C::S5_multi_switch_stochastic::P_old::seed-003000,S5_multi_switch_stochastic,d5freq.phase_b1.compact_episode_audits.v1,3000,C,90.0,derated,2.0
P_old,False,unavailable,True,0.30937598666914085,1.318295168842516e-07,-15.75846837318636,phase-b1::final::sg-C::S5_multi_switch_stochastic::P_old::seed-003000,S5_multi_switch_stochastic,d5freq.phase_b1.compact_episode_audits.v1,3000,C,90.0,derated,5.0
P_old,False,unavailable,True,0.3112591354442863,1.068269371731095e-12,-27.557077227744756,phase-b1::final::sg-C::S5_multi_switch_stochastic::P_old::seed-003000,S5_multi_switch_stochastic,d5freq.phase_b1.compact_episode_audits.v1,3000,C,90.0,derated,10.0
P_old,False,sluggish,True,0.23113180660964844,4.029727216625149e-19,-42.33780815040396,phase-b1::final::sg-C::S5_multi_switch_stochastic::P_old::seed-003000,S5_multi_switch_stochastic,d5freq.phase_b1.compact_episode_audits.v1,3000,C,90.0,derated,20.0
P_old,True,derated,False,0.3082869400961227,0.9967583976373753,5.811687896844816,phase-b1::final::sg-C::S5_multi_switch_stochastic::P_old::seed-003000,S5_multi_switch_stochastic,d5freq.phase_b1.compact_episode_audits.v1,3000,C,135.0,nominal,2.0
P_old,True,derated,False,0.3036577373063093,0.9999996630512292,14.947611256906889,phase-b1::final::sg-C::S5_multi_switch_stochastic::P_old::seed-003000,S5_multi_switch_stochastic,d5freq.phase_b1.compact_episode_audits.v1,3000,C,135.0,nominal,5.0
P_old,True,derated,False,0.30425922489865037,0.9999999999992306,27.895427006555025,phase-b1::final::sg-C::S5_multi_switch_stochastic::P_old::seed-003000,S5_multi_switch_stochastic,d5freq.phase_b1.compact_episode_audits.v1,3000,C,135.0,nominal,10.0
P_old,True,derated,False,0.303555902212335,1.0,55.379348673933805,phase-b1::final::sg-C::S5_multi_switch_stochastic::P_old::seed-003000,S5_multi_switch_stochastic,d5freq.phase_b1.compact_episode_audits.v1,3000,C,135.0,nominal,20.0
P_old,False,unavailable,True,0.03408722727656051,0.1439355072503411,-1.3787463941688252,phase-b1::final::sg-C::S5_multi_switch_stochastic::P_old::seed-003001,S5_multi_switch_stochastic,d5freq.phase_b1.compact_episode_audits.v1,3001,C,45.0,sluggish,2.0
P_old,False,unavailable,True,0.036198278942183,0.03880561833277287,-3.1587127093162053,phase-b1::final::sg-C::S5_multi_switch_stochastic::P_old::seed-003001,S5_multi_switch_stochastic,d5freq.phase_b1.compact_episode_audits.v1,3001,C,45.0,sluggish,5.0
P_old,False,unavailable,True,0.03429071250723993,0.0014893327422766756,-6.505675199832297,phase-b1::final::sg-C::S5_multi_switch_stochastic::P_old::seed-003001,S5_multi_switch_stochastic,d5freq.phase_b1.compact_episode_audits.v1,3001,C,45.0,sluggish,10.0
P_old,False,unavailable,True,0.0380603805255271,5.252311628243521e-07,-14.459426835889928,phase-b1::final::sg-C::S5_multi_switch_stochastic::P_old::seed-003001,S5_multi_switch_stochastic,d5freq.phase_b1.compact_episode_audits.v1,3001,C,45.0,sluggish,20.0
P_old,False,unavailable,True,0.31112860192108066,0.0017414191651712347,-5.428459914113521,phase-b1::final::sg-C::S5_multi_switch_stochastic::P_old::seed-003001,S5_multi_switch_stochastic,d5freq.phase_b1.compact_episode_audits.v1,3001,C,90.0,derated,2.0
P_old,False,sluggish,True,0.22996009781156843,1.0444137567063354e-05,-10.888489907932161,phase-b1::final::sg-C::S5_multi_switch_stochastic::P_old::seed-003001,S5_multi_switch_stochastic,d5freq.phase_b1.compact_episode_audits.v1,3001,C,90.0,derated,5.0
P_old,False,sluggish,True,0.2302581284808672,1.6603435274858318e-10,-22.42008134994842,phase-b1::final::sg-C::S5_multi_switch_stochastic::P_old::seed-003001,S5_multi_switch_stochastic,d5freq.phase_b1.compact_episode_audits.v1,3001,C,90.0,derated,10.0
P_old,False,sluggish,True,0.23024473509381593,8.440474517643551e-21,-46.083222098163304,phase-b1::final::sg-C::S5_multi_switch_stochastic::P_old::seed-003001,S5_multi_switch_stochastic,d5freq.phase_b1.compact_episode_audits.v1,3001,C,90.0,derated,20.0
P_old,False,unavailable,True,0.12053291462920337,0.3104890541705924,-0.38981914802355533,phase-b1::final::sg-C::S5_multi_switch_stochastic::P_old::seed-003001,S5_multi_switch_stochastic,d5freq.phase_b1.compact_episode_audits.v1,3001,C,135.0,nominal,2.0
P_old,False,unavailable,True,0.14066437050518735,0.02205418658080823,-3.7500386216515267,phase-b1::final::sg-C::S5_multi_switch_stochastic::P_old::seed-003001,S5_multi_switch_stochastic,d5freq.phase_b1.compact_episode_audits.v1,3001,C,135.0,nominal,5.0
P_old,False,unavailable,True,0.11399215972335168,0.00036067486058878563,-7.925912973362557,phase-b1::final::sg-C::S5_multi_switch_stochastic::P_old::seed-003001,S5_multi_switch_stochastic,d5freq.phase_b1.compact_episode_audits.v1,3001,C,135.0,nominal,10.0
P_old,False,unavailable,True,0.14599128571366707,0.00020654567133487314,-8.484550350675931,phase-b1::final::sg-C::S5_multi_switch_stochastic::P_old::seed-003001,S5_multi_switch_stochastic,d5freq.phase_b1.compact_episode_audits.v1,3001,C,135.0,nominal,20.0
P_old,False,unavailable,True,0.18587534692237412,0.45721643023665115,-0.009905868147619401,phase-b1::final::sg-C::S5_multi_switch_stochastic::P_old::seed-003002,S5_multi_switch_stochastic,d5freq.phase_b1.compact_episode_audits.v1,3002,C,45.0,sluggish,2.0
P_old,False,unavailable,True,0.1003349325699124,0.0768716454406643,-2.4856307111334104,phase-b1::final::sg-C::S5_multi_switch_stochastic::P_old::seed-003002,S5_multi_switch_stochastic,d5freq.phase_b1.compact_episode_audits.v1,3002,C,45.0,sluggish,5.0
P_old,False,unavailable,True,0.12270752140625248,8.018500851997344e-06,-11.733751061210597,phase-b1::final::sg-C::S5_multi_switch_stochastic::P_old::seed-003002,S5_multi_switch_stochastic,d5freq.phase_b1.compact_episode_audits.v1,3002,C,45.0,sluggish,10.0
P_old,False,unavailable,True,0.1325922605744494,8.796462414144706e-14,-30.061841659648053,phase-b1::final::sg-C::S5_multi_switch_stochastic::P_old::seed-003002,S5_multi_switch_stochastic,d5freq.phase_b1.compact_episode_audits.v1,3002,C,45.0,sluggish,20.0
P_old,False,unavailable,True,0.30912390312837196,0.001009314873727728,-6.502075023453791,phase-b1::final::sg-C::S5_multi_switch_stochastic::P_old::seed-003002,S5_multi_switch_stochastic,d5freq.phase_b1.compact_episode_audits.v1,3002,C,90.0,derated,2.0
P_old,False,unavailable,True,0.30978416439403783,1.371136398647038e-07,-15.727399542494055,phase-b1::final::sg-C::S5_multi_switch_stochastic::P_old::seed-003002,S5_multi_switch_stochastic,d5freq.phase_b1.compact_episode_audits.v1,3002,C,90.0,derated,5.0
P_old,False,unavailable,True,0.3096874949267681,4.48775010668329e-14,-30.73078005090585,phase-b1::final::sg-C::S5_multi_switch_stochastic::P_old::seed-003002,S5_multi_switch_stochastic,d5freq.phase_b1.compact_episode_audits.v1,3002,C,90.0,derated,10.0
P_old,False,unavailable,True,0.31076238283978297,8.297930114998087e-26,-57.75114748701165,phase-b1::final::sg-C::S5_multi_switch_stochastic::P_old::seed-003002,S5_multi_switch_stochastic,d5freq.phase_b1.compact_episode_audits.v1,3002,C,90.0,derated,20.0
P_old,True,unavailable,True,0.049907940046518384,0.47036073775410475,0.1654665769618795,phase-b1::final::sg-C::S5_multi_switch_stochastic::P_old::seed-003002,S5_multi_switch_stochastic,d5freq.phase_b1.compact_episode_audits.v1,3002,C,135.0,nominal,2.0
P_old,True,unavailable,True,0.06258551591667888,0.5480414157647784,0.2977689888502937,phase-b1::final::sg-C::S5_multi_switch_stochastic::P_old::seed-003002,S5_multi_switch_stochastic,d5freq.phase_b1.compact_episode_audits.v1,3002,C,135.0,nominal,5.0
P_old,False,unavailable,True,0.09673832675727737,0.08398801185618116,-2.3832049866592513,phase-b1::final::sg-C::S5_multi_switch_stochastic::P_old::seed-003002,S5_multi_switch_stochastic,d5freq.phase_b1.compact_episode_audits.v1,3002,C,135.0,nominal,10.0
P_old,True,sluggish,False,0.09246890864173041,0.996233797955153,5.600610729532377,phase-b1::final::sg-C::S5_multi_switch_stochastic::P_old::seed-003002,S5_multi_switch_stochastic,d5freq.phase_b1.compact_episode_audits.v1,3002,C,135.0,nominal,20.0
P_old,False,unavailable,True,0.03240075513181104,0.16875744696948436,-1.4401155256086184,phase-b1::final::sg-C::S5_multi_switch_stochastic::P_old::seed-003003,S5_multi_switch_stochastic,d5freq.phase_b1.compact_episode_audits.v1,3003,C,45.0,sluggish,2.0
P_old,False,unavailable,True,0.033004847462366003,0.0265148409029845,-3.5946818135374343,phase-b1::final::sg-C::S5_multi_switch_stochastic::P_old::seed-003003,S5_multi_switch_stochastic,d5freq.phase_b1.compact_episode_audits.v1,3003,C,45.0,sluggish,5.0
P_old,False,unavailable,True,0.06678576383578652,3.804211979030947e-05,-10.176778553698966,phase-b1::final::sg-C::S5_multi_switch_stochastic::P_old::seed-003003,S5_multi_switch_stochastic,d5freq.phase_b1.compact_episode_audits.v1,3003,C,45.0,sluggish,10.0
P_old,False,unavailable,True,0.07158089673135046,5.013982920238036e-07,-14.505864556244035,phase-b1::final::sg-C::S5_multi_switch_stochastic::P_old::seed-003003,S5_multi_switch_stochastic,d5freq.phase_b1.compact_episode_audits.v1,3003,C,45.0,sluggish,20.0
P_old,False,nominal,True,0.2796479731590015,0.001458623091298647,-5.844325229749153,phase-b1::final::sg-C::S5_multi_switch_stochastic::P_old::seed-003003,S5_multi_switch_stochastic,d5freq.phase_b1.compact_episode_audits.v1,3003,C,90.0,derated,2.0
P_old,False,nominal,True,0.27915813187973326,2.553094493270135e-07,-14.595229938702339,phase-b1::final::sg-C::S5_multi_switch_stochastic::P_old::seed-003003,S5_multi_switch_stochastic,d5freq.phase_b1.compact_episode_audits.v1,3003,C,90.0,derated,5.0
P_old,False,unavailable,True,0.31008399264596187,1.6484022441065998e-13,-29.060108125105685,phase-b1::final::sg-C::S5_multi_switch_stochastic::P_old::seed-003003,S5_multi_switch_stochastic,d5freq.phase_b1.compact_episode_audits.v1,3003,C,90.0,derated,10.0
P_old,False,unavailable,True,0.3106301947212342,1.2023400201140357e-24,-54.66834307449915,phase-b1::final::sg-C::S5_multi_switch_stochastic::P_old::seed-003003,S5_multi_switch_stochastic,d5freq.phase_b1.compact_episode_audits.v1,3003,C,90.0,derated,20.0
P_old,False,unavailable,True,0.08490971016353996,0.13551439725571182,-1.6185208096163919,phase-b1::final::sg-C::S5_multi_switch_stochastic::P_old::seed-003003,S5_multi_switch_stochastic,d5freq.phase_b1.compact_episode_audits.v1,3003,C,135.0,nominal,2.0
P_old,False,unavailable,True,0.09090385159242564,0.049929528337670226,-2.8925346534656313,phase-b1::final::sg-C::S5_multi_switch_stochastic::P_old::seed-003003,S5_multi_switch_stochastic,d5freq.phase_b1.compact_episode_audits.v1,3003,C,135.0,nominal,5.0
P_old,False,unavailable,True,0.13997463776512725,0.448123069441285,-0.1657806451570707,phase-b1::final::sg-C::S5_multi_switch_stochastic::P_old::seed-003003,S5_multi_switch_stochastic,d5freq.phase_b1.compact_episode_audits.v1,3003,C,135.0,nominal,10.0
P_old,False,unavailable,True,0.1291643069358264,0.003029116304801697,-5.796165800191432,phase-b1::final::sg-C::S5_multi_switch_stochastic::P_old::seed-003003,S5_multi_switch_stochastic,d5freq.phase_b1.compact_episode_audits.v1,3003,C,135.0,nominal,20.0
P_old,False,unavailable,True,0.049061475190412554,0.20479637528470462,-1.2024417821188536,phase-b1::final::sg-C::S5_multi_switch_stochastic::P_old::seed-003004,S5_multi_switch_stochastic,d5freq.phase_b1.compact_episode_audits.v1,3004,C,45.0,sluggish,2.0
P_old,False,unavailable,True,0.039194480409263356,0.03515512361855375,-3.2595959954516616,phase-b1::final::sg-C::S5_multi_switch_stochastic::P_old::seed-003004,S5_multi_switch_stochastic,d5freq.phase_b1.compact_episode_audits.v1,3004,C,45.0,sluggish,5.0
P_old,False,unavailable,True,0.03824882637118895,0.001925021360517536,-6.247387358115645,phase-b1::final::sg-C::S5_multi_switch_stochastic::P_old::seed-003004,S5_multi_switch_stochastic,d5freq.phase_b1.compact_episode_audits.v1,3004,C,45.0,sluggish,10.0
P_old,False,unavailable,True,0.06195489864922703,6.260422670355381e-07,-14.28384732285707,phase-b1::final::sg-C::S5_multi_switch_stochastic::P_old::seed-003004,S5_multi_switch_stochastic,d5freq.phase_b1.compact_episode_audits.v1,3004,C,45.0,sluggish,20.0
P_old,False,sluggish,True,0.23626412487993279,0.0808839374335772,-2.046973639133107,phase-b1::final::sg-C::S5_multi_switch_stochastic::P_old::seed-003004,S5_multi_switch_stochastic,d5freq.phase_b1.compact_episode_audits.v1,3004,C,90.0,derated,2.0
P_old,False,sluggish,True,0.23399404769015736,0.000796241840163646,-6.876841163527445,phase-b1::final::sg-C::S5_multi_switch_stochastic::P_old::seed-003004,S5_multi_switch_stochastic,d5freq.phase_b1.compact_episode_audits.v1,3004,C,90.0,derated,5.0
P_old,False,sluggish,True,0.23255946955233187,5.275252608234872e-09,-18.877870240739554,phase-b1::final::sg-C::S5_multi_switch_stochastic::P_old::seed-003004,S5_multi_switch_stochastic,d5freq.phase_b1.compact_episode_audits.v1,3004,C,90.0,derated,10.0
P_old,False,unavailable,True,0.31368325477731396,2.1791212857303373e-20,-45.26845898466041,phase-b1::final::sg-C::S5_multi_switch_stochastic::P_old::seed-003004,S5_multi_switch_stochastic,d5freq.phase_b1.compact_episode_audits.v1,3004,C,90.0,derated,20.0
P_old,False,sluggish,True,0.14073851361212472,0.07987738045445468,-2.120896341143453,phase-b1::final::sg-C::S5_multi_switch_stochastic::P_old::seed-003004,S5_multi_switch_stochastic,d5freq.phase_b1.compact_episode_audits.v1,3004,C,135.0,nominal,2.0
P_old,False,unavailable,True,0.21805418074272595,0.008436979648795459,-4.413127548266907,phase-b1::final::sg-C::S5_multi_switch_stochastic::P_old::seed-003004,S5_multi_switch_stochastic,d5freq.phase_b1.compact_episode_audits.v1,3004,C,135.0,nominal,5.0
P_old,False,unavailable,True,0.20526312080397804,0.0015525289377251645,-6.441220972635847,phase-b1::final::sg-C::S5_multi_switch_stochastic::P_old::seed-003004,S5_multi_switch_stochastic,d5freq.phase_b1.compact_episode_audits.v1,3004,C,135.0,nominal,10.0
P_old,False,unavailable,True,0.16189701528262956,1.372002772291549e-05,-11.196278012654375,phase-b1::final::sg-C::S5_multi_switch_stochastic::P_old::seed-003004,S5_multi_switch_stochastic,d5freq.phase_b1.compact_episode_audits.v1,3004,C,135.0,nominal,20.0
P_old,True,nominal,False,0.0779373712142463,0.8612630353336093,2.4529396377023325,phase-b1::final::sg-C::S5_multi_switch_stochastic::P_old::seed-003005,S5_multi_switch_stochastic,d5freq.phase_b1.compact_episode_audits.v1,3005,C,45.0,sluggish,2.0
P_old,True,unavailable,True,0.16329453655188184,0.6611344921335415,0.668357445596925,phase-b1::final::sg-C::S5_multi_switch_stochastic::P_old::seed-003005,S5_multi_switch_stochastic,d5freq.phase_b1.compact_episode_audits.v1,3005,C,45.0,sluggish,5.0
P_old,False,unavailable,True,0.20478760342947283,4.185470538551435e-06,-12.38388724032346,phase-b1::final::sg-C::S5_multi_switch_stochastic::P_old::seed-003005,S5_multi_switch_stochastic,d5freq.phase_b1.compact_episode_audits.v1,3005,C,45.0,sluggish,10.0
P_old,False,unavailable,True,0.12004784175047256,7.206538337480798e-09,-18.748277113365532,phase-b1::final::sg-C::S5_multi_switch_stochastic::P_old::seed-003005,S5_multi_switch_stochastic,d5freq.phase_b1.compact_episode_audits.v1,3005,C,45.0,sluggish,20.0
P_old,False,nominal,True,0.2807054560718753,0.0033396772462000743,-4.879266034877158,phase-b1::final::sg-C::S5_multi_switch_stochastic::P_old::seed-003005,S5_multi_switch_stochastic,d5freq.phase_b1.compact_episode_audits.v1,3005,C,90.0,derated,2.0
P_old,False,unavailable,True,0.3120770754248975,1.956769237899383e-06,-12.3206937332452,phase-b1::final::sg-C::S5_multi_switch_stochastic::P_old::seed-003005,S5_multi_switch_stochastic,d5freq.phase_b1.compact_episode_audits.v1,3005,C,90.0,derated,5.0
P_old,False,unavailable,True,0.3111013643756008,1.3108341129261488e-12,-27.236781588251972,phase-b1::final::sg-C::S5_multi_switch_stochastic::P_old::seed-003005,S5_multi_switch_stochastic,d5freq.phase_b1.compact_episode_audits.v1,3005,C,90.0,derated,10.0
P_old,False,unavailable,True,0.3110232315492373,4.569051606799716e-25,-56.04492701419585,phase-b1::final::sg-C::S5_multi_switch_stochastic::P_old::seed-003005,S5_multi_switch_stochastic,d5freq.phase_b1.compact_episode_audits.v1,3005,C,90.0,derated,20.0
P_old,True,derated,False,0.3034740551758721,0.904350281540441,2.8235389232347003,phase-b1::final::sg-C::S5_multi_switch_stochastic::P_old::seed-003005,S5_multi_switch_stochastic,d5freq.phase_b1.compact_episode_audits.v1,3005,C,135.0,nominal,2.0
P_old,True,sluggish,False,0.24382149055383096,0.9897185732960386,4.57555751233604,phase-b1::final::sg-C::S5_multi_switch_stochastic::P_old::seed-003005,S5_multi_switch_stochastic,d5freq.phase_b1.compact_episode_audits.v1,3005,C,135.0,nominal,5.0
P_old,True,sluggish,False,0.30724150117722127,0.9999949547449312,12.200408784600157,phase-b1::final::sg-C::S5_multi_switch_stochastic::P_old::seed-003005,S5_multi_switch_stochastic,d5freq.phase_b1.compact_episode_audits.v1,3005,C,135.0,nominal,10.0
P_old,True,sluggish,False,0.28648042702613685,0.9999999999810882,24.691236330159143,phase-b1::final::sg-C::S5_multi_switch_stochastic::P_old::seed-003005,S5_multi_switch_stochastic,d5freq.phase_b1.compact_episode_audits.v1,3005,C,135.0,nominal,20.0
P_old,False,unavailable,True,0.06582038159116169,0.18954705911842856,-1.2747054551787613,phase-b1::final::sg-C::S5_multi_switch_stochastic::P_old::seed-003006,S5_multi_switch_stochastic,d5freq.phase_b1.compact_episode_audits.v1,3006,C,45.0,sluggish,2.0
P_old,False,unavailable,True,0.05718468959613678,0.04113243953208081,-3.148955738214852,phase-b1::final::sg-C::S5_multi_switch_stochastic::P_old::seed-003006,S5_multi_switch_stochastic,d5freq.phase_b1.compact_episode_audits.v1,3006,C,45.0,sluggish,5.0
P_old,False,unavailable,True,0.10563096317645089,0.00015637613999298927,-8.763089910712722,phase-b1::final::sg-C::S5_multi_switch_stochastic::P_old::seed-003006,S5_multi_switch_stochastic,d5freq.phase_b1.compact_episode_audits.v1,3006,C,45.0,sluggish,10.0
P_old,False,unavailable,True,0.07451021196315015,8.179395316359277e-08,-16.3190624364816,phase-b1::final::sg-C::S5_multi_switch_stochastic::P_old::seed-003006,S5_multi_switch_stochastic,d5freq.phase_b1.compact_episode_audits.v1,3006,C,45.0,sluggish,20.0
P_old,True,sluggish,False,0.5386646919092327,1.0,79.19143383994907,phase-b1::final::sg-C::S5_multi_switch_stochastic::P_old::seed-003006,S5_multi_switch_stochastic,d5freq.phase_b1.compact_episode_audits.v1,3006,C,90.0,derated,2.0
P_old,True,sluggish,False,0.3585788178001147,1.0,72.96986657342822,phase-b1::final::sg-C::S5_multi_switch_stochastic::P_old::seed-003006,S5_multi_switch_stochastic,d5freq.phase_b1.compact_episode_audits.v1,3006,C,90.0,derated,5.0
P_old,True,sluggish,False,0.29601551563624195,1.0,78.16144537389336,phase-b1::final::sg-C::S5_multi_switch_stochastic::P_old::seed-003006,S5_multi_switch_stochastic,d5freq.phase_b1.compact_episode_audits.v1,3006,C,90.0,derated,10.0
P_old,True,sluggish,False,0.26326384928873103,1.0,70.96778083192109,phase-b1::final::sg-C::S5_multi_switch_stochastic::P_old::seed-003006,S5_multi_switch_stochastic,d5freq.phase_b1.compact_episode_audits.v1,3006,C,90.0,derated,20.0
P_old,True,sluggish,True,0.2520440241507548,0.5380116089711249,0.17417863200373418,phase-b1::final::sg-C::S5_multi_switch_stochastic::P_old::seed-003006,S5_multi_switch_stochastic,d5freq.phase_b1.compact_episode_audits.v1,3006,C,135.0,nominal,2.0
P_old,True,sluggish,False,0.20774158006652838,0.9198773530570027,2.4410010164241953,phase-b1::final::sg-C::S5_multi_switch_stochastic::P_old::seed-003006,S5_multi_switch_stochastic,d5freq.phase_b1.compact_episode_audits.v1,3006,C,135.0,nominal,5.0
P_old,True,sluggish,False,0.19274379613135867,0.9711282209605904,3.5155939042555815,phase-b1::final::sg-C::S5_multi_switch_stochastic::P_old::seed-003006,S5_multi_switch_stochastic,d5freq.phase_b1.compact_episode_audits.v1,3006,C,135.0,nominal,10.0
P_old,True,sluggish,False,0.20009114245109716,0.999489548353043,7.579704059902042,phase-b1::final::sg-C::S5_multi_switch_stochastic::P_old::seed-003006,S5_multi_switch_stochastic,d5freq.phase_b1.compact_episode_audits.v1,3006,C,135.0,nominal,20.0
P_old,False,unavailable,True,0.08273907735072997,0.2023939216075488,-1.370334465973425,phase-b1::final::sg-C::S5_multi_switch_stochastic::P_old::seed-003007,S5_multi_switch_stochastic,d5freq.phase_b1.compact_episode_audits.v1,3007,C,45.0,sluggish,2.0
P_old,False,unavailable,True,0.05833462949125658,0.023849639516133874,-3.7118474657378044,phase-b1::final::sg-C::S5_multi_switch_stochastic::P_old::seed-003007,S5_multi_switch_stochastic,d5freq.phase_b1.compact_episode_audits.v1,3007,C,45.0,sluggish,5.0
P_old,False,unavailable,True,0.04582096565114177,0.0007393149310852439,-7.209046980999233,phase-b1::final::sg-C::S5_multi_switch_stochastic::P_old::seed-003007,S5_multi_switch_stochastic,d5freq.phase_b1.compact_episode_audits.v1,3007,C,45.0,sluggish,10.0
P_old,False,unavailable,True,0.06334765292133185,7.187644849106905e-07,-14.145731373353954,phase-b1::final::sg-C::S5_multi_switch_stochastic::P_old::seed-003007,S5_multi_switch_stochastic,d5freq.phase_b1.compact_episode_audits.v1,3007,C,45.0,sluggish,20.0
P_old,True,sluggish,False,0.2687839915388201,0.9984091181561353,6.442454620296614,phase-b1::final::sg-C::S5_multi_switch_stochastic::P_old::seed-003007,S5_multi_switch_stochastic,d5freq.phase_b1.compact_episode_audits.v1,3007,C,90.0,derated,2.0
P_old,True,sluggish,True,0.24602623747921246,0.5458307529604942,0.18418030643481842,phase-b1::final::sg-C::S5_multi_switch_stochastic::P_old::seed-003007,S5_multi_switch_stochastic,d5freq.phase_b1.compact_episode_audits.v1,3007,C,90.0,derated,5.0
P_old,False,sluggish,True,0.23813981380850863,1.0522096242363634e-05,-11.461742933967741,phase-b1::final::sg-C::S5_multi_switch_stochastic::P_old::seed-003007,S5_multi_switch_stochastic,d5freq.phase_b1.compact_episode_audits.v1,3007,C,90.0,derated,10.0
P_old,False,sluggish,True,0.23417320748380513,2.534400750901826e-16,-35.83831160960753,phase-b1::final::sg-C::S5_multi_switch_stochastic::P_old::seed-003007,S5_multi_switch_stochastic,d5freq.phase_b1.compact_episode_audits.v1,3007,C,90.0,derated,20.0
P_old,True,unavailable,True,0.0755482300185337,0.5015739788658395,0.44455633513730675,phase-b1::final::sg-C::S5_multi_switch_stochastic::P_old::seed-003007,S5_multi_switch_stochastic,d5freq.phase_b1.compact_episode_audits.v1,3007,C,135.0,nominal,2.0
P_old,False,sluggish,True,0.08397408013569112,0.18382895114096118,-0.8452820045308727,phase-b1::final::sg-C::S5_multi_switch_stochastic::P_old::seed-003007,S5_multi_switch_stochastic,d5freq.phase_b1.compact_episode_audits.v1,3007,C,135.0,nominal,5.0
P_old,False,unavailable,True,0.20062821365362815,0.13285037686472742,-1.8684162796332373,phase-b1::final::sg-C::S5_multi_switch_stochastic::P_old::seed-003007,S5_multi_switch_stochastic,d5freq.phase_b1.compact_episode_audits.v1,3007,C,135.0,nominal,10.0
P_old,False,unavailable,True,0.1842951389487051,0.14852795857370835,-1.746180790989115,phase-b1::final::sg-C::S5_multi_switch_stochastic::P_old::seed-003007,S5_multi_switch_stochastic,d5freq.phase_b1.compact_episode_audits.v1,3007,C,135.0,nominal,20.0
P_old,False,unavailable,True,0.03041323199956723,0.15618260381063967,-1.4386779194857766,phase-b1::final::sg-C::S5_multi_switch_stochastic::P_old::seed-003008,S5_multi_switch_stochastic,d5freq.phase_b1.compact_episode_audits.v1,3008,C,45.0,sluggish,2.0
P_old,False,unavailable,True,0.04908630933281126,0.03150799083686145,-3.4254989498019484,phase-b1::final::sg-C::S5_multi_switch_stochastic::P_old::seed-003008,S5_multi_switch_stochastic,d5freq.phase_b1.compact_episode_audits.v1,3008,C,45.0,sluggish,5.0
P_old,False,unavailable,True,0.09952817040988472,0.0016273568039388295,-6.419169490656174,phase-b1::final::sg-C::S5_multi_switch_stochastic::P_old::seed-003008,S5_multi_switch_stochastic,d5freq.phase_b1.compact_episode_audits.v1,3008,C,45.0,sluggish,10.0
P_old,False,unavailable,True,0.07608477365488961,3.7769610666604833e-06,-12.486587045325109,phase-b1::final::sg-C::S5_multi_switch_stochastic::P_old::seed-003008,S5_multi_switch_stochastic,d5freq.phase_b1.compact_episode_audits.v1,3008,C,45.0,sluggish,20.0
P_old,False,sluggish,True,0.23061344940910888,0.014893458542149527,-4.136630570743542,phase-b1::final::sg-C::S5_multi_switch_stochastic::P_old::seed-003008,S5_multi_switch_stochastic,d5freq.phase_b1.compact_episode_audits.v1,3008,C,90.0,derated,2.0
P_old,False,sluggish,True,0.23137032719137487,5.830302109159338e-05,-9.574171379434247,phase-b1::final::sg-C::S5_multi_switch_stochastic::P_old::seed-003008,S5_multi_switch_stochastic,d5freq.phase_b1.compact_episode_audits.v1,3008,C,90.0,derated,5.0
P_old,False,sluggish,True,0.23237187209524546,6.625423061629662e-09,-18.82318735055101,phase-b1::final::sg-C::S5_multi_switch_stochastic::P_old::seed-003008,S5_multi_switch_stochastic,d5freq.phase_b1.compact_episode_audits.v1,3008,C,90.0,derated,10.0
P_old,False,sluggish,True,0.23231756433715295,4.652525331918529e-18,-39.90899337485226,phase-b1::final::sg-C::S5_multi_switch_stochastic::P_old::seed-003008,S5_multi_switch_stochastic,d5freq.phase_b1.compact_episode_audits.v1,3008,C,90.0,derated,20.0
P_old,False,unavailable,True,0.07725801442768082,0.20505285369736187,-1.107807181873003,phase-b1::final::sg-C::S5_multi_switch_stochastic::P_old::seed-003008,S5_multi_switch_stochastic,d5freq.phase_b1.compact_episode_audits.v1,3008,C,135.0,nominal,2.0
P_old,True,sluggish,True,0.06969331142570026,0.48640276484005474,0.36040879982793683,phase-b1::final::sg-C::S5_multi_switch_stochastic::P_old::seed-003008,S5_multi_switch_stochastic,d5freq.phase_b1.compact_episode_audits.v1,3008,C,135.0,nominal,5.0
P_old,False,unavailable,True,0.21706324165854068,0.05785354714604706,-2.49595897616166,phase-b1::final::sg-C::S5_multi_switch_stochastic::P_old::seed-003008,S5_multi_switch_stochastic,d5freq.phase_b1.compact_episode_audits.v1,3008,C,135.0,nominal,10.0
P_old,False,unavailable,True,0.18264673166337228,0.0034918149668591598,-5.653626656213191,phase-b1::final::sg-C::S5_multi_switch_stochastic::P_old::seed-003008,S5_multi_switch_stochastic,d5freq.phase_b1.compact_episode_audits.v1,3008,C,135.0,nominal,20.0
P_old,False,unavailable,True,0.042403054784012656,0.17691706009222175,-1.536171279763181,phase-b1::final::sg-C::S5_multi_switch_stochastic::P_old::seed-003009,S5_multi_switch_stochastic,d5freq.phase_b1.compact_episode_audits.v1,3009,C,45.0,sluggish,2.0
P_old,False,unavailable,True,0.11674247420716562,0.0006307696629078906,-7.367938828368551,phase-b1::final::sg-C::S5_multi_switch_stochastic::P_old::seed-003009,S5_multi_switch_stochastic,d5freq.phase_b1.compact_episode_audits.v1,3009,C,45.0,sluggish,5.0
P_old,False,unavailable,True,0.11549588911170869,1.0308076437256025e-05,-11.482572541738747,phase-b1::final::sg-C::S5_multi_switch_stochastic::P_old::seed-003009,S5_multi_switch_stochastic,d5freq.phase_b1.compact_episode_audits.v1,3009,C,45.0,sluggish,10.0
P_old,False,unavailable,True,0.07300263977357566,9.42186307184144e-09,-18.480232980164715,phase-b1::final::sg-C::S5_multi_switch_stochastic::P_old::seed-003009,S5_multi_switch_stochastic,d5freq.phase_b1.compact_episode_audits.v1,3009,C,45.0,sluggish,20.0
P_old,False,unavailable,True,0.3114482890664557,0.001994752552333509,-5.56034325034344,phase-b1::final::sg-C::S5_multi_switch_stochastic::P_old::seed-003009,S5_multi_switch_stochastic,d5freq.phase_b1.compact_episode_audits.v1,3009,C,90.0,derated,2.0
P_old,False,unavailable,True,0.31071827180321493,1.051726995763781e-06,-13.271541762025443,phase-b1::final::sg-C::S5_multi_switch_stochastic::P_old::seed-003009,S5_multi_switch_stochastic,d5freq.phase_b1.compact_episode_audits.v1,3009,C,90.0,derated,5.0
P_old,False,unavailable,True,0.312233805889965,2.009258018703293e-11,-24.36703667751685,phase-b1::final::sg-C::S5_multi_switch_stochastic::P_old::seed-003009,S5_multi_switch_stochastic,d5freq.phase_b1.compact_episode_audits.v1,3009,C,90.0,derated,10.0
P_old,False,unavailable,True,0.3119805453956662,1.2409442031955286e-22,-50.42546559399622,phase-b1::final::sg-C::S5_multi_switch_stochastic::P_old::seed-003009,S5_multi_switch_stochastic,d5freq.phase_b1.compact_episode_audits.v1,3009,C,90.0,derated,20.0
P_old,False,unavailable,True,0.23429708428062956,0.253751720735558,-0.7701313265688334,phase-b1::final::sg-C::S5_multi_switch_stochastic::P_old::seed-003009,S5_multi_switch_stochastic,d5freq.phase_b1.compact_episode_audits.v1,3009,C,135.0,nominal,2.0
P_old,False,unavailable,True,0.1778780525670812,0.09289579962709661,-2.204861700064413,phase-b1::final::sg-C::S5_multi_switch_stochastic::P_old::seed-003009,S5_multi_switch_stochastic,d5freq.phase_b1.compact_episode_audits.v1,3009,C,135.0,nominal,5.0
P_old,False,unavailable,True,0.1666263229624469,0.01577671506175067,-4.114956680329158,phase-b1::final::sg-C::S5_multi_switch_stochastic::P_old::seed-003009,S5_multi_switch_stochastic,d5freq.phase_b1.compact_episode_audits.v1,3009,C,135.0,nominal,10.0
P_old,False,unavailable,True,0.14583182542770606,4.403600935226177e-05,-10.030061150785741,phase-b1::final::sg-C::S5_multi_switch_stochastic::P_old::seed-003009,S5_multi_switch_stochastic,d5freq.phase_b1.compact_episode_audits.v1,3009,C,135.0,nominal,20.0
P_old,False,unavailable,True,0.03641608087548388,0.19798082503897574,-1.3974115862936856,phase-b1::final::sg-C::S5_multi_switch_stochastic::P_old::seed-003010,S5_multi_switch_stochastic,d5freq.phase_b1.compact_episode_audits.v1,3010,C,45.0,sluggish,2.0
P_old,False,unavailable,True,0.13196233609632016,0.08807870226559097,-2.3373228693532155,phase-b1::final::sg-C::S5_multi_switch_stochastic::P_old::seed-003010,S5_multi_switch_stochastic,d5freq.phase_b1.compact_episode_audits.v1,3010,C,45.0,sluggish,5.0
P_old,False,unavailable,True,0.11112208503700685,0.051716689875669526,-2.9088727569517516,phase-b1::final::sg-C::S5_multi_switch_stochastic::P_old::seed-003010,S5_multi_switch_stochastic,d5freq.phase_b1.compact_episode_audits.v1,3010,C,45.0,sluggish,10.0
P_old,False,unavailable,True,0.07269538036183235,3.660599845859227e-05,-10.215261832006092,phase-b1::final::sg-C::S5_multi_switch_stochastic::P_old::seed-003010,S5_multi_switch_stochastic,d5freq.phase_b1.compact_episode_audits.v1,3010,C,45.0,sluggish,20.0
P_old,False,unavailable,True,0.31210675913147834,0.0024685691201814385,-5.40458543512117,phase-b1::final::sg-C::S5_multi_switch_stochastic::P_old::seed-003010,S5_multi_switch_stochastic,d5freq.phase_b1.compact_episode_audits.v1,3010,C,90.0,derated,2.0
P_old,False,unavailable,True,0.3107342805519932,3.189647523756982e-07,-14.867088357539515,phase-b1::final::sg-C::S5_multi_switch_stochastic::P_old::seed-003010,S5_multi_switch_stochastic,d5freq.phase_b1.compact_episode_audits.v1,3010,C,90.0,derated,5.0
P_old,False,unavailable,True,0.3103981260692451,6.380797809273897e-14,-30.379580067356812,phase-b1::final::sg-C::S5_multi_switch_stochastic::P_old::seed-003010,S5_multi_switch_stochastic,d5freq.phase_b1.compact_episode_audits.v1,3010,C,90.0,derated,10.0
P_old,False,unavailable,True,0.31109463689817823,3.1637650644818173e-25,-56.412476497040444,phase-b1::final::sg-C::S5_multi_switch_stochastic::P_old::seed-003010,S5_multi_switch_stochastic,d5freq.phase_b1.compact_episode_audits.v1,3010,C,90.0,derated,20.0
P_old,False,unavailable,True,0.2049673436532654,0.15613480792505452,-1.3363591252191505,phase-b1::final::sg-C::S5_multi_switch_stochastic::P_old::seed-003010,S5_multi_switch_stochastic,d5freq.phase_b1.compact_episode_audits.v1,3010,C,135.0,nominal,2.0
P_old,False,unavailable,True,0.20232160901404944,0.0698529225913625,-2.0765487106840084,phase-b1::final::sg-C::S5_multi_switch_stochastic::P_old::seed-003010,S5_multi_switch_stochastic,d5freq.phase_b1.compact_episode_audits.v1,3010,C,135.0,nominal,5.0
P_old,False,unavailable,True,0.18549108420629534,0.03087365996248216,-3.0118557028516477,phase-b1::final::sg-C::S5_multi_switch_stochastic::P_old::seed-003010,S5_multi_switch_stochastic,d5freq.phase_b1.compact_episode_audits.v1,3010,C,135.0,nominal,10.0
P_old,False,unavailable,True,0.1631713253292128,0.0010693522529888985,-6.838551079237334,phase-b1::final::sg-C::S5_multi_switch_stochastic::P_old::seed-003010,S5_multi_switch_stochastic,d5freq.phase_b1.compact_episode_audits.v1,3010,C,135.0,nominal,20.0
P_old,False,unavailable,True,0.03300632375062372,0.19599495757980534,-1.3769619715721468,phase-b1::final::sg-C::S5_multi_switch_stochastic::P_old::seed-003011,S5_multi_switch_stochastic,d5freq.phase_b1.compact_episode_audits.v1,3011,C,45.0,sluggish,2.0
P_old,False,unavailable,True,0.06908164907554053,0.012623239593617504,-4.35951214553981,phase-b1::final::sg-C::S5_multi_switch_stochastic::P_old::seed-003011,S5_multi_switch_stochastic,d5freq.phase_b1.compact_episode_audits.v1,3011,C,45.0,sluggish,5.0
P_old,False,unavailable,True,0.07976093741857619,0.00033759028217020357,-7.993339933419037,phase-b1::final::sg-C::S5_multi_switch_stochastic::P_old::seed-003011,S5_multi_switch_stochastic,d5freq.phase_b1.compact_episode_audits.v1,3011,C,45.0,sluggish,10.0
P_old,False,unavailable,True,0.05573301326982372,3.232392691390929e-07,-14.94487269339163,phase-b1::final::sg-C::S5_multi_switch_stochastic::P_old::seed-003011,S5_multi_switch_stochastic,d5freq.phase_b1.compact_episode_audits.v1,3011,C,45.0,sluggish,20.0
P_old,False,unavailable,True,0.30931146067213194,0.0012362478471353159,-6.156267047861434,phase-b1::final::sg-C::S5_multi_switch_stochastic::P_old::seed-003011,S5_multi_switch_stochastic,d5freq.phase_b1.compact_episode_audits.v1,3011,C,90.0,derated,2.0
P_old,False,unavailable,True,0.30993526846620145,3.2651311494846165e-07,-14.88186287260799,phase-b1::final::sg-C::S5_multi_switch_stochastic::P_old::seed-003011,S5_multi_switch_stochastic,d5freq.phase_b1.compact_episode_audits.v1,3011,C,90.0,derated,5.0
P_old,False,unavailable,True,0.3107859486304676,3.5445665946775376e-13,-28.658269250863057,phase-b1::final::sg-C::S5_multi_switch_stochastic::P_old::seed-003011,S5_multi_switch_stochastic,d5freq.phase_b1.compact_episode_audits.v1,3011,C,90.0,derated,10.0
P_old,False,sluggish,True,0.23129219328030728,5.250663539276e-19,-42.08710466533316,phase-b1::final::sg-C::S5_multi_switch_stochastic::P_old::seed-003011,S5_multi_switch_stochastic,d5freq.phase_b1.compact_episode_audits.v1,3011,C,90.0,derated,20.0
P_old,False,unavailable,True,0.032258846980285555,0.25643562910056716,-0.8514192571245154,phase-b1::final::sg-C::S5_multi_switch_stochastic::P_old::seed-003011,S5_multi_switch_stochastic,d5freq.phase_b1.compact_episode_audits.v1,3011,C,135.0,nominal,2.0
P_old,False,unavailable,True,0.08488210580829415,0.027524337483516185,-3.523685508375152,phase-b1::final::sg-C::S5_multi_switch_stochastic::P_old::seed-003011,S5_multi_switch_stochastic,d5freq.phase_b1.compact_episode_audits.v1,3011,C,135.0,nominal,5.0
P_old,False,unavailable,True,0.17845688857029657,0.013265434015684741,-4.2021327559128,phase-b1::final::sg-C::S5_multi_switch_stochastic::P_old::seed-003011,S5_multi_switch_stochastic,d5freq.phase_b1.compact_episode_audits.v1,3011,C,135.0,nominal,10.0
P_old,False,unavailable,True,0.17211060641157366,0.38051064580600286,-0.48732973202930907,phase-b1::final::sg-C::S5_multi_switch_stochastic::P_old::seed-003011,S5_multi_switch_stochastic,d5freq.phase_b1.compact_episode_audits.v1,3011,C,135.0,nominal,20.0
P_old,False,unavailable,True,0.03885045757789766,0.20655644560871209,-1.3436693651663205,phase-b1::final::sg-C::S5_multi_switch_stochastic::P_old::seed-003012,S5_multi_switch_stochastic,d5freq.phase_b1.compact_episode_audits.v1,3012,C,45.0,sluggish,2.0
P_old,False,unavailable,True,0.05383737797492576,0.01844949495950446,-3.9740964286403226,phase-b1::final::sg-C::S5_multi_switch_stochastic::P_old::seed-003012,S5_multi_switch_stochastic,d5freq.phase_b1.compact_episode_audits.v1,3012,C,45.0,sluggish,5.0
P_old,False,unavailable,True,0.05374559966584454,0.0014732480907312618,-6.518811395816385,phase-b1::final::sg-C::S5_multi_switch_stochastic::P_old::seed-003012,S5_multi_switch_stochastic,d5freq.phase_b1.compact_episode_audits.v1,3012,C,45.0,sluggish,10.0
P_old,False,unavailable,True,0.05052053089318187,1.0367561131586532e-06,-13.779412804617039,phase-b1::final::sg-C::S5_multi_switch_stochastic::P_old::seed-003012,S5_multi_switch_stochastic,d5freq.phase_b1.compact_episode_audits.v1,3012,C,45.0,sluggish,20.0
P_old,False,unavailable,True,0.3105969596400532,0.0021329810622863106,-5.6239200981153274,phase-b1::final::sg-C::S5_multi_switch_stochastic::P_old::seed-003012,S5_multi_switch_stochastic,d5freq.phase_b1.compact_episode_audits.v1,3012,C,90.0,derated,2.0
P_old,False,unavailable,True,0.3131285500976563,4.297970051736493e-06,-11.819718597530454,phase-b1::final::sg-C::S5_multi_switch_stochastic::P_old::seed-003012,S5_multi_switch_stochastic,d5freq.phase_b1.compact_episode_audits.v1,3012,C,90.0,derated,5.0
P_old,False,unavailable,True,0.3117879180703086,8.273777831451464e-12,-25.503132757321595,phase-b1::final::sg-C::S5_multi_switch_stochastic::P_old::seed-003012,S5_multi_switch_stochastic,d5freq.phase_b1.compact_episode_audits.v1,3012,C,90.0,derated,10.0
P_old,False,unavailable,True,0.31154644961201156,1.0586056665159726e-23,-52.90237695548822,phase-b1::final::sg-C::S5_multi_switch_stochastic::P_old::seed-003012,S5_multi_switch_stochastic,d5freq.phase_b1.compact_episode_audits.v1,3012,C,90.0,derated,20.0
P_old,True,unavailable,True,0.18538383173142153,0.7596161021894087,1.3746870015658494,phase-b1::final::sg-C::S5_multi_switch_stochastic::P_old::seed-003012,S5_multi_switch_stochastic,d5freq.phase_b1.compact_episode_audits.v1,3012,C,135.0,nominal,2.0
P_old,True,unavailable,True,0.13955937823859504,0.8505453226116979,1.8660665663664844,phase-b1::final::sg-C::S5_multi_switch_stochastic::P_old::seed-003012,S5_multi_switch_stochastic,d5freq.phase_b1.compact_episode_audits.v1,3012,C,135.0,nominal,5.0
P_old,True,unavailable,True,0.15920538638633466,0.8335517229763075,1.633788327897605,phase-b1::final::sg-C::S5_multi_switch_stochastic::P_old::seed-003012,S5_multi_switch_stochastic,d5freq.phase_b1.compact_episode_audits.v1,3012,C,135.0,nominal,10.0
P_old,True,sluggish,False,0.1092540298682442,0.9053201877174482,2.2689284956051665,phase-b1::final::sg-C::S5_multi_switch_stochastic::P_old::seed-003012,S5_multi_switch_stochastic,d5freq.phase_b1.compact_episode_audits.v1,3012,C,135.0,nominal,20.0
P_old,False,unavailable,True,0.03364985921480009,0.1734449694652655,-1.427458803864937,phase-b1::final::sg-C::S5_multi_switch_stochastic::P_old::seed-003013,S5_multi_switch_stochastic,d5freq.phase_b1.compact_episode_audits.v1,3013,C,45.0,sluggish,2.0
P_old,False,unavailable,True,0.031588092507225725,0.02722271142641065,-3.548950730957557,phase-b1::final::sg-C::S5_multi_switch_stochastic::P_old::seed-003013,S5_multi_switch_stochastic,d5freq.phase_b1.compact_episode_audits.v1,3013,C,45.0,sluggish,5.0
P_old,False,unavailable,True,0.03434761674460791,0.001345319411666544,-6.609560477744651,phase-b1::final::sg-C::S5_multi_switch_stochastic::P_old::seed-003013,S5_multi_switch_stochastic,d5freq.phase_b1.compact_episode_audits.v1,3013,C,45.0,sluggish,10.0
P_old,False,unavailable,True,0.10209709460035651,3.671527348082655e-09,-19.422658086643906,phase-b1::final::sg-C::S5_multi_switch_stochastic::P_old::seed-003013,S5_multi_switch_stochastic,d5freq.phase_b1.compact_episode_audits.v1,3013,C,45.0,sluggish,20.0
P_old,False,sluggish,True,0.25248176996096167,0.4762836157011346,-0.05738314851940274,phase-b1::final::sg-C::S5_multi_switch_stochastic::P_old::seed-003013,S5_multi_switch_stochastic,d5freq.phase_b1.compact_episode_audits.v1,3013,C,90.0,derated,2.0
P_old,False,sluggish,True,0.23889980134921487,0.0008780202084265722,-6.98341110979387,phase-b1::final::sg-C::S5_multi_switch_stochastic::P_old::seed-003013,S5_multi_switch_stochastic,d5freq.phase_b1.compact_episode_audits.v1,3013,C,90.0,derated,5.0
P_old,False,sluggish,True,0.23670425690392566,3.2650421751348944e-07,-14.93122992424857,phase-b1::final::sg-C::S5_multi_switch_stochastic::P_old::seed-003013,S5_multi_switch_stochastic,d5freq.phase_b1.compact_episode_audits.v1,3013,C,90.0,derated,10.0
P_old,False,sluggish,True,0.23478030596224864,1.0384734505111666e-16,-36.80347574227514,phase-b1::final::sg-C::S5_multi_switch_stochastic::P_old::seed-003013,S5_multi_switch_stochastic,d5freq.phase_b1.compact_episode_audits.v1,3013,C,90.0,derated,20.0
P_old,False,unavailable,True,0.36203622671682395,0.11530112789422042,-1.5534873722500961,phase-b1::final::sg-C::S5_multi_switch_stochastic::P_old::seed-003013,S5_multi_switch_stochastic,d5freq.phase_b1.compact_episode_audits.v1,3013,C,135.0,nominal,2.0
P_old,False,unavailable,True,0.23781811540658365,0.09786301625532448,-2.1272590061448966,phase-b1::final::sg-C::S5_multi_switch_stochastic::P_old::seed-003013,S5_multi_switch_stochastic,d5freq.phase_b1.compact_episode_audits.v1,3013,C,135.0,nominal,5.0
P_old,True,sluggish,False,0.1794327183637165,0.9984105265483871,6.825046497920965,phase-b1::final::sg-C::S5_multi_switch_stochastic::P_old::seed-003013,S5_multi_switch_stochastic,d5freq.phase_b1.compact_episode_audits.v1,3013,C,135.0,nominal,10.0
P_old,True,unavailable,False,0.20481603240642993,0.9404642081779366,2.7678868901667784,phase-b1::final::sg-C::S5_multi_switch_stochastic::P_old::seed-003013,S5_multi_switch_stochastic,d5freq.phase_b1.compact_episode_audits.v1,3013,C,135.0,nominal,20.0
P_old,True,derated,False,0.22963605494743505,0.9933503152958595,5.006557246748926,phase-b1::final::sg-C::S5_multi_switch_stochastic::P_old::seed-003014,S5_multi_switch_stochastic,d5freq.phase_b1.compact_episode_audits.v1,3014,C,45.0,sluggish,2.0
P_old,True,derated,False,0.24673041322458103,0.9999974115093685,12.864433061862158,phase-b1::final::sg-C::S5_multi_switch_stochastic::P_old::seed-003014,S5_multi_switch_stochastic,d5freq.phase_b1.compact_episode_audits.v1,3014,C,45.0,sluggish,5.0
P_old,True,derated,False,0.2894202842397435,0.999999999993455,25.75232565180569,phase-b1::final::sg-C::S5_multi_switch_stochastic::P_old::seed-003014,S5_multi_switch_stochastic,d5freq.phase_b1.compact_episode_audits.v1,3014,C,45.0,sluggish,10.0
P_old,True,unavailable,False,0.2041944878415581,0.9999999999999978,33.77470182744335,phase-b1::final::sg-C::S5_multi_switch_stochastic::P_old::seed-003014,S5_multi_switch_stochastic,d5freq.phase_b1.compact_episode_audits.v1,3014,C,45.0,sluggish,20.0
P_old,False,sluggish,True,0.2291365275450836,0.006153078018456846,-4.295299794080002,phase-b1::final::sg-C::S5_multi_switch_stochastic::P_old::seed-003014,S5_multi_switch_stochastic,d5freq.phase_b1.compact_episode_audits.v1,3014,C,90.0,derated,2.0
P_old,False,sluggish,True,0.23051764815124054,1.1988915546614028e-05,-10.967162973070302,phase-b1::final::sg-C::S5_multi_switch_stochastic::P_old::seed-003014,S5_multi_switch_stochastic,d5freq.phase_b1.compact_episode_audits.v1,3014,C,90.0,derated,5.0
P_old,False,sluggish,True,0.23053343107556637,3.895089278281935e-10,-21.550052865005696,phase-b1::final::sg-C::S5_multi_switch_stochastic::P_old::seed-003014,S5_multi_switch_stochastic,d5freq.phase_b1.compact_episode_audits.v1,3014,C,90.0,derated,10.0
P_old,False,unavailable,True,0.3128344005871897,1.0012957281947059e-21,-48.30958793031192,phase-b1::final::sg-C::S5_multi_switch_stochastic::P_old::seed-003014,S5_multi_switch_stochastic,d5freq.phase_b1.compact_episode_audits.v1,3014,C,90.0,derated,20.0
P_old,True,derated,False,0.308558650646654,0.9858033534026527,4.281104637698103,phase-b1::final::sg-C::S5_multi_switch_stochastic::P_old::seed-003014,S5_multi_switch_stochastic,d5freq.phase_b1.compact_episode_audits.v1,3014,C,135.0,nominal,2.0
P_old,True,derated,False,0.30122743558574194,0.9999952579354486,12.62795149060203,phase-b1::final::sg-C::S5_multi_switch_stochastic::P_old::seed-003014,S5_multi_switch_stochastic,d5freq.phase_b1.compact_episode_audits.v1,3014,C,135.0,nominal,5.0
P_old,True,sluggish,False,0.2880204188331413,0.9999999998612903,22.78327072064087,phase-b1::final::sg-C::S5_multi_switch_stochastic::P_old::seed-003014,S5_multi_switch_stochastic,d5freq.phase_b1.compact_episode_audits.v1,3014,C,135.0,nominal,10.0
P_old,True,sluggish,False,0.22204985463907095,0.9999999999999996,35.43489590222259,phase-b1::final::sg-C::S5_multi_switch_stochastic::P_old::seed-003014,S5_multi_switch_stochastic,d5freq.phase_b1.compact_episode_audits.v1,3014,C,135.0,nominal,20.0
P_old,False,unavailable,True,0.03506444079989533,0.16594116585816976,-1.4620442604545083,phase-b1::final::sg-C::S5_multi_switch_stochastic::P_old::seed-003015,S5_multi_switch_stochastic,d5freq.phase_b1.compact_episode_audits.v1,3015,C,45.0,sluggish,2.0
P_old,False,unavailable,True,0.03544023388071878,0.030275575196831463,-3.4618058756121144,phase-b1::final::sg-C::S5_multi_switch_stochastic::P_old::seed-003015,S5_multi_switch_stochastic,d5freq.phase_b1.compact_episode_audits.v1,3015,C,45.0,sluggish,5.0
P_old,False,unavailable,True,0.03898276275610712,0.0009142934846620292,-6.996444227152949,phase-b1::final::sg-C::S5_multi_switch_stochastic::P_old::seed-003015,S5_multi_switch_stochastic,d5freq.phase_b1.compact_episode_audits.v1,3015,C,45.0,sluggish,10.0
P_old,False,unavailable,True,0.036046883279869935,1.2102250337979261e-06,-13.624703027076293,phase-b1::final::sg-C::S5_multi_switch_stochastic::P_old::seed-003015,S5_multi_switch_stochastic,d5freq.phase_b1.compact_episode_audits.v1,3015,C,45.0,sluggish,20.0
P_old,False,unavailable,True,0.31038754700653,0.0018894286573735324,-5.617254024307293,phase-b1::final::sg-C::S5_multi_switch_stochastic::P_old::seed-003015,S5_multi_switch_stochastic,d5freq.phase_b1.compact_episode_audits.v1,3015,C,90.0,derated,2.0
P_old,False,unavailable,True,0.3119907646793117,1.7965925573971827e-06,-12.999921611876758,phase-b1::final::sg-C::S5_multi_switch_stochastic::P_old::seed-003015,S5_multi_switch_stochastic,d5freq.phase_b1.compact_episode_audits.v1,3015,C,90.0,derated,5.0
P_old,False,unavailable,True,0.31111536975541443,7.486860013105675e-13,-27.89784805323673,phase-b1::final::sg-C::S5_multi_switch_stochastic::P_old::seed-003015,S5_multi_switch_stochastic,d5freq.phase_b1.compact_episode_audits.v1,3015,C,90.0,derated,10.0
P_old,False,unavailable,True,0.31094184986755236,2.7899989693843668e-25,-56.53844896883703,phase-b1::final::sg-C::S5_multi_switch_stochastic::P_old::seed-003015,S5_multi_switch_stochastic,d5freq.phase_b1.compact_episode_audits.v1,3015,C,90.0,derated,20.0
P_old,False,unavailable,True,0.32335783625854086,0.17107194537115128,-1.0375089853017982,phase-b1::final::sg-C::S5_multi_switch_stochastic::P_old::seed-003015,S5_multi_switch_stochastic,d5freq.phase_b1.compact_episode_audits.v1,3015,C,135.0,nominal,2.0
P_old,False,unavailable,True,0.19984215291929833,0.08253276034005776,-2.3346499696205996,phase-b1::final::sg-C::S5_multi_switch_stochastic::P_old::seed-003015,S5_multi_switch_stochastic,d5freq.phase_b1.compact_episode_audits.v1,3015,C,135.0,nominal,5.0
P_old,False,unavailable,True,0.1729655056180379,0.004676716691239343,-5.353655908916977,phase-b1::final::sg-C::S5_multi_switch_stochastic::P_old::seed-003015,S5_multi_switch_stochastic,d5freq.phase_b1.compact_episode_audits.v1,3015,C,135.0,nominal,10.0
P_old,False,unavailable,True,0.1634261703351762,1.867625808291591e-05,-10.888232650563396,phase-b1::final::sg-C::S5_multi_switch_stochastic::P_old::seed-003015,S5_multi_switch_stochastic,d5freq.phase_b1.compact_episode_audits.v1,3015,C,135.0,nominal,20.0
P_old,False,unavailable,True,0.06947480010291945,0.21047853368102323,-1.160017085437886,phase-b1::final::sg-C::S5_multi_switch_stochastic::P_old::seed-003016,S5_multi_switch_stochastic,d5freq.phase_b1.compact_episode_audits.v1,3016,C,45.0,sluggish,2.0
P_old,False,unavailable,True,0.07781091281806568,0.032867206596069,-3.381860329136316,phase-b1::final::sg-C::S5_multi_switch_stochastic::P_old::seed-003016,S5_multi_switch_stochastic,d5freq.phase_b1.compact_episode_audits.v1,3016,C,45.0,sluggish,5.0
P_old,False,unavailable,True,0.05593759157683439,0.0011193670402812664,-6.793871902034937,phase-b1::final::sg-C::S5_multi_switch_stochastic::P_old::seed-003016,S5_multi_switch_stochastic,d5freq.phase_b1.compact_episode_audits.v1,3016,C,45.0,sluggish,10.0
P_old,False,unavailable,True,0.04396839098371013,9.931487579559766e-07,-13.822384384369684,phase-b1::final::sg-C::S5_multi_switch_stochastic::P_old::seed-003016,S5_multi_switch_stochastic,d5freq.phase_b1.compact_episode_audits.v1,3016,C,45.0,sluggish,20.0
P_old,False,sluggish,True,0.23019849767276587,0.009248499360736002,-4.249935538707639,phase-b1::final::sg-C::S5_multi_switch_stochastic::P_old::seed-003016,S5_multi_switch_stochastic,d5freq.phase_b1.compact_episode_audits.v1,3016,C,90.0,derated,2.0
P_old,False,sluggish,True,0.23379558296008618,0.00016966499304117003,-8.472801079303409,phase-b1::final::sg-C::S5_multi_switch_stochastic::P_old::seed-003016,S5_multi_switch_stochastic,d5freq.phase_b1.compact_episode_audits.v1,3016,C,90.0,derated,5.0
P_old,False,unavailable,True,0.31410153337446667,6.451095783125107e-10,-20.816000964615625,phase-b1::final::sg-C::S5_multi_switch_stochastic::P_old::seed-003016,S5_multi_switch_stochastic,d5freq.phase_b1.compact_episode_audits.v1,3016,C,90.0,derated,10.0
P_old,False,unavailable,True,0.3131279500250079,1.1361215253328571e-20,-45.91347774089107,phase-b1::final::sg-C::S5_multi_switch_stochastic::P_old::seed-003016,S5_multi_switch_stochastic,d5freq.phase_b1.compact_episode_audits.v1,3016,C,90.0,derated,20.0
P_old,False,unavailable,True,0.13529897717349693,0.050944388684858025,-2.5439544311805484,phase-b1::final::sg-C::S5_multi_switch_stochastic::P_old::seed-003016,S5_multi_switch_stochastic,d5freq.phase_b1.compact_episode_audits.v1,3016,C,135.0,nominal,2.0
P_old,False,unavailable,True,0.12526507138509907,0.025027049710144203,-3.5759454117768996,phase-b1::final::sg-C::S5_multi_switch_stochastic::P_old::seed-003016,S5_multi_switch_stochastic,d5freq.phase_b1.compact_episode_audits.v1,3016,C,135.0,nominal,5.0
P_old,False,unavailable,True,0.10255182728027175,0.00020378949352469231,-8.494342861452282,phase-b1::final::sg-C::S5_multi_switch_stochastic::P_old::seed-003016,S5_multi_switch_stochastic,d5freq.phase_b1.compact_episode_audits.v1,3016,C,135.0,nominal,10.0
P_old,False,unavailable,True,0.11175915100434093,1.8339813144841115e-05,-10.906313698536053,phase-b1::final::sg-C::S5_multi_switch_stochastic::P_old::seed-003016,S5_multi_switch_stochastic,d5freq.phase_b1.compact_episode_audits.v1,3016,C,135.0,nominal,20.0
P_old,False,unavailable,True,0.03094676164753868,0.17783423619408628,-1.4372041786856045,phase-b1::final::sg-C::S5_multi_switch_stochastic::P_old::seed-003017,S5_multi_switch_stochastic,d5freq.phase_b1.compact_episode_audits.v1,3017,C,45.0,sluggish,2.0
P_old,False,unavailable,True,0.03071648875766881,0.028075398235293408,-3.5313282610103442,phase-b1::final::sg-C::S5_multi_switch_stochastic::P_old::seed-003017,S5_multi_switch_stochastic,d5freq.phase_b1.compact_episode_audits.v1,3017,C,45.0,sluggish,5.0
P_old,False,unavailable,True,0.03493825050951096,0.0013101627394875846,-6.636192552757649,phase-b1::final::sg-C::S5_multi_switch_stochastic::P_old::seed-003017,S5_multi_switch_stochastic,d5freq.phase_b1.compact_episode_audits.v1,3017,C,45.0,sluggish,10.0
P_old,False,unavailable,True,0.04433009145313564,1.8945747100236197e-06,-13.176514277469153,phase-b1::final::sg-C::S5_multi_switch_stochastic::P_old::seed-003017,S5_multi_switch_stochastic,d5freq.phase_b1.compact_episode_audits.v1,3017,C,45.0,sluggish,20.0
P_old,True,sluggish,False,0.2808644273730777,0.9593922882963978,3.1624155221926564,phase-b1::final::sg-C::S5_multi_switch_stochastic::P_old::seed-003017,S5_multi_switch_stochastic,d5freq.phase_b1.compact_episode_audits.v1,3017,C,90.0,derated,2.0
P_old,True,sluggish,False,0.25499143702214383,0.9711643563373987,3.516885104201826,phase-b1::final::sg-C::S5_multi_switch_stochastic::P_old::seed-003017,S5_multi_switch_stochastic,d5freq.phase_b1.compact_episode_audits.v1,3017,C,90.0,derated,5.0
P_old,True,sluggish,False,0.24438701106846955,0.996340287058369,5.684739711318514,phase-b1::final::sg-C::S5_multi_switch_stochastic::P_old::seed-003017,S5_multi_switch_stochastic,d5freq.phase_b1.compact_episode_audits.v1,3017,C,90.0,derated,10.0
P_old,False,nominal,True,0.30852507379460486,1.3842288511186284e-06,-13.490338100953096,phase-b1::final::sg-C::S5_multi_switch_stochastic::P_old::seed-003017,S5_multi_switch_stochastic,d5freq.phase_b1.compact_episode_audits.v1,3017,C,90.0,derated,20.0
P_old,True,sluggish,False,0.2865337355058777,0.9737062772164553,3.8231260676378334,phase-b1::final::sg-C::S5_multi_switch_stochastic::P_old::seed-003017,S5_multi_switch_stochastic,d5freq.phase_b1.compact_episode_audits.v1,3017,C,135.0,nominal,2.0
P_old,True,sluggish,False,0.2028088827243062,0.9730917347073825,3.588346999685747,phase-b1::final::sg-C::S5_multi_switch_stochastic::P_old::seed-003017,S5_multi_switch_stochastic,d5freq.phase_b1.compact_episode_audits.v1,3017,C,135.0,nominal,5.0
P_old,True,sluggish,False,0.2306581451063349,0.9999881289844644,11.341400687689202,phase-b1::final::sg-C::S5_multi_switch_stochastic::P_old::seed-003017,S5_multi_switch_stochastic,d5freq.phase_b1.compact_episode_audits.v1,3017,C,135.0,nominal,10.0
P_old,True,sluggish,False,0.2192954897611755,0.9999999927234213,18.738605035965833,phase-b1::final::sg-C::S5_multi_switch_stochastic::P_old::seed-003017,S5_multi_switch_stochastic,d5freq.phase_b1.compact_episode_audits.v1,3017,C,135.0,nominal,20.0
P_old,False,unavailable,True,0.09064545135694102,0.1889796957953763,-1.4553029097614356,phase-b1::final::sg-C::S5_multi_switch_stochastic::P_old::seed-003018,S5_multi_switch_stochastic,d5freq.phase_b1.compact_episode_audits.v1,3018,C,45.0,sluggish,2.0
P_old,False,unavailable,True,0.0855940092380459,0.01596972269273772,-4.120962034556015,phase-b1::final::sg-C::S5_multi_switch_stochastic::P_old::seed-003018,S5_multi_switch_stochastic,d5freq.phase_b1.compact_episode_audits.v1,3018,C,45.0,sluggish,5.0
P_old,False,unavailable,True,0.08399858552834608,0.0006439385286934997,-7.347263142808913,phase-b1::final::sg-C::S5_multi_switch_stochastic::P_old::seed-003018,S5_multi_switch_stochastic,d5freq.phase_b1.compact_episode_audits.v1,3018,C,45.0,sluggish,10.0
P_old,False,unavailable,True,0.06248221973360389,2.6345696913201755e-06,-12.846788059735331,phase-b1::final::sg-C::S5_multi_switch_stochastic::P_old::seed-003018,S5_multi_switch_stochastic,d5freq.phase_b1.compact_episode_audits.v1,3018,C,45.0,sluggish,20.0
P_old,False,unavailable,True,0.3119205153626279,0.045465681774612965,-2.9955154137270092,phase-b1::final::sg-C::S5_multi_switch_stochastic::P_old::seed-003018,S5_multi_switch_stochastic,d5freq.phase_b1.compact_episode_audits.v1,3018,C,90.0,derated,2.0
P_old,False,unavailable,True,0.31530021157770477,0.0015518211595499036,-6.24995978092813,phase-b1::final::sg-C::S5_multi_switch_stochastic::P_old::seed-003018,S5_multi_switch_stochastic,d5freq.phase_b1.compact_episode_audits.v1,3018,C,90.0,derated,5.0
P_old,False,sluggish,True,0.23770007256946352,1.006193907206957e-05,-11.24936601455235,phase-b1::final::sg-C::S5_multi_switch_stochastic::P_old::seed-003018,S5_multi_switch_stochastic,d5freq.phase_b1.compact_episode_audits.v1,3018,C,90.0,derated,10.0
P_old,False,unavailable,True,0.31403919959181625,5.21368736278319e-17,-37.40551510976417,phase-b1::final::sg-C::S5_multi_switch_stochastic::P_old::seed-003018,S5_multi_switch_stochastic,d5freq.phase_b1.compact_episode_audits.v1,3018,C,90.0,derated,20.0
P_old,True,unavailable,False,0.26419037363628195,0.9021963601356597,2.503643399241188,phase-b1::final::sg-C::S5_multi_switch_stochastic::P_old::seed-003018,S5_multi_switch_stochastic,d5freq.phase_b1.compact_episode_audits.v1,3018,C,135.0,nominal,2.0
P_old,True,unavailable,True,0.16568916256336225,0.768559199081499,1.2205595062607841,phase-b1::final::sg-C::S5_multi_switch_stochastic::P_old::seed-003018,S5_multi_switch_stochastic,d5freq.phase_b1.compact_episode_audits.v1,3018,C,135.0,nominal,5.0
P_old,False,unavailable,True,0.12395835435557548,0.1768028213198049,-1.536641311074277,phase-b1::final::sg-C::S5_multi_switch_stochastic::P_old::seed-003018,S5_multi_switch_stochastic,d5freq.phase_b1.compact_episode_audits.v1,3018,C,135.0,nominal,10.0
P_old,True,sluggish,False,0.11373824798695926,0.9141434630410282,2.3653538047146867,phase-b1::final::sg-C::S5_multi_switch_stochastic::P_old::seed-003018,S5_multi_switch_stochastic,d5freq.phase_b1.compact_episode_audits.v1,3018,C,135.0,nominal,20.0
P_old,False,unavailable,True,0.04490792240313334,0.20139942188811372,-1.331734106629952,phase-b1::final::sg-C::S5_multi_switch_stochastic::P_old::seed-003019,S5_multi_switch_stochastic,d5freq.phase_b1.compact_episode_audits.v1,3019,C,45.0,sluggish,2.0
P_old,False,unavailable,True,0.04257931233345317,0.028010564658763004,-3.546763115632146,phase-b1::final::sg-C::S5_multi_switch_stochastic::P_old::seed-003019,S5_multi_switch_stochastic,d5freq.phase_b1.compact_episode_audits.v1,3019,C,45.0,sluggish,5.0
P_old,False,unavailable,True,0.15277333633725954,5.528220657013021e-06,-12.105639027812671,phase-b1::final::sg-C::S5_multi_switch_stochastic::P_old::seed-003019,S5_multi_switch_stochastic,d5freq.phase_b1.compact_episode_audits.v1,3019,C,45.0,sluggish,10.0
P_old,False,unavailable,True,0.22005463403199405,2.459689115654472e-06,-12.915473132064164,phase-b1::final::sg-C::S5_multi_switch_stochastic::P_old::seed-003019,S5_multi_switch_stochastic,d5freq.phase_b1.compact_episode_audits.v1,3019,C,45.0,sluggish,20.0
P_old,False,sluggish,True,0.2416178002081499,0.010607348007811764,-3.8618921008869336,phase-b1::final::sg-C::S5_multi_switch_stochastic::P_old::seed-003019,S5_multi_switch_stochastic,d5freq.phase_b1.compact_episode_audits.v1,3019,C,90.0,derated,2.0
P_old,False,unavailable,True,0.3151376499981322,9.346937523845812e-06,-11.385088736760324,phase-b1::final::sg-C::S5_multi_switch_stochastic::P_old::seed-003019,S5_multi_switch_stochastic,d5freq.phase_b1.compact_episode_audits.v1,3019,C,90.0,derated,5.0
P_old,False,unavailable,True,0.31291988214415045,1.3089979119405014e-11,-25.016954615124448,phase-b1::final::sg-C::S5_multi_switch_stochastic::P_old::seed-003019,S5_multi_switch_stochastic,d5freq.phase_b1.compact_episode_audits.v1,3019,C,90.0,derated,10.0
P_old,False,unavailable,True,0.3124845544556899,3.8752173731704265e-23,-51.60251316506361,phase-b1::final::sg-C::S5_multi_switch_stochastic::P_old::seed-003019,S5_multi_switch_stochastic,d5freq.phase_b1.compact_episode_audits.v1,3019,C,90.0,derated,20.0
P_old,False,unavailable,True,0.037757744966198055,0.25278673119222883,-0.8570940550065274,phase-b1::final::sg-C::S5_multi_switch_stochastic::P_old::seed-003019,S5_multi_switch_stochastic,d5freq.phase_b1.compact_episode_audits.v1,3019,C,135.0,nominal,2.0
P_old,False,unavailable,True,0.14474450901809716,0.32295864638568206,-0.3577475188395738,phase-b1::final::sg-C::S5_multi_switch_stochastic::P_old::seed-003019,S5_multi_switch_stochastic,d5freq.phase_b1.compact_episode_audits.v1,3019,C,135.0,nominal,5.0
P_old,False,unavailable,True,0.1397547491874917,0.008729540287869453,-4.6608639707758925,phase-b1::final::sg-C::S5_multi_switch_stochastic::P_old::seed-003019,S5_multi_switch_stochastic,d5freq.phase_b1.compact_episode_audits.v1,3019,C,135.0,nominal,10.0
P_old,False,unavailable,True,0.16250400277250693,0.02121726035358617,-3.830351874057783,phase-b1::final::sg-C::S5_multi_switch_stochastic::P_old::seed-003019,S5_multi_switch_stochastic,d5freq.phase_b1.compact_episode_audits.v1,3019,C,135.0,nominal,20.0
P_old,False,unavailable,True,0.04611607129096237,0.1808336342242554,-1.3625472943122467,phase-b1::final::sg-C::S5_multi_switch_stochastic::P_old::seed-003020,S5_multi_switch_stochastic,d5freq.phase_b1.compact_episode_audits.v1,3020,C,45.0,sluggish,2.0
P_old,False,unavailable,True,0.044440745667266066,0.022310210643326795,-3.7801479240888796,phase-b1::final::sg-C::S5_multi_switch_stochastic::P_old::seed-003020,S5_multi_switch_stochastic,d5freq.phase_b1.compact_episode_audits.v1,3020,C,45.0,sluggish,5.0
P_old,False,unavailable,True,0.13135961610546704,0.0004848798494005936,-7.631124433470731,phase-b1::final::sg-C::S5_multi_switch_stochastic::P_old::seed-003020,S5_multi_switch_stochastic,d5freq.phase_b1.compact_episode_audits.v1,3020,C,45.0,sluggish,10.0
P_old,False,unavailable,True,0.08413102799987467,8.786071173104292e-07,-13.944927126089738,phase-b1::final::sg-C::S5_multi_switch_stochastic::P_old::seed-003020,S5_multi_switch_stochastic,d5freq.phase_b1.compact_episode_audits.v1,3020,C,45.0,sluggish,20.0
P_old,False,unavailable,True,0.3088981445843013,0.0009558516199468392,-6.491119926317037,phase-b1::final::sg-C::S5_multi_switch_stochastic::P_old::seed-003020,S5_multi_switch_stochastic,d5freq.phase_b1.compact_episode_audits.v1,3020,C,90.0,derated,2.0
P_old,False,unavailable,True,0.30915348826285177,1.0929633897664657e-07,-15.97903682584488,phase-b1::final::sg-C::S5_multi_switch_stochastic::P_old::seed-003020,S5_multi_switch_stochastic,d5freq.phase_b1.compact_episode_audits.v1,3020,C,90.0,derated,5.0
P_old,False,unavailable,True,0.3104718081035709,3.2041335319070544e-13,-28.746260909564654,phase-b1::final::sg-C::S5_multi_switch_stochastic::P_old::seed-003020,S5_multi_switch_stochastic,d5freq.phase_b1.compact_episode_audits.v1,3020,C,90.0,derated,10.0
P_old,False,unavailable,True,0.3113896569957971,6.703195890454641e-24,-53.35867782322822,phase-b1::final::sg-C::S5_multi_switch_stochastic::P_old::seed-003020,S5_multi_switch_stochastic,d5freq.phase_b1.compact_episode_audits.v1,3020,C,90.0,derated,20.0
P_old,False,unavailable,True,0.04445611084330116,0.23203772420812208,-0.978709907026289,phase-b1::final::sg-C::S5_multi_switch_stochastic::P_old::seed-003020,S5_multi_switch_stochastic,d5freq.phase_b1.compact_episode_audits.v1,3020,C,135.0,nominal,2.0
P_old,False,unavailable,True,0.14228645577876206,0.17746952718600903,-1.5230112229962316,phase-b1::final::sg-C::S5_multi_switch_stochastic::P_old::seed-003020,S5_multi_switch_stochastic,d5freq.phase_b1.compact_episode_audits.v1,3020,C,135.0,nominal,5.0
P_old,False,unavailable,True,0.1353892735413232,0.0017415502788958256,-6.350615887689344,phase-b1::final::sg-C::S5_multi_switch_stochastic::P_old::seed-003020,S5_multi_switch_stochastic,d5freq.phase_b1.compact_episode_audits.v1,3020,C,135.0,nominal,10.0
P_old,False,sluggish,True,0.11757261424142398,0.26404826769025785,-1.0199788036181303,phase-b1::final::sg-C::S5_multi_switch_stochastic::P_old::seed-003020,S5_multi_switch_stochastic,d5freq.phase_b1.compact_episode_audits.v1,3020,C,135.0,nominal,20.0
P_old,False,unavailable,True,0.03621368429749588,0.17728230197804928,-1.4119468096203498,phase-b1::final::sg-C::S5_multi_switch_stochastic::P_old::seed-003021,S5_multi_switch_stochastic,d5freq.phase_b1.compact_episode_audits.v1,3021,C,45.0,sluggish,2.0
P_old,False,unavailable,True,0.032981079265224145,0.028383843283256122,-3.522223974086913,phase-b1::final::sg-C::S5_multi_switch_stochastic::P_old::seed-003021,S5_multi_switch_stochastic,d5freq.phase_b1.compact_episode_audits.v1,3021,C,45.0,sluggish,5.0
P_old,False,unavailable,True,0.03178303792602346,0.0008283924726045252,-7.095040791868371,phase-b1::final::sg-C::S5_multi_switch_stochastic::P_old::seed-003021,S5_multi_switch_stochastic,d5freq.phase_b1.compact_episode_audits.v1,3021,C,45.0,sluggish,10.0
P_old,False,unavailable,True,0.03507543777829702,5.925971597404986e-07,-14.338750402099095,phase-b1::final::sg-C::S5_multi_switch_stochastic::P_old::seed-003021,S5_multi_switch_stochastic,d5freq.phase_b1.compact_episode_audits.v1,3021,C,45.0,sluggish,20.0
P_old,False,unavailable,True,0.3105132487337899,0.0019070431261020795,-6.012959826591942,phase-b1::final::sg-C::S5_multi_switch_stochastic::P_old::seed-003021,S5_multi_switch_stochastic,d5freq.phase_b1.compact_episode_audits.v1,3021,C,90.0,derated,2.0
P_old,False,unavailable,True,0.310061313344446,2.622674993856039e-07,-15.101098722573226,phase-b1::final::sg-C::S5_multi_switch_stochastic::P_old::seed-003021,S5_multi_switch_stochastic,d5freq.phase_b1.compact_episode_audits.v1,3021,C,90.0,derated,5.0
P_old,False,unavailable,True,0.310266330705409,1.068894440766648e-13,-29.864058551345693,phase-b1::final::sg-C::S5_multi_switch_stochastic::P_old::seed-003021,S5_multi_switch_stochastic,d5freq.phase_b1.compact_episode_audits.v1,3021,C,90.0,derated,10.0
P_old,False,unavailable,True,0.3114329413163545,1.4679364460990466e-24,-54.877973623467255,phase-b1::final::sg-C::S5_multi_switch_stochastic::P_old::seed-003021,S5_multi_switch_stochastic,d5freq.phase_b1.compact_episode_audits.v1,3021,C,90.0,derated,20.0
P_old,True,sluggish,False,0.2872586595162996,0.9842053250109727,4.431863287642692,phase-b1::final::sg-C::S5_multi_switch_stochastic::P_old::seed-003021,S5_multi_switch_stochastic,d5freq.phase_b1.compact_episode_audits.v1,3021,C,135.0,nominal,2.0
P_old,True,sluggish,False,0.2333580189930598,0.9995707276213203,7.7561316720992295,phase-b1::final::sg-C::S5_multi_switch_stochastic::P_old::seed-003021,S5_multi_switch_stochastic,d5freq.phase_b1.compact_episode_audits.v1,3021,C,135.0,nominal,5.0
P_old,True,sluggish,False,0.25639207341703224,0.9999993203494787,14.20170619681312,phase-b1::final::sg-C::S5_multi_switch_stochastic::P_old::seed-003021,S5_multi_switch_stochastic,d5freq.phase_b1.compact_episode_audits.v1,3021,C,135.0,nominal,10.0
P_old,True,sluggish,False,0.25729230962511196,0.9999999999985731,27.27559953978681,phase-b1::final::sg-C::S5_multi_switch_stochastic::P_old::seed-003021,S5_multi_switch_stochastic,d5freq.phase_b1.compact_episode_audits.v1,3021,C,135.0,nominal,20.0
P_old,False,nominal,True,0.042064959295816856,0.3791265528302624,-0.27488836794622884,phase-b1::final::sg-C::S5_multi_switch_stochastic::P_old::seed-003022,S5_multi_switch_stochastic,d5freq.phase_b1.compact_episode_audits.v1,3022,C,45.0,sluggish,2.0
P_old,False,unavailable,True,0.10018459877038084,0.25066194400044717,-0.9344515574734658,phase-b1::final::sg-C::S5_multi_switch_stochastic::P_old::seed-003022,S5_multi_switch_stochastic,d5freq.phase_b1.compact_episode_audits.v1,3022,C,45.0,sluggish,5.0
P_old,False,unavailable,True,0.07560072131337739,0.005380884925866757,-5.219507019942398,phase-b1::final::sg-C::S5_multi_switch_stochastic::P_old::seed-003022,S5_multi_switch_stochastic,d5freq.phase_b1.compact_episode_audits.v1,3022,C,45.0,sluggish,10.0
P_old,False,unavailable,True,0.09047989256065687,2.730433373066978e-08,-17.416220375336593,phase-b1::final::sg-C::S5_multi_switch_stochastic::P_old::seed-003022,S5_multi_switch_stochastic,d5freq.phase_b1.compact_episode_audits.v1,3022,C,45.0,sluggish,20.0
P_old,False,unavailable,True,0.30963664188468304,0.0010093454395098613,-6.154012922636468,phase-b1::final::sg-C::S5_multi_switch_stochastic::P_old::seed-003022,S5_multi_switch_stochastic,d5freq.phase_b1.compact_episode_audits.v1,3022,C,90.0,derated,2.0
P_old,False,unavailable,True,0.3095695906690678,1.4245321586043777e-07,-15.333401952754812,phase-b1::final::sg-C::S5_multi_switch_stochastic::P_old::seed-003022,S5_multi_switch_stochastic,d5freq.phase_b1.compact_episode_audits.v1,3022,C,90.0,derated,5.0
P_old,False,unavailable,True,0.30990797751085014,4.780709357072802e-14,-30.65501910593973,phase-b1::final::sg-C::S5_multi_switch_stochastic::P_old::seed-003022,S5_multi_switch_stochastic,d5freq.phase_b1.compact_episode_audits.v1,3022,C,90.0,derated,10.0
P_old,False,unavailable,True,0.31010787365987186,4.869219124678806e-27,-60.58683732798514,phase-b1::final::sg-C::S5_multi_switch_stochastic::P_old::seed-003022,S5_multi_switch_stochastic,d5freq.phase_b1.compact_episode_audits.v1,3022,C,90.0,derated,20.0
P_old,True,derated,False,0.309994130463767,0.9190257330062158,3.123534838303655,phase-b1::final::sg-C::S5_multi_switch_stochastic::P_old::seed-003022,S5_multi_switch_stochastic,d5freq.phase_b1.compact_episode_audits.v1,3022,C,135.0,nominal,2.0
P_old,True,unavailable,False,0.2325782110918948,0.9096428567129963,2.3117281814054564,phase-b1::final::sg-C::S5_multi_switch_stochastic::P_old::seed-003022,S5_multi_switch_stochastic,d5freq.phase_b1.compact_episode_audits.v1,3022,C,135.0,nominal,5.0
P_old,True,unavailable,True,0.15329227271268892,0.610569405873533,0.4497805658488687,phase-b1::final::sg-C::S5_multi_switch_stochastic::P_old::seed-003022,S5_multi_switch_stochastic,d5freq.phase_b1.compact_episode_audits.v1,3022,C,135.0,nominal,10.0
P_old,False,unavailable,True,0.17376597672588678,0.00020286393796914017,-8.502771861536871,phase-b1::final::sg-C::S5_multi_switch_stochastic::P_old::seed-003022,S5_multi_switch_stochastic,d5freq.phase_b1.compact_episode_audits.v1,3022,C,135.0,nominal,20.0
P_old,False,unavailable,True,0.06400361722438974,0.20267507919311892,-1.3680546266471225,phase-b1::final::sg-C::S5_multi_switch_stochastic::P_old::seed-003023,S5_multi_switch_stochastic,d5freq.phase_b1.compact_episode_audits.v1,3023,C,45.0,sluggish,2.0
P_old,False,unavailable,True,0.10589267274917138,0.010537343244494688,-4.542236558716269,phase-b1::final::sg-C::S5_multi_switch_stochastic::P_old::seed-003023,S5_multi_switch_stochastic,d5freq.phase_b1.compact_episode_audits.v1,3023,C,45.0,sluggish,5.0
P_old,False,unavailable,True,0.07725900805743144,0.000565675497979978,-7.476924133745769,phase-b1::final::sg-C::S5_multi_switch_stochastic::P_old::seed-003023,S5_multi_switch_stochastic,d5freq.phase_b1.compact_episode_audits.v1,3023,C,45.0,sluggish,10.0
P_old,False,unavailable,True,0.056104925623382915,8.444338163356357e-07,-13.984598629571565,phase-b1::final::sg-C::S5_multi_switch_stochastic::P_old::seed-003023,S5_multi_switch_stochastic,d5freq.phase_b1.compact_episode_audits.v1,3023,C,45.0,sluggish,20.0
P_old,False,unavailable,True,0.3098446804290832,0.000985261300304848,-6.224529679828144,phase-b1::final::sg-C::S5_multi_switch_stochastic::P_old::seed-003023,S5_multi_switch_stochastic,d5freq.phase_b1.compact_episode_audits.v1,3023,C,90.0,derated,2.0
P_old,False,unavailable,True,0.30982120963747406,1.841420526932482e-07,-14.945217909239119,phase-b1::final::sg-C::S5_multi_switch_stochastic::P_old::seed-003023,S5_multi_switch_stochastic,d5freq.phase_b1.compact_episode_audits.v1,3023,C,90.0,derated,5.0
P_old,False,unavailable,True,0.3098489776661149,7.721895417366318e-14,-29.70389019299097,phase-b1::final::sg-C::S5_multi_switch_stochastic::P_old::seed-003023,S5_multi_switch_stochastic,d5freq.phase_b1.compact_episode_audits.v1,3023,C,90.0,derated,10.0
P_old,False,unavailable,True,0.3113430913030176,4.758174669722288e-24,-53.69221281040933,phase-b1::final::sg-C::S5_multi_switch_stochastic::P_old::seed-003023,S5_multi_switch_stochastic,d5freq.phase_b1.compact_episode_audits.v1,3023,C,90.0,derated,20.0
P_old,False,unavailable,True,0.2146141797424933,0.12561582283041478,-1.5143192381287598,phase-b1::final::sg-C::S5_multi_switch_stochastic::P_old::seed-003023,S5_multi_switch_stochastic,d5freq.phase_b1.compact_episode_audits.v1,3023,C,135.0,nominal,2.0
P_old,False,sluggish,True,0.09250116085629612,0.04080482175105614,-2.9143566716629934,phase-b1::final::sg-C::S5_multi_switch_stochastic::P_old::seed-003023,S5_multi_switch_stochastic,d5freq.phase_b1.compact_episode_audits.v1,3023,C,135.0,nominal,5.0
P_old,False,sluggish,True,0.11135044912337937,0.0033451814718233478,-5.696863371697972,phase-b1::final::sg-C::S5_multi_switch_stochastic::P_old::seed-003023,S5_multi_switch_stochastic,d5freq.phase_b1.compact_episode_audits.v1,3023,C,135.0,nominal,10.0
P_old,False,sluggish,True,0.13760117271539016,0.07934334619133199,-2.4513025800465584,phase-b1::final::sg-C::S5_multi_switch_stochastic::P_old::seed-003023,S5_multi_switch_stochastic,d5freq.phase_b1.compact_episode_audits.v1,3023,C,135.0,nominal,20.0
P_old,False,unavailable,True,0.04239280428553719,0.1970877382945233,-1.3639885999344692,phase-b1::final::sg-C::S5_multi_switch_stochastic::P_old::seed-003024,S5_multi_switch_stochastic,d5freq.phase_b1.compact_episode_audits.v1,3024,C,45.0,sluggish,2.0
P_old,False,unavailable,True,0.03741595533721832,0.03688882383121065,-3.2514114546298742,phase-b1::final::sg-C::S5_multi_switch_stochastic::P_old::seed-003024,S5_multi_switch_stochastic,d5freq.phase_b1.compact_episode_audits.v1,3024,C,45.0,sluggish,5.0
P_old,False,unavailable,True,0.03686353071268907,0.001707201473091731,-6.371143709665546,phase-b1::final::sg-C::S5_multi_switch_stochastic::P_old::seed-003024,S5_multi_switch_stochastic,d5freq.phase_b1.compact_episode_audits.v1,3024,C,45.0,sluggish,10.0
P_old,False,unavailable,True,0.0522773229177,3.612538283182676e-07,-14.833684638901218,phase-b1::final::sg-C::S5_multi_switch_stochastic::P_old::seed-003024,S5_multi_switch_stochastic,d5freq.phase_b1.compact_episode_audits.v1,3024,C,45.0,sluggish,20.0
P_old,False,unavailable,True,0.3111037243554763,0.0050732762372680375,-4.62166726916244,phase-b1::final::sg-C::S5_multi_switch_stochastic::P_old::seed-003024,S5_multi_switch_stochastic,d5freq.phase_b1.compact_episode_audits.v1,3024,C,90.0,derated,2.0
P_old,False,sluggish,True,0.2329325490499113,3.5791593574794815e-05,-9.682169555388924,phase-b1::final::sg-C::S5_multi_switch_stochastic::P_old::seed-003024,S5_multi_switch_stochastic,d5freq.phase_b1.compact_episode_audits.v1,3024,C,90.0,derated,5.0
P_old,False,unavailable,True,0.3136369803098039,3.6545003646005434e-10,-21.568747600126045,phase-b1::final::sg-C::S5_multi_switch_stochastic::P_old::seed-003024,S5_multi_switch_stochastic,d5freq.phase_b1.compact_episode_audits.v1,3024,C,90.0,derated,10.0
P_old,False,sluggish,True,0.2318650391090514,9.58227199936218e-18,-39.18178861325984,phase-b1::final::sg-C::S5_multi_switch_stochastic::P_old::seed-003024,S5_multi_switch_stochastic,d5freq.phase_b1.compact_episode_audits.v1,3024,C,90.0,derated,20.0
P_old,False,unavailable,True,0.18832813480528482,0.287254931037452,-0.324469294067093,phase-b1::final::sg-C::S5_multi_switch_stochastic::P_old::seed-003024,S5_multi_switch_stochastic,d5freq.phase_b1.compact_episode_audits.v1,3024,C,135.0,nominal,2.0
P_old,False,unavailable,True,0.158492260073953,0.10410685355129978,-1.8375276782240348,phase-b1::final::sg-C::S5_multi_switch_stochastic::P_old::seed-003024,S5_multi_switch_stochastic,d5freq.phase_b1.compact_episode_audits.v1,3024,C,135.0,nominal,5.0
P_old,False,unavailable,True,0.09737673418730018,0.01737119601657264,-4.004948966162203,phase-b1::final::sg-C::S5_multi_switch_stochastic::P_old::seed-003024,S5_multi_switch_stochastic,d5freq.phase_b1.compact_episode_audits.v1,3024,C,135.0,nominal,10.0
P_old,False,unavailable,True,0.1469434780731575,0.01466171521208316,-3.9139778600820705,phase-b1::final::sg-C::S5_multi_switch_stochastic::P_old::seed-003024,S5_multi_switch_stochastic,d5freq.phase_b1.compact_episode_audits.v1,3024,C,135.0,nominal,20.0
P_old,False,unavailable,True,0.036877910290266824,0.15814503081014677,-1.304344684003837,phase-b1::final::sg-C::S5_multi_switch_stochastic::P_old::seed-003025,S5_multi_switch_stochastic,d5freq.phase_b1.compact_episode_audits.v1,3025,C,45.0,sluggish,2.0
P_old,False,unavailable,True,0.03259422876144539,0.028204599542501468,-3.4442991029825407,phase-b1::final::sg-C::S5_multi_switch_stochastic::P_old::seed-003025,S5_multi_switch_stochastic,d5freq.phase_b1.compact_episode_audits.v1,3025,C,45.0,sluggish,5.0
P_old,False,unavailable,True,0.03232011396297135,0.0009200819362846277,-6.989258982478589,phase-b1::final::sg-C::S5_multi_switch_stochastic::P_old::seed-003025,S5_multi_switch_stochastic,d5freq.phase_b1.compact_episode_audits.v1,3025,C,45.0,sluggish,10.0
P_old,False,unavailable,True,0.0714060670656199,1.0008698819701222e-06,-13.814640053251821,phase-b1::final::sg-C::S5_multi_switch_stochastic::P_old::seed-003025,S5_multi_switch_stochastic,d5freq.phase_b1.compact_episode_audits.v1,3025,C,45.0,sluggish,20.0
P_old,False,unavailable,True,0.30892260422767615,0.000849685140117486,-6.510910447854439,phase-b1::final::sg-C::S5_multi_switch_stochastic::P_old::seed-003025,S5_multi_switch_stochastic,d5freq.phase_b1.compact_episode_audits.v1,3025,C,90.0,derated,2.0
P_old,False,unavailable,True,0.31029170626449887,2.2959974786191532e-07,-15.2058538322419,phase-b1::final::sg-C::S5_multi_switch_stochastic::P_old::seed-003025,S5_multi_switch_stochastic,d5freq.phase_b1.compact_episode_audits.v1,3025,C,90.0,derated,5.0
P_old,False,unavailable,True,0.3120991566256723,1.7271333642959366e-11,-24.47601712545115,phase-b1::final::sg-C::S5_multi_switch_stochastic::P_old::seed-003025,S5_multi_switch_stochastic,d5freq.phase_b1.compact_episode_audits.v1,3025,C,90.0,derated,10.0
P_old,False,unavailable,True,0.3121716950838193,7.428149492778425e-23,-50.94798846819441,phase-b1::final::sg-C::S5_multi_switch_stochastic::P_old::seed-003025,S5_multi_switch_stochastic,d5freq.phase_b1.compact_episode_audits.v1,3025,C,90.0,derated,20.0
P_old,False,unavailable,True,0.05537518423592501,0.2671526308386692,-0.7857377569906703,phase-b1::final::sg-C::S5_multi_switch_stochastic::P_old::seed-003025,S5_multi_switch_stochastic,d5freq.phase_b1.compact_episode_audits.v1,3025,C,135.0,nominal,2.0
P_old,False,unavailable,True,0.06728288158538816,0.07075256076064215,-2.5470418333583495,phase-b1::final::sg-C::S5_multi_switch_stochastic::P_old::seed-003025,S5_multi_switch_stochastic,d5freq.phase_b1.compact_episode_audits.v1,3025,C,135.0,nominal,5.0
P_old,True,unavailable,True,0.13260986785708634,0.5555697448348401,0.6992786871787473,phase-b1::final::sg-C::S5_multi_switch_stochastic::P_old::seed-003025,S5_multi_switch_stochastic,d5freq.phase_b1.compact_episode_audits.v1,3025,C,135.0,nominal,10.0
P_old,False,sluggish,True,0.10783182975207299,0.07805409881612634,-2.469084385485928,phase-b1::final::sg-C::S5_multi_switch_stochastic::P_old::seed-003025,S5_multi_switch_stochastic,d5freq.phase_b1.compact_episode_audits.v1,3025,C,135.0,nominal,20.0
P_old,False,unavailable,True,0.03649160766798157,0.1606168567596345,-1.3554336056816148,phase-b1::final::sg-C::S5_multi_switch_stochastic::P_old::seed-003026,S5_multi_switch_stochastic,d5freq.phase_b1.compact_episode_audits.v1,3026,C,45.0,sluggish,2.0
P_old,False,unavailable,True,0.03498579190186955,0.029108751919705775,-3.5065978510261147,phase-b1::final::sg-C::S5_multi_switch_stochastic::P_old::seed-003026,S5_multi_switch_stochastic,d5freq.phase_b1.compact_episode_audits.v1,3026,C,45.0,sluggish,5.0
P_old,False,unavailable,True,0.034971014949583094,0.0009714959721371824,-6.9356698771077845,phase-b1::final::sg-C::S5_multi_switch_stochastic::P_old::seed-003026,S5_multi_switch_stochastic,d5freq.phase_b1.compact_episode_audits.v1,3026,C,45.0,sluggish,10.0
P_old,False,unavailable,True,0.033139797764968074,8.536910815363071e-07,-13.973695584440065,phase-b1::final::sg-C::S5_multi_switch_stochastic::P_old::seed-003026,S5_multi_switch_stochastic,d5freq.phase_b1.compact_episode_audits.v1,3026,C,45.0,sluggish,20.0
P_old,False,unavailable,True,0.3119431771062553,0.0012161755217925496,-6.455657286128407,phase-b1::final::sg-C::S5_multi_switch_stochastic::P_old::seed-003026,S5_multi_switch_stochastic,d5freq.phase_b1.compact_episode_audits.v1,3026,C,90.0,derated,2.0
P_old,False,unavailable,True,0.3113079826147223,2.9204096667777943e-07,-14.999140740984686,phase-b1::final::sg-C::S5_multi_switch_stochastic::P_old::seed-003026,S5_multi_switch_stochastic,d5freq.phase_b1.compact_episode_audits.v1,3026,C,90.0,derated,5.0
P_old,False,unavailable,True,0.31330266200603096,6.006872160196128e-11,-23.345780487837544,phase-b1::final::sg-C::S5_multi_switch_stochastic::P_old::seed-003026,S5_multi_switch_stochastic,d5freq.phase_b1.compact_episode_audits.v1,3026,C,90.0,derated,10.0
P_old,False,unavailable,True,0.31339552051452013,2.2695093032798652e-20,-45.23148152851269,phase-b1::final::sg-C::S5_multi_switch_stochastic::P_old::seed-003026,S5_multi_switch_stochastic,d5freq.phase_b1.compact_episode_audits.v1,3026,C,90.0,derated,20.0
P_old,False,unavailable,True,0.0939968721998041,0.16919176008205639,-1.3266860081761855,phase-b1::final::sg-C::S5_multi_switch_stochastic::P_old::seed-003026,S5_multi_switch_stochastic,d5freq.phase_b1.compact_episode_audits.v1,3026,C,135.0,nominal,2.0
P_old,False,sluggish,True,0.0933015299891288,0.018432187762407255,-3.5022788487872276,phase-b1::final::sg-C::S5_multi_switch_stochastic::P_old::seed-003026,S5_multi_switch_stochastic,d5freq.phase_b1.compact_episode_audits.v1,3026,C,135.0,nominal,5.0
P_old,False,unavailable,True,0.16797545550693635,0.003438182644262762,-5.5397464864594355,phase-b1::final::sg-C::S5_multi_switch_stochastic::P_old::seed-003026,S5_multi_switch_stochastic,d5freq.phase_b1.compact_episode_audits.v1,3026,C,135.0,nominal,10.0
P_old,False,unavailable,True,0.14867039447943364,1.72646187951727e-06,-13.266954721099296,phase-b1::final::sg-C::S5_multi_switch_stochastic::P_old::seed-003026,S5_multi_switch_stochastic,d5freq.phase_b1.compact_episode_audits.v1,3026,C,135.0,nominal,20.0
P_old,False,unavailable,True,0.0427801377908226,0.1898249075134569,-1.2342055195265615,phase-b1::final::sg-C::S5_multi_switch_stochastic::P_old::seed-003027,S5_multi_switch_stochastic,d5freq.phase_b1.compact_episode_audits.v1,3027,C,45.0,sluggish,2.0
P_old,False,unavailable,True,0.043214091304913924,0.026675812855359242,-3.596959876635765,phase-b1::final::sg-C::S5_multi_switch_stochastic::P_old::seed-003027,S5_multi_switch_stochastic,d5freq.phase_b1.compact_episode_audits.v1,3027,C,45.0,sluggish,5.0
P_old,True,unavailable,True,0.18749396568530102,0.6643018474607847,0.6825242350702183,phase-b1::final::sg-C::S5_multi_switch_stochastic::P_old::seed-003027,S5_multi_switch_stochastic,d5freq.phase_b1.compact_episode_audits.v1,3027,C,45.0,sluggish,10.0
P_old,False,unavailable,True,0.14034536733343797,0.19522878759376688,-1.4163858883003968,phase-b1::final::sg-C::S5_multi_switch_stochastic::P_old::seed-003027,S5_multi_switch_stochastic,d5freq.phase_b1.compact_episode_audits.v1,3027,C,45.0,sluggish,20.0
P_old,False,unavailable,True,0.3092625226917549,0.0015565854141745066,-6.078819351562224,phase-b1::final::sg-C::S5_multi_switch_stochastic::P_old::seed-003027,S5_multi_switch_stochastic,d5freq.phase_b1.compact_episode_audits.v1,3027,C,90.0,derated,2.0
P_old,False,unavailable,True,0.31376826044299266,8.082581751541668e-05,-8.90076773589162,phase-b1::final::sg-C::S5_multi_switch_stochastic::P_old::seed-003027,S5_multi_switch_stochastic,d5freq.phase_b1.compact_episode_audits.v1,3027,C,90.0,derated,5.0
P_old,False,unavailable,True,0.31281714988380305,1.4318887490033947e-10,-22.61001902500267,phase-b1::final::sg-C::S5_multi_switch_stochastic::P_old::seed-003027,S5_multi_switch_stochastic,d5freq.phase_b1.compact_episode_audits.v1,3027,C,90.0,derated,10.0
P_old,False,sluggish,True,0.23444797182479796,7.507086383661146e-14,-30.075286795290253,phase-b1::final::sg-C::S5_multi_switch_stochastic::P_old::seed-003027,S5_multi_switch_stochastic,d5freq.phase_b1.compact_episode_audits.v1,3027,C,90.0,derated,20.0
P_old,False,unavailable,True,0.10649279232455265,0.0704533057742933,-2.310280274586738,phase-b1::final::sg-C::S5_multi_switch_stochastic::P_old::seed-003027,S5_multi_switch_stochastic,d5freq.phase_b1.compact_episode_audits.v1,3027,C,135.0,nominal,2.0
P_old,False,unavailable,True,0.13843714791275452,0.0223003416645049,-3.6368348055137574,phase-b1::final::sg-C::S5_multi_switch_stochastic::P_old::seed-003027,S5_multi_switch_stochastic,d5freq.phase_b1.compact_episode_audits.v1,3027,C,135.0,nominal,5.0
P_old,False,unavailable,True,0.1763634368728859,0.002705716761960641,-5.75458289673945,phase-b1::final::sg-C::S5_multi_switch_stochastic::P_old::seed-003027,S5_multi_switch_stochastic,d5freq.phase_b1.compact_episode_audits.v1,3027,C,135.0,nominal,10.0
P_old,False,unavailable,True,0.20122148300100995,0.004386397720074119,-5.3921851846130835,phase-b1::final::sg-C::S5_multi_switch_stochastic::P_old::seed-003027,S5_multi_switch_stochastic,d5freq.phase_b1.compact_episode_audits.v1,3027,C,135.0,nominal,20.0
P_old,False,unavailable,True,0.05242330900323345,0.17683394710869224,-1.258551944492229,phase-b1::final::sg-C::S5_multi_switch_stochastic::P_old::seed-003028,S5_multi_switch_stochastic,d5freq.phase_b1.compact_episode_audits.v1,3028,C,45.0,sluggish,2.0
P_old,False,unavailable,True,0.04057376417713808,0.03430590675054477,-3.3285715408256777,phase-b1::final::sg-C::S5_multi_switch_stochastic::P_old::seed-003028,S5_multi_switch_stochastic,d5freq.phase_b1.compact_episode_audits.v1,3028,C,45.0,sluggish,5.0
P_old,False,unavailable,True,0.03684353703051817,0.0008955537868646384,-7.017172316758263,phase-b1::final::sg-C::S5_multi_switch_stochastic::P_old::seed-003028,S5_multi_switch_stochastic,d5freq.phase_b1.compact_episode_audits.v1,3028,C,45.0,sluggish,10.0
P_old,False,unavailable,True,0.040198683836319915,6.981389905299153e-07,-14.174846929034231,phase-b1::final::sg-C::S5_multi_switch_stochastic::P_old::seed-003028,S5_multi_switch_stochastic,d5freq.phase_b1.compact_episode_audits.v1,3028,C,45.0,sluggish,20.0
P_old,True,unavailable,False,0.4244699351956429,1.0,46.24440269789234,phase-b1::final::sg-C::S5_multi_switch_stochastic::P_old::seed-003028,S5_multi_switch_stochastic,d5freq.phase_b1.compact_episode_audits.v1,3028,C,90.0,derated,2.0
P_old,True,sluggish,False,0.3467056416576935,1.0,52.4616919421825,phase-b1::final::sg-C::S5_multi_switch_stochastic::P_old::seed-003028,S5_multi_switch_stochastic,d5freq.phase_b1.compact_episode_audits.v1,3028,C,90.0,derated,5.0
P_old,True,sluggish,False,0.28976853821436044,1.0,50.87880450642898,phase-b1::final::sg-C::S5_multi_switch_stochastic::P_old::seed-003028,S5_multi_switch_stochastic,d5freq.phase_b1.compact_episode_audits.v1,3028,C,90.0,derated,10.0
P_old,True,sluggish,False,0.2636775392041031,1.0,102.27286755626349,phase-b1::final::sg-C::S5_multi_switch_stochastic::P_old::seed-003028,S5_multi_switch_stochastic,d5freq.phase_b1.compact_episode_audits.v1,3028,C,90.0,derated,20.0
P_old,True,sluggish,False,0.253306667252551,0.9485856838545668,2.9973336168129983,phase-b1::final::sg-C::S5_multi_switch_stochastic::P_old::seed-003028,S5_multi_switch_stochastic,d5freq.phase_b1.compact_episode_audits.v1,3028,C,135.0,nominal,2.0
P_old,True,sluggish,False,0.1948548763781817,0.9920951214700786,4.833196354363416,phase-b1::final::sg-C::S5_multi_switch_stochastic::P_old::seed-003028,S5_multi_switch_stochastic,d5freq.phase_b1.compact_episode_audits.v1,3028,C,135.0,nominal,5.0
P_old,True,sluggish,False,0.1638276923642331,0.9998747899254717,8.985393760837042,phase-b1::final::sg-C::S5_multi_switch_stochastic::P_old::seed-003028,S5_multi_switch_stochastic,d5freq.phase_b1.compact_episode_audits.v1,3028,C,135.0,nominal,10.0
P_old,True,sluggish,False,0.21273241496576167,0.9999999991342394,20.867412834680522,phase-b1::final::sg-C::S5_multi_switch_stochastic::P_old::seed-003028,S5_multi_switch_stochastic,d5freq.phase_b1.compact_episode_audits.v1,3028,C,135.0,nominal,20.0
P_old,False,unavailable,True,0.04519787295604416,0.14888776360896436,-1.378702427853522,phase-b1::final::sg-C::S5_multi_switch_stochastic::P_old::seed-003029,S5_multi_switch_stochastic,d5freq.phase_b1.compact_episode_audits.v1,3029,C,45.0,sluggish,2.0
P_old,False,unavailable,True,0.036711376979320316,0.027582957210536885,-3.53476733178087,phase-b1::final::sg-C::S5_multi_switch_stochastic::P_old::seed-003029,S5_multi_switch_stochastic,d5freq.phase_b1.compact_episode_audits.v1,3029,C,45.0,sluggish,5.0
P_old,False,unavailable,True,0.03752241825463324,0.0013578351360702752,-6.599182006369347,phase-b1::final::sg-C::S5_multi_switch_stochastic::P_old::seed-003029,S5_multi_switch_stochastic,d5freq.phase_b1.compact_episode_audits.v1,3029,C,45.0,sluggish,10.0
P_old,False,unavailable,True,0.051677197431664525,7.697315426904916e-08,-16.37980904476717,phase-b1::final::sg-C::S5_multi_switch_stochastic::P_old::seed-003029,S5_multi_switch_stochastic,d5freq.phase_b1.compact_episode_audits.v1,3029,C,45.0,sluggish,20.0
P_old,False,unavailable,True,0.3098780322910053,0.0012806934405588549,-6.072066694778684,phase-b1::final::sg-C::S5_multi_switch_stochastic::P_old::seed-003029,S5_multi_switch_stochastic,d5freq.phase_b1.compact_episode_audits.v1,3029,C,90.0,derated,2.0
P_old,False,unavailable,True,0.3101730785636062,3.5212990327312687e-07,-14.597374693081143,phase-b1::final::sg-C::S5_multi_switch_stochastic::P_old::seed-003029,S5_multi_switch_stochastic,d5freq.phase_b1.compact_episode_audits.v1,3029,C,90.0,derated,5.0
P_old,False,unavailable,True,0.3103805952319433,8.324264323506067e-14,-30.111545254062605,phase-b1::final::sg-C::S5_multi_switch_stochastic::P_old::seed-003029,S5_multi_switch_stochastic,d5freq.phase_b1.compact_episode_audits.v1,3029,C,90.0,derated,10.0
P_old,False,unavailable,True,0.3105272492841185,2.8757190511370303e-26,-58.810865663735996,phase-b1::final::sg-C::S5_multi_switch_stochastic::P_old::seed-003029,S5_multi_switch_stochastic,d5freq.phase_b1.compact_episode_audits.v1,3029,C,90.0,derated,20.0
P_old,True,derated,False,0.30994641060084055,0.9492440994143471,3.195358650876777,phase-b1::final::sg-C::S5_multi_switch_stochastic::P_old::seed-003029,S5_multi_switch_stochastic,d5freq.phase_b1.compact_episode_audits.v1,3029,C,135.0,nominal,2.0
P_old,True,sluggish,False,0.3225781277892935,0.9999541530659585,10.259517811201853,phase-b1::final::sg-C::S5_multi_switch_stochastic::P_old::seed-003029,S5_multi_switch_stochastic,d5freq.phase_b1.compact_episode_audits.v1,3029,C,135.0,nominal,5.0
P_old,True,sluggish,False,0.2796092751984667,0.9999999979742029,20.040332614828728,phase-b1::final::sg-C::S5_multi_switch_stochastic::P_old::seed-003029,S5_multi_switch_stochastic,d5freq.phase_b1.compact_episode_audits.v1,3029,C,135.0,nominal,10.0
P_old,True,sluggish,False,0.24163247025184115,0.999999999986148,25.00259455042479,phase-b1::final::sg-C::S5_multi_switch_stochastic::P_old::seed-003029,S5_multi_switch_stochastic,d5freq.phase_b1.compact_episode_audits.v1,3029,C,135.0,nominal,20.0
P_old,True,derated,False,0.3786767389690896,0.9850748888495795,4.18967256105563,phase-b1::final::sg-A::S6_sluggish_coincident_high_noise::P_old::seed-003000,S6_sluggish_coincident_high_noise,d5freq.phase_b1.compact_episode_audits.v1,3000,A,60.0,sluggish,2.0
P_old,True,derated,False,0.38272649530769,0.9999997951146344,15.40081500150751,phase-b1::final::sg-A::S6_sluggish_coincident_high_noise::P_old::seed-003000,S6_sluggish_coincident_high_noise,d5freq.phase_b1.compact_episode_audits.v1,3000,A,60.0,sluggish,5.0
P_old,True,derated,False,0.30641363835909907,0.9999999999975764,26.745739882006788,phase-b1::final::sg-A::S6_sluggish_coincident_high_noise::P_old::seed-003000,S6_sluggish_coincident_high_noise,d5freq.phase_b1.compact_episode_audits.v1,3000,A,60.0,sluggish,10.0
P_old,True,derated,False,0.3065281174712563,1.0,55.53640462014417,phase-b1::final::sg-A::S6_sluggish_coincident_high_noise::P_old::seed-003000,S6_sluggish_coincident_high_noise,d5freq.phase_b1.compact_episode_audits.v1,3000,A,60.0,sluggish,20.0
P_old,True,derated,False,0.28653666211722895,0.9559175866870011,3.076610791115037,phase-b1::final::sg-A::S6_sluggish_coincident_high_noise::P_old::seed-003001,S6_sluggish_coincident_high_noise,d5freq.phase_b1.compact_episode_audits.v1,3001,A,60.0,sluggish,2.0
P_old,True,derated,False,0.2526507849083128,0.9987686542946723,6.698415533849214,phase-b1::final::sg-A::S6_sluggish_coincident_high_noise::P_old::seed-003001,S6_sluggish_coincident_high_noise,d5freq.phase_b1.compact_episode_audits.v1,3001,A,60.0,sluggish,5.0
P_old,True,derated,False,0.2409573109707886,0.9999999965663,19.489627432029025,phase-b1::final::sg-A::S6_sluggish_coincident_high_noise::P_old::seed-003001,S6_sluggish_coincident_high_noise,d5freq.phase_b1.compact_episode_audits.v1,3001,A,60.0,sluggish,10.0
P_old,True,derated,False,0.23555048935618764,1.0,45.0662924005199,phase-b1::final::sg-A::S6_sluggish_coincident_high_noise::P_old::seed-003001,S6_sluggish_coincident_high_noise,d5freq.phase_b1.compact_episode_audits.v1,3001,A,60.0,sluggish,20.0
P_old,True,derated,False,0.425622504940301,0.9998514136973725,8.814196008713886,phase-b1::final::sg-A::S6_sluggish_coincident_high_noise::P_old::seed-003002,S6_sluggish_coincident_high_noise,d5freq.phase_b1.compact_episode_audits.v1,3002,A,60.0,sluggish,2.0
P_old,True,derated,False,0.4203250669508801,0.9999999989933022,20.716590349229726,phase-b1::final::sg-A::S6_sluggish_coincident_high_noise::P_old::seed-003002,S6_sluggish_coincident_high_noise,d5freq.phase_b1.compact_episode_audits.v1,3002,A,60.0,sluggish,5.0
P_old,True,derated,False,0.36203921702027403,0.9999999999999993,34.7932243417407,phase-b1::final::sg-A::S6_sluggish_coincident_high_noise::P_old::seed-003002,S6_sluggish_coincident_high_noise,d5freq.phase_b1.compact_episode_audits.v1,3002,A,60.0,sluggish,10.0
P_old,True,derated,False,0.3206536268137728,1.0,61.40667243208037,phase-b1::final::sg-A::S6_sluggish_coincident_high_noise::P_old::seed-003002,S6_sluggish_coincident_high_noise,d5freq.phase_b1.compact_episode_audits.v1,3002,A,60.0,sluggish,20.0
P_old,True,derated,False,0.34146536810444467,0.9701868499648796,3.4825391092527376,phase-b1::final::sg-A::S6_sluggish_coincident_high_noise::P_old::seed-003003,S6_sluggish_coincident_high_noise,d5freq.phase_b1.compact_episode_audits.v1,3003,A,60.0,sluggish,2.0
P_old,True,derated,False,0.3107021257340036,0.9997964881381866,8.499582733197201,phase-b1::final::sg-A::S6_sluggish_coincident_high_noise::P_old::seed-003003,S6_sluggish_coincident_high_noise,d5freq.phase_b1.compact_episode_audits.v1,3003,A,60.0,sluggish,5.0
P_old,True,derated,False,0.33864234480444017,0.9999999999977822,26.834541320346972,phase-b1::final::sg-A::S6_sluggish_coincident_high_noise::P_old::seed-003003,S6_sluggish_coincident_high_noise,d5freq.phase_b1.compact_episode_audits.v1,3003,A,60.0,sluggish,10.0
P_old,True,derated,False,0.33586311575315797,1.0,55.348433323205285,phase-b1::final::sg-A::S6_sluggish_coincident_high_noise::P_old::seed-003003,S6_sluggish_coincident_high_noise,d5freq.phase_b1.compact_episode_audits.v1,3003,A,60.0,sluggish,20.0
P_old,True,derated,False,0.3362302941214905,0.9984577030739434,6.472938975836893,phase-b1::final::sg-A::S6_sluggish_coincident_high_noise::P_old::seed-003004,S6_sluggish_coincident_high_noise,d5freq.phase_b1.compact_episode_audits.v1,3004,A,60.0,sluggish,2.0
P_old,True,derated,False,0.3532531700003958,0.9999991954379112,14.032966891880541,phase-b1::final::sg-A::S6_sluggish_coincident_high_noise::P_old::seed-003004,S6_sluggish_coincident_high_noise,d5freq.phase_b1.compact_episode_audits.v1,3004,A,60.0,sluggish,5.0
P_old,True,derated,False,0.3883365692000425,1.0,37.10397032498314,phase-b1::final::sg-A::S6_sluggish_coincident_high_noise::P_old::seed-003004,S6_sluggish_coincident_high_noise,d5freq.phase_b1.compact_episode_audits.v1,3004,A,60.0,sluggish,10.0
P_old,True,derated,False,0.32574738403861014,1.0,63.36866757989779,phase-b1::final::sg-A::S6_sluggish_coincident_high_noise::P_old::seed-003004,S6_sluggish_coincident_high_noise,d5freq.phase_b1.compact_episode_audits.v1,3004,A,60.0,sluggish,20.0
P_old,True,derated,False,0.39560605315615777,0.9807555783497355,3.931102038577823,phase-b1::final::sg-A::S6_sluggish_coincident_high_noise::P_old::seed-003005,S6_sluggish_coincident_high_noise,d5freq.phase_b1.compact_episode_audits.v1,3005,A,60.0,sluggish,2.0
P_old,True,derated,False,0.5176639028111406,0.9999999999999958,33.07754877323895,phase-b1::final::sg-A::S6_sluggish_coincident_high_noise::P_old::seed-003005,S6_sluggish_coincident_high_noise,d5freq.phase_b1.compact_episode_audits.v1,3005,A,60.0,sluggish,5.0
P_old,True,derated,False,0.5082431794822563,1.0,65.11496392092992,phase-b1::final::sg-A::S6_sluggish_coincident_high_noise::P_old::seed-003005,S6_sluggish_coincident_high_noise,d5freq.phase_b1.compact_episode_audits.v1,3005,A,60.0,sluggish,10.0
P_old,True,derated,False,0.4027438140739634,1.0,101.33659134797037,phase-b1::final::sg-A::S6_sluggish_coincident_high_noise::P_old::seed-003005,S6_sluggish_coincident_high_noise,d5freq.phase_b1.compact_episode_audits.v1,3005,A,60.0,sluggish,20.0
P_old,True,derated,True,0.23389799840754294,0.7173522474434162,0.9313655677600714,phase-b1::final::sg-A::S6_sluggish_coincident_high_noise::P_old::seed-003006,S6_sluggish_coincident_high_noise,d5freq.phase_b1.compact_episode_audits.v1,3006,A,60.0,sluggish,2.0
P_old,True,derated,False,0.23254242578987108,0.9919961253361052,4.819793443950736,phase-b1::final::sg-A::S6_sluggish_coincident_high_noise::P_old::seed-003006,S6_sluggish_coincident_high_noise,d5freq.phase_b1.compact_episode_audits.v1,3006,A,60.0,sluggish,5.0
P_old,True,derated,False,0.2360881669796379,0.9999999769656683,17.58628003102038,phase-b1::final::sg-A::S6_sluggish_coincident_high_noise::P_old::seed-003006,S6_sluggish_coincident_high_noise,d5freq.phase_b1.compact_episode_audits.v1,3006,A,60.0,sluggish,10.0
P_old,True,derated,False,0.2678990179775748,1.0,49.65982041732215,phase-b1::final::sg-A::S6_sluggish_coincident_high_noise::P_old::seed-003006,S6_sluggish_coincident_high_noise,d5freq.phase_b1.compact_episode_audits.v1,3006,A,60.0,sluggish,20.0
P_old,True,derated,True,0.30328581335196225,0.7393463437921479,1.0425739382566697,phase-b1::final::sg-A::S6_sluggish_coincident_high_noise::P_old::seed-003007,S6_sluggish_coincident_high_noise,d5freq.phase_b1.compact_episode_audits.v1,3007,A,60.0,sluggish,2.0
P_old,True,derated,False,0.28425927843634546,0.9996671924952588,8.00761343606996,phase-b1::final::sg-A::S6_sluggish_coincident_high_noise::P_old::seed-003007,S6_sluggish_coincident_high_noise,d5freq.phase_b1.compact_episode_audits.v1,3007,A,60.0,sluggish,5.0
P_old,True,derated,False,0.2568309541381791,0.9999999987375181,20.49018627048997,phase-b1::final::sg-A::S6_sluggish_coincident_high_noise::P_old::seed-003007,S6_sluggish_coincident_high_noise,d5freq.phase_b1.compact_episode_audits.v1,3007,A,60.0,sluggish,10.0
P_old,True,derated,False,0.24790711872097804,1.0,46.059333199927096,phase-b1::final::sg-A::S6_sluggish_coincident_high_noise::P_old::seed-003007,S6_sluggish_coincident_high_noise,d5freq.phase_b1.compact_episode_audits.v1,3007,A,60.0,sluggish,20.0
P_old,True,derated,False,0.41699205626411595,0.9912882308393741,4.734330451952005,phase-b1::final::sg-A::S6_sluggish_coincident_high_noise::P_old::seed-003008,S6_sluggish_coincident_high_noise,d5freq.phase_b1.compact_episode_audits.v1,3008,A,60.0,sluggish,2.0
P_old,True,derated,False,0.38070840331073835,0.9999998377590654,15.634183194025923,phase-b1::final::sg-A::S6_sluggish_coincident_high_noise::P_old::seed-003008,S6_sluggish_coincident_high_noise,d5freq.phase_b1.compact_episode_audits.v1,3008,A,60.0,sluggish,5.0
P_old,True,derated,False,0.30525379823155585,0.999999999999251,27.920037983269793,phase-b1::final::sg-A::S6_sluggish_coincident_high_noise::P_old::seed-003008,S6_sluggish_coincident_high_noise,d5freq.phase_b1.compact_episode_audits.v1,3008,A,60.0,sluggish,10.0
P_old,True,derated,False,0.321208953433887,1.0,61.24677120066761,phase-b1::final::sg-A::S6_sluggish_coincident_high_noise::P_old::seed-003008,S6_sluggish_coincident_high_noise,d5freq.phase_b1.compact_episode_audits.v1,3008,A,60.0,sluggish,20.0
P_old,True,derated,True,0.27779019553616086,0.8317507422733401,1.5980862505353137,phase-b1::final::sg-A::S6_sluggish_coincident_high_noise::P_old::seed-003009,S6_sluggish_coincident_high_noise,d5freq.phase_b1.compact_episode_audits.v1,3009,A,60.0,sluggish,2.0
P_old,True,derated,False,0.36296083223288433,0.9999987967891635,13.630515674110612,phase-b1::final::sg-A::S6_sluggish_coincident_high_noise::P_old::seed-003009,S6_sluggish_coincident_high_noise,d5freq.phase_b1.compact_episode_audits.v1,3009,A,60.0,sluggish,5.0
P_old,True,derated,False,0.337110173652879,0.999999999999533,28.39256841201255,phase-b1::final::sg-A::S6_sluggish_coincident_high_noise::P_old::seed-003009,S6_sluggish_coincident_high_noise,d5freq.phase_b1.compact_episode_audits.v1,3009,A,60.0,sluggish,10.0
P_old,True,derated,False,0.3026552654630887,1.0,55.25172873107684,phase-b1::final::sg-A::S6_sluggish_coincident_high_noise::P_old::seed-003009,S6_sluggish_coincident_high_noise,d5freq.phase_b1.compact_episode_audits.v1,3009,A,60.0,sluggish,20.0
P_old,True,derated,False,0.4589262696906895,0.9999018976646327,9.229401278540687,phase-b1::final::sg-A::S6_sluggish_coincident_high_noise::P_old::seed-003010,S6_sluggish_coincident_high_noise,d5freq.phase_b1.compact_episode_audits.v1,3010,A,60.0,sluggish,2.0
P_old,True,derated,False,0.5264899334171395,0.9999999999999996,35.26014594849411,phase-b1::final::sg-A::S6_sluggish_coincident_high_noise::P_old::seed-003010,S6_sluggish_coincident_high_noise,d5freq.phase_b1.compact_episode_audits.v1,3010,A,60.0,sluggish,5.0
P_old,True,derated,False,0.4363197301780584,1.0,54.56037845238077,phase-b1::final::sg-A::S6_sluggish_coincident_high_noise::P_old::seed-003010,S6_sluggish_coincident_high_noise,d5freq.phase_b1.compact_episode_audits.v1,3010,A,60.0,sluggish,10.0
P_old,True,derated,False,0.3648025042461291,1.0,83.55947384814081,phase-b1::final::sg-A::S6_sluggish_coincident_high_noise::P_old::seed-003010,S6_sluggish_coincident_high_noise,d5freq.phase_b1.compact_episode_audits.v1,3010,A,60.0,sluggish,20.0
P_old,True,derated,False,0.45550776031773477,0.9998826387023494,9.050135998995724,phase-b1::final::sg-A::S6_sluggish_coincident_high_noise::P_old::seed-003011,S6_sluggish_coincident_high_noise,d5freq.phase_b1.compact_episode_audits.v1,3011,A,60.0,sluggish,2.0
P_old,True,derated,False,0.5028136600066471,0.9999999999993359,28.04035732774204,phase-b1::final::sg-A::S6_sluggish_coincident_high_noise::P_old::seed-003011,S6_sluggish_coincident_high_noise,d5freq.phase_b1.compact_episode_audits.v1,3011,A,60.0,sluggish,5.0
P_old,True,derated,False,0.38980920795253005,1.0,40.69045226730218,phase-b1::final::sg-A::S6_sluggish_coincident_high_noise::P_old::seed-003011,S6_sluggish_coincident_high_noise,d5freq.phase_b1.compact_episode_audits.v1,3011,A,60.0,sluggish,10.0
P_old,True,derated,False,0.35230854456593097,1.0,68.01558247751589,phase-b1::final::sg-A::S6_sluggish_coincident_high_noise::P_old::seed-003011,S6_sluggish_coincident_high_noise,d5freq.phase_b1.compact_episode_audits.v1,3011,A,60.0,sluggish,20.0
P_old,True,derated,True,0.23470260366623977,0.6656394128685714,0.6885280889839827,phase-b1::final::sg-A::S6_sluggish_coincident_high_noise::P_old::seed-003012,S6_sluggish_coincident_high_noise,d5freq.phase_b1.compact_episode_audits.v1,3012,A,60.0,sluggish,2.0
P_old,True,derated,False,0.23308490376697732,0.9887170943328311,4.473119430954853,phase-b1::final::sg-A::S6_sluggish_coincident_high_noise::P_old::seed-003012,S6_sluggish_coincident_high_noise,d5freq.phase_b1.compact_episode_audits.v1,3012,A,60.0,sluggish,5.0
P_old,True,derated,False,0.25575219238321434,0.9999999687732429,17.281990477173736,phase-b1::final::sg-A::S6_sluggish_coincident_high_noise::P_old::seed-003012,S6_sluggish_coincident_high_noise,d5freq.phase_b1.compact_episode_audits.v1,3012,A,60.0,sluggish,10.0
P_old,True,derated,False,0.2715515094802913,1.0,48.32710542720264,phase-b1::final::sg-A::S6_sluggish_coincident_high_noise::P_old::seed-003012,S6_sluggish_coincident_high_noise,d5freq.phase_b1.compact_episode_audits.v1,3012,A,60.0,sluggish,20.0
P_old,True,derated,True,0.23477248768361977,0.6463740796803524,0.603138774750196,phase-b1::final::sg-A::S6_sluggish_coincident_high_noise::P_old::seed-003013,S6_sluggish_coincident_high_noise,d5freq.phase_b1.compact_episode_audits.v1,3013,A,60.0,sluggish,2.0
P_old,True,derated,False,0.23298430300775913,0.9883211406440844,4.438227371323869,phase-b1::final::sg-A::S6_sluggish_coincident_high_noise::P_old::seed-003013,S6_sluggish_coincident_high_noise,d5freq.phase_b1.compact_episode_audits.v1,3013,A,60.0,sluggish,5.0
P_old,True,derated,False,0.2352236639802449,0.999999964614673,17.156968561548325,phase-b1::final::sg-A::S6_sluggish_coincident_high_noise::P_old::seed-003013,S6_sluggish_coincident_high_noise,d5freq.phase_b1.compact_episode_audits.v1,3013,A,60.0,sluggish,10.0
P_old,True,derated,False,0.23253866966341033,1.0,42.76629912629119,phase-b1::final::sg-A::S6_sluggish_coincident_high_noise::P_old::seed-003013,S6_sluggish_coincident_high_noise,d5freq.phase_b1.compact_episode_audits.v1,3013,A,60.0,sluggish,20.0
P_old,False,derated,True,0.33920755844378536,4.637969132101912e-10,-21.49157434609843,phase-b1::final::sg-A::S6_sluggish_coincident_high_noise::P_old::seed-003014,S6_sluggish_coincident_high_noise,d5freq.phase_b1.compact_episode_audits.v1,3014,A,60.0,sluggish,2.0
P_old,False,derated,True,0.39117753881058537,7.175475967592173e-05,-9.542184611243925,phase-b1::final::sg-A::S6_sluggish_coincident_high_noise::P_old::seed-003014,S6_sluggish_coincident_high_noise,d5freq.phase_b1.compact_episode_audits.v1,3014,A,60.0,sluggish,5.0
P_old,True,derated,False,0.31082407059582434,0.9114681630930526,2.331694439085524,phase-b1::final::sg-A::S6_sluggish_coincident_high_noise::P_old::seed-003014,S6_sluggish_coincident_high_noise,d5freq.phase_b1.compact_episode_audits.v1,3014,A,60.0,sluggish,10.0
P_old,True,derated,False,0.27224707418008104,0.999999999999337,28.04198578170761,phase-b1::final::sg-A::S6_sluggish_coincident_high_noise::P_old::seed-003014,S6_sluggish_coincident_high_noise,d5freq.phase_b1.compact_episode_audits.v1,3014,A,60.0,sluggish,20.0
P_old,True,derated,False,0.4408339613123458,0.9633288614768932,3.2684048209531653,phase-b1::final::sg-A::S6_sluggish_coincident_high_noise::P_old::seed-003015,S6_sluggish_coincident_high_noise,d5freq.phase_b1.compact_episode_audits.v1,3015,A,60.0,sluggish,2.0
P_old,True,derated,False,0.37892297547865106,0.9999505241111766,9.913975624423927,phase-b1::final::sg-A::S6_sluggish_coincident_high_noise::P_old::seed-003015,S6_sluggish_coincident_high_noise,d5freq.phase_b1.compact_episode_audits.v1,3015,A,60.0,sluggish,5.0
P_old,True,derated,False,0.3187962196968717,0.9999999998956577,22.983343183401715,phase-b1::final::sg-A::S6_sluggish_coincident_high_noise::P_old::seed-003015,S6_sluggish_coincident_high_noise,d5freq.phase_b1.compact_episode_audits.v1,3015,A,60.0,sluggish,10.0
P_old,True,derated,False,0.2963668560734827,1.0,49.61697105388865,phase-b1::final::sg-A::S6_sluggish_coincident_high_noise::P_old::seed-003015,S6_sluggish_coincident_high_noise,d5freq.phase_b1.compact_episode_audits.v1,3015,A,60.0,sluggish,20.0
P_old,False,derated,True,0.3578944263378067,0.005816182338580809,-5.141278025844354,phase-b1::final::sg-A::S6_sluggish_coincident_high_noise::P_old::seed-003016,S6_sluggish_coincident_high_noise,d5freq.phase_b1.compact_episode_audits.v1,3016,A,60.0,sluggish,2.0
P_old,True,derated,True,0.3394214714058255,0.8801653167195727,1.993996596102619,phase-b1::final::sg-A::S6_sluggish_coincident_high_noise::P_old::seed-003016,S6_sluggish_coincident_high_noise,d5freq.phase_b1.compact_episode_audits.v1,3016,A,60.0,sluggish,5.0
P_old,True,derated,False,0.33498360295289364,0.9999999866534333,18.132006634838532,phase-b1::final::sg-A::S6_sluggish_coincident_high_noise::P_old::seed-003016,S6_sluggish_coincident_high_noise,d5freq.phase_b1.compact_episode_audits.v1,3016,A,60.0,sluggish,10.0
P_old,True,derated,False,0.3227723425732698,1.0,46.60232161808494,phase-b1::final::sg-A::S6_sluggish_coincident_high_noise::P_old::seed-003016,S6_sluggish_coincident_high_noise,d5freq.phase_b1.compact_episode_audits.v1,3016,A,60.0,sluggish,20.0
P_old,False,derated,True,0.34542310347691185,0.011449639361263239,-4.4582813551653935,phase-b1::final::sg-A::S6_sluggish_coincident_high_noise::P_old::seed-003017,S6_sluggish_coincident_high_noise,d5freq.phase_b1.compact_episode_audits.v1,3017,A,60.0,sluggish,2.0
P_old,True,derated,False,0.3326302976045331,0.9272009810190553,2.544467870494323,phase-b1::final::sg-A::S6_sluggish_coincident_high_noise::P_old::seed-003017,S6_sluggish_coincident_high_noise,d5freq.phase_b1.compact_episode_audits.v1,3017,A,60.0,sluggish,5.0
P_old,True,derated,False,0.35198950674192586,0.9999999980727066,20.067149147744388,phase-b1::final::sg-A::S6_sluggish_coincident_high_noise::P_old::seed-003017,S6_sluggish_coincident_high_noise,d5freq.phase_b1.compact_episode_audits.v1,3017,A,60.0,sluggish,10.0
P_old,True,derated,False,0.3095348942572721,1.0,45.945483126463216,phase-b1::final::sg-A::S6_sluggish_coincident_high_noise::P_old::seed-003017,S6_sluggish_coincident_high_noise,d5freq.phase_b1.compact_episode_audits.v1,3017,A,60.0,sluggish,20.0
P_old,True,derated,True,0.2346744646492759,0.6818417242646843,0.7622485736559099,phase-b1::final::sg-A::S6_sluggish_coincident_high_noise::P_old::seed-003018,S6_sluggish_coincident_high_noise,d5freq.phase_b1.compact_episode_audits.v1,3018,A,60.0,sluggish,2.0
P_old,True,derated,False,0.23275900764666754,0.991084354063139,4.710991947101434,phase-b1::final::sg-A::S6_sluggish_coincident_high_noise::P_old::seed-003018,S6_sluggish_coincident_high_noise,d5freq.phase_b1.compact_episode_audits.v1,3018,A,60.0,sluggish,5.0
P_old,True,derated,False,0.2514368818761814,0.9999999892269703,18.346220076258646,phase-b1::final::sg-A::S6_sluggish_coincident_high_noise::P_old::seed-003018,S6_sluggish_coincident_high_noise,d5freq.phase_b1.compact_episode_audits.v1,3018,A,60.0,sluggish,10.0
P_old,True,derated,False,0.2917542665480031,1.0,50.228375552539575,phase-b1::final::sg-A::S6_sluggish_coincident_high_noise::P_old::seed-003018,S6_sluggish_coincident_high_noise,d5freq.phase_b1.compact_episode_audits.v1,3018,A,60.0,sluggish,20.0
P_old,True,derated,False,0.3946066494483591,0.9941344139607664,5.132770024275523,phase-b1::final::sg-A::S6_sluggish_coincident_high_noise::P_old::seed-003019,S6_sluggish_coincident_high_noise,d5freq.phase_b1.compact_episode_audits.v1,3019,A,60.0,sluggish,2.0
P_old,True,derated,False,0.42218613099043284,0.9999999895268848,18.37445432299296,phase-b1::final::sg-A::S6_sluggish_coincident_high_noise::P_old::seed-003019,S6_sluggish_coincident_high_noise,d5freq.phase_b1.compact_episode_audits.v1,3019,A,60.0,sluggish,5.0
P_old,True,derated,False,0.36029302139513725,0.9999999999999984,34.08498996306339,phase-b1::final::sg-A::S6_sluggish_coincident_high_noise::P_old::seed-003019,S6_sluggish_coincident_high_noise,d5freq.phase_b1.compact_episode_audits.v1,3019,A,60.0,sluggish,10.0
P_old,True,derated,False,0.29598853754492016,1.0,59.660891700741104,phase-b1::final::sg-A::S6_sluggish_coincident_high_noise::P_old::seed-003019,S6_sluggish_coincident_high_noise,d5freq.phase_b1.compact_episode_audits.v1,3019,A,60.0,sluggish,20.0
P_old,True,derated,True,0.2625204854564594,0.7540217474946275,1.1201780828483265,phase-b1::final::sg-A::S6_sluggish_coincident_high_noise::P_old::seed-003020,S6_sluggish_coincident_high_noise,d5freq.phase_b1.compact_episode_audits.v1,3020,A,60.0,sluggish,2.0
P_old,True,derated,False,0.38006711475114113,0.9999992457774913,14.097577653752467,phase-b1::final::sg-A::S6_sluggish_coincident_high_noise::P_old::seed-003020,S6_sluggish_coincident_high_noise,d5freq.phase_b1.compact_episode_audits.v1,3020,A,60.0,sluggish,5.0
P_old,True,derated,False,0.3587875037247339,0.9999999999995066,28.33749006608501,phase-b1::final::sg-A::S6_sluggish_coincident_high_noise::P_old::seed-003020,S6_sluggish_coincident_high_noise,d5freq.phase_b1.compact_episode_audits.v1,3020,A,60.0,sluggish,10.0
P_old,True,derated,False,0.29418443781643944,1.0,53.92583798962289,phase-b1::final::sg-A::S6_sluggish_coincident_high_noise::P_old::seed-003020,S6_sluggish_coincident_high_noise,d5freq.phase_b1.compact_episode_audits.v1,3020,A,60.0,sluggish,20.0
P_old,True,derated,True,0.26937988737295765,0.8083521323967121,1.4393613390282916,phase-b1::final::sg-A::S6_sluggish_coincident_high_noise::P_old::seed-003021,S6_sluggish_coincident_high_noise,d5freq.phase_b1.compact_episode_audits.v1,3021,A,60.0,sluggish,2.0
P_old,True,derated,False,0.2661824472427711,0.9995413052835255,7.6866668749557405,phase-b1::final::sg-A::S6_sluggish_coincident_high_noise::P_old::seed-003021,S6_sluggish_coincident_high_noise,d5freq.phase_b1.compact_episode_audits.v1,3021,A,60.0,sluggish,5.0
P_old,True,derated,False,0.2937574826301864,0.9999999995738131,21.576143234774335,phase-b1::final::sg-A::S6_sluggish_coincident_high_noise::P_old::seed-003021,S6_sluggish_coincident_high_noise,d5freq.phase_b1.compact_episode_audits.v1,3021,A,60.0,sluggish,10.0
P_old,True,derated,False,0.2615596414758016,1.0,46.95876103343187,phase-b1::final::sg-A::S6_sluggish_coincident_high_noise::P_old::seed-003021,S6_sluggish_coincident_high_noise,d5freq.phase_b1.compact_episode_audits.v1,3021,A,60.0,sluggish,20.0
P_old,True,derated,False,0.3931691179599375,0.9323363932007132,2.6231452168379086,phase-b1::final::sg-A::S6_sluggish_coincident_high_noise::P_old::seed-003022,S6_sluggish_coincident_high_noise,d5freq.phase_b1.compact_episode_audits.v1,3022,A,60.0,sluggish,2.0
P_old,True,derated,False,0.3638443028642418,0.9999240589637062,9.485477413116449,phase-b1::final::sg-A::S6_sluggish_coincident_high_noise::P_old::seed-003022,S6_sluggish_coincident_high_noise,d5freq.phase_b1.compact_episode_audits.v1,3022,A,60.0,sluggish,5.0
P_old,True,derated,False,0.4001631533989588,0.9999999999999896,32.203583064477684,phase-b1::final::sg-A::S6_sluggish_coincident_high_noise::P_old::seed-003022,S6_sluggish_coincident_high_noise,d5freq.phase_b1.compact_episode_audits.v1,3022,A,60.0,sluggish,10.0
P_old,True,derated,False,0.349971700407007,1.0,58.79097391197931,phase-b1::final::sg-A::S6_sluggish_coincident_high_noise::P_old::seed-003022,S6_sluggish_coincident_high_noise,d5freq.phase_b1.compact_episode_audits.v1,3022,A,60.0,sluggish,20.0
P_old,True,derated,False,0.30075188795030905,0.886703664745499,2.057504017385906,phase-b1::final::sg-A::S6_sluggish_coincident_high_noise::P_old::seed-003023,S6_sluggish_coincident_high_noise,d5freq.phase_b1.compact_episode_audits.v1,3023,A,60.0,sluggish,2.0
P_old,True,derated,False,0.32265820939016165,0.9999342909331276,9.630207926622731,phase-b1::final::sg-A::S6_sluggish_coincident_high_noise::P_old::seed-003023,S6_sluggish_coincident_high_noise,d5freq.phase_b1.compact_episode_audits.v1,3023,A,60.0,sluggish,5.0
P_old,True,derated,False,0.3024586014489733,0.9999999998726554,22.784123762177586,phase-b1::final::sg-A::S6_sluggish_coincident_high_noise::P_old::seed-003023,S6_sluggish_coincident_high_noise,d5freq.phase_b1.compact_episode_audits.v1,3023,A,60.0,sluggish,10.0
P_old,True,derated,False,0.32319111307351683,1.0,59.13854172265275,phase-b1::final::sg-A::S6_sluggish_coincident_high_noise::P_old::seed-003023,S6_sluggish_coincident_high_noise,d5freq.phase_b1.compact_episode_audits.v1,3023,A,60.0,sluggish,20.0
P_old,False,derated,True,0.23755985348427777,0.3687706115849263,-0.537494526125311,phase-b1::final::sg-A::S6_sluggish_coincident_high_noise::P_old::seed-003024,S6_sluggish_coincident_high_noise,d5freq.phase_b1.compact_episode_audits.v1,3024,A,60.0,sluggish,2.0
P_old,True,derated,False,0.2340756234428544,0.9576455823356517,3.11840502484646,phase-b1::final::sg-A::S6_sluggish_coincident_high_noise::P_old::seed-003024,S6_sluggish_coincident_high_noise,d5freq.phase_b1.compact_episode_audits.v1,3024,A,60.0,sluggish,5.0
P_old,True,derated,False,0.23332742289813252,0.9999998429634442,15.6667870619669,phase-b1::final::sg-A::S6_sluggish_coincident_high_noise::P_old::seed-003024,S6_sluggish_coincident_high_noise,d5freq.phase_b1.compact_episode_audits.v1,3024,A,60.0,sluggish,10.0
P_old,True,derated,False,0.30729529873005357,1.0,51.84215798737725,phase-b1::final::sg-A::S6_sluggish_coincident_high_noise::P_old::seed-003024,S6_sluggish_coincident_high_noise,d5freq.phase_b1.compact_episode_audits.v1,3024,A,60.0,sluggish,20.0
P_old,True,derated,False,0.5104616450012718,0.9949823748769822,5.289768284609874,phase-b1::final::sg-A::S6_sluggish_coincident_high_noise::P_old::seed-003025,S6_sluggish_coincident_high_noise,d5freq.phase_b1.compact_episode_audits.v1,3025,A,60.0,sluggish,2.0
P_old,True,derated,False,0.34463203011266175,0.9997189063828773,8.176541653963255,phase-b1::final::sg-A::S6_sluggish_coincident_high_noise::P_old::seed-003025,S6_sluggish_coincident_high_noise,d5freq.phase_b1.compact_episode_audits.v1,3025,A,60.0,sluggish,5.0
P_old,True,derated,False,0.2884819337825154,0.9999999982551868,20.16661835558675,phase-b1::final::sg-A::S6_sluggish_coincident_high_noise::P_old::seed-003025,S6_sluggish_coincident_high_noise,d5freq.phase_b1.compact_episode_audits.v1,3025,A,60.0,sluggish,10.0
P_old,True,derated,False,0.3223341858381311,1.0,53.05307731424713,phase-b1::final::sg-A::S6_sluggish_coincident_high_noise::P_old::seed-003025,S6_sluggish_coincident_high_noise,d5freq.phase_b1.compact_episode_audits.v1,3025,A,60.0,sluggish,20.0
P_old,True,derated,False,0.3325730656257297,0.9902964808339991,4.625515753552914,phase-b1::final::sg-A::S6_sluggish_coincident_high_noise::P_old::seed-003026,S6_sluggish_coincident_high_noise,d5freq.phase_b1.compact_episode_audits.v1,3026,A,60.0,sluggish,2.0
P_old,True,derated,False,0.2709145218856067,0.9999740163393778,10.558016671100383,phase-b1::final::sg-A::S6_sluggish_coincident_high_noise::P_old::seed-003026,S6_sluggish_coincident_high_noise,d5freq.phase_b1.compact_episode_audits.v1,3026,A,60.0,sluggish,5.0
P_old,True,derated,False,0.25886817780436566,0.9999999999364633,23.479401984422736,phase-b1::final::sg-A::S6_sluggish_coincident_high_noise::P_old::seed-003026,S6_sluggish_coincident_high_noise,d5freq.phase_b1.compact_episode_audits.v1,3026,A,60.0,sluggish,10.0
P_old,True,derated,False,0.2920216576938507,1.0,57.40073215148112,phase-b1::final::sg-A::S6_sluggish_coincident_high_noise::P_old::seed-003026,S6_sluggish_coincident_high_noise,d5freq.phase_b1.compact_episode_audits.v1,3026,A,60.0,sluggish,20.0
P_old,True,derated,True,0.23465126249272542,0.6680696460372194,0.6994672589470241,phase-b1::final::sg-A::S6_sluggish_coincident_high_noise::P_old::seed-003027,S6_sluggish_coincident_high_noise,d5freq.phase_b1.compact_episode_audits.v1,3027,A,60.0,sluggish,2.0
P_old,True,derated,False,0.2328324826808828,0.990607336662384,4.658389337876066,phase-b1::final::sg-A::S6_sluggish_coincident_high_noise::P_old::seed-003027,S6_sluggish_coincident_high_noise,d5freq.phase_b1.compact_episode_audits.v1,3027,A,60.0,sluggish,5.0
P_old,True,derated,False,0.2314782767399061,0.9999999715124682,17.373799300925356,phase-b1::final::sg-A::S6_sluggish_coincident_high_noise::P_old::seed-003027,S6_sluggish_coincident_high_noise,d5freq.phase_b1.compact_episode_audits.v1,3027,A,60.0,sluggish,10.0
P_old,True,derated,False,0.2666137070182698,1.0,46.62493998341455,phase-b1::final::sg-A::S6_sluggish_coincident_high_noise::P_old::seed-003027,S6_sluggish_coincident_high_noise,d5freq.phase_b1.compact_episode_audits.v1,3027,A,60.0,sluggish,20.0
P_old,True,derated,True,0.23787992933244867,0.7012898602774438,0.8534476261506541,phase-b1::final::sg-A::S6_sluggish_coincident_high_noise::P_old::seed-003028,S6_sluggish_coincident_high_noise,d5freq.phase_b1.compact_episode_audits.v1,3028,A,60.0,sluggish,2.0
P_old,True,derated,False,0.2739136991795313,0.9997443732012172,8.271536334912177,phase-b1::final::sg-A::S6_sluggish_coincident_high_noise::P_old::seed-003028,S6_sluggish_coincident_high_noise,d5freq.phase_b1.compact_episode_audits.v1,3028,A,60.0,sluggish,5.0
P_old,True,derated,False,0.31332550474036597,0.9999999997325195,22.041974666459296,phase-b1::final::sg-A::S6_sluggish_coincident_high_noise::P_old::seed-003028,S6_sluggish_coincident_high_noise,d5freq.phase_b1.compact_episode_audits.v1,3028,A,60.0,sluggish,10.0
P_old,True,derated,False,0.2828141595171198,1.0,48.10825111854726,phase-b1::final::sg-A::S6_sluggish_coincident_high_noise::P_old::seed-003028,S6_sluggish_coincident_high_noise,d5freq.phase_b1.compact_episode_audits.v1,3028,A,60.0,sluggish,20.0
P_old,True,derated,False,0.3912342625807893,0.9988033607696359,6.727040936910463,phase-b1::final::sg-A::S6_sluggish_coincident_high_noise::P_old::seed-003029,S6_sluggish_coincident_high_noise,d5freq.phase_b1.compact_episode_audits.v1,3029,A,60.0,sluggish,2.0
P_old,True,derated,False,0.3062438237449476,0.999944273915946,9.795006497605833,phase-b1::final::sg-A::S6_sluggish_coincident_high_noise::P_old::seed-003029,S6_sluggish_coincident_high_noise,d5freq.phase_b1.compact_episode_audits.v1,3029,A,60.0,sluggish,5.0
P_old,True,derated,False,0.3475122841664694,0.9999999999999847,31.805951119106595,phase-b1::final::sg-A::S6_sluggish_coincident_high_noise::P_old::seed-003029,S6_sluggish_coincident_high_noise,d5freq.phase_b1.compact_episode_audits.v1,3029,A,60.0,sluggish,10.0
P_old,True,derated,False,0.34510247333154903,1.0,61.77701171927555,phase-b1::final::sg-A::S6_sluggish_coincident_high_noise::P_old::seed-003029,S6_sluggish_coincident_high_noise,d5freq.phase_b1.compact_episode_audits.v1,3029,A,60.0,sluggish,20.0
P_old,True,derated,True,0.23461784672837402,0.6759748199725264,0.7353345978811028,phase-b1::final::sg-B::S6_sluggish_coincident_high_noise::P_old::seed-003000,S6_sluggish_coincident_high_noise,d5freq.phase_b1.compact_episode_audits.v1,3000,B,60.0,sluggish,2.0
P_old,True,derated,False,0.2325897153624959,0.9970038936600043,5.8074411163147275,phase-b1::final::sg-B::S6_sluggish_coincident_high_noise::P_old::seed-003000,S6_sluggish_coincident_high_noise,d5freq.phase_b1.compact_episode_audits.v1,3000,B,60.0,sluggish,5.0
P_old,True,derated,False,0.23097768734826793,0.9999999896521247,18.38648461904259,phase-b1::final::sg-B::S6_sluggish_coincident_high_noise::P_old::seed-003000,S6_sluggish_coincident_high_noise,d5freq.phase_b1.compact_episode_audits.v1,3000,B,60.0,sluggish,10.0
P_old,True,derated,False,0.29411849822395225,1.0,51.4890291769851,phase-b1::final::sg-B::S6_sluggish_coincident_high_noise::P_old::seed-003000,S6_sluggish_coincident_high_noise,d5freq.phase_b1.compact_episode_audits.v1,3000,B,60.0,sluggish,20.0
P_old,True,derated,False,0.32810008772200866,0.8851294783167486,2.041928341832449,phase-b1::final::sg-B::S6_sluggish_coincident_high_noise::P_old::seed-003001,S6_sluggish_coincident_high_noise,d5freq.phase_b1.compact_episode_audits.v1,3001,B,60.0,sluggish,2.0
P_old,True,derated,False,0.33864848718939294,0.9999799067512946,10.815106591174782,phase-b1::final::sg-B::S6_sluggish_coincident_high_noise::P_old::seed-003001,S6_sluggish_coincident_high_noise,d5freq.phase_b1.compact_episode_audits.v1,3001,B,60.0,sluggish,5.0
P_old,True,derated,False,0.28522231850915813,0.9999999999278215,23.35187784454004,phase-b1::final::sg-B::S6_sluggish_coincident_high_noise::P_old::seed-003001,S6_sluggish_coincident_high_noise,d5freq.phase_b1.compact_episode_audits.v1,3001,B,60.0,sluggish,10.0
P_old,True,derated,False,0.2572060145867635,1.0,48.924202037407014,phase-b1::final::sg-B::S6_sluggish_coincident_high_noise::P_old::seed-003001,S6_sluggish_coincident_high_noise,d5freq.phase_b1.compact_episode_audits.v1,3001,B,60.0,sluggish,20.0
P_old,True,derated,True,0.23483190951884436,0.670843741980938,0.7120036501013729,phase-b1::final::sg-B::S6_sluggish_coincident_high_noise::P_old::seed-003002,S6_sluggish_coincident_high_noise,d5freq.phase_b1.compact_episode_audits.v1,3002,B,60.0,sluggish,2.0
P_old,True,derated,False,0.23292972343692106,0.996698102546105,5.709950628975271,phase-b1::final::sg-B::S6_sluggish_coincident_high_noise::P_old::seed-003002,S6_sluggish_coincident_high_noise,d5freq.phase_b1.compact_episode_audits.v1,3002,B,60.0,sluggish,5.0
P_old,True,derated,False,0.24876707173396378,0.9999999950367375,19.121202552150095,phase-b1::final::sg-B::S6_sluggish_coincident_high_noise::P_old::seed-003002,S6_sluggish_coincident_high_noise,d5freq.phase_b1.compact_episode_audits.v1,3002,B,60.0,sluggish,10.0
P_old,True,derated,False,0.24393211644693819,1.0,44.8738502201187,phase-b1::final::sg-B::S6_sluggish_coincident_high_noise::P_old::seed-003002,S6_sluggish_coincident_high_noise,d5freq.phase_b1.compact_episode_audits.v1,3002,B,60.0,sluggish,20.0
P_old,True,derated,False,0.2702082863276848,0.9475125255770811,2.89326559776395,phase-b1::final::sg-B::S6_sluggish_coincident_high_noise::P_old::seed-003003,S6_sluggish_coincident_high_noise,d5freq.phase_b1.compact_episode_audits.v1,3003,B,60.0,sluggish,2.0
P_old,True,derated,False,0.35955722283062125,0.9999999871399902,18.169143343001657,phase-b1::final::sg-B::S6_sluggish_coincident_high_noise::P_old::seed-003003,S6_sluggish_coincident_high_noise,d5freq.phase_b1.compact_episode_audits.v1,3003,B,60.0,sluggish,5.0
P_old,True,derated,False,0.33463182860823415,0.9999999999999984,34.13066045327143,phase-b1::final::sg-B::S6_sluggish_coincident_high_noise::P_old::seed-003003,S6_sluggish_coincident_high_noise,d5freq.phase_b1.compact_episode_audits.v1,3003,B,60.0,sluggish,10.0
P_old,True,derated,False,0.2867426310973021,1.0,59.47310484186929,phase-b1::final::sg-B::S6_sluggish_coincident_high_noise::P_old::seed-003003,S6_sluggish_coincident_high_noise,d5freq.phase_b1.compact_episode_audits.v1,3003,B,60.0,sluggish,20.0
P_old,True,derated,True,0.3085916884521687,0.7693261992531443,1.204510471284447,phase-b1::final::sg-B::S6_sluggish_coincident_high_noise::P_old::seed-003004,S6_sluggish_coincident_high_noise,d5freq.phase_b1.compact_episode_audits.v1,3004,B,60.0,sluggish,2.0
P_old,True,derated,False,0.26105843781195304,0.998455695699679,6.471636263130883,phase-b1::final::sg-B::S6_sluggish_coincident_high_noise::P_old::seed-003004,S6_sluggish_coincident_high_noise,d5freq.phase_b1.compact_episode_audits.v1,3004,B,60.0,sluggish,5.0
P_old,True,derated,False,0.2461937695106457,0.9999999942568334,18.97525510261123,phase-b1::final::sg-B::S6_sluggish_coincident_high_noise::P_old::seed-003004,S6_sluggish_coincident_high_noise,d5freq.phase_b1.compact_episode_audits.v1,3004,B,60.0,sluggish,10.0
P_old,True,derated,False,0.2431382977004696,1.0,44.83401925890513,phase-b1::final::sg-B::S6_sluggish_coincident_high_noise::P_old::seed-003004,S6_sluggish_coincident_high_noise,d5freq.phase_b1.compact_episode_audits.v1,3004,B,60.0,sluggish,20.0
P_old,True,derated,True,0.31637803173407103,0.6646669403269148,0.6841618276721348,phase-b1::final::sg-B::S6_sluggish_coincident_high_noise::P_old::seed-003005,S6_sluggish_coincident_high_noise,d5freq.phase_b1.compact_episode_audits.v1,3005,B,60.0,sluggish,2.0
P_old,True,derated,False,0.26456257510964865,0.9990037083978817,6.910473781787822,phase-b1::final::sg-B::S6_sluggish_coincident_high_noise::P_old::seed-003005,S6_sluggish_coincident_high_noise,d5freq.phase_b1.compact_episode_audits.v1,3005,B,60.0,sluggish,5.0
P_old,True,derated,False,0.24694857319307717,0.9999999962266706,19.39530808351141,phase-b1::final::sg-B::S6_sluggish_coincident_high_noise::P_old::seed-003005,S6_sluggish_coincident_high_noise,d5freq.phase_b1.compact_episode_audits.v1,3005,B,60.0,sluggish,10.0
P_old,True,derated,False,0.2595160444928237,1.0,47.280847352748,phase-b1::final::sg-B::S6_sluggish_coincident_high_noise::P_old::seed-003005,S6_sluggish_coincident_high_noise,d5freq.phase_b1.compact_episode_audits.v1,3005,B,60.0,sluggish,20.0
P_old,True,derated,True,0.2751673656691836,0.8133503989040204,1.4719289434763887,phase-b1::final::sg-B::S6_sluggish_coincident_high_noise::P_old::seed-003006,S6_sluggish_coincident_high_noise,d5freq.phase_b1.compact_episode_audits.v1,3006,B,60.0,sluggish,2.0
P_old,True,derated,False,0.30743824392028546,0.9993570550949537,7.3488083699354405,phase-b1::final::sg-B::S6_sluggish_coincident_high_noise::P_old::seed-003006,S6_sluggish_coincident_high_noise,d5freq.phase_b1.compact_episode_audits.v1,3006,B,60.0,sluggish,5.0
P_old,True,derated,False,0.2683886168454348,0.9999999975537084,19.828692593083872,phase-b1::final::sg-B::S6_sluggish_coincident_high_noise::P_old::seed-003006,S6_sluggish_coincident_high_noise,d5freq.phase_b1.compact_episode_audits.v1,3006,B,60.0,sluggish,10.0
P_old,True,derated,False,0.2861996867896034,1.0,50.957995501609304,phase-b1::final::sg-B::S6_sluggish_coincident_high_noise::P_old::seed-003006,S6_sluggish_coincident_high_noise,d5freq.phase_b1.compact_episode_audits.v1,3006,B,60.0,sluggish,20.0
P_old,True,derated,True,0.23460908439171285,0.6842816054165621,0.7735188768316945,phase-b1::final::sg-B::S6_sluggish_coincident_high_noise::P_old::seed-003007,S6_sluggish_coincident_high_noise,d5freq.phase_b1.compact_episode_audits.v1,3007,B,60.0,sluggish,2.0
P_old,True,derated,False,0.23261694981771006,0.9971231896724663,5.848192167455636,phase-b1::final::sg-B::S6_sluggish_coincident_high_noise::P_old::seed-003007,S6_sluggish_coincident_high_noise,d5freq.phase_b1.compact_episode_audits.v1,3007,B,60.0,sluggish,5.0
P_old,True,derated,False,0.23222349718984617,0.99999998829094,18.262902914460597,phase-b1::final::sg-B::S6_sluggish_coincident_high_noise::P_old::seed-003007,S6_sluggish_coincident_high_noise,d5freq.phase_b1.compact_episode_audits.v1,3007,B,60.0,sluggish,10.0
P_old,True,derated,False,0.2758335134989685,1.0,51.07999374395814,phase-b1::final::sg-B::S6_sluggish_coincident_high_noise::P_old::seed-003007,S6_sluggish_coincident_high_noise,d5freq.phase_b1.compact_episode_audits.v1,3007,B,60.0,sluggish,20.0
P_old,True,derated,True,0.23472685368076368,0.6860309429048304,0.7816282962143433,phase-b1::final::sg-B::S6_sluggish_coincident_high_noise::P_old::seed-003008,S6_sluggish_coincident_high_noise,d5freq.phase_b1.compact_episode_audits.v1,3008,B,60.0,sluggish,2.0
P_old,True,derated,False,0.23273202869836576,0.9970687304898875,5.829384095795348,phase-b1::final::sg-B::S6_sluggish_coincident_high_noise::P_old::seed-003008,S6_sluggish_coincident_high_noise,d5freq.phase_b1.compact_episode_audits.v1,3008,B,60.0,sluggish,5.0
P_old,True,derated,False,0.24158943318103376,0.9999999954483623,19.207778712926242,phase-b1::final::sg-B::S6_sluggish_coincident_high_noise::P_old::seed-003008,S6_sluggish_coincident_high_noise,d5freq.phase_b1.compact_episode_audits.v1,3008,B,60.0,sluggish,10.0
P_old,True,derated,False,0.2709945769236206,1.0,50.04052372631523,phase-b1::final::sg-B::S6_sluggish_coincident_high_noise::P_old::seed-003008,S6_sluggish_coincident_high_noise,d5freq.phase_b1.compact_episode_audits.v1,3008,B,60.0,sluggish,20.0
P_old,True,derated,True,0.3271862776467882,0.8202459185645443,1.518014493464392,phase-b1::final::sg-B::S6_sluggish_coincident_high_noise::P_old::seed-003009,S6_sluggish_coincident_high_noise,d5freq.phase_b1.compact_episode_audits.v1,3009,B,60.0,sluggish,2.0
P_old,True,derated,False,0.35709113048014185,0.9999965153518325,12.567139990439756,phase-b1::final::sg-B::S6_sluggish_coincident_high_noise::P_old::seed-003009,S6_sluggish_coincident_high_noise,d5freq.phase_b1.compact_episode_audits.v1,3009,B,60.0,sluggish,5.0
P_old,True,derated,False,0.294573050922043,0.999999999973592,24.35735070342409,phase-b1::final::sg-B::S6_sluggish_coincident_high_noise::P_old::seed-003009,S6_sluggish_coincident_high_noise,d5freq.phase_b1.compact_episode_audits.v1,3009,B,60.0,sluggish,10.0
P_old,True,derated,False,0.2622086508142183,1.0,49.73203274449858,phase-b1::final::sg-B::S6_sluggish_coincident_high_noise::P_old::seed-003009,S6_sluggish_coincident_high_noise,d5freq.phase_b1.compact_episode_audits.v1,3009,B,60.0,sluggish,20.0
P_old,True,derated,True,0.2486901628351448,0.7465396448663576,1.080241302430938,phase-b1::final::sg-B::S6_sluggish_coincident_high_noise::P_old::seed-003010,S6_sluggish_coincident_high_noise,d5freq.phase_b1.compact_episode_audits.v1,3010,B,60.0,sluggish,2.0
P_old,True,derated,False,0.2452887540575602,0.9992897645291341,7.249203505998054,phase-b1::final::sg-B::S6_sluggish_coincident_high_noise::P_old::seed-003010,S6_sluggish_coincident_high_noise,d5freq.phase_b1.compact_episode_audits.v1,3010,B,60.0,sluggish,5.0
P_old,True,derated,False,0.2696419824935203,0.999999999808848,22.377952118158476,phase-b1::final::sg-B::S6_sluggish_coincident_high_noise::P_old::seed-003010,S6_sluggish_coincident_high_noise,d5freq.phase_b1.compact_episode_audits.v1,3010,B,60.0,sluggish,10.0
P_old,True,derated,False,0.2944526352139594,1.0,54.99432331205608,phase-b1::final::sg-B::S6_sluggish_coincident_high_noise::P_old::seed-003010,S6_sluggish_coincident_high_noise,d5freq.phase_b1.compact_episode_audits.v1,3010,B,60.0,sluggish,20.0
P_old,True,derated,True,0.2346754741707585,0.6783444022382917,0.7461737258961563,phase-b1::final::sg-B::S6_sluggish_coincident_high_noise::P_old::seed-003011,S6_sluggish_coincident_high_noise,d5freq.phase_b1.compact_episode_audits.v1,3011,B,60.0,sluggish,2.0
P_old,True,derated,False,0.23263970263229608,0.9970474493225994,5.822128927752253,phase-b1::final::sg-B::S6_sluggish_coincident_high_noise::P_old::seed-003011,S6_sluggish_coincident_high_noise,d5freq.phase_b1.compact_episode_audits.v1,3011,B,60.0,sluggish,5.0
P_old,True,derated,False,0.25635587033057555,0.9999999968327313,19.570396273582148,phase-b1::final::sg-B::S6_sluggish_coincident_high_noise::P_old::seed-003011,S6_sluggish_coincident_high_noise,d5freq.phase_b1.compact_episode_audits.v1,3011,B,60.0,sluggish,10.0
P_old,True,derated,False,0.24284304601526546,1.0,45.08329141457594,phase-b1::final::sg-B::S6_sluggish_coincident_high_noise::P_old::seed-003011,S6_sluggish_coincident_high_noise,d5freq.phase_b1.compact_episode_audits.v1,3011,B,60.0,sluggish,20.0
P_old,True,derated,True,0.29559692608468424,0.7570418826332128,1.136529507061237,phase-b1::final::sg-B::S6_sluggish_coincident_high_noise::P_old::seed-003012,S6_sluggish_coincident_high_noise,d5freq.phase_b1.compact_episode_audits.v1,3012,B,60.0,sluggish,2.0
P_old,True,derated,False,0.25925628299625625,0.9957604840411501,5.459057648716431,phase-b1::final::sg-B::S6_sluggish_coincident_high_noise::P_old::seed-003012,S6_sluggish_coincident_high_noise,d5freq.phase_b1.compact_episode_audits.v1,3012,B,60.0,sluggish,5.0
P_old,True,derated,False,0.24872892554479006,0.9999999857800905,18.068622766476494,phase-b1::final::sg-B::S6_sluggish_coincident_high_noise::P_old::seed-003012,S6_sluggish_coincident_high_noise,d5freq.phase_b1.compact_episode_audits.v1,3012,B,60.0,sluggish,10.0
P_old,True,derated,False,0.2598292156715652,1.0,46.921201804923356,phase-b1::final::sg-B::S6_sluggish_coincident_high_noise::P_old::seed-003012,S6_sluggish_coincident_high_noise,d5freq.phase_b1.compact_episode_audits.v1,3012,B,60.0,sluggish,20.0
P_old,True,derated,False,0.36362206914472894,0.9863003946124111,4.2765939394599535,phase-b1::final::sg-B::S6_sluggish_coincident_high_noise::P_old::seed-003013,S6_sluggish_coincident_high_noise,d5freq.phase_b1.compact_episode_audits.v1,3013,B,60.0,sluggish,2.0
P_old,True,derated,False,0.5034717254018062,0.999999999999962,30.90168839789854,phase-b1::final::sg-B::S6_sluggish_coincident_high_noise::P_old::seed-003013,S6_sluggish_coincident_high_noise,d5freq.phase_b1.compact_episode_audits.v1,3013,B,60.0,sluggish,5.0
P_old,True,derated,False,0.49971306758978196,1.0,60.4203082091832,phase-b1::final::sg-B::S6_sluggish_coincident_high_noise::P_old::seed-003013,S6_sluggish_coincident_high_noise,d5freq.phase_b1.compact_episode_audits.v1,3013,B,60.0,sluggish,10.0
P_old,True,derated,False,0.3646929093512723,1.0,85.6374019092523,phase-b1::final::sg-B::S6_sluggish_coincident_high_noise::P_old::seed-003013,S6_sluggish_coincident_high_noise,d5freq.phase_b1.compact_episode_audits.v1,3013,B,60.0,sluggish,20.0
P_old,True,derated,True,0.23453994557719837,0.7597948836263196,1.151555296995852,phase-b1::final::sg-B::S6_sluggish_coincident_high_noise::P_old::seed-003014,S6_sluggish_coincident_high_noise,d5freq.phase_b1.compact_episode_audits.v1,3014,B,60.0,sluggish,2.0
P_old,True,derated,False,0.23258874021406672,0.9983295206766492,6.392972797635565,phase-b1::final::sg-B::S6_sluggish_coincident_high_noise::P_old::seed-003014,S6_sluggish_coincident_high_noise,d5freq.phase_b1.compact_episode_audits.v1,3014,B,60.0,sluggish,5.0
P_old,True,derated,False,0.23097724761678862,0.9999999940382756,18.93790607122982,phase-b1::final::sg-B::S6_sluggish_coincident_high_noise::P_old::seed-003014,S6_sluggish_coincident_high_noise,d5freq.phase_b1.compact_episode_audits.v1,3014,B,60.0,sluggish,10.0
P_old,True,derated,False,0.24405405062998917,1.0,45.36463938408022,phase-b1::final::sg-B::S6_sluggish_coincident_high_noise::P_old::seed-003014,S6_sluggish_coincident_high_noise,d5freq.phase_b1.compact_episode_audits.v1,3014,B,60.0,sluggish,20.0
P_old,True,derated,True,0.23827452002493282,0.6601602742944153,0.6640085338945845,phase-b1::final::sg-B::S6_sluggish_coincident_high_noise::P_old::seed-003015,S6_sluggish_coincident_high_noise,d5freq.phase_b1.compact_episode_audits.v1,3015,B,60.0,sluggish,2.0
P_old,True,derated,False,0.23792890491049817,0.9983623031741753,6.412825359384044,phase-b1::final::sg-B::S6_sluggish_coincident_high_noise::P_old::seed-003015,S6_sluggish_coincident_high_noise,d5freq.phase_b1.compact_episode_audits.v1,3015,B,60.0,sluggish,5.0
P_old,True,derated,False,0.24547520163588885,0.999999995381865,19.193274917297742,phase-b1::final::sg-B::S6_sluggish_coincident_high_noise::P_old::seed-003015,S6_sluggish_coincident_high_noise,d5freq.phase_b1.compact_episode_audits.v1,3015,B,60.0,sluggish,10.0
P_old,True,derated,False,0.2609723669481342,1.0,48.68697250470365,phase-b1::final::sg-B::S6_sluggish_coincident_high_noise::P_old::seed-003015,S6_sluggish_coincident_high_noise,d5freq.phase_b1.compact_episode_audits.v1,3015,B,60.0,sluggish,20.0
P_old,True,derated,True,0.2871786602154844,0.8315937716292322,1.5969649796335652,phase-b1::final::sg-B::S6_sluggish_coincident_high_noise::P_old::seed-003016,S6_sluggish_coincident_high_noise,d5freq.phase_b1.compact_episode_audits.v1,3016,B,60.0,sluggish,2.0
P_old,True,derated,False,0.2815031391565254,0.9997258135918837,8.201428137293952,phase-b1::final::sg-B::S6_sluggish_coincident_high_noise::P_old::seed-003016,S6_sluggish_coincident_high_noise,d5freq.phase_b1.compact_episode_audits.v1,3016,B,60.0,sluggish,5.0
P_old,True,derated,False,0.27380492411424096,0.9999999996108684,21.667103316471966,phase-b1::final::sg-B::S6_sluggish_coincident_high_noise::P_old::seed-003016,S6_sluggish_coincident_high_noise,d5freq.phase_b1.compact_episode_audits.v1,3016,B,60.0,sluggish,10.0
P_old,True,derated,False,0.259004943491826,1.0,47.03304488643832,phase-b1::final::sg-B::S6_sluggish_coincident_high_noise::P_old::seed-003016,S6_sluggish_coincident_high_noise,d5freq.phase_b1.compact_episode_audits.v1,3016,B,60.0,sluggish,20.0
P_old,True,derated,False,0.36239972909729695,0.9758767844233135,3.7001616542192934,phase-b1::final::sg-B::S6_sluggish_coincident_high_noise::P_old::seed-003017,S6_sluggish_coincident_high_noise,d5freq.phase_b1.compact_episode_audits.v1,3017,B,60.0,sluggish,2.0
P_old,True,derated,False,0.4127057849808297,0.9999998692220313,15.849764716521513,phase-b1::final::sg-B::S6_sluggish_coincident_high_noise::P_old::seed-003017,S6_sluggish_coincident_high_noise,d5freq.phase_b1.compact_episode_audits.v1,3017,B,60.0,sluggish,5.0
P_old,True,derated,False,0.42415525698794027,1.0,40.91695935731367,phase-b1::final::sg-B::S6_sluggish_coincident_high_noise::P_old::seed-003017,S6_sluggish_coincident_high_noise,d5freq.phase_b1.compact_episode_audits.v1,3017,B,60.0,sluggish,10.0
P_old,True,derated,False,0.3275196265607107,1.0,65.51104796733071,phase-b1::final::sg-B::S6_sluggish_coincident_high_noise::P_old::seed-003017,S6_sluggish_coincident_high_noise,d5freq.phase_b1.compact_episode_audits.v1,3017,B,60.0,sluggish,20.0
P_old,True,derated,True,0.2787782572016202,0.7594457881817159,1.1496434640790518,phase-b1::final::sg-B::S6_sluggish_coincident_high_noise::P_old::seed-003018,S6_sluggish_coincident_high_noise,d5freq.phase_b1.compact_episode_audits.v1,3018,B,60.0,sluggish,2.0
P_old,True,derated,False,0.2616367131234194,0.9987752272309903,6.703774423461589,phase-b1::final::sg-B::S6_sluggish_coincident_high_noise::P_old::seed-003018,S6_sluggish_coincident_high_noise,d5freq.phase_b1.compact_episode_audits.v1,3018,B,60.0,sluggish,5.0
P_old,True,derated,False,0.24628899881678334,0.9999999942055107,18.96635847606312,phase-b1::final::sg-B::S6_sluggish_coincident_high_noise::P_old::seed-003018,S6_sluggish_coincident_high_noise,d5freq.phase_b1.compact_episode_audits.v1,3018,B,60.0,sluggish,10.0
P_old,True,derated,False,0.2690497497355712,1.0,51.26924573783748,phase-b1::final::sg-B::S6_sluggish_coincident_high_noise::P_old::seed-003018,S6_sluggish_coincident_high_noise,d5freq.phase_b1.compact_episode_audits.v1,3018,B,60.0,sluggish,20.0
P_old,True,derated,True,0.23460592031817037,0.6378219160615285,0.565923080508874,phase-b1::final::sg-B::S6_sluggish_coincident_high_noise::P_old::seed-003019,S6_sluggish_coincident_high_noise,d5freq.phase_b1.compact_episode_audits.v1,3019,B,60.0,sluggish,2.0
P_old,True,derated,False,0.23263168971869713,0.9964156581201101,5.627589616800016,phase-b1::final::sg-B::S6_sluggish_coincident_high_noise::P_old::seed-003019,S6_sluggish_coincident_high_noise,d5freq.phase_b1.compact_episode_audits.v1,3019,B,60.0,sluggish,5.0
P_old,True,derated,False,0.23100859922473194,0.9999999871466118,18.169658376359195,phase-b1::final::sg-B::S6_sluggish_coincident_high_noise::P_old::seed-003019,S6_sluggish_coincident_high_noise,d5freq.phase_b1.compact_episode_audits.v1,3019,B,60.0,sluggish,10.0
P_old,True,derated,False,0.23065147665137734,1.0,43.726970830618995,phase-b1::final::sg-B::S6_sluggish_coincident_high_noise::P_old::seed-003019,S6_sluggish_coincident_high_noise,d5freq.phase_b1.compact_episode_audits.v1,3019,B,60.0,sluggish,20.0
P_old,True,derated,True,0.24789982932032456,0.7723433713273089,1.2215907534697301,phase-b1::final::sg-B::S6_sluggish_coincident_high_noise::P_old::seed-003020,S6_sluggish_coincident_high_noise,d5freq.phase_b1.compact_episode_audits.v1,3020,B,60.0,sluggish,2.0
P_old,True,derated,False,0.248175488308449,0.9995508319013834,7.707664086834633,phase-b1::final::sg-B::S6_sluggish_coincident_high_noise::P_old::seed-003020,S6_sluggish_coincident_high_noise,d5freq.phase_b1.compact_episode_audits.v1,3020,B,60.0,sluggish,5.0
P_old,True,derated,False,0.296052038901484,0.9999999999732789,24.345571562567045,phase-b1::final::sg-B::S6_sluggish_coincident_high_noise::P_old::seed-003020,S6_sluggish_coincident_high_noise,d5freq.phase_b1.compact_episode_audits.v1,3020,B,60.0,sluggish,10.0
P_old,True,derated,False,0.29800912481423186,1.0,60.4865022088205,phase-b1::final::sg-B::S6_sluggish_coincident_high_noise::P_old::seed-003020,S6_sluggish_coincident_high_noise,d5freq.phase_b1.compact_episode_audits.v1,3020,B,60.0,sluggish,20.0
P_old,True,derated,True,0.2346842325320354,0.6773200640000427,0.7414830075575374,phase-b1::final::sg-B::S6_sluggish_coincident_high_noise::P_old::seed-003021,S6_sluggish_coincident_high_noise,d5freq.phase_b1.compact_episode_audits.v1,3021,B,60.0,sluggish,2.0
P_old,True,derated,False,0.23574533497716144,0.996840358317568,5.754132005558297,phase-b1::final::sg-B::S6_sluggish_coincident_high_noise::P_old::seed-003021,S6_sluggish_coincident_high_noise,d5freq.phase_b1.compact_episode_audits.v1,3021,B,60.0,sluggish,5.0
P_old,True,derated,False,0.2638120233682261,0.9999999985155836,20.328244097063347,phase-b1::final::sg-B::S6_sluggish_coincident_high_noise::P_old::seed-003021,S6_sluggish_coincident_high_noise,d5freq.phase_b1.compact_episode_audits.v1,3021,B,60.0,sluggish,10.0
P_old,True,derated,False,0.28969163202770637,1.0,59.02646873707252,phase-b1::final::sg-B::S6_sluggish_coincident_high_noise::P_old::seed-003021,S6_sluggish_coincident_high_noise,d5freq.phase_b1.compact_episode_audits.v1,3021,B,60.0,sluggish,20.0
P_old,True,derated,True,0.2347210759916823,0.5578427789301705,0.2324116418823543,phase-b1::final::sg-B::S6_sluggish_coincident_high_noise::P_old::seed-003022,S6_sluggish_coincident_high_noise,d5freq.phase_b1.compact_episode_audits.v1,3022,B,60.0,sluggish,2.0
P_old,True,derated,False,0.2327126704695361,0.9947858955030018,5.251160176676137,phase-b1::final::sg-B::S6_sluggish_coincident_high_noise::P_old::seed-003022,S6_sluggish_coincident_high_noise,d5freq.phase_b1.compact_episode_audits.v1,3022,B,60.0,sluggish,5.0
P_old,True,derated,False,0.26703578107380316,0.9999999998397648,22.55437864213846,phase-b1::final::sg-B::S6_sluggish_coincident_high_noise::P_old::seed-003022,S6_sluggish_coincident_high_noise,d5freq.phase_b1.compact_episode_audits.v1,3022,B,60.0,sluggish,10.0
P_old,True,derated,False,0.265300552292396,1.0,52.381744255479134,phase-b1::final::sg-B::S6_sluggish_coincident_high_noise::P_old::seed-003022,S6_sluggish_coincident_high_noise,d5freq.phase_b1.compact_episode_audits.v1,3022,B,60.0,sluggish,20.0
P_old,True,derated,True,0.23811719780668922,0.7063220918095708,0.8775877377376489,phase-b1::final::sg-B::S6_sluggish_coincident_high_noise::P_old::seed-003023,S6_sluggish_coincident_high_noise,d5freq.phase_b1.compact_episode_audits.v1,3023,B,60.0,sluggish,2.0
P_old,True,derated,False,0.2518407747428798,0.9995828035390915,7.7815360343235085,phase-b1::final::sg-B::S6_sluggish_coincident_high_noise::P_old::seed-003023,S6_sluggish_coincident_high_noise,d5freq.phase_b1.compact_episode_audits.v1,3023,B,60.0,sluggish,5.0
P_old,True,derated,False,0.25917455493971037,0.999999999005101,20.72837987945597,phase-b1::final::sg-B::S6_sluggish_coincident_high_noise::P_old::seed-003023,S6_sluggish_coincident_high_noise,d5freq.phase_b1.compact_episode_audits.v1,3023,B,60.0,sluggish,10.0
P_old,True,derated,False,0.3452720785663149,1.0,73.85472918481184,phase-b1::final::sg-B::S6_sluggish_coincident_high_noise::P_old::seed-003023,S6_sluggish_coincident_high_noise,d5freq.phase_b1.compact_episode_audits.v1,3023,B,60.0,sluggish,20.0
P_old,True,derated,True,0.2346384859137926,0.6431894638133515,0.589234406902424,phase-b1::final::sg-B::S6_sluggish_coincident_high_noise::P_old::seed-003024,S6_sluggish_coincident_high_noise,d5freq.phase_b1.compact_episode_audits.v1,3024,B,60.0,sluggish,2.0
P_old,True,derated,False,0.23263174952377091,0.9965093508673354,5.6541708065021155,phase-b1::final::sg-B::S6_sluggish_coincident_high_noise::P_old::seed-003024,S6_sluggish_coincident_high_noise,d5freq.phase_b1.compact_episode_audits.v1,3024,B,60.0,sluggish,5.0
P_old,True,derated,False,0.23228141699260138,0.999999983825719,17.939843436852726,phase-b1::final::sg-B::S6_sluggish_coincident_high_noise::P_old::seed-003024,S6_sluggish_coincident_high_noise,d5freq.phase_b1.compact_episode_audits.v1,3024,B,60.0,sluggish,10.0
P_old,True,derated,False,0.2765768310826738,1.0,48.94406232313244,phase-b1::final::sg-B::S6_sluggish_coincident_high_noise::P_old::seed-003024,S6_sluggish_coincident_high_noise,d5freq.phase_b1.compact_episode_audits.v1,3024,B,60.0,sluggish,20.0
P_old,True,derated,False,0.41006592359594685,0.9992320882919651,7.171067588218287,phase-b1::final::sg-B::S6_sluggish_coincident_high_noise::P_old::seed-003025,S6_sluggish_coincident_high_noise,d5freq.phase_b1.compact_episode_audits.v1,3025,B,60.0,sluggish,2.0
P_old,True,derated,False,0.4373318837240824,0.9999999999245006,23.306896256440467,phase-b1::final::sg-B::S6_sluggish_coincident_high_noise::P_old::seed-003025,S6_sluggish_coincident_high_noise,d5freq.phase_b1.compact_episode_audits.v1,3025,B,60.0,sluggish,5.0
P_old,True,derated,False,0.3710074295030066,1.0,39.14962092788589,phase-b1::final::sg-B::S6_sluggish_coincident_high_noise::P_old::seed-003025,S6_sluggish_coincident_high_noise,d5freq.phase_b1.compact_episode_audits.v1,3025,B,60.0,sluggish,10.0
P_old,True,derated,False,0.30078739655551134,1.0,64.41523029417107,phase-b1::final::sg-B::S6_sluggish_coincident_high_noise::P_old::seed-003025,S6_sluggish_coincident_high_noise,d5freq.phase_b1.compact_episode_audits.v1,3025,B,60.0,sluggish,20.0
P_old,True,derated,False,0.3892483268408902,0.9927590077405564,4.9207296940776715,phase-b1::final::sg-B::S6_sluggish_coincident_high_noise::P_old::seed-003026,S6_sluggish_coincident_high_noise,d5freq.phase_b1.compact_episode_audits.v1,3026,B,60.0,sluggish,2.0
P_old,True,derated,False,0.4071992878309228,0.9999999849882393,18.014431881874565,phase-b1::final::sg-B::S6_sluggish_coincident_high_noise::P_old::seed-003026,S6_sluggish_coincident_high_noise,d5freq.phase_b1.compact_episode_audits.v1,3026,B,60.0,sluggish,5.0
P_old,True,derated,False,0.31846883227750034,0.9999999999999347,30.360855262478253,phase-b1::final::sg-B::S6_sluggish_coincident_high_noise::P_old::seed-003026,S6_sluggish_coincident_high_noise,d5freq.phase_b1.compact_episode_audits.v1,3026,B,60.0,sluggish,10.0
P_old,True,derated,False,0.31101191630402647,1.0,60.52769528987065,phase-b1::final::sg-B::S6_sluggish_coincident_high_noise::P_old::seed-003026,S6_sluggish_coincident_high_noise,d5freq.phase_b1.compact_episode_audits.v1,3026,B,60.0,sluggish,20.0
P_old,True,derated,False,0.3631636154296457,0.9965373139500945,5.662241981064781,phase-b1::final::sg-B::S6_sluggish_coincident_high_noise::P_old::seed-003027,S6_sluggish_coincident_high_noise,d5freq.phase_b1.compact_episode_audits.v1,3027,B,60.0,sluggish,2.0
P_old,True,derated,False,0.3884719781099257,0.9999999342787161,16.537842942049203,phase-b1::final::sg-B::S6_sluggish_coincident_high_noise::P_old::seed-003027,S6_sluggish_coincident_high_noise,d5freq.phase_b1.compact_episode_audits.v1,3027,B,60.0,sluggish,5.0
P_old,True,derated,False,0.3160840491758258,0.9999999999987932,27.443090341797102,phase-b1::final::sg-B::S6_sluggish_coincident_high_noise::P_old::seed-003027,S6_sluggish_coincident_high_noise,d5freq.phase_b1.compact_episode_audits.v1,3027,B,60.0,sluggish,10.0
P_old,True,derated,False,0.2810149456657439,1.0,53.87228819502002,phase-b1::final::sg-B::S6_sluggish_coincident_high_noise::P_old::seed-003027,S6_sluggish_coincident_high_noise,d5freq.phase_b1.compact_episode_audits.v1,3027,B,60.0,sluggish,20.0
P_old,True,derated,True,0.2707085261919596,0.6012177556766543,0.41054167683307696,phase-b1::final::sg-B::S6_sluggish_coincident_high_noise::P_old::seed-003028,S6_sluggish_coincident_high_noise,d5freq.phase_b1.compact_episode_audits.v1,3028,B,60.0,sluggish,2.0
P_old,True,derated,False,0.3890163917945172,0.9999999858099302,18.070723416999563,phase-b1::final::sg-B::S6_sluggish_coincident_high_noise::P_old::seed-003028,S6_sluggish_coincident_high_noise,d5freq.phase_b1.compact_episode_audits.v1,3028,B,60.0,sluggish,5.0
P_old,True,derated,False,0.3110397056975818,0.999999999999875,29.7098783023432,phase-b1::final::sg-B::S6_sluggish_coincident_high_noise::P_old::seed-003028,S6_sluggish_coincident_high_noise,d5freq.phase_b1.compact_episode_audits.v1,3028,B,60.0,sluggish,10.0
P_old,True,derated,False,0.3419483430670474,1.0,76.23501902170179,phase-b1::final::sg-B::S6_sluggish_coincident_high_noise::P_old::seed-003028,S6_sluggish_coincident_high_noise,d5freq.phase_b1.compact_episode_audits.v1,3028,B,60.0,sluggish,20.0
P_old,True,derated,False,0.32687023793358827,0.9576245971352265,3.1178877673565992,phase-b1::final::sg-B::S6_sluggish_coincident_high_noise::P_old::seed-003029,S6_sluggish_coincident_high_noise,d5freq.phase_b1.compact_episode_audits.v1,3029,B,60.0,sluggish,2.0
P_old,True,derated,False,0.3250784199290943,0.999985608017118,11.148824858631102,phase-b1::final::sg-B::S6_sluggish_coincident_high_noise::P_old::seed-003029,S6_sluggish_coincident_high_noise,d5freq.phase_b1.compact_episode_audits.v1,3029,B,60.0,sluggish,5.0
P_old,True,derated,False,0.40211858501417297,1.0,44.59839164210615,phase-b1::final::sg-B::S6_sluggish_coincident_high_noise::P_old::seed-003029,S6_sluggish_coincident_high_noise,d5freq.phase_b1.compact_episode_audits.v1,3029,B,60.0,sluggish,10.0
P_old,True,derated,False,0.33111065401380546,1.0,71.58665364154498,phase-b1::final::sg-B::S6_sluggish_coincident_high_noise::P_old::seed-003029,S6_sluggish_coincident_high_noise,d5freq.phase_b1.compact_episode_audits.v1,3029,B,60.0,sluggish,20.0
P_old,True,derated,True,0.23470561718622204,0.6620712618518829,0.6725381570723776,phase-b1::final::sg-C::S6_sluggish_coincident_high_noise::P_old::seed-003000,S6_sluggish_coincident_high_noise,d5freq.phase_b1.compact_episode_audits.v1,3000,C,60.0,sluggish,2.0
P_old,True,derated,False,0.23282735778444302,0.9984322747106853,6.456560615087575,phase-b1::final::sg-C::S6_sluggish_coincident_high_noise::P_old::seed-003000,S6_sluggish_coincident_high_noise,d5freq.phase_b1.compact_episode_audits.v1,3000,C,60.0,sluggish,5.0
P_old,True,derated,False,0.2310507387955112,0.9999999950293128,19.119707750138218,phase-b1::final::sg-C::S6_sluggish_coincident_high_noise::P_old::seed-003000,S6_sluggish_coincident_high_noise,d5freq.phase_b1.compact_episode_audits.v1,3000,C,60.0,sluggish,10.0
P_old,True,derated,False,0.2310377974324765,1.0,44.584674401128524,phase-b1::final::sg-C::S6_sluggish_coincident_high_noise::P_old::seed-003000,S6_sluggish_coincident_high_noise,d5freq.phase_b1.compact_episode_audits.v1,3000,C,60.0,sluggish,20.0
P_old,True,derated,True,0.24434212391912463,0.7921829259798367,1.33813409136134,phase-b1::final::sg-C::S6_sluggish_coincident_high_noise::P_old::seed-003001,S6_sluggish_coincident_high_noise,d5freq.phase_b1.compact_episode_audits.v1,3001,C,60.0,sluggish,2.0
P_old,True,derated,False,0.36437903665574545,0.9999999834206221,17.915106198546503,phase-b1::final::sg-C::S6_sluggish_coincident_high_noise::P_old::seed-003001,S6_sluggish_coincident_high_noise,d5freq.phase_b1.compact_episode_audits.v1,3001,C,60.0,sluggish,5.0
P_old,True,derated,False,0.42746761534654676,1.0,49.78696231340368,phase-b1::final::sg-C::S6_sluggish_coincident_high_noise::P_old::seed-003001,S6_sluggish_coincident_high_noise,d5freq.phase_b1.compact_episode_audits.v1,3001,C,60.0,sluggish,10.0
P_old,True,derated,False,0.36534076652527897,1.0,83.25855365192464,phase-b1::final::sg-C::S6_sluggish_coincident_high_noise::P_old::seed-003001,S6_sluggish_coincident_high_noise,d5freq.phase_b1.compact_episode_audits.v1,3001,C,60.0,sluggish,20.0
P_old,True,derated,False,0.3537779620626371,0.994120689184076,5.130419070111326,phase-b1::final::sg-C::S6_sluggish_coincident_high_noise::P_old::seed-003002,S6_sluggish_coincident_high_noise,d5freq.phase_b1.compact_episode_audits.v1,3002,C,60.0,sluggish,2.0
P_old,True,derated,False,0.4575186646272121,0.9999999999984033,27.163062631963825,phase-b1::final::sg-C::S6_sluggish_coincident_high_noise::P_old::seed-003002,S6_sluggish_coincident_high_noise,d5freq.phase_b1.compact_episode_audits.v1,3002,C,60.0,sluggish,5.0
P_old,True,derated,False,0.48613165780097,1.0,61.46352668075571,phase-b1::final::sg-C::S6_sluggish_coincident_high_noise::P_old::seed-003002,S6_sluggish_coincident_high_noise,d5freq.phase_b1.compact_episode_audits.v1,3002,C,60.0,sluggish,10.0
P_old,True,derated,False,0.38615588852620975,1.0,95.59514326523112,phase-b1::final::sg-C::S6_sluggish_coincident_high_noise::P_old::seed-003002,S6_sluggish_coincident_high_noise,d5freq.phase_b1.compact_episode_audits.v1,3002,C,60.0,sluggish,20.0
P_old,True,derated,True,0.23331145837399306,0.6493446817200741,0.6161599305770125,phase-b1::final::sg-C::S6_sluggish_coincident_high_noise::P_old::seed-003003,S6_sluggish_coincident_high_noise,d5freq.phase_b1.compact_episode_audits.v1,3003,C,60.0,sluggish,2.0
P_old,True,derated,False,0.24086723613729885,0.996874413178363,5.765002748828671,phase-b1::final::sg-C::S6_sluggish_coincident_high_noise::P_old::seed-003003,S6_sluggish_coincident_high_noise,d5freq.phase_b1.compact_episode_audits.v1,3003,C,60.0,sluggish,5.0
P_old,True,derated,False,0.23504204174564283,0.999999990280927,18.449175571995653,phase-b1::final::sg-C::S6_sluggish_coincident_high_noise::P_old::seed-003003,S6_sluggish_coincident_high_noise,d5freq.phase_b1.compact_episode_audits.v1,3003,C,60.0,sluggish,10.0
P_old,True,derated,False,0.2402458694851381,1.0,44.994631800410474,phase-b1::final::sg-C::S6_sluggish_coincident_high_noise::P_old::seed-003003,S6_sluggish_coincident_high_noise,d5freq.phase_b1.compact_episode_audits.v1,3003,C,60.0,sluggish,20.0
P_old,True,derated,True,0.2347879400088309,0.6719498806917096,0.7170173559575801,phase-b1::final::sg-C::S6_sluggish_coincident_high_noise::P_old::seed-003004,S6_sluggish_coincident_high_noise,d5freq.phase_b1.compact_episode_audits.v1,3004,C,60.0,sluggish,2.0
P_old,True,derated,False,0.23287538738590746,0.9984574724818197,6.472789243918044,phase-b1::final::sg-C::S6_sluggish_coincident_high_noise::P_old::seed-003004,S6_sluggish_coincident_high_noise,d5freq.phase_b1.compact_episode_audits.v1,3004,C,60.0,sluggish,5.0
P_old,True,derated,False,0.23487396554384374,0.9999999943490379,18.99144001568976,phase-b1::final::sg-C::S6_sluggish_coincident_high_noise::P_old::seed-003004,S6_sluggish_coincident_high_noise,d5freq.phase_b1.compact_episode_audits.v1,3004,C,60.0,sluggish,10.0
P_old,True,derated,False,0.2522647931584042,1.0,49.30484130715698,phase-b1::final::sg-C::S6_sluggish_coincident_high_noise::P_old::seed-003004,S6_sluggish_coincident_high_noise,d5freq.phase_b1.compact_episode_audits.v1,3004,C,60.0,sluggish,20.0
P_old,True,derated,True,0.23493753387336408,0.5083169694770722,0.03327094669113251,phase-b1::final::sg-C::S6_sluggish_coincident_high_noise::P_old::seed-003005,S6_sluggish_coincident_high_noise,d5freq.phase_b1.compact_episode_audits.v1,3005,C,60.0,sluggish,2.0
P_old,True,derated,False,0.4038522143201634,0.9999999997415825,22.076444745904347,phase-b1::final::sg-C::S6_sluggish_coincident_high_noise::P_old::seed-003005,S6_sluggish_coincident_high_noise,d5freq.phase_b1.compact_episode_audits.v1,3005,C,60.0,sluggish,5.0
P_old,True,derated,False,0.3402440631991776,0.9999999999999996,35.254753556668305,phase-b1::final::sg-C::S6_sluggish_coincident_high_noise::P_old::seed-003005,S6_sluggish_coincident_high_noise,d5freq.phase_b1.compact_episode_audits.v1,3005,C,60.0,sluggish,10.0
P_old,True,derated,False,0.32296966239707936,1.0,65.1870210635021,phase-b1::final::sg-C::S6_sluggish_coincident_high_noise::P_old::seed-003005,S6_sluggish_coincident_high_noise,d5freq.phase_b1.compact_episode_audits.v1,3005,C,60.0,sluggish,20.0
P_old,True,derated,True,0.23460264097899702,0.6793455354558138,0.7507657779441459,phase-b1::final::sg-C::S6_sluggish_coincident_high_noise::P_old::seed-003006,S6_sluggish_coincident_high_noise,d5freq.phase_b1.compact_episode_audits.v1,3006,C,60.0,sluggish,2.0
P_old,True,derated,False,0.23283819758964927,0.998583619434983,6.5582331746349425,phase-b1::final::sg-C::S6_sluggish_coincident_high_noise::P_old::seed-003006,S6_sluggish_coincident_high_noise,d5freq.phase_b1.compact_episode_audits.v1,3006,C,60.0,sluggish,5.0
P_old,True,derated,False,0.23106050948930976,0.9999999955136372,19.222223527449643,phase-b1::final::sg-C::S6_sluggish_coincident_high_noise::P_old::seed-003006,S6_sluggish_coincident_high_noise,d5freq.phase_b1.compact_episode_audits.v1,3006,C,60.0,sluggish,10.0
P_old,True,derated,False,0.2592204829897483,1.0,49.42643165231408,phase-b1::final::sg-C::S6_sluggish_coincident_high_noise::P_old::seed-003006,S6_sluggish_coincident_high_noise,d5freq.phase_b1.compact_episode_audits.v1,3006,C,60.0,sluggish,20.0
P_old,True,derated,True,0.2351062228006955,0.6826157387273499,0.7658188727845605,phase-b1::final::sg-C::S6_sluggish_coincident_high_noise::P_old::seed-003007,S6_sluggish_coincident_high_noise,d5freq.phase_b1.compact_episode_audits.v1,3007,C,60.0,sluggish,2.0
P_old,True,derated,False,0.2521486976017503,0.9993316464683678,7.310024708475439,phase-b1::final::sg-C::S6_sluggish_coincident_high_noise::P_old::seed-003007,S6_sluggish_coincident_high_noise,d5freq.phase_b1.compact_episode_audits.v1,3007,C,60.0,sluggish,5.0
P_old,True,derated,False,0.4049322499455833,1.0,43.94603009780917,phase-b1::final::sg-C::S6_sluggish_coincident_high_noise::P_old::seed-003007,S6_sluggish_coincident_high_noise,d5freq.phase_b1.compact_episode_audits.v1,3007,C,60.0,sluggish,10.0
P_old,True,derated,False,0.3732416196779607,1.0,82.09519277316369,phase-b1::final::sg-C::S6_sluggish_coincident_high_noise::P_old::seed-003007,S6_sluggish_coincident_high_noise,d5freq.phase_b1.compact_episode_audits.v1,3007,C,60.0,sluggish,20.0
P_old,True,derated,True,0.23594133798717762,0.5072813611810234,0.02912750389178953,phase-b1::final::sg-C::S6_sluggish_coincident_high_noise::P_old::seed-003008,S6_sluggish_coincident_high_noise,d5freq.phase_b1.compact_episode_audits.v1,3008,C,60.0,sluggish,2.0
P_old,True,derated,False,0.2333367450744203,0.997106614582306,5.84243045828385,phase-b1::final::sg-C::S6_sluggish_coincident_high_noise::P_old::seed-003008,S6_sluggish_coincident_high_noise,d5freq.phase_b1.compact_episode_audits.v1,3008,C,60.0,sluggish,5.0
P_old,True,derated,False,0.2313063541444889,0.9999999908208591,18.50633221009086,phase-b1::final::sg-C::S6_sluggish_coincident_high_noise::P_old::seed-003008,S6_sluggish_coincident_high_noise,d5freq.phase_b1.compact_episode_audits.v1,3008,C,60.0,sluggish,10.0
P_old,True,derated,False,0.2312969205204754,1.0,43.97911225152404,phase-b1::final::sg-C::S6_sluggish_coincident_high_noise::P_old::seed-003008,S6_sluggish_coincident_high_noise,d5freq.phase_b1.compact_episode_audits.v1,3008,C,60.0,sluggish,20.0
P_old,False,derated,True,0.24217071797942755,0.19075106621662472,-1.4451373155175524,phase-b1::final::sg-C::S6_sluggish_coincident_high_noise::P_old::seed-003009,S6_sluggish_coincident_high_noise,d5freq.phase_b1.compact_episode_audits.v1,3009,C,60.0,sluggish,2.0
P_old,True,derated,False,0.3247931280326474,0.9999954217400202,12.294186970819467,phase-b1::final::sg-C::S6_sluggish_coincident_high_noise::P_old::seed-003009,S6_sluggish_coincident_high_noise,d5freq.phase_b1.compact_episode_audits.v1,3009,C,60.0,sluggish,5.0
P_old,True,derated,False,0.30267519402566606,0.999999999998803,27.451107926324497,phase-b1::final::sg-C::S6_sluggish_coincident_high_noise::P_old::seed-003009,S6_sluggish_coincident_high_noise,d5freq.phase_b1.compact_episode_audits.v1,3009,C,60.0,sluggish,10.0
P_old,True,derated,False,0.2660128153552771,1.0,52.85801412466242,phase-b1::final::sg-C::S6_sluggish_coincident_high_noise::P_old::seed-003009,S6_sluggish_coincident_high_noise,d5freq.phase_b1.compact_episode_audits.v1,3009,C,60.0,sluggish,20.0
P_old,True,derated,True,0.23380832118297662,0.654355951529886,0.6382419879190167,phase-b1::final::sg-C::S6_sluggish_coincident_high_noise::P_old::seed-003010,S6_sluggish_coincident_high_noise,d5freq.phase_b1.compact_episode_audits.v1,3010,C,60.0,sluggish,2.0
P_old,True,derated,False,0.27076507555039797,0.9982876852125485,6.368195364515749,phase-b1::final::sg-C::S6_sluggish_coincident_high_noise::P_old::seed-003010,S6_sluggish_coincident_high_noise,d5freq.phase_b1.compact_episode_audits.v1,3010,C,60.0,sluggish,5.0
P_old,True,derated,False,0.2503037667684052,0.9999999941495814,18.956752630668248,phase-b1::final::sg-C::S6_sluggish_coincident_high_noise::P_old::seed-003010,S6_sluggish_coincident_high_noise,d5freq.phase_b1.compact_episode_audits.v1,3010,C,60.0,sluggish,10.0
P_old,True,derated,False,0.26768512909793374,1.0,50.9081845886885,phase-b1::final::sg-C::S6_sluggish_coincident_high_noise::P_old::seed-003010,S6_sluggish_coincident_high_noise,d5freq.phase_b1.compact_episode_audits.v1,3010,C,60.0,sluggish,20.0
P_old,True,derated,True,0.3204490917086838,0.8788225288740948,1.9813268015756762,phase-b1::final::sg-C::S6_sluggish_coincident_high_noise::P_old::seed-003011,S6_sluggish_coincident_high_noise,d5freq.phase_b1.compact_episode_audits.v1,3011,C,60.0,sluggish,2.0
P_old,True,derated,False,0.3911025745117995,0.9999999454541452,16.72422406132997,phase-b1::final::sg-C::S6_sluggish_coincident_high_noise::P_old::seed-003011,S6_sluggish_coincident_high_noise,d5freq.phase_b1.compact_episode_audits.v1,3011,C,60.0,sluggish,5.0
P_old,True,derated,False,0.4224248832863238,1.0,47.42670890235557,phase-b1::final::sg-C::S6_sluggish_coincident_high_noise::P_old::seed-003011,S6_sluggish_coincident_high_noise,d5freq.phase_b1.compact_episode_audits.v1,3011,C,60.0,sluggish,10.0
P_old,True,derated,False,0.4288905578560902,1.0,101.83685883910968,phase-b1::final::sg-C::S6_sluggish_coincident_high_noise::P_old::seed-003011,S6_sluggish_coincident_high_noise,d5freq.phase_b1.compact_episode_audits.v1,3011,C,60.0,sluggish,20.0
P_old,True,derated,True,0.23488043799438926,0.6879119962214313,0.7903757058530658,phase-b1::final::sg-C::S6_sluggish_coincident_high_noise::P_old::seed-003012,S6_sluggish_coincident_high_noise,d5freq.phase_b1.compact_episode_audits.v1,3012,C,60.0,sluggish,2.0
P_old,True,derated,False,0.23285740674495536,0.9985967309596557,6.567546480942596,phase-b1::final::sg-C::S6_sluggish_coincident_high_noise::P_old::seed-003012,S6_sluggish_coincident_high_noise,d5freq.phase_b1.compact_episode_audits.v1,3012,C,60.0,sluggish,5.0
P_old,True,derated,False,0.2310538889251436,0.9999999955583547,19.23224097507969,phase-b1::final::sg-C::S6_sluggish_coincident_high_noise::P_old::seed-003012,S6_sluggish_coincident_high_noise,d5freq.phase_b1.compact_episode_audits.v1,3012,C,60.0,sluggish,10.0
P_old,True,derated,False,0.2542713949242609,1.0,50.335958002314385,phase-b1::final::sg-C::S6_sluggish_coincident_high_noise::P_old::seed-003012,S6_sluggish_coincident_high_noise,d5freq.phase_b1.compact_episode_audits.v1,3012,C,60.0,sluggish,20.0
P_old,True,derated,True,0.234757439827059,0.639133069247462,0.5716034012763949,phase-b1::final::sg-C::S6_sluggish_coincident_high_noise::P_old::seed-003013,S6_sluggish_coincident_high_noise,d5freq.phase_b1.compact_episode_audits.v1,3013,C,60.0,sluggish,2.0
P_old,True,derated,False,0.2391872255810683,0.997797307084401,6.115869492202435,phase-b1::final::sg-C::S6_sluggish_coincident_high_noise::P_old::seed-003013,S6_sluggish_coincident_high_noise,d5freq.phase_b1.compact_episode_audits.v1,3013,C,60.0,sluggish,5.0
P_old,True,derated,False,0.2342784663937018,0.9999999927413914,18.741077666273583,phase-b1::final::sg-C::S6_sluggish_coincident_high_noise::P_old::seed-003013,S6_sluggish_coincident_high_noise,d5freq.phase_b1.compact_episode_audits.v1,3013,C,60.0,sluggish,10.0
P_old,True,derated,False,0.26178275563679204,1.0,49.192197530287245,phase-b1::final::sg-C::S6_sluggish_coincident_high_noise::P_old::seed-003013,S6_sluggish_coincident_high_noise,d5freq.phase_b1.compact_episode_audits.v1,3013,C,60.0,sluggish,20.0
P_old,True,derated,True,0.23446014804793666,0.7595391682033173,1.1501546770138518,phase-b1::final::sg-C::S6_sluggish_coincident_high_noise::P_old::seed-003014,S6_sluggish_coincident_high_noise,d5freq.phase_b1.compact_episode_audits.v1,3014,C,60.0,sluggish,2.0
P_old,True,derated,False,0.23621227321644084,0.9991301955199346,7.046371924149916,phase-b1::final::sg-C::S6_sluggish_coincident_high_noise::P_old::seed-003014,S6_sluggish_coincident_high_noise,d5freq.phase_b1.compact_episode_audits.v1,3014,C,60.0,sluggish,5.0
P_old,True,derated,False,0.3564028382091212,1.0,42.35066050435833,phase-b1::final::sg-C::S6_sluggish_coincident_high_noise::P_old::seed-003014,S6_sluggish_coincident_high_noise,d5freq.phase_b1.compact_episode_audits.v1,3014,C,60.0,sluggish,10.0
P_old,True,derated,False,0.3566696072645038,1.0,84.96332624091181,phase-b1::final::sg-C::S6_sluggish_coincident_high_noise::P_old::seed-003014,S6_sluggish_coincident_high_noise,d5freq.phase_b1.compact_episode_audits.v1,3014,C,60.0,sluggish,20.0
P_old,False,derated,True,0.2531171122797072,0.4615642744733201,-0.15404681390897323,phase-b1::final::sg-C::S6_sluggish_coincident_high_noise::P_old::seed-003015,S6_sluggish_coincident_high_noise,d5freq.phase_b1.compact_episode_audits.v1,3015,C,60.0,sluggish,2.0
P_old,True,derated,False,0.413041178825594,0.9999999997688978,22.188160524722235,phase-b1::final::sg-C::S6_sluggish_coincident_high_noise::P_old::seed-003015,S6_sluggish_coincident_high_noise,d5freq.phase_b1.compact_episode_audits.v1,3015,C,60.0,sluggish,5.0
P_old,True,derated,False,0.4682014020688713,1.0,57.98645731247971,phase-b1::final::sg-C::S6_sluggish_coincident_high_noise::P_old::seed-003015,S6_sluggish_coincident_high_noise,d5freq.phase_b1.compact_episode_audits.v1,3015,C,60.0,sluggish,10.0
P_old,True,derated,False,0.4333211694288826,1.0,103.58745917213432,phase-b1::final::sg-C::S6_sluggish_coincident_high_noise::P_old::seed-003015,S6_sluggish_coincident_high_noise,d5freq.phase_b1.compact_episode_audits.v1,3015,C,60.0,sluggish,20.0
P_old,True,derated,True,0.25246610653642054,0.6493516943274039,0.6161907288100572,phase-b1::final::sg-C::S6_sluggish_coincident_high_noise::P_old::seed-003016,S6_sluggish_coincident_high_noise,d5freq.phase_b1.compact_episode_audits.v1,3016,C,60.0,sluggish,2.0
P_old,True,derated,False,0.4043048337880343,0.9999999996434981,21.754681189299625,phase-b1::final::sg-C::S6_sluggish_coincident_high_noise::P_old::seed-003016,S6_sluggish_coincident_high_noise,d5freq.phase_b1.compact_episode_audits.v1,3016,C,60.0,sluggish,5.0
P_old,True,derated,False,0.32124406360616453,0.9999999999999982,34.02850741424196,phase-b1::final::sg-C::S6_sluggish_coincident_high_noise::P_old::seed-003016,S6_sluggish_coincident_high_noise,d5freq.phase_b1.compact_episode_audits.v1,3016,C,60.0,sluggish,10.0
P_old,True,derated,False,0.33881560846774983,1.0,70.22122318180112,phase-b1::final::sg-C::S6_sluggish_coincident_high_noise::P_old::seed-003016,S6_sluggish_coincident_high_noise,d5freq.phase_b1.compact_episode_audits.v1,3016,C,60.0,sluggish,20.0
P_old,True,derated,True,0.2345002303458958,0.710946832146536,0.8999870050260164,phase-b1::final::sg-C::S6_sluggish_coincident_high_noise::P_old::seed-003017,S6_sluggish_coincident_high_noise,d5freq.phase_b1.compact_episode_audits.v1,3017,C,60.0,sluggish,2.0
P_old,True,derated,False,0.23258862016330423,0.9987961765148013,6.721048001158557,phase-b1::final::sg-C::S6_sluggish_coincident_high_noise::P_old::seed-003017,S6_sluggish_coincident_high_noise,d5freq.phase_b1.compact_episode_audits.v1,3017,C,60.0,sluggish,5.0
P_old,True,derated,False,0.23105451644563318,0.9999999958260144,19.29439449398248,phase-b1::final::sg-C::S6_sluggish_coincident_high_noise::P_old::seed-003017,S6_sluggish_coincident_high_noise,d5freq.phase_b1.compact_episode_audits.v1,3017,C,60.0,sluggish,10.0
P_old,True,derated,False,0.24599123391644556,1.0,46.10601416634955,phase-b1::final::sg-C::S6_sluggish_coincident_high_noise::P_old::seed-003017,S6_sluggish_coincident_high_noise,d5freq.phase_b1.compact_episode_audits.v1,3017,C,60.0,sluggish,20.0
P_old,True,derated,True,0.26081308625204436,0.7396099781072109,1.0439423994269994,phase-b1::final::sg-C::S6_sluggish_coincident_high_noise::P_old::seed-003018,S6_sluggish_coincident_high_noise,d5freq.phase_b1.compact_episode_audits.v1,3018,C,60.0,sluggish,2.0
P_old,True,derated,False,0.3798164146540385,0.999999996652098,19.514931965236947,phase-b1::final::sg-C::S6_sluggish_coincident_high_noise::P_old::seed-003018,S6_sluggish_coincident_high_noise,d5freq.phase_b1.compact_episode_audits.v1,3018,C,60.0,sluggish,5.0
P_old,True,derated,False,0.3412109561336988,0.9999999999999993,35.02287966162979,phase-b1::final::sg-C::S6_sluggish_coincident_high_noise::P_old::seed-003018,S6_sluggish_coincident_high_noise,d5freq.phase_b1.compact_episode_audits.v1,3018,C,60.0,sluggish,10.0
P_old,True,derated,False,0.2980453550581245,1.0,62.5810286882529,phase-b1::final::sg-C::S6_sluggish_coincident_high_noise::P_old::seed-003018,S6_sluggish_coincident_high_noise,d5freq.phase_b1.compact_episode_audits.v1,3018,C,60.0,sluggish,20.0
P_old,True,derated,True,0.23459439562680048,0.674566543326523,0.7289123199997256,phase-b1::final::sg-C::S6_sluggish_coincident_high_noise::P_old::seed-003019,S6_sluggish_coincident_high_noise,d5freq.phase_b1.compact_episode_audits.v1,3019,C,60.0,sluggish,2.0
P_old,True,derated,False,0.23284222311301087,0.9985674110935759,6.54683843143701,phase-b1::final::sg-C::S6_sluggish_coincident_high_noise::P_old::seed-003019,S6_sluggish_coincident_high_noise,d5freq.phase_b1.compact_episode_audits.v1,3019,C,60.0,sluggish,5.0
P_old,True,derated,False,0.23984688831513662,0.9999999963741975,19.43519018812721,phase-b1::final::sg-C::S6_sluggish_coincident_high_noise::P_old::seed-003019,S6_sluggish_coincident_high_noise,d5freq.phase_b1.compact_episode_audits.v1,3019,C,60.0,sluggish,10.0
P_old,True,derated,False,0.25732809351026537,1.0,49.08123131163407,phase-b1::final::sg-C::S6_sluggish_coincident_high_noise::P_old::seed-003019,S6_sluggish_coincident_high_noise,d5freq.phase_b1.compact_episode_audits.v1,3019,C,60.0,sluggish,20.0
P_old,True,derated,True,0.2345809260010947,0.6669759716381688,0.6945393761162713,phase-b1::final::sg-C::S6_sluggish_coincident_high_noise::P_old::seed-003020,S6_sluggish_coincident_high_noise,d5freq.phase_b1.compact_episode_audits.v1,3020,C,60.0,sluggish,2.0
P_old,True,derated,False,0.23284347381932435,0.9985061733407626,6.504919280079051,phase-b1::final::sg-C::S6_sluggish_coincident_high_noise::P_old::seed-003020,S6_sluggish_coincident_high_noise,d5freq.phase_b1.compact_episode_audits.v1,3020,C,60.0,sluggish,5.0
P_old,True,derated,False,0.24613671322263792,0.9999999972986582,19.729517195467366,phase-b1::final::sg-C::S6_sluggish_coincident_high_noise::P_old::seed-003020,S6_sluggish_coincident_high_noise,d5freq.phase_b1.compact_episode_audits.v1,3020,C,60.0,sluggish,10.0
P_old,True,derated,False,0.25110858540041836,1.0,45.864783414486226,phase-b1::final::sg-C::S6_sluggish_coincident_high_noise::P_old::seed-003020,S6_sluggish_coincident_high_noise,d5freq.phase_b1.compact_episode_audits.v1,3020,C,60.0,sluggish,20.0
P_old,True,derated,True,0.23467241110787962,0.6699983179111563,0.7081774501150413,phase-b1::final::sg-C::S6_sluggish_coincident_high_noise::P_old::seed-003021,S6_sluggish_coincident_high_noise,d5freq.phase_b1.compact_episode_audits.v1,3021,C,60.0,sluggish,2.0
P_old,True,derated,False,0.23278800670104868,0.9984856471319311,6.491251580405461,phase-b1::final::sg-C::S6_sluggish_coincident_high_noise::P_old::seed-003021,S6_sluggish_coincident_high_noise,d5freq.phase_b1.compact_episode_audits.v1,3021,C,60.0,sluggish,5.0
P_old,True,derated,False,0.2571458630489069,0.9999999994961779,21.408797863524555,phase-b1::final::sg-C::S6_sluggish_coincident_high_noise::P_old::seed-003021,S6_sluggish_coincident_high_noise,d5freq.phase_b1.compact_episode_audits.v1,3021,C,60.0,sluggish,10.0
P_old,True,derated,False,0.26933412130776296,1.0,53.762553836920176,phase-b1::final::sg-C::S6_sluggish_coincident_high_noise::P_old::seed-003021,S6_sluggish_coincident_high_noise,d5freq.phase_b1.compact_episode_audits.v1,3021,C,60.0,sluggish,20.0
P_old,True,derated,True,0.23470390231607358,0.5472918620658975,0.18973459808135118,phase-b1::final::sg-C::S6_sluggish_coincident_high_noise::P_old::seed-003022,S6_sluggish_coincident_high_noise,d5freq.phase_b1.compact_episode_audits.v1,3022,C,60.0,sluggish,2.0
P_old,True,derated,False,0.23497057055388892,0.9975525971830997,6.0102774888340775,phase-b1::final::sg-C::S6_sluggish_coincident_high_noise::P_old::seed-003022,S6_sluggish_coincident_high_noise,d5freq.phase_b1.compact_episode_audits.v1,3022,C,60.0,sluggish,5.0
P_old,True,derated,False,0.26775889465854236,0.9999999994767128,21.37089066805352,phase-b1::final::sg-C::S6_sluggish_coincident_high_noise::P_old::seed-003022,S6_sluggish_coincident_high_noise,d5freq.phase_b1.compact_episode_audits.v1,3022,C,60.0,sluggish,10.0
P_old,True,derated,False,0.24899242629159873,1.0,46.96281910061015,phase-b1::final::sg-C::S6_sluggish_coincident_high_noise::P_old::seed-003022,S6_sluggish_coincident_high_noise,d5freq.phase_b1.compact_episode_audits.v1,3022,C,60.0,sluggish,20.0
P_old,True,derated,True,0.23453138876390775,0.687832961821324,0.7900075970819493,phase-b1::final::sg-C::S6_sluggish_coincident_high_noise::P_old::seed-003023,S6_sluggish_coincident_high_noise,d5freq.phase_b1.compact_episode_audits.v1,3023,C,60.0,sluggish,2.0
P_old,True,derated,False,0.23900604621082913,0.998361802244811,6.412519030106402,phase-b1::final::sg-C::S6_sluggish_coincident_high_noise::P_old::seed-003023,S6_sluggish_coincident_high_noise,d5freq.phase_b1.compact_episode_audits.v1,3023,C,60.0,sluggish,5.0
P_old,True,derated,False,0.23412343509613506,0.9999999948558727,19.08541007288538,phase-b1::final::sg-C::S6_sluggish_coincident_high_noise::P_old::seed-003023,S6_sluggish_coincident_high_noise,d5freq.phase_b1.compact_episode_audits.v1,3023,C,60.0,sluggish,10.0
P_old,True,derated,False,0.24206805037374393,1.0,45.52635307328677,phase-b1::final::sg-C::S6_sluggish_coincident_high_noise::P_old::seed-003023,S6_sluggish_coincident_high_noise,d5freq.phase_b1.compact_episode_audits.v1,3023,C,60.0,sluggish,20.0
P_old,True,derated,True,0.23463397658685237,0.6356906561761904,0.556708702962041,phase-b1::final::sg-C::S6_sluggish_coincident_high_noise::P_old::seed-003024,S6_sluggish_coincident_high_noise,d5freq.phase_b1.compact_episode_audits.v1,3024,C,60.0,sluggish,2.0
P_old,True,derated,False,0.23404600368246334,0.9983357967108262,6.396743185456749,phase-b1::final::sg-C::S6_sluggish_coincident_high_noise::P_old::seed-003024,S6_sluggish_coincident_high_noise,d5freq.phase_b1.compact_episode_audits.v1,3024,C,60.0,sluggish,5.0
P_old,True,derated,False,0.2630089324599879,0.9999999987988453,20.539982490407567,phase-b1::final::sg-C::S6_sluggish_coincident_high_noise::P_old::seed-003024,S6_sluggish_coincident_high_noise,d5freq.phase_b1.compact_episode_audits.v1,3024,C,60.0,sluggish,10.0
P_old,True,derated,False,0.24620965907697484,1.0,46.04399313115994,phase-b1::final::sg-C::S6_sluggish_coincident_high_noise::P_old::seed-003024,S6_sluggish_coincident_high_noise,d5freq.phase_b1.compact_episode_audits.v1,3024,C,60.0,sluggish,20.0
P_old,True,derated,False,0.3951909899589772,0.9508307492475286,2.9620676319500205,phase-b1::final::sg-C::S6_sluggish_coincident_high_noise::P_old::seed-003025,S6_sluggish_coincident_high_noise,d5freq.phase_b1.compact_episode_audits.v1,3025,C,60.0,sluggish,2.0
P_old,True,derated,False,0.3366626410488206,0.9994403215206004,7.487588247890301,phase-b1::final::sg-C::S6_sluggish_coincident_high_noise::P_old::seed-003025,S6_sluggish_coincident_high_noise,d5freq.phase_b1.compact_episode_audits.v1,3025,C,60.0,sluggish,5.0
P_old,True,derated,False,0.28803451489026405,0.9999999981643608,20.115873065904623,phase-b1::final::sg-C::S6_sluggish_coincident_high_noise::P_old::seed-003025,S6_sluggish_coincident_high_noise,d5freq.phase_b1.compact_episode_audits.v1,3025,C,60.0,sluggish,10.0
P_old,True,derated,False,0.29139295010280075,1.0,53.16726799486341,phase-b1::final::sg-C::S6_sluggish_coincident_high_noise::P_old::seed-003025,S6_sluggish_coincident_high_noise,d5freq.phase_b1.compact_episode_audits.v1,3025,C,60.0,sluggish,20.0
P_old,True,derated,False,0.29903095270635793,0.9406698258269812,2.7634741862345074,phase-b1::final::sg-C::S6_sluggish_coincident_high_noise::P_old::seed-003026,S6_sluggish_coincident_high_noise,d5freq.phase_b1.compact_episode_audits.v1,3026,C,60.0,sluggish,2.0
P_old,True,derated,False,0.43791592620863823,0.9999999999723848,24.31265138154464,phase-b1::final::sg-C::S6_sluggish_coincident_high_noise::P_old::seed-003026,S6_sluggish_coincident_high_noise,d5freq.phase_b1.compact_episode_audits.v1,3026,C,60.0,sluggish,5.0
P_old,True,derated,False,0.33791891754577363,0.9999999999999998,36.40673939237854,phase-b1::final::sg-C::S6_sluggish_coincident_high_noise::P_old::seed-003026,S6_sluggish_coincident_high_noise,d5freq.phase_b1.compact_episode_audits.v1,3026,C,60.0,sluggish,10.0
P_old,True,derated,False,0.29302019447125777,1.0,62.442556527307175,phase-b1::final::sg-C::S6_sluggish_coincident_high_noise::P_old::seed-003026,S6_sluggish_coincident_high_noise,d5freq.phase_b1.compact_episode_audits.v1,3026,C,60.0,sluggish,20.0
P_old,True,derated,True,0.23462898156619438,0.66484732717736,0.684971263329345,phase-b1::final::sg-C::S6_sluggish_coincident_high_noise::P_old::seed-003027,S6_sluggish_coincident_high_noise,d5freq.phase_b1.compact_episode_audits.v1,3027,C,60.0,sluggish,2.0
P_old,True,derated,False,0.23278841192075522,0.9984660467266351,6.478371906165464,phase-b1::final::sg-C::S6_sluggish_coincident_high_noise::P_old::seed-003027,S6_sluggish_coincident_high_noise,d5freq.phase_b1.compact_episode_audits.v1,3027,C,60.0,sluggish,5.0
P_old,True,derated,False,0.23404523113033923,0.9999999950625473,19.126416311029516,phase-b1::final::sg-C::S6_sluggish_coincident_high_noise::P_old::seed-003027,S6_sluggish_coincident_high_noise,d5freq.phase_b1.compact_episode_audits.v1,3027,C,60.0,sluggish,10.0
P_old,True,derated,False,0.33224942118848955,1.0,75.26194142345315,phase-b1::final::sg-C::S6_sluggish_coincident_high_noise::P_old::seed-003027,S6_sluggish_coincident_high_noise,d5freq.phase_b1.compact_episode_audits.v1,3027,C,60.0,sluggish,20.0
P_old,True,derated,True,0.23457756919870826,0.6886676403075317,0.7938977525864601,phase-b1::final::sg-C::S6_sluggish_coincident_high_noise::P_old::seed-003028,S6_sluggish_coincident_high_noise,d5freq.phase_b1.compact_episode_audits.v1,3028,C,60.0,sluggish,2.0
P_old,True,derated,False,0.23909426660114366,0.9983799819722455,6.423696669880378,phase-b1::final::sg-C::S6_sluggish_coincident_high_noise::P_old::seed-003028,S6_sluggish_coincident_high_noise,d5freq.phase_b1.compact_episode_audits.v1,3028,C,60.0,sluggish,5.0
P_old,True,derated,False,0.23477828569116782,0.9999999945778042,19.03276497176479,phase-b1::final::sg-C::S6_sluggish_coincident_high_noise::P_old::seed-003028,S6_sluggish_coincident_high_noise,d5freq.phase_b1.compact_episode_audits.v1,3028,C,60.0,sluggish,10.0
P_old,True,derated,False,0.24037931919848693,1.0,45.36553876167034,phase-b1::final::sg-C::S6_sluggish_coincident_high_noise::P_old::seed-003028,S6_sluggish_coincident_high_noise,d5freq.phase_b1.compact_episode_audits.v1,3028,C,60.0,sluggish,20.0
P_old,True,derated,True,0.23468160190611803,0.7206753952551294,0.9478142578868862,phase-b1::final::sg-C::S6_sluggish_coincident_high_noise::P_old::seed-003029,S6_sluggish_coincident_high_noise,d5freq.phase_b1.compact_episode_audits.v1,3029,C,60.0,sluggish,2.0
P_old,True,derated,False,0.23280098538622074,0.998834826518561,6.753719439120346,phase-b1::final::sg-C::S6_sluggish_coincident_high_noise::P_old::seed-003029,S6_sluggish_coincident_high_noise,d5freq.phase_b1.compact_episode_audits.v1,3029,C,60.0,sluggish,5.0
P_old,True,derated,False,0.23141615249533282,0.9999999957335224,19.272477277846605,phase-b1::final::sg-C::S6_sluggish_coincident_high_noise::P_old::seed-003029,S6_sluggish_coincident_high_noise,d5freq.phase_b1.compact_episode_audits.v1,3029,C,60.0,sluggish,10.0
P_old,True,derated,False,0.26323578276836146,1.0,51.004472203084305,phase-b1::final::sg-C::S6_sluggish_coincident_high_noise::P_old::seed-003029,S6_sluggish_coincident_high_noise,d5freq.phase_b1.compact_episode_audits.v1,3029,C,60.0,sluggish,20.0
P_old,True,derated,False,0.421527328028915,0.9999058547185893,9.270577272196117,phase-b1::final::sg-A::S9_compound_unavailable_double_step::P_old::seed-003000,S9_compound_unavailable_double_step,d5freq.phase_b1.compact_episode_audits.v1,3000,A,60.0,unavailable,2.0
P_old,True,derated,False,0.36788018012870133,0.9999999969712283,19.61510870030267,phase-b1::final::sg-A::S9_compound_unavailable_double_step::P_old::seed-003000,S9_compound_unavailable_double_step,d5freq.phase_b1.compact_episode_audits.v1,3000,A,60.0,unavailable,5.0
P_old,True,derated,False,0.34062355629114804,0.9999999999999998,36.123491737961885,phase-b1::final::sg-A::S9_compound_unavailable_double_step::P_old::seed-003000,S9_compound_unavailable_double_step,d5freq.phase_b1.compact_episode_audits.v1,3000,A,60.0,unavailable,10.0
P_old,True,derated,False,0.32812037452863957,1.0,69.34211034923797,phase-b1::final::sg-A::S9_compound_unavailable_double_step::P_old::seed-003000,S9_compound_unavailable_double_step,d5freq.phase_b1.compact_episode_audits.v1,3000,A,60.0,unavailable,20.0
P_old,True,derated,False,0.43324623263208967,0.9999254388962228,9.503817019932082,phase-b1::final::sg-A::S9_compound_unavailable_double_step::P_old::seed-003001,S9_compound_unavailable_double_step,d5freq.phase_b1.compact_episode_audits.v1,3001,A,60.0,unavailable,2.0
P_old,True,derated,False,0.449683739543289,0.9999999999997657,29.082271877127496,phase-b1::final::sg-A::S9_compound_unavailable_double_step::P_old::seed-003001,S9_compound_unavailable_double_step,d5freq.phase_b1.compact_episode_audits.v1,3001,A,60.0,unavailable,5.0
P_old,True,derated,False,0.38162835801954353,1.0,45.45003763185237,phase-b1::final::sg-A::S9_compound_unavailable_double_step::P_old::seed-003001,S9_compound_unavailable_double_step,d5freq.phase_b1.compact_episode_audits.v1,3001,A,60.0,unavailable,10.0
P_old,True,derated,False,0.34662644663768366,1.0,78.37047972397619,phase-b1::final::sg-A::S9_compound_unavailable_double_step::P_old::seed-003001,S9_compound_unavailable_double_step,d5freq.phase_b1.compact_episode_audits.v1,3001,A,60.0,unavailable,20.0
P_old,True,derated,False,0.39441107182045276,0.999385383446422,7.393897169217734,phase-b1::final::sg-A::S9_compound_unavailable_double_step::P_old::seed-003002,S9_compound_unavailable_double_step,d5freq.phase_b1.compact_episode_audits.v1,3002,A,60.0,unavailable,2.0
P_old,True,derated,False,0.42549711583192884,0.9999999996616353,21.806897142161972,phase-b1::final::sg-A::S9_compound_unavailable_double_step::P_old::seed-003002,S9_compound_unavailable_double_step,d5freq.phase_b1.compact_episode_audits.v1,3002,A,60.0,unavailable,5.0
P_old,True,derated,False,0.3693540074052636,1.0,38.27130114681097,phase-b1::final::sg-A::S9_compound_unavailable_double_step::P_old::seed-003002,S9_compound_unavailable_double_step,d5freq.phase_b1.compact_episode_audits.v1,3002,A,60.0,unavailable,10.0
P_old,True,derated,False,0.34018171783305523,1.0,71.13785397419738,phase-b1::final::sg-A::S9_compound_unavailable_double_step::P_old::seed-003002,S9_compound_unavailable_double_step,d5freq.phase_b1.compact_episode_audits.v1,3002,A,60.0,unavailable,20.0
P_old,True,derated,False,0.42265811723725916,0.9999257562010032,9.50808205321221,phase-b1::final::sg-A::S9_compound_unavailable_double_step::P_old::seed-003003,S9_compound_unavailable_double_step,d5freq.phase_b1.compact_episode_audits.v1,3003,A,60.0,unavailable,2.0
P_old,True,derated,False,0.3644606801652866,0.9999999972094888,19.697041047660115,phase-b1::final::sg-A::S9_compound_unavailable_double_step::P_old::seed-003003,S9_compound_unavailable_double_step,d5freq.phase_b1.compact_episode_audits.v1,3003,A,60.0,unavailable,5.0
P_old,True,derated,False,0.3392960005247553,0.9999999999999998,36.238742032388984,phase-b1::final::sg-A::S9_compound_unavailable_double_step::P_old::seed-003003,S9_compound_unavailable_double_step,d5freq.phase_b1.compact_episode_audits.v1,3003,A,60.0,unavailable,10.0
P_old,True,derated,False,0.3251372855034932,1.0,69.08267254554514,phase-b1::final::sg-A::S9_compound_unavailable_double_step::P_old::seed-003003,S9_compound_unavailable_double_step,d5freq.phase_b1.compact_episode_audits.v1,3003,A,60.0,unavailable,20.0
P_old,True,derated,False,0.42199277885296904,0.9998227227786352,8.637618535300305,phase-b1::final::sg-A::S9_compound_unavailable_double_step::P_old::seed-003004,S9_compound_unavailable_double_step,d5freq.phase_b1.compact_episode_audits.v1,3004,A,60.0,unavailable,2.0
P_old,True,derated,False,0.4425767125226428,0.9999999999964599,26.36685211910722,phase-b1::final::sg-A::S9_compound_unavailable_double_step::P_old::seed-003004,S9_compound_unavailable_double_step,d5freq.phase_b1.compact_episode_audits.v1,3004,A,60.0,unavailable,5.0
P_old,True,derated,False,0.37813224175985816,1.0,42.754636948750786,phase-b1::final::sg-A::S9_compound_unavailable_double_step::P_old::seed-003004,S9_compound_unavailable_double_step,d5freq.phase_b1.compact_episode_audits.v1,3004,A,60.0,unavailable,10.0
P_old,True,derated,False,0.34497447224862493,1.0,75.6945694374034,phase-b1::final::sg-A::S9_compound_unavailable_double_step::P_old::seed-003004,S9_compound_unavailable_double_step,d5freq.phase_b1.compact_episode_audits.v1,3004,A,60.0,unavailable,20.0
P_old,True,derated,False,0.42388346939727173,0.9998913044562326,9.126851059130487,phase-b1::final::sg-A::S9_compound_unavailable_double_step::P_old::seed-003005,S9_compound_unavailable_double_step,d5freq.phase_b1.compact_episode_audits.v1,3005,A,60.0,unavailable,2.0
P_old,True,derated,False,0.45300659970870055,0.9999999999991613,27.806924239442175,phase-b1::final::sg-A::S9_compound_unavailable_double_step::P_old::seed-003005,S9_compound_unavailable_double_step,d5freq.phase_b1.compact_episode_audits.v1,3005,A,60.0,unavailable,5.0
P_old,True,derated,False,0.3832365657540121,1.0,44.238948277336206,phase-b1::final::sg-A::S9_compound_unavailable_double_step::P_old::seed-003005,S9_compound_unavailable_double_step,d5freq.phase_b1.compact_episode_audits.v1,3005,A,60.0,unavailable,10.0
P_old,True,derated,False,0.3473731351790944,1.0,77.15111103586099,phase-b1::final::sg-A::S9_compound_unavailable_double_step::P_old::seed-003005,S9_compound_unavailable_double_step,d5freq.phase_b1.compact_episode_audits.v1,3005,A,60.0,unavailable,20.0
P_old,True,derated,False,0.3933988269879337,0.9995660372331956,7.742117761361669,phase-b1::final::sg-A::S9_compound_unavailable_double_step::P_old::seed-003006,S9_compound_unavailable_double_step,d5freq.phase_b1.compact_episode_audits.v1,3006,A,60.0,unavailable,2.0
P_old,True,derated,False,0.3569401659474835,0.9999999875081277,18.19818761495342,phase-b1::final::sg-A::S9_compound_unavailable_double_step::P_old::seed-003006,S9_compound_unavailable_double_step,d5freq.phase_b1.compact_episode_audits.v1,3006,A,60.0,unavailable,5.0
P_old,True,derated,False,0.33600721586741134,0.9999999999999991,34.772300372335536,phase-b1::final::sg-A::S9_compound_unavailable_double_step::P_old::seed-003006,S9_compound_unavailable_double_step,d5freq.phase_b1.compact_episode_audits.v1,3006,A,60.0,unavailable,10.0
P_old,True,derated,False,0.3237651800593925,1.0,67.67342618529395,phase-b1::final::sg-A::S9_compound_unavailable_double_step::P_old::seed-003006,S9_compound_unavailable_double_step,d5freq.phase_b1.compact_episode_audits.v1,3006,A,60.0,unavailable,20.0
P_old,True,derated,False,0.41370752707637404,0.9998080575493458,8.55812300701658,phase-b1::final::sg-A::S9_compound_unavailable_double_step::P_old::seed-003007,S9_compound_unavailable_double_step,d5freq.phase_b1.compact_episode_audits.v1,3007,A,60.0,unavailable,2.0
P_old,True,derated,False,0.44965934486421205,0.9999999999995464,28.42148897007194,phase-b1::final::sg-A::S9_compound_unavailable_double_step::P_old::seed-003007,S9_compound_unavailable_double_step,d5freq.phase_b1.compact_episode_audits.v1,3007,A,60.0,unavailable,5.0
P_old,True,derated,False,0.38150336721532074,1.0,44.83510874777404,phase-b1::final::sg-A::S9_compound_unavailable_double_step::P_old::seed-003007,S9_compound_unavailable_double_step,d5freq.phase_b1.compact_episode_audits.v1,3007,A,60.0,unavailable,10.0
P_old,True,derated,False,0.345959951765004,1.0,77.72425822172025,phase-b1::final::sg-A::S9_compound_unavailable_double_step::P_old::seed-003007,S9_compound_unavailable_double_step,d5freq.phase_b1.compact_episode_audits.v1,3007,A,60.0,unavailable,20.0
P_old,True,derated,False,0.4416190421860796,0.9999585407600344,10.090758334479482,phase-b1::final::sg-A::S9_compound_unavailable_double_step::P_old::seed-003008,S9_compound_unavailable_double_step,d5freq.phase_b1.compact_episode_audits.v1,3008,A,60.0,unavailable,2.0
P_old,True,derated,False,0.3721567507068134,0.9999999984326533,20.27388163488297,phase-b1::final::sg-A::S9_compound_unavailable_double_step::P_old::seed-003008,S9_compound_unavailable_double_step,d5freq.phase_b1.compact_episode_audits.v1,3008,A,60.0,unavailable,5.0
P_old,True,derated,False,0.3434599229352255,1.0,36.84335692510244,phase-b1::final::sg-A::S9_compound_unavailable_double_step::P_old::seed-003008,S9_compound_unavailable_double_step,d5freq.phase_b1.compact_episode_audits.v1,3008,A,60.0,unavailable,10.0
P_old,True,derated,False,0.3356640832518461,1.0,70.67461423525594,phase-b1::final::sg-A::S9_compound_unavailable_double_step::P_old::seed-003008,S9_compound_unavailable_double_step,d5freq.phase_b1.compact_episode_audits.v1,3008,A,60.0,unavailable,20.0
P_old,True,derated,False,0.4333436457438691,0.9998942129785093,9.153976924123779,phase-b1::final::sg-A::S9_compound_unavailable_double_step::P_old::seed-003009,S9_compound_unavailable_double_step,d5freq.phase_b1.compact_episode_audits.v1,3009,A,60.0,unavailable,2.0
P_old,True,derated,False,0.3991962101162582,0.9999999997233957,22.008433003188024,phase-b1::final::sg-A::S9_compound_unavailable_double_step::P_old::seed-003009,S9_compound_unavailable_double_step,d5freq.phase_b1.compact_episode_audits.v1,3009,A,60.0,unavailable,5.0
P_old,True,derated,False,0.35646021531829747,1.0,38.52673089641203,phase-b1::final::sg-A::S9_compound_unavailable_double_step::P_old::seed-003009,S9_compound_unavailable_double_step,d5freq.phase_b1.compact_episode_audits.v1,3009,A,60.0,unavailable,10.0
P_old,True,derated,False,0.33435878968343824,1.0,71.44349247909156,phase-b1::final::sg-A::S9_compound_unavailable_double_step::P_old::seed-003009,S9_compound_unavailable_double_step,d5freq.phase_b1.compact_episode_audits.v1,3009,A,60.0,unavailable,20.0
P_old,True,derated,False,0.39144527341019253,0.9995449857890402,7.694726788860766,phase-b1::final::sg-A::S9_compound_unavailable_double_step::P_old::seed-003010,S9_compound_unavailable_double_step,d5freq.phase_b1.compact_episode_audits.v1,3010,A,60.0,unavailable,2.0
P_old,True,derated,False,0.35730874826450887,0.9999999875204187,18.199172023266925,phase-b1::final::sg-A::S9_compound_unavailable_double_step::P_old::seed-003010,S9_compound_unavailable_double_step,d5freq.phase_b1.compact_episode_audits.v1,3010,A,60.0,unavailable,5.0
P_old,True,derated,False,0.33591163637954075,0.9999999999999991,34.7487460500746,phase-b1::final::sg-A::S9_compound_unavailable_double_step::P_old::seed-003010,S9_compound_unavailable_double_step,d5freq.phase_b1.compact_episode_audits.v1,3010,A,60.0,unavailable,10.0
P_old,True,derated,False,0.3240347236986212,1.0,67.67518109713333,phase-b1::final::sg-A::S9_compound_unavailable_double_step::P_old::seed-003010,S9_compound_unavailable_double_step,d5freq.phase_b1.compact_episode_audits.v1,3010,A,60.0,unavailable,20.0
P_old,True,derated,False,0.40325803947101657,0.9996624926430125,7.993585685082632,phase-b1::final::sg-A::S9_compound_unavailable_double_step::P_old::seed-003011,S9_compound_unavailable_double_step,d5freq.phase_b1.compact_episode_audits.v1,3011,A,60.0,unavailable,2.0
P_old,True,derated,False,0.3862115045150669,0.9999999987497972,20.499960076039656,phase-b1::final::sg-A::S9_compound_unavailable_double_step::P_old::seed-003011,S9_compound_unavailable_double_step,d5freq.phase_b1.compact_episode_audits.v1,3011,A,60.0,unavailable,5.0
P_old,True,derated,False,0.34992337358500375,1.0,37.007375835351496,phase-b1::final::sg-A::S9_compound_unavailable_double_step::P_old::seed-003011,S9_compound_unavailable_double_step,d5freq.phase_b1.compact_episode_audits.v1,3011,A,60.0,unavailable,10.0
P_old,True,derated,False,0.3305200956966523,1.0,69.88348743350159,phase-b1::final::sg-A::S9_compound_unavailable_double_step::P_old::seed-003011,S9_compound_unavailable_double_step,d5freq.phase_b1.compact_episode_audits.v1,3011,A,60.0,unavailable,20.0
P_old,True,derated,False,0.4300859966137636,0.9999278320740596,9.536442679895753,phase-b1::final::sg-A::S9_compound_unavailable_double_step::P_old::seed-003012,S9_compound_unavailable_double_step,d5freq.phase_b1.compact_episode_audits.v1,3012,A,60.0,unavailable,2.0
P_old,True,derated,False,0.3680484065443141,0.9999999974247118,19.77730440580737,phase-b1::final::sg-A::S9_compound_unavailable_double_step::P_old::seed-003012,S9_compound_unavailable_double_step,d5freq.phase_b1.compact_episode_audits.v1,3012,A,60.0,unavailable,5.0
P_old,True,derated,False,0.3413922696696145,0.9999999999999998,36.34358129257828,phase-b1::final::sg-A::S9_compound_unavailable_double_step::P_old::seed-003012,S9_compound_unavailable_double_step,d5freq.phase_b1.compact_episode_audits.v1,3012,A,60.0,unavailable,10.0
P_old,True,derated,False,0.33274243076963567,1.0,70.20366766540732,phase-b1::final::sg-A::S9_compound_unavailable_double_step::P_old::seed-003012,S9_compound_unavailable_double_step,d5freq.phase_b1.compact_episode_audits.v1,3012,A,60.0,unavailable,20.0
P_old,True,derated,False,0.4040645753089422,0.9996686796526785,8.012093458692494,phase-b1::final::sg-A::S9_compound_unavailable_double_step::P_old::seed-003013,S9_compound_unavailable_double_step,d5freq.phase_b1.compact_episode_audits.v1,3013,A,60.0,unavailable,2.0
P_old,True,derated,False,0.3580881911037575,0.9999999889063617,18.316894011028296,phase-b1::final::sg-A::S9_compound_unavailable_double_step::P_old::seed-003013,S9_compound_unavailable_double_step,d5freq.phase_b1.compact_episode_audits.v1,3013,A,60.0,unavailable,5.0
P_old,True,derated,False,0.3361067798821086,0.9999999999999993,34.85663333169295,phase-b1::final::sg-A::S9_compound_unavailable_double_step::P_old::seed-003013,S9_compound_unavailable_double_step,d5freq.phase_b1.compact_episode_audits.v1,3013,A,60.0,unavailable,10.0
P_old,True,derated,False,0.3254218845266553,1.0,67.95671896799143,phase-b1::final::sg-A::S9_compound_unavailable_double_step::P_old::seed-003013,S9_compound_unavailable_double_step,d5freq.phase_b1.compact_episode_audits.v1,3013,A,60.0,unavailable,20.0
P_old,True,derated,False,0.40875474788379773,0.9997882299793613,8.459797887997237,phase-b1::final::sg-A::S9_compound_unavailable_double_step::P_old::seed-003014,S9_compound_unavailable_double_step,d5freq.phase_b1.compact_episode_audits.v1,3014,A,60.0,unavailable,2.0
P_old,True,derated,False,0.4317190772380866,0.9999999999917748,25.523811269850384,phase-b1::final::sg-A::S9_compound_unavailable_double_step::P_old::seed-003014,S9_compound_unavailable_double_step,d5freq.phase_b1.compact_episode_audits.v1,3014,A,60.0,unavailable,5.0
P_old,True,derated,False,0.3725148806686003,1.0,41.95216498868531,phase-b1::final::sg-A::S9_compound_unavailable_double_step::P_old::seed-003014,S9_compound_unavailable_double_step,d5freq.phase_b1.compact_episode_audits.v1,3014,A,60.0,unavailable,10.0
P_old,True,derated,False,0.3418577601503935,1.0,74.83782576174295,phase-b1::final::sg-A::S9_compound_unavailable_double_step::P_old::seed-003014,S9_compound_unavailable_double_step,d5freq.phase_b1.compact_episode_audits.v1,3014,A,60.0,unavailable,20.0
P_old,True,derated,False,0.42235497421206086,0.9998008554269389,8.521280335549147,phase-b1::final::sg-A::S9_compound_unavailable_double_step::P_old::seed-003015,S9_compound_unavailable_double_step,d5freq.phase_b1.compact_episode_audits.v1,3015,A,60.0,unavailable,2.0
P_old,True,derated,False,0.45171535012991004,0.9999999999763827,24.46904097668147,phase-b1::final::sg-A::S9_compound_unavailable_double_step::P_old::seed-003015,S9_compound_unavailable_double_step,d5freq.phase_b1.compact_episode_audits.v1,3015,A,60.0,unavailable,5.0
P_old,True,derated,False,0.3825870864658702,1.0,40.95331831168551,phase-b1::final::sg-A::S9_compound_unavailable_double_step::P_old::seed-003015,S9_compound_unavailable_double_step,d5freq.phase_b1.compact_episode_audits.v1,3015,A,60.0,unavailable,10.0
P_old,True,derated,False,0.347400726685288,1.0,73.91095406313164,phase-b1::final::sg-A::S9_compound_unavailable_double_step::P_old::seed-003015,S9_compound_unavailable_double_step,d5freq.phase_b1.compact_episode_audits.v1,3015,A,60.0,unavailable,20.0
P_old,True,derated,False,0.4237164990956782,0.9998465398198393,8.78191596526688,phase-b1::final::sg-A::S9_compound_unavailable_double_step::P_old::seed-003016,S9_compound_unavailable_double_step,d5freq.phase_b1.compact_episode_audits.v1,3016,A,60.0,unavailable,2.0
P_old,True,derated,False,0.3626553452162754,0.9999999937030404,18.883198923581446,phase-b1::final::sg-A::S9_compound_unavailable_double_step::P_old::seed-003016,S9_compound_unavailable_double_step,d5freq.phase_b1.compact_episode_audits.v1,3016,A,60.0,unavailable,5.0
P_old,True,derated,False,0.33837163770376866,0.9999999999999996,35.41834940749719,phase-b1::final::sg-A::S9_compound_unavailable_double_step::P_old::seed-003016,S9_compound_unavailable_double_step,d5freq.phase_b1.compact_episode_audits.v1,3016,A,60.0,unavailable,10.0
P_old,True,derated,False,0.330084053151093,1.0,69.09021550804755,phase-b1::final::sg-A::S9_compound_unavailable_double_step::P_old::seed-003016,S9_compound_unavailable_double_step,d5freq.phase_b1.compact_episode_audits.v1,3016,A,60.0,unavailable,20.0
P_old,True,derated,False,0.414795501249864,0.9999003613548616,9.213860821629517,phase-b1::final::sg-A::S9_compound_unavailable_double_step::P_old::seed-003017,S9_compound_unavailable_double_step,d5freq.phase_b1.compact_episode_audits.v1,3017,A,60.0,unavailable,2.0
P_old,True,derated,False,0.4337067652138237,0.9999999999897919,25.307845132501598,phase-b1::final::sg-A::S9_compound_unavailable_double_step::P_old::seed-003017,S9_compound_unavailable_double_step,d5freq.phase_b1.compact_episode_audits.v1,3017,A,60.0,unavailable,5.0
P_old,True,derated,False,0.3734620993163775,1.0,41.745055376144165,phase-b1::final::sg-A::S9_compound_unavailable_double_step::P_old::seed-003017,S9_compound_unavailable_double_step,d5freq.phase_b1.compact_episode_audits.v1,3017,A,60.0,unavailable,10.0
P_old,True,derated,False,0.3422727527582211,1.0,74.61797926532378,phase-b1::final::sg-A::S9_compound_unavailable_double_step::P_old::seed-003017,S9_compound_unavailable_double_step,d5freq.phase_b1.compact_episode_audits.v1,3017,A,60.0,unavailable,20.0
P_old,True,derated,False,0.38514532494620385,0.9992146221632575,7.148559949772583,phase-b1::final::sg-A::S9_compound_unavailable_double_step::P_old::seed-003018,S9_compound_unavailable_double_step,d5freq.phase_b1.compact_episode_audits.v1,3018,A,60.0,unavailable,2.0
P_old,True,derated,False,0.3703348734652203,0.999999993781487,18.89573501817248,phase-b1::final::sg-A::S9_compound_unavailable_double_step::P_old::seed-003018,S9_compound_unavailable_double_step,d5freq.phase_b1.compact_episode_audits.v1,3018,A,60.0,unavailable,5.0
P_old,True,derated,False,0.3421925169723393,0.9999999999999996,35.44342916303239,phase-b1::final::sg-A::S9_compound_unavailable_double_step::P_old::seed-003018,S9_compound_unavailable_double_step,d5freq.phase_b1.compact_episode_audits.v1,3018,A,60.0,unavailable,10.0
P_old,True,derated,False,0.327810236472741,1.0,68.47289604877676,phase-b1::final::sg-A::S9_compound_unavailable_double_step::P_old::seed-003018,S9_compound_unavailable_double_step,d5freq.phase_b1.compact_episode_audits.v1,3018,A,60.0,unavailable,20.0
P_old,True,derated,False,0.37831460072237844,0.9991422456844103,7.060334722556586,phase-b1::final::sg-A::S9_compound_unavailable_double_step::P_old::seed-003019,S9_compound_unavailable_double_step,d5freq.phase_b1.compact_episode_audits.v1,3019,A,60.0,unavailable,2.0
P_old,True,derated,False,0.3755541531826997,0.9999999930839945,18.789427468139323,phase-b1::final::sg-A::S9_compound_unavailable_double_step::P_old::seed-003019,S9_compound_unavailable_double_step,d5freq.phase_b1.compact_episode_audits.v1,3019,A,60.0,unavailable,5.0
P_old,True,derated,False,0.34433224551655905,0.9999999999999996,35.29028257833906,phase-b1::final::sg-A::S9_compound_unavailable_double_step::P_old::seed-003019,S9_compound_unavailable_double_step,d5freq.phase_b1.compact_episode_audits.v1,3019,A,60.0,unavailable,10.0
P_old,True,derated,False,0.3276885155394408,1.0,68.15902528490321,phase-b1::final::sg-A::S9_compound_unavailable_double_step::P_old::seed-003019,S9_compound_unavailable_double_step,d5freq.phase_b1.compact_episode_audits.v1,3019,A,60.0,unavailable,20.0
P_old,True,derated,False,0.4041273994722267,0.9996595173560467,7.984805865289218,phase-b1::final::sg-A::S9_compound_unavailable_double_step::P_old::seed-003020,S9_compound_unavailable_double_step,d5freq.phase_b1.compact_episode_audits.v1,3020,A,60.0,unavailable,2.0
P_old,True,derated,False,0.3957324652348912,0.999999999630405,21.718613368731006,phase-b1::final::sg-A::S9_compound_unavailable_double_step::P_old::seed-003020,S9_compound_unavailable_double_step,d5freq.phase_b1.compact_episode_audits.v1,3020,A,60.0,unavailable,5.0
P_old,True,derated,False,0.35484413787602137,1.0,38.23071545502742,phase-b1::final::sg-A::S9_compound_unavailable_double_step::P_old::seed-003020,S9_compound_unavailable_double_step,d5freq.phase_b1.compact_episode_audits.v1,3020,A,60.0,unavailable,10.0
P_old,True,derated,False,0.33293811133479234,1.0,71.07652006476317,phase-b1::final::sg-A::S9_compound_unavailable_double_step::P_old::seed-003020,S9_compound_unavailable_double_step,d5freq.phase_b1.compact_episode_audits.v1,3020,A,60.0,unavailable,20.0
P_old,True,derated,False,0.4058082566108938,0.9996959192054018,8.097912993128237,phase-b1::final::sg-A::S9_compound_unavailable_double_step::P_old::seed-003021,S9_compound_unavailable_double_step,d5freq.phase_b1.compact_episode_audits.v1,3021,A,60.0,unavailable,2.0
P_old,True,derated,False,0.35880200334005774,0.999999989842402,18.40504384013454,phase-b1::final::sg-A::S9_compound_unavailable_double_step::P_old::seed-003021,S9_compound_unavailable_double_step,d5freq.phase_b1.compact_episode_audits.v1,3021,A,60.0,unavailable,5.0
P_old,True,derated,False,0.3364476547171297,0.9999999999999993,34.942183664628445,phase-b1::final::sg-A::S9_compound_unavailable_double_step::P_old::seed-003021,S9_compound_unavailable_double_step,d5freq.phase_b1.compact_episode_audits.v1,3021,A,60.0,unavailable,10.0
P_old,True,derated,False,0.3451334276397925,1.0,71.26250283639521,phase-b1::final::sg-A::S9_compound_unavailable_double_step::P_old::seed-003021,S9_compound_unavailable_double_step,d5freq.phase_b1.compact_episode_audits.v1,3021,A,60.0,unavailable,20.0
P_old,True,derated,False,0.39985450773402714,0.9996485070936433,7.952969473284629,phase-b1::final::sg-A::S9_compound_unavailable_double_step::P_old::seed-003022,S9_compound_unavailable_double_step,d5freq.phase_b1.compact_episode_audits.v1,3022,A,60.0,unavailable,2.0
P_old,True,derated,False,0.3569488890210495,0.9999999885510907,18.28537135704274,phase-b1::final::sg-A::S9_compound_unavailable_double_step::P_old::seed-003022,S9_compound_unavailable_double_step,d5freq.phase_b1.compact_episode_audits.v1,3022,A,60.0,unavailable,5.0
P_old,True,derated,False,0.33552217687714914,0.9999999999999993,34.82324269132617,phase-b1::final::sg-A::S9_compound_unavailable_double_step::P_old::seed-003022,S9_compound_unavailable_double_step,d5freq.phase_b1.compact_episode_audits.v1,3022,A,60.0,unavailable,10.0
P_old,True,derated,False,0.32751902235244357,1.0,68.35359333834668,phase-b1::final::sg-A::S9_compound_unavailable_double_step::P_old::seed-003022,S9_compound_unavailable_double_step,d5freq.phase_b1.compact_episode_audits.v1,3022,A,60.0,unavailable,20.0
P_old,True,derated,False,0.402671760110139,0.9996397486619739,7.928348292687637,phase-b1::final::sg-A::S9_compound_unavailable_double_step::P_old::seed-003023,S9_compound_unavailable_double_step,d5freq.phase_b1.compact_episode_audits.v1,3023,A,60.0,unavailable,2.0
P_old,True,derated,False,0.39005505926348605,0.9999999992123518,20.96196955134952,phase-b1::final::sg-A::S9_compound_unavailable_double_step::P_old::seed-003023,S9_compound_unavailable_double_step,d5freq.phase_b1.compact_episode_audits.v1,3023,A,60.0,unavailable,5.0
P_old,True,derated,False,0.3519377640486583,1.0,37.47230370182308,phase-b1::final::sg-A::S9_compound_unavailable_double_step::P_old::seed-003023,S9_compound_unavailable_double_step,d5freq.phase_b1.compact_episode_audits.v1,3023,A,60.0,unavailable,10.0
P_old,True,derated,False,0.33151626140403456,1.0,70.32281040095643,phase-b1::final::sg-A::S9_compound_unavailable_double_step::P_old::seed-003023,S9_compound_unavailable_double_step,d5freq.phase_b1.compact_episode_audits.v1,3023,A,60.0,unavailable,20.0
P_old,True,derated,False,0.4045155525119976,0.9997426052786625,8.264642342784082,phase-b1::final::sg-A::S9_compound_unavailable_double_step::P_old::seed-003024,S9_compound_unavailable_double_step,d5freq.phase_b1.compact_episode_audits.v1,3024,A,60.0,unavailable,2.0
P_old,True,derated,False,0.4267724920260417,0.9999999999767453,24.48451553887996,phase-b1::final::sg-A::S9_compound_unavailable_double_step::P_old::seed-003024,S9_compound_unavailable_double_step,d5freq.phase_b1.compact_episode_audits.v1,3024,A,60.0,unavailable,5.0
P_old,True,derated,False,0.3700866666351848,1.0,40.91556896653633,phase-b1::final::sg-A::S9_compound_unavailable_double_step::P_old::seed-003024,S9_compound_unavailable_double_step,d5freq.phase_b1.compact_episode_audits.v1,3024,A,60.0,unavailable,10.0
P_old,True,derated,False,0.34218022901533035,1.0,73.90627774063071,phase-b1::final::sg-A::S9_compound_unavailable_double_step::P_old::seed-003024,S9_compound_unavailable_double_step,d5freq.phase_b1.compact_episode_audits.v1,3024,A,60.0,unavailable,20.0
P_old,True,derated,False,0.42012417948470754,0.9998342999409251,8.705165563226405,phase-b1::final::sg-A::S9_compound_unavailable_double_step::P_old::seed-003025,S9_compound_unavailable_double_step,d5freq.phase_b1.compact_episode_audits.v1,3025,A,60.0,unavailable,2.0
P_old,True,derated,False,0.36229774909147916,0.999999993660972,18.876540410397325,phase-b1::final::sg-A::S9_compound_unavailable_double_step::P_old::seed-003025,S9_compound_unavailable_double_step,d5freq.phase_b1.compact_episode_audits.v1,3025,A,60.0,unavailable,5.0
P_old,True,derated,False,0.33835702359237685,0.9999999999999996,35.42244826282476,phase-b1::final::sg-A::S9_compound_unavailable_double_step::P_old::seed-003025,S9_compound_unavailable_double_step,d5freq.phase_b1.compact_episode_audits.v1,3025,A,60.0,unavailable,10.0
P_old,True,derated,False,0.3264075929902922,1.0,68.5368921202296,phase-b1::final::sg-A::S9_compound_unavailable_double_step::P_old::seed-003025,S9_compound_unavailable_double_step,d5freq.phase_b1.compact_episode_audits.v1,3025,A,60.0,unavailable,20.0
P_old,True,derated,False,0.41016287776123034,0.9998587454338188,8.864805596969799,phase-b1::final::sg-A::S9_compound_unavailable_double_step::P_old::seed-003026,S9_compound_unavailable_double_step,d5freq.phase_b1.compact_episode_audits.v1,3026,A,60.0,unavailable,2.0
P_old,True,derated,False,0.3598603948913896,0.9999999949794398,19.109724321331903,phase-b1::final::sg-A::S9_compound_unavailable_double_step::P_old::seed-003026,S9_compound_unavailable_double_step,d5freq.phase_b1.compact_episode_audits.v1,3026,A,60.0,unavailable,5.0
P_old,True,derated,False,0.3370761252063921,0.9999999999999998,35.65751604327072,phase-b1::final::sg-A::S9_compound_unavailable_double_step::P_old::seed-003026,S9_compound_unavailable_double_step,d5freq.phase_b1.compact_episode_audits.v1,3026,A,60.0,unavailable,10.0
P_old,True,derated,False,0.3280575379158906,1.0,69.04346738570936,phase-b1::final::sg-A::S9_compound_unavailable_double_step::P_old::seed-003026,S9_compound_unavailable_double_step,d5freq.phase_b1.compact_episode_audits.v1,3026,A,60.0,unavailable,20.0
P_old,True,derated,False,0.379018898176594,0.9992602107126658,7.208405096095646,phase-b1::final::sg-A::S9_compound_unavailable_double_step::P_old::seed-003027,S9_compound_unavailable_double_step,d5freq.phase_b1.compact_episode_audits.v1,3027,A,60.0,unavailable,2.0
P_old,True,derated,False,0.36914443101628475,0.9999999933670143,18.831210797446218,phase-b1::final::sg-A::S9_compound_unavailable_double_step::P_old::seed-003027,S9_compound_unavailable_double_step,d5freq.phase_b1.compact_episode_audits.v1,3027,A,60.0,unavailable,5.0
P_old,True,derated,False,0.34123126501191386,0.9999999999999996,35.34082983264746,phase-b1::final::sg-A::S9_compound_unavailable_double_step::P_old::seed-003027,S9_compound_unavailable_double_step,d5freq.phase_b1.compact_episode_audits.v1,3027,A,60.0,unavailable,10.0
P_old,True,derated,False,0.32636244205985443,1.0,68.23796951601437,phase-b1::final::sg-A::S9_compound_unavailable_double_step::P_old::seed-003027,S9_compound_unavailable_double_step,d5freq.phase_b1.compact_episode_audits.v1,3027,A,60.0,unavailable,20.0
P_old,True,derated,False,0.4380622439123206,0.9999534715384949,9.975399831315698,phase-b1::final::sg-A::S9_compound_unavailable_double_step::P_old::seed-003028,S9_compound_unavailable_double_step,d5freq.phase_b1.compact_episode_audits.v1,3028,A,60.0,unavailable,2.0
P_old,True,derated,False,0.3710181095252644,0.9999999982840986,20.18332732686872,phase-b1::final::sg-A::S9_compound_unavailable_double_step::P_old::seed-003028,S9_compound_unavailable_double_step,d5freq.phase_b1.compact_episode_audits.v1,3028,A,60.0,unavailable,5.0
P_old,True,derated,False,0.3429185249443618,1.0,36.7549169102372,phase-b1::final::sg-A::S9_compound_unavailable_double_step::P_old::seed-003028,S9_compound_unavailable_double_step,d5freq.phase_b1.compact_episode_audits.v1,3028,A,60.0,unavailable,10.0
P_old,True,derated,False,0.32668128866086693,1.0,69.58460006699428,phase-b1::final::sg-A::S9_compound_unavailable_double_step::P_old::seed-003028,S9_compound_unavailable_double_step,d5freq.phase_b1.compact_episode_audits.v1,3028,A,60.0,unavailable,20.0
P_old,True,derated,False,0.4031717154380756,0.9996663304364718,8.005025660208304,phase-b1::final::sg-A::S9_compound_unavailable_double_step::P_old::seed-003029,S9_compound_unavailable_double_step,d5freq.phase_b1.compact_episode_audits.v1,3029,A,60.0,unavailable,2.0
P_old,True,derated,False,0.4377277059405821,0.9999999999995859,28.512478475361164,phase-b1::final::sg-A::S9_compound_unavailable_double_step::P_old::seed-003029,S9_compound_unavailable_double_step,d5freq.phase_b1.compact_episode_audits.v1,3029,A,60.0,unavailable,5.0
P_old,True,derated,False,0.3756782876374733,1.0,44.87494116305335,phase-b1::final::sg-A::S9_compound_unavailable_double_step::P_old::seed-003029,S9_compound_unavailable_double_step,d5freq.phase_b1.compact_episode_audits.v1,3029,A,60.0,unavailable,10.0
P_old,True,derated,False,0.3439481508106448,1.0,77.80504025646644,phase-b1::final::sg-A::S9_compound_unavailable_double_step::P_old::seed-003029,S9_compound_unavailable_double_step,d5freq.phase_b1.compact_episode_audits.v1,3029,A,60.0,unavailable,20.0
P_old,True,derated,False,0.43243990742492183,0.9999095810918655,9.310966730490708,phase-b1::final::sg-A::S9_compound_unavailable_double_step::P_old::seed-003030,S9_compound_unavailable_double_step,d5freq.phase_b1.compact_episode_audits.v1,3030,A,60.0,unavailable,2.0
P_old,True,derated,False,0.4402788430770169,0.9999999999971303,26.57678442279653,phase-b1::final::sg-A::S9_compound_unavailable_double_step::P_old::seed-003030,S9_compound_unavailable_double_step,d5freq.phase_b1.compact_episode_audits.v1,3030,A,60.0,unavailable,5.0
P_old,True,derated,False,0.3768275003059648,1.0,43.01109632067566,phase-b1::final::sg-A::S9_compound_unavailable_double_step::P_old::seed-003030,S9_compound_unavailable_double_step,d5freq.phase_b1.compact_episode_audits.v1,3030,A,60.0,unavailable,10.0
P_old,True,derated,False,0.34442506520563826,1.0,75.92904204817,phase-b1::final::sg-A::S9_compound_unavailable_double_step::P_old::seed-003030,S9_compound_unavailable_double_step,d5freq.phase_b1.compact_episode_audits.v1,3030,A,60.0,unavailable,20.0
P_old,True,derated,False,0.3882304725019148,0.9994408799996432,7.488587161791045,phase-b1::final::sg-A::S9_compound_unavailable_double_step::P_old::seed-003031,S9_compound_unavailable_double_step,d5freq.phase_b1.compact_episode_audits.v1,3031,A,60.0,unavailable,2.0
P_old,True,derated,False,0.36948941260218177,0.999999994418777,19.00385789263151,phase-b1::final::sg-A::S9_compound_unavailable_double_step::P_old::seed-003031,S9_compound_unavailable_double_step,d5freq.phase_b1.compact_episode_audits.v1,3031,A,60.0,unavailable,5.0
P_old,True,derated,False,0.3413847757415653,0.9999999999999996,35.499109213125465,phase-b1::final::sg-A::S9_compound_unavailable_double_step::P_old::seed-003031,S9_compound_unavailable_double_step,d5freq.phase_b1.compact_episode_audits.v1,3031,A,60.0,unavailable,10.0
P_old,True,derated,False,0.3266323335699147,1.0,68.41085216674992,phase-b1::final::sg-A::S9_compound_unavailable_double_step::P_old::seed-003031,S9_compound_unavailable_double_step,d5freq.phase_b1.compact_episode_audits.v1,3031,A,60.0,unavailable,20.0
P_old,True,derated,False,0.41227107461649437,0.9997902012990822,8.469152233312819,phase-b1::final::sg-A::S9_compound_unavailable_double_step::P_old::seed-003032,S9_compound_unavailable_double_step,d5freq.phase_b1.compact_episode_audits.v1,3032,A,60.0,unavailable,2.0
P_old,True,derated,False,0.38086092322044796,0.9999999981703958,20.119166130140762,phase-b1::final::sg-A::S9_compound_unavailable_double_step::P_old::seed-003032,S9_compound_unavailable_double_step,d5freq.phase_b1.compact_episode_audits.v1,3032,A,60.0,unavailable,5.0
P_old,True,derated,False,0.34731449372015,0.9999999999999998,36.63465873640182,phase-b1::final::sg-A::S9_compound_unavailable_double_step::P_old::seed-003032,S9_compound_unavailable_double_step,d5freq.phase_b1.compact_episode_audits.v1,3032,A,60.0,unavailable,10.0
P_old,True,derated,False,0.32914520864845837,1.0,69.4853451025862,phase-b1::final::sg-A::S9_compound_unavailable_double_step::P_old::seed-003032,S9_compound_unavailable_double_step,d5freq.phase_b1.compact_episode_audits.v1,3032,A,60.0,unavailable,20.0
P_old,True,derated,False,0.4025464636948571,0.9996434204081311,7.938596440748093,phase-b1::final::sg-A::S9_compound_unavailable_double_step::P_old::seed-003033,S9_compound_unavailable_double_step,d5freq.phase_b1.compact_episode_audits.v1,3033,A,60.0,unavailable,2.0
P_old,True,derated,False,0.42644420846489284,0.9999999998728384,22.78556288670073,phase-b1::final::sg-A::S9_compound_unavailable_double_step::P_old::seed-003033,S9_compound_unavailable_double_step,d5freq.phase_b1.compact_episode_audits.v1,3033,A,60.0,unavailable,5.0
P_old,True,derated,False,0.36993946876866524,1.0,39.249304740161065,phase-b1::final::sg-A::S9_compound_unavailable_double_step::P_old::seed-003033,S9_compound_unavailable_double_step,d5freq.phase_b1.compact_episode_audits.v1,3033,A,60.0,unavailable,10.0
P_old,True,derated,False,0.3514159323325753,1.0,74.11719583596371,phase-b1::final::sg-A::S9_compound_unavailable_double_step::P_old::seed-003033,S9_compound_unavailable_double_step,d5freq.phase_b1.compact_episode_audits.v1,3033,A,60.0,unavailable,20.0
P_old,True,derated,False,0.41960806431868203,0.9997301580003541,8.217404081186462,phase-b1::final::sg-A::S9_compound_unavailable_double_step::P_old::seed-003034,S9_compound_unavailable_double_step,d5freq.phase_b1.compact_episode_audits.v1,3034,A,60.0,unavailable,2.0
P_old,True,derated,False,0.3744381283550718,0.9999999952466125,19.164408318543288,phase-b1::final::sg-A::S9_compound_unavailable_double_step::P_old::seed-003034,S9_compound_unavailable_double_step,d5freq.phase_b1.compact_episode_audits.v1,3034,A,60.0,unavailable,5.0
P_old,True,derated,False,0.3442161331197211,0.9999999999999998,35.70668664790918,phase-b1::final::sg-A::S9_compound_unavailable_double_step::P_old::seed-003034,S9_compound_unavailable_double_step,d5freq.phase_b1.compact_episode_audits.v1,3034,A,60.0,unavailable,10.0
P_old,True,derated,False,0.32792888412158205,1.0,68.61001343210742,phase-b1::final::sg-A::S9_compound_unavailable_double_step::P_old::seed-003034,S9_compound_unavailable_double_step,d5freq.phase_b1.compact_episode_audits.v1,3034,A,60.0,unavailable,20.0
P_old,True,derated,False,0.39450027883562844,0.9995697265998092,7.750659370929604,phase-b1::final::sg-A::S9_compound_unavailable_double_step::P_old::seed-003035,S9_compound_unavailable_double_step,d5freq.phase_b1.compact_episode_audits.v1,3035,A,60.0,unavailable,2.0
P_old,True,derated,False,0.42094087054584695,0.9999999993944366,21.22486207186146,phase-b1::final::sg-A::S9_compound_unavailable_double_step::P_old::seed-003035,S9_compound_unavailable_double_step,d5freq.phase_b1.compact_episode_audits.v1,3035,A,60.0,unavailable,5.0
P_old,True,derated,False,0.3670008270484505,1.0,37.724289295578046,phase-b1::final::sg-A::S9_compound_unavailable_double_step::P_old::seed-003035,S9_compound_unavailable_double_step,d5freq.phase_b1.compact_episode_audits.v1,3035,A,60.0,unavailable,10.0
P_old,True,derated,False,0.3389615984643081,1.0,70.58240799018739,phase-b1::final::sg-A::S9_compound_unavailable_double_step::P_old::seed-003035,S9_compound_unavailable_double_step,d5freq.phase_b1.compact_episode_audits.v1,3035,A,60.0,unavailable,20.0
P_old,True,derated,False,0.4201624864187062,0.9999227180292036,9.467972584635998,phase-b1::final::sg-A::S9_compound_unavailable_double_step::P_old::seed-003036,S9_compound_unavailable_double_step,d5freq.phase_b1.compact_episode_audits.v1,3036,A,60.0,unavailable,2.0
P_old,True,derated,False,0.40982751619247004,0.9999999999679541,24.16385320991781,phase-b1::final::sg-A::S9_compound_unavailable_double_step::P_old::seed-003036,S9_compound_unavailable_double_step,d5freq.phase_b1.compact_episode_audits.v1,3036,A,60.0,unavailable,5.0
P_old,True,derated,False,0.36186999016268795,1.0,40.67476961771236,phase-b1::final::sg-A::S9_compound_unavailable_double_step::P_old::seed-003036,S9_compound_unavailable_double_step,d5freq.phase_b1.compact_episode_audits.v1,3036,A,60.0,unavailable,10.0
P_old,True,derated,False,0.336482614983705,1.0,73.52747104529155,phase-b1::final::sg-A::S9_compound_unavailable_double_step::P_old::seed-003036,S9_compound_unavailable_double_step,d5freq.phase_b1.compact_episode_audits.v1,3036,A,60.0,unavailable,20.0
P_old,True,derated,False,0.43551359819562874,0.9998189841806162,8.61674509849857,phase-b1::final::sg-A::S9_compound_unavailable_double_step::P_old::seed-003037,S9_compound_unavailable_double_step,d5freq.phase_b1.compact_episode_audits.v1,3037,A,60.0,unavailable,2.0
P_old,True,derated,False,0.44471855093333473,0.9999999999916451,25.5081731881669,phase-b1::final::sg-A::S9_compound_unavailable_double_step::P_old::seed-003037,S9_compound_unavailable_double_step,d5freq.phase_b1.compact_episode_audits.v1,3037,A,60.0,unavailable,5.0
P_old,True,derated,False,0.3791583100407137,1.0,41.97239610173878,phase-b1::final::sg-A::S9_compound_unavailable_double_step::P_old::seed-003037,S9_compound_unavailable_double_step,d5freq.phase_b1.compact_episode_audits.v1,3037,A,60.0,unavailable,10.0
P_old,True,derated,False,0.3450620218151338,1.0,74.83427682265736,phase-b1::final::sg-A::S9_compound_unavailable_double_step::P_old::seed-003037,S9_compound_unavailable_double_step,d5freq.phase_b1.compact_episode_audits.v1,3037,A,60.0,unavailable,20.0
P_old,True,derated,False,0.41059708564876196,0.9997335673330447,8.230122534943185,phase-b1::final::sg-A::S9_compound_unavailable_double_step::P_old::seed-003038,S9_compound_unavailable_double_step,d5freq.phase_b1.compact_episode_audits.v1,3038,A,60.0,unavailable,2.0
P_old,True,derated,False,0.4360433234125183,0.999999999998658,27.336798320944553,phase-b1::final::sg-A::S9_compound_unavailable_double_step::P_old::seed-003038,S9_compound_unavailable_double_step,d5freq.phase_b1.compact_episode_audits.v1,3038,A,60.0,unavailable,5.0
P_old,True,derated,False,0.37545062756578507,1.0,43.74626929233543,phase-b1::final::sg-A::S9_compound_unavailable_double_step::P_old::seed-003038,S9_compound_unavailable_double_step,d5freq.phase_b1.compact_episode_audits.v1,3038,A,60.0,unavailable,10.0
P_old,True,derated,False,0.3436932198283588,1.0,76.69622766995872,phase-b1::final::sg-A::S9_compound_unavailable_double_step::P_old::seed-003038,S9_compound_unavailable_double_step,d5freq.phase_b1.compact_episode_audits.v1,3038,A,60.0,unavailable,20.0
P_old,True,derated,False,0.4296729202251378,0.999876873371213,9.002174098162843,phase-b1::final::sg-A::S9_compound_unavailable_double_step::P_old::seed-003039,S9_compound_unavailable_double_step,d5freq.phase_b1.compact_episode_audits.v1,3039,A,60.0,unavailable,2.0
P_old,True,derated,False,0.446473989750728,0.9999999999995104,28.345310128295658,phase-b1::final::sg-A::S9_compound_unavailable_double_step::P_old::seed-003039,S9_compound_unavailable_double_step,d5freq.phase_b1.compact_episode_audits.v1,3039,A,60.0,unavailable,5.0
P_old,True,derated,False,0.37994310131356707,1.0,44.749541995135644,phase-b1::final::sg-A::S9_compound_unavailable_double_step::P_old::seed-003039,S9_compound_unavailable_double_step,d5freq.phase_b1.compact_episode_audits.v1,3039,A,60.0,unavailable,10.0
P_old,True,derated,False,0.3462750482836912,1.0,77.6662284488333,phase-b1::final::sg-A::S9_compound_unavailable_double_step::P_old::seed-003039,S9_compound_unavailable_double_step,d5freq.phase_b1.compact_episode_audits.v1,3039,A,60.0,unavailable,20.0
P_old,True,derated,False,0.4034448577372773,0.9996575194959623,7.978953285236116,phase-b1::final::sg-A::S9_compound_unavailable_double_step::P_old::seed-003040,S9_compound_unavailable_double_step,d5freq.phase_b1.compact_episode_audits.v1,3040,A,60.0,unavailable,2.0
P_old,True,derated,False,0.40116481545198174,0.9999999998531186,22.641395355091113,phase-b1::final::sg-A::S9_compound_unavailable_double_step::P_old::seed-003040,S9_compound_unavailable_double_step,d5freq.phase_b1.compact_episode_audits.v1,3040,A,60.0,unavailable,5.0
P_old,True,derated,False,0.35760744899805086,1.0,39.15373961448954,phase-b1::final::sg-A::S9_compound_unavailable_double_step::P_old::seed-003040,S9_compound_unavailable_double_step,d5freq.phase_b1.compact_episode_audits.v1,3040,A,60.0,unavailable,10.0
P_old,True,derated,False,0.3341142951666769,1.0,72.01414723478754,phase-b1::final::sg-A::S9_compound_unavailable_double_step::P_old::seed-003040,S9_compound_unavailable_double_step,d5freq.phase_b1.compact_episode_audits.v1,3040,A,60.0,unavailable,20.0
P_old,True,derated,False,0.3767719773162397,0.9994107665535086,7.436098701934913,phase-b1::final::sg-A::S9_compound_unavailable_double_step::P_old::seed-003041,S9_compound_unavailable_double_step,d5freq.phase_b1.compact_episode_audits.v1,3041,A,60.0,unavailable,2.0
P_old,True,derated,False,0.4346738616792514,0.9999999997841813,22.256582835718874,phase-b1::final::sg-A::S9_compound_unavailable_double_step::P_old::seed-003041,S9_compound_unavailable_double_step,d5freq.phase_b1.compact_episode_audits.v1,3041,A,60.0,unavailable,5.0
P_old,True,derated,False,0.3740009744940434,1.0,38.766281679879185,phase-b1::final::sg-A::S9_compound_unavailable_double_step::P_old::seed-003041,S9_compound_unavailable_double_step,d5freq.phase_b1.compact_episode_audits.v1,3041,A,60.0,unavailable,10.0
P_old,True,derated,False,0.3489765725952206,1.0,72.37802343872949,phase-b1::final::sg-A::S9_compound_unavailable_double_step::P_old::seed-003041,S9_compound_unavailable_double_step,d5freq.phase_b1.compact_episode_audits.v1,3041,A,60.0,unavailable,20.0
P_old,True,derated,False,0.38777059840644923,0.9994713185956448,7.544595746529907,phase-b1::final::sg-A::S9_compound_unavailable_double_step::P_old::seed-003042,S9_compound_unavailable_double_step,d5freq.phase_b1.compact_episode_audits.v1,3042,A,60.0,unavailable,2.0
P_old,True,derated,False,0.4261894547793895,0.9999999999734257,24.35107832913019,phase-b1::final::sg-A::S9_compound_unavailable_double_step::P_old::seed-003042,S9_compound_unavailable_double_step,d5freq.phase_b1.compact_episode_audits.v1,3042,A,60.0,unavailable,5.0
P_old,True,derated,False,0.3698447945089513,1.0,40.79251927662507,phase-b1::final::sg-A::S9_compound_unavailable_double_step::P_old::seed-003042,S9_compound_unavailable_double_step,d5freq.phase_b1.compact_episode_audits.v1,3042,A,60.0,unavailable,10.0
P_old,True,derated,False,0.3415373292884941,1.0,73.77198481094135,phase-b1::final::sg-A::S9_compound_unavailable_double_step::P_old::seed-003042,S9_compound_unavailable_double_step,d5freq.phase_b1.compact_episode_audits.v1,3042,A,60.0,unavailable,20.0
P_old,True,derated,False,0.4056706261011715,0.9996645969583505,7.999842180592104,phase-b1::final::sg-A::S9_compound_unavailable_double_step::P_old::seed-003043,S9_compound_unavailable_double_step,d5freq.phase_b1.compact_episode_audits.v1,3043,A,60.0,unavailable,2.0
P_old,True,derated,False,0.4421046497467673,0.9999999999998643,29.6292552802082,phase-b1::final::sg-A::S9_compound_unavailable_double_step::P_old::seed-003043,S9_compound_unavailable_double_step,d5freq.phase_b1.compact_episode_audits.v1,3043,A,60.0,unavailable,5.0
P_old,True,derated,False,0.3778281066836545,1.0,45.98275425367498,phase-b1::final::sg-A::S9_compound_unavailable_double_step::P_old::seed-003043,S9_compound_unavailable_double_step,d5freq.phase_b1.compact_episode_audits.v1,3043,A,60.0,unavailable,10.0
P_old,True,derated,False,0.34561027637689207,1.0,79.02598335460755,phase-b1::final::sg-A::S9_compound_unavailable_double_step::P_old::seed-003043,S9_compound_unavailable_double_step,d5freq.phase_b1.compact_episode_audits.v1,3043,A,60.0,unavailable,20.0
P_old,True,derated,False,0.40415532471647553,0.9996526305412231,7.964774191927223,phase-b1::final::sg-A::S9_compound_unavailable_double_step::P_old::seed-003044,S9_compound_unavailable_double_step,d5freq.phase_b1.compact_episode_audits.v1,3044,A,60.0,unavailable,2.0
P_old,True,derated,False,0.4330322735080306,0.9999999999224298,23.279837756905764,phase-b1::final::sg-A::S9_compound_unavailable_double_step::P_old::seed-003044,S9_compound_unavailable_double_step,d5freq.phase_b1.compact_episode_audits.v1,3044,A,60.0,unavailable,5.0
P_old,True,derated,False,0.373138269062605,1.0,39.69243941854046,phase-b1::final::sg-A::S9_compound_unavailable_double_step::P_old::seed-003044,S9_compound_unavailable_double_step,d5freq.phase_b1.compact_episode_audits.v1,3044,A,60.0,unavailable,10.0
P_old,True,derated,False,0.34239513725494036,1.0,72.61628134063605,phase-b1::final::sg-A::S9_compound_unavailable_double_step::P_old::seed-003044,S9_compound_unavailable_double_step,d5freq.phase_b1.compact_episode_audits.v1,3044,A,60.0,unavailable,20.0
P_old,True,derated,False,0.41097003663552595,0.9997438768288667,8.269595935978238,phase-b1::final::sg-A::S9_compound_unavailable_double_step::P_old::seed-003045,S9_compound_unavailable_double_step,d5freq.phase_b1.compact_episode_audits.v1,3045,A,60.0,unavailable,2.0
P_old,True,derated,False,0.39222245834712927,0.9999999992727324,21.041726661071785,phase-b1::final::sg-A::S9_compound_unavailable_double_step::P_old::seed-003045,S9_compound_unavailable_double_step,d5freq.phase_b1.compact_episode_audits.v1,3045,A,60.0,unavailable,5.0
P_old,True,derated,False,0.35311083240537855,1.0,37.556287729324254,phase-b1::final::sg-A::S9_compound_unavailable_double_step::P_old::seed-003045,S9_compound_unavailable_double_step,d5freq.phase_b1.compact_episode_audits.v1,3045,A,60.0,unavailable,10.0
P_old,True,derated,False,0.33222735044619134,1.0,70.45209565187406,phase-b1::final::sg-A::S9_compound_unavailable_double_step::P_old::seed-003045,S9_compound_unavailable_double_step,d5freq.phase_b1.compact_episode_audits.v1,3045,A,60.0,unavailable,20.0
P_old,True,derated,False,0.43726357743635974,0.9999360480724301,9.657314934595004,phase-b1::final::sg-A::S9_compound_unavailable_double_step::P_old::seed-003046,S9_compound_unavailable_double_step,d5freq.phase_b1.compact_episode_audits.v1,3046,A,60.0,unavailable,2.0
P_old,True,derated,False,0.44843727448575965,0.9999999999999354,30.370461457908917,phase-b1::final::sg-A::S9_compound_unavailable_double_step::P_old::seed-003046,S9_compound_unavailable_double_step,d5freq.phase_b1.compact_episode_audits.v1,3046,A,60.0,unavailable,5.0
P_old,True,derated,False,0.38298105213929307,1.0,46.96980475743615,phase-b1::final::sg-A::S9_compound_unavailable_double_step::P_old::seed-003046,S9_compound_unavailable_double_step,d5freq.phase_b1.compact_episode_audits.v1,3046,A,60.0,unavailable,10.0
P_old,True,derated,False,0.35456202393496666,1.0,80.92870369805232,phase-b1::final::sg-A::S9_compound_unavailable_double_step::P_old::seed-003046,S9_compound_unavailable_double_step,d5freq.phase_b1.compact_episode_audits.v1,3046,A,60.0,unavailable,20.0
P_old,True,derated,False,0.42098499438531706,0.9994778322023646,7.556999266566141,phase-b1::final::sg-A::S9_compound_unavailable_double_step::P_old::seed-003047,S9_compound_unavailable_double_step,d5freq.phase_b1.compact_episode_audits.v1,3047,A,60.0,unavailable,2.0
P_old,True,derated,False,0.3748725210355751,0.9999999906578231,18.48872652491552,phase-b1::final::sg-A::S9_compound_unavailable_double_step::P_old::seed-003047,S9_compound_unavailable_double_step,d5freq.phase_b1.compact_episode_audits.v1,3047,A,60.0,unavailable,5.0
P_old,True,derated,False,0.3444531685612279,0.9999999999999993,35.03230664436404,phase-b1::final::sg-A::S9_compound_unavailable_double_step::P_old::seed-003047,S9_compound_unavailable_double_step,d5freq.phase_b1.compact_episode_audits.v1,3047,A,60.0,unavailable,10.0
P_old,True,derated,False,0.3276297092991315,1.0,67.86512667113487,phase-b1::final::sg-A::S9_compound_unavailable_double_step::P_old::seed-003047,S9_compound_unavailable_double_step,d5freq.phase_b1.compact_episode_audits.v1,3047,A,60.0,unavailable,20.0
P_old,True,derated,False,0.4031495940573396,0.9996665328324061,8.00563262266947,phase-b1::final::sg-A::S9_compound_unavailable_double_step::P_old::seed-003048,S9_compound_unavailable_double_step,d5freq.phase_b1.compact_episode_audits.v1,3048,A,60.0,unavailable,2.0
P_old,True,derated,False,0.38449552667323833,0.9999999985185313,20.33023185624829,phase-b1::final::sg-A::S9_compound_unavailable_double_step::P_old::seed-003048,S9_compound_unavailable_double_step,d5freq.phase_b1.compact_episode_audits.v1,3048,A,60.0,unavailable,5.0
P_old,True,derated,False,0.3491461544481604,1.0,36.84287328181887,phase-b1::final::sg-A::S9_compound_unavailable_double_step::P_old::seed-003048,S9_compound_unavailable_double_step,d5freq.phase_b1.compact_episode_audits.v1,3048,A,60.0,unavailable,10.0
P_old,True,derated,False,0.3300962131899166,1.0,69.69252350947346,phase-b1::final::sg-A::S9_compound_unavailable_double_step::P_old::seed-003048,S9_compound_unavailable_double_step,d5freq.phase_b1.compact_episode_audits.v1,3048,A,60.0,unavailable,20.0
P_old,True,derated,False,0.4184145734132566,0.9998521952360832,8.819470502111262,phase-b1::final::sg-A::S9_compound_unavailable_double_step::P_old::seed-003049,S9_compound_unavailable_double_step,d5freq.phase_b1.compact_episode_audits.v1,3049,A,60.0,unavailable,2.0
P_old,True,derated,False,0.39228020166712846,0.9999999995060678,21.428622936945885,phase-b1::final::sg-A::S9_compound_unavailable_double_step::P_old::seed-003049,S9_compound_unavailable_double_step,d5freq.phase_b1.compact_episode_audits.v1,3049,A,60.0,unavailable,5.0
P_old,True,derated,False,0.3530195217809367,1.0,37.94442483411767,phase-b1::final::sg-A::S9_compound_unavailable_double_step::P_old::seed-003049,S9_compound_unavailable_double_step,d5freq.phase_b1.compact_episode_audits.v1,3049,A,60.0,unavailable,10.0
P_old,True,derated,False,0.33209572699216655,1.0,70.82633036098139,phase-b1::final::sg-A::S9_compound_unavailable_double_step::P_old::seed-003049,S9_compound_unavailable_double_step,d5freq.phase_b1.compact_episode_audits.v1,3049,A,60.0,unavailable,20.0
P_old,True,derated,False,0.4423540570178616,0.9999984137224543,13.354118866545182,phase-b1::final::sg-B::S9_compound_unavailable_double_step::P_old::seed-003000,S9_compound_unavailable_double_step,d5freq.phase_b1.compact_episode_audits.v1,3000,B,60.0,unavailable,2.0
P_old,True,derated,False,0.44877048501840255,1.0,43.74509686612136,phase-b1::final::sg-B::S9_compound_unavailable_double_step::P_old::seed-003000,S9_compound_unavailable_double_step,d5freq.phase_b1.compact_episode_audits.v1,3000,B,60.0,unavailable,5.0
P_old,True,derated,False,0.37982816773895156,1.0,59.92434681519886,phase-b1::final::sg-B::S9_compound_unavailable_double_step::P_old::seed-003000,S9_compound_unavailable_double_step,d5freq.phase_b1.compact_episode_audits.v1,3000,B,60.0,unavailable,10.0
P_old,True,derated,False,0.3593306101763663,1.0,95.12293460822659,phase-b1::final::sg-B::S9_compound_unavailable_double_step::P_old::seed-003000,S9_compound_unavailable_double_step,d5freq.phase_b1.compact_episode_audits.v1,3000,B,60.0,unavailable,20.0
P_old,True,derated,False,0.42178819881663154,0.9999936858226762,11.97270676981239,phase-b1::final::sg-B::S9_compound_unavailable_double_step::P_old::seed-003001,S9_compound_unavailable_double_step,d5freq.phase_b1.compact_episode_audits.v1,3001,B,60.0,unavailable,2.0
P_old,True,derated,False,0.3681514649777029,0.9999999997253097,22.015377246768956,phase-b1::final::sg-B::S9_compound_unavailable_double_step::P_old::seed-003001,S9_compound_unavailable_double_step,d5freq.phase_b1.compact_episode_audits.v1,3001,B,60.0,unavailable,5.0
P_old,True,derated,False,0.33980826335676156,1.0,38.485083407426046,phase-b1::final::sg-B::S9_compound_unavailable_double_step::P_old::seed-003001,S9_compound_unavailable_double_step,d5freq.phase_b1.compact_episode_audits.v1,3001,B,60.0,unavailable,10.0
P_old,True,derated,False,0.3243713120692268,1.0,71.22440309782613,phase-b1::final::sg-B::S9_compound_unavailable_double_step::P_old::seed-003001,S9_compound_unavailable_double_step,d5freq.phase_b1.compact_episode_audits.v1,3001,B,60.0,unavailable,20.0
P_old,True,derated,False,0.42572137841069774,0.9997806453479944,8.424601343722308,phase-b1::final::sg-B::S9_compound_unavailable_double_step::P_old::seed-003002,S9_compound_unavailable_double_step,d5freq.phase_b1.compact_episode_audits.v1,3002,B,60.0,unavailable,2.0
P_old,True,derated,False,0.585521119267636,1.0,76.49492729378292,phase-b1::final::sg-B::S9_compound_unavailable_double_step::P_old::seed-003002,S9_compound_unavailable_double_step,d5freq.phase_b1.compact_episode_audits.v1,3002,B,60.0,unavailable,5.0
P_old,True,derated,False,0.4690696982695718,1.0,94.18450758352336,phase-b1::final::sg-B::S9_compound_unavailable_double_step::P_old::seed-003002,S9_compound_unavailable_double_step,d5freq.phase_b1.compact_episode_audits.v1,3002,B,60.0,unavailable,10.0
P_old,True,derated,False,0.38908827308951427,1.0,126.92041822362742,phase-b1::final::sg-B::S9_compound_unavailable_double_step::P_old::seed-003002,S9_compound_unavailable_double_step,d5freq.phase_b1.compact_episode_audits.v1,3002,B,60.0,unavailable,20.0
P_old,True,derated,False,0.4631195993637457,0.9999994433308884,14.401294271480497,phase-b1::final::sg-B::S9_compound_unavailable_double_step::P_old::seed-003003,S9_compound_unavailable_double_step,d5freq.phase_b1.compact_episode_audits.v1,3003,B,60.0,unavailable,2.0
P_old,True,derated,False,0.46147170133108506,1.0,46.13583284202083,phase-b1::final::sg-B::S9_compound_unavailable_double_step::P_old::seed-003003,S9_compound_unavailable_double_step,d5freq.phase_b1.compact_episode_audits.v1,3003,B,60.0,unavailable,5.0
P_old,True,derated,False,0.38587490144578573,1.0,62.232546389291414,phase-b1::final::sg-B::S9_compound_unavailable_double_step::P_old::seed-003003,S9_compound_unavailable_double_step,d5freq.phase_b1.compact_episode_audits.v1,3003,B,60.0,unavailable,10.0
P_old,True,derated,False,0.34749241742160014,1.0,94.97786300359093,phase-b1::final::sg-B::S9_compound_unavailable_double_step::P_old::seed-003003,S9_compound_unavailable_double_step,d5freq.phase_b1.compact_episode_audits.v1,3003,B,60.0,unavailable,20.0
P_old,True,derated,False,0.4439636959896186,0.9999861428262504,11.186693645627699,phase-b1::final::sg-B::S9_compound_unavailable_double_step::P_old::seed-003004,S9_compound_unavailable_double_step,d5freq.phase_b1.compact_episode_audits.v1,3004,B,60.0,unavailable,2.0
P_old,True,derated,False,0.37735524666603315,0.9999999995253612,21.468467153261173,phase-b1::final::sg-B::S9_compound_unavailable_double_step::P_old::seed-003004,S9_compound_unavailable_double_step,d5freq.phase_b1.compact_episode_audits.v1,3004,B,60.0,unavailable,5.0
P_old,True,derated,False,0.34439455736747765,1.0,37.939688001269346,phase-b1::final::sg-B::S9_compound_unavailable_double_step::P_old::seed-003004,S9_compound_unavailable_double_step,d5freq.phase_b1.compact_episode_audits.v1,3004,B,60.0,unavailable,10.0
P_old,True,derated,False,0.3352843811299911,1.0,72.13033827730382,phase-b1::final::sg-B::S9_compound_unavailable_double_step::P_old::seed-003004,S9_compound_unavailable_double_step,d5freq.phase_b1.compact_episode_audits.v1,3004,B,60.0,unavailable,20.0
P_old,True,derated,False,0.42428914634139203,0.999994803389359,12.167498748054154,phase-b1::final::sg-B::S9_compound_unavailable_double_step::P_old::seed-003005,S9_compound_unavailable_double_step,d5freq.phase_b1.compact_episode_audits.v1,3005,B,60.0,unavailable,2.0
P_old,True,derated,False,0.5344676129094357,1.0,66.3851770693295,phase-b1::final::sg-B::S9_compound_unavailable_double_step::P_old::seed-003005,S9_compound_unavailable_double_step,d5freq.phase_b1.compact_episode_audits.v1,3005,B,60.0,unavailable,5.0
P_old,True,derated,False,0.42884898261041854,1.0,82.71171453875294,phase-b1::final::sg-B::S9_compound_unavailable_double_step::P_old::seed-003005,S9_compound_unavailable_double_step,d5freq.phase_b1.compact_episode_audits.v1,3005,B,60.0,unavailable,10.0
P_old,True,derated,False,0.36894694054756927,1.0,115.43896625690417,phase-b1::final::sg-B::S9_compound_unavailable_double_step::P_old::seed-003005,S9_compound_unavailable_double_step,d5freq.phase_b1.compact_episode_audits.v1,3005,B,60.0,unavailable,20.0
P_old,True,derated,False,0.39871236747144423,0.9996705863334858,8.017866784032499,phase-b1::final::sg-B::S9_compound_unavailable_double_step::P_old::seed-003006,S9_compound_unavailable_double_step,d5freq.phase_b1.compact_episode_audits.v1,3006,B,60.0,unavailable,2.0
P_old,True,derated,False,0.36636455657545525,0.9999999937230037,18.886374286547145,phase-b1::final::sg-B::S9_compound_unavailable_double_step::P_old::seed-003006,S9_compound_unavailable_double_step,d5freq.phase_b1.compact_episode_audits.v1,3006,B,60.0,unavailable,5.0
P_old,True,derated,False,0.338838294703279,0.9999999999999996,35.35157010050574,phase-b1::final::sg-B::S9_compound_unavailable_double_step::P_old::seed-003006,S9_compound_unavailable_double_step,d5freq.phase_b1.compact_episode_audits.v1,3006,B,60.0,unavailable,10.0
P_old,True,derated,False,0.32390410521210666,1.0,68.08430112302915,phase-b1::final::sg-B::S9_compound_unavailable_double_step::P_old::seed-003006,S9_compound_unavailable_double_step,d5freq.phase_b1.compact_episode_audits.v1,3006,B,60.0,unavailable,20.0
P_old,True,derated,False,0.4238417281542991,0.999994779161899,12.16284739238244,phase-b1::final::sg-B::S9_compound_unavailable_double_step::P_old::seed-003007,S9_compound_unavailable_double_step,d5freq.phase_b1.compact_episode_audits.v1,3007,B,60.0,unavailable,2.0
P_old,True,derated,False,0.5344719620976421,1.0,66.52711267577598,phase-b1::final::sg-B::S9_compound_unavailable_double_step::P_old::seed-003007,S9_compound_unavailable_double_step,d5freq.phase_b1.compact_episode_audits.v1,3007,B,60.0,unavailable,5.0
P_old,True,derated,False,0.4288151580206946,1.0,82.84726528783162,phase-b1::final::sg-B::S9_compound_unavailable_double_step::P_old::seed-003007,S9_compound_unavailable_double_step,d5freq.phase_b1.compact_episode_audits.v1,3007,B,60.0,unavailable,10.0
P_old,True,derated,False,0.374982289304449,1.0,116.35245331899176,phase-b1::final::sg-B::S9_compound_unavailable_double_step::P_old::seed-003007,S9_compound_unavailable_double_step,d5freq.phase_b1.compact_episode_audits.v1,3007,B,60.0,unavailable,20.0
P_old,True,derated,False,0.42611734520587985,0.9999946478827653,12.138012978402948,phase-b1::final::sg-B::S9_compound_unavailable_double_step::P_old::seed-003008,S9_compound_unavailable_double_step,d5freq.phase_b1.compact_episode_audits.v1,3008,B,60.0,unavailable,2.0
P_old,True,derated,False,0.4386598772066561,1.0,40.19948600593669,phase-b1::final::sg-B::S9_compound_unavailable_double_step::P_old::seed-003008,S9_compound_unavailable_double_step,d5freq.phase_b1.compact_episode_audits.v1,3008,B,60.0,unavailable,5.0
P_old,True,derated,False,0.3745655518370098,1.0,56.40932863989072,phase-b1::final::sg-B::S9_compound_unavailable_double_step::P_old::seed-003008,S9_compound_unavailable_double_step,d5freq.phase_b1.compact_episode_audits.v1,3008,B,60.0,unavailable,10.0
P_old,True,derated,False,0.3519941955294438,1.0,90.45205552484327,phase-b1::final::sg-B::S9_compound_unavailable_double_step::P_old::seed-003008,S9_compound_unavailable_double_step,d5freq.phase_b1.compact_episode_audits.v1,3008,B,60.0,unavailable,20.0
P_old,True,derated,False,0.44212230532165947,0.9999983504024474,13.314977557811105,phase-b1::final::sg-B::S9_compound_unavailable_double_step::P_old::seed-003009,S9_compound_unavailable_double_step,d5freq.phase_b1.compact_episode_audits.v1,3009,B,60.0,unavailable,2.0
P_old,True,derated,False,0.49543926572883185,1.0,59.61003007596918,phase-b1::final::sg-B::S9_compound_unavailable_double_step::P_old::seed-003009,S9_compound_unavailable_double_step,d5freq.phase_b1.compact_episode_audits.v1,3009,B,60.0,unavailable,5.0
P_old,True,derated,False,0.4064290149746818,1.0,75.87889535273386,phase-b1::final::sg-B::S9_compound_unavailable_double_step::P_old::seed-003009,S9_compound_unavailable_double_step,d5freq.phase_b1.compact_episode_audits.v1,3009,B,60.0,unavailable,10.0
P_old,True,derated,False,0.3576055785970456,1.0,108.62029761353227,phase-b1::final::sg-B::S9_compound_unavailable_double_step::P_old::seed-003009,S9_compound_unavailable_double_step,d5freq.phase_b1.compact_episode_audits.v1,3009,B,60.0,unavailable,20.0
P_old,True,derated,False,0.4406485628815227,0.9999873526563591,11.278050707485683,phase-b1::final::sg-B::S9_compound_unavailable_double_step::P_old::seed-003010,S9_compound_unavailable_double_step,d5freq.phase_b1.compact_episode_audits.v1,3010,B,60.0,unavailable,2.0
P_old,True,derated,False,0.5913123396234816,1.0,78.68505742562755,phase-b1::final::sg-B::S9_compound_unavailable_double_step::P_old::seed-003010,S9_compound_unavailable_double_step,d5freq.phase_b1.compact_episode_audits.v1,3010,B,60.0,unavailable,5.0
P_old,True,derated,False,0.47192522138654774,1.0,96.36725783288237,phase-b1::final::sg-B::S9_compound_unavailable_double_step::P_old::seed-003010,S9_compound_unavailable_double_step,d5freq.phase_b1.compact_episode_audits.v1,3010,B,60.0,unavailable,10.0
P_old,True,derated,False,0.3904856992876871,1.0,129.10040456188625,phase-b1::final::sg-B::S9_compound_unavailable_double_step::P_old::seed-003010,S9_compound_unavailable_double_step,d5freq.phase_b1.compact_episode_audits.v1,3010,B,60.0,unavailable,20.0
P_old,True,derated,False,0.4633744947833698,0.9999995184691138,14.54629498036379,phase-b1::final::sg-B::S9_compound_unavailable_double_step::P_old::seed-003011,S9_compound_unavailable_double_step,d5freq.phase_b1.compact_episode_audits.v1,3011,B,60.0,unavailable,2.0
P_old,True,derated,False,0.5091024274264051,1.0,63.020197746038235,phase-b1::final::sg-B::S9_compound_unavailable_double_step::P_old::seed-003011,S9_compound_unavailable_double_step,d5freq.phase_b1.compact_episode_audits.v1,3011,B,60.0,unavailable,5.0
P_old,True,derated,False,0.4157908102970243,1.0,79.4917518530754,phase-b1::final::sg-B::S9_compound_unavailable_double_step::P_old::seed-003011,S9_compound_unavailable_double_step,d5freq.phase_b1.compact_episode_audits.v1,3011,B,60.0,unavailable,10.0
P_old,True,derated,False,0.3623774645214214,1.0,112.23278259339682,phase-b1::final::sg-B::S9_compound_unavailable_double_step::P_old::seed-003011,S9_compound_unavailable_double_step,d5freq.phase_b1.compact_episode_audits.v1,3011,B,60.0,unavailable,20.0
P_old,True,derated,False,0.39826749111260024,0.9996886086979868,8.074148791038361,phase-b1::final::sg-B::S9_compound_unavailable_double_step::P_old::seed-003012,S9_compound_unavailable_double_step,d5freq.phase_b1.compact_episode_audits.v1,3012,B,60.0,unavailable,2.0
P_old,True,derated,False,0.3649613056730146,0.9999999938707576,18.910194685107577,phase-b1::final::sg-B::S9_compound_unavailable_double_step::P_old::seed-003012,S9_compound_unavailable_double_step,d5freq.phase_b1.compact_episode_audits.v1,3012,B,60.0,unavailable,5.0
P_old,True,derated,False,0.33817140312266225,0.9999999999999996,35.37810357401928,phase-b1::final::sg-B::S9_compound_unavailable_double_step::P_old::seed-003012,S9_compound_unavailable_double_step,d5freq.phase_b1.compact_episode_audits.v1,3012,B,60.0,unavailable,10.0
P_old,True,derated,False,0.3235297083834713,1.0,68.11314825832136,phase-b1::final::sg-B::S9_compound_unavailable_double_step::P_old::seed-003012,S9_compound_unavailable_double_step,d5freq.phase_b1.compact_episode_audits.v1,3012,B,60.0,unavailable,20.0
P_old,True,derated,False,0.39624724015876944,0.9996710863588809,8.019386362910051,phase-b1::final::sg-B::S9_compound_unavailable_double_step::P_old::seed-003013,S9_compound_unavailable_double_step,d5freq.phase_b1.compact_episode_audits.v1,3013,B,60.0,unavailable,2.0
P_old,True,derated,False,0.3640202317278579,0.9999999934795565,18.848323440804194,phase-b1::final::sg-B::S9_compound_unavailable_double_step::P_old::seed-003013,S9_compound_unavailable_double_step,d5freq.phase_b1.compact_episode_audits.v1,3013,B,60.0,unavailable,5.0
P_old,True,derated,False,0.33769017798693046,0.9999999999999996,35.31365302635626,phase-b1::final::sg-B::S9_compound_unavailable_double_step::P_old::seed-003013,S9_compound_unavailable_double_step,d5freq.phase_b1.compact_episode_audits.v1,3013,B,60.0,unavailable,10.0
P_old,True,derated,False,0.3400341307146251,1.0,70.18114890436746,phase-b1::final::sg-B::S9_compound_unavailable_double_step::P_old::seed-003013,S9_compound_unavailable_double_step,d5freq.phase_b1.compact_episode_audits.v1,3013,B,60.0,unavailable,20.0
P_old,True,derated,False,0.432112107017496,0.9999969735245322,12.708108800939787,phase-b1::final::sg-B::S9_compound_unavailable_double_step::P_old::seed-003014,S9_compound_unavailable_double_step,d5freq.phase_b1.compact_episode_audits.v1,3014,B,60.0,unavailable,2.0
P_old,True,derated,False,0.3760283958060192,0.9999999998729572,22.786497296377632,phase-b1::final::sg-B::S9_compound_unavailable_double_step::P_old::seed-003014,S9_compound_unavailable_double_step,d5freq.phase_b1.compact_episode_audits.v1,3014,B,60.0,unavailable,5.0
P_old,True,derated,False,0.34380825526616077,1.0,39.26097980403894,phase-b1::final::sg-B::S9_compound_unavailable_double_step::P_old::seed-003014,S9_compound_unavailable_double_step,d5freq.phase_b1.compact_episode_audits.v1,3014,B,60.0,unavailable,10.0
P_old,True,derated,False,0.3264495631870163,1.0,71.9934448592806,phase-b1::final::sg-B::S9_compound_unavailable_double_step::P_old::seed-003014,S9_compound_unavailable_double_step,d5freq.phase_b1.compact_episode_audits.v1,3014,B,60.0,unavailable,20.0
P_old,True,derated,False,0.4247640464676969,0.9999949934429573,12.204757089561749,phase-b1::final::sg-B::S9_compound_unavailable_double_step::P_old::seed-003015,S9_compound_unavailable_double_step,d5freq.phase_b1.compact_episode_audits.v1,3015,B,60.0,unavailable,2.0
P_old,True,derated,False,0.5853753605864941,1.0,81.89968837629998,phase-b1::final::sg-B::S9_compound_unavailable_double_step::P_old::seed-003015,S9_compound_unavailable_double_step,d5freq.phase_b1.compact_episode_audits.v1,3015,B,60.0,unavailable,5.0
P_old,True,derated,False,0.46873183037214555,1.0,99.65156001504532,phase-b1::final::sg-B::S9_compound_unavailable_double_step::P_old::seed-003015,S9_compound_unavailable_double_step,d5freq.phase_b1.compact_episode_audits.v1,3015,B,60.0,unavailable,10.0
P_old,True,derated,False,0.3906909939203258,1.0,132.56341055531055,phase-b1::final::sg-B::S9_compound_unavailable_double_step::P_old::seed-003015,S9_compound_unavailable_double_step,d5freq.phase_b1.compact_episode_audits.v1,3015,B,60.0,unavailable,20.0
P_old,True,derated,False,0.44031371868396263,0.9999495023160482,9.893532586296956,phase-b1::final::sg-B::S9_compound_unavailable_double_step::P_old::seed-003016,S9_compound_unavailable_double_step,d5freq.phase_b1.compact_episode_audits.v1,3016,B,60.0,unavailable,2.0
P_old,True,derated,False,0.3807532399190087,0.9999999988947055,20.62315408319916,phase-b1::final::sg-B::S9_compound_unavailable_double_step::P_old::seed-003016,S9_compound_unavailable_double_step,d5freq.phase_b1.compact_episode_audits.v1,3016,B,60.0,unavailable,5.0
P_old,True,derated,False,0.34618888695755096,1.0,37.10429479514701,phase-b1::final::sg-B::S9_compound_unavailable_double_step::P_old::seed-003016,S9_compound_unavailable_double_step,d5freq.phase_b1.compact_episode_audits.v1,3016,B,60.0,unavailable,10.0
P_old,True,derated,False,0.32767141361828866,1.0,69.84821650666984,phase-b1::final::sg-B::S9_compound_unavailable_double_step::P_old::seed-003016,S9_compound_unavailable_double_step,d5freq.phase_b1.compact_episode_audits.v1,3016,B,60.0,unavailable,20.0
P_old,True,derated,False,0.3961986728584374,0.9996362749899981,7.918748651689924,phase-b1::final::sg-B::S9_compound_unavailable_double_step::P_old::seed-003017,S9_compound_unavailable_double_step,d5freq.phase_b1.compact_episode_audits.v1,3017,B,60.0,unavailable,2.0
P_old,True,derated,False,0.36720415445149035,0.9999999937817805,18.895782223927164,phase-b1::final::sg-B::S9_compound_unavailable_double_step::P_old::seed-003017,S9_compound_unavailable_double_step,d5freq.phase_b1.compact_episode_audits.v1,3017,B,60.0,unavailable,5.0
P_old,True,derated,False,0.33959508003490047,0.9999999999999996,35.393369805916365,phase-b1::final::sg-B::S9_compound_unavailable_double_step::P_old::seed-003017,S9_compound_unavailable_double_step,d5freq.phase_b1.compact_episode_audits.v1,3017,B,60.0,unavailable,10.0
P_old,True,derated,False,0.3242234130914695,1.0,68.13839302562772,phase-b1::final::sg-B::S9_compound_unavailable_double_step::P_old::seed-003017,S9_compound_unavailable_double_step,d5freq.phase_b1.compact_episode_audits.v1,3017,B,60.0,unavailable,20.0
P_old,True,derated,False,0.42003154510906654,0.9999916138210083,11.688917179389996,phase-b1::final::sg-B::S9_compound_unavailable_double_step::P_old::seed-003018,S9_compound_unavailable_double_step,d5freq.phase_b1.compact_episode_audits.v1,3018,B,60.0,unavailable,2.0
P_old,True,derated,False,0.5319578658961475,1.0,65.24169676806189,phase-b1::final::sg-B::S9_compound_unavailable_double_step::P_old::seed-003018,S9_compound_unavailable_double_step,d5freq.phase_b1.compact_episode_audits.v1,3018,B,60.0,unavailable,5.0
P_old,True,derated,False,0.4276050826162199,1.0,81.56498080037572,phase-b1::final::sg-B::S9_compound_unavailable_double_step::P_old::seed-003018,S9_compound_unavailable_double_step,d5freq.phase_b1.compact_episode_audits.v1,3018,B,60.0,unavailable,10.0
P_old,True,derated,False,0.3682995618058078,1.0,114.29441529104699,phase-b1::final::sg-B::S9_compound_unavailable_double_step::P_old::seed-003018,S9_compound_unavailable_double_step,d5freq.phase_b1.compact_episode_audits.v1,3018,B,60.0,unavailable,20.0
P_old,True,derated,False,0.4229138574499237,0.9999939283679293,12.011877042494522,phase-b1::final::sg-B::S9_compound_unavailable_double_step::P_old::seed-003019,S9_compound_unavailable_double_step,d5freq.phase_b1.compact_episode_audits.v1,3019,B,60.0,unavailable,2.0
P_old,True,derated,False,0.48188506681775933,1.0,54.66208393760117,phase-b1::final::sg-B::S9_compound_unavailable_double_step::P_old::seed-003019,S9_compound_unavailable_double_step,d5freq.phase_b1.compact_episode_audits.v1,3019,B,60.0,unavailable,5.0
P_old,True,derated,False,0.39717563341223017,1.0,70.74842993805058,phase-b1::final::sg-B::S9_compound_unavailable_double_step::P_old::seed-003019,S9_compound_unavailable_double_step,d5freq.phase_b1.compact_episode_audits.v1,3019,B,60.0,unavailable,10.0
P_old,True,derated,False,0.353144311003124,1.0,103.48398472744694,phase-b1::final::sg-B::S9_compound_unavailable_double_step::P_old::seed-003019,S9_compound_unavailable_double_step,d5freq.phase_b1.compact_episode_audits.v1,3019,B,60.0,unavailable,20.0
P_old,True,derated,False,0.4334335947790496,0.9999854443610982,11.137517536106206,phase-b1::final::sg-B::S9_compound_unavailable_double_step::P_old::seed-003020,S9_compound_unavailable_double_step,d5freq.phase_b1.compact_episode_audits.v1,3020,B,60.0,unavailable,2.0
P_old,True,derated,False,0.3723167129672294,0.9999999994694166,21.357044108026678,phase-b1::final::sg-B::S9_compound_unavailable_double_step::P_old::seed-003020,S9_compound_unavailable_double_step,d5freq.phase_b1.compact_episode_audits.v1,3020,B,60.0,unavailable,5.0
P_old,True,derated,False,0.3418446410669703,1.0,37.82469646547261,phase-b1::final::sg-B::S9_compound_unavailable_double_step::P_old::seed-003020,S9_compound_unavailable_double_step,d5freq.phase_b1.compact_episode_audits.v1,3020,B,60.0,unavailable,10.0
P_old,True,derated,False,0.3253132288853425,1.0,70.56524462272768,phase-b1::final::sg-B::S9_compound_unavailable_double_step::P_old::seed-003020,S9_compound_unavailable_double_step,d5freq.phase_b1.compact_episode_audits.v1,3020,B,60.0,unavailable,20.0
P_old,True,derated,False,0.4608644190594911,0.9999993872686042,14.305338563933503,phase-b1::final::sg-B::S9_compound_unavailable_double_step::P_old::seed-003021,S9_compound_unavailable_double_step,d5freq.phase_b1.compact_episode_audits.v1,3021,B,60.0,unavailable,2.0
P_old,True,derated,False,0.5511012394730147,1.0,70.7240982897314,phase-b1::final::sg-B::S9_compound_unavailable_double_step::P_old::seed-003021,S9_compound_unavailable_double_step,d5freq.phase_b1.compact_episode_audits.v1,3021,B,60.0,unavailable,5.0
P_old,True,derated,False,0.4373334258143903,1.0,87.08966533489809,phase-b1::final::sg-B::S9_compound_unavailable_double_step::P_old::seed-003021,S9_compound_unavailable_double_step,d5freq.phase_b1.compact_episode_audits.v1,3021,B,60.0,unavailable,10.0
P_old,True,derated,False,0.381762258327573,1.0,121.19109191578397,phase-b1::final::sg-B::S9_compound_unavailable_double_step::P_old::seed-003021,S9_compound_unavailable_double_step,d5freq.phase_b1.compact_episode_audits.v1,3021,B,60.0,unavailable,20.0
P_old,True,derated,False,0.43234821325390904,0.9999974107021335,12.864121223707025,phase-b1::final::sg-B::S9_compound_unavailable_double_step::P_old::seed-003022,S9_compound_unavailable_double_step,d5freq.phase_b1.compact_episode_audits.v1,3022,B,60.0,unavailable,2.0
P_old,True,derated,False,0.41218854541474326,0.9999999999999711,31.17356970426944,phase-b1::final::sg-B::S9_compound_unavailable_double_step::P_old::seed-003022,S9_compound_unavailable_double_step,d5freq.phase_b1.compact_episode_audits.v1,3022,B,60.0,unavailable,5.0
P_old,True,derated,False,0.3616683226341346,1.0,47.58659554057925,phase-b1::final::sg-B::S9_compound_unavailable_double_step::P_old::seed-003022,S9_compound_unavailable_double_step,d5freq.phase_b1.compact_episode_audits.v1,3022,B,60.0,unavailable,10.0
P_old,True,derated,False,0.34728248394225375,1.0,81.90962816644208,phase-b1::final::sg-B::S9_compound_unavailable_double_step::P_old::seed-003022,S9_compound_unavailable_double_step,d5freq.phase_b1.compact_episode_audits.v1,3022,B,60.0,unavailable,20.0
P_old,True,derated,False,0.44084613985493587,0.9999844269218591,11.069951353128289,phase-b1::final::sg-B::S9_compound_unavailable_double_step::P_old::seed-003023,S9_compound_unavailable_double_step,d5freq.phase_b1.compact_episode_audits.v1,3023,B,60.0,unavailable,2.0
P_old,True,derated,False,0.5912990587935519,1.0,78.13685772293135,phase-b1::final::sg-B::S9_compound_unavailable_double_step::P_old::seed-003023,S9_compound_unavailable_double_step,d5freq.phase_b1.compact_episode_audits.v1,3023,B,60.0,unavailable,5.0
P_old,True,derated,False,0.4902561916222813,1.0,104.07864505331767,phase-b1::final::sg-B::S9_compound_unavailable_double_step::P_old::seed-003023,S9_compound_unavailable_double_step,d5freq.phase_b1.compact_episode_audits.v1,3023,B,60.0,unavailable,10.0
P_old,True,derated,False,0.39951616867518835,1.0,136.81699890234265,phase-b1::final::sg-B::S9_compound_unavailable_double_step::P_old::seed-003023,S9_compound_unavailable_double_step,d5freq.phase_b1.compact_episode_audits.v1,3023,B,60.0,unavailable,20.0
P_old,True,derated,False,0.43154300428925285,0.9999976295557271,12.952430793001966,phase-b1::final::sg-B::S9_compound_unavailable_double_step::P_old::seed-003024,S9_compound_unavailable_double_step,d5freq.phase_b1.compact_episode_audits.v1,3024,B,60.0,unavailable,2.0
P_old,True,derated,False,0.5881321620041772,1.0,83.69716871823054,phase-b1::final::sg-B::S9_compound_unavailable_double_step::P_old::seed-003024,S9_compound_unavailable_double_step,d5freq.phase_b1.compact_episode_audits.v1,3024,B,60.0,unavailable,5.0
P_old,True,derated,False,0.63803170357715,1.0,164.39795877660654,phase-b1::final::sg-B::S9_compound_unavailable_double_step::P_old::seed-003024,S9_compound_unavailable_double_step,d5freq.phase_b1.compact_episode_audits.v1,3024,B,60.0,unavailable,10.0
P_old,True,derated,False,0.6568284528271684,1.0,290.7794167010611,phase-b1::final::sg-B::S9_compound_unavailable_double_step::P_old::seed-003024,S9_compound_unavailable_double_step,d5freq.phase_b1.compact_episode_audits.v1,3024,B,60.0,unavailable,20.0
P_old,True,derated,False,0.4602008744675213,0.9999887285961244,11.393230400889465,phase-b1::final::sg-B::S9_compound_unavailable_double_step::P_old::seed-003025,S9_compound_unavailable_double_step,d5freq.phase_b1.compact_episode_audits.v1,3025,B,60.0,unavailable,2.0
P_old,True,derated,False,0.5807448504968515,1.0,71.78038215647321,phase-b1::final::sg-B::S9_compound_unavailable_double_step::P_old::seed-003025,S9_compound_unavailable_double_step,d5freq.phase_b1.compact_episode_audits.v1,3025,B,60.0,unavailable,5.0
P_old,True,derated,False,0.45654572591829023,1.0,88.03777878106146,phase-b1::final::sg-B::S9_compound_unavailable_double_step::P_old::seed-003025,S9_compound_unavailable_double_step,d5freq.phase_b1.compact_episode_audits.v1,3025,B,60.0,unavailable,10.0
P_old,True,derated,False,0.3852925774310299,1.0,121.0557235333099,phase-b1::final::sg-B::S9_compound_unavailable_double_step::P_old::seed-003025,S9_compound_unavailable_double_step,d5freq.phase_b1.compact_episode_audits.v1,3025,B,60.0,unavailable,20.0
P_old,True,derated,False,0.44582838979450423,0.999998706657682,13.558279452775789,phase-b1::final::sg-B::S9_compound_unavailable_double_step::P_old::seed-003026,S9_compound_unavailable_double_step,d5freq.phase_b1.compact_episode_audits.v1,3026,B,60.0,unavailable,2.0
P_old,True,derated,False,0.3860527037411158,0.9999999999502125,23.72325891880505,phase-b1::final::sg-B::S9_compound_unavailable_double_step::P_old::seed-003026,S9_compound_unavailable_double_step,d5freq.phase_b1.compact_episode_audits.v1,3026,B,60.0,unavailable,5.0
P_old,True,derated,False,0.3490855425531144,1.0,40.222414691344866,phase-b1::final::sg-B::S9_compound_unavailable_double_step::P_old::seed-003026,S9_compound_unavailable_double_step,d5freq.phase_b1.compact_episode_audits.v1,3026,B,60.0,unavailable,10.0
P_old,True,derated,False,0.3299678598085734,1.0,73.01941640737348,phase-b1::final::sg-B::S9_compound_unavailable_double_step::P_old::seed-003026,S9_compound_unavailable_double_step,d5freq.phase_b1.compact_episode_audits.v1,3026,B,60.0,unavailable,20.0
P_old,True,derated,False,0.43240502308910506,0.9999971993727885,12.785664361149763,phase-b1::final::sg-B::S9_compound_unavailable_double_step::P_old::seed-003027,S9_compound_unavailable_double_step,d5freq.phase_b1.compact_episode_audits.v1,3027,B,60.0,unavailable,2.0
P_old,True,derated,False,0.37630790259961133,0.9999999998757736,22.808915336003075,phase-b1::final::sg-B::S9_compound_unavailable_double_step::P_old::seed-003027,S9_compound_unavailable_double_step,d5freq.phase_b1.compact_episode_audits.v1,3027,B,60.0,unavailable,5.0
P_old,True,derated,False,0.3439554774668451,1.0,39.284351205171674,phase-b1::final::sg-B::S9_compound_unavailable_double_step::P_old::seed-003027,S9_compound_unavailable_double_step,d5freq.phase_b1.compact_episode_audits.v1,3027,B,60.0,unavailable,10.0
P_old,True,derated,False,0.34254391731987355,1.0,74.48932257177151,phase-b1::final::sg-B::S9_compound_unavailable_double_step::P_old::seed-003027,S9_compound_unavailable_double_step,d5freq.phase_b1.compact_episode_audits.v1,3027,B,60.0,unavailable,20.0
P_old,True,derated,False,0.423348329911322,0.9999939849761611,12.02124423025742,phase-b1::final::sg-B::S9_compound_unavailable_double_step::P_old::seed-003028,S9_compound_unavailable_double_step,d5freq.phase_b1.compact_episode_audits.v1,3028,B,60.0,unavailable,2.0
P_old,True,derated,False,0.4374514320414195,1.0,39.72931074700202,phase-b1::final::sg-B::S9_compound_unavailable_double_step::P_old::seed-003028,S9_compound_unavailable_double_step,d5freq.phase_b1.compact_episode_audits.v1,3028,B,60.0,unavailable,5.0
P_old,True,derated,False,0.3739508751066928,1.0,55.946828625691666,phase-b1::final::sg-B::S9_compound_unavailable_double_step::P_old::seed-003028,S9_compound_unavailable_double_step,d5freq.phase_b1.compact_episode_audits.v1,3028,B,60.0,unavailable,10.0
P_old,True,derated,False,0.346824595706943,1.0,89.38596709161658,phase-b1::final::sg-B::S9_compound_unavailable_double_step::P_old::seed-003028,S9_compound_unavailable_double_step,d5freq.phase_b1.compact_episode_audits.v1,3028,B,60.0,unavailable,20.0
P_old,True,derated,False,0.4473346292859472,0.9999860262575471,11.178316558138349,phase-b1::final::sg-B::S9_compound_unavailable_double_step::P_old::seed-003029,S9_compound_unavailable_double_step,d5freq.phase_b1.compact_episode_audits.v1,3029,B,60.0,unavailable,2.0
P_old,True,derated,False,0.5756883186886865,1.0,71.656412883314,phase-b1::final::sg-B::S9_compound_unavailable_double_step::P_old::seed-003029,S9_compound_unavailable_double_step,d5freq.phase_b1.compact_episode_audits.v1,3029,B,60.0,unavailable,5.0
P_old,True,derated,False,0.45401351925331407,1.0,87.92752164127316,phase-b1::final::sg-B::S9_compound_unavailable_double_step::P_old::seed-003029,S9_compound_unavailable_double_step,d5freq.phase_b1.compact_episode_audits.v1,3029,B,60.0,unavailable,10.0
P_old,True,derated,False,0.39081008600787887,1.0,121.81293481186248,phase-b1::final::sg-B::S9_compound_unavailable_double_step::P_old::seed-003029,S9_compound_unavailable_double_step,d5freq.phase_b1.compact_episode_audits.v1,3029,B,60.0,unavailable,20.0
P_old,True,derated,False,0.42425110140978406,0.9999942454751408,12.065518326071375,phase-b1::final::sg-B::S9_compound_unavailable_double_step::P_old::seed-003030,S9_compound_unavailable_double_step,d5freq.phase_b1.compact_episode_audits.v1,3030,B,60.0,unavailable,2.0
P_old,True,derated,False,0.3699933739757744,0.9999999997521705,22.118280273958177,phase-b1::final::sg-B::S9_compound_unavailable_double_step::P_old::seed-003030,S9_compound_unavailable_double_step,d5freq.phase_b1.compact_episode_audits.v1,3030,B,60.0,unavailable,5.0
P_old,True,derated,False,0.34069011271318617,1.0,38.58416857824706,phase-b1::final::sg-B::S9_compound_unavailable_double_step::P_old::seed-003030,S9_compound_unavailable_double_step,d5freq.phase_b1.compact_episode_audits.v1,3030,B,60.0,unavailable,10.0
P_old,True,derated,False,0.3293337668422426,1.0,72.0458522323027,phase-b1::final::sg-B::S9_compound_unavailable_double_step::P_old::seed-003030,S9_compound_unavailable_double_step,d5freq.phase_b1.compact_episode_audits.v1,3030,B,60.0,unavailable,20.0
P_old,True,derated,False,0.43326219944413813,0.9999970746571966,12.74209596100211,phase-b1::final::sg-B::S9_compound_unavailable_double_step::P_old::seed-003031,S9_compound_unavailable_double_step,d5freq.phase_b1.compact_episode_audits.v1,3031,B,60.0,unavailable,2.0
P_old,True,derated,False,0.37743173488079534,0.9999999998810194,22.852060221735456,phase-b1::final::sg-B::S9_compound_unavailable_double_step::P_old::seed-003031,S9_compound_unavailable_double_step,d5freq.phase_b1.compact_episode_audits.v1,3031,B,60.0,unavailable,5.0
P_old,True,derated,False,0.34449412598866697,1.0,39.32585039167094,phase-b1::final::sg-B::S9_compound_unavailable_double_step::P_old::seed-003031,S9_compound_unavailable_double_step,d5freq.phase_b1.compact_episode_audits.v1,3031,B,60.0,unavailable,10.0
P_old,True,derated,False,0.326728579143991,1.0,72.06298481645268,phase-b1::final::sg-B::S9_compound_unavailable_double_step::P_old::seed-003031,S9_compound_unavailable_double_step,d5freq.phase_b1.compact_episode_audits.v1,3031,B,60.0,unavailable,20.0
P_old,True,derated,False,0.4371965464734361,0.9999971268077003,12.760083973601215,phase-b1::final::sg-B::S9_compound_unavailable_double_step::P_old::seed-003032,S9_compound_unavailable_double_step,d5freq.phase_b1.compact_episode_audits.v1,3032,B,60.0,unavailable,2.0
P_old,True,derated,False,0.37935026336704714,0.9999999998792597,22.837379262417805,phase-b1::final::sg-B::S9_compound_unavailable_double_step::P_old::seed-003032,S9_compound_unavailable_double_step,d5freq.phase_b1.compact_episode_audits.v1,3032,B,60.0,unavailable,5.0
P_old,True,derated,False,0.34550914315114684,1.0,39.316709974958314,phase-b1::final::sg-B::S9_compound_unavailable_double_step::P_old::seed-003032,S9_compound_unavailable_double_step,d5freq.phase_b1.compact_episode_audits.v1,3032,B,60.0,unavailable,10.0
P_old,True,derated,False,0.32751535943316196,1.0,72.03767162917657,phase-b1::final::sg-B::S9_compound_unavailable_double_step::P_old::seed-003032,S9_compound_unavailable_double_step,d5freq.phase_b1.compact_episode_audits.v1,3032,B,60.0,unavailable,20.0
P_old,True,derated,False,0.4254385780477641,0.9999950691713391,12.219998567807561,phase-b1::final::sg-B::S9_compound_unavailable_double_step::P_old::seed-003033,S9_compound_unavailable_double_step,d5freq.phase_b1.compact_episode_audits.v1,3033,B,60.0,unavailable,2.0
P_old,True,derated,False,0.585644531677566,1.0,81.90303211038041,phase-b1::final::sg-B::S9_compound_unavailable_double_step::P_old::seed-003033,S9_compound_unavailable_double_step,d5freq.phase_b1.compact_episode_audits.v1,3033,B,60.0,unavailable,5.0
P_old,True,derated,False,0.4688305066577538,1.0,99.65214785954191,phase-b1::final::sg-B::S9_compound_unavailable_double_step::P_old::seed-003033,S9_compound_unavailable_double_step,d5freq.phase_b1.compact_episode_audits.v1,3033,B,60.0,unavailable,10.0
P_old,True,derated,False,0.3891195048392732,1.0,132.38542185039518,phase-b1::final::sg-B::S9_compound_unavailable_double_step::P_old::seed-003033,S9_compound_unavailable_double_step,d5freq.phase_b1.compact_episode_audits.v1,3033,B,60.0,unavailable,20.0
P_old,True,derated,False,0.3955634246505773,0.9996652020354275,8.001648444877972,phase-b1::final::sg-B::S9_compound_unavailable_double_step::P_old::seed-003034,S9_compound_unavailable_double_step,d5freq.phase_b1.compact_episode_audits.v1,3034,B,60.0,unavailable,2.0
P_old,True,derated,False,0.3636200052401541,0.9999999933212822,18.824339814609004,phase-b1::final::sg-B::S9_compound_unavailable_double_step::P_old::seed-003034,S9_compound_unavailable_double_step,d5freq.phase_b1.compact_episode_audits.v1,3034,B,60.0,unavailable,5.0
P_old,True,derated,False,0.3374555994801922,0.9999999999999996,35.29058062917963,phase-b1::final::sg-B::S9_compound_unavailable_double_step::P_old::seed-003034,S9_compound_unavailable_double_step,d5freq.phase_b1.compact_episode_audits.v1,3034,B,60.0,unavailable,10.0
P_old,True,derated,False,0.32331787483720964,1.0,68.03333243051091,phase-b1::final::sg-B::S9_compound_unavailable_double_step::P_old::seed-003034,S9_compound_unavailable_double_step,d5freq.phase_b1.compact_episode_audits.v1,3034,B,60.0,unavailable,20.0
P_old,True,derated,False,0.4137251912825944,0.9997768584341894,8.407480997191524,phase-b1::final::sg-B::S9_compound_unavailable_double_step::P_old::seed-003035,S9_compound_unavailable_double_step,d5freq.phase_b1.compact_episode_audits.v1,3035,B,60.0,unavailable,2.0
P_old,True,derated,False,0.5619986250404335,1.0,68.89990831060442,phase-b1::final::sg-B::S9_compound_unavailable_double_step::P_old::seed-003035,S9_compound_unavailable_double_step,d5freq.phase_b1.compact_episode_audits.v1,3035,B,60.0,unavailable,5.0
P_old,True,derated,False,0.4471846235567942,1.0,85.20783320352061,phase-b1::final::sg-B::S9_compound_unavailable_double_step::P_old::seed-003035,S9_compound_unavailable_double_step,d5freq.phase_b1.compact_episode_audits.v1,3035,B,60.0,unavailable,10.0
P_old,True,derated,False,0.37805376046708783,1.0,117.94045926837529,phase-b1::final::sg-B::S9_compound_unavailable_double_step::P_old::seed-003035,S9_compound_unavailable_double_step,d5freq.phase_b1.compact_episode_audits.v1,3035,B,60.0,unavailable,20.0
P_old,True,derated,False,0.4332794983366976,0.9999848686302618,11.098725406293237,phase-b1::final::sg-B::S9_compound_unavailable_double_step::P_old::seed-003036,S9_compound_unavailable_double_step,d5freq.phase_b1.compact_episode_audits.v1,3036,B,60.0,unavailable,2.0
P_old,True,derated,False,0.37238435361617095,0.9999999994519049,21.324572199985113,phase-b1::final::sg-B::S9_compound_unavailable_double_step::P_old::seed-003036,S9_compound_unavailable_double_step,d5freq.phase_b1.compact_episode_audits.v1,3036,B,60.0,unavailable,5.0
P_old,True,derated,False,0.3418859922929597,1.0,37.79301870093103,phase-b1::final::sg-B::S9_compound_unavailable_double_step::P_old::seed-003036,S9_compound_unavailable_double_step,d5freq.phase_b1.compact_episode_audits.v1,3036,B,60.0,unavailable,10.0
P_old,True,derated,False,0.32552816381448996,1.0,70.53957137095296,phase-b1::final::sg-B::S9_compound_unavailable_double_step::P_old::seed-003036,S9_compound_unavailable_double_step,d5freq.phase_b1.compact_episode_audits.v1,3036,B,60.0,unavailable,20.0
P_old,True,derated,False,0.42050974715873196,0.9999906976930744,11.585238829934621,phase-b1::final::sg-B::S9_compound_unavailable_double_step::P_old::seed-003037,S9_compound_unavailable_double_step,d5freq.phase_b1.compact_episode_audits.v1,3037,B,60.0,unavailable,2.0
P_old,True,derated,False,0.40681715101143734,0.99999999999966,28.709981000231295,phase-b1::final::sg-B::S9_compound_unavailable_double_step::P_old::seed-003037,S9_compound_unavailable_double_step,d5freq.phase_b1.compact_episode_audits.v1,3037,B,60.0,unavailable,5.0
P_old,True,derated,False,0.3589550485213765,1.0,45.13778118100285,phase-b1::final::sg-B::S9_compound_unavailable_double_step::P_old::seed-003037,S9_compound_unavailable_double_step,d5freq.phase_b1.compact_episode_audits.v1,3037,B,60.0,unavailable,10.0
P_old,True,derated,False,0.3388040033867813,1.0,78.48340519828125,phase-b1::final::sg-B::S9_compound_unavailable_double_step::P_old::seed-003037,S9_compound_unavailable_double_step,d5freq.phase_b1.compact_episode_audits.v1,3037,B,60.0,unavailable,20.0
P_old,True,derated,False,0.45643951230369173,0.9999989533697663,13.769933809309336,phase-b1::final::sg-B::S9_compound_unavailable_double_step::P_old::seed-003038,S9_compound_unavailable_double_step,d5freq.phase_b1.compact_episode_audits.v1,3038,B,60.0,unavailable,2.0
P_old,True,derated,False,0.45777051369840815,1.0,44.82128499281642,phase-b1::final::sg-B::S9_compound_unavailable_double_step::P_old::seed-003038,S9_compound_unavailable_double_step,d5freq.phase_b1.compact_episode_audits.v1,3038,B,60.0,unavailable,5.0
P_old,True,derated,False,0.38401694848166174,1.0,60.93620994751325,phase-b1::final::sg-B::S9_compound_unavailable_double_step::P_old::seed-003038,S9_compound_unavailable_double_step,d5freq.phase_b1.compact_episode_audits.v1,3038,B,60.0,unavailable,10.0
P_old,True,derated,False,0.3680966519013188,1.0,97.52258680432121,phase-b1::final::sg-B::S9_compound_unavailable_double_step::P_old::seed-003038,S9_compound_unavailable_double_step,d5freq.phase_b1.compact_episode_audits.v1,3038,B,60.0,unavailable,20.0
P_old,True,derated,False,0.39698519322190373,0.9996680563286502,8.010213269274495,phase-b1::final::sg-B::S9_compound_unavailable_double_step::P_old::seed-003039,S9_compound_unavailable_double_step,d5freq.phase_b1.compact_episode_audits.v1,3039,B,60.0,unavailable,2.0
P_old,True,derated,False,0.3645167157339284,0.9999999934885406,18.849702226190452,phase-b1::final::sg-B::S9_compound_unavailable_double_step::P_old::seed-003039,S9_compound_unavailable_double_step,d5freq.phase_b1.compact_episode_audits.v1,3039,B,60.0,unavailable,5.0
P_old,True,derated,False,0.3379437349710409,0.9999999999999996,35.316693753908496,phase-b1::final::sg-B::S9_compound_unavailable_double_step::P_old::seed-003039,S9_compound_unavailable_double_step,d5freq.phase_b1.compact_episode_audits.v1,3039,B,60.0,unavailable,10.0
P_old,True,derated,False,0.3244228976990429,1.0,68.21319098089916,phase-b1::final::sg-B::S9_compound_unavailable_double_step::P_old::seed-003039,S9_compound_unavailable_double_step,d5freq.phase_b1.compact_episode_audits.v1,3039,B,60.0,unavailable,20.0
P_old,True,derated,False,0.39802728609327453,0.9996324389899635,7.908253610807954,phase-b1::final::sg-B::S9_compound_unavailable_double_step::P_old::seed-003040,S9_compound_unavailable_double_step,d5freq.phase_b1.compact_episode_audits.v1,3040,B,60.0,unavailable,2.0
P_old,True,derated,False,0.36552184093866635,0.9999999927723506,18.745351972307972,phase-b1::final::sg-B::S9_compound_unavailable_double_step::P_old::seed-003040,S9_compound_unavailable_double_step,d5freq.phase_b1.compact_episode_audits.v1,3040,B,60.0,unavailable,5.0
P_old,True,derated,False,0.3383561342279858,0.9999999999999996,35.20604075405602,phase-b1::final::sg-B::S9_compound_unavailable_double_step::P_old::seed-003040,S9_compound_unavailable_double_step,d5freq.phase_b1.compact_episode_audits.v1,3040,B,60.0,unavailable,10.0
P_old,True,derated,False,0.3305038465149681,1.0,68.7419299342613,phase-b1::final::sg-B::S9_compound_unavailable_double_step::P_old::seed-003040,S9_compound_unavailable_double_step,d5freq.phase_b1.compact_episode_audits.v1,3040,B,60.0,unavailable,20.0
P_old,True,derated,False,0.4246690192124999,0.9998614976447427,8.884484715065902,phase-b1::final::sg-B::S9_compound_unavailable_double_step::P_old::seed-003041,S9_compound_unavailable_double_step,d5freq.phase_b1.compact_episode_audits.v1,3041,B,60.0,unavailable,2.0
P_old,True,derated,False,0.3729684700705166,0.9999999967436095,19.542646465221658,phase-b1::final::sg-B::S9_compound_unavailable_double_step::P_old::seed-003041,S9_compound_unavailable_double_step,d5freq.phase_b1.compact_episode_audits.v1,3041,B,60.0,unavailable,5.0
P_old,True,derated,False,0.3425482225669908,0.9999999999999998,36.043495075874645,phase-b1::final::sg-B::S9_compound_unavailable_double_step::P_old::seed-003041,S9_compound_unavailable_double_step,d5freq.phase_b1.compact_episode_audits.v1,3041,B,60.0,unavailable,10.0
P_old,True,derated,False,0.3285722062937825,1.0,69.0909415476155,phase-b1::final::sg-B::S9_compound_unavailable_double_step::P_old::seed-003041,S9_compound_unavailable_double_step,d5freq.phase_b1.compact_episode_audits.v1,3041,B,60.0,unavailable,20.0
P_old,True,derated,False,0.42421920059846024,0.9999945723008806,12.12398982103754,phase-b1::final::sg-B::S9_compound_unavailable_double_step::P_old::seed-003042,S9_compound_unavailable_double_step,d5freq.phase_b1.compact_episode_audits.v1,3042,B,60.0,unavailable,2.0
P_old,True,derated,False,0.40778395699553316,0.9999999999998699,29.669826430608765,phase-b1::final::sg-B::S9_compound_unavailable_double_step::P_old::seed-003042,S9_compound_unavailable_double_step,d5freq.phase_b1.compact_episode_audits.v1,3042,B,60.0,unavailable,5.0
P_old,True,derated,False,0.35939243193787246,1.0,46.08713957835279,phase-b1::final::sg-B::S9_compound_unavailable_double_step::P_old::seed-003042,S9_compound_unavailable_double_step,d5freq.phase_b1.compact_episode_audits.v1,3042,B,60.0,unavailable,10.0
P_old,True,derated,False,0.3340922594930538,1.0,78.83164437726325,phase-b1::final::sg-B::S9_compound_unavailable_double_step::P_old::seed-003042,S9_compound_unavailable_double_step,d5freq.phase_b1.compact_episode_audits.v1,3042,B,60.0,unavailable,20.0
P_old,True,derated,False,0.430722397793182,0.9999839016410568,11.036777149970419,phase-b1::final::sg-B::S9_compound_unavailable_double_step::P_old::seed-003043,S9_compound_unavailable_double_step,d5freq.phase_b1.compact_episode_audits.v1,3043,B,60.0,unavailable,2.0
P_old,True,derated,False,0.37107477836075964,0.9999999994093198,21.249746558452387,phase-b1::final::sg-B::S9_compound_unavailable_double_step::P_old::seed-003043,S9_compound_unavailable_double_step,d5freq.phase_b1.compact_episode_audits.v1,3043,B,60.0,unavailable,5.0
P_old,True,derated,False,0.3411816807689553,1.0,37.71302269269336,phase-b1::final::sg-B::S9_compound_unavailable_double_step::P_old::seed-003043,S9_compound_unavailable_double_step,d5freq.phase_b1.compact_episode_audits.v1,3043,B,60.0,unavailable,10.0
P_old,True,derated,False,0.3285142503926723,1.0,70.85429971454923,phase-b1::final::sg-B::S9_compound_unavailable_double_step::P_old::seed-003043,S9_compound_unavailable_double_step,d5freq.phase_b1.compact_episode_audits.v1,3043,B,60.0,unavailable,20.0
P_old,True,derated,False,0.45464614207820064,0.9999989883491267,13.80392602184084,phase-b1::final::sg-B::S9_compound_unavailable_double_step::P_old::seed-003044,S9_compound_unavailable_double_step,d5freq.phase_b1.compact_episode_audits.v1,3044,B,60.0,unavailable,2.0
P_old,True,derated,False,0.5973308576643774,1.0,85.3545032277007,phase-b1::final::sg-B::S9_compound_unavailable_double_step::P_old::seed-003044,S9_compound_unavailable_double_step,d5freq.phase_b1.compact_episode_audits.v1,3044,B,60.0,unavailable,5.0
P_old,True,derated,False,0.47449256236204407,1.0,103.14789952963386,phase-b1::final::sg-B::S9_compound_unavailable_double_step::P_old::seed-003044,S9_compound_unavailable_double_step,d5freq.phase_b1.compact_episode_audits.v1,3044,B,60.0,unavailable,10.0
P_old,True,derated,False,0.3916464085835155,1.0,135.88760853377977,phase-b1::final::sg-B::S9_compound_unavailable_double_step::P_old::seed-003044,S9_compound_unavailable_double_step,d5freq.phase_b1.compact_episode_audits.v1,3044,B,60.0,unavailable,20.0
P_old,True,derated,False,0.450963503825736,0.9999875989256064,11.29771504484125,phase-b1::final::sg-B::S9_compound_unavailable_double_step::P_old::seed-003045,S9_compound_unavailable_double_step,d5freq.phase_b1.compact_episode_audits.v1,3045,B,60.0,unavailable,2.0
P_old,True,derated,False,0.5770447606284591,1.0,71.65534538212398,phase-b1::final::sg-B::S9_compound_unavailable_double_step::P_old::seed-003045,S9_compound_unavailable_double_step,d5freq.phase_b1.compact_episode_audits.v1,3045,B,60.0,unavailable,5.0
P_old,True,derated,False,0.45469856962840066,1.0,87.93797656273088,phase-b1::final::sg-B::S9_compound_unavailable_double_step::P_old::seed-003045,S9_compound_unavailable_double_step,d5freq.phase_b1.compact_episode_audits.v1,3045,B,60.0,unavailable,10.0
P_old,True,derated,False,0.3818476219101138,1.0,120.68193721545711,phase-b1::final::sg-B::S9_compound_unavailable_double_step::P_old::seed-003045,S9_compound_unavailable_double_step,d5freq.phase_b1.compact_episode_audits.v1,3045,B,60.0,unavailable,20.0
P_old,True,derated,False,0.44758738544662396,0.9999856690476364,11.153074533942704,phase-b1::final::sg-B::S9_compound_unavailable_double_step::P_old::seed-003046,S9_compound_unavailable_double_step,d5freq.phase_b1.compact_episode_audits.v1,3046,B,60.0,unavailable,2.0
P_old,True,derated,False,0.5939864731690259,1.0,78.6349870749882,phase-b1::final::sg-B::S9_compound_unavailable_double_step::P_old::seed-003046,S9_compound_unavailable_double_step,d5freq.phase_b1.compact_episode_audits.v1,3046,B,60.0,unavailable,5.0
P_old,True,derated,False,0.4734158461509897,1.0,96.30387360149643,phase-b1::final::sg-B::S9_compound_unavailable_double_step::P_old::seed-003046,S9_compound_unavailable_double_step,d5freq.phase_b1.compact_episode_audits.v1,3046,B,60.0,unavailable,10.0
P_old,True,derated,False,0.3912531355893811,1.0,129.04582766723877,phase-b1::final::sg-B::S9_compound_unavailable_double_step::P_old::seed-003046,S9_compound_unavailable_double_step,d5freq.phase_b1.compact_episode_audits.v1,3046,B,60.0,unavailable,20.0
P_old,True,derated,False,0.4327496783701484,0.999989150504064,11.431381087167777,phase-b1::final::sg-B::S9_compound_unavailable_double_step::P_old::seed-003047,S9_compound_unavailable_double_step,d5freq.phase_b1.compact_episode_audits.v1,3047,B,60.0,unavailable,2.0
P_old,True,derated,False,0.5375536407644865,1.0,65.49579769332227,phase-b1::final::sg-B::S9_compound_unavailable_double_step::P_old::seed-003047,S9_compound_unavailable_double_step,d5freq.phase_b1.compact_episode_audits.v1,3047,B,60.0,unavailable,5.0
P_old,True,derated,False,0.4304247653503124,1.0,81.82572210239822,phase-b1::final::sg-B::S9_compound_unavailable_double_step::P_old::seed-003047,S9_compound_unavailable_double_step,d5freq.phase_b1.compact_episode_audits.v1,3047,B,60.0,unavailable,10.0
P_old,True,derated,False,0.37906910380617426,1.0,115.89890052604437,phase-b1::final::sg-B::S9_compound_unavailable_double_step::P_old::seed-003047,S9_compound_unavailable_double_step,d5freq.phase_b1.compact_episode_audits.v1,3047,B,60.0,unavailable,20.0
P_old,True,derated,False,0.42705761906525275,0.9999958799208473,12.39963406289904,phase-b1::final::sg-B::S9_compound_unavailable_double_step::P_old::seed-003048,S9_compound_unavailable_double_step,d5freq.phase_b1.compact_episode_audits.v1,3048,B,60.0,unavailable,2.0
P_old,True,derated,False,0.5683103048388431,1.0,75.26917253591846,phase-b1::final::sg-B::S9_compound_unavailable_double_step::P_old::seed-003048,S9_compound_unavailable_double_step,d5freq.phase_b1.compact_episode_audits.v1,3048,B,60.0,unavailable,5.0
P_old,True,derated,False,0.45026858203020054,1.0,91.6842241047168,phase-b1::final::sg-B::S9_compound_unavailable_double_step::P_old::seed-003048,S9_compound_unavailable_double_step,d5freq.phase_b1.compact_episode_audits.v1,3048,B,60.0,unavailable,10.0
P_old,True,derated,False,0.3796319669932265,1.0,124.42775048569115,phase-b1::final::sg-B::S9_compound_unavailable_double_step::P_old::seed-003048,S9_compound_unavailable_double_step,d5freq.phase_b1.compact_episode_audits.v1,3048,B,60.0,unavailable,20.0
P_old,True,derated,False,0.43598294086043143,0.9999973740870504,12.850079306079241,phase-b1::final::sg-B::S9_compound_unavailable_double_step::P_old::seed-003049,S9_compound_unavailable_double_step,d5freq.phase_b1.compact_episode_audits.v1,3049,B,60.0,unavailable,2.0
P_old,True,derated,False,0.5721404703009483,1.0,76.54829733881948,phase-b1::final::sg-B::S9_compound_unavailable_double_step::P_old::seed-003049,S9_compound_unavailable_double_step,d5freq.phase_b1.compact_episode_audits.v1,3049,B,60.0,unavailable,5.0
P_old,True,derated,False,0.45216126910584037,1.0,92.97271588610695,phase-b1::final::sg-B::S9_compound_unavailable_double_step::P_old::seed-003049,S9_compound_unavailable_double_step,d5freq.phase_b1.compact_episode_audits.v1,3049,B,60.0,unavailable,10.0
P_old,True,derated,False,0.3805163519045494,1.0,125.71390938610327,phase-b1::final::sg-B::S9_compound_unavailable_double_step::P_old::seed-003049,S9_compound_unavailable_double_step,d5freq.phase_b1.compact_episode_audits.v1,3049,B,60.0,unavailable,20.0
P_old,True,derated,False,0.5349627862879802,0.9999999997983557,22.324516065699274,phase-b1::final::sg-C::S9_compound_unavailable_double_step::P_old::seed-003000,S9_compound_unavailable_double_step,d5freq.phase_b1.compact_episode_audits.v1,3000,C,60.0,unavailable,2.0
P_old,True,derated,False,0.6297010634179088,1.0,100.646946325697,phase-b1::final::sg-C::S9_compound_unavailable_double_step::P_old::seed-003000,S9_compound_unavailable_double_step,d5freq.phase_b1.compact_episode_audits.v1,3000,C,60.0,unavailable,5.0
P_old,True,derated,False,0.6609818595660625,1.0,204.64947134168264,phase-b1::final::sg-C::S9_compound_unavailable_double_step::P_old::seed-003000,S9_compound_unavailable_double_step,d5freq.phase_b1.compact_episode_audits.v1,3000,C,60.0,unavailable,10.0
P_old,True,derated,False,0.5240447410508547,1.0,250.9372369130395,phase-b1::final::sg-C::S9_compound_unavailable_double_step::P_old::seed-003000,S9_compound_unavailable_double_step,d5freq.phase_b1.compact_episode_audits.v1,3000,C,60.0,unavailable,20.0
P_old,True,derated,False,0.4041423808137228,0.9997290881766645,8.213446216650034,phase-b1::final::sg-C::S9_compound_unavailable_double_step::P_old::seed-003001,S9_compound_unavailable_double_step,d5freq.phase_b1.compact_episode_audits.v1,3001,C,60.0,unavailable,2.0
P_old,True,derated,False,0.38066076308311947,0.9999999972036453,19.694949151684632,phase-b1::final::sg-C::S9_compound_unavailable_double_step::P_old::seed-003001,S9_compound_unavailable_double_step,d5freq.phase_b1.compact_episode_audits.v1,3001,C,60.0,unavailable,5.0
P_old,True,derated,False,0.3792858646641616,1.0,40.08220641490958,phase-b1::final::sg-C::S9_compound_unavailable_double_step::P_old::seed-003001,S9_compound_unavailable_double_step,d5freq.phase_b1.compact_episode_audits.v1,3001,C,60.0,unavailable,10.0
P_old,True,derated,False,0.389345002541957,1.0,91.84315828203069,phase-b1::final::sg-C::S9_compound_unavailable_double_step::P_old::seed-003001,S9_compound_unavailable_double_step,d5freq.phase_b1.compact_episode_audits.v1,3001,C,60.0,unavailable,20.0
P_old,True,derated,False,0.4960215529059966,0.9999999348821162,16.54706654762772,phase-b1::final::sg-C::S9_compound_unavailable_double_step::P_old::seed-003002,S9_compound_unavailable_double_step,d5freq.phase_b1.compact_episode_audits.v1,3002,C,60.0,unavailable,2.0
P_old,True,derated,False,0.6141095626366188,1.0,93.12093537595489,phase-b1::final::sg-C::S9_compound_unavailable_double_step::P_old::seed-003002,S9_compound_unavailable_double_step,d5freq.phase_b1.compact_episode_audits.v1,3002,C,60.0,unavailable,5.0
P_old,True,derated,False,0.4878781851771456,1.0,111.65298891202866,phase-b1::final::sg-C::S9_compound_unavailable_double_step::P_old::seed-003002,S9_compound_unavailable_double_step,d5freq.phase_b1.compact_episode_audits.v1,3002,C,60.0,unavailable,10.0
P_old,True,derated,False,0.5363409199529686,1.0,249.72568840604953,phase-b1::final::sg-C::S9_compound_unavailable_double_step::P_old::seed-003002,S9_compound_unavailable_double_step,d5freq.phase_b1.compact_episode_audits.v1,3002,C,60.0,unavailable,20.0
P_old,True,derated,False,0.4265554493532002,0.9999951081305584,12.22793113676649,phase-b1::final::sg-C::S9_compound_unavailable_double_step::P_old::seed-003003,S9_compound_unavailable_double_step,d5freq.phase_b1.compact_episode_audits.v1,3003,C,60.0,unavailable,2.0
P_old,True,derated,False,0.5862265392582252,1.0,85.61037838765803,phase-b1::final::sg-C::S9_compound_unavailable_double_step::P_old::seed-003003,S9_compound_unavailable_double_step,d5freq.phase_b1.compact_episode_audits.v1,3003,C,60.0,unavailable,5.0
P_old,True,derated,False,0.5637649318806294,1.0,148.9824164955332,phase-b1::final::sg-C::S9_compound_unavailable_double_step::P_old::seed-003003,S9_compound_unavailable_double_step,d5freq.phase_b1.compact_episode_audits.v1,3003,C,60.0,unavailable,10.0
P_old,True,derated,False,0.5270791783868475,1.0,247.10276659267691,phase-b1::final::sg-C::S9_compound_unavailable_double_step::P_old::seed-003003,S9_compound_unavailable_double_step,d5freq.phase_b1.compact_episode_audits.v1,3003,C,60.0,unavailable,20.0
P_old,True,derated,False,0.45952100358915754,0.9999993668432009,14.27254710452312,phase-b1::final::sg-C::S9_compound_unavailable_double_step::P_old::seed-003004,S9_compound_unavailable_double_step,d5freq.phase_b1.compact_episode_audits.v1,3004,C,60.0,unavailable,2.0
P_old,True,derated,False,0.5994545536395993,1.0,90.49563487615615,phase-b1::final::sg-C::S9_compound_unavailable_double_step::P_old::seed-003004,S9_compound_unavailable_double_step,d5freq.phase_b1.compact_episode_audits.v1,3004,C,60.0,unavailable,5.0
P_old,True,derated,False,0.6458403468981707,1.0,193.69112869856716,phase-b1::final::sg-C::S9_compound_unavailable_double_step::P_old::seed-003004,S9_compound_unavailable_double_step,d5freq.phase_b1.compact_episode_audits.v1,3004,C,60.0,unavailable,10.0
P_old,True,derated,False,0.5357326272750058,1.0,261.6776448809468,phase-b1::final::sg-C::S9_compound_unavailable_double_step::P_old::seed-003004,S9_compound_unavailable_double_step,d5freq.phase_b1.compact_episode_audits.v1,3004,C,60.0,unavailable,20.0
P_old,True,derated,False,0.5049158123874888,0.9999999699316486,17.319792641123243,phase-b1::final::sg-C::S9_compound_unavailable_double_step::P_old::seed-003005,S9_compound_unavailable_double_step,d5freq.phase_b1.compact_episode_audits.v1,3005,C,60.0,unavailable,2.0
P_old,True,derated,False,0.6176752491166321,1.0,93.93594171266034,phase-b1::final::sg-C::S9_compound_unavailable_double_step::P_old::seed-003005,S9_compound_unavailable_double_step,d5freq.phase_b1.compact_episode_audits.v1,3005,C,60.0,unavailable,5.0
P_old,True,derated,False,0.6549508322539898,1.0,197.24481123501732,phase-b1::final::sg-C::S9_compound_unavailable_double_step::P_old::seed-003005,S9_compound_unavailable_double_step,d5freq.phase_b1.compact_episode_audits.v1,3005,C,60.0,unavailable,10.0
P_old,True,derated,False,0.6732715490921339,1.0,388.15505553179247,phase-b1::final::sg-C::S9_compound_unavailable_double_step::P_old::seed-003005,S9_compound_unavailable_double_step,d5freq.phase_b1.compact_episode_audits.v1,3005,C,60.0,unavailable,20.0
P_old,True,derated,False,0.47244475926223417,0.9999997616659777,15.249592453396668,phase-b1::final::sg-C::S9_compound_unavailable_double_step::P_old::seed-003006,S9_compound_unavailable_double_step,d5freq.phase_b1.compact_episode_audits.v1,3006,C,60.0,unavailable,2.0
P_old,True,derated,False,0.6046403311386521,1.0,91.41595539238908,phase-b1::final::sg-C::S9_compound_unavailable_double_step::P_old::seed-003006,S9_compound_unavailable_double_step,d5freq.phase_b1.compact_episode_audits.v1,3006,C,60.0,unavailable,5.0
P_old,True,derated,False,0.6484296775500203,1.0,194.54189407330318,phase-b1::final::sg-C::S9_compound_unavailable_double_step::P_old::seed-003006,S9_compound_unavailable_double_step,d5freq.phase_b1.compact_episode_audits.v1,3006,C,60.0,unavailable,10.0
P_old,True,derated,False,0.6700108393067655,1.0,385.4404523163857,phase-b1::final::sg-C::S9_compound_unavailable_double_step::P_old::seed-003006,S9_compound_unavailable_double_step,d5freq.phase_b1.compact_episode_audits.v1,3006,C,60.0,unavailable,20.0
P_old,False,derated,True,0.5427695253611605,0.008174234159519093,-4.798560420982525,phase-b1::final::sg-C::S9_compound_unavailable_double_step::P_old::seed-003007,S9_compound_unavailable_double_step,d5freq.phase_b1.compact_episode_audits.v1,3007,C,60.0,unavailable,2.0
P_old,True,derated,False,0.5897230136649718,1.0,52.52297802225697,phase-b1::final::sg-C::S9_compound_unavailable_double_step::P_old::seed-003007,S9_compound_unavailable_double_step,d5freq.phase_b1.compact_episode_audits.v1,3007,C,60.0,unavailable,5.0
P_old,True,derated,False,0.4589671135384883,1.0,69.1916222957048,phase-b1::final::sg-C::S9_compound_unavailable_double_step::P_old::seed-003007,S9_compound_unavailable_double_step,d5freq.phase_b1.compact_episode_audits.v1,3007,C,60.0,unavailable,10.0
P_old,True,derated,False,0.407183799379327,1.0,106.87380541183569,phase-b1::final::sg-C::S9_compound_unavailable_double_step::P_old::seed-003007,S9_compound_unavailable_double_step,d5freq.phase_b1.compact_episode_audits.v1,3007,C,60.0,unavailable,20.0
P_old,True,derated,False,0.4801189253616853,0.9999998171164092,15.514415819772875,phase-b1::final::sg-C::S9_compound_unavailable_double_step::P_old::seed-003008,S9_compound_unavailable_double_step,d5freq.phase_b1.compact_episode_audits.v1,3008,C,60.0,unavailable,2.0
P_old,True,derated,False,0.6077197231979508,1.0,91.77974044887199,phase-b1::final::sg-C::S9_compound_unavailable_double_step::P_old::seed-003008,S9_compound_unavailable_double_step,d5freq.phase_b1.compact_episode_audits.v1,3008,C,60.0,unavailable,5.0
P_old,True,derated,False,0.6499700925206646,1.0,194.93649748945248,phase-b1::final::sg-C::S9_compound_unavailable_double_step::P_old::seed-003008,S9_compound_unavailable_double_step,d5freq.phase_b1.compact_episode_audits.v1,3008,C,60.0,unavailable,10.0
P_old,True,derated,False,0.5334145600909667,1.0,256.44214453667746,phase-b1::final::sg-C::S9_compound_unavailable_double_step::P_old::seed-003008,S9_compound_unavailable_double_step,d5freq.phase_b1.compact_episode_audits.v1,3008,C,60.0,unavailable,20.0
P_old,True,derated,False,0.5053537379617788,0.9999999667306361,17.21862883045862,phase-b1::final::sg-C::S9_compound_unavailable_double_step::P_old::seed-003009,S9_compound_unavailable_double_step,d5freq.phase_b1.compact_episode_audits.v1,3009,C,60.0,unavailable,2.0
P_old,True,derated,False,0.617854918838421,1.0,94.18225163011317,phase-b1::final::sg-C::S9_compound_unavailable_double_step::P_old::seed-003009,S9_compound_unavailable_double_step,d5freq.phase_b1.compact_episode_audits.v1,3009,C,60.0,unavailable,5.0
P_old,True,derated,False,0.6550561615733985,1.0,197.9645452808475,phase-b1::final::sg-C::S9_compound_unavailable_double_step::P_old::seed-003009,S9_compound_unavailable_double_step,d5freq.phase_b1.compact_episode_audits.v1,3009,C,60.0,unavailable,10.0
P_old,True,derated,False,0.6733245241776811,1.0,388.9046888371789,phase-b1::final::sg-C::S9_compound_unavailable_double_step::P_old::seed-003009,S9_compound_unavailable_double_step,d5freq.phase_b1.compact_episode_audits.v1,3009,C,60.0,unavailable,20.0
P_old,True,derated,False,0.4284441431104804,0.9999956860492512,12.353652112709792,phase-b1::final::sg-C::S9_compound_unavailable_double_step::P_old::seed-003010,S9_compound_unavailable_double_step,d5freq.phase_b1.compact_episode_audits.v1,3010,C,60.0,unavailable,2.0
P_old,True,derated,False,0.5869900332249253,1.0,86.0421763274863,phase-b1::final::sg-C::S9_compound_unavailable_double_step::P_old::seed-003010,S9_compound_unavailable_double_step,d5freq.phase_b1.compact_episode_audits.v1,3010,C,60.0,unavailable,5.0
P_old,True,derated,False,0.639609992358691,1.0,189.11276930580115,phase-b1::final::sg-C::S9_compound_unavailable_double_step::P_old::seed-003010,S9_compound_unavailable_double_step,d5freq.phase_b1.compact_episode_audits.v1,3010,C,60.0,unavailable,10.0
P_old,True,derated,False,0.665600958381201,1.0,380.0086219841652,phase-b1::final::sg-C::S9_compound_unavailable_double_step::P_old::seed-003010,S9_compound_unavailable_double_step,d5freq.phase_b1.compact_episode_audits.v1,3010,C,60.0,unavailable,20.0
P_old,True,derated,False,0.48485542009090127,0.9999998691629735,15.849313229148613,phase-b1::final::sg-C::S9_compound_unavailable_double_step::P_old::seed-003011,S9_compound_unavailable_double_step,d5freq.phase_b1.compact_episode_audits.v1,3011,C,60.0,unavailable,2.0
P_old,True,derated,False,0.5698643672449656,1.0,75.6900270220222,phase-b1::final::sg-C::S9_compound_unavailable_double_step::P_old::seed-003011,S9_compound_unavailable_double_step,d5freq.phase_b1.compact_episode_audits.v1,3011,C,60.0,unavailable,5.0
P_old,True,derated,False,0.4512423864718741,1.0,92.62474635226104,phase-b1::final::sg-C::S9_compound_unavailable_double_step::P_old::seed-003011,S9_compound_unavailable_double_step,d5freq.phase_b1.compact_episode_audits.v1,3011,C,60.0,unavailable,10.0
P_old,True,derated,False,0.5361275678316562,1.0,246.32022273817418,phase-b1::final::sg-C::S9_compound_unavailable_double_step::P_old::seed-003011,S9_compound_unavailable_double_step,d5freq.phase_b1.compact_episode_audits.v1,3011,C,60.0,unavailable,20.0
P_old,True,derated,False,0.5076678649523789,0.9999999775063618,17.610033291929483,phase-b1::final::sg-C::S9_compound_unavailable_double_step::P_old::seed-003012,S9_compound_unavailable_double_step,d5freq.phase_b1.compact_episode_audits.v1,3012,C,60.0,unavailable,2.0
P_old,True,derated,False,0.5784081995486379,1.0,77.23612266222985,phase-b1::final::sg-C::S9_compound_unavailable_double_step::P_old::seed-003012,S9_compound_unavailable_double_step,d5freq.phase_b1.compact_episode_audits.v1,3012,C,60.0,unavailable,5.0
P_old,True,derated,False,0.4549929172670826,1.0,94.13280326210494,phase-b1::final::sg-C::S9_compound_unavailable_double_step::P_old::seed-003012,S9_compound_unavailable_double_step,d5freq.phase_b1.compact_episode_audits.v1,3012,C,60.0,unavailable,10.0
P_old,True,derated,False,0.5380225021457329,1.0,247.83113738422549,phase-b1::final::sg-C::S9_compound_unavailable_double_step::P_old::seed-003012,S9_compound_unavailable_double_step,d5freq.phase_b1.compact_episode_audits.v1,3012,C,60.0,unavailable,20.0
P_old,True,derated,False,0.40593009150880044,0.9997496820493236,8.292528296166687,phase-b1::final::sg-C::S9_compound_unavailable_double_step::P_old::seed-003013,S9_compound_unavailable_double_step,d5freq.phase_b1.compact_episode_audits.v1,3013,C,60.0,unavailable,2.0
P_old,True,derated,False,0.3804611433130866,0.9999999972531792,19.71282170407691,phase-b1::final::sg-C::S9_compound_unavailable_double_step::P_old::seed-003013,S9_compound_unavailable_double_step,d5freq.phase_b1.compact_episode_audits.v1,3013,C,60.0,unavailable,5.0
P_old,True,derated,False,0.3830087747480608,1.0,40.499529433700815,phase-b1::final::sg-C::S9_compound_unavailable_double_step::P_old::seed-003013,S9_compound_unavailable_double_step,d5freq.phase_b1.compact_episode_audits.v1,3013,C,60.0,unavailable,10.0
P_old,True,derated,False,0.39214581125140696,1.0,87.2182924120971,phase-b1::final::sg-C::S9_compound_unavailable_double_step::P_old::seed-003013,S9_compound_unavailable_double_step,d5freq.phase_b1.compact_episode_audits.v1,3013,C,60.0,unavailable,20.0
P_old,True,derated,False,0.4328053297666625,0.9999853536096283,11.13130199737877,phase-b1::final::sg-C::S9_compound_unavailable_double_step::P_old::seed-003014,S9_compound_unavailable_double_step,d5freq.phase_b1.compact_episode_audits.v1,3014,C,60.0,unavailable,2.0
P_old,True,derated,False,0.3958683765384143,0.9999999998292171,22.490628294899672,phase-b1::final::sg-C::S9_compound_unavailable_double_step::P_old::seed-003014,S9_compound_unavailable_double_step,d5freq.phase_b1.compact_episode_audits.v1,3014,C,60.0,unavailable,5.0
P_old,True,derated,False,0.364757547733372,1.0,40.0608515221695,phase-b1::final::sg-C::S9_compound_unavailable_double_step::P_old::seed-003014,S9_compound_unavailable_double_step,d5freq.phase_b1.compact_episode_audits.v1,3014,C,60.0,unavailable,10.0
P_old,True,derated,False,0.4171212599191387,1.0,130.420823182808,phase-b1::final::sg-C::S9_compound_unavailable_double_step::P_old::seed-003014,S9_compound_unavailable_double_step,d5freq.phase_b1.compact_episode_audits.v1,3014,C,60.0,unavailable,20.0
P_old,True,derated,False,0.408565821453394,0.9997687064346391,8.371591488247642,phase-b1::final::sg-C::S9_compound_unavailable_double_step::P_old::seed-003015,S9_compound_unavailable_double_step,d5freq.phase_b1.compact_episode_audits.v1,3015,C,60.0,unavailable,2.0
P_old,True,derated,False,0.3823074058145002,0.9999999975401348,19.823159314073386,phase-b1::final::sg-C::S9_compound_unavailable_double_step::P_old::seed-003015,S9_compound_unavailable_double_step,d5freq.phase_b1.compact_episode_audits.v1,3015,C,60.0,unavailable,5.0
P_old,True,derated,False,0.38700962820951035,1.0,40.92801930002932,phase-b1::final::sg-C::S9_compound_unavailable_double_step::P_old::seed-003015,S9_compound_unavailable_double_step,d5freq.phase_b1.compact_episode_audits.v1,3015,C,60.0,unavailable,10.0
P_old,True,derated,False,0.5371327043317464,1.0,230.58388519218994,phase-b1::final::sg-C::S9_compound_unavailable_double_step::P_old::seed-003015,S9_compound_unavailable_double_step,d5freq.phase_b1.compact_episode_audits.v1,3015,C,60.0,unavailable,20.0
P_old,True,derated,False,0.5118717567327004,0.9999999893359269,18.356385393705867,phase-b1::final::sg-C::S9_compound_unavailable_double_step::P_old::seed-003016,S9_compound_unavailable_double_step,d5freq.phase_b1.compact_episode_audits.v1,3016,C,60.0,unavailable,2.0
P_old,True,derated,False,0.620464849936404,1.0,94.97428365746384,phase-b1::final::sg-C::S9_compound_unavailable_double_step::P_old::seed-003016,S9_compound_unavailable_double_step,d5freq.phase_b1.compact_episode_audits.v1,3016,C,60.0,unavailable,5.0
P_old,True,derated,False,0.5987545447898421,1.0,167.03769659554177,phase-b1::final::sg-C::S9_compound_unavailable_double_step::P_old::seed-003016,S9_compound_unavailable_double_step,d5freq.phase_b1.compact_episode_audits.v1,3016,C,60.0,unavailable,10.0
P_old,True,derated,False,0.5000301213102981,1.0,219.33188698244658,phase-b1::final::sg-C::S9_compound_unavailable_double_step::P_old::seed-003016,S9_compound_unavailable_double_step,d5freq.phase_b1.compact_episode_audits.v1,3016,C,60.0,unavailable,20.0
P_old,True,derated,False,0.42490908105232156,0.9999713320907984,10.45970353875343,phase-b1::final::sg-C::S9_compound_unavailable_double_step::P_old::seed-003017,S9_compound_unavailable_double_step,d5freq.phase_b1.compact_episode_audits.v1,3017,C,60.0,unavailable,2.0
P_old,True,derated,False,0.3912373420373386,0.9999999996725704,21.83974773695394,phase-b1::final::sg-C::S9_compound_unavailable_double_step::P_old::seed-003017,S9_compound_unavailable_double_step,d5freq.phase_b1.compact_episode_audits.v1,3017,C,60.0,unavailable,5.0
P_old,True,derated,False,0.38905872501295924,1.0,42.71297219711761,phase-b1::final::sg-C::S9_compound_unavailable_double_step::P_old::seed-003017,S9_compound_unavailable_double_step,d5freq.phase_b1.compact_episode_audits.v1,3017,C,60.0,unavailable,10.0
P_old,True,derated,False,0.5325539158772561,1.0,225.19583496388069,phase-b1::final::sg-C::S9_compound_unavailable_double_step::P_old::seed-003017,S9_compound_unavailable_double_step,d5freq.phase_b1.compact_episode_audits.v1,3017,C,60.0,unavailable,20.0
P_old,True,derated,False,0.4537871803142428,0.9999988673944709,13.690988668901802,phase-b1::final::sg-C::S9_compound_unavailable_double_step::P_old::seed-003018,S9_compound_unavailable_double_step,d5freq.phase_b1.compact_episode_audits.v1,3018,C,60.0,unavailable,2.0
P_old,True,derated,False,0.5833560266584438,1.0,81.29186915306902,phase-b1::final::sg-C::S9_compound_unavailable_double_step::P_old::seed-003018,S9_compound_unavailable_double_step,d5freq.phase_b1.compact_episode_audits.v1,3018,C,60.0,unavailable,5.0
P_old,True,derated,False,0.4615502233835362,1.0,98.18254375753801,phase-b1::final::sg-C::S9_compound_unavailable_double_step::P_old::seed-003018,S9_compound_unavailable_double_step,d5freq.phase_b1.compact_episode_audits.v1,3018,C,60.0,unavailable,10.0
P_old,True,derated,False,0.5015850637960562,1.0,213.69831644420324,phase-b1::final::sg-C::S9_compound_unavailable_double_step::P_old::seed-003018,S9_compound_unavailable_double_step,d5freq.phase_b1.compact_episode_audits.v1,3018,C,60.0,unavailable,20.0
P_old,True,derated,False,0.5061392225914776,0.9999999830724121,17.89432110701206,phase-b1::final::sg-C::S9_compound_unavailable_double_step::P_old::seed-003019,S9_compound_unavailable_double_step,d5freq.phase_b1.compact_episode_audits.v1,3019,C,60.0,unavailable,2.0
P_old,True,derated,False,0.4374141646570817,1.0,38.99845203548766,phase-b1::final::sg-C::S9_compound_unavailable_double_step::P_old::seed-003019,S9_compound_unavailable_double_step,d5freq.phase_b1.compact_episode_audits.v1,3019,C,60.0,unavailable,5.0
P_old,True,derated,False,0.39504036651493085,1.0,57.54505511555669,phase-b1::final::sg-C::S9_compound_unavailable_double_step::P_old::seed-003019,S9_compound_unavailable_double_step,d5freq.phase_b1.compact_episode_audits.v1,3019,C,60.0,unavailable,10.0
P_old,True,derated,False,0.5314021688303903,1.0,233.84830982114164,phase-b1::final::sg-C::S9_compound_unavailable_double_step::P_old::seed-003019,S9_compound_unavailable_double_step,d5freq.phase_b1.compact_episode_audits.v1,3019,C,60.0,unavailable,20.0
P_old,True,derated,False,0.4278639178107125,0.9999959048198419,12.405695751798053,phase-b1::final::sg-C::S9_compound_unavailable_double_step::P_old::seed-003020,S9_compound_unavailable_double_step,d5freq.phase_b1.compact_episode_audits.v1,3020,C,60.0,unavailable,2.0
P_old,True,derated,False,0.5444169529277136,1.0,69.57787561002476,phase-b1::final::sg-C::S9_compound_unavailable_double_step::P_old::seed-003020,S9_compound_unavailable_double_step,d5freq.phase_b1.compact_episode_audits.v1,3020,C,60.0,unavailable,5.0
P_old,True,derated,False,0.43799056933922076,1.0,86.40552962027405,phase-b1::final::sg-C::S9_compound_unavailable_double_step::P_old::seed-003020,S9_compound_unavailable_double_step,d5freq.phase_b1.compact_episode_audits.v1,3020,C,60.0,unavailable,10.0
P_old,True,derated,False,0.4013057856402183,1.0,124.81657281911887,phase-b1::final::sg-C::S9_compound_unavailable_double_step::P_old::seed-003020,S9_compound_unavailable_double_step,d5freq.phase_b1.compact_episode_audits.v1,3020,C,60.0,unavailable,20.0
P_old,True,derated,False,0.42561367951867063,0.9998616024988375,8.885242163048787,phase-b1::final::sg-C::S9_compound_unavailable_double_step::P_old::seed-003021,S9_compound_unavailable_double_step,d5freq.phase_b1.compact_episode_audits.v1,3021,C,60.0,unavailable,2.0
P_old,True,derated,False,0.5857024178493273,1.0,80.97688535532164,phase-b1::final::sg-C::S9_compound_unavailable_double_step::P_old::seed-003021,S9_compound_unavailable_double_step,d5freq.phase_b1.compact_episode_audits.v1,3021,C,60.0,unavailable,5.0
P_old,True,derated,False,0.6389618120625011,1.0,183.74606851090246,phase-b1::final::sg-C::S9_compound_unavailable_double_step::P_old::seed-003021,S9_compound_unavailable_double_step,d5freq.phase_b1.compact_episode_audits.v1,3021,C,60.0,unavailable,10.0
P_old,True,derated,False,0.6652766639580974,1.0,374.6246420846016,phase-b1::final::sg-C::S9_compound_unavailable_double_step::P_old::seed-003021,S9_compound_unavailable_double_step,d5freq.phase_b1.compact_episode_audits.v1,3021,C,60.0,unavailable,20.0
P_old,True,derated,False,0.5058342073679241,0.9999999898715476,18.407917282535372,phase-b1::final::sg-C::S9_compound_unavailable_double_step::P_old::seed-003022,S9_compound_unavailable_double_step,d5freq.phase_b1.compact_episode_audits.v1,3022,C,60.0,unavailable,2.0
P_old,True,derated,False,0.6180569597168919,1.0,95.44329395428517,phase-b1::final::sg-C::S9_compound_unavailable_double_step::P_old::seed-003022,S9_compound_unavailable_double_step,d5freq.phase_b1.compact_episode_audits.v1,3022,C,60.0,unavailable,5.0
P_old,True,derated,False,0.48993633929764285,1.0,114.00975767937756,phase-b1::final::sg-C::S9_compound_unavailable_double_step::P_old::seed-003022,S9_compound_unavailable_double_step,d5freq.phase_b1.compact_episode_audits.v1,3022,C,60.0,unavailable,10.0
P_old,True,derated,False,0.5373587670348614,1.0,252.0803887812109,phase-b1::final::sg-C::S9_compound_unavailable_double_step::P_old::seed-003022,S9_compound_unavailable_double_step,d5freq.phase_b1.compact_episode_audits.v1,3022,C,60.0,unavailable,20.0
P_old,True,derated,False,0.43064456499295545,0.9999961990933787,12.480267134182823,phase-b1::final::sg-C::S9_compound_unavailable_double_step::P_old::seed-003023,S9_compound_unavailable_double_step,d5freq.phase_b1.compact_episode_audits.v1,3023,C,60.0,unavailable,2.0
P_old,True,derated,False,0.49116687579477264,1.0,57.525478051117936,phase-b1::final::sg-C::S9_compound_unavailable_double_step::P_old::seed-003023,S9_compound_unavailable_double_step,d5freq.phase_b1.compact_episode_audits.v1,3023,C,60.0,unavailable,5.0
P_old,True,derated,False,0.4089280787202159,1.0,74.46499591964414,phase-b1::final::sg-C::S9_compound_unavailable_double_step::P_old::seed-003023,S9_compound_unavailable_double_step,d5freq.phase_b1.compact_episode_audits.v1,3023,C,60.0,unavailable,10.0
P_old,True,derated,False,0.3678493536222616,1.0,108.76659948678443,phase-b1::final::sg-C::S9_compound_unavailable_double_step::P_old::seed-003023,S9_compound_unavailable_double_step,d5freq.phase_b1.compact_episode_audits.v1,3023,C,60.0,unavailable,20.0
P_old,True,derated,False,0.5604958955501055,0.9999999999729117,24.331917894797463,phase-b1::final::sg-C::S9_compound_unavailable_double_step::P_old::seed-003024,S9_compound_unavailable_double_step,d5freq.phase_b1.compact_episode_audits.v1,3024,C,60.0,unavailable,2.0
P_old,True,derated,False,0.6399050344510505,1.0,102.79790167799706,phase-b1::final::sg-C::S9_compound_unavailable_double_step::P_old::seed-003024,S9_compound_unavailable_double_step,d5freq.phase_b1.compact_episode_audits.v1,3024,C,60.0,unavailable,5.0
P_old,True,derated,False,0.6661189949597734,1.0,208.02825415367454,phase-b1::final::sg-C::S9_compound_unavailable_double_step::P_old::seed-003024,S9_compound_unavailable_double_step,d5freq.phase_b1.compact_episode_audits.v1,3024,C,60.0,unavailable,10.0
P_old,True,derated,False,0.5515106158633705,1.0,283.28628501693925,phase-b1::final::sg-C::S9_compound_unavailable_double_step::P_old::seed-003024,S9_compound_unavailable_double_step,d5freq.phase_b1.compact_episode_audits.v1,3024,C,60.0,unavailable,20.0
P_old,True,derated,False,0.47610462868093756,0.9999998124590331,15.489268337897194,phase-b1::final::sg-C::S9_compound_unavailable_double_step::P_old::seed-003025,S9_compound_unavailable_double_step,d5freq.phase_b1.compact_episode_audits.v1,3025,C,60.0,unavailable,2.0
P_old,True,derated,False,0.6061149925719876,1.0,92.02958256599909,phase-b1::final::sg-C::S9_compound_unavailable_double_step::P_old::seed-003025,S9_compound_unavailable_double_step,d5freq.phase_b1.compact_episode_audits.v1,3025,C,60.0,unavailable,5.0
P_old,True,derated,False,0.6491805098480408,1.0,195.57011052319876,phase-b1::final::sg-C::S9_compound_unavailable_double_step::P_old::seed-003025,S9_compound_unavailable_double_step,d5freq.phase_b1.compact_episode_audits.v1,3025,C,60.0,unavailable,10.0
P_old,True,derated,False,0.6703865373254374,1.0,386.49461488047683,phase-b1::final::sg-C::S9_compound_unavailable_double_step::P_old::seed-003025,S9_compound_unavailable_double_step,d5freq.phase_b1.compact_episode_audits.v1,3025,C,60.0,unavailable,20.0
P_old,True,derated,False,0.4878328777746972,0.9999998914997223,16.03651299718532,phase-b1::final::sg-C::S9_compound_unavailable_double_step::P_old::seed-003026,S9_compound_unavailable_double_step,d5freq.phase_b1.compact_episode_audits.v1,3026,C,60.0,unavailable,2.0
P_old,True,derated,False,0.5707388472494785,1.0,75.66915130366898,phase-b1::final::sg-C::S9_compound_unavailable_double_step::P_old::seed-003026,S9_compound_unavailable_double_step,d5freq.phase_b1.compact_episode_audits.v1,3026,C,60.0,unavailable,5.0
P_old,True,derated,False,0.45139000086479414,1.0,92.57656547031027,phase-b1::final::sg-C::S9_compound_unavailable_double_step::P_old::seed-003026,S9_compound_unavailable_double_step,d5freq.phase_b1.compact_episode_audits.v1,3026,C,60.0,unavailable,10.0
P_old,True,derated,False,0.5366338744538132,1.0,246.3782926247111,phase-b1::final::sg-C::S9_compound_unavailable_double_step::P_old::seed-003026,S9_compound_unavailable_double_step,d5freq.phase_b1.compact_episode_audits.v1,3026,C,60.0,unavailable,20.0
P_old,True,derated,False,0.5200349513849651,0.9999999998144176,22.407522198486575,phase-b1::final::sg-C::S9_compound_unavailable_double_step::P_old::seed-003027,S9_compound_unavailable_double_step,d5freq.phase_b1.compact_episode_audits.v1,3027,C,60.0,unavailable,2.0
P_old,True,derated,False,0.6098081758301921,1.0,92.63243681158681,phase-b1::final::sg-C::S9_compound_unavailable_double_step::P_old::seed-003027,S9_compound_unavailable_double_step,d5freq.phase_b1.compact_episode_audits.v1,3027,C,60.0,unavailable,5.0
P_old,True,derated,False,0.47532912369916247,1.0,109.7409454517329,phase-b1::final::sg-C::S9_compound_unavailable_double_step::P_old::seed-003027,S9_compound_unavailable_double_step,d5freq.phase_b1.compact_episode_audits.v1,3027,C,60.0,unavailable,10.0
P_old,True,derated,False,0.4824124499507015,1.0,201.71464656157133,phase-b1::final::sg-C::S9_compound_unavailable_double_step::P_old::seed-003027,S9_compound_unavailable_double_step,d5freq.phase_b1.compact_episode_audits.v1,3027,C,60.0,unavailable,20.0
P_old,True,derated,False,0.47736470679717713,0.9999997970917044,15.410511503166695,phase-b1::final::sg-C::S9_compound_unavailable_double_step::P_old::seed-003028,S9_compound_unavailable_double_step,d5freq.phase_b1.compact_episode_audits.v1,3028,C,60.0,unavailable,2.0
P_old,True,derated,False,0.6066112182439776,1.0,91.58444659907789,phase-b1::final::sg-C::S9_compound_unavailable_double_step::P_old::seed-003028,S9_compound_unavailable_double_step,d5freq.phase_b1.compact_episode_audits.v1,3028,C,60.0,unavailable,5.0
P_old,True,derated,False,0.6223635332601958,1.0,179.59025612143708,phase-b1::final::sg-C::S9_compound_unavailable_double_step::P_old::seed-003028,S9_compound_unavailable_double_step,d5freq.phase_b1.compact_episode_audits.v1,3028,C,60.0,unavailable,10.0
P_old,True,derated,False,0.48325438535229476,1.0,215.17443494423816,phase-b1::final::sg-C::S9_compound_unavailable_double_step::P_old::seed-003028,S9_compound_unavailable_double_step,d5freq.phase_b1.compact_episode_audits.v1,3028,C,60.0,unavailable,20.0
P_old,True,derated,False,0.47253302191450053,0.9999997450228708,15.182091730099627,phase-b1::final::sg-C::S9_compound_unavailable_double_step::P_old::seed-003029,S9_compound_unavailable_double_step,d5freq.phase_b1.compact_episode_audits.v1,3029,C,60.0,unavailable,2.0
P_old,True,derated,False,0.6046820941232847,1.0,91.87182356731034,phase-b1::final::sg-C::S9_compound_unavailable_double_step::P_old::seed-003029,S9_compound_unavailable_double_step,d5freq.phase_b1.compact_episode_audits.v1,3029,C,60.0,unavailable,5.0
P_old,True,derated,False,0.6484716662438093,1.0,195.63966488687817,phase-b1::final::sg-C::S9_compound_unavailable_double_step::P_old::seed-003029,S9_compound_unavailable_double_step,d5freq.phase_b1.compact_episode_audits.v1,3029,C,60.0,unavailable,10.0
P_old,True,derated,False,0.542742754449943,1.0,270.67262213714287,phase-b1::final::sg-C::S9_compound_unavailable_double_step::P_old::seed-003029,S9_compound_unavailable_double_step,d5freq.phase_b1.compact_episode_audits.v1,3029,C,60.0,unavailable,20.0
P_old,True,derated,False,0.461944338663596,0.9999994175276286,14.35598350098278,phase-b1::final::sg-C::S9_compound_unavailable_double_step::P_old::seed-003030,S9_compound_unavailable_double_step,d5freq.phase_b1.compact_episode_audits.v1,3030,C,60.0,unavailable,2.0
P_old,True,derated,False,0.6004159049796216,1.0,90.52767498900164,phase-b1::final::sg-C::S9_compound_unavailable_double_step::P_old::seed-003030,S9_compound_unavailable_double_step,d5freq.phase_b1.compact_episode_audits.v1,3030,C,60.0,unavailable,5.0
P_old,True,derated,False,0.6463149844141723,1.0,193.54689677387464,phase-b1::final::sg-C::S9_compound_unavailable_double_step::P_old::seed-003030,S9_compound_unavailable_double_step,d5freq.phase_b1.compact_episode_audits.v1,3030,C,60.0,unavailable,10.0
P_old,True,derated,False,0.6689534127272729,1.0,384.4387126784193,phase-b1::final::sg-C::S9_compound_unavailable_double_step::P_old::seed-003030,S9_compound_unavailable_double_step,d5freq.phase_b1.compact_episode_audits.v1,3030,C,60.0,unavailable,20.0
P_old,True,derated,False,0.48718148440119646,0.9999999169463916,16.303779469421873,phase-b1::final::sg-C::S9_compound_unavailable_double_step::P_old::seed-003031,S9_compound_unavailable_double_step,d5freq.phase_b1.compact_episode_audits.v1,3031,C,60.0,unavailable,2.0
P_old,True,derated,False,0.6105632328099491,1.0,92.65463734490962,phase-b1::final::sg-C::S9_compound_unavailable_double_step::P_old::seed-003031,S9_compound_unavailable_double_step,d5freq.phase_b1.compact_episode_audits.v1,3031,C,60.0,unavailable,5.0
P_old,True,derated,False,0.4859207567545371,1.0,111.15487070441893,phase-b1::final::sg-C::S9_compound_unavailable_double_step::P_old::seed-003031,S9_compound_unavailable_double_step,d5freq.phase_b1.compact_episode_audits.v1,3031,C,60.0,unavailable,10.0
P_old,True,derated,False,0.5353734117110079,1.0,249.22913000687544,phase-b1::final::sg-C::S9_compound_unavailable_double_step::P_old::seed-003031,S9_compound_unavailable_double_step,d5freq.phase_b1.compact_episode_audits.v1,3031,C,60.0,unavailable,20.0
P_old,True,derated,False,0.49703262284697575,0.9999999423610586,16.669067373931355,phase-b1::final::sg-C::S9_compound_unavailable_double_step::P_old::seed-003032,S9_compound_unavailable_double_step,d5freq.phase_b1.compact_episode_audits.v1,3032,C,60.0,unavailable,2.0
P_old,True,derated,False,0.573741562658559,1.0,75.83231807906199,phase-b1::final::sg-C::S9_compound_unavailable_double_step::P_old::seed-003032,S9_compound_unavailable_double_step,d5freq.phase_b1.compact_episode_audits.v1,3032,C,60.0,unavailable,5.0
P_old,True,derated,False,0.45232615481858474,1.0,92.68725262998099,phase-b1::final::sg-C::S9_compound_unavailable_double_step::P_old::seed-003032,S9_compound_unavailable_double_step,d5freq.phase_b1.compact_episode_audits.v1,3032,C,60.0,unavailable,10.0
P_old,True,derated,False,0.5355089526254015,1.0,245.97940327746343,phase-b1::final::sg-C::S9_compound_unavailable_double_step::P_old::seed-003032,S9_compound_unavailable_double_step,d5freq.phase_b1.compact_episode_audits.v1,3032,C,60.0,unavailable,20.0
P_old,True,derated,False,0.49298226123653555,0.9999999212348851,16.35679556463047,phase-b1::final::sg-C::S9_compound_unavailable_double_step::P_old::seed-003033,S9_compound_unavailable_double_step,d5freq.phase_b1.compact_episode_audits.v1,3033,C,60.0,unavailable,2.0
P_old,True,derated,False,0.6128839233186715,1.0,92.71092758067365,phase-b1::final::sg-C::S9_compound_unavailable_double_step::P_old::seed-003033,S9_compound_unavailable_double_step,d5freq.phase_b1.compact_episode_audits.v1,3033,C,60.0,unavailable,5.0
P_old,True,derated,False,0.6071014639931668,1.0,172.55280628973537,phase-b1::final::sg-C::S9_compound_unavailable_double_step::P_old::seed-003033,S9_compound_unavailable_double_step,d5freq.phase_b1.compact_episode_audits.v1,3033,C,60.0,unavailable,10.0
P_old,True,derated,False,0.5318936164567795,1.0,255.33471508172312,phase-b1::final::sg-C::S9_compound_unavailable_double_step::P_old::seed-003033,S9_compound_unavailable_double_step,d5freq.phase_b1.compact_episode_audits.v1,3033,C,60.0,unavailable,20.0
P_old,True,derated,False,0.46818029909321324,0.9999996049681117,14.744298950160058,phase-b1::final::sg-C::S9_compound_unavailable_double_step::P_old::seed-003034,S9_compound_unavailable_double_step,d5freq.phase_b1.compact_episode_audits.v1,3034,C,60.0,unavailable,2.0
P_old,True,derated,False,0.43270006474144845,0.9999999999999991,34.57616406407295,phase-b1::final::sg-C::S9_compound_unavailable_double_step::P_old::seed-003034,S9_compound_unavailable_double_step,d5freq.phase_b1.compact_episode_audits.v1,3034,C,60.0,unavailable,5.0
P_old,True,derated,False,0.39224433188716096,1.0,53.125167579898104,phase-b1::final::sg-C::S9_compound_unavailable_double_step::P_old::seed-003034,S9_compound_unavailable_double_step,d5freq.phase_b1.compact_episode_audits.v1,3034,C,60.0,unavailable,10.0
P_old,True,derated,False,0.5299447733859256,1.0,229.3738636915305,phase-b1::final::sg-C::S9_compound_unavailable_double_step::P_old::seed-003034,S9_compound_unavailable_double_step,d5freq.phase_b1.compact_episode_audits.v1,3034,C,60.0,unavailable,20.0
P_old,True,derated,False,0.492938363323968,0.9999999338346882,16.53110943714323,phase-b1::final::sg-C::S9_compound_unavailable_double_step::P_old::seed-003035,S9_compound_unavailable_double_step,d5freq.phase_b1.compact_episode_audits.v1,3035,C,60.0,unavailable,2.0
P_old,True,derated,False,0.5726891785637644,1.0,76.1023397539589,phase-b1::final::sg-C::S9_compound_unavailable_double_step::P_old::seed-003035,S9_compound_unavailable_double_step,d5freq.phase_b1.compact_episode_audits.v1,3035,C,60.0,unavailable,5.0
P_old,True,derated,False,0.45227865679348334,1.0,93.00481566759045,phase-b1::final::sg-C::S9_compound_unavailable_double_step::P_old::seed-003035,S9_compound_unavailable_double_step,d5freq.phase_b1.compact_episode_audits.v1,3035,C,60.0,unavailable,10.0
P_old,True,derated,False,0.4098837540986355,1.0,132.93924933652656,phase-b1::final::sg-C::S9_compound_unavailable_double_step::P_old::seed-003035,S9_compound_unavailable_double_step,d5freq.phase_b1.compact_episode_audits.v1,3035,C,60.0,unavailable,20.0
P_old,True,derated,False,0.42528457844277356,0.9999890893618025,11.42576135403587,phase-b1::final::sg-C::S9_compound_unavailable_double_step::P_old::seed-003036,S9_compound_unavailable_double_step,d5freq.phase_b1.compact_episode_audits.v1,3036,C,60.0,unavailable,2.0
P_old,True,derated,False,0.5855585751827025,1.0,83.30295858374622,phase-b1::final::sg-C::S9_compound_unavailable_double_step::P_old::seed-003036,S9_compound_unavailable_double_step,d5freq.phase_b1.compact_episode_audits.v1,3036,C,60.0,unavailable,5.0
P_old,True,derated,False,0.6388692506563491,1.0,185.50830292346353,phase-b1::final::sg-C::S9_compound_unavailable_double_step::P_old::seed-003036,S9_compound_unavailable_double_step,d5freq.phase_b1.compact_episode_audits.v1,3036,C,60.0,unavailable,10.0
P_old,True,derated,False,0.5255768737575771,1.0,238.67776430098343,phase-b1::final::sg-C::S9_compound_unavailable_double_step::P_old::seed-003036,S9_compound_unavailable_double_step,d5freq.phase_b1.compact_episode_audits.v1,3036,C,60.0,unavailable,20.0
P_old,True,derated,False,0.45197312375614224,0.9999987081881093,13.559463466872739,phase-b1::final::sg-C::S9_compound_unavailable_double_step::P_old::seed-003037,S9_compound_unavailable_double_step,d5freq.phase_b1.compact_episode_audits.v1,3037,C,60.0,unavailable,2.0
P_old,True,derated,False,0.5964421479708336,1.0,88.82981250895355,phase-b1::final::sg-C::S9_compound_unavailable_double_step::P_old::seed-003037,S9_compound_unavailable_double_step,d5freq.phase_b1.compact_episode_audits.v1,3037,C,60.0,unavailable,5.0
P_old,True,derated,False,0.5688485100893271,1.0,152.21484043603917,phase-b1::final::sg-C::S9_compound_unavailable_double_step::P_old::seed-003037,S9_compound_unavailable_double_step,d5freq.phase_b1.compact_episode_audits.v1,3037,C,60.0,unavailable,10.0
P_old,True,derated,False,0.4767952793738159,1.0,195.99355390790782,phase-b1::final::sg-C::S9_compound_unavailable_double_step::P_old::seed-003037,S9_compound_unavailable_double_step,d5freq.phase_b1.compact_episode_audits.v1,3037,C,60.0,unavailable,20.0
P_old,True,derated,False,0.4270912191025447,0.9999925719651521,11.810241795018651,phase-b1::final::sg-C::S9_compound_unavailable_double_step::P_old::seed-003038,S9_compound_unavailable_double_step,d5freq.phase_b1.compact_episode_audits.v1,3038,C,60.0,unavailable,2.0
P_old,True,derated,False,0.5723137294664786,1.0,76.72997764864913,phase-b1::final::sg-C::S9_compound_unavailable_double_step::P_old::seed-003038,S9_compound_unavailable_double_step,d5freq.phase_b1.compact_episode_audits.v1,3038,C,60.0,unavailable,5.0
P_old,True,derated,False,0.4563381769488231,1.0,93.52333955766167,phase-b1::final::sg-C::S9_compound_unavailable_double_step::P_old::seed-003038,S9_compound_unavailable_double_step,d5freq.phase_b1.compact_episode_audits.v1,3038,C,60.0,unavailable,10.0
P_old,True,derated,False,0.5299141161671158,1.0,239.47502347574886,phase-b1::final::sg-C::S9_compound_unavailable_double_step::P_old::seed-003038,S9_compound_unavailable_double_step,d5freq.phase_b1.compact_episode_audits.v1,3038,C,60.0,unavailable,20.0
P_old,True,derated,False,0.4803034100355365,0.9999998152505082,15.504264842930432,phase-b1::final::sg-C::S9_compound_unavailable_double_step::P_old::seed-003039,S9_compound_unavailable_double_step,d5freq.phase_b1.compact_episode_audits.v1,3039,C,60.0,unavailable,2.0
P_old,True,derated,False,0.5939966043669163,1.0,83.65647814365714,phase-b1::final::sg-C::S9_compound_unavailable_double_step::P_old::seed-003039,S9_compound_unavailable_double_step,d5freq.phase_b1.compact_episode_audits.v1,3039,C,60.0,unavailable,5.0
P_old,True,derated,False,0.4669002629413147,1.0,100.59323286615495,phase-b1::final::sg-C::S9_compound_unavailable_double_step::P_old::seed-003039,S9_compound_unavailable_double_step,d5freq.phase_b1.compact_episode_audits.v1,3039,C,60.0,unavailable,10.0
P_old,True,derated,False,0.5351937396137932,1.0,246.54554212728144,phase-b1::final::sg-C::S9_compound_unavailable_double_step::P_old::seed-003039,S9_compound_unavailable_double_step,d5freq.phase_b1.compact_episode_audits.v1,3039,C,60.0,unavailable,20.0
P_old,True,derated,False,0.4234084761072971,0.9999928887189171,11.853821038651919,phase-b1::final::sg-C::S9_compound_unavailable_double_step::P_old::seed-003040,S9_compound_unavailable_double_step,d5freq.phase_b1.compact_episode_audits.v1,3040,C,60.0,unavailable,2.0
P_old,True,derated,False,0.5849080151112076,1.0,84.57314588191888,phase-b1::final::sg-C::S9_compound_unavailable_double_step::P_old::seed-003040,S9_compound_unavailable_double_step,d5freq.phase_b1.compact_episode_audits.v1,3040,C,60.0,unavailable,5.0
P_old,True,derated,False,0.4905977390470387,1.0,112.15208619396226,phase-b1::final::sg-C::S9_compound_unavailable_double_step::P_old::seed-003040,S9_compound_unavailable_double_step,d5freq.phase_b1.compact_episode_audits.v1,3040,C,60.0,unavailable,10.0
P_old,True,derated,False,0.41064727561724546,1.0,146.81726688238712,phase-b1::final::sg-C::S9_compound_unavailable_double_step::P_old::seed-003040,S9_compound_unavailable_double_step,d5freq.phase_b1.compact_episode_audits.v1,3040,C,60.0,unavailable,20.0
P_old,True,derated,False,0.4346090082886747,0.999990961301657,11.61398634380248,phase-b1::final::sg-C::S9_compound_unavailable_double_step::P_old::seed-003041,S9_compound_unavailable_double_step,d5freq.phase_b1.compact_episode_audits.v1,3041,C,60.0,unavailable,2.0
P_old,True,derated,False,0.3968676830759058,0.9999999998926139,22.954590448722016,phase-b1::final::sg-C::S9_compound_unavailable_double_step::P_old::seed-003041,S9_compound_unavailable_double_step,d5freq.phase_b1.compact_episode_audits.v1,3041,C,60.0,unavailable,5.0
P_old,True,derated,False,0.39505727673748275,1.0,44.1591748392609,phase-b1::final::sg-C::S9_compound_unavailable_double_step::P_old::seed-003041,S9_compound_unavailable_double_step,d5freq.phase_b1.compact_episode_audits.v1,3041,C,60.0,unavailable,10.0
P_old,True,derated,False,0.39499064322751065,1.0,95.50539695456922,phase-b1::final::sg-C::S9_compound_unavailable_double_step::P_old::seed-003041,S9_compound_unavailable_double_step,d5freq.phase_b1.compact_episode_audits.v1,3041,C,60.0,unavailable,20.0
P_old,True,derated,False,0.5199024348628156,0.9999999956754924,19.258967534264748,phase-b1::final::sg-C::S9_compound_unavailable_double_step::P_old::seed-003042,S9_compound_unavailable_double_step,d5freq.phase_b1.compact_episode_audits.v1,3042,C,60.0,unavailable,2.0
P_old,True,derated,False,0.6097783519608887,1.0,88.43029357721996,phase-b1::final::sg-C::S9_compound_unavailable_double_step::P_old::seed-003042,S9_compound_unavailable_double_step,d5freq.phase_b1.compact_episode_audits.v1,3042,C,60.0,unavailable,5.0
P_old,True,derated,False,0.47502407676269887,1.0,105.46335449084444,phase-b1::final::sg-C::S9_compound_unavailable_double_step::P_old::seed-003042,S9_compound_unavailable_double_step,d5freq.phase_b1.compact_episode_audits.v1,3042,C,60.0,unavailable,10.0
P_old,True,derated,False,0.49157616211371985,1.0,205.5388381114758,phase-b1::final::sg-C::S9_compound_unavailable_double_step::P_old::seed-003042,S9_compound_unavailable_double_step,d5freq.phase_b1.compact_episode_audits.v1,3042,C,60.0,unavailable,20.0
P_old,True,derated,False,0.4257546065068194,0.9999908297399439,11.599535742461875,phase-b1::final::sg-C::S9_compound_unavailable_double_step::P_old::seed-003043,S9_compound_unavailable_double_step,d5freq.phase_b1.compact_episode_audits.v1,3043,C,60.0,unavailable,2.0
P_old,True,derated,False,0.541626515060124,1.0,67.18341912615145,phase-b1::final::sg-C::S9_compound_unavailable_double_step::P_old::seed-003043,S9_compound_unavailable_double_step,d5freq.phase_b1.compact_episode_audits.v1,3043,C,60.0,unavailable,5.0
P_old,True,derated,False,0.4361821533497608,1.0,83.93645221459013,phase-b1::final::sg-C::S9_compound_unavailable_double_step::P_old::seed-003043,S9_compound_unavailable_double_step,d5freq.phase_b1.compact_episode_audits.v1,3043,C,60.0,unavailable,10.0
P_old,True,derated,False,0.5290442528070538,1.0,237.73901765359892,phase-b1::final::sg-C::S9_compound_unavailable_double_step::P_old::seed-003043,S9_compound_unavailable_double_step,d5freq.phase_b1.compact_episode_audits.v1,3043,C,60.0,unavailable,20.0
P_old,True,derated,False,0.4568080771538765,0.9999991898704912,14.026070904367208,phase-b1::final::sg-C::S9_compound_unavailable_double_step::P_old::seed-003044,S9_compound_unavailable_double_step,d5freq.phase_b1.compact_episode_audits.v1,3044,C,60.0,unavailable,2.0
P_old,True,derated,False,0.598361652246668,1.0,89.59655272153755,phase-b1::final::sg-C::S9_compound_unavailable_double_step::P_old::seed-003044,S9_compound_unavailable_double_step,d5freq.phase_b1.compact_episode_audits.v1,3044,C,60.0,unavailable,5.0
P_old,True,derated,False,0.5697808442193458,1.0,152.93682617211448,phase-b1::final::sg-C::S9_compound_unavailable_double_step::P_old::seed-003044,S9_compound_unavailable_double_step,d5freq.phase_b1.compact_episode_audits.v1,3044,C,60.0,unavailable,10.0
P_old,True,derated,False,0.5296778750106134,1.0,250.95650841996158,phase-b1::final::sg-C::S9_compound_unavailable_double_step::P_old::seed-003044,S9_compound_unavailable_double_step,d5freq.phase_b1.compact_episode_audits.v1,3044,C,60.0,unavailable,20.0
P_old,True,derated,False,0.46994962106876126,0.9999997079705698,15.04641095930944,phase-b1::final::sg-C::S9_compound_unavailable_double_step::P_old::seed-003045,S9_compound_unavailable_double_step,d5freq.phase_b1.compact_episode_audits.v1,3045,C,60.0,unavailable,2.0
P_old,True,derated,False,0.6036424320490967,1.0,91.62477794267197,phase-b1::final::sg-C::S9_compound_unavailable_double_step::P_old::seed-003045,S9_compound_unavailable_double_step,d5freq.phase_b1.compact_episode_audits.v1,3045,C,60.0,unavailable,5.0
P_old,True,derated,False,0.4829485132502157,1.0,110.16658091702956,phase-b1::final::sg-C::S9_compound_unavailable_double_step::P_old::seed-003045,S9_compound_unavailable_double_step,d5freq.phase_b1.compact_episode_audits.v1,3045,C,60.0,unavailable,10.0
P_old,True,derated,False,0.42686164297026696,1.0,153.22155663465043,phase-b1::final::sg-C::S9_compound_unavailable_double_step::P_old::seed-003045,S9_compound_unavailable_double_step,d5freq.phase_b1.compact_episode_audits.v1,3045,C,60.0,unavailable,20.0
P_old,True,derated,False,0.48168599703032616,0.9999998539928434,15.739610053056985,phase-b1::final::sg-C::S9_compound_unavailable_double_step::P_old::seed-003046,S9_compound_unavailable_double_step,d5freq.phase_b1.compact_episode_audits.v1,3046,C,60.0,unavailable,2.0
P_old,True,derated,False,0.6083598980799384,1.0,92.42076709310564,phase-b1::final::sg-C::S9_compound_unavailable_double_step::P_old::seed-003046,S9_compound_unavailable_double_step,d5freq.phase_b1.compact_episode_audits.v1,3046,C,60.0,unavailable,5.0
P_old,True,derated,False,0.6503075506345455,1.0,196.1176765928655,phase-b1::final::sg-C::S9_compound_unavailable_double_step::P_old::seed-003046,S9_compound_unavailable_double_step,d5freq.phase_b1.compact_episode_audits.v1,3046,C,60.0,unavailable,10.0
P_old,True,derated,False,0.6709501504300152,1.0,387.0519595584408,phase-b1::final::sg-C::S9_compound_unavailable_double_step::P_old::seed-003046,S9_compound_unavailable_double_step,d5freq.phase_b1.compact_episode_audits.v1,3046,C,60.0,unavailable,20.0
P_old,True,derated,False,0.5150356766786545,0.9999972168456547,12.791922833744891,phase-b1::final::sg-C::S9_compound_unavailable_double_step::P_old::seed-003047,S9_compound_unavailable_double_step,d5freq.phase_b1.compact_episode_audits.v1,3047,C,60.0,unavailable,2.0
P_old,True,derated,False,0.621663272940003,1.0,88.11849005676069,phase-b1::final::sg-C::S9_compound_unavailable_double_step::P_old::seed-003047,S9_compound_unavailable_double_step,d5freq.phase_b1.compact_episode_audits.v1,3047,C,60.0,unavailable,5.0
P_old,True,derated,False,0.544104518457869,1.0,133.45395308405077,phase-b1::final::sg-C::S9_compound_unavailable_double_step::P_old::seed-003047,S9_compound_unavailable_double_step,d5freq.phase_b1.compact_episode_audits.v1,3047,C,60.0,unavailable,10.0
P_old,True,derated,False,0.5304998603641883,1.0,240.7261506078874,phase-b1::final::sg-C::S9_compound_unavailable_double_step::P_old::seed-003047,S9_compound_unavailable_double_step,d5freq.phase_b1.compact_episode_audits.v1,3047,C,60.0,unavailable,20.0
P_old,True,derated,False,0.48195347879849015,0.9999998469192998,15.692300448667433,phase-b1::final::sg-C::S9_compound_unavailable_double_step::P_old::seed-003048,S9_compound_unavailable_double_step,d5freq.phase_b1.compact_episode_audits.v1,3048,C,60.0,unavailable,2.0
P_old,True,derated,False,0.6084584408164327,1.0,92.0723894062598,phase-b1::final::sg-C::S9_compound_unavailable_double_step::P_old::seed-003048,S9_compound_unavailable_double_step,d5freq.phase_b1.compact_episode_audits.v1,3048,C,60.0,unavailable,5.0
P_old,True,derated,False,0.6503448790979325,1.0,195.39769973411785,phase-b1::final::sg-C::S9_compound_unavailable_double_step::P_old::seed-003048,S9_compound_unavailable_double_step,d5freq.phase_b1.compact_episode_audits.v1,3048,C,60.0,unavailable,10.0
P_old,True,derated,False,0.6709685768393739,1.0,386.3087089695258,phase-b1::final::sg-C::S9_compound_unavailable_double_step::P_old::seed-003048,S9_compound_unavailable_double_step,d5freq.phase_b1.compact_episode_audits.v1,3048,C,60.0,unavailable,20.0
P_old,True,derated,False,0.5191447429419741,0.9999999980094167,20.034838187066015,phase-b1::final::sg-C::S9_compound_unavailable_double_step::P_old::seed-003049,S9_compound_unavailable_double_step,d5freq.phase_b1.compact_episode_audits.v1,3049,C,60.0,unavailable,2.0
P_old,True,derated,False,0.6233837696042019,1.0,97.19843646672652,phase-b1::final::sg-C::S9_compound_unavailable_double_step::P_old::seed-003049,S9_compound_unavailable_double_step,d5freq.phase_b1.compact_episode_audits.v1,3049,C,60.0,unavailable,5.0
P_old,True,derated,False,0.6578027852661875,1.0,200.5137601746091,phase-b1::final::sg-C::S9_compound_unavailable_double_step::P_old::seed-003049,S9_compound_unavailable_double_step,d5freq.phase_b1.compact_episode_audits.v1,3049,C,60.0,unavailable,10.0
P_old,True,derated,False,0.6746975160355344,1.0,391.4240575814687,phase-b1::final::sg-C::S9_compound_unavailable_double_step::P_old::seed-003049,S9_compound_unavailable_double_step,d5freq.phase_b1.compact_episode_audits.v1,3049,C,60.0,unavailable,20.0
