point_id,period_s,sg_tension,load_magnitude_pu,power_spread_pu,ramp_spread_pu_per_s,delay_spread_s,noise_std_pu,soc,tie_loading_pu,objective,candidate_count,robust_cost,perfect_information_cost,perfect_information_value,heuristic_value,maximum_safe_probe_upper_value,maximum_exact_probe_value,region,selected_probe_id,no_probe_reason,registered_probe_count,safe_probe_count,evaluated_probe_count,all_safe_probes_evaluated,solver_attempts,solver_failures,elapsed_s
B1_LHS_0000,2.0,low,0.058017062333801384,0.019943338921267508,0.01793953494557916,0.8640511436703168,0.001775804505338217,0.5372238537263774,0.0003855524941987266,balanced,8,3.593196460726815,3.5931970977392957,-6.37012480542154e-07,0.030465785621644648,-inf,nan,ZERO_VALUE_PROVED,,REGISTERED_PERFECT_INFORMATION_VALUE_NONPOSITIVE,180,180,0,False,9,0,2.436552800005302
B1_LHS_0001,2.0,low,0.030546106016530405,0.009107633753714747,0.034710515940804786,1.1669735501212724,0.0006092654796310013,0.3265708816531203,0.016810506261736254,regional_responsibility,8,1.934946945828789,1.9349469423075587,3.5212301963127857e-09,0.04382853633506184,-inf,nan,ZERO_VALUE_PROVED,,REGISTERED_PERFECT_INFORMATION_VALUE_NONPOSITIVE,180,180,0,False,9,0,3.085271499992814
B1_LHS_0002,4.0,medium,0.0703088695558454,0.0064325784338934286,0.004896966334854091,0.28954092259588343,0.0005761032523548046,0.6983701457566165,0.03502251691197246,resource_economy,8,12.086900432626063,12.085634565627068,0.0012658669989953353,0.017302071168329495,-inf,nan,ZERO_VALUE_OBSERVED_NOT_PROVED,,UNEVALUATED_SAFE_PROBES_REMAIN,60,60,0,False,9,0,1.9945780000125524
B1_LHS_0003,2.0,medium,0.0629062309086939,0.018952761388618077,0.034622387648370063,0.34395971221066224,0.0018697696146579973,0.4343158960643215,0.002540746185743181,balanced,8,4.258418952333573,4.258418955968397,-3.634823997344938e-09,0.01377991084279867,-inf,nan,ZERO_VALUE_PROVED,,REGISTERED_PERFECT_INFORMATION_VALUE_NONPOSITIVE,180,180,0,False,9,0,4.209698599996045
B1_LHS_0004,4.0,medium,0.06530884659816122,0.03327223131549462,0.030143598508566762,0.21494260967881934,0.0007513342547656318,0.305739868505329,0.02438644439338535,regional_responsibility,8,12.419379896330874,12.419379878908645,1.742222899281387e-08,3.657515586114393e-06,-inf,nan,ZERO_VALUE_OBSERVED_NOT_PROVED,,UNEVALUATED_SAFE_PROBES_REMAIN,60,60,0,False,9,0,1.8924712000007275
B1_LHS_0005,4.0,medium,0.06783399320510322,0.02421160446831227,0.0224111175718604,0.7251228601683771,0.0010961467314509477,0.5298773060010021,0.037324289525719,resource_economy,8,11.589774921693412,11.586665724811217,0.003109196882194354,0.027622685260312134,-inf,nan,ZERO_VALUE_OBSERVED_NOT_PROVED,,UNEVALUATED_SAFE_PROBES_REMAIN,60,60,0,False,9,0,1.848213899997063
B1_LHS_0006,2.0,low,0.06114265452184606,0.01960299115638619,0.02951539913217906,1.2281068612859987,0.000932966636622593,0.6322121986124436,0.006993697622179663,balanced,8,4.1323429235530424,4.1323429366509234,-1.3097881002011036e-08,0.045697948589801696,-inf,nan,ZERO_VALUE_PROVED,,REGISTERED_PERFECT_INFORMATION_VALUE_NONPOSITIVE,180,180,0,False,9,0,2.2824662000057288
B1_LHS_0007,2.0,high,0.03468345544161276,0.011753979798768853,0.013296787675316725,1.1914350515661105,0.0012730159239598192,0.6894951702427433,0.019190775540433438,regional_responsibility,8,2.5035205466094497,2.503520535682497,1.0926952676015844e-08,0.05276405936491281,-inf,nan,ZERO_VALUE_OBSERVED_NOT_PROVED,,UNEVALUATED_SAFE_PROBES_REMAIN,180,180,0,False,9,0,2.222822100011399
B1_LHS_0008,2.0,medium,0.016183656425729286,0.013920479430851325,0.02651108335638344,1.1235794775847119,0.0015735632592384853,0.4711625004982253,0.03211015642922123,resource_economy,8,1.785590586815882,1.78548329611085,0.00010729070503190385,0.06231064838749283,-inf,nan,ZERO_VALUE_OBSERVED_NOT_PROVED,,UNEVALUATED_SAFE_PROBES_REMAIN,180,180,0,False,9,0,2.246461500006262
B1_LHS_0009,2.0,low,0.02451210353157629,0.006391356589640404,0.015557512738010548,0.5442925233991809,0.001755113627813475,0.365932256149763,0.01125765380880623,balanced,8,0.8588123392617147,0.8588123701981158,-3.09364011075175e-08,0.008002189652796601,-inf,nan,ZERO_VALUE_PROVED,,REGISTERED_PERFECT_INFORMATION_VALUE_NONPOSITIVE,180,180,0,False,9,0,2.291285200015409
B1_LHS_0010,2.0,medium,0.030405580685503017,0.0005141949514943008,0.014491855127414917,0.5991472622251728,0.00188636336860564,0.4583733189397714,0.025601161500354915,regional_responsibility,8,2.7483849232211015,2.7483849175595383,5.661563218239962e-09,0.027037650280327844,-inf,nan,ZERO_VALUE_PROVED,,REGISTERED_PERFECT_INFORMATION_VALUE_NONPOSITIVE,180,180,0,False,9,0,2.2649336000031326
B1_LHS_0011,4.0,low,0.028448644267488103,0.03093227293046996,0.034223501529664774,0.9523060363181313,0.0009990699833077946,0.4746170687910669,0.013379549969415068,resource_economy,8,1.9142699981103204,1.9142699937549026,4.355417804191575e-09,-0.0041826205504573635,-inf,nan,ZERO_VALUE_PROVED,,REGISTERED_PERFECT_INFORMATION_VALUE_NONPOSITIVE,60,60,0,False,9,0,1.068794799997704
B1_LHS_0012,4.0,low,0.060419132616594214,0.0335201129923676,0.02565713148328014,0.723209854322413,0.001779579337905603,0.420717541125496,0.020727194291112628,balanced,8,8.064607775298578,8.064607769690017,5.608560726955147e-09,0.008262344798345674,-inf,nan,ZERO_VALUE_PROVED,,REGISTERED_PERFECT_INFORMATION_VALUE_NONPOSITIVE,60,60,0,False,9,0,1.0738205999950878
B1_LHS_0013,2.0,medium,0.06493269887161833,0.016558189329145146,0.009737254323294477,0.6248602262214373,0.0013208970261038527,0.5090756274158672,0.009575861088317594,regional_responsibility,8,5.942765598157968,5.942765579593682,1.856428610835792e-08,0.044072906520725666,-inf,nan,ZERO_VALUE_OBSERVED_NOT_PROVED,,UNEVALUATED_SAFE_PROBES_REMAIN,180,180,0,False,9,0,2.3214562000066508
B1_LHS_0014,4.0,low,0.03627871826942014,0.025921139744146032,0.023326563774501426,0.2500162219712503,0.0011690631213186584,0.38379091381779157,0.025334250751602987,resource_economy,8,3.6434519653830346,3.643451966341665,-9.586305083075786e-10,-0.006013653221015872,-inf,nan,ZERO_VALUE_PROVED,,REGISTERED_PERFECT_INFORMATION_VALUE_NONPOSITIVE,60,60,0,False,9,0,1.135829000006197
B1_LHS_0015,4.0,low,0.07224701000564533,0.012236776854814035,0.002683420110100795,1.0426893198666103,0.0016022109656651299,0.3027097959855387,0.006699385500772671,balanced,8,10.365573609267106,10.36557360985959,-5.924842838567201e-10,0.011678455702073978,-inf,nan,ZERO_VALUE_PROVED,,REGISTERED_PERFECT_INFORMATION_VALUE_NONPOSITIVE,60,60,0,False,9,0,1.1479776999913156
B1_LHS_0016,4.0,medium,0.04793442361452157,0.009011189369596611,0.028947055118850294,0.8807244833915123,0.0018568410885940747,0.498725048184349,0.011042950698959851,regional_responsibility,8,6.1365498273758865,6.136549817380525,9.995361871517616e-09,0.009977041949748189,-inf,nan,ZERO_VALUE_PROVED,,REGISTERED_PERFECT_INFORMATION_VALUE_NONPOSITIVE,60,60,0,False,9,0,1.0668433000100777
B1_LHS_0017,4.0,low,0.036376622680301424,0.022208093216638067,0.026187741125852083,0.27631671290075843,0.0009796052573306977,0.6968950732057573,0.014304058359029495,resource_economy,8,2.9875949837542186,2.987594976952009,6.802209462364317e-09,-0.005121143552865581,-inf,nan,ZERO_VALUE_PROVED,,REGISTERED_PERFECT_INFORMATION_VALUE_NONPOSITIVE,60,60,0,False,9,0,1.0726540999894496
B1_LHS_0018,2.0,medium,0.0641755075126142,0.020856069450612108,0.024643412103513597,0.933810134493707,0.001999012433136078,0.48442230439019635,0.02808716172506926,balanced,8,5.765790468124359,5.765790454158417,1.3965942180504953e-08,0.05583406975377642,-inf,nan,ZERO_VALUE_OBSERVED_NOT_PROVED,,UNEVALUATED_SAFE_PROBES_REMAIN,180,180,0,False,9,0,2.258472499990603
B1_LHS_0019,2.0,high,0.07393331335877654,0.004274323962722443,0.013791069237819448,0.6731178649263482,0.0010500615068229006,0.38053802856545604,0.02828998265226858,regional_responsibility,8,9.379017608681009,9.379017601979422,6.70158684101807e-09,0.07052243537414912,-inf,nan,ZERO_VALUE_PROVED,,REGISTERED_PERFECT_INFORMATION_VALUE_NONPOSITIVE,180,180,0,False,9,0,2.3405029000132345
B1_LHS_0020,4.0,medium,0.01727203806518228,0.01162524715213879,0.001815638491215725,0.9429501604120833,0.00147517582141565,0.5620323364834187,0.0055699057134166105,resource_economy,8,0.6479190138196702,0.6479189996971751,1.4122495062274254e-08,-0.00457103416909585,-inf,nan,ZERO_VALUE_OBSERVED_NOT_PROVED,,UNEVALUATED_SAFE_PROBES_REMAIN,60,60,0,False,9,0,1.0730872999993153
B1_LHS_0021,4.0,medium,0.05100955818353938,0.02532194420187917,0.021763616096501247,1.0322161124771898,0.0016863831067063758,0.6367442637098432,0.03628790800462188,balanced,8,7.343680403004805,7.3436804062385574,-3.2337528210746314e-09,0.01740648654033865,-inf,nan,ZERO_VALUE_PROVED,,REGISTERED_PERFECT_INFORMATION_VALUE_NONPOSITIVE,60,60,0,False,9,0,1.0668213999888394
B1_LHS_0022,4.0,medium,0.02187181294523984,0.022117219342085083,0.012228165684519798,0.4629753466698838,0.0009103903817017929,0.5183304332234978,0.03635674981208298,regional_responsibility,8,4.171711382379718,4.171711368113687,1.4266031023169035e-08,0.0015901435318073746,-inf,nan,ZERO_VALUE_OBSERVED_NOT_PROVED,,UNEVALUATED_SAFE_PROBES_REMAIN,60,60,0,False,9,0,1.0584330999990925
B1_LHS_0023,2.0,medium,0.06122570365627826,0.0013467790941135295,0.02747781771163303,0.7460153900947696,0.001577064056785794,0.4334038308621591,0.0034287462935565435,resource_economy,8,4.824533798786767,4.824533806821853,-8.035085485857962e-09,0.039570616187834924,-inf,nan,ZERO_VALUE_PROVED,,REGISTERED_PERFECT_INFORMATION_VALUE_NONPOSITIVE,180,180,0,False,9,0,2.2921339999884367
B1_LHS_0024,4.0,medium,0.07343279820334993,0.03302140042712646,0.015935159354328512,0.36010511661826383,0.001893406480285907,0.3034300148681225,0.022606926588399752,balanced,8,11.692508010407321,11.69250800926742,1.1399006183410165e-09,0.002216603766037977,-inf,nan,ZERO_VALUE_PROVED,,REGISTERED_PERFECT_INFORMATION_VALUE_NONPOSITIVE,60,60,0,False,9,0,1.0721431999991182
B1_LHS_0025,2.0,medium,0.023915805877796553,0.01805036243943419,0.018788209688670465,0.41065170657576866,0.0011228245879842174,0.3232928951006737,0.0210475524461737,regional_responsibility,8,1.7823284658662013,1.7823284703378026,-4.471601311450968e-09,0.01208136466361121,-inf,nan,ZERO_VALUE_PROVED,,REGISTERED_PERFECT_INFORMATION_VALUE_NONPOSITIVE,180,180,0,False,9,0,2.3171206999977585
B1_LHS_0026,2.0,medium,0.042392455092416514,0.030564575693866197,0.006481598215254059,0.45549860962678895,0.0006373088710261609,0.4135716096225018,0.00842698133768073,resource_economy,8,2.4515591883974395,2.4515591902213467,-1.823907247455736e-09,0.020233992834990815,-inf,nan,ZERO_VALUE_PROVED,,REGISTERED_PERFECT_INFORMATION_VALUE_NONPOSITIVE,180,180,0,False,9,0,2.2442359999986365
B1_LHS_0027,4.0,low,0.07115790772227834,0.024627461900184534,0.033292338368845605,1.084520798787909,0.0005187035497433938,0.5472017415526418,0.03565737077611552,balanced,8,12.30814020036938,12.308140204734302,-4.364922645549996e-09,0.024728226591644406,-inf,nan,ZERO_VALUE_PROVED,,REGISTERED_PERFECT_INFORMATION_VALUE_NONPOSITIVE,60,60,0,False,9,0,1.0601082000066526
B1_LHS_0028,4.0,medium,0.03163531469702685,0.017835195101711176,0.014197177127438093,0.5958176850162334,0.0014670094156655912,0.6244472339441849,0.013533967345466835,regional_responsibility,8,3.027025697387678,3.0270256906122115,6.775466410147146e-09,0.0024730528372532657,-inf,nan,ZERO_VALUE_PROVED,,REGISTERED_PERFECT_INFORMATION_VALUE_NONPOSITIVE,60,60,0,False,9,0,1.0523417000076734
B1_LHS_0029,4.0,low,0.044159825425648475,0.0037747413714780222,0.015388243830765506,0.30048405095341013,0.0011469525581593236,0.6528251368424711,0.01475442183648055,resource_economy,8,4.261244563336401,4.261244547305645,1.6030756277984892e-08,-0.0047174471886131,-inf,nan,ZERO_VALUE_OBSERVED_NOT_PROVED,,UNEVALUATED_SAFE_PROBES_REMAIN,60,60,0,False,9,0,1.034199699992314
B1_LHS_0030,2.0,medium,0.05646224316733839,0.021875933741314767,0.03437810236924256,0.6106535554629187,0.0010388082332045958,0.5808545789448606,0.013645387655275657,balanced,8,3.7904057415300687,3.7904057361120813,5.4179873920645605e-09,0.025453322749161483,-inf,nan,ZERO_VALUE_PROVED,,REGISTERED_PERFECT_INFORMATION_VALUE_NONPOSITIVE,180,180,0,False,9,0,2.2481149999948684
B1_LHS_0031,4.0,low,0.06953650846773204,0.012159846466607192,0.020550498644773523,1.2325863129675594,0.0015359521653203572,0.478307723523593,0.02776964624399323,regional_responsibility,8,14.332578258168091,14.332578270827337,-1.2659246095836352e-08,0.03153560628373574,-inf,nan,ZERO_VALUE_PROVED,,REGISTERED_PERFECT_INFORMATION_VALUE_NONPOSITIVE,60,60,0,False,9,0,1.0687077000038698
B1_LHS_0032,2.0,medium,0.029694121767321398,0.031245057509841155,0.007513111180971577,1.1550994519479427,0.0018887586971841023,0.6313863291937436,0.03647556255752268,resource_economy,8,3.0810588783572395,3.0810588778959067,4.613327497793307e-10,0.0911351954445964,-inf,nan,ZERO_VALUE_PROVED,,REGISTERED_PERFECT_INFORMATION_VALUE_NONPOSITIVE,180,180,0,False,9,0,2.273136700008763
B1_LHS_0033,4.0,medium,0.02495660540080684,0.03426327602902802,0.03457284854836491,0.1797680880413162,0.001285024345729041,0.4067040214517749,0.004917357425587541,balanced,8,1.2829805033864132,1.2829805052845875,-1.8981742844204064e-09,-0.004410219759359208,-inf,nan,ZERO_VALUE_PROVED,,REGISTERED_PERFECT_INFORMATION_VALUE_NONPOSITIVE,60,60,0,False,9,0,1.1222880999848712
B1_LHS_0034,2.0,medium,0.019940356403637925,0.018190307311390055,0.00474315877538542,0.04834796784474062,0.0013932366381609563,0.6123134964619131,0.024865823389268234,regional_responsibility,8,1.91011859014825,1.9101185768986078,1.3249642272228357e-08,-0.00273010599333189,-inf,nan,ZERO_VALUE_OBSERVED_NOT_PROVED,,UNEVALUATED_SAFE_PROBES_REMAIN,180,180,0,False,9,0,2.4256060000043362
B1_LHS_0035,4.0,low,0.026180670212839038,3.4080633412886908e-06,0.029875346100258784,0.761364775379182,0.0008253964040554165,0.5561928019465087,0.01715891910512418,resource_economy,8,1.8388054895811203,1.8388054816226225,7.95849786072722e-09,-0.004158797631719134,-inf,nan,ZERO_VALUE_PROVED,,REGISTERED_PERFECT_INFORMATION_VALUE_NONPOSITIVE,60,60,0,False,9,0,1.1196119000087492
B1_LHS_0036,4.0,low,0.04890268954004569,0.02977216704219411,0.0314117447269196,1.029232176487318,0.0013288360675676198,0.45181037843689764,0.005073092355981925,balanced,8,4.764804197782583,4.764804178814915,1.8967668324876286e-08,0.005929755841667445,-inf,nan,ZERO_VALUE_OBSERVED_NOT_PROVED,,UNEVALUATED_SAFE_PROBES_REMAIN,60,60,0,False,9,0,1.0635368000075687
B1_LHS_0037,4.0,high,0.05119874864888307,0.013134082204638695,0.019974984399294807,1.1799106579544398,0.0010403498596275366,0.34127190987146283,0.015938672347045532,regional_responsibility,8,7.332379308711424,7.332379285972382,2.273904176064434e-08,0.016725385737159384,-inf,nan,ZERO_VALUE_OBSERVED_NOT_PROVED,,UNEVALUATED_SAFE_PROBES_REMAIN,60,60,0,False,9,0,1.047244800021872
B1_LHS_0038,4.0,high,0.06673422467477234,0.02691122126299617,0.015185825992345423,0.5601375390608684,0.0008702278860451146,0.6679238990760508,0.021602759112689097,resource_economy,8,9.763463895813603,9.762184305083682,0.0012795907299203435,0.0174071847228668,-inf,nan,ZERO_VALUE_OBSERVED_NOT_PROVED,,UNEVALUATED_SAFE_PROBES_REMAIN,60,60,0,False,9,0,1.0635808999941219
B1_LHS_0039,4.0,low,0.0744378961181556,0.02381326290372855,0.033649598044575166,0.7550867105627475,0.00085937324233343,0.33179240910074453,0.038337076787714204,balanced,8,13.593660969516089,13.593660987456909,-1.794082038486522e-08,0.017926078648530856,-inf,nan,ZERO_VALUE_PROVED,,REGISTERED_PERFECT_INFORMATION_VALUE_NONPOSITIVE,60,60,0,False,9,0,1.1424887999892235
B1_LHS_0040,2.0,high,0.043296844155217624,0.03185986968583227,0.03218011589386758,0.8697590939547235,0.0014052610107035826,0.35461276790646773,0.03792025496237658,regional_responsibility,8,5.811049688749785,5.811049671681391,1.7068393809438476e-08,0.06933982567533825,-inf,nan,ZERO_VALUE_OBSERVED_NOT_PROVED,,UNEVALUATED_SAFE_PROBES_REMAIN,180,180,0,False,9,0,2.3803202000271995
B1_LHS_0041,4.0,low,0.016081177504594337,0.010691026290911928,0.032725730013847855,0.6619780869718526,0.0010621463555351633,0.3040570133923786,0.027611356265734174,resource_economy,8,1.5827133305329466,1.582713336629788,-6.096841476121995e-09,-0.00466175918726034,-inf,nan,ZERO_VALUE_PROVED,,REGISTERED_PERFECT_INFORMATION_VALUE_NONPOSITIVE,60,60,0,False,9,0,1.0601077000028454
B1_LHS_0042,4.0,medium,0.06279900777897968,0.014283806281971598,0.02980690229496501,0.3078460978679138,0.0017178664664781198,0.5547369977893678,0.03758476343204396,balanced,8,10.247328092084276,10.247328104383222,-1.229894586174396e-08,0.0006156153217892063,-inf,nan,ZERO_VALUE_PROVED,,REGISTERED_PERFECT_INFORMATION_VALUE_NONPOSITIVE,60,60,0,False,9,0,1.0558148999989498
B1_LHS_0043,2.0,low,0.06866210556782547,0.0070151511742751055,0.01454079643188857,0.22976441571939865,0.0005149890683874555,0.36722839944103314,0.006624454478061811,regional_responsibility,8,6.4738584212693535,6.473858416712223,4.557130672822041e-09,0.01631086005231398,-inf,nan,ZERO_VALUE_PROVED,,REGISTERED_PERFECT_INFORMATION_VALUE_NONPOSITIVE,180,180,0,False,9,0,2.253014300018549
B1_LHS_0044,2.0,high,0.06627150860940308,0.009461964597598526,0.0040753852884770295,0.8887044168814272,0.001386465895389218,0.3368316273321168,0.032969609085286455,resource_economy,8,7.455634545623247,7.455577288084754,5.725753849272763e-05,0.10350899886777147,-inf,nan,ZERO_VALUE_OBSERVED_NOT_PROVED,,UNEVALUATED_SAFE_PROBES_REMAIN,180,180,0,False,9,0,2.3005137000000104
B1_LHS_0045,2.0,medium,0.032982487793978915,0.002658239482942245,0.020350011502890935,1.0764228935097462,0.0006167847145952353,0.5100883316188997,0.017776980048819894,balanced,8,1.6841870279793594,1.684187025512891,2.466468362882779e-09,0.028748267704328728,-inf,nan,ZERO_VALUE_PROVED,,REGISTERED_PERFECT_INFORMATION_VALUE_NONPOSITIVE,180,180,0,False,9,0,2.2567579000024125
B1_LHS_0046,2.0,low,0.07414842905892766,0.0017139183048116408,0.01804355329713147,0.12206408282225117,0.0015637313355357026,0.6783827883777224,0.01764538224968789,regional_responsibility,8,8.248931156198175,8.248931176906735,-2.070856019997791e-08,0.009162163180469385,-inf,nan,ZERO_VALUE_PROVED,,REGISTERED_PERFECT_INFORMATION_VALUE_NONPOSITIVE,180,180,0,False,9,0,2.278770400007488
B1_LHS_0047,2.0,low,0.0712915196832132,0.027241202886989856,0.02253061954261734,0.3910946068184231,0.0009017451505578043,0.39939876318868356,0.02844281685686413,resource_economy,8,7.949907775406217,7.949867855980174,3.9919426042978046e-05,0.045483813726542185,-inf,nan,ZERO_VALUE_OBSERVED_NOT_PROVED,,UNEVALUATED_SAFE_PROBES_REMAIN,180,180,0,False,9,0,2.2894318000180647
B1_LHS_0048,4.0,low,0.05424306855390942,0.024112756630942696,0.01108290612544319,0.7772124458029678,0.0019276440228257385,0.5448712366458209,0.0049554934777028825,balanced,8,5.840751467737278,5.84075144576915,2.1968128649518803e-08,0.004506069080073483,-inf,nan,ZERO_VALUE_OBSERVED_NOT_PROVED,,UNEVALUATED_SAFE_PROBES_REMAIN,60,60,0,False,9,0,1.0611992999911308
B1_LHS_0049,4.0,low,0.07496520840464038,0.01903700295899991,0.025121529729291124,0.439875531475767,0.0015313329020162534,0.43719326075468257,0.036184613190508044,regional_responsibility,8,17.703829492031566,17.703829431172593,6.085897297225529e-08,0.012994139996402832,-inf,nan,ZERO_VALUE_OBSERVED_NOT_PROVED,,UNEVALUATED_SAFE_PROBES_REMAIN,60,60,0,False,9,0,1.0718356000143103
B1_LHS_0050,4.0,high,0.0681530448145492,0.014343929347488165,0.0009979437055545408,0.39869822480265654,0.0008910871678608084,0.5384623844994735,0.028713227260296584,resource_economy,8,10.782476254270163,10.781158606217536,0.0013176480526269074,0.022659042654942403,-inf,nan,ZERO_VALUE_OBSERVED_NOT_PROVED,,UNEVALUATED_SAFE_PROBES_REMAIN,60,60,0,False,9,0,1.0622044999909122
B1_LHS_0051,4.0,medium,0.06637851259071903,0.0062330817636961355,0.003539218973819237,0.5252311524641762,0.000676504148929396,0.590942351701399,0.014149307523253607,balanced,8,9.137309818729918,9.13730976623792,5.24919983035943e-08,0.0041943753254234245,-inf,nan,ZERO_VALUE_OBSERVED_NOT_PROVED,,UNEVALUATED_SAFE_PROBES_REMAIN,60,60,0,False,9,0,1.123071500012884
B1_LHS_0052,2.0,medium,0.05347946184521165,0.020168496371532434,0.022213756278889062,1.0978791424956773,0.0015399874041816869,0.4604953301153795,0.022715906252271642,regional_responsibility,8,5.133271309575365,5.133271298621102,1.0954263274243203e-08,0.07603938061660849,-inf,nan,ZERO_VALUE_OBSERVED_NOT_PROVED,,UNEVALUATED_SAFE_PROBES_REMAIN,180,180,0,False,9,0,2.3053822000219952
B1_LHS_0053,2.0,medium,0.01965501111647708,0.012643041952497784,0.03035993162735686,0.5196367382897941,0.0012734712934256102,0.5059011029787405,0.0060673431633776614,resource_economy,8,0.563928168888602,0.5639281877795468,-1.889094480844733e-08,0.009780122690305091,-inf,nan,ZERO_VALUE_PROVED,,REGISTERED_PERFECT_INFORMATION_VALUE_NONPOSITIVE,180,180,0,False,9,0,2.439108800026588
B1_LHS_0054,4.0,low,0.04851239434539159,0.014968245730720807,0.0059349492444491555,0.24728591630174757,0.000988936268295262,0.5896722179448882,0.01611606792077802,balanced,8,5.168817882497745,5.168817885192522,-2.6947768461127453e-09,-0.002834843101855219,-inf,nan,ZERO_VALUE_PROVED,,REGISTERED_PERFECT_INFORMATION_VALUE_NONPOSITIVE,60,60,0,False,9,0,1.1248420999909285
B1_LHS_0055,4.0,high,0.04025630808145951,0.03333368696156152,0.03240491618443029,0.9875587672662842,0.001298785783703931,0.5336829880128463,0.0219593829508025,regional_responsibility,8,5.361874369113194,5.361874335872182,3.324101172097471e-08,0.012619893872663594,-inf,nan,ZERO_VALUE_OBSERVED_NOT_PROVED,,UNEVALUATED_SAFE_PROBES_REMAIN,60,60,0,False,9,0,1.079601100005675
B1_LHS_0056,4.0,low,0.04585098031427076,0.0072481041006534925,0.026596029683055085,0.9299257651735938,0.0018556083297928175,0.4382151764703488,0.01109764791942495,resource_economy,8,4.391851630226204,4.391851615522775,1.4703428696805076e-08,-0.003288418711681382,-inf,nan,ZERO_VALUE_OBSERVED_NOT_PROVED,,UNEVALUATED_SAFE_PROBES_REMAIN,60,60,0,False,9,0,1.0793749000004027
B1_LHS_0057,4.0,high,0.027885255506031204,0.021072203085143244,0.029303302667608434,0.3404602602708273,0.000655479808822383,0.6901863265449273,0.0106957270328893,balanced,8,1.7573795878384708,1.7573795829914847,4.846986145778942e-09,-0.0031475077032842463,-inf,nan,ZERO_VALUE_PROVED,,REGISTERED_PERFECT_INFORMATION_VALUE_NONPOSITIVE,60,60,0,False,9,0,1.0547728999808896
B1_LHS_0058,2.0,high,0.026323975294334,0.006804791775388648,0.01315786439924124,0.07098847044765376,0.0018723807725317134,0.46652857302412953,0.021914191754449582,regional_responsibility,8,2.0358820994630205,2.035882098831444,6.315765688214015e-10,-0.0012394102552318324,-inf,nan,ZERO_VALUE_PROVED,,REGISTERED_PERFECT_INFORMATION_VALUE_NONPOSITIVE,180,180,0,False,9,0,2.3667820999980904
B1_LHS_0059,2.0,medium,0.023033534732329226,0.02315293566892655,0.012372238292282324,0.8749971498798843,0.0019230006787498755,0.34956084327369047,0.014429273668709811,resource_economy,8,1.015083870021149,1.015083929780847,-5.975969785687596e-08,0.02909727690892665,-inf,nan,ZERO_VALUE_PROVED,,REGISTERED_PERFECT_INFORMATION_VALUE_NONPOSITIVE,180,180,0,False,9,0,2.4169510999927297
B1_LHS_0060,2.0,low,0.07080684197583013,0.009804104505722454,0.010696577275396276,0.945297810829577,0.0005532006855931867,0.32431708639479767,0.03553309600714,balanced,8,7.474018023500474,7.474018022958501,5.419726889499543e-10,0.06969233222599511,-inf,nan,ZERO_VALUE_PROVED,,REGISTERED_PERFECT_INFORMATION_VALUE_NONPOSITIVE,180,180,0,False,9,0,2.315815300011309
B1_LHS_0061,4.0,medium,0.021544163690597615,0.029261911576766872,0.03182107091539786,0.2535312953310612,0.0009469156143251502,0.4154053303216543,0.038578303486599165,regional_responsibility,8,4.482690166468331,4.482690160913786,5.5545452681826646e-09,-0.003489097353229868,-inf,nan,ZERO_VALUE_PROVED,,REGISTERED_PERFECT_INFORMATION_VALUE_NONPOSITIVE,60,60,0,False,9,0,1.151468099997146
B1_LHS_0062,2.0,medium,0.0634811188572461,0.01623322036722579,0.03192202424637491,0.3371645078119705,0.0014236420416320053,0.35790754748779796,0.006385471798808107,resource_economy,8,5.2605874071169225,5.260587385237269,2.1879653644418795e-08,0.02107024577523351,-inf,nan,ZERO_VALUE_OBSERVED_NOT_PROVED,,UNEVALUATED_SAFE_PROBES_REMAIN,180,180,0,False,9,0,2.463016299996525
B1_LHS_0063,4.0,high,0.039931360246894004,0.02349437410123996,0.03202715938059757,1.0116675063311997,0.0008934008205404308,0.3166615876473327,0.001003975302809469,balanced,8,3.113162726043129,3.1131626874479803,3.859514885462545e-08,0.003074237792409765,-inf,nan,ZERO_VALUE_OBSERVED_NOT_PROVED,,UNEVALUATED_SAFE_PROBES_REMAIN,60,60,0,False,9,0,1.104427999991458
B1_LHS_0064,4.0,low,0.04018807553677728,0.03347886056866809,0.0028409262316211573,1.0042604764766645,0.001635519668115736,0.4706750139650486,0.032330895634370804,regional_responsibility,8,6.663772086179362,6.663772060624609,2.5554752980383455e-08,0.017175514639632208,-inf,nan,ZERO_VALUE_OBSERVED_NOT_PROVED,,UNEVALUATED_SAFE_PROBES_REMAIN,60,60,0,False,9,0,1.0809776999813039
B1_LHS_0065,4.0,high,0.06793901259079574,0.03410097868996199,0.012790827963224465,0.9700233162981149,0.0019116227911317838,0.38751950647494715,0.0056788757882445876,resource_economy,8,9.200848070435546,9.200369576439186,0.0004784939963595747,0.014616562480376063,-inf,nan,ZERO_VALUE_OBSERVED_NOT_PROVED,,UNEVALUATED_SAFE_PROBES_REMAIN,60,60,0,False,9,0,1.0687286999891512
B1_LHS_0066,4.0,high,0.06471016047079226,0.0007177301306210246,0.027371557738153585,0.11228208941665267,0.0005116659059198637,0.5064363771700383,0.03801677671001243,balanced,8,10.796289154547578,10.796289130837742,2.3709835872409712e-08,-0.00653568034521625,-inf,nan,ZERO_VALUE_OBSERVED_NOT_PROVED,,UNEVALUATED_SAFE_PROBES_REMAIN,60,60,0,False,9,0,1.1381420000107028
B1_LHS_0067,4.0,low,0.06757214254864317,0.0015554450339366412,0.025930022114667946,0.4192985425337454,0.0016451521977010174,0.39603285248503206,0.035874625965694754,regional_responsibility,8,14.933003434951484,14.933003390209699,4.474178538771412e-08,0.010352590262721537,-inf,nan,ZERO_VALUE_OBSERVED_NOT_PROVED,,UNEVALUATED_SAFE_PROBES_REMAIN,60,60,0,False,9,0,1.1978125000023283
B1_LHS_0068,4.0,medium,0.06592405914447938,0.03445077419860053,0.026884265985747835,0.582594560058792,0.0008456730070893117,0.48174138246538606,0.030904007957033547,resource_economy,8,10.34550009049318,10.343760944792527,0.0017391457006539213,0.018661701525760667,-inf,nan,ZERO_VALUE_OBSERVED_NOT_PROVED,,UNEVALUATED_SAFE_PROBES_REMAIN,60,60,0,False,9,0,1.2114562000206206
B1_LHS_0069,4.0,low,0.07368554507677424,0.010080944109219996,0.020665422757222295,0.30603028125002885,0.0010984833760592674,0.6862785166487417,0.00627846728854176,balanced,8,10.759182935987251,10.759182949529407,-1.3542155841150816e-08,0.00019029637284215337,-inf,nan,ZERO_VALUE_PROVED,,REGISTERED_PERFECT_INFORMATION_VALUE_NONPOSITIVE,60,60,0,False,9,0,1.1153243999870028
B1_LHS_0070,4.0,medium,0.07047222156192026,0.031323009703846716,0.0194625425359395,1.1249156601537236,0.0005562222167865324,0.5245053932523964,0.025879061822161764,regional_responsibility,8,14.400798975813716,14.400798955985149,1.982856723259374e-08,0.02873730664875782,-inf,nan,ZERO_VALUE_OBSERVED_NOT_PROVED,,UNEVALUATED_SAFE_PROBES_REMAIN,60,60,0,False,9,0,1.0629769999941345
B1_LHS_0071,4.0,high,0.056542113066953587,0.030852954265337493,0.009025355563009851,0.8178488824485645,0.0013354952607924128,0.6073490678355311,0.0009148785106299092,resource_economy,8,6.205618474650419,6.205618424806157,4.984426205112413e-08,-0.0013259937143794485,-inf,nan,ZERO_VALUE_OBSERVED_NOT_PROVED,,UNEVALUATED_SAFE_PROBES_REMAIN,60,60,0,False,9,0,1.095661300001666
B1_LHS_0072,2.0,high,0.06703430668479092,0.012038723273944072,0.009345830203146579,0.2854487238078955,0.001362571984216463,0.5284154388715081,0.01817781810997882,balanced,8,5.456785950241091,5.456785953253283,-3.0121922733883366e-09,0.01444136108120778,-inf,nan,ZERO_VALUE_PROVED,,REGISTERED_PERFECT_INFORMATION_VALUE_NONPOSITIVE,180,180,0,False,9,0,2.288784600008512
B1_LHS_0073,4.0,low,0.05031837709641246,0.016090530604856858,0.010225734693560683,1.236284864922965,0.0017706720039785484,0.688623950933178,0.032049662259128565,regional_responsibility,8,9.031490286388038,9.031490295009801,-8.621762859206683e-09,0.02526360943638193,-inf,nan,ZERO_VALUE_PROVED,,REGISTERED_PERFECT_INFORMATION_VALUE_NONPOSITIVE,60,60,0,False,9,0,1.1468875000136904
B1_LHS_0074,2.0,high,0.023801403743621094,0.0011762154880328914,0.015138231044681346,0.12595117382684448,0.0009361607443991307,0.3947488131918716,0.018358586251692243,resource_economy,8,1.2505499008730407,1.250549900441535,4.3150572004435617e-10,0.0019081240409634537,-inf,nan,ZERO_VALUE_PROVED,,REGISTERED_PERFECT_INFORMATION_VALUE_NONPOSITIVE,180,180,0,False,9,0,2.399416400003247
B1_LHS_0075,4.0,medium,0.04631514214707385,0.01669067358650119,0.004690498942116099,0.8917419548363819,0.001165118018192766,0.5016876065673458,0.030366671906307405,balanced,8,5.808481831846774,5.808481789083835,4.276293896765537e-08,0.010986654113109305,-inf,nan,ZERO_VALUE_OBSERVED_NOT_PROVED,,UNEVALUATED_SAFE_PROBES_REMAIN,60,60,0,False,9,0,1.1036289999901783
B1_LHS_0076,4.0,medium,0.04132357968491798,0.02397007794169477,0.009877525106826306,0.5795751073017071,0.0011751006616357465,0.6377422112468187,0.02929358625670408,regional_responsibility,8,6.477883687515823,6.477883643965906,4.3549917450036446e-08,0.007742539273563172,-inf,nan,ZERO_VALUE_OBSERVED_NOT_PROVED,,UNEVALUATED_SAFE_PROBES_REMAIN,60,60,0,False,9,0,1.0751833000103943
B1_LHS_0077,4.0,low,0.04310014025493082,0.03195139174350803,0.009418542143285845,0.09139673248769427,0.0016313954524606814,0.49967703757246423,0.023295607763213166,resource_economy,8,4.599095031849037,4.5990950329892915,-1.1402541133520572e-09,-0.007451549902948195,-inf,nan,ZERO_VALUE_PROVED,,REGISTERED_PERFECT_INFORMATION_VALUE_NONPOSITIVE,60,60,0,False,9,0,1.0839740000083111
B1_LHS_0078,2.0,low,0.03012555347233602,0.011952959692831916,0.013432563314661087,0.530992115808104,0.0018506885682510786,0.3799798321508947,0.03538685171639541,balanced,8,2.801176357842712,2.801176354125046,3.7176657308179983e-09,0.017053981335194042,-inf,nan,ZERO_VALUE_PROVED,,REGISTERED_PERFECT_INFORMATION_VALUE_NONPOSITIVE,180,180,0,False,9,0,2.295775099977618
B1_LHS_0079,4.0,high,0.03975545310871975,0.02821816366010694,0.025333241562358864,0.4991017039623084,0.0012399597724284301,0.46964459486647714,0.03460664110871142,regional_responsibility,8,6.917050025979118,6.91704995940664,6.657247819674694e-08,0.006488041744284856,-inf,nan,ZERO_VALUE_OBSERVED_NOT_PROVED,,UNEVALUATED_SAFE_PROBES_REMAIN,60,60,0,False,9,0,1.0819255000096746
B1_LHS_0080,2.0,high,0.03326359209202531,0.008073453911888394,0.006286301651189115,0.7489585622203885,0.0008997910772304356,0.5846606497941915,0.02046038364067059,resource_economy,8,2.094052855691544,2.094052856789764,-1.098220181461329e-09,0.04011770565823737,-inf,nan,ZERO_VALUE_PROVED,,REGISTERED_PERFECT_INFORMATION_VALUE_NONPOSITIVE,180,180,0,False,9,0,2.2455266999895684
B1_LHS_0081,2.0,high,0.03447753376296685,0.004785099657878581,0.017628358783251887,1.1166055495088667,0.0013971080902188847,0.6772802112841916,0.003447979455962141,balanced,8,1.3058752215102878,1.3058752176779918,3.832296036065941e-09,0.021824018074646834,-inf,nan,ZERO_VALUE_PROVED,,REGISTERED_PERFECT_INFORMATION_VALUE_NONPOSITIVE,180,180,0,False,9,0,2.2463390000048093
B1_LHS_0082,4.0,medium,0.04527824293659341,0.004324497072632518,0.026079604375493778,0.09908592708892763,0.0008164081483161057,0.6174133418896419,0.01991344234699558,regional_responsibility,8,6.255049004221543,6.255049004630279,-4.0873615603231883e-10,-0.005273980913524923,-inf,nan,ZERO_VALUE_PROVED,,REGISTERED_PERFECT_INFORMATION_VALUE_NONPOSITIVE,60,60,0,False,9,0,1.0789674999832641
B1_LHS_0083,2.0,low,0.030848149005971486,0.03473909405648366,0.006090352988315092,0.5938479482719355,0.0014509953720590327,0.6595260377685515,0.03225174087167665,resource_economy,8,2.773013995636354,2.7730139835577017,1.2078652300573367e-08,0.04238165309824379,-inf,nan,ZERO_VALUE_OBSERVED_NOT_PROVED,,UNEVALUATED_SAFE_PROBES_REMAIN,180,180,0,False,9,0,2.2546964999928605
B1_LHS_0084,2.0,medium,0.038964629797888874,0.009366373317898713,0.007448631512653951,0.16710854499336636,0.0007081235982370275,0.5119619912844223,0.0004944782821905136,balanced,8,1.6227433883277973,1.622743416761996,-2.8434198773297226e-08,0.002405484954119322,-inf,nan,ZERO_VALUE_PROVED,,REGISTERED_PERFECT_INFORMATION_VALUE_NONPOSITIVE,180,180,0,False,9,0,2.282718400005251
B1_LHS_0085,2.0,low,0.022106435077250915,0.018029475620762608,0.004610302251243097,0.6352070678584892,0.0005869496798328412,0.5606358483578844,0.025131633378958282,regional_responsibility,8,2.0714824585733935,2.0714824621641146,-3.5907210538255185e-09,0.02203740838217173,-inf,nan,ZERO_VALUE_PROVED,,REGISTERED_PERFECT_INFORMATION_VALUE_NONPOSITIVE,180,180,0,False,9,0,2.3296238999755587
B1_LHS_0086,2.0,low,0.05624490208557725,0.01879875451882014,0.0070166279074046515,0.25906189523602374,0.0017468005649220204,0.37072634238572205,0.032503399026864804,resource_economy,8,5.779505437363884,5.779505434166642,3.1972424707760183e-09,0.02541281675887727,-inf,nan,ZERO_VALUE_PROVED,,REGISTERED_PERFECT_INFORMATION_VALUE_NONPOSITIVE,180,180,0,False,9,0,2.3176885999855585
B1_LHS_0087,2.0,medium,0.03356015531184274,0.015479327896376458,0.015646570364678147,1.2120045544287863,0.0015668294450732932,0.5330743078051281,0.039530539698039914,balanced,8,3.4882239325977396,3.4882239330020393,-4.042997048259167e-10,0.054205447898421875,-inf,nan,ZERO_VALUE_PROVED,,REGISTERED_PERFECT_INFORMATION_VALUE_NONPOSITIVE,180,180,0,False,9,0,2.324544999981299
B1_LHS_0088,4.0,low,0.022416437341898795,0.008257399272275034,0.029405886648482628,0.6319989034759022,0.0013064779699544318,0.40120406155144644,0.003125906166522268,regional_responsibility,8,1.286093064646253,1.2860930698772843,-5.231031385832807e-09,-0.0004109418922355647,-inf,nan,ZERO_VALUE_PROVED,,REGISTERED_PERFECT_INFORMATION_VALUE_NONPOSITIVE,60,60,0,False,9,0,1.0791814000112936
B1_LHS_0089,2.0,low,0.07230763611163636,0.025603997282551586,0.02374027921570757,0.7933045409734238,0.000783121327021765,0.6395558490683888,0.0390457868960276,resource_economy,8,9.256126633146208,9.252935309067189,0.003191324079018898,0.11580803466689905,-inf,nan,ZERO_VALUE_OBSERVED_NOT_PROVED,,UNEVALUATED_SAFE_PROBES_REMAIN,180,180,0,False,9,0,2.34123270001146
B1_LHS_0090,4.0,medium,0.06612963644669478,0.03321823015419465,0.006660293906352911,1.2740572674024622,0.001415638743550024,0.6829055971680036,0.01664440271896641,balanced,8,9.225360418307513,9.2253604210388,-2.7312871964113583e-09,0.016981217523634465,-inf,nan,ZERO_VALUE_PROVED,,REGISTERED_PERFECT_INFORMATION_VALUE_NONPOSITIVE,60,60,0,False,9,0,1.136692200001562
B1_LHS_0091,2.0,high,0.024474097370339315,0.012320285102946436,0.004996054331818579,1.1689707163956333,0.0016703678653642404,0.4422793216214951,0.0028889664394654425,regional_responsibility,8,0.8309223693845771,0.8309223903704971,-2.0985920001770353e-08,0.022767519306682964,-inf,nan,ZERO_VALUE_PROVED,,REGISTERED_PERFECT_INFORMATION_VALUE_NONPOSITIVE,180,180,0,False,9,0,2.304867099999683
B1_LHS_0092,2.0,low,0.05516479927640923,0.026587358430337316,0.0003561794925111736,0.7899176243842323,0.000508687717170797,0.46811480436042907,0.007814928313310428,resource_economy,8,4.038032579887813,4.038032591600505,-1.1712692149501436e-08,0.04274325592729259,-inf,nan,ZERO_VALUE_PROVED,,REGISTERED_PERFECT_INFORMATION_VALUE_NONPOSITIVE,180,180,0,False,9,0,2.2868740999838337
B1_LHS_0093,2.0,low,0.03647380920512522,0.014623514279487486,0.005465191667143866,0.550704662712631,0.001427099483089659,0.45401677165155396,0.020580810615763348,balanced,8,2.114340070337662,2.1143400659846643,4.352997517997892e-09,0.015853612151867355,-inf,nan,ZERO_VALUE_PROVED,,REGISTERED_PERFECT_INFORMATION_VALUE_NONPOSITIVE,180,180,0,False,9,0,2.401832200004719
B1_LHS_0094,4.0,medium,0.07156858554800517,0.012935211974148646,0.022231538789304072,0.9086752436818064,0.0007459944879685473,0.4039603323394581,0.02497054836097635,regional_responsibility,8,14.673449952004795,14.673449991478435,-3.9473640356391115e-08,0.02382131352073693,-inf,nan,ZERO_VALUE_PROVED,,REGISTERED_PERFECT_INFORMATION_VALUE_NONPOSITIVE,60,60,0,False,9,0,1.1491042999841738
B1_LHS_0095,2.0,low,0.03580792633249272,0.010340919045508067,0.00027483442173603857,0.9601629593212389,0.0006404003620122744,0.6405624942678596,0.036918191958172496,resource_economy,8,3.682205593026063,3.6822055843213923,8.704670761972011e-09,0.08462078374182606,-inf,nan,ZERO_VALUE_PROVED,,REGISTERED_PERFECT_INFORMATION_VALUE_NONPOSITIVE,180,180,0,False,9,0,2.7094767999951728
B1_LHS_0096,2.0,high,0.055836215506381626,0.02538665817926394,0.019281685496627822,0.1868349062698479,0.0013096341971766032,0.33038847675251354,0.017253012308056467,balanced,8,3.8977109104238155,3.8977109098738016,5.500138122727094e-10,0.0062448519243677916,-inf,nan,ZERO_VALUE_PROVED,,REGISTERED_PERFECT_INFORMATION_VALUE_NONPOSITIVE,180,180,0,False,9,0,2.993614599981811
B1_LHS_0097,2.0,low,0.04434111645624392,0.016930671062686198,0.025471651882017502,0.8032642465229666,0.0005032845627152646,0.488354800351723,0.026804604585381142,regional_responsibility,8,4.353420729367999,4.353420731288993,-1.9209940305131568e-09,0.05249981748042477,-inf,nan,ZERO_VALUE_PROVED,,REGISTERED_PERFECT_INFORMATION_VALUE_NONPOSITIVE,180,180,0,False,9,0,3.3685515000252053
B1_LHS_0098,4.0,low,0.03913045342251685,0.019143554822910133,0.030322760843751947,0.4480949062250046,0.0010201544585262726,0.3480055462244719,0.004134827705928224,resource_economy,8,3.039103928957636,3.0391039237217528,5.235883282495024e-09,-0.0037511436822299637,-inf,nan,ZERO_VALUE_PROVED,,REGISTERED_PERFECT_INFORMATION_VALUE_NONPOSITIVE,60,60,0,False,9,0,1.6961223999969661
B1_LHS_0099,4.0,low,0.05986024861198356,0.028831657283650575,0.010104938469399449,0.7410418682806554,0.0011172451973334948,0.6911582253899247,0.021348750681267358,balanced,8,7.975574805027106,7.975574833044226,-2.801712017941327e-08,0.008643706617944667,-inf,nan,ZERO_VALUE_PROVED,,REGISTERED_PERFECT_INFORMATION_VALUE_NONPOSITIVE,60,60,0,False,9,0,1.437855700001819
B1_LHS_0100,4.0,high,0.04581026704140184,0.027833802372159492,0.018879270738261445,0.5691546030666882,0.0019011521008436454,0.455785650452381,0.015042941096608715,regional_responsibility,8,5.933073783600222,5.933073763432285,2.01679375422259e-08,0.00546747175493206,-inf,nan,ZERO_VALUE_OBSERVED_NOT_PROVED,,UNEVALUATED_SAFE_PROBES_REMAIN,60,60,0,False,9,0,1.3041874999762513
B1_LHS_0101,2.0,low,0.028055879297845913,0.030212420409909742,0.00946988116017991,0.38870873699076564,0.001736413369271001,0.3251472463090927,0.026769307446061413,resource_economy,8,2.091270606971816,2.091270603226297,3.745519006059794e-09,0.021020008347501014,-inf,nan,ZERO_VALUE_PROVED,,REGISTERED_PERFECT_INFORMATION_VALUE_NONPOSITIVE,180,180,0,False,9,0,4.149693199986359
B1_LHS_0102,2.0,high,0.05195662107193102,0.02696554883439098,0.008762569876407875,0.5378357010557416,0.00131835565839542,0.6479337973157051,0.02920659108063165,balanced,8,4.2808435284346,4.280843529701514,-1.2669136850718132e-09,0.025866972476589728,-inf,nan,ZERO_VALUE_PROVED,,REGISTERED_PERFECT_INFORMATION_VALUE_NONPOSITIVE,180,180,0,False,9,0,3.336355800012825
B1_LHS_0103,4.0,medium,0.07167960059096598,0.001078999450168609,0.03283566100158522,1.206393132930205,0.0007744091813666865,0.38687549871823834,0.03894644663980094,regional_responsibility,8,16.97049187753635,16.970491866226915,1.1309435166140247e-08,0.03961395914151881,-inf,nan,ZERO_VALUE_OBSERVED_NOT_PROVED,,UNEVALUATED_SAFE_PROBES_REMAIN,60,60,0,False,9,0,1.2811256000131834
B1_LHS_0104,4.0,high,0.02768124401937872,0.008026164473319953,0.026798207697716927,0.17149482320241977,0.0005703548355025115,0.3452689970488098,0.00352908804854607,resource_economy,8,1.5312966752702675,1.5312966697578916,5.512375889082932e-09,-0.00487414403391205,-inf,nan,ZERO_VALUE_PROVED,,REGISTERED_PERFECT_INFORMATION_VALUE_NONPOSITIVE,60,60,0,False,9,0,1.1692203999846242
B1_LHS_0105,4.0,high,0.039245438690555065,0.025269062012353172,0.019059449182996444,0.295626163492819,0.0018213712804525221,0.4033304747309517,0.03428867550550611,balanced,8,4.928773732308783,4.9287737178793005,1.4429482497746449e-08,-0.002500398900058865,-inf,nan,ZERO_VALUE_OBSERVED_NOT_PROVED,,UNEVALUATED_SAFE_PROBES_REMAIN,60,60,0,False,9,0,1.1639726999856066
B1_LHS_0106,2.0,medium,0.04828932015535775,0.028247719553123465,0.019701248817378315,0.5669937305560159,0.0018078059318895339,0.3096383762680667,0.01768410018780501,regional_responsibility,8,3.9338859496850316,3.93388594861902,1.0660117233385336e-09,0.03278655391657656,-inf,nan,ZERO_VALUE_PROVED,,REGISTERED_PERFECT_INFORMATION_VALUE_NONPOSITIVE,180,180,0,False,9,0,2.3413771000050474
B1_LHS_0107,2.0,low,0.07400127700947778,0.027419831737063305,0.01395659415715423,0.5625217543174547,0.0007896943355179909,0.40247561880136995,0.008059889045432124,resource_economy,8,7.1871287386662726,7.1871279866455495,7.520207230271581e-07,0.047726997359846784,-inf,nan,ZERO_VALUE_OBSERVED_NOT_PROVED,,UNEVALUATED_SAFE_PROBES_REMAIN,180,180,0,False,9,0,3.213080400018953
B1_LHS_0108,4.0,low,0.037538272130405566,0.012655434952065786,0.02522968491326632,0.008680323634104611,0.001988378057507855,0.30717637374195333,0.0335381866547412,balanced,8,4.580364066881254,4.580364039341963,2.7539290847755638e-08,-0.010126054960477453,-inf,nan,ZERO_VALUE_OBSERVED_NOT_PROVED,,UNEVALUATED_SAFE_PROBES_REMAIN,60,60,0,False,9,0,1.6232128999836277
B1_LHS_0109,2.0,low,0.03557704077425264,0.009699055610394353,0.014947827606830699,1.160736687889056,0.0007785959384128609,0.44703494681245004,0.0384129938701486,regional_responsibility,8,5.019191189949886,5.019191180698857,9.251029275958444e-09,0.08202455935226029,-inf,nan,ZERO_VALUE_PROVED,,REGISTERED_PERFECT_INFORMATION_VALUE_NONPOSITIVE,180,180,0,False,9,0,2.70022619998781
B1_LHS_0110,4.0,low,0.025660954299022265,0.0020528947482398316,0.020462640576765178,0.9219744505949405,0.0011265096432488953,0.4740411065145556,0.020904400588206445,resource_economy,8,1.9904579457654357,1.9904579486337417,-2.8683060371292868e-09,-0.004118557782387792,-inf,nan,ZERO_VALUE_PROVED,,REGISTERED_PERFECT_INFORMATION_VALUE_NONPOSITIVE,60,60,0,False,9,0,1.7486011000000872
B1_LHS_0111,4.0,high,0.04285859985468396,0.012899659245916432,0.00995549992961317,0.26447186702899506,0.0009697780869766604,0.6459631952446527,0.001405041218298366,balanced,8,3.592222207566777,3.5922221985427556,9.024021530024129e-09,-0.0024572941586844966,-inf,nan,ZERO_VALUE_PROVED,,REGISTERED_PERFECT_INFORMATION_VALUE_NONPOSITIVE,60,60,0,False,9,0,1.5226411999901757
B1_LHS_0112,4.0,high,0.07145622929650816,0.02270406793188876,0.023998304967921512,1.1891230747923567,0.0009222612319869318,0.43036101873978716,0.01525842716724651,regional_responsibility,8,13.518878458696864,13.518878471052282,-1.2355418022025333e-08,0.024267759913106965,-inf,nan,ZERO_VALUE_PROVED,,REGISTERED_PERFECT_INFORMATION_VALUE_NONPOSITIVE,60,60,0,False,9,0,1.1223158999928273
B1_LHS_0113,4.0,low,0.04704242072203184,0.029542713922246215,0.027178484641088903,0.8605066446233176,0.0018369247219534276,0.3537668566594696,0.02472482671979933,resource_economy,8,5.424713695630138,5.42471369422352,1.406617933241705e-09,-0.0027689883010349895,-inf,nan,ZERO_VALUE_PROVED,,REGISTERED_PERFECT_INFORMATION_VALUE_NONPOSITIVE,60,60,0,False,9,0,1.139879700000165
B1_LHS_0114,2.0,high,0.05450473765750872,0.012173044039740425,0.016801796219612593,1.0503841978866308,0.001365109570357359,0.5306986909302768,0.031637717738169785,balanced,8,4.802395258818728,4.802395249430904,9.387823851625399e-09,0.05795010226799911,-inf,nan,ZERO_VALUE_PROVED,,REGISTERED_PERFECT_INFORMATION_VALUE_NONPOSITIVE,180,180,0,False,9,0,2.2755432999983896
B1_LHS_0115,4.0,low,0.04505717651249974,0.009040883905024368,0.022460331225251692,0.3268550265134664,0.0014327140383262648,0.600594624859534,0.03382124824905902,regional_responsibility,8,7.987066160691654,7.987066124259436,3.643221813121045e-08,0.0020702535491642325,-inf,nan,ZERO_VALUE_OBSERVED_NOT_PROVED,,UNEVALUATED_SAFE_PROBES_REMAIN,60,60,0,False,9,0,1.0819403000059538
B1_LHS_0116,2.0,medium,0.04753123437157926,0.027972648839102797,0.03322444945723965,0.8454532204874138,0.0007587606867420688,0.3529417425447279,0.029131197995101204,resource_economy,8,4.26665739631409,4.266657393685767,2.628323336750782e-09,0.07268067369025752,-inf,nan,ZERO_VALUE_PROVED,,REGISTERED_PERFECT_INFORMATION_VALUE_NONPOSITIVE,180,180,0,False,9,0,2.3139262000040617
B1_LHS_0117,2.0,medium,0.04986624738515534,0.013303566400852175,0.029334060016426047,0.11742235851293908,0.0013319257048678584,0.4099984996868407,0.02825665256378069,balanced,8,3.961950712627782,3.961950707178328,5.4494537771176965e-09,0.0018744436288231775,-inf,nan,ZERO_VALUE_PROVED,,REGISTERED_PERFECT_INFORMATION_VALUE_NONPOSITIVE,180,180,0,False,9,0,2.340658100001747
B1_LHS_0118,2.0,low,0.06773103339962375,0.030334067920390458,0.008977095912486705,0.08873645598874466,0.0019457313117214228,0.3968265341920176,0.008972104201061383,regional_responsibility,8,6.411894024811278,6.411894030701861,-5.8905831323841085e-09,0.004574631668353086,-inf,nan,ZERO_VALUE_PROVED,,REGISTERED_PERFECT_INFORMATION_VALUE_NONPOSITIVE,180,180,0,False,9,0,2.5287490999908186
B1_LHS_0119,2.0,high,0.06295156535966245,0.021048655150387112,0.01805631931193251,0.6403415056997731,0.0012623068735345016,0.3983497696035969,0.013462295227934665,resource_economy,8,5.450572280120859,5.450572288534968,-8.414108521037633e-09,0.0473933682490229,-inf,nan,ZERO_VALUE_PROVED,,REGISTERED_PERFECT_INFORMATION_VALUE_NONPOSITIVE,180,180,0,False,9,0,2.330400800012285
B1_LHS_0120,2.0,low,0.06327439144532325,0.0315958309492017,0.032240635746494425,1.1527180894591094,0.0019665404193343772,0.30158904638315254,0.024254684159990367,balanced,8,5.3307666195981644,5.330766624264875,-4.666710573530963e-09,0.06278135026572576,-inf,nan,ZERO_VALUE_PROVED,,REGISTERED_PERFECT_INFORMATION_VALUE_NONPOSITIVE,180,180,0,False,9,0,2.2921839999908116
B1_LHS_0121,4.0,high,0.02926458589314955,0.0075465593771262655,0.018290002993580398,0.6958991212067865,0.0010440003692176651,0.5426411084223505,0.004406207434138274,regional_responsibility,8,2.202075120533514,2.2020751194621924,1.0713216980207108e-09,0.0016678808479273586,-inf,nan,ZERO_VALUE_PROVED,,REGISTERED_PERFECT_INFORMATION_VALUE_NONPOSITIVE,60,60,0,False,9,0,1.0924524000147358
B1_LHS_0122,4.0,high,0.04140342689983842,0.009946230355627996,0.013695135659047758,0.36827108871386394,0.0010549926998356784,0.48713875754155733,0.01132904587893473,resource_economy,8,3.6336658499347205,3.633665848380028,1.5546923748388508e-09,-0.004274580990811958,-inf,nan,ZERO_VALUE_PROVED,,REGISTERED_PERFECT_INFORMATION_VALUE_NONPOSITIVE,60,60,0,False,9,0,1.092905299999984
B1_LHS_0123,2.0,high,0.03813945980124514,0.01002490035999035,0.03120022597345797,0.103399226136375,0.0007351389679667999,0.6014256500590169,0.019669059445138373,balanced,8,2.199079654514248,2.199079653426959,1.0872889255608698e-09,-2.5922347891589072e-05,-inf,nan,ZERO_VALUE_PROVED,,REGISTERED_PERFECT_INFORMATION_VALUE_NONPOSITIVE,180,180,0,False,9,0,2.310684800002491
B1_LHS_0124,4.0,low,0.052692510297514115,0.0019780513524013045,0.02995242906941201,1.0221444323826772,0.0011583798301976153,0.5505071029719542,0.013864609461400824,regional_responsibility,8,7.548739435234286,7.548739426478093,8.756193103920396e-09,0.014389957412985863,-inf,nan,ZERO_VALUE_PROVED,,REGISTERED_PERFECT_INFORMATION_VALUE_NONPOSITIVE,60,60,0,False,9,0,1.0735200000053737
B1_LHS_0125,4.0,high,0.02356574281538046,0.02472702803988457,0.003213828092455775,0.9400842537854345,0.0008540317521568456,0.6681226552563714,0.0008153250248573053,resource_economy,8,1.0820712557299461,1.0820712579074037,-2.1774575476030122e-09,-0.003407142749372513,-inf,nan,ZERO_VALUE_PROVED,,REGISTERED_PERFECT_INFORMATION_VALUE_NONPOSITIVE,60,60,0,False,9,0,1.0682171999942511
B1_LHS_0126,4.0,high,0.04742661017614118,0.026705668715670046,0.013089337163165614,0.46058442842944275,0.0015951059009202222,0.4396107724216136,0.02903029142352259,balanced,8,5.90148267910073,5.90148266097735,1.8123380129964062e-08,0.0020718194744664964,-inf,nan,ZERO_VALUE_OBSERVED_NOT_PROVED,,UNEVALUATED_SAFE_PROBES_REMAIN,60,60,0,False,9,0,1.0920589999877848
B1_LHS_0127,2.0,medium,0.05228043129948291,0.029063182022519844,0.0016809411743076534,0.5411387365281496,0.0007481513057695055,0.3137358019419396,0.03407655370985368,regional_responsibility,8,6.414145794967576,6.414145781680558,1.3287017708307758e-08,0.04532929436438026,-inf,nan,ZERO_VALUE_OBSERVED_NOT_PROVED,,UNEVALUATED_SAFE_PROBES_REMAIN,180,180,0,False,9,0,2.3029474999930244
B1_LHS_0128,2.0,medium,0.06338541422932428,0.03209542634793114,0.0023156498563791624,0.23310567129972307,0.0012605954506061158,0.3501099081256297,0.010974438701902543,resource_economy,8,5.409397686228089,5.409397677324759,8.903329629106338e-09,0.015606713542193958,-inf,nan,ZERO_VALUE_PROVED,,REGISTERED_PERFECT_INFORMATION_VALUE_NONPOSITIVE,180,180,0,False,9,0,3.675989200011827
B1_LHS_0129,2.0,high,0.04006693769516127,0.025993336241972215,0.025426160400452782,1.2555663189895585,0.0014312417857887472,0.5923626926287586,0.01391483647057859,balanced,8,2.071362530267889,2.0713625278753853,2.3925035286254115e-09,0.0359478319583215,-inf,nan,ZERO_VALUE_PROVED,,REGISTERED_PERFECT_INFORMATION_VALUE_NONPOSITIVE,180,180,0,False,9,0,2.353172799979802
B1_LHS_0130,2.0,medium,0.019091113173869537,0.003873515369091666,0.03355358640409615,0.04083035648234689,0.0015222261960543394,0.696066552647946,0.010498908743903988,regional_responsibility,8,0.7554653327653266,0.755465338615785,-5.850458451028828e-09,-0.002300610137987595,-inf,nan,ZERO_VALUE_PROVED,,REGISTERED_PERFECT_INFORMATION_VALUE_NONPOSITIVE,180,180,0,False,9,0,2.4354455999855418
B1_LHS_0131,4.0,medium,0.06394322422762644,0.01560854144341335,0.019166207938156637,1.0550645971368384,0.0015258355071574303,0.505034508149269,0.015376781199571286,resource_economy,8,8.571887457850439,8.57068317457108,0.00120428327935862,0.008514563599624315,-inf,nan,ZERO_VALUE_OBSERVED_NOT_PROVED,,UNEVALUATED_SAFE_PROBES_REMAIN,60,60,0,False,9,0,1.240675100008957
B1_LHS_0132,2.0,low,0.04513686959229421,0.0006125972815114977,0.012488161222863137,0.15619464393507307,0.0007562993437345087,0.548504538914275,0.021839632726351508,balanced,8,2.983143948055654,2.983143952609796,-4.55414195243975e-09,0.0030882970453544835,-inf,nan,ZERO_VALUE_PROVED,,REGISTERED_PERFECT_INFORMATION_VALUE_NONPOSITIVE,180,180,0,False,9,0,2.4929484000022057
B1_LHS_0133,4.0,high,0.039522660998415456,0.011256280799045674,0.01227378504636923,0.9373990936238417,0.000659540065538161,0.31561920335119537,0.02048476622827494,regional_responsibility,8,5.058164693000524,5.058164667904548,2.509597596400681e-08,0.011131479048434029,-inf,nan,ZERO_VALUE_OBSERVED_NOT_PROVED,,UNEVALUATED_SAFE_PROBES_REMAIN,60,60,0,False,9,0,1.2468918999948073
B1_LHS_0134,2.0,medium,0.031152615973050662,9.823942061134863e-05,0.004008057713388877,0.6655722269933502,0.0010732420033969733,0.3339242213909218,0.020229380002166772,resource_economy,8,1.8984453639592047,1.8984453611099115,2.849293245787976e-09,0.03381418775108913,-inf,nan,ZERO_VALUE_PROVED,,REGISTERED_PERFECT_INFORMATION_VALUE_NONPOSITIVE,180,180,0,False,9,0,2.6553830999764614
B1_LHS_0135,4.0,high,0.015908201138190255,0.009315591119860748,0.010478848473332395,0.29884570625273865,0.00190812254649923,0.3145465317718312,0.01016930938146427,balanced,8,0.6771083929700981,0.6771083852426102,7.727487871811434e-09,-0.004491411809739682,-inf,nan,ZERO_VALUE_PROVED,,REGISTERED_PERFECT_INFORMATION_VALUE_NONPOSITIVE,60,60,0,False,9,0,1.2147722000081558
B1_LHS_0136,4.0,high,0.04869768221618885,0.003545020743009015,0.03144561324519183,0.1681190745727904,0.0009959725039669063,0.5676938883875295,0.03484475017525757,regional_responsibility,8,9.048162623480401,9.048162602878444,2.0601957473331822e-08,-0.003346947892213648,-inf,nan,ZERO_VALUE_OBSERVED_NOT_PROVED,,UNEVALUATED_SAFE_PROBES_REMAIN,60,60,0,False,9,0,1.1500507000018843
B1_LHS_0137,2.0,high,0.05388297989240606,0.02581522407867085,0.007867319851008829,0.14693287533143137,0.0011875235825294728,0.36808905099137246,0.007787324619605907,resource_economy,8,3.857377807891376,3.8573778053152994,2.576076685301132e-09,0.006558184518012787,-inf,nan,ZERO_VALUE_PROVED,,REGISTERED_PERFECT_INFORMATION_VALUE_NONPOSITIVE,180,180,0,False,9,0,2.3856413000030443
B1_LHS_0138,2.0,low,0.035346208026983766,0.014358137383884091,0.005063087011491158,0.6996698013207714,0.001143242273752624,0.4765285951969356,0.03911307607616269,balanced,8,3.587642110152757,3.587642087754733,2.2398023880043638e-08,0.029867302079957705,-inf,nan,ZERO_VALUE_OBSERVED_NOT_PROVED,,UNEVALUATED_SAFE_PROBES_REMAIN,180,180,0,False,9,0,2.283178300014697
B1_LHS_0139,2.0,medium,0.03399695142702337,0.02440297612110201,0.03053506034891467,0.3626808709021277,0.0017827477115876448,0.453141958525891,0.017386203035571857,regional_responsibility,8,2.2888405731935286,2.288840566243219,6.950309661135634e-09,0.013581457103272378,-inf,nan,ZERO_VALUE_PROVED,,REGISTERED_PERFECT_INFORMATION_VALUE_NONPOSITIVE,180,180,0,False,9,0,2.3901929999992717
B1_LHS_0140,4.0,high,0.027031815787313902,0.007474190911997523,0.015050470026330287,0.333174965642346,0.001022119719331598,0.6778598621891658,0.02967295326237907,resource_economy,8,2.7623198362868293,2.7623198102776874,2.600914195127757e-08,-0.005830598004751773,-inf,nan,ZERO_VALUE_OBSERVED_NOT_PROVED,,UNEVALUATED_SAFE_PROBES_REMAIN,60,60,0,False,9,0,1.1566983000084292
B1_LHS_0141,2.0,high,0.050885998705434345,0.001829855356657101,0.010558655540334002,1.2929974416508543,0.0019193966688336617,0.606622354278336,0.0029149475292652837,balanced,8,2.8005393302681276,2.800539313429762,1.683836581278797e-08,0.036955985794476356,-inf,nan,ZERO_VALUE_OBSERVED_NOT_PROVED,,UNEVALUATED_SAFE_PROBES_REMAIN,180,180,0,False,9,0,2.4432755000016186
B1_LHS_0142,4.0,low,0.06007076528903839,0.02077757294321305,0.02772887199294637,0.5052911166959999,0.0009442117106644052,0.3667716393730207,0.025299562933434726,regional_responsibility,8,10.862326018002044,10.862325963766274,5.423576965313259e-08,0.009323287863327367,-inf,nan,ZERO_VALUE_OBSERVED_NOT_PROVED,,UNEVALUATED_SAFE_PROBES_REMAIN,60,60,0,False,9,0,1.1331680000002962
B1_LHS_0143,4.0,high,0.04047522446535498,0.02449087603810816,0.013013126670151925,0.7070813548593678,0.0011399803701022558,0.6716605586004298,0.015534078327688237,resource_economy,8,3.67884308827178,3.6788430943362886,-6.064508450975836e-09,-0.0034643533560999463,-inf,nan,ZERO_VALUE_PROVED,,REGISTERED_PERFECT_INFORMATION_VALUE_NONPOSITIVE,60,60,0,False,9,0,1.0707101000007242
B1_LHS_0144,4.0,low,0.022606932758599537,0.01818018663769311,0.0026595442649915923,0.26206170455698186,0.0007419223543622905,0.6197685719785082,0.004807255426892381,balanced,8,1.059623491730826,1.0596234897405605,1.9902655079562237e-09,-0.00396039388128106,-inf,nan,ZERO_VALUE_PROVED,,REGISTERED_PERFECT_INFORMATION_VALUE_NONPOSITIVE,60,60,0,False,9,0,1.0900306000257842
B1_LHS_0145,2.0,low,0.049537114200685246,0.03271336793707317,0.009808585877645442,1.1715477982441767,0.0010802547696806245,0.4363281741873334,0.03718223611152429,regional_responsibility,8,6.511022142403619,6.51102214457727,-2.1736505928515726e-09,0.10110577597381501,-inf,nan,ZERO_VALUE_PROVED,,REGISTERED_PERFECT_INFORMATION_VALUE_NONPOSITIVE,180,180,0,False,9,0,2.346240199985914
B1_LHS_0146,4.0,medium,0.07318999565836204,0.027179047064962915,0.00013738450559448628,1.2625211354345989,0.001735114013273181,0.4766771262022653,0.006538788551836241,resource_economy,8,10.82710135931788,10.827007149142705,9.42101751739699e-05,0.02769850716452828,-inf,nan,ZERO_VALUE_OBSERVED_NOT_PROVED,,UNEVALUATED_SAFE_PROBES_REMAIN,60,60,0,False,9,0,1.1854539999912959
B1_LHS_0147,4.0,high,0.054798378409185715,0.03460430264196537,0.030878707623001933,0.7879965954362474,0.001541034866084528,0.347020440793992,0.035209505314659204,balanced,8,8.053547786339648,8.053547753455762,3.288388583655433e-08,0.012702145304210087,-inf,nan,ZERO_VALUE_OBSERVED_NOT_PROVED,,UNEVALUATED_SAFE_PROBES_REMAIN,60,60,0,False,9,0,1.2031093999976292
B1_LHS_0148,2.0,high,0.06736586287215117,0.004158001540789897,0.01582114431077995,1.216430520878441,0.0019511354174269098,0.4864425869835612,0.006194317770993702,regional_responsibility,8,6.219455702559099,6.219455725124056,-2.2564957014026277e-08,0.07278270995027822,-inf,nan,ZERO_VALUE_PROVED,,REGISTERED_PERFECT_INFORMATION_VALUE_NONPOSITIVE,180,180,0,False,9,0,2.4457456000091042
B1_LHS_0149,2.0,low,0.035059396347551966,0.025639366226262998,0.015658837246768493,0.32487223718125247,0.0010056580896896715,0.4468063835114774,0.022875715795771457,resource_economy,8,2.4117715774138513,2.4117715780631164,-6.492650861389393e-10,0.01787244907745307,-inf,nan,ZERO_VALUE_PROVED,,REGISTERED_PERFECT_INFORMATION_VALUE_NONPOSITIVE,180,180,0,False,9,0,2.6306320000148844
B1_LHS_0150,4.0,high,0.07014260390426394,0.0037262548254440846,0.021465871052351943,0.7193084609672099,0.0016604332413745347,0.3699023390939475,0.03445158721084787,balanced,8,11.881824331723717,11.881824319394456,1.2329261167565164e-08,0.014376024603716037,-inf,nan,ZERO_VALUE_OBSERVED_NOT_PROVED,,UNEVALUATED_SAFE_PROBES_REMAIN,60,60,0,False,9,0,1.765793799975654
B1_LHS_0151,2.0,high,0.03345954211113459,0.003319164284617412,0.033793683366845274,1.052562033555259,0.0008757426158278557,0.4389762658382018,0.00045272984515532585,regional_responsibility,8,1.4969029374859995,1.4969029391001907,-1.6141912251299573e-09,0.029585201010195676,-inf,nan,ZERO_VALUE_PROVED,,REGISTERED_PERFECT_INFORMATION_VALUE_NONPOSITIVE,180,180,0,False,9,0,2.4236938999965787
B1_LHS_0152,4.0,low,0.01822476755906809,0.015043824019854374,0.020583033403643623,0.2059958379964993,0.0014984323114173121,0.42546239637916194,0.0029825150460801282,resource_economy,8,0.6721145346716385,0.6721145340498579,6.217806269859238e-10,-0.004923724560494385,-inf,nan,ZERO_VALUE_PROVED,,REGISTERED_PERFECT_INFORMATION_VALUE_NONPOSITIVE,60,60,0,False,9,0,1.7352895000076387
B1_LHS_0153,4.0,medium,0.05539829734234648,0.004523680572665939,0.022623561566870138,0.8810823095826874,0.0014884003048353102,0.6933513643433744,0.028623079869076442,balanced,8,7.537386524814124,7.5373864826467685,4.216735582929232e-08,0.012557256759223335,-inf,nan,ZERO_VALUE_OBSERVED_NOT_PROVED,,UNEVALUATED_SAFE_PROBES_REMAIN,60,60,0,False,9,0,1.4152248000027612
B1_LHS_0154,2.0,medium,0.03242723992947455,0.0025480974024902603,0.029094816605204365,0.8320198261304991,0.001848526478875384,0.5689219944943149,0.015807063027257828,regional_responsibility,8,2.02519923027785,2.025199232230445,-1.9525949745968774e-09,0.03237083823618272,-inf,nan,ZERO_VALUE_PROVED,,REGISTERED_PERFECT_INFORMATION_VALUE_NONPOSITIVE,180,180,0,False,9,0,3.019505600008415
B1_LHS_0155,2.0,high,0.018638991430096653,0.030392763127503428,7.13272096593346e-05,1.0632152735458802,0.0005263114027282797,0.674923591123487,0.03654424048598642,resource_economy,8,2.3247101415609586,2.324710123387523,1.817343564525231e-08,0.07105513007167573,-inf,nan,ZERO_VALUE_OBSERVED_NOT_PROVED,,UNEVALUATED_SAFE_PROBES_REMAIN,180,180,0,False,9,0,3.49229659998673
B1_LHS_0156,2.0,high,0.01886238031390551,0.018823764120183672,0.023035984343424715,0.6000514884664382,0.0006661133389823518,0.5327876366947419,0.026295899104813572,balanced,8,1.3738231917585955,1.373823192139489,-3.808935389315593e-10,0.0106751768757084,-inf,nan,ZERO_VALUE_PROVED,,REGISTERED_PERFECT_INFORMATION_VALUE_NONPOSITIVE,180,180,0,False,9,0,3.4558645999932196
B1_LHS_0157,2.0,low,0.018142724310086532,0.01962995216323097,0.00708026946857355,0.8118186655952467,0.001931354723870616,0.5889353097875492,0.01120862306155164,regional_responsibility,8,0.7407766524073348,0.740776651847403,5.599317676185933e-10,0.01619397957024518,-inf,nan,ZERO_VALUE_PROVED,,REGISTERED_PERFECT_INFORMATION_VALUE_NONPOSITIVE,180,180,0,False,9,0,2.841756899986649
B1_LHS_0158,2.0,medium,0.01517483547783344,0.010169091682122936,0.007138900868310671,0.916086749169631,0.0005517467840849801,0.5637301883539741,0.03657785228365652,resource_economy,8,2.1531185831885495,2.152777264380851,0.00034131880769860956,0.056961360014686026,-inf,nan,ZERO_VALUE_OBSERVED_NOT_PROVED,,UNEVALUATED_SAFE_PROBES_REMAIN,180,180,0,False,9,0,2.498280200001318
B1_LHS_0159,4.0,low,0.04209049963040716,0.014850338382122977,0.022872534856332446,0.7091570828783754,0.0018465509772748491,0.42351343158603694,0.00913394347509673,balanced,8,3.6799660491435007,3.6799660530272758,-3.883775079316365e-09,0.0023593291350604857,-inf,nan,ZERO_VALUE_PROVED,,REGISTERED_PERFECT_INFORMATION_VALUE_NONPOSITIVE,60,60,0,False,9,0,1.298392500000773
B1_LHS_0160,4.0,medium,0.041978391110626914,0.01595900788340589,0.017385251083183333,0.21290988415555928,0.000593152513559962,0.5466558434078509,0.01973598861957709,regional_responsibility,8,5.498922282637259,5.4989222751614015,7.475857266570074e-09,-0.0024512629255458796,-inf,nan,ZERO_VALUE_PROVED,,REGISTERED_PERFECT_INFORMATION_VALUE_NONPOSITIVE,60,60,0,False,9,0,1.3038271999976132
B1_LHS_0161,2.0,low,0.015348604933299237,0.02626430348004988,0.018842940934514628,1.2392738042442746,0.0006757024005957531,0.5839219500534114,0.004326499797601336,resource_economy,8,0.33770921256478537,0.33770923677748405,-2.4212698679360045e-08,0.015805504601991857,-inf,nan,ZERO_VALUE_PROVED,,REGISTERED_PERFECT_INFORMATION_VALUE_NONPOSITIVE,180,180,0,False,9,0,2.5927604000025894
B1_LHS_0162,4.0,low,0.041649223716780814,0.004394050347976579,0.028630755571071104,0.6137517396771784,0.0016510481637468603,0.41195420586119913,0.028413166802587334,balanced,8,4.79006606131134,4.790066049014333,1.2297006968253754e-08,0.004190827067279218,-inf,nan,ZERO_VALUE_OBSERVED_NOT_PROVED,,UNEVALUATED_SAFE_PROBES_REMAIN,60,60,0,False,9,0,1.2271530000143684
B1_LHS_0163,4.0,low,0.04259172458090889,0.02775319678349479,0.0025155172377533406,1.2499143729754565,0.0006694743665469081,0.4573518284142982,0.009636256008935645,regional_responsibility,8,4.834391675183907,4.834391661819725,1.3364181761232885e-08,0.01164349072508896,-inf,nan,ZERO_VALUE_OBSERVED_NOT_PROVED,,UNEVALUATED_SAFE_PROBES_REMAIN,60,60,0,False,9,0,1.2866015000035986
B1_LHS_0164,2.0,low,0.03517159161577675,0.028883953428942323,0.005348461645560469,0.8239097289838742,0.0013800415494602258,0.6635515480507683,0.02114439600928502,resource_economy,8,2.310281221766354,2.310281214020843,7.745510899326291e-09,0.04663724214022595,-inf,nan,ZERO_VALUE_PROVED,,REGISTERED_PERFECT_INFORMATION_VALUE_NONPOSITIVE,180,180,0,False,9,0,2.7194186999986414
B1_LHS_0165,4.0,high,0.04960987474464487,0.02848378543031177,0.0017643611591131837,0.14953653675649461,0.0007983974455735854,0.3641391695529265,0.002118488854176962,balanced,8,4.823879396521583,4.823879389018944,7.502639398637712e-09,-0.0034448560030599894,-inf,nan,ZERO_VALUE_PROVED,,REGISTERED_PERFECT_INFORMATION_VALUE_NONPOSITIVE,60,60,0,False,9,0,1.8540494000189938
B1_LHS_0166,2.0,medium,0.015987886358045034,0.023411669873311412,0.016998124657873273,0.3182556901274425,0.0017140389117213256,0.45063658061244116,0.011747376141048321,regional_responsibility,8,0.6649712945076678,0.6649712979736118,-3.465943976266317e-09,0.0037179237848847194,-inf,nan,ZERO_VALUE_PROVED,,REGISTERED_PERFECT_INFORMATION_VALUE_NONPOSITIVE,180,180,0,False,9,0,3.222879399982048
B1_LHS_0167,2.0,low,0.0393710015755233,0.013697542835277464,0.007948338292731833,0.9186293381750779,0.0012856236183460233,0.3587896621695513,0.03111765275492603,resource_economy,8,3.4880135954745466,3.488013590952913,4.5216337341003054e-09,0.07354666904117206,-inf,nan,ZERO_VALUE_PROVED,,REGISTERED_PERFECT_INFORMATION_VALUE_NONPOSITIVE,180,180,0,False,9,0,3.056144200003473
B1_LHS_0168,4.0,high,0.06190691974714903,0.020561986051321406,0.01651554753431748,0.833729648858537,0.0019442639253933634,0.38880445594952157,0.029873676459748946,balanced,8,9.203869801265002,9.20386979764298,3.6220217936033805e-09,0.01367177366832504,-inf,nan,ZERO_VALUE_PROVED,,REGISTERED_PERFECT_INFORMATION_VALUE_NONPOSITIVE,60,60,0,False,9,0,1.4232488999841735
B1_LHS_0169,2.0,low,0.07191859378844949,0.016536317873416445,0.008385716251544743,0.4379095326167669,0.0015919236523670177,0.661536240349022,0.016569744801448977,regional_responsibility,8,7.714194593133562,7.7141946018748495,-8.741287693680988e-09,0.03820271912881125,-inf,nan,ZERO_VALUE_PROVED,,REGISTERED_PERFECT_INFORMATION_VALUE_NONPOSITIVE,180,180,0,False,9,0,2.383362099993974
B1_LHS_0170,4.0,low,0.05442549294277283,0.00393570872786031,0.017266515280105633,1.0570780397573134,0.000644578068119068,0.511499131161614,0.03873895576384917,resource_economy,8,8.282213092494587,8.282213112300912,-1.980632546860761e-08,-0.0018301947059204317,-inf,nan,ZERO_VALUE_PROVED,,REGISTERED_PERFECT_INFORMATION_VALUE_NONPOSITIVE,60,60,0,False,9,0,1.1703847000026144
B1_LHS_0171,4.0,high,0.05973948148632323,0.026658141369012796,0.024087859087986368,0.33206405450070176,0.0016567464267464138,0.4325160021434513,0.012128742197671778,balanced,8,7.369551215177962,7.369551214275537,9.024248015521152e-10,-0.00037978991014242514,-inf,nan,ZERO_VALUE_PROVED,,REGISTERED_PERFECT_INFORMATION_VALUE_NONPOSITIVE,60,60,0,False,9,0,1.0682694999850355
B1_LHS_0172,4.0,high,0.01673342537599294,0.033693892895102155,0.0029071281452393827,0.6086391751034402,0.0019355310854319331,0.6357643866306097,0.0370799944360884,regional_responsibility,8,3.7034095266785902,3.7034095316721607,-4.993570446032436e-09,0.003298703101923652,-inf,nan,ZERO_VALUE_PROVED,,REGISTERED_PERFECT_INFORMATION_VALUE_NONPOSITIVE,60,60,0,False,9,0,1.1401152000180446
B1_LHS_0173,4.0,low,0.05820905288720652,0.011312392351724989,0.008918009506688392,0.8252120194256738,0.0015430037479895842,0.4660251882120515,0.029773888928048022,resource_economy,8,8.229328885510176,8.22932886210548,2.3404696847251216e-08,-0.0006426424724875063,-inf,nan,ZERO_VALUE_OBSERVED_NOT_PROVED,,UNEVALUATED_SAFE_PROBES_REMAIN,60,60,0,False,9,0,1.1632530999777373
B1_LHS_0174,2.0,medium,0.05326728404831413,0.006680804416852692,0.011838892819399384,0.26804011037309017,0.0005986018125684407,0.5876283604555868,0.003932315921862486,balanced,8,3.0858901472143616,3.0858902084995328,-6.128517116010812e-08,0.008457232033071716,-inf,nan,ZERO_VALUE_PROVED,,REGISTERED_PERFECT_INFORMATION_VALUE_NONPOSITIVE,180,180,0,False,9,0,3.7974758000054862
B1_LHS_0175,4.0,medium,0.037864192221268786,0.02146457914880897,0.032366042242506936,0.20354204523687347,0.0007292872243397244,0.504005115306713,0.009421814646446676,regional_responsibility,8,3.8671077185601757,3.867107714385606,4.174569578907494e-09,-0.0027784564070833535,-inf,nan,ZERO_VALUE_PROVED,,REGISTERED_PERFECT_INFORMATION_VALUE_NONPOSITIVE,60,60,0,False,9,0,2.1950149000040255
B1_LHS_0176,4.0,high,0.023201321640673175,0.02331857725352003,0.019575415598053793,0.3528096587001282,0.0013762414501941878,0.6689139675026882,0.03571969546682709,resource_economy,8,2.8820526267204385,2.882052600670343,2.6050095414120733e-08,-0.005961956917380164,-inf,nan,ZERO_VALUE_OBSERVED_NOT_PROVED,,UNEVALUATED_SAFE_PROBES_REMAIN,60,60,0,False,9,0,1.9496595000091475
B1_LHS_0177,4.0,low,0.035459635476757796,0.0309929253020604,0.015911476694004455,0.013734149389318833,0.001981538876698754,0.613952773865333,0.030547359017600504,balanced,8,3.9850617572119975,3.9850617184141326,3.879786492078097e-08,-0.009546840603712022,-inf,nan,ZERO_VALUE_OBSERVED_NOT_PROVED,,UNEVALUATED_SAFE_PROBES_REMAIN,60,60,0,False,9,0,1.5501112999918405
B1_LHS_0178,4.0,medium,0.016815378022017345,0.03412791852422354,0.007603276415770248,0.5052485386010876,0.0016249908148011241,0.666458140768496,0.019811837059438814,regional_responsibility,8,1.6318532577918847,1.6318532580132379,-2.2135315802529476e-10,-0.0010816305764227456,-inf,nan,ZERO_VALUE_PROVED,,REGISTERED_PERFECT_INFORMATION_VALUE_NONPOSITIVE,60,60,0,False,9,0,1.1068384000100195
B1_LHS_0179,2.0,high,0.06460945744250635,0.02290719447900128,0.013342708582838243,0.8069782208170493,0.0007777722165016646,0.5240824917906981,7.357053848507748e-05,resource_economy,8,5.307848499527761,5.307848535926729,-3.6398967395712134e-08,0.04038117580849996,-inf,nan,ZERO_VALUE_PROVED,,REGISTERED_PERFECT_INFORMATION_VALUE_NONPOSITIVE,180,180,0,False,9,0,2.4084795999806374
B1_LHS_0180,4.0,medium,0.021052930754461456,0.03254816345066532,0.0012704076891312465,0.9279564940860491,0.0009587903387372168,0.3115077224102393,0.015402176826715448,balanced,8,1.2701845706263672,1.2701845728132508,-2.1868835631266847e-09,0.0011170955154593152,-inf,nan,ZERO_VALUE_PROVED,,REGISTERED_PERFECT_INFORMATION_VALUE_NONPOSITIVE,60,60,0,False,9,0,1.2356326000008266
B1_LHS_0181,4.0,low,0.07070330226668191,0.0016633834580450618,0.008569317322004796,0.5116454365198407,0.0006986106719407955,0.36122241448616466,0.0319537382974926,regional_responsibility,8,15.388855281012221,15.388855271728646,9.283574797791516e-09,0.013841461186830962,-inf,nan,ZERO_VALUE_PROVED,,REGISTERED_PERFECT_INFORMATION_VALUE_NONPOSITIVE,60,60,0,False,9,0,1.1866519000031985
B1_LHS_0182,4.0,medium,0.0700193158646771,0.03234251626589044,0.012626538020955999,0.3489872850545403,0.0017528560200852465,0.699872166817936,0.00756495762784801,resource_economy,8,9.88719954662159,9.887050782323623,0.00014876429796650825,0.019180739503213404,-inf,nan,ZERO_VALUE_OBSERVED_NOT_PROVED,,UNEVALUATED_SAFE_PROBES_REMAIN,60,60,0,False,9,0,1.1045096000016201
B1_LHS_0183,4.0,high,0.062463870858415156,0.011196250014300363,0.007525897811766842,0.13239522639699608,0.0011207737972172564,0.5200708424682148,0.016300636591749015,balanced,8,8.266657173776409,8.266657174785754,-1.0093454960724557e-09,-0.004443068056488449,-inf,nan,ZERO_VALUE_PROVED,,REGISTERED_PERFECT_INFORMATION_VALUE_NONPOSITIVE,60,60,0,False,9,0,1.10814549998031
B1_LHS_0184,2.0,medium,0.06056194751119335,0.022610216954819125,0.003665657368778379,1.00572478582714,0.0014957728495256836,0.3780626148269234,0.02517939013323609,regional_responsibility,8,6.51880637330725,6.518806361416167,1.1891082785098206e-08,0.08211390201398913,-inf,nan,ZERO_VALUE_OBSERVED_NOT_PROVED,,UNEVALUATED_SAFE_PROBES_REMAIN,180,180,0,False,9,0,2.4355715999845415
B1_LHS_0185,2.0,high,0.05138818613868056,0.02941257004383431,0.016169530957360744,0.5576192716958585,0.0012887032256413493,0.34032740130641326,0.006803993423058,resource_economy,8,3.4902396953461996,3.4902396929397845,2.4064150672131746e-09,0.02848660365392005,-inf,nan,ZERO_VALUE_PROVED,,REGISTERED_PERFECT_INFORMATION_VALUE_NONPOSITIVE,180,180,0,False,9,0,2.411757599998964
B1_LHS_0186,2.0,high,0.04792615087890677,0.009629755198864609,0.0012265579130998961,0.2834682817053599,0.0011139070197639265,0.5870199580636446,0.034347207052367594,balanced,8,4.300979911875889,4.300979895197704,1.66781850552411e-08,0.011253072106630414,-inf,nan,ZERO_VALUE_OBSERVED_NOT_PROVED,,UNEVALUATED_SAFE_PROBES_REMAIN,180,180,0,False,9,0,2.3461556999827735
B1_LHS_0187,4.0,medium,0.05121407377107436,0.018437409817606446,0.02293947658777843,0.06039190419015599,0.0008883706059901514,0.351270894226657,0.024133860603159585,regional_responsibility,8,8.191446600523092,8.191446584183437,1.633965496239398e-08,-0.006684367660011898,-inf,nan,ZERO_VALUE_OBSERVED_NOT_PROVED,,UNEVALUATED_SAFE_PROBES_REMAIN,60,60,0,False,9,0,1.1127919999998994
B1_LHS_0188,2.0,low,0.06574187439786269,0.005661732900526706,0.016024629810385656,0.6203738837121067,0.0017870134444479898,0.5135824679694642,0.03396881545724402,resource_economy,8,7.463712667866516,7.46368632516352,2.634270299584074e-05,0.07558279017847382,-inf,nan,ZERO_VALUE_OBSERVED_NOT_PROVED,,UNEVALUATED_SAFE_PROBES_REMAIN,180,180,0,False,9,0,2.2963988999836147
B1_LHS_0189,4.0,low,0.034114082725819214,0.019260790672307807,0.014662065975071635,0.09662788081063328,0.0008124250380975135,0.6604145410779843,0.03481350612787993,balanced,8,4.187712648002015,4.187712629411494,1.859052112251902e-08,-0.007996651129358063,-inf,nan,ZERO_VALUE_OBSERVED_NOT_PROVED,,UNEVALUATED_SAFE_PROBES_REMAIN,60,60,0,False,9,0,1.0970416000054684
B1_LHS_0190,2.0,high,0.06854295704500316,0.019538312843220718,0.027303591709950725,0.5144961837036052,0.0017640162014388526,0.6263944605478803,0.003615756200010038,regional_responsibility,8,6.345327149824798,6.345327147131266,2.6935316199683257e-09,0.03631583759355305,-inf,nan,ZERO_VALUE_PROVED,,REGISTERED_PERFECT_INFORMATION_VALUE_NONPOSITIVE,180,180,0,False,9,0,2.5095304000133183
B1_LHS_0191,2.0,high,0.01764254327260767,0.025751606052676776,0.0069441601828165184,1.2698574392865116,0.0015807950867727408,0.5129898965078745,0.0016286289224798037,resource_economy,8,0.40513563864667607,0.40513564104884886,-2.4021727940137794e-09,0.014344190202222225,-inf,nan,ZERO_VALUE_PROVED,,REGISTERED_PERFECT_INFORMATION_VALUE_NONPOSITIVE,180,180,0,False,9,0,3.562111700011883
B1_LHS_0192,4.0,medium,0.07271324451803665,0.023724416766618,0.027588908305113274,1.254141309543347,0.0009372211577512214,0.44338822760187124,0.0053709471361602455,balanced,8,10.44434289870243,10.44434293034447,-3.164204009920013e-08,0.013785726847460721,-inf,nan,ZERO_VALUE_PROVED,,REGISTERED_PERFECT_INFORMATION_VALUE_NONPOSITIVE,60,60,0,False,9,0,1.2392221000045538
B1_LHS_0193,4.0,low,0.01912946171298065,0.017734260436932787,0.018423645730891485,0.2217958459006956,0.0005659380705121517,0.35558903239704076,0.014575346053859127,regional_responsibility,8,1.4540530950333397,1.454053079648061,1.538527860667216e-08,-0.004341910432496744,-inf,nan,ZERO_VALUE_OBSERVED_NOT_PROVED,,UNEVALUATED_SAFE_PROBES_REMAIN,60,60,0,False,9,0,1.181970600009663
B1_LHS_0194,2.0,low,0.06310342630246678,0.026856209429524745,0.011784226366139936,0.40819712237683903,0.001137163892077735,0.6466115603290166,0.03782538174502775,resource_economy,8,7.424384755485009,7.424384761428529,-5.943520342555075e-09,0.0515338478697902,-inf,nan,ZERO_VALUE_PROVED,,REGISTERED_PERFECT_INFORMATION_VALUE_NONPOSITIVE,180,180,0,False,9,0,2.589760100003332
B1_LHS_0195,2.0,medium,0.07279842602180202,0.028644866026820703,0.01035951877709343,0.1365116557988814,0.0018764844079654742,0.6547515515324808,0.005144246434707217,balanced,8,5.757333879789678,5.757333885074148,-5.28447063885551e-09,0.005253137107902409,-inf,nan,ZERO_VALUE_PROVED,,REGISTERED_PERFECT_INFORMATION_VALUE_NONPOSITIVE,180,180,0,False,9,0,2.495738400000846
B1_LHS_0196,4.0,medium,0.02612228925943065,0.032795978588116774,0.029762629702468072,0.06276728196332765,0.0012023906458795007,0.4966009341974928,0.008220773025912637,regional_responsibility,8,1.912752492948628,1.9127524942575667,-1.3089387351783444e-09,-0.005466013707977686,-inf,nan,ZERO_VALUE_PROVED,,REGISTERED_PERFECT_INFORMATION_VALUE_NONPOSITIVE,60,60,0,False,9,0,1.1551267999748234
B1_LHS_0197,2.0,low,0.020531280586452642,0.0027772050172553357,0.027068871809545307,0.03734828610329368,0.0005334837778405478,0.3009678177657017,0.0017183283288924928,resource_economy,8,0.5470791127742092,0.5470791135328584,-7.586492545286205e-10,-0.0017813356165755922,-inf,nan,ZERO_VALUE_PROVED,,REGISTERED_PERFECT_INFORMATION_VALUE_NONPOSITIVE,180,180,0,False,9,0,2.6991570999962278
B1_LHS_0198,2.0,high,0.044754074381439454,0.016439067599981046,0.014279271551961409,1.2969898860095794,0.0012080070947400262,0.5771051026503777,0.02602076633430602,balanced,8,3.2411042608181075,3.2411042621785375,-1.3604299908820394e-09,0.053977419725664014,-inf,nan,ZERO_VALUE_PROVED,,REGISTERED_PERFECT_INFORMATION_VALUE_NONPOSITIVE,180,180,0,False,9,0,2.5670750999997836
B1_LHS_0199,4.0,medium,0.02005680982194255,0.024032540667946002,0.016589647217674093,0.1402818912568435,0.001214565110647627,0.6329278871897366,0.02545021261858084,regional_responsibility,8,2.51566431934066,2.5156643127966385,6.544021324828009e-09,-0.006134889044197721,-inf,nan,ZERO_VALUE_PROVED,,REGISTERED_PERFECT_INFORMATION_VALUE_NONPOSITIVE,60,60,0,False,9,0,1.1249993999954313
B1_LHS_0200,2.0,low,0.05243715897138365,0.029133154007015955,0.00160322192443587,0.5719431955750423,0.0011629088614386782,0.36494707408509763,0.028932907338564948,resource_economy,8,4.902694093476369,4.902694091411473,2.0648958098945513e-09,0.053107813819598323,-inf,nan,ZERO_VALUE_PROVED,,REGISTERED_PERFECT_INFORMATION_VALUE_NONPOSITIVE,180,180,0,False,9,0,2.281154099997366
B1_LHS_0201,4.0,medium,0.06266490820598948,0.0016225871866368505,0.010154130457760238,0.25705279201008463,0.001743244065109373,0.5832822575018863,0.00769684347809134,balanced,8,7.871272811025738,7.871272813454467,-2.428728329562091e-09,-0.0015005924995941397,-inf,nan,ZERO_VALUE_PROVED,,REGISTERED_PERFECT_INFORMATION_VALUE_NONPOSITIVE,60,60,0,False,9,0,1.063509300001897
B1_LHS_0202,4.0,low,0.01838849985940979,0.03418140887559085,0.011328656921694906,0.6943735503383691,0.0016912233046157872,0.4638477648390241,0.03984148063807598,regional_responsibility,8,4.320095901875168,4.320095906362488,-4.4873207372120305e-09,0.006118199440212921,-inf,nan,ZERO_VALUE_PROVED,,REGISTERED_PERFECT_INFORMATION_VALUE_NONPOSITIVE,60,60,0,False,9,0,1.0529165999905672
B1_LHS_0203,2.0,medium,0.0644059656566846,0.029243598874631196,0.00911413456715623,0.4706621531131065,0.000661568939871773,0.6755240816071462,0.02127636270438994,resource_economy,8,6.148749066705324,6.1487490693600115,-2.6546871367827407e-09,0.04329376742629387,-inf,nan,ZERO_VALUE_PROVED,,REGISTERED_PERFECT_INFORMATION_VALUE_NONPOSITIVE,180,180,0,False,9,0,2.352373900008388
B1_LHS_0204,2.0,high,0.034955967922449066,0.015741347062726348,0.03490275298650003,0.7303204704004239,0.0010671279687063607,0.4085495834611106,0.020838762335172914,balanced,8,2.008309170070276,2.0083091681689136,1.901362622902525e-09,0.02140820272414246,-inf,nan,ZERO_VALUE_PROVED,,REGISTERED_PERFECT_INFORMATION_VALUE_NONPOSITIVE,180,180,0,False,9,0,2.3604010999843013
B1_LHS_0205,4.0,high,0.031045943968785152,0.019329583773142645,0.028465850047498926,0.5515624767710325,0.0008615030873475838,0.46473251953113515,0.036811307169768125,regional_responsibility,8,5.5998856284101395,5.599885624834303,3.575836515778974e-09,0.006131392449384659,-inf,nan,ZERO_VALUE_PROVED,,REGISTERED_PERFECT_INFORMATION_VALUE_NONPOSITIVE,60,60,0,False,9,0,1.0727155999920797
B1_LHS_0206,2.0,medium,0.057765324160297095,0.017295442505487143,0.01097077679401137,1.1075363156370974,0.0011037513167776215,0.5632162555014547,0.024780909729304548,resource_economy,8,5.340543131122168,5.340543128254237,2.8679307817469635e-09,0.09270846627967304,-inf,nan,ZERO_VALUE_PROVED,,REGISTERED_PERFECT_INFORMATION_VALUE_NONPOSITIVE,180,180,0,False,9,0,2.26488979998976
B1_LHS_0207,4.0,high,0.03250649912989962,0.007767404742614351,0.023128685570747255,0.7636146490386946,0.0005674348693536733,0.5411212028047252,0.03811220459608824,balanced,8,4.29786896082203,4.297868930902934,2.9919096533603806e-08,0.007430490636104651,-inf,nan,ZERO_VALUE_OBSERVED_NOT_PROVED,,UNEVALUATED_SAFE_PROBES_REMAIN,60,60,0,False,9,0,1.0772979999892414
B1_LHS_0208,4.0,high,0.051699399549010844,0.0031284688185524907,0.009239140906556368,0.7984562832681472,0.001699502408850183,0.3919700557826363,0.01170288654650527,regional_responsibility,8,7.123424330931192,7.123424310937193,1.9993998456868667e-08,0.010053465593606942,-inf,nan,ZERO_VALUE_OBSERVED_NOT_PROVED,,UNEVALUATED_SAFE_PROBES_REMAIN,60,60,0,False,9,0,1.0739632000040729
B1_LHS_0209,2.0,medium,0.04074575570306979,0.00046928556082402904,0.031648796904404364,0.9747183716476534,0.0010691645049545693,0.30066718111038887,0.021453251153991118,resource_economy,8,2.892546314997482,2.8925463189291114,-3.931629244391388e-09,0.06033804293406442,-inf,nan,ZERO_VALUE_PROVED,,REGISTERED_PERFECT_INFORMATION_VALUE_NONPOSITIVE,180,180,0,False,9,0,2.367216599988751
B1_LHS_0210,4.0,high,0.028657626949195953,0.025110619604019904,0.014865064909317827,1.1292193577971967,0.000983306298076769,0.3865754272370644,0.016185997592068995,balanced,8,2.0841420457662645,2.084142036888609,8.877655499617276e-09,0.004694742399800205,-inf,nan,ZERO_VALUE_PROVED,,REGISTERED_PERFECT_INFORMATION_VALUE_NONPOSITIVE,60,60,0,False,9,0,1.0648525999858975
B1_LHS_0211,4.0,low,0.05043789916977629,0.019106004840345046,0.024891652532246275,0.17610256270196845,0.0010084794786658158,0.3711518613482934,0.012877658475274981,regional_responsibility,8,6.8864411798850576,6.8864411785994575,1.2856000708438842e-09,-0.002502247686154737,-inf,nan,ZERO_VALUE_PROVED,,REGISTERED_PERFECT_INFORMATION_VALUE_NONPOSITIVE,60,60,0,False,9,0,1.1135701000166591
B1_LHS_0212,4.0,medium,0.027273659774345614,0.01586272557636704,0.024791751423997088,0.0656173184725532,0.0008319065322057013,0.6847726985712346,0.029717151560094225,resource_economy,8,2.7937910636389938,2.7937910514877236,1.2151270212257259e-08,-0.008812936057847783,-inf,nan,ZERO_VALUE_OBSERVED_NOT_PROVED,,UNEVALUATED_SAFE_PROBES_REMAIN,60,60,0,False,9,0,1.0631210000137798
B1_LHS_0213,2.0,high,0.01501384569982301,0.002841308099612689,0.00819179837953852,0.11440606915418004,0.0010792065312498988,0.5562880876298908,0.008494341879873914,balanced,8,0.3588221283642986,0.35882215568617704,-2.732187842635625e-08,-0.0016561491089791937,-inf,nan,ZERO_VALUE_PROVED,,REGISTERED_PERFECT_INFORMATION_VALUE_NONPOSITIVE,180,180,0,False,9,0,2.2387846000201534
B1_LHS_0214,2.0,medium,0.03338056028831738,0.004582349475832974,0.004286342281900726,0.9794275829876009,0.0006923400959589737,0.5995815604717806,0.012616398012875167,regional_responsibility,8,1.9026106944726826,1.9026106757037526,1.8768929965773395e-08,0.03579303808907166,-inf,nan,ZERO_VALUE_OBSERVED_NOT_PROVED,,UNEVALUATED_SAFE_PROBES_REMAIN,180,180,0,False,9,0,2.214603599975817
B1_LHS_0215,4.0,low,0.03131703986196878,0.014442843348599542,0.030165369816574146,1.2781997568960606,0.0015703232506512428,0.6839547223867304,0.03466047443238179,resource_economy,8,3.734469847773315,3.7344698648817167,-1.7108401806353868e-08,-0.004374508741385786,-inf,nan,ZERO_VALUE_PROVED,,REGISTERED_PERFECT_INFORMATION_VALUE_NONPOSITIVE,60,60,0,False,9,0,1.0601459000026807
B1_LHS_0216,2.0,medium,0.03606226422353463,0.03170222256127062,0.008667556018808444,1.2304939706593663,0.0013737110952510548,0.6189109609706782,0.021658946900717284,balanced,8,2.1475721112309296,2.147572098734364,1.2496565560127237e-08,0.039001600748194906,-inf,nan,ZERO_VALUE_OBSERVED_NOT_PROVED,,UNEVALUATED_SAFE_PROBES_REMAIN,180,180,0,False,9,0,2.285751399991568
B1_LHS_0217,2.0,high,0.04223575050648278,0.007389991445306278,0.0038963464537335925,0.41888452221523786,0.001973192610454241,0.3572877765836174,0.010863014737834157,regional_responsibility,8,2.7186227444949136,2.7186227428299965,1.6649170930804758e-09,0.01860403309950122,-inf,nan,ZERO_VALUE_PROVED,,REGISTERED_PERFECT_INFORMATION_VALUE_NONPOSITIVE,180,180,0,False,9,0,2.2581114000058733
B1_LHS_0218,2.0,high,0.03364045482201378,0.004191112146003143,0.02078725452762811,0.8282663777959572,0.0015554789378148938,0.40074783074005954,0.03069877688807351,resource_economy,8,2.882329739319198,2.8823297385881115,7.310863026077641e-10,0.06031163055610153,-inf,nan,ZERO_VALUE_PROVED,,REGISTERED_PERFECT_INFORMATION_VALUE_NONPOSITIVE,180,180,0,False,9,0,2.301279200008139
B1_LHS_0219,2.0,high,0.056865042931818106,0.01867496118987211,0.02270449837503721,1.0948894206896658,0.0018312362447947155,0.5029088673251338,0.03826608688303263,balanced,8,5.772213914510342,5.772213909985515,4.524826735519127e-09,0.07019586255049291,-inf,nan,ZERO_VALUE_PROVED,,REGISTERED_PERFECT_INFORMATION_VALUE_NONPOSITIVE,180,180,0,False,9,0,2.4777911999844946
B1_LHS_0220,4.0,high,0.04997078460790487,0.00786176194179777,0.025164863030631528,0.7844017007948975,0.0015294746368815766,0.42640593862581117,0.011470641442564948,regional_responsibility,8,6.66611056925554,6.66611055784575,1.1409790445782164e-08,0.009294802736767437,-inf,nan,ZERO_VALUE_OBSERVED_NOT_PROVED,,UNEVALUATED_SAFE_PROBES_REMAIN,60,60,0,False,9,0,1.162134000012884
B1_LHS_0221,2.0,low,0.016335674663143,0.0279475231009165,0.004409401284347318,0.25560708131255594,0.0007936426666549491,0.6765126525021219,0.00899917283389672,resource_economy,8,0.47542352594310083,0.47542354285901917,-1.6915918332749413e-08,0.0032747540143412365,-inf,nan,ZERO_VALUE_PROVED,,REGISTERED_PERFECT_INFORMATION_VALUE_NONPOSITIVE,180,180,0,False,9,0,2.6001540000142995
B1_LHS_0222,2.0,medium,0.07210297959419207,0.02622103387554563,0.01673247453165992,0.49646184615753497,0.0008201037036724735,0.5535778848338313,0.03138644624341028,balanced,8,7.261939602105086,7.261939589819174,1.228591184343486e-08,0.03372271538692346,-inf,nan,ZERO_VALUE_OBSERVED_NOT_PROVED,,UNEVALUATED_SAFE_PROBES_REMAIN,180,180,0,False,9,0,2.475359399977606
B1_LHS_0223,4.0,low,0.05833178164200495,0.03066158529949362,0.033144662386260466,0.021459047847819823,0.0018150884420622946,0.4509418299881927,0.022188476880988458,regional_responsibility,8,9.954612585301135,9.95461256578801,1.9513125337766724e-08,-0.007728954101575649,-inf,nan,ZERO_VALUE_OBSERVED_NOT_PROVED,,UNEVALUATED_SAFE_PROBES_REMAIN,60,60,0,False,9,0,1.0897895999951288
B1_LHS_0224,2.0,medium,0.05955165765446358,0.01201266269869223,0.006060180351512639,0.5843684254484515,0.0007860121744128855,0.649851535501338,0.0147920396857923,resource_economy,8,4.977020700362892,4.977020694225538,6.1373537363351716e-09,0.042685609193947704,-inf,nan,ZERO_VALUE_PROVED,,REGISTERED_PERFECT_INFORMATION_VALUE_NONPOSITIVE,180,180,0,False,9,0,2.2636351000110153
B1_LHS_0225,2.0,high,0.051595252638794165,0.030003905163098487,0.008083424632223682,0.9489709466507693,0.0008243839213529179,0.5984020503487857,0.03270279704375438,balanced,8,4.555079544255643,4.555079542919239,1.3364038764507313e-09,0.050943234493368204,-inf,nan,ZERO_VALUE_PROVED,,REGISTERED_PERFECT_INFORMATION_VALUE_NONPOSITIVE,180,180,0,False,9,0,2.3276266000175383
B1_LHS_0226,2.0,high,0.020350290842333377,0.006726794768542361,0.0326085267859554,1.103453914989928,0.0008477910632041522,0.373155235967873,0.0072285307044580365,regional_responsibility,8,0.6909140365718173,0.6909140657952996,-2.9223482300722026e-08,0.021208318758114516,-inf,nan,ZERO_VALUE_PROVED,,REGISTERED_PERFECT_INFORMATION_VALUE_NONPOSITIVE,180,180,0,False,9,0,2.5833702000090852
B1_LHS_0227,2.0,medium,0.06899860303614606,0.022810483100138657,0.008482506366070643,0.3172296685321653,0.0017577745314833746,0.44518864344524045,0.028533058175402592,resource_economy,8,7.5272946200372735,7.527260914921764,3.3705115509263806e-05,0.03516299571474955,-inf,nan,ZERO_VALUE_OBSERVED_NOT_PROVED,,UNEVALUATED_SAFE_PROBES_REMAIN,180,180,0,False,9,0,2.4272623999859206
B1_LHS_0228,4.0,medium,0.05395375499923025,0.0007764277819503958,0.02041923064224197,0.3834703489630499,0.0007194086431985244,0.4939583343636606,0.026332996124979757,balanced,8,7.0159503152636296,7.015950297577874,1.7685755970830996e-08,0.0008647561526763312,-inf,nan,ZERO_VALUE_OBSERVED_NOT_PROVED,,UNEVALUATED_SAFE_PROBES_REMAIN,60,60,0,False,9,0,1.4744710999948438
B1_LHS_0229,2.0,low,0.0453821159743083,0.013368223464559539,0.03230850601529248,0.981466770469471,0.0013386303042049294,0.6447093687467498,0.039347292722292954,regional_responsibility,8,6.31530317395815,6.315303171579617,2.3785329261727384e-09,0.08336084604510782,-inf,nan,ZERO_VALUE_PROVED,,REGISTERED_PERFECT_INFORMATION_VALUE_NONPOSITIVE,180,180,0,False,9,0,2.8745894000167027
B1_LHS_0230,4.0,high,0.05706707862049367,0.0053076199337589725,0.033432681180727994,0.04651734458993037,0.0006711023458630185,0.5520024625177656,0.038773058182161334,resource_economy,8,8.890838504965625,8.89083851031941,-5.353784970907327e-09,-0.010030464627343687,-inf,nan,ZERO_VALUE_PROVED,,REGISTERED_PERFECT_INFORMATION_VALUE_NONPOSITIVE,60,60,0,False,9,0,1.1125265999871772
B1_LHS_0231,4.0,high,0.027323943436331793,0.03389862310368186,0.01642364815327653,0.7735427747733837,0.0005430631967613994,0.6047780679707155,0.027828146670010823,balanced,8,2.68212931599242,2.6821292915316755,2.4460744540988344e-08,0.0036507404214812123,-inf,nan,ZERO_VALUE_OBSERVED_NOT_PROVED,,UNEVALUATED_SAFE_PROBES_REMAIN,60,60,0,False,9,0,1.1179371000034735
B1_LHS_0232,2.0,low,0.04388234345599358,0.004962780095886491,0.006874310700308534,0.5271124815230647,0.0016969708449300694,0.5936563864399634,0.022277747056649703,regional_responsibility,8,3.7967963133765195,3.7967962768978802,3.6478639220405285e-08,0.03029047128481184,-inf,nan,ZERO_VALUE_OBSERVED_NOT_PROVED,,UNEVALUATED_SAFE_PROBES_REMAIN,180,180,0,False,9,0,2.628095799998846
B1_LHS_0233,2.0,low,0.019812112759399304,0.01698574511454474,0.0242283654504929,0.2718587556641708,0.0005318543752678156,0.38152601015435805,0.02669679612723367,resource_economy,8,1.5383520948310303,1.5383520956220573,-7.910270216626714e-10,0.01019457112521932,-inf,nan,ZERO_VALUE_PROVED,,REGISTERED_PERFECT_INFORMATION_VALUE_NONPOSITIVE,180,180,0,False,9,0,2.5612931000068784
B1_LHS_0234,4.0,low,0.05075590272018796,0.013415700070669157,0.025875483353948264,0.1275947775949103,0.001882670792508987,0.36003963741816675,0.008320888905951968,balanced,8,5.238574170240623,5.238574145503535,2.4737087933601742e-08,-0.004281007352225681,-inf,nan,ZERO_VALUE_OBSERVED_NOT_PROVED,,UNEVALUATED_SAFE_PROBES_REMAIN,60,60,0,False,9,0,1.2627169000043068
B1_LHS_0235,2.0,high,0.04102204033939028,0.015013563558505486,0.006814783722655321,0.2364282472410646,0.001913367851068071,0.6416672565532555,0.03041425873339495,regional_responsibility,8,4.414202784169297,4.414202763577304,2.0591992999641207e-08,0.012108455950168098,-inf,nan,ZERO_VALUE_OBSERVED_NOT_PROVED,,UNEVALUATED_SAFE_PROBES_REMAIN,180,180,0,False,9,0,2.527809499995783
B1_LHS_0236,4.0,high,0.025479306190342017,0.018584217232949354,0.019087906842236508,0.033538223474044636,0.0018961874361867856,0.6580323060286416,0.023190656432999796,resource_economy,8,2.1141419389009624,2.1141419397402905,-8.393281625274085e-10,-0.008328865292566538,-inf,nan,ZERO_VALUE_PROVED,,REGISTERED_PERFECT_INFORMATION_VALUE_NONPOSITIVE,60,60,0,False,9,0,1.2429246999963652
B1_LHS_0237,2.0,high,0.044931710517227,0.032440723152616625,0.00773238093756337,0.6494080076054033,0.0014567133098180448,0.33596310068819313,0.001202343471887475,balanced,8,2.1647902851600764,2.164790302609795,-1.74497185589928e-08,0.017862590146227823,-inf,nan,ZERO_VALUE_PROVED,,REGISTERED_PERFECT_INFORMATION_VALUE_NONPOSITIVE,180,180,0,False,9,0,2.3247963000030722
B1_LHS_0238,4.0,low,0.04032351112588957,0.0031583606681764888,0.020301926796783127,0.21031521130319378,0.0018437087731186835,0.48047054334776246,0.02565287967925341,regional_responsibility,8,5.796214975593079,5.796214938048505,3.7544574560399724e-08,-0.002696004912907091,-inf,nan,ZERO_VALUE_OBSERVED_NOT_PROVED,,UNEVALUATED_SAFE_PROBES_REMAIN,60,60,0,False,9,0,1.0811906000017188
B1_LHS_0239,4.0,medium,0.07252776885769238,0.002157122452843739,0.017047252315808573,1.0940776886066463,0.0015193693900123664,0.37691970389234947,0.0179766851607572,resource_economy,8,11.254098382159837,11.25385866921357,0.0002397129462679004,0.00025798623878637433,-inf,nan,ZERO_VALUE_OBSERVED_NOT_PROVED,,UNEVALUATED_SAFE_PROBES_REMAIN,60,60,0,False,9,0,1.126595100009581
B1_LHS_0240,2.0,low,0.029400210011524822,0.03023254616299668,0.0013706930031694463,0.08082210229988723,0.001395029889938123,0.3392943989825823,0.039226352661958445,balanced,8,3.1441852468158684,3.1441852460567525,7.591158812658705e-10,-0.0021989520995172353,-inf,nan,ZERO_VALUE_PROVED,,REGISTERED_PERFECT_INFORMATION_VALUE_NONPOSITIVE,180,180,0,False,9,0,2.41449970001122
B1_LHS_0241,4.0,medium,0.03222992496776274,0.0002606682174437128,0.034838797560678605,1.2979926814837268,0.0006517841256046515,0.4688278112587392,0.006760237317320033,regional_responsibility,8,2.7450660444572215,2.7450660290710163,1.538620519880851e-08,0.007259828258068217,-inf,nan,ZERO_VALUE_OBSERVED_NOT_PROVED,,UNEVALUATED_SAFE_PROBES_REMAIN,60,60,0,False,9,0,1.1405606000043917
B1_LHS_0242,2.0,low,0.034290480802902285,0.0273267062915451,0.006530674323358706,1.2194307682508816,0.0008837603334700909,0.46488589377783374,0.018936401311817334,resource_economy,8,2.097455714536978,2.097455711464496,3.072482268606791e-09,0.059355692136910644,-inf,nan,ZERO_VALUE_PROVED,,REGISTERED_PERFECT_INFORMATION_VALUE_NONPOSITIVE,180,180,0,False,9,0,2.435719400004018
B1_LHS_0243,4.0,high,0.046047228095482354,0.005395851317996608,0.009213436630602478,0.9681096396027968,0.001551087558243512,0.5319533012899202,0.030770304747088317,balanced,8,5.794855944410252,5.794855930804676,1.3605576221209503e-08,0.012409930028120035,-inf,nan,ZERO_VALUE_OBSERVED_NOT_PROVED,,UNEVALUATED_SAFE_PROBES_REMAIN,60,60,0,False,9,0,1.09725220000837
B1_LHS_0244,4.0,low,0.06581033132151128,0.003636476472892747,0.017666890469778387,1.2812317791731433,0.00149252544234759,0.43180713792859976,0.008152589305846048,regional_responsibility,8,11.016397247021287,11.016397253480626,-6.45933972975854e-09,0.019762829339099747,-inf,nan,ZERO_VALUE_PROVED,,REGISTERED_PERFECT_INFORMATION_VALUE_NONPOSITIVE,60,60,0,False,9,0,1.125526699994225
B1_LHS_0245,2.0,high,0.054109568513825944,0.0023986016264875426,0.0120549509118764,0.36672483543748546,0.0014587181466119625,0.3908520478948975,0.007400330711114399,resource_economy,8,3.8768340536449433,3.8768340616683554,-8.023412156887844e-09,0.020004107645724946,-inf,nan,ZERO_VALUE_PROVED,,REGISTERED_PERFECT_INFORMATION_VALUE_NONPOSITIVE,180,180,0,False,9,0,2.438503600016702
B1_LHS_0246,2.0,high,0.05935418527039596,0.006855852789943318,0.026445067212938492,1.1816937106364704,0.000707769435442742,0.5203910785327714,0.004487589238115258,balanced,8,3.833881841189609,3.833881855654367,-1.4464757835952469e-08,0.041893745391364645,-inf,nan,ZERO_VALUE_PROVED,,REGISTERED_PERFECT_INFORMATION_VALUE_NONPOSITIVE,180,180,0,False,9,0,2.3385509999934584
B1_LHS_0247,4.0,low,0.0552481661897576,0.013798771343026383,0.0042069210422226175,0.7519139997110428,0.0014381855851481936,0.3195321779028294,0.03178192147659785,regional_responsibility,8,10.344836468317034,10.344836445017666,2.329936776845898e-08,0.017155874451076733,-inf,nan,ZERO_VALUE_OBSERVED_NOT_PROVED,,UNEVALUATED_SAFE_PROBES_REMAIN,60,60,0,False,9,0,1.1508311000070535
B1_LHS_0248,4.0,low,0.049043393510775045,0.024813400769102854,0.001989576070443525,0.43559106931987135,0.0010528482138293623,0.3521924737948322,0.013788822868177588,resource_economy,8,5.116822992082047,5.116823008043938,-1.5961891364213443e-08,-0.0037283026332141935,-inf,nan,ZERO_VALUE_PROVED,,REGISTERED_PERFECT_INFORMATION_VALUE_NONPOSITIVE,60,60,0,False,9,0,1.082627700001467
B1_LHS_0249,2.0,high,0.04776125567383415,0.004865500800783951,0.018560810369215558,0.46517612886566156,0.000849120776074543,0.507327956813398,0.014466652338107835,balanced,8,2.838108214144375,2.8381082061697778,7.974597426851915e-09,0.01594122753440446,-inf,nan,ZERO_VALUE_PROVED,,REGISTERED_PERFECT_INFORMATION_VALUE_NONPOSITIVE,180,180,0,False,9,0,2.2618810999847483
B1_LHS_0250,2.0,low,0.056001979241072086,0.030116360227682704,0.034252152194055224,0.7814360393289921,0.0018846791997583331,0.5749097140804276,0.016981586386101366,regional_responsibility,8,4.976742957921401,4.976742944693398,1.3228002693210783e-08,0.05153037332498323,-inf,nan,ZERO_VALUE_OBSERVED_NOT_PROVED,,UNEVALUATED_SAFE_PROBES_REMAIN,180,180,0,False,9,0,2.294177000003401
B1_LHS_0251,4.0,low,0.02481214570358662,0.031067350015130762,0.004140491830147218,0.8131919537813599,0.0013134403542784795,0.6130742706000043,0.029312616754140652,resource_economy,8,2.4882349305275127,2.488234932673808,-2.1462951416140186e-09,-0.0037764253898558853,-inf,nan,ZERO_VALUE_PROVED,,REGISTERED_PERFECT_INFORMATION_VALUE_NONPOSITIVE,60,60,0,False,9,0,1.0637605999945663
B1_LHS_0252,4.0,high,0.03309773268047834,0.0225336519359637,0.009656921421580991,0.7869270388786275,0.0017321207601964125,0.5147823666456385,0.021494893993786006,balanced,8,2.952819842752203,2.952819812630242,3.012196092555541e-08,0.003716714309242081,-inf,nan,ZERO_VALUE_OBSERVED_NOT_PROVED,,UNEVALUATED_SAFE_PROBES_REMAIN,60,60,0,False,9,0,1.0652630999975372
B1_LHS_0253,2.0,medium,0.021972812746935307,0.03310508622119895,0.02115927365192334,0.38687531735548564,0.0005842654603845763,0.3345924701902592,0.006434144093971808,regional_responsibility,8,0.758912110087358,0.7589121098704324,2.1692558860308964e-10,0.006963970478322973,-inf,nan,ZERO_VALUE_PROVED,,REGISTERED_PERFECT_INFORMATION_VALUE_NONPOSITIVE,180,180,0,False,9,0,2.2307597000035457
B1_LHS_0254,4.0,medium,0.030101429979418854,0.007150620098151045,0.019362871596063525,0.8956537869247764,0.0007222272462583642,0.49707949535233314,0.006167344477102552,resource_economy,8,1.8630692138087697,1.8630692210885793,-7.279809643989665e-09,-0.00387557654651464,-inf,nan,ZERO_VALUE_PROVED,,REGISTERED_PERFECT_INFORMATION_VALUE_NONPOSITIVE,60,60,0,False,9,0,1.073494500014931
B1_LHS_0255,4.0,medium,0.04922329371807477,0.02617654610708059,0.0302353432826454,0.49323134995836165,0.0009491778171008085,0.5816242713854558,0.026500804425436928,balanced,8,6.038285557886983,6.0382855557605355,2.1264474625581897e-09,0.002730954144153374,-inf,nan,ZERO_VALUE_PROVED,,REGISTERED_PERFECT_INFORMATION_VALUE_NONPOSITIVE,60,60,0,False,9,0,1.0898740999982692
B1_LHS_0256,4.0,medium,0.05333639822505915,0.02008786296754274,0.0033777282346980314,0.8620712748658309,0.0005770140765128952,0.4672781194428415,0.002605950124774823,regional_responsibility,8,7.057613743071003,7.057613721736043,2.133495957679088e-08,0.008833067121964465,-inf,nan,ZERO_VALUE_OBSERVED_NOT_PROVED,,UNEVALUATED_SAFE_PROBES_REMAIN,60,60,0,False,9,0,1.1169200000003912
B1_LHS_0257,4.0,high,0.02903879607029997,0.00816066905624688,0.030019348793456486,0.7056007527903461,0.0017248361519925125,0.32937867471006355,0.02274425323735675,resource_economy,8,2.488282463257364,2.48828243900427,2.4253093755532973e-08,-0.003939457894117958,-inf,nan,ZERO_VALUE_OBSERVED_NOT_PROVED,,UNEVALUATED_SAFE_PROBES_REMAIN,60,60,0,False,9,0,1.0890711000247393
B1_LHS_0258,4.0,low,0.02348015551958143,0.010932321519118455,0.0013126751258838263,0.27717536944867416,0.0019866513575499244,0.5661684786746229,0.027337141831499313,balanced,8,2.2276746130291785,2.2276745996536724,1.3375506036084062e-08,-0.004528427486793596,-inf,nan,ZERO_VALUE_OBSERVED_NOT_PROVED,,UNEVALUATED_SAFE_PROBES_REMAIN,60,60,0,False,9,0,1.097105199994985
B1_LHS_0259,2.0,low,0.03394600674403824,0.012724770434958682,0.014014890904397804,0.7019828152127826,0.0014103613375957527,0.5686098641381574,0.030009361775430187,regional_responsibility,8,3.6084166733996583,3.6084166507215762,2.2678082078897432e-08,0.03905975531933216,-inf,nan,ZERO_VALUE_OBSERVED_NOT_PROVED,,UNEVALUATED_SAFE_PROBES_REMAIN,180,180,0,False,9,0,2.3277511000051163
B1_LHS_0260,4.0,medium,0.06180714511968513,0.01518007561618597,0.0018658640226666603,0.11072513477444251,0.0012338549974108908,0.4114205043668462,0.030083272289997992,resource_economy,8,9.148207000431855,9.14820693435128,6.608057390167232e-08,0.0015983792664567252,-inf,nan,ZERO_VALUE_OBSERVED_NOT_PROVED,,UNEVALUATED_SAFE_PROBES_REMAIN,60,60,0,False,9,0,1.0912779000063892
B1_LHS_0261,2.0,medium,0.05485436457556712,0.013516117170588513,0.0010589608543334916,0.01663848286048462,0.000806403294125103,0.4460909600370285,0.018527310359086682,balanced,8,3.851349813201982,3.85134978289006,3.031192230551483e-08,-0.0030524632157462044,-inf,nan,ZERO_VALUE_OBSERVED_NOT_PROVED,,UNEVALUATED_SAFE_PROBES_REMAIN,180,180,0,False,9,0,2.359796099975938
B1_LHS_0262,2.0,medium,0.025862992556196195,0.021973355972631392,0.01031557592223439,0.692555368754728,0.0011941221933401388,0.36401970325298016,0.0367511011267315,regional_responsibility,8,3.878536650914481,3.8785366387830225,1.2131458504427428e-08,0.03632301650092355,-inf,nan,ZERO_VALUE_OBSERVED_NOT_PROVED,,UNEVALUATED_SAFE_PROBES_REMAIN,180,180,0,False,9,0,2.3632261999882758
B1_LHS_0263,2.0,medium,0.031799559050922,0.01788582378734361,0.002574446093192375,0.7118960152127872,0.0015601726438120775,0.5188407827327102,0.03740647373957331,resource_economy,8,3.3574649849284417,3.3574649832215764,1.7068653157537028e-09,0.05982831719898711,-inf,nan,ZERO_VALUE_PROVED,,REGISTERED_PERFECT_INFORMATION_VALUE_NONPOSITIVE,180,180,0,False,9,0,2.2408906999917235
B1_LHS_0264,4.0,medium,0.03839369505233037,0.005444397915404975,0.024435795666297225,0.994512247071055,0.001524694593010004,0.6295140811729678,0.039382596267936776,balanced,8,5.3268010461992965,5.32680104846769,-2.2683934730594046e-09,0.01402000364276195,-inf,nan,ZERO_VALUE_PROVED,,REGISTERED_PERFECT_INFORMATION_VALUE_NONPOSITIVE,60,60,0,False,9,0,1.039062700001523
B1_LHS_0265,2.0,medium,0.06964339851580359,0.0006676092685131089,0.022063667366967243,1.0144430828910096,0.0015979464864335218,0.4731184197564534,0.019223307742106163,regional_responsibility,8,7.511300123023859,7.51130008649791,3.652594937619824e-08,0.08345401834499412,-inf,nan,ZERO_VALUE_OBSERVED_NOT_PROVED,,UNEVALUATED_SAFE_PROBES_REMAIN,180,180,0,False,9,0,2.2137165000021923
B1_LHS_0266,2.0,low,0.054678328033791836,0.0023703123342218267,0.013545310866439406,0.03289240958022445,0.0013541047508484265,0.5777560640129755,0.025739379073584843,resource_economy,8,4.957390345965191,4.9573903642280674,-1.8262876544383744e-08,-0.0012176285142710321,-inf,nan,ZERO_VALUE_PROVED,,REGISTERED_PERFECT_INFORMATION_VALUE_NONPOSITIVE,180,180,0,False,9,0,2.2471999999834225
B1_LHS_0267,4.0,high,0.020897570066313025,0.015168670772709386,0.00961735314218084,0.43018059740820064,0.0015870667872968827,0.6567232921064687,0.02582373077512169,balanced,8,1.8689698880858339,1.8689698810913478,6.994486101419284e-09,-0.002557345804532541,-inf,nan,ZERO_VALUE_PROVED,,REGISTERED_PERFECT_INFORMATION_VALUE_NONPOSITIVE,60,60,0,False,9,0,1.0480014999920968
B1_LHS_0268,4.0,high,0.025713761256700867,0.015700837116585625,0.019921647923920923,0.28786130138841853,0.001216917165818551,0.6623587230200491,0.005950037751368059,regional_responsibility,8,1.7668238250316832,1.7668238411659083,-1.6134225067077068e-08,-0.002666748907893215,-inf,nan,ZERO_VALUE_PROVED,,REGISTERED_PERFECT_INFORMATION_VALUE_NONPOSITIVE,60,60,0,False,9,0,1.0369253999961074
B1_LHS_0269,2.0,high,0.017131793402601424,0.02460287285640055,0.0037212282432365724,0.15283114751696755,0.001728109428751075,0.5972807355806128,0.000284548888465458,resource_economy,8,0.37424112714700936,0.37424115725967766,-3.011266830332815e-08,0.00027134248415498904,-inf,nan,ZERO_VALUE_PROVED,,REGISTERED_PERFECT_INFORMATION_VALUE_NONPOSITIVE,180,180,0,False,9,0,2.1976436999975704
B1_LHS_0270,4.0,medium,0.03803588185846796,0.018290057558013387,0.025623844157694267,0.35364592707319037,0.0016773637079864343,0.4632475432515771,0.005297099245720679,balanced,8,2.9159597808479107,2.91595976735351,1.349440070796959e-08,-0.0020497631460078387,-inf,nan,ZERO_VALUE_OBSERVED_NOT_PROVED,,UNEVALUATED_SAFE_PROBES_REMAIN,60,60,0,False,9,0,1.0748102999932598
B1_LHS_0271,2.0,low,0.02372009016198665,0.008323625321472529,0.03293177063873736,0.4803557061025537,0.0010355245730702249,0.3418587782698371,0.004044906107529874,regional_responsibility,8,0.8042555055926233,0.804255509376572,-3.783948709923379e-09,0.00989092411578811,-inf,nan,ZERO_VALUE_PROVED,,REGISTERED_PERFECT_INFORMATION_VALUE_NONPOSITIVE,180,180,0,False,9,0,2.4766270000254735
B1_LHS_0272,4.0,medium,0.06698254896452946,0.008751456539904537,0.027107874932305088,0.3832820972522658,0.0010313627265257012,0.46193926973759925,0.02957032823570901,resource_economy,8,10.519618246089513,10.518407814800511,0.0012104312890013347,0.019553201419598924,-inf,nan,ZERO_VALUE_OBSERVED_NOT_PROVED,,UNEVALUATED_SAFE_PROBES_REMAIN,60,60,0,False,9,0,1.133894099999452
B1_LHS_0273,2.0,high,0.058801404073037807,0.014205597282299502,0.01636918990620845,0.2817418228032233,0.0019841401502355745,0.324014668480317,0.029948571175653336,balanced,8,5.193433623988605,5.193433623314372,6.742331137843394e-10,0.01349884260390178,-inf,nan,ZERO_VALUE_PROVED,,REGISTERED_PERFECT_INFORMATION_VALUE_NONPOSITIVE,180,180,0,False,9,0,2.6177509999834
B1_LHS_0274,2.0,high,0.06545581884594373,0.015525379119963198,0.032524164354557294,1.2093159323500144,0.001486616889288938,0.6211582414022492,0.01938392069724717,regional_responsibility,8,6.754900370123991,6.754900379125789,-9.001797529606392e-09,0.09150606442477167,-inf,nan,ZERO_VALUE_PROVED,,REGISTERED_PERFECT_INFORMATION_VALUE_NONPOSITIVE,180,180,0,False,9,0,2.4368058999825735
B1_LHS_0275,2.0,low,0.05294824101926452,0.032225513470146246,0.028318453314877312,0.8423565492830113,0.0014713525373134975,0.5347126746190719,0.016339393259621044,resource_economy,8,4.09213657038685,4.092136570212211,1.7463896995195682e-10,0.05585129318225255,-inf,nan,ZERO_VALUE_PROVED,,REGISTERED_PERFECT_INFORMATION_VALUE_NONPOSITIVE,180,180,0,False,9,0,2.3845593000005465
B1_LHS_0276,2.0,high,0.029506625409965303,0.001132812112864314,0.004789256583285123,0.7369868715958593,0.0017659090443536375,0.5755454560886035,0.010859098101252233,balanced,8,1.1436477244894356,1.143647731987998,-7.498562437646683e-09,0.014290362359491965,-inf,nan,ZERO_VALUE_PROVED,,REGISTERED_PERFECT_INFORMATION_VALUE_NONPOSITIVE,180,180,0,False,9,0,2.428779800015036
B1_LHS_0277,2.0,medium,0.058640196016390346,0.00525833595195679,0.026722523681023205,0.6189320831505073,0.0018660699398807827,0.6942603220357488,0.02066548409164435,regional_responsibility,8,5.720816918124363,5.720816920892798,-2.7684343706368963e-09,0.04581412009960665,-inf,nan,ZERO_VALUE_PROVED,,REGISTERED_PERFECT_INFORMATION_VALUE_NONPOSITIVE,180,180,0,False,9,0,2.3741621999943163
B1_LHS_0278,4.0,low,0.04760090578900701,0.018872714665419867,0.000706586380556476,1.2599577445430612,0.0017113334495430681,0.40738359393852897,0.02175382807751564,resource_economy,8,5.31494782561168,5.314947826689322,-1.0776419756552968e-09,-0.0033409263892182186,-inf,nan,ZERO_VALUE_PROVED,,REGISTERED_PERFECT_INFORMATION_VALUE_NONPOSITIVE,60,60,0,False,9,0,1.1269841000030283
B1_LHS_0279,2.0,high,0.06221740067245368,0.02779927933184239,0.01756206311288451,0.7718465948600616,0.0005905416831902141,0.49488544138840723,0.03610736930862903,balanced,8,6.256911454118524,6.256911434488195,1.9630328473851932e-08,0.05109771084364993,-inf,nan,ZERO_VALUE_OBSERVED_NOT_PROVED,,UNEVALUATED_SAFE_PROBES_REMAIN,180,180,0,False,9,0,2.2406589000020176
B1_LHS_0280,2.0,high,0.05062380333469762,0.019454456647724546,0.029174322523993414,1.081268018790701,0.001611729132383726,0.5858667958771633,0.012278952209851668,regional_responsibility,8,3.8591478113330084,3.859147801969886,9.363122277505909e-09,0.05672765483859442,-inf,nan,ZERO_VALUE_PROVED,,REGISTERED_PERFECT_INFORMATION_VALUE_NONPOSITIVE,180,180,0,False,9,0,2.379588200012222
B1_LHS_0281,4.0,low,0.049696847398306224,0.027642131395416585,0.023541326640540233,0.639545119423548,0.0005010674859212568,0.4197310084071092,0.0027210133698468866,resource_economy,8,4.834630611480792,4.834630609823605,1.6571872762938256e-09,-0.002630575418406138,-inf,nan,ZERO_VALUE_PROVED,,REGISTERED_PERFECT_INFORMATION_VALUE_NONPOSITIVE,60,60,0,False,9,0,1.0483715999871492
B1_LHS_0282,4.0,high,0.031203220697654167,0.02949544424364566,0.020940983508312958,0.10523100625088425,0.0006043645617352534,0.5008812537940242,0.029421719688029497,balanced,8,3.2920295398020194,3.2920295041422993,3.5659720065694955e-08,-0.007385573192552558,-inf,nan,ZERO_VALUE_OBSERVED_NOT_PROVED,,UNEVALUATED_SAFE_PROBES_REMAIN,60,60,0,False,9,0,1.1029624000075273
B1_LHS_0283,4.0,high,0.07102955441947005,0.03148605468167466,0.01078205956177681,1.0660756062747445,0.0013334395530180197,0.3358669282889036,0.014230886717365514,regional_responsibility,8,13.270709369272078,13.270709359819401,9.452676863475062e-09,0.02157073512624906,-inf,nan,ZERO_VALUE_PROVED,,REGISTERED_PERFECT_INFORMATION_VALUE_NONPOSITIVE,60,60,0,False,9,0,1.076237500004936
B1_LHS_0284,4.0,medium,0.05928849120951237,0.0018497894247561228,0.000526804615202857,1.215902310375291,0.0005391333074474671,0.5575542486320844,0.032344469509130454,resource_economy,8,8.735536931136123,8.735262348287382,0.0002745828487409341,-0.0032254154154325787,-inf,nan,ZERO_VALUE_OBSERVED_NOT_PROVED,,UNEVALUATED_SAFE_PROBES_REMAIN,60,60,0,False,9,0,1.072884499997599
B1_LHS_0285,4.0,low,0.019473929641620348,0.028316812346365176,0.012396160676197601,1.0998521192521673,0.0018389293360427624,0.6229396061795608,0.027894441831699632,balanced,8,1.89744798510462,1.8974479892396805,-4.135060516219369e-09,0.005299879992025476,-inf,nan,ZERO_VALUE_PROVED,,REGISTERED_PERFECT_INFORMATION_VALUE_NONPOSITIVE,60,60,0,False,9,0,1.0435620000062045
B1_LHS_0286,2.0,medium,0.018963127933790496,0.020485803510316532,0.02198318712110846,0.8473421505108785,0.0014213003711436383,0.42811703553071995,0.028860402581786446,regional_responsibility,8,2.313197692759871,2.3131835127141156,1.4180045755374238e-05,0.03097353818797787,-inf,nan,ZERO_VALUE_OBSERVED_NOT_PROVED,,UNEVALUATED_SAFE_PROBES_REMAIN,180,180,0,False,9,0,2.2518241000070702
B1_LHS_0287,2.0,medium,0.02230830967204417,0.0281591668093873,0.02615180437545192,0.9968068459869407,0.0019044622216944085,0.3459029202979187,0.015597628194549665,resource_economy,8,1.0222692101644368,1.0222692106766262,-5.1218940200215e-10,0.03385263454242071,-inf,nan,ZERO_VALUE_PROVED,,REGISTERED_PERFECT_INFORMATION_VALUE_NONPOSITIVE,180,180,0,False,9,0,2.266187000001082
B1_LHS_0288,4.0,low,0.04716408900514279,0.011387910635275804,0.021109135947432286,0.427330018097902,0.0016288423456152987,0.5403536939296277,0.026932176385016517,balanced,8,5.66953560638594,5.669535611108468,-4.722527258138598e-09,0.0010536772853933663,-inf,nan,ZERO_VALUE_PROVED,,REGISTERED_PERFECT_INFORMATION_VALUE_NONPOSITIVE,60,60,0,False,9,0,1.0716126000043005
B1_LHS_0289,2.0,low,0.06826840942722182,0.0030425663946290014,0.019879697667033954,0.1585947012993233,0.0005446393369876002,0.5704511887278239,0.03405433115759749,regional_responsibility,8,9.095002109233986,9.095002107346252,1.887734413230646e-09,0.013408350393341349,-inf,nan,ZERO_VALUE_PROVED,,REGISTERED_PERFECT_INFORMATION_VALUE_NONPOSITIVE,180,180,0,False,9,0,2.32547079998767
B1_LHS_0290,4.0,high,0.0357109014865887,0.009531258157426425,0.02855754786002544,0.45792527951847894,0.0008646380836943763,0.5377655439792319,0.02552598854486419,resource_economy,8,3.573697058712859,3.573697062135401,-3.4225418055200407e-09,-0.004421922200292498,-inf,nan,ZERO_VALUE_PROVED,,REGISTERED_PERFECT_INFORMATION_VALUE_NONPOSITIVE,60,60,0,False,9,0,1.09730419999687
B1_LHS_0291,2.0,high,0.056682649725407076,0.01105488999324592,0.03115716727768053,1.2431073435008577,0.0010285899305382937,0.657337445024586,0.012078763962538127,balanced,8,3.74798205298884,3.7479820838299993,-3.08411594041047e-08,0.04723556670917569,-inf,nan,ZERO_VALUE_PROVED,,REGISTERED_PERFECT_INFORMATION_VALUE_NONPOSITIVE,180,180,0,False,9,0,2.2689488000178244
B1_LHS_0292,4.0,medium,0.038878680366754625,0.02204108019723318,0.0057734617000696304,0.47702067883369503,0.001388109056910681,0.5528140428340409,0.0006230363752960132,regional_responsibility,8,3.719083795703791,3.7190837860804873,9.623303931505234e-09,0.0009875480712103098,-inf,nan,ZERO_VALUE_PROVED,,REGISTERED_PERFECT_INFORMATION_VALUE_NONPOSITIVE,60,60,0,False,9,0,1.0960922999947798
B1_LHS_0293,2.0,low,0.06355264404577035,0.01664621143238738,0.016934998930237928,0.8163997164531198,0.0010139290392543049,0.3189453882024681,0.023521539212452917,resource_economy,8,6.166986046439283,6.166986047696842,-1.2575585017771118e-09,0.07552328288421135,-inf,nan,ZERO_VALUE_PROVED,,REGISTERED_PERFECT_INFORMATION_VALUE_NONPOSITIVE,180,180,0,False,9,0,2.7904517000133637
B1_LHS_0294,2.0,medium,0.07041070777928479,0.01076401429156085,0.008859932041818534,1.1944918496668926,0.001357387204764695,0.44892688962700844,0.038497390543079456,balanced,8,7.7372244394832785,7.737224414713302,2.4769976292304818e-08,0.09089867515576784,-inf,nan,ZERO_VALUE_OBSERVED_NOT_PROVED,,UNEVALUATED_SAFE_PROBES_REMAIN,180,180,0,False,9,0,3.1800341999914963
B1_LHS_0295,2.0,low,0.04323583704519923,0.024270219007108462,0.007382541295900577,0.8989145520283212,0.00148255069555322,0.5594413361103607,0.00861798478076657,regional_responsibility,8,2.724395740837805,2.724395736116156,4.7216488496815145e-09,0.03801289514556904,-inf,nan,ZERO_VALUE_PROVED,,REGISTERED_PERFECT_INFORMATION_VALUE_NONPOSITIVE,180,180,0,False,9,0,2.509588499990059
B1_LHS_0296,4.0,high,0.026863398935752233,0.02842007684971791,0.028773031869266552,1.0090205286305372,0.0016666616041858058,0.39886621978086934,0.02214142749337485,resource_economy,8,2.197567791383104,2.1975677596204224,3.176268181803721e-08,-0.004135981270241721,-inf,nan,ZERO_VALUE_OBSERVED_NOT_PROVED,,UNEVALUATED_SAFE_PROBES_REMAIN,60,60,0,False,9,0,1.1232611000014003
B1_LHS_0297,4.0,medium,0.028350748974678187,0.019391875127405353,0.028234268379674188,1.1764287048808861,0.0018635933585112,0.5433198651259881,0.03320471306545324,balanced,8,3.2659452673500877,3.265945269842957,-2.492869466408365e-09,0.010923671890599406,-inf,nan,ZERO_VALUE_PROVED,,REGISTERED_PERFECT_INFORMATION_VALUE_NONPOSITIVE,60,60,0,False,9,0,1.1968908999988344
B1_LHS_0298,4.0,low,0.06661457488645617,0.020164813439969214,0.03442226477398526,0.3804175227086487,0.001970482537207753,0.5697764689251097,0.004584890462308398,regional_responsibility,8,11.073482900369891,11.073482905561303,-5.191411744931429e-09,0.0037537051595782052,-inf,nan,ZERO_VALUE_PROVED,,REGISTERED_PERFECT_INFORMATION_VALUE_NONPOSITIVE,60,60,0,False,9,0,1.1305069999943953
B1_LHS_0299,4.0,high,0.05884195213242564,0.006555670392883594,0.008683912026828824,0.16138219340317075,0.0009047779448970079,0.38300807703730233,0.022423909374009367,resource_economy,8,7.764008134712559,7.764008119831252,1.488130685345368e-08,-0.004321866644551684,-inf,nan,ZERO_VALUE_OBSERVED_NOT_PROVED,,UNEVALUATED_SAFE_PROBES_REMAIN,60,60,0,False,9,0,1.0643747000140138
B1_LHS_0300,2.0,medium,0.04821891398521288,0.010254673176932275,0.024491405476181904,0.6770814094705679,0.0007157724000532526,0.6508420944397214,0.016530573011562185,balanced,8,2.9886563843788143,2.9886563888879407,-4.509126405594088e-09,0.0246277513795197,-inf,nan,ZERO_VALUE_PROVED,,REGISTERED_PERFECT_INFORMATION_VALUE_NONPOSITIVE,180,180,0,False,9,0,2.327035199996317
B1_LHS_0301,4.0,high,0.027452266615784995,0.02604499508471464,0.001122650468714797,0.7969702496801339,0.0013457904113167213,0.31088419559391606,0.0017285023853394286,regional_responsibility,8,1.8772877983505867,1.8772877645045074,3.384607927259253e-08,0.0016238088434094291,-inf,nan,ZERO_VALUE_OBSERVED_NOT_PROVED,,UNEVALUATED_SAFE_PROBES_REMAIN,60,60,0,False,9,0,1.123762400005944
B1_LHS_0302,4.0,medium,0.03961738004328373,0.0029159723920799585,0.010613730414055573,1.1325092437674245,0.000527250727675758,0.64412041627595,0.031919929509010944,resource_economy,8,4.711854889589156,4.711854875528363,1.4060792530301569e-08,-0.0034879174706952234,-inf,nan,ZERO_VALUE_OBSERVED_NOT_PROVED,,UNEVALUATED_SAFE_PROBES_REMAIN,60,60,0,False,9,0,1.0736938000191003
B1_LHS_0303,4.0,low,0.029855988037883092,0.02033922399217736,0.02129853194149473,0.3772477974934967,0.0009944300050800771,0.48207242489336477,0.03287257761185476,balanced,8,3.4227034666259453,3.422703465657279,9.686664803609801e-10,-0.0018162299409632925,-inf,nan,ZERO_VALUE_PROVED,,REGISTERED_PERFECT_INFORMATION_VALUE_NONPOSITIVE,60,60,0,False,9,0,1.039489600021625
B1_LHS_0304,2.0,medium,0.04667340698930554,0.02237648782708463,0.01819961584266799,0.40489019830400497,0.0018102481911313648,0.3323340328265927,0.009508752484828728,regional_responsibility,8,3.1848194571198927,3.1848194693874827,-1.2267590054904076e-08,0.01992393541626258,-inf,nan,ZERO_VALUE_PROVED,,REGISTERED_PERFECT_INFORMATION_VALUE_NONPOSITIVE,180,180,0,False,9,0,2.193478300003335
B1_LHS_0305,2.0,medium,0.060734244999127045,0.00039921432756352156,0.01575255709622759,0.9923412647273019,0.0019774149482145926,0.5279731710802573,0.0023631400363866915,resource_economy,8,4.726476295899565,4.726476366433703,-7.053413764168681e-08,0.04651477995668639,-inf,nan,ZERO_VALUE_PROVED,,REGISTERED_PERFECT_INFORMATION_VALUE_NONPOSITIVE,180,180,0,False,9,0,2.2529770999972243
B1_LHS_0306,2.0,low,0.06912654530956816,0.011835070024674349,0.01629501248396326,1.1445058080163315,0.0012701505799361263,0.3207983783380863,0.027694592361848347,balanced,8,6.462735323186459,6.462735317582633,5.603825847799726e-09,0.07176914302753015,-inf,nan,ZERO_VALUE_PROVED,,REGISTERED_PERFECT_INFORMATION_VALUE_NONPOSITIVE,180,180,0,False,9,0,2.203714699979173
B1_LHS_0307,4.0,medium,0.0591790961567723,0.03117156729826722,0.03130327812751326,1.247420443352614,0.0006315993172890126,0.5715752561121464,0.027245460301655235,regional_responsibility,8,10.848968158212704,10.848968124512588,3.3700116475188224e-08,0.026771447008709787,-inf,nan,ZERO_VALUE_OBSERVED_NOT_PROVED,,UNEVALUATED_SAFE_PROBES_REMAIN,60,60,0,False,9,0,1.100859500002116
B1_LHS_0308,2.0,high,0.02754258630704727,0.007200305822754516,0.016098672275540956,0.820858594230619,0.0006262824856714648,0.664776403053549,0.005466585792424862,resource_economy,8,1.0346742465538892,1.0346742450371111,1.5167780365032968e-09,0.021009454966829863,-inf,nan,ZERO_VALUE_PROVED,,REGISTERED_PERFECT_INFORMATION_VALUE_NONPOSITIVE,180,180,0,False,9,0,2.2979545000125654
B1_LHS_0309,2.0,medium,0.04124526631261008,0.006628772026841659,0.021452979321492895,1.2691514571119404,0.0006488618042437582,0.5653613333050782,0.023250332787447783,balanced,8,2.702151722579171,2.7021517224909695,8.820144614674064e-11,0.046565064073097066,-inf,nan,ZERO_VALUE_PROVED,,REGISTERED_PERFECT_INFORMATION_VALUE_NONPOSITIVE,180,180,0,False,9,0,2.2276773000194225
B1_LHS_0310,4.0,medium,0.025961117397092125,0.026333131060226805,0.005169273824630954,0.08359370501722713,0.001504588940882941,0.5917333089641088,0.007306340231451569,regional_responsibility,8,1.8517713169038517,1.8517712932264456,2.3677406035815807e-08,-0.005091045486359918,-inf,nan,ZERO_VALUE_OBSERVED_NOT_PROVED,,UNEVALUATED_SAFE_PROBES_REMAIN,60,60,0,False,9,0,1.0466278999811038
B1_LHS_0311,4.0,medium,0.026501616598473943,0.005029881652689563,0.014339751047432653,0.3277204405577616,0.0013172325849231457,0.6881222396330003,0.010035330955812452,resource_economy,8,1.5725916100910953,1.5725916212627504,-1.1171655156516636e-08,-0.004941257290480713,-inf,nan,ZERO_VALUE_PROVED,,REGISTERED_PERFECT_INFORMATION_VALUE_NONPOSITIVE,60,60,0,False,9,0,1.0522448000265285
B1_LHS_0312,4.0,high,0.0674007294144705,0.021356096556719006,0.02326224791206017,0.5745982474329991,0.001619627920569107,0.6708324158200474,0.002087572305142,balanced,8,8.880644717901841,8.880644722044604,-4.142762577430403e-09,0.0035970553045764873,-inf,nan,ZERO_VALUE_PROVED,,REGISTERED_PERFECT_INFORMATION_VALUE_NONPOSITIVE,60,60,0,False,9,0,1.0722309999982826
B1_LHS_0313,4.0,medium,0.06929584918247103,0.0059038836919910725,0.0023763411954652023,0.19877150574047583,0.0010633431063419448,0.5613998298093561,0.0015004089217988872,regional_responsibility,8,11.830221512805279,11.830221464944845,4.786043383830929e-08,-0.00026944557454210843,-inf,nan,ZERO_VALUE_OBSERVED_NOT_PROVED,,UNEVALUATED_SAFE_PROBES_REMAIN,60,60,0,False,9,0,1.051842899993062
B1_LHS_0314,2.0,high,0.0249964187788614,0.03138446177665754,0.00445357511538338,0.8498578056270375,0.0011617647598093747,0.4171721462136139,0.009803309296938977,resource_economy,8,0.970608931276317,0.9706089305419271,7.343898822398387e-10,0.024454630828199448,-inf,nan,ZERO_VALUE_PROVED,,REGISTERED_PERFECT_INFORMATION_VALUE_NONPOSITIVE,180,180,0,False,9,0,2.256480800017016
B1_LHS_0315,2.0,medium,0.022832964308999844,0.014511832759281815,0.015345585691983634,0.4524031942967625,0.0007684341661771366,0.6517642375189083,0.03996837980547191,balanced,8,2.8080391643336617,2.8080391578155606,6.51810116991669e-09,0.011572450805658104,-inf,nan,ZERO_VALUE_PROVED,,REGISTERED_PERFECT_INFORMATION_VALUE_NONPOSITIVE,180,180,0,False,9,0,2.3425531999964733
B1_LHS_0316,2.0,low,0.06505835384597083,0.00251355302833547,0.03105192679412792,0.23939521070331826,0.0012966952322459218,0.5211713264615925,0.023784447987605234,regional_responsibility,8,7.135904523383571,7.135904498537619,2.4845951962504387e-08,0.01920249177250837,-inf,nan,ZERO_VALUE_OBSERVED_NOT_PROVED,,UNEVALUATED_SAFE_PROBES_REMAIN,180,180,0,False,9,0,2.3570015000004787
B1_LHS_0317,2.0,low,0.05190178577239007,0.025546369504580484,0.006602077004312892,1.0157817088110759,0.0009304455076152979,0.30528264331231175,0.01218891133902652,resource_economy,8,3.749896422544749,3.7498964101555132,1.2389235859444625e-08,0.05615767311538787,-inf,nan,ZERO_VALUE_OBSERVED_NOT_PROVED,,UNEVALUATED_SAFE_PROBES_REMAIN,180,180,0,False,9,0,2.2404587999917567
B1_LHS_0318,2.0,high,0.0687136148859803,0.005724813233053249,0.023394212455609242,0.6570633811413944,0.0015538387670526344,0.4527062952800957,0.012522013713152693,balanced,8,5.4047356525436605,5.404735703107741,-5.056408092229958e-08,0.033580579008610605,-inf,nan,ZERO_VALUE_PROVED,,REGISTERED_PERFECT_INFORMATION_VALUE_NONPOSITIVE,180,180,0,False,9,0,2.2037338000081945
B1_LHS_0319,4.0,low,0.04252886578889302,0.030438417486909168,0.009563862812527375,0.9516192485449979,0.001371005128836029,0.4160896484179603,0.030471798853259742,regional_responsibility,8,6.9067796197870255,6.906779576780317,4.300670841672627e-08,0.01638305713321321,-inf,nan,ZERO_VALUE_OBSERVED_NOT_PROVED,,UNEVALUATED_SAFE_PROBES_REMAIN,60,60,0,False,9,0,1.0388710999977775
B1_LHS_0320,2.0,high,0.05683026865006318,0.03392904810377179,0.007663745018890234,0.07511836435741122,0.0005378220268824291,0.3385160864324008,0.03524970598594506,resource_economy,8,6.142694624077474,6.142694602913392,2.1164082042446353e-08,0.0041163705494024145,-inf,nan,ZERO_VALUE_OBSERVED_NOT_PROVED,,UNEVALUATED_SAFE_PROBES_REMAIN,180,180,0,False,9,0,2.168930299987551
B1_LHS_0321,4.0,high,0.05281986433020022,0.01716125141568422,0.030623763788875973,0.8552477359984921,0.0014428177461068411,0.629852459733379,0.03956686834642955,balanced,8,8.102575330989461,8.102575305405935,2.558352640846806e-08,0.015426590841594577,-inf,nan,ZERO_VALUE_OBSERVED_NOT_PROVED,,UNEVALUATED_SAFE_PROBES_REMAIN,60,60,0,False,9,0,1.0422335999901406
B1_LHS_0322,4.0,low,0.04813930304013882,0.02130667821460612,0.026989177831368064,0.911578654405408,0.0018330977467033423,0.5176223033696954,0.015930939070014926,regional_responsibility,8,6.56233940560319,6.562339411165104,-5.5619144845309165e-09,0.012063836937335091,-inf,nan,ZERO_VALUE_PROVED,,REGISTERED_PERFECT_INFORMATION_VALUE_NONPOSITIVE,60,60,0,False,9,0,1.0322477000008803
B1_LHS_0323,2.0,medium,0.02714653735237011,0.01723732680914976,0.02125009275772056,1.0589084617013058,0.0019488581734594828,0.3828101382922919,0.019579701344731634,resource_economy,8,1.5472873649983472,1.5472873692081903,-4.209843140756675e-09,0.04714673626884392,-inf,nan,ZERO_VALUE_PROVED,,REGISTERED_PERFECT_INFORMATION_VALUE_NONPOSITIVE,180,180,0,False,9,0,2.219887599989306
B1_LHS_0324,2.0,medium,0.03938558991705922,0.028530515801213872,0.01295620982045699,1.2023482799294152,0.0018175330673840025,0.49256626397086833,0.0359821822259762,balanced,8,3.610833975312229,3.610833976440393,-1.1281637846138892e-09,0.055898292158737296,-inf,nan,ZERO_VALUE_PROVED,,REGISTERED_PERFECT_INFORMATION_VALUE_NONPOSITIVE,180,180,0,False,9,0,2.201295199978631
B1_LHS_0325,2.0,medium,0.02040650289477136,0.0086750424034719,0.0022298389723742844,0.10730762989098486,0.0008089751052328198,0.31171922826383985,0.03540239744333082,regional_responsibility,8,3.293373296473258,3.2933732884196365,8.053621325387894e-09,-0.0003284191150498819,-inf,nan,ZERO_VALUE_PROVED,,REGISTERED_PERFECT_INFORMATION_VALUE_NONPOSITIVE,180,180,0,False,9,0,2.230982800014317
B1_LHS_0326,4.0,medium,0.04421043088806179,0.013073559218206245,0.016666183289494714,0.004943271271570152,0.0005797491857382035,0.6795096742807387,0.0007386089187535747,resource_economy,8,3.7943311137669413,3.7943310999148503,1.3852091029775693e-08,-0.0050794031432898215,-inf,nan,ZERO_VALUE_OBSERVED_NOT_PROVED,,UNEVALUATED_SAFE_PROBES_REMAIN,60,60,0,False,9,0,1.0654247000056785
B1_LHS_0327,2.0,high,0.050163188743209186,0.03174466335578166,0.011482177895761345,0.866270334348322,0.0017418477657387926,0.578786278673499,0.02033399986245743,balanced,8,3.418018182682842,3.418018180362311,2.3205313226526414e-09,0.03580015636572508,-inf,nan,ZERO_VALUE_PROVED,,REGISTERED_PERFECT_INFORMATION_VALUE_NONPOSITIVE,180,180,0,False,9,0,2.2220193999819458
B1_LHS_0328,4.0,medium,0.06688997191477103,0.021744126559683073,0.01551375721943334,1.0443621394234583,0.0007652261154545092,0.4406229948088277,0.023387378898587267,regional_responsibility,8,12.82384191125907,12.82384194518165,-3.3922580300327354e-08,0.024287458421601012,-inf,nan,ZERO_VALUE_PROVED,,REGISTERED_PERFECT_INFORMATION_VALUE_NONPOSITIVE,60,60,0,False,9,0,1.0510422999795992
B1_LHS_0329,2.0,high,0.07439186589643781,0.02154606214001629,0.006730274772356187,0.03871283738359424,0.0017065154196475598,0.45958612097451645,0.007171140735939015,resource_economy,8,7.231721241600234,7.231721360105504,-1.1850526959733543e-07,0.011156823767624996,-inf,nan,ZERO_VALUE_PROVED,,REGISTERED_PERFECT_INFORMATION_VALUE_NONPOSITIVE,180,180,0,False,9,0,2.1893584999779705
B1_LHS_0330,2.0,low,0.02531179812659106,0.031191936269640386,0.003193664448769311,0.02670031592277464,0.0016823536464732546,0.44065298047356904,0.035591220193601766,balanced,8,2.5034144391391884,2.5034144373969878,1.7422006060030526e-09,-0.004395638707639779,-inf,nan,ZERO_VALUE_PROVED,,REGISTERED_PERFECT_INFORMATION_VALUE_NONPOSITIVE,180,180,0,False,9,0,2.169360300002154
B1_LHS_0331,2.0,low,0.023315533428124008,0.03339832390981389,0.013648147683992553,0.018129545835537615,0.000836630637103207,0.5792055147900779,0.0010158412491667907,regional_responsibility,8,0.7321754765370603,0.7321755587741795,-8.223711922550336e-08,-0.002088774763038227,-inf,nan,ZERO_VALUE_PROVED,,REGISTERED_PERFECT_INFORMATION_VALUE_NONPOSITIVE,180,180,0,False,9,0,2.1678733000007924
B1_LHS_0332,4.0,high,0.043772720228939924,0.016174952676742044,0.0349441042642162,0.07657972990753951,0.0008798171662712838,0.4344426555900282,0.033135801693705155,resource_economy,8,5.542230840129739,5.5422308501546755,-1.0024936436536791e-08,-0.008851335493393698,-inf,nan,ZERO_VALUE_PROVED,,REGISTERED_PERFECT_INFORMATION_VALUE_NONPOSITIVE,60,60,0,False,9,0,1.0379798999929335
B1_LHS_0333,2.0,high,0.03671263543398373,0.019878585252618864,0.0014446461421315493,0.47366679433320336,0.0014126993322327369,0.36200830866479405,0.009244930407645612,balanced,8,1.6139313025287465,1.6139313007913705,1.7373760208272415e-09,0.011025754345863819,-inf,nan,ZERO_VALUE_PROVED,,REGISTERED_PERFECT_INFORMATION_VALUE_NONPOSITIVE,180,180,0,False,9,0,2.197848599986173
B1_LHS_0334,2.0,high,0.0427524707900772,0.03053551342842391,0.00520907983867479,0.5026024394565802,0.0006057058999901885,0.4978000511529914,0.010120172936059511,regional_responsibility,8,2.7395750223454574,2.739575031754445,-9.408987811099223e-09,0.022592652478058733,-inf,nan,ZERO_VALUE_PROVED,,REGISTERED_PERFECT_INFORMATION_VALUE_NONPOSITIVE,180,180,0,False,9,0,2.1846196000115015
B1_LHS_0335,2.0,low,0.05257945858880173,0.03483006468092425,0.0009033343737458446,1.2004952595506062,0.0012664276797205113,0.5294154724705628,0.03373762455291433,resource_economy,8,5.3677241383984695,5.367724131295211,7.103258425900094e-09,0.11608492379281474,-inf,nan,ZERO_VALUE_PROVED,,REGISTERED_PERFECT_INFORMATION_VALUE_NONPOSITIVE,180,180,0,False,9,0,2.2423440999991726
B1_LHS_0336,2.0,medium,0.06945346211050932,0.012812069784440527,0.003940157429739069,0.8977241605954449,0.0017898969087070673,0.5477426034339925,0.038845701419068616,balanced,8,7.627014481731141,7.627014470384895,1.1346245720744719e-08,0.06856179129025625,-inf,nan,ZERO_VALUE_OBSERVED_NOT_PROVED,,UNEVALUATED_SAFE_PROBES_REMAIN,180,180,0,False,9,0,2.2108258999942336
B1_LHS_0337,2.0,medium,0.029607489399681063,0.017083596297200847,0.028150785325115453,0.3973173914249294,0.0017936297780906977,0.4843561953358661,0.0018869802498672286,regional_responsibility,8,1.1882650417506995,1.1882650412643614,4.863380809183582e-10,0.010374330696416342,-inf,nan,ZERO_VALUE_PROVED,,REGISTERED_PERFECT_INFORMATION_VALUE_NONPOSITIVE,180,180,0,False,9,0,2.2648678999976255
B1_LHS_0338,4.0,medium,0.05565013488188502,0.006168090926517148,0.0005971898705707668,1.258204619369847,0.001749306747396786,0.4568584449969868,0.006891487077497451,resource_economy,8,6.181681295167455,6.181681265916791,2.9250664113078528e-08,-0.0009736615380099307,-inf,nan,ZERO_VALUE_OBSERVED_NOT_PROVED,,UNEVALUATED_SAFE_PROBES_REMAIN,60,60,0,False,9,0,1.1005757999955676
B1_LHS_0339,2.0,medium,0.06724769319843238,0.000317760861880144,0.015260493100324712,0.48685323482618775,0.0008737961221347049,0.4438760503155269,0.03698932455564183,balanced,8,7.081784582608688,7.081784528834787,5.377390088767697e-08,0.03347755351729087,-inf,nan,ZERO_VALUE_OBSERVED_NOT_PROVED,,UNEVALUATED_SAFE_PROBES_REMAIN,180,180,0,False,9,0,2.2635027000214905
B1_LHS_0340,4.0,high,0.06239944254655136,0.012515919671503228,0.0008751105504469378,0.24581229398001195,0.001180106255999103,0.5162775638774254,0.012681333892310418,regional_responsibility,8,10.256283394536897,10.256283378859795,1.5677102283007116e-08,0.0003846137212212136,-inf,nan,ZERO_VALUE_OBSERVED_NOT_PROVED,,UNEVALUATED_SAFE_PROBES_REMAIN,60,60,0,False,9,0,1.0680840999993961
B1_LHS_0341,2.0,medium,0.017719246517735945,0.02493417782604841,0.0062957797110427495,0.5163245115143281,0.0011792061782277263,0.6871539934932949,0.02095288745127424,resource_economy,8,1.048824903054188,1.0488249029640375,9.015055368877256e-11,0.018056699359529287,-inf,nan,ZERO_VALUE_PROVED,,REGISTERED_PERFECT_INFORMATION_VALUE_NONPOSITIVE,180,180,0,False,9,0,2.2219146999996156
B1_LHS_0342,2.0,high,0.0665383244288866,0.011525218696746158,0.014708455711934966,0.3401189111093111,0.0009718223866828086,0.33352290985861904,0.027136213989316108,balanced,8,6.027466082243363,6.027466073657262,8.586100719298884e-09,0.019301847604798777,-inf,nan,ZERO_VALUE_PROVED,,REGISTERED_PERFECT_INFORMATION_VALUE_NONPOSITIVE,180,180,0,False,9,0,2.2387201999954414
B1_LHS_0343,4.0,medium,0.04291076302898085,0.009752805855231974,0.00802944514271752,0.5391294182598987,0.0010905464438251287,0.5440635996960994,0.02300809417994136,regional_responsibility,8,6.047291332200823,6.04729133563637,-3.4355469580305e-09,0.005773913140816258,-inf,nan,ZERO_VALUE_PROVED,,REGISTERED_PERFECT_INFORMATION_VALUE_NONPOSITIVE,60,60,0,False,9,0,1.1090323000098579
B1_LHS_0344,2.0,medium,0.045589360772887375,0.029720014333732475,0.019630191069394027,0.006425042397229731,0.0019411767579734938,0.3553609512978513,0.027409771596985703,resource_economy,8,3.8817709433475778,3.8817709375956655,5.751912279805538e-09,-0.004100910562404345,-inf,nan,ZERO_VALUE_PROVED,,REGISTERED_PERFECT_INFORMATION_VALUE_NONPOSITIVE,180,180,0,False,9,0,2.260291300015524
B1_LHS_0345,2.0,high,0.07335906337049904,0.028590746447411372,0.033003026602496016,1.26591015896852,0.0011491352258558292,0.6824981922938682,0.037453031399396756,balanced,8,8.093291434506266,8.093291430710666,3.795600278522215e-09,0.09740086324280807,-inf,nan,ZERO_VALUE_PROVED,,REGISTERED_PERFECT_INFORMATION_VALUE_NONPOSITIVE,180,180,0,False,9,0,2.228517500014277
B1_LHS_0346,2.0,high,0.06200107671823684,0.027117411524699236,0.012561078394742613,0.13165799911795903,0.0018185903894674372,0.5899765199597119,0.011879712323201294,regional_responsibility,8,5.57235505399889,5.572355037853084,1.6145805581402328e-08,0.007480811996746479,-inf,nan,ZERO_VALUE_OBSERVED_NOT_PROVED,,UNEVALUATED_SAFE_PROBES_REMAIN,180,180,0,False,9,0,2.283382099994924
B1_LHS_0347,4.0,high,0.03725928888299617,0.004021125157363132,0.00617236550001064,0.4913679342550507,0.0006414760988171851,0.3083785178649019,0.020292626108677783,resource_economy,8,3.446592414500118,3.446592399680823,1.4819295124368637e-08,-0.004154824594122952,-inf,nan,ZERO_VALUE_OBSERVED_NOT_PROVED,,UNEVALUATED_SAFE_PROBES_REMAIN,60,60,0,False,9,0,1.093194000015501
B1_LHS_0348,4.0,low,0.029066872698399672,0.0216508012892558,0.01040146393592237,0.758336816862964,0.0016055871493119362,0.4193621173611888,0.014611136517786982,balanced,8,2.055852685004983,2.0558526794773178,5.52766543648886e-09,0.0012970547459443052,-inf,nan,ZERO_VALUE_PROVED,,REGISTERED_PERFECT_INFORMATION_VALUE_NONPOSITIVE,60,60,0,False,9,0,1.0377239000226837
B1_LHS_0349,2.0,low,0.048606249770958246,0.011469838407537817,0.014803670517505602,0.5226483607290406,0.001461872503602685,0.489995752804736,0.023509114583758327,regional_responsibility,8,4.530357201402072,4.530357198296446,3.1056259786055307e-09,0.03383097128065742,-inf,nan,ZERO_VALUE_PROVED,,REGISTERED_PERFECT_INFORMATION_VALUE_NONPOSITIVE,180,180,0,False,9,0,2.2217060000111815
B1_LHS_0350,4.0,low,0.062247119074058416,0.01181433762828249,0.026563940089593698,0.5865925871689371,0.0007259665082682899,0.5108584673306455,0.03985500861200916,resource_economy,8,10.307996957298414,10.307366952191297,0.0006300051071175261,0.010749715663686732,-inf,nan,ZERO_VALUE_OBSERVED_NOT_PROVED,,UNEVALUATED_SAFE_PROBES_REMAIN,60,60,0,False,9,0,1.088610900013009
B1_LHS_0351,2.0,medium,0.03033021043808589,0.013252478424802318,0.01780963162929006,0.6702780121706126,0.00102603103267488,0.3722432092096416,0.030857032189168892,balanced,8,2.3993264767283824,2.3993264487641346,2.796424780626694e-08,0.02113373420695243,-inf,nan,ZERO_VALUE_OBSERVED_NOT_PROVED,,UNEVALUATED_SAFE_PROBES_REMAIN,180,180,0,False,9,0,2.317293599975528
B1_LHS_0352,2.0,low,0.05905803213462461,0.03232572834562795,0.005966455336566382,1.1350929688608542,0.0006197694445868686,0.5269949676939111,0.031203881407675462,regional_responsibility,8,7.046320757006774,7.046320727592681,2.941409338319545e-08,0.10033669926988001,-inf,nan,ZERO_VALUE_OBSERVED_NOT_PROVED,,UNEVALUATED_SAFE_PROBES_REMAIN,180,180,0,False,9,0,2.214786800002912
B1_LHS_0353,2.0,medium,0.03782337613775101,0.0021898022096079424,0.0007890008914538596,0.9584591825203731,0.0010752243045899724,0.4214678324370133,0.011813781654690188,resource_economy,8,2.09363639297081,2.0936363895615266,3.409283522159967e-09,0.04097677943470725,-inf,nan,ZERO_VALUE_PROVED,,REGISTERED_PERFECT_INFORMATION_VALUE_NONPOSITIVE,180,180,0,False,9,0,2.329628999985289
B1_LHS_0354,2.0,high,0.06379110604973831,0.005184742511805645,0.005657726383234446,1.1585894783692756,0.0009218000523149486,0.6816043885968168,0.03972148720970841,balanced,8,6.880119487780014,6.880119473306309,1.4473704901263318e-08,0.08323429764615546,-inf,nan,ZERO_VALUE_OBSERVED_NOT_PROVED,,UNEVALUATED_SAFE_PROBES_REMAIN,180,180,0,False,9,0,2.3599396999925375
B1_LHS_0355,4.0,low,0.038455175346507345,0.022897251274365406,0.025007870863979514,0.9996338353122703,0.0018977509077239588,0.3466967055740728,0.002497328220547663,regional_responsibility,8,3.6858839697922123,3.685883954104784,1.568742824531455e-08,0.006124495559046606,-inf,nan,ZERO_VALUE_OBSERVED_NOT_PROVED,,UNEVALUATED_SAFE_PROBES_REMAIN,60,60,0,False,9,0,1.064948999992339
B1_LHS_0356,4.0,high,0.03195185798094284,0.029643988741288266,0.011407460235119042,0.5659186242066897,0.0018005072658276665,0.4478434860588334,0.03776531937736075,resource_economy,8,4.1280981639096925,4.128098178011123,-1.4101430245716529e-08,-0.0036431502942872486,-inf,nan,ZERO_VALUE_PROVED,,REGISTERED_PERFECT_INFORMATION_VALUE_NONPOSITIVE,60,60,0,False,9,0,1.0660219000128563
B1_LHS_0357,4.0,high,0.032858253009451596,0.02874654697933888,0.030906503777830597,0.7327328690351487,0.0007329469315500081,0.4612601028649801,0.002289656366989538,balanced,8,2.1303849233628234,2.130384910899968,1.2462855192296729e-08,0.00022229933927667665,-inf,nan,ZERO_VALUE_OBSERVED_NOT_PROVED,,UNEVALUATED_SAFE_PROBES_REMAIN,60,60,0,False,9,0,1.0440596000116784
B1_LHS_0358,2.0,low,0.036617632626320354,0.025184894931309185,0.03374020203064452,0.7512745569870372,0.001825383559837103,0.42683210003036637,0.01312119421403897,regional_responsibility,8,2.2440306579074027,2.2440306450084866,1.2898916157411122e-08,0.03048852839437249,-inf,nan,ZERO_VALUE_OBSERVED_NOT_PROVED,,UNEVALUATED_SAFE_PROBES_REMAIN,180,180,0,False,9,0,2.2761141000082716
B1_LHS_0359,4.0,medium,0.07262585419573808,0.015313281344796727,0.008321943746727574,0.09268498912969647,0.0014459461298066204,0.6926528236144132,0.018847458811953637,resource_economy,8,11.347144009257134,11.347018541545935,0.0001254677111983682,0.0266451233810905,-inf,nan,ZERO_VALUE_OBSERVED_NOT_PROVED,,UNEVALUATED_SAFE_PROBES_REMAIN,60,60,0,False,9,0,1.1142443000280764
B1_LHS_0360,2.0,low,0.0561256974556182,0.02647415740622869,0.025526620913462354,0.6514091926390035,0.0015819424563946528,0.3564268267857314,0.01674071472740589,balanced,8,3.905030750151321,3.905030738559351,1.1591970050517375e-08,0.027840560054197366,-inf,nan,ZERO_VALUE_OBSERVED_NOT_PROVED,,UNEVALUATED_SAFE_PROBES_REMAIN,180,180,0,False,9,0,2.3101587999844924
B1_LHS_0361,2.0,medium,0.040878599940377736,0.03493854877366114,0.03193726903909547,0.02432158849720583,0.0009767337718045964,0.4587216705831905,0.027094537136871946,regional_responsibility,8,3.975226632276554,3.9752266305586366,1.7179173639192413e-09,-0.003035619946088603,-inf,nan,ZERO_VALUE_PROVED,,REGISTERED_PERFECT_INFORMATION_VALUE_NONPOSITIVE,180,180,0,False,9,0,2.183300800010329
B1_LHS_0362,4.0,high,0.015385794020073994,0.022263053907871155,0.02133198072517246,0.1907925346485656,0.0009684102437361036,0.5000925634727896,0.0022074606632318606,resource_economy,8,0.47561090342107654,0.4756108832331898,2.018788675117733e-08,-0.00493210318012378,-inf,nan,ZERO_VALUE_OBSERVED_NOT_PROVED,,UNEVALUATED_SAFE_PROBES_REMAIN,60,60,0,False,9,0,1.1336416999984067
B1_LHS_0363,2.0,medium,0.019772940527904393,0.016294215041500876,0.01624847481258808,1.1878576962605494,0.0013998028668162441,0.63593793127684,0.03451297705092147,balanced,8,2.0965569752191366,2.096556957484774,1.7734362423027505e-08,0.033918516961157184,-inf,nan,ZERO_VALUE_OBSERVED_NOT_PROVED,,UNEVALUATED_SAFE_PROBES_REMAIN,180,180,0,False,9,0,2.382942299998831
B1_LHS_0364,2.0,medium,0.043958189265643925,0.013653679413274382,0.0077932526761946225,0.5908619847146241,0.001300131696239935,0.5255434510198176,0.0006801840795225743,regional_responsibility,8,2.584654140669537,2.5846541537708614,-1.3101324469744213e-08,0.024559115752807854,-inf,nan,ZERO_VALUE_PROVED,,REGISTERED_PERFECT_INFORMATION_VALUE_NONPOSITIVE,180,180,0,False,9,0,2.3933247000095434
B1_LHS_0365,4.0,low,0.053048692853287734,0.010427342669057184,0.03404105697968599,1.121188083464215,0.0017611479734886532,0.6540340006961265,0.01861138122255469,resource_economy,8,6.204743020971378,6.204743026487048,-5.51566969875239e-09,-0.002957668993832734,-inf,nan,ZERO_VALUE_PROVED,,REGISTERED_PERFECT_INFORMATION_VALUE_NONPOSITIVE,60,60,0,False,9,0,1.031411300005857
B1_LHS_0366,2.0,medium,0.037140039474436094,0.015381721485495298,0.01289419462577902,0.37470765271748946,0.001616708527506125,0.6206689891709907,0.01043596447464228,balanced,8,1.6873917999622996,1.6873918087014106,-8.739110990418908e-09,0.008537165040987392,-inf,nan,ZERO_VALUE_PROVED,,REGISTERED_PERFECT_INFORMATION_VALUE_NONPOSITIVE,180,180,0,False,9,0,2.2262193000060506
B1_LHS_0367,2.0,low,0.03824465812180565,0.007642865354091547,0.011997180045772333,0.546046893603361,0.0019745865855446253,0.42848135775063695,0.014860158047005762,regional_responsibility,8,2.5252529552199237,2.525252950977905,4.2420187362779416e-09,0.023586148591880764,-inf,nan,ZERO_VALUE_PROVED,,REGISTERED_PERFECT_INFORMATION_VALUE_NONPOSITIVE,180,180,0,False,9,0,2.1874830999877304
B1_LHS_0368,4.0,medium,0.021743339841565887,0.027383008342424124,0.029618494536187215,1.138821415007346,0.0014473397195294158,0.6946015179107512,0.011976043656464735,resource_economy,8,1.1786296063662414,1.1786296005387893,5.827452076445638e-09,-0.004770309826549702,-inf,nan,ZERO_VALUE_PROVED,,REGISTERED_PERFECT_INFORMATION_VALUE_NONPOSITIVE,60,60,0,False,9,0,1.098388000013074
B1_LHS_0369,4.0,medium,0.058407662615407425,0.004444077929136418,0.025836499369255014,0.4510387106933312,0.001349514400666,0.3625678454974986,0.010375124993986715,balanced,8,6.9733046673635535,6.973304673607596,-6.24404261628797e-09,0.0014488581596330844,-inf,nan,ZERO_VALUE_PROVED,,REGISTERED_PERFECT_INFORMATION_VALUE_NONPOSITIVE,60,60,0,False,9,0,1.0965445000038017
B1_LHS_0370,2.0,medium,0.07178761325304953,0.018384791442113625,0.031764416490379886,1.164424394553684,0.0014776285275728018,0.47259336039685984,0.004706628696723145,regional_responsibility,8,6.99016984881403,6.990169840478617,8.335412360338523e-09,0.07464996485097936,-inf,nan,ZERO_VALUE_PROVED,,REGISTERED_PERFECT_INFORMATION_VALUE_NONPOSITIVE,180,180,0,False,9,0,2.2952224999899045
B1_LHS_0371,4.0,low,0.03480671917611379,0.0012560999718756911,0.008419180702551989,0.07235077253591994,0.001960705520887577,0.664980010908433,0.03126218352212591,resource_economy,8,3.908255451419128,3.9082554449611444,6.457983481311658e-09,-0.008816111784741953,-inf,nan,ZERO_VALUE_PROVED,,REGISTERED_PERFECT_INFORMATION_VALUE_NONPOSITIVE,60,60,0,False,9,0,1.0376758000056725
B1_LHS_0372,2.0,low,0.060886051077412476,0.026751786170735464,0.024547757483723055,0.6332702516156371,0.0012102263796918604,0.32245619964048033,0.031027133843881095,balanced,8,5.569753681086217,5.569753673460009,7.626208109456911e-09,0.03731617308078949,-inf,nan,ZERO_VALUE_PROVED,,REGISTERED_PERFECT_INFORMATION_VALUE_NONPOSITIVE,180,180,0,False,9,0,2.2282646000094246
B1_LHS_0373,4.0,high,0.07355327599126012,0.002000376765706095,0.03392742895886927,0.8085095835971222,0.0013672716612461737,0.3692008782951228,0.017923918292737845,regional_responsibility,8,14.551796844962732,14.551796865492804,-2.0530071864754973e-08,0.018784597027936244,-inf,nan,ZERO_VALUE_PROVED,,REGISTERED_PERFECT_INFORMATION_VALUE_NONPOSITIVE,60,60,0,False,9,0,1.0380039000010584
B1_LHS_0374,2.0,medium,0.02539223172437704,0.017512155180898048,0.033410877080329554,1.1568114491589665,0.0010453840676629628,0.5546705751660239,0.03350332321200148,resource_economy,8,2.4602515022912748,2.460251508375741,-6.084466264155708e-09,0.07862707262610222,-inf,nan,ZERO_VALUE_PROVED,,REGISTERED_PERFECT_INFORMATION_VALUE_NONPOSITIVE,180,180,0,False,9,0,2.223813400021754
B1_LHS_0375,2.0,high,0.03151760263507741,0.014833186386997006,0.014594396961027946,1.2253778523552608,0.0012227823735571522,0.39002778441237357,0.00989428043744447,balanced,8,1.246811750992275,1.2468117619941748,-1.10018998356054e-08,0.02515729536006479,-inf,nan,ZERO_VALUE_PROVED,,REGISTERED_PERFECT_INFORMATION_VALUE_NONPOSITIVE,180,180,0,False,9,0,2.1969664999924134
B1_LHS_0376,2.0,low,0.019406614808570487,0.007835003699667414,0.015021444676778302,0.6546108186208697,0.0009640254261069393,0.670167408522804,0.008742368349540692,regional_responsibility,8,0.6954817446757615,0.6954817605453633,-1.5869601743823125e-08,0.012306853117788539,-inf,nan,ZERO_VALUE_PROVED,,REGISTERED_PERFECT_INFORMATION_VALUE_NONPOSITIVE,180,180,0,False,9,0,2.196859099989524
B1_LHS_0377,2.0,low,0.020801909397755752,0.030740032061310537,0.03210202242924282,0.13719996557405534,0.0016099827905129702,0.5864890025254332,0.023904484139190704,resource_economy,8,1.3986335172617788,1.3986335165478982,7.138805102613333e-10,0.002584279393410282,-inf,nan,ZERO_VALUE_PROVED,,REGISTERED_PERFECT_INFORMATION_VALUE_NONPOSITIVE,180,180,0,False,9,0,2.1899397999804933
B1_LHS_0378,2.0,high,0.04181389423903195,0.0197045729816797,0.0027535612306059413,0.8727558636698062,0.0010105916051994252,0.6339837643942419,0.018819086237265196,balanced,8,2.47694282677103,2.476942828748877,-1.9778467752473716e-09,0.029471737829242572,-inf,nan,ZERO_VALUE_PROVED,,REGISTERED_PERFECT_INFORMATION_VALUE_NONPOSITIVE,180,180,0,False,9,0,2.1896462999866344
B1_LHS_0379,2.0,low,0.05314482288976755,0.0008906589583650062,0.02011161099060547,0.44428826575835934,0.0014170135086278004,0.6807677317848984,0.0038589428242662167,regional_responsibility,8,3.8408121001915085,3.8408120819447986,1.8246709920788362e-08,0.02385385720550269,-inf,nan,ZERO_VALUE_OBSERVED_NOT_PROVED,,UNEVALUATED_SAFE_PROBES_REMAIN,180,180,0,False,9,0,2.2434831999999005
B1_LHS_0380,2.0,low,0.06164620361218857,0.023910126651165268,0.025066973193261167,0.4247077530710934,0.0006227966308085454,0.32171827938034026,0.004238955711207898,resource_economy,8,4.909006769271499,4.909006759515416,9.756083052536724e-09,0.02446003044562197,-inf,nan,ZERO_VALUE_PROVED,,REGISTERED_PERFECT_INFORMATION_VALUE_NONPOSITIVE,180,180,0,False,9,0,2.2215082999900915
B1_LHS_0381,4.0,low,0.03856836861293082,0.010622267518656445,0.02231301865038788,1.1055033674418806,0.001627709149544107,0.6083166093877427,0.03144345816159558,balanced,8,4.546613523213317,4.546613489989309,3.322400754512955e-08,0.01260277931397666,-inf,nan,ZERO_VALUE_OBSERVED_NOT_PROVED,,UNEVALUATED_SAFE_PROBES_REMAIN,60,60,0,False,9,0,1.0602573000069242
B1_LHS_0382,4.0,medium,0.020708246358719987,0.0077016431178576405,0.017108269271535918,0.39410192616254014,0.0006006391737644039,0.5393977668095079,0.0001673661442081064,regional_responsibility,8,1.0532649549505608,1.0532649525512947,2.3992661191130082e-09,-0.0023218007073559682,-inf,nan,ZERO_VALUE_PROVED,,REGISTERED_PERFECT_INFORMATION_VALUE_NONPOSITIVE,60,60,0,False,9,0,1.0775146999803837
B1_LHS_0383,2.0,medium,0.05996909223163683,0.01526433952369338,0.004317714637906782,0.08543988203606676,0.0011896112493607574,0.6409514104555953,0.038640193501132306,resource_economy,8,7.0007306995565175,7.000730703474572,-3.918054325424691e-09,0.006261042308171827,-inf,nan,ZERO_VALUE_PROVED,,REGISTERED_PERFECT_INFORMATION_VALUE_NONPOSITIVE,180,180,0,False,9,0,2.4097504999954253
B1_LHS_0384,4.0,medium,0.07297602094536804,0.004666888093278581,0.02838491018280605,1.1834767301657065,0.0008027620013955456,0.5728608204415706,0.012452858043549335,balanced,8,10.85663555415989,10.856635531972197,2.2187693460296032e-08,0.01586950079659549,-inf,nan,ZERO_VALUE_OBSERVED_NOT_PROVED,,UNEVALUATED_SAFE_PROBES_REMAIN,60,60,0,False,9,0,1.0698017999820877
B1_LHS_0385,2.0,high,0.028176869862914795,0.03267210221756214,0.03405236261406284,0.2930496110687648,0.000753825440907006,0.6037186905935537,0.005887991290239892,regional_responsibility,8,1.1651377866539598,1.1651377873818227,-7.278628810780674e-10,0.006887424325783185,-inf,nan,ZERO_VALUE_PROVED,,REGISTERED_PERFECT_INFORMATION_VALUE_NONPOSITIVE,180,180,0,False,9,0,2.2330837000044994
B1_LHS_0386,4.0,low,0.03376354191861372,0.03289895704689313,0.027216608948559116,0.3104577364238486,0.0013841272665797745,0.5960597621425978,0.01934810973795093,resource_economy,8,2.8854331143414176,2.8854330726632003,4.1678217321816646e-08,-0.005298217147490613,-inf,nan,ZERO_VALUE_OBSERVED_NOT_PROVED,,UNEVALUATED_SAFE_PROBES_REMAIN,60,60,0,False,9,0,1.0434870999888517
B1_LHS_0387,2.0,medium,0.04340935851218582,0.026445328311165105,0.0034403908265703063,0.9349035956649533,0.0007124770493909245,0.41744402640113604,0.02644272314129879,balanced,8,3.140221001353407,3.1402209944711297,6.882277414632654e-09,0.03843852757093745,-inf,nan,ZERO_VALUE_PROVED,,REGISTERED_PERFECT_INFORMATION_VALUE_NONPOSITIVE,180,180,0,False,9,0,2.236471599986544
B1_LHS_0388,2.0,medium,0.052155726343101755,0.02114270850958432,0.031520858437773976,0.8836005894521893,0.0016659269617132508,0.5417053221825714,0.01782377772442783,regional_responsibility,8,4.477908779746646,4.477908769248911,1.049773512562524e-08,0.05517740055271106,-inf,nan,ZERO_VALUE_OBSERVED_NOT_PROVED,,UNEVALUATED_SAFE_PROBES_REMAIN,180,180,0,False,9,0,2.3361860000004526
B1_LHS_0389,2.0,low,0.0373660017592322,0.00925837858717741,0.034746468486027415,0.4885649375662506,0.0010571558964435294,0.6966515577674743,0.037522884665383054,resource_economy,8,3.9025040942095717,3.902504093320316,8.892557801232215e-10,0.043655444526074484,-inf,nan,ZERO_VALUE_PROVED,,REGISTERED_PERFECT_INFORMATION_VALUE_NONPOSITIVE,180,180,0,False,9,0,2.2784052999923006
B1_LHS_0390,4.0,low,0.07471078631528631,0.0010059075685218371,0.0058642504097470545,0.4160624912306592,0.001108950204924335,0.628481258500596,0.008546656431527085,balanced,8,11.15796105842836,11.157961073906057,-1.547769734600024e-08,0.0024973252051911417,-inf,nan,ZERO_VALUE_PROVED,,REGISTERED_PERFECT_INFORMATION_VALUE_NONPOSITIVE,60,60,0,False,9,0,1.0479936999909114
B1_LHS_0391,4.0,medium,0.06012846806739566,0.014063209164050617,0.013816482657967996,0.6243310613007952,0.0009075584711462862,0.31823090724091135,0.008872333400669017,regional_responsibility,8,9.284468689594867,9.284468692009806,-2.4149393595962465e-09,0.008369696244032528,-inf,nan,ZERO_VALUE_PROVED,,REGISTERED_PERFECT_INFORMATION_VALUE_NONPOSITIVE,60,60,0,False,9,0,1.0310083999938797
B1_LHS_0392,4.0,low,0.022965027685513544,0.011116891964190002,0.010898529120398485,1.246128602033899,0.001173099164705895,0.6226143909550363,0.01825080086798307,resource_economy,8,1.5699736027275613,1.5699735955202827,7.207278551746299e-09,-0.005009546226898443,-inf,nan,ZERO_VALUE_PROVED,,REGISTERED_PERFECT_INFORMATION_VALUE_NONPOSITIVE,60,60,0,False,9,0,1.0625467000063509
B1_LHS_0393,4.0,low,0.06061335824635619,0.0055301698643156275,0.023046772078740254,0.17450242825029247,0.0013436935197541976,0.5363828464554914,0.001820544056978325,balanced,8,7.180648892872526,7.180648894770755,-1.898229129437823e-09,-0.0026514016418311215,-inf,nan,ZERO_VALUE_PROVED,,REGISTERED_PERFECT_INFORMATION_VALUE_NONPOSITIVE,60,60,0,False,9,0,1.1083469000004698
B1_LHS_0394,4.0,high,0.05753436957686581,0.02587846958509285,0.03066033056464909,0.18348241025666692,0.0008282969419755415,0.4753784971194118,0.0027601956757790985,regional_responsibility,8,8.210299774850942,8.21029974248007,3.2370872204978696e-08,-0.0014520095077520728,-inf,nan,ZERO_VALUE_OBSERVED_NOT_PROVED,,UNEVALUATED_SAFE_PROBES_REMAIN,60,60,0,False,9,0,1.1354138999886345
B1_LHS_0395,2.0,high,0.057169028811005634,0.0034046932976559805,0.02169174618034986,1.0026632254696384,0.0009521681495009578,0.3758941477865483,0.03244793953852382,resource_economy,8,5.913638709097598,5.913638709424762,-3.2716407361021993e-10,0.10271076478796201,-inf,nan,ZERO_VALUE_PROVED,,REGISTERED_PERFECT_INFORMATION_VALUE_NONPOSITIVE,180,180,0,False,9,0,2.229102999990573
B1_LHS_0396,2.0,low,0.03614176196350444,0.027031808125790247,0.03102806132421726,1.0691155695956536,0.0019570939718545175,0.6722981833988008,0.014034721445528123,balanced,8,1.7470241998622387,1.7470242014483923,-1.5861536528660736e-09,0.028210860208740553,-inf,nan,ZERO_VALUE_PROVED,,REGISTERED_PERFECT_INFORMATION_VALUE_NONPOSITIVE,180,180,0,False,9,0,2.2250354000134394
B1_LHS_0397,4.0,high,0.05855496909122765,0.00853554267543915,0.02971337619074032,0.19521461159674586,0.0008140839076327562,0.6055703544995392,0.016478328869077238,regional_responsibility,8,9.42027645597006,9.420276461120597,-5.150537774056829e-09,-0.0014082306521373067,-inf,nan,ZERO_VALUE_PROVED,,REGISTERED_PERFECT_INFORMATION_VALUE_NONPOSITIVE,60,60,0,False,9,0,1.0492603000020608
B1_LHS_0398,2.0,medium,0.04359680047254724,0.017474984980014065,0.003794802045886098,1.0833091601220908,0.000868064035751741,0.30685197104588613,0.022566722528018775,resource_economy,8,3.2849760626825155,3.2849760411232887,2.155922684821121e-08,0.07105923870996032,-inf,nan,ZERO_VALUE_OBSERVED_NOT_PROVED,,UNEVALUATED_SAFE_PROBES_REMAIN,180,180,0,False,9,0,2.180358600016916
B1_LHS_0399,4.0,medium,0.07381623628565206,0.03471042782330323,0.0263205903063396,0.3477063552074308,0.0016152401840635537,0.6170850774898958,0.00790828177884957,balanced,8,10.867649106383382,10.86764910033771,6.045672407140046e-09,0.001045452868571978,-inf,nan,ZERO_VALUE_PROVED,,REGISTERED_PERFECT_INFORMATION_VALUE_NONPOSITIVE,60,60,0,False,9,0,1.0491204999852926
B1_LHS_0400,4.0,low,0.05009135999181144,0.03180399268846377,0.001969181629626179,1.0909128243634,0.0009253354473738771,0.6152945845937756,0.0396554385008674,regional_responsibility,8,10.235462053645662,10.235462011547202,4.209845982927618e-08,0.02701012220084304,-inf,nan,ZERO_VALUE_OBSERVED_NOT_PROVED,,UNEVALUATED_SAFE_PROBES_REMAIN,60,60,0,False,9,0,1.0446927000011783
B1_LHS_0401,2.0,low,0.04157787866583397,0.013867036265848376,0.023687717193251228,0.5784923939551053,0.0019938166196930705,0.34378125327362147,0.005472686839400014,resource_economy,8,2.2840834467393667,2.2840834435861326,3.153234118258297e-09,0.02286397029362283,-inf,nan,ZERO_VALUE_PROVED,,REGISTERED_PERFECT_INFORMATION_VALUE_NONPOSITIVE,180,180,0,False,9,0,2.1968973000184633
B1_LHS_0402,4.0,medium,0.024633359827119422,0.01978962211145153,0.019229648043131892,0.044669961838473916,0.0015857411447828184,0.48031171294559527,0.003074520720790563,balanced,8,1.217099525364343,1.2170995387826697,-1.3418326672010039e-08,-0.0051761086364921025,-inf,nan,ZERO_VALUE_PROVED,,REGISTERED_PERFECT_INFORMATION_VALUE_NONPOSITIVE,60,60,0,False,9,0,1.032964299985906
B1_LHS_0403,4.0,high,0.02679903396208365,0.010192874100174141,0.006422902048897366,0.924280665003432,0.001708448953910831,0.42437570116969936,0.033877445734053276,regional_responsibility,8,4.472425667749302,4.472425651073557,1.6675745229122185e-08,0.01107110486754747,-inf,nan,ZERO_VALUE_OBSERVED_NOT_PROVED,,UNEVALUATED_SAFE_PROBES_REMAIN,60,60,0,False,9,0,1.040512099978514
B1_LHS_0404,2.0,low,0.03877429958129005,0.010856339855851166,0.01272183453197914,0.15015781565123987,0.0008974636941581067,0.6269112005237316,0.031670131064893026,resource_economy,8,3.4745596719370084,3.4745596659364244,6.000584029663969e-09,0.008537599622043639,-inf,nan,ZERO_VALUE_PROVED,,REGISTERED_PERFECT_INFORMATION_VALUE_NONPOSITIVE,180,180,0,False,9,0,2.225696400011657
B1_LHS_0405,2.0,high,0.021597691323338355,0.010568176312000119,0.01837361766218984,0.6795906185436857,0.0012239358614691805,0.6160665667804528,0.0019654660353818306,balanced,8,0.5105833726123817,0.5105833746208379,-2.0084561791477995e-09,0.007668959385356326,-inf,nan,ZERO_VALUE_PROVED,,REGISTERED_PERFECT_INFORMATION_VALUE_NONPOSITIVE,180,180,0,False,9,0,2.2247269000217784
B1_LHS_0406,2.0,low,0.04552407349395922,0.014649848091964401,0.03257910802139722,0.9667883211573531,0.0018282900039664801,0.6019794520098595,0.03421265787855033,regional_responsibility,8,5.505241768784723,5.505241736016102,3.2768620705780904e-08,0.07473305021350549,-inf,nan,ZERO_VALUE_OBSERVED_NOT_PROVED,,UNEVALUATED_SAFE_PROBES_REMAIN,180,180,0,False,9,0,2.263471500016749
B1_LHS_0407,4.0,high,0.03767461684574225,0.02758820189827233,0.011017978888504063,0.46930416971663014,0.0007913037009542887,0.32613147071663695,0.018457602688228703,resource_economy,8,3.3993257046963383,3.399325686030702,1.86656361478299e-08,-0.004214604894458861,-inf,nan,ZERO_VALUE_OBSERVED_NOT_PROVED,,UNEVALUATED_SAFE_PROBES_REMAIN,60,60,0,False,9,0,1.1185726000112481
B1_LHS_0408,4.0,medium,0.0708992195045756,0.014114778077978228,0.017722952094918008,1.038098897450177,0.0018616792843459927,0.5645933552004834,0.010581116898266237,balanced,8,10.167097977434977,10.167097956637296,2.079768179896746e-08,0.012630126018231859,-inf,nan,ZERO_VALUE_OBSERVED_NOT_PROVED,,UNEVALUATED_SAFE_PROBES_REMAIN,60,60,0,False,9,0,1.1086960999818984
B1_LHS_0409,2.0,high,0.0285926581200429,0.022627561118373826,0.027492726823573874,0.9895031312191214,0.0016741445173529294,0.5459459996268152,0.010721468888641653,regional_responsibility,8,1.3916564399263622,1.3916564416291384,-1.7027761423094034e-09,0.029699006138307282,-inf,nan,ZERO_VALUE_PROVED,,REGISTERED_PERFECT_INFORMATION_VALUE_NONPOSITIVE,180,180,0,False,9,0,2.3527879000175744
B1_LHS_0410,2.0,medium,0.07198326730720706,0.02320789442380154,0.00023149765099032815,1.1960905312470527,0.0008861667307283202,0.508556314012897,0.030259159014242615,resource_economy,8,8.252950204060499,8.250993247683057,0.001956956377441088,0.1302668409928201,-inf,nan,ZERO_VALUE_OBSERVED_NOT_PROVED,,UNEVALUATED_SAFE_PROBES_REMAIN,180,180,0,False,9,0,2.252900999999838
B1_LHS_0411,4.0,low,0.02637061118586813,0.028923306788726066,0.01786207795752504,0.9197119145014451,0.0009603520892442778,0.37817790635883436,0.01870043068589728,balanced,8,1.9593593506758935,1.9593593429659844,7.709909155551031e-09,0.002987603947848293,-inf,nan,ZERO_VALUE_PROVED,,REGISTERED_PERFECT_INFORMATION_VALUE_NONPOSITIVE,60,60,0,False,9,0,1.0293537999968976
B1_LHS_0412,2.0,medium,0.032063974880375296,0.0008660191537485593,0.00825689340170986,1.2764759672234431,0.0017719618660849612,0.685464492953237,0.024555169541186476,regional_responsibility,8,2.780123201824403,2.780123185252733,1.6571670258258564e-08,0.060814870329937244,-inf,nan,ZERO_VALUE_OBSERVED_NOT_PROVED,,UNEVALUATED_SAFE_PROBES_REMAIN,180,180,0,False,9,0,2.171227499988163
B1_LHS_0413,4.0,low,0.018464645325257805,0.03297102201270682,0.029015574122319754,0.659571632486618,0.00062404797347348,0.40915954623382983,0.01752998074351798,resource_economy,8,1.145208614706917,1.14520861885113,-4.144212972789774e-09,-0.0046820439032362,-inf,nan,ZERO_VALUE_PROVED,,REGISTERED_PERFECT_INFORMATION_VALUE_NONPOSITIVE,60,60,0,False,9,0,1.0516211000212934
B1_LHS_0414,2.0,high,0.05152562105396208,0.022422790504833073,0.011617104791369445,1.222514650817115,0.0015158782244307127,0.6028293874084796,0.0336569848937228,balanced,8,4.638777258527975,4.638777244125823,1.4402152359593856e-08,0.06655115001412477,-inf,nan,ZERO_VALUE_OBSERVED_NOT_PROVED,,UNEVALUATED_SAFE_PROBES_REMAIN,180,180,0,False,9,0,2.239825099997688
B1_LHS_0415,4.0,high,0.017985805065626522,0.02981337799135085,0.011916922797366104,0.4012896507914496,0.0009550072170197623,0.5737861785579221,0.011555384133359463,regional_responsibility,8,1.1592953215526354,1.1592953100402825,1.1512352848797036e-08,-0.0025146678070669393,-inf,nan,ZERO_VALUE_OBSERVED_NOT_PROVED,,UNEVALUATED_SAFE_PROBES_REMAIN,60,60,0,False,9,0,1.0514410000178032
B1_LHS_0416,4.0,high,0.03738613726246205,0.034912577706097056,0.02626806995935642,1.2823450028157215,0.0005144125404492738,0.5167998185717279,0.012357149460168587,resource_economy,8,3.048464859853349,3.0484648378071744,2.2046174663614693e-08,-0.0032847466838450065,-inf,nan,ZERO_VALUE_OBSERVED_NOT_PROVED,,UNEVALUATED_SAFE_PROBES_REMAIN,60,60,0,False,9,0,1.0625709000159986
B1_LHS_0417,4.0,high,0.055433247638652434,0.012449533592275217,0.023899412194309164,0.4317276010169257,0.0009422430850082072,0.41292345326190716,0.020033891839832778,balanced,8,6.857733201109496,6.857733183294652,1.7814843822350213e-08,0.001557447709126053,-inf,nan,ZERO_VALUE_OBSERVED_NOT_PROVED,,UNEVALUATED_SAFE_PROBES_REMAIN,60,60,0,False,9,0,1.0877851999830455
B1_LHS_0418,2.0,high,0.04680843292014185,0.01240549531601879,0.018980781550275595,0.9108503076474463,0.0005490234313937868,0.6558816146145452,0.03494729335747837,regional_responsibility,8,5.784627846923219,5.78462783266896,1.4254259106394329e-08,0.07293242864503818,-inf,nan,ZERO_VALUE_OBSERVED_NOT_PROVED,,UNEVALUATED_SAFE_PROBES_REMAIN,180,180,0,False,9,0,2.315071499993792
B1_LHS_0419,4.0,high,0.040559684652440496,0.02933519037510452,0.023944312085260527,0.028213826773691112,0.0007634786184638066,0.33064184896432747,0.015150208929111744,resource_economy,8,3.6728543071126305,3.672854311260626,-4.147995280590067e-09,-0.007126830998088559,-inf,nan,ZERO_VALUE_PROVED,,REGISTERED_PERFECT_INFORMATION_VALUE_NONPOSITIVE,60,60,0,False,9,0,1.0099766999774147
B1_LHS_0420,4.0,low,0.04194767073426177,0.022293598320217437,0.02575919736878318,0.32218845124114104,0.0015624403021354467,0.6586587088986116,0.03150329721183718,balanced,8,5.117792230044825,5.117792229271864,7.729603623829462e-10,-0.0016698589265788794,-inf,nan,ZERO_VALUE_PROVED,,REGISTERED_PERFECT_INFORMATION_VALUE_NONPOSITIVE,60,60,0,False,9,0,1.0520103999879211
B1_LHS_0421,2.0,medium,0.046516640572820185,0.024866836356430607,0.0030457300830276737,0.42397359560885534,0.0011103725325501764,0.328027932080525,0.01331169916231698,regional_responsibility,8,3.3810330874829617,3.381033072819185,1.4663776859435984e-08,0.021672188698027756,-inf,nan,ZERO_VALUE_OBSERVED_NOT_PROVED,,UNEVALUATED_SAFE_PROBES_REMAIN,180,180,0,False,9,0,2.1933761999825947
B1_LHS_0422,4.0,low,0.0173468533055018,0.013541839840831972,0.0052677076175049855,1.1114237791226365,0.001303371933901218,0.3159619201824321,0.03289625690621278,resource_economy,8,2.0982752681440515,2.098275241608806,2.6535245556402742e-08,-0.00418353087221551,-inf,nan,ZERO_VALUE_OBSERVED_NOT_PROVED,,UNEVALUATED_SAFE_PROBES_REMAIN,60,60,0,False,9,0,1.0361106999916956
B1_LHS_0423,4.0,low,0.0234280901304924,0.025031408525868996,0.007178490732547534,0.05767057826353305,0.0012533045335965782,0.5261876317258223,0.016045249367178882,balanced,8,1.5186712398131748,1.5186712442947603,-4.481585547111422e-09,-0.006857139292700906,-inf,nan,ZERO_VALUE_PROVED,,REGISTERED_PERFECT_INFORMATION_VALUE_NONPOSITIVE,60,60,0,False,9,0,1.0517148999788333
B1_LHS_0424,4.0,low,0.044552320016335745,0.023247191781906727,0.027660061273412962,0.16347742860429643,0.0018038728559806399,0.6534211847471223,0.013206109828416586,regional_responsibility,8,5.502178042518539,5.502178019468405,2.3050133357571667e-08,-0.003233716925692784,-inf,nan,ZERO_VALUE_OBSERVED_NOT_PROVED,,UNEVALUATED_SAFE_PROBES_REMAIN,60,60,0,False,9,0,1.0426648000138812
B1_LHS_0425,2.0,medium,0.04918622777432707,0.0040558401341938095,0.030826511879737718,1.1462155899346698,0.0016597577739888628,0.6046690934025997,0.02447435891166552,resource_economy,8,4.10703260245038,4.107032590111315,1.2339064880961814e-08,0.0847124877014645,-inf,nan,ZERO_VALUE_OBSERVED_NOT_PROVED,,UNEVALUATED_SAFE_PROBES_REMAIN,180,180,0,False,9,0,2.3698226000124123
B1_LHS_0426,4.0,low,0.06157680067174511,0.0048058352760026,0.011635461984500004,0.627173229912165,0.0007384275351796065,0.4915293828087837,0.02659230948977684,balanced,8,8.819567527796154,8.819567516715002,1.1081151995995242e-08,0.007892984721733226,-inf,nan,ZERO_VALUE_OBSERVED_NOT_PROVED,,UNEVALUATED_SAFE_PROBES_REMAIN,60,60,0,False,9,0,1.1229269999894314
B1_LHS_0427,4.0,high,0.07484182757718398,0.02123451325985558,0.005591621716061832,0.9644241521055094,0.0007007777577594245,0.6627154569614994,0.02599521743019781,regional_responsibility,8,16.029940142127007,16.029940120828016,2.1298991015328284e-08,0.026951298306303585,-inf,nan,ZERO_VALUE_OBSERVED_NOT_PROVED,,UNEVALUATED_SAFE_PROBES_REMAIN,60,60,0,False,9,0,1.1151775000034831
B1_LHS_0428,4.0,high,0.021253618499694964,0.011608290214075962,0.021903571224394996,0.41224292446161065,0.0005604936419814382,0.4356743309814153,0.007443233171125369,resource_economy,8,0.9956180027703591,0.995618005456899,-2.6865399904707488e-09,-0.004739394670869859,-inf,nan,ZERO_VALUE_PROVED,,REGISTERED_PERFECT_INFORMATION_VALUE_NONPOSITIVE,60,60,0,False,9,0,1.052809899993008
B1_LHS_0429,2.0,high,0.060256469872726676,0.008420966868076632,0.03308492605176098,0.0005851144211901874,0.0011020820828850698,0.34356863739206933,0.02402055074143253,balanced,8,4.901655281388217,4.901655289554411,-8.166194831460416e-09,-0.004381977932086876,-inf,nan,ZERO_VALUE_PROVED,,REGISTERED_PERFECT_INFORMATION_VALUE_NONPOSITIVE,180,180,0,False,9,0,2.212920399993891
B1_LHS_0430,4.0,low,0.04689833465558877,0.03456283747215504,0.021589900352452174,0.6470268919100955,0.0005956022239509895,0.5228437673408404,0.015705484685577996,regional_responsibility,8,6.2440647135681,6.244064706716104,6.851995415502188e-09,0.007288056359438859,-inf,nan,ZERO_VALUE_PROVED,,REGISTERED_PERFECT_INFORMATION_VALUE_NONPOSITIVE,60,60,0,False,9,0,1.0504350000119302
B1_LHS_0431,2.0,high,0.057826303728906576,0.006919791710002615,0.01980839742170731,1.0467866800787895,0.0012929788447562877,0.5578412025815415,0.005804950442102689,resource_economy,8,4.364799381720465,4.364799392867343,-1.1146878087231471e-08,0.05128009007510774,-inf,nan,ZERO_VALUE_PROVED,,REGISTERED_PERFECT_INFORMATION_VALUE_NONPOSITIVE,180,180,0,False,9,0,2.2149488999857567
B1_LHS_0432,2.0,medium,0.01788466771350565,0.008736134847353362,0.022773395144311,0.05489558742713634,0.001247603248066513,0.6184396491592754,0.01899888115305416,balanced,8,0.8758704208441969,0.8758704194483998,1.3957970335098935e-09,-0.002945904843727952,-inf,nan,ZERO_VALUE_PROVED,,REGISTERED_PERFECT_INFORMATION_VALUE_NONPOSITIVE,180,180,0,False,9,0,2.2393574999878183
B1_LHS_0433,4.0,high,0.01688206144832382,0.005072058185806459,0.01866662241008112,0.22654665754373826,0.0010163451058430822,0.48290559978352676,0.012898720799999177,regional_responsibility,8,1.134580771173355,1.1345807730869493,-1.913594172009425e-09,-0.004428016476494561,-inf,nan,ZERO_VALUE_PROVED,,REGISTERED_PERFECT_INFORMATION_VALUE_NONPOSITIVE,60,60,0,False,9,0,1.108249299984891
B1_LHS_0434,2.0,high,0.036933312546388306,0.006313548711904284,0.02362513625154778,0.857302538362888,0.0009175224735955586,0.5512830327699956,0.021206355822696442,resource_economy,8,2.4834165768486827,2.4834165729550417,3.893640965202394e-09,0.05009389442117138,-inf,nan,ZERO_VALUE_PROVED,,REGISTERED_PERFECT_INFORMATION_VALUE_NONPOSITIVE,180,180,0,False,9,0,2.3049748000048567
B1_LHS_0435,4.0,high,0.032641856670703545,0.01794382589265009,0.01681900276597863,0.8516832927243834,0.0017194545358143365,0.6148411306066994,0.02467693666126447,balanced,8,3.1107878107402045,3.1107878024395337,8.300670817362743e-09,0.005185386043383587,-inf,nan,ZERO_VALUE_PROVED,,REGISTERED_PERFECT_INFORMATION_VALUE_NONPOSITIVE,60,60,0,False,9,0,1.0289667999895755
B1_LHS_0436,2.0,low,0.06368508894648761,0.02043288867128962,0.020228599355630008,0.9030527547944156,0.0005216790515596217,0.6281232604522804,0.017434264157951483,regional_responsibility,8,6.26867462237609,6.268674611278469,1.1097621488431741e-08,0.06704555776424784,-inf,nan,ZERO_VALUE_OBSERVED_NOT_PROVED,,UNEVALUATED_SAFE_PROBES_REMAIN,180,180,0,False,9,0,2.2589685000129975
B1_LHS_0437,4.0,medium,0.07455588190541673,0.023564217064799647,3.2941043725129313e-05,0.6429207772650867,0.0017014973332505987,0.4879743968368166,0.003267732065275063,resource_economy,8,11.144368068700638,11.144044878764806,0.00032318993583224653,0.028231595901222546,-inf,nan,ZERO_VALUE_OBSERVED_NOT_PROVED,,UNEVALUATED_SAFE_PROBES_REMAIN,60,60,0,False,9,0,1.0675784000195563
B1_LHS_0438,4.0,low,0.02140217098356625,0.023686299559994278,0.013221669065866304,0.2431549205491446,0.0019537609731145674,0.559033822020166,0.014997699624198038,balanced,8,1.2824967050079297,1.2824966933205404,1.1687389278591809e-08,-0.004777886810940212,-inf,nan,ZERO_VALUE_OBSERVED_NOT_PROVED,,UNEVALUATED_SAFE_PROBES_REMAIN,60,60,0,False,9,0,1.062543599982746
B1_LHS_0439,2.0,low,0.06599388943941041,0.014709727456643952,0.02487776880821844,1.0239142885432388,0.0018010304182417,0.5941106773392562,0.03671085646489178,regional_responsibility,8,9.096139009757128,9.096139009762513,-5.3859139370615594e-12,0.11009012373680757,-inf,nan,ZERO_VALUE_PROVED,,REGISTERED_PERFECT_INFORMATION_VALUE_NONPOSITIVE,180,180,0,False,9,0,2.228058999986388
B1_LHS_0440,2.0,low,0.04653491256041911,0.03251044703548507,0.01850102249249566,1.0677437822790972,0.0013253162732947323,0.6237601874541641,0.027451443244981028,resource_economy,8,4.001285504795431,4.001285503338932,1.4564998096489035e-09,0.08396669038836971,-inf,nan,ZERO_VALUE_PROVED,,REGISTERED_PERFECT_INFORMATION_VALUE_NONPOSITIVE,180,180,0,False,9,0,2.1872042999893893
B1_LHS_0441,2.0,medium,0.05757806430339031,0.028086211481515536,0.013879612614596868,0.7683998775762111,0.0009146678811522911,0.313079295651967,0.03343069409488999,balanced,8,5.360129792752733,5.360129784984531,7.76820208159279e-09,0.04546745158140218,-inf,nan,ZERO_VALUE_PROVED,,REGISTERED_PERFECT_INFORMATION_VALUE_NONPOSITIVE,180,180,0,False,9,0,2.262962200009497
B1_LHS_0442,4.0,low,0.03169831292870877,0.02183894616384799,0.022629145952194434,0.9752593519073747,0.0006808516814861611,0.3423872125569961,0.0014333882400070122,regional_responsibility,8,2.490283860983268,2.4902838948917085,-3.390844049988573e-08,0.003823686152810945,-inf,nan,ZERO_VALUE_PROVED,,REGISTERED_PERFECT_INFORMATION_VALUE_NONPOSITIVE,60,60,0,False,9,0,1.160811100009596
B1_LHS_0443,4.0,high,0.0642560490411107,0.020594285784774128,0.02347920457704767,1.0280636274782096,0.0016780563047705255,0.47954830059849585,0.008752006211460469,resource_economy,8,8.31192200590173,8.311058720697694,0.0008632852040353356,0.008094407371410556,-inf,nan,ZERO_VALUE_OBSERVED_NOT_PROVED,,UNEVALUATED_SAFE_PROBES_REMAIN,60,60,0,False,9,0,1.129191499989247
B1_LHS_0444,2.0,high,0.06097100505969574,0.027526799751292255,0.011702274179618118,0.8760102488950526,0.0007036859807635575,0.6916894154922413,0.033309720299860325,balanced,8,5.799084841970598,5.799084835840332,6.1302660725459646e-09,0.054708626563594556,-inf,nan,ZERO_VALUE_PROVED,,REGISTERED_PERFECT_INFORMATION_VALUE_NONPOSITIVE,180,180,0,False,9,0,2.243960599997081
B1_LHS_0445,2.0,high,0.024145575048876756,0.001484396383110055,0.032776214129226496,1.0734630075488252,0.0008572281883440593,0.44957225324415906,0.0038277219115099782,regional_responsibility,8,0.8271576659819787,0.8271576637535897,2.2283890288576913e-09,0.021420523514663902,-inf,nan,ZERO_VALUE_PROVED,,REGISTERED_PERFECT_INFORMATION_VALUE_NONPOSITIVE,180,180,0,False,9,0,2.182530799997039
B1_LHS_0446,4.0,medium,0.04618397453514277,0.009847814279728613,0.02099706502408244,0.5291296573939831,0.0012442892683505822,0.6112726463766383,0.03099925893376712,resource_economy,8,5.788222646006838,5.788222642809632,3.197205167282391e-09,-0.0032818456558244002,-inf,nan,ZERO_VALUE_PROVED,,REGISTERED_PERFECT_INFORMATION_VALUE_NONPOSITIVE,60,60,0,False,9,0,1.0461324999923818
B1_LHS_0447,4.0,low,0.043559014427509805,0.01585432558427883,0.004961430215512932,1.2372241197492446,0.0014658546231175852,0.6426058831920214,0.0051671512020305625,balanced,8,3.7980502428823626,3.7980502324990857,1.0383276904946115e-08,0.00629486930486172,-inf,nan,ZERO_VALUE_OBSERVED_NOT_PROVED,,UNEVALUATED_SAFE_PROBES_REMAIN,60,60,0,False,9,0,1.0980215000163298
B1_LHS_0448,2.0,medium,0.046099691828397876,0.013021741404886685,0.0029897436741813947,0.3033860900964978,0.0011552987172908473,0.5495639214269812,0.030162891628087413,regional_responsibility,8,5.002591459180419,5.002591457011491,2.168928148194027e-09,0.019071891692118315,-inf,nan,ZERO_VALUE_PROVED,,REGISTERED_PERFECT_INFORMATION_VALUE_NONPOSITIVE,180,180,0,False,9,0,2.3057576999999583
B1_LHS_0449,4.0,high,0.015617166541502962,0.0060846538592627545,0.03384762488968728,0.2196079572834562,0.0019264744155542636,0.5987428839779477,0.02369554655951335,resource_economy,8,1.2836749871774813,1.2836749526292077,3.454827357529666e-08,-0.006884534432399969,-inf,nan,ZERO_VALUE_OBSERVED_NOT_PROVED,,UNEVALUATED_SAFE_PROBES_REMAIN,60,60,0,False,9,0,1.046997099998407
B1_LHS_0450,2.0,high,0.01707549813328665,0.009220920105017943,0.028063928004938704,0.1977118924925094,0.0009848359379120953,0.6988504732421494,0.00707226066973417,balanced,8,0.39928743637121356,0.3992874399648349,-3.593621344943898e-09,-0.0002016674813248038,-inf,nan,ZERO_VALUE_PROVED,,REGISTERED_PERFECT_INFORMATION_VALUE_NONPOSITIVE,180,180,0,False,9,0,2.1912367999902926
B1_LHS_0451,4.0,medium,0.03686784042722277,0.021484482669389845,0.017194630858839578,1.1128139985880579,0.0008389810156100978,0.45520709657955094,0.025057912347039003,regional_responsibility,8,5.027904492059925,5.027904462922544,2.9137380508359456e-08,0.014156839085793882,-inf,nan,ZERO_VALUE_OBSERVED_NOT_PROVED,,UNEVALUATED_SAFE_PROBES_REMAIN,60,60,0,False,9,0,1.0433490000141319
B1_LHS_0452,4.0,low,0.06920580475051627,0.01683281628621819,0.012672954929458385,0.7142446264466892,0.0012192164655948493,0.3736546166446246,0.00933606343933721,resource_economy,8,9.724905219721467,9.724481270082778,0.00042394963868908064,0.019124327725093645,-inf,nan,ZERO_VALUE_OBSERVED_NOT_PROVED,,UNEVALUATED_SAFE_PROBES_REMAIN,60,60,0,False,9,0,1.047325899999123
B1_LHS_0453,2.0,medium,0.06886716675490348,0.005797564290066146,0.02436046214969222,0.9847620560224027,0.0008424865582515992,0.5668032997480641,0.00417245008945182,balanced,8,5.134876240931344,5.134876240555309,3.760352029757996e-10,0.042844560321217966,-inf,nan,ZERO_VALUE_PROVED,,REGISTERED_PERFECT_INFORMATION_VALUE_NONPOSITIVE,180,180,0,False,9,0,2.237536500004353
B1_LHS_0454,4.0,low,0.06835928901037588,0.020000011146684787,0.03445923599861227,1.1315850831220124,0.0006124971156958589,0.40504045494150515,0.011606518125241935,regional_responsibility,8,12.116728816095192,12.116728837244516,-2.1149324069824615e-08,0.020403008468073684,-inf,nan,ZERO_VALUE_PROVED,,REGISTERED_PERFECT_INFORMATION_VALUE_NONPOSITIVE,60,60,0,False,9,0,1.0413845000148285
B1_LHS_0455,4.0,high,0.04476974200175103,0.03382389840844489,0.02785771157874734,1.033913685108495,0.001501123548924149,0.6729973149326794,0.03473131931388848,resource_economy,8,5.880853843889571,5.880853852185664,-8.296093589876818e-09,-0.002586898684758157,-inf,nan,ZERO_VALUE_PROVED,,REGISTERED_PERFECT_INFORMATION_VALUE_NONPOSITIVE,60,60,0,False,9,0,1.0352589999965858
B1_LHS_0456,4.0,medium,0.03063150742107655,0.016040549409913164,0.017435177900554807,0.9060230998032689,0.001352142995990435,0.6383604343150155,0.013748237603516192,balanced,8,2.205529148263015,2.2055291325806268,1.568238827687196e-08,0.0027840573558300975,-inf,nan,ZERO_VALUE_OBSERVED_NOT_PROVED,,UNEVALUATED_SAFE_PROBES_REMAIN,60,60,0,False,9,0,1.0336146999907214
B1_LHS_0457,2.0,low,0.019330313811906117,0.03203656201677332,0.02382382079771262,0.23374694378364558,0.0014060717125663725,0.6661162046691342,0.028199931048643816,regional_responsibility,8,2.2536845714106972,2.253684550050325,2.136037213773534e-08,0.004486334932488084,-inf,nan,ZERO_VALUE_OBSERVED_NOT_PROVED,,UNEVALUATED_SAFE_PROBES_REMAIN,180,180,0,False,9,0,2.1958792000077665
B1_LHS_0458,2.0,high,0.06145667266766335,0.03153404630045035,0.033217346974236374,1.1481913392259253,0.001127821241057982,0.3973182061402615,0.01706618390077826,resource_economy,8,5.399480898729336,5.399480873562547,2.5166788653052663e-08,0.08111256894957422,-inf,nan,ZERO_VALUE_OBSERVED_NOT_PROVED,,UNEVALUATED_SAFE_PROBES_REMAIN,180,180,0,False,9,0,2.1752913999953307
B1_LHS_0459,2.0,medium,0.016425234687506035,0.029033813686983656,0.024189549204453528,0.21717602349755857,0.000800265970699448,0.6095491718180639,0.019981523240243503,balanced,8,0.8699857133936595,0.8699857133425057,5.115374790420901e-11,4.9755780499437935e-05,-inf,nan,ZERO_VALUE_PROVED,,REGISTERED_PERFECT_INFORMATION_VALUE_NONPOSITIVE,180,180,0,False,9,0,2.3329283999919426
B1_LHS_0460,4.0,medium,0.055738925945514856,0.0073259018683150025,0.021653696631397944,0.3631248488882365,0.0012515268424441528,0.37953982697076816,0.004616807744572667,regional_responsibility,8,7.787431935880341,7.7874318910108435,4.486949745086122e-08,0.001965825418672712,-inf,nan,ZERO_VALUE_OBSERVED_NOT_PROVED,,UNEVALUATED_SAFE_PROBES_REMAIN,60,60,0,False,9,0,1.0734204999753274
B1_LHS_0461,2.0,medium,0.04883907009047087,0.029913921255128307,0.005729015284620594,0.6162020692074514,0.0012577515226517022,0.4421446792486913,0.028773206829266443,resource_economy,8,4.404144320614338,4.404144316168807,4.44553105438672e-09,0.05419013390271938,-inf,nan,ZERO_VALUE_PROVED,,REGISTERED_PERFECT_INFORMATION_VALUE_NONPOSITIVE,180,180,0,False,9,0,2.20690800002194
B1_LHS_0462,4.0,medium,0.03221048547280714,0.02023588465987511,0.024335553897457295,1.2876305396670462,0.0009915315710744832,0.3749052232501337,0.005774188887092671,balanced,8,2.1221129093595272,2.1221128938255003,1.5534026953645252e-08,0.0038867930490445266,-inf,nan,ZERO_VALUE_OBSERVED_NOT_PROVED,,UNEVALUATED_SAFE_PROBES_REMAIN,60,60,0,False,9,0,1.036673199996585
B1_LHS_0463,4.0,low,0.03435482800694163,0.005837907634296555,0.019486290226000853,1.1402337794064483,0.0019622700121268433,0.38554438382333667,0.022937402420722966,regional_responsibility,8,4.321187335444816,4.3211873282021305,7.2426855624030395e-09,0.01255619060137931,-inf,nan,ZERO_VALUE_PROVED,,REGISTERED_PERFECT_INFORMATION_VALUE_NONPOSITIVE,60,60,0,False,9,0,1.0702440000022762
B1_LHS_0464,2.0,high,0.021129796638245546,0.023017949850558345,0.02187297650960781,0.09481296380743082,0.0016371863787309022,0.3605703404750321,0.01691472531441174,resource_economy,8,1.0149908838370871,1.0149908849486509,-1.1115637299496939e-09,5.1376559329712e-05,-inf,nan,ZERO_VALUE_PROVED,,REGISTERED_PERFECT_INFORMATION_VALUE_NONPOSITIVE,180,180,0,False,9,0,2.3543415000021923
B1_LHS_0465,2.0,medium,0.07061854399572401,0.0001653237149371756,0.028672823247891454,1.0868459546276568,0.0012050101130259175,0.39279808813287875,0.007978259189974406,balanced,8,5.509024140460648,5.509024145291995,-4.831346878120257e-09,0.049678035320604566,-inf,nan,ZERO_VALUE_PROVED,,REGISTERED_PERFECT_INFORMATION_VALUE_NONPOSITIVE,180,180,0,False,9,0,2.3053288999944925
B1_LHS_0466,2.0,high,0.017474554074490722,0.010938275611400337,0.024703688443179266,0.8007942172961234,0.0014795592935391115,0.6474462101344252,0.022377527214275512,regional_responsibility,8,1.5225427853498348,1.5225427903280262,-4.978191414650723e-09,0.022611540648382014,-inf,nan,ZERO_VALUE_PROVED,,REGISTERED_PERFECT_INFORMATION_VALUE_NONPOSITIVE,180,180,0,False,9,0,2.219670499995118
B1_LHS_0467,2.0,high,0.02265107416172745,0.023092194331650988,0.023217479309100005,0.14398342381299245,0.001688154653005147,0.38476817034310795,0.009949583421240984,resource_economy,8,0.8282171382151793,0.8282171421690554,-3.953876115403432e-09,0.0015773201486580192,-inf,nan,ZERO_VALUE_PROVED,,REGISTERED_PERFECT_INFORMATION_VALUE_NONPOSITIVE,180,180,0,False,9,0,2.2276732999889646
B1_LHS_0468,4.0,high,0.06808305021342873,0.03374009177349177,0.0030802188994173366,0.12149146012109993,0.00164692395478096,0.6350790397033039,0.0011070976789465778,balanced,8,9.033612615094476,9.033612609869127,5.225349042348171e-09,-0.003142590501829185,-inf,nan,ZERO_VALUE_PROVED,,REGISTERED_PERFECT_INFORMATION_VALUE_NONPOSITIVE,60,60,0,False,9,0,1.0558332999935374
B1_LHS_0469,2.0,high,0.04936080046854927,0.020955527784056443,0.0015334179737988903,0.35762082859634925,0.0011839446385777145,0.40178102044452746,0.019455847137401946,regional_responsibility,8,4.231458617981299,4.231458606358908,1.1622391049570524e-08,0.020669961924160957,-inf,nan,ZERO_VALUE_OBSERVED_NOT_PROVED,,UNEVALUATED_SAFE_PROBES_REMAIN,180,180,0,False,9,0,2.287770900002215
B1_LHS_0470,2.0,low,0.057216590325354096,0.008389180643080092,0.029559309958163926,0.18126100746350624,0.0015487769574089438,0.38979777403875127,0.010306724213443481,resource_economy,8,4.423037779746386,4.423037785579157,-5.832771599045827e-09,0.010042485588155894,-inf,nan,ZERO_VALUE_PROVED,,REGISTERED_PERFECT_INFORMATION_VALUE_NONPOSITIVE,180,180,0,False,9,0,2.2735746999969706
B1_LHS_0471,2.0,medium,0.018593057615801892,0.030773909119773277,0.002055411927366735,0.6705340927415466,0.0010868883307038257,0.6104446763564255,0.029518860336763115,balanced,8,1.6069872569498627,1.6069872593300578,-2.380195152085207e-09,0.0135549595596071,-inf,nan,ZERO_VALUE_PROVED,,REGISTERED_PERFECT_INFORMATION_VALUE_NONPOSITIVE,180,180,0,False,9,0,2.268821499979822
B1_LHS_0472,2.0,high,0.024340593302026915,0.03287222953176069,0.0006497185698483264,1.2913612071758391,0.0012277538564986375,0.6435471210156675,0.023925809703378615,regional_responsibility,8,2.093358620652989,2.093358605672795,1.4980193974167832e-08,0.050037832698051975,-inf,nan,ZERO_VALUE_OBSERVED_NOT_PROVED,,UNEVALUATED_SAFE_PROBES_REMAIN,180,180,0,False,9,0,2.3207541000156198
B1_LHS_0473,2.0,high,0.06447645001850863,0.0336046364266515,0.013498602033950785,0.20149888037343558,0.0016422857935679493,0.4854726205251239,0.012758520554600418,resource_economy,8,5.66837036610076,5.668370343575347,2.2525412646245968e-08,0.013951507061277565,-inf,nan,ZERO_VALUE_OBSERVED_NOT_PROVED,,UNEVALUATED_SAFE_PROBES_REMAIN,180,180,0,False,9,0,2.326696899981471
B1_LHS_0474,2.0,high,0.028901782706721113,0.002678837647335755,0.011227977351828167,0.7183320603233817,0.0015061241856325909,0.6740958242389281,0.03515176351167901,balanced,8,2.6928899723621567,2.6928899564941124,1.586804421194188e-08,0.024250402047420277,-inf,nan,ZERO_VALUE_OBSERVED_NOT_PROVED,,UNEVALUATED_SAFE_PROBES_REMAIN,180,180,0,False,9,0,2.4120369000011124
B1_LHS_0475,4.0,high,0.05789502800304392,0.002998571761132696,0.030477671269432714,0.6878906423551279,0.001151051216948893,0.4223887479879216,0.017279587885579283,regional_responsibility,8,9.302738615396521,9.302738594814278,2.0582243465128158e-08,0.0113355607479995,-inf,nan,ZERO_VALUE_OBSERVED_NOT_PROVED,,UNEVALUATED_SAFE_PROBES_REMAIN,60,60,0,False,9,0,1.2188975000171922
B1_LHS_0476,4.0,high,0.03480421140323642,0.005967099696492247,0.02672952659999906,1.2854315967719196,0.0010942454585974658,0.6503425040052824,0.023055176502920768,resource_economy,8,3.266240977078925,3.266240954917946,2.21609792738775e-08,-0.004852918396944437,-inf,nan,ZERO_VALUE_OBSERVED_NOT_PROVED,,UNEVALUATED_SAFE_PROBES_REMAIN,60,60,0,False,9,0,1.1690155999967828
B1_LHS_0477,2.0,medium,0.02508078919615562,0.007059908988967328,0.0032977716764848344,0.05188594081463078,0.001452445432798191,0.6257616761590175,0.01300176244455788,balanced,8,0.9535793126375115,0.953579310826605,1.8109065358373755e-09,-0.0023001515079622285,-inf,nan,ZERO_VALUE_PROVED,,REGISTERED_PERFECT_INFORMATION_VALUE_NONPOSITIVE,180,180,0,False,9,0,3.172016500000609
B1_LHS_0478,4.0,medium,0.06981253004294313,0.0023104750099540846,0.020054893511351715,0.684048319615403,0.0006942147473968577,0.39397243213026734,0.001270561504576416,regional_responsibility,8,11.99763628858865,11.997636286349572,2.2390782561387823e-09,0.009735316364710403,-inf,nan,ZERO_VALUE_PROVED,,REGISTERED_PERFECT_INFORMATION_VALUE_NONPOSITIVE,60,60,0,False,9,0,1.7427795999974478
B1_LHS_0479,4.0,medium,0.015528259797576618,0.008835468953794298,0.004538564850867895,0.6627000973555499,0.0012354139739966224,0.4937061933958796,0.02616823799772067,resource_economy,8,1.4412750491314619,1.441275048840832,2.906299645388799e-10,-0.0047272313585188614,-inf,nan,ZERO_VALUE_PROVED,,REGISTERED_PERFECT_INFORMATION_VALUE_NONPOSITIVE,60,60,0,False,9,0,1.2216565000126138
B1_LHS_0480,2.0,low,0.07421582223157969,0.0217244259316515,0.031668700899517524,0.37222888200072585,0.0017235582612406322,0.5148624526339151,0.01568368525248977,balanced,8,6.4179878784984945,6.417987863917106,1.458138854104618e-08,0.021489416923654515,-inf,nan,ZERO_VALUE_OBSERVED_NOT_PROVED,,UNEVALUATED_SAFE_PROBES_REMAIN,180,180,0,False,9,0,2.463277400005609
B1_LHS_0481,2.0,high,0.052069760985398825,0.023637677511162945,0.002158635050623172,1.018872252360441,0.0015112029816288846,0.596440734991524,0.020153846834629258,regional_responsibility,8,4.673594213581237,4.67359420345982,1.0121416593733557e-08,0.06593471828615258,-inf,nan,ZERO_VALUE_OBSERVED_NOT_PROVED,,UNEVALUATED_SAFE_PROBES_REMAIN,180,180,0,False,9,0,2.55593860000954
B1_LHS_0482,2.0,medium,0.057353061557385426,0.008954212216389276,0.018182294313896306,0.7746225040745778,0.001436690669402916,0.5821334800799864,0.009732359343109932,resource_economy,8,4.421348336005502,4.421348349422055,-1.3416553201750503e-08,0.046185072733970385,-inf,nan,ZERO_VALUE_PROVED,,REGISTERED_PERFECT_INFORMATION_VALUE_NONPOSITIVE,180,180,0,False,9,0,2.4653957999835256
B1_LHS_0483,4.0,low,0.054264237372446775,0.03219345896167489,0.03362007105750304,0.44507649745741923,0.000725243920885844,0.4232235335916494,0.037262802301690316,balanced,8,8.158409355498733,8.158409359686367,-4.187633351193654e-09,0.003893390268352623,-inf,nan,ZERO_VALUE_PROVED,,REGISTERED_PERFECT_INFORMATION_VALUE_NONPOSITIVE,60,60,0,False,9,0,1.1585416000161786
B1_LHS_0484,2.0,high,0.0472756341014376,0.03432000207807428,0.012129071643650551,0.5102966683712363,0.0006527059282254264,0.4776874515197871,0.018101310244442823,regional_responsibility,8,3.8358666708929516,3.835866663090576,7.802375634469172e-09,0.02889582091048342,-inf,nan,ZERO_VALUE_PROVED,,REGISTERED_PERFECT_INFORMATION_VALUE_NONPOSITIVE,180,180,0,False,9,0,2.4868678999773692
B1_LHS_0485,2.0,medium,0.027952893488577712,0.013969747909124848,0.010807600290405946,0.06654574356156714,0.0006822488567836651,0.33755289599965577,0.018404994791716662,resource_economy,8,1.5420420152980827,1.5420420322027593,-1.6904676547468966e-08,-0.0005083655921618276,-inf,nan,ZERO_VALUE_PROVED,,REGISTERED_PERFECT_INFORMATION_VALUE_NONPOSITIVE,180,180,0,False,9,0,2.4184699000034016
B1_LHS_0486,4.0,low,0.06520026022847485,0.008548151481831584,0.0035608508867345473,0.7351140226420405,0.0005637470981688336,0.5032889142047428,0.02697014489693196,balanced,8,9.779437810574866,9.779437802169815,8.405050877513531e-09,0.011243632074308582,-inf,nan,ZERO_VALUE_PROVED,,REGISTERED_PERFECT_INFORMATION_VALUE_NONPOSITIVE,60,60,0,False,9,0,1.0306813000061084
B1_LHS_0487,2.0,high,0.05364796196458176,0.03001625284112149,0.031344817923785476,1.1752754207306457,0.0010840672516733794,0.535848539016848,0.0327917912025232,regional_responsibility,8,6.425364351923695,6.425364335417937,1.6505757649554198e-08,0.09894860420871018,-inf,nan,ZERO_VALUE_OBSERVED_NOT_PROVED,,UNEVALUATED_SAFE_PROBES_REMAIN,180,180,0,False,9,0,2.208132499974454
B1_LHS_0488,4.0,medium,0.05950086997294946,0.024188514180184403,0.009987160774031825,0.48465366711399577,0.001276856648351411,0.48927642336574756,0.02623201757506358,resource_economy,8,8.225427937919632,8.225427906118922,3.180070962116588e-08,0.0006422326206583853,-inf,nan,ZERO_VALUE_OBSERVED_NOT_PROVED,,UNEVALUATED_SAFE_PROBES_REMAIN,60,60,0,False,9,0,1.0487798000103794
B1_LHS_0489,4.0,low,0.028802450189522384,0.017590667826472846,0.028176844903604135,0.6899646070266336,0.0006341536009885889,0.32830400296811685,0.037660936020330986,balanced,8,3.7603228255510666,3.7603228271748903,-1.62382374213621e-09,0.004975659110459451,-inf,nan,ZERO_VALUE_PROVED,,REGISTERED_PERFECT_INFORMATION_VALUE_NONPOSITIVE,60,60,0,False,9,0,1.0464449999853969
B1_LHS_0490,4.0,high,0.05504364791430558,0.01636465343568298,0.007266946756723214,0.5549717794772656,0.0011329321496701592,0.37537730819718385,0.015165514955047848,regional_responsibility,8,8.295886378565902,8.295886331973032,4.659287000663426e-08,0.007221887251111924,-inf,nan,ZERO_VALUE_OBSERVED_NOT_PROVED,,UNEVALUATED_SAFE_PROBES_REMAIN,60,60,0,False,9,0,1.0478872999956366
B1_LHS_0491,4.0,high,0.026618544125540086,0.02445731061884472,0.0024235092660355706,0.6057617932175762,0.0019383507761575483,0.3179650997841549,0.024180558166354556,resource_economy,8,2.3042197743378203,2.3042197664618684,7.87595189066792e-09,-0.004284301205171616,-inf,nan,ZERO_VALUE_PROVED,,REGISTERED_PERFECT_INFORMATION_VALUE_NONPOSITIVE,60,60,0,False,9,0,1.0479113000037614
B1_LHS_0492,2.0,low,0.0445009453400416,0.020675762947348797,0.028888186768959982,0.535578336176313,0.0011312983935298148,0.6310125139530363,0.03914233236400288,balanced,8,4.439767093144993,4.439767077107075,1.6037917660582934e-08,0.026304730042391766,-inf,nan,ZERO_VALUE_OBSERVED_NOT_PROVED,,UNEVALUATED_SAFE_PROBES_REMAIN,180,180,0,False,9,0,2.1933910999796353
B1_LHS_0493,2.0,low,0.0730914924284527,0.024951371872280734,0.014103885036906768,0.9571916858452982,0.0017836713294965068,0.6087528885716529,0.03604794244566938,regional_responsibility,8,10.357508122082944,10.35750811439914,7.683803815439205e-09,0.1111613898198323,-inf,nan,ZERO_VALUE_PROVED,,REGISTERED_PERFECT_INFORMATION_VALUE_NONPOSITIVE,180,180,0,False,9,0,2.2301613000163343
B1_LHS_0494,4.0,low,0.030730904986177063,0.010523099516315875,0.011143443252741891,0.6826262120457356,0.0015092208433220271,0.6487917557424283,0.009210362699671668,resource_economy,8,2.0274351529006127,2.027435152707671,1.929416626467173e-10,-0.003970432217199585,-inf,nan,ZERO_VALUE_PROVED,,REGISTERED_PERFECT_INFORMATION_VALUE_NONPOSITIVE,60,60,0,False,9,0,1.061559900001157
B1_LHS_0495,4.0,high,0.05373631507345639,0.017637342398830663,0.030742133104105927,0.8880926483627367,0.001197474427278944,0.34881386381100044,0.032606554118825785,balanced,8,7.547486468296499,7.547486455152772,1.3143726995679117e-08,0.013720014581899668,-inf,nan,ZERO_VALUE_OBSERVED_NOT_PROVED,,UNEVALUATED_SAFE_PROBES_REMAIN,60,60,0,False,9,0,1.0481596000026911
B1_LHS_0496,4.0,high,0.01660503614025944,0.03400688001494925,0.026006000924296693,0.7438152183769766,0.0006854442867649914,0.41825144040356704,0.00010290265809402922,regional_responsibility,8,0.6769491880682408,0.6769491880948878,-2.6647017925540695e-11,-0.0013266962300415987,-inf,nan,ZERO_VALUE_PROVED,,REGISTERED_PERFECT_INFORMATION_VALUE_NONPOSITIVE,60,60,0,False,9,0,1.0612978000135627
B1_LHS_0497,2.0,low,0.0640109953062291,0.02080940857504467,0.02881581699120924,0.6026597491253164,0.0012797013926578592,0.6797438083336977,0.03183104393661985,resource_economy,8,6.953933182932791,6.953933184908854,-1.976062868891404e-09,0.06897880538759356,-inf,nan,ZERO_VALUE_PROVED,,REGISTERED_PERFECT_INFORMATION_VALUE_NONPOSITIVE,180,180,0,False,9,0,2.236499200022081
B1_LHS_0498,4.0,medium,0.0648574327786672,0.01736476485648533,0.022092214017657052,0.479446440400932,0.001695212433008737,0.4293231579271668,0.02436506016867046,balanced,8,9.46381363427982,9.463813612811512,2.1468308020189397e-08,0.004455109607391861,-inf,nan,ZERO_VALUE_OBSERVED_NOT_PROVED,,UNEVALUATED_SAFE_PROBES_REMAIN,60,60,0,False,9,0,1.0878825999971014
B1_LHS_0499,4.0,high,0.05062625621431129,0.003572567570605681,0.02776618671252695,0.7274156614908477,0.0016002435707674165,0.5760286077633388,0.027995504147160788,regional_responsibility,8,8.531186025236762,8.531185997658614,2.7578147765439098e-08,0.013605605305931268,-inf,nan,ZERO_VALUE_OBSERVED_NOT_PROVED,,UNEVALUATED_SAFE_PROBES_REMAIN,60,60,0,False,9,0,1.0998153999971692
B1_LHS_0500,4.0,high,0.04096345115765543,0.0014240542013775057,0.014408782466793132,1.039835706201009,0.0010015420379260484,0.5949293554550953,0.01316973939266615,resource_economy,8,3.642549928968664,3.642549913269958,1.5698705890798692e-08,-0.003702543296281942,-inf,nan,ZERO_VALUE_OBSERVED_NOT_PROVED,,UNEVALUATED_SAFE_PROBES_REMAIN,60,60,0,False,9,0,1.0879352999909315
B1_LHS_0501,4.0,medium,0.03596809870610563,0.006022990786763706,0.029202122583512142,1.20505914372301,0.0012299885436782548,0.4104293880668018,0.019086308824759205,balanced,8,3.2072533901715525,3.207253383070314,7.101238708173696e-09,0.008294084454218089,-inf,nan,ZERO_VALUE_PROVED,,REGISTERED_PERFECT_INFORMATION_VALUE_NONPOSITIVE,60,60,0,False,9,0,1.1076665000000503
B1_LHS_0502,4.0,low,0.06551035747110129,0.003424268306986115,0.02789774903760992,0.8383150638478316,0.0018791114945254344,0.5225489962241255,0.014131113189915334,regional_responsibility,8,11.375178030327863,11.375178036608437,-6.280574282868656e-09,0.015525585825198557,-inf,nan,ZERO_VALUE_PROVED,,REGISTERED_PERFECT_INFORMATION_VALUE_NONPOSITIVE,60,60,0,False,9,0,1.0354663000034634
B1_LHS_0503,4.0,medium,0.022222959345329817,0.0345014967406945,0.028026042795625452,0.8361110461937525,0.0013586423138222921,0.41461120496155984,0.03580811586708434,resource_economy,8,2.7925673324941767,2.792567309973294,2.2520882492216288e-08,-0.003477798842548498,-inf,nan,ZERO_VALUE_OBSERVED_NOT_PROVED,,UNEVALUATED_SAFE_PROBES_REMAIN,60,60,0,False,9,0,1.0271269000077154
B1_LHS_0504,2.0,medium,0.03271107030322344,0.017119646602650373,0.02075900716769752,0.011477134648432176,0.0011959021236812224,0.5801038281087086,0.03307090437883161,balanced,8,2.771516445172875,2.7715164573136604,-1.2140785266012699e-08,-0.0046710125290527526,-inf,nan,ZERO_VALUE_PROVED,,REGISTERED_PERFECT_INFORMATION_VALUE_NONPOSITIVE,180,180,0,False,9,0,2.216498699999647
B1_LHS_0505,2.0,high,0.029923731281248298,0.007958211292849909,0.02090981498557706,0.7666969383511709,0.0007707593228319508,0.4908551072850519,0.027571189096422755,regional_responsibility,8,2.935572348839741,2.935572344134762,4.704979073011373e-09,0.03698720056343367,-inf,nan,ZERO_VALUE_PROVED,,REGISTERED_PERFECT_INFORMATION_VALUE_NONPOSITIVE,180,180,0,False,9,0,2.229334599978756
B1_LHS_0506,4.0,high,0.015754627574210853,0.016793714764915032,0.011489631180804425,0.2697897260133659,0.0012415427735784608,0.3090604407139902,0.003721712722079698,resource_economy,8,0.5171894050070901,0.5171894074129966,-2.4059064740455938e-09,-0.004933746622695391,-inf,nan,ZERO_VALUE_PROVED,,REGISTERED_PERFECT_INFORMATION_VALUE_NONPOSITIVE,60,60,0,False,9,0,1.0424245000176597
B1_LHS_0507,4.0,medium,0.056317256346443786,0.005592476900725864,0.0004605176232470098,0.22590355591521238,0.0006893045967208269,0.3930284451568499,0.007616001374824516,balanced,8,6.383767667839482,6.383767668810768,-9.712861626098857e-10,-0.0024181855056735393,-inf,nan,ZERO_VALUE_PROVED,,REGISTERED_PERFECT_INFORMATION_VALUE_NONPOSITIVE,60,60,0,False,9,0,1.074583999987226
B1_LHS_0508,4.0,medium,0.020255614439632388,0.01846355427027919,0.005508473539361416,1.11965208162101,0.0019164596508485432,0.5724479717549614,0.022093142576087518,regional_responsibility,8,2.189612965895933,2.189612936930654,2.8965279064152583e-08,0.006364219836999276,-inf,nan,ZERO_VALUE_OBSERVED_NOT_PROVED,,UNEVALUATED_SAFE_PROBES_REMAIN,60,60,0,False,9,0,1.0973893000045791
B1_LHS_0509,4.0,low,0.02407011560992218,0.02545756012721822,0.034178516309941356,0.18993588332819303,0.001996098199598558,0.4055722398788687,0.03820138777837684,resource_economy,8,3.216485908102994,3.2164858770295797,3.1073414508142605e-08,-0.007976603424866644,-inf,nan,ZERO_VALUE_OBSERVED_NOT_PROVED,,UNEVALUATED_SAFE_PROBES_REMAIN,60,60,0,False,9,0,1.1213684999966063
B1_LHS_0510,2.0,low,0.06991259936792912,0.01866142059921276,0.018631184317435247,0.31466848698790717,0.0017969802584313496,0.43085511606130344,0.02363687691017283,balanced,8,6.257835775976991,6.257835763858731,1.2118260173110684e-08,0.018094940939628813,-inf,nan,ZERO_VALUE_OBSERVED_NOT_PROVED,,UNEVALUATED_SAFE_PROBES_REMAIN,180,180,0,False,9,0,2.3625837999861687
B1_LHS_0511,2.0,high,0.061383366446476774,0.003259414524725446,0.017336259216416686,1.0783034751602865,0.0016517233077670535,0.4953667737603342,0.0033506613456245407,regional_responsibility,8,5.091939265150216,5.091939264099332,1.0508847125834109e-09,0.059368042081416106,-inf,nan,ZERO_VALUE_PROVED,,REGISTERED_PERFECT_INFORMATION_VALUE_NONPOSITIVE,180,180,0,False,9,0,2.2779672000033315
