2026-07-30T19:03:39,861 Remote version of pip: 26.1.2
2026-07-30T19:03:39,861 Local version of pip:  26.1.2
2026-07-30T19:03:39,861 Was pip installed by pip? False
2026-07-30T19:03:39,862 Using pip 26.1.2 from D:\Miniconda3\envs\topo_sfr\Lib\site-packages\pip (python 3.11)
2026-07-30T19:03:39,862 Non-user install because site-packages writeable
2026-07-30T19:03:39,863 Created temporary directory: C:\Users\Administrator\AppData\Local\Temp\pip-build-tracker-js88fbuw
2026-07-30T19:03:39,864 Initialized build tracking at C:\Users\Administrator\AppData\Local\Temp\pip-build-tracker-js88fbuw
2026-07-30T19:03:39,865 Created build tracker: C:\Users\Administrator\AppData\Local\Temp\pip-build-tracker-js88fbuw
2026-07-30T19:03:39,865 Entered build tracker: C:\Users\Administrator\AppData\Local\Temp\pip-build-tracker-js88fbuw
2026-07-30T19:03:39,865 Created temporary directory: C:\Users\Administrator\AppData\Local\Temp\pip-install-2weaeetv
2026-07-30T19:03:39,866 Created temporary directory: C:\Users\Administrator\AppData\Local\Temp\pip-ephem-wheel-cache-pj1v8_yb
2026-07-30T19:03:39,882 1 location(s) to search for versions of andes:
2026-07-30T19:03:39,882 * https://pypi.org/simple/andes/
2026-07-30T19:03:39,882 Fetching project page and analyzing links: https://pypi.org/simple/andes/
2026-07-30T19:03:39,882 Getting page https://pypi.org/simple/andes/
2026-07-30T19:03:39,882 Found index url https://pypi.org/simple/
2026-07-30T19:03:40,914 Fetched page https://pypi.org/simple/andes/ as application/vnd.pypi.simple.v1+json
2026-07-30T19:03:40,917   Found link https://files.pythonhosted.org/packages/69/2c/79128ae4220d4b4da2665cd0d7024876cbd1253607e066d218eae561c60e/andes-0.3.1.tar.gz (from https://pypi.org/simple/andes/), version: 0.3.1
2026-07-30T19:03:40,917   Found link https://files.pythonhosted.org/packages/eb/2a/4ab3fdbc8104cd224475c83a298eba4d2ac55bfa142a2c7a39dc887ca701/andes-0.5.7.tar.gz (from https://pypi.org/simple/andes/), version: 0.5.7
2026-07-30T19:03:40,917   Found link https://files.pythonhosted.org/packages/c4/1a/39c55b7ee07488cbc97759b8b8ddd9c45c55652ab9dc08f126de28428530/andes-0.5.9.tar.gz (from https://pypi.org/simple/andes/), version: 0.5.9
2026-07-30T19:03:40,917   Found link https://files.pythonhosted.org/packages/b3/23/30fc89b4d16c2b67cfa6f4e310a8e472b11779539479bbcafa2f728f7564/andes-0.5.11.tar.gz (from https://pypi.org/simple/andes/), version: 0.5.11
2026-07-30T19:03:40,917   Found link https://files.pythonhosted.org/packages/ef/b9/c067cdc296ecbea7fddb80523da4ca91c67f81703db73eafbc8b773baef3/andes-0.6.1.tar.gz (from https://pypi.org/simple/andes/), version: 0.6.1
2026-07-30T19:03:40,917   Found link https://files.pythonhosted.org/packages/fb/a2/457faf6a999409d64bfbc3c2f4240a35f8915ffe0856efba7571266c98cb/andes-0.6.2.tar.gz (from https://pypi.org/simple/andes/), version: 0.6.2
2026-07-30T19:03:40,917   Found link https://files.pythonhosted.org/packages/17/4c/cad7aba66d3aa160eddedfc2df67746185271e00267213454c537e41d6a8/andes-0.6.3.tar.gz (from https://pypi.org/simple/andes/), version: 0.6.3
2026-07-30T19:03:40,917   Found link https://files.pythonhosted.org/packages/84/4e/eb56d297f741b1dbda49ce523962460759321eb941d9ea1fde0574db314b/andes-0.6.4.tar.gz (from https://pypi.org/simple/andes/), version: 0.6.4
2026-07-30T19:03:40,917   Found link https://files.pythonhosted.org/packages/d8/2d/e7902b9da3e2dbbbeec820cc56ab695866ba3d92b099cba65ae349422932/andes-0.6.5.tar.gz (from https://pypi.org/simple/andes/), version: 0.6.5
2026-07-30T19:03:40,918   Found link https://files.pythonhosted.org/packages/cd/03/883d27c2063cedcdfa8d1367f7e1871b1c93fda3d3119a83a45b0732c210/andes-0.6.6.tar.gz (from https://pypi.org/simple/andes/), version: 0.6.6
2026-07-30T19:03:40,918   Found link https://files.pythonhosted.org/packages/f3/3f/b4cc174327ac26350810ca8868fb7094a4480106f064e0b6be8f2a277433/andes-0.6.8.tar.gz (from https://pypi.org/simple/andes/), version: 0.6.8
2026-07-30T19:03:40,918   Found link https://files.pythonhosted.org/packages/45/af/7a83ae225d8531936e39fdf32f491b4a8039b23b16ab7ffdc6850d4ca78b/andes-0.6.9.tar.gz (from https://pypi.org/simple/andes/), version: 0.6.9
2026-07-30T19:03:40,918   Found link https://files.pythonhosted.org/packages/4a/16/37cd292a03252ec6ff3e3a805f1d7fb6a7cbff52a391eab0ff428c48896c/andes-0.8.1.tar.gz (from https://pypi.org/simple/andes/), version: 0.8.1
2026-07-30T19:03:40,918   Found link https://files.pythonhosted.org/packages/d6/0e/7bb3abb3275d2bea6bfbeda0123349bd7e6642f166a481988c2679b197be/andes-0.8.2.tar.gz (from https://pypi.org/simple/andes/), version: 0.8.2
2026-07-30T19:03:40,918   Found link https://files.pythonhosted.org/packages/fa/f5/63f60ab894c821fd980f1456ac201fcacf869f4aa47aec6c912a189f2cc4/andes-0.8.3.tar.gz (from https://pypi.org/simple/andes/), version: 0.8.3
2026-07-30T19:03:40,918   Found link https://files.pythonhosted.org/packages/b6/26/1608bbe3661e96e166cdaf397c9e3f33a2fee4160b06c338427f752f217c/andes-0.8.4.tar.gz (from https://pypi.org/simple/andes/), version: 0.8.4
2026-07-30T19:03:40,918   Found link https://files.pythonhosted.org/packages/39/99/c351f0b90490fa689d273e6c4fdb357945f8b304ad754dcc75ad2f24a672/andes-0.8.5.tar.gz (from https://pypi.org/simple/andes/), version: 0.8.5
2026-07-30T19:03:40,918   Found link https://files.pythonhosted.org/packages/f0/17/969f419205d3e7db5efe3d75febc18f4f01ee18d5608e2d003ec25720e6f/andes-0.8.6.tar.gz (from https://pypi.org/simple/andes/), version: 0.8.6
2026-07-30T19:03:40,918   Found link https://files.pythonhosted.org/packages/1d/6e/cc13ff4fdbeaf1aa91209767e7262a337a6c518654eeeebff959f98767a8/andes-0.8.7.tar.gz (from https://pypi.org/simple/andes/), version: 0.8.7
2026-07-30T19:03:40,919   Found link https://files.pythonhosted.org/packages/20/5c/b535cf2c78d299a402ec53f97d1b3974a7b3fa7bb8548bbddd3ff5a42e4d/andes-0.8.8.tar.gz (from https://pypi.org/simple/andes/), version: 0.8.8
2026-07-30T19:03:40,919   Found link https://files.pythonhosted.org/packages/19/0d/0b54e6ecc196b10f723c77376c2f582cf56c73b48f123dd723008831c95e/andes-0.9.1.tar.gz (from https://pypi.org/simple/andes/), version: 0.9.1
2026-07-30T19:03:40,919   Found link https://files.pythonhosted.org/packages/0f/d1/f599293a84af52adf0338dcc34b2b7c762c9d1b2b7b9ddb694739a6ad4fc/andes-0.9.2.tar.gz (from https://pypi.org/simple/andes/), version: 0.9.2
2026-07-30T19:03:40,919   Found link https://files.pythonhosted.org/packages/d9/6d/d4226fe0db2772b3ab20f71cee61aa95c15e6c443135d414fc494a8a3383/andes-0.9.3.tar.gz (from https://pypi.org/simple/andes/), version: 0.9.3
2026-07-30T19:03:40,919   Found link https://files.pythonhosted.org/packages/a7/13/aa6a3ca3ae8d84b8824750033911a2eaa22869019c4650a555a4427d5cf3/andes-0.9.4.tar.gz (from https://pypi.org/simple/andes/), version: 0.9.4
2026-07-30T19:03:40,919   Found link https://files.pythonhosted.org/packages/9b/5a/ffabb36fa3a1ec7defb5b643dd5efcb3ebffa3a3a5329aa7656fcf082e45/andes-0.9.5.tar.gz (from https://pypi.org/simple/andes/), version: 0.9.5
2026-07-30T19:03:40,919   Found link https://files.pythonhosted.org/packages/01/58/4bfae685868e774ea5df0cb84468226a3a6d00ae892bb92fab1743d5a5e1/andes-1.0.0.tar.gz (from https://pypi.org/simple/andes/), version: 1.0.0
2026-07-30T19:03:40,919   Found link https://files.pythonhosted.org/packages/f3/4f/faed7e1a83901921132b33098b313608f792f3b557fc61cba96c677fee70/andes-1.0.1.tar.gz (from https://pypi.org/simple/andes/), version: 1.0.1
2026-07-30T19:03:40,919   Found link https://files.pythonhosted.org/packages/55/be/77e5bfbcb1a1a77789ef62fc4a31358dcbfc54933070ea78fd3b11b8d36a/andes-1.0.2.tar.gz (from https://pypi.org/simple/andes/), version: 1.0.2
2026-07-30T19:03:40,919   Found link https://files.pythonhosted.org/packages/ea/47/be8a12e53ff1e850106fad3b7f8e4e9f31c6de72b936d67510cb2018dfd3/andes-1.0.3.tar.gz (from https://pypi.org/simple/andes/), version: 1.0.3
2026-07-30T19:03:40,919   Found link https://files.pythonhosted.org/packages/f2/32/ac462e3fda324820bdc72fb54db98b046f913c19ef6b88518ef2ef697615/andes-1.0.4.tar.gz (from https://pypi.org/simple/andes/), version: 1.0.4
2026-07-30T19:03:40,919   Found link https://files.pythonhosted.org/packages/1b/18/531dbc2fe11a277255001b1e73f1f2fd1e49415921efbdd0c05c7c0708e0/andes-1.0.5.tar.gz (from https://pypi.org/simple/andes/), version: 1.0.5
2026-07-30T19:03:40,920   Found link https://files.pythonhosted.org/packages/be/10/389a1394c7df0b0cf2668a0744e276949891906454b309acdeca181cefed/andes-1.0.6.tar.gz (from https://pypi.org/simple/andes/), version: 1.0.6
2026-07-30T19:03:40,920   Found link https://files.pythonhosted.org/packages/ba/b9/ccba1dec66877ee0cde2d1bf8a3bca360984d93bb4e711b03f7e5a39f1b3/andes-1.0.7.tar.gz (from https://pypi.org/simple/andes/), version: 1.0.7
2026-07-30T19:03:40,920   Found link https://files.pythonhosted.org/packages/45/26/4a1d2a7bc1c2fbdb91ba01eb4e0c8489c8eadbbac13f86178ecbd560cd4e/andes-1.0.8.tar.gz (from https://pypi.org/simple/andes/), version: 1.0.8
2026-07-30T19:03:40,920   Found link https://files.pythonhosted.org/packages/9f/c2/74fd1947081085fb23ac80541829131d1d48ea860c5604891b831720a59e/andes-1.1.0.tar.gz (from https://pypi.org/simple/andes/), version: 1.1.0
2026-07-30T19:03:40,920   Found link https://files.pythonhosted.org/packages/89/94/cb62a450e6f6ea3d1ce45e47f3b0c9836bc114edaa8270a6379247f68ee3/andes-1.1.1.tar.gz (from https://pypi.org/simple/andes/), version: 1.1.1
2026-07-30T19:03:40,920   Found link https://files.pythonhosted.org/packages/dc/78/e6701f7e2f1ee62d977876db1706877894bf4683883672f349981eeb9111/andes-1.1.2.tar.gz (from https://pypi.org/simple/andes/), version: 1.1.2
2026-07-30T19:03:40,920   Found link https://files.pythonhosted.org/packages/03/bf/fef4d2b686916c22799411fe43e53868dbe134a5613578564fb92d62b86e/andes-1.1.3.tar.gz (from https://pypi.org/simple/andes/), version: 1.1.3
2026-07-30T19:03:40,920   Found link https://files.pythonhosted.org/packages/28/3d/f4166d504e4b693a109cd07bb6ab9ab61aa39d84508527f222e886d3c7dd/andes-1.1.4.tar.gz (from https://pypi.org/simple/andes/), version: 1.1.4
2026-07-30T19:03:40,920   Found link https://files.pythonhosted.org/packages/4f/31/1e9a8c740265c9bc01265f638678247f67461c1993dcb7546d56c610abbd/andes-1.1.5.tar.gz (from https://pypi.org/simple/andes/), version: 1.1.5
2026-07-30T19:03:40,920   Found link https://files.pythonhosted.org/packages/05/9b/b7193908c22e5896fef43af6885c1203f22ba0e531d553ec586ced0c7476/andes-1.2.0.tar.gz (from https://pypi.org/simple/andes/), version: 1.2.0
2026-07-30T19:03:40,920   Found link https://files.pythonhosted.org/packages/9e/f5/6fe00121863bcc61f029d47a4ce6200f3f2099416d2c8a20c7786c85b348/andes-1.2.1.tar.gz (from https://pypi.org/simple/andes/), version: 1.2.1
2026-07-30T19:03:40,921   Found link https://files.pythonhosted.org/packages/ba/1d/5ebaaba672b1b4cb848ac9dd507494c4ec9938b2edb8a491419352dc880d/andes-1.2.2.tar.gz (from https://pypi.org/simple/andes/), version: 1.2.2
2026-07-30T19:03:40,921   Found link https://files.pythonhosted.org/packages/83/28/af6476a74b8cf8f7db1a1c10d15b69b893d72bf36cab978509b2c7c0d8e0/andes-1.2.3.tar.gz (from https://pypi.org/simple/andes/), version: 1.2.3
2026-07-30T19:03:40,921   Found link https://files.pythonhosted.org/packages/cc/16/3bfbe75e8486a2aab75945d1f50648dc6de7d272a9e94cb5270ead2476b8/andes-1.2.4.tar.gz (from https://pypi.org/simple/andes/), version: 1.2.4
2026-07-30T19:03:40,921   Found link https://files.pythonhosted.org/packages/48/a5/f4773cc378962f9ff98610274767be8a4eb7ddf8e3972d95f20f68bbcdaf/andes-1.2.5.tar.gz (from https://pypi.org/simple/andes/), version: 1.2.5
2026-07-30T19:03:40,921   Found link https://files.pythonhosted.org/packages/a9/80/968b4a8a976492b5dd5f67dcbbbb26d938e80962fc0a2880e12a0a37dd8d/andes-1.2.6.tar.gz (from https://pypi.org/simple/andes/), version: 1.2.6
2026-07-30T19:03:40,921   Found link https://files.pythonhosted.org/packages/06/55/92668816749a409e10a786d3b8d49c8d26231089da4eb005f7d5c918403f/andes-1.2.7.tar.gz (from https://pypi.org/simple/andes/), version: 1.2.7
2026-07-30T19:03:40,921   Found link https://files.pythonhosted.org/packages/bc/c9/acb12a46567c52cfa7327368132f6e29b94a60b1ea0b5c3e5c1d4567296c/andes-1.2.8.tar.gz (from https://pypi.org/simple/andes/), version: 1.2.8
2026-07-30T19:03:40,921   Found link https://files.pythonhosted.org/packages/b3/85/a01d95a5c2fc3c06f108b568e2df5e0a28698400c58b310dd123e2b8f2ef/andes-1.2.9.tar.gz (from https://pypi.org/simple/andes/), version: 1.2.9
2026-07-30T19:03:40,921   Found link https://files.pythonhosted.org/packages/ca/a3/c2e8397fbb4a2959cb2f64b504d1548d1fd04194b09098c2ddfd09413106/andes-1.3.0.tar.gz (from https://pypi.org/simple/andes/), version: 1.3.0
2026-07-30T19:03:40,921   Found link https://files.pythonhosted.org/packages/9f/ab/ac816dce9254c33560cff86c0f922d48a543b8adb55fac3f9ff6f1002e71/andes-1.3.1.tar.gz (from https://pypi.org/simple/andes/), version: 1.3.1
2026-07-30T19:03:40,921   Found link https://files.pythonhosted.org/packages/ea/5c/81f4d0cab1434d5f9a7067bea694ed6aa1dacb524ce85cfc77bb5219e0a3/andes-1.3.2.tar.gz (from https://pypi.org/simple/andes/), version: 1.3.2
2026-07-30T19:03:40,921   Found link https://files.pythonhosted.org/packages/14/49/5ffe0bb9c58e09edaa5e79830849edd269250a9eba38fd043ce11f6fd6c3/andes-1.3.3.tar.gz (from https://pypi.org/simple/andes/), version: 1.3.3
2026-07-30T19:03:40,922   Found link https://files.pythonhosted.org/packages/02/b5/8995e11a79b214958cef0d5b5269ff2f670fa3c589deeb2818d1645121a1/andes-1.3.4.tar.gz (from https://pypi.org/simple/andes/), version: 1.3.4
2026-07-30T19:03:40,922   Found link https://files.pythonhosted.org/packages/c2/bc/ba99f75f054de5e4535f3fb0066c4dbfd3a2e0db2d7f0da754014bf1584e/andes-1.3.5.tar.gz (from https://pypi.org/simple/andes/), version: 1.3.5
2026-07-30T19:03:40,922   Found link https://files.pythonhosted.org/packages/f0/3e/93ac86214dd37d5ba2bca999321345e5b83f4d9271b85c733fc261a54872/andes-1.3.6.tar.gz (from https://pypi.org/simple/andes/), version: 1.3.6
2026-07-30T19:03:40,922   Found link https://files.pythonhosted.org/packages/d5/82/34ee6c7fc67aadd51c41991227c9afc8320fa45d2b20e3fa1309db5d7a40/andes-1.3.8.tar.gz (from https://pypi.org/simple/andes/), version: 1.3.8
2026-07-30T19:03:40,922   Found link https://files.pythonhosted.org/packages/72/53/ceba0baa7d52b47c1aef6e5356f022b72fefc392d9b3be5751010755d54f/andes-1.3.9.tar.gz (from https://pypi.org/simple/andes/), version: 1.3.9
2026-07-30T19:03:40,922   Found link https://files.pythonhosted.org/packages/02/2a/4e666dc6bbc6883fd73e3e9fb5ad66b5892517bec81e7650fdf940e6e1e1/andes-1.3.10.tar.gz (from https://pypi.org/simple/andes/), version: 1.3.10
2026-07-30T19:03:40,922   Found link https://files.pythonhosted.org/packages/fb/2b/4002e6bd153c40695783d73c72a8e474ce44f243087ca9cbd34ed006d1b0/andes-1.3.11.tar.gz (from https://pypi.org/simple/andes/), version: 1.3.11
2026-07-30T19:03:40,922   Found link https://files.pythonhosted.org/packages/79/47/7509258cea30e421a08800a9af43d25b1d6626f514183cacf5c691a7224d/andes-1.3.12.tar.gz (from https://pypi.org/simple/andes/), version: 1.3.12
2026-07-30T19:03:40,922   Found link https://files.pythonhosted.org/packages/36/41/a97bf003ff2957ef632c118b539db411c6db61bee34e69e187c36b87c07b/andes-1.4.0.tar.gz (from https://pypi.org/simple/andes/), version: 1.4.0
2026-07-30T19:03:40,922   Found link https://files.pythonhosted.org/packages/6d/83/472ca5cbe8dc6f2028817571ebb220f3a81aa405dd26e6dbc783578f0d77/andes-1.4.1.tar.gz (from https://pypi.org/simple/andes/), version: 1.4.1
2026-07-30T19:03:40,922   Found link https://files.pythonhosted.org/packages/b0/19/bfa25d2460d30016cacca28b01e238a5c4937a35ed10ba5868b8e279a28d/andes-1.4.2.tar.gz (from https://pypi.org/simple/andes/), version: 1.4.2
2026-07-30T19:03:40,922   Found link https://files.pythonhosted.org/packages/7c/5b/e1dcc020b0de0a9ae01696bd36e9ff76d6dbc67bce95215aee642a294a4b/andes-1.4.3.tar.gz (from https://pypi.org/simple/andes/), version: 1.4.3
2026-07-30T19:03:40,923   Found link https://files.pythonhosted.org/packages/92/e3/7a9794cc388b435eefbb85a134e40a463814fefeb306687f3983122c2f26/andes-1.4.4.tar.gz (from https://pypi.org/simple/andes/), version: 1.4.4
2026-07-30T19:03:40,923   Found link https://files.pythonhosted.org/packages/9c/93/2dcd8cb0752fd73743a10092a67ac750b8ceea8407660f6d2e7f6162feca/andes-1.5.0.tar.gz (from https://pypi.org/simple/andes/), version: 1.5.0
2026-07-30T19:03:40,923   Found link https://files.pythonhosted.org/packages/ec/4f/d7ae5096bd175373ca22f945de95e7d08a6228849fbea96ebdd9b529bea1/andes-1.5.2.tar.gz (from https://pypi.org/simple/andes/), version: 1.5.2
2026-07-30T19:03:40,923   Found link https://files.pythonhosted.org/packages/17/9c/ba26c30b54c046054cb2c4fd231377ba545cd889e5ac4fe811633b55b0a2/andes-1.5.3.tar.gz (from https://pypi.org/simple/andes/), version: 1.5.3
2026-07-30T19:03:40,923   Found link https://files.pythonhosted.org/packages/96/7a/c63092ed39ff730b23cdf965868530958f1f44968840f4610da5720fc12f/andes-1.5.4.tar.gz (from https://pypi.org/simple/andes/), version: 1.5.4
2026-07-30T19:03:40,923   Found link https://files.pythonhosted.org/packages/47/da/e3cdf478c5fe545a1dec8af2f94a95b3e8add0f4464462664ecf32c5269d/andes-1.5.5.tar.gz (from https://pypi.org/simple/andes/), version: 1.5.5
2026-07-30T19:03:40,923   Found link https://files.pythonhosted.org/packages/2b/a7/3e33ce14136fcf9aada9f72eabef038feec988409d678227966318e1b397/andes-1.5.6.tar.gz (from https://pypi.org/simple/andes/), version: 1.5.6
2026-07-30T19:03:40,923   Found link https://files.pythonhosted.org/packages/d2/2b/25b0969af6f0a4d6cdf908a35373270a5c93105a03b2b31295d747a336fe/andes-1.5.8.tar.gz (from https://pypi.org/simple/andes/), version: 1.5.8
2026-07-30T19:03:40,923   Found link https://files.pythonhosted.org/packages/dc/af/0a2d25b41931c5cadfe26b7e9a2fc06f7d0c34e77651b0b1475f1ec01906/andes-1.5.9.tar.gz (from https://pypi.org/simple/andes/), version: 1.5.9
2026-07-30T19:03:40,923   Found link https://files.pythonhosted.org/packages/a2/19/3c1a0791e61f9dc65b8aa648aa1cd86c741665ae4fd27e74163d4a6e6eae/andes-1.5.10.tar.gz (from https://pypi.org/simple/andes/), version: 1.5.10
2026-07-30T19:03:40,924   Found link https://files.pythonhosted.org/packages/ed/db/ea4914abb2a29989a7d7b07a82f31a0da0987677d40420d653837ba227e5/andes-1.5.11.tar.gz (from https://pypi.org/simple/andes/), version: 1.5.11
2026-07-30T19:03:40,924   Found link https://files.pythonhosted.org/packages/29/f2/b2dd01407d43aa9700bfc88e641084aff07fe9539f3d71e978ae371068c4/andes-1.5.12.tar.gz (from https://pypi.org/simple/andes/), version: 1.5.12
2026-07-30T19:03:40,924   Found link https://files.pythonhosted.org/packages/de/b0/6dfa56cbf59a53107039cb040b83057d6b0000a03a29f93c1390b2d4e1f4/andes-1.6.0.tar.gz (from https://pypi.org/simple/andes/), version: 1.6.0
2026-07-30T19:03:40,924   Found link https://files.pythonhosted.org/packages/77/f7/c80c6df7acd63d3b707c3301babc14ae4f9bc228602feb709b9bda1aaf26/andes-1.6.1.tar.gz (from https://pypi.org/simple/andes/), version: 1.6.1
2026-07-30T19:03:40,924   Found link https://files.pythonhosted.org/packages/df/2b/d90992f2301dd756e87a482fe6affb0531859c8217b816d3e9b492f978ea/andes-1.6.2.tar.gz (from https://pypi.org/simple/andes/), version: 1.6.2
2026-07-30T19:03:40,924   Found link https://files.pythonhosted.org/packages/9b/af/3300f6b2385e2b23157fe423b789992dbd1aaffaeda5393d8f26b82f5bf0/andes-1.6.3.tar.gz (from https://pypi.org/simple/andes/), version: 1.6.3
2026-07-30T19:03:40,924   Found link https://files.pythonhosted.org/packages/9b/f1/bf808267de7c5d7a7d4bbf90fd208325caaee4df96588b87510294c55d2d/andes-1.6.4.tar.gz (from https://pypi.org/simple/andes/), version: 1.6.4
2026-07-30T19:03:40,924   Found link https://files.pythonhosted.org/packages/a1/e5/30aaa92395e10692bbe5511667bffa270e3381ac99220d40c9651b242709/andes-1.6.5.tar.gz (from https://pypi.org/simple/andes/), version: 1.6.5
2026-07-30T19:03:40,924   Found link https://files.pythonhosted.org/packages/5f/ae/28ddb0d174fd6249a169a0f14b9f5502272b5c73444a4b0a565c1c395fbb/andes-1.6.6.tar.gz (from https://pypi.org/simple/andes/), version: 1.6.6
2026-07-30T19:03:40,924   Found link https://files.pythonhosted.org/packages/b9/43/ff54a079a124a4792f1793b5c58880fd47fdb52b3c92f57948c70dc5d4f1/andes-1.7.0.tar.gz (from https://pypi.org/simple/andes/), version: 1.7.0
2026-07-30T19:03:40,924   Found link https://files.pythonhosted.org/packages/30/46/c4a95a7b54e5df953d5b97070e42edc9956445ce4a044d2a1cc547832015/andes-1.7.1.tar.gz (from https://pypi.org/simple/andes/), version: 1.7.1
2026-07-30T19:03:40,925   Found link https://files.pythonhosted.org/packages/73/1f/ecbac7a8bddb56e9372e63e6c318497ded7b268814b3ac0a9cfaee3f501b/andes-1.7.2.tar.gz (from https://pypi.org/simple/andes/), version: 1.7.2
2026-07-30T19:03:40,925   Found link https://files.pythonhosted.org/packages/37/bd/defffaca82776a825f628a71576611e88e6020040cad36ad0600494e3b32/andes-1.7.3.tar.gz (from https://pypi.org/simple/andes/), version: 1.7.3
2026-07-30T19:03:40,925   Found link https://files.pythonhosted.org/packages/d0/06/d5d380ced85601214cee5ee9c283225f6cb38f6019837d09a6ac36c9833a/andes-1.7.4.tar.gz (from https://pypi.org/simple/andes/), version: 1.7.4
2026-07-30T19:03:40,925   Found link https://files.pythonhosted.org/packages/b2/6f/c8e9134da30d1088469df7ba0a0c6b16e0e14fd89411e7006328c2c78de9/andes-1.7.5.tar.gz (from https://pypi.org/simple/andes/), version: 1.7.5
2026-07-30T19:03:40,925   Found link https://files.pythonhosted.org/packages/0a/8c/53e98ad43463b96d973bf00928efe0481c3731299f91c0293b5f83ee7423/andes-1.7.6.tar.gz (from https://pypi.org/simple/andes/), version: 1.7.6
2026-07-30T19:03:40,925   Found link https://files.pythonhosted.org/packages/b3/4a/8b6c7434f348d718985df2c9c313cf48d77e8f4cddce2c92817827048569/andes-1.7.7.tar.gz (from https://pypi.org/simple/andes/), version: 1.7.7
2026-07-30T19:03:40,925   Found link https://files.pythonhosted.org/packages/86/8f/8cf16c8944712e4190f62759b05c00f12bd88da0e3c64ca42e261b35dd6b/andes-1.7.8.tar.gz (from https://pypi.org/simple/andes/), version: 1.7.8
2026-07-30T19:03:40,925   Found link https://files.pythonhosted.org/packages/ee/68/df4921b8041fbc4debb1c968efdfbdd3b67ed723b1da472d272f946cee2d/andes-1.8.0.tar.gz (from https://pypi.org/simple/andes/), version: 1.8.0
2026-07-30T19:03:40,925   Found link https://files.pythonhosted.org/packages/f9/8a/32a92241434d0b495d2458d6b335e080c343715112004ec7e00f9ad023ea/andes-1.8.1.tar.gz (from https://pypi.org/simple/andes/), version: 1.8.1
2026-07-30T19:03:40,925   Found link https://files.pythonhosted.org/packages/61/ec/099b29b3a0a08bc4d6aeba357eac64d6dfd08e721ff4199025b3619783c0/andes-1.8.2.tar.gz (from https://pypi.org/simple/andes/), version: 1.8.2
2026-07-30T19:03:40,925   Found link https://files.pythonhosted.org/packages/95/33/dce47854d3b3483fa772162d12d50a61b23c19c55b49df5bee523b5f8cb2/andes-1.8.3.tar.gz (from https://pypi.org/simple/andes/), version: 1.8.3
2026-07-30T19:03:40,926   Found link https://files.pythonhosted.org/packages/84/3b/4e121dc6f1e601e020f20b3ba4f5fbbffd3b7df8fdd4afcf87fe2481421b/andes-1.8.4.tar.gz (from https://pypi.org/simple/andes/), version: 1.8.4
2026-07-30T19:03:40,926   Found link https://files.pythonhosted.org/packages/92/21/24799ac86b7922f85fc589400aaa60e246061425ed9278e8d9a334d0dc20/andes-1.8.5.tar.gz (from https://pypi.org/simple/andes/), version: 1.8.5
2026-07-30T19:03:40,926   Found link https://files.pythonhosted.org/packages/fd/91/72d498bbffdebefcb948694cefdb30d0ec717cf7e3edb0d2c7c59c57487e/andes-1.8.6.tar.gz (from https://pypi.org/simple/andes/), version: 1.8.6
2026-07-30T19:03:40,926   Found link https://files.pythonhosted.org/packages/05/0e/ac7b78a114efb1c32a129c5fcc24b2fcad0c67fe69440ce62fe4361e690b/andes-1.8.7.tar.gz (from https://pypi.org/simple/andes/), version: 1.8.7
2026-07-30T19:03:40,926   Found link https://files.pythonhosted.org/packages/78/8a/283fb08aaf0a400a80151ee2944a7190b087482cf88273695cf181aefbcb/andes-1.8.8.tar.gz (from https://pypi.org/simple/andes/), version: 1.8.8
2026-07-30T19:03:40,926   Found link https://files.pythonhosted.org/packages/23/03/997d1f783f98fcaaeb72547ec0e0aa4b5f1fdd9abbd38efd19a3a6fe40b2/andes-1.8.9.tar.gz (from https://pypi.org/simple/andes/), version: 1.8.9
2026-07-30T19:03:40,926   Found link https://files.pythonhosted.org/packages/63/5d/6f3c49aa74413a9c4090871f52e931682cf28119e9698163a80e0e59b96c/andes-1.8.10.tar.gz (from https://pypi.org/simple/andes/), version: 1.8.10
2026-07-30T19:03:40,926   Found link https://files.pythonhosted.org/packages/33/16/614126cb61ec66b12cee336aa87befd1f548b0dfc5af9f779e30bf5992ee/andes-1.9.0.tar.gz (from https://pypi.org/simple/andes/), version: 1.9.0
2026-07-30T19:03:40,926   Found link https://files.pythonhosted.org/packages/9a/e7/63b774fd107929ca41ca64827f08ea8c5baea65880f39a29a26a24540ea8/andes-1.9.1.tar.gz (from https://pypi.org/simple/andes/), version: 1.9.1
2026-07-30T19:03:40,926   Found link https://files.pythonhosted.org/packages/d5/35/a0f5d18222526e743bde599f20339792877fabf36c389dbb6f13139783ee/andes-1.9.2.tar.gz (from https://pypi.org/simple/andes/), version: 1.9.2
2026-07-30T19:03:40,926   Found link https://files.pythonhosted.org/packages/92/8e/fc6773ecfc075429b47414909abc30a079d94937166d1b3dc44611fe02cb/andes-1.9.3.tar.gz (from https://pypi.org/simple/andes/), version: 1.9.3
2026-07-30T19:03:40,927   Found link https://files.pythonhosted.org/packages/e1/56/d68d243a1b0e332df9bfe691cf2b4819667a6d4ee9eb657751f50f69433e/andes-1.10.0-py3-none-any.whl (from https://pypi.org/simple/andes/) (requires-python:>=3.10), version: 1.10.0
2026-07-30T19:03:40,927   Found link https://files.pythonhosted.org/packages/0f/ad/25ad11d4648cdc69198814fc286f637947083e5c9932eaefac68af7b4f0f/andes-1.10.0.tar.gz (from https://pypi.org/simple/andes/) (requires-python:>=3.10), version: 1.10.0
2026-07-30T19:03:40,927   Found link https://files.pythonhosted.org/packages/7b/0c/02a0ec8a3d23e8421b14fc91fa13dc628b7040d4e2d85eb9a36ed61e7777/andes-1.10.1-py3-none-any.whl (from https://pypi.org/simple/andes/) (requires-python:>=3.10), version: 1.10.1
2026-07-30T19:03:40,927   Found link https://files.pythonhosted.org/packages/05/9f/3df23ac9c7f66958a7286112c2f3bbf3f6bba95b46eebdbbea88560577de/andes-1.10.1.tar.gz (from https://pypi.org/simple/andes/) (requires-python:>=3.10), version: 1.10.1
2026-07-30T19:03:40,927   Found link https://files.pythonhosted.org/packages/c1/7f/c364e4cf203875c8e438128a0f44ce9d8a7a55062f7dd02a2de9a0aa1100/andes-2.0.0-py3-none-any.whl (from https://pypi.org/simple/andes/) (requires-python:>=3.11), version: 2.0.0
2026-07-30T19:03:40,927   Found link https://files.pythonhosted.org/packages/04/49/ba47e9224edd5495921dcb961fa87d2fbf5a6bc87ce47495235a64c145dc/andes-2.0.0.tar.gz (from https://pypi.org/simple/andes/) (requires-python:>=3.11), version: 2.0.0
2026-07-30T19:03:40,927 Skipping link: not a file: https://pypi.org/simple/andes/
2026-07-30T19:03:40,928 Given no hashes to check 2 links for project 'andes': discarding no candidates
2026-07-30T19:03:40,928 Collecting andes==2.0.0
2026-07-30T19:03:40,929   Obtaining dependency information for andes==2.0.0 from https://files.pythonhosted.org/packages/c1/7f/c364e4cf203875c8e438128a0f44ce9d8a7a55062f7dd02a2de9a0aa1100/andes-2.0.0-py3-none-any.whl.metadata
2026-07-30T19:03:40,929   Created temporary directory: C:\Users\Administrator\AppData\Local\Temp\pip-unpack-qn6mu8rg
2026-07-30T19:03:40,931   Using cached andes-2.0.0-py3-none-any.whl.metadata (9.6 kB)
2026-07-30T19:03:40,933   Created temporary directory: C:\Users\Administrator\AppData\Local\Temp\pip-metadata-x6zc3z4t
2026-07-30T19:03:40,937 1 location(s) to search for versions of kvxopt:
2026-07-30T19:03:40,937 * https://pypi.org/simple/kvxopt/
2026-07-30T19:03:40,938 Fetching project page and analyzing links: https://pypi.org/simple/kvxopt/
2026-07-30T19:03:40,938 Getting page https://pypi.org/simple/kvxopt/
2026-07-30T19:03:40,938 Found index url https://pypi.org/simple/
2026-07-30T19:03:41,235 Fetched page https://pypi.org/simple/kvxopt/ as application/vnd.pypi.simple.v1+json
2026-07-30T19:03:41,263   Skipping link: none of the wheel's tags (cp27-cp27m-macosx_10_14_x86_64) are compatible (run pip debug --verbose to show compatible tags): https://files.pythonhosted.org/packages/13/d1/6bdc570fb0d0807761ffd2d0ae0c22460b8fe7f17af82b97df5a63afcfc5/kvxopt-1.2.5.2-cp27-cp27m-macosx_10_14_x86_64.whl (from https://pypi.org/simple/kvxopt/)
2026-07-30T19:03:41,263   Skipping link: none of the wheel's tags (cp27-cp27m-manylinux2010_x86_64) are compatible (run pip debug --verbose to show compatible tags): https://files.pythonhosted.org/packages/cb/a7/a549c03500480ad2f71e499fd4a73bf94ae44dd0474a3c83757ba8ecfe50/kvxopt-1.2.5.2-cp27-cp27m-manylinux2010_x86_64.whl (from https://pypi.org/simple/kvxopt/)
2026-07-30T19:03:41,263   Skipping link: none of the wheel's tags (cp27-cp27mu-manylinux2010_x86_64) are compatible (run pip debug --verbose to show compatible tags): https://files.pythonhosted.org/packages/29/19/bb67a743eed5c97a6352ce5d569b4531b357c487cdf24066f16edde45684/kvxopt-1.2.5.2-cp27-cp27mu-manylinux2010_x86_64.whl (from https://pypi.org/simple/kvxopt/)
2026-07-30T19:03:41,263   Skipping link: none of the wheel's tags (cp35-cp35m-macosx_10_14_x86_64) are compatible (run pip debug --verbose to show compatible tags): https://files.pythonhosted.org/packages/da/de/c4129e66173d820d416100821212c1d1785d415e89ca258546af12d7b2fe/kvxopt-1.2.5.2-cp35-cp35m-macosx_10_14_x86_64.whl (from https://pypi.org/simple/kvxopt/)
2026-07-30T19:03:41,263   Skipping link: none of the wheel's tags (cp35-cp35m-manylinux2010_x86_64) are compatible (run pip debug --verbose to show compatible tags): https://files.pythonhosted.org/packages/b6/5c/d0bc8eddd04c87d0ff5bd2f7061cb479edd5a8413f4c15c3816078e9663f/kvxopt-1.2.5.2-cp35-cp35m-manylinux2010_x86_64.whl (from https://pypi.org/simple/kvxopt/)
2026-07-30T19:03:41,263   Skipping link: none of the wheel's tags (cp35-cp35m-win32) are compatible (run pip debug --verbose to show compatible tags): https://files.pythonhosted.org/packages/6f/fd/ba98722c92c4bcecf8ded028f143fb89ce8806f7a16c98a6015ee1a65824/kvxopt-1.2.5.2-cp35-cp35m-win32.whl (from https://pypi.org/simple/kvxopt/)
2026-07-30T19:03:41,263   Skipping link: none of the wheel's tags (cp35-cp35m-win_amd64) are compatible (run pip debug --verbose to show compatible tags): https://files.pythonhosted.org/packages/49/88/0ed8546a7f265d712099e6bd56d1273dda52ee7a492df8d1fac79df30f9f/kvxopt-1.2.5.2-cp35-cp35m-win_amd64.whl (from https://pypi.org/simple/kvxopt/)
2026-07-30T19:03:41,263   Skipping link: none of the wheel's tags (cp36-cp36m-macosx_10_14_x86_64) are compatible (run pip debug --verbose to show compatible tags): https://files.pythonhosted.org/packages/ba/1e/1cfaccd3bcab2acd3ad5e00f2e6601967ebc74bb6412bf4cdb5dc548df45/kvxopt-1.2.5.2-cp36-cp36m-macosx_10_14_x86_64.whl (from https://pypi.org/simple/kvxopt/)
2026-07-30T19:03:41,263   Skipping link: none of the wheel's tags (cp36-cp36m-manylinux2010_x86_64) are compatible (run pip debug --verbose to show compatible tags): https://files.pythonhosted.org/packages/a8/0c/24e71661de5475d810db47aae6170c99c6e4940b13f4e8cbaafe22dd336b/kvxopt-1.2.5.2-cp36-cp36m-manylinux2010_x86_64.whl (from https://pypi.org/simple/kvxopt/)
2026-07-30T19:03:41,263   Skipping link: none of the wheel's tags (cp36-cp36m-win32) are compatible (run pip debug --verbose to show compatible tags): https://files.pythonhosted.org/packages/d6/d2/1b37c8c6757f60722c022633601d733f39d4bc31dbe31e278bfbca7aa4dc/kvxopt-1.2.5.2-cp36-cp36m-win32.whl (from https://pypi.org/simple/kvxopt/)
2026-07-30T19:03:41,263   Skipping link: none of the wheel's tags (cp36-cp36m-win_amd64) are compatible (run pip debug --verbose to show compatible tags): https://files.pythonhosted.org/packages/2e/42/a16956ae2d5b40b6e29a58ebf784df444880f1a5a8096024a3b0ebec4910/kvxopt-1.2.5.2-cp36-cp36m-win_amd64.whl (from https://pypi.org/simple/kvxopt/)
2026-07-30T19:03:41,263   Skipping link: none of the wheel's tags (cp37-cp37m-macosx_10_14_x86_64) are compatible (run pip debug --verbose to show compatible tags): https://files.pythonhosted.org/packages/84/cd/c389cc79aab75954d08d71304b8c0c6f131a11ed48dd4db362b7d552509e/kvxopt-1.2.5.2-cp37-cp37m-macosx_10_14_x86_64.whl (from https://pypi.org/simple/kvxopt/)
2026-07-30T19:03:41,263   Skipping link: none of the wheel's tags (cp37-cp37m-manylinux2010_x86_64) are compatible (run pip debug --verbose to show compatible tags): https://files.pythonhosted.org/packages/9b/8f/05e4fcf75d03b7cfa0c007444d30144c23202315935b266c1856b64fbecc/kvxopt-1.2.5.2-cp37-cp37m-manylinux2010_x86_64.whl (from https://pypi.org/simple/kvxopt/)
2026-07-30T19:03:41,263   Skipping link: none of the wheel's tags (cp37-cp37m-win32) are compatible (run pip debug --verbose to show compatible tags): https://files.pythonhosted.org/packages/68/ab/d992e365714dc5601352c59843909872699c87c689091ef9a5a16daef6be/kvxopt-1.2.5.2-cp37-cp37m-win32.whl (from https://pypi.org/simple/kvxopt/)
2026-07-30T19:03:41,263   Skipping link: none of the wheel's tags (cp37-cp37m-win_amd64) are compatible (run pip debug --verbose to show compatible tags): https://files.pythonhosted.org/packages/42/0f/952aded698424768cbb6ef32b70378cecc723c414cd16625a23a5193d8f4/kvxopt-1.2.5.2-cp37-cp37m-win_amd64.whl (from https://pypi.org/simple/kvxopt/)
2026-07-30T19:03:41,263   Skipping link: none of the wheel's tags (cp38-cp38-macosx_10_14_x86_64) are compatible (run pip debug --verbose to show compatible tags): https://files.pythonhosted.org/packages/03/49/d0b114c68cc0abf844ae8c16fc0cfac5d66c754e684ecc1481820413087d/kvxopt-1.2.5.2-cp38-cp38-macosx_10_14_x86_64.whl (from https://pypi.org/simple/kvxopt/)
2026-07-30T19:03:41,263   Skipping link: none of the wheel's tags (cp38-cp38-manylinux2010_x86_64) are compatible (run pip debug --verbose to show compatible tags): https://files.pythonhosted.org/packages/34/40/bca20a800d4e58bc45bf66be9017e830cc9600c97d4a4c4df255c143239e/kvxopt-1.2.5.2-cp38-cp38-manylinux2010_x86_64.whl (from https://pypi.org/simple/kvxopt/)
2026-07-30T19:03:41,263   Skipping link: none of the wheel's tags (cp38-cp38-win32) are compatible (run pip debug --verbose to show compatible tags): https://files.pythonhosted.org/packages/a8/d6/e280f3dfef3aeb9a44a218b2826b11a7fb91ea7a02413023137b35f0bda7/kvxopt-1.2.5.2-cp38-cp38-win32.whl (from https://pypi.org/simple/kvxopt/)
2026-07-30T19:03:41,263   Skipping link: none of the wheel's tags (cp38-cp38-win_amd64) are compatible (run pip debug --verbose to show compatible tags): https://files.pythonhosted.org/packages/62/dc/a7c79bb7ee8d14ff86d7f44fddb29796aa7ca74641e4a11b79ccfe63964c/kvxopt-1.2.5.2-cp38-cp38-win_amd64.whl (from https://pypi.org/simple/kvxopt/)
2026-07-30T19:03:41,263   Found link https://files.pythonhosted.org/packages/16/ec/c3553ead7b9717e2f27c344f7abed67f8d1ef5cce74bc95ececa2a7be950/kvxopt-1.2.5.2.tar.gz (from https://pypi.org/simple/kvxopt/), version: 1.2.5.2
2026-07-30T19:03:41,263   Skipping link: none of the wheel's tags (cp27-cp27m-macosx_10_14_x86_64) are compatible (run pip debug --verbose to show compatible tags): https://files.pythonhosted.org/packages/6b/5d/8b9d3bb1fa43f292cb41667c72e16b6220d131613f7e875bc59a0641e5ec/kvxopt-1.2.5.3-cp27-cp27m-macosx_10_14_x86_64.whl (from https://pypi.org/simple/kvxopt/)
2026-07-30T19:03:41,263   Skipping link: none of the wheel's tags (cp35-cp35m-macosx_10_14_x86_64) are compatible (run pip debug --verbose to show compatible tags): https://files.pythonhosted.org/packages/71/a5/f4c6d5217f3c4184661ba42968d5b65ff015c7a30694fd8c27f93a41eb22/kvxopt-1.2.5.3-cp35-cp35m-macosx_10_14_x86_64.whl (from https://pypi.org/simple/kvxopt/)
2026-07-30T19:03:41,263   Skipping link: none of the wheel's tags (cp36-cp36m-macosx_10_14_x86_64) are compatible (run pip debug --verbose to show compatible tags): https://files.pythonhosted.org/packages/55/b2/c064c310e7bd2d3de271953f45cbf51d37ea3fca0140115b30599238f6af/kvxopt-1.2.5.3-cp36-cp36m-macosx_10_14_x86_64.whl (from https://pypi.org/simple/kvxopt/)
2026-07-30T19:03:41,263   Skipping link: none of the wheel's tags (cp37-cp37m-macosx_10_14_x86_64) are compatible (run pip debug --verbose to show compatible tags): https://files.pythonhosted.org/packages/1e/81/dda76220684e677e4814b37d0d250716294b3607b5eeb05fd513149cd053/kvxopt-1.2.5.3-cp37-cp37m-macosx_10_14_x86_64.whl (from https://pypi.org/simple/kvxopt/)
2026-07-30T19:03:41,270   Skipping link: none of the wheel's tags (cp38-cp38-macosx_10_14_x86_64) are compatible (run pip debug --verbose to show compatible tags): https://files.pythonhosted.org/packages/43/15/cae15e62a92d7b1fa80a7780f98dac18c48aa3c82e33bc2f34f8de724063/kvxopt-1.2.5.3-cp38-cp38-macosx_10_14_x86_64.whl (from https://pypi.org/simple/kvxopt/)
2026-07-30T19:03:41,270   Skipping link: none of the wheel's tags (cp39-cp39-macosx_10_14_x86_64) are compatible (run pip debug --verbose to show compatible tags): https://files.pythonhosted.org/packages/4a/1c/6427e90009d6fe4bc8f7b62b5b1cc14b47a2c6a676056879666f12b0421f/kvxopt-1.2.5.3-cp39-cp39-macosx_10_14_x86_64.whl (from https://pypi.org/simple/kvxopt/)
2026-07-30T19:03:41,270   Found link https://files.pythonhosted.org/packages/a1/39/4ed42e534c0faaea72fdf987db395dfaef69025d27364ba89fbf1f40139b/kvxopt-1.2.5.3.tar.gz (from https://pypi.org/simple/kvxopt/), version: 1.2.5.3
2026-07-30T19:03:41,270   Skipping link: none of the wheel's tags (cp27-cp27m-macosx_10_14_x86_64) are compatible (run pip debug --verbose to show compatible tags): https://files.pythonhosted.org/packages/60/b8/b47c3c6a65b9ac1ed0cb08f98f4936d4602b9b32179f640d03de71ba2b3a/kvxopt-1.2.5.4-cp27-cp27m-macosx_10_14_x86_64.whl (from https://pypi.org/simple/kvxopt/)
2026-07-30T19:03:41,270   Skipping link: none of the wheel's tags (cp27-cp27m-manylinux2010_x86_64) are compatible (run pip debug --verbose to show compatible tags): https://files.pythonhosted.org/packages/0e/f9/904effb57a4bc899f5109753a06ea4a411eabbc5a6882f7e3ab1471a446a/kvxopt-1.2.5.4-cp27-cp27m-manylinux2010_x86_64.whl (from https://pypi.org/simple/kvxopt/)
2026-07-30T19:03:41,270   Skipping link: none of the wheel's tags (cp27-cp27mu-manylinux2010_x86_64) are compatible (run pip debug --verbose to show compatible tags): https://files.pythonhosted.org/packages/2a/8b/66e2cc544ca1a4696ff6808a011325e78be4661f4128f60b4f6af404e67a/kvxopt-1.2.5.4-cp27-cp27mu-manylinux2010_x86_64.whl (from https://pypi.org/simple/kvxopt/)
2026-07-30T19:03:41,270   Skipping link: none of the wheel's tags (cp35-cp35m-macosx_10_14_x86_64) are compatible (run pip debug --verbose to show compatible tags): https://files.pythonhosted.org/packages/cd/99/bfe9d4a1f91eacdea7eac6540e6e688d573354ea697923689d3a6d194b2a/kvxopt-1.2.5.4-cp35-cp35m-macosx_10_14_x86_64.whl (from https://pypi.org/simple/kvxopt/)
2026-07-30T19:03:41,270   Skipping link: none of the wheel's tags (cp35-cp35m-manylinux2010_x86_64) are compatible (run pip debug --verbose to show compatible tags): https://files.pythonhosted.org/packages/ee/8b/205decc96d2d7a96406993a9d6add998c88b038692d249ae108b7c9234fb/kvxopt-1.2.5.4-cp35-cp35m-manylinux2010_x86_64.whl (from https://pypi.org/simple/kvxopt/)
2026-07-30T19:03:41,270   Skipping link: none of the wheel's tags (cp35-cp35m-manylinux2014_x86_64) are compatible (run pip debug --verbose to show compatible tags): https://files.pythonhosted.org/packages/5f/17/aae81e7975e1ed41c43e58fdb76302174912b2093ba2be9c3d70d2e34010/kvxopt-1.2.5.4-cp35-cp35m-manylinux2014_x86_64.whl (from https://pypi.org/simple/kvxopt/)
2026-07-30T19:03:41,270   Skipping link: none of the wheel's tags (cp35-cp35m-win32) are compatible (run pip debug --verbose to show compatible tags): https://files.pythonhosted.org/packages/13/ff/0b3f7eebee2cfed56f2345620fd69cae48fbc6823d13dbc0193ddb30b969/kvxopt-1.2.5.4-cp35-cp35m-win32.whl (from https://pypi.org/simple/kvxopt/)
2026-07-30T19:03:41,270   Skipping link: none of the wheel's tags (cp35-cp35m-win_amd64) are compatible (run pip debug --verbose to show compatible tags): https://files.pythonhosted.org/packages/9b/c6/84c101b4b32149c837a7334b8f340b281aac4f88ba5278ebc5351629f31e/kvxopt-1.2.5.4-cp35-cp35m-win_amd64.whl (from https://pypi.org/simple/kvxopt/)
2026-07-30T19:03:41,270   Skipping link: none of the wheel's tags (cp36-cp36m-macosx_10_14_x86_64) are compatible (run pip debug --verbose to show compatible tags): https://files.pythonhosted.org/packages/e4/b5/91eed22f520e97802c131e4a0ff12b47517bfb1d920ce8cd043fb523b1b0/kvxopt-1.2.5.4-cp36-cp36m-macosx_10_14_x86_64.whl (from https://pypi.org/simple/kvxopt/)
2026-07-30T19:03:41,270   Skipping link: none of the wheel's tags (cp36-cp36m-manylinux2010_x86_64) are compatible (run pip debug --verbose to show compatible tags): https://files.pythonhosted.org/packages/c9/0d/09168b6c22e218ffba4fbcb42c35da56dd4ec8c29504c19a6f68de42ffdc/kvxopt-1.2.5.4-cp36-cp36m-manylinux2010_x86_64.whl (from https://pypi.org/simple/kvxopt/)
2026-07-30T19:03:41,270   Skipping link: none of the wheel's tags (cp36-cp36m-manylinux2014_x86_64) are compatible (run pip debug --verbose to show compatible tags): https://files.pythonhosted.org/packages/30/7b/64ac07cc0d21317002ba558f0c423948ca30ddd64155f1794ab313ac973f/kvxopt-1.2.5.4-cp36-cp36m-manylinux2014_x86_64.whl (from https://pypi.org/simple/kvxopt/)
2026-07-30T19:03:41,270   Skipping link: none of the wheel's tags (cp36-cp36m-win32) are compatible (run pip debug --verbose to show compatible tags): https://files.pythonhosted.org/packages/5d/46/446e929fa3bc213f6ec845ceb74f63396b012d23ff93dd65201661fab17b/kvxopt-1.2.5.4-cp36-cp36m-win32.whl (from https://pypi.org/simple/kvxopt/)
2026-07-30T19:03:41,270   Skipping link: none of the wheel's tags (cp36-cp36m-win_amd64) are compatible (run pip debug --verbose to show compatible tags): https://files.pythonhosted.org/packages/97/86/09df9edd4bc42aceb7df0c5b057ceb58c80f2eb53b7c6eb5c318b29fd7f2/kvxopt-1.2.5.4-cp36-cp36m-win_amd64.whl (from https://pypi.org/simple/kvxopt/)
2026-07-30T19:03:41,270   Skipping link: none of the wheel's tags (cp37-cp37m-macosx_10_14_x86_64) are compatible (run pip debug --verbose to show compatible tags): https://files.pythonhosted.org/packages/26/a3/29475151fe4279721dadcae76e0f62bf03adf7aa57a7c13102a86f979698/kvxopt-1.2.5.4-cp37-cp37m-macosx_10_14_x86_64.whl (from https://pypi.org/simple/kvxopt/)
2026-07-30T19:03:41,270   Skipping link: none of the wheel's tags (cp37-cp37m-manylinux2010_x86_64) are compatible (run pip debug --verbose to show compatible tags): https://files.pythonhosted.org/packages/4e/60/51cffadafc212440404f566424030ed8948ef824941c8632ce8d4f824b92/kvxopt-1.2.5.4-cp37-cp37m-manylinux2010_x86_64.whl (from https://pypi.org/simple/kvxopt/)
2026-07-30T19:03:41,270   Skipping link: none of the wheel's tags (cp37-cp37m-manylinux2014_x86_64) are compatible (run pip debug --verbose to show compatible tags): https://files.pythonhosted.org/packages/b4/d3/22bdcc854e569f672de16dbaa3d4432df64b68236e80ddb052837a97dc6d/kvxopt-1.2.5.4-cp37-cp37m-manylinux2014_x86_64.whl (from https://pypi.org/simple/kvxopt/)
2026-07-30T19:03:41,270   Skipping link: none of the wheel's tags (cp37-cp37m-win32) are compatible (run pip debug --verbose to show compatible tags): https://files.pythonhosted.org/packages/52/d4/8cd6809a63e18444a20937da977f56699a36b2721fb1de8024365d586c47/kvxopt-1.2.5.4-cp37-cp37m-win32.whl (from https://pypi.org/simple/kvxopt/)
2026-07-30T19:03:41,270   Skipping link: none of the wheel's tags (cp37-cp37m-win_amd64) are compatible (run pip debug --verbose to show compatible tags): https://files.pythonhosted.org/packages/47/aa/a1dc2a30ce68832f9667a6dbfcfc2a530e94730e1c687eff7914711fd9bc/kvxopt-1.2.5.4-cp37-cp37m-win_amd64.whl (from https://pypi.org/simple/kvxopt/)
2026-07-30T19:03:41,270   Skipping link: none of the wheel's tags (cp38-cp38-macosx_10_14_x86_64) are compatible (run pip debug --verbose to show compatible tags): https://files.pythonhosted.org/packages/eb/d1/55e0b62f01c4fe27b6c782f82b7ccd6235acaef320fd0eefc01011d992e5/kvxopt-1.2.5.4-cp38-cp38-macosx_10_14_x86_64.whl (from https://pypi.org/simple/kvxopt/)
2026-07-30T19:03:41,270   Skipping link: none of the wheel's tags (cp38-cp38-manylinux2010_x86_64) are compatible (run pip debug --verbose to show compatible tags): https://files.pythonhosted.org/packages/bd/10/9c46e4e18ee831bc7f36b80fc7db6478b7c4ecfa773d36b7f8d5c6bf1377/kvxopt-1.2.5.4-cp38-cp38-manylinux2010_x86_64.whl (from https://pypi.org/simple/kvxopt/)
2026-07-30T19:03:41,270   Skipping link: none of the wheel's tags (cp38-cp38-manylinux2014_x86_64) are compatible (run pip debug --verbose to show compatible tags): https://files.pythonhosted.org/packages/98/43/7c3d1e1be10d19f7807acca2dc47fdc011d7ef507eec67d384a0d63be791/kvxopt-1.2.5.4-cp38-cp38-manylinux2014_x86_64.whl (from https://pypi.org/simple/kvxopt/)
2026-07-30T19:03:41,270   Skipping link: none of the wheel's tags (cp38-cp38-win32) are compatible (run pip debug --verbose to show compatible tags): https://files.pythonhosted.org/packages/88/0a/88423110a491dd96dbb62f3fc1a3cb7c94e7ba6814f0d090a4edd9cc7a5e/kvxopt-1.2.5.4-cp38-cp38-win32.whl (from https://pypi.org/simple/kvxopt/)
2026-07-30T19:03:41,270   Skipping link: none of the wheel's tags (cp38-cp38-win_amd64) are compatible (run pip debug --verbose to show compatible tags): https://files.pythonhosted.org/packages/ac/67/b3f5e412430120ede8dd882c02a9f12f331ed220af58bd35d7695370a0bb/kvxopt-1.2.5.4-cp38-cp38-win_amd64.whl (from https://pypi.org/simple/kvxopt/)
2026-07-30T19:03:41,270   Skipping link: none of the wheel's tags (cp39-cp39-macosx_10_14_x86_64) are compatible (run pip debug --verbose to show compatible tags): https://files.pythonhosted.org/packages/e8/98/ff12062c65b35e210e01d33a373e0042031dd0b1f415d664d871ae770ed3/kvxopt-1.2.5.4-cp39-cp39-macosx_10_14_x86_64.whl (from https://pypi.org/simple/kvxopt/)
2026-07-30T19:03:41,270   Skipping link: none of the wheel's tags (cp39-cp39-manylinux2010_x86_64) are compatible (run pip debug --verbose to show compatible tags): https://files.pythonhosted.org/packages/3b/ff/2e0847507a6b3cc525c5c9dd20f4894daa86abce90ff6cce35924696b489/kvxopt-1.2.5.4-cp39-cp39-manylinux2010_x86_64.whl (from https://pypi.org/simple/kvxopt/)
2026-07-30T19:03:41,270   Skipping link: none of the wheel's tags (cp39-cp39-manylinux2014_x86_64) are compatible (run pip debug --verbose to show compatible tags): https://files.pythonhosted.org/packages/bf/85/01a8ca3f2b076d11170f1e2adc14f467109cd55d929d9c0d5e2ac0c3a79f/kvxopt-1.2.5.4-cp39-cp39-manylinux2014_x86_64.whl (from https://pypi.org/simple/kvxopt/)
2026-07-30T19:03:41,270   Skipping link: none of the wheel's tags (cp39-cp39-win32) are compatible (run pip debug --verbose to show compatible tags): https://files.pythonhosted.org/packages/9f/12/75d7f38164699dff4963eccff179893c0e433ed1448c92b28917ff0c3ef0/kvxopt-1.2.5.4-cp39-cp39-win32.whl (from https://pypi.org/simple/kvxopt/)
2026-07-30T19:03:41,270   Skipping link: none of the wheel's tags (cp39-cp39-win_amd64) are compatible (run pip debug --verbose to show compatible tags): https://files.pythonhosted.org/packages/9e/99/7ed85a70ef789aa2905138fd61d3851986dc4ef8d470e4e75d32d22e00fd/kvxopt-1.2.5.4-cp39-cp39-win_amd64.whl (from https://pypi.org/simple/kvxopt/)
2026-07-30T19:03:41,270   Found link https://files.pythonhosted.org/packages/8d/ce/c1e75db4d5679b8a7d3653e2c7588c9d2ade07f925a4ecc2ad9e9edebb3d/kvxopt-1.2.5.4.tar.gz (from https://pypi.org/simple/kvxopt/), version: 1.2.5.4
2026-07-30T19:03:41,270   Skipping link: none of the wheel's tags (cp27-cp27m-macosx_10_9_x86_64) are compatible (run pip debug --verbose to show compatible tags): https://files.pythonhosted.org/packages/bf/2c/bb28b456c29e7656ed3d24200d3c8d548f3a5abd754431e0153f16b3a1b5/kvxopt-1.2.6.0-cp27-cp27m-macosx_10_9_x86_64.whl (from https://pypi.org/simple/kvxopt/)
2026-07-30T19:03:41,270   Skipping link: none of the wheel's tags (cp27-cp27mu-manylinux1_i686) are compatible (run pip debug --verbose to show compatible tags): https://files.pythonhosted.org/packages/e4/7d/089439c3de2256fd7c2b8639f844b4210db2c2198b027978e3d38d38049e/kvxopt-1.2.6.0-cp27-cp27mu-manylinux1_i686.whl (from https://pypi.org/simple/kvxopt/)
2026-07-30T19:03:41,270   Skipping link: none of the wheel's tags (cp27-cp27mu-manylinux1_x86_64) are compatible (run pip debug --verbose to show compatible tags): https://files.pythonhosted.org/packages/2a/dc/926b829b66833951cb28f3f9fbec0a695b24f90c5d69deba18db96badaf1/kvxopt-1.2.6.0-cp27-cp27mu-manylinux1_x86_64.whl (from https://pypi.org/simple/kvxopt/)
2026-07-30T19:03:41,270   Skipping link: none of the wheel's tags (cp35-cp35m-macosx_10_6_intel) are compatible (run pip debug --verbose to show compatible tags): https://files.pythonhosted.org/packages/43/90/9c13c714d3905ad83d02800b17619b7bf704d4d22b05121f582bcec11b10/kvxopt-1.2.6.0-cp35-cp35m-macosx_10_6_intel.whl (from https://pypi.org/simple/kvxopt/)
2026-07-30T19:03:41,270   Skipping link: none of the wheel's tags (cp35-cp35m-manylinux1_i686) are compatible (run pip debug --verbose to show compatible tags): https://files.pythonhosted.org/packages/8a/d6/64b53550c56bea823c6680f6e215085708428954ed8cacfdce22825daa4b/kvxopt-1.2.6.0-cp35-cp35m-manylinux1_i686.whl (from https://pypi.org/simple/kvxopt/)
2026-07-30T19:03:41,270   Skipping link: none of the wheel's tags (cp35-cp35m-manylinux1_x86_64) are compatible (run pip debug --verbose to show compatible tags): https://files.pythonhosted.org/packages/87/1e/cdf70bbb4587b5b66642273fadfbae76f7a132b9e0d1a1c908567a171fff/kvxopt-1.2.6.0-cp35-cp35m-manylinux1_x86_64.whl (from https://pypi.org/simple/kvxopt/)
2026-07-30T19:03:41,270   Skipping link: none of the wheel's tags (cp35-cp35m-manylinux2014_i686) are compatible (run pip debug --verbose to show compatible tags): https://files.pythonhosted.org/packages/8b/29/c4e73e8f08288840ac882f2d850bbb429f141b69f031eb812bcd2a5c0fc9/kvxopt-1.2.6.0-cp35-cp35m-manylinux2014_i686.whl (from https://pypi.org/simple/kvxopt/)
2026-07-30T19:03:41,270   Skipping link: none of the wheel's tags (cp35-cp35m-manylinux2014_x86_64) are compatible (run pip debug --verbose to show compatible tags): https://files.pythonhosted.org/packages/54/d9/998802f80ad7ccfe09d47f73a0e84503b09504a0b1bb18bb823ef76b9689/kvxopt-1.2.6.0-cp35-cp35m-manylinux2014_x86_64.whl (from https://pypi.org/simple/kvxopt/)
2026-07-30T19:03:41,270   Skipping link: none of the wheel's tags (cp35-cp35m-win32) are compatible (run pip debug --verbose to show compatible tags): https://files.pythonhosted.org/packages/70/a3/35c0a85bcc4d423384eee53c89576b74bcd78a51d2861f5b561dc7e221e1/kvxopt-1.2.6.0-cp35-cp35m-win32.whl (from https://pypi.org/simple/kvxopt/)
2026-07-30T19:03:41,270   Skipping link: none of the wheel's tags (cp35-cp35m-win_amd64) are compatible (run pip debug --verbose to show compatible tags): https://files.pythonhosted.org/packages/fd/a5/7bfebabd971c3c781a13f85a5334c9824906e21e616b0f6366f56ce65b42/kvxopt-1.2.6.0-cp35-cp35m-win_amd64.whl (from https://pypi.org/simple/kvxopt/)
2026-07-30T19:03:41,270   Skipping link: none of the wheel's tags (cp36-cp36m-macosx_10_9_x86_64) are compatible (run pip debug --verbose to show compatible tags): https://files.pythonhosted.org/packages/8b/e9/0a332c188d7310ad92c48e2e466dd90af80a6010f5ea97a283df3396eddf/kvxopt-1.2.6.0-cp36-cp36m-macosx_10_9_x86_64.whl (from https://pypi.org/simple/kvxopt/)
2026-07-30T19:03:41,270   Skipping link: none of the wheel's tags (cp36-cp36m-manylinux1_i686) are compatible (run pip debug --verbose to show compatible tags): https://files.pythonhosted.org/packages/b1/d2/5d2d0c4a013728c6ace56ea6de83ec6141e818dbc9bab4b03f14a2317471/kvxopt-1.2.6.0-cp36-cp36m-manylinux1_i686.whl (from https://pypi.org/simple/kvxopt/)
2026-07-30T19:03:41,270   Skipping link: none of the wheel's tags (cp36-cp36m-manylinux1_x86_64) are compatible (run pip debug --verbose to show compatible tags): https://files.pythonhosted.org/packages/4b/75/0b9727634bd91c85ad6e785ff8ead9252e4ac285e2a0bd3804eda8e72c24/kvxopt-1.2.6.0-cp36-cp36m-manylinux1_x86_64.whl (from https://pypi.org/simple/kvxopt/)
2026-07-30T19:03:41,270   Skipping link: none of the wheel's tags (cp36-cp36m-manylinux2014_i686) are compatible (run pip debug --verbose to show compatible tags): https://files.pythonhosted.org/packages/5b/be/3d563ed8ceb70c623317245aa33936f4ced14f9d27a8c8dd50d593a2d750/kvxopt-1.2.6.0-cp36-cp36m-manylinux2014_i686.whl (from https://pypi.org/simple/kvxopt/)
2026-07-30T19:03:41,270   Skipping link: none of the wheel's tags (cp36-cp36m-manylinux2014_x86_64) are compatible (run pip debug --verbose to show compatible tags): https://files.pythonhosted.org/packages/65/84/a391dff9bf9b67ed02fba6d96b0a5d65c2d486f26dce1b08d7f200fd5a97/kvxopt-1.2.6.0-cp36-cp36m-manylinux2014_x86_64.whl (from https://pypi.org/simple/kvxopt/)
2026-07-30T19:03:41,270   Skipping link: none of the wheel's tags (cp36-cp36m-win32) are compatible (run pip debug --verbose to show compatible tags): https://files.pythonhosted.org/packages/a5/5f/0f5fcd0652267e4498240eb9c993a82167449fa15280fca731e4ac03c35c/kvxopt-1.2.6.0-cp36-cp36m-win32.whl (from https://pypi.org/simple/kvxopt/)
2026-07-30T19:03:41,270   Skipping link: none of the wheel's tags (cp36-cp36m-win_amd64) are compatible (run pip debug --verbose to show compatible tags): https://files.pythonhosted.org/packages/ab/ee/ffa9ca0f2db2e5b3a4262a2ed537bbcc9a13237156d90c6afa0cfa3b67cd/kvxopt-1.2.6.0-cp36-cp36m-win_amd64.whl (from https://pypi.org/simple/kvxopt/)
2026-07-30T19:03:41,270   Skipping link: none of the wheel's tags (cp37-cp37m-macosx_10_9_x86_64) are compatible (run pip debug --verbose to show compatible tags): https://files.pythonhosted.org/packages/ad/05/f17a0f1c66f7bbb10aa3577971ccd111b294134a3364ac7fb3509a7a07b6/kvxopt-1.2.6.0-cp37-cp37m-macosx_10_9_x86_64.whl (from https://pypi.org/simple/kvxopt/)
2026-07-30T19:03:41,270   Skipping link: none of the wheel's tags (cp37-cp37m-manylinux1_i686) are compatible (run pip debug --verbose to show compatible tags): https://files.pythonhosted.org/packages/60/3e/d3dabbdb9289db17d8ab53c48f18c12b7d3ce16e79291264b27e1a20ae61/kvxopt-1.2.6.0-cp37-cp37m-manylinux1_i686.whl (from https://pypi.org/simple/kvxopt/)
2026-07-30T19:03:41,270   Skipping link: none of the wheel's tags (cp37-cp37m-manylinux1_x86_64) are compatible (run pip debug --verbose to show compatible tags): https://files.pythonhosted.org/packages/03/61/008fb1a77fec054130229cf13b41f62aafc77983aa1ed94c72a4af7649e8/kvxopt-1.2.6.0-cp37-cp37m-manylinux1_x86_64.whl (from https://pypi.org/simple/kvxopt/)
2026-07-30T19:03:41,275   Skipping link: none of the wheel's tags (cp37-cp37m-manylinux2014_i686) are compatible (run pip debug --verbose to show compatible tags): https://files.pythonhosted.org/packages/c0/8f/eb8319654bd7695e8a060ab3ea3d78963bf98e7dc7c2dabc60d8322eec56/kvxopt-1.2.6.0-cp37-cp37m-manylinux2014_i686.whl (from https://pypi.org/simple/kvxopt/)
2026-07-30T19:03:41,275   Skipping link: none of the wheel's tags (cp37-cp37m-manylinux2014_x86_64) are compatible (run pip debug --verbose to show compatible tags): https://files.pythonhosted.org/packages/50/7a/cf453c8b639aabc13be56d6c019b446413626c326e0c035e80debf8cfb0e/kvxopt-1.2.6.0-cp37-cp37m-manylinux2014_x86_64.whl (from https://pypi.org/simple/kvxopt/)
2026-07-30T19:03:41,275   Skipping link: none of the wheel's tags (cp37-cp37m-win32) are compatible (run pip debug --verbose to show compatible tags): https://files.pythonhosted.org/packages/92/62/ccd89d6f5def88835a83f6fe140b1bef9f5ea307f3a7b91e1c27ca97c915/kvxopt-1.2.6.0-cp37-cp37m-win32.whl (from https://pypi.org/simple/kvxopt/)
2026-07-30T19:03:41,275   Skipping link: none of the wheel's tags (cp37-cp37m-win_amd64) are compatible (run pip debug --verbose to show compatible tags): https://files.pythonhosted.org/packages/31/f0/6c6f009a1bec87c1c0729a6a0b1f5a7b106659665ef2e3504c1907cb6e67/kvxopt-1.2.6.0-cp37-cp37m-win_amd64.whl (from https://pypi.org/simple/kvxopt/)
2026-07-30T19:03:41,275   Skipping link: none of the wheel's tags (cp38-cp38-macosx_10_9_x86_64) are compatible (run pip debug --verbose to show compatible tags): https://files.pythonhosted.org/packages/cf/dd/dac081bf3544736b0b56c04bba46ebd1b327d0ef703fd54eecc55682f995/kvxopt-1.2.6.0-cp38-cp38-macosx_10_9_x86_64.whl (from https://pypi.org/simple/kvxopt/)
2026-07-30T19:03:41,275   Skipping link: none of the wheel's tags (cp38-cp38-manylinux1_i686) are compatible (run pip debug --verbose to show compatible tags): https://files.pythonhosted.org/packages/ef/44/c523aa33b9ba44e2e3f03df63f587314300f4826b8702a1d3f7b92016194/kvxopt-1.2.6.0-cp38-cp38-manylinux1_i686.whl (from https://pypi.org/simple/kvxopt/)
2026-07-30T19:03:41,275   Skipping link: none of the wheel's tags (cp38-cp38-manylinux1_x86_64) are compatible (run pip debug --verbose to show compatible tags): https://files.pythonhosted.org/packages/36/ab/e77b4f6b844981b40d7362d511bad69eb937d3733368541a347bd9c673da/kvxopt-1.2.6.0-cp38-cp38-manylinux1_x86_64.whl (from https://pypi.org/simple/kvxopt/)
2026-07-30T19:03:41,275   Skipping link: none of the wheel's tags (cp38-cp38-manylinux2014_i686) are compatible (run pip debug --verbose to show compatible tags): https://files.pythonhosted.org/packages/16/9a/e90de1cfe46fd73e09585d30e8836400fca594c50d2eaaff31d980aef1dd/kvxopt-1.2.6.0-cp38-cp38-manylinux2014_i686.whl (from https://pypi.org/simple/kvxopt/)
2026-07-30T19:03:41,275   Skipping link: none of the wheel's tags (cp38-cp38-manylinux2014_x86_64) are compatible (run pip debug --verbose to show compatible tags): https://files.pythonhosted.org/packages/74/c1/494e265211cd2c40e8e7ce4a85d02a17150ec394973dd5ea6d9ba168e658/kvxopt-1.2.6.0-cp38-cp38-manylinux2014_x86_64.whl (from https://pypi.org/simple/kvxopt/)
2026-07-30T19:03:41,275   Skipping link: none of the wheel's tags (cp38-cp38-win32) are compatible (run pip debug --verbose to show compatible tags): https://files.pythonhosted.org/packages/52/44/b88dfba6981ed886055a24fa927c8a354a92cec4e2e1706e8551e79c7b59/kvxopt-1.2.6.0-cp38-cp38-win32.whl (from https://pypi.org/simple/kvxopt/)
2026-07-30T19:03:41,275   Skipping link: none of the wheel's tags (cp38-cp38-win_amd64) are compatible (run pip debug --verbose to show compatible tags): https://files.pythonhosted.org/packages/06/c3/baae2c2a70fdcb72a025b3d0c0a8aa65aa04c83c6de87e74bae84eff7bac/kvxopt-1.2.6.0-cp38-cp38-win_amd64.whl (from https://pypi.org/simple/kvxopt/)
2026-07-30T19:03:41,275   Skipping link: none of the wheel's tags (cp39-cp39-macosx_10_9_x86_64) are compatible (run pip debug --verbose to show compatible tags): https://files.pythonhosted.org/packages/29/bc/729e454e2b80e6be037be523163fefb39bbcd10ce4cf572b6206eee00601/kvxopt-1.2.6.0-cp39-cp39-macosx_10_9_x86_64.whl (from https://pypi.org/simple/kvxopt/)
2026-07-30T19:03:41,275   Skipping link: none of the wheel's tags (cp39-cp39-manylinux1_i686) are compatible (run pip debug --verbose to show compatible tags): https://files.pythonhosted.org/packages/53/18/ac75a11680a619da432289cc1ef0b3eb7dd45afb358fe95769c157400c0a/kvxopt-1.2.6.0-cp39-cp39-manylinux1_i686.whl (from https://pypi.org/simple/kvxopt/)
2026-07-30T19:03:41,275   Skipping link: none of the wheel's tags (cp39-cp39-manylinux1_x86_64) are compatible (run pip debug --verbose to show compatible tags): https://files.pythonhosted.org/packages/e3/6b/e224fd8a0efd8208630a58f78d589d22c81142a0cd5861dca2532daeb56f/kvxopt-1.2.6.0-cp39-cp39-manylinux1_x86_64.whl (from https://pypi.org/simple/kvxopt/)
2026-07-30T19:03:41,275   Skipping link: none of the wheel's tags (cp39-cp39-manylinux2014_i686) are compatible (run pip debug --verbose to show compatible tags): https://files.pythonhosted.org/packages/f0/21/1a7603799f529bf7a122412d9a4bf8768639260ba7a02b2ef6ba7cce2746/kvxopt-1.2.6.0-cp39-cp39-manylinux2014_i686.whl (from https://pypi.org/simple/kvxopt/)
2026-07-30T19:03:41,275   Skipping link: none of the wheel's tags (cp39-cp39-manylinux2014_x86_64) are compatible (run pip debug --verbose to show compatible tags): https://files.pythonhosted.org/packages/7f/9c/fcf80bf39a4a76828df06065f25328836ab42ba6980eed74eb3f0bea79c7/kvxopt-1.2.6.0-cp39-cp39-manylinux2014_x86_64.whl (from https://pypi.org/simple/kvxopt/)
2026-07-30T19:03:41,275   Skipping link: none of the wheel's tags (cp39-cp39-win32) are compatible (run pip debug --verbose to show compatible tags): https://files.pythonhosted.org/packages/6a/4d/14a73b9452909d1acf0aa9933cb1a4b30ef38ce847295f29eb71214cb156/kvxopt-1.2.6.0-cp39-cp39-win32.whl (from https://pypi.org/simple/kvxopt/)
2026-07-30T19:03:41,275   Skipping link: none of the wheel's tags (cp39-cp39-win_amd64) are compatible (run pip debug --verbose to show compatible tags): https://files.pythonhosted.org/packages/ca/83/1900719b858c3feb6c2af76a8991a609a3c84487d38a35891794f380261c/kvxopt-1.2.6.0-cp39-cp39-win_amd64.whl (from https://pypi.org/simple/kvxopt/)
2026-07-30T19:03:41,275   Found link https://files.pythonhosted.org/packages/52/61/e33d976e1954d18f8543a944ac6dc85899523739814aa01628f3a437ab06/kvxopt-1.2.6.0.tar.gz (from https://pypi.org/simple/kvxopt/), version: 1.2.6.0
2026-07-30T19:03:41,275   Skipping link: none of the wheel's tags (cp35-cp35m-win32) are compatible (run pip debug --verbose to show compatible tags): https://files.pythonhosted.org/packages/7d/3e/bc6c06805aaac911e0e1919a893a7a3fe9db354f8cfb61b19abc24e51c2a/kvxopt-1.2.6.2-cp35-cp35m-win32.whl (from https://pypi.org/simple/kvxopt/)
2026-07-30T19:03:41,275   Skipping link: none of the wheel's tags (cp35-cp35m-win_amd64) are compatible (run pip debug --verbose to show compatible tags): https://files.pythonhosted.org/packages/77/b4/2b3833d57f22a28eaaf065ed843435f9c52f1c84816eec6dd103ac3f5ab3/kvxopt-1.2.6.2-cp35-cp35m-win_amd64.whl (from https://pypi.org/simple/kvxopt/)
2026-07-30T19:03:41,275   Skipping link: none of the wheel's tags (cp36-cp36m-macosx_10_9_x86_64) are compatible (run pip debug --verbose to show compatible tags): https://files.pythonhosted.org/packages/15/3b/b1ad6be0c29c135ab800b4f79ab434175122a6de395515a48050f89939f1/kvxopt-1.2.6.2-cp36-cp36m-macosx_10_9_x86_64.whl (from https://pypi.org/simple/kvxopt/)
2026-07-30T19:03:41,275   Skipping link: none of the wheel's tags (cp36-cp36m-manylinux2010_i686, cp36-cp36m-manylinux_2_12_i686) are compatible (run pip debug --verbose to show compatible tags): https://files.pythonhosted.org/packages/7c/5f/228b0d7b6e086838680c15a584615cc2f8db7581094d8566539c515da70a/kvxopt-1.2.6.2-cp36-cp36m-manylinux_2_12_i686.manylinux2010_i686.whl (from https://pypi.org/simple/kvxopt/)
2026-07-30T19:03:41,275   Skipping link: none of the wheel's tags (cp36-cp36m-manylinux2010_x86_64, cp36-cp36m-manylinux_2_12_x86_64) are compatible (run pip debug --verbose to show compatible tags): https://files.pythonhosted.org/packages/85/34/b3119816f0ba7f6173bbaa15886e680351529aa63d88363c45d8c8eb06bd/kvxopt-1.2.6.2-cp36-cp36m-manylinux_2_12_x86_64.manylinux2010_x86_64.whl (from https://pypi.org/simple/kvxopt/)
2026-07-30T19:03:41,275   Skipping link: none of the wheel's tags (cp36-cp36m-manylinux2014_x86_64, cp36-cp36m-manylinux_2_17_x86_64) are compatible (run pip debug --verbose to show compatible tags): https://files.pythonhosted.org/packages/bf/e0/15dce8eec3b8f9967c3bdae25c2c0e4dd7dae347da78e23b144ed23f9e09/kvxopt-1.2.6.2-cp36-cp36m-manylinux_2_17_x86_64.manylinux2014_x86_64.whl (from https://pypi.org/simple/kvxopt/)
2026-07-30T19:03:41,275   Skipping link: none of the wheel's tags (cp36-cp36m-manylinux1_i686, cp36-cp36m-manylinux_2_5_i686) are compatible (run pip debug --verbose to show compatible tags): https://files.pythonhosted.org/packages/e0/c2/fb2b81e841ae94d673e0953bd24d4c0a7357f6d5a7ef3d669e76f9fcc318/kvxopt-1.2.6.2-cp36-cp36m-manylinux_2_5_i686.manylinux1_i686.whl (from https://pypi.org/simple/kvxopt/)
2026-07-30T19:03:41,275   Skipping link: none of the wheel's tags (cp36-cp36m-manylinux1_x86_64, cp36-cp36m-manylinux_2_5_x86_64) are compatible (run pip debug --verbose to show compatible tags): https://files.pythonhosted.org/packages/55/46/c51f1f34e1fe3652b3570568174a9d4448407d2fd15ddbecd4cc39b52529/kvxopt-1.2.6.2-cp36-cp36m-manylinux_2_5_x86_64.manylinux1_x86_64.whl (from https://pypi.org/simple/kvxopt/)
2026-07-30T19:03:41,275   Skipping link: none of the wheel's tags (cp36-cp36m-win32) are compatible (run pip debug --verbose to show compatible tags): https://files.pythonhosted.org/packages/5a/f3/6551cf88deb7326e6ffd94c8ecc89d68c1a2bdb4e4e7eaf07784f663c3e6/kvxopt-1.2.6.2-cp36-cp36m-win32.whl (from https://pypi.org/simple/kvxopt/)
2026-07-30T19:03:41,275   Skipping link: none of the wheel's tags (cp36-cp36m-win_amd64) are compatible (run pip debug --verbose to show compatible tags): https://files.pythonhosted.org/packages/5c/c3/93e824f39cc759604d316dbffbd065b2e52df42e57744a48d198423bf4fb/kvxopt-1.2.6.2-cp36-cp36m-win_amd64.whl (from https://pypi.org/simple/kvxopt/)
2026-07-30T19:03:41,275   Skipping link: none of the wheel's tags (cp37-cp37m-macosx_10_9_x86_64) are compatible (run pip debug --verbose to show compatible tags): https://files.pythonhosted.org/packages/77/a4/08c6170dd6272c9b4019dff2815ca7990ede96a4e8c19739ff29ede22912/kvxopt-1.2.6.2-cp37-cp37m-macosx_10_9_x86_64.whl (from https://pypi.org/simple/kvxopt/)
2026-07-30T19:03:41,275   Skipping link: none of the wheel's tags (cp37-cp37m-manylinux2010_i686, cp37-cp37m-manylinux_2_12_i686) are compatible (run pip debug --verbose to show compatible tags): https://files.pythonhosted.org/packages/f8/a6/91b6ebae2845da3bb532dba288db7c3b95ff20a1ddc30c2ddce2476a717b/kvxopt-1.2.6.2-cp37-cp37m-manylinux_2_12_i686.manylinux2010_i686.whl (from https://pypi.org/simple/kvxopt/)
2026-07-30T19:03:41,275   Skipping link: none of the wheel's tags (cp37-cp37m-manylinux2010_x86_64, cp37-cp37m-manylinux_2_12_x86_64) are compatible (run pip debug --verbose to show compatible tags): https://files.pythonhosted.org/packages/2b/b5/1ceadaa2c7ebbde30ccc93a721b600d6247813bcf5b14dac3a9a26b0cf5b/kvxopt-1.2.6.2-cp37-cp37m-manylinux_2_12_x86_64.manylinux2010_x86_64.whl (from https://pypi.org/simple/kvxopt/)
2026-07-30T19:03:41,275   Skipping link: none of the wheel's tags (cp37-cp37m-manylinux2014_x86_64, cp37-cp37m-manylinux_2_17_x86_64) are compatible (run pip debug --verbose to show compatible tags): https://files.pythonhosted.org/packages/09/ad/00b6ddb45cd8f71620f0ea112186557692a524bf586f727a9c4ce262b006/kvxopt-1.2.6.2-cp37-cp37m-manylinux_2_17_x86_64.manylinux2014_x86_64.whl (from https://pypi.org/simple/kvxopt/)
2026-07-30T19:03:41,275   Skipping link: none of the wheel's tags (cp37-cp37m-manylinux1_i686, cp37-cp37m-manylinux_2_5_i686) are compatible (run pip debug --verbose to show compatible tags): https://files.pythonhosted.org/packages/64/cd/733fdaf6e5c4ccbcb7f4a4a24d7ed3001f3881b6159194bd60fd2c474139/kvxopt-1.2.6.2-cp37-cp37m-manylinux_2_5_i686.manylinux1_i686.whl (from https://pypi.org/simple/kvxopt/)
2026-07-30T19:03:41,275   Skipping link: none of the wheel's tags (cp37-cp37m-manylinux1_x86_64, cp37-cp37m-manylinux_2_5_x86_64) are compatible (run pip debug --verbose to show compatible tags): https://files.pythonhosted.org/packages/77/7f/1302304184c95ac2912b15adb2ebc8f98bbced3a84979d48e14573cbebd9/kvxopt-1.2.6.2-cp37-cp37m-manylinux_2_5_x86_64.manylinux1_x86_64.whl (from https://pypi.org/simple/kvxopt/)
2026-07-30T19:03:41,275   Skipping link: none of the wheel's tags (cp37-cp37m-win32) are compatible (run pip debug --verbose to show compatible tags): https://files.pythonhosted.org/packages/b9/7f/2e299747719138a0178896469b6db60e32f13b2a1436b4f5a080f7f4b1fd/kvxopt-1.2.6.2-cp37-cp37m-win32.whl (from https://pypi.org/simple/kvxopt/)
2026-07-30T19:03:41,275   Skipping link: none of the wheel's tags (cp37-cp37m-win_amd64) are compatible (run pip debug --verbose to show compatible tags): https://files.pythonhosted.org/packages/53/f4/b4439a5b4840916adaa04e4bc9d0af09d9d5547aba5846b8729a6bd40ce0/kvxopt-1.2.6.2-cp37-cp37m-win_amd64.whl (from https://pypi.org/simple/kvxopt/)
2026-07-30T19:03:41,275   Skipping link: none of the wheel's tags (cp38-cp38-macosx_10_9_x86_64) are compatible (run pip debug --verbose to show compatible tags): https://files.pythonhosted.org/packages/36/42/88101bee2ac1e6b41bb381b17aaeed9a10e8a332962f1f9899f6367271e9/kvxopt-1.2.6.2-cp38-cp38-macosx_10_9_x86_64.whl (from https://pypi.org/simple/kvxopt/)
2026-07-30T19:03:41,275   Skipping link: none of the wheel's tags (cp38-cp38-manylinux2010_i686, cp38-cp38-manylinux_2_12_i686) are compatible (run pip debug --verbose to show compatible tags): https://files.pythonhosted.org/packages/06/0e/d43ff03c3b0e7ac93237cd09082a98dfbe670b3d24e43cf8f6d9ce5a2c5a/kvxopt-1.2.6.2-cp38-cp38-manylinux_2_12_i686.manylinux2010_i686.whl (from https://pypi.org/simple/kvxopt/)
2026-07-30T19:03:41,275   Skipping link: none of the wheel's tags (cp38-cp38-manylinux2010_x86_64, cp38-cp38-manylinux_2_12_x86_64) are compatible (run pip debug --verbose to show compatible tags): https://files.pythonhosted.org/packages/16/db/521c3a97a028e2a4f0c477bb895c6793e4a6cf251d10d88a2f624f496282/kvxopt-1.2.6.2-cp38-cp38-manylinux_2_12_x86_64.manylinux2010_x86_64.whl (from https://pypi.org/simple/kvxopt/)
2026-07-30T19:03:41,275   Skipping link: none of the wheel's tags (cp38-cp38-manylinux2014_x86_64, cp38-cp38-manylinux_2_17_x86_64) are compatible (run pip debug --verbose to show compatible tags): https://files.pythonhosted.org/packages/cd/9d/1801a100c49bc1eb4e4ad72022d8142487087445ad22bc05dacf37b21767/kvxopt-1.2.6.2-cp38-cp38-manylinux_2_17_x86_64.manylinux2014_x86_64.whl (from https://pypi.org/simple/kvxopt/)
2026-07-30T19:03:41,275   Skipping link: none of the wheel's tags (cp38-cp38-manylinux1_i686, cp38-cp38-manylinux_2_5_i686) are compatible (run pip debug --verbose to show compatible tags): https://files.pythonhosted.org/packages/05/a0/1f2abe7ade7ecddbf048e329eaaa9e7ad465723bd2337f32689bf340039a/kvxopt-1.2.6.2-cp38-cp38-manylinux_2_5_i686.manylinux1_i686.whl (from https://pypi.org/simple/kvxopt/)
2026-07-30T19:03:41,275   Skipping link: none of the wheel's tags (cp38-cp38-manylinux1_x86_64, cp38-cp38-manylinux_2_5_x86_64) are compatible (run pip debug --verbose to show compatible tags): https://files.pythonhosted.org/packages/3e/0b/9fbb1c5b51d8c7f762812453af30fee20a9c3f9f815da3eea5201a72e0ac/kvxopt-1.2.6.2-cp38-cp38-manylinux_2_5_x86_64.manylinux1_x86_64.whl (from https://pypi.org/simple/kvxopt/)
2026-07-30T19:03:41,275   Skipping link: none of the wheel's tags (cp38-cp38-win32) are compatible (run pip debug --verbose to show compatible tags): https://files.pythonhosted.org/packages/89/66/f78d5dae017034595bdc0fdb4dceadb7904d1d6b67f251b6a0dd78dc2334/kvxopt-1.2.6.2-cp38-cp38-win32.whl (from https://pypi.org/simple/kvxopt/)
2026-07-30T19:03:41,275   Skipping link: none of the wheel's tags (cp38-cp38-win_amd64) are compatible (run pip debug --verbose to show compatible tags): https://files.pythonhosted.org/packages/39/19/2db9d760ea647adb5a65bf6a48de40807bedcda120483eaae2dd3db91478/kvxopt-1.2.6.2-cp38-cp38-win_amd64.whl (from https://pypi.org/simple/kvxopt/)
2026-07-30T19:03:41,275   Skipping link: none of the wheel's tags (cp39-cp39-macosx_10_9_universal2) are compatible (run pip debug --verbose to show compatible tags): https://files.pythonhosted.org/packages/04/d0/f8e01330d13386d2614924ae6720b809343731e3f87ccdea8ad50a584573/kvxopt-1.2.6.2-cp39-cp39-macosx_10_9_universal2.whl (from https://pypi.org/simple/kvxopt/)
2026-07-30T19:03:41,275   Skipping link: none of the wheel's tags (cp39-cp39-macosx_10_9_x86_64) are compatible (run pip debug --verbose to show compatible tags): https://files.pythonhosted.org/packages/46/2f/c50316ebf81ead10a8974b13247869b036d96a7efb05154cc6d8969b8252/kvxopt-1.2.6.2-cp39-cp39-macosx_10_9_x86_64.whl (from https://pypi.org/simple/kvxopt/)
2026-07-30T19:03:41,275   Skipping link: none of the wheel's tags (cp39-cp39-macosx_11_0_arm64) are compatible (run pip debug --verbose to show compatible tags): https://files.pythonhosted.org/packages/53/64/578695666f76f518190ecaca0d2979a42ec174dc4990ca8a138fe52fa937/kvxopt-1.2.6.2-cp39-cp39-macosx_11_0_arm64.whl (from https://pypi.org/simple/kvxopt/)
2026-07-30T19:03:41,275   Skipping link: none of the wheel's tags (cp39-cp39-manylinux2010_i686, cp39-cp39-manylinux_2_12_i686) are compatible (run pip debug --verbose to show compatible tags): https://files.pythonhosted.org/packages/e0/79/0a7b353700ae1248c65fdb35acc81e4dcdb7180f18f58cce2a50a2f81192/kvxopt-1.2.6.2-cp39-cp39-manylinux_2_12_i686.manylinux2010_i686.whl (from https://pypi.org/simple/kvxopt/)
2026-07-30T19:03:41,275   Skipping link: none of the wheel's tags (cp39-cp39-manylinux2010_x86_64, cp39-cp39-manylinux_2_12_x86_64) are compatible (run pip debug --verbose to show compatible tags): https://files.pythonhosted.org/packages/08/10/120518bc6d01393b42048e83658f48e1963a2ffa75ccbf5bb270164afa7d/kvxopt-1.2.6.2-cp39-cp39-manylinux_2_12_x86_64.manylinux2010_x86_64.whl (from https://pypi.org/simple/kvxopt/)
2026-07-30T19:03:41,275   Skipping link: none of the wheel's tags (cp39-cp39-manylinux2014_x86_64, cp39-cp39-manylinux_2_17_x86_64) are compatible (run pip debug --verbose to show compatible tags): https://files.pythonhosted.org/packages/d5/71/ff5cebc785167a054b6c83a22a344be034ee4f938ea024d2d87de88a346e/kvxopt-1.2.6.2-cp39-cp39-manylinux_2_17_x86_64.manylinux2014_x86_64.whl (from https://pypi.org/simple/kvxopt/)
2026-07-30T19:03:41,275   Skipping link: none of the wheel's tags (cp39-cp39-manylinux1_i686, cp39-cp39-manylinux_2_5_i686) are compatible (run pip debug --verbose to show compatible tags): https://files.pythonhosted.org/packages/4f/87/debe84140eb0201bba7e5e02fb9864aa543714dfb376ecf108be86ffeb3c/kvxopt-1.2.6.2-cp39-cp39-manylinux_2_5_i686.manylinux1_i686.whl (from https://pypi.org/simple/kvxopt/)
2026-07-30T19:03:41,275   Skipping link: none of the wheel's tags (cp39-cp39-manylinux1_x86_64, cp39-cp39-manylinux_2_5_x86_64) are compatible (run pip debug --verbose to show compatible tags): https://files.pythonhosted.org/packages/89/9c/d85a4306d52734de2075c5257928702c2731affb81148847ceb877936ed6/kvxopt-1.2.6.2-cp39-cp39-manylinux_2_5_x86_64.manylinux1_x86_64.whl (from https://pypi.org/simple/kvxopt/)
2026-07-30T19:03:41,275   Skipping link: none of the wheel's tags (cp39-cp39-win32) are compatible (run pip debug --verbose to show compatible tags): https://files.pythonhosted.org/packages/d6/ed/df697a0dec17cac4772d659a0812ad6329098390d579949df789a34e2d5e/kvxopt-1.2.6.2-cp39-cp39-win32.whl (from https://pypi.org/simple/kvxopt/)
2026-07-30T19:03:41,275   Skipping link: none of the wheel's tags (cp39-cp39-win_amd64) are compatible (run pip debug --verbose to show compatible tags): https://files.pythonhosted.org/packages/e7/04/070ab32e73e7e10043b962a94e0b831bd150e5fe4a94fb61b966056fc902/kvxopt-1.2.6.2-cp39-cp39-win_amd64.whl (from https://pypi.org/simple/kvxopt/)
2026-07-30T19:03:41,275   Found link https://files.pythonhosted.org/packages/3d/c4/af89b9addeed5d3372ee9ac85c1b74b623072d628b5f41f18d5ed088326b/kvxopt-1.2.6.2.tar.gz (from https://pypi.org/simple/kvxopt/), version: 1.2.6.2
2026-07-30T19:03:41,275   Skipping link: none of the wheel's tags (cp310-cp310-win32) are compatible (run pip debug --verbose to show compatible tags): https://files.pythonhosted.org/packages/9f/b4/3903502d568677cb76fcd5808c411fd613716f158df72db81a8757beb8cc/kvxopt-1.2.7.0-cp310-cp310-win32.whl (from https://pypi.org/simple/kvxopt/)
2026-07-30T19:03:41,275   Skipping link: none of the wheel's tags (cp310-cp310-win_amd64) are compatible (run pip debug --verbose to show compatible tags): https://files.pythonhosted.org/packages/db/b1/3f0a6075cd1f57a071a3c62c1f9630329d9f957d0659caf0b5aa5dfae17e/kvxopt-1.2.7.0-cp310-cp310-win_amd64.whl (from https://pypi.org/simple/kvxopt/)
2026-07-30T19:03:41,275   Skipping link: none of the wheel's tags (cp35-cp35m-win32) are compatible (run pip debug --verbose to show compatible tags): https://files.pythonhosted.org/packages/ae/bb/235ae076bed14b77982bb3a033d0b6593bd7b7a1ee475159558c15f54ffc/kvxopt-1.2.7.0-cp35-cp35m-win32.whl (from https://pypi.org/simple/kvxopt/)
2026-07-30T19:03:41,275   Skipping link: none of the wheel's tags (cp35-cp35m-win_amd64) are compatible (run pip debug --verbose to show compatible tags): https://files.pythonhosted.org/packages/aa/ae/90e4b5f81aa7bd56c3af72782fe307fc0b91356bad81b2fc5c4ca6ba7892/kvxopt-1.2.7.0-cp35-cp35m-win_amd64.whl (from https://pypi.org/simple/kvxopt/)
2026-07-30T19:03:41,275   Skipping link: none of the wheel's tags (cp36-cp36m-macosx_10_9_x86_64) are compatible (run pip debug --verbose to show compatible tags): https://files.pythonhosted.org/packages/a1/89/37d005eebafaa3ac7ce86399e25c9f99251b517e6494e7ea9214dd0b19cd/kvxopt-1.2.7.0-cp36-cp36m-macosx_10_9_x86_64.whl (from https://pypi.org/simple/kvxopt/)
2026-07-30T19:03:41,275   Skipping link: none of the wheel's tags (cp36-cp36m-manylinux2010_i686, cp36-cp36m-manylinux_2_12_i686) are compatible (run pip debug --verbose to show compatible tags): https://files.pythonhosted.org/packages/1e/48/7a1659de1cc2fa745796f81d3f0ce0f7778ef5ee99357c1f59143227ec03/kvxopt-1.2.7.0-cp36-cp36m-manylinux_2_12_i686.manylinux2010_i686.whl (from https://pypi.org/simple/kvxopt/)
2026-07-30T19:03:41,282   Skipping link: none of the wheel's tags (cp36-cp36m-manylinux2010_x86_64, cp36-cp36m-manylinux_2_12_x86_64) are compatible (run pip debug --verbose to show compatible tags): https://files.pythonhosted.org/packages/02/d2/b64de1ba69c19aab9847e9f402625d1985a541594807977a66ed881208a0/kvxopt-1.2.7.0-cp36-cp36m-manylinux_2_12_x86_64.manylinux2010_x86_64.whl (from https://pypi.org/simple/kvxopt/)
2026-07-30T19:03:41,282   Skipping link: none of the wheel's tags (cp36-cp36m-manylinux2014_x86_64, cp36-cp36m-manylinux_2_17_x86_64) are compatible (run pip debug --verbose to show compatible tags): https://files.pythonhosted.org/packages/f7/50/267393bd40e56139281de953a1b97a7ff3cc489a9f8b7e498c60f9fa9658/kvxopt-1.2.7.0-cp36-cp36m-manylinux_2_17_x86_64.manylinux2014_x86_64.whl (from https://pypi.org/simple/kvxopt/)
2026-07-30T19:03:41,282   Skipping link: none of the wheel's tags (cp36-cp36m-manylinux1_i686, cp36-cp36m-manylinux_2_5_i686) are compatible (run pip debug --verbose to show compatible tags): https://files.pythonhosted.org/packages/09/94/da50c288a8800455e3ce672c60ed3d9f079981285d3ce7b61e2a64c8b2b2/kvxopt-1.2.7.0-cp36-cp36m-manylinux_2_5_i686.manylinux1_i686.whl (from https://pypi.org/simple/kvxopt/)
2026-07-30T19:03:41,282   Skipping link: none of the wheel's tags (cp36-cp36m-manylinux1_x86_64, cp36-cp36m-manylinux_2_5_x86_64) are compatible (run pip debug --verbose to show compatible tags): https://files.pythonhosted.org/packages/4b/5f/88766aa7735e66a76d7f75267973622660e94f86461317e27a9c87e2c4c3/kvxopt-1.2.7.0-cp36-cp36m-manylinux_2_5_x86_64.manylinux1_x86_64.whl (from https://pypi.org/simple/kvxopt/)
2026-07-30T19:03:41,282   Skipping link: none of the wheel's tags (cp36-cp36m-win32) are compatible (run pip debug --verbose to show compatible tags): https://files.pythonhosted.org/packages/46/20/a3583cb985b1db4ef13b6a99b9cd48ec4c8ffcc02dbef2e8c5a3951b010a/kvxopt-1.2.7.0-cp36-cp36m-win32.whl (from https://pypi.org/simple/kvxopt/)
2026-07-30T19:03:41,282   Skipping link: none of the wheel's tags (cp36-cp36m-win_amd64) are compatible (run pip debug --verbose to show compatible tags): https://files.pythonhosted.org/packages/f4/20/5c6764ae050e32fe3110641205eef0a38e09e74d7f869a21f2ff62d57273/kvxopt-1.2.7.0-cp36-cp36m-win_amd64.whl (from https://pypi.org/simple/kvxopt/)
2026-07-30T19:03:41,282   Skipping link: none of the wheel's tags (cp37-cp37m-macosx_10_9_x86_64) are compatible (run pip debug --verbose to show compatible tags): https://files.pythonhosted.org/packages/40/f6/3c6c639a64405013777683671940b2171f0ed6d855ed7f4ff0b408dcd365/kvxopt-1.2.7.0-cp37-cp37m-macosx_10_9_x86_64.whl (from https://pypi.org/simple/kvxopt/)
2026-07-30T19:03:41,282   Skipping link: none of the wheel's tags (cp37-cp37m-manylinux2010_i686, cp37-cp37m-manylinux_2_12_i686) are compatible (run pip debug --verbose to show compatible tags): https://files.pythonhosted.org/packages/fe/35/cb86eb57e0c86e8a4e39c68dd0a9b8c39c4da4aa497eb7631a4ff64ea58a/kvxopt-1.2.7.0-cp37-cp37m-manylinux_2_12_i686.manylinux2010_i686.whl (from https://pypi.org/simple/kvxopt/)
2026-07-30T19:03:41,282   Skipping link: none of the wheel's tags (cp37-cp37m-manylinux2010_x86_64, cp37-cp37m-manylinux_2_12_x86_64) are compatible (run pip debug --verbose to show compatible tags): https://files.pythonhosted.org/packages/78/3d/f045f3c51710686c9b994bb6e75babe950122add7fdf4e11102744f6e924/kvxopt-1.2.7.0-cp37-cp37m-manylinux_2_12_x86_64.manylinux2010_x86_64.whl (from https://pypi.org/simple/kvxopt/)
2026-07-30T19:03:41,282   Skipping link: none of the wheel's tags (cp37-cp37m-manylinux2014_x86_64, cp37-cp37m-manylinux_2_17_x86_64) are compatible (run pip debug --verbose to show compatible tags): https://files.pythonhosted.org/packages/43/f4/30d421e97b4069c4f4d23ba54a99f009d4d96a6ce486106bc9729c65dfb4/kvxopt-1.2.7.0-cp37-cp37m-manylinux_2_17_x86_64.manylinux2014_x86_64.whl (from https://pypi.org/simple/kvxopt/)
2026-07-30T19:03:41,282   Skipping link: none of the wheel's tags (cp37-cp37m-manylinux1_i686, cp37-cp37m-manylinux_2_5_i686) are compatible (run pip debug --verbose to show compatible tags): https://files.pythonhosted.org/packages/17/d8/c9779eec811e5e7913a4aa47e82eebf50a644072dad51d5f2619a0763b5a/kvxopt-1.2.7.0-cp37-cp37m-manylinux_2_5_i686.manylinux1_i686.whl (from https://pypi.org/simple/kvxopt/)
2026-07-30T19:03:41,282   Skipping link: none of the wheel's tags (cp37-cp37m-manylinux1_x86_64, cp37-cp37m-manylinux_2_5_x86_64) are compatible (run pip debug --verbose to show compatible tags): https://files.pythonhosted.org/packages/37/f4/f424eaf7504e6caa4581b85a7e4b5a546a8f9226e1efd0920acaf94a060d/kvxopt-1.2.7.0-cp37-cp37m-manylinux_2_5_x86_64.manylinux1_x86_64.whl (from https://pypi.org/simple/kvxopt/)
2026-07-30T19:03:41,282   Skipping link: none of the wheel's tags (cp37-cp37m-win32) are compatible (run pip debug --verbose to show compatible tags): https://files.pythonhosted.org/packages/a5/fb/afec54cdeb1c4167366f72ad8757c9973bb3e18c708904017edfb7eaf871/kvxopt-1.2.7.0-cp37-cp37m-win32.whl (from https://pypi.org/simple/kvxopt/)
2026-07-30T19:03:41,282   Skipping link: none of the wheel's tags (cp37-cp37m-win_amd64) are compatible (run pip debug --verbose to show compatible tags): https://files.pythonhosted.org/packages/ec/34/3505f8261d8838a73e25f9123a637663381439b43956132463063062737d/kvxopt-1.2.7.0-cp37-cp37m-win_amd64.whl (from https://pypi.org/simple/kvxopt/)
2026-07-30T19:03:41,282   Skipping link: none of the wheel's tags (cp38-cp38-macosx_10_9_x86_64) are compatible (run pip debug --verbose to show compatible tags): https://files.pythonhosted.org/packages/60/70/ec0e77e384cbfbc14981665fd9c030f4c0c21f68a859d3eb1810309a96a0/kvxopt-1.2.7.0-cp38-cp38-macosx_10_9_x86_64.whl (from https://pypi.org/simple/kvxopt/)
2026-07-30T19:03:41,282   Skipping link: none of the wheel's tags (cp38-cp38-manylinux2010_i686, cp38-cp38-manylinux_2_12_i686) are compatible (run pip debug --verbose to show compatible tags): https://files.pythonhosted.org/packages/3c/6b/acde4228ca86be00b6708656b4ea579532b3f65d1847e67d221a0e2651f6/kvxopt-1.2.7.0-cp38-cp38-manylinux_2_12_i686.manylinux2010_i686.whl (from https://pypi.org/simple/kvxopt/)
2026-07-30T19:03:41,282   Skipping link: none of the wheel's tags (cp38-cp38-manylinux2010_x86_64, cp38-cp38-manylinux_2_12_x86_64) are compatible (run pip debug --verbose to show compatible tags): https://files.pythonhosted.org/packages/79/f1/cf1c97e80a4f01ff4b9c3d47c7898e0999abab71b84003d61f2dcb873748/kvxopt-1.2.7.0-cp38-cp38-manylinux_2_12_x86_64.manylinux2010_x86_64.whl (from https://pypi.org/simple/kvxopt/)
2026-07-30T19:03:41,282   Skipping link: none of the wheel's tags (cp38-cp38-manylinux2014_x86_64, cp38-cp38-manylinux_2_17_x86_64) are compatible (run pip debug --verbose to show compatible tags): https://files.pythonhosted.org/packages/e0/e4/d114f15bb0befecdb23da754f49f8a8100789aecd6a2a6d4e152fd133938/kvxopt-1.2.7.0-cp38-cp38-manylinux_2_17_x86_64.manylinux2014_x86_64.whl (from https://pypi.org/simple/kvxopt/)
2026-07-30T19:03:41,282   Skipping link: none of the wheel's tags (cp38-cp38-manylinux1_i686, cp38-cp38-manylinux_2_5_i686) are compatible (run pip debug --verbose to show compatible tags): https://files.pythonhosted.org/packages/4c/7c/5e452791d19efe724df92c39cc1b5c12e1294ef7b58e24bd390ff4e6c464/kvxopt-1.2.7.0-cp38-cp38-manylinux_2_5_i686.manylinux1_i686.whl (from https://pypi.org/simple/kvxopt/)
2026-07-30T19:03:41,282   Skipping link: none of the wheel's tags (cp38-cp38-manylinux1_x86_64, cp38-cp38-manylinux_2_5_x86_64) are compatible (run pip debug --verbose to show compatible tags): https://files.pythonhosted.org/packages/59/83/56ba4ebcb5c03e4ce0ba0effc58569a2766bdd01ec78263a7c00a1341a9f/kvxopt-1.2.7.0-cp38-cp38-manylinux_2_5_x86_64.manylinux1_x86_64.whl (from https://pypi.org/simple/kvxopt/)
2026-07-30T19:03:41,282   Skipping link: none of the wheel's tags (cp38-cp38-win32) are compatible (run pip debug --verbose to show compatible tags): https://files.pythonhosted.org/packages/35/b1/d53c212aabcaf232663cdb95408d3a448157b358c338f6da2cb21e4c0d26/kvxopt-1.2.7.0-cp38-cp38-win32.whl (from https://pypi.org/simple/kvxopt/)
2026-07-30T19:03:41,282   Skipping link: none of the wheel's tags (cp38-cp38-win_amd64) are compatible (run pip debug --verbose to show compatible tags): https://files.pythonhosted.org/packages/0d/fd/087e90449b4edaf09f3231829923c4cee5ca6ddf257c06d4943c0370f64f/kvxopt-1.2.7.0-cp38-cp38-win_amd64.whl (from https://pypi.org/simple/kvxopt/)
2026-07-30T19:03:41,282   Skipping link: none of the wheel's tags (cp39-cp39-macosx_10_9_universal2) are compatible (run pip debug --verbose to show compatible tags): https://files.pythonhosted.org/packages/60/b4/f3ae504c73ddb853a35f8216a53f3b1b330f7eb9493c84ca684c7d4b8fb8/kvxopt-1.2.7.0-cp39-cp39-macosx_10_9_universal2.whl (from https://pypi.org/simple/kvxopt/)
2026-07-30T19:03:41,282   Skipping link: none of the wheel's tags (cp39-cp39-macosx_10_9_x86_64) are compatible (run pip debug --verbose to show compatible tags): https://files.pythonhosted.org/packages/fc/a3/9793050d13e3a90fd9b85be5e4a396bd899fd94d8988ee01504680c3d534/kvxopt-1.2.7.0-cp39-cp39-macosx_10_9_x86_64.whl (from https://pypi.org/simple/kvxopt/)
2026-07-30T19:03:41,282   Skipping link: none of the wheel's tags (cp39-cp39-macosx_11_0_arm64) are compatible (run pip debug --verbose to show compatible tags): https://files.pythonhosted.org/packages/84/eb/adf06548f24606f5aaab8436f2dd45b8f6d5cdb48f848e4053d858df3898/kvxopt-1.2.7.0-cp39-cp39-macosx_11_0_arm64.whl (from https://pypi.org/simple/kvxopt/)
2026-07-30T19:03:41,282   Skipping link: none of the wheel's tags (cp39-cp39-manylinux2010_i686, cp39-cp39-manylinux_2_12_i686) are compatible (run pip debug --verbose to show compatible tags): https://files.pythonhosted.org/packages/fc/45/9a77ec09f375eb7b6a75a881fc072d4e7d150fd33e58b021cc43590ed57d/kvxopt-1.2.7.0-cp39-cp39-manylinux_2_12_i686.manylinux2010_i686.whl (from https://pypi.org/simple/kvxopt/)
2026-07-30T19:03:41,282   Skipping link: none of the wheel's tags (cp39-cp39-manylinux2010_x86_64, cp39-cp39-manylinux_2_12_x86_64) are compatible (run pip debug --verbose to show compatible tags): https://files.pythonhosted.org/packages/2e/11/2c970b6c8dad8538f3cbbbbbe0155a26b49b9d4ddd0acb875d527e19c336/kvxopt-1.2.7.0-cp39-cp39-manylinux_2_12_x86_64.manylinux2010_x86_64.whl (from https://pypi.org/simple/kvxopt/)
2026-07-30T19:03:41,282   Skipping link: none of the wheel's tags (cp39-cp39-manylinux2014_x86_64, cp39-cp39-manylinux_2_17_x86_64) are compatible (run pip debug --verbose to show compatible tags): https://files.pythonhosted.org/packages/1f/5e/42cab37f5c77a28dfe76589860344516cb0f3aa51c525a6c8b332ba14443/kvxopt-1.2.7.0-cp39-cp39-manylinux_2_17_x86_64.manylinux2014_x86_64.whl (from https://pypi.org/simple/kvxopt/)
2026-07-30T19:03:41,282   Skipping link: none of the wheel's tags (cp39-cp39-manylinux1_i686, cp39-cp39-manylinux_2_5_i686) are compatible (run pip debug --verbose to show compatible tags): https://files.pythonhosted.org/packages/81/66/59da59134021c66d5a0877573bcd09aa2459a2d7fd2f785da27020a6c8af/kvxopt-1.2.7.0-cp39-cp39-manylinux_2_5_i686.manylinux1_i686.whl (from https://pypi.org/simple/kvxopt/)
2026-07-30T19:03:41,282   Skipping link: none of the wheel's tags (cp39-cp39-manylinux1_x86_64, cp39-cp39-manylinux_2_5_x86_64) are compatible (run pip debug --verbose to show compatible tags): https://files.pythonhosted.org/packages/0c/cb/16196f6c37772cbf619d25883b7007681cfeb21700933af0835b1a21aa9f/kvxopt-1.2.7.0-cp39-cp39-manylinux_2_5_x86_64.manylinux1_x86_64.whl (from https://pypi.org/simple/kvxopt/)
2026-07-30T19:03:41,282   Skipping link: none of the wheel's tags (cp39-cp39-win32) are compatible (run pip debug --verbose to show compatible tags): https://files.pythonhosted.org/packages/84/c1/2857a96c7f88c0077a81fdec92745dcc441c6f40f0708c77e1f145fe3289/kvxopt-1.2.7.0-cp39-cp39-win32.whl (from https://pypi.org/simple/kvxopt/)
2026-07-30T19:03:41,282   Skipping link: none of the wheel's tags (cp39-cp39-win_amd64) are compatible (run pip debug --verbose to show compatible tags): https://files.pythonhosted.org/packages/d2/06/b1b6f0ace1f9cf175010ea5a40cbbb9d7481d8010da01d878785351cea10/kvxopt-1.2.7.0-cp39-cp39-win_amd64.whl (from https://pypi.org/simple/kvxopt/)
2026-07-30T19:03:41,282   Found link https://files.pythonhosted.org/packages/13/5e/9df395c0593f27fce5ba04d1408714a73400f410bd7193d73c8214cadcbc/kvxopt-1.2.7.0.tar.gz (from https://pypi.org/simple/kvxopt/), version: 1.2.7.0
2026-07-30T19:03:41,285   Skipping link: none of the wheel's tags (cp310-cp310-win32) are compatible (run pip debug --verbose to show compatible tags): https://files.pythonhosted.org/packages/1b/c2/8ec69dc4c73d5bff59173de13c17f324d9dae0d3a9d5a1d6fab6d344072e/kvxopt-1.2.7.1-cp310-cp310-win32.whl (from https://pypi.org/simple/kvxopt/)
2026-07-30T19:03:41,285   Skipping link: none of the wheel's tags (cp310-cp310-win_amd64) are compatible (run pip debug --verbose to show compatible tags): https://files.pythonhosted.org/packages/be/9f/e58efed86d4205dba588b0dd2bef928570bf4e95f06fc71346bf83216d4f/kvxopt-1.2.7.1-cp310-cp310-win_amd64.whl (from https://pypi.org/simple/kvxopt/)
2026-07-30T19:03:41,285   Skipping link: none of the wheel's tags (cp35-cp35m-win32) are compatible (run pip debug --verbose to show compatible tags): https://files.pythonhosted.org/packages/0c/9c/cf82849e2571d4ca2a219adf4d77bb893b13988fd98350e053150f759aca/kvxopt-1.2.7.1-cp35-cp35m-win32.whl (from https://pypi.org/simple/kvxopt/)
2026-07-30T19:03:41,285   Skipping link: none of the wheel's tags (cp35-cp35m-win_amd64) are compatible (run pip debug --verbose to show compatible tags): https://files.pythonhosted.org/packages/61/22/fbb6ff67f7465fab83c68237e9ba5f98996ef31862feff9cfb4765073572/kvxopt-1.2.7.1-cp35-cp35m-win_amd64.whl (from https://pypi.org/simple/kvxopt/)
2026-07-30T19:03:41,285   Skipping link: none of the wheel's tags (cp36-cp36m-macosx_10_9_x86_64) are compatible (run pip debug --verbose to show compatible tags): https://files.pythonhosted.org/packages/05/f6/2c3e4f1b4b2601865c6340f15e881fc0eb22d1582b2b7de5874326ea1111/kvxopt-1.2.7.1-cp36-cp36m-macosx_10_9_x86_64.whl (from https://pypi.org/simple/kvxopt/)
2026-07-30T19:03:41,285   Skipping link: none of the wheel's tags (cp36-cp36m-manylinux2010_i686, cp36-cp36m-manylinux_2_12_i686) are compatible (run pip debug --verbose to show compatible tags): https://files.pythonhosted.org/packages/2d/00/bac46b3c7fad2502ca96285125f869b4dc20f94adacb52d420ff980afa21/kvxopt-1.2.7.1-cp36-cp36m-manylinux_2_12_i686.manylinux2010_i686.whl (from https://pypi.org/simple/kvxopt/)
2026-07-30T19:03:41,285   Skipping link: none of the wheel's tags (cp36-cp36m-manylinux2010_x86_64, cp36-cp36m-manylinux_2_12_x86_64) are compatible (run pip debug --verbose to show compatible tags): https://files.pythonhosted.org/packages/7d/53/a3074f3fb50e7d910b5c4968608187721a0d2e8dad54dd8dd271ac872101/kvxopt-1.2.7.1-cp36-cp36m-manylinux_2_12_x86_64.manylinux2010_x86_64.whl (from https://pypi.org/simple/kvxopt/)
2026-07-30T19:03:41,285   Skipping link: none of the wheel's tags (cp36-cp36m-manylinux2014_x86_64, cp36-cp36m-manylinux_2_17_x86_64) are compatible (run pip debug --verbose to show compatible tags): https://files.pythonhosted.org/packages/17/bc/8ad97ee58cbffdd14e6b922064fe8c2f772dc01c4d43a3e63be21a4b3dc0/kvxopt-1.2.7.1-cp36-cp36m-manylinux_2_17_x86_64.manylinux2014_x86_64.whl (from https://pypi.org/simple/kvxopt/)
2026-07-30T19:03:41,285   Skipping link: none of the wheel's tags (cp36-cp36m-manylinux1_i686, cp36-cp36m-manylinux_2_5_i686) are compatible (run pip debug --verbose to show compatible tags): https://files.pythonhosted.org/packages/65/db/1671dce46c3794b4d7f00ebbad2ea126a822957756db1b1c409d27782fca/kvxopt-1.2.7.1-cp36-cp36m-manylinux_2_5_i686.manylinux1_i686.whl (from https://pypi.org/simple/kvxopt/)
2026-07-30T19:03:41,285   Skipping link: none of the wheel's tags (cp36-cp36m-manylinux1_x86_64, cp36-cp36m-manylinux_2_5_x86_64) are compatible (run pip debug --verbose to show compatible tags): https://files.pythonhosted.org/packages/57/eb/6e624c98df86c8800dc7d4ba8ea5a19436cef10793ca60293464822efbe6/kvxopt-1.2.7.1-cp36-cp36m-manylinux_2_5_x86_64.manylinux1_x86_64.whl (from https://pypi.org/simple/kvxopt/)
2026-07-30T19:03:41,285   Skipping link: none of the wheel's tags (cp36-cp36m-win32) are compatible (run pip debug --verbose to show compatible tags): https://files.pythonhosted.org/packages/67/6a/92e1994fa3147112dfa495cc656a0f8d1748a71bbbfda467111fe29c2e3c/kvxopt-1.2.7.1-cp36-cp36m-win32.whl (from https://pypi.org/simple/kvxopt/)
2026-07-30T19:03:41,285   Skipping link: none of the wheel's tags (cp36-cp36m-win_amd64) are compatible (run pip debug --verbose to show compatible tags): https://files.pythonhosted.org/packages/dc/99/aa5ff6c672384df27a674bafb3500cf40022fe491aa85fed0332f08e0050/kvxopt-1.2.7.1-cp36-cp36m-win_amd64.whl (from https://pypi.org/simple/kvxopt/)
2026-07-30T19:03:41,287   Skipping link: none of the wheel's tags (cp37-cp37m-macosx_10_9_x86_64) are compatible (run pip debug --verbose to show compatible tags): https://files.pythonhosted.org/packages/56/60/592e783e428b2ac76167f0e2bbe7c2165932ccb5bd98d54267cf88cf4bb8/kvxopt-1.2.7.1-cp37-cp37m-macosx_10_9_x86_64.whl (from https://pypi.org/simple/kvxopt/)
2026-07-30T19:03:41,287   Skipping link: none of the wheel's tags (cp37-cp37m-manylinux2010_i686, cp37-cp37m-manylinux_2_12_i686) are compatible (run pip debug --verbose to show compatible tags): https://files.pythonhosted.org/packages/4d/60/d8ded24e522d0f78cc80fca8832e9eac9fcbd8a3c692f3929f0bae938da2/kvxopt-1.2.7.1-cp37-cp37m-manylinux_2_12_i686.manylinux2010_i686.whl (from https://pypi.org/simple/kvxopt/)
2026-07-30T19:03:41,287   Skipping link: none of the wheel's tags (cp37-cp37m-manylinux2010_x86_64, cp37-cp37m-manylinux_2_12_x86_64) are compatible (run pip debug --verbose to show compatible tags): https://files.pythonhosted.org/packages/46/94/7eae62133e9e98204406cb0dcf9fa200080d12cd10a719c36d9760e6dc75/kvxopt-1.2.7.1-cp37-cp37m-manylinux_2_12_x86_64.manylinux2010_x86_64.whl (from https://pypi.org/simple/kvxopt/)
2026-07-30T19:03:41,287   Skipping link: none of the wheel's tags (cp37-cp37m-manylinux2014_x86_64, cp37-cp37m-manylinux_2_17_x86_64) are compatible (run pip debug --verbose to show compatible tags): https://files.pythonhosted.org/packages/fb/6b/684b7ae2c034397aa0ee4959a0908b20ea4c94f94ee9a93c9e1d95eda957/kvxopt-1.2.7.1-cp37-cp37m-manylinux_2_17_x86_64.manylinux2014_x86_64.whl (from https://pypi.org/simple/kvxopt/)
2026-07-30T19:03:41,287   Skipping link: none of the wheel's tags (cp37-cp37m-manylinux1_i686, cp37-cp37m-manylinux_2_5_i686) are compatible (run pip debug --verbose to show compatible tags): https://files.pythonhosted.org/packages/72/37/2369688a52786db0df6e194e249fc3f21fc90b94f0d0f0a3c5990f0859ab/kvxopt-1.2.7.1-cp37-cp37m-manylinux_2_5_i686.manylinux1_i686.whl (from https://pypi.org/simple/kvxopt/)
2026-07-30T19:03:41,287   Skipping link: none of the wheel's tags (cp37-cp37m-manylinux1_x86_64, cp37-cp37m-manylinux_2_5_x86_64) are compatible (run pip debug --verbose to show compatible tags): https://files.pythonhosted.org/packages/f4/a0/682796890d642e9157d33eba2115bb6c3b9f8a13d9fd52d2d5c241d784a8/kvxopt-1.2.7.1-cp37-cp37m-manylinux_2_5_x86_64.manylinux1_x86_64.whl (from https://pypi.org/simple/kvxopt/)
2026-07-30T19:03:41,287   Skipping link: none of the wheel's tags (cp37-cp37m-win32) are compatible (run pip debug --verbose to show compatible tags): https://files.pythonhosted.org/packages/86/de/5264bbd258e7059bc706994aabc8caa794bdd9315a38a4790cd07dded6bd/kvxopt-1.2.7.1-cp37-cp37m-win32.whl (from https://pypi.org/simple/kvxopt/)
2026-07-30T19:03:41,287   Skipping link: none of the wheel's tags (cp37-cp37m-win_amd64) are compatible (run pip debug --verbose to show compatible tags): https://files.pythonhosted.org/packages/9c/ef/c891c2f05c87c40651c632fdcff0d59b29938d09817010ad2fad45ff5190/kvxopt-1.2.7.1-cp37-cp37m-win_amd64.whl (from https://pypi.org/simple/kvxopt/)
2026-07-30T19:03:41,287   Skipping link: none of the wheel's tags (cp38-cp38-macosx_10_9_x86_64) are compatible (run pip debug --verbose to show compatible tags): https://files.pythonhosted.org/packages/7f/cf/a5f4175affe55e288332ada5c2567bf8ea0131ab6539ec7b5680a5e61d3a/kvxopt-1.2.7.1-cp38-cp38-macosx_10_9_x86_64.whl (from https://pypi.org/simple/kvxopt/)
2026-07-30T19:03:41,287   Skipping link: none of the wheel's tags (cp38-cp38-manylinux2010_i686, cp38-cp38-manylinux_2_12_i686) are compatible (run pip debug --verbose to show compatible tags): https://files.pythonhosted.org/packages/90/89/267a9fff14b02ac49600e909fe473932d85a3c4b3f0b94525f38ec32321f/kvxopt-1.2.7.1-cp38-cp38-manylinux_2_12_i686.manylinux2010_i686.whl (from https://pypi.org/simple/kvxopt/)
2026-07-30T19:03:41,287   Skipping link: none of the wheel's tags (cp38-cp38-manylinux2010_x86_64, cp38-cp38-manylinux_2_12_x86_64) are compatible (run pip debug --verbose to show compatible tags): https://files.pythonhosted.org/packages/23/b9/029f16c5ff02f73213b11530f7da92138c1b7f53498f9213caa6ae87962c/kvxopt-1.2.7.1-cp38-cp38-manylinux_2_12_x86_64.manylinux2010_x86_64.whl (from https://pypi.org/simple/kvxopt/)
2026-07-30T19:03:41,287   Skipping link: none of the wheel's tags (cp38-cp38-manylinux2014_x86_64, cp38-cp38-manylinux_2_17_x86_64) are compatible (run pip debug --verbose to show compatible tags): https://files.pythonhosted.org/packages/93/d3/0ab9e3735784d5ccd201ca6103d376c3fc62fbd7e54c2a65d2d752083469/kvxopt-1.2.7.1-cp38-cp38-manylinux_2_17_x86_64.manylinux2014_x86_64.whl (from https://pypi.org/simple/kvxopt/)
2026-07-30T19:03:41,288   Skipping link: none of the wheel's tags (cp38-cp38-manylinux1_i686, cp38-cp38-manylinux_2_5_i686) are compatible (run pip debug --verbose to show compatible tags): https://files.pythonhosted.org/packages/ed/b1/983cd533a09f90c0fabd372220fb50f2c5fd888eccfe42c1d6d3e9985158/kvxopt-1.2.7.1-cp38-cp38-manylinux_2_5_i686.manylinux1_i686.whl (from https://pypi.org/simple/kvxopt/)
2026-07-30T19:03:41,288   Skipping link: none of the wheel's tags (cp38-cp38-manylinux1_x86_64, cp38-cp38-manylinux_2_5_x86_64) are compatible (run pip debug --verbose to show compatible tags): https://files.pythonhosted.org/packages/ad/0a/41746de325bd0a5961bda64fc884b2ed573d14b81deada86a395038a8436/kvxopt-1.2.7.1-cp38-cp38-manylinux_2_5_x86_64.manylinux1_x86_64.whl (from https://pypi.org/simple/kvxopt/)
2026-07-30T19:03:41,288   Skipping link: none of the wheel's tags (cp38-cp38-win32) are compatible (run pip debug --verbose to show compatible tags): https://files.pythonhosted.org/packages/bc/46/31fe955d82bee70db28b06cb3bb82ab191b6e1f8b160555e43717fa377bb/kvxopt-1.2.7.1-cp38-cp38-win32.whl (from https://pypi.org/simple/kvxopt/)
2026-07-30T19:03:41,288   Skipping link: none of the wheel's tags (cp38-cp38-win_amd64) are compatible (run pip debug --verbose to show compatible tags): https://files.pythonhosted.org/packages/60/62/8b48c3580cc959352491ac095121ec6dfc02a10af60e69424dbdb8987b90/kvxopt-1.2.7.1-cp38-cp38-win_amd64.whl (from https://pypi.org/simple/kvxopt/)
2026-07-30T19:03:41,288   Skipping link: none of the wheel's tags (cp39-cp39-macosx_10_9_universal2) are compatible (run pip debug --verbose to show compatible tags): https://files.pythonhosted.org/packages/bf/20/2aa2b93032fae24909c2266875f0dc16e8d2c766d9eb64a3334cbe0f6896/kvxopt-1.2.7.1-cp39-cp39-macosx_10_9_universal2.whl (from https://pypi.org/simple/kvxopt/)
2026-07-30T19:03:41,288   Skipping link: none of the wheel's tags (cp39-cp39-macosx_10_9_x86_64) are compatible (run pip debug --verbose to show compatible tags): https://files.pythonhosted.org/packages/ce/cc/366da924762f82207d1dd5282d6d6d9b67e21b5f6dc2e732351100eb9ad7/kvxopt-1.2.7.1-cp39-cp39-macosx_10_9_x86_64.whl (from https://pypi.org/simple/kvxopt/)
2026-07-30T19:03:41,288   Skipping link: none of the wheel's tags (cp39-cp39-macosx_11_0_arm64) are compatible (run pip debug --verbose to show compatible tags): https://files.pythonhosted.org/packages/38/ca/b5bc1030b1c6961cc44ad387248db94e2074ff8838dd2a94bbfb48382b02/kvxopt-1.2.7.1-cp39-cp39-macosx_11_0_arm64.whl (from https://pypi.org/simple/kvxopt/)
2026-07-30T19:03:41,288   Skipping link: none of the wheel's tags (cp39-cp39-manylinux2010_i686, cp39-cp39-manylinux_2_12_i686) are compatible (run pip debug --verbose to show compatible tags): https://files.pythonhosted.org/packages/49/7d/980c4ea9548dc3f16f4939b9fd96fe0a9c253d5636265d4a9e7cb9151e69/kvxopt-1.2.7.1-cp39-cp39-manylinux_2_12_i686.manylinux2010_i686.whl (from https://pypi.org/simple/kvxopt/)
2026-07-30T19:03:41,288   Skipping link: none of the wheel's tags (cp39-cp39-manylinux2010_x86_64, cp39-cp39-manylinux_2_12_x86_64) are compatible (run pip debug --verbose to show compatible tags): https://files.pythonhosted.org/packages/83/c5/996e1221f4c85fb9111dc0f5ffb322e8d1ce97bde10444c0945606ad2998/kvxopt-1.2.7.1-cp39-cp39-manylinux_2_12_x86_64.manylinux2010_x86_64.whl (from https://pypi.org/simple/kvxopt/)
2026-07-30T19:03:41,288   Skipping link: none of the wheel's tags (cp39-cp39-manylinux2014_x86_64, cp39-cp39-manylinux_2_17_x86_64) are compatible (run pip debug --verbose to show compatible tags): https://files.pythonhosted.org/packages/c8/b5/2ad0f8fb0ca5f043c8d1ad7bceb4c5aca75999e9f73c8d0df8744b53e49c/kvxopt-1.2.7.1-cp39-cp39-manylinux_2_17_x86_64.manylinux2014_x86_64.whl (from https://pypi.org/simple/kvxopt/)
2026-07-30T19:03:41,288   Skipping link: none of the wheel's tags (cp39-cp39-manylinux1_i686, cp39-cp39-manylinux_2_5_i686) are compatible (run pip debug --verbose to show compatible tags): https://files.pythonhosted.org/packages/83/02/5ed4e9f60181b281eb5fe124b0d008e9d42a3a7ec068118a464cdddd882c/kvxopt-1.2.7.1-cp39-cp39-manylinux_2_5_i686.manylinux1_i686.whl (from https://pypi.org/simple/kvxopt/)
2026-07-30T19:03:41,288   Skipping link: none of the wheel's tags (cp39-cp39-manylinux1_x86_64, cp39-cp39-manylinux_2_5_x86_64) are compatible (run pip debug --verbose to show compatible tags): https://files.pythonhosted.org/packages/19/b3/0ee2952f9157b8d9c893538bd583e4179b6eb1bc23cfb25b486c6a98b427/kvxopt-1.2.7.1-cp39-cp39-manylinux_2_5_x86_64.manylinux1_x86_64.whl (from https://pypi.org/simple/kvxopt/)
2026-07-30T19:03:41,288   Skipping link: none of the wheel's tags (cp39-cp39-win32) are compatible (run pip debug --verbose to show compatible tags): https://files.pythonhosted.org/packages/e2/b2/47062d91dfcb6de282f94ce82d863fc8b53a245a80d1f6d6904f9eba9cfd/kvxopt-1.2.7.1-cp39-cp39-win32.whl (from https://pypi.org/simple/kvxopt/)
2026-07-30T19:03:41,288   Skipping link: none of the wheel's tags (cp39-cp39-win_amd64) are compatible (run pip debug --verbose to show compatible tags): https://files.pythonhosted.org/packages/f1/d8/c1c93ff2ddd09acbe6926837af228243aea9ae29c162dcb586be50cd4b3e/kvxopt-1.2.7.1-cp39-cp39-win_amd64.whl (from https://pypi.org/simple/kvxopt/)
2026-07-30T19:03:41,288   Found link https://files.pythonhosted.org/packages/2b/10/5b8270b0a04dc7cd31c9b3685428137e444fd80ff8f80b2196e7008df17f/kvxopt-1.2.7.1.tar.gz (from https://pypi.org/simple/kvxopt/), version: 1.2.7.1
2026-07-30T19:03:41,288   Skipping link: none of the wheel's tags (cp310-cp310-macosx_10_9_universal2) are compatible (run pip debug --verbose to show compatible tags): https://files.pythonhosted.org/packages/37/57/f73b97c604bd5b467c5f0c8aa24d5b5e8c89f0ff817c4c07c3dce0b1b013/kvxopt-1.2.7.2-cp310-cp310-macosx_10_9_universal2.whl (from https://pypi.org/simple/kvxopt/)
2026-07-30T19:03:41,288   Skipping link: none of the wheel's tags (cp310-cp310-macosx_10_9_x86_64) are compatible (run pip debug --verbose to show compatible tags): https://files.pythonhosted.org/packages/73/17/261ed9cc13677330b075608a1496569c5f26ab521e1dd07718ef9d9bced2/kvxopt-1.2.7.2-cp310-cp310-macosx_10_9_x86_64.whl (from https://pypi.org/simple/kvxopt/)
2026-07-30T19:03:41,288   Skipping link: none of the wheel's tags (cp310-cp310-macosx_11_0_arm64) are compatible (run pip debug --verbose to show compatible tags): https://files.pythonhosted.org/packages/1d/86/b690992f83417d64768e41ea9e9acb907a192af4029c160fc326e97fa74c/kvxopt-1.2.7.2-cp310-cp310-macosx_11_0_arm64.whl (from https://pypi.org/simple/kvxopt/)
2026-07-30T19:03:41,288   Skipping link: none of the wheel's tags (cp310-cp310-manylinux2010_x86_64, cp310-cp310-manylinux_2_12_x86_64) are compatible (run pip debug --verbose to show compatible tags): https://files.pythonhosted.org/packages/04/6e/4eb77024c08df4aff3c53f1c35a45ddedab1841395f5d6fcf3d505741cbd/kvxopt-1.2.7.2-cp310-cp310-manylinux_2_12_x86_64.manylinux2010_x86_64.whl (from https://pypi.org/simple/kvxopt/)
2026-07-30T19:03:41,288   Skipping link: none of the wheel's tags (cp310-cp310-manylinux2014_x86_64, cp310-cp310-manylinux_2_17_x86_64) are compatible (run pip debug --verbose to show compatible tags): https://files.pythonhosted.org/packages/8f/80/c4f13c9e8486598fc461ec54a4c3a28fbafddbb3fd1a862e23f1c5960d5d/kvxopt-1.2.7.2-cp310-cp310-manylinux_2_17_x86_64.manylinux2014_x86_64.whl (from https://pypi.org/simple/kvxopt/)
2026-07-30T19:03:41,288   Skipping link: none of the wheel's tags (cp310-cp310-win32) are compatible (run pip debug --verbose to show compatible tags): https://files.pythonhosted.org/packages/b6/42/2d289cefab3a0aa0100ca43344a1225ad6a8c6fc61b15cc9419c5e47f25d/kvxopt-1.2.7.2-cp310-cp310-win32.whl (from https://pypi.org/simple/kvxopt/)
2026-07-30T19:03:41,288   Skipping link: none of the wheel's tags (cp310-cp310-win_amd64) are compatible (run pip debug --verbose to show compatible tags): https://files.pythonhosted.org/packages/b6/7e/a1d14f178a42da2fa558dd235214308bb8de34888869d9d91c586d45e6ec/kvxopt-1.2.7.2-cp310-cp310-win_amd64.whl (from https://pypi.org/simple/kvxopt/)
2026-07-30T19:03:41,288   Skipping link: none of the wheel's tags (cp35-cp35m-win32) are compatible (run pip debug --verbose to show compatible tags): https://files.pythonhosted.org/packages/5f/4c/674cd36a6c9f32f19a83b248763418d6ed62ae7442c0b039e3a21caf32f6/kvxopt-1.2.7.2-cp35-cp35m-win32.whl (from https://pypi.org/simple/kvxopt/)
2026-07-30T19:03:41,288   Skipping link: none of the wheel's tags (cp35-cp35m-win_amd64) are compatible (run pip debug --verbose to show compatible tags): https://files.pythonhosted.org/packages/33/1b/30cd0e22c46d46f18b1198807140da5238684d6f1dae1dc053cb76f5ac7d/kvxopt-1.2.7.2-cp35-cp35m-win_amd64.whl (from https://pypi.org/simple/kvxopt/)
2026-07-30T19:03:41,288   Skipping link: none of the wheel's tags (cp36-cp36m-macosx_10_9_x86_64) are compatible (run pip debug --verbose to show compatible tags): https://files.pythonhosted.org/packages/53/f7/b12b77db692a73927b4997bee3a3e6f3c1cfe8f29d9c1be45e0eebbfc0ca/kvxopt-1.2.7.2-cp36-cp36m-macosx_10_9_x86_64.whl (from https://pypi.org/simple/kvxopt/)
2026-07-30T19:03:41,288   Skipping link: none of the wheel's tags (cp36-cp36m-manylinux2010_i686, cp36-cp36m-manylinux_2_12_i686) are compatible (run pip debug --verbose to show compatible tags): https://files.pythonhosted.org/packages/b8/de/c00b2da74bc396782c0a5054863f5f03792e6cf92d75141a1fbcc79a2807/kvxopt-1.2.7.2-cp36-cp36m-manylinux_2_12_i686.manylinux2010_i686.whl (from https://pypi.org/simple/kvxopt/)
2026-07-30T19:03:41,288   Skipping link: none of the wheel's tags (cp36-cp36m-manylinux2010_x86_64, cp36-cp36m-manylinux_2_12_x86_64) are compatible (run pip debug --verbose to show compatible tags): https://files.pythonhosted.org/packages/81/18/65167edab6af7f56ea9a585fa9af3b1918145a597281558ffb43c0a34143/kvxopt-1.2.7.2-cp36-cp36m-manylinux_2_12_x86_64.manylinux2010_x86_64.whl (from https://pypi.org/simple/kvxopt/)
2026-07-30T19:03:41,288   Skipping link: none of the wheel's tags (cp36-cp36m-manylinux2014_x86_64, cp36-cp36m-manylinux_2_17_x86_64) are compatible (run pip debug --verbose to show compatible tags): https://files.pythonhosted.org/packages/3f/c7/1a1879e9457334cfb5fd41b30549db460cc19bd11a021fb6c498ab3d1722/kvxopt-1.2.7.2-cp36-cp36m-manylinux_2_17_x86_64.manylinux2014_x86_64.whl (from https://pypi.org/simple/kvxopt/)
2026-07-30T19:03:41,288   Skipping link: none of the wheel's tags (cp36-cp36m-win32) are compatible (run pip debug --verbose to show compatible tags): https://files.pythonhosted.org/packages/f1/f5/86391d3081a9386fb5793620968ef56212083cb30f17e65a865873894d51/kvxopt-1.2.7.2-cp36-cp36m-win32.whl (from https://pypi.org/simple/kvxopt/)
2026-07-30T19:03:41,288   Skipping link: none of the wheel's tags (cp36-cp36m-win_amd64) are compatible (run pip debug --verbose to show compatible tags): https://files.pythonhosted.org/packages/13/96/556046c057470a4c148ae510d988869ee5910e496b1e5b59563c208e32e3/kvxopt-1.2.7.2-cp36-cp36m-win_amd64.whl (from https://pypi.org/simple/kvxopt/)
2026-07-30T19:03:41,288   Skipping link: none of the wheel's tags (cp37-cp37m-macosx_10_9_x86_64) are compatible (run pip debug --verbose to show compatible tags): https://files.pythonhosted.org/packages/a2/09/b87aa0d5100d7f85c78d06e120948687dd26f672ab501c70d5531b800a27/kvxopt-1.2.7.2-cp37-cp37m-macosx_10_9_x86_64.whl (from https://pypi.org/simple/kvxopt/)
2026-07-30T19:03:41,288   Skipping link: none of the wheel's tags (cp37-cp37m-manylinux2010_i686, cp37-cp37m-manylinux_2_12_i686) are compatible (run pip debug --verbose to show compatible tags): https://files.pythonhosted.org/packages/35/d9/e0da88fc62fe659ace02f80be3e550e290f4ae89bbf722331ecbf541dd69/kvxopt-1.2.7.2-cp37-cp37m-manylinux_2_12_i686.manylinux2010_i686.whl (from https://pypi.org/simple/kvxopt/)
2026-07-30T19:03:41,288   Skipping link: none of the wheel's tags (cp37-cp37m-manylinux2010_x86_64, cp37-cp37m-manylinux_2_12_x86_64) are compatible (run pip debug --verbose to show compatible tags): https://files.pythonhosted.org/packages/03/e2/88c6496533d741d95482dd6d5390628854f902e4e354eb5f82e8ebe519b5/kvxopt-1.2.7.2-cp37-cp37m-manylinux_2_12_x86_64.manylinux2010_x86_64.whl (from https://pypi.org/simple/kvxopt/)
2026-07-30T19:03:41,288   Skipping link: none of the wheel's tags (cp37-cp37m-manylinux2014_x86_64, cp37-cp37m-manylinux_2_17_x86_64) are compatible (run pip debug --verbose to show compatible tags): https://files.pythonhosted.org/packages/a0/56/597495871d5c626fbd8c803593cf672729902016bf9cff4e777ff7959cc8/kvxopt-1.2.7.2-cp37-cp37m-manylinux_2_17_x86_64.manylinux2014_x86_64.whl (from https://pypi.org/simple/kvxopt/)
2026-07-30T19:03:41,288   Skipping link: none of the wheel's tags (cp37-cp37m-win32) are compatible (run pip debug --verbose to show compatible tags): https://files.pythonhosted.org/packages/cf/53/161f76b026c85109be560a718c142d5bd19eb46ebf1f8f578635b2a3d2a7/kvxopt-1.2.7.2-cp37-cp37m-win32.whl (from https://pypi.org/simple/kvxopt/)
2026-07-30T19:03:41,288   Skipping link: none of the wheel's tags (cp37-cp37m-win_amd64) are compatible (run pip debug --verbose to show compatible tags): https://files.pythonhosted.org/packages/84/5b/d65ce12c7aec484fd23668ca17ee1b423704d9b331e1e7704a4938d7abd0/kvxopt-1.2.7.2-cp37-cp37m-win_amd64.whl (from https://pypi.org/simple/kvxopt/)
2026-07-30T19:03:41,288   Skipping link: none of the wheel's tags (cp38-cp38-macosx_10_9_universal2) are compatible (run pip debug --verbose to show compatible tags): https://files.pythonhosted.org/packages/39/90/840af88f59b9343dff8bd2dea759628bcdc9578c280f90e942611273fc14/kvxopt-1.2.7.2-cp38-cp38-macosx_10_9_universal2.whl (from https://pypi.org/simple/kvxopt/)
2026-07-30T19:03:41,288   Skipping link: none of the wheel's tags (cp38-cp38-macosx_10_9_x86_64) are compatible (run pip debug --verbose to show compatible tags): https://files.pythonhosted.org/packages/62/6d/387356d1ad2fbdc5faec287ced6329543964fae8942d4cd1fd891993df4d/kvxopt-1.2.7.2-cp38-cp38-macosx_10_9_x86_64.whl (from https://pypi.org/simple/kvxopt/)
2026-07-30T19:03:41,288   Skipping link: none of the wheel's tags (cp38-cp38-macosx_11_0_arm64) are compatible (run pip debug --verbose to show compatible tags): https://files.pythonhosted.org/packages/8c/a1/b83da9bdb183b07e4c1eb48b86a3a056e00157537cb19322cebd21304c21/kvxopt-1.2.7.2-cp38-cp38-macosx_11_0_arm64.whl (from https://pypi.org/simple/kvxopt/)
2026-07-30T19:03:41,288   Skipping link: none of the wheel's tags (cp38-cp38-manylinux2010_i686, cp38-cp38-manylinux_2_12_i686) are compatible (run pip debug --verbose to show compatible tags): https://files.pythonhosted.org/packages/39/78/dc55d87536f564c2705ab7d156524c9459f600ab9d51efea0dcdfbbb5e06/kvxopt-1.2.7.2-cp38-cp38-manylinux_2_12_i686.manylinux2010_i686.whl (from https://pypi.org/simple/kvxopt/)
2026-07-30T19:03:41,288   Skipping link: none of the wheel's tags (cp38-cp38-manylinux2010_x86_64, cp38-cp38-manylinux_2_12_x86_64) are compatible (run pip debug --verbose to show compatible tags): https://files.pythonhosted.org/packages/1f/42/84dfc6c6bd7350e24a46142a3b9561603bb1cfa6e255b83af66bce8586c9/kvxopt-1.2.7.2-cp38-cp38-manylinux_2_12_x86_64.manylinux2010_x86_64.whl (from https://pypi.org/simple/kvxopt/)
2026-07-30T19:03:41,288   Skipping link: none of the wheel's tags (cp38-cp38-manylinux2014_x86_64, cp38-cp38-manylinux_2_17_x86_64) are compatible (run pip debug --verbose to show compatible tags): https://files.pythonhosted.org/packages/87/37/ef3da12aa3630669e76521fedd9c2cd17821d8ec9880b085dc62656db9b8/kvxopt-1.2.7.2-cp38-cp38-manylinux_2_17_x86_64.manylinux2014_x86_64.whl (from https://pypi.org/simple/kvxopt/)
2026-07-30T19:03:41,288   Skipping link: none of the wheel's tags (cp38-cp38-win32) are compatible (run pip debug --verbose to show compatible tags): https://files.pythonhosted.org/packages/21/23/60f9f5fde8277156f6c716b731d2e91de77d79e594f5483a2185706578c8/kvxopt-1.2.7.2-cp38-cp38-win32.whl (from https://pypi.org/simple/kvxopt/)
2026-07-30T19:03:41,288   Skipping link: none of the wheel's tags (cp38-cp38-win_amd64) are compatible (run pip debug --verbose to show compatible tags): https://files.pythonhosted.org/packages/ea/a3/7f6a21f1bdc5775fe8b1508433cb862d9588636c9e2fa8f2f8a2574451fc/kvxopt-1.2.7.2-cp38-cp38-win_amd64.whl (from https://pypi.org/simple/kvxopt/)
2026-07-30T19:03:41,288   Skipping link: none of the wheel's tags (cp39-cp39-macosx_10_9_universal2) are compatible (run pip debug --verbose to show compatible tags): https://files.pythonhosted.org/packages/0a/72/222743566e7afd894bd8640c2e631370e932c02ec5b2777838b991e9dd77/kvxopt-1.2.7.2-cp39-cp39-macosx_10_9_universal2.whl (from https://pypi.org/simple/kvxopt/)
2026-07-30T19:03:41,288   Skipping link: none of the wheel's tags (cp39-cp39-macosx_10_9_x86_64) are compatible (run pip debug --verbose to show compatible tags): https://files.pythonhosted.org/packages/98/05/127dfd976261fffe0ce439dc9082b0c36f03fd18eecb84d83230a683cef3/kvxopt-1.2.7.2-cp39-cp39-macosx_10_9_x86_64.whl (from https://pypi.org/simple/kvxopt/)
2026-07-30T19:03:41,288   Skipping link: none of the wheel's tags (cp39-cp39-macosx_11_0_arm64) are compatible (run pip debug --verbose to show compatible tags): https://files.pythonhosted.org/packages/ae/b2/4a55d7d5457214c82b42594fc3f3e5bda8627560e05dc5627f969489fcde/kvxopt-1.2.7.2-cp39-cp39-macosx_11_0_arm64.whl (from https://pypi.org/simple/kvxopt/)
2026-07-30T19:03:41,288   Skipping link: none of the wheel's tags (cp39-cp39-manylinux2010_i686, cp39-cp39-manylinux_2_12_i686) are compatible (run pip debug --verbose to show compatible tags): https://files.pythonhosted.org/packages/43/44/31154f3cd5746a4ff61e4d753c69e291c68f599ff1cf6af08732a12c9688/kvxopt-1.2.7.2-cp39-cp39-manylinux_2_12_i686.manylinux2010_i686.whl (from https://pypi.org/simple/kvxopt/)
2026-07-30T19:03:41,288   Skipping link: none of the wheel's tags (cp39-cp39-manylinux2010_x86_64, cp39-cp39-manylinux_2_12_x86_64) are compatible (run pip debug --verbose to show compatible tags): https://files.pythonhosted.org/packages/32/84/58a39ef4b119f5a2e23a0fbde8446336a7d9e52cbf843bca68f63589a886/kvxopt-1.2.7.2-cp39-cp39-manylinux_2_12_x86_64.manylinux2010_x86_64.whl (from https://pypi.org/simple/kvxopt/)
2026-07-30T19:03:41,288   Skipping link: none of the wheel's tags (cp39-cp39-manylinux2014_x86_64, cp39-cp39-manylinux_2_17_x86_64) are compatible (run pip debug --verbose to show compatible tags): https://files.pythonhosted.org/packages/52/4b/54d8268b188d8629ef44c0554a2815db4af22be7c32582d3af054639aa5f/kvxopt-1.2.7.2-cp39-cp39-manylinux_2_17_x86_64.manylinux2014_x86_64.whl (from https://pypi.org/simple/kvxopt/)
2026-07-30T19:03:41,288   Skipping link: none of the wheel's tags (cp39-cp39-win32) are compatible (run pip debug --verbose to show compatible tags): https://files.pythonhosted.org/packages/9d/42/bbc9153702f027c7d24d6a7aaaf663572857fa820fd1050bc38a2597e8d2/kvxopt-1.2.7.2-cp39-cp39-win32.whl (from https://pypi.org/simple/kvxopt/)
2026-07-30T19:03:41,288   Skipping link: none of the wheel's tags (cp39-cp39-win_amd64) are compatible (run pip debug --verbose to show compatible tags): https://files.pythonhosted.org/packages/b2/8f/ad425fa3588da65952c2a6a4d4a76cd8cb692457bd6233a1d388e5c2d21e/kvxopt-1.2.7.2-cp39-cp39-win_amd64.whl (from https://pypi.org/simple/kvxopt/)
2026-07-30T19:03:41,288   Found link https://files.pythonhosted.org/packages/52/cc/7845a6ad8976bc6c28d499ee35f411380a3cf3ff6789183f9fc2e0dc7c61/kvxopt-1.2.7.2.tar.gz (from https://pypi.org/simple/kvxopt/), version: 1.2.7.2
2026-07-30T19:03:41,288   Skipping link: none of the wheel's tags (cp310-cp310-macosx_10_9_universal2) are compatible (run pip debug --verbose to show compatible tags): https://files.pythonhosted.org/packages/74/10/43e937605d6170f275a1a7ca4f0deb3bf575b8da1856ae25d07d73b88403/kvxopt-1.2.7.3-cp310-cp310-macosx_10_9_universal2.whl (from https://pypi.org/simple/kvxopt/)
2026-07-30T19:03:41,288   Skipping link: none of the wheel's tags (cp310-cp310-macosx_10_9_x86_64) are compatible (run pip debug --verbose to show compatible tags): https://files.pythonhosted.org/packages/4e/7e/f20e2c725f586fa99deafe303ecdd5ebc03844bdb992f34416a4d8bbd1af/kvxopt-1.2.7.3-cp310-cp310-macosx_10_9_x86_64.whl (from https://pypi.org/simple/kvxopt/)
2026-07-30T19:03:41,288   Skipping link: none of the wheel's tags (cp310-cp310-macosx_11_0_arm64) are compatible (run pip debug --verbose to show compatible tags): https://files.pythonhosted.org/packages/91/0f/ebe21c77bdfda331879a657dfcd57080ca16bee61d238f9310f65b1a76de/kvxopt-1.2.7.3-cp310-cp310-macosx_11_0_arm64.whl (from https://pypi.org/simple/kvxopt/)
2026-07-30T19:03:41,288   Skipping link: none of the wheel's tags (cp310-cp310-manylinux2010_x86_64, cp310-cp310-manylinux_2_12_x86_64) are compatible (run pip debug --verbose to show compatible tags): https://files.pythonhosted.org/packages/d0/31/51b88d1b7aa84b4bcde5d849aaf450b5800059bd94558ebf878806047c7c/kvxopt-1.2.7.3-cp310-cp310-manylinux_2_12_x86_64.manylinux2010_x86_64.whl (from https://pypi.org/simple/kvxopt/)
2026-07-30T19:03:41,288   Skipping link: none of the wheel's tags (cp310-cp310-manylinux2014_x86_64, cp310-cp310-manylinux_2_17_x86_64) are compatible (run pip debug --verbose to show compatible tags): https://files.pythonhosted.org/packages/c2/c4/7dd263050e86d37839c2c6f92c80051f7537bc9f83ed59d8d65e2ddc6600/kvxopt-1.2.7.3-cp310-cp310-manylinux_2_17_x86_64.manylinux2014_x86_64.whl (from https://pypi.org/simple/kvxopt/)
2026-07-30T19:03:41,288   Skipping link: none of the wheel's tags (cp310-cp310-win32) are compatible (run pip debug --verbose to show compatible tags): https://files.pythonhosted.org/packages/9b/cf/f256cfa4b1042c29e3a2c1437e05a988f36fe83c9397b48fc186d9c20e22/kvxopt-1.2.7.3-cp310-cp310-win32.whl (from https://pypi.org/simple/kvxopt/)
2026-07-30T19:03:41,288   Skipping link: none of the wheel's tags (cp310-cp310-win_amd64) are compatible (run pip debug --verbose to show compatible tags): https://files.pythonhosted.org/packages/f9/2e/c5f6d5a1f174e9f5ca3035684fe15a97358f0004f44c3dcbfc32debe50d8/kvxopt-1.2.7.3-cp310-cp310-win_amd64.whl (from https://pypi.org/simple/kvxopt/)
2026-07-30T19:03:41,288   Skipping link: none of the wheel's tags (cp35-cp35m-win32) are compatible (run pip debug --verbose to show compatible tags): https://files.pythonhosted.org/packages/9f/47/9b60bb09d44dfe0fb3981eb527e5df57228efc80be797b96238f2400ad26/kvxopt-1.2.7.3-cp35-cp35m-win32.whl (from https://pypi.org/simple/kvxopt/)
2026-07-30T19:03:41,288   Skipping link: none of the wheel's tags (cp35-cp35m-win_amd64) are compatible (run pip debug --verbose to show compatible tags): https://files.pythonhosted.org/packages/57/ba/ec3753c934589502f709cf9c240e4da81bcfb2c23468e39304faa7635cbd/kvxopt-1.2.7.3-cp35-cp35m-win_amd64.whl (from https://pypi.org/simple/kvxopt/)
2026-07-30T19:03:41,288   Skipping link: none of the wheel's tags (cp36-cp36m-macosx_10_9_x86_64) are compatible (run pip debug --verbose to show compatible tags): https://files.pythonhosted.org/packages/df/84/0faefcdd910b794f2243d96a6acab8c042c32eeeef4729f250079187ff79/kvxopt-1.2.7.3-cp36-cp36m-macosx_10_9_x86_64.whl (from https://pypi.org/simple/kvxopt/)
2026-07-30T19:03:41,288   Skipping link: none of the wheel's tags (cp36-cp36m-manylinux2010_i686, cp36-cp36m-manylinux_2_12_i686) are compatible (run pip debug --verbose to show compatible tags): https://files.pythonhosted.org/packages/17/74/06190ed7baab14677832877ad43050b3e7f1f5e64ee3ba4c27e2e78ecaef/kvxopt-1.2.7.3-cp36-cp36m-manylinux_2_12_i686.manylinux2010_i686.whl (from https://pypi.org/simple/kvxopt/)
2026-07-30T19:03:41,288   Skipping link: none of the wheel's tags (cp36-cp36m-manylinux2010_x86_64, cp36-cp36m-manylinux_2_12_x86_64) are compatible (run pip debug --verbose to show compatible tags): https://files.pythonhosted.org/packages/2f/6f/bb577504b76d60620c5feb515d6402bfa602021e5236bd8a1cb0fb4e3711/kvxopt-1.2.7.3-cp36-cp36m-manylinux_2_12_x86_64.manylinux2010_x86_64.whl (from https://pypi.org/simple/kvxopt/)
2026-07-30T19:03:41,288   Skipping link: none of the wheel's tags (cp36-cp36m-manylinux2014_x86_64, cp36-cp36m-manylinux_2_17_x86_64) are compatible (run pip debug --verbose to show compatible tags): https://files.pythonhosted.org/packages/87/5d/a424158f1dcbd325bad481f3ec0da580f7f1f9c2f6e45758439f732cfa0b/kvxopt-1.2.7.3-cp36-cp36m-manylinux_2_17_x86_64.manylinux2014_x86_64.whl (from https://pypi.org/simple/kvxopt/)
2026-07-30T19:03:41,288   Skipping link: none of the wheel's tags (cp36-cp36m-win32) are compatible (run pip debug --verbose to show compatible tags): https://files.pythonhosted.org/packages/aa/8e/e21023d4c845894eaef1e497cdd8a305de4476b97f34b27446270be0b56d/kvxopt-1.2.7.3-cp36-cp36m-win32.whl (from https://pypi.org/simple/kvxopt/)
2026-07-30T19:03:41,288   Skipping link: none of the wheel's tags (cp36-cp36m-win_amd64) are compatible (run pip debug --verbose to show compatible tags): https://files.pythonhosted.org/packages/d9/1b/5290e94cb7ea319568a13e81d7599c3b0cf7acac47aeceb80d92a92dcbbb/kvxopt-1.2.7.3-cp36-cp36m-win_amd64.whl (from https://pypi.org/simple/kvxopt/)
2026-07-30T19:03:41,288   Skipping link: none of the wheel's tags (cp37-cp37m-macosx_10_9_x86_64) are compatible (run pip debug --verbose to show compatible tags): https://files.pythonhosted.org/packages/a5/42/bb931c8e8057d5ee5ed25df3dc9757933528e2401c807916818ca25a16bc/kvxopt-1.2.7.3-cp37-cp37m-macosx_10_9_x86_64.whl (from https://pypi.org/simple/kvxopt/)
2026-07-30T19:03:41,288   Skipping link: none of the wheel's tags (cp37-cp37m-manylinux2010_i686, cp37-cp37m-manylinux_2_12_i686) are compatible (run pip debug --verbose to show compatible tags): https://files.pythonhosted.org/packages/e1/31/3bb12de986b15a4beb8aa436f265c002e7fd03aeb5f9cfd406100426473e/kvxopt-1.2.7.3-cp37-cp37m-manylinux_2_12_i686.manylinux2010_i686.whl (from https://pypi.org/simple/kvxopt/)
2026-07-30T19:03:41,288   Skipping link: none of the wheel's tags (cp37-cp37m-manylinux2010_x86_64, cp37-cp37m-manylinux_2_12_x86_64) are compatible (run pip debug --verbose to show compatible tags): https://files.pythonhosted.org/packages/75/42/ad8add6a52bf558aede655014c3d7b9c898c7b910323cf0bd2cecd1aa731/kvxopt-1.2.7.3-cp37-cp37m-manylinux_2_12_x86_64.manylinux2010_x86_64.whl (from https://pypi.org/simple/kvxopt/)
2026-07-30T19:03:41,288   Skipping link: none of the wheel's tags (cp37-cp37m-manylinux2014_x86_64, cp37-cp37m-manylinux_2_17_x86_64) are compatible (run pip debug --verbose to show compatible tags): https://files.pythonhosted.org/packages/7b/eb/29c79c85cbdc86ae8516c86b6b675b62d98796e340633cb30a4d0ca04229/kvxopt-1.2.7.3-cp37-cp37m-manylinux_2_17_x86_64.manylinux2014_x86_64.whl (from https://pypi.org/simple/kvxopt/)
2026-07-30T19:03:41,288   Skipping link: none of the wheel's tags (cp37-cp37m-win32) are compatible (run pip debug --verbose to show compatible tags): https://files.pythonhosted.org/packages/4e/12/1e7dba3b995e01eee2d934864e9a2e47a87e2a3442d61637daa7f0eee29c/kvxopt-1.2.7.3-cp37-cp37m-win32.whl (from https://pypi.org/simple/kvxopt/)
2026-07-30T19:03:41,288   Skipping link: none of the wheel's tags (cp37-cp37m-win_amd64) are compatible (run pip debug --verbose to show compatible tags): https://files.pythonhosted.org/packages/a4/bf/233d9b48d9096fb56a6ae296571070c94ded12810c7e3402905874376b1e/kvxopt-1.2.7.3-cp37-cp37m-win_amd64.whl (from https://pypi.org/simple/kvxopt/)
2026-07-30T19:03:41,288   Skipping link: none of the wheel's tags (cp38-cp38-macosx_10_9_universal2) are compatible (run pip debug --verbose to show compatible tags): https://files.pythonhosted.org/packages/8d/21/39c9910b14eddcb31397de2c190c6df68469f9ae428c38091f7d9bb66aec/kvxopt-1.2.7.3-cp38-cp38-macosx_10_9_universal2.whl (from https://pypi.org/simple/kvxopt/)
2026-07-30T19:03:41,288   Skipping link: none of the wheel's tags (cp38-cp38-macosx_10_9_x86_64) are compatible (run pip debug --verbose to show compatible tags): https://files.pythonhosted.org/packages/d2/11/8581b6aa1fb1a7353092147c87d1edd2bb8f2284ef1d29f4991595e9d968/kvxopt-1.2.7.3-cp38-cp38-macosx_10_9_x86_64.whl (from https://pypi.org/simple/kvxopt/)
2026-07-30T19:03:41,288   Skipping link: none of the wheel's tags (cp38-cp38-macosx_11_0_arm64) are compatible (run pip debug --verbose to show compatible tags): https://files.pythonhosted.org/packages/35/c9/59d66002cf1427e1a3c40683de3e3bef427a8df8c97dfff95011aaaf2be9/kvxopt-1.2.7.3-cp38-cp38-macosx_11_0_arm64.whl (from https://pypi.org/simple/kvxopt/)
2026-07-30T19:03:41,288   Skipping link: none of the wheel's tags (cp38-cp38-manylinux2010_i686, cp38-cp38-manylinux_2_12_i686) are compatible (run pip debug --verbose to show compatible tags): https://files.pythonhosted.org/packages/f4/67/7dd2b77ba11e7ebae5a08b2d1d92fe5fd88d97ba4ba69837d22ef12b3ae9/kvxopt-1.2.7.3-cp38-cp38-manylinux_2_12_i686.manylinux2010_i686.whl (from https://pypi.org/simple/kvxopt/)
2026-07-30T19:03:41,288   Skipping link: none of the wheel's tags (cp38-cp38-manylinux2010_x86_64, cp38-cp38-manylinux_2_12_x86_64) are compatible (run pip debug --verbose to show compatible tags): https://files.pythonhosted.org/packages/6f/b2/a4c50a66c48238fd9ee8ac058d1e5c98fa8d65e9faf0226043520fc602ff/kvxopt-1.2.7.3-cp38-cp38-manylinux_2_12_x86_64.manylinux2010_x86_64.whl (from https://pypi.org/simple/kvxopt/)
2026-07-30T19:03:41,288   Skipping link: none of the wheel's tags (cp38-cp38-manylinux2014_x86_64, cp38-cp38-manylinux_2_17_x86_64) are compatible (run pip debug --verbose to show compatible tags): https://files.pythonhosted.org/packages/2d/c2/cdb0bddb698a2c9b1fdfea01821bcfff344059ff0260d1474069a8737653/kvxopt-1.2.7.3-cp38-cp38-manylinux_2_17_x86_64.manylinux2014_x86_64.whl (from https://pypi.org/simple/kvxopt/)
2026-07-30T19:03:41,288   Skipping link: none of the wheel's tags (cp38-cp38-win32) are compatible (run pip debug --verbose to show compatible tags): https://files.pythonhosted.org/packages/11/3f/5128a79c9dcb253e69b47970a0a7e25df3f6837ae7cc2db0969dc2c24c5b/kvxopt-1.2.7.3-cp38-cp38-win32.whl (from https://pypi.org/simple/kvxopt/)
2026-07-30T19:03:41,288   Skipping link: none of the wheel's tags (cp38-cp38-win_amd64) are compatible (run pip debug --verbose to show compatible tags): https://files.pythonhosted.org/packages/e3/1d/c9aa779cc18dcc3466e47a6bbea613ec54f03a77e90418d80a5b76d45ceb/kvxopt-1.2.7.3-cp38-cp38-win_amd64.whl (from https://pypi.org/simple/kvxopt/)
2026-07-30T19:03:41,288   Skipping link: none of the wheel's tags (cp39-cp39-macosx_10_9_universal2) are compatible (run pip debug --verbose to show compatible tags): https://files.pythonhosted.org/packages/e9/79/f47334e0a80e5fb863a7ee4ed03775ad1ab3dc1b5db22c404b911e54cf9b/kvxopt-1.2.7.3-cp39-cp39-macosx_10_9_universal2.whl (from https://pypi.org/simple/kvxopt/)
2026-07-30T19:03:41,288   Skipping link: none of the wheel's tags (cp39-cp39-macosx_10_9_x86_64) are compatible (run pip debug --verbose to show compatible tags): https://files.pythonhosted.org/packages/f7/60/710805776f52007648259739292004fe62a51c9a3e780a78b43db04bf4b1/kvxopt-1.2.7.3-cp39-cp39-macosx_10_9_x86_64.whl (from https://pypi.org/simple/kvxopt/)
2026-07-30T19:03:41,288   Skipping link: none of the wheel's tags (cp39-cp39-macosx_11_0_arm64) are compatible (run pip debug --verbose to show compatible tags): https://files.pythonhosted.org/packages/e1/5d/c93123422ed6526f6e6af413422e15d4a503dd26eb60a2b2254a094bd29f/kvxopt-1.2.7.3-cp39-cp39-macosx_11_0_arm64.whl (from https://pypi.org/simple/kvxopt/)
2026-07-30T19:03:41,288   Skipping link: none of the wheel's tags (cp39-cp39-manylinux2010_i686, cp39-cp39-manylinux_2_12_i686) are compatible (run pip debug --verbose to show compatible tags): https://files.pythonhosted.org/packages/5e/58/8d89c9602a76d2a837ad0156097da7bfc667d7f822c3a8b349fb70a5276e/kvxopt-1.2.7.3-cp39-cp39-manylinux_2_12_i686.manylinux2010_i686.whl (from https://pypi.org/simple/kvxopt/)
2026-07-30T19:03:41,288   Skipping link: none of the wheel's tags (cp39-cp39-manylinux2010_x86_64, cp39-cp39-manylinux_2_12_x86_64) are compatible (run pip debug --verbose to show compatible tags): https://files.pythonhosted.org/packages/a7/80/027286703b3265bd61bb50e3e4eca8d5770002c63cf0d4cefe84087c91d0/kvxopt-1.2.7.3-cp39-cp39-manylinux_2_12_x86_64.manylinux2010_x86_64.whl (from https://pypi.org/simple/kvxopt/)
2026-07-30T19:03:41,288   Skipping link: none of the wheel's tags (cp39-cp39-manylinux2014_x86_64, cp39-cp39-manylinux_2_17_x86_64) are compatible (run pip debug --verbose to show compatible tags): https://files.pythonhosted.org/packages/a8/21/d963922ff67a25220587ee936b3b4b3529dd965be315948b40d3a2ec0a91/kvxopt-1.2.7.3-cp39-cp39-manylinux_2_17_x86_64.manylinux2014_x86_64.whl (from https://pypi.org/simple/kvxopt/)
2026-07-30T19:03:41,288   Skipping link: none of the wheel's tags (cp39-cp39-win32) are compatible (run pip debug --verbose to show compatible tags): https://files.pythonhosted.org/packages/8b/f5/c53e67529bd593c03294aa5ed25f3ecd7208d85f66f174d12ae4382d2156/kvxopt-1.2.7.3-cp39-cp39-win32.whl (from https://pypi.org/simple/kvxopt/)
2026-07-30T19:03:41,288   Skipping link: none of the wheel's tags (cp39-cp39-win_amd64) are compatible (run pip debug --verbose to show compatible tags): https://files.pythonhosted.org/packages/8d/7d/ba7a4836060637d7bd1b01bdfbae69832199821bd462d2feaf81ed6dc327/kvxopt-1.2.7.3-cp39-cp39-win_amd64.whl (from https://pypi.org/simple/kvxopt/)
2026-07-30T19:03:41,288   Found link https://files.pythonhosted.org/packages/a0/06/3f96d1944d2cfc5feb35bfab094cf7d08773e37c6fca5922e35cf4e40338/kvxopt-1.2.7.3.tar.gz (from https://pypi.org/simple/kvxopt/), version: 1.2.7.3
2026-07-30T19:03:41,288   Skipping link: none of the wheel's tags (cp310-cp310-macosx_10_9_universal2) are compatible (run pip debug --verbose to show compatible tags): https://files.pythonhosted.org/packages/4c/ae/333a88fa14f6d217d25b6104825bbe6432f589c04087bc7afac7fc54ace4/kvxopt-1.2.7.4-cp310-cp310-macosx_10_9_universal2.whl (from https://pypi.org/simple/kvxopt/)
2026-07-30T19:03:41,288   Skipping link: none of the wheel's tags (cp310-cp310-macosx_10_9_x86_64) are compatible (run pip debug --verbose to show compatible tags): https://files.pythonhosted.org/packages/49/7e/e0ddf2eae39221e48ceb4f4a51b7296130ec232a0b870b338865bdb6bce2/kvxopt-1.2.7.4-cp310-cp310-macosx_10_9_x86_64.whl (from https://pypi.org/simple/kvxopt/)
2026-07-30T19:03:41,288   Skipping link: none of the wheel's tags (cp310-cp310-macosx_11_0_arm64) are compatible (run pip debug --verbose to show compatible tags): https://files.pythonhosted.org/packages/a9/d5/34330fa42805d6f090a4d3e711455ba03f4b2b2ebb938291c9fee19698ee/kvxopt-1.2.7.4-cp310-cp310-macosx_11_0_arm64.whl (from https://pypi.org/simple/kvxopt/)
2026-07-30T19:03:41,288   Skipping link: none of the wheel's tags (cp310-cp310-manylinux2010_x86_64, cp310-cp310-manylinux_2_12_x86_64) are compatible (run pip debug --verbose to show compatible tags): https://files.pythonhosted.org/packages/75/36/788fac16b3f76476914348eb18fe1b5683beae0b727dc96e93b883488ccd/kvxopt-1.2.7.4-cp310-cp310-manylinux_2_12_x86_64.manylinux2010_x86_64.whl (from https://pypi.org/simple/kvxopt/)
2026-07-30T19:03:41,288   Skipping link: none of the wheel's tags (cp310-cp310-manylinux2014_x86_64, cp310-cp310-manylinux_2_17_x86_64) are compatible (run pip debug --verbose to show compatible tags): https://files.pythonhosted.org/packages/3d/6e/db6214db18eb878582de1490adbaf8706962caa70b73ebb6757a6d44594c/kvxopt-1.2.7.4-cp310-cp310-manylinux_2_17_x86_64.manylinux2014_x86_64.whl (from https://pypi.org/simple/kvxopt/)
2026-07-30T19:03:41,288   Skipping link: none of the wheel's tags (cp310-cp310-win32) are compatible (run pip debug --verbose to show compatible tags): https://files.pythonhosted.org/packages/1a/a8/30aa8502d20116acff24e721233ad483ff55412ec91fd9ca44720c0bd431/kvxopt-1.2.7.4-cp310-cp310-win32.whl (from https://pypi.org/simple/kvxopt/)
2026-07-30T19:03:41,288   Skipping link: none of the wheel's tags (cp310-cp310-win_amd64) are compatible (run pip debug --verbose to show compatible tags): https://files.pythonhosted.org/packages/c8/6f/f8a8b0d9d9b65ab85fb4e0ac7abf21c35885ddd22df111c2e20a2a619479/kvxopt-1.2.7.4-cp310-cp310-win_amd64.whl (from https://pypi.org/simple/kvxopt/)
2026-07-30T19:03:41,288   Skipping link: none of the wheel's tags (cp35-cp35m-win32) are compatible (run pip debug --verbose to show compatible tags): https://files.pythonhosted.org/packages/de/81/3e1058ebebb58bd9b6b3d51ac323012b9a5d63cd0c2f328c076ce011806c/kvxopt-1.2.7.4-cp35-cp35m-win32.whl (from https://pypi.org/simple/kvxopt/)
2026-07-30T19:03:41,288   Skipping link: none of the wheel's tags (cp35-cp35m-win_amd64) are compatible (run pip debug --verbose to show compatible tags): https://files.pythonhosted.org/packages/5e/d4/1413efd434225dda05797cbc40284033fd1f90cb205013a5392374020844/kvxopt-1.2.7.4-cp35-cp35m-win_amd64.whl (from https://pypi.org/simple/kvxopt/)
2026-07-30T19:03:41,288   Skipping link: none of the wheel's tags (cp36-cp36m-macosx_10_9_x86_64) are compatible (run pip debug --verbose to show compatible tags): https://files.pythonhosted.org/packages/32/02/c83ca1792ed2c659bdcb8486aa003f4a852b61d67c637d3f60fba2060563/kvxopt-1.2.7.4-cp36-cp36m-macosx_10_9_x86_64.whl (from https://pypi.org/simple/kvxopt/)
2026-07-30T19:03:41,288   Skipping link: none of the wheel's tags (cp36-cp36m-manylinux2010_i686, cp36-cp36m-manylinux_2_12_i686) are compatible (run pip debug --verbose to show compatible tags): https://files.pythonhosted.org/packages/cd/52/1f392914c4f8f43749d5a1784b6fd7b78fee9c997cd7ba941450dd01e344/kvxopt-1.2.7.4-cp36-cp36m-manylinux_2_12_i686.manylinux2010_i686.whl (from https://pypi.org/simple/kvxopt/)
2026-07-30T19:03:41,288   Skipping link: none of the wheel's tags (cp36-cp36m-manylinux2010_x86_64, cp36-cp36m-manylinux_2_12_x86_64) are compatible (run pip debug --verbose to show compatible tags): https://files.pythonhosted.org/packages/78/4d/23ec65cebb7d42122ebdbfccddd49684d90371562e99c5c8d0c6f4f73079/kvxopt-1.2.7.4-cp36-cp36m-manylinux_2_12_x86_64.manylinux2010_x86_64.whl (from https://pypi.org/simple/kvxopt/)
2026-07-30T19:03:41,288   Skipping link: none of the wheel's tags (cp36-cp36m-manylinux2014_x86_64, cp36-cp36m-manylinux_2_17_x86_64) are compatible (run pip debug --verbose to show compatible tags): https://files.pythonhosted.org/packages/bf/81/606ba187ac8c4aa388d4d1ef0c900d4a31b54fa26784abd1f30f3713baca/kvxopt-1.2.7.4-cp36-cp36m-manylinux_2_17_x86_64.manylinux2014_x86_64.whl (from https://pypi.org/simple/kvxopt/)
2026-07-30T19:03:41,288   Skipping link: none of the wheel's tags (cp36-cp36m-win32) are compatible (run pip debug --verbose to show compatible tags): https://files.pythonhosted.org/packages/8e/c2/a5d2cb146e44076db343958e0dc5664a0d9b5e7567d17788eafa0df0833e/kvxopt-1.2.7.4-cp36-cp36m-win32.whl (from https://pypi.org/simple/kvxopt/)
2026-07-30T19:03:41,288   Skipping link: none of the wheel's tags (cp36-cp36m-win_amd64) are compatible (run pip debug --verbose to show compatible tags): https://files.pythonhosted.org/packages/e9/e9/60f71b4be637a5f629d7a594e358af1f23efd59664725af21da079321d40/kvxopt-1.2.7.4-cp36-cp36m-win_amd64.whl (from https://pypi.org/simple/kvxopt/)
2026-07-30T19:03:41,288   Skipping link: none of the wheel's tags (cp37-cp37m-macosx_10_9_x86_64) are compatible (run pip debug --verbose to show compatible tags): https://files.pythonhosted.org/packages/53/16/40957c181514e1a34b766014fb73c97d3dc95d234a8a8bd709371571e05a/kvxopt-1.2.7.4-cp37-cp37m-macosx_10_9_x86_64.whl (from https://pypi.org/simple/kvxopt/)
2026-07-30T19:03:41,288   Skipping link: none of the wheel's tags (cp37-cp37m-manylinux2010_i686, cp37-cp37m-manylinux_2_12_i686) are compatible (run pip debug --verbose to show compatible tags): https://files.pythonhosted.org/packages/39/5a/318fc96041e008fc56501149ba3a3e051b2cbdb6ec6a8f94cc92a9e6085b/kvxopt-1.2.7.4-cp37-cp37m-manylinux_2_12_i686.manylinux2010_i686.whl (from https://pypi.org/simple/kvxopt/)
2026-07-30T19:03:41,288   Skipping link: none of the wheel's tags (cp37-cp37m-manylinux2010_x86_64, cp37-cp37m-manylinux_2_12_x86_64) are compatible (run pip debug --verbose to show compatible tags): https://files.pythonhosted.org/packages/cd/83/ab7000c6285130030e1e96e92611d7e97fb5593bf129ab7d1447101b8fc9/kvxopt-1.2.7.4-cp37-cp37m-manylinux_2_12_x86_64.manylinux2010_x86_64.whl (from https://pypi.org/simple/kvxopt/)
2026-07-30T19:03:41,288   Skipping link: none of the wheel's tags (cp37-cp37m-manylinux2014_x86_64, cp37-cp37m-manylinux_2_17_x86_64) are compatible (run pip debug --verbose to show compatible tags): https://files.pythonhosted.org/packages/95/7d/b392628dbfac90a783e066b32ce70e07f0f17f44d3a0a994581f3e60e1e5/kvxopt-1.2.7.4-cp37-cp37m-manylinux_2_17_x86_64.manylinux2014_x86_64.whl (from https://pypi.org/simple/kvxopt/)
2026-07-30T19:03:41,288   Skipping link: none of the wheel's tags (cp37-cp37m-win32) are compatible (run pip debug --verbose to show compatible tags): https://files.pythonhosted.org/packages/45/b5/40aa25c1fd97df0043cea420ecefef22b379a8e0a3d26280d95a93383add/kvxopt-1.2.7.4-cp37-cp37m-win32.whl (from https://pypi.org/simple/kvxopt/)
2026-07-30T19:03:41,288   Skipping link: none of the wheel's tags (cp37-cp37m-win_amd64) are compatible (run pip debug --verbose to show compatible tags): https://files.pythonhosted.org/packages/8b/5d/2b71b4777e3884ccc3290f025cc1bed9fc8d15db51bf74e97eee7e78b721/kvxopt-1.2.7.4-cp37-cp37m-win_amd64.whl (from https://pypi.org/simple/kvxopt/)
2026-07-30T19:03:41,300   Skipping link: none of the wheel's tags (cp38-cp38-macosx_10_9_universal2) are compatible (run pip debug --verbose to show compatible tags): https://files.pythonhosted.org/packages/21/41/07f7981838a30497ee55984b3b82dc04a35b943928587e7a30e9c4f8bc47/kvxopt-1.2.7.4-cp38-cp38-macosx_10_9_universal2.whl (from https://pypi.org/simple/kvxopt/)
2026-07-30T19:03:41,300   Skipping link: none of the wheel's tags (cp38-cp38-macosx_10_9_x86_64) are compatible (run pip debug --verbose to show compatible tags): https://files.pythonhosted.org/packages/21/12/4f46fb83b18a665771f44f0c28944befcbfd28df6cfb053a7244bd389141/kvxopt-1.2.7.4-cp38-cp38-macosx_10_9_x86_64.whl (from https://pypi.org/simple/kvxopt/)
2026-07-30T19:03:41,300   Skipping link: none of the wheel's tags (cp38-cp38-macosx_11_0_arm64) are compatible (run pip debug --verbose to show compatible tags): https://files.pythonhosted.org/packages/43/99/830d06fb882bd9ea0dabfc333d6ca10a008844ac256a2e60949fc6f6e195/kvxopt-1.2.7.4-cp38-cp38-macosx_11_0_arm64.whl (from https://pypi.org/simple/kvxopt/)
2026-07-30T19:03:41,300   Skipping link: none of the wheel's tags (cp38-cp38-manylinux2010_i686, cp38-cp38-manylinux_2_12_i686) are compatible (run pip debug --verbose to show compatible tags): https://files.pythonhosted.org/packages/cf/89/0be6d3705aac63cdf8fe94104be9a832ecc1511c8e2175ffd2ec4981c5a3/kvxopt-1.2.7.4-cp38-cp38-manylinux_2_12_i686.manylinux2010_i686.whl (from https://pypi.org/simple/kvxopt/)
2026-07-30T19:03:41,300   Skipping link: none of the wheel's tags (cp38-cp38-manylinux2010_x86_64, cp38-cp38-manylinux_2_12_x86_64) are compatible (run pip debug --verbose to show compatible tags): https://files.pythonhosted.org/packages/55/50/f3922c7eaa99b0f219516c6933a3caff9350e92201c64bbcd2f840a93013/kvxopt-1.2.7.4-cp38-cp38-manylinux_2_12_x86_64.manylinux2010_x86_64.whl (from https://pypi.org/simple/kvxopt/)
2026-07-30T19:03:41,300   Skipping link: none of the wheel's tags (cp38-cp38-manylinux2014_x86_64, cp38-cp38-manylinux_2_17_x86_64) are compatible (run pip debug --verbose to show compatible tags): https://files.pythonhosted.org/packages/dc/5d/a996dd0226895a2f2c67600c985387ed7b089ad548854f0c8acffa3790c0/kvxopt-1.2.7.4-cp38-cp38-manylinux_2_17_x86_64.manylinux2014_x86_64.whl (from https://pypi.org/simple/kvxopt/)
2026-07-30T19:03:41,300   Skipping link: none of the wheel's tags (cp38-cp38-win32) are compatible (run pip debug --verbose to show compatible tags): https://files.pythonhosted.org/packages/5c/c3/ab09b57b570e18f19c37eeecc35ce53575ce71db2154a7825590c23350cf/kvxopt-1.2.7.4-cp38-cp38-win32.whl (from https://pypi.org/simple/kvxopt/)
2026-07-30T19:03:41,300   Skipping link: none of the wheel's tags (cp38-cp38-win_amd64) are compatible (run pip debug --verbose to show compatible tags): https://files.pythonhosted.org/packages/e5/ea/c2cda2568e5a75e9e4dfd3c9487e658c499f1dd549b40efb9eac7a8cb63e/kvxopt-1.2.7.4-cp38-cp38-win_amd64.whl (from https://pypi.org/simple/kvxopt/)
2026-07-30T19:03:41,300   Skipping link: none of the wheel's tags (cp39-cp39-macosx_10_9_universal2) are compatible (run pip debug --verbose to show compatible tags): https://files.pythonhosted.org/packages/1a/10/a358be9be7adbc80cfbda8c7236be13a6b7e7204d092267944b0e6eac057/kvxopt-1.2.7.4-cp39-cp39-macosx_10_9_universal2.whl (from https://pypi.org/simple/kvxopt/)
2026-07-30T19:03:41,300   Skipping link: none of the wheel's tags (cp39-cp39-macosx_10_9_x86_64) are compatible (run pip debug --verbose to show compatible tags): https://files.pythonhosted.org/packages/27/c5/074d038346273c62cde79a10973148f0f0b649725f369fe4b9968cd739eb/kvxopt-1.2.7.4-cp39-cp39-macosx_10_9_x86_64.whl (from https://pypi.org/simple/kvxopt/)
2026-07-30T19:03:41,300   Skipping link: none of the wheel's tags (cp39-cp39-macosx_11_0_arm64) are compatible (run pip debug --verbose to show compatible tags): https://files.pythonhosted.org/packages/77/f8/55a35664f518fe4e44e6b83d0d21de8113ed80fec0e06e799339d2f0f0f9/kvxopt-1.2.7.4-cp39-cp39-macosx_11_0_arm64.whl (from https://pypi.org/simple/kvxopt/)
2026-07-30T19:03:41,300   Skipping link: none of the wheel's tags (cp39-cp39-manylinux2010_i686, cp39-cp39-manylinux_2_12_i686) are compatible (run pip debug --verbose to show compatible tags): https://files.pythonhosted.org/packages/92/69/7d47129789fafc4a3bd8b2094611460afd925517d34f41a46958ce9d57a8/kvxopt-1.2.7.4-cp39-cp39-manylinux_2_12_i686.manylinux2010_i686.whl (from https://pypi.org/simple/kvxopt/)
2026-07-30T19:03:41,300   Skipping link: none of the wheel's tags (cp39-cp39-manylinux2010_x86_64, cp39-cp39-manylinux_2_12_x86_64) are compatible (run pip debug --verbose to show compatible tags): https://files.pythonhosted.org/packages/ab/9b/458e29a14c8195987a2819bcd06f9fdb19d291a2532f392b1dccf7a85157/kvxopt-1.2.7.4-cp39-cp39-manylinux_2_12_x86_64.manylinux2010_x86_64.whl (from https://pypi.org/simple/kvxopt/)
2026-07-30T19:03:41,300   Skipping link: none of the wheel's tags (cp39-cp39-manylinux2014_x86_64, cp39-cp39-manylinux_2_17_x86_64) are compatible (run pip debug --verbose to show compatible tags): https://files.pythonhosted.org/packages/ee/3d/b146d0d65710bc30d6038aa17f989c0224b30905d26eab32e133b4deff11/kvxopt-1.2.7.4-cp39-cp39-manylinux_2_17_x86_64.manylinux2014_x86_64.whl (from https://pypi.org/simple/kvxopt/)
2026-07-30T19:03:41,300   Skipping link: none of the wheel's tags (cp39-cp39-win32) are compatible (run pip debug --verbose to show compatible tags): https://files.pythonhosted.org/packages/d8/45/7938e846ad7f765f4cd67b0b085cc16948b3eaa7b4f0920203e88eb286b3/kvxopt-1.2.7.4-cp39-cp39-win32.whl (from https://pypi.org/simple/kvxopt/)
2026-07-30T19:03:41,300   Skipping link: none of the wheel's tags (cp39-cp39-win_amd64) are compatible (run pip debug --verbose to show compatible tags): https://files.pythonhosted.org/packages/60/bd/d74e0ad74a2b3553b2be9252d3388c8a009742695897a8cbcf970377c3e4/kvxopt-1.2.7.4-cp39-cp39-win_amd64.whl (from https://pypi.org/simple/kvxopt/)
2026-07-30T19:03:41,300   Found link https://files.pythonhosted.org/packages/50/25/6fe7eb064b3d5c54d00b02555de6db923d596e32130d7093aa5a05516616/kvxopt-1.2.7.4.tar.gz (from https://pypi.org/simple/kvxopt/), version: 1.2.7.4
2026-07-30T19:03:41,300   Skipping link: none of the wheel's tags (cp310-cp310-macosx_10_9_universal2) are compatible (run pip debug --verbose to show compatible tags): https://files.pythonhosted.org/packages/6b/38/11234a7493824783084a2d0005f1679fa2dc215a0081780bd2d2eb7591bd/kvxopt-1.2.7.5-cp310-cp310-macosx_10_9_universal2.whl (from https://pypi.org/simple/kvxopt/)
2026-07-30T19:03:41,300   Skipping link: none of the wheel's tags (cp310-cp310-macosx_10_9_x86_64) are compatible (run pip debug --verbose to show compatible tags): https://files.pythonhosted.org/packages/f1/ef/3ca52a93e3a8d3f2d2c1c123c7fc779b6681179773ec966c7fc278efb732/kvxopt-1.2.7.5-cp310-cp310-macosx_10_9_x86_64.whl (from https://pypi.org/simple/kvxopt/)
2026-07-30T19:03:41,300   Skipping link: none of the wheel's tags (cp310-cp310-macosx_11_0_arm64) are compatible (run pip debug --verbose to show compatible tags): https://files.pythonhosted.org/packages/1e/05/b3631063b7da810bf674d9bd7ca7515de7042172cb7c3381585cdc8d5473/kvxopt-1.2.7.5-cp310-cp310-macosx_11_0_arm64.whl (from https://pypi.org/simple/kvxopt/)
2026-07-30T19:03:41,300   Skipping link: none of the wheel's tags (cp310-cp310-manylinux2010_x86_64, cp310-cp310-manylinux_2_12_x86_64) are compatible (run pip debug --verbose to show compatible tags): https://files.pythonhosted.org/packages/94/d8/c318316834b1950890eb370bdbd30a6f336c3f69004678e7c56ace1e761b/kvxopt-1.2.7.5-cp310-cp310-manylinux_2_12_x86_64.manylinux2010_x86_64.whl (from https://pypi.org/simple/kvxopt/)
2026-07-30T19:03:41,300   Skipping link: none of the wheel's tags (cp310-cp310-manylinux2014_x86_64, cp310-cp310-manylinux_2_17_x86_64) are compatible (run pip debug --verbose to show compatible tags): https://files.pythonhosted.org/packages/33/8c/867b695ba752cb5fc6fcd862c73f6f4a2f0318624415d07e222cb7dbbad2/kvxopt-1.2.7.5-cp310-cp310-manylinux_2_17_x86_64.manylinux2014_x86_64.whl (from https://pypi.org/simple/kvxopt/)
2026-07-30T19:03:41,300   Skipping link: none of the wheel's tags (cp310-cp310-win32) are compatible (run pip debug --verbose to show compatible tags): https://files.pythonhosted.org/packages/d7/be/87d51bbe41d0f0368cee92c6fdf554ebadd46d45fd1c6fa1178a9f990851/kvxopt-1.2.7.5-cp310-cp310-win32.whl (from https://pypi.org/simple/kvxopt/)
2026-07-30T19:03:41,300   Skipping link: none of the wheel's tags (cp310-cp310-win_amd64) are compatible (run pip debug --verbose to show compatible tags): https://files.pythonhosted.org/packages/b6/2d/b7b9cad16cf1353a45ccbc82c20bb3702128f93daf57cbd5929bf421a7e5/kvxopt-1.2.7.5-cp310-cp310-win_amd64.whl (from https://pypi.org/simple/kvxopt/)
2026-07-30T19:03:41,300   Skipping link: none of the wheel's tags (cp35-cp35m-win32) are compatible (run pip debug --verbose to show compatible tags): https://files.pythonhosted.org/packages/11/90/4668574f935cd4e8329f732c427da667abedaa87e43e488ce8fde2f939a5/kvxopt-1.2.7.5-cp35-cp35m-win32.whl (from https://pypi.org/simple/kvxopt/)
2026-07-30T19:03:41,300   Skipping link: none of the wheel's tags (cp35-cp35m-win_amd64) are compatible (run pip debug --verbose to show compatible tags): https://files.pythonhosted.org/packages/fd/1c/e65d562b96c032c1122273f7a2222bc3ac33a8a646ee15bf3cc68e0c5e2f/kvxopt-1.2.7.5-cp35-cp35m-win_amd64.whl (from https://pypi.org/simple/kvxopt/)
2026-07-30T19:03:41,300   Skipping link: none of the wheel's tags (cp36-cp36m-macosx_10_9_x86_64) are compatible (run pip debug --verbose to show compatible tags): https://files.pythonhosted.org/packages/f2/22/93d7b52c71989f7812a8ff04dd4827cd4b16434889a8079cc5e5d82809fa/kvxopt-1.2.7.5-cp36-cp36m-macosx_10_9_x86_64.whl (from https://pypi.org/simple/kvxopt/)
2026-07-30T19:03:41,300   Skipping link: none of the wheel's tags (cp36-cp36m-manylinux2010_x86_64, cp36-cp36m-manylinux_2_12_x86_64) are compatible (run pip debug --verbose to show compatible tags): https://files.pythonhosted.org/packages/85/8a/a92d486255b63b86ad6b6ef5263891d366bad1f512479046378cd8e3ce59/kvxopt-1.2.7.5-cp36-cp36m-manylinux_2_12_x86_64.manylinux2010_x86_64.whl (from https://pypi.org/simple/kvxopt/)
2026-07-30T19:03:41,300   Skipping link: none of the wheel's tags (cp36-cp36m-manylinux2014_x86_64, cp36-cp36m-manylinux_2_17_x86_64) are compatible (run pip debug --verbose to show compatible tags): https://files.pythonhosted.org/packages/8e/f6/39be2a76f1f8edb3d67a3c9a146d3e2e3303d787ca024d36d423fa9ab286/kvxopt-1.2.7.5-cp36-cp36m-manylinux_2_17_x86_64.manylinux2014_x86_64.whl (from https://pypi.org/simple/kvxopt/)
2026-07-30T19:03:41,300   Skipping link: none of the wheel's tags (cp36-cp36m-win32) are compatible (run pip debug --verbose to show compatible tags): https://files.pythonhosted.org/packages/e9/7e/c240cb92d0acff9384a937b369440758eb1edad656ba64c9bf140c50cd33/kvxopt-1.2.7.5-cp36-cp36m-win32.whl (from https://pypi.org/simple/kvxopt/)
2026-07-30T19:03:41,300   Skipping link: none of the wheel's tags (cp36-cp36m-win_amd64) are compatible (run pip debug --verbose to show compatible tags): https://files.pythonhosted.org/packages/4e/0f/14541aeb20bb3f02166168e9de7ef552de9e7ea0b83f2cbfb7886accb293/kvxopt-1.2.7.5-cp36-cp36m-win_amd64.whl (from https://pypi.org/simple/kvxopt/)
2026-07-30T19:03:41,300   Skipping link: none of the wheel's tags (cp37-cp37m-macosx_10_9_x86_64) are compatible (run pip debug --verbose to show compatible tags): https://files.pythonhosted.org/packages/c8/65/b90e862abc5c780a20bdca2a042d81bcdb6877b5483dbae787ac5131c956/kvxopt-1.2.7.5-cp37-cp37m-macosx_10_9_x86_64.whl (from https://pypi.org/simple/kvxopt/)
2026-07-30T19:03:41,300   Skipping link: none of the wheel's tags (cp37-cp37m-manylinux2010_x86_64, cp37-cp37m-manylinux_2_12_x86_64) are compatible (run pip debug --verbose to show compatible tags): https://files.pythonhosted.org/packages/7e/7d/3a0c250d46269a7cac82c16ea248c8a37b3f2446d3b18945d452ca44653c/kvxopt-1.2.7.5-cp37-cp37m-manylinux_2_12_x86_64.manylinux2010_x86_64.whl (from https://pypi.org/simple/kvxopt/)
2026-07-30T19:03:41,306   Skipping link: none of the wheel's tags (cp37-cp37m-manylinux2014_x86_64, cp37-cp37m-manylinux_2_17_x86_64) are compatible (run pip debug --verbose to show compatible tags): https://files.pythonhosted.org/packages/14/26/fcc1fb874d3ea54a81e3e8c3dd7c19610ba6480707ffc640693ee53cc3fd/kvxopt-1.2.7.5-cp37-cp37m-manylinux_2_17_x86_64.manylinux2014_x86_64.whl (from https://pypi.org/simple/kvxopt/)
2026-07-30T19:03:41,306   Skipping link: none of the wheel's tags (cp37-cp37m-win32) are compatible (run pip debug --verbose to show compatible tags): https://files.pythonhosted.org/packages/bc/a4/da9e14fb099dcd8d790efe6252f1c602684f3063aba1d68f5cd6104bb578/kvxopt-1.2.7.5-cp37-cp37m-win32.whl (from https://pypi.org/simple/kvxopt/)
2026-07-30T19:03:41,306   Skipping link: none of the wheel's tags (cp37-cp37m-win_amd64) are compatible (run pip debug --verbose to show compatible tags): https://files.pythonhosted.org/packages/82/a7/b1bb1fbd633c0cdfbc46073d6759241d494385c7f2f72c7bb7631d64caba/kvxopt-1.2.7.5-cp37-cp37m-win_amd64.whl (from https://pypi.org/simple/kvxopt/)
2026-07-30T19:03:41,306   Skipping link: none of the wheel's tags (cp38-cp38-macosx_10_9_universal2) are compatible (run pip debug --verbose to show compatible tags): https://files.pythonhosted.org/packages/11/e7/0584efb30490e816ade88d11b8904a8bfb69236a9532120c7d873d6ce8c3/kvxopt-1.2.7.5-cp38-cp38-macosx_10_9_universal2.whl (from https://pypi.org/simple/kvxopt/)
2026-07-30T19:03:41,306   Skipping link: none of the wheel's tags (cp38-cp38-macosx_10_9_x86_64) are compatible (run pip debug --verbose to show compatible tags): https://files.pythonhosted.org/packages/b9/0e/14886db6f0ab73f4d16802b5e18f15e451a68ab94c1935cf8596076fe6d0/kvxopt-1.2.7.5-cp38-cp38-macosx_10_9_x86_64.whl (from https://pypi.org/simple/kvxopt/)
2026-07-30T19:03:41,306   Skipping link: none of the wheel's tags (cp38-cp38-macosx_11_0_arm64) are compatible (run pip debug --verbose to show compatible tags): https://files.pythonhosted.org/packages/95/7d/a39b03f82155aef1790718173c8f665fed4750a1d526f2d537e3f1c7b737/kvxopt-1.2.7.5-cp38-cp38-macosx_11_0_arm64.whl (from https://pypi.org/simple/kvxopt/)
2026-07-30T19:03:41,306   Skipping link: none of the wheel's tags (cp38-cp38-manylinux2010_x86_64, cp38-cp38-manylinux_2_12_x86_64) are compatible (run pip debug --verbose to show compatible tags): https://files.pythonhosted.org/packages/6d/d7/ec4164b6de7ec33db24a684ae7f5b60b96407df5efb6da427d11209a21ea/kvxopt-1.2.7.5-cp38-cp38-manylinux_2_12_x86_64.manylinux2010_x86_64.whl (from https://pypi.org/simple/kvxopt/)
2026-07-30T19:03:41,307   Skipping link: none of the wheel's tags (cp38-cp38-manylinux2014_x86_64, cp38-cp38-manylinux_2_17_x86_64) are compatible (run pip debug --verbose to show compatible tags): https://files.pythonhosted.org/packages/0a/9e/8a509379d0aafbd4c06abd11b0f27632a7258c65d7f8df28b69027b57949/kvxopt-1.2.7.5-cp38-cp38-manylinux_2_17_x86_64.manylinux2014_x86_64.whl (from https://pypi.org/simple/kvxopt/)
2026-07-30T19:03:41,307   Skipping link: none of the wheel's tags (cp38-cp38-win32) are compatible (run pip debug --verbose to show compatible tags): https://files.pythonhosted.org/packages/56/d7/40d8a2f10cb41a93c466980f45863f809049d1978191c4e1004ac2d08861/kvxopt-1.2.7.5-cp38-cp38-win32.whl (from https://pypi.org/simple/kvxopt/)
2026-07-30T19:03:41,307   Skipping link: none of the wheel's tags (cp38-cp38-win_amd64) are compatible (run pip debug --verbose to show compatible tags): https://files.pythonhosted.org/packages/73/27/ad28f0d35e8939d6ab328153aa5481d3626411189b765181eca59d0efe1c/kvxopt-1.2.7.5-cp38-cp38-win_amd64.whl (from https://pypi.org/simple/kvxopt/)
2026-07-30T19:03:41,307   Skipping link: none of the wheel's tags (cp39-cp39-macosx_10_9_universal2) are compatible (run pip debug --verbose to show compatible tags): https://files.pythonhosted.org/packages/a4/26/6931d7f312c56c8a6258c0e90dddac0f6ce87b73bd9ead0c09d5d3564bc2/kvxopt-1.2.7.5-cp39-cp39-macosx_10_9_universal2.whl (from https://pypi.org/simple/kvxopt/)
2026-07-30T19:03:41,307   Skipping link: none of the wheel's tags (cp39-cp39-macosx_10_9_x86_64) are compatible (run pip debug --verbose to show compatible tags): https://files.pythonhosted.org/packages/df/29/343dc7151f1cbe4363278be188444729afaca1833a53379765a8e1c00e1e/kvxopt-1.2.7.5-cp39-cp39-macosx_10_9_x86_64.whl (from https://pypi.org/simple/kvxopt/)
2026-07-30T19:03:41,308   Skipping link: none of the wheel's tags (cp39-cp39-macosx_11_0_arm64) are compatible (run pip debug --verbose to show compatible tags): https://files.pythonhosted.org/packages/93/a2/61d99514c11772122b4292545f5d5d16c1fb8db54504b965cd3463dd535a/kvxopt-1.2.7.5-cp39-cp39-macosx_11_0_arm64.whl (from https://pypi.org/simple/kvxopt/)
2026-07-30T19:03:41,308   Skipping link: none of the wheel's tags (cp39-cp39-manylinux2010_x86_64, cp39-cp39-manylinux_2_12_x86_64) are compatible (run pip debug --verbose to show compatible tags): https://files.pythonhosted.org/packages/fb/a7/6cbb9b2ae28dffc718debb9b44ce2c2bb4d4469cdf58b9aefe073391ecda/kvxopt-1.2.7.5-cp39-cp39-manylinux_2_12_x86_64.manylinux2010_x86_64.whl (from https://pypi.org/simple/kvxopt/)
2026-07-30T19:03:41,308   Skipping link: none of the wheel's tags (cp39-cp39-manylinux2014_x86_64, cp39-cp39-manylinux_2_17_x86_64) are compatible (run pip debug --verbose to show compatible tags): https://files.pythonhosted.org/packages/52/c6/020388807cf9f7a6956e08db83daf5a381d5c727f5cab6524b5d849c2bf4/kvxopt-1.2.7.5-cp39-cp39-manylinux_2_17_x86_64.manylinux2014_x86_64.whl (from https://pypi.org/simple/kvxopt/)
2026-07-30T19:03:41,308   Skipping link: none of the wheel's tags (cp39-cp39-win32) are compatible (run pip debug --verbose to show compatible tags): https://files.pythonhosted.org/packages/0c/3c/5c95e925c8c0f8f2c03c156885c54ad48c2b3e1576164113f5a48ef91837/kvxopt-1.2.7.5-cp39-cp39-win32.whl (from https://pypi.org/simple/kvxopt/)
2026-07-30T19:03:41,308   Skipping link: none of the wheel's tags (cp39-cp39-win_amd64) are compatible (run pip debug --verbose to show compatible tags): https://files.pythonhosted.org/packages/e6/bf/9438e7e3bbf1f930d1e876e8005f003fd865f4d407814bcc74e56b8b5bfd/kvxopt-1.2.7.5-cp39-cp39-win_amd64.whl (from https://pypi.org/simple/kvxopt/)
2026-07-30T19:03:41,309   Found link https://files.pythonhosted.org/packages/00/06/971eea2c283fabbee708c083d83abf916605c5013e1a2e067c35109cbaff/kvxopt-1.2.7.5.tar.gz (from https://pypi.org/simple/kvxopt/), version: 1.2.7.5
2026-07-30T19:03:41,309   Skipping link: none of the wheel's tags (cp310-cp310-macosx_10_9_universal2) are compatible (run pip debug --verbose to show compatible tags): https://files.pythonhosted.org/packages/a2/8b/48f639669a5570d27a597536ae93aa4a0a461fe44c9c2c2fa750ced11826/kvxopt-1.3.0.0-cp310-cp310-macosx_10_9_universal2.whl (from https://pypi.org/simple/kvxopt/)
2026-07-30T19:03:41,309   Skipping link: none of the wheel's tags (cp310-cp310-macosx_10_9_x86_64) are compatible (run pip debug --verbose to show compatible tags): https://files.pythonhosted.org/packages/af/30/e82d8d689df20754bce1e2b55d3de75a3757da136736d44a6a5a95c8051b/kvxopt-1.3.0.0-cp310-cp310-macosx_10_9_x86_64.whl (from https://pypi.org/simple/kvxopt/)
2026-07-30T19:03:41,309   Skipping link: none of the wheel's tags (cp310-cp310-macosx_11_0_arm64) are compatible (run pip debug --verbose to show compatible tags): https://files.pythonhosted.org/packages/c1/86/987f90a498bafade5541479470e191a8b11178cf5f5045db058b39dc2e90/kvxopt-1.3.0.0-cp310-cp310-macosx_11_0_arm64.whl (from https://pypi.org/simple/kvxopt/)
2026-07-30T19:03:41,309   Skipping link: none of the wheel's tags (cp310-cp310-manylinux2010_x86_64, cp310-cp310-manylinux_2_12_x86_64) are compatible (run pip debug --verbose to show compatible tags): https://files.pythonhosted.org/packages/b3/68/60a86fab5ae3eb27969a283141ebad1f72af92932b47f5c970adf703246e/kvxopt-1.3.0.0-cp310-cp310-manylinux_2_12_x86_64.manylinux2010_x86_64.whl (from https://pypi.org/simple/kvxopt/)
2026-07-30T19:03:41,309   Skipping link: none of the wheel's tags (cp310-cp310-manylinux2014_x86_64, cp310-cp310-manylinux_2_17_x86_64) are compatible (run pip debug --verbose to show compatible tags): https://files.pythonhosted.org/packages/32/03/0c77034307cfce71db5c5f53a06163bd96a8b75925ffac2933f8d27e914e/kvxopt-1.3.0.0-cp310-cp310-manylinux_2_17_x86_64.manylinux2014_x86_64.whl (from https://pypi.org/simple/kvxopt/)
2026-07-30T19:03:41,310   Skipping link: none of the wheel's tags (cp310-cp310-win32) are compatible (run pip debug --verbose to show compatible tags): https://files.pythonhosted.org/packages/70/45/138596f01581bc1e61037d2378a55d02c053d09d02559d19b29970b8ff5d/kvxopt-1.3.0.0-cp310-cp310-win32.whl (from https://pypi.org/simple/kvxopt/)
2026-07-30T19:03:41,310   Skipping link: none of the wheel's tags (cp310-cp310-win_amd64) are compatible (run pip debug --verbose to show compatible tags): https://files.pythonhosted.org/packages/8a/32/fa174bf96e05a6248c12a48bcb1fc49cad426732e04ccf5bf6cc52400543/kvxopt-1.3.0.0-cp310-cp310-win_amd64.whl (from https://pypi.org/simple/kvxopt/)
2026-07-30T19:03:41,310   Skipping link: none of the wheel's tags (cp36-cp36m-macosx_10_9_x86_64) are compatible (run pip debug --verbose to show compatible tags): https://files.pythonhosted.org/packages/2b/ba/151070ed2e0c49bccde604e739e59591ea75684dbb67c7c2d63474225358/kvxopt-1.3.0.0-cp36-cp36m-macosx_10_9_x86_64.whl (from https://pypi.org/simple/kvxopt/)
2026-07-30T19:03:41,310   Skipping link: none of the wheel's tags (cp36-cp36m-manylinux2010_x86_64, cp36-cp36m-manylinux_2_12_x86_64) are compatible (run pip debug --verbose to show compatible tags): https://files.pythonhosted.org/packages/fa/b9/cc68856eb39f431acf186cf70f0dd66959107e370c503aa33e4642f7eb05/kvxopt-1.3.0.0-cp36-cp36m-manylinux_2_12_x86_64.manylinux2010_x86_64.whl (from https://pypi.org/simple/kvxopt/)
2026-07-30T19:03:41,310   Skipping link: none of the wheel's tags (cp36-cp36m-manylinux2014_x86_64, cp36-cp36m-manylinux_2_17_x86_64) are compatible (run pip debug --verbose to show compatible tags): https://files.pythonhosted.org/packages/2d/4c/345a7864444dbfaa73639ac0b0f9e25f6d7dde89364cc09761503e9cb45f/kvxopt-1.3.0.0-cp36-cp36m-manylinux_2_17_x86_64.manylinux2014_x86_64.whl (from https://pypi.org/simple/kvxopt/)
2026-07-30T19:03:41,311   Skipping link: none of the wheel's tags (cp36-cp36m-win32) are compatible (run pip debug --verbose to show compatible tags): https://files.pythonhosted.org/packages/4b/bc/ab8fb02fabd4466276252ca0b7e152e9930c276d4b781d275f55e5fe682b/kvxopt-1.3.0.0-cp36-cp36m-win32.whl (from https://pypi.org/simple/kvxopt/)
2026-07-30T19:03:41,311   Skipping link: none of the wheel's tags (cp36-cp36m-win_amd64) are compatible (run pip debug --verbose to show compatible tags): https://files.pythonhosted.org/packages/d0/16/f3fa141c11d07b1449dc67e96f3813300fe5aa4b76682efdeb8ebb518fb6/kvxopt-1.3.0.0-cp36-cp36m-win_amd64.whl (from https://pypi.org/simple/kvxopt/)
2026-07-30T19:03:41,311   Skipping link: none of the wheel's tags (cp37-cp37m-macosx_10_9_x86_64) are compatible (run pip debug --verbose to show compatible tags): https://files.pythonhosted.org/packages/4a/ed/7eb6c09ebfd56c73e86b4e27b34a1bffcbb8e76db4284b07755a8c82e453/kvxopt-1.3.0.0-cp37-cp37m-macosx_10_9_x86_64.whl (from https://pypi.org/simple/kvxopt/)
2026-07-30T19:03:41,312   Skipping link: none of the wheel's tags (cp37-cp37m-manylinux2010_x86_64, cp37-cp37m-manylinux_2_12_x86_64) are compatible (run pip debug --verbose to show compatible tags): https://files.pythonhosted.org/packages/4d/df/cdf9ea9ff3fb4b637d95fe98db9d5a51f5304c1efaddc5dc5e1d61c4be9d/kvxopt-1.3.0.0-cp37-cp37m-manylinux_2_12_x86_64.manylinux2010_x86_64.whl (from https://pypi.org/simple/kvxopt/)
2026-07-30T19:03:41,312   Skipping link: none of the wheel's tags (cp37-cp37m-manylinux2014_x86_64, cp37-cp37m-manylinux_2_17_x86_64) are compatible (run pip debug --verbose to show compatible tags): https://files.pythonhosted.org/packages/e8/d8/83ed81bf21da3e15b821d39cf4d15b4435cb349e9137e752b6d1e8d3364c/kvxopt-1.3.0.0-cp37-cp37m-manylinux_2_17_x86_64.manylinux2014_x86_64.whl (from https://pypi.org/simple/kvxopt/)
2026-07-30T19:03:41,312   Skipping link: none of the wheel's tags (cp37-cp37m-win32) are compatible (run pip debug --verbose to show compatible tags): https://files.pythonhosted.org/packages/4a/3c/8fcfb518b3d2962e0b30ecda3db0e7741dde2262a538f3dfe5d88f787005/kvxopt-1.3.0.0-cp37-cp37m-win32.whl (from https://pypi.org/simple/kvxopt/)
2026-07-30T19:03:41,312   Skipping link: none of the wheel's tags (cp37-cp37m-win_amd64) are compatible (run pip debug --verbose to show compatible tags): https://files.pythonhosted.org/packages/08/19/491cd919f6da6e7eca9f7b2873daaf6c83ff7fb890ae0aac207979aea30a/kvxopt-1.3.0.0-cp37-cp37m-win_amd64.whl (from https://pypi.org/simple/kvxopt/)
2026-07-30T19:03:41,312   Skipping link: none of the wheel's tags (cp38-cp38-macosx_10_9_universal2) are compatible (run pip debug --verbose to show compatible tags): https://files.pythonhosted.org/packages/bd/6b/52fb4ea7cf06c8924ed88621bcb4d9bb895017aa601aebce5c421728c61a/kvxopt-1.3.0.0-cp38-cp38-macosx_10_9_universal2.whl (from https://pypi.org/simple/kvxopt/)
2026-07-30T19:03:41,312   Skipping link: none of the wheel's tags (cp38-cp38-macosx_10_9_x86_64) are compatible (run pip debug --verbose to show compatible tags): https://files.pythonhosted.org/packages/1b/fc/213d7350e149ba81edafe585537cdb6f4254ea6667ab564b338938e82f69/kvxopt-1.3.0.0-cp38-cp38-macosx_10_9_x86_64.whl (from https://pypi.org/simple/kvxopt/)
2026-07-30T19:03:41,313   Skipping link: none of the wheel's tags (cp38-cp38-macosx_11_0_arm64) are compatible (run pip debug --verbose to show compatible tags): https://files.pythonhosted.org/packages/6b/3f/63b50d635ef47ea36acf15290c33c20a10ef965feedddb67e8db641f0aa0/kvxopt-1.3.0.0-cp38-cp38-macosx_11_0_arm64.whl (from https://pypi.org/simple/kvxopt/)
2026-07-30T19:03:41,313   Skipping link: none of the wheel's tags (cp38-cp38-manylinux2010_x86_64, cp38-cp38-manylinux_2_12_x86_64) are compatible (run pip debug --verbose to show compatible tags): https://files.pythonhosted.org/packages/ca/b4/cd5d076adb4ff9373adea94b3510438e96dd8e63e507f46a70a16842dea5/kvxopt-1.3.0.0-cp38-cp38-manylinux_2_12_x86_64.manylinux2010_x86_64.whl (from https://pypi.org/simple/kvxopt/)
2026-07-30T19:03:41,313   Skipping link: none of the wheel's tags (cp38-cp38-manylinux2014_x86_64, cp38-cp38-manylinux_2_17_x86_64) are compatible (run pip debug --verbose to show compatible tags): https://files.pythonhosted.org/packages/a8/bb/62e8e54334f41077f2b5ab19e30fbadfafc6936680e4dc407557eae1c65a/kvxopt-1.3.0.0-cp38-cp38-manylinux_2_17_x86_64.manylinux2014_x86_64.whl (from https://pypi.org/simple/kvxopt/)
2026-07-30T19:03:41,313   Skipping link: none of the wheel's tags (cp38-cp38-win32) are compatible (run pip debug --verbose to show compatible tags): https://files.pythonhosted.org/packages/b7/1c/e8eb4dc91b6fa321eba699904a28c685a49c95531f4bead329b7e944256d/kvxopt-1.3.0.0-cp38-cp38-win32.whl (from https://pypi.org/simple/kvxopt/)
2026-07-30T19:03:41,313   Skipping link: none of the wheel's tags (cp38-cp38-win_amd64) are compatible (run pip debug --verbose to show compatible tags): https://files.pythonhosted.org/packages/27/fd/43424fea8e12b0974c5732112ff12888a92207fba4ebfda82e27fc229b15/kvxopt-1.3.0.0-cp38-cp38-win_amd64.whl (from https://pypi.org/simple/kvxopt/)
2026-07-30T19:03:41,313   Skipping link: none of the wheel's tags (cp39-cp39-macosx_10_9_universal2) are compatible (run pip debug --verbose to show compatible tags): https://files.pythonhosted.org/packages/d6/d9/6d7efe7bd5aaa74ea93507c79bfcca7ed595881267f6270d1530b52f5ead/kvxopt-1.3.0.0-cp39-cp39-macosx_10_9_universal2.whl (from https://pypi.org/simple/kvxopt/)
2026-07-30T19:03:41,313   Skipping link: none of the wheel's tags (cp39-cp39-macosx_10_9_x86_64) are compatible (run pip debug --verbose to show compatible tags): https://files.pythonhosted.org/packages/ad/af/0053e66ddb78e4daf2a24a4fd72ac4f9b0c519108eb8be61d7a5a9694fd9/kvxopt-1.3.0.0-cp39-cp39-macosx_10_9_x86_64.whl (from https://pypi.org/simple/kvxopt/)
2026-07-30T19:03:41,313   Skipping link: none of the wheel's tags (cp39-cp39-macosx_11_0_arm64) are compatible (run pip debug --verbose to show compatible tags): https://files.pythonhosted.org/packages/e6/5d/07a4588ef91a8c9f08c40865be9e3b6b7ed4cae5b349c29024443a5e2006/kvxopt-1.3.0.0-cp39-cp39-macosx_11_0_arm64.whl (from https://pypi.org/simple/kvxopt/)
2026-07-30T19:03:41,313   Skipping link: none of the wheel's tags (cp39-cp39-manylinux2010_x86_64, cp39-cp39-manylinux_2_12_x86_64) are compatible (run pip debug --verbose to show compatible tags): https://files.pythonhosted.org/packages/06/96/8f32a43266af1fde351e22ca75ca381792b17ec5cbc38cd8c5c093a3231a/kvxopt-1.3.0.0-cp39-cp39-manylinux_2_12_x86_64.manylinux2010_x86_64.whl (from https://pypi.org/simple/kvxopt/)
2026-07-30T19:03:41,313   Skipping link: none of the wheel's tags (cp39-cp39-manylinux2014_x86_64, cp39-cp39-manylinux_2_17_x86_64) are compatible (run pip debug --verbose to show compatible tags): https://files.pythonhosted.org/packages/4b/27/eb973ec69e6a569aff3180d9befbd38b49fbc01dd1a15ea183f09431ff34/kvxopt-1.3.0.0-cp39-cp39-manylinux_2_17_x86_64.manylinux2014_x86_64.whl (from https://pypi.org/simple/kvxopt/)
2026-07-30T19:03:41,313   Skipping link: none of the wheel's tags (cp39-cp39-win32) are compatible (run pip debug --verbose to show compatible tags): https://files.pythonhosted.org/packages/16/1d/5b515adc85fd188d5b8e93ca2a64d0d39c5a67d9a2e28484280cf8246fa5/kvxopt-1.3.0.0-cp39-cp39-win32.whl (from https://pypi.org/simple/kvxopt/)
2026-07-30T19:03:41,313   Skipping link: none of the wheel's tags (cp39-cp39-win_amd64) are compatible (run pip debug --verbose to show compatible tags): https://files.pythonhosted.org/packages/d4/16/972b3b044bd388af2c50351aabb5b02f3368255386ccef7f4eeb35a43830/kvxopt-1.3.0.0-cp39-cp39-win_amd64.whl (from https://pypi.org/simple/kvxopt/)
2026-07-30T19:03:41,313   Found link https://files.pythonhosted.org/packages/ea/4f/9b5ba42dfeaeb88c8420d47388ab441c34eaaf9999be4b11ad79f9682e6c/kvxopt-1.3.0.0.tar.gz (from https://pypi.org/simple/kvxopt/), version: 1.3.0.0
2026-07-30T19:03:41,313   Skipping link: none of the wheel's tags (cp310-cp310-macosx_10_9_x86_64) are compatible (run pip debug --verbose to show compatible tags): https://files.pythonhosted.org/packages/33/c1/f6b431a01e62df812f50f12e4cfeb440fefb59056af8c170562cac430aa3/kvxopt-1.3.0.1-cp310-cp310-macosx_10_9_x86_64.whl (from https://pypi.org/simple/kvxopt/)
2026-07-30T19:03:41,313   Skipping link: none of the wheel's tags (cp310-cp310-manylinux2010_x86_64, cp310-cp310-manylinux_2_12_x86_64) are compatible (run pip debug --verbose to show compatible tags): https://files.pythonhosted.org/packages/45/3f/37cca44e2463cddb11135271b35b799cf70d25f654d7578806d9d7b3d2da/kvxopt-1.3.0.1-cp310-cp310-manylinux_2_12_x86_64.manylinux2010_x86_64.whl (from https://pypi.org/simple/kvxopt/)
2026-07-30T19:03:41,313   Skipping link: none of the wheel's tags (cp310-cp310-manylinux2014_aarch64, cp310-cp310-manylinux_2_17_aarch64) are compatible (run pip debug --verbose to show compatible tags): https://files.pythonhosted.org/packages/32/7d/6eaf79edf93b8f563250d46a74cd8b77948fc4a434c8745f8898c8c6b63a/kvxopt-1.3.0.1-cp310-cp310-manylinux_2_17_aarch64.manylinux2014_aarch64.whl (from https://pypi.org/simple/kvxopt/)
2026-07-30T19:03:41,313   Skipping link: none of the wheel's tags (cp310-cp310-manylinux2014_x86_64, cp310-cp310-manylinux_2_17_x86_64) are compatible (run pip debug --verbose to show compatible tags): https://files.pythonhosted.org/packages/27/f3/df8ab8d8840f831806df2e33f2decdb3c4239aaf40b3abd214ee0affc5c3/kvxopt-1.3.0.1-cp310-cp310-manylinux_2_17_x86_64.manylinux2014_x86_64.whl (from https://pypi.org/simple/kvxopt/)
2026-07-30T19:03:41,313   Skipping link: none of the wheel's tags (cp310-cp310-win32) are compatible (run pip debug --verbose to show compatible tags): https://files.pythonhosted.org/packages/f2/e2/1298eeec6de3389befc9fef06202251462ef49d968f656468344d5eb6bf7/kvxopt-1.3.0.1-cp310-cp310-win32.whl (from https://pypi.org/simple/kvxopt/)
2026-07-30T19:03:41,313   Skipping link: none of the wheel's tags (cp310-cp310-win_amd64) are compatible (run pip debug --verbose to show compatible tags): https://files.pythonhosted.org/packages/dc/a8/d68623a163b88cff23772ba63555f55907e5ec421849e4f5d0f4b47e3e11/kvxopt-1.3.0.1-cp310-cp310-win_amd64.whl (from https://pypi.org/simple/kvxopt/)
2026-07-30T19:03:41,313   Skipping link: none of the wheel's tags (cp36-cp36m-macosx_10_9_x86_64) are compatible (run pip debug --verbose to show compatible tags): https://files.pythonhosted.org/packages/a8/8a/751df8f7967ebc5e2a79459ebed1ef39055d3738556ec1045555b4749458/kvxopt-1.3.0.1-cp36-cp36m-macosx_10_9_x86_64.whl (from https://pypi.org/simple/kvxopt/)
2026-07-30T19:03:41,313   Skipping link: none of the wheel's tags (cp36-cp36m-manylinux2010_x86_64, cp36-cp36m-manylinux_2_12_x86_64) are compatible (run pip debug --verbose to show compatible tags): https://files.pythonhosted.org/packages/8e/91/7d52325914879971ec7d1c6d36d797f47e11457c8a7be05e14ba371fcf09/kvxopt-1.3.0.1-cp36-cp36m-manylinux_2_12_x86_64.manylinux2010_x86_64.whl (from https://pypi.org/simple/kvxopt/)
2026-07-30T19:03:41,313   Skipping link: none of the wheel's tags (cp36-cp36m-manylinux2014_aarch64, cp36-cp36m-manylinux_2_17_aarch64) are compatible (run pip debug --verbose to show compatible tags): https://files.pythonhosted.org/packages/92/94/dff612b359fd0f461fbbf514b05a2b48eecc686f4aab06070660bfb79de0/kvxopt-1.3.0.1-cp36-cp36m-manylinux_2_17_aarch64.manylinux2014_aarch64.whl (from https://pypi.org/simple/kvxopt/)
2026-07-30T19:03:41,313   Skipping link: none of the wheel's tags (cp36-cp36m-manylinux2014_x86_64, cp36-cp36m-manylinux_2_17_x86_64) are compatible (run pip debug --verbose to show compatible tags): https://files.pythonhosted.org/packages/df/61/6d02744715ab37919ee85b0d5b4a22950687f81ef257e22c501148d15fa2/kvxopt-1.3.0.1-cp36-cp36m-manylinux_2_17_x86_64.manylinux2014_x86_64.whl (from https://pypi.org/simple/kvxopt/)
2026-07-30T19:03:41,313   Skipping link: none of the wheel's tags (cp36-cp36m-win32) are compatible (run pip debug --verbose to show compatible tags): https://files.pythonhosted.org/packages/b0/62/b7eb428199e45f70857dabb8e4296574698411c4f6aff8e97a49fff4b207/kvxopt-1.3.0.1-cp36-cp36m-win32.whl (from https://pypi.org/simple/kvxopt/)
2026-07-30T19:03:41,313   Skipping link: none of the wheel's tags (cp36-cp36m-win_amd64) are compatible (run pip debug --verbose to show compatible tags): https://files.pythonhosted.org/packages/3f/4b/91492acbb8106379639f073db1fca42ab749d610e13a27c1ef77809562f0/kvxopt-1.3.0.1-cp36-cp36m-win_amd64.whl (from https://pypi.org/simple/kvxopt/)
2026-07-30T19:03:41,313   Skipping link: none of the wheel's tags (cp37-cp37m-macosx_10_9_x86_64) are compatible (run pip debug --verbose to show compatible tags): https://files.pythonhosted.org/packages/d1/04/ad5974e8f105c96b1e57f6be76b6cbfea17fa2213744ee72d2d7ad3e1477/kvxopt-1.3.0.1-cp37-cp37m-macosx_10_9_x86_64.whl (from https://pypi.org/simple/kvxopt/)
2026-07-30T19:03:41,313   Skipping link: none of the wheel's tags (cp37-cp37m-manylinux2010_x86_64, cp37-cp37m-manylinux_2_12_x86_64) are compatible (run pip debug --verbose to show compatible tags): https://files.pythonhosted.org/packages/69/2b/93885b8d5d4c581d8bde60d75f4567dd3f0d9d4ed4c2fa5aa53c49b83c27/kvxopt-1.3.0.1-cp37-cp37m-manylinux_2_12_x86_64.manylinux2010_x86_64.whl (from https://pypi.org/simple/kvxopt/)
2026-07-30T19:03:41,313   Skipping link: none of the wheel's tags (cp37-cp37m-manylinux2014_aarch64, cp37-cp37m-manylinux_2_17_aarch64) are compatible (run pip debug --verbose to show compatible tags): https://files.pythonhosted.org/packages/aa/a9/dfcc8c545d286ddbb1811bc36301fd8437112d91a6a5cc890b28f4b8c379/kvxopt-1.3.0.1-cp37-cp37m-manylinux_2_17_aarch64.manylinux2014_aarch64.whl (from https://pypi.org/simple/kvxopt/)
2026-07-30T19:03:41,313   Skipping link: none of the wheel's tags (cp37-cp37m-manylinux2014_x86_64, cp37-cp37m-manylinux_2_17_x86_64) are compatible (run pip debug --verbose to show compatible tags): https://files.pythonhosted.org/packages/0b/e5/3bb53eab071b7255adb12281a6108fa16e328d0ea89a9a1a08dbf397279b/kvxopt-1.3.0.1-cp37-cp37m-manylinux_2_17_x86_64.manylinux2014_x86_64.whl (from https://pypi.org/simple/kvxopt/)
2026-07-30T19:03:41,313   Skipping link: none of the wheel's tags (cp37-cp37m-win32) are compatible (run pip debug --verbose to show compatible tags): https://files.pythonhosted.org/packages/cd/27/c1cf7e679ba7e695759eb56f8ab260641ebd39cfca140e4b9c5abc126d22/kvxopt-1.3.0.1-cp37-cp37m-win32.whl (from https://pypi.org/simple/kvxopt/)
2026-07-30T19:03:41,313   Skipping link: none of the wheel's tags (cp37-cp37m-win_amd64) are compatible (run pip debug --verbose to show compatible tags): https://files.pythonhosted.org/packages/90/ff/cc36d00b7fcec14a204f516b33dac48f4eabdbf0f4ec1df3939ff9d402d8/kvxopt-1.3.0.1-cp37-cp37m-win_amd64.whl (from https://pypi.org/simple/kvxopt/)
2026-07-30T19:03:41,313   Skipping link: none of the wheel's tags (cp38-cp38-macosx_10_9_x86_64) are compatible (run pip debug --verbose to show compatible tags): https://files.pythonhosted.org/packages/9c/39/0b163154b0671252ac4ed754a0bb0d371c92e1a6b07ec5e53f9131b35724/kvxopt-1.3.0.1-cp38-cp38-macosx_10_9_x86_64.whl (from https://pypi.org/simple/kvxopt/)
2026-07-30T19:03:41,313   Skipping link: none of the wheel's tags (cp38-cp38-manylinux2010_x86_64, cp38-cp38-manylinux_2_12_x86_64) are compatible (run pip debug --verbose to show compatible tags): https://files.pythonhosted.org/packages/a7/5f/04fa68b49d8e3bea00772f6fe0fe91731992860b80b80bedc8ce7d78f0bf/kvxopt-1.3.0.1-cp38-cp38-manylinux_2_12_x86_64.manylinux2010_x86_64.whl (from https://pypi.org/simple/kvxopt/)
2026-07-30T19:03:41,313   Skipping link: none of the wheel's tags (cp38-cp38-manylinux2014_aarch64, cp38-cp38-manylinux_2_17_aarch64) are compatible (run pip debug --verbose to show compatible tags): https://files.pythonhosted.org/packages/a5/3e/ec9351ce6cb50bc1bade46a0e72c33a2863cdb5ef1c455f3a1a8faa2197e/kvxopt-1.3.0.1-cp38-cp38-manylinux_2_17_aarch64.manylinux2014_aarch64.whl (from https://pypi.org/simple/kvxopt/)
2026-07-30T19:03:41,313   Skipping link: none of the wheel's tags (cp38-cp38-manylinux2014_x86_64, cp38-cp38-manylinux_2_17_x86_64) are compatible (run pip debug --verbose to show compatible tags): https://files.pythonhosted.org/packages/92/b3/c8e45cb26a07660d595062077a94aa23ca85163ace0ab854f9b85e375165/kvxopt-1.3.0.1-cp38-cp38-manylinux_2_17_x86_64.manylinux2014_x86_64.whl (from https://pypi.org/simple/kvxopt/)
2026-07-30T19:03:41,313   Skipping link: none of the wheel's tags (cp38-cp38-win32) are compatible (run pip debug --verbose to show compatible tags): https://files.pythonhosted.org/packages/e0/54/8ae293b336dd52a200af395cfd40da4217f3305bfda6e0bee508f26e68a2/kvxopt-1.3.0.1-cp38-cp38-win32.whl (from https://pypi.org/simple/kvxopt/)
2026-07-30T19:03:41,313   Skipping link: none of the wheel's tags (cp38-cp38-win_amd64) are compatible (run pip debug --verbose to show compatible tags): https://files.pythonhosted.org/packages/5b/b1/c14aa95603854e7596d7c969666873f138cd6987e5df2bc0560fccaddb13/kvxopt-1.3.0.1-cp38-cp38-win_amd64.whl (from https://pypi.org/simple/kvxopt/)
2026-07-30T19:03:41,313   Skipping link: none of the wheel's tags (cp39-cp39-macosx_10_9_x86_64) are compatible (run pip debug --verbose to show compatible tags): https://files.pythonhosted.org/packages/23/f3/d2a11ce3bf7d07e074d7f038dbcb9cddcede02b1d499e0dc376354bc060c/kvxopt-1.3.0.1-cp39-cp39-macosx_10_9_x86_64.whl (from https://pypi.org/simple/kvxopt/)
2026-07-30T19:03:41,313   Skipping link: none of the wheel's tags (cp39-cp39-manylinux2010_x86_64, cp39-cp39-manylinux_2_12_x86_64) are compatible (run pip debug --verbose to show compatible tags): https://files.pythonhosted.org/packages/5b/46/be1ce2b90c061bd50992443ae549b5a5a8fbab6bcc8a3faf6a8e9b886693/kvxopt-1.3.0.1-cp39-cp39-manylinux_2_12_x86_64.manylinux2010_x86_64.whl (from https://pypi.org/simple/kvxopt/)
2026-07-30T19:03:41,313   Skipping link: none of the wheel's tags (cp39-cp39-manylinux2014_aarch64, cp39-cp39-manylinux_2_17_aarch64) are compatible (run pip debug --verbose to show compatible tags): https://files.pythonhosted.org/packages/7e/cf/2710daacdcdbbe1938d22c0041ff25deb31259137a3391ae4e4c417ac9c2/kvxopt-1.3.0.1-cp39-cp39-manylinux_2_17_aarch64.manylinux2014_aarch64.whl (from https://pypi.org/simple/kvxopt/)
2026-07-30T19:03:41,313   Skipping link: none of the wheel's tags (cp39-cp39-manylinux2014_x86_64, cp39-cp39-manylinux_2_17_x86_64) are compatible (run pip debug --verbose to show compatible tags): https://files.pythonhosted.org/packages/53/09/0dcc4265af9f1654dbcb50c9f10637b2505f030f2f65e746e05d3b0eb3a8/kvxopt-1.3.0.1-cp39-cp39-manylinux_2_17_x86_64.manylinux2014_x86_64.whl (from https://pypi.org/simple/kvxopt/)
2026-07-30T19:03:41,313   Skipping link: none of the wheel's tags (cp39-cp39-win32) are compatible (run pip debug --verbose to show compatible tags): https://files.pythonhosted.org/packages/30/c8/25703530d2eb5ce911b94121b4130e4a44300279ed37140f3c29e0a714eb/kvxopt-1.3.0.1-cp39-cp39-win32.whl (from https://pypi.org/simple/kvxopt/)
2026-07-30T19:03:41,318   Skipping link: none of the wheel's tags (cp39-cp39-win_amd64) are compatible (run pip debug --verbose to show compatible tags): https://files.pythonhosted.org/packages/02/d7/8533bf3b96796c567bec37fb8b806f574eee5a200710b4ea7542596b9447/kvxopt-1.3.0.1-cp39-cp39-win_amd64.whl (from https://pypi.org/simple/kvxopt/)
2026-07-30T19:03:41,318   Found link https://files.pythonhosted.org/packages/38/2a/275cbed750339e8671950f8ae6c3d546b937815edd5e0ed518ec1446564e/kvxopt-1.3.0.1.tar.gz (from https://pypi.org/simple/kvxopt/), version: 1.3.0.1
2026-07-30T19:03:41,318   Skipping link: none of the wheel's tags (cp310-cp310-macosx_10_9_universal2) are compatible (run pip debug --verbose to show compatible tags): https://files.pythonhosted.org/packages/ce/94/b78fd01b43dafe66a23de6c1345786756d7d9c2cbf8d214b9b63ee871dda/kvxopt-1.3.0.2-cp310-cp310-macosx_10_9_universal2.whl (from https://pypi.org/simple/kvxopt/)
2026-07-30T19:03:41,318   Skipping link: none of the wheel's tags (cp310-cp310-macosx_10_9_x86_64) are compatible (run pip debug --verbose to show compatible tags): https://files.pythonhosted.org/packages/11/a7/1fd797eb94840f9d1aee673d295ecdce61a083c1d9811b5965e6282cdc70/kvxopt-1.3.0.2-cp310-cp310-macosx_10_9_x86_64.whl (from https://pypi.org/simple/kvxopt/)
2026-07-30T19:03:41,318   Skipping link: none of the wheel's tags (cp310-cp310-macosx_11_0_arm64) are compatible (run pip debug --verbose to show compatible tags): https://files.pythonhosted.org/packages/15/06/b3cf60c018b36206f2b352e305fb446c8c7f7b01df1265e976d59560c3a2/kvxopt-1.3.0.2-cp310-cp310-macosx_11_0_arm64.whl (from https://pypi.org/simple/kvxopt/)
2026-07-30T19:03:41,318   Skipping link: none of the wheel's tags (cp310-cp310-manylinux2010_x86_64, cp310-cp310-manylinux_2_12_x86_64) are compatible (run pip debug --verbose to show compatible tags): https://files.pythonhosted.org/packages/7a/58/86f8ee76c811f0d93df17f573caef952cf2253a456f16516e0fee89a3b5d/kvxopt-1.3.0.2-cp310-cp310-manylinux_2_12_x86_64.manylinux2010_x86_64.whl (from https://pypi.org/simple/kvxopt/)
2026-07-30T19:03:41,318   Skipping link: none of the wheel's tags (cp310-cp310-manylinux2014_aarch64, cp310-cp310-manylinux_2_17_aarch64) are compatible (run pip debug --verbose to show compatible tags): https://files.pythonhosted.org/packages/7b/05/52a6f9ec92fb592115e00eec1b572e664e0b10e6b3c5ae23a43eb62d2cb0/kvxopt-1.3.0.2-cp310-cp310-manylinux_2_17_aarch64.manylinux2014_aarch64.whl (from https://pypi.org/simple/kvxopt/)
2026-07-30T19:03:41,318   Skipping link: none of the wheel's tags (cp310-cp310-manylinux2014_x86_64, cp310-cp310-manylinux_2_17_x86_64) are compatible (run pip debug --verbose to show compatible tags): https://files.pythonhosted.org/packages/24/ad/7139db918f4d4e57becdc608d0670e9062252cfb83e83b7036fee3a72c88/kvxopt-1.3.0.2-cp310-cp310-manylinux_2_17_x86_64.manylinux2014_x86_64.whl (from https://pypi.org/simple/kvxopt/)
2026-07-30T19:03:41,319   Skipping link: none of the wheel's tags (cp310-cp310-win32) are compatible (run pip debug --verbose to show compatible tags): https://files.pythonhosted.org/packages/33/1f/24627ee6fbd97179262a199e6630eac433c883283953a8c2eafd0d11793e/kvxopt-1.3.0.2-cp310-cp310-win32.whl (from https://pypi.org/simple/kvxopt/)
2026-07-30T19:03:41,319   Skipping link: none of the wheel's tags (cp310-cp310-win_amd64) are compatible (run pip debug --verbose to show compatible tags): https://files.pythonhosted.org/packages/67/4c/405f8ce2c01179a7d53c16f94edabab40ffb0cba31d43cfb41440925da12/kvxopt-1.3.0.2-cp310-cp310-win_amd64.whl (from https://pypi.org/simple/kvxopt/)
2026-07-30T19:03:41,319   Skipping link: none of the wheel's tags (cp36-cp36m-macosx_10_9_x86_64) are compatible (run pip debug --verbose to show compatible tags): https://files.pythonhosted.org/packages/ec/9d/f89d1d1df4006c2d3c338a8a215390cd5d8161a69cb4591e02afe61f5ba7/kvxopt-1.3.0.2-cp36-cp36m-macosx_10_9_x86_64.whl (from https://pypi.org/simple/kvxopt/)
2026-07-30T19:03:41,319   Skipping link: none of the wheel's tags (cp36-cp36m-manylinux2010_x86_64, cp36-cp36m-manylinux_2_12_x86_64) are compatible (run pip debug --verbose to show compatible tags): https://files.pythonhosted.org/packages/66/d7/3c27ff0c4dd3089aefcd19e979eb2fa6d466c302d5a26d2963cc21e78318/kvxopt-1.3.0.2-cp36-cp36m-manylinux_2_12_x86_64.manylinux2010_x86_64.whl (from https://pypi.org/simple/kvxopt/)
2026-07-30T19:03:41,319   Skipping link: none of the wheel's tags (cp36-cp36m-manylinux2014_aarch64, cp36-cp36m-manylinux_2_17_aarch64) are compatible (run pip debug --verbose to show compatible tags): https://files.pythonhosted.org/packages/38/06/aee6204cde95ddc0626073c535695a5732b3190e1c9b448b744a0d3a4dcf/kvxopt-1.3.0.2-cp36-cp36m-manylinux_2_17_aarch64.manylinux2014_aarch64.whl (from https://pypi.org/simple/kvxopt/)
2026-07-30T19:03:41,319   Skipping link: none of the wheel's tags (cp36-cp36m-manylinux2014_x86_64, cp36-cp36m-manylinux_2_17_x86_64) are compatible (run pip debug --verbose to show compatible tags): https://files.pythonhosted.org/packages/40/c7/a5d4826b22fda8a8a0bbf08384cd6de696c437cb8ddc11514f5c0ea36179/kvxopt-1.3.0.2-cp36-cp36m-manylinux_2_17_x86_64.manylinux2014_x86_64.whl (from https://pypi.org/simple/kvxopt/)
2026-07-30T19:03:41,320   Skipping link: none of the wheel's tags (cp36-cp36m-win32) are compatible (run pip debug --verbose to show compatible tags): https://files.pythonhosted.org/packages/9f/85/9b87d117edd0a5d29b6f1c00222e4e01ca417d6cd2bac7ce87e1cdba5803/kvxopt-1.3.0.2-cp36-cp36m-win32.whl (from https://pypi.org/simple/kvxopt/)
2026-07-30T19:03:41,320   Skipping link: none of the wheel's tags (cp36-cp36m-win_amd64) are compatible (run pip debug --verbose to show compatible tags): https://files.pythonhosted.org/packages/ee/ad/f04e1a8702f871e0362d81228f4a09cb400e804bddb9a28047ffacbf829a/kvxopt-1.3.0.2-cp36-cp36m-win_amd64.whl (from https://pypi.org/simple/kvxopt/)
2026-07-30T19:03:41,320   Skipping link: none of the wheel's tags (cp37-cp37m-macosx_10_9_x86_64) are compatible (run pip debug --verbose to show compatible tags): https://files.pythonhosted.org/packages/f7/7e/a64f7e5f1dd7a99d52ab2fbd4df8b63208e02ce7cf66a7313c51d56b0c4a/kvxopt-1.3.0.2-cp37-cp37m-macosx_10_9_x86_64.whl (from https://pypi.org/simple/kvxopt/)
2026-07-30T19:03:41,320   Skipping link: none of the wheel's tags (cp37-cp37m-manylinux2010_x86_64, cp37-cp37m-manylinux_2_12_x86_64) are compatible (run pip debug --verbose to show compatible tags): https://files.pythonhosted.org/packages/49/6d/233ff6130c57533c61d38ab15c54a32401a7aa1b1e63699087f2349cd5fd/kvxopt-1.3.0.2-cp37-cp37m-manylinux_2_12_x86_64.manylinux2010_x86_64.whl (from https://pypi.org/simple/kvxopt/)
2026-07-30T19:03:41,320   Skipping link: none of the wheel's tags (cp37-cp37m-manylinux2014_aarch64, cp37-cp37m-manylinux_2_17_aarch64) are compatible (run pip debug --verbose to show compatible tags): https://files.pythonhosted.org/packages/f3/69/6f30a13f6d03fa5ca32f8fe6e8c76bee14f2b87b958be1fd4bc0cdc78915/kvxopt-1.3.0.2-cp37-cp37m-manylinux_2_17_aarch64.manylinux2014_aarch64.whl (from https://pypi.org/simple/kvxopt/)
2026-07-30T19:03:41,320   Skipping link: none of the wheel's tags (cp37-cp37m-manylinux2014_x86_64, cp37-cp37m-manylinux_2_17_x86_64) are compatible (run pip debug --verbose to show compatible tags): https://files.pythonhosted.org/packages/a0/a9/a65dd758b1f2d995ffe39f622b3d607fe4f784e2f8b48c6ea7b6c58ffebe/kvxopt-1.3.0.2-cp37-cp37m-manylinux_2_17_x86_64.manylinux2014_x86_64.whl (from https://pypi.org/simple/kvxopt/)
2026-07-30T19:03:41,320   Skipping link: none of the wheel's tags (cp37-cp37m-win32) are compatible (run pip debug --verbose to show compatible tags): https://files.pythonhosted.org/packages/3d/df/fb4efeb5baec2e9e27642f1419221155d035a57c99f1cc6f2f62be651b3b/kvxopt-1.3.0.2-cp37-cp37m-win32.whl (from https://pypi.org/simple/kvxopt/)
2026-07-30T19:03:41,320   Skipping link: none of the wheel's tags (cp37-cp37m-win_amd64) are compatible (run pip debug --verbose to show compatible tags): https://files.pythonhosted.org/packages/54/10/1badcd44dadacf20a0313875ed1a8dcd4d0887ad7f86dec9be9b6d65fe9b/kvxopt-1.3.0.2-cp37-cp37m-win_amd64.whl (from https://pypi.org/simple/kvxopt/)
2026-07-30T19:03:41,320   Skipping link: none of the wheel's tags (cp38-cp38-macosx_10_9_universal2) are compatible (run pip debug --verbose to show compatible tags): https://files.pythonhosted.org/packages/53/f5/e274f80bd3ab1370d89271461cfdb9bf0b4cec6deadfcd27a888ad71c3d7/kvxopt-1.3.0.2-cp38-cp38-macosx_10_9_universal2.whl (from https://pypi.org/simple/kvxopt/)
2026-07-30T19:03:41,321   Skipping link: none of the wheel's tags (cp38-cp38-macosx_10_9_x86_64) are compatible (run pip debug --verbose to show compatible tags): https://files.pythonhosted.org/packages/3b/4e/93af45b09491158c8c145fda064754f2939d9e907edb45d6b3593aa76b93/kvxopt-1.3.0.2-cp38-cp38-macosx_10_9_x86_64.whl (from https://pypi.org/simple/kvxopt/)
2026-07-30T19:03:41,321   Skipping link: none of the wheel's tags (cp38-cp38-macosx_11_0_arm64) are compatible (run pip debug --verbose to show compatible tags): https://files.pythonhosted.org/packages/b7/60/3090174889c185e2d4561889f945b41ed9352aff5056eab98ca4541d7990/kvxopt-1.3.0.2-cp38-cp38-macosx_11_0_arm64.whl (from https://pypi.org/simple/kvxopt/)
2026-07-30T19:03:41,321   Skipping link: none of the wheel's tags (cp38-cp38-manylinux2010_x86_64, cp38-cp38-manylinux_2_12_x86_64) are compatible (run pip debug --verbose to show compatible tags): https://files.pythonhosted.org/packages/b0/96/5135a37ca86e7c8164770951b62b8b40c5f2c90a6293a40673dc2b023839/kvxopt-1.3.0.2-cp38-cp38-manylinux_2_12_x86_64.manylinux2010_x86_64.whl (from https://pypi.org/simple/kvxopt/)
2026-07-30T19:03:41,321   Skipping link: none of the wheel's tags (cp38-cp38-manylinux2014_aarch64, cp38-cp38-manylinux_2_17_aarch64) are compatible (run pip debug --verbose to show compatible tags): https://files.pythonhosted.org/packages/08/58/e76e8ece5f40cf6b2d82d914b5b938f4bb00aa096a4dc02c2728433657f3/kvxopt-1.3.0.2-cp38-cp38-manylinux_2_17_aarch64.manylinux2014_aarch64.whl (from https://pypi.org/simple/kvxopt/)
2026-07-30T19:03:41,321   Skipping link: none of the wheel's tags (cp38-cp38-manylinux2014_x86_64, cp38-cp38-manylinux_2_17_x86_64) are compatible (run pip debug --verbose to show compatible tags): https://files.pythonhosted.org/packages/54/31/8eba3d6b7ca50437fb2b667e459022d9e763af85aa3ae6d5f8105269e96c/kvxopt-1.3.0.2-cp38-cp38-manylinux_2_17_x86_64.manylinux2014_x86_64.whl (from https://pypi.org/simple/kvxopt/)
2026-07-30T19:03:41,321   Skipping link: none of the wheel's tags (cp38-cp38-win32) are compatible (run pip debug --verbose to show compatible tags): https://files.pythonhosted.org/packages/6e/52/7a20208ae1516f17fdb47ee91c485cda6b472ac55c34b01b1195c95ed38a/kvxopt-1.3.0.2-cp38-cp38-win32.whl (from https://pypi.org/simple/kvxopt/)
2026-07-30T19:03:41,321   Skipping link: none of the wheel's tags (cp38-cp38-win_amd64) are compatible (run pip debug --verbose to show compatible tags): https://files.pythonhosted.org/packages/51/98/7339454d5a41dc8c4329b543f89fc598f0d4f5e99a69521a1ec4f0a7f6bc/kvxopt-1.3.0.2-cp38-cp38-win_amd64.whl (from https://pypi.org/simple/kvxopt/)
2026-07-30T19:03:41,321   Skipping link: none of the wheel's tags (cp39-cp39-macosx_10_9_universal2) are compatible (run pip debug --verbose to show compatible tags): https://files.pythonhosted.org/packages/ca/7a/05c7c626abc66da0c3daf3fd34c964ed9638ba45f9a4dea59fac4e06ef88/kvxopt-1.3.0.2-cp39-cp39-macosx_10_9_universal2.whl (from https://pypi.org/simple/kvxopt/)
2026-07-30T19:03:41,321   Skipping link: none of the wheel's tags (cp39-cp39-macosx_10_9_x86_64) are compatible (run pip debug --verbose to show compatible tags): https://files.pythonhosted.org/packages/b6/44/0d7a45b88b05cebb1dcdda7339f40a62dcb58dec08d2445108df82da7697/kvxopt-1.3.0.2-cp39-cp39-macosx_10_9_x86_64.whl (from https://pypi.org/simple/kvxopt/)
2026-07-30T19:03:41,322   Skipping link: none of the wheel's tags (cp39-cp39-macosx_11_0_arm64) are compatible (run pip debug --verbose to show compatible tags): https://files.pythonhosted.org/packages/1d/70/d63317c2eb91d3b265c60a4781e9c2625d7a0b56bcf60214043c01c51157/kvxopt-1.3.0.2-cp39-cp39-macosx_11_0_arm64.whl (from https://pypi.org/simple/kvxopt/)
2026-07-30T19:03:41,322   Skipping link: none of the wheel's tags (cp39-cp39-manylinux2010_x86_64, cp39-cp39-manylinux_2_12_x86_64) are compatible (run pip debug --verbose to show compatible tags): https://files.pythonhosted.org/packages/69/f3/d6c8cc34467c39503d96478c0da96969291f444a09cb08f5064ae4285cda/kvxopt-1.3.0.2-cp39-cp39-manylinux_2_12_x86_64.manylinux2010_x86_64.whl (from https://pypi.org/simple/kvxopt/)
2026-07-30T19:03:41,322   Skipping link: none of the wheel's tags (cp39-cp39-manylinux2014_aarch64, cp39-cp39-manylinux_2_17_aarch64) are compatible (run pip debug --verbose to show compatible tags): https://files.pythonhosted.org/packages/8e/49/e770426a9c8b6d3c9526fba810ade74baa6e7a7f76eb6bf67ada5837883f/kvxopt-1.3.0.2-cp39-cp39-manylinux_2_17_aarch64.manylinux2014_aarch64.whl (from https://pypi.org/simple/kvxopt/)
2026-07-30T19:03:41,322   Skipping link: none of the wheel's tags (cp39-cp39-manylinux2014_x86_64, cp39-cp39-manylinux_2_17_x86_64) are compatible (run pip debug --verbose to show compatible tags): https://files.pythonhosted.org/packages/10/ba/7fb0882ebaaaaf6c6e90bdb06b89d2347d65349e3afe7f3e36fa38b9ddca/kvxopt-1.3.0.2-cp39-cp39-manylinux_2_17_x86_64.manylinux2014_x86_64.whl (from https://pypi.org/simple/kvxopt/)
2026-07-30T19:03:41,322   Skipping link: none of the wheel's tags (cp39-cp39-win32) are compatible (run pip debug --verbose to show compatible tags): https://files.pythonhosted.org/packages/5d/9e/410c06f00a20f7ec69db2935b164181122b5a824678b531f79ed12d52d45/kvxopt-1.3.0.2-cp39-cp39-win32.whl (from https://pypi.org/simple/kvxopt/)
2026-07-30T19:03:41,322   Skipping link: none of the wheel's tags (cp39-cp39-win_amd64) are compatible (run pip debug --verbose to show compatible tags): https://files.pythonhosted.org/packages/d6/42/15c071769acda561bf366a17164e7b0a5a15702f0b2f6a2e72af9c67fc7d/kvxopt-1.3.0.2-cp39-cp39-win_amd64.whl (from https://pypi.org/simple/kvxopt/)
2026-07-30T19:03:41,322   Found link https://files.pythonhosted.org/packages/34/1b/62c956bfe41ca81c4589a8bad54becd384220a8be426cebec8b39134398a/kvxopt-1.3.0.2.tar.gz (from https://pypi.org/simple/kvxopt/), version: 1.3.0.2
2026-07-30T19:03:41,322   Skipping link: none of the wheel's tags (cp310-cp310-macosx_10_9_universal2) are compatible (run pip debug --verbose to show compatible tags): https://files.pythonhosted.org/packages/3f/66/d07697726507009de71916b64fe96832d8d693acfbce3d0258e5b9f2cbcb/kvxopt-1.3.0.3-cp310-cp310-macosx_10_9_universal2.whl (from https://pypi.org/simple/kvxopt/)
2026-07-30T19:03:41,323   Skipping link: none of the wheel's tags (cp310-cp310-macosx_10_9_x86_64) are compatible (run pip debug --verbose to show compatible tags): https://files.pythonhosted.org/packages/ae/ef/b7db166390cfe11f3d9fc3a378abbf7e19c6aa0ff41fdd9f336c5056d4c2/kvxopt-1.3.0.3-cp310-cp310-macosx_10_9_x86_64.whl (from https://pypi.org/simple/kvxopt/)
2026-07-30T19:03:41,323   Skipping link: none of the wheel's tags (cp310-cp310-macosx_11_0_arm64) are compatible (run pip debug --verbose to show compatible tags): https://files.pythonhosted.org/packages/3e/fd/3bdd8763f7a91e13e82f5513137496a32431fa5d53381ec41271c01f1941/kvxopt-1.3.0.3-cp310-cp310-macosx_11_0_arm64.whl (from https://pypi.org/simple/kvxopt/)
2026-07-30T19:03:41,323   Skipping link: none of the wheel's tags (cp310-cp310-manylinux2010_x86_64, cp310-cp310-manylinux_2_12_x86_64) are compatible (run pip debug --verbose to show compatible tags): https://files.pythonhosted.org/packages/d4/f7/45428bfee523d3cec0b77abe0ec01d481fba8cf15ea3a8960ea08cf1d538/kvxopt-1.3.0.3-cp310-cp310-manylinux_2_12_x86_64.manylinux2010_x86_64.whl (from https://pypi.org/simple/kvxopt/)
2026-07-30T19:03:41,323   Skipping link: none of the wheel's tags (cp310-cp310-manylinux2014_aarch64, cp310-cp310-manylinux_2_17_aarch64) are compatible (run pip debug --verbose to show compatible tags): https://files.pythonhosted.org/packages/e6/e5/ddda8ff300db668906874ce5334b663bf312a96ac57d392adc2a1b989b0e/kvxopt-1.3.0.3-cp310-cp310-manylinux_2_17_aarch64.manylinux2014_aarch64.whl (from https://pypi.org/simple/kvxopt/)
2026-07-30T19:03:41,323   Skipping link: none of the wheel's tags (cp310-cp310-manylinux2014_x86_64, cp310-cp310-manylinux_2_17_x86_64) are compatible (run pip debug --verbose to show compatible tags): https://files.pythonhosted.org/packages/3b/21/0a1f0bf27d10fe19095fac6ee38a549b499842f7995af827b8bd8ccdb4f8/kvxopt-1.3.0.3-cp310-cp310-manylinux_2_17_x86_64.manylinux2014_x86_64.whl (from https://pypi.org/simple/kvxopt/)
2026-07-30T19:03:41,323   Skipping link: none of the wheel's tags (cp310-cp310-win32) are compatible (run pip debug --verbose to show compatible tags): https://files.pythonhosted.org/packages/8b/f4/1b77a1220e9525baaaa79d72bc8422b9712cfa83a53bdecc53054ea8a836/kvxopt-1.3.0.3-cp310-cp310-win32.whl (from https://pypi.org/simple/kvxopt/)
2026-07-30T19:03:41,323   Skipping link: none of the wheel's tags (cp310-cp310-win_amd64) are compatible (run pip debug --verbose to show compatible tags): https://files.pythonhosted.org/packages/45/22/fee55ef55bcc8bc52dae5149e4adcbc10fc8ea5e6572546b4a7bdc22722e/kvxopt-1.3.0.3-cp310-cp310-win_amd64.whl (from https://pypi.org/simple/kvxopt/)
2026-07-30T19:03:41,324   Skipping link: none of the wheel's tags (cp311-cp311-macosx_10_9_x86_64) are compatible (run pip debug --verbose to show compatible tags): https://files.pythonhosted.org/packages/ff/2c/5ac8abe5b0d580572051b705e63651037875590e9bfcee4d5b87fea41ee4/kvxopt-1.3.0.3-cp311-cp311-macosx_10_9_x86_64.whl (from https://pypi.org/simple/kvxopt/)
2026-07-30T19:03:41,324   Skipping link: none of the wheel's tags (cp311-cp311-macosx_11_0_arm64) are compatible (run pip debug --verbose to show compatible tags): https://files.pythonhosted.org/packages/ca/e0/a4f32d126418477a36ec9e94b962b7d3a625f2a35157d0ccb354d2998325/kvxopt-1.3.0.3-cp311-cp311-macosx_11_0_arm64.whl (from https://pypi.org/simple/kvxopt/)
2026-07-30T19:03:41,324   Skipping link: none of the wheel's tags (cp311-cp311-manylinux2014_aarch64, cp311-cp311-manylinux_2_17_aarch64) are compatible (run pip debug --verbose to show compatible tags): https://files.pythonhosted.org/packages/0a/d1/5f2675373c42674ef15ad550238671abad362bd40522714838bf68d7a626/kvxopt-1.3.0.3-cp311-cp311-manylinux_2_17_aarch64.manylinux2014_aarch64.whl (from https://pypi.org/simple/kvxopt/)
2026-07-30T19:03:41,324   Skipping link: none of the wheel's tags (cp311-cp311-manylinux2014_x86_64, cp311-cp311-manylinux_2_17_x86_64) are compatible (run pip debug --verbose to show compatible tags): https://files.pythonhosted.org/packages/2d/ab/32c574f6aa0484fd2d6623f793f72a033075cb9b1c0fec3e7226fa6e0799/kvxopt-1.3.0.3-cp311-cp311-manylinux_2_17_x86_64.manylinux2014_x86_64.whl (from https://pypi.org/simple/kvxopt/)
2026-07-30T19:03:41,324   Skipping link: none of the wheel's tags (cp311-cp311-win32) are compatible (run pip debug --verbose to show compatible tags): https://files.pythonhosted.org/packages/0d/6f/873943acf87856e0d0ae073485fd3d8d90f9618e7d22ed523c636325b7ec/kvxopt-1.3.0.3-cp311-cp311-win32.whl (from https://pypi.org/simple/kvxopt/)
2026-07-30T19:03:41,324   Found link https://files.pythonhosted.org/packages/0e/6a/e6f4fa0bea25c802b45234fde9f7c4afa3d37a051f2230e9ef4485f380c0/kvxopt-1.3.0.3-cp311-cp311-win_amd64.whl (from https://pypi.org/simple/kvxopt/), version: 1.3.0.3
2026-07-30T19:03:41,325   Skipping link: none of the wheel's tags (cp36-cp36m-macosx_10_9_x86_64) are compatible (run pip debug --verbose to show compatible tags): https://files.pythonhosted.org/packages/aa/7f/8441999b1ed9abdc371ab9d66233623769f9f9e50b147810d338530c9c9f/kvxopt-1.3.0.3-cp36-cp36m-macosx_10_9_x86_64.whl (from https://pypi.org/simple/kvxopt/)
2026-07-30T19:03:41,325   Skipping link: none of the wheel's tags (cp36-cp36m-macosx_11_0_arm64) are compatible (run pip debug --verbose to show compatible tags): https://files.pythonhosted.org/packages/6c/18/7fa8052645ab5eb611910a05d2b7fb61b94938c5278ae41ccf8a1352e264/kvxopt-1.3.0.3-cp36-cp36m-macosx_11_0_arm64.whl (from https://pypi.org/simple/kvxopt/)
2026-07-30T19:03:41,325   Skipping link: none of the wheel's tags (cp36-cp36m-manylinux2010_x86_64, cp36-cp36m-manylinux_2_12_x86_64) are compatible (run pip debug --verbose to show compatible tags): https://files.pythonhosted.org/packages/10/88/8bcce83ba5047ed20e418d1046e18828ac277fa3a724d2eeee40cc7944b5/kvxopt-1.3.0.3-cp36-cp36m-manylinux_2_12_x86_64.manylinux2010_x86_64.whl (from https://pypi.org/simple/kvxopt/)
2026-07-30T19:03:41,325   Skipping link: none of the wheel's tags (cp36-cp36m-manylinux2014_aarch64, cp36-cp36m-manylinux_2_17_aarch64) are compatible (run pip debug --verbose to show compatible tags): https://files.pythonhosted.org/packages/be/fd/084db2415ef1a9ce5df4b1e58ea7b375b285c5bcb63530133f96f92b2d4e/kvxopt-1.3.0.3-cp36-cp36m-manylinux_2_17_aarch64.manylinux2014_aarch64.whl (from https://pypi.org/simple/kvxopt/)
2026-07-30T19:03:41,325   Skipping link: none of the wheel's tags (cp36-cp36m-manylinux2014_x86_64, cp36-cp36m-manylinux_2_17_x86_64) are compatible (run pip debug --verbose to show compatible tags): https://files.pythonhosted.org/packages/c5/ee/072162263ee340e15ee4eafffa182e6c01ce24c8309a434f50282761fca9/kvxopt-1.3.0.3-cp36-cp36m-manylinux_2_17_x86_64.manylinux2014_x86_64.whl (from https://pypi.org/simple/kvxopt/)
2026-07-30T19:03:41,326   Skipping link: none of the wheel's tags (cp36-cp36m-win32) are compatible (run pip debug --verbose to show compatible tags): https://files.pythonhosted.org/packages/13/76/0b05281165b1619407f7463db66dddac82eec1ef92a06eba13699ce8780b/kvxopt-1.3.0.3-cp36-cp36m-win32.whl (from https://pypi.org/simple/kvxopt/)
2026-07-30T19:03:41,326   Skipping link: none of the wheel's tags (cp36-cp36m-win_amd64) are compatible (run pip debug --verbose to show compatible tags): https://files.pythonhosted.org/packages/19/10/d6e9e5464ac5d0cec36d0d9c4470ae927733e47ec9c94a88c51d745d585f/kvxopt-1.3.0.3-cp36-cp36m-win_amd64.whl (from https://pypi.org/simple/kvxopt/)
2026-07-30T19:03:41,326   Skipping link: none of the wheel's tags (cp37-cp37m-macosx_10_9_x86_64) are compatible (run pip debug --verbose to show compatible tags): https://files.pythonhosted.org/packages/b7/23/7ec5d6c5eb82070b16dadec030e02c4753933571229489bc6e4eee63d175/kvxopt-1.3.0.3-cp37-cp37m-macosx_10_9_x86_64.whl (from https://pypi.org/simple/kvxopt/)
2026-07-30T19:03:41,326   Skipping link: none of the wheel's tags (cp37-cp37m-macosx_11_0_arm64) are compatible (run pip debug --verbose to show compatible tags): https://files.pythonhosted.org/packages/a7/eb/d66e9d0a172e7b0696114057221ac29d4de21daf0c4493064d6164b1bb8d/kvxopt-1.3.0.3-cp37-cp37m-macosx_11_0_arm64.whl (from https://pypi.org/simple/kvxopt/)
2026-07-30T19:03:41,326   Skipping link: none of the wheel's tags (cp37-cp37m-manylinux2010_x86_64, cp37-cp37m-manylinux_2_12_x86_64) are compatible (run pip debug --verbose to show compatible tags): https://files.pythonhosted.org/packages/87/cd/1ae41edd42e3d90eeef586844927994f9ad5b0911e57c2d3d8434dec6617/kvxopt-1.3.0.3-cp37-cp37m-manylinux_2_12_x86_64.manylinux2010_x86_64.whl (from https://pypi.org/simple/kvxopt/)
2026-07-30T19:03:41,326   Skipping link: none of the wheel's tags (cp37-cp37m-manylinux2014_aarch64, cp37-cp37m-manylinux_2_17_aarch64) are compatible (run pip debug --verbose to show compatible tags): https://files.pythonhosted.org/packages/43/1f/6e5786b97bdcf9e8c1e9af830236efd1e338bfdd296d74f9886fbd934d06/kvxopt-1.3.0.3-cp37-cp37m-manylinux_2_17_aarch64.manylinux2014_aarch64.whl (from https://pypi.org/simple/kvxopt/)
2026-07-30T19:03:41,327   Skipping link: none of the wheel's tags (cp37-cp37m-manylinux2014_x86_64, cp37-cp37m-manylinux_2_17_x86_64) are compatible (run pip debug --verbose to show compatible tags): https://files.pythonhosted.org/packages/08/ba/2849b31bfebb57afa35fab58036d5b33398b68c2607123111a9d8a12de82/kvxopt-1.3.0.3-cp37-cp37m-manylinux_2_17_x86_64.manylinux2014_x86_64.whl (from https://pypi.org/simple/kvxopt/)
2026-07-30T19:03:41,327   Skipping link: none of the wheel's tags (cp37-cp37m-win32) are compatible (run pip debug --verbose to show compatible tags): https://files.pythonhosted.org/packages/43/0f/3d9e7ebe583ef18fd4b9d62d948b25594c189cb16bb01d00e426ee078992/kvxopt-1.3.0.3-cp37-cp37m-win32.whl (from https://pypi.org/simple/kvxopt/)
2026-07-30T19:03:41,327   Skipping link: none of the wheel's tags (cp37-cp37m-win_amd64) are compatible (run pip debug --verbose to show compatible tags): https://files.pythonhosted.org/packages/2a/b3/8180290d0585cab3514df7ada3440c4ee20142b5b310c970f7e2f8ed567c/kvxopt-1.3.0.3-cp37-cp37m-win_amd64.whl (from https://pypi.org/simple/kvxopt/)
2026-07-30T19:03:41,327   Skipping link: none of the wheel's tags (cp38-cp38-macosx_10_9_universal2) are compatible (run pip debug --verbose to show compatible tags): https://files.pythonhosted.org/packages/9d/eb/392b340e0382e7110e3cb801eef6357906f9968f6fc480bdbe07fd735d07/kvxopt-1.3.0.3-cp38-cp38-macosx_10_9_universal2.whl (from https://pypi.org/simple/kvxopt/)
2026-07-30T19:03:41,327   Skipping link: none of the wheel's tags (cp38-cp38-macosx_10_9_x86_64) are compatible (run pip debug --verbose to show compatible tags): https://files.pythonhosted.org/packages/75/5c/0eeaac5c28599e49223c75e21ca0a098d121e2b18375194211bc8fadd0ab/kvxopt-1.3.0.3-cp38-cp38-macosx_10_9_x86_64.whl (from https://pypi.org/simple/kvxopt/)
2026-07-30T19:03:41,327   Skipping link: none of the wheel's tags (cp38-cp38-macosx_11_0_arm64) are compatible (run pip debug --verbose to show compatible tags): https://files.pythonhosted.org/packages/f0/b4/3526d5c7bf6a2fc7081053200ff5daa9e747ba9a899f62bd3ca603d2590f/kvxopt-1.3.0.3-cp38-cp38-macosx_11_0_arm64.whl (from https://pypi.org/simple/kvxopt/)
2026-07-30T19:03:41,327   Skipping link: none of the wheel's tags (cp38-cp38-manylinux2010_x86_64, cp38-cp38-manylinux_2_12_x86_64) are compatible (run pip debug --verbose to show compatible tags): https://files.pythonhosted.org/packages/32/65/9f5244fc7e7674c238d9f52d88df02f17f3504d645a73aadf339ef8fb0df/kvxopt-1.3.0.3-cp38-cp38-manylinux_2_12_x86_64.manylinux2010_x86_64.whl (from https://pypi.org/simple/kvxopt/)
2026-07-30T19:03:41,327   Skipping link: none of the wheel's tags (cp38-cp38-manylinux2014_aarch64, cp38-cp38-manylinux_2_17_aarch64) are compatible (run pip debug --verbose to show compatible tags): https://files.pythonhosted.org/packages/0d/8f/22b5f69cff626f70c5046c6b302d19196a8d01e91cf195ca87119f6e20d9/kvxopt-1.3.0.3-cp38-cp38-manylinux_2_17_aarch64.manylinux2014_aarch64.whl (from https://pypi.org/simple/kvxopt/)
2026-07-30T19:03:41,328   Skipping link: none of the wheel's tags (cp38-cp38-manylinux2014_x86_64, cp38-cp38-manylinux_2_17_x86_64) are compatible (run pip debug --verbose to show compatible tags): https://files.pythonhosted.org/packages/5f/3b/47a5d5d44f84f758897f7057d1f14ca307e8551c741aadb13b87d8222425/kvxopt-1.3.0.3-cp38-cp38-manylinux_2_17_x86_64.manylinux2014_x86_64.whl (from https://pypi.org/simple/kvxopt/)
2026-07-30T19:03:41,328   Skipping link: none of the wheel's tags (cp38-cp38-win32) are compatible (run pip debug --verbose to show compatible tags): https://files.pythonhosted.org/packages/29/10/db647f4d66a71fa002469a56c4e1fd5ff1ce769ce648130c8bb03362d6f2/kvxopt-1.3.0.3-cp38-cp38-win32.whl (from https://pypi.org/simple/kvxopt/)
2026-07-30T19:03:41,328   Skipping link: none of the wheel's tags (cp38-cp38-win_amd64) are compatible (run pip debug --verbose to show compatible tags): https://files.pythonhosted.org/packages/c6/a0/9d7b58bd85428bfaebc0b96661a6faef773ce1c9af26be4ea6a224b50726/kvxopt-1.3.0.3-cp38-cp38-win_amd64.whl (from https://pypi.org/simple/kvxopt/)
2026-07-30T19:03:41,328   Skipping link: none of the wheel's tags (cp39-cp39-macosx_10_9_universal2) are compatible (run pip debug --verbose to show compatible tags): https://files.pythonhosted.org/packages/33/e3/475a5605bf22c1adfebe00d2f98bb77ec7d37b81be634d381e0b4d7d6521/kvxopt-1.3.0.3-cp39-cp39-macosx_10_9_universal2.whl (from https://pypi.org/simple/kvxopt/)
2026-07-30T19:03:41,328   Skipping link: none of the wheel's tags (cp39-cp39-macosx_10_9_x86_64) are compatible (run pip debug --verbose to show compatible tags): https://files.pythonhosted.org/packages/a4/da/cd17bbaf0df6dc958d9caee5ac9652564befcf0136ac73ac53298389939d/kvxopt-1.3.0.3-cp39-cp39-macosx_10_9_x86_64.whl (from https://pypi.org/simple/kvxopt/)
2026-07-30T19:03:41,328   Skipping link: none of the wheel's tags (cp39-cp39-macosx_11_0_arm64) are compatible (run pip debug --verbose to show compatible tags): https://files.pythonhosted.org/packages/f3/9a/eafe4385c3173364c5fd9cde6fdea91239ceccf0fd2bb69cfffce48e90fd/kvxopt-1.3.0.3-cp39-cp39-macosx_11_0_arm64.whl (from https://pypi.org/simple/kvxopt/)
2026-07-30T19:03:41,329   Skipping link: none of the wheel's tags (cp39-cp39-manylinux2010_x86_64, cp39-cp39-manylinux_2_12_x86_64) are compatible (run pip debug --verbose to show compatible tags): https://files.pythonhosted.org/packages/7e/d9/4eda8bc24710b876dcb6627f3030d04a57c5cbc5d4a5c799ba6483c5a793/kvxopt-1.3.0.3-cp39-cp39-manylinux_2_12_x86_64.manylinux2010_x86_64.whl (from https://pypi.org/simple/kvxopt/)
2026-07-30T19:03:41,330   Skipping link: none of the wheel's tags (cp39-cp39-manylinux2014_aarch64, cp39-cp39-manylinux_2_17_aarch64) are compatible (run pip debug --verbose to show compatible tags): https://files.pythonhosted.org/packages/66/b2/771aa49619ad7c843a4e962036355db75866466d4cf920f6874f4b4119c9/kvxopt-1.3.0.3-cp39-cp39-manylinux_2_17_aarch64.manylinux2014_aarch64.whl (from https://pypi.org/simple/kvxopt/)
2026-07-30T19:03:41,330   Skipping link: none of the wheel's tags (cp39-cp39-manylinux2014_x86_64, cp39-cp39-manylinux_2_17_x86_64) are compatible (run pip debug --verbose to show compatible tags): https://files.pythonhosted.org/packages/27/73/4b62903839f23649332db6cab04b79e079c0c329b7f60f16d5c4786fbf67/kvxopt-1.3.0.3-cp39-cp39-manylinux_2_17_x86_64.manylinux2014_x86_64.whl (from https://pypi.org/simple/kvxopt/)
2026-07-30T19:03:41,330   Skipping link: none of the wheel's tags (cp39-cp39-win32) are compatible (run pip debug --verbose to show compatible tags): https://files.pythonhosted.org/packages/b2/83/bb17677f945e4865ac5c5cecd5143e12df688e63d78eefe3e8fea6f1f9dd/kvxopt-1.3.0.3-cp39-cp39-win32.whl (from https://pypi.org/simple/kvxopt/)
2026-07-30T19:03:41,330   Skipping link: none of the wheel's tags (cp39-cp39-win_amd64) are compatible (run pip debug --verbose to show compatible tags): https://files.pythonhosted.org/packages/2f/f3/e8611624d5a2ca7d662cc5ad57754773334c664983189627b12a5945decd/kvxopt-1.3.0.3-cp39-cp39-win_amd64.whl (from https://pypi.org/simple/kvxopt/)
2026-07-30T19:03:41,330   Found link https://files.pythonhosted.org/packages/9c/96/9ff265f823b673dcc3bfdf0b72aa1f5892e8d86a8172b17391092aaf337c/kvxopt-1.3.0.3.tar.gz (from https://pypi.org/simple/kvxopt/), version: 1.3.0.3
2026-07-30T19:03:41,330   Skipping link: none of the wheel's tags (cp310-cp310-macosx_10_9_x86_64) are compatible (run pip debug --verbose to show compatible tags): https://files.pythonhosted.org/packages/79/a6/f54a78d64985f0785a5c792a14ebb11b79be044941a1bcd57c0e1ac3828c/kvxopt-1.3.2.0-cp310-cp310-macosx_10_9_x86_64.whl (from https://pypi.org/simple/kvxopt/) (requires-python:>=3.5, !=3.0.*, !=3.1.*, !=3.2.*, !=3.3.*, !=3.4.*)
2026-07-30T19:03:41,330   Skipping link: none of the wheel's tags (cp310-cp310-macosx_11_0_arm64) are compatible (run pip debug --verbose to show compatible tags): https://files.pythonhosted.org/packages/c4/c0/eea2bd1cfcdb2f441241777a441f4f8ddd4442e9eac091726eba6cfee92c/kvxopt-1.3.2.0-cp310-cp310-macosx_11_0_arm64.whl (from https://pypi.org/simple/kvxopt/) (requires-python:>=3.5, !=3.0.*, !=3.1.*, !=3.2.*, !=3.3.*, !=3.4.*)
2026-07-30T19:03:41,330   Skipping link: none of the wheel's tags (cp310-cp310-manylinux2014_aarch64, cp310-cp310-manylinux_2_17_aarch64) are compatible (run pip debug --verbose to show compatible tags): https://files.pythonhosted.org/packages/a3/a3/cea113f693d0c4789273626e13019435d46086455e9d8ef3675ad1da5670/kvxopt-1.3.2.0-cp310-cp310-manylinux_2_17_aarch64.manylinux2014_aarch64.whl (from https://pypi.org/simple/kvxopt/) (requires-python:>=3.5, !=3.0.*, !=3.1.*, !=3.2.*, !=3.3.*, !=3.4.*)
2026-07-30T19:03:41,330   Skipping link: none of the wheel's tags (cp310-cp310-manylinux2014_x86_64, cp310-cp310-manylinux_2_17_x86_64) are compatible (run pip debug --verbose to show compatible tags): https://files.pythonhosted.org/packages/c7/54/726157bba97c5275d8b5cb39af0dbccc807588a42cf0cb9ca64eacfc020f/kvxopt-1.3.2.0-cp310-cp310-manylinux_2_17_x86_64.manylinux2014_x86_64.whl (from https://pypi.org/simple/kvxopt/) (requires-python:>=3.5, !=3.0.*, !=3.1.*, !=3.2.*, !=3.3.*, !=3.4.*)
2026-07-30T19:03:41,330   Skipping link: none of the wheel's tags (cp310-cp310-win32) are compatible (run pip debug --verbose to show compatible tags): https://files.pythonhosted.org/packages/74/27/f302633d058dcede625d44a63ce13c4dc0e8e4a9f3e02070311967286807/kvxopt-1.3.2.0-cp310-cp310-win32.whl (from https://pypi.org/simple/kvxopt/) (requires-python:>=3.5, !=3.0.*, !=3.1.*, !=3.2.*, !=3.3.*, !=3.4.*)
2026-07-30T19:03:41,330   Skipping link: none of the wheel's tags (cp310-cp310-win_amd64) are compatible (run pip debug --verbose to show compatible tags): https://files.pythonhosted.org/packages/4e/35/5adbc4c4c90972e9e72a1f3319ba7e58986f87cb70bc04a6d301a16dec9c/kvxopt-1.3.2.0-cp310-cp310-win_amd64.whl (from https://pypi.org/simple/kvxopt/) (requires-python:>=3.5, !=3.0.*, !=3.1.*, !=3.2.*, !=3.3.*, !=3.4.*)
2026-07-30T19:03:41,330   Skipping link: none of the wheel's tags (cp311-cp311-macosx_10_9_x86_64) are compatible (run pip debug --verbose to show compatible tags): https://files.pythonhosted.org/packages/6a/c8/3afb21bb90d9dff78b548e9369edb9a8577a7afc121c95175f712440cffb/kvxopt-1.3.2.0-cp311-cp311-macosx_10_9_x86_64.whl (from https://pypi.org/simple/kvxopt/) (requires-python:>=3.5, !=3.0.*, !=3.1.*, !=3.2.*, !=3.3.*, !=3.4.*)
2026-07-30T19:03:41,330   Skipping link: none of the wheel's tags (cp311-cp311-macosx_11_0_arm64) are compatible (run pip debug --verbose to show compatible tags): https://files.pythonhosted.org/packages/c9/d5/8729bfc81db3c462d2994739d32ff0ed7cd92e7783ad8f08e0400f17c599/kvxopt-1.3.2.0-cp311-cp311-macosx_11_0_arm64.whl (from https://pypi.org/simple/kvxopt/) (requires-python:>=3.5, !=3.0.*, !=3.1.*, !=3.2.*, !=3.3.*, !=3.4.*)
2026-07-30T19:03:41,330   Skipping link: none of the wheel's tags (cp311-cp311-manylinux2014_aarch64, cp311-cp311-manylinux_2_17_aarch64) are compatible (run pip debug --verbose to show compatible tags): https://files.pythonhosted.org/packages/e0/43/c9c80b65023b8712fc08d8269ae75c0ef577fb96bc8034dfc473bbb87173/kvxopt-1.3.2.0-cp311-cp311-manylinux_2_17_aarch64.manylinux2014_aarch64.whl (from https://pypi.org/simple/kvxopt/) (requires-python:>=3.5, !=3.0.*, !=3.1.*, !=3.2.*, !=3.3.*, !=3.4.*)
2026-07-30T19:03:41,330   Skipping link: none of the wheel's tags (cp311-cp311-manylinux2014_x86_64, cp311-cp311-manylinux_2_17_x86_64) are compatible (run pip debug --verbose to show compatible tags): https://files.pythonhosted.org/packages/41/e7/e0e58e227555082ac0e57ecd3d27d70200c6bfc882f28f08cc6f750e2556/kvxopt-1.3.2.0-cp311-cp311-manylinux_2_17_x86_64.manylinux2014_x86_64.whl (from https://pypi.org/simple/kvxopt/) (requires-python:>=3.5, !=3.0.*, !=3.1.*, !=3.2.*, !=3.3.*, !=3.4.*)
2026-07-30T19:03:41,330   Skipping link: none of the wheel's tags (cp311-cp311-win32) are compatible (run pip debug --verbose to show compatible tags): https://files.pythonhosted.org/packages/ad/bb/80805fbf6f7550f43a3057ff52c99c93e5464bcd5de1a1813ccc23ed9c07/kvxopt-1.3.2.0-cp311-cp311-win32.whl (from https://pypi.org/simple/kvxopt/) (requires-python:>=3.5, !=3.0.*, !=3.1.*, !=3.2.*, !=3.3.*, !=3.4.*)
2026-07-30T19:03:41,330   Found link https://files.pythonhosted.org/packages/e5/d9/2294c475679ed6466750cfdb219f4938ddf6e9cabec8d4ce54d2ea1a6b7b/kvxopt-1.3.2.0-cp311-cp311-win_amd64.whl (from https://pypi.org/simple/kvxopt/) (requires-python:>=3.5, !=3.0.*, !=3.1.*, !=3.2.*, !=3.3.*, !=3.4.*), version: 1.3.2.0
2026-07-30T19:03:41,330   Skipping link: none of the wheel's tags (cp38-cp38-macosx_10_9_x86_64) are compatible (run pip debug --verbose to show compatible tags): https://files.pythonhosted.org/packages/0a/77/aaf33271ea22e2f36f971baa0be4868acb47f846e9cb7d5321c7a8c2cd92/kvxopt-1.3.2.0-cp38-cp38-macosx_10_9_x86_64.whl (from https://pypi.org/simple/kvxopt/) (requires-python:>=3.5, !=3.0.*, !=3.1.*, !=3.2.*, !=3.3.*, !=3.4.*)
2026-07-30T19:03:41,330   Skipping link: none of the wheel's tags (cp38-cp38-macosx_11_0_arm64) are compatible (run pip debug --verbose to show compatible tags): https://files.pythonhosted.org/packages/36/01/78a048b75dac2d720b0f955ce458513f8050e17585af6974f2a4531915e6/kvxopt-1.3.2.0-cp38-cp38-macosx_11_0_arm64.whl (from https://pypi.org/simple/kvxopt/) (requires-python:>=3.5, !=3.0.*, !=3.1.*, !=3.2.*, !=3.3.*, !=3.4.*)
2026-07-30T19:03:41,330   Skipping link: none of the wheel's tags (cp38-cp38-manylinux2014_aarch64, cp38-cp38-manylinux_2_17_aarch64) are compatible (run pip debug --verbose to show compatible tags): https://files.pythonhosted.org/packages/40/1c/27f17e1102aa6c15eba7eeaa4cc9950c455ce43b5591f1eb453e365b6de1/kvxopt-1.3.2.0-cp38-cp38-manylinux_2_17_aarch64.manylinux2014_aarch64.whl (from https://pypi.org/simple/kvxopt/) (requires-python:>=3.5, !=3.0.*, !=3.1.*, !=3.2.*, !=3.3.*, !=3.4.*)
2026-07-30T19:03:41,330   Skipping link: none of the wheel's tags (cp38-cp38-manylinux2014_x86_64, cp38-cp38-manylinux_2_17_x86_64) are compatible (run pip debug --verbose to show compatible tags): https://files.pythonhosted.org/packages/52/e5/b3e0883217a625521286909ecdfa46c02687efbd99ca4684df451db5d894/kvxopt-1.3.2.0-cp38-cp38-manylinux_2_17_x86_64.manylinux2014_x86_64.whl (from https://pypi.org/simple/kvxopt/) (requires-python:>=3.5, !=3.0.*, !=3.1.*, !=3.2.*, !=3.3.*, !=3.4.*)
2026-07-30T19:03:41,330   Skipping link: none of the wheel's tags (cp38-cp38-win32) are compatible (run pip debug --verbose to show compatible tags): https://files.pythonhosted.org/packages/07/bd/5feddc8b0f8e4b611e7f38a74f461fbea0b75d7ada5abffaddf9f38c09bf/kvxopt-1.3.2.0-cp38-cp38-win32.whl (from https://pypi.org/simple/kvxopt/) (requires-python:>=3.5, !=3.0.*, !=3.1.*, !=3.2.*, !=3.3.*, !=3.4.*)
2026-07-30T19:03:41,330   Skipping link: none of the wheel's tags (cp38-cp38-win_amd64) are compatible (run pip debug --verbose to show compatible tags): https://files.pythonhosted.org/packages/90/7c/05748d29f7f9bd0edea7db06733d4899210402f0afcffcf00965b66c2c97/kvxopt-1.3.2.0-cp38-cp38-win_amd64.whl (from https://pypi.org/simple/kvxopt/) (requires-python:>=3.5, !=3.0.*, !=3.1.*, !=3.2.*, !=3.3.*, !=3.4.*)
2026-07-30T19:03:41,330   Skipping link: none of the wheel's tags (cp39-cp39-macosx_10_9_x86_64) are compatible (run pip debug --verbose to show compatible tags): https://files.pythonhosted.org/packages/4f/df/1c4d4b8bffd1a5dd916a45be697001ef5f40e2cd3c646cfdc8169a626ca9/kvxopt-1.3.2.0-cp39-cp39-macosx_10_9_x86_64.whl (from https://pypi.org/simple/kvxopt/) (requires-python:>=3.5, !=3.0.*, !=3.1.*, !=3.2.*, !=3.3.*, !=3.4.*)
2026-07-30T19:03:41,330   Skipping link: none of the wheel's tags (cp39-cp39-macosx_11_0_arm64) are compatible (run pip debug --verbose to show compatible tags): https://files.pythonhosted.org/packages/34/a1/0b7be3d1df6199457e78f03b9e54e74533ef82ea076bb4dda6888a6c97d2/kvxopt-1.3.2.0-cp39-cp39-macosx_11_0_arm64.whl (from https://pypi.org/simple/kvxopt/) (requires-python:>=3.5, !=3.0.*, !=3.1.*, !=3.2.*, !=3.3.*, !=3.4.*)
2026-07-30T19:03:41,330   Skipping link: none of the wheel's tags (cp39-cp39-manylinux2014_aarch64, cp39-cp39-manylinux_2_17_aarch64) are compatible (run pip debug --verbose to show compatible tags): https://files.pythonhosted.org/packages/75/d8/f53cd1565eb11a4c38b5b87f7b2b88a5153b8a209d34fa0d3ef1b9f7196c/kvxopt-1.3.2.0-cp39-cp39-manylinux_2_17_aarch64.manylinux2014_aarch64.whl (from https://pypi.org/simple/kvxopt/) (requires-python:>=3.5, !=3.0.*, !=3.1.*, !=3.2.*, !=3.3.*, !=3.4.*)
2026-07-30T19:03:41,330   Skipping link: none of the wheel's tags (cp39-cp39-manylinux2014_x86_64, cp39-cp39-manylinux_2_17_x86_64) are compatible (run pip debug --verbose to show compatible tags): https://files.pythonhosted.org/packages/c6/de/595f5caf51f0a812a206e6603dbdcb861564df0154f54f3e6959db7f54f7/kvxopt-1.3.2.0-cp39-cp39-manylinux_2_17_x86_64.manylinux2014_x86_64.whl (from https://pypi.org/simple/kvxopt/) (requires-python:>=3.5, !=3.0.*, !=3.1.*, !=3.2.*, !=3.3.*, !=3.4.*)
2026-07-30T19:03:41,330   Skipping link: none of the wheel's tags (cp39-cp39-win32) are compatible (run pip debug --verbose to show compatible tags): https://files.pythonhosted.org/packages/5c/b5/9472bf8ffc221b2a0aa5a61bf90e610238651f7bc9e079fb72652b01345e/kvxopt-1.3.2.0-cp39-cp39-win32.whl (from https://pypi.org/simple/kvxopt/) (requires-python:>=3.5, !=3.0.*, !=3.1.*, !=3.2.*, !=3.3.*, !=3.4.*)
2026-07-30T19:03:41,330   Skipping link: none of the wheel's tags (cp39-cp39-win_amd64) are compatible (run pip debug --verbose to show compatible tags): https://files.pythonhosted.org/packages/f0/99/a8fb5beaf53e4ba90f9fb01f752fe2bfceac8f883f3bb2681dedf46f2080/kvxopt-1.3.2.0-cp39-cp39-win_amd64.whl (from https://pypi.org/simple/kvxopt/) (requires-python:>=3.5, !=3.0.*, !=3.1.*, !=3.2.*, !=3.3.*, !=3.4.*)
2026-07-30T19:03:41,330   Found link https://files.pythonhosted.org/packages/62/27/709959597efabd154bac3c343212d902619c2d0249185ff51525d4f5a5ee/kvxopt-1.3.2.0.tar.gz (from https://pypi.org/simple/kvxopt/) (requires-python:>=3.5, !=3.0.*, !=3.1.*, !=3.2.*, !=3.3.*, !=3.4.*), version: 1.3.2.0
2026-07-30T19:03:41,330   Skipping link: none of the wheel's tags (cp310-cp310-macosx_10_9_x86_64) are compatible (run pip debug --verbose to show compatible tags): https://files.pythonhosted.org/packages/7f/e5/976eefca09930e1323f805d095f5293f22c09e37322631d3f2fa448a8a9d/kvxopt-1.3.2.1-cp310-cp310-macosx_10_9_x86_64.whl (from https://pypi.org/simple/kvxopt/) (requires-python:!=3.0.*,!=3.1.*,!=3.2.*,!=3.3.*,!=3.4.*,>=3.5)
2026-07-30T19:03:41,330   Skipping link: none of the wheel's tags (cp310-cp310-macosx_11_0_arm64) are compatible (run pip debug --verbose to show compatible tags): https://files.pythonhosted.org/packages/c9/41/d7c4d441199f527c4458d4776e5155d236dcb4b3308084b8db9759abd54c/kvxopt-1.3.2.1-cp310-cp310-macosx_11_0_arm64.whl (from https://pypi.org/simple/kvxopt/) (requires-python:!=3.0.*,!=3.1.*,!=3.2.*,!=3.3.*,!=3.4.*,>=3.5)
2026-07-30T19:03:41,330   Skipping link: none of the wheel's tags (cp310-cp310-macosx_12_0_x86_64) are compatible (run pip debug --verbose to show compatible tags): https://files.pythonhosted.org/packages/9b/99/50d5fba585eeadb254ff001fa9d221ae58239010e620f2af2541461465c1/kvxopt-1.3.2.1-cp310-cp310-macosx_12_0_x86_64.whl (from https://pypi.org/simple/kvxopt/) (requires-python:!=3.0.*,!=3.1.*,!=3.2.*,!=3.3.*,!=3.4.*,>=3.5)
2026-07-30T19:03:41,330   Skipping link: none of the wheel's tags (cp310-cp310-manylinux2014_aarch64, cp310-cp310-manylinux_2_17_aarch64) are compatible (run pip debug --verbose to show compatible tags): https://files.pythonhosted.org/packages/3a/bf/0d91121e7592e4c659a3bfecf4781474b33178ac82c0cd14b71747e2a691/kvxopt-1.3.2.1-cp310-cp310-manylinux_2_17_aarch64.manylinux2014_aarch64.whl (from https://pypi.org/simple/kvxopt/) (requires-python:!=3.0.*,!=3.1.*,!=3.2.*,!=3.3.*,!=3.4.*,>=3.5)
2026-07-30T19:03:41,330   Skipping link: none of the wheel's tags (cp310-cp310-manylinux2014_x86_64, cp310-cp310-manylinux_2_17_x86_64) are compatible (run pip debug --verbose to show compatible tags): https://files.pythonhosted.org/packages/1e/0e/7306de535435003949b8e237780433e42a55968be0a1c715a43aab30a0a8/kvxopt-1.3.2.1-cp310-cp310-manylinux_2_17_x86_64.manylinux2014_x86_64.whl (from https://pypi.org/simple/kvxopt/) (requires-python:!=3.0.*,!=3.1.*,!=3.2.*,!=3.3.*,!=3.4.*,>=3.5)
2026-07-30T19:03:41,336   Skipping link: none of the wheel's tags (cp310-cp310-win32) are compatible (run pip debug --verbose to show compatible tags): https://files.pythonhosted.org/packages/26/e6/d787d9f97f8f99fb5f385d226a5bbe8ef49993fd8a6190c1408b0a59c5c6/kvxopt-1.3.2.1-cp310-cp310-win32.whl (from https://pypi.org/simple/kvxopt/) (requires-python:!=3.0.*,!=3.1.*,!=3.2.*,!=3.3.*,!=3.4.*,>=3.5)
2026-07-30T19:03:41,336   Skipping link: none of the wheel's tags (cp310-cp310-win_amd64) are compatible (run pip debug --verbose to show compatible tags): https://files.pythonhosted.org/packages/74/60/8ba894c25243d5c47212b3d980ff53e758310a0d6a6f9709c02e0d116c11/kvxopt-1.3.2.1-cp310-cp310-win_amd64.whl (from https://pypi.org/simple/kvxopt/) (requires-python:!=3.0.*,!=3.1.*,!=3.2.*,!=3.3.*,!=3.4.*,>=3.5)
2026-07-30T19:03:41,336   Skipping link: none of the wheel's tags (cp311-cp311-manylinux2014_aarch64, cp311-cp311-manylinux_2_17_aarch64) are compatible (run pip debug --verbose to show compatible tags): https://files.pythonhosted.org/packages/b1/ad/ce111b5f85655fd913919791fe6ad22e8ff794750829b295b0db03b91cfa/kvxopt-1.3.2.1-cp311-cp311-manylinux_2_17_aarch64.manylinux2014_aarch64.whl (from https://pypi.org/simple/kvxopt/) (requires-python:!=3.0.*,!=3.1.*,!=3.2.*,!=3.3.*,!=3.4.*,>=3.5)
2026-07-30T19:03:41,336   Skipping link: none of the wheel's tags (cp311-cp311-manylinux2014_x86_64, cp311-cp311-manylinux_2_17_x86_64) are compatible (run pip debug --verbose to show compatible tags): https://files.pythonhosted.org/packages/9c/01/ed7328e09565f4bc0533cc3475774128d2b44cec469a5e7a9d8203beafd8/kvxopt-1.3.2.1-cp311-cp311-manylinux_2_17_x86_64.manylinux2014_x86_64.whl (from https://pypi.org/simple/kvxopt/) (requires-python:!=3.0.*,!=3.1.*,!=3.2.*,!=3.3.*,!=3.4.*,>=3.5)
2026-07-30T19:03:41,336   Skipping link: none of the wheel's tags (cp311-cp311-win32) are compatible (run pip debug --verbose to show compatible tags): https://files.pythonhosted.org/packages/36/42/40dd0df352a985cc09f1a9cc71b9dc31cbf4dfd85c1be533ab20240fa9d1/kvxopt-1.3.2.1-cp311-cp311-win32.whl (from https://pypi.org/simple/kvxopt/) (requires-python:!=3.0.*,!=3.1.*,!=3.2.*,!=3.3.*,!=3.4.*,>=3.5)
2026-07-30T19:03:41,336   Found link https://files.pythonhosted.org/packages/a0/09/b8fccdb52da6286edfd953127637b7663fea389eb05d63a8885097fd7ad3/kvxopt-1.3.2.1-cp311-cp311-win_amd64.whl (from https://pypi.org/simple/kvxopt/) (requires-python:!=3.0.*,!=3.1.*,!=3.2.*,!=3.3.*,!=3.4.*,>=3.5), version: 1.3.2.1
2026-07-30T19:03:41,336   Skipping link: none of the wheel's tags (cp312-cp312-manylinux2014_aarch64, cp312-cp312-manylinux_2_17_aarch64) are compatible (run pip debug --verbose to show compatible tags): https://files.pythonhosted.org/packages/cc/ed/b7ec3754207f1f9687483e52a1cf21d482047f385854c7e8d9d6c22b1a00/kvxopt-1.3.2.1-cp312-cp312-manylinux_2_17_aarch64.manylinux2014_aarch64.whl (from https://pypi.org/simple/kvxopt/) (requires-python:!=3.0.*,!=3.1.*,!=3.2.*,!=3.3.*,!=3.4.*,>=3.5)
2026-07-30T19:03:41,336   Skipping link: none of the wheel's tags (cp312-cp312-manylinux2014_x86_64, cp312-cp312-manylinux_2_17_x86_64) are compatible (run pip debug --verbose to show compatible tags): https://files.pythonhosted.org/packages/5b/f6/a31001a7eefd44d4cc6f881372e624e71b2a1b7dcb962ac41c6edc56c53c/kvxopt-1.3.2.1-cp312-cp312-manylinux_2_17_x86_64.manylinux2014_x86_64.whl (from https://pypi.org/simple/kvxopt/) (requires-python:!=3.0.*,!=3.1.*,!=3.2.*,!=3.3.*,!=3.4.*,>=3.5)
2026-07-30T19:03:41,336   Skipping link: none of the wheel's tags (cp312-cp312-win32) are compatible (run pip debug --verbose to show compatible tags): https://files.pythonhosted.org/packages/cf/25/6a044fd723635ea39bba1f3ad01f3ccb6133010a6055c299b9ba29866a86/kvxopt-1.3.2.1-cp312-cp312-win32.whl (from https://pypi.org/simple/kvxopt/) (requires-python:!=3.0.*,!=3.1.*,!=3.2.*,!=3.3.*,!=3.4.*,>=3.5)
2026-07-30T19:03:41,336   Skipping link: none of the wheel's tags (cp312-cp312-win_amd64) are compatible (run pip debug --verbose to show compatible tags): https://files.pythonhosted.org/packages/56/19/514af8b59ba649aeea253490b765e0eb730675c3884e3861c1fb9cff0f27/kvxopt-1.3.2.1-cp312-cp312-win_amd64.whl (from https://pypi.org/simple/kvxopt/) (requires-python:!=3.0.*,!=3.1.*,!=3.2.*,!=3.3.*,!=3.4.*,>=3.5)
2026-07-30T19:03:41,336   Skipping link: none of the wheel's tags (cp38-cp38-macosx_10_9_x86_64) are compatible (run pip debug --verbose to show compatible tags): https://files.pythonhosted.org/packages/5e/95/9ef110d839894dfbda5cf216a288c6232573406be580026c32b196ad3163/kvxopt-1.3.2.1-cp38-cp38-macosx_10_9_x86_64.whl (from https://pypi.org/simple/kvxopt/) (requires-python:!=3.0.*,!=3.1.*,!=3.2.*,!=3.3.*,!=3.4.*,>=3.5)
2026-07-30T19:03:41,336   Skipping link: none of the wheel's tags (cp38-cp38-macosx_11_0_arm64) are compatible (run pip debug --verbose to show compatible tags): https://files.pythonhosted.org/packages/aa/81/b522880f2466d90e2edb00452e1f3f76d3059e16129369f6088a297a116f/kvxopt-1.3.2.1-cp38-cp38-macosx_11_0_arm64.whl (from https://pypi.org/simple/kvxopt/) (requires-python:!=3.0.*,!=3.1.*,!=3.2.*,!=3.3.*,!=3.4.*,>=3.5)
2026-07-30T19:03:41,336   Skipping link: none of the wheel's tags (cp38-cp38-macosx_12_0_x86_64) are compatible (run pip debug --verbose to show compatible tags): https://files.pythonhosted.org/packages/61/88/7752341cfc3771af60d584ea095c0bce8e3b6c7a24a20e9e288d4b7c0aa5/kvxopt-1.3.2.1-cp38-cp38-macosx_12_0_x86_64.whl (from https://pypi.org/simple/kvxopt/) (requires-python:!=3.0.*,!=3.1.*,!=3.2.*,!=3.3.*,!=3.4.*,>=3.5)
2026-07-30T19:03:41,336   Skipping link: none of the wheel's tags (cp38-cp38-manylinux2014_aarch64, cp38-cp38-manylinux_2_17_aarch64) are compatible (run pip debug --verbose to show compatible tags): https://files.pythonhosted.org/packages/96/8a/56b34552ae632621e9f430e9971fa127cb85459cc16333381024a4af59c3/kvxopt-1.3.2.1-cp38-cp38-manylinux_2_17_aarch64.manylinux2014_aarch64.whl (from https://pypi.org/simple/kvxopt/) (requires-python:!=3.0.*,!=3.1.*,!=3.2.*,!=3.3.*,!=3.4.*,>=3.5)
2026-07-30T19:03:41,336   Skipping link: none of the wheel's tags (cp38-cp38-manylinux2014_x86_64, cp38-cp38-manylinux_2_17_x86_64) are compatible (run pip debug --verbose to show compatible tags): https://files.pythonhosted.org/packages/6c/aa/31132b290c5610330217caf4c0748873732d7d9ca1c805813365a486ee7e/kvxopt-1.3.2.1-cp38-cp38-manylinux_2_17_x86_64.manylinux2014_x86_64.whl (from https://pypi.org/simple/kvxopt/) (requires-python:!=3.0.*,!=3.1.*,!=3.2.*,!=3.3.*,!=3.4.*,>=3.5)
2026-07-30T19:03:41,336   Skipping link: none of the wheel's tags (cp38-cp38-win32) are compatible (run pip debug --verbose to show compatible tags): https://files.pythonhosted.org/packages/bf/77/de9f08eefb266206a6aabc57ffeb8dac37e142b43b2407e00b5121e549b9/kvxopt-1.3.2.1-cp38-cp38-win32.whl (from https://pypi.org/simple/kvxopt/) (requires-python:!=3.0.*,!=3.1.*,!=3.2.*,!=3.3.*,!=3.4.*,>=3.5)
2026-07-30T19:03:41,336   Skipping link: none of the wheel's tags (cp38-cp38-win_amd64) are compatible (run pip debug --verbose to show compatible tags): https://files.pythonhosted.org/packages/1c/72/f382659ae4e482c24f3e631815494e0bd939370804236f37359a7d4794f7/kvxopt-1.3.2.1-cp38-cp38-win_amd64.whl (from https://pypi.org/simple/kvxopt/) (requires-python:!=3.0.*,!=3.1.*,!=3.2.*,!=3.3.*,!=3.4.*,>=3.5)
2026-07-30T19:03:41,336   Skipping link: none of the wheel's tags (cp39-cp39-macosx_10_9_x86_64) are compatible (run pip debug --verbose to show compatible tags): https://files.pythonhosted.org/packages/37/5b/7ec80511fb5004a148f64106791ca12a059230dfd6252d606bd4a3dc3d97/kvxopt-1.3.2.1-cp39-cp39-macosx_10_9_x86_64.whl (from https://pypi.org/simple/kvxopt/) (requires-python:!=3.0.*,!=3.1.*,!=3.2.*,!=3.3.*,!=3.4.*,>=3.5)
2026-07-30T19:03:41,336   Skipping link: none of the wheel's tags (cp39-cp39-macosx_11_0_arm64) are compatible (run pip debug --verbose to show compatible tags): https://files.pythonhosted.org/packages/05/83/740093712cd4316545b9ed03cc5155acc6b6c4196510b5ab699deae8e763/kvxopt-1.3.2.1-cp39-cp39-macosx_11_0_arm64.whl (from https://pypi.org/simple/kvxopt/) (requires-python:!=3.0.*,!=3.1.*,!=3.2.*,!=3.3.*,!=3.4.*,>=3.5)
2026-07-30T19:03:41,336   Skipping link: none of the wheel's tags (cp39-cp39-macosx_12_0_x86_64) are compatible (run pip debug --verbose to show compatible tags): https://files.pythonhosted.org/packages/ac/b9/01a0b615bccbdc236f929223ab826ba9b8907303b4ece87cb1176747b692/kvxopt-1.3.2.1-cp39-cp39-macosx_12_0_x86_64.whl (from https://pypi.org/simple/kvxopt/) (requires-python:!=3.0.*,!=3.1.*,!=3.2.*,!=3.3.*,!=3.4.*,>=3.5)
2026-07-30T19:03:41,336   Skipping link: none of the wheel's tags (cp39-cp39-manylinux2014_aarch64, cp39-cp39-manylinux_2_17_aarch64) are compatible (run pip debug --verbose to show compatible tags): https://files.pythonhosted.org/packages/aa/8c/7bb99017fee6efb9e5dec697d8f28296f0216520b9dcaed28da2357bbde4/kvxopt-1.3.2.1-cp39-cp39-manylinux_2_17_aarch64.manylinux2014_aarch64.whl (from https://pypi.org/simple/kvxopt/) (requires-python:!=3.0.*,!=3.1.*,!=3.2.*,!=3.3.*,!=3.4.*,>=3.5)
2026-07-30T19:03:41,336   Skipping link: none of the wheel's tags (cp39-cp39-manylinux2014_x86_64, cp39-cp39-manylinux_2_17_x86_64) are compatible (run pip debug --verbose to show compatible tags): https://files.pythonhosted.org/packages/03/cb/553600e4c512fac108550856c288e3550eff67f4cdc5b0434c59431a9c6c/kvxopt-1.3.2.1-cp39-cp39-manylinux_2_17_x86_64.manylinux2014_x86_64.whl (from https://pypi.org/simple/kvxopt/) (requires-python:!=3.0.*,!=3.1.*,!=3.2.*,!=3.3.*,!=3.4.*,>=3.5)
2026-07-30T19:03:41,336   Skipping link: none of the wheel's tags (cp39-cp39-win32) are compatible (run pip debug --verbose to show compatible tags): https://files.pythonhosted.org/packages/8e/4e/9894370295f209e3544ef5b857696204981246f52d5e12b7fbf2bd1015ea/kvxopt-1.3.2.1-cp39-cp39-win32.whl (from https://pypi.org/simple/kvxopt/) (requires-python:!=3.0.*,!=3.1.*,!=3.2.*,!=3.3.*,!=3.4.*,>=3.5)
2026-07-30T19:03:41,336   Skipping link: none of the wheel's tags (cp39-cp39-win_amd64) are compatible (run pip debug --verbose to show compatible tags): https://files.pythonhosted.org/packages/b3/ed/7d599ab8280be4d80f7608541c66f2d21b4e844e00b1afb23241714f7ad6/kvxopt-1.3.2.1-cp39-cp39-win_amd64.whl (from https://pypi.org/simple/kvxopt/) (requires-python:!=3.0.*,!=3.1.*,!=3.2.*,!=3.3.*,!=3.4.*,>=3.5)
2026-07-30T19:03:41,336   Found link https://files.pythonhosted.org/packages/e9/dc/83f8b8788d2d097add63ad536ce9abe17faaaa2ddc0d50a5acd8a670b187/kvxopt-1.3.2.1.tar.gz (from https://pypi.org/simple/kvxopt/) (requires-python:!=3.0.*,!=3.1.*,!=3.2.*,!=3.3.*,!=3.4.*,>=3.5), version: 1.3.2.1
2026-07-30T19:03:41,336   Skipping link: none of the wheel's tags (cp310-cp310-macosx_13_0_x86_64) are compatible (run pip debug --verbose to show compatible tags): https://files.pythonhosted.org/packages/44/c1/52cad65e3a3451ad39e075468f3e211a9fed4eccf28e02d3f29994209d37/kvxopt-1.3.2.2-cp310-cp310-macosx_13_0_x86_64.whl (from https://pypi.org/simple/kvxopt/) (requires-python:!=3.0.*,!=3.1.*,!=3.2.*,!=3.3.*,!=3.4.*,>=3.5)
2026-07-30T19:03:41,336   Skipping link: none of the wheel's tags (cp310-cp310-macosx_14_0_arm64) are compatible (run pip debug --verbose to show compatible tags): https://files.pythonhosted.org/packages/87/2e/125fd33d220bc522c192668a34a67aba3926340ccbb03ad5bb2d99812c78/kvxopt-1.3.2.2-cp310-cp310-macosx_14_0_arm64.whl (from https://pypi.org/simple/kvxopt/) (requires-python:!=3.0.*,!=3.1.*,!=3.2.*,!=3.3.*,!=3.4.*,>=3.5)
2026-07-30T19:03:41,336   Skipping link: none of the wheel's tags (cp310-cp310-manylinux2014_aarch64, cp310-cp310-manylinux_2_17_aarch64) are compatible (run pip debug --verbose to show compatible tags): https://files.pythonhosted.org/packages/14/8a/7e329fe213056a23fe845356d49c352988cba9f145cf4be95a372851a370/kvxopt-1.3.2.2-cp310-cp310-manylinux_2_17_aarch64.manylinux2014_aarch64.whl (from https://pypi.org/simple/kvxopt/) (requires-python:!=3.0.*,!=3.1.*,!=3.2.*,!=3.3.*,!=3.4.*,>=3.5)
2026-07-30T19:03:41,336   Skipping link: none of the wheel's tags (cp310-cp310-manylinux2014_x86_64, cp310-cp310-manylinux_2_17_x86_64) are compatible (run pip debug --verbose to show compatible tags): https://files.pythonhosted.org/packages/b9/99/546457a4e9861173d90bf9718b49e22ee0919beee9dd3b93b760e360bce6/kvxopt-1.3.2.2-cp310-cp310-manylinux_2_17_x86_64.manylinux2014_x86_64.whl (from https://pypi.org/simple/kvxopt/) (requires-python:!=3.0.*,!=3.1.*,!=3.2.*,!=3.3.*,!=3.4.*,>=3.5)
2026-07-30T19:03:41,336   Skipping link: none of the wheel's tags (cp310-cp310-musllinux_1_2_aarch64) are compatible (run pip debug --verbose to show compatible tags): https://files.pythonhosted.org/packages/9a/98/c0951f537ff625df6d82f0eaf64e51497bb80a6ebf1b8231f3bb612855ef/kvxopt-1.3.2.2-cp310-cp310-musllinux_1_2_aarch64.whl (from https://pypi.org/simple/kvxopt/) (requires-python:!=3.0.*,!=3.1.*,!=3.2.*,!=3.3.*,!=3.4.*,>=3.5)
2026-07-30T19:03:41,336   Skipping link: none of the wheel's tags (cp310-cp310-musllinux_1_2_x86_64) are compatible (run pip debug --verbose to show compatible tags): https://files.pythonhosted.org/packages/b8/f3/87b1fd1614b185312b0719a8a729ffcb0a9bb82ccd6259c1fe36049c44ec/kvxopt-1.3.2.2-cp310-cp310-musllinux_1_2_x86_64.whl (from https://pypi.org/simple/kvxopt/) (requires-python:!=3.0.*,!=3.1.*,!=3.2.*,!=3.3.*,!=3.4.*,>=3.5)
2026-07-30T19:03:41,336   Skipping link: none of the wheel's tags (cp310-cp310-win_amd64) are compatible (run pip debug --verbose to show compatible tags): https://files.pythonhosted.org/packages/69/70/edd94096e7bb4a906b952cc1606e5124cbc6101883e0153231b9a8cb3681/kvxopt-1.3.2.2-cp310-cp310-win_amd64.whl (from https://pypi.org/simple/kvxopt/) (requires-python:!=3.0.*,!=3.1.*,!=3.2.*,!=3.3.*,!=3.4.*,>=3.5)
2026-07-30T19:03:41,336   Skipping link: none of the wheel's tags (cp311-cp311-macosx_13_0_x86_64) are compatible (run pip debug --verbose to show compatible tags): https://files.pythonhosted.org/packages/5e/3a/b557c37133bc83a0fe4bb3f41f17d4580a3cef655b5ff20d35d998bedc7f/kvxopt-1.3.2.2-cp311-cp311-macosx_13_0_x86_64.whl (from https://pypi.org/simple/kvxopt/) (requires-python:!=3.0.*,!=3.1.*,!=3.2.*,!=3.3.*,!=3.4.*,>=3.5)
2026-07-30T19:03:41,336   Skipping link: none of the wheel's tags (cp311-cp311-macosx_14_0_arm64) are compatible (run pip debug --verbose to show compatible tags): https://files.pythonhosted.org/packages/80/87/e7dc393fbd292ad3a65d7e739db388a07c0113f6cb1e56943e086787ac0d/kvxopt-1.3.2.2-cp311-cp311-macosx_14_0_arm64.whl (from https://pypi.org/simple/kvxopt/) (requires-python:!=3.0.*,!=3.1.*,!=3.2.*,!=3.3.*,!=3.4.*,>=3.5)
2026-07-30T19:03:41,336   Skipping link: none of the wheel's tags (cp311-cp311-manylinux2014_aarch64, cp311-cp311-manylinux_2_17_aarch64) are compatible (run pip debug --verbose to show compatible tags): https://files.pythonhosted.org/packages/04/b5/a78905a55387da2be6c3bb4cc8ce5aa85b91e72c5ddfbe1dd25883bf7487/kvxopt-1.3.2.2-cp311-cp311-manylinux_2_17_aarch64.manylinux2014_aarch64.whl (from https://pypi.org/simple/kvxopt/) (requires-python:!=3.0.*,!=3.1.*,!=3.2.*,!=3.3.*,!=3.4.*,>=3.5)
2026-07-30T19:03:41,336   Skipping link: none of the wheel's tags (cp311-cp311-manylinux2014_x86_64, cp311-cp311-manylinux_2_17_x86_64) are compatible (run pip debug --verbose to show compatible tags): https://files.pythonhosted.org/packages/49/7f/15e0555ef80684f39d4535a6524b88b5de784ea1266b242c245df96bc4f0/kvxopt-1.3.2.2-cp311-cp311-manylinux_2_17_x86_64.manylinux2014_x86_64.whl (from https://pypi.org/simple/kvxopt/) (requires-python:!=3.0.*,!=3.1.*,!=3.2.*,!=3.3.*,!=3.4.*,>=3.5)
2026-07-30T19:03:41,336   Skipping link: none of the wheel's tags (cp311-cp311-musllinux_1_2_aarch64) are compatible (run pip debug --verbose to show compatible tags): https://files.pythonhosted.org/packages/8a/df/abe11e4fcf7cf54bc36374c417447c65d8e469505f8ba11d94b85808101a/kvxopt-1.3.2.2-cp311-cp311-musllinux_1_2_aarch64.whl (from https://pypi.org/simple/kvxopt/) (requires-python:!=3.0.*,!=3.1.*,!=3.2.*,!=3.3.*,!=3.4.*,>=3.5)
2026-07-30T19:03:41,336   Skipping link: none of the wheel's tags (cp311-cp311-musllinux_1_2_x86_64) are compatible (run pip debug --verbose to show compatible tags): https://files.pythonhosted.org/packages/f6/17/ee572380cf88f07c436130430cb79373b49014e978cc103dd1e604af9542/kvxopt-1.3.2.2-cp311-cp311-musllinux_1_2_x86_64.whl (from https://pypi.org/simple/kvxopt/) (requires-python:!=3.0.*,!=3.1.*,!=3.2.*,!=3.3.*,!=3.4.*,>=3.5)
2026-07-30T19:03:41,342   Found link https://files.pythonhosted.org/packages/6e/1e/7562db4ac30f9cd6749c92bd9eedd88d758145f96b42d8eb26a2dda602f1/kvxopt-1.3.2.2-cp311-cp311-win_amd64.whl (from https://pypi.org/simple/kvxopt/) (requires-python:!=3.0.*,!=3.1.*,!=3.2.*,!=3.3.*,!=3.4.*,>=3.5), version: 1.3.2.2
2026-07-30T19:03:41,342   Skipping link: none of the wheel's tags (cp312-cp312-macosx_13_0_x86_64) are compatible (run pip debug --verbose to show compatible tags): https://files.pythonhosted.org/packages/b0/ff/854f4076d88e355dc4b66060754bec7063c052706b2696b3df1a633e07a4/kvxopt-1.3.2.2-cp312-cp312-macosx_13_0_x86_64.whl (from https://pypi.org/simple/kvxopt/) (requires-python:!=3.0.*,!=3.1.*,!=3.2.*,!=3.3.*,!=3.4.*,>=3.5)
2026-07-30T19:03:41,342   Skipping link: none of the wheel's tags (cp312-cp312-macosx_14_0_arm64) are compatible (run pip debug --verbose to show compatible tags): https://files.pythonhosted.org/packages/96/54/02eb60b30f53d7b35a1c2b46f23cf987d672ed9a01a7cf21a5833e95bc81/kvxopt-1.3.2.2-cp312-cp312-macosx_14_0_arm64.whl (from https://pypi.org/simple/kvxopt/) (requires-python:!=3.0.*,!=3.1.*,!=3.2.*,!=3.3.*,!=3.4.*,>=3.5)
2026-07-30T19:03:41,342   Skipping link: none of the wheel's tags (cp312-cp312-manylinux2014_aarch64, cp312-cp312-manylinux_2_17_aarch64) are compatible (run pip debug --verbose to show compatible tags): https://files.pythonhosted.org/packages/b9/b3/49b44abc1467aa735937a92af2c5c251f1e6e2ae0d4a95ecbf99d04fb7a1/kvxopt-1.3.2.2-cp312-cp312-manylinux_2_17_aarch64.manylinux2014_aarch64.whl (from https://pypi.org/simple/kvxopt/) (requires-python:!=3.0.*,!=3.1.*,!=3.2.*,!=3.3.*,!=3.4.*,>=3.5)
2026-07-30T19:03:41,342   Skipping link: none of the wheel's tags (cp312-cp312-manylinux2014_x86_64, cp312-cp312-manylinux_2_17_x86_64) are compatible (run pip debug --verbose to show compatible tags): https://files.pythonhosted.org/packages/08/27/8fcba4795aa136510cc2339967c6ea00da9a973f3ca5f19bbc0ec2319c56/kvxopt-1.3.2.2-cp312-cp312-manylinux_2_17_x86_64.manylinux2014_x86_64.whl (from https://pypi.org/simple/kvxopt/) (requires-python:!=3.0.*,!=3.1.*,!=3.2.*,!=3.3.*,!=3.4.*,>=3.5)
2026-07-30T19:03:41,342   Skipping link: none of the wheel's tags (cp312-cp312-musllinux_1_2_aarch64) are compatible (run pip debug --verbose to show compatible tags): https://files.pythonhosted.org/packages/34/ec/44fa4e272447893f19c29a7f69b6349934a58546cc79d189d3616547c2ce/kvxopt-1.3.2.2-cp312-cp312-musllinux_1_2_aarch64.whl (from https://pypi.org/simple/kvxopt/) (requires-python:!=3.0.*,!=3.1.*,!=3.2.*,!=3.3.*,!=3.4.*,>=3.5)
2026-07-30T19:03:41,342   Skipping link: none of the wheel's tags (cp312-cp312-musllinux_1_2_x86_64) are compatible (run pip debug --verbose to show compatible tags): https://files.pythonhosted.org/packages/be/58/b95ac15e8a1c5a37553a80bba794683c69c83ad535fc1b25c321f328270b/kvxopt-1.3.2.2-cp312-cp312-musllinux_1_2_x86_64.whl (from https://pypi.org/simple/kvxopt/) (requires-python:!=3.0.*,!=3.1.*,!=3.2.*,!=3.3.*,!=3.4.*,>=3.5)
2026-07-30T19:03:41,342   Skipping link: none of the wheel's tags (cp312-cp312-win_amd64) are compatible (run pip debug --verbose to show compatible tags): https://files.pythonhosted.org/packages/b9/15/bd67bb17543ba70ebf5e122b77374b41f30fef6cd8cc1a834b03fc488fb5/kvxopt-1.3.2.2-cp312-cp312-win_amd64.whl (from https://pypi.org/simple/kvxopt/) (requires-python:!=3.0.*,!=3.1.*,!=3.2.*,!=3.3.*,!=3.4.*,>=3.5)
2026-07-30T19:03:41,342   Skipping link: none of the wheel's tags (cp313-cp313-macosx_13_0_x86_64) are compatible (run pip debug --verbose to show compatible tags): https://files.pythonhosted.org/packages/34/05/a91db3cced7fa90a8203c805e380b439e72828e6da3a2891410734e13070/kvxopt-1.3.2.2-cp313-cp313-macosx_13_0_x86_64.whl (from https://pypi.org/simple/kvxopt/) (requires-python:!=3.0.*,!=3.1.*,!=3.2.*,!=3.3.*,!=3.4.*,>=3.5)
2026-07-30T19:03:41,342   Skipping link: none of the wheel's tags (cp313-cp313-macosx_14_0_arm64) are compatible (run pip debug --verbose to show compatible tags): https://files.pythonhosted.org/packages/f3/0f/f5ed024f1f3598b3479a19da4897590b5a0f0e4ee6b738b58e24d5a2833b/kvxopt-1.3.2.2-cp313-cp313-macosx_14_0_arm64.whl (from https://pypi.org/simple/kvxopt/) (requires-python:!=3.0.*,!=3.1.*,!=3.2.*,!=3.3.*,!=3.4.*,>=3.5)
2026-07-30T19:03:41,342   Skipping link: none of the wheel's tags (cp313-cp313-manylinux2014_aarch64, cp313-cp313-manylinux_2_17_aarch64) are compatible (run pip debug --verbose to show compatible tags): https://files.pythonhosted.org/packages/0b/d0/016ae61b9b6cfe969c0f60473bd7ec8603d5585f9fe889da4c1070655bd2/kvxopt-1.3.2.2-cp313-cp313-manylinux_2_17_aarch64.manylinux2014_aarch64.whl (from https://pypi.org/simple/kvxopt/) (requires-python:!=3.0.*,!=3.1.*,!=3.2.*,!=3.3.*,!=3.4.*,>=3.5)
2026-07-30T19:03:41,342   Skipping link: none of the wheel's tags (cp313-cp313-manylinux2014_x86_64, cp313-cp313-manylinux_2_17_x86_64) are compatible (run pip debug --verbose to show compatible tags): https://files.pythonhosted.org/packages/15/e3/ea7fb549666c982b286e67c9032e57059825595a8fb48e34a202dfac3b66/kvxopt-1.3.2.2-cp313-cp313-manylinux_2_17_x86_64.manylinux2014_x86_64.whl (from https://pypi.org/simple/kvxopt/) (requires-python:!=3.0.*,!=3.1.*,!=3.2.*,!=3.3.*,!=3.4.*,>=3.5)
2026-07-30T19:03:41,342   Skipping link: none of the wheel's tags (cp313-cp313-musllinux_1_2_aarch64) are compatible (run pip debug --verbose to show compatible tags): https://files.pythonhosted.org/packages/f0/7b/f38c51375520bed8d9635c62b37b25ced4fc0f53811befce4a56868605bc/kvxopt-1.3.2.2-cp313-cp313-musllinux_1_2_aarch64.whl (from https://pypi.org/simple/kvxopt/) (requires-python:!=3.0.*,!=3.1.*,!=3.2.*,!=3.3.*,!=3.4.*,>=3.5)
2026-07-30T19:03:41,342   Skipping link: none of the wheel's tags (cp313-cp313-musllinux_1_2_x86_64) are compatible (run pip debug --verbose to show compatible tags): https://files.pythonhosted.org/packages/4f/a3/4ac4d683960dbec5d0eed133ea3394c8133df05e83ff0096aff490fd0eca/kvxopt-1.3.2.2-cp313-cp313-musllinux_1_2_x86_64.whl (from https://pypi.org/simple/kvxopt/) (requires-python:!=3.0.*,!=3.1.*,!=3.2.*,!=3.3.*,!=3.4.*,>=3.5)
2026-07-30T19:03:41,342   Skipping link: none of the wheel's tags (cp313-cp313-win_amd64) are compatible (run pip debug --verbose to show compatible tags): https://files.pythonhosted.org/packages/25/51/4119d0a452e8defee3d674db7fd65d821c0d4a336d382e2ca4cc9c4efe7f/kvxopt-1.3.2.2-cp313-cp313-win_amd64.whl (from https://pypi.org/simple/kvxopt/) (requires-python:!=3.0.*,!=3.1.*,!=3.2.*,!=3.3.*,!=3.4.*,>=3.5)
2026-07-30T19:03:41,342   Skipping link: none of the wheel's tags (cp39-cp39-macosx_13_0_x86_64) are compatible (run pip debug --verbose to show compatible tags): https://files.pythonhosted.org/packages/b9/27/179666caa15a381270ed0140e801e0a66eb709e6568dcabcb1a4d79a2b9e/kvxopt-1.3.2.2-cp39-cp39-macosx_13_0_x86_64.whl (from https://pypi.org/simple/kvxopt/) (requires-python:!=3.0.*,!=3.1.*,!=3.2.*,!=3.3.*,!=3.4.*,>=3.5)
2026-07-30T19:03:41,342   Skipping link: none of the wheel's tags (cp39-cp39-macosx_14_0_arm64) are compatible (run pip debug --verbose to show compatible tags): https://files.pythonhosted.org/packages/04/dd/2e1cacc9cbbdf028a0e8ef692a40afc824544a4621171392a5a971076d16/kvxopt-1.3.2.2-cp39-cp39-macosx_14_0_arm64.whl (from https://pypi.org/simple/kvxopt/) (requires-python:!=3.0.*,!=3.1.*,!=3.2.*,!=3.3.*,!=3.4.*,>=3.5)
2026-07-30T19:03:41,342   Skipping link: none of the wheel's tags (cp39-cp39-manylinux2014_aarch64, cp39-cp39-manylinux_2_17_aarch64) are compatible (run pip debug --verbose to show compatible tags): https://files.pythonhosted.org/packages/68/36/ffe08e8eede125f784084f9445d3e31bffc115a81364f481e4ada3a10e64/kvxopt-1.3.2.2-cp39-cp39-manylinux_2_17_aarch64.manylinux2014_aarch64.whl (from https://pypi.org/simple/kvxopt/) (requires-python:!=3.0.*,!=3.1.*,!=3.2.*,!=3.3.*,!=3.4.*,>=3.5)
2026-07-30T19:03:41,342   Skipping link: none of the wheel's tags (cp39-cp39-manylinux2014_x86_64, cp39-cp39-manylinux_2_17_x86_64) are compatible (run pip debug --verbose to show compatible tags): https://files.pythonhosted.org/packages/0b/71/c27e2dd5513987c888fa4e470e687f3348ea881c3519f61fba4c8294511d/kvxopt-1.3.2.2-cp39-cp39-manylinux_2_17_x86_64.manylinux2014_x86_64.whl (from https://pypi.org/simple/kvxopt/) (requires-python:!=3.0.*,!=3.1.*,!=3.2.*,!=3.3.*,!=3.4.*,>=3.5)
2026-07-30T19:03:41,342   Skipping link: none of the wheel's tags (cp39-cp39-musllinux_1_2_aarch64) are compatible (run pip debug --verbose to show compatible tags): https://files.pythonhosted.org/packages/9f/1d/1d00643d5153ec2f20bf0b41e568c653b9503ed1b8cccc0fe8d1e0a831fa/kvxopt-1.3.2.2-cp39-cp39-musllinux_1_2_aarch64.whl (from https://pypi.org/simple/kvxopt/) (requires-python:!=3.0.*,!=3.1.*,!=3.2.*,!=3.3.*,!=3.4.*,>=3.5)
2026-07-30T19:03:41,342   Skipping link: none of the wheel's tags (cp39-cp39-musllinux_1_2_x86_64) are compatible (run pip debug --verbose to show compatible tags): https://files.pythonhosted.org/packages/f5/2e/aa79250ad238a6c13a80aaf003bde98d2af206af73d04793f259ea5b7930/kvxopt-1.3.2.2-cp39-cp39-musllinux_1_2_x86_64.whl (from https://pypi.org/simple/kvxopt/) (requires-python:!=3.0.*,!=3.1.*,!=3.2.*,!=3.3.*,!=3.4.*,>=3.5)
2026-07-30T19:03:41,342   Skipping link: none of the wheel's tags (cp39-cp39-win_amd64) are compatible (run pip debug --verbose to show compatible tags): https://files.pythonhosted.org/packages/9d/38/046d243813e72a8744f4ba880fd36b390cea9d2be8254af08d2fb4a6fbf4/kvxopt-1.3.2.2-cp39-cp39-win_amd64.whl (from https://pypi.org/simple/kvxopt/) (requires-python:!=3.0.*,!=3.1.*,!=3.2.*,!=3.3.*,!=3.4.*,>=3.5)
2026-07-30T19:03:41,342   Found link https://files.pythonhosted.org/packages/b2/0b/705440facc313488ee06bfde7f4d94b55a2e0ae7502b2cf3e85555ee9ef4/kvxopt-1.3.2.2.tar.gz (from https://pypi.org/simple/kvxopt/) (requires-python:!=3.0.*,!=3.1.*,!=3.2.*,!=3.3.*,!=3.4.*,>=3.5), version: 1.3.2.2
2026-07-30T19:03:41,342   Skipping link: none of the wheel's tags (cp310-cp310-macosx_13_0_x86_64) are compatible (run pip debug --verbose to show compatible tags): https://files.pythonhosted.org/packages/ea/be/b9bfb7d127c52e2020071f5c8e61147eea00958f2591367cc79f68cd2a22/kvxopt-1.3.2.3-cp310-cp310-macosx_13_0_x86_64.whl (from https://pypi.org/simple/kvxopt/) (requires-python:!=3.0.*,!=3.1.*,!=3.2.*,!=3.3.*,!=3.4.*,>=3.5)
2026-07-30T19:03:41,342   Skipping link: none of the wheel's tags (cp310-cp310-macosx_14_0_arm64) are compatible (run pip debug --verbose to show compatible tags): https://files.pythonhosted.org/packages/6d/d9/6333cd5b15da88651e36425bb69d6687f82662d1fd71c65aa891fd6afe0d/kvxopt-1.3.2.3-cp310-cp310-macosx_14_0_arm64.whl (from https://pypi.org/simple/kvxopt/) (requires-python:!=3.0.*,!=3.1.*,!=3.2.*,!=3.3.*,!=3.4.*,>=3.5)
2026-07-30T19:03:41,342   Skipping link: none of the wheel's tags (cp310-cp310-manylinux2014_aarch64, cp310-cp310-manylinux_2_17_aarch64) are compatible (run pip debug --verbose to show compatible tags): https://files.pythonhosted.org/packages/8b/66/db8b432e87a778d6275a62c4ab1bb9f6ac1690589a8c49df078e480c7049/kvxopt-1.3.2.3-cp310-cp310-manylinux_2_17_aarch64.manylinux2014_aarch64.whl (from https://pypi.org/simple/kvxopt/) (requires-python:!=3.0.*,!=3.1.*,!=3.2.*,!=3.3.*,!=3.4.*,>=3.5)
2026-07-30T19:03:41,342   Skipping link: none of the wheel's tags (cp310-cp310-manylinux2014_x86_64, cp310-cp310-manylinux_2_17_x86_64) are compatible (run pip debug --verbose to show compatible tags): https://files.pythonhosted.org/packages/76/3d/a7fd7019d7d69541ace61c8bd892090b8a043a4f6cf8e6e08e34e3daf7cf/kvxopt-1.3.2.3-cp310-cp310-manylinux_2_17_x86_64.manylinux2014_x86_64.whl (from https://pypi.org/simple/kvxopt/) (requires-python:!=3.0.*,!=3.1.*,!=3.2.*,!=3.3.*,!=3.4.*,>=3.5)
2026-07-30T19:03:41,342   Skipping link: none of the wheel's tags (cp310-cp310-musllinux_1_2_aarch64) are compatible (run pip debug --verbose to show compatible tags): https://files.pythonhosted.org/packages/13/8b/f37f57ca9a1b420f8bbdedf91a69c7ea8f454eb15bb47d9279ee2b87f37d/kvxopt-1.3.2.3-cp310-cp310-musllinux_1_2_aarch64.whl (from https://pypi.org/simple/kvxopt/) (requires-python:!=3.0.*,!=3.1.*,!=3.2.*,!=3.3.*,!=3.4.*,>=3.5)
2026-07-30T19:03:41,342   Skipping link: none of the wheel's tags (cp310-cp310-musllinux_1_2_x86_64) are compatible (run pip debug --verbose to show compatible tags): https://files.pythonhosted.org/packages/78/84/b6317f4c8de89afd5809ad0200c16b0637215724378cef44e0fab52884b1/kvxopt-1.3.2.3-cp310-cp310-musllinux_1_2_x86_64.whl (from https://pypi.org/simple/kvxopt/) (requires-python:!=3.0.*,!=3.1.*,!=3.2.*,!=3.3.*,!=3.4.*,>=3.5)
2026-07-30T19:03:41,342   Skipping link: none of the wheel's tags (cp310-cp310-win_amd64) are compatible (run pip debug --verbose to show compatible tags): https://files.pythonhosted.org/packages/86/85/054cc14cee97251375bf049ee257a4df967dff29908603032b248e9a3c2a/kvxopt-1.3.2.3-cp310-cp310-win_amd64.whl (from https://pypi.org/simple/kvxopt/) (requires-python:!=3.0.*,!=3.1.*,!=3.2.*,!=3.3.*,!=3.4.*,>=3.5)
2026-07-30T19:03:41,342   Skipping link: none of the wheel's tags (cp311-cp311-macosx_13_0_x86_64) are compatible (run pip debug --verbose to show compatible tags): https://files.pythonhosted.org/packages/7c/b1/730965934d4aca60b5d375cd11c328a6591b8352261a31e958f414162ab1/kvxopt-1.3.2.3-cp311-cp311-macosx_13_0_x86_64.whl (from https://pypi.org/simple/kvxopt/) (requires-python:!=3.0.*,!=3.1.*,!=3.2.*,!=3.3.*,!=3.4.*,>=3.5)
2026-07-30T19:03:41,342   Skipping link: none of the wheel's tags (cp311-cp311-macosx_14_0_arm64) are compatible (run pip debug --verbose to show compatible tags): https://files.pythonhosted.org/packages/1a/4b/82cab4951ea3b3399f03c69018afa902606385e7d53e643ac3bc44b65c38/kvxopt-1.3.2.3-cp311-cp311-macosx_14_0_arm64.whl (from https://pypi.org/simple/kvxopt/) (requires-python:!=3.0.*,!=3.1.*,!=3.2.*,!=3.3.*,!=3.4.*,>=3.5)
2026-07-30T19:03:41,342   Skipping link: none of the wheel's tags (cp311-cp311-manylinux2014_aarch64, cp311-cp311-manylinux_2_17_aarch64) are compatible (run pip debug --verbose to show compatible tags): https://files.pythonhosted.org/packages/5a/aa/6a4826c24497c763fd76725061cfb10532f3e40df92379a83cd9c095cc80/kvxopt-1.3.2.3-cp311-cp311-manylinux_2_17_aarch64.manylinux2014_aarch64.whl (from https://pypi.org/simple/kvxopt/) (requires-python:!=3.0.*,!=3.1.*,!=3.2.*,!=3.3.*,!=3.4.*,>=3.5)
2026-07-30T19:03:41,342   Skipping link: none of the wheel's tags (cp311-cp311-manylinux2014_x86_64, cp311-cp311-manylinux_2_17_x86_64) are compatible (run pip debug --verbose to show compatible tags): https://files.pythonhosted.org/packages/2f/5d/4e330617ef97f801e95a5c2a939f67ac3f228f8fa317e29fcb021dbf6ed7/kvxopt-1.3.2.3-cp311-cp311-manylinux_2_17_x86_64.manylinux2014_x86_64.whl (from https://pypi.org/simple/kvxopt/) (requires-python:!=3.0.*,!=3.1.*,!=3.2.*,!=3.3.*,!=3.4.*,>=3.5)
2026-07-30T19:03:41,342   Skipping link: none of the wheel's tags (cp311-cp311-musllinux_1_2_aarch64) are compatible (run pip debug --verbose to show compatible tags): https://files.pythonhosted.org/packages/93/66/145113b9ccc024ec4a301331811d9517f3fff05985c694ff93cb1836bf81/kvxopt-1.3.2.3-cp311-cp311-musllinux_1_2_aarch64.whl (from https://pypi.org/simple/kvxopt/) (requires-python:!=3.0.*,!=3.1.*,!=3.2.*,!=3.3.*,!=3.4.*,>=3.5)
2026-07-30T19:03:41,342   Skipping link: none of the wheel's tags (cp311-cp311-musllinux_1_2_x86_64) are compatible (run pip debug --verbose to show compatible tags): https://files.pythonhosted.org/packages/1c/ab/b2b13917b3a16f5ebe62e9cc7a748e549cff2e32fa5ee1bf0abaaeedadcd/kvxopt-1.3.2.3-cp311-cp311-musllinux_1_2_x86_64.whl (from https://pypi.org/simple/kvxopt/) (requires-python:!=3.0.*,!=3.1.*,!=3.2.*,!=3.3.*,!=3.4.*,>=3.5)
2026-07-30T19:03:41,342   Found link https://files.pythonhosted.org/packages/a4/36/443e92bd31ebc9cb60f2ad767cfab21445e051168297f692ca624947ab97/kvxopt-1.3.2.3-cp311-cp311-win_amd64.whl (from https://pypi.org/simple/kvxopt/) (requires-python:!=3.0.*,!=3.1.*,!=3.2.*,!=3.3.*,!=3.4.*,>=3.5), version: 1.3.2.3
2026-07-30T19:03:41,342   Skipping link: none of the wheel's tags (cp312-cp312-macosx_13_0_x86_64) are compatible (run pip debug --verbose to show compatible tags): https://files.pythonhosted.org/packages/67/09/96d49edd280c3d5ac425dd32b42b12cc9e1e7d7b3874656aee32256e4269/kvxopt-1.3.2.3-cp312-cp312-macosx_13_0_x86_64.whl (from https://pypi.org/simple/kvxopt/) (requires-python:!=3.0.*,!=3.1.*,!=3.2.*,!=3.3.*,!=3.4.*,>=3.5)
2026-07-30T19:03:41,342   Skipping link: none of the wheel's tags (cp312-cp312-macosx_14_0_arm64) are compatible (run pip debug --verbose to show compatible tags): https://files.pythonhosted.org/packages/a8/72/f38f519c711e0371e15c5b9dbbdf6c82dd80e0d5a8caa2bc7ef86a38c638/kvxopt-1.3.2.3-cp312-cp312-macosx_14_0_arm64.whl (from https://pypi.org/simple/kvxopt/) (requires-python:!=3.0.*,!=3.1.*,!=3.2.*,!=3.3.*,!=3.4.*,>=3.5)
2026-07-30T19:03:41,342   Skipping link: none of the wheel's tags (cp312-cp312-manylinux2014_aarch64, cp312-cp312-manylinux_2_17_aarch64) are compatible (run pip debug --verbose to show compatible tags): https://files.pythonhosted.org/packages/99/04/9e8a3a4c4965704cc64cef346d524c1a9362cf4bdc510d5628014b15cb6d/kvxopt-1.3.2.3-cp312-cp312-manylinux_2_17_aarch64.manylinux2014_aarch64.whl (from https://pypi.org/simple/kvxopt/) (requires-python:!=3.0.*,!=3.1.*,!=3.2.*,!=3.3.*,!=3.4.*,>=3.5)
2026-07-30T19:03:41,342   Skipping link: none of the wheel's tags (cp312-cp312-manylinux2014_x86_64, cp312-cp312-manylinux_2_17_x86_64) are compatible (run pip debug --verbose to show compatible tags): https://files.pythonhosted.org/packages/e4/43/d6080da1b1158637c2af0ed941fadc4b3fca944ed5c85706e9af53d09aa0/kvxopt-1.3.2.3-cp312-cp312-manylinux_2_17_x86_64.manylinux2014_x86_64.whl (from https://pypi.org/simple/kvxopt/) (requires-python:!=3.0.*,!=3.1.*,!=3.2.*,!=3.3.*,!=3.4.*,>=3.5)
2026-07-30T19:03:41,342   Skipping link: none of the wheel's tags (cp312-cp312-musllinux_1_2_aarch64) are compatible (run pip debug --verbose to show compatible tags): https://files.pythonhosted.org/packages/a6/2c/b547eaaafde8d080dd10a03dd68f168bde98e20e376897332a977b553aa5/kvxopt-1.3.2.3-cp312-cp312-musllinux_1_2_aarch64.whl (from https://pypi.org/simple/kvxopt/) (requires-python:!=3.0.*,!=3.1.*,!=3.2.*,!=3.3.*,!=3.4.*,>=3.5)
2026-07-30T19:03:41,342   Skipping link: none of the wheel's tags (cp312-cp312-musllinux_1_2_x86_64) are compatible (run pip debug --verbose to show compatible tags): https://files.pythonhosted.org/packages/4c/ad/8e6bc810d3041e432fdcf7fce581197d0c498d7ddcec955e13da02259699/kvxopt-1.3.2.3-cp312-cp312-musllinux_1_2_x86_64.whl (from https://pypi.org/simple/kvxopt/) (requires-python:!=3.0.*,!=3.1.*,!=3.2.*,!=3.3.*,!=3.4.*,>=3.5)
2026-07-30T19:03:41,342   Skipping link: none of the wheel's tags (cp312-cp312-win_amd64) are compatible (run pip debug --verbose to show compatible tags): https://files.pythonhosted.org/packages/bb/a1/05b1f3e1dd418f93a794485400c659e03fbff963eee48810cd9633a40cd1/kvxopt-1.3.2.3-cp312-cp312-win_amd64.whl (from https://pypi.org/simple/kvxopt/) (requires-python:!=3.0.*,!=3.1.*,!=3.2.*,!=3.3.*,!=3.4.*,>=3.5)
2026-07-30T19:03:41,342   Skipping link: none of the wheel's tags (cp313-cp313-macosx_13_0_x86_64) are compatible (run pip debug --verbose to show compatible tags): https://files.pythonhosted.org/packages/74/7d/67e82aa7d2b903cc2e5f68bed34ba827df6325ca7709979dd61c8db6b8a8/kvxopt-1.3.2.3-cp313-cp313-macosx_13_0_x86_64.whl (from https://pypi.org/simple/kvxopt/) (requires-python:!=3.0.*,!=3.1.*,!=3.2.*,!=3.3.*,!=3.4.*,>=3.5)
2026-07-30T19:03:41,342   Skipping link: none of the wheel's tags (cp313-cp313-macosx_14_0_arm64) are compatible (run pip debug --verbose to show compatible tags): https://files.pythonhosted.org/packages/d9/e4/a3cb640f6c2f590a7c2f8fd93d545924cf7b2f54b00f14d787d79d56792f/kvxopt-1.3.2.3-cp313-cp313-macosx_14_0_arm64.whl (from https://pypi.org/simple/kvxopt/) (requires-python:!=3.0.*,!=3.1.*,!=3.2.*,!=3.3.*,!=3.4.*,>=3.5)
2026-07-30T19:03:41,342   Skipping link: none of the wheel's tags (cp313-cp313-manylinux2014_aarch64, cp313-cp313-manylinux_2_17_aarch64) are compatible (run pip debug --verbose to show compatible tags): https://files.pythonhosted.org/packages/fe/47/cadf3fd5d2ca093e0c568462a4c15218b920f9fec593bf8cea9af5d5c60c/kvxopt-1.3.2.3-cp313-cp313-manylinux_2_17_aarch64.manylinux2014_aarch64.whl (from https://pypi.org/simple/kvxopt/) (requires-python:!=3.0.*,!=3.1.*,!=3.2.*,!=3.3.*,!=3.4.*,>=3.5)
2026-07-30T19:03:41,342   Skipping link: none of the wheel's tags (cp313-cp313-manylinux2014_x86_64, cp313-cp313-manylinux_2_17_x86_64) are compatible (run pip debug --verbose to show compatible tags): https://files.pythonhosted.org/packages/ed/11/27dc9cd1bfb284c7bed1d4f77f6a570768f23759428b432e6fdde5544045/kvxopt-1.3.2.3-cp313-cp313-manylinux_2_17_x86_64.manylinux2014_x86_64.whl (from https://pypi.org/simple/kvxopt/) (requires-python:!=3.0.*,!=3.1.*,!=3.2.*,!=3.3.*,!=3.4.*,>=3.5)
2026-07-30T19:03:41,342   Skipping link: none of the wheel's tags (cp313-cp313-musllinux_1_2_aarch64) are compatible (run pip debug --verbose to show compatible tags): https://files.pythonhosted.org/packages/ac/8b/fed15cf28694daf979ce2ec89a309fe6918e1cfca021764927da78c1c33e/kvxopt-1.3.2.3-cp313-cp313-musllinux_1_2_aarch64.whl (from https://pypi.org/simple/kvxopt/) (requires-python:!=3.0.*,!=3.1.*,!=3.2.*,!=3.3.*,!=3.4.*,>=3.5)
2026-07-30T19:03:41,342   Skipping link: none of the wheel's tags (cp313-cp313-musllinux_1_2_x86_64) are compatible (run pip debug --verbose to show compatible tags): https://files.pythonhosted.org/packages/df/3c/690df3deda299c5ca765e3dc111f5995c1337bc816996d84d6fceec2ef30/kvxopt-1.3.2.3-cp313-cp313-musllinux_1_2_x86_64.whl (from https://pypi.org/simple/kvxopt/) (requires-python:!=3.0.*,!=3.1.*,!=3.2.*,!=3.3.*,!=3.4.*,>=3.5)
2026-07-30T19:03:41,342   Skipping link: none of the wheel's tags (cp313-cp313-win_amd64) are compatible (run pip debug --verbose to show compatible tags): https://files.pythonhosted.org/packages/1f/f6/06fbb88fb64c49d7a7589774ef0a7c10f142442e797456b7f9e74070eec7/kvxopt-1.3.2.3-cp313-cp313-win_amd64.whl (from https://pypi.org/simple/kvxopt/) (requires-python:!=3.0.*,!=3.1.*,!=3.2.*,!=3.3.*,!=3.4.*,>=3.5)
2026-07-30T19:03:41,342   Skipping link: none of the wheel's tags (cp39-cp39-macosx_13_0_x86_64) are compatible (run pip debug --verbose to show compatible tags): https://files.pythonhosted.org/packages/c8/7d/842e898ccec50aeddc5e734cbdc47a01f0be754039236f49cf60d5d1dc7a/kvxopt-1.3.2.3-cp39-cp39-macosx_13_0_x86_64.whl (from https://pypi.org/simple/kvxopt/) (requires-python:!=3.0.*,!=3.1.*,!=3.2.*,!=3.3.*,!=3.4.*,>=3.5)
2026-07-30T19:03:41,342   Skipping link: none of the wheel's tags (cp39-cp39-macosx_14_0_arm64) are compatible (run pip debug --verbose to show compatible tags): https://files.pythonhosted.org/packages/5a/c7/1a02ae231d4b3638d3a0e4ccce58e6c629953348162151e01175a5628a3d/kvxopt-1.3.2.3-cp39-cp39-macosx_14_0_arm64.whl (from https://pypi.org/simple/kvxopt/) (requires-python:!=3.0.*,!=3.1.*,!=3.2.*,!=3.3.*,!=3.4.*,>=3.5)
2026-07-30T19:03:41,342   Skipping link: none of the wheel's tags (cp39-cp39-manylinux2014_aarch64, cp39-cp39-manylinux_2_17_aarch64) are compatible (run pip debug --verbose to show compatible tags): https://files.pythonhosted.org/packages/f3/61/ad6600e399a1d7f0239adaaf2c84cd7c2fd19683736f2c1a9f5d8d6d72d7/kvxopt-1.3.2.3-cp39-cp39-manylinux_2_17_aarch64.manylinux2014_aarch64.whl (from https://pypi.org/simple/kvxopt/) (requires-python:!=3.0.*,!=3.1.*,!=3.2.*,!=3.3.*,!=3.4.*,>=3.5)
2026-07-30T19:03:41,342   Skipping link: none of the wheel's tags (cp39-cp39-manylinux2014_x86_64, cp39-cp39-manylinux_2_17_x86_64) are compatible (run pip debug --verbose to show compatible tags): https://files.pythonhosted.org/packages/b8/29/2eb33fe209f947db00af5276763b9be5eb3fbb71aa47c0035fce090bb790/kvxopt-1.3.2.3-cp39-cp39-manylinux_2_17_x86_64.manylinux2014_x86_64.whl (from https://pypi.org/simple/kvxopt/) (requires-python:!=3.0.*,!=3.1.*,!=3.2.*,!=3.3.*,!=3.4.*,>=3.5)
2026-07-30T19:03:41,342   Skipping link: none of the wheel's tags (cp39-cp39-musllinux_1_2_aarch64) are compatible (run pip debug --verbose to show compatible tags): https://files.pythonhosted.org/packages/ba/4f/cf661ce3d9f56161c2aa3854101e5a3d2427e9bf34bc782a3854f3f8e91c/kvxopt-1.3.2.3-cp39-cp39-musllinux_1_2_aarch64.whl (from https://pypi.org/simple/kvxopt/) (requires-python:!=3.0.*,!=3.1.*,!=3.2.*,!=3.3.*,!=3.4.*,>=3.5)
2026-07-30T19:03:41,342   Skipping link: none of the wheel's tags (cp39-cp39-musllinux_1_2_x86_64) are compatible (run pip debug --verbose to show compatible tags): https://files.pythonhosted.org/packages/23/d2/f8223d911a102d5d950ac93d4749b934ee62d504b35d6f03dcb44104a8e1/kvxopt-1.3.2.3-cp39-cp39-musllinux_1_2_x86_64.whl (from https://pypi.org/simple/kvxopt/) (requires-python:!=3.0.*,!=3.1.*,!=3.2.*,!=3.3.*,!=3.4.*,>=3.5)
2026-07-30T19:03:41,348   Skipping link: none of the wheel's tags (cp39-cp39-win_amd64) are compatible (run pip debug --verbose to show compatible tags): https://files.pythonhosted.org/packages/88/52/c6b3af6045795548155952d681eddefb917ccb5e4b2e03cc4b3f1a9d088f/kvxopt-1.3.2.3-cp39-cp39-win_amd64.whl (from https://pypi.org/simple/kvxopt/) (requires-python:!=3.0.*,!=3.1.*,!=3.2.*,!=3.3.*,!=3.4.*,>=3.5)
2026-07-30T19:03:41,348   Found link https://files.pythonhosted.org/packages/40/a2/6f46a613e90887691dd9d557256400a8424ee45d1be1f12b50340cd00b21/kvxopt-1.3.2.3.tar.gz (from https://pypi.org/simple/kvxopt/) (requires-python:!=3.0.*,!=3.1.*,!=3.2.*,!=3.3.*,!=3.4.*,>=3.5), version: 1.3.2.3
2026-07-30T19:03:41,348   Skipping link: none of the wheel's tags (cp310-cp310-macosx_14_0_arm64) are compatible (run pip debug --verbose to show compatible tags): https://files.pythonhosted.org/packages/3b/8a/75aaba93e072ce1376068edf6cb872b4c39b7f7f6f2d375e06e10e8b23ae/kvxopt-1.3.2.4-cp310-cp310-macosx_14_0_arm64.whl (from https://pypi.org/simple/kvxopt/) (requires-python:!=3.0.*,!=3.1.*,!=3.2.*,!=3.3.*,!=3.4.*,>=3.5)
2026-07-30T19:03:41,348   Skipping link: none of the wheel's tags (cp310-cp310-macosx_15_0_arm64) are compatible (run pip debug --verbose to show compatible tags): https://files.pythonhosted.org/packages/b6/bb/7ba16ae49b818317458bd56ac099cae465ba8b6fbec0cadc2f818aa5ceb6/kvxopt-1.3.2.4-cp310-cp310-macosx_15_0_arm64.whl (from https://pypi.org/simple/kvxopt/) (requires-python:!=3.0.*,!=3.1.*,!=3.2.*,!=3.3.*,!=3.4.*,>=3.5)
2026-07-30T19:03:41,348   Skipping link: none of the wheel's tags (cp310-cp310-manylinux2014_aarch64, cp310-cp310-manylinux_2_17_aarch64) are compatible (run pip debug --verbose to show compatible tags): https://files.pythonhosted.org/packages/ba/dc/11a1e766e81c57e04badee92be2ff436afd50311287f3ac33653ade32972/kvxopt-1.3.2.4-cp310-cp310-manylinux_2_17_aarch64.manylinux2014_aarch64.whl (from https://pypi.org/simple/kvxopt/) (requires-python:!=3.0.*,!=3.1.*,!=3.2.*,!=3.3.*,!=3.4.*,>=3.5)
2026-07-30T19:03:41,348   Skipping link: none of the wheel's tags (cp310-cp310-manylinux2014_x86_64, cp310-cp310-manylinux_2_17_x86_64) are compatible (run pip debug --verbose to show compatible tags): https://files.pythonhosted.org/packages/74/3b/a06299a7efac6dd034896a07a1f4df6e55239db4e77fdf54b6b5dfb593c3/kvxopt-1.3.2.4-cp310-cp310-manylinux_2_17_x86_64.manylinux2014_x86_64.whl (from https://pypi.org/simple/kvxopt/) (requires-python:!=3.0.*,!=3.1.*,!=3.2.*,!=3.3.*,!=3.4.*,>=3.5)
2026-07-30T19:03:41,348   Skipping link: none of the wheel's tags (cp310-cp310-musllinux_1_2_aarch64) are compatible (run pip debug --verbose to show compatible tags): https://files.pythonhosted.org/packages/e2/9a/22bfacc5ac28db1024dde30336615cc35a725bc9b7378a6906bbacbb6de1/kvxopt-1.3.2.4-cp310-cp310-musllinux_1_2_aarch64.whl (from https://pypi.org/simple/kvxopt/) (requires-python:!=3.0.*,!=3.1.*,!=3.2.*,!=3.3.*,!=3.4.*,>=3.5)
2026-07-30T19:03:41,348   Skipping link: none of the wheel's tags (cp310-cp310-musllinux_1_2_x86_64) are compatible (run pip debug --verbose to show compatible tags): https://files.pythonhosted.org/packages/0d/1d/49f2d09f56d7da95b4c31818cc86e57b8c50dd398b822f196026d5ffe8a8/kvxopt-1.3.2.4-cp310-cp310-musllinux_1_2_x86_64.whl (from https://pypi.org/simple/kvxopt/) (requires-python:!=3.0.*,!=3.1.*,!=3.2.*,!=3.3.*,!=3.4.*,>=3.5)
2026-07-30T19:03:41,348   Skipping link: none of the wheel's tags (cp310-cp310-win_amd64) are compatible (run pip debug --verbose to show compatible tags): https://files.pythonhosted.org/packages/70/93/ea062f0b47b82e2a3ec72bd3c5e0b5c36700f34e60d7204aa2ca3ea673bc/kvxopt-1.3.2.4-cp310-cp310-win_amd64.whl (from https://pypi.org/simple/kvxopt/) (requires-python:!=3.0.*,!=3.1.*,!=3.2.*,!=3.3.*,!=3.4.*,>=3.5)
2026-07-30T19:03:41,348   Skipping link: none of the wheel's tags (cp311-cp311-macosx_14_0_arm64) are compatible (run pip debug --verbose to show compatible tags): https://files.pythonhosted.org/packages/6a/eb/7b2e58f0c7a705574fa13a590d70622fbf733865a4ef1c594e8b3d52a3dd/kvxopt-1.3.2.4-cp311-cp311-macosx_14_0_arm64.whl (from https://pypi.org/simple/kvxopt/) (requires-python:!=3.0.*,!=3.1.*,!=3.2.*,!=3.3.*,!=3.4.*,>=3.5)
2026-07-30T19:03:41,349   Skipping link: none of the wheel's tags (cp311-cp311-macosx_15_0_arm64) are compatible (run pip debug --verbose to show compatible tags): https://files.pythonhosted.org/packages/09/f3/ef9b84e7b2111ddef0f5e8899a84a7cde0fe503b485fb8aa1ffd00339364/kvxopt-1.3.2.4-cp311-cp311-macosx_15_0_arm64.whl (from https://pypi.org/simple/kvxopt/) (requires-python:!=3.0.*,!=3.1.*,!=3.2.*,!=3.3.*,!=3.4.*,>=3.5)
2026-07-30T19:03:41,349   Skipping link: none of the wheel's tags (cp311-cp311-manylinux2014_aarch64, cp311-cp311-manylinux_2_17_aarch64) are compatible (run pip debug --verbose to show compatible tags): https://files.pythonhosted.org/packages/70/d6/bcd37d9dd8e4b1e8df3edf6fd9e2148ceb75fd9ad57f05c5d54eabce7ced/kvxopt-1.3.2.4-cp311-cp311-manylinux_2_17_aarch64.manylinux2014_aarch64.whl (from https://pypi.org/simple/kvxopt/) (requires-python:!=3.0.*,!=3.1.*,!=3.2.*,!=3.3.*,!=3.4.*,>=3.5)
2026-07-30T19:03:41,349   Skipping link: none of the wheel's tags (cp311-cp311-manylinux2014_x86_64, cp311-cp311-manylinux_2_17_x86_64) are compatible (run pip debug --verbose to show compatible tags): https://files.pythonhosted.org/packages/7b/e7/c218329a74726c5071c734d0f4cad34060e9833eefa53b16c9ed7d9b5630/kvxopt-1.3.2.4-cp311-cp311-manylinux_2_17_x86_64.manylinux2014_x86_64.whl (from https://pypi.org/simple/kvxopt/) (requires-python:!=3.0.*,!=3.1.*,!=3.2.*,!=3.3.*,!=3.4.*,>=3.5)
2026-07-30T19:03:41,349   Skipping link: none of the wheel's tags (cp311-cp311-musllinux_1_2_aarch64) are compatible (run pip debug --verbose to show compatible tags): https://files.pythonhosted.org/packages/f5/12/bd69695637da22ddb36b37af7a1b0db4c40aebc67d45683bf39112df9060/kvxopt-1.3.2.4-cp311-cp311-musllinux_1_2_aarch64.whl (from https://pypi.org/simple/kvxopt/) (requires-python:!=3.0.*,!=3.1.*,!=3.2.*,!=3.3.*,!=3.4.*,>=3.5)
2026-07-30T19:03:41,349   Skipping link: none of the wheel's tags (cp311-cp311-musllinux_1_2_x86_64) are compatible (run pip debug --verbose to show compatible tags): https://files.pythonhosted.org/packages/b0/cd/2fde474578a9e2f8d71dcd61215f80e1b6ec1b2690c96fb1477b5a5fb437/kvxopt-1.3.2.4-cp311-cp311-musllinux_1_2_x86_64.whl (from https://pypi.org/simple/kvxopt/) (requires-python:!=3.0.*,!=3.1.*,!=3.2.*,!=3.3.*,!=3.4.*,>=3.5)
2026-07-30T19:03:41,349   Found link https://files.pythonhosted.org/packages/94/1c/fd4de01112856827c1842ca46ffa64431776eee2eab348ab84b4aa1bf844/kvxopt-1.3.2.4-cp311-cp311-win_amd64.whl (from https://pypi.org/simple/kvxopt/) (requires-python:!=3.0.*,!=3.1.*,!=3.2.*,!=3.3.*,!=3.4.*,>=3.5), version: 1.3.2.4
2026-07-30T19:03:41,349   Skipping link: none of the wheel's tags (cp312-cp312-macosx_14_0_arm64) are compatible (run pip debug --verbose to show compatible tags): https://files.pythonhosted.org/packages/bf/5b/2c10962ca085a10525993eb6423f9038548b5435bdc73e3b17cad72d2605/kvxopt-1.3.2.4-cp312-cp312-macosx_14_0_arm64.whl (from https://pypi.org/simple/kvxopt/) (requires-python:!=3.0.*,!=3.1.*,!=3.2.*,!=3.3.*,!=3.4.*,>=3.5)
2026-07-30T19:03:41,349   Skipping link: none of the wheel's tags (cp312-cp312-macosx_15_0_arm64) are compatible (run pip debug --verbose to show compatible tags): https://files.pythonhosted.org/packages/e8/b0/3186d442695a30e6402c1303c477964d2b4670a80f3bf799246bd90935b6/kvxopt-1.3.2.4-cp312-cp312-macosx_15_0_arm64.whl (from https://pypi.org/simple/kvxopt/) (requires-python:!=3.0.*,!=3.1.*,!=3.2.*,!=3.3.*,!=3.4.*,>=3.5)
2026-07-30T19:03:41,349   Skipping link: none of the wheel's tags (cp312-cp312-manylinux2014_aarch64, cp312-cp312-manylinux_2_17_aarch64) are compatible (run pip debug --verbose to show compatible tags): https://files.pythonhosted.org/packages/fc/93/bf039f677b2fa9ae9ee1ae8309532de8a7faceda23d41deacdb6d01fe1c1/kvxopt-1.3.2.4-cp312-cp312-manylinux_2_17_aarch64.manylinux2014_aarch64.whl (from https://pypi.org/simple/kvxopt/) (requires-python:!=3.0.*,!=3.1.*,!=3.2.*,!=3.3.*,!=3.4.*,>=3.5)
2026-07-30T19:03:41,350   Skipping link: none of the wheel's tags (cp312-cp312-manylinux2014_x86_64, cp312-cp312-manylinux_2_17_x86_64) are compatible (run pip debug --verbose to show compatible tags): https://files.pythonhosted.org/packages/0c/20/917b28b9d21b5243efb071c0383641213a8b7587465543e4a662782e9407/kvxopt-1.3.2.4-cp312-cp312-manylinux_2_17_x86_64.manylinux2014_x86_64.whl (from https://pypi.org/simple/kvxopt/) (requires-python:!=3.0.*,!=3.1.*,!=3.2.*,!=3.3.*,!=3.4.*,>=3.5)
2026-07-30T19:03:41,350   Skipping link: none of the wheel's tags (cp312-cp312-musllinux_1_2_aarch64) are compatible (run pip debug --verbose to show compatible tags): https://files.pythonhosted.org/packages/b7/f2/80e37ada63c6871fbae41a51998f09222a95e9995d6e1b94c78cf21d825f/kvxopt-1.3.2.4-cp312-cp312-musllinux_1_2_aarch64.whl (from https://pypi.org/simple/kvxopt/) (requires-python:!=3.0.*,!=3.1.*,!=3.2.*,!=3.3.*,!=3.4.*,>=3.5)
2026-07-30T19:03:41,350   Skipping link: none of the wheel's tags (cp312-cp312-musllinux_1_2_x86_64) are compatible (run pip debug --verbose to show compatible tags): https://files.pythonhosted.org/packages/c1/57/97796d0e282dcfd644a8912ae5e54d193c42658351ddc388e91998ec6492/kvxopt-1.3.2.4-cp312-cp312-musllinux_1_2_x86_64.whl (from https://pypi.org/simple/kvxopt/) (requires-python:!=3.0.*,!=3.1.*,!=3.2.*,!=3.3.*,!=3.4.*,>=3.5)
2026-07-30T19:03:41,350   Skipping link: none of the wheel's tags (cp312-cp312-win_amd64) are compatible (run pip debug --verbose to show compatible tags): https://files.pythonhosted.org/packages/99/3c/be34164cfa74d33d59154dea3f165841d3893b555440a6d77740617c4dbb/kvxopt-1.3.2.4-cp312-cp312-win_amd64.whl (from https://pypi.org/simple/kvxopt/) (requires-python:!=3.0.*,!=3.1.*,!=3.2.*,!=3.3.*,!=3.4.*,>=3.5)
2026-07-30T19:03:41,350   Skipping link: none of the wheel's tags (cp313-cp313-macosx_14_0_arm64) are compatible (run pip debug --verbose to show compatible tags): https://files.pythonhosted.org/packages/b8/12/01da174684244794952659d5a61a96f5d8f7014493e87506e6bcc4c827dc/kvxopt-1.3.2.4-cp313-cp313-macosx_14_0_arm64.whl (from https://pypi.org/simple/kvxopt/) (requires-python:!=3.0.*,!=3.1.*,!=3.2.*,!=3.3.*,!=3.4.*,>=3.5)
2026-07-30T19:03:41,350   Skipping link: none of the wheel's tags (cp313-cp313-macosx_15_0_arm64) are compatible (run pip debug --verbose to show compatible tags): https://files.pythonhosted.org/packages/46/0d/98fa1c9a7cbdb24ffccf8f9a030767dd69c9f470686704f198683d99de3f/kvxopt-1.3.2.4-cp313-cp313-macosx_15_0_arm64.whl (from https://pypi.org/simple/kvxopt/) (requires-python:!=3.0.*,!=3.1.*,!=3.2.*,!=3.3.*,!=3.4.*,>=3.5)
2026-07-30T19:03:41,350   Skipping link: none of the wheel's tags (cp313-cp313-manylinux2014_aarch64, cp313-cp313-manylinux_2_17_aarch64) are compatible (run pip debug --verbose to show compatible tags): https://files.pythonhosted.org/packages/04/92/816779ed313946856dd5d9b550fcab44ecf96cf83d8cdb182f65f8958782/kvxopt-1.3.2.4-cp313-cp313-manylinux_2_17_aarch64.manylinux2014_aarch64.whl (from https://pypi.org/simple/kvxopt/) (requires-python:!=3.0.*,!=3.1.*,!=3.2.*,!=3.3.*,!=3.4.*,>=3.5)
2026-07-30T19:03:41,350   Skipping link: none of the wheel's tags (cp313-cp313-manylinux2014_x86_64, cp313-cp313-manylinux_2_17_x86_64) are compatible (run pip debug --verbose to show compatible tags): https://files.pythonhosted.org/packages/f1/f9/661523cd0f319c02c5be5148e28bce63306a12040f5e530b9f5dff69b073/kvxopt-1.3.2.4-cp313-cp313-manylinux_2_17_x86_64.manylinux2014_x86_64.whl (from https://pypi.org/simple/kvxopt/) (requires-python:!=3.0.*,!=3.1.*,!=3.2.*,!=3.3.*,!=3.4.*,>=3.5)
2026-07-30T19:03:41,350   Skipping link: none of the wheel's tags (cp313-cp313-musllinux_1_2_aarch64) are compatible (run pip debug --verbose to show compatible tags): https://files.pythonhosted.org/packages/f3/88/034c828f9934309b92e4f89bd160b6604c4b757c3a067f9a5029ed90c0de/kvxopt-1.3.2.4-cp313-cp313-musllinux_1_2_aarch64.whl (from https://pypi.org/simple/kvxopt/) (requires-python:!=3.0.*,!=3.1.*,!=3.2.*,!=3.3.*,!=3.4.*,>=3.5)
2026-07-30T19:03:41,351   Skipping link: none of the wheel's tags (cp313-cp313-musllinux_1_2_x86_64) are compatible (run pip debug --verbose to show compatible tags): https://files.pythonhosted.org/packages/e2/7d/52042a65f9ea01c79641081b57afb7b5295b5b409cb707fc3080b9042275/kvxopt-1.3.2.4-cp313-cp313-musllinux_1_2_x86_64.whl (from https://pypi.org/simple/kvxopt/) (requires-python:!=3.0.*,!=3.1.*,!=3.2.*,!=3.3.*,!=3.4.*,>=3.5)
2026-07-30T19:03:41,351   Skipping link: none of the wheel's tags (cp313-cp313-win_amd64) are compatible (run pip debug --verbose to show compatible tags): https://files.pythonhosted.org/packages/91/03/0fa67b4810ce4f2991b7112805b71991644d839da7c4d728882178a0a109/kvxopt-1.3.2.4-cp313-cp313-win_amd64.whl (from https://pypi.org/simple/kvxopt/) (requires-python:!=3.0.*,!=3.1.*,!=3.2.*,!=3.3.*,!=3.4.*,>=3.5)
2026-07-30T19:03:41,351   Skipping link: none of the wheel's tags (cp39-cp39-macosx_14_0_arm64) are compatible (run pip debug --verbose to show compatible tags): https://files.pythonhosted.org/packages/e6/78/ee3ea1193fe0ed518900ba3f278892c797565e9fdac2024606570f5f9854/kvxopt-1.3.2.4-cp39-cp39-macosx_14_0_arm64.whl (from https://pypi.org/simple/kvxopt/) (requires-python:!=3.0.*,!=3.1.*,!=3.2.*,!=3.3.*,!=3.4.*,>=3.5)
2026-07-30T19:03:41,351   Skipping link: none of the wheel's tags (cp39-cp39-macosx_15_0_arm64) are compatible (run pip debug --verbose to show compatible tags): https://files.pythonhosted.org/packages/4b/18/a28fdc84e781eb024da8e08269877dc235a0abec0a37611f1b3becae587e/kvxopt-1.3.2.4-cp39-cp39-macosx_15_0_arm64.whl (from https://pypi.org/simple/kvxopt/) (requires-python:!=3.0.*,!=3.1.*,!=3.2.*,!=3.3.*,!=3.4.*,>=3.5)
2026-07-30T19:03:41,351   Skipping link: none of the wheel's tags (cp39-cp39-manylinux2014_aarch64, cp39-cp39-manylinux_2_17_aarch64) are compatible (run pip debug --verbose to show compatible tags): https://files.pythonhosted.org/packages/9f/b4/17e4ef2d0dde34ac0288a3fdef1ef109f0831d99a61d657185a139dd8857/kvxopt-1.3.2.4-cp39-cp39-manylinux_2_17_aarch64.manylinux2014_aarch64.whl (from https://pypi.org/simple/kvxopt/) (requires-python:!=3.0.*,!=3.1.*,!=3.2.*,!=3.3.*,!=3.4.*,>=3.5)
2026-07-30T19:03:41,351   Skipping link: none of the wheel's tags (cp39-cp39-manylinux2014_x86_64, cp39-cp39-manylinux_2_17_x86_64) are compatible (run pip debug --verbose to show compatible tags): https://files.pythonhosted.org/packages/fe/b0/b37079627cfa07d0909498284310be9801d90568e952d5287edc51441c80/kvxopt-1.3.2.4-cp39-cp39-manylinux_2_17_x86_64.manylinux2014_x86_64.whl (from https://pypi.org/simple/kvxopt/) (requires-python:!=3.0.*,!=3.1.*,!=3.2.*,!=3.3.*,!=3.4.*,>=3.5)
2026-07-30T19:03:41,351   Skipping link: none of the wheel's tags (cp39-cp39-musllinux_1_2_aarch64) are compatible (run pip debug --verbose to show compatible tags): https://files.pythonhosted.org/packages/27/6e/17ddecf2b812f16a770a4313111711e2e04b360bb12ef110936c6bac9a32/kvxopt-1.3.2.4-cp39-cp39-musllinux_1_2_aarch64.whl (from https://pypi.org/simple/kvxopt/) (requires-python:!=3.0.*,!=3.1.*,!=3.2.*,!=3.3.*,!=3.4.*,>=3.5)
2026-07-30T19:03:41,351   Skipping link: none of the wheel's tags (cp39-cp39-musllinux_1_2_x86_64) are compatible (run pip debug --verbose to show compatible tags): https://files.pythonhosted.org/packages/29/f9/6318c03f677e90ab8b5a77273bb21930b14f8051f9c65954b20a6ec10b2c/kvxopt-1.3.2.4-cp39-cp39-musllinux_1_2_x86_64.whl (from https://pypi.org/simple/kvxopt/) (requires-python:!=3.0.*,!=3.1.*,!=3.2.*,!=3.3.*,!=3.4.*,>=3.5)
2026-07-30T19:03:41,351   Skipping link: none of the wheel's tags (cp39-cp39-win_amd64) are compatible (run pip debug --verbose to show compatible tags): https://files.pythonhosted.org/packages/80/15/1c84d1f6222642cad040ee5fdcb111de29cfa7d919ca1227de71dd8d0522/kvxopt-1.3.2.4-cp39-cp39-win_amd64.whl (from https://pypi.org/simple/kvxopt/) (requires-python:!=3.0.*,!=3.1.*,!=3.2.*,!=3.3.*,!=3.4.*,>=3.5)
2026-07-30T19:03:41,351   Found link https://files.pythonhosted.org/packages/35/ed/4382c22b51569db4c45795fa4e38dbee1b12ac246785fadb346ddc8b8f36/kvxopt-1.3.2.4.tar.gz (from https://pypi.org/simple/kvxopt/) (requires-python:!=3.0.*,!=3.1.*,!=3.2.*,!=3.3.*,!=3.4.*,>=3.5), version: 1.3.2.4
2026-07-30T19:03:41,352   Skipping link: none of the wheel's tags (cp310-cp310-macosx_14_0_arm64) are compatible (run pip debug --verbose to show compatible tags): https://files.pythonhosted.org/packages/94/5c/2ac0e2229b5019f604e5bee7603cb37e3def2854d283c75c328f4f51308f/kvxopt-1.3.3.0-cp310-cp310-macosx_14_0_arm64.whl (from https://pypi.org/simple/kvxopt/) (requires-python:!=3.0.*,!=3.1.*,!=3.2.*,!=3.3.*,!=3.4.*,>=3.5)
2026-07-30T19:03:41,352   Skipping link: none of the wheel's tags (cp310-cp310-macosx_15_0_arm64) are compatible (run pip debug --verbose to show compatible tags): https://files.pythonhosted.org/packages/0b/19/82f85fa3b5005a18bc2b1200c73842e669b0f0983aab29d4e72f25e065a8/kvxopt-1.3.3.0-cp310-cp310-macosx_15_0_arm64.whl (from https://pypi.org/simple/kvxopt/) (requires-python:!=3.0.*,!=3.1.*,!=3.2.*,!=3.3.*,!=3.4.*,>=3.5)
2026-07-30T19:03:41,352   Skipping link: none of the wheel's tags (cp310-cp310-manylinux2014_aarch64, cp310-cp310-manylinux_2_17_aarch64) are compatible (run pip debug --verbose to show compatible tags): https://files.pythonhosted.org/packages/4f/31/52e6955f4a8bae5f683d1cc83fb81f27ce73e671de570484c1138298410f/kvxopt-1.3.3.0-cp310-cp310-manylinux_2_17_aarch64.manylinux2014_aarch64.whl (from https://pypi.org/simple/kvxopt/) (requires-python:!=3.0.*,!=3.1.*,!=3.2.*,!=3.3.*,!=3.4.*,>=3.5)
2026-07-30T19:03:41,352   Skipping link: none of the wheel's tags (cp310-cp310-manylinux2014_x86_64, cp310-cp310-manylinux_2_17_x86_64) are compatible (run pip debug --verbose to show compatible tags): https://files.pythonhosted.org/packages/6f/93/5ae15c33444ab01f2c4b3a9a8389dd0c37a60db985d4b4ba450922a63604/kvxopt-1.3.3.0-cp310-cp310-manylinux_2_17_x86_64.manylinux2014_x86_64.whl (from https://pypi.org/simple/kvxopt/) (requires-python:!=3.0.*,!=3.1.*,!=3.2.*,!=3.3.*,!=3.4.*,>=3.5)
2026-07-30T19:03:41,352   Skipping link: none of the wheel's tags (cp310-cp310-musllinux_1_2_aarch64) are compatible (run pip debug --verbose to show compatible tags): https://files.pythonhosted.org/packages/22/1c/1d4ad5df4c447f05c92a6c6756b3bef4b9908a760120bca3e71a2bdb37e6/kvxopt-1.3.3.0-cp310-cp310-musllinux_1_2_aarch64.whl (from https://pypi.org/simple/kvxopt/) (requires-python:!=3.0.*,!=3.1.*,!=3.2.*,!=3.3.*,!=3.4.*,>=3.5)
2026-07-30T19:03:41,352   Skipping link: none of the wheel's tags (cp310-cp310-musllinux_1_2_x86_64) are compatible (run pip debug --verbose to show compatible tags): https://files.pythonhosted.org/packages/da/02/1a6bdea2dc861a5ac7a3b1ffbf5e91864e8d7863adeb287dac7f60aa3277/kvxopt-1.3.3.0-cp310-cp310-musllinux_1_2_x86_64.whl (from https://pypi.org/simple/kvxopt/) (requires-python:!=3.0.*,!=3.1.*,!=3.2.*,!=3.3.*,!=3.4.*,>=3.5)
2026-07-30T19:03:41,352   Skipping link: none of the wheel's tags (cp310-cp310-win_amd64) are compatible (run pip debug --verbose to show compatible tags): https://files.pythonhosted.org/packages/b1/3e/c4f437fdab84b93495572d68d75be050c6ca33acfbd7273c7e1df4ba7f8c/kvxopt-1.3.3.0-cp310-cp310-win_amd64.whl (from https://pypi.org/simple/kvxopt/) (requires-python:!=3.0.*,!=3.1.*,!=3.2.*,!=3.3.*,!=3.4.*,>=3.5)
2026-07-30T19:03:41,352   Skipping link: none of the wheel's tags (cp311-cp311-macosx_14_0_arm64) are compatible (run pip debug --verbose to show compatible tags): https://files.pythonhosted.org/packages/88/5d/da75c36fa26fe9d6c6e6e651e284f9097568d59356dece489b26e5ebd18a/kvxopt-1.3.3.0-cp311-cp311-macosx_14_0_arm64.whl (from https://pypi.org/simple/kvxopt/) (requires-python:!=3.0.*,!=3.1.*,!=3.2.*,!=3.3.*,!=3.4.*,>=3.5)
2026-07-30T19:03:41,352   Skipping link: none of the wheel's tags (cp311-cp311-macosx_15_0_arm64) are compatible (run pip debug --verbose to show compatible tags): https://files.pythonhosted.org/packages/8c/85/a4c700078dfc30fd057651b3a0e6b42996b1c2eb525d9edea5d987d291e2/kvxopt-1.3.3.0-cp311-cp311-macosx_15_0_arm64.whl (from https://pypi.org/simple/kvxopt/) (requires-python:!=3.0.*,!=3.1.*,!=3.2.*,!=3.3.*,!=3.4.*,>=3.5)
2026-07-30T19:03:41,353   Skipping link: none of the wheel's tags (cp311-cp311-manylinux2014_aarch64, cp311-cp311-manylinux_2_17_aarch64) are compatible (run pip debug --verbose to show compatible tags): https://files.pythonhosted.org/packages/d7/68/cbe77f6ae749462b243fa210d5f705a65c7c36752edd48561168c3c12b49/kvxopt-1.3.3.0-cp311-cp311-manylinux_2_17_aarch64.manylinux2014_aarch64.whl (from https://pypi.org/simple/kvxopt/) (requires-python:!=3.0.*,!=3.1.*,!=3.2.*,!=3.3.*,!=3.4.*,>=3.5)
2026-07-30T19:03:41,353   Skipping link: none of the wheel's tags (cp311-cp311-manylinux2014_x86_64, cp311-cp311-manylinux_2_17_x86_64) are compatible (run pip debug --verbose to show compatible tags): https://files.pythonhosted.org/packages/c5/3f/c6b256cb1333e5968e34c6e1d052af01fb03b2e36cd18b9faf4052625b30/kvxopt-1.3.3.0-cp311-cp311-manylinux_2_17_x86_64.manylinux2014_x86_64.whl (from https://pypi.org/simple/kvxopt/) (requires-python:!=3.0.*,!=3.1.*,!=3.2.*,!=3.3.*,!=3.4.*,>=3.5)
2026-07-30T19:03:41,353   Skipping link: none of the wheel's tags (cp311-cp311-musllinux_1_2_aarch64) are compatible (run pip debug --verbose to show compatible tags): https://files.pythonhosted.org/packages/08/28/4556d61a1fea1732e29ed8262b798db569809ce1d0669a9b39fdf91b913b/kvxopt-1.3.3.0-cp311-cp311-musllinux_1_2_aarch64.whl (from https://pypi.org/simple/kvxopt/) (requires-python:!=3.0.*,!=3.1.*,!=3.2.*,!=3.3.*,!=3.4.*,>=3.5)
2026-07-30T19:03:41,353   Skipping link: none of the wheel's tags (cp311-cp311-musllinux_1_2_x86_64) are compatible (run pip debug --verbose to show compatible tags): https://files.pythonhosted.org/packages/af/f5/c65caadf9608adc44b4081b75234752e425b62cb46e3290c82d886ba809e/kvxopt-1.3.3.0-cp311-cp311-musllinux_1_2_x86_64.whl (from https://pypi.org/simple/kvxopt/) (requires-python:!=3.0.*,!=3.1.*,!=3.2.*,!=3.3.*,!=3.4.*,>=3.5)
2026-07-30T19:03:41,353   Found link https://files.pythonhosted.org/packages/84/09/bf5d7e3224ae0fbd6cab82a37e1a32a36ea43db6ba0d28bd4793c6dd202f/kvxopt-1.3.3.0-cp311-cp311-win_amd64.whl (from https://pypi.org/simple/kvxopt/) (requires-python:!=3.0.*,!=3.1.*,!=3.2.*,!=3.3.*,!=3.4.*,>=3.5), version: 1.3.3.0
2026-07-30T19:03:41,353   Skipping link: none of the wheel's tags (cp312-cp312-macosx_14_0_arm64) are compatible (run pip debug --verbose to show compatible tags): https://files.pythonhosted.org/packages/a8/9d/3ceac6f9f28f6d3120ce9160d4fd4c513c09483ef9d669778e40b1d137bb/kvxopt-1.3.3.0-cp312-cp312-macosx_14_0_arm64.whl (from https://pypi.org/simple/kvxopt/) (requires-python:!=3.0.*,!=3.1.*,!=3.2.*,!=3.3.*,!=3.4.*,>=3.5)
2026-07-30T19:03:41,353   Skipping link: none of the wheel's tags (cp312-cp312-macosx_15_0_arm64) are compatible (run pip debug --verbose to show compatible tags): https://files.pythonhosted.org/packages/bc/df/7c964233d125a7949a03cb1d71bfa83b54f18a24134953b041e24f4f78bd/kvxopt-1.3.3.0-cp312-cp312-macosx_15_0_arm64.whl (from https://pypi.org/simple/kvxopt/) (requires-python:!=3.0.*,!=3.1.*,!=3.2.*,!=3.3.*,!=3.4.*,>=3.5)
2026-07-30T19:03:41,353   Skipping link: none of the wheel's tags (cp312-cp312-manylinux2014_aarch64, cp312-cp312-manylinux_2_17_aarch64) are compatible (run pip debug --verbose to show compatible tags): https://files.pythonhosted.org/packages/ba/cf/dc020866235b6c19039b950443e6373636edecc2915a19bfd868386266e9/kvxopt-1.3.3.0-cp312-cp312-manylinux_2_17_aarch64.manylinux2014_aarch64.whl (from https://pypi.org/simple/kvxopt/) (requires-python:!=3.0.*,!=3.1.*,!=3.2.*,!=3.3.*,!=3.4.*,>=3.5)
2026-07-30T19:03:41,353   Skipping link: none of the wheel's tags (cp312-cp312-manylinux2014_x86_64, cp312-cp312-manylinux_2_17_x86_64) are compatible (run pip debug --verbose to show compatible tags): https://files.pythonhosted.org/packages/e5/2a/37ec6db1a831ab005e9b9e91b2274fed10f5dc9106b43e893fbc0b4d9170/kvxopt-1.3.3.0-cp312-cp312-manylinux_2_17_x86_64.manylinux2014_x86_64.whl (from https://pypi.org/simple/kvxopt/) (requires-python:!=3.0.*,!=3.1.*,!=3.2.*,!=3.3.*,!=3.4.*,>=3.5)
2026-07-30T19:03:41,353   Skipping link: none of the wheel's tags (cp312-cp312-musllinux_1_2_aarch64) are compatible (run pip debug --verbose to show compatible tags): https://files.pythonhosted.org/packages/8e/5f/b82279f2d9fa326eb0f7d744882da0af3c9588f20e465a1fe6c5304bcc73/kvxopt-1.3.3.0-cp312-cp312-musllinux_1_2_aarch64.whl (from https://pypi.org/simple/kvxopt/) (requires-python:!=3.0.*,!=3.1.*,!=3.2.*,!=3.3.*,!=3.4.*,>=3.5)
2026-07-30T19:03:41,354   Skipping link: none of the wheel's tags (cp312-cp312-musllinux_1_2_x86_64) are compatible (run pip debug --verbose to show compatible tags): https://files.pythonhosted.org/packages/29/1d/fc78b8b7017c6e6812fec36eeb2bfe16496037f8989b9f2e5ece3fffa16c/kvxopt-1.3.3.0-cp312-cp312-musllinux_1_2_x86_64.whl (from https://pypi.org/simple/kvxopt/) (requires-python:!=3.0.*,!=3.1.*,!=3.2.*,!=3.3.*,!=3.4.*,>=3.5)
2026-07-30T19:03:41,354   Skipping link: none of the wheel's tags (cp312-cp312-win_amd64) are compatible (run pip debug --verbose to show compatible tags): https://files.pythonhosted.org/packages/ed/52/3a71c858e118f95d076b5046a2cfeb49a473e504b515d5cd084ac18f529d/kvxopt-1.3.3.0-cp312-cp312-win_amd64.whl (from https://pypi.org/simple/kvxopt/) (requires-python:!=3.0.*,!=3.1.*,!=3.2.*,!=3.3.*,!=3.4.*,>=3.5)
2026-07-30T19:03:41,354   Skipping link: none of the wheel's tags (cp313-cp313-macosx_14_0_arm64) are compatible (run pip debug --verbose to show compatible tags): https://files.pythonhosted.org/packages/af/b2/126d87247d580f0eac59b9f7e625ef7d988e5b9b8e7065c477dd6c43630b/kvxopt-1.3.3.0-cp313-cp313-macosx_14_0_arm64.whl (from https://pypi.org/simple/kvxopt/) (requires-python:!=3.0.*,!=3.1.*,!=3.2.*,!=3.3.*,!=3.4.*,>=3.5)
2026-07-30T19:03:41,354   Skipping link: none of the wheel's tags (cp313-cp313-macosx_15_0_arm64) are compatible (run pip debug --verbose to show compatible tags): https://files.pythonhosted.org/packages/74/ba/b35e119f53cc97dfc3635278c6a22bccf02c0bb4ab0da1cc39444c225510/kvxopt-1.3.3.0-cp313-cp313-macosx_15_0_arm64.whl (from https://pypi.org/simple/kvxopt/) (requires-python:!=3.0.*,!=3.1.*,!=3.2.*,!=3.3.*,!=3.4.*,>=3.5)
2026-07-30T19:03:41,354   Skipping link: none of the wheel's tags (cp313-cp313-manylinux2014_aarch64, cp313-cp313-manylinux_2_17_aarch64) are compatible (run pip debug --verbose to show compatible tags): https://files.pythonhosted.org/packages/a0/0f/be17362e6cd8ba8cef7e794b46b7d6410457d8250bb23939f06b3e736af3/kvxopt-1.3.3.0-cp313-cp313-manylinux_2_17_aarch64.manylinux2014_aarch64.whl (from https://pypi.org/simple/kvxopt/) (requires-python:!=3.0.*,!=3.1.*,!=3.2.*,!=3.3.*,!=3.4.*,>=3.5)
2026-07-30T19:03:41,354   Skipping link: none of the wheel's tags (cp313-cp313-manylinux2014_x86_64, cp313-cp313-manylinux_2_17_x86_64) are compatible (run pip debug --verbose to show compatible tags): https://files.pythonhosted.org/packages/28/53/1ab3abc2bce004524c8a5b965578d704e209e552fb2b92e790acae1d5996/kvxopt-1.3.3.0-cp313-cp313-manylinux_2_17_x86_64.manylinux2014_x86_64.whl (from https://pypi.org/simple/kvxopt/) (requires-python:!=3.0.*,!=3.1.*,!=3.2.*,!=3.3.*,!=3.4.*,>=3.5)
2026-07-30T19:03:41,354   Skipping link: none of the wheel's tags (cp313-cp313-musllinux_1_2_aarch64) are compatible (run pip debug --verbose to show compatible tags): https://files.pythonhosted.org/packages/93/36/2a2897bc53b72bb486301be74c835ce162a31bd714bfef618938a60ce209/kvxopt-1.3.3.0-cp313-cp313-musllinux_1_2_aarch64.whl (from https://pypi.org/simple/kvxopt/) (requires-python:!=3.0.*,!=3.1.*,!=3.2.*,!=3.3.*,!=3.4.*,>=3.5)
2026-07-30T19:03:41,354   Skipping link: none of the wheel's tags (cp313-cp313-musllinux_1_2_x86_64) are compatible (run pip debug --verbose to show compatible tags): https://files.pythonhosted.org/packages/f5/41/de53d2e0ef101daeb18c690e5031bbfd5286ab2d6daa9d80e05f22e82917/kvxopt-1.3.3.0-cp313-cp313-musllinux_1_2_x86_64.whl (from https://pypi.org/simple/kvxopt/) (requires-python:!=3.0.*,!=3.1.*,!=3.2.*,!=3.3.*,!=3.4.*,>=3.5)
2026-07-30T19:03:41,354   Skipping link: none of the wheel's tags (cp313-cp313-win_amd64) are compatible (run pip debug --verbose to show compatible tags): https://files.pythonhosted.org/packages/7a/a2/453c76376423702e1431b3972adafbe1982289846fe1c83650f5d6d0d69e/kvxopt-1.3.3.0-cp313-cp313-win_amd64.whl (from https://pypi.org/simple/kvxopt/) (requires-python:!=3.0.*,!=3.1.*,!=3.2.*,!=3.3.*,!=3.4.*,>=3.5)
2026-07-30T19:03:41,354   Skipping link: none of the wheel's tags (cp39-cp39-macosx_14_0_arm64) are compatible (run pip debug --verbose to show compatible tags): https://files.pythonhosted.org/packages/95/b0/d63e3fcb71b8ff521311370493d4836a2d33656d6b8c42c7c2ffef955db1/kvxopt-1.3.3.0-cp39-cp39-macosx_14_0_arm64.whl (from https://pypi.org/simple/kvxopt/) (requires-python:!=3.0.*,!=3.1.*,!=3.2.*,!=3.3.*,!=3.4.*,>=3.5)
2026-07-30T19:03:41,355   Skipping link: none of the wheel's tags (cp39-cp39-macosx_15_0_arm64) are compatible (run pip debug --verbose to show compatible tags): https://files.pythonhosted.org/packages/f6/15/85216094d0d4953e2568534b87e7da83b3e1920a6e6335bd097bc75c81a3/kvxopt-1.3.3.0-cp39-cp39-macosx_15_0_arm64.whl (from https://pypi.org/simple/kvxopt/) (requires-python:!=3.0.*,!=3.1.*,!=3.2.*,!=3.3.*,!=3.4.*,>=3.5)
2026-07-30T19:03:41,355   Skipping link: none of the wheel's tags (cp39-cp39-manylinux2014_aarch64, cp39-cp39-manylinux_2_17_aarch64) are compatible (run pip debug --verbose to show compatible tags): https://files.pythonhosted.org/packages/cc/18/ad45766a51762a192f3220d66dfca92a752bc476e6c9c419540ac8a4f394/kvxopt-1.3.3.0-cp39-cp39-manylinux_2_17_aarch64.manylinux2014_aarch64.whl (from https://pypi.org/simple/kvxopt/) (requires-python:!=3.0.*,!=3.1.*,!=3.2.*,!=3.3.*,!=3.4.*,>=3.5)
2026-07-30T19:03:41,355   Skipping link: none of the wheel's tags (cp39-cp39-manylinux2014_x86_64, cp39-cp39-manylinux_2_17_x86_64) are compatible (run pip debug --verbose to show compatible tags): https://files.pythonhosted.org/packages/c5/4b/447082bec7d99ef8ad76f16beee8834bb2cfe8acfb370b4ea500047d3365/kvxopt-1.3.3.0-cp39-cp39-manylinux_2_17_x86_64.manylinux2014_x86_64.whl (from https://pypi.org/simple/kvxopt/) (requires-python:!=3.0.*,!=3.1.*,!=3.2.*,!=3.3.*,!=3.4.*,>=3.5)
2026-07-30T19:03:41,355   Skipping link: none of the wheel's tags (cp39-cp39-musllinux_1_2_aarch64) are compatible (run pip debug --verbose to show compatible tags): https://files.pythonhosted.org/packages/da/c0/63a62b931bb626d94c9ccfce006016452d13993cd2f730f0a6e679c83138/kvxopt-1.3.3.0-cp39-cp39-musllinux_1_2_aarch64.whl (from https://pypi.org/simple/kvxopt/) (requires-python:!=3.0.*,!=3.1.*,!=3.2.*,!=3.3.*,!=3.4.*,>=3.5)
2026-07-30T19:03:41,355   Skipping link: none of the wheel's tags (cp39-cp39-musllinux_1_2_x86_64) are compatible (run pip debug --verbose to show compatible tags): https://files.pythonhosted.org/packages/5f/c1/3016bee74eb17d312c4e8a4c22807cbc312ffa7a66e029bf6b65d57f5466/kvxopt-1.3.3.0-cp39-cp39-musllinux_1_2_x86_64.whl (from https://pypi.org/simple/kvxopt/) (requires-python:!=3.0.*,!=3.1.*,!=3.2.*,!=3.3.*,!=3.4.*,>=3.5)
2026-07-30T19:03:41,355   Skipping link: none of the wheel's tags (cp39-cp39-win_amd64) are compatible (run pip debug --verbose to show compatible tags): https://files.pythonhosted.org/packages/f9/85/002505cc8dff1cfebef3958a575ba36417a7d554d89b48d2938865b982fe/kvxopt-1.3.3.0-cp39-cp39-win_amd64.whl (from https://pypi.org/simple/kvxopt/) (requires-python:!=3.0.*,!=3.1.*,!=3.2.*,!=3.3.*,!=3.4.*,>=3.5)
2026-07-30T19:03:41,355   Found link https://files.pythonhosted.org/packages/39/e1/b6907a4eafb8f9e17ac25d7c8eff875c75ce4ccb67ee1f1ce50e6d33f125/kvxopt-1.3.3.0.tar.gz (from https://pypi.org/simple/kvxopt/) (requires-python:!=3.0.*,!=3.1.*,!=3.2.*,!=3.3.*,!=3.4.*,>=3.5), version: 1.3.3.0
2026-07-30T19:03:41,355   Skipping link: none of the wheel's tags (cp310-cp310-macosx_14_0_arm64) are compatible (run pip debug --verbose to show compatible tags): https://files.pythonhosted.org/packages/b5/97/a58a06ac2baccf48e89f04e13d9ab2e14bc2080c1f5e5773d54a9f1d2fe7/kvxopt-1.3.3.1-cp310-cp310-macosx_14_0_arm64.whl (from https://pypi.org/simple/kvxopt/) (requires-python:!=3.0.*,!=3.1.*,!=3.2.*,!=3.3.*,!=3.4.*,>=3.5)
2026-07-30T19:03:41,356   Skipping link: none of the wheel's tags (cp310-cp310-macosx_15_0_arm64) are compatible (run pip debug --verbose to show compatible tags): https://files.pythonhosted.org/packages/2f/44/4b76780a1a35270bc26f0c57cdc700cf20156c9e1f1e379c662765dacbc4/kvxopt-1.3.3.1-cp310-cp310-macosx_15_0_arm64.whl (from https://pypi.org/simple/kvxopt/) (requires-python:!=3.0.*,!=3.1.*,!=3.2.*,!=3.3.*,!=3.4.*,>=3.5)
2026-07-30T19:03:41,356   Skipping link: none of the wheel's tags (cp310-cp310-manylinux_2_27_aarch64, cp310-cp310-manylinux_2_28_aarch64) are compatible (run pip debug --verbose to show compatible tags): https://files.pythonhosted.org/packages/3c/ba/5907de5d3ef18ff03e33484510516d2b0b6d60bacb960cb2037f92e806e9/kvxopt-1.3.3.1-cp310-cp310-manylinux_2_27_aarch64.manylinux_2_28_aarch64.whl (from https://pypi.org/simple/kvxopt/) (requires-python:!=3.0.*,!=3.1.*,!=3.2.*,!=3.3.*,!=3.4.*,>=3.5)
2026-07-30T19:03:41,356   Skipping link: none of the wheel's tags (cp310-cp310-manylinux_2_27_x86_64, cp310-cp310-manylinux_2_28_x86_64) are compatible (run pip debug --verbose to show compatible tags): https://files.pythonhosted.org/packages/18/d4/f5765d4bd4f593daf221eb154314bc808a8c8ede38772dff7e628b11ec1c/kvxopt-1.3.3.1-cp310-cp310-manylinux_2_27_x86_64.manylinux_2_28_x86_64.whl (from https://pypi.org/simple/kvxopt/) (requires-python:!=3.0.*,!=3.1.*,!=3.2.*,!=3.3.*,!=3.4.*,>=3.5)
2026-07-30T19:03:41,356   Skipping link: none of the wheel's tags (cp310-cp310-musllinux_1_2_aarch64) are compatible (run pip debug --verbose to show compatible tags): https://files.pythonhosted.org/packages/ab/e0/08ba5625adf1ebf5417f7120fdbc41d2cc9e5d7c4e788a2330d516fe4562/kvxopt-1.3.3.1-cp310-cp310-musllinux_1_2_aarch64.whl (from https://pypi.org/simple/kvxopt/) (requires-python:!=3.0.*,!=3.1.*,!=3.2.*,!=3.3.*,!=3.4.*,>=3.5)
2026-07-30T19:03:41,356   Skipping link: none of the wheel's tags (cp310-cp310-musllinux_1_2_x86_64) are compatible (run pip debug --verbose to show compatible tags): https://files.pythonhosted.org/packages/1f/32/3db8cfac535cdbf318150a6d21504bab493daa43c5284fe1e698e2861f0d/kvxopt-1.3.3.1-cp310-cp310-musllinux_1_2_x86_64.whl (from https://pypi.org/simple/kvxopt/) (requires-python:!=3.0.*,!=3.1.*,!=3.2.*,!=3.3.*,!=3.4.*,>=3.5)
2026-07-30T19:03:41,356   Skipping link: none of the wheel's tags (cp310-cp310-win_amd64) are compatible (run pip debug --verbose to show compatible tags): https://files.pythonhosted.org/packages/4c/d1/b84a71b1072734c9a1c678112d9399e2ef8efc63e816aef09f63721b3e65/kvxopt-1.3.3.1-cp310-cp310-win_amd64.whl (from https://pypi.org/simple/kvxopt/) (requires-python:!=3.0.*,!=3.1.*,!=3.2.*,!=3.3.*,!=3.4.*,>=3.5)
2026-07-30T19:03:41,356   Skipping link: none of the wheel's tags (cp311-cp311-macosx_14_0_arm64) are compatible (run pip debug --verbose to show compatible tags): https://files.pythonhosted.org/packages/53/e6/89ad3696f8ee22906bc10377a4ea400d10e576339b2926334cdf23fc462f/kvxopt-1.3.3.1-cp311-cp311-macosx_14_0_arm64.whl (from https://pypi.org/simple/kvxopt/) (requires-python:!=3.0.*,!=3.1.*,!=3.2.*,!=3.3.*,!=3.4.*,>=3.5)
2026-07-30T19:03:41,356   Skipping link: none of the wheel's tags (cp311-cp311-macosx_15_0_arm64) are compatible (run pip debug --verbose to show compatible tags): https://files.pythonhosted.org/packages/10/30/e5a18f796d4dd03377aa71244a8dcf3c44edf1919da2352061b6e884b463/kvxopt-1.3.3.1-cp311-cp311-macosx_15_0_arm64.whl (from https://pypi.org/simple/kvxopt/) (requires-python:!=3.0.*,!=3.1.*,!=3.2.*,!=3.3.*,!=3.4.*,>=3.5)
2026-07-30T19:03:41,356   Skipping link: none of the wheel's tags (cp311-cp311-manylinux_2_27_aarch64, cp311-cp311-manylinux_2_28_aarch64) are compatible (run pip debug --verbose to show compatible tags): https://files.pythonhosted.org/packages/df/0a/16cb097e9e79518284c2c4e23c9b254b5f103c46c4c0659d2dd5af4e3dec/kvxopt-1.3.3.1-cp311-cp311-manylinux_2_27_aarch64.manylinux_2_28_aarch64.whl (from https://pypi.org/simple/kvxopt/) (requires-python:!=3.0.*,!=3.1.*,!=3.2.*,!=3.3.*,!=3.4.*,>=3.5)
2026-07-30T19:03:41,356   Skipping link: none of the wheel's tags (cp311-cp311-manylinux_2_27_x86_64, cp311-cp311-manylinux_2_28_x86_64) are compatible (run pip debug --verbose to show compatible tags): https://files.pythonhosted.org/packages/e3/91/d620a2bf271ae7f77b1f14efb13a7df1a7bf1338a88886a64bca7e473d32/kvxopt-1.3.3.1-cp311-cp311-manylinux_2_27_x86_64.manylinux_2_28_x86_64.whl (from https://pypi.org/simple/kvxopt/) (requires-python:!=3.0.*,!=3.1.*,!=3.2.*,!=3.3.*,!=3.4.*,>=3.5)
2026-07-30T19:03:41,357   Skipping link: none of the wheel's tags (cp311-cp311-musllinux_1_2_aarch64) are compatible (run pip debug --verbose to show compatible tags): https://files.pythonhosted.org/packages/23/58/6cf5f3c527cde9215df1ba164f7e7e85726318a757cf50b62eec0285cc60/kvxopt-1.3.3.1-cp311-cp311-musllinux_1_2_aarch64.whl (from https://pypi.org/simple/kvxopt/) (requires-python:!=3.0.*,!=3.1.*,!=3.2.*,!=3.3.*,!=3.4.*,>=3.5)
2026-07-30T19:03:41,357   Skipping link: none of the wheel's tags (cp311-cp311-musllinux_1_2_x86_64) are compatible (run pip debug --verbose to show compatible tags): https://files.pythonhosted.org/packages/2a/77/7afa8521bf26ef8a04df1d6a43938cf80723c3a5b8e66cb4c21237983b2b/kvxopt-1.3.3.1-cp311-cp311-musllinux_1_2_x86_64.whl (from https://pypi.org/simple/kvxopt/) (requires-python:!=3.0.*,!=3.1.*,!=3.2.*,!=3.3.*,!=3.4.*,>=3.5)
2026-07-30T19:03:41,357   Found link https://files.pythonhosted.org/packages/59/65/6a39827edb6883400a145feb07640e3256ac88e04c0fc1fbc67a464e9246/kvxopt-1.3.3.1-cp311-cp311-win_amd64.whl (from https://pypi.org/simple/kvxopt/) (requires-python:!=3.0.*,!=3.1.*,!=3.2.*,!=3.3.*,!=3.4.*,>=3.5), version: 1.3.3.1
2026-07-30T19:03:41,357   Skipping link: none of the wheel's tags (cp312-cp312-macosx_14_0_arm64) are compatible (run pip debug --verbose to show compatible tags): https://files.pythonhosted.org/packages/ab/0c/ac61aa20424662e6561bf8abb7790f9b236e23de89c6cf372cfecef2ffe6/kvxopt-1.3.3.1-cp312-cp312-macosx_14_0_arm64.whl (from https://pypi.org/simple/kvxopt/) (requires-python:!=3.0.*,!=3.1.*,!=3.2.*,!=3.3.*,!=3.4.*,>=3.5)
2026-07-30T19:03:41,357   Skipping link: none of the wheel's tags (cp312-cp312-macosx_15_0_arm64) are compatible (run pip debug --verbose to show compatible tags): https://files.pythonhosted.org/packages/24/6b/ba99bfb309d5b9011cbc03a16e415a1d28c70ae3d61eb1adb8d59823e089/kvxopt-1.3.3.1-cp312-cp312-macosx_15_0_arm64.whl (from https://pypi.org/simple/kvxopt/) (requires-python:!=3.0.*,!=3.1.*,!=3.2.*,!=3.3.*,!=3.4.*,>=3.5)
2026-07-30T19:03:41,357   Skipping link: none of the wheel's tags (cp312-cp312-manylinux_2_27_aarch64, cp312-cp312-manylinux_2_28_aarch64) are compatible (run pip debug --verbose to show compatible tags): https://files.pythonhosted.org/packages/5a/15/142fa9b16e2150dc7b2f7e7c8052b8c53b7a44d47213d333246c48046b89/kvxopt-1.3.3.1-cp312-cp312-manylinux_2_27_aarch64.manylinux_2_28_aarch64.whl (from https://pypi.org/simple/kvxopt/) (requires-python:!=3.0.*,!=3.1.*,!=3.2.*,!=3.3.*,!=3.4.*,>=3.5)
2026-07-30T19:03:41,357   Skipping link: none of the wheel's tags (cp312-cp312-manylinux_2_27_x86_64, cp312-cp312-manylinux_2_28_x86_64) are compatible (run pip debug --verbose to show compatible tags): https://files.pythonhosted.org/packages/b3/53/e287f4b650bfac129b487455ec2704a41bbceba2a89a1193fdb11f005a38/kvxopt-1.3.3.1-cp312-cp312-manylinux_2_27_x86_64.manylinux_2_28_x86_64.whl (from https://pypi.org/simple/kvxopt/) (requires-python:!=3.0.*,!=3.1.*,!=3.2.*,!=3.3.*,!=3.4.*,>=3.5)
2026-07-30T19:03:41,357   Skipping link: none of the wheel's tags (cp312-cp312-musllinux_1_2_aarch64) are compatible (run pip debug --verbose to show compatible tags): https://files.pythonhosted.org/packages/e0/b1/426c2747106e95dcf3c8795c7ac791ed5f86148c0a89b435cd2a0d7affb7/kvxopt-1.3.3.1-cp312-cp312-musllinux_1_2_aarch64.whl (from https://pypi.org/simple/kvxopt/) (requires-python:!=3.0.*,!=3.1.*,!=3.2.*,!=3.3.*,!=3.4.*,>=3.5)
2026-07-30T19:03:41,357   Skipping link: none of the wheel's tags (cp312-cp312-musllinux_1_2_x86_64) are compatible (run pip debug --verbose to show compatible tags): https://files.pythonhosted.org/packages/4f/2e/89731c1d9d495e00e97c24989839bd31fc4d6bc90ec553cc5b1d5366dbc0/kvxopt-1.3.3.1-cp312-cp312-musllinux_1_2_x86_64.whl (from https://pypi.org/simple/kvxopt/) (requires-python:!=3.0.*,!=3.1.*,!=3.2.*,!=3.3.*,!=3.4.*,>=3.5)
2026-07-30T19:03:41,358   Skipping link: none of the wheel's tags (cp312-cp312-win_amd64) are compatible (run pip debug --verbose to show compatible tags): https://files.pythonhosted.org/packages/93/72/94f0777edb32c51031f46ac352e2354658bbf6e6983bce36505f55ce09ac/kvxopt-1.3.3.1-cp312-cp312-win_amd64.whl (from https://pypi.org/simple/kvxopt/) (requires-python:!=3.0.*,!=3.1.*,!=3.2.*,!=3.3.*,!=3.4.*,>=3.5)
2026-07-30T19:03:41,358   Skipping link: none of the wheel's tags (cp313-cp313-macosx_14_0_arm64) are compatible (run pip debug --verbose to show compatible tags): https://files.pythonhosted.org/packages/47/ec/a36b514a2a708141e452489e754ed90da5dd495ac6525492f1b3bb3591d5/kvxopt-1.3.3.1-cp313-cp313-macosx_14_0_arm64.whl (from https://pypi.org/simple/kvxopt/) (requires-python:!=3.0.*,!=3.1.*,!=3.2.*,!=3.3.*,!=3.4.*,>=3.5)
2026-07-30T19:03:41,358   Skipping link: none of the wheel's tags (cp313-cp313-macosx_15_0_arm64) are compatible (run pip debug --verbose to show compatible tags): https://files.pythonhosted.org/packages/ad/91/1ba0be54e34c2f4cef1f1fab30ec615a481f0ae9f514601b2e139c29f3c7/kvxopt-1.3.3.1-cp313-cp313-macosx_15_0_arm64.whl (from https://pypi.org/simple/kvxopt/) (requires-python:!=3.0.*,!=3.1.*,!=3.2.*,!=3.3.*,!=3.4.*,>=3.5)
2026-07-30T19:03:41,358   Skipping link: none of the wheel's tags (cp313-cp313-manylinux_2_27_aarch64, cp313-cp313-manylinux_2_28_aarch64) are compatible (run pip debug --verbose to show compatible tags): https://files.pythonhosted.org/packages/1b/a8/d16f54d96b92f21a41e92b329ab72da8f7999dcc9eb29219ac3271ac0569/kvxopt-1.3.3.1-cp313-cp313-manylinux_2_27_aarch64.manylinux_2_28_aarch64.whl (from https://pypi.org/simple/kvxopt/) (requires-python:!=3.0.*,!=3.1.*,!=3.2.*,!=3.3.*,!=3.4.*,>=3.5)
2026-07-30T19:03:41,358   Skipping link: none of the wheel's tags (cp313-cp313-manylinux_2_27_x86_64, cp313-cp313-manylinux_2_28_x86_64) are compatible (run pip debug --verbose to show compatible tags): https://files.pythonhosted.org/packages/b0/79/4b8e765bee0aab59a65111d65a35723ec5b64241690a39e736d9df9f124e/kvxopt-1.3.3.1-cp313-cp313-manylinux_2_27_x86_64.manylinux_2_28_x86_64.whl (from https://pypi.org/simple/kvxopt/) (requires-python:!=3.0.*,!=3.1.*,!=3.2.*,!=3.3.*,!=3.4.*,>=3.5)
2026-07-30T19:03:41,358   Skipping link: none of the wheel's tags (cp313-cp313-musllinux_1_2_aarch64) are compatible (run pip debug --verbose to show compatible tags): https://files.pythonhosted.org/packages/c4/2a/5e6cd21b21e1a2ae1e7f2d8db47d1ba0cbdb0b03e963b0ea959286b66523/kvxopt-1.3.3.1-cp313-cp313-musllinux_1_2_aarch64.whl (from https://pypi.org/simple/kvxopt/) (requires-python:!=3.0.*,!=3.1.*,!=3.2.*,!=3.3.*,!=3.4.*,>=3.5)
2026-07-30T19:03:41,358   Skipping link: none of the wheel's tags (cp313-cp313-musllinux_1_2_x86_64) are compatible (run pip debug --verbose to show compatible tags): https://files.pythonhosted.org/packages/8e/12/08418fe88319b894e9d87f3db7dc95917982a1c203144327c3b8957ff346/kvxopt-1.3.3.1-cp313-cp313-musllinux_1_2_x86_64.whl (from https://pypi.org/simple/kvxopt/) (requires-python:!=3.0.*,!=3.1.*,!=3.2.*,!=3.3.*,!=3.4.*,>=3.5)
2026-07-30T19:03:41,358   Skipping link: none of the wheel's tags (cp313-cp313-win_amd64) are compatible (run pip debug --verbose to show compatible tags): https://files.pythonhosted.org/packages/1a/fe/bcafd673ea33a7bd47ffc820f1f4563126853243e587d8086475212cf067/kvxopt-1.3.3.1-cp313-cp313-win_amd64.whl (from https://pypi.org/simple/kvxopt/) (requires-python:!=3.0.*,!=3.1.*,!=3.2.*,!=3.3.*,!=3.4.*,>=3.5)
2026-07-30T19:03:41,358   Skipping link: none of the wheel's tags (cp314-cp314-macosx_14_0_arm64) are compatible (run pip debug --verbose to show compatible tags): https://files.pythonhosted.org/packages/43/47/c2063faa8e300560d868e167da2a106cb4f0e281373a74acc36492298eae/kvxopt-1.3.3.1-cp314-cp314-macosx_14_0_arm64.whl (from https://pypi.org/simple/kvxopt/) (requires-python:!=3.0.*,!=3.1.*,!=3.2.*,!=3.3.*,!=3.4.*,>=3.5)
2026-07-30T19:03:41,358   Skipping link: none of the wheel's tags (cp314-cp314-macosx_15_0_arm64) are compatible (run pip debug --verbose to show compatible tags): https://files.pythonhosted.org/packages/59/76/ea5980ddda5361d42f8443d4d9c9a69524c08150368533785f31ddea1eb2/kvxopt-1.3.3.1-cp314-cp314-macosx_15_0_arm64.whl (from https://pypi.org/simple/kvxopt/) (requires-python:!=3.0.*,!=3.1.*,!=3.2.*,!=3.3.*,!=3.4.*,>=3.5)
2026-07-30T19:03:41,359   Skipping link: none of the wheel's tags (cp314-cp314-manylinux_2_27_aarch64, cp314-cp314-manylinux_2_28_aarch64) are compatible (run pip debug --verbose to show compatible tags): https://files.pythonhosted.org/packages/9b/70/efe8c10a23f2598e14d104bbcdd296eb1b50ad74493cd511e6d9fb31f9aa/kvxopt-1.3.3.1-cp314-cp314-manylinux_2_27_aarch64.manylinux_2_28_aarch64.whl (from https://pypi.org/simple/kvxopt/) (requires-python:!=3.0.*,!=3.1.*,!=3.2.*,!=3.3.*,!=3.4.*,>=3.5)
2026-07-30T19:03:41,359   Skipping link: none of the wheel's tags (cp314-cp314-manylinux_2_27_x86_64, cp314-cp314-manylinux_2_28_x86_64) are compatible (run pip debug --verbose to show compatible tags): https://files.pythonhosted.org/packages/b2/90/3093ac35dbf8911b6b2fc14b3ee06a98186cd8a9fe61b48d916706c1b109/kvxopt-1.3.3.1-cp314-cp314-manylinux_2_27_x86_64.manylinux_2_28_x86_64.whl (from https://pypi.org/simple/kvxopt/) (requires-python:!=3.0.*,!=3.1.*,!=3.2.*,!=3.3.*,!=3.4.*,>=3.5)
2026-07-30T19:03:41,359   Skipping link: none of the wheel's tags (cp314-cp314-musllinux_1_2_aarch64) are compatible (run pip debug --verbose to show compatible tags): https://files.pythonhosted.org/packages/8e/b7/9713a73c1d141395beac5653399c12967b90e54ab95974ab4acffc164e11/kvxopt-1.3.3.1-cp314-cp314-musllinux_1_2_aarch64.whl (from https://pypi.org/simple/kvxopt/) (requires-python:!=3.0.*,!=3.1.*,!=3.2.*,!=3.3.*,!=3.4.*,>=3.5)
2026-07-30T19:03:41,359   Skipping link: none of the wheel's tags (cp314-cp314-musllinux_1_2_x86_64) are compatible (run pip debug --verbose to show compatible tags): https://files.pythonhosted.org/packages/9f/1b/197c9ed2ed44bb257030d9a6591e5e1efb85bd851efd555e1c7619723f85/kvxopt-1.3.3.1-cp314-cp314-musllinux_1_2_x86_64.whl (from https://pypi.org/simple/kvxopt/) (requires-python:!=3.0.*,!=3.1.*,!=3.2.*,!=3.3.*,!=3.4.*,>=3.5)
2026-07-30T19:03:41,359   Skipping link: none of the wheel's tags (cp314-cp314-win_amd64) are compatible (run pip debug --verbose to show compatible tags): https://files.pythonhosted.org/packages/45/e8/f9d03c143c03066872c7d422f4fde216126f564800fcd933b6971ed68fe3/kvxopt-1.3.3.1-cp314-cp314-win_amd64.whl (from https://pypi.org/simple/kvxopt/) (requires-python:!=3.0.*,!=3.1.*,!=3.2.*,!=3.3.*,!=3.4.*,>=3.5)
2026-07-30T19:03:41,359   Skipping link: none of the wheel's tags (cp39-cp39-macosx_14_0_arm64) are compatible (run pip debug --verbose to show compatible tags): https://files.pythonhosted.org/packages/cf/66/599594eca54a4b31ed9157ab427e6a145a739e094ca08d8e741d1952fe7c/kvxopt-1.3.3.1-cp39-cp39-macosx_14_0_arm64.whl (from https://pypi.org/simple/kvxopt/) (requires-python:!=3.0.*,!=3.1.*,!=3.2.*,!=3.3.*,!=3.4.*,>=3.5)
2026-07-30T19:03:41,359   Skipping link: none of the wheel's tags (cp39-cp39-macosx_15_0_arm64) are compatible (run pip debug --verbose to show compatible tags): https://files.pythonhosted.org/packages/3c/4f/f9bd4a2aaf0d359fa3d44da76d3aa736d88fd38b57d20f801260917bc6e2/kvxopt-1.3.3.1-cp39-cp39-macosx_15_0_arm64.whl (from https://pypi.org/simple/kvxopt/) (requires-python:!=3.0.*,!=3.1.*,!=3.2.*,!=3.3.*,!=3.4.*,>=3.5)
2026-07-30T19:03:41,359   Skipping link: none of the wheel's tags (cp39-cp39-manylinux_2_27_aarch64, cp39-cp39-manylinux_2_28_aarch64) are compatible (run pip debug --verbose to show compatible tags): https://files.pythonhosted.org/packages/ca/d2/668ee7e13a47f662f57a6a9ba0572f367fac10138e0526a6bc702367a86b/kvxopt-1.3.3.1-cp39-cp39-manylinux_2_27_aarch64.manylinux_2_28_aarch64.whl (from https://pypi.org/simple/kvxopt/) (requires-python:!=3.0.*,!=3.1.*,!=3.2.*,!=3.3.*,!=3.4.*,>=3.5)
2026-07-30T19:03:41,359   Skipping link: none of the wheel's tags (cp39-cp39-manylinux_2_27_x86_64, cp39-cp39-manylinux_2_28_x86_64) are compatible (run pip debug --verbose to show compatible tags): https://files.pythonhosted.org/packages/39/f8/bb15178df0f840126a57c5c4bad8c43d30c193fac2dbcbff08026a798cc3/kvxopt-1.3.3.1-cp39-cp39-manylinux_2_27_x86_64.manylinux_2_28_x86_64.whl (from https://pypi.org/simple/kvxopt/) (requires-python:!=3.0.*,!=3.1.*,!=3.2.*,!=3.3.*,!=3.4.*,>=3.5)
2026-07-30T19:03:41,360   Skipping link: none of the wheel's tags (cp39-cp39-musllinux_1_2_aarch64) are compatible (run pip debug --verbose to show compatible tags): https://files.pythonhosted.org/packages/3b/ac/e38c70910f46d123aad2554bc793bd163d0ea999b90506be3566de540533/kvxopt-1.3.3.1-cp39-cp39-musllinux_1_2_aarch64.whl (from https://pypi.org/simple/kvxopt/) (requires-python:!=3.0.*,!=3.1.*,!=3.2.*,!=3.3.*,!=3.4.*,>=3.5)
2026-07-30T19:03:41,360   Skipping link: none of the wheel's tags (cp39-cp39-musllinux_1_2_x86_64) are compatible (run pip debug --verbose to show compatible tags): https://files.pythonhosted.org/packages/a2/b8/080c2e675b92744b139671971addb7a18d7509103c3b0dd7f24887894869/kvxopt-1.3.3.1-cp39-cp39-musllinux_1_2_x86_64.whl (from https://pypi.org/simple/kvxopt/) (requires-python:!=3.0.*,!=3.1.*,!=3.2.*,!=3.3.*,!=3.4.*,>=3.5)
2026-07-30T19:03:41,360   Skipping link: none of the wheel's tags (cp39-cp39-win_amd64) are compatible (run pip debug --verbose to show compatible tags): https://files.pythonhosted.org/packages/69/ae/25ee4359336b1cffdb72c491c6a8bb0de8a8b5357633d46c4410a658a63f/kvxopt-1.3.3.1-cp39-cp39-win_amd64.whl (from https://pypi.org/simple/kvxopt/) (requires-python:!=3.0.*,!=3.1.*,!=3.2.*,!=3.3.*,!=3.4.*,>=3.5)
2026-07-30T19:03:41,360   Found link https://files.pythonhosted.org/packages/94/0d/0e8b1c6c60894bc703ceeb4db759bdfa35d65c9cd0d751495484fdbc09c8/kvxopt-1.3.3.1.tar.gz (from https://pypi.org/simple/kvxopt/) (requires-python:!=3.0.*,!=3.1.*,!=3.2.*,!=3.3.*,!=3.4.*,>=3.5), version: 1.3.3.1
2026-07-30T19:03:41,361 Skipping link: not a file: https://pypi.org/simple/kvxopt/
2026-07-30T19:03:41,361 Given no hashes to check 14 links for project 'kvxopt': discarding no candidates
2026-07-30T19:03:41,362 Collecting kvxopt<1.4,>=1.3.2.0 (from andes==2.0.0)
2026-07-30T19:03:41,362   Obtaining dependency information for kvxopt<1.4,>=1.3.2.0 from https://files.pythonhosted.org/packages/59/65/6a39827edb6883400a145feb07640e3256ac88e04c0fc1fbc67a464e9246/kvxopt-1.3.3.1-cp311-cp311-win_amd64.whl.metadata
2026-07-30T19:03:41,362   Created temporary directory: C:\Users\Administrator\AppData\Local\Temp\pip-unpack-54225g_x
2026-07-30T19:03:41,364   Using cached kvxopt-1.3.3.1-cp311-cp311-win_amd64.whl.metadata (4.4 kB)
2026-07-30T19:03:41,366   Created temporary directory: C:\Users\Administrator\AppData\Local\Temp\pip-metadata-iraiteee
2026-07-30T19:03:41,366 Requirement already satisfied: numpy in D:\Miniconda3\envs\topo_sfr\Lib\site-packages (from andes==2.0.0) (2.4.6)
2026-07-30T19:03:41,366 Requirement already satisfied: scipy<2 in D:\Miniconda3\envs\topo_sfr\Lib\site-packages (from andes==2.0.0) (1.17.1)
2026-07-30T19:03:41,366 Requirement already satisfied: sympy!=1.10.0,>=1.6 in D:\Miniconda3\envs\topo_sfr\Lib\site-packages (from andes==2.0.0) (1.14.0)
2026-07-30T19:03:41,366 Requirement already satisfied: pandas in D:\Miniconda3\envs\topo_sfr\Lib\site-packages (from andes==2.0.0) (3.0.3)
2026-07-30T19:03:41,366 Requirement already satisfied: matplotlib in D:\Miniconda3\envs\topo_sfr\Lib\site-packages (from andes==2.0.0) (3.11.1)
2026-07-30T19:03:41,366 1 location(s) to search for versions of openpyxl:
2026-07-30T19:03:41,366 * https://pypi.org/simple/openpyxl/
2026-07-30T19:03:41,366 Fetching project page and analyzing links: https://pypi.org/simple/openpyxl/
2026-07-30T19:03:41,366 Getting page https://pypi.org/simple/openpyxl/
2026-07-30T19:03:41,366 Found index url https://pypi.org/simple/
2026-07-30T19:03:41,621 Fetched page https://pypi.org/simple/openpyxl/ as application/vnd.pypi.simple.v1+json
2026-07-30T19:03:41,621   Skipping link: unsupported archive format: .egg: https://files.pythonhosted.org/packages/a6/c2/e17d4cc78cab8f377dfd73cd14b244a39c8c85b6954de4551fca18ca4014/openpyxl-1.1.0-py2.6.egg (from https://pypi.org/simple/openpyxl/)
2026-07-30T19:03:41,621   Found link https://files.pythonhosted.org/packages/e1/1d/5dc30fb11ce5a51e14978a8753f1a3e1102a650835541e6966c4c6eb7f3d/openpyxl-1.1.0.zip (from https://pypi.org/simple/openpyxl/), version: 1.1.0
2026-07-30T19:03:41,621   Found link https://files.pythonhosted.org/packages/07/cf/3735b4aa4d37364497f6f70e23e38485b1589f6063e2f4f82e079da9e8f6/openpyxl-1.1.4.zip (from https://pypi.org/simple/openpyxl/), version: 1.1.4
2026-07-30T19:03:41,621   Found link https://files.pythonhosted.org/packages/b9/5d/63fdc39615d9236e4100d5344e574d12c10e4219098a6d515b240f1cee35/openpyxl-1.1.5.tar.gz (from https://pypi.org/simple/openpyxl/), version: 1.1.5
2026-07-30T19:03:41,621   Found link https://files.pythonhosted.org/packages/84/d4/ee10959ad05c79e0fc716a09289c06c96d02623f9e194e084ec12ee1cbb3/openpyxl-1.1.6.zip (from https://pypi.org/simple/openpyxl/), version: 1.1.6
2026-07-30T19:03:41,621   Found link https://files.pythonhosted.org/packages/a9/c7/b9ab6c3f8a3e48c78d46f124623fb778a03bf91b61230b473ba5e0e641eb/openpyxl-1.1.7.zip (from https://pypi.org/simple/openpyxl/), version: 1.1.7
2026-07-30T19:03:41,621   Found link https://files.pythonhosted.org/packages/d9/9a/95e23a0d3b1a42343b69797973b04385be0327fc1f8641d83b122a0c7598/openpyxl-1.2.3.zip (from https://pypi.org/simple/openpyxl/), version: 1.2.3
2026-07-30T19:03:41,621   Found link https://files.pythonhosted.org/packages/e0/a2/698e374f512fa85b05f148bfe2446db22fe9d6101ed3061233d9294b20e6/openpyxl-1.5.0.tar.gz (from https://pypi.org/simple/openpyxl/), version: 1.5.0
2026-07-30T19:03:41,621   Found link https://files.pythonhosted.org/packages/ea/27/bf2b35cfc3da94e05eb23b29c4552c5da4a63f907f1e94b8f33eab4f07aa/openpyxl-1.5.1.tar.gz (from https://pypi.org/simple/openpyxl/), version: 1.5.1
2026-07-30T19:03:41,621   Found link https://files.pythonhosted.org/packages/12/71/354ca3bae53210dd6159648a8001d6088ff417b1597a3f7f73802db00fb6/openpyxl-1.5.2.tar.gz (from https://pypi.org/simple/openpyxl/), version: 1.5.2
2026-07-30T19:03:41,621   Found link https://files.pythonhosted.org/packages/ae/34/a8b153b069aa223ab82f0728568d41ae95c1beecbe79db7247d45a7fc00a/openpyxl-1.5.3.tar.gz (from https://pypi.org/simple/openpyxl/), version: 1.5.3
2026-07-30T19:03:41,621   Found link https://files.pythonhosted.org/packages/8e/aa/9342aac6596b45aaeb42e7c8717b57874a447b81ecf02400e129c9dbd911/openpyxl-1.5.4.tar.gz (from https://pypi.org/simple/openpyxl/), version: 1.5.4
2026-07-30T19:03:41,621   Found link https://files.pythonhosted.org/packages/9e/6f/b941a8786d891ed66657084571e0508f56a8e654e591823d88cb817b2a4a/openpyxl-1.5.5.tar.gz (from https://pypi.org/simple/openpyxl/), version: 1.5.5
2026-07-30T19:03:41,621   Found link https://files.pythonhosted.org/packages/d4/e3/efdd66c946ec996be87cc477d9d92c29ce5bbca06854a92089880da25b02/openpyxl-1.5.6.tar.gz (from https://pypi.org/simple/openpyxl/), version: 1.5.6
2026-07-30T19:03:41,621   Found link https://files.pythonhosted.org/packages/cf/56/7a1414fafc30066ac1c3018fd5b89e2d1ab969b73890ec7c5ca0471a3c1d/openpyxl-1.5.7.tar.gz (from https://pypi.org/simple/openpyxl/), version: 1.5.7
2026-07-30T19:03:41,621   Found link https://files.pythonhosted.org/packages/1e/d3/51611202fa4594d0c1ecebc157ef6ef3f044ef6652b0a7ab3fa38c119581/openpyxl-1.5.8.tar.gz (from https://pypi.org/simple/openpyxl/), version: 1.5.8
2026-07-30T19:03:41,621   Found link https://files.pythonhosted.org/packages/de/7f/46513ffbf77e899c9a3618ee7388ce7525373ff42f84931eafa53a9c7198/openpyxl-1.6.1.tar.gz (from https://pypi.org/simple/openpyxl/), version: 1.6.1
2026-07-30T19:03:41,621   Found link https://files.pythonhosted.org/packages/96/53/3782b6cc03500c0949a7ba9dba0c70da95d63d0ed4a04446123987ff983f/openpyxl-1.6.2.tar.gz (from https://pypi.org/simple/openpyxl/), version: 1.6.2
2026-07-30T19:03:41,621   Found link https://files.pythonhosted.org/packages/80/cd/aa0ec13f37396103c0a066b2ddb6ae558b039f3d026f53a2c0693780feea/openpyxl-1.7.0-py2.py3-none-any.whl (from https://pypi.org/simple/openpyxl/), version: 1.7.0
2026-07-30T19:03:41,621   Found link https://files.pythonhosted.org/packages/4e/8d/299d075eebb6e91d7d5814aa99ac7ec5314793edb43762959fbc757dc04e/openpyxl-1.7.0.tar.gz (from https://pypi.org/simple/openpyxl/), version: 1.7.0
2026-07-30T19:03:41,621   Found link https://files.pythonhosted.org/packages/43/65/bd8eed389b145f5c913a6d784a7a0c6ff90dda49058ea791aa1bcba5d56c/openpyxl-1.8.0-py2.py3-none-any.whl (from https://pypi.org/simple/openpyxl/), version: 1.8.0
2026-07-30T19:03:41,621   Found link https://files.pythonhosted.org/packages/86/58/da029ca7083d654f5bd4a6b29590309fc7070290c9050f82b9455ebfa301/openpyxl-1.8.0.tar.gz (from https://pypi.org/simple/openpyxl/), version: 1.8.0
2026-07-30T19:03:41,621   Found link https://files.pythonhosted.org/packages/af/30/0b717ddcb6224cddd44ed637353e0fe85db6e15ce016913ba06641d104d0/openpyxl-1.8.1-py2.py3-none-any.whl (from https://pypi.org/simple/openpyxl/), version: 1.8.1
2026-07-30T19:03:41,621   Found link https://files.pythonhosted.org/packages/ae/57/f7c41c7d6a315d3ca088e4bbf7ae41af7ff360360c5c29f2b146818b23ef/openpyxl-1.8.1.tar.gz (from https://pypi.org/simple/openpyxl/), version: 1.8.1
2026-07-30T19:03:41,621   Found link https://files.pythonhosted.org/packages/6e/72/4d27f7634eb5f88fa778732366ef998593a9f7ca0c0485fad9b9906795c0/openpyxl-1.8.2-py2.py3-none-any.whl (from https://pypi.org/simple/openpyxl/), version: 1.8.2
2026-07-30T19:03:41,621   Found link https://files.pythonhosted.org/packages/b6/a5/1c5a627ee279cb9099ada10902dea449db9a85fb366b54078c8d60fece5c/openpyxl-1.8.2.tar.gz (from https://pypi.org/simple/openpyxl/), version: 1.8.2
2026-07-30T19:03:41,621   Found link https://files.pythonhosted.org/packages/97/e4/0c5209fa5d1b31bf1f72d674231f00892f79d66a287340388c9138a05bcd/openpyxl-1.8.3-py2.py3-none-any.whl (from https://pypi.org/simple/openpyxl/), version: 1.8.3
2026-07-30T19:03:41,621   Found link https://files.pythonhosted.org/packages/dd/3f/aa3349ab1be6847aed6e701e91bf3f44e8ade28f0498fc7feca5ffe87cdc/openpyxl-1.8.3.tar.gz (from https://pypi.org/simple/openpyxl/), version: 1.8.3
2026-07-30T19:03:41,621   Found link https://files.pythonhosted.org/packages/67/81/8a3a3acb9bd8d0e21f4e78b594fee0d1a4855f04e998a1dfef64dfa7aecd/openpyxl-1.8.4-py2.py3-none-any.whl (from https://pypi.org/simple/openpyxl/), version: 1.8.4
2026-07-30T19:03:41,621   Found link https://files.pythonhosted.org/packages/58/77/0d1815d63f8294042bedbf2a144709500736e8a285cd936bbc0002060bf4/openpyxl-1.8.4.tar.gz (from https://pypi.org/simple/openpyxl/), version: 1.8.4
2026-07-30T19:03:41,621   Found link https://files.pythonhosted.org/packages/0c/00/6d3c30426e0fbd0c0774a515fc959a278fe0d15561359b1d2ccf745ae8d5/openpyxl-1.8.5-py2.py3-none-any.whl (from https://pypi.org/simple/openpyxl/), version: 1.8.5
2026-07-30T19:03:41,621   Found link https://files.pythonhosted.org/packages/be/20/f6f8e04f8bdf540a912a8e8096f64212848e263e3801a3397b568b08829a/openpyxl-1.8.5.tar.gz (from https://pypi.org/simple/openpyxl/), version: 1.8.5
2026-07-30T19:03:41,621   Found link https://files.pythonhosted.org/packages/eb/38/e52d897f0529c470a335b347c6b4e7feb5992d231e3601f2ea0b33745075/openpyxl-1.8.6-py2.py3-none-any.whl (from https://pypi.org/simple/openpyxl/), version: 1.8.6
2026-07-30T19:03:41,621   Found link https://files.pythonhosted.org/packages/c2/ae/4ac6659a37bac4c496cc59378b95e5fbbaf3c1d6249827bb7c7516de979a/openpyxl-1.8.6.tar.gz (from https://pypi.org/simple/openpyxl/), version: 1.8.6
2026-07-30T19:03:41,621   Found link https://files.pythonhosted.org/packages/45/a5/efa6ad398411f0b8fbc15a612f37321e2024485b87a9c7beeb2b919bb91b/openpyxl-2.0.2-py2.py3-none-any.whl (from https://pypi.org/simple/openpyxl/), version: 2.0.2
2026-07-30T19:03:41,621   Found link https://files.pythonhosted.org/packages/d1/93/5e9d7323ba4cced35f71b8e3a1196223caeb4fe73be41d3d54d2861eed70/openpyxl-2.0.2.tar.gz (from https://pypi.org/simple/openpyxl/), version: 2.0.2
2026-07-30T19:03:41,627   Found link https://files.pythonhosted.org/packages/a2/62/f62377205abea4b42e43d868e6537b46a48646384e73d29631ab6c83d966/openpyxl-2.0.3.tar.gz (from https://pypi.org/simple/openpyxl/), version: 2.0.3
2026-07-30T19:03:41,627   Found link https://files.pythonhosted.org/packages/05/35/3706f16ccb843e984eb880b7b16e60d84f3ad2c07482dc8e1ec3cc6dab91/openpyxl-2.0.4.tar.gz (from https://pypi.org/simple/openpyxl/), version: 2.0.4
2026-07-30T19:03:41,627   Found link https://files.pythonhosted.org/packages/98/e4/55653becde3e5035fbec1f7aa9385133e9d62491529e4de1f208665b5ca3/openpyxl-2.0.5.tar.gz (from https://pypi.org/simple/openpyxl/), version: 2.0.5
2026-07-30T19:03:41,627   Found link https://files.pythonhosted.org/packages/61/71/31e90a336988a76659cee8a4422ffc83713d86b3c86801d474586acbd860/openpyxl-2.1.0.tar.gz (from https://pypi.org/simple/openpyxl/), version: 2.1.0
2026-07-30T19:03:41,627   Found link https://files.pythonhosted.org/packages/95/94/c5afbf3475582f4ad1d6b8e7ed2bd6d0d495d14f69a8a7933bfc6c5acee1/openpyxl-2.1.1.tar.gz (from https://pypi.org/simple/openpyxl/), version: 2.1.1
2026-07-30T19:03:41,627   Found link https://files.pythonhosted.org/packages/6a/1f/fd577542c72972d616eb0a43ed9a8ca6b87ff0a234897e79d8495450eb53/openpyxl-2.1.2.tar.gz (from https://pypi.org/simple/openpyxl/), version: 2.1.2
2026-07-30T19:03:41,627   Found link https://files.pythonhosted.org/packages/86/7a/bba821c554b5fbde20aaa70cf5ae8c284883f38162deee7852e068db6246/openpyxl-2.1.3.tar.gz (from https://pypi.org/simple/openpyxl/), version: 2.1.3
2026-07-30T19:03:41,627   Found link https://files.pythonhosted.org/packages/31/c8/c4502caedf814d65db4d549f46ff2c16291ec864a2e1ee4f8e890f60ba55/openpyxl-2.1.4.tar.gz (from https://pypi.org/simple/openpyxl/), version: 2.1.4
2026-07-30T19:03:41,627   Found link https://files.pythonhosted.org/packages/87/d5/8f5732092a76f38fe9f420e5f66335b7a072cb7e61024540a07cf18101b2/openpyxl-2.1.5.tar.gz (from https://pypi.org/simple/openpyxl/), version: 2.1.5
2026-07-30T19:03:41,627   Found link https://files.pythonhosted.org/packages/de/6c/46a2c08780ae44d6e4b7f2cb36fcf2b6d9a0ff30c188870d5b5805194fad/openpyxl-2.2.0.tar.gz (from https://pypi.org/simple/openpyxl/), version: 2.2.0
2026-07-30T19:03:41,627   Found link https://files.pythonhosted.org/packages/4d/ae/97826ed4870dc330ea2e011cb2754824ec37fcd878c61c6975e991ece545/openpyxl-2.2.1.tar.gz (from https://pypi.org/simple/openpyxl/), version: 2.2.1
2026-07-30T19:03:41,627   Found link https://files.pythonhosted.org/packages/ef/1c/2e708d00551777b6e4543a6bee74a170ca0f9517a319b0c458bbb3b535cb/openpyxl-2.2.2.tar.gz (from https://pypi.org/simple/openpyxl/), version: 2.2.2
2026-07-30T19:03:41,627   Found link https://files.pythonhosted.org/packages/35/49/ba575edfe9c997a8c30402970b46f097af667daf41433767c89f3c75d659/openpyxl-2.2.3.tar.gz (from https://pypi.org/simple/openpyxl/), version: 2.2.3
2026-07-30T19:03:41,627   Found link https://files.pythonhosted.org/packages/17/dd/beeaa43d6e878cf6c61a835303882a4d5fcd9252f2713905a0c65a78d94e/openpyxl-2.2.4.tar.gz (from https://pypi.org/simple/openpyxl/), version: 2.2.4
2026-07-30T19:03:41,627   Found link https://files.pythonhosted.org/packages/78/6a/11dc31b5479ff56dfbfd4bc58cd6e3c58fa37ebd3ade5b331bcd06618452/openpyxl-2.2.5.tar.gz (from https://pypi.org/simple/openpyxl/), version: 2.2.5
2026-07-30T19:03:41,627   Found link https://files.pythonhosted.org/packages/10/47/8b5e2ea9f5fa59ff2cf3d6c20f61d297c8167c637236b746c365ca1af619/openpyxl-2.2.6.tar.gz (from https://pypi.org/simple/openpyxl/), version: 2.2.6
2026-07-30T19:03:41,627   Found link https://files.pythonhosted.org/packages/5c/9e/2322fdc758eab8ea149b9c5d5fb1a5bef3e8db8a587a4ff4156d6cd490d7/openpyxl-2.3.0.tar.gz (from https://pypi.org/simple/openpyxl/), version: 2.3.0
2026-07-30T19:03:41,627   Found link https://files.pythonhosted.org/packages/95/b6/2dbbf3402fd4a10f4034c3c12ac24f2cc543233680bf142d93a679df9f40/openpyxl-2.3.1.tar.gz (from https://pypi.org/simple/openpyxl/), version: 2.3.1
2026-07-30T19:03:41,627   Found link https://files.pythonhosted.org/packages/f1/3f/e844465eea0d6bb592dfd2c09d15bab710e9c345e3e0b951def21e204480/openpyxl-2.3.2.tar.gz (from https://pypi.org/simple/openpyxl/), version: 2.3.2
2026-07-30T19:03:41,627   Found link https://files.pythonhosted.org/packages/41/c6/fc1dc840e85796a88296d55ba6f0b0747427fbd3bcf0d0e1c7962a493136/openpyxl-2.3.3.tar.gz (from https://pypi.org/simple/openpyxl/), version: 2.3.3
2026-07-30T19:03:41,627   Found link https://files.pythonhosted.org/packages/60/37/56e2e0d12ea5d3c3f4db30fd54d5372188cd269994fc2c427704fba21891/openpyxl-2.3.4.tar.gz (from https://pypi.org/simple/openpyxl/), version: 2.3.4
2026-07-30T19:03:41,627   Found link https://files.pythonhosted.org/packages/25/17/0d6096f9b2cb3e0ebb5b2fb60de016606f6dd599bec94ed524e84a1e2da8/openpyxl-2.3.5.tar.gz (from https://pypi.org/simple/openpyxl/), version: 2.3.5
2026-07-30T19:03:41,627   Found link https://files.pythonhosted.org/packages/7e/75/9bb309f80e4f75d139ecc55e9edf65c5844336b5a84966a609267255f961/openpyxl-2.4.0.tar.gz (from https://pypi.org/simple/openpyxl/), version: 2.4.0
2026-07-30T19:03:41,627   Found link https://files.pythonhosted.org/packages/dc/f2/c57f9f00f8ae5e1a73cb096dbf600433724f037ffcbd51c456f89da5efd9/openpyxl-2.4.1.tar.gz (from https://pypi.org/simple/openpyxl/), version: 2.4.1
2026-07-30T19:03:41,627   Found link https://files.pythonhosted.org/packages/56/c6/a2a7c36196e4732acceca093ce5961db907f5a855b557d6a727a7f59b8b4/openpyxl-2.4.2.tar.gz (from https://pypi.org/simple/openpyxl/), version: 2.4.2
2026-07-30T19:03:41,627   Found link https://files.pythonhosted.org/packages/9b/d7/f1f0795997940124f1305fb1c1775794bb3ba274261d6161d830d1fe9888/openpyxl-2.4.4.tar.gz (from https://pypi.org/simple/openpyxl/), version: 2.4.4
2026-07-30T19:03:41,627   Found link https://files.pythonhosted.org/packages/85/19/0794013228f8e68dbdfdde3fb5f75cd14e729ff55dee77c3500db3db59d8/openpyxl-2.4.5.tar.gz (from https://pypi.org/simple/openpyxl/), version: 2.4.5
2026-07-30T19:03:41,627   Found link https://files.pythonhosted.org/packages/1e/90/80833aecb57c4218a886fe3ecbf7bde0963bf0cb43d60015dee3ea790c36/openpyxl-2.4.7.tar.gz (from https://pypi.org/simple/openpyxl/), version: 2.4.7
2026-07-30T19:03:41,627   Found link https://files.pythonhosted.org/packages/b7/b5/7478e4ac88daa2e43d613a040bd392b6a692a2fd9d4d29f7a8b463808185/openpyxl-2.4.8.tar.gz (from https://pypi.org/simple/openpyxl/), version: 2.4.8
2026-07-30T19:03:41,627   Found link https://files.pythonhosted.org/packages/8c/75/c4e557207c7ff3d217d002d4fee32b4e5dbfc5498e2a2c9ce6b5424c5e37/openpyxl-2.4.9.tar.gz (from https://pypi.org/simple/openpyxl/), version: 2.4.9
2026-07-30T19:03:41,627   Found link https://files.pythonhosted.org/packages/f1/ce/9d5849539f3003f48c7af5eecccf5699aaa1cc5841e265adf88101e84b88/openpyxl-2.4.10.tar.gz (from https://pypi.org/simple/openpyxl/), version: 2.4.10
2026-07-30T19:03:41,627   Found link https://files.pythonhosted.org/packages/77/26/0bd1a39776f53b4f28e5bb1d26b3fcd99068584a7e1ddca4e09c0d5fd592/openpyxl-2.4.11.tar.gz (from https://pypi.org/simple/openpyxl/), version: 2.4.11
2026-07-30T19:03:41,627   Found link https://files.pythonhosted.org/packages/62/5d/82b7989dee698891ae3545b157fbbb1b345ec7f78be8167849156c71e71c/openpyxl-2.5.0.tar.gz (from https://pypi.org/simple/openpyxl/), version: 2.5.0
2026-07-30T19:03:41,627   Found link https://files.pythonhosted.org/packages/d3/51/155223455b2fea07f5ad85b0e7850223ce3adfedb78589e426c1661399a3/openpyxl-2.5.1.tar.gz (from https://pypi.org/simple/openpyxl/), version: 2.5.1
2026-07-30T19:03:41,627   Found link https://files.pythonhosted.org/packages/39/04/1d42dd32d35d05174566313401fc5334f6bc27a9e23494150cfa280f087b/openpyxl-2.5.2.tar.gz (from https://pypi.org/simple/openpyxl/), version: 2.5.2
2026-07-30T19:03:41,627   Found link https://files.pythonhosted.org/packages/dc/99/9c58d83d7f093c0af5f90875f8595d2e9587fc36532a8bb347608cf0876b/openpyxl-2.5.3.tar.gz (from https://pypi.org/simple/openpyxl/), version: 2.5.3
2026-07-30T19:03:41,627   Found link https://files.pythonhosted.org/packages/f6/13/3c1263b852377738eaa60f99602fb58cc8ad2fd1badb0b724b0d5b532727/openpyxl-2.5.4.tar.gz (from https://pypi.org/simple/openpyxl/), version: 2.5.4
2026-07-30T19:03:41,627   Found link https://files.pythonhosted.org/packages/d9/dd/5952829956827de7ff36eb70877fdffd6dbfacb670fae05eb7ccba52ace7/openpyxl-2.5.5.tar.gz (from https://pypi.org/simple/openpyxl/), version: 2.5.5
2026-07-30T19:03:41,627   Found link https://files.pythonhosted.org/packages/0d/75/d962c445610131dd3e2885e7e1fc9432848dc85a131fbdfa8b5b51dafce7/openpyxl-2.5.6.tar.gz (from https://pypi.org/simple/openpyxl/), version: 2.5.6
2026-07-30T19:03:41,627   Found link https://files.pythonhosted.org/packages/ef/2b/d61297ec61caddfe2935459e6c4600f37f74ebf4b794c4d28863958715bd/openpyxl-2.5.7.tar.gz (from https://pypi.org/simple/openpyxl/), version: 2.5.7
2026-07-30T19:03:41,627   Found link https://files.pythonhosted.org/packages/e5/0a/e0a095149a23cedd9c8db6cdde2af7f82105e219e14edea0c31a19aeff9e/openpyxl-2.5.8.tar.gz (from https://pypi.org/simple/openpyxl/), version: 2.5.8
2026-07-30T19:03:41,627   Found link https://files.pythonhosted.org/packages/04/18/64737cc6c5233e15374d21b4958a5600be52359e71063b4d4e7a604a1387/openpyxl-2.5.9.tar.gz (from https://pypi.org/simple/openpyxl/) (requires-python:>=2.7, !=3.0.*, !=3.1.*, !=3.2.*, !=3.3.*), version: 2.5.9
2026-07-30T19:03:41,627   Found link https://files.pythonhosted.org/packages/57/12/65fc2f7309ad4a9e1b17239f0b9bffee3464eb8eb529dbe463af47d5b2a2/openpyxl-2.5.10.tar.gz (from https://pypi.org/simple/openpyxl/) (requires-python:>=2.7, !=3.0.*, !=3.1.*, !=3.2.*, !=3.3.*), version: 2.5.10
2026-07-30T19:03:41,627   Found link https://files.pythonhosted.org/packages/38/7f/65d6b1700470749579b1585bbaf85fb8885f10fd53a77fb11915df913bbc/openpyxl-2.5.11.tar.gz (from https://pypi.org/simple/openpyxl/) (requires-python:>=2.7, !=3.0.*, !=3.1.*, !=3.2.*, !=3.3.*), version: 2.5.11
2026-07-30T19:03:41,627   Found link https://files.pythonhosted.org/packages/08/8a/509eb6f58672288da9a5884e1cc7e90819bc8dbef501161c4b40a6a4e46b/openpyxl-2.5.12.tar.gz (from https://pypi.org/simple/openpyxl/) (requires-python:>=2.7, !=3.0.*, !=3.1.*, !=3.2.*, !=3.3.*), version: 2.5.12
2026-07-30T19:03:41,627   Found link https://files.pythonhosted.org/packages/cf/63/811f01cd0e473e2d2ee2b257bf2ae95efaf960c4bee74195e331e8e139e2/openpyxl-2.5.14.tar.gz (from https://pypi.org/simple/openpyxl/) (requires-python:>=2.7, !=3.0.*, !=3.1.*, !=3.2.*, !=3.3.*), version: 2.5.14
2026-07-30T19:03:41,627   Found link https://files.pythonhosted.org/packages/68/75/e779f18a6e0612cdce0ed7a4e449f0a3ab0f43a262e55a630dbd9cfd961c/openpyxl-2.6.0a1.tar.gz (from https://pypi.org/simple/openpyxl/) (requires-python:>=2.7, !=3.0.*, !=3.1.*, !=3.2.*, !=3.3.*, !=3.4.*), version: 2.6.0a1
2026-07-30T19:03:41,627   Found link https://files.pythonhosted.org/packages/24/4c/9fee93b540de9d6124363126a57cf893b429e885b1e7fb7b9ef4a08cbe1f/openpyxl-2.6.0b1-py2.py3-none-any.whl (from https://pypi.org/simple/openpyxl/) (requires-python:>=2.7, !=3.0.*, !=3.1.*, !=3.2.*, !=3.3.*, !=3.4.*), version: 2.6.0b1
2026-07-30T19:03:41,627   Found link https://files.pythonhosted.org/packages/41/a8/257a30b5b7ce0e548bc03f5be3d4b262140c1f7a506038da63cd1f4d34ad/openpyxl-2.6.0.tar.gz (from https://pypi.org/simple/openpyxl/) (requires-python:>=2.7, !=3.0.*, !=3.1.*, !=3.2.*, !=3.3.*, !=3.4.*), version: 2.6.0
2026-07-30T19:03:41,627   Found link https://files.pythonhosted.org/packages/5f/f8/a5d3a4ab669f99154f87ab531192dd84ac79aae62efab662bd2d82a72194/openpyxl-2.6.1.tar.gz (from https://pypi.org/simple/openpyxl/) (requires-python:>=2.7, !=3.0.*, !=3.1.*, !=3.2.*, !=3.3.*, !=3.4.*), version: 2.6.1
2026-07-30T19:03:41,627   Found link https://files.pythonhosted.org/packages/ba/06/b899c8867518df19e242d8cbc82d4ba210f5ffbeebb7704c695e687ab59c/openpyxl-2.6.2.tar.gz (from https://pypi.org/simple/openpyxl/) (requires-python:>=2.7, !=3.0.*, !=3.1.*, !=3.2.*, !=3.3.*, !=3.4.*), version: 2.6.2
2026-07-30T19:03:41,627   Found link https://files.pythonhosted.org/packages/f5/39/942a406621c1ff0de38d7e4782991b1bac046415bf54a66655c959ee66e8/openpyxl-2.6.3.tar.gz (from https://pypi.org/simple/openpyxl/) (requires-python:>=2.7, !=3.0.*, !=3.1.*, !=3.2.*, !=3.3.*, !=3.4.*), version: 2.6.3
2026-07-30T19:03:41,627   Found link https://files.pythonhosted.org/packages/d6/26/eb28e975b7a37aad38d7ec4f7a0f652bdee6ecf36e6bd06f473c5af9b87b/openpyxl-2.6.4.tar.gz (from https://pypi.org/simple/openpyxl/) (requires-python:>=2.7, !=3.0.*, !=3.1.*, !=3.2.*, !=3.3.*, !=3.4.*), version: 2.6.4
2026-07-30T19:03:41,627   Found link https://files.pythonhosted.org/packages/6f/af/88ff9eef0b8f665aee1111ac6cede5ad12190c5bd726242bd2b26fc21b32/openpyxl-3.0.0.tar.gz (from https://pypi.org/simple/openpyxl/) (requires-python:>=3.6,), version: 3.0.0
2026-07-30T19:03:41,627   Found link https://files.pythonhosted.org/packages/1c/5d/e9087edae37ed185e883c9ec727215caba8b4044a8111ff033ebad85e508/openpyxl-3.0.1.tar.gz (from https://pypi.org/simple/openpyxl/) (requires-python:>=3.6,), version: 3.0.1
2026-07-30T19:03:41,627   Found link https://files.pythonhosted.org/packages/f4/5f/fb8706fba43b46716e252fdd3ffdfe801a63a0f4663b80b6f3421d85ab70/openpyxl-3.0.2.tar.gz (from https://pypi.org/simple/openpyxl/) (requires-python:>=3.6,), version: 3.0.2
2026-07-30T19:03:41,627   Found link https://files.pythonhosted.org/packages/95/8c/83563c60489954e5b80f9e2596b93a68e1ac4e4a730deb1aae632066d704/openpyxl-3.0.3.tar.gz (from https://pypi.org/simple/openpyxl/) (requires-python:>=3.6,), version: 3.0.3
2026-07-30T19:03:41,627   Found link https://files.pythonhosted.org/packages/f9/d8/be9dc2b17ba47f1db9032ed7e19915145b4c093f66bb36f0d919d2dc8ccf/openpyxl-3.0.4-py2.py3-none-any.whl (from https://pypi.org/simple/openpyxl/) (requires-python:>=3.6,), version: 3.0.4
2026-07-30T19:03:41,627   Found link https://files.pythonhosted.org/packages/f0/d9/cff8962e02d3d63b05b08687340b74534a2bb8dd84a6cf65be96c2937281/openpyxl-3.0.4.tar.gz (from https://pypi.org/simple/openpyxl/) (requires-python:>=3.6,), version: 3.0.4
2026-07-30T19:03:41,627   Found link https://files.pythonhosted.org/packages/5c/90/61f83be1c335a9b69fa773784a785d9de95c7561d1661918796fd1cba3d2/openpyxl-3.0.5-py2.py3-none-any.whl (from https://pypi.org/simple/openpyxl/) (requires-python:>=3.6,), version: 3.0.5
2026-07-30T19:03:41,627   Found link https://files.pythonhosted.org/packages/40/32/ee6469111cc624ec00c073986dbd05430ba7265138260cd6dd3771311c3b/openpyxl-3.0.5.tar.gz (from https://pypi.org/simple/openpyxl/) (requires-python:>=3.6,), version: 3.0.5
2026-07-30T19:03:41,627   Found link https://files.pythonhosted.org/packages/d4/c5/1a5f82b3020bfb27f21b302f96c8ae6a34475070015d1b1e0b197a97e2af/openpyxl-3.0.6-py2.py3-none-any.whl (from https://pypi.org/simple/openpyxl/) (requires-python:>=3.6,), version: 3.0.6
2026-07-30T19:03:41,627   Found link https://files.pythonhosted.org/packages/71/a6/5c9316f45b5c7ab0954b2550b8045f385296a2aa97272228e38bfe58ac59/openpyxl-3.0.6.tar.gz (from https://pypi.org/simple/openpyxl/) (requires-python:>=3.6,), version: 3.0.6
2026-07-30T19:03:41,627   Found link https://files.pythonhosted.org/packages/39/08/595298c9b7ced75e7d23be3e7596459980d63bc35112ca765ceccafbe9a4/openpyxl-3.0.7-py2.py3-none-any.whl (from https://pypi.org/simple/openpyxl/) (requires-python:>=3.6,), version: 3.0.7
2026-07-30T19:03:41,627   Found link https://files.pythonhosted.org/packages/f1/7d/fb475cd963bd9d244f95a90c98f518f5c834fefe749f25f9f479ca2d8a51/openpyxl-3.0.7.tar.gz (from https://pypi.org/simple/openpyxl/) (requires-python:>=3.6,), version: 3.0.7
2026-07-30T19:03:41,627   Found link https://files.pythonhosted.org/packages/1c/a6/8ce4d2ef2c29be3235c08bb00e0b81e29d38ebc47d82b17af681bf662b74/openpyxl-3.0.9-py2.py3-none-any.whl (from https://pypi.org/simple/openpyxl/) (requires-python:>=3.6), version: 3.0.9
2026-07-30T19:03:41,627   Found link https://files.pythonhosted.org/packages/9e/19/c45fb7a40cd46e03e36d60d1db26a50a795fa0b6b8a2a8094f4ac0c71ae5/openpyxl-3.0.9.tar.gz (from https://pypi.org/simple/openpyxl/) (requires-python:>=3.6), version: 3.0.9
2026-07-30T19:03:41,633   Found link https://files.pythonhosted.org/packages/7b/60/9afac4fd6feee0ac09339de4101ee452ea643d26e9ce44c7708a0023f503/openpyxl-3.0.10-py2.py3-none-any.whl (from https://pypi.org/simple/openpyxl/) (requires-python:>=3.6), version: 3.0.10
2026-07-30T19:03:41,633   Found link https://files.pythonhosted.org/packages/2c/b8/ff77a718173fd73e49f883b4fda88f11af1fc51edb9252af3785b0cad987/openpyxl-3.0.10.tar.gz (from https://pypi.org/simple/openpyxl/) (requires-python:>=3.6), version: 3.0.10
2026-07-30T19:03:41,633   Found link https://files.pythonhosted.org/packages/0d/89/f78a9a895e221ec8b13ae7f9495f340a0fb43563b13e2891b5df134f20ea/openpyxl-3.1.0-py2.py3-none-any.whl (from https://pypi.org/simple/openpyxl/) (requires-python:>=3.6), version: 3.1.0
2026-07-30T19:03:41,633   Found link https://files.pythonhosted.org/packages/3d/73/bb87810cdde809f69fef11d31e77297894e58710d47626dc5e5b3ff8f92a/openpyxl-3.1.0.tar.gz (from https://pypi.org/simple/openpyxl/) (requires-python:>=3.6), version: 3.1.0
2026-07-30T19:03:41,633   Found link https://files.pythonhosted.org/packages/9e/57/1d3c2ce7f6f783be9b21569fc468a9f3660e35cc17017abfbbc26d3bd061/openpyxl-3.1.1-py2.py3-none-any.whl (from https://pypi.org/simple/openpyxl/) (requires-python:>=3.6), version: 3.1.1
2026-07-30T19:03:41,633   Found link https://files.pythonhosted.org/packages/10/bf/950ea7896f3c42ab04073cd2903f0a190ba77ef28bdf76191f6f86373712/openpyxl-3.1.1.tar.gz (from https://pypi.org/simple/openpyxl/) (requires-python:>=3.6), version: 3.1.1
2026-07-30T19:03:41,633   Found link https://files.pythonhosted.org/packages/6a/94/a59521de836ef0da54aaf50da6c4da8fb4072fb3053fa71f052fd9399e7a/openpyxl-3.1.2-py2.py3-none-any.whl (from https://pypi.org/simple/openpyxl/) (requires-python:>=3.6), version: 3.1.2
2026-07-30T19:03:41,633   Found link https://files.pythonhosted.org/packages/42/e8/af028681d493814ca9c2ff8106fc62a4a32e4e0ae14602c2a98fc7b741c8/openpyxl-3.1.2.tar.gz (from https://pypi.org/simple/openpyxl/) (requires-python:>=3.6), version: 3.1.2
2026-07-30T19:03:41,633   Found link https://files.pythonhosted.org/packages/58/d9/796181a30827b12101786c21301f0f4536597a9249530916b1fdb5bbad91/openpyxl-3.1.3-py2.py3-none-any.whl (from https://pypi.org/simple/openpyxl/) (requires-python:>=3.6), version: 3.1.3
2026-07-30T19:03:41,633   Found link https://files.pythonhosted.org/packages/e5/3b/745ab106476cc3ff6c82a053f1560422966e0a6a6eaee2d4b706daa26428/openpyxl-3.1.3.tar.gz (from https://pypi.org/simple/openpyxl/) (requires-python:>=3.6), version: 3.1.3
2026-07-30T19:03:41,633   Found link https://files.pythonhosted.org/packages/30/d0/abcdb0669931be3a98881e6d7851605981693e93a7924061c67d0cd9f292/openpyxl-3.1.4-py2.py3-none-any.whl (from https://pypi.org/simple/openpyxl/) (requires-python:>=3.8), version: 3.1.4
2026-07-30T19:03:41,633   Found link https://files.pythonhosted.org/packages/14/b8/acf74229f1b2d9e961f155e0be04e4629a1b53b3eeb4f2ac35c10032cf1b/openpyxl-3.1.4.tar.gz (from https://pypi.org/simple/openpyxl/) (requires-python:>=3.8), version: 3.1.4
2026-07-30T19:03:41,633   Found link https://files.pythonhosted.org/packages/c0/da/977ded879c29cbd04de313843e76868e6e13408a94ed6b987245dc7c8506/openpyxl-3.1.5-py2.py3-none-any.whl (from https://pypi.org/simple/openpyxl/) (requires-python:>=3.8), version: 3.1.5
2026-07-30T19:03:41,633   Found link https://files.pythonhosted.org/packages/3d/f9/88d94a75de065ea32619465d2f77b29a0469500e99012523b91cc4141cd1/openpyxl-3.1.5.tar.gz (from https://pypi.org/simple/openpyxl/) (requires-python:>=3.8), version: 3.1.5
2026-07-30T19:03:41,633   Found link https://files.pythonhosted.org/packages/e2/5e/1fe4ea74f5c0afc681cbb1f34836fa251280c5aa3012dc803f6aac1382d6/openpyxl-3.2.0b1-py2.py3-none-any.whl (from https://pypi.org/simple/openpyxl/) (requires-python:>=3.7), version: 3.2.0b1
2026-07-30T19:03:41,633   Found link https://files.pythonhosted.org/packages/d0/ba/a48d1d7b5ff6f8628a76115fdf1f86bfff519ebef87be2ce2fcc0f344370/openpyxl-3.2.0b1.tar.gz (from https://pypi.org/simple/openpyxl/) (requires-python:>=3.7), version: 3.2.0b1
2026-07-30T19:03:41,633 Skipping link: not a file: https://pypi.org/simple/openpyxl/
2026-07-30T19:03:41,633 Given no hashes to check 114 links for project 'openpyxl': discarding no candidates
2026-07-30T19:03:41,633 Collecting openpyxl (from andes==2.0.0)
2026-07-30T19:03:41,633   Obtaining dependency information for openpyxl from https://files.pythonhosted.org/packages/c0/da/977ded879c29cbd04de313843e76868e6e13408a94ed6b987245dc7c8506/openpyxl-3.1.5-py2.py3-none-any.whl.metadata
2026-07-30T19:03:41,633   Created temporary directory: C:\Users\Administrator\AppData\Local\Temp\pip-unpack-saa0n11r
2026-07-30T19:03:41,633   Using cached openpyxl-3.1.5-py2.py3-none-any.whl.metadata (2.5 kB)
2026-07-30T19:03:41,639   Created temporary directory: C:\Users\Administrator\AppData\Local\Temp\pip-metadata-io06bajh
2026-07-30T19:03:41,639 1 location(s) to search for versions of xlsxwriter:
2026-07-30T19:03:41,639 * https://pypi.org/simple/xlsxwriter/
2026-07-30T19:03:41,639 Fetching project page and analyzing links: https://pypi.org/simple/xlsxwriter/
2026-07-30T19:03:41,639 Getting page https://pypi.org/simple/xlsxwriter/
2026-07-30T19:03:41,639 Found index url https://pypi.org/simple/
2026-07-30T19:03:41,889 Fetched page https://pypi.org/simple/xlsxwriter/ as application/vnd.pypi.simple.v1+json
2026-07-30T19:03:41,898   Found link https://files.pythonhosted.org/packages/bd/8b/b69231ecbb544add9dcca31565bc225b1ec29c860891dfae7cb701c6066f/XlsxWriter-0.0.1.tar.gz (from https://pypi.org/simple/xlsxwriter/), version: 0.0.1
2026-07-30T19:03:41,898   Found link https://files.pythonhosted.org/packages/60/68/b03787ec25dc5e12b060602ece01f84ad92aeba2ea4e3a27926c45975c52/XlsxWriter-0.0.2.tar.gz (from https://pypi.org/simple/xlsxwriter/), version: 0.0.2
2026-07-30T19:03:41,898   Found link https://files.pythonhosted.org/packages/3f/ef/e3f7fbac8e5492ebd31081edf294571a9c4101a9505311bd00666d7de2eb/XlsxWriter-0.0.3.tar.gz (from https://pypi.org/simple/xlsxwriter/), version: 0.0.3
2026-07-30T19:03:41,898   Found link https://files.pythonhosted.org/packages/a5/08/226438fd64de7614770657396eb3203f9f59fe65a6dfaea7c9472be539d9/XlsxWriter-0.0.4.tar.gz (from https://pypi.org/simple/xlsxwriter/), version: 0.0.4
2026-07-30T19:03:41,899   Found link https://files.pythonhosted.org/packages/8d/8b/101a538b9b3df60d9959c536fbc2f949aa0698ac5cbf794a2c065803b085/XlsxWriter-0.0.5.tar.gz (from https://pypi.org/simple/xlsxwriter/), version: 0.0.5
2026-07-30T19:03:41,899   Found link https://files.pythonhosted.org/packages/56/66/115d0b465eb1a65391392864931fb0531dcb391082a0f3342d3d6e3eeb87/XlsxWriter-0.0.6.tar.gz (from https://pypi.org/simple/xlsxwriter/), version: 0.0.6
2026-07-30T19:03:41,899   Found link https://files.pythonhosted.org/packages/7d/78/0719b2d09b7961538597e640d1d1466fcbd53fb7e9a1d1b0153d9a9b883e/XlsxWriter-0.0.7.tar.gz (from https://pypi.org/simple/xlsxwriter/), version: 0.0.7
2026-07-30T19:03:41,899   Found link https://files.pythonhosted.org/packages/e3/58/b3911703d172927fbfb5bb88e1e139757dc0dbe959fc6d95795593d8a97b/XlsxWriter-0.0.8.tar.gz (from https://pypi.org/simple/xlsxwriter/), version: 0.0.8
2026-07-30T19:03:41,899   Found link https://files.pythonhosted.org/packages/ac/2a/5b2dea67a50b84c366d7053c26235ae943ba9e0dfc066325886f103d77de/XlsxWriter-0.0.9.tar.gz (from https://pypi.org/simple/xlsxwriter/), version: 0.0.9
2026-07-30T19:03:41,899   Found link https://files.pythonhosted.org/packages/34/34/d66179041e794a9eca92549db2d9cb300e43282836d416b8bace38d22b95/XlsxWriter-0.1.0.tar.gz (from https://pypi.org/simple/xlsxwriter/), version: 0.1.0
2026-07-30T19:03:41,899   Found link https://files.pythonhosted.org/packages/3d/f7/e2d212cf47bd2db458c4af95f708ce41040183b45717f4a1c7aabf64dece/XlsxWriter-0.1.1.tar.gz (from https://pypi.org/simple/xlsxwriter/), version: 0.1.1
2026-07-30T19:03:41,899   Found link https://files.pythonhosted.org/packages/8c/e2/7fef2bb9e66d71f3055575b31f549db386011f7a07e60dc33fe2882ed97b/XlsxWriter-0.1.2.tar.gz (from https://pypi.org/simple/xlsxwriter/), version: 0.1.2
2026-07-30T19:03:41,899   Found link https://files.pythonhosted.org/packages/c9/69/594dd4003683d245eec3e4c62768436273ac56606d9bb0cc90927a0a2b98/XlsxWriter-0.1.3.tar.gz (from https://pypi.org/simple/xlsxwriter/), version: 0.1.3
2026-07-30T19:03:41,900   Found link https://files.pythonhosted.org/packages/6e/40/f9147c9ddcd049d984e21ef2572baabc30affd616984a58f922b50d24038/XlsxWriter-0.1.4.tar.gz (from https://pypi.org/simple/xlsxwriter/), version: 0.1.4
2026-07-30T19:03:41,900   Found link https://files.pythonhosted.org/packages/33/e8/3117e91dcb14b3651f3b8c4a87884a404c61d2fd2cba85af8f5db8f7e105/XlsxWriter-0.1.5.tar.gz (from https://pypi.org/simple/xlsxwriter/), version: 0.1.5
2026-07-30T19:03:41,900   Found link https://files.pythonhosted.org/packages/5a/22/ff3114a1cff7fd21d3a85981fe491716f982b3b4a9ddd772a0b6e09b6823/XlsxWriter-0.1.6.tar.gz (from https://pypi.org/simple/xlsxwriter/), version: 0.1.6
2026-07-30T19:03:41,900   Found link https://files.pythonhosted.org/packages/ce/4f/944117088b720f7c615f0ac3688d0079373f9936a902f40807cc172ba596/XlsxWriter-0.1.7.tar.gz (from https://pypi.org/simple/xlsxwriter/), version: 0.1.7
2026-07-30T19:03:41,900   Found link https://files.pythonhosted.org/packages/6b/d1/629332b80696d741854cd75d41266d0a779a1d72dd9cb65425831692ca22/XlsxWriter-0.1.8.tar.gz (from https://pypi.org/simple/xlsxwriter/), version: 0.1.8
2026-07-30T19:03:41,900   Found link https://files.pythonhosted.org/packages/92/dd/7b4fbbddf47b2b49405ee82c7fade215d4fd2b5c66aeff71913667981204/XlsxWriter-0.1.9.tar.gz (from https://pypi.org/simple/xlsxwriter/), version: 0.1.9
2026-07-30T19:03:41,900   Found link https://files.pythonhosted.org/packages/6d/95/d8a310ada832c96926e6d2ecd1a0ea357f88582a3a46afc55e82969f0cc3/XlsxWriter-0.2.0.tar.gz (from https://pypi.org/simple/xlsxwriter/), version: 0.2.0
2026-07-30T19:03:41,900   Found link https://files.pythonhosted.org/packages/16/07/d4e2347a395d63b5fd3696f460be7da63c716b419e2b261b21e309d9b248/XlsxWriter-0.2.1.tar.gz (from https://pypi.org/simple/xlsxwriter/), version: 0.2.1
2026-07-30T19:03:41,900   Found link https://files.pythonhosted.org/packages/ee/b8/87686706a84c8226a328390b0c576f5b7ef5df70819e852b463decd3e1a5/XlsxWriter-0.2.2.tar.gz (from https://pypi.org/simple/xlsxwriter/), version: 0.2.2
2026-07-30T19:03:41,901   Found link https://files.pythonhosted.org/packages/3e/15/75792554d76119a386dd099210ddac6604fe1e54163b4fdf497c5ab0157e/XlsxWriter-0.2.3.tar.gz (from https://pypi.org/simple/xlsxwriter/), version: 0.2.3
2026-07-30T19:03:41,901   Found link https://files.pythonhosted.org/packages/fd/8b/cb383683b7263d64eadcfa0d77d088a54434d71007c4440fa3b99ec7c475/XlsxWriter-0.2.4.tar.gz (from https://pypi.org/simple/xlsxwriter/), version: 0.2.4
2026-07-30T19:03:41,901   Found link https://files.pythonhosted.org/packages/84/0b/35b7c736ce7adeb1a00aaac20353aae68c32ac7cfaf53fa974bc7d45f7c6/XlsxWriter-0.2.5.tar.gz (from https://pypi.org/simple/xlsxwriter/), version: 0.2.5
2026-07-30T19:03:41,901   Found link https://files.pythonhosted.org/packages/2f/c0/c9daa60f46c83c294565a9ca9257a0dfde3efc769723a3c3c1dc81fa6712/XlsxWriter-0.2.6.tar.gz (from https://pypi.org/simple/xlsxwriter/), version: 0.2.6
2026-07-30T19:03:41,901   Found link https://files.pythonhosted.org/packages/4d/75/701153c854ad55c03476ac5f424593444213bcb24e23a3bd58840fc58751/XlsxWriter-0.2.7.tar.gz (from https://pypi.org/simple/xlsxwriter/), version: 0.2.7
2026-07-30T19:03:41,901   Found link https://files.pythonhosted.org/packages/2d/b1/ad389dd67b13eebbd0c2a23820d19c7a14c1b75d08be440c4c0d20909305/XlsxWriter-0.2.8.tar.gz (from https://pypi.org/simple/xlsxwriter/), version: 0.2.8
2026-07-30T19:03:41,901   Found link https://files.pythonhosted.org/packages/ba/19/b5aa11be68b603508a70b126a5e474445d4150f7d59c96486c1b72952980/XlsxWriter-0.2.9.tar.gz (from https://pypi.org/simple/xlsxwriter/), version: 0.2.9
2026-07-30T19:03:41,901   Found link https://files.pythonhosted.org/packages/3d/ec/d3a8145576313926fcbfcd175d7c973a65edd95dbb96d22e2eae829f7a68/XlsxWriter-0.3.0.tar.gz (from https://pypi.org/simple/xlsxwriter/), version: 0.3.0
2026-07-30T19:03:41,901   Found link https://files.pythonhosted.org/packages/85/53/3faae6b250a4fb53f7f52b7e8f0fea74b2f5c18e208c5d8ed1e4b0eb49d5/XlsxWriter-0.3.1.tar.gz (from https://pypi.org/simple/xlsxwriter/), version: 0.3.1
2026-07-30T19:03:41,901   Found link https://files.pythonhosted.org/packages/e0/da/4b2e059e282fe1092ef1a7d5b4beb3f66f8386a499e1d18387f18bfef46c/XlsxWriter-0.3.2.tar.gz (from https://pypi.org/simple/xlsxwriter/), version: 0.3.2
2026-07-30T19:03:41,901   Found link https://files.pythonhosted.org/packages/ed/66/d91ebc967c0e517f1ee73d7e86f8500e3499e77421976be3bfc14d7e5623/XlsxWriter-0.3.3.tar.gz (from https://pypi.org/simple/xlsxwriter/), version: 0.3.3
2026-07-30T19:03:41,902   Found link https://files.pythonhosted.org/packages/b8/ae/0d49055d524096ab100789bd734f9298780947a846877b5407b4342f1791/XlsxWriter-0.3.4.tar.gz (from https://pypi.org/simple/xlsxwriter/), version: 0.3.4
2026-07-30T19:03:41,902   Found link https://files.pythonhosted.org/packages/56/95/2e5414bc6672676183948f980b10c25f304c55424b41cc928d9fce55c18c/XlsxWriter-0.3.5.tar.gz (from https://pypi.org/simple/xlsxwriter/), version: 0.3.5
2026-07-30T19:03:41,902   Found link https://files.pythonhosted.org/packages/be/30/76e2995f704e1b84aa04b2575df4944f65fabbc40cbe25ad8085da6a2d8e/XlsxWriter-0.3.6.tar.gz (from https://pypi.org/simple/xlsxwriter/), version: 0.3.6
2026-07-30T19:03:41,902   Found link https://files.pythonhosted.org/packages/04/e1/e69bd413c4df0fd7903e0050f40b0bdf3352fbfc95a4b222e2141abed7f3/XlsxWriter-0.3.7.tar.gz (from https://pypi.org/simple/xlsxwriter/), version: 0.3.7
2026-07-30T19:03:41,902   Found link https://files.pythonhosted.org/packages/96/24/5002121da509a9ac9a84dc0fb84092924d4ef8d509f1b107f41ab66edf30/XlsxWriter-0.3.8.tar.gz (from https://pypi.org/simple/xlsxwriter/), version: 0.3.8
2026-07-30T19:03:41,902   Found link https://files.pythonhosted.org/packages/0c/26/3e320e6d9183acd176a2bb4a0562cddb555719854fefc4a7626e26b2dca6/XlsxWriter-0.3.9.tar.gz (from https://pypi.org/simple/xlsxwriter/), version: 0.3.9
2026-07-30T19:03:41,902   Found link https://files.pythonhosted.org/packages/fd/39/06dfd661eeeb1514ac3332ab43a04ab82f4101cb5dc889b6271c19fc5eaa/XlsxWriter-0.4.0.tar.gz (from https://pypi.org/simple/xlsxwriter/), version: 0.4.0
2026-07-30T19:03:41,902   Found link https://files.pythonhosted.org/packages/52/6a/715b778fd00d79a6574e2371b33d432a01ff95260a7a3ffbd32fd1ad6f72/XlsxWriter-0.4.1.tar.gz (from https://pypi.org/simple/xlsxwriter/), version: 0.4.1
2026-07-30T19:03:41,902   Found link https://files.pythonhosted.org/packages/02/03/5930ee255f3a494f0fe9255d345ffa70b172e0b7dde3447c83cbf24d61ef/XlsxWriter-0.4.2.tar.gz (from https://pypi.org/simple/xlsxwriter/), version: 0.4.2
2026-07-30T19:03:41,902   Found link https://files.pythonhosted.org/packages/89/12/0a36a8806b3d04a0d0a0f0f5c668e16b9ae76577b7dd39f07e209580ac4d/XlsxWriter-0.4.3.tar.gz (from https://pypi.org/simple/xlsxwriter/), version: 0.4.3
2026-07-30T19:03:41,903   Found link https://files.pythonhosted.org/packages/3c/9c/3b7deec8211b689c05f7b99909240293ca4280a614fa4782e63348d15516/XlsxWriter-0.4.4.tar.gz (from https://pypi.org/simple/xlsxwriter/), version: 0.4.4
2026-07-30T19:03:41,903   Found link https://files.pythonhosted.org/packages/69/00/c12af5a44c589a7b0e146faccda55859bad68cb920febbf836b6359bc92f/XlsxWriter-0.4.5.tar.gz (from https://pypi.org/simple/xlsxwriter/), version: 0.4.5
2026-07-30T19:03:41,903   Found link https://files.pythonhosted.org/packages/f0/95/92091f75e1bd7ab8a3a7acead17b89807477372a3560f9d2278bc8510e67/XlsxWriter-0.4.6.tar.gz (from https://pypi.org/simple/xlsxwriter/), version: 0.4.6
2026-07-30T19:03:41,903   Found link https://files.pythonhosted.org/packages/9b/ac/950b91017850d05465bf106bfcd461fa98fcf90e073e0af42fb4f4d42f2b/XlsxWriter-0.4.7.tar.gz (from https://pypi.org/simple/xlsxwriter/), version: 0.4.7
2026-07-30T19:03:41,903   Found link https://files.pythonhosted.org/packages/35/5e/7dce7749fc613bb158c5addf393624b6fa5245f5b70f46ed1bff8ba79c5f/XlsxWriter-0.4.8.tar.gz (from https://pypi.org/simple/xlsxwriter/), version: 0.4.8
2026-07-30T19:03:41,903   Found link https://files.pythonhosted.org/packages/36/33/ae195c09e21b8a149585af396c7bb99a62d1ca3978e479693c40d5e3ec45/XlsxWriter-0.4.9.tar.gz (from https://pypi.org/simple/xlsxwriter/), version: 0.4.9
2026-07-30T19:03:41,903   Found link https://files.pythonhosted.org/packages/67/8f/8ceaa50e84ccec63a33a07d3a0442a03684fb3aa93d27697dcfd8edafeb6/XlsxWriter-0.5.0.tar.gz (from https://pypi.org/simple/xlsxwriter/), version: 0.5.0
2026-07-30T19:03:41,903   Found link https://files.pythonhosted.org/packages/c0/88/ca6146544e46ceadf6db0f7bf08c4a6c43fb205c720b34e4a1135e406e80/XlsxWriter-0.5.1.tar.gz (from https://pypi.org/simple/xlsxwriter/), version: 0.5.1
2026-07-30T19:03:41,903   Found link https://files.pythonhosted.org/packages/9c/cd/dc074d033171c06895aa0dca7d8773ee4454cf91a76e6f1f64ec53cbe4eb/XlsxWriter-0.5.2.tar.gz (from https://pypi.org/simple/xlsxwriter/), version: 0.5.2
2026-07-30T19:03:41,903   Found link https://files.pythonhosted.org/packages/3e/0a/9712f11ff976dc4b598048d78774f69d94a67b7fb8e6b4bf540c24669b8d/XlsxWriter-0.5.3.tar.gz (from https://pypi.org/simple/xlsxwriter/), version: 0.5.3
2026-07-30T19:03:41,904   Found link https://files.pythonhosted.org/packages/17/8f/61187643eb4cbb44dfa6cfaea04d9743e54e6a39d843946e915ac5c1ef0a/XlsxWriter-0.5.4.tar.gz (from https://pypi.org/simple/xlsxwriter/), version: 0.5.4
2026-07-30T19:03:41,904   Found link https://files.pythonhosted.org/packages/54/20/61b221c4705b494c5c676917051df424e093878cd7989adf4148e8ed4d56/XlsxWriter-0.5.5.tar.gz (from https://pypi.org/simple/xlsxwriter/), version: 0.5.5
2026-07-30T19:03:41,904   Found link https://files.pythonhosted.org/packages/cf/61/0410019ecfd80129d1a44881b18de0a06d4d9c5a821f30c5866205425501/XlsxWriter-0.5.6.tar.gz (from https://pypi.org/simple/xlsxwriter/), version: 0.5.6
2026-07-30T19:03:41,904   Found link https://files.pythonhosted.org/packages/b3/64/d0085489b7abcdb485199558f0bcf10872b93d000169c353a177c254fec3/XlsxWriter-0.5.7.tar.gz (from https://pypi.org/simple/xlsxwriter/), version: 0.5.7
2026-07-30T19:03:41,904   Found link https://files.pythonhosted.org/packages/10/7c/9e4c13aed079ea51910d24c3ad44e6160bed4b9a2d4a78cdf4b28268f903/XlsxWriter-0.5.8-py2.py3-none-any.whl (from https://pypi.org/simple/xlsxwriter/), version: 0.5.8
2026-07-30T19:03:41,904   Found link https://files.pythonhosted.org/packages/57/cf/677d716a1faa6c9dd6bbdbb6feb4440d1c44556fc78fae2b4c086ff9d793/XlsxWriter-0.5.8.tar.gz (from https://pypi.org/simple/xlsxwriter/), version: 0.5.8
2026-07-30T19:03:41,904   Found link https://files.pythonhosted.org/packages/f3/d6/8bd72990e0bf989d9700724761accebf108750f07b83927f403adcf88189/XlsxWriter-0.5.9-py2.py3-none-any.whl (from https://pypi.org/simple/xlsxwriter/), version: 0.5.9
2026-07-30T19:03:41,904   Found link https://files.pythonhosted.org/packages/a4/fd/0a93c538705654011abf99d5c8d576c873ef500551657f92fdf94a62d1c1/XlsxWriter-0.5.9.tar.gz (from https://pypi.org/simple/xlsxwriter/), version: 0.5.9
2026-07-30T19:03:41,904   Found link https://files.pythonhosted.org/packages/50/f9/8a6624ffcf4adec7bcb623237bc696664b29a15b1e1583862c15a636ad3d/XlsxWriter-0.6.0-py2.py3-none-any.whl (from https://pypi.org/simple/xlsxwriter/), version: 0.6.0
2026-07-30T19:03:41,904   Found link https://files.pythonhosted.org/packages/75/78/4543dfbb78f7fe6dc8bfec5d7d028db1d779587911d5644de55505c4a81c/XlsxWriter-0.6.0.tar.gz (from https://pypi.org/simple/xlsxwriter/), version: 0.6.0
2026-07-30T19:03:41,905   Found link https://files.pythonhosted.org/packages/02/e8/d4bc14536d7ebe03cf678de62a32f382055bf3b3cc3a4220c726e034b0d7/XlsxWriter-0.6.1-py2.py3-none-any.whl (from https://pypi.org/simple/xlsxwriter/), version: 0.6.1
2026-07-30T19:03:41,905   Found link https://files.pythonhosted.org/packages/58/e6/825b9a45f5f2ac0b540c10337154ee0da4da8869061566815a7bbb98ada6/XlsxWriter-0.6.1.tar.gz (from https://pypi.org/simple/xlsxwriter/), version: 0.6.1
2026-07-30T19:03:41,905   Found link https://files.pythonhosted.org/packages/5b/25/a8d5decde36f1f67318a51d9f9139004bafcd4e868581892c4738f7189bb/XlsxWriter-0.6.2-py2.py3-none-any.whl (from https://pypi.org/simple/xlsxwriter/), version: 0.6.2
2026-07-30T19:03:41,905   Found link https://files.pythonhosted.org/packages/6f/9c/37f49588e153dc6fd940f27bf835bc88178fcea4aa15e24ebb67e674ba31/XlsxWriter-0.6.2.tar.gz (from https://pypi.org/simple/xlsxwriter/), version: 0.6.2
2026-07-30T19:03:41,905   Found link https://files.pythonhosted.org/packages/61/af/e656111ed4a4dd14f8f4d60ac1ec855db71749e1b9e415b5d7b3f44ba2bc/XlsxWriter-0.6.3-py2.py3-none-any.whl (from https://pypi.org/simple/xlsxwriter/), version: 0.6.3
2026-07-30T19:03:41,905   Found link https://files.pythonhosted.org/packages/d3/c6/48ce541f79423955425a49afda6c8a0d8bb2b47bff4e09d7f516fd877f46/XlsxWriter-0.6.3.tar.gz (from https://pypi.org/simple/xlsxwriter/), version: 0.6.3
2026-07-30T19:03:41,905   Found link https://files.pythonhosted.org/packages/ea/50/994f90f0a657d1120b148560a44a283130eb6efaf5b7d4527361eec680d5/XlsxWriter-0.6.4-py2.py3-none-any.whl (from https://pypi.org/simple/xlsxwriter/), version: 0.6.4
2026-07-30T19:03:41,905   Found link https://files.pythonhosted.org/packages/c1/10/c24b03b8dd7726eaf4b6b91784d233d386252815bc0afe72e0c3b8628232/XlsxWriter-0.6.4.tar.gz (from https://pypi.org/simple/xlsxwriter/), version: 0.6.4
2026-07-30T19:03:41,905   Found link https://files.pythonhosted.org/packages/f5/84/5f0142f13a33f2362bf229b9daa377f7d8b68d6c62f24bea544e92a6d2f2/XlsxWriter-0.6.5-py2.py3-none-any.whl (from https://pypi.org/simple/xlsxwriter/), version: 0.6.5
2026-07-30T19:03:41,906   Found link https://files.pythonhosted.org/packages/5d/fa/417df202a3dc8f9a298a24d93bdd2a97e4e2ae078e1d60fc9d23cf685ae4/XlsxWriter-0.6.5.tar.gz (from https://pypi.org/simple/xlsxwriter/), version: 0.6.5
2026-07-30T19:03:41,906   Found link https://files.pythonhosted.org/packages/8e/62/9e841316f0887b34470c89ba24f467ecb88269b679e5f11c1b0978f03d75/XlsxWriter-0.6.6-py2.py3-none-any.whl (from https://pypi.org/simple/xlsxwriter/), version: 0.6.6
2026-07-30T19:03:41,906   Found link https://files.pythonhosted.org/packages/56/a1/5f8d438530c85741cf0423fce61018173eb0bfaf0e70b622bc7e6d577ce8/XlsxWriter-0.6.6.tar.gz (from https://pypi.org/simple/xlsxwriter/), version: 0.6.6
2026-07-30T19:03:41,906   Found link https://files.pythonhosted.org/packages/8b/c4/a4a2ca84530e6d13c5a41285e6d22fcd1e3c4ce4196490c8fdaef72450c2/XlsxWriter-0.6.7-py2.py3-none-any.whl (from https://pypi.org/simple/xlsxwriter/), version: 0.6.7
2026-07-30T19:03:41,906   Found link https://files.pythonhosted.org/packages/e5/e8/87736d8d8a47907ad16c354dafda657f207bbd027306ac31282ca4d9229d/XlsxWriter-0.6.7.tar.gz (from https://pypi.org/simple/xlsxwriter/), version: 0.6.7
2026-07-30T19:03:41,906   Found link https://files.pythonhosted.org/packages/aa/9b/afbacd1724c795e9b81ebc3de0b0b688b895219287de15756860ef428617/XlsxWriter-0.6.8-py2.py3-none-any.whl (from https://pypi.org/simple/xlsxwriter/), version: 0.6.8
2026-07-30T19:03:41,906   Found link https://files.pythonhosted.org/packages/a8/d2/46c7f264e27db36d5db39ce153920a409554bf3c1420a3f836b00c523352/XlsxWriter-0.6.8.tar.gz (from https://pypi.org/simple/xlsxwriter/), version: 0.6.8
2026-07-30T19:03:41,906   Found link https://files.pythonhosted.org/packages/2a/2a/65812b47c42cb7d818005b5f30c5f59c70ea6a5830b35d16569b612be18b/XlsxWriter-0.6.9-py2.py3-none-any.whl (from https://pypi.org/simple/xlsxwriter/), version: 0.6.9
2026-07-30T19:03:41,907   Found link https://files.pythonhosted.org/packages/e3/e1/354c272301deabaf80213dd94704b4532438fdc937d1c2a6337c48f42158/XlsxWriter-0.6.9.tar.gz (from https://pypi.org/simple/xlsxwriter/), version: 0.6.9
2026-07-30T19:03:41,907   Found link https://files.pythonhosted.org/packages/6a/70/57d23f061705c39ef87a9c9a672a04f5230432cf0c7e6ac95471ec2e45ec/XlsxWriter-0.7.0-py2.py3-none-any.whl (from https://pypi.org/simple/xlsxwriter/), version: 0.7.0
2026-07-30T19:03:41,907   Found link https://files.pythonhosted.org/packages/27/55/64a21438b646056f05e4df84277f421675c2b3e8dabd4460cd3290a104ab/XlsxWriter-0.7.0.tar.gz (from https://pypi.org/simple/xlsxwriter/), version: 0.7.0
2026-07-30T19:03:41,907   Found link https://files.pythonhosted.org/packages/ab/b0/e40345028bb717d9213e6a07fcfc5782bd136d29688461b60013d30c1dd6/XlsxWriter-0.7.1-py2.py3-none-any.whl (from https://pypi.org/simple/xlsxwriter/), version: 0.7.1
2026-07-30T19:03:41,907   Found link https://files.pythonhosted.org/packages/46/33/b385a8f2c0580a2cb0ba89e53c8725a80be3aa0ae4e2af34414a1d4ffdea/XlsxWriter-0.7.1.tar.gz (from https://pypi.org/simple/xlsxwriter/), version: 0.7.1
2026-07-30T19:03:41,907   Found link https://files.pythonhosted.org/packages/33/6f/27732eb1e31f412c83434797639a22722fc8421a3c327e726a441bb0785a/XlsxWriter-0.7.2-py2.py3-none-any.whl (from https://pypi.org/simple/xlsxwriter/), version: 0.7.2
2026-07-30T19:03:41,907   Found link https://files.pythonhosted.org/packages/74/b6/1e995f1bbe58d41e4005f425357c14965ebd11d0bbce9dc0e76255593a01/XlsxWriter-0.7.2.tar.gz (from https://pypi.org/simple/xlsxwriter/), version: 0.7.2
2026-07-30T19:03:41,907   Found link https://files.pythonhosted.org/packages/8c/aa/d5621a54eb017e595977486083a8bc22423057f56a66745e7cead51758f3/XlsxWriter-0.7.3-py2.py3-none-any.whl (from https://pypi.org/simple/xlsxwriter/), version: 0.7.3
2026-07-30T19:03:41,907   Found link https://files.pythonhosted.org/packages/18/e0/1da941ed2d17c426bd76f1cbe70c134c6563e85383c33a52122741ad8dc8/XlsxWriter-0.7.3.tar.gz (from https://pypi.org/simple/xlsxwriter/), version: 0.7.3
2026-07-30T19:03:41,908   Found link https://files.pythonhosted.org/packages/e5/b9/089e8f43b82e0b09f44f9ee2dbc6c482b5601672a9867026c21884b15130/XlsxWriter-0.7.4-py2.py3-none-any.whl (from https://pypi.org/simple/xlsxwriter/), version: 0.7.4
2026-07-30T19:03:41,908   Found link https://files.pythonhosted.org/packages/5d/5b/2de2063c74bac22da8c23cbe2bc1ce9833c414b996fafa7da5e256f13ce3/XlsxWriter-0.7.4.tar.gz (from https://pypi.org/simple/xlsxwriter/), version: 0.7.4
2026-07-30T19:03:41,908   Found link https://files.pythonhosted.org/packages/58/32/7542c8a00f336055a944f37c868f35792874b76855940816ef5a4699ce50/XlsxWriter-0.7.5-py2.py3-none-any.whl (from https://pypi.org/simple/xlsxwriter/), version: 0.7.5
2026-07-30T19:03:41,908   Found link https://files.pythonhosted.org/packages/bc/fe/a3dd269d11e91b2c7e6fc29393ec4807b848f181f0f828371ad7ca02d1d9/XlsxWriter-0.7.5.tar.gz (from https://pypi.org/simple/xlsxwriter/), version: 0.7.5
2026-07-30T19:03:41,908   Found link https://files.pythonhosted.org/packages/b1/08/9fe3631004afa7b13fa4a59b03300e916bfa7bac85bfcb6379369201370e/XlsxWriter-0.7.6-py2.py3-none-any.whl (from https://pypi.org/simple/xlsxwriter/), version: 0.7.6
2026-07-30T19:03:41,908   Found link https://files.pythonhosted.org/packages/d3/16/f527cf39168b5cca2d3132387b3e1a88ca2c5b74808c33919c8a44d77eaa/XlsxWriter-0.7.6.tar.gz (from https://pypi.org/simple/xlsxwriter/), version: 0.7.6
2026-07-30T19:03:41,908   Found link https://files.pythonhosted.org/packages/b9/69/bd1309a9de3661e02b3094348a063960dfb21f82873bda5a6c39bfb52340/XlsxWriter-0.7.7-py2.py3-none-any.whl (from https://pypi.org/simple/xlsxwriter/), version: 0.7.7
2026-07-30T19:03:41,908   Found link https://files.pythonhosted.org/packages/98/99/c58683614a8723e9a590b59bd30689dbe7d5000228e6ca7de06a87192321/XlsxWriter-0.7.7.tar.gz (from https://pypi.org/simple/xlsxwriter/), version: 0.7.7
2026-07-30T19:03:41,908   Found link https://files.pythonhosted.org/packages/c9/7f/d75b98624afba17062b9a11f9a213e39125b53e006b0ee01e4391cb05d84/XlsxWriter-0.7.8-py2.py3-none-any.whl (from https://pypi.org/simple/xlsxwriter/), version: 0.7.8
2026-07-30T19:03:41,909   Found link https://files.pythonhosted.org/packages/f6/ca/5400d295ab081ec49044f8a1fc2a74facec72ebb788d6cdfcff04301cab6/XlsxWriter-0.7.8.tar.gz (from https://pypi.org/simple/xlsxwriter/), version: 0.7.8
2026-07-30T19:03:41,909   Found link https://files.pythonhosted.org/packages/27/76/b8ec72f79beadbf2bc20ee9fac28ee92856f2d8a1e5b0e728240256ccd1a/XlsxWriter-0.7.9-py2.py3-none-any.whl (from https://pypi.org/simple/xlsxwriter/), version: 0.7.9
2026-07-30T19:03:41,909   Found link https://files.pythonhosted.org/packages/19/65/43e12ca531e6b05ac77eb91a6d93013dc9844dec351872060cb1c928b059/XlsxWriter-0.7.9.tar.gz (from https://pypi.org/simple/xlsxwriter/), version: 0.7.9
2026-07-30T19:03:41,909   Found link https://files.pythonhosted.org/packages/0a/b3/bc4630c824a7f5b63313c8a9e2bc11613dde795e781ebf06d2debc80b9cd/XlsxWriter-0.8.0-py2.py3-none-any.whl (from https://pypi.org/simple/xlsxwriter/), version: 0.8.0
2026-07-30T19:03:41,909   Found link https://files.pythonhosted.org/packages/fc/25/24858731942ee704c721d4dc9f8854fd2a186e3e808d35ba453f90a3269e/XlsxWriter-0.8.0.tar.gz (from https://pypi.org/simple/xlsxwriter/), version: 0.8.0
2026-07-30T19:03:41,909   Found link https://files.pythonhosted.org/packages/c6/a7/d853bcc02b009e1478820c95d61b81dc189b4f94e658cb369f65b1867f6b/XlsxWriter-0.8.1-py2.py3-none-any.whl (from https://pypi.org/simple/xlsxwriter/), version: 0.8.1
2026-07-30T19:03:41,909   Found link https://files.pythonhosted.org/packages/5b/68/9f0590d8198ae8b0fea7efc00c5ab0d94fccf34b951eeef4ed2a14208f4a/XlsxWriter-0.8.1.tar.gz (from https://pypi.org/simple/xlsxwriter/), version: 0.8.1
2026-07-30T19:03:41,909   Found link https://files.pythonhosted.org/packages/e5/8e/e7773ed76218c89ed8c0e7164bb2436739cdd568ea7f1edee02330fb882d/XlsxWriter-0.8.2-py2.py3-none-any.whl (from https://pypi.org/simple/xlsxwriter/), version: 0.8.2
2026-07-30T19:03:41,909   Found link https://files.pythonhosted.org/packages/ff/56/d96e7a881bbfb0c457c315e0d04628c38e911e705298778beb557633d83b/XlsxWriter-0.8.2.tar.gz (from https://pypi.org/simple/xlsxwriter/), version: 0.8.2
2026-07-30T19:03:41,909   Found link https://files.pythonhosted.org/packages/a9/63/7bd74ce2a898accfc14b210c5dd7e0a3e3c1118121147dce0e3d6ffd69ef/XlsxWriter-0.8.3-py2.py3-none-any.whl (from https://pypi.org/simple/xlsxwriter/), version: 0.8.3
2026-07-30T19:03:41,910   Found link https://files.pythonhosted.org/packages/1a/1a/233e2b1ec6d7528cc0aeae35757dbb50503b919e6bfdcf1863dda0822e67/XlsxWriter-0.8.3.tar.gz (from https://pypi.org/simple/xlsxwriter/), version: 0.8.3
2026-07-30T19:03:41,910   Found link https://files.pythonhosted.org/packages/ab/9f/a46f554a8c23b593252ca66c527476a8a82b183ca29d90ee91b4687c5ab2/XlsxWriter-0.8.4-py2.py3-none-any.whl (from https://pypi.org/simple/xlsxwriter/), version: 0.8.4
2026-07-30T19:03:41,910   Found link https://files.pythonhosted.org/packages/e6/98/815be4008c4861b7d328898bb4e342ca966dea4ab6dceec746241427ce07/XlsxWriter-0.8.4.tar.gz (from https://pypi.org/simple/xlsxwriter/), version: 0.8.4
2026-07-30T19:03:41,910   Found link https://files.pythonhosted.org/packages/06/0d/a4b999b6dbdceeea6b4c5665f6a3ac7a674c71ecb9351c981486fa966106/XlsxWriter-0.8.5-py2.py3-none-any.whl (from https://pypi.org/simple/xlsxwriter/), version: 0.8.5
2026-07-30T19:03:41,910   Found link https://files.pythonhosted.org/packages/01/25/bcb25ccf1361c660606e887a1154a2c9ef69a0b02dc99c7b7279c32b33b4/XlsxWriter-0.8.5.tar.gz (from https://pypi.org/simple/xlsxwriter/), version: 0.8.5
2026-07-30T19:03:41,910   Found link https://files.pythonhosted.org/packages/26/5e/35a1fc24ff2ceec572c20eb69bdad0a0a98f228a59720a5c34b4bc971790/XlsxWriter-0.8.6-py2.py3-none-any.whl (from https://pypi.org/simple/xlsxwriter/), version: 0.8.6
2026-07-30T19:03:41,910   Found link https://files.pythonhosted.org/packages/8a/5f/ecec1c6a6fbffd49c644e5876de6a56e3db7b261e2334748df1e189739ae/XlsxWriter-0.8.6.tar.gz (from https://pypi.org/simple/xlsxwriter/), version: 0.8.6
2026-07-30T19:03:41,910   Found link https://files.pythonhosted.org/packages/5f/47/1b116deecc9210d86b0bdc522b0dee5cde224d5c2fcd4cc835d8bcd1984f/XlsxWriter-0.8.7-py2.py3-none-any.whl (from https://pypi.org/simple/xlsxwriter/), version: 0.8.7
2026-07-30T19:03:41,910   Found link https://files.pythonhosted.org/packages/1e/fd/9fc92a4af443e86d50dbc50d9cb6af1dca40b61a0633cfd46b1a2b0e4bfe/XlsxWriter-0.8.7.tar.gz (from https://pypi.org/simple/xlsxwriter/), version: 0.8.7
2026-07-30T19:03:41,910   Found link https://files.pythonhosted.org/packages/13/05/04a1d86d79f0d732476ccca6ecae3a25e873e10cbd9dc1cdd3ebbfc29011/XlsxWriter-0.8.8-py2.py3-none-any.whl (from https://pypi.org/simple/xlsxwriter/), version: 0.8.8
2026-07-30T19:03:41,910   Found link https://files.pythonhosted.org/packages/8b/44/69c1a2801d9e0d1536335e9029e18b52b360675fbc3245a3a0712c7db44e/XlsxWriter-0.8.8.tar.gz (from https://pypi.org/simple/xlsxwriter/), version: 0.8.8
2026-07-30T19:03:41,910   Found link https://files.pythonhosted.org/packages/4e/f2/30f50cc387de56c07f8b93221bd627ffaa18c0adb14236648c572bca98f5/XlsxWriter-0.8.9-py2.py3-none-any.whl (from https://pypi.org/simple/xlsxwriter/), version: 0.8.9
2026-07-30T19:03:41,910   Found link https://files.pythonhosted.org/packages/2a/de/4ee20ac103417662865e0e3acde859b002c13f52af0d50a2664d3eca5897/XlsxWriter-0.8.9.tar.gz (from https://pypi.org/simple/xlsxwriter/), version: 0.8.9
2026-07-30T19:03:41,911   Found link https://files.pythonhosted.org/packages/74/f5/41370452026a5d53ab7775e1aa25e0368e9f57ff9ddb871356df7711ad31/XlsxWriter-0.9.0-py2.py3-none-any.whl (from https://pypi.org/simple/xlsxwriter/), version: 0.9.0
2026-07-30T19:03:41,911   Found link https://files.pythonhosted.org/packages/87/15/c165c80e782c801508e8ffc0348c39fb242450bbf2a4258c529836df0a96/XlsxWriter-0.9.0.tar.gz (from https://pypi.org/simple/xlsxwriter/), version: 0.9.0
2026-07-30T19:03:41,911   Found link https://files.pythonhosted.org/packages/b0/3d/c443388c59de4f0d2c87fd541ab7117626ea651bc02c5c231976434d3b2a/XlsxWriter-0.9.1-py2.py3-none-any.whl (from https://pypi.org/simple/xlsxwriter/), version: 0.9.1
2026-07-30T19:03:41,911   Found link https://files.pythonhosted.org/packages/1d/6b/cdedb14c71c524861e7a44bee785403a0c84cbb87f5640836ec3f55ca805/XlsxWriter-0.9.1.tar.gz (from https://pypi.org/simple/xlsxwriter/), version: 0.9.1
2026-07-30T19:03:41,912   Found link https://files.pythonhosted.org/packages/8d/8f/76f5964cfb02ba159b77e2b50f73c1727af7295f0baed78de2cbde45d644/XlsxWriter-0.9.2-py2.py3-none-any.whl (from https://pypi.org/simple/xlsxwriter/), version: 0.9.2
2026-07-30T19:03:41,912   Found link https://files.pythonhosted.org/packages/19/2f/6049298f3d80e8c11b39e5cb5de8bd644cc4a707c07b4c5b69311c222d59/XlsxWriter-0.9.2.tar.gz (from https://pypi.org/simple/xlsxwriter/), version: 0.9.2
2026-07-30T19:03:41,912   Found link https://files.pythonhosted.org/packages/c2/47/7d513298de3fb900ebed5143f159c13555dcef3e7615187d29cde004333e/XlsxWriter-0.9.3-py2.py3-none-any.whl (from https://pypi.org/simple/xlsxwriter/), version: 0.9.3
2026-07-30T19:03:41,912   Found link https://files.pythonhosted.org/packages/75/46/f1552b4a4d6faa6ec39dc2ddcb56e6b9a2865f07b9e126b2144d9090f056/XlsxWriter-0.9.3.tar.gz (from https://pypi.org/simple/xlsxwriter/), version: 0.9.3
2026-07-30T19:03:41,912   Found link https://files.pythonhosted.org/packages/34/69/b096b46e2d4637330370e2fe5b0c7990091e1a10ae689f1fe798ccaf5068/XlsxWriter-0.9.4-py2.py3-none-any.whl (from https://pypi.org/simple/xlsxwriter/), version: 0.9.4
2026-07-30T19:03:41,912   Found link https://files.pythonhosted.org/packages/52/66/670322b9999b8e47659c8b172a11aa3c0e629a5fc86b5a8fd497b85941c0/XlsxWriter-0.9.4.tar.gz (from https://pypi.org/simple/xlsxwriter/), version: 0.9.4
2026-07-30T19:03:41,912   Found link https://files.pythonhosted.org/packages/59/3a/09dec2830b0f217a878740c3e44f7bf8a9fb629033293e8ac90c97cdf349/XlsxWriter-0.9.5-py2.py3-none-any.whl (from https://pypi.org/simple/xlsxwriter/), version: 0.9.5
2026-07-30T19:03:41,912   Found link https://files.pythonhosted.org/packages/63/ca/c058e4fddd8b07d5a660a6763a25a7dc7d3193c36eb3cf415c8807ead66d/XlsxWriter-0.9.5.tar.gz (from https://pypi.org/simple/xlsxwriter/), version: 0.9.5
2026-07-30T19:03:41,912   Found link https://files.pythonhosted.org/packages/2b/cd/9cfb38fcf9472f51b9a88761afac69128a6c0c36c4163cb20972ba35f8b8/XlsxWriter-0.9.6-py2.py3-none-any.whl (from https://pypi.org/simple/xlsxwriter/), version: 0.9.6
2026-07-30T19:03:41,912   Found link https://files.pythonhosted.org/packages/c9/e0/c2b2f57bf53c84af3d2a41a82af7025828cb2bc8a312848a6ab7d018de56/XlsxWriter-0.9.6.tar.gz (from https://pypi.org/simple/xlsxwriter/), version: 0.9.6
2026-07-30T19:03:41,912   Found link https://files.pythonhosted.org/packages/ce/d5/1ffbb214c15b1eafaec99284b166338a0d0caa899d4ddc5eb0d59e3c4e6e/XlsxWriter-0.9.7-py2.py3-none-any.whl (from https://pypi.org/simple/xlsxwriter/), version: 0.9.7
2026-07-30T19:03:41,912   Found link https://files.pythonhosted.org/packages/b7/0e/ac67e3b8c30459fa8876f833592de7366d30b889d5dcb5ffeb8ef22e2b28/XlsxWriter-0.9.7.tar.gz (from https://pypi.org/simple/xlsxwriter/), version: 0.9.7
2026-07-30T19:03:41,912   Found link https://files.pythonhosted.org/packages/d7/f6/06ebb4212fc6d983c5482e1cb53778ba1ae9ab973955d93638146f190150/XlsxWriter-0.9.8-py2.py3-none-any.whl (from https://pypi.org/simple/xlsxwriter/), version: 0.9.8
2026-07-30T19:03:41,912   Found link https://files.pythonhosted.org/packages/1c/1a/350a5fbee0ab3f54006004fe1b86d1f7df3556203417125435b7c6e57bf2/XlsxWriter-0.9.8.tar.gz (from https://pypi.org/simple/xlsxwriter/), version: 0.9.8
2026-07-30T19:03:41,912   Found link https://files.pythonhosted.org/packages/58/f4/8c063bdb30c932914d3e511a1d87ef101264f5551577533d91f0188bd806/XlsxWriter-0.9.9-py2.py3-none-any.whl (from https://pypi.org/simple/xlsxwriter/), version: 0.9.9
2026-07-30T19:03:41,912   Found link https://files.pythonhosted.org/packages/22/fd/64c1f125299de4f3dcb915ad87b00eff2a64f94cc11671fee053d08974df/XlsxWriter-0.9.9.tar.gz (from https://pypi.org/simple/xlsxwriter/), version: 0.9.9
2026-07-30T19:03:41,912   Found link https://files.pythonhosted.org/packages/f6/bb/022160fc0798b555ec85b9acdf2e746b92ed9b565ba0c7ab592951b81abc/XlsxWriter-1.0.0-py2.py3-none-any.whl (from https://pypi.org/simple/xlsxwriter/), version: 1.0.0
2026-07-30T19:03:41,912   Found link https://files.pythonhosted.org/packages/d9/dd/19dee393eacede6146fc0292586b6131bed050e1bd15b170f0c6d06f5ac1/XlsxWriter-1.0.0.tar.gz (from https://pypi.org/simple/xlsxwriter/), version: 1.0.0
2026-07-30T19:03:41,912   Found link https://files.pythonhosted.org/packages/6d/83/2918c62920467aca7f6fa4d75b4d329f4aacd8684223a6d4bb5acf7e5335/XlsxWriter-1.0.1-py2.py3-none-any.whl (from https://pypi.org/simple/xlsxwriter/), version: 1.0.1
2026-07-30T19:03:41,912   Found link https://files.pythonhosted.org/packages/fe/fc/3406ede9fb13d36e5a3bd86391e47dfea35a140f5b10cca2ce0662d45b5d/XlsxWriter-1.0.1.tar.gz (from https://pypi.org/simple/xlsxwriter/), version: 1.0.1
2026-07-30T19:03:41,912   Found link https://files.pythonhosted.org/packages/c7/86/748cb5f6ef5ff2d95a7f189ef1c5124f9badc1d1293dbc214c128595e57e/XlsxWriter-1.0.2-py2.py3-none-any.whl (from https://pypi.org/simple/xlsxwriter/), version: 1.0.2
2026-07-30T19:03:41,912   Found link https://files.pythonhosted.org/packages/e4/63/e53deacc293c7fadf95b840471f4bd56573d084af993e6aeeee2d5f1bd32/XlsxWriter-1.0.2.tar.gz (from https://pypi.org/simple/xlsxwriter/), version: 1.0.2
2026-07-30T19:03:41,912   Found link https://files.pythonhosted.org/packages/34/06/9bfbcaa3977b57662e32a548ecf671d67a1648e56f925c327e91b7f72923/XlsxWriter-1.0.3-py2.py3-none-any.whl (from https://pypi.org/simple/xlsxwriter/), version: 1.0.3
2026-07-30T19:03:41,912   Found link https://files.pythonhosted.org/packages/a1/c9/c3eb15d44634dc21673f72be38efaff31cbc9d16ef1f3f64e84d84120358/XlsxWriter-1.0.3.tar.gz (from https://pypi.org/simple/xlsxwriter/), version: 1.0.3
2026-07-30T19:03:41,912   Found link https://files.pythonhosted.org/packages/52/c6/56228f8bece3e6d707c7ba3ffde839a8989ccbc07ca3c2021d1b8243ee2c/XlsxWriter-1.0.4-py2.py3-none-any.whl (from https://pypi.org/simple/xlsxwriter/), version: 1.0.4
2026-07-30T19:03:41,912   Found link https://files.pythonhosted.org/packages/04/c9/d5a8b02561a32bfcbec767a7d094c1ce54874eba9bc6bbaa58dd9ad523e7/XlsxWriter-1.0.4.tar.gz (from https://pypi.org/simple/xlsxwriter/), version: 1.0.4
2026-07-30T19:03:41,912   Found link https://files.pythonhosted.org/packages/33/50/136b801d106fcebb2428a764e5c599e020d8227a3623db078e05eb4793a5/XlsxWriter-1.0.5-py2.py3-none-any.whl (from https://pypi.org/simple/xlsxwriter/), version: 1.0.5
2026-07-30T19:03:41,912   Found link https://files.pythonhosted.org/packages/1b/89/53e57e1e873c6396231827bdab94423a2371662f59f062af09664b902929/XlsxWriter-1.0.5.tar.gz (from https://pypi.org/simple/xlsxwriter/), version: 1.0.5
2026-07-30T19:03:41,912   Found link https://files.pythonhosted.org/packages/36/bb/7e88a9e8f8804f7a2e8713d470059c4f78e2860ff45fc62e7493c358996c/XlsxWriter-1.0.6-py2.py3-none-any.whl (from https://pypi.org/simple/xlsxwriter/), version: 1.0.6
2026-07-30T19:03:41,912   Found link https://files.pythonhosted.org/packages/4c/ca/0274e1d75b517338bc25bb4489d46948ae0f3eecfd9a0e771a995bebdf6d/XlsxWriter-1.0.6.tar.gz (from https://pypi.org/simple/xlsxwriter/), version: 1.0.6
2026-07-30T19:03:41,912   Found link https://files.pythonhosted.org/packages/9c/20/1e74436ca169068ee239f5292f4912c3d4e572eb98d30ebd03f10c2b748e/XlsxWriter-1.0.7-py2.py3-none-any.whl (from https://pypi.org/simple/xlsxwriter/), version: 1.0.7
2026-07-30T19:03:41,912   Found link https://files.pythonhosted.org/packages/9e/c5/159e901bf4017fca90dbd66aa1d9c7742417a2d22b2b8f0b5aefa1e058bd/XlsxWriter-1.0.7.tar.gz (from https://pypi.org/simple/xlsxwriter/), version: 1.0.7
2026-07-30T19:03:41,912   Found link https://files.pythonhosted.org/packages/ba/2a/906ed053b6498a766114420538cd084bd0b8f476d0b7564f477d3adf401e/XlsxWriter-1.0.8-py2.py3-none-any.whl (from https://pypi.org/simple/xlsxwriter/), version: 1.0.8
2026-07-30T19:03:41,912   Found link https://files.pythonhosted.org/packages/ea/44/c704d7d8b4ce719faf5a59be621507dc4f68d00d25085c393f5839be83b2/XlsxWriter-1.0.8.tar.gz (from https://pypi.org/simple/xlsxwriter/), version: 1.0.8
2026-07-30T19:03:41,912   Found link https://files.pythonhosted.org/packages/29/52/7f526f085be203d539567ac9e49042590254050a53d50acd59cea99c681e/XlsxWriter-1.0.9-py2.py3-none-any.whl (from https://pypi.org/simple/xlsxwriter/), version: 1.0.9
2026-07-30T19:03:41,912   Found link https://files.pythonhosted.org/packages/91/5e/79af08f668f8f6c7493d5178d4e95793db4eefee2971ed3ffefcaa2ea772/XlsxWriter-1.0.9.tar.gz (from https://pypi.org/simple/xlsxwriter/), version: 1.0.9
2026-07-30T19:03:41,912   Found link https://files.pythonhosted.org/packages/92/07/79ae72179714feaaaac5bd4155a35195e0986384396bd6f7cba3e7952072/XlsxWriter-1.1.0-py2.py3-none-any.whl (from https://pypi.org/simple/xlsxwriter/), version: 1.1.0
2026-07-30T19:03:41,912   Found link https://files.pythonhosted.org/packages/9d/c7/79f0e3e634e755da606bbdf19ca6e09ac3a8cdc95c8ad47eb1b3e6e8ebb5/XlsxWriter-1.1.0.tar.gz (from https://pypi.org/simple/xlsxwriter/), version: 1.1.0
2026-07-30T19:03:41,912   Found link https://files.pythonhosted.org/packages/cf/37/830a21a2f6fa3e4cbda743c34fc94bee2ac07cb3ccf1630069fa8bc3190b/XlsxWriter-1.1.1-py2.py3-none-any.whl (from https://pypi.org/simple/xlsxwriter/), version: 1.1.1
2026-07-30T19:03:41,912   Found link https://files.pythonhosted.org/packages/6b/ae/970cbeca9d351fe9171c870156f12dc80bc28b3612ee29b869927cfde344/XlsxWriter-1.1.1.tar.gz (from https://pypi.org/simple/xlsxwriter/), version: 1.1.1
2026-07-30T19:03:41,912   Found link https://files.pythonhosted.org/packages/3d/1b/4caecd4efde1d41ba3bef1a81027032a7a6dff7d5112e1731f232c0addb9/XlsxWriter-1.1.2-py2.py3-none-any.whl (from https://pypi.org/simple/xlsxwriter/), version: 1.1.2
2026-07-30T19:03:41,912   Found link https://files.pythonhosted.org/packages/0c/08/69581af3c4807d2b8bac47251c80343161b9f315a7f91fb703aa865302d9/XlsxWriter-1.1.2.tar.gz (from https://pypi.org/simple/xlsxwriter/), version: 1.1.2
2026-07-30T19:03:41,912   Found link https://files.pythonhosted.org/packages/e8/3d/c826ac25837bd4e2f7a02f8f377ae922ce917912bfbe9ff72230c46ac831/XlsxWriter-1.1.3-py2.py3-none-any.whl (from https://pypi.org/simple/xlsxwriter/), version: 1.1.3
2026-07-30T19:03:41,912   Found link https://files.pythonhosted.org/packages/fe/d3/bfd7da98e4465fc82b2cc890085d3aab8a5702429a68e77be9086c249919/XlsxWriter-1.1.3.tar.gz (from https://pypi.org/simple/xlsxwriter/), version: 1.1.3
2026-07-30T19:03:41,912   Found link https://files.pythonhosted.org/packages/8d/d0/f4ee9c621902d18807dd88b0a0ff4426666af8dd1e952c4943a9415f3eeb/XlsxWriter-1.1.4-py2.py3-none-any.whl (from https://pypi.org/simple/xlsxwriter/), version: 1.1.4
2026-07-30T19:03:41,912   Found link https://files.pythonhosted.org/packages/3f/ed/742ed68062ec42148aaf80c6894c8e67f623a9a740d2f95e44a3379b6e39/XlsxWriter-1.1.4.tar.gz (from https://pypi.org/simple/xlsxwriter/), version: 1.1.4
2026-07-30T19:03:41,912   Found link https://files.pythonhosted.org/packages/6e/57/8c0fe0f6d8a4c57c32528c8b1b31c0daba53af33cd3afedf3fcb0971c75a/XlsxWriter-1.1.5-py2.py3-none-any.whl (from https://pypi.org/simple/xlsxwriter/), version: 1.1.5
2026-07-30T19:03:41,912   Found link https://files.pythonhosted.org/packages/72/44/582170c45f288f697cbb13c30cba1e049fdd0ce70ce433298549a2d0027b/XlsxWriter-1.1.5.tar.gz (from https://pypi.org/simple/xlsxwriter/), version: 1.1.5
2026-07-30T19:03:41,912   Found link https://files.pythonhosted.org/packages/15/d0/73a90dd23b044f05ae758db51920f8f235ab4a6d8cc357d84743acc0099b/XlsxWriter-1.1.6-py2.py3-none-any.whl (from https://pypi.org/simple/xlsxwriter/), version: 1.1.6
2026-07-30T19:03:41,912   Found link https://files.pythonhosted.org/packages/8e/cd/a2414c6ec7424c2fdb6db09113acca1ba340f6b8180e26a2f88ad67f1209/XlsxWriter-1.1.6.tar.gz (from https://pypi.org/simple/xlsxwriter/), version: 1.1.6
2026-07-30T19:03:41,912   Found link https://files.pythonhosted.org/packages/35/7d/d432d6718452432b66e3ec29efafad2deea1bc9e5232951413523aeef8df/XlsxWriter-1.1.7-py2.py3-none-any.whl (from https://pypi.org/simple/xlsxwriter/), version: 1.1.7
2026-07-30T19:03:41,912   Found link https://files.pythonhosted.org/packages/64/9b/eebcf28d16466f8ed48484e2c5f3b190adc63952f005329980acc8653e34/XlsxWriter-1.1.7.tar.gz (from https://pypi.org/simple/xlsxwriter/), version: 1.1.7
2026-07-30T19:03:41,917   Found link https://files.pythonhosted.org/packages/3f/1c/d6d90eb4e94b32b8558296ef197445fb1faca71d747e28ee3ef56f2cfac2/XlsxWriter-1.1.8-py2.py3-none-any.whl (from https://pypi.org/simple/xlsxwriter/), version: 1.1.8
2026-07-30T19:03:41,917   Found link https://files.pythonhosted.org/packages/39/2f/9018f9980416afaef326c2399c2c583f292cfb4a15f0b67059f4c0f9aa99/XlsxWriter-1.1.8.tar.gz (from https://pypi.org/simple/xlsxwriter/), version: 1.1.8
2026-07-30T19:03:41,917   Found link https://files.pythonhosted.org/packages/08/03/01078c133704b7545949ed98cbd888db100f0672f8333a03218f49f9d959/XlsxWriter-1.1.9-py2.py3-none-any.whl (from https://pypi.org/simple/xlsxwriter/), version: 1.1.9
2026-07-30T19:03:41,917   Found link https://files.pythonhosted.org/packages/aa/c6/0f32f36644b105581aad7e4151e6efed4e61a69fa9065a5a41708e128d1c/XlsxWriter-1.1.9.tar.gz (from https://pypi.org/simple/xlsxwriter/), version: 1.1.9
2026-07-30T19:03:41,917   Found link https://files.pythonhosted.org/packages/21/48/05167e0aa3294eec000b066f5be5b5ad42c6da686ae6a2c4f61164461c96/XlsxWriter-1.2.0-py2.py3-none-any.whl (from https://pypi.org/simple/xlsxwriter/), version: 1.2.0
2026-07-30T19:03:41,918   Found link https://files.pythonhosted.org/packages/27/fb/98b45c4aa44deeab0be400ed3bd2bafcaeb3e592e61eb54656c615641784/XlsxWriter-1.2.0.tar.gz (from https://pypi.org/simple/xlsxwriter/), version: 1.2.0
2026-07-30T19:03:41,918   Found link https://files.pythonhosted.org/packages/82/50/780122e4790328c195475d6e49a07fb69593508355dfee98bfb22686d9e8/XlsxWriter-1.2.1-py2.py3-none-any.whl (from https://pypi.org/simple/xlsxwriter/), version: 1.2.1
2026-07-30T19:03:41,918   Found link https://files.pythonhosted.org/packages/91/c2/9b33661b53065464febd85805037a52c4f066d2cadc540052ae83dfaf792/XlsxWriter-1.2.1.tar.gz (from https://pypi.org/simple/xlsxwriter/), version: 1.2.1
2026-07-30T19:03:41,918   Found link https://files.pythonhosted.org/packages/25/88/a38f35b00ce4dd166a20e1a0a25e438e19e332e680df52af4aeac0df0f03/XlsxWriter-1.2.2-py2.py3-none-any.whl (from https://pypi.org/simple/xlsxwriter/), version: 1.2.2
2026-07-30T19:03:41,918   Found link https://files.pythonhosted.org/packages/73/78/3ea62c5ad7255a0ff676c87ea88b152090b2178cb27325ba3bb0bb4122c9/XlsxWriter-1.2.2.tar.gz (from https://pypi.org/simple/xlsxwriter/), version: 1.2.2
2026-07-30T19:03:41,918   Found link https://files.pythonhosted.org/packages/51/ab/2926fdee86cd87dac9de4c895a78837d9ac13958f2eaf6e9e2dccdc3cb16/XlsxWriter-1.2.3-py2.py3-none-any.whl (from https://pypi.org/simple/xlsxwriter/), version: 1.2.3
2026-07-30T19:03:41,918   Found link https://files.pythonhosted.org/packages/51/62/45e728427abff02d36e837b3beb371560ba527bece8bd4a8fb4eb3abf2fe/XlsxWriter-1.2.3.tar.gz (from https://pypi.org/simple/xlsxwriter/), version: 1.2.3
2026-07-30T19:03:41,918   Found link https://files.pythonhosted.org/packages/fd/2f/5b0ad359e67322f15639fee446e5304c972fa0683f72003401c7707fb4bf/XlsxWriter-1.2.4-py2.py3-none-any.whl (from https://pypi.org/simple/xlsxwriter/), version: 1.2.4
2026-07-30T19:03:41,918   Found link https://files.pythonhosted.org/packages/ad/30/a203e206bbf35ec4674d9ae84cdcebb8f91e41b27304ddbf9f82c143ccc7/XlsxWriter-1.2.4.tar.gz (from https://pypi.org/simple/xlsxwriter/), version: 1.2.4
2026-07-30T19:03:41,918   Found link https://files.pythonhosted.org/packages/d5/d1/37f1eb2183fa87175cd7882bff3f47e4be49912b95e6ba83436917495054/XlsxWriter-1.2.5-py2.py3-none-any.whl (from https://pypi.org/simple/xlsxwriter/), version: 1.2.5
2026-07-30T19:03:41,918   Found link https://files.pythonhosted.org/packages/0f/e9/ea2da37b8d8e8fd971c2f3dfa4578645dd30b71516a0501155950714d9ad/XlsxWriter-1.2.5.tar.gz (from https://pypi.org/simple/xlsxwriter/), version: 1.2.5
2026-07-30T19:03:41,918   Found link https://files.pythonhosted.org/packages/f2/16/da654cfbc0b05f2ad253c0f244b0c2a76c403bb774717b39c92653acb290/XlsxWriter-1.2.6-py2.py3-none-any.whl (from https://pypi.org/simple/xlsxwriter/), version: 1.2.6
2026-07-30T19:03:41,918   Found link https://files.pythonhosted.org/packages/80/29/071fc0366975032d4cd7190ec2b5491e2d1b6b5efb9b58b673be188d4350/XlsxWriter-1.2.6.tar.gz (from https://pypi.org/simple/xlsxwriter/), version: 1.2.6
2026-07-30T19:03:41,918   Found link https://files.pythonhosted.org/packages/0d/0c/4376ce9d0773c9969271419d4c843bf9b845d831a555f5abb6229e74ac1e/XlsxWriter-1.2.7-py2.py3-none-any.whl (from https://pypi.org/simple/xlsxwriter/), version: 1.2.7
2026-07-30T19:03:41,918   Found link https://files.pythonhosted.org/packages/80/09/73476d96d572ab2fc7fd825374cc5623e6e285f119f65ba73a222be57859/XlsxWriter-1.2.7.tar.gz (from https://pypi.org/simple/xlsxwriter/), version: 1.2.7
2026-07-30T19:03:41,918   Found link https://files.pythonhosted.org/packages/00/1f/2092a81056d36c1b6651a645aa84c1f76bcee03103072d4fe1cb58501d69/XlsxWriter-1.2.8-py2.py3-none-any.whl (from https://pypi.org/simple/xlsxwriter/), version: 1.2.8
2026-07-30T19:03:41,918   Found link https://files.pythonhosted.org/packages/6a/50/77a5d3377e0b5caff56609a9075160f57951015c274e6ba891e5ad96f61f/XlsxWriter-1.2.8.tar.gz (from https://pypi.org/simple/xlsxwriter/), version: 1.2.8
2026-07-30T19:03:41,918   Found link https://files.pythonhosted.org/packages/c8/a2/e5f28b67b7d883c9a6585c0ef32b4bb002bff0292b3008f3d6d3fc7eee59/XlsxWriter-1.2.9-py2.py3-none-any.whl (from https://pypi.org/simple/xlsxwriter/), version: 1.2.9
2026-07-30T19:03:41,918   Found link https://files.pythonhosted.org/packages/0c/bc/82d6783f83f65f56d8b77d052773c4a2f952fa86385f0cd54e1e006658d7/XlsxWriter-1.2.9.tar.gz (from https://pypi.org/simple/xlsxwriter/), version: 1.2.9
2026-07-30T19:03:41,918   Found link https://files.pythonhosted.org/packages/ab/a7/af53189fd58fba5b87f9f16d5da815ab8995c436acfa0d8d120b9c060bda/XlsxWriter-1.3.0-py2.py3-none-any.whl (from https://pypi.org/simple/xlsxwriter/), version: 1.3.0
2026-07-30T19:03:41,918   Found link https://files.pythonhosted.org/packages/07/04/0dd9c9d7075275481a7165a5c94e40e917aa62a7adddf506eb100dc87756/XlsxWriter-1.3.0.tar.gz (from https://pypi.org/simple/xlsxwriter/), version: 1.3.0
2026-07-30T19:03:41,918   Found link https://files.pythonhosted.org/packages/5f/ae/bc537251d5a191053467d0a656a6920d70f735e7d829e1fff8bcab9ddcc8/XlsxWriter-1.3.1-py2.py3-none-any.whl (from https://pypi.org/simple/xlsxwriter/), version: 1.3.1
2026-07-30T19:03:41,918   Found link https://files.pythonhosted.org/packages/09/08/626f885d29c63bcb30fc1039992a8ece64609d94da6a60de52ace278f180/XlsxWriter-1.3.1.tar.gz (from https://pypi.org/simple/xlsxwriter/), version: 1.3.1
2026-07-30T19:03:41,918   Found link https://files.pythonhosted.org/packages/b4/b9/0f095f47d1d8fdf830cab77907467beb784bc13c583e27844a22aa923934/XlsxWriter-1.3.2-py2.py3-none-any.whl (from https://pypi.org/simple/xlsxwriter/), version: 1.3.2
2026-07-30T19:03:41,918   Found link https://files.pythonhosted.org/packages/bf/4c/aa63bbce7fd56c20432d51deafbae54f38496de17538699a23ce2448cb1b/XlsxWriter-1.3.2.tar.gz (from https://pypi.org/simple/xlsxwriter/), version: 1.3.2
2026-07-30T19:03:41,918   Skipping link: unsupported archive format: .egg: https://files.pythonhosted.org/packages/54/14/746872beb1ae2f88128fa5ee38e744b9d32361e585ee0e0b163926dc9ba7/XlsxWriter-1.3.3-py2.7.egg (from https://pypi.org/simple/xlsxwriter/)
2026-07-30T19:03:41,918   Found link https://files.pythonhosted.org/packages/2b/98/17875723b6814fc4d0fc03f0997ee00de2dbd78cf195e2ec3f2c9c789d40/XlsxWriter-1.3.3-py2.py3-none-any.whl (from https://pypi.org/simple/xlsxwriter/), version: 1.3.3
2026-07-30T19:03:41,918   Found link https://files.pythonhosted.org/packages/2a/db/c84469e2325e4f07a43c9da65ffc499af5479be7cd89411cff448446f09c/XlsxWriter-1.3.3.tar.gz (from https://pypi.org/simple/xlsxwriter/), version: 1.3.3
2026-07-30T19:03:41,918   Found link https://files.pythonhosted.org/packages/23/0b/7e56a5e5d31c76fe8b255cb32fdd98c80af24d78af77fde6c7880b14dbe2/XlsxWriter-1.3.4-py2.py3-none-any.whl (from https://pypi.org/simple/xlsxwriter/), version: 1.3.4
2026-07-30T19:03:41,918   Found link https://files.pythonhosted.org/packages/35/44/32fd56d8d2350b72bd75ad45699a189ef4b6bc0d732931bae2b0228e145c/XlsxWriter-1.3.4.tar.gz (from https://pypi.org/simple/xlsxwriter/), version: 1.3.4
2026-07-30T19:03:41,918   Found link https://files.pythonhosted.org/packages/39/7d/239b21bf79f403edf8522c0692acd0f98e1a0f66e7a1485ff75f95564f5b/XlsxWriter-1.3.5-py2.py3-none-any.whl (from https://pypi.org/simple/xlsxwriter/), version: 1.3.5
2026-07-30T19:03:41,918   Found link https://files.pythonhosted.org/packages/b8/9d/e7bba3f52b30befdf0910c1a228ea1222bd08866f029b56d9e86f12ab75a/XlsxWriter-1.3.5.tar.gz (from https://pypi.org/simple/xlsxwriter/), version: 1.3.5
2026-07-30T19:03:41,918   Found link https://files.pythonhosted.org/packages/bb/4d/0c638b494539309e606e4712f027e0e567102b0732276e552d478f529636/XlsxWriter-1.3.6-py2.py3-none-any.whl (from https://pypi.org/simple/xlsxwriter/), version: 1.3.6
2026-07-30T19:03:41,918   Found link https://files.pythonhosted.org/packages/d1/34/f9fd179980282c4de29ae118a82e998fb596531395c8a451dcd7b75d41a4/XlsxWriter-1.3.6.tar.gz (from https://pypi.org/simple/xlsxwriter/), version: 1.3.6
2026-07-30T19:03:41,918   Found link https://files.pythonhosted.org/packages/6b/41/bf1aae04932d1eaffee1fc5f8b38ca47bbbf07d765129539bc4bcce1ce0c/XlsxWriter-1.3.7-py2.py3-none-any.whl (from https://pypi.org/simple/xlsxwriter/), version: 1.3.7
2026-07-30T19:03:41,918   Found link https://files.pythonhosted.org/packages/d9/91/92d6032b2cc80674bacd8cc5c7496a6793df542ad8df0fb8b5acd55b866d/XlsxWriter-1.3.7.tar.gz (from https://pypi.org/simple/xlsxwriter/), version: 1.3.7
2026-07-30T19:03:41,918   Found link https://files.pythonhosted.org/packages/34/eb/40aaf7a73fd158aea04ad8812b97fd3049929276c9ea652d8a995cd18425/XlsxWriter-1.3.8-py2.py3-none-any.whl (from https://pypi.org/simple/xlsxwriter/), version: 1.3.8
2026-07-30T19:03:41,918   Found link https://files.pythonhosted.org/packages/00/a4/3ee707d7f53801665307566c3685006b470d8b4570004069434a74479fae/XlsxWriter-1.3.8.tar.gz (from https://pypi.org/simple/xlsxwriter/), version: 1.3.8
2026-07-30T19:03:41,918   Found link https://files.pythonhosted.org/packages/9f/65/22746ca0b059aada544681325ff9c3f4f2d80c900165777b23e32f56eff2/XlsxWriter-1.3.9-py2.py3-none-any.whl (from https://pypi.org/simple/xlsxwriter/), version: 1.3.9
2026-07-30T19:03:41,918   Found link https://files.pythonhosted.org/packages/a3/c8/8f930b5183d4a8860f76adfad59fc29663e91b45289140ec5dfe1645d90a/XlsxWriter-1.3.9.tar.gz (from https://pypi.org/simple/xlsxwriter/), version: 1.3.9
2026-07-30T19:03:41,918   Found link https://files.pythonhosted.org/packages/3f/c1/2a77723ae03fea7650f8d77ab78055c08fd905fc956d67d4e4c4fc32c653/XlsxWriter-1.4.0-py2.py3-none-any.whl (from https://pypi.org/simple/xlsxwriter/), version: 1.4.0
2026-07-30T19:03:41,918   Found link https://files.pythonhosted.org/packages/c8/68/503ee2241035f7f74bc9ded594f01ae6853ecb132789da751ae40e30424b/XlsxWriter-1.4.0.tar.gz (from https://pypi.org/simple/xlsxwriter/), version: 1.4.0
2026-07-30T19:03:41,918   Found link https://files.pythonhosted.org/packages/f4/4c/f1b13f52c0e1802a70ad8809c9061b2e69c905c7a9f37839161a5d74c9af/XlsxWriter-1.4.1-py2.py3-none-any.whl (from https://pypi.org/simple/xlsxwriter/), version: 1.4.1
2026-07-30T19:03:41,918   Found link https://files.pythonhosted.org/packages/29/02/c3dafcc1264ecac1f1892abf1b8a79a751dafa150347d23732dc3667a19a/XlsxWriter-1.4.1.tar.gz (from https://pypi.org/simple/xlsxwriter/), version: 1.4.1
2026-07-30T19:03:41,918   Found link https://files.pythonhosted.org/packages/3c/55/21c0d585ff982db07d809ded31528651df77e4ab61ec52683f57609f201f/XlsxWriter-1.4.2-py2.py3-none-any.whl (from https://pypi.org/simple/xlsxwriter/), version: 1.4.2
2026-07-30T19:03:41,918   Found link https://files.pythonhosted.org/packages/74/6c/e1a304b9d192d5ebe7a0de96aad6ad7c80e92e7bc80ba2d9814a937b5f40/XlsxWriter-1.4.2.tar.gz (from https://pypi.org/simple/xlsxwriter/), version: 1.4.2
2026-07-30T19:03:41,918   Found link https://files.pythonhosted.org/packages/2c/ce/74fd8d638a5b82ea0c6f08a5978f741c2655a38c3d6e82f73a0f084377e6/XlsxWriter-1.4.3-py2.py3-none-any.whl (from https://pypi.org/simple/xlsxwriter/), version: 1.4.3
2026-07-30T19:03:41,918   Found link https://files.pythonhosted.org/packages/84/49/89b391cf924c52e8003d9b7de1b2214441fd50c3bbe4b2ae0d81f5820379/XlsxWriter-1.4.3.tar.gz (from https://pypi.org/simple/xlsxwriter/), version: 1.4.3
2026-07-30T19:03:41,918   Found link https://files.pythonhosted.org/packages/93/51/11cb4545e95f1a845a6ca5475eb425272dc32c2f0e3592d80e7abd491374/XlsxWriter-1.4.4-py2.py3-none-any.whl (from https://pypi.org/simple/xlsxwriter/), version: 1.4.4
2026-07-30T19:03:41,918   Found link https://files.pythonhosted.org/packages/a9/90/66d5e3578a79fbc6d4d6d48246880f5ce941a5c41689b8bc7274cb6c1918/XlsxWriter-1.4.4.tar.gz (from https://pypi.org/simple/xlsxwriter/), version: 1.4.4
2026-07-30T19:03:41,918   Found link https://files.pythonhosted.org/packages/96/34/c0f14cd35304bd1ffeaf9bdb88d1a8b3d7153714dd2540a5f6341acf25ff/XlsxWriter-1.4.5-py2.py3-none-any.whl (from https://pypi.org/simple/xlsxwriter/), version: 1.4.5
2026-07-30T19:03:41,918   Found link https://files.pythonhosted.org/packages/15/72/75b6c904ebabb3fc22965dd78e080252d5950af652a34cd3e0ed538ab1ff/XlsxWriter-1.4.5.tar.gz (from https://pypi.org/simple/xlsxwriter/), version: 1.4.5
2026-07-30T19:03:41,918   Found link https://files.pythonhosted.org/packages/63/82/325220ba5665cebec5df95d696dca1f04be7e9bdc7d10c59720391c83cc0/XlsxWriter-2.0.0-py2.py3-none-any.whl (from https://pypi.org/simple/xlsxwriter/), version: 2.0.0
2026-07-30T19:03:41,918   Found link https://files.pythonhosted.org/packages/ea/3b/ed27791a0daf03919f15e30ee3bcda7645e4ad2c0c97eae94c7a70f6e586/XlsxWriter-2.0.0.tar.gz (from https://pypi.org/simple/xlsxwriter/), version: 2.0.0
2026-07-30T19:03:41,923   Found link https://files.pythonhosted.org/packages/68/51/f6f6aa86106712dad0db9663c7d24b6b32d2103b626d900fa68d48a9b262/XlsxWriter-3.0.1-py3-none-any.whl (from https://pypi.org/simple/xlsxwriter/) (requires-python:>=3.4), version: 3.0.1
2026-07-30T19:03:41,923   Found link https://files.pythonhosted.org/packages/5d/36/e943d07af9d26cc2f11861955dbf0031e891f77f3d55f70217fd6a0f4d9f/XlsxWriter-3.0.1.tar.gz (from https://pypi.org/simple/xlsxwriter/) (requires-python:>=3.4), version: 3.0.1
2026-07-30T19:03:41,923   Found link https://files.pythonhosted.org/packages/cd/84/c239b08592a431f7ad8773f7869470255b5f1ad860d7b40a9e7ed3f01bde/XlsxWriter-3.0.2-py3-none-any.whl (from https://pypi.org/simple/xlsxwriter/) (requires-python:>=3.4), version: 3.0.2
2026-07-30T19:03:41,923   Found link https://files.pythonhosted.org/packages/cc/52/336ea010eda5cc4246c2696fc8d679634b1cbe5971a5cc8c151c051f0b4b/XlsxWriter-3.0.2.tar.gz (from https://pypi.org/simple/xlsxwriter/) (requires-python:>=3.4), version: 3.0.2
2026-07-30T19:03:41,924   Found link https://files.pythonhosted.org/packages/ef/95/30f6ee57f10232e2055a85c3e4c8db7d38ab5f1349b6cdced85cb8acd5e6/XlsxWriter-3.0.3-py3-none-any.whl (from https://pypi.org/simple/xlsxwriter/) (requires-python:>=3.4), version: 3.0.3
2026-07-30T19:03:41,924   Found link https://files.pythonhosted.org/packages/53/04/91ff43803c3e88c32aa272fdbda5859fc3c3b50b0de3a1e439cc57455330/XlsxWriter-3.0.3.tar.gz (from https://pypi.org/simple/xlsxwriter/) (requires-python:>=3.4), version: 3.0.3
2026-07-30T19:03:41,924   Found link https://files.pythonhosted.org/packages/2b/1e/4d4e88ad8ca1115cb9fa1ceeac923ddcba87c37393a007ca55dc2b4e154b/XlsxWriter-3.0.4-py3-none-any.whl (from https://pypi.org/simple/xlsxwriter/) (requires-python:>=3.6), version: 3.0.4
2026-07-30T19:03:41,924   Found link https://files.pythonhosted.org/packages/dd/f1/5c7e82285726ed5e882621929754dc261d078918932c4e90ee89b861bfc9/XlsxWriter-3.0.4.tar.gz (from https://pypi.org/simple/xlsxwriter/) (requires-python:>=3.6), version: 3.0.4
2026-07-30T19:03:41,924   Found link https://files.pythonhosted.org/packages/c9/be/9bafda623e2c66d66c52067a6f678f5ac6c6a1be079aa78c0776732fce3e/XlsxWriter-3.0.5-py3-none-any.whl (from https://pypi.org/simple/xlsxwriter/) (requires-python:>=3.6), version: 3.0.5
2026-07-30T19:03:41,924   Found link https://files.pythonhosted.org/packages/f1/0e/c798dbd2156a2b8e56ed543620ff6c1b0fa36e24c6fed33818afb465d6c5/XlsxWriter-3.0.5.tar.gz (from https://pypi.org/simple/xlsxwriter/) (requires-python:>=3.6), version: 3.0.5
2026-07-30T19:03:41,924   Found link https://files.pythonhosted.org/packages/28/5d/a6ed474f8fdd5692e7b2f9275ece3a2efa034f26fefd1e5040b3a215d820/XlsxWriter-3.0.6-py3-none-any.whl (from https://pypi.org/simple/xlsxwriter/) (requires-python:>=3.6), version: 3.0.6
2026-07-30T19:03:41,924   Found link https://files.pythonhosted.org/packages/d4/b5/cef6fadeaf316a3bbe82a506252081f2e6533cdf4b69ed64f8831ac01fb0/XlsxWriter-3.0.6.tar.gz (from https://pypi.org/simple/xlsxwriter/) (requires-python:>=3.6), version: 3.0.6
2026-07-30T19:03:41,924   Found link https://files.pythonhosted.org/packages/5b/3b/9a680d947450a99e27225597a185b739afeb7bdb160d42070c06e7945c50/XlsxWriter-3.0.7-py3-none-any.whl (from https://pypi.org/simple/xlsxwriter/) (requires-python:>=3.6), version: 3.0.7
2026-07-30T19:03:41,924   Found link https://files.pythonhosted.org/packages/b3/24/5253b50d798674d4d3212df938ab50e2b14a672073e4308b3c46f7590ccd/XlsxWriter-3.0.7.tar.gz (from https://pypi.org/simple/xlsxwriter/) (requires-python:>=3.6), version: 3.0.7
2026-07-30T19:03:41,924   Found link https://files.pythonhosted.org/packages/f9/d1/28016a5edd9398df773342dd27416b720d1f4e71ab72a63fab5c3bcb3fb0/XlsxWriter-3.0.8-py3-none-any.whl (from https://pypi.org/simple/xlsxwriter/) (requires-python:>=3.6), version: 3.0.8
2026-07-30T19:03:41,924   Found link https://files.pythonhosted.org/packages/6a/31/f94f5707827ecd84f3fa03e55e263b9aeddb7da4ae0f7f1541e214e81b15/XlsxWriter-3.0.8.tar.gz (from https://pypi.org/simple/xlsxwriter/) (requires-python:>=3.6), version: 3.0.8
2026-07-30T19:03:41,924   Found link https://files.pythonhosted.org/packages/87/b9/bc9e4fe0c6a2656d0baa40aa324f9c11e07e5bcec51be9e90ee4deebb309/XlsxWriter-3.0.9-py3-none-any.whl (from https://pypi.org/simple/xlsxwriter/) (requires-python:>=3.6), version: 3.0.9
2026-07-30T19:03:41,924   Found link https://files.pythonhosted.org/packages/bf/dd/2a2ebee045f8e86b40468f3ca44dbcf86607f8282c74dfd9e87b00db12b4/XlsxWriter-3.0.9.tar.gz (from https://pypi.org/simple/xlsxwriter/) (requires-python:>=3.6), version: 3.0.9
2026-07-30T19:03:41,924   Found link https://files.pythonhosted.org/packages/bd/00/28d48d105fa914b460e9721b315af096937e2e82bf540932c68420ccd9e1/XlsxWriter-3.1.0-py3-none-any.whl (from https://pypi.org/simple/xlsxwriter/) (requires-python:>=3.6), version: 3.1.0
2026-07-30T19:03:41,924   Found link https://files.pythonhosted.org/packages/17/00/b99c915fa2118b9a1dd061a5bf82094c843ab481c714c6d826668df834ad/XlsxWriter-3.1.0.tar.gz (from https://pypi.org/simple/xlsxwriter/) (requires-python:>=3.6), version: 3.1.0
2026-07-30T19:03:41,924   Found link https://files.pythonhosted.org/packages/86/c1/d58c9dc59c6e1683158af49cd9fca28b99f7a9f2887c572ae11d1132bce6/XlsxWriter-3.1.1-py3-none-any.whl (from https://pypi.org/simple/xlsxwriter/) (requires-python:>=3.6), version: 3.1.1
2026-07-30T19:03:41,924   Found link https://files.pythonhosted.org/packages/e1/6e/954f509c86b65706c0eb7b6d26723a993c84c8ca5e1ee482c77adeaa8b9e/XlsxWriter-3.1.1.tar.gz (from https://pypi.org/simple/xlsxwriter/) (requires-python:>=3.6), version: 3.1.1
2026-07-30T19:03:41,924   Found link https://files.pythonhosted.org/packages/37/94/25d3ec8587974de7ebd790232aa3155abfe44ed23df7ccaa4645977a1cbe/XlsxWriter-3.1.2-py3-none-any.whl (from https://pypi.org/simple/xlsxwriter/) (requires-python:>=3.6), version: 3.1.2
2026-07-30T19:03:41,924   Found link https://files.pythonhosted.org/packages/04/d4/3cc6a3cd112a91d95f554ca8909c8528addf06d79c51ccd40e39a6ff48e1/XlsxWriter-3.1.2.tar.gz (from https://pypi.org/simple/xlsxwriter/) (requires-python:>=3.6), version: 3.1.2
2026-07-30T19:03:41,924   Found link https://files.pythonhosted.org/packages/6a/8c/5982a902521519d3f671bd24bce63eda474d7f16502c78ac2bb5ab889aa0/XlsxWriter-3.1.3-py3-none-any.whl (from https://pypi.org/simple/xlsxwriter/) (requires-python:>=3.6), version: 3.1.3
2026-07-30T19:03:41,924   Found link https://files.pythonhosted.org/packages/a4/84/0e28778dd6d6871c1b3f4c99edaa0ab346d730c87f66498df6ea00e29d4d/XlsxWriter-3.1.3.tar.gz (from https://pypi.org/simple/xlsxwriter/) (requires-python:>=3.6), version: 3.1.3
2026-07-30T19:03:41,924   Found link https://files.pythonhosted.org/packages/dc/6b/db1de39818f4f5e6615fe972ef165cf62f4a1078048533cd00ebea4adc48/XlsxWriter-3.1.4-py3-none-any.whl (from https://pypi.org/simple/xlsxwriter/) (requires-python:>=3.6), version: 3.1.4
2026-07-30T19:03:41,924   Found link https://files.pythonhosted.org/packages/bc/91/ac4122900607540c1482084915badc237a2d8e24a2926591214ff0594819/XlsxWriter-3.1.4.tar.gz (from https://pypi.org/simple/xlsxwriter/) (requires-python:>=3.6), version: 3.1.4
2026-07-30T19:03:41,924   Found link https://files.pythonhosted.org/packages/07/ff/d15408ef73f4bfec117fb2c39284c5fc2d4c3b745cf40f0e166830c2468d/XlsxWriter-3.1.5-py3-none-any.whl (from https://pypi.org/simple/xlsxwriter/) (requires-python:>=3.6), version: 3.1.5
2026-07-30T19:03:41,924   Found link https://files.pythonhosted.org/packages/ae/2e/bf9c490e6a42e5baa4de08c6a0e1bc4d5c537e7066e95960e7d4888e73b8/XlsxWriter-3.1.5.tar.gz (from https://pypi.org/simple/xlsxwriter/) (requires-python:>=3.6), version: 3.1.5
2026-07-30T19:03:41,924   Found link https://files.pythonhosted.org/packages/4f/64/42063c82918475ce0a63fa19063607e60969b1498ccd4220274cf808fc60/XlsxWriter-3.1.6-py3-none-any.whl (from https://pypi.org/simple/xlsxwriter/) (requires-python:>=3.6), version: 3.1.6
2026-07-30T19:03:41,924   Found link https://files.pythonhosted.org/packages/e0/ab/bc8d317106c8ea5ff11a2394ae99cb9adf1a9d32c55d3b15eea2b505b875/XlsxWriter-3.1.6.tar.gz (from https://pypi.org/simple/xlsxwriter/) (requires-python:>=3.6), version: 3.1.6
2026-07-30T19:03:41,924   Found link https://files.pythonhosted.org/packages/51/ba/f6982db11e17b43da310a2169dcfbda166e8c509d8358ec8310219ca9732/XlsxWriter-3.1.7-py3-none-any.whl (from https://pypi.org/simple/xlsxwriter/) (requires-python:>=3.6), version: 3.1.7
2026-07-30T19:03:41,924   Found link https://files.pythonhosted.org/packages/5c/77/956e6ab727d9e9ba29a718e172158814f7ded1670219e4366b8851fedc11/XlsxWriter-3.1.7.tar.gz (from https://pypi.org/simple/xlsxwriter/) (requires-python:>=3.6), version: 3.1.7
2026-07-30T19:03:41,924   Found link https://files.pythonhosted.org/packages/c8/aa/6162e6842f1853ebb9d60621c0b889a534510eb3e3bcff608f9cf7dc86aa/XlsxWriter-3.1.8-py3-none-any.whl (from https://pypi.org/simple/xlsxwriter/) (requires-python:>=3.6), version: 3.1.8
2026-07-30T19:03:41,924   Found link https://files.pythonhosted.org/packages/da/b3/90e50e5c285f48b5fc251a6e8ec255a110dc194349b992a18c5b9ae3e713/XlsxWriter-3.1.8.tar.gz (from https://pypi.org/simple/xlsxwriter/) (requires-python:>=3.6), version: 3.1.8
2026-07-30T19:03:41,924   Found link https://files.pythonhosted.org/packages/f7/3e/05ba2194cd5073602422859c949a4f21310a3c49bf8dccde9e03d4522b11/XlsxWriter-3.1.9-py3-none-any.whl (from https://pypi.org/simple/xlsxwriter/) (requires-python:>=3.6), version: 3.1.9
2026-07-30T19:03:41,924   Found link https://files.pythonhosted.org/packages/2b/a3/dd02e3559b2c785d2357c3752cc191d750a280ff3cb02fa7c2a8f87523c3/XlsxWriter-3.1.9.tar.gz (from https://pypi.org/simple/xlsxwriter/) (requires-python:>=3.6), version: 3.1.9
2026-07-30T19:03:41,924   Found link https://files.pythonhosted.org/packages/a7/ea/53d1fe468e63e092cf16e2c18d16f50c29851242f9dd12d6a66e0d7f0d02/XlsxWriter-3.2.0-py3-none-any.whl (from https://pypi.org/simple/xlsxwriter/) (requires-python:>=3.6), version: 3.2.0
2026-07-30T19:03:41,924   Found link https://files.pythonhosted.org/packages/a6/c3/b36fa44a0610a0f65d2e65ba6a262cbe2554b819f1449731971f7c16ea3c/XlsxWriter-3.2.0.tar.gz (from https://pypi.org/simple/xlsxwriter/) (requires-python:>=3.6), version: 3.2.0
2026-07-30T19:03:41,924   Found link https://files.pythonhosted.org/packages/bc/30/040af902cb8a9909d320779d8467aa7590bb91477767fd2b7551f4d91bb5/XlsxWriter-3.2.1-py3-none-any.whl (from https://pypi.org/simple/xlsxwriter/) (requires-python:>=3.6), version: 3.2.1
2026-07-30T19:03:41,924   Found link https://files.pythonhosted.org/packages/48/4f/108b0bada5cfcc47c24ea6181f4c563fbafef50bcc0054089c256b2ae578/XlsxWriter-3.2.1.tar.gz (from https://pypi.org/simple/xlsxwriter/) (requires-python:>=3.6), version: 3.2.1
2026-07-30T19:03:41,924   Found link https://files.pythonhosted.org/packages/9b/07/df054f7413bdfff5e98f75056e4ed0977d0c8716424011fac2587864d1d3/XlsxWriter-3.2.2-py3-none-any.whl (from https://pypi.org/simple/xlsxwriter/) (requires-python:>=3.6), version: 3.2.2
2026-07-30T19:03:41,924   Found link https://files.pythonhosted.org/packages/a1/08/26f69d1e9264e8107253018de9fc6b96f9219817d01c5f021e927384a8d1/xlsxwriter-3.2.2.tar.gz (from https://pypi.org/simple/xlsxwriter/) (requires-python:>=3.6), version: 3.2.2
2026-07-30T19:03:41,924   Found link https://files.pythonhosted.org/packages/37/b1/a252d499f2760b314fcf264d2b36fcc4343a1ecdb25492b210cb0db70a68/XlsxWriter-3.2.3-py3-none-any.whl (from https://pypi.org/simple/xlsxwriter/) (requires-python:>=3.6), version: 3.2.3
2026-07-30T19:03:41,924   Found link https://files.pythonhosted.org/packages/a7/d1/e026d33dd5d552e5bf3a873dee54dad66b550230df8290d79394f09b2315/xlsxwriter-3.2.3.tar.gz (from https://pypi.org/simple/xlsxwriter/) (requires-python:>=3.6), version: 3.2.3
2026-07-30T19:03:41,924   Found link https://files.pythonhosted.org/packages/d5/85/fb8e5599539b756ba5ff30acfc899b75420577fd271579908e6a99d94e18/xlsxwriter-3.2.4-py3-none-any.whl (from https://pypi.org/simple/xlsxwriter/) (requires-python:>=3.8), version: 3.2.4
2026-07-30T19:03:41,924   Found link https://files.pythonhosted.org/packages/04/02/9fbe0d23aa4f746c411fe3dc4a95db8e82f2f14794f6503bb207c3f332ad/xlsxwriter-3.2.4.tar.gz (from https://pypi.org/simple/xlsxwriter/) (requires-python:>=3.8), version: 3.2.4
2026-07-30T19:03:41,924   Found link https://files.pythonhosted.org/packages/fa/34/a22e6664211f0c8879521328000bdcae9bf6dbafa94a923e531f6d5b3f73/xlsxwriter-3.2.5-py3-none-any.whl (from https://pypi.org/simple/xlsxwriter/) (requires-python:>=3.8), version: 3.2.5
2026-07-30T19:03:41,924   Found link https://files.pythonhosted.org/packages/a7/47/7704bac42ac6fe1710ae099b70e6a1e68ed173ef14792b647808c357da43/xlsxwriter-3.2.5.tar.gz (from https://pypi.org/simple/xlsxwriter/) (requires-python:>=3.8), version: 3.2.5
2026-07-30T19:03:41,924   Found link https://files.pythonhosted.org/packages/c9/26/3388f77ede6823c26b47d3e22f723a9c2ffb189b99b70d4445a2eaf83b8f/xlsxwriter-3.2.6-py3-none-any.whl (from https://pypi.org/simple/xlsxwriter/) (requires-python:>=3.8), version: 3.2.6
2026-07-30T19:03:41,924   Found link https://files.pythonhosted.org/packages/5c/95/fc3f7321591f02547defe4307f885b6fc36ac9f31e1cbba7c536bf396657/xlsxwriter-3.2.6.tar.gz (from https://pypi.org/simple/xlsxwriter/) (requires-python:>=3.8), version: 3.2.6
2026-07-30T19:03:41,924   Found link https://files.pythonhosted.org/packages/48/13/77d89889b2c5a20c85f5637d34c1cee6d805e5501bd27dd53bbe33e29664/xlsxwriter-3.2.7-py3-none-any.whl (from https://pypi.org/simple/xlsxwriter/) (requires-python:>=3.8), version: 3.2.7
2026-07-30T19:03:41,924   Found link https://files.pythonhosted.org/packages/f7/35/ac541ffe99133d3475063f3ca3ca962f2bbd078e1430223090b918645d6d/xlsxwriter-3.2.7.tar.gz (from https://pypi.org/simple/xlsxwriter/) (requires-python:>=3.8), version: 3.2.7
2026-07-30T19:03:41,924   Found link https://files.pythonhosted.org/packages/fd/45/de7a965ad9c4be23b60e99c5fe491e5f5b3c5026f530313b05ed7533ef24/xlsxwriter-3.2.8-py3-none-any.whl (from https://pypi.org/simple/xlsxwriter/) (requires-python:>=3.8), version: 3.2.8
2026-07-30T19:03:41,924   Found link https://files.pythonhosted.org/packages/06/8f/f6bec39596df9634e3860000ee8c1467398c5f489ac5461456026b074ee7/xlsxwriter-3.2.8.tar.gz (from https://pypi.org/simple/xlsxwriter/) (requires-python:>=3.8), version: 3.2.8
2026-07-30T19:03:41,924   Found link https://files.pythonhosted.org/packages/3a/0c/3662f4a66880196a590b202f0db82d919dd2f89e99a27fadef91c4a33d41/xlsxwriter-3.2.9-py3-none-any.whl (from https://pypi.org/simple/xlsxwriter/) (requires-python:>=3.8), version: 3.2.9
2026-07-30T19:03:41,924   Found link https://files.pythonhosted.org/packages/46/2c/c06ef49dc36e7954e55b802a8b231770d286a9758b3d936bd1e04ce5ba88/xlsxwriter-3.2.9.tar.gz (from https://pypi.org/simple/xlsxwriter/) (requires-python:>=3.8), version: 3.2.9
2026-07-30T19:03:41,930 Skipping link: not a file: https://pypi.org/simple/xlsxwriter/
2026-07-30T19:03:41,930 Given no hashes to check 293 links for project 'xlsxwriter': discarding no candidates
2026-07-30T19:03:41,930 Collecting xlsxwriter (from andes==2.0.0)
2026-07-30T19:03:41,930   Obtaining dependency information for xlsxwriter from https://files.pythonhosted.org/packages/3a/0c/3662f4a66880196a590b202f0db82d919dd2f89e99a27fadef91c4a33d41/xlsxwriter-3.2.9-py3-none-any.whl.metadata
2026-07-30T19:03:41,936   Created temporary directory: C:\Users\Administrator\AppData\Local\Temp\pip-unpack-9rifdcdt
2026-07-30T19:03:41,936   Using cached xlsxwriter-3.2.9-py3-none-any.whl.metadata (2.7 kB)
2026-07-30T19:03:41,936   Created temporary directory: C:\Users\Administrator\AppData\Local\Temp\pip-metadata-otcnhtvq
2026-07-30T19:03:41,936 1 location(s) to search for versions of dill:
2026-07-30T19:03:41,936 * https://pypi.org/simple/dill/
2026-07-30T19:03:41,936 Fetching project page and analyzing links: https://pypi.org/simple/dill/
2026-07-30T19:03:41,936 Getting page https://pypi.org/simple/dill/
2026-07-30T19:03:41,936 Found index url https://pypi.org/simple/
2026-07-30T19:03:42,191 Fetched page https://pypi.org/simple/dill/ as application/vnd.pypi.simple.v1+json
2026-07-30T19:03:42,192   Found link https://files.pythonhosted.org/packages/a4/40/c515706a658678c7c75ff8a67053b8e4d0163f26ae0feb7841910d6e2cd1/dill-0.1a1.tgz (from https://pypi.org/simple/dill/), version: 0.1a1
2026-07-30T19:03:42,192   Found link https://files.pythonhosted.org/packages/7a/24/8ad532f3837a347b16ff173e83b29e264da37eadfbd58ed260a0a4546a4d/dill-0.2a1.tgz (from https://pypi.org/simple/dill/), version: 0.2a1
2026-07-30T19:03:42,192   Skipping link: unsupported archive format: .exe: https://files.pythonhosted.org/packages/64/0b/a2734c03bff1505f69a0a1ba77c83c20cf6acb6bbd91c1d64f7f370376d8/dill-0.2a1.win32.exe (from https://pypi.org/simple/dill/)
2026-07-30T19:03:42,192   Found link https://files.pythonhosted.org/packages/b9/b9/49a2b1db0765691940bc67d330a027fe9fd23cef28ea42b8c476f87f1b2f/dill-0.2a1.zip (from https://pypi.org/simple/dill/), version: 0.2a1
2026-07-30T19:03:42,192   Found link https://files.pythonhosted.org/packages/6b/3c/8d73834acadfc161108bd05ff24a093cb0890da0eba3c586f4c7ab6374a5/dill-0.2b1.tgz (from https://pypi.org/simple/dill/), version: 0.2b1
2026-07-30T19:03:42,192   Skipping link: unsupported archive format: .exe: https://files.pythonhosted.org/packages/23/3b/3d3e4149c0abce24b95b0a8949f967981a76844c265103c33584b2d1a60b/dill-0.2b1.win32.exe (from https://pypi.org/simple/dill/)
2026-07-30T19:03:42,192   Found link https://files.pythonhosted.org/packages/db/67/a778910d32f70fbfd4c991936d202fbc8b41434f913cdf84a303caf309b3/dill-0.2b1.zip (from https://pypi.org/simple/dill/), version: 0.2b1
2026-07-30T19:03:42,192   Found link https://files.pythonhosted.org/packages/75/e4/59c05d3f012915bb27ddae4ad272d15c2773a4f345ec3525696276fdde8b/dill-0.2.tgz (from https://pypi.org/simple/dill/), version: 0.2
2026-07-30T19:03:42,192   Found link https://files.pythonhosted.org/packages/47/69/9e1312d761d1017363b644864c0e61b741326b220ab7ed8924d8c1937ae8/dill-0.2.zip (from https://pypi.org/simple/dill/), version: 0.2
2026-07-30T19:03:42,192   Found link https://files.pythonhosted.org/packages/24/e2/dd6fcbccf89e7e056c216316fa3ba5c3ce0fe304dfe9d0fa0adb64077052/dill-0.2.1.tgz (from https://pypi.org/simple/dill/), version: 0.2.1
2026-07-30T19:03:42,192   Found link https://files.pythonhosted.org/packages/51/76/14048a72ccea086e80621d39b1519fb3219f9c2354ac8481d2a0a027543e/dill-0.2.1.zip (from https://pypi.org/simple/dill/), version: 0.2.1
2026-07-30T19:03:42,192   Found link https://files.pythonhosted.org/packages/c5/86/7c5bbc04f4e04acec19a070b561a11da667679158b1de9cf2f482d532331/dill-0.2.2.tgz (from https://pypi.org/simple/dill/), version: 0.2.2
2026-07-30T19:03:42,192   Found link https://files.pythonhosted.org/packages/f0/a6/6f96502f293e9b126d87dcc18e85283f865664fe89eb0df804f05f1fc1ed/dill-0.2.2.zip (from https://pypi.org/simple/dill/), version: 0.2.2
2026-07-30T19:03:42,192   Found link https://files.pythonhosted.org/packages/85/6a/64e2c6da064f2c30e19c478580db1da3060266f5279886df22f559e793a2/dill-0.2.3.tgz (from https://pypi.org/simple/dill/), version: 0.2.3
2026-07-30T19:03:42,192   Found link https://files.pythonhosted.org/packages/fe/b0/7591e33d830826cd447c61b649e7e4fba43bbb7c1d8940aa49008c54d823/dill-0.2.3.zip (from https://pypi.org/simple/dill/), version: 0.2.3
2026-07-30T19:03:42,192   Found link https://files.pythonhosted.org/packages/90/f0/1cfd13b09b73756019140a254fe3ae0e5885125558ac941f2fe256ec5cff/dill-0.2.4.tgz (from https://pypi.org/simple/dill/), version: 0.2.4
2026-07-30T19:03:42,192   Found link https://files.pythonhosted.org/packages/ea/c0/3e20aa1bcdd0c73106ca8ca188cdbdeb43f7cabffbf162b540697156c6ca/dill-0.2.4.zip (from https://pypi.org/simple/dill/), version: 0.2.4
2026-07-30T19:03:42,192   Found link https://files.pythonhosted.org/packages/47/59/a72f5c3b17647031d426cd3df6874c7e2a8821b007ef4241ee4a59594cb3/dill-0.2.5.tgz (from https://pypi.org/simple/dill/), version: 0.2.5
2026-07-30T19:03:42,192   Found link https://files.pythonhosted.org/packages/e9/c9/4ceb72351dd929f5b50d7586b34721efb177fad67114f312ac4d768af4a1/dill-0.2.5.zip (from https://pypi.org/simple/dill/), version: 0.2.5
2026-07-30T19:03:42,192   Found link https://files.pythonhosted.org/packages/ef/69/0d03d5f9af0e16d41bb47262100b0c4c08f90538c9a5c2de0d44284172ba/dill-0.2.6.zip (from https://pypi.org/simple/dill/), version: 0.2.6
2026-07-30T19:03:42,192   Found link https://files.pythonhosted.org/packages/8f/41/c995c721bd57340b7d84fc644eeb5605791e5ee73a899d58131731eba7e0/dill-0.2.7.tar.gz (from https://pypi.org/simple/dill/), version: 0.2.7
2026-07-30T19:03:42,192   Found link https://files.pythonhosted.org/packages/91/a0/19d4d31dee064fc553ae01263b5c55e7fb93daff03a69debbedee647c5a0/dill-0.2.7.1.tar.gz (from https://pypi.org/simple/dill/), version: 0.2.7.1
2026-07-30T19:03:42,192   Found link https://files.pythonhosted.org/packages/d3/42/f4a51617ebc608e177525347d751214416bb871771f3b01a91ccaf1b72a6/dill-0.2.8.tar.gz (from https://pypi.org/simple/dill/), version: 0.2.8
2026-07-30T19:03:42,192   Found link https://files.pythonhosted.org/packages/e5/d5/f129d6bec4eebb6f8b74d37226bb8f94380439bf8201dd9b553a41503410/dill-0.2.8.1.tar.gz (from https://pypi.org/simple/dill/), version: 0.2.8.1
2026-07-30T19:03:42,192   Found link https://files.pythonhosted.org/packages/6f/78/8b96476f4ae426db71c6e86a8e6a81407f015b34547e442291cd397b18f3/dill-0.2.8.2.tar.gz (from https://pypi.org/simple/dill/), version: 0.2.8.2
2026-07-30T19:03:42,192   Found link https://files.pythonhosted.org/packages/fe/42/bfe2e0857bc284cbe6a011d93f2a9ad58a22cb894461b199ae72cfef0f29/dill-0.2.9.tar.gz (from https://pypi.org/simple/dill/) (requires-python:>=2.5, !=3.0.*), version: 0.2.9
2026-07-30T19:03:42,192   Found link https://files.pythonhosted.org/packages/39/7a/70803635c850e351257029089d38748516a280864c97cbc73087afef6d51/dill-0.3.0.tar.gz (from https://pypi.org/simple/dill/) (requires-python:>=2.6, !=3.0.*), version: 0.3.0
2026-07-30T19:03:42,192   Found link https://files.pythonhosted.org/packages/3e/ad/31932a4e2804897e6fd2f946d53df51dd9b4aa55e152b5404395d00354d1/dill-0.3.1.tar.gz (from https://pypi.org/simple/dill/) (requires-python:>=2.6, !=3.0.*), version: 0.3.1
2026-07-30T19:03:42,192   Found link https://files.pythonhosted.org/packages/c7/11/345f3173809cea7f1a193bfbf02403fff250a3360e0e118a1630985e547d/dill-0.3.1.1.tar.gz (from https://pypi.org/simple/dill/) (requires-python:>=2.6, !=3.0.*), version: 0.3.1.1
2026-07-30T19:03:42,192   Found link https://files.pythonhosted.org/packages/e2/96/518a8ea959a734b70d2e95fef98bcbfdc7adad1c1e5f5dd9148c835205a5/dill-0.3.2.zip (from https://pypi.org/simple/dill/) (requires-python:>=2.6, !=3.0.*), version: 0.3.2
2026-07-30T19:03:42,192   Found link https://files.pythonhosted.org/packages/52/d6/79f40d230895fa1ce3b6af0d22e0ac79c65175dc069c194b79cc8e05a033/dill-0.3.3-py2.py3-none-any.whl (from https://pypi.org/simple/dill/) (requires-python:>=2.6, !=3.0.*), version: 0.3.3
2026-07-30T19:03:42,192   Found link https://files.pythonhosted.org/packages/0d/5a/0534e0eb113be5635a6bd5e8b22ddf780cf977a403155fd4e07e6b92fb3d/dill-0.3.3.zip (from https://pypi.org/simple/dill/) (requires-python:>=2.6, !=3.0.*), version: 0.3.3
2026-07-30T19:03:42,192   Found link https://files.pythonhosted.org/packages/b6/c3/973676ceb86b60835bb3978c6db67a5dc06be6cfdbd14ef0f5a13e3fc9fd/dill-0.3.4-py2.py3-none-any.whl (from https://pypi.org/simple/dill/) (requires-python:>=2.7, !=3.0.*), version: 0.3.4
2026-07-30T19:03:42,192   Found link https://files.pythonhosted.org/packages/57/b7/c4aa04a27040e6a3b09f5a652976ead00b66504c014425a7aad887aa8d7f/dill-0.3.4.zip (from https://pypi.org/simple/dill/) (requires-python:>=2.7, !=3.0.*), version: 0.3.4
2026-07-30T19:03:42,192   Found link https://files.pythonhosted.org/packages/f1/54/a2df4c5f6181cc4a03387dfac03357a88625515aeecbaa7ec928b9736794/dill-0.3.5-py2.py3-none-any.whl (from https://pypi.org/simple/dill/) (requires-python:>=2.7, !=3.0.*, !=3.1.*, !=3.2.*, !=3.3.*, !=3.4.*, !=3.5.*, !=3.6.*), version: 0.3.5
2026-07-30T19:03:42,196   Found link https://files.pythonhosted.org/packages/2c/53/e4429ceff906a02426c4e933de9c4f3c22ed0880c4520de158639b4b5769/dill-0.3.5.tar.gz (from https://pypi.org/simple/dill/) (requires-python:>=2.7, !=3.0.*, !=3.1.*, !=3.2.*, !=3.3.*, !=3.4.*, !=3.5.*, !=3.6.*), version: 0.3.5
2026-07-30T19:03:42,196   Found link https://files.pythonhosted.org/packages/12/ff/3b1a8f5d59600393506c64fa14d13afdfe6fe79ed65a18d64026fe9f8356/dill-0.3.5.1-py2.py3-none-any.whl (from https://pypi.org/simple/dill/) (requires-python:>=2.7, !=3.0.*, !=3.1.*, !=3.2.*, !=3.3.*, !=3.4.*, !=3.5.*, !=3.6.*), version: 0.3.5.1
2026-07-30T19:03:42,196   Found link https://files.pythonhosted.org/packages/59/46/634d5316ee8984e7dac658fb2e297a19f50a1f4007b09acb9c7c4e15bd67/dill-0.3.5.1.tar.gz (from https://pypi.org/simple/dill/) (requires-python:>=2.7, !=3.0.*, !=3.1.*, !=3.2.*, !=3.3.*, !=3.4.*, !=3.5.*, !=3.6.*), version: 0.3.5.1
2026-07-30T19:03:42,196   Found link https://files.pythonhosted.org/packages/be/e3/a84bf2e561beed15813080d693b4b27573262433fced9c1d1fea59e60553/dill-0.3.6-py3-none-any.whl (from https://pypi.org/simple/dill/) (requires-python:>=3.7), version: 0.3.6
2026-07-30T19:03:42,196   Found link https://files.pythonhosted.org/packages/7c/e7/364a09134e1062d4d5ff69b853a56cf61c223e0afcc6906b6832bcd51ea8/dill-0.3.6.tar.gz (from https://pypi.org/simple/dill/) (requires-python:>=3.7), version: 0.3.6
2026-07-30T19:03:42,197   Found link https://files.pythonhosted.org/packages/f5/3a/74a29b11cf2cdfcd6ba89c0cecd70b37cd1ba7b77978ce611eb7a146a832/dill-0.3.7-py3-none-any.whl (from https://pypi.org/simple/dill/) (requires-python:>=3.7), version: 0.3.7
2026-07-30T19:03:42,197   Found link https://files.pythonhosted.org/packages/c4/31/54dd222e02311c2dbc9e680d37cbd50f4494ce1ee9b04c69980e4ec26f38/dill-0.3.7.tar.gz (from https://pypi.org/simple/dill/) (requires-python:>=3.7), version: 0.3.7
2026-07-30T19:03:42,197   Found link https://files.pythonhosted.org/packages/c9/7a/cef76fd8438a42f96db64ddaa85280485a9c395e7df3db8158cfec1eee34/dill-0.3.8-py3-none-any.whl (from https://pypi.org/simple/dill/) (requires-python:>=3.8), version: 0.3.8
2026-07-30T19:03:42,197   Found link https://files.pythonhosted.org/packages/17/4d/ac7ffa80c69ea1df30a8aa11b3578692a5118e7cd1aa157e3ef73b092d15/dill-0.3.8.tar.gz (from https://pypi.org/simple/dill/) (requires-python:>=3.8), version: 0.3.8
2026-07-30T19:03:42,197   Found link https://files.pythonhosted.org/packages/46/d1/e73b6ad76f0b1fb7f23c35c6d95dbc506a9c8804f43dda8cb5b0fa6331fd/dill-0.3.9-py3-none-any.whl (from https://pypi.org/simple/dill/) (requires-python:>=3.8), version: 0.3.9
2026-07-30T19:03:42,197   Found link https://files.pythonhosted.org/packages/70/43/86fe3f9e130c4137b0f1b50784dd70a5087b911fe07fa81e53e0c4c47fea/dill-0.3.9.tar.gz (from https://pypi.org/simple/dill/) (requires-python:>=3.8), version: 0.3.9
2026-07-30T19:03:42,197   Found link https://files.pythonhosted.org/packages/50/3d/9373ad9c56321fdab5b41197068e1d8c25883b3fea29dd361f9b55116869/dill-0.4.0-py3-none-any.whl (from https://pypi.org/simple/dill/) (requires-python:>=3.8), version: 0.4.0
2026-07-30T19:03:42,197   Found link https://files.pythonhosted.org/packages/12/80/630b4b88364e9a8c8c5797f4602d0f76ef820909ee32f0bacb9f90654042/dill-0.4.0.tar.gz (from https://pypi.org/simple/dill/) (requires-python:>=3.8), version: 0.4.0
2026-07-30T19:03:42,197   Found link https://files.pythonhosted.org/packages/1e/77/dc8c558f7593132cf8fefec57c4f60c83b16941c574ac5f619abb3ae7933/dill-0.4.1-py3-none-any.whl (from https://pypi.org/simple/dill/) (requires-python:>=3.9), version: 0.4.1
2026-07-30T19:03:42,197   Found link https://files.pythonhosted.org/packages/81/e1/56027a71e31b02ddc53c7d65b01e68edf64dea2932122fe7746a516f75d5/dill-0.4.1.tar.gz (from https://pypi.org/simple/dill/) (requires-python:>=3.9), version: 0.4.1
2026-07-30T19:03:42,197 Skipping link: not a file: https://pypi.org/simple/dill/
2026-07-30T19:03:42,197 Given no hashes to check 43 links for project 'dill': discarding no candidates
2026-07-30T19:03:42,197 Collecting dill (from andes==2.0.0)
2026-07-30T19:03:42,197   Obtaining dependency information for dill from https://files.pythonhosted.org/packages/1e/77/dc8c558f7593132cf8fefec57c4f60c83b16941c574ac5f619abb3ae7933/dill-0.4.1-py3-none-any.whl.metadata
2026-07-30T19:03:42,197   Created temporary directory: C:\Users\Administrator\AppData\Local\Temp\pip-unpack-_mx8o5p2
2026-07-30T19:03:42,197   Using cached dill-0.4.1-py3-none-any.whl.metadata (10 kB)
2026-07-30T19:03:42,203   Created temporary directory: C:\Users\Administrator\AppData\Local\Temp\pip-metadata-v8te8qs9
2026-07-30T19:03:42,203 1 location(s) to search for versions of pathos:
2026-07-30T19:03:42,203 * https://pypi.org/simple/pathos/
2026-07-30T19:03:42,203 Fetching project page and analyzing links: https://pypi.org/simple/pathos/
2026-07-30T19:03:42,203 Getting page https://pypi.org/simple/pathos/
2026-07-30T19:03:42,203 Found index url https://pypi.org/simple/
2026-07-30T19:03:42,451 Fetched page https://pypi.org/simple/pathos/ as application/vnd.pypi.simple.v1+json
2026-07-30T19:03:42,452   Found link https://files.pythonhosted.org/packages/03/8a/402977c4f5d2432e84585c0f70bb18540cf4b6ba00b846aa675a9b7fec9f/pathos-0.1a1.tgz (from https://pypi.org/simple/pathos/), version: 0.1a1
2026-07-30T19:03:42,452   Found link https://files.pythonhosted.org/packages/1d/a0/e5107f85bcb397c82ee875d005d88a537d4fdc1d1498f34bb15dfba7ca49/pathos-0.2.0.tgz (from https://pypi.org/simple/pathos/), version: 0.2.0
2026-07-30T19:03:42,452   Found link https://files.pythonhosted.org/packages/f8/f0/fb59d5b935d7c37a2b1cedc45aad38985fc0508269ef0387e2d357c42e41/pathos-0.2.0.zip (from https://pypi.org/simple/pathos/), version: 0.2.0
2026-07-30T19:03:42,452   Found link https://files.pythonhosted.org/packages/08/c4/3aacab6edace15a4429637259790983e1c9abcc196a0eff344fe55489a17/pathos-0.2.1.zip (from https://pypi.org/simple/pathos/), version: 0.2.1
2026-07-30T19:03:42,452   Found link https://files.pythonhosted.org/packages/8b/14/7c032f5ff29f16c8b48c6bb20358bbefcaf9180463d1a62be50513f84d3d/pathos-0.2.2.tar.gz (from https://pypi.org/simple/pathos/), version: 0.2.2
2026-07-30T19:03:42,452   Found link https://files.pythonhosted.org/packages/ca/83/6937d36e68f6a748f57927cc115d0b8cc73a0167637cae0cbd8ee9438baa/pathos-0.2.2.1.tar.gz (from https://pypi.org/simple/pathos/), version: 0.2.2.1
2026-07-30T19:03:42,452   Found link https://files.pythonhosted.org/packages/b1/3e/391c9a3c639fc5ce7502ac16fde81dcc5508f2a9cc0d1acc650725400b52/pathos-0.2.3.tar.gz (from https://pypi.org/simple/pathos/), version: 0.2.3
2026-07-30T19:03:42,453   Found link https://files.pythonhosted.org/packages/ed/6f/c6d34bda9f6383b693418f7b2340e8e6692e5a0ed154e918c09399fbf2ec/pathos-0.2.4.tar.gz (from https://pypi.org/simple/pathos/), version: 0.2.4
2026-07-30T19:03:42,453   Found link https://files.pythonhosted.org/packages/c6/a2/cd59f73d5ede4f122687bf8f63de5d671c9561e493ca699241f05b038278/pathos-0.2.5.tar.gz (from https://pypi.org/simple/pathos/), version: 0.2.5
2026-07-30T19:03:42,453   Found link https://files.pythonhosted.org/packages/be/ea/b2cf3a6561fc5deb64de8ae0af5e3e4e2db03ca588cb7415efce4a8de26e/pathos-0.2.6.zip (from https://pypi.org/simple/pathos/), version: 0.2.6
2026-07-30T19:03:42,453   Found link https://files.pythonhosted.org/packages/10/9e/0100b1d500851fc8e093da5463ca38e013c86ea0855e7c510ca0d3e1f7c1/pathos-0.2.7-py2.py3-none-any.whl (from https://pypi.org/simple/pathos/), version: 0.2.7
2026-07-30T19:03:42,453   Found link https://files.pythonhosted.org/packages/d0/50/c4c9d4314022e3243c137feb4ddc123b94707176c1a26b2e3e6b61efadcf/pathos-0.2.7.zip (from https://pypi.org/simple/pathos/), version: 0.2.7
2026-07-30T19:03:42,453   Found link https://files.pythonhosted.org/packages/23/6b/7ffe02bdb5f5cf4b2290cc906b415dde7c886dbb11928dda40d39e6654dd/pathos-0.2.8-py2.py3-none-any.whl (from https://pypi.org/simple/pathos/), version: 0.2.8
2026-07-30T19:03:42,453   Found link https://files.pythonhosted.org/packages/66/74/2630ffec903fe3cb712f2c8a538d55422298a31461ff5370e9c6b97a93de/pathos-0.2.8.zip (from https://pypi.org/simple/pathos/), version: 0.2.8
2026-07-30T19:03:42,453   Skipping link: none of the wheel's tags (py2-none-any) are compatible (run pip debug --verbose to show compatible tags): https://files.pythonhosted.org/packages/e4/9c/30642d22a37149ebd677cc8e9446b7a50e830b2ab2cdf220aac90733249c/pathos-0.2.9-py2-none-any.whl (from https://pypi.org/simple/pathos/) (requires-python:>=2.7, !=3.0.*, !=3.1.*, !=3.2.*, !=3.3.*, !=3.4.*, !=3.5.*, !=3.6.*)
2026-07-30T19:03:42,453   Found link https://files.pythonhosted.org/packages/57/78/3f3a6c8f9447a947af2f2a191f71cc870b0fa673432044f38d966f3fd9c0/pathos-0.2.9-py3-none-any.whl (from https://pypi.org/simple/pathos/) (requires-python:>=2.7, !=3.0.*, !=3.1.*, !=3.2.*, !=3.3.*, !=3.4.*, !=3.5.*, !=3.6.*), version: 0.2.9
2026-07-30T19:03:42,453   Found link https://files.pythonhosted.org/packages/52/e6/fe7bb138358d27d750c5e88f1fb041af0750f7f1551ae39437f11009f2d9/pathos-0.2.9.tar.gz (from https://pypi.org/simple/pathos/) (requires-python:>=2.7, !=3.0.*, !=3.1.*, !=3.2.*, !=3.3.*, !=3.4.*, !=3.5.*, !=3.6.*), version: 0.2.9
2026-07-30T19:03:42,454   Found link https://files.pythonhosted.org/packages/0a/97/56b396300e5832bb95abe28944c1b8a0098ce179dce131a26e5d0e6daa05/pathos-0.3.0-py3-none-any.whl (from https://pypi.org/simple/pathos/) (requires-python:>=3.7), version: 0.3.0
2026-07-30T19:03:42,454   Found link https://files.pythonhosted.org/packages/20/46/ee872a272db82e99f1c5d8953d1ff0bb3450ce29774e10003d13e10f3a63/pathos-0.3.0.tar.gz (from https://pypi.org/simple/pathos/) (requires-python:>=3.7), version: 0.3.0
2026-07-30T19:03:42,454   Found link https://files.pythonhosted.org/packages/d8/08/ac94fa6f9eefe32963b8a54e573dab0dbc0d3df24fd34924bd9ce7eab7c4/pathos-0.3.1-py3-none-any.whl (from https://pypi.org/simple/pathos/) (requires-python:>=3.7), version: 0.3.1
2026-07-30T19:03:42,454   Found link https://files.pythonhosted.org/packages/f9/f9/180b44bda6b68d21b9547037b2a1609523dc874b51242d80c167d0914ad2/pathos-0.3.1.tar.gz (from https://pypi.org/simple/pathos/) (requires-python:>=3.7), version: 0.3.1
2026-07-30T19:03:42,454   Found link https://files.pythonhosted.org/packages/f4/7f/cea34872c000d17972dad998575d14656d7c6bcf1a08a8d66d73c1ef2cca/pathos-0.3.2-py3-none-any.whl (from https://pypi.org/simple/pathos/) (requires-python:>=3.8), version: 0.3.2
2026-07-30T19:03:42,454   Found link https://files.pythonhosted.org/packages/be/99/7fcb91495e40735958a576b9bde930cc402d594e9ad5277bdc9b6326e1c8/pathos-0.3.2.tar.gz (from https://pypi.org/simple/pathos/) (requires-python:>=3.8), version: 0.3.2
2026-07-30T19:03:42,454   Found link https://files.pythonhosted.org/packages/77/f6/a459cf58ff6b2d1c0a1961ee7084f4bb549d50e288f064e7e7be5ae3a7ab/pathos-0.3.3-py3-none-any.whl (from https://pypi.org/simple/pathos/) (requires-python:>=3.8), version: 0.3.3
2026-07-30T19:03:42,454   Found link https://files.pythonhosted.org/packages/5b/a4/6274bddc49a00873d3269b7612c1553763bae6466c0c82913e16810abd51/pathos-0.3.3.tar.gz (from https://pypi.org/simple/pathos/) (requires-python:>=3.8), version: 0.3.3
2026-07-30T19:03:42,454   Found link https://files.pythonhosted.org/packages/11/0a/daece46e65c821d153746566a1604ac90338f0279b1fb858a3617eb60472/pathos-0.3.4-py3-none-any.whl (from https://pypi.org/simple/pathos/) (requires-python:>=3.8), version: 0.3.4
2026-07-30T19:03:42,454   Found link https://files.pythonhosted.org/packages/be/90/fdbe3bbfe79933db439e1844083cb6e9d5a9d3b686738549b3d22d06eae7/pathos-0.3.4.tar.gz (from https://pypi.org/simple/pathos/) (requires-python:>=3.8), version: 0.3.4
2026-07-30T19:03:42,454   Found link https://files.pythonhosted.org/packages/37/44/be2146c650ee9ca4d9a770c995f5c92c1ea52292dcf618ce1a336d3146dd/pathos-0.3.5-py3-none-any.whl (from https://pypi.org/simple/pathos/) (requires-python:>=3.9), version: 0.3.5
2026-07-30T19:03:42,455   Found link https://files.pythonhosted.org/packages/32/37/0c730979d3890f8096a86af2683fac74edd4d15cb037391098dca70dcb1d/pathos-0.3.5.tar.gz (from https://pypi.org/simple/pathos/) (requires-python:>=3.9), version: 0.3.5
2026-07-30T19:03:42,455 Skipping link: not a file: https://pypi.org/simple/pathos/
2026-07-30T19:03:42,455 Given no hashes to check 27 links for project 'pathos': discarding no candidates
2026-07-30T19:03:42,456 Collecting pathos (from andes==2.0.0)
2026-07-30T19:03:42,456   Obtaining dependency information for pathos from https://files.pythonhosted.org/packages/37/44/be2146c650ee9ca4d9a770c995f5c92c1ea52292dcf618ce1a336d3146dd/pathos-0.3.5-py3-none-any.whl.metadata
2026-07-30T19:03:42,456   Created temporary directory: C:\Users\Administrator\AppData\Local\Temp\pip-unpack-oqerzbud
2026-07-30T19:03:42,457   Using cached pathos-0.3.5-py3-none-any.whl.metadata (11 kB)
2026-07-30T19:03:42,457   Created temporary directory: C:\Users\Administrator\AppData\Local\Temp\pip-metadata-dkh_n2hp
2026-07-30T19:03:42,457 1 location(s) to search for versions of tqdm:
2026-07-30T19:03:42,457 * https://pypi.org/simple/tqdm/
2026-07-30T19:03:42,457 Fetching project page and analyzing links: https://pypi.org/simple/tqdm/
2026-07-30T19:03:42,457 Getting page https://pypi.org/simple/tqdm/
2026-07-30T19:03:42,457 Found index url https://pypi.org/simple/
2026-07-30T19:03:42,709 Fetched page https://pypi.org/simple/tqdm/ as application/vnd.pypi.simple.v1+json
2026-07-30T19:03:42,716   Found link https://files.pythonhosted.org/packages/ba/50/e6c90ecbc3a736ca8af22a52b3e665d32797b9f0cf6a79b7f4bd95dc2153/tqdm-1.0.tar.gz (from https://pypi.org/simple/tqdm/), version: 1.0
2026-07-30T19:03:42,716   Found link https://files.pythonhosted.org/packages/32/aa/fd71973a70df9d47e9bf1972504b6e1df8784721992b88b691cbfa93151b/tqdm-2.0.0-py2.py3-none-any.whl (from https://pypi.org/simple/tqdm/), version: 2.0.0
2026-07-30T19:03:42,717   Found link https://files.pythonhosted.org/packages/d9/c9/99c71491349267833b0f2c6ef27b36d6c06422f61486b8e4e94d8e8a5d79/tqdm-2.0.0.tar.gz (from https://pypi.org/simple/tqdm/), version: 2.0.0
2026-07-30T19:03:42,717   Skipping link: unsupported archive format: .exe: https://files.pythonhosted.org/packages/71/b1/8bb1459b37a22df9283ac04faac1d76a611f7cb1c84197c3891af0fd8015/tqdm-2.0.0.win32.exe (from https://pypi.org/simple/tqdm/)
2026-07-30T19:03:42,717   Found link https://files.pythonhosted.org/packages/dc/c2/eaa5d1322d36632993738340e07eabb50dc32e9a3ae0c53c1ec70ebf160e/tqdm-2.0.0.zip (from https://pypi.org/simple/tqdm/), version: 2.0.0
2026-07-30T19:03:42,717   Found link https://files.pythonhosted.org/packages/8b/dc/816b5d21a3ebb6e43053614e39ed55b3f502926241ff91ca6118bbedf64a/tqdm-2.2.3-py2.py3-none-any.whl (from https://pypi.org/simple/tqdm/), version: 2.2.3
2026-07-30T19:03:42,717   Found link https://files.pythonhosted.org/packages/25/db/7a1e354dad2fa41b1cb702e417376eb7f6a148ad2ae6f156f6015c66f6a2/tqdm-2.2.3.tar.gz (from https://pypi.org/simple/tqdm/), version: 2.2.3
2026-07-30T19:03:42,717   Skipping link: unsupported archive format: .exe: https://files.pythonhosted.org/packages/a8/68/3f98aa107729c7d96c88d329898bc65607e79797b9c88392849a1c3ed385/tqdm-2.2.3.win32.exe (from https://pypi.org/simple/tqdm/)
2026-07-30T19:03:42,717   Found link https://files.pythonhosted.org/packages/7c/7a/5ebf3dddb606ede35bc4d25db0615f0f0d95ed06afa46ef21fa640562b74/tqdm-2.2.3.zip (from https://pypi.org/simple/tqdm/), version: 2.2.3
2026-07-30T19:03:42,717   Found link https://files.pythonhosted.org/packages/e0/00/82f4e34e7f385618c653afde60b9f5cfac0a0251ed85e024ca33a90d02f8/tqdm-2.2.4-py2.py3-none-any.whl (from https://pypi.org/simple/tqdm/), version: 2.2.4
2026-07-30T19:03:42,717   Found link https://files.pythonhosted.org/packages/7b/6e/8decc1c6b4b23073ee5da1f8f2ba4ab20a5d6dc505787340e826384a1955/tqdm-2.2.4.tar.gz (from https://pypi.org/simple/tqdm/), version: 2.2.4
2026-07-30T19:03:42,718   Skipping link: unsupported archive format: .exe: https://files.pythonhosted.org/packages/4d/30/54234e2fe2499af78e016172f594250f2b11da4f50f13596ad988ca2ccf6/tqdm-2.2.4.win32.exe (from https://pypi.org/simple/tqdm/)
2026-07-30T19:03:42,718   Found link https://files.pythonhosted.org/packages/a5/09/78083e32784d1503c2f7762fe6002b11925cd2a4ba2fe0f16dfaadc91185/tqdm-2.2.4.zip (from https://pypi.org/simple/tqdm/), version: 2.2.4
2026-07-30T19:03:42,718   Found link https://files.pythonhosted.org/packages/ce/5f/a5821bfe8e7d9e6d73d4bd25e9be6144c247804e48324f3621a41ec2a76f/tqdm-3.1.3-py2.py3-none-any.whl (from https://pypi.org/simple/tqdm/), version: 3.1.3
2026-07-30T19:03:42,718   Found link https://files.pythonhosted.org/packages/d6/24/00b393e4a8e78196c719c224ba80a60301eb76a5f4fffd76f6bdd4194f2b/tqdm-3.1.3.tar.gz (from https://pypi.org/simple/tqdm/), version: 3.1.3
2026-07-30T19:03:42,718   Skipping link: unsupported archive format: .exe: https://files.pythonhosted.org/packages/5c/00/344b70d5754f0651b86c909883e046ef2377e1e4fca336661f7e7971987d/tqdm-3.1.3.win32.exe (from https://pypi.org/simple/tqdm/)
2026-07-30T19:03:42,718   Found link https://files.pythonhosted.org/packages/c0/cf/a6b2035a22c4e3a2a00c3dd3a3c6cbf019c448a019364d10570ae9356850/tqdm-3.1.3.zip (from https://pypi.org/simple/tqdm/), version: 3.1.3
2026-07-30T19:03:42,718   Found link https://files.pythonhosted.org/packages/1e/a5/6b2b7ec1bd21c6bfdc559899b75b743a7d2d7e971118b57c5dfdc002a1c0/tqdm-3.1.4-py2.py3-none-any.whl (from https://pypi.org/simple/tqdm/), version: 3.1.4
2026-07-30T19:03:42,718   Found link https://files.pythonhosted.org/packages/5a/e4/2bf5434dd6b7849bc82fc4abb32796775976d47d846d06d36ee7c3a7fbfe/tqdm-3.1.4.tar.gz (from https://pypi.org/simple/tqdm/), version: 3.1.4
2026-07-30T19:03:42,718   Skipping link: unsupported archive format: .exe: https://files.pythonhosted.org/packages/f9/56/d988fac4368293d3ce5decf347c188ec582f4b50f3004ab67429c6f40de3/tqdm-3.1.4.win32.exe (from https://pypi.org/simple/tqdm/)
2026-07-30T19:03:42,718   Found link https://files.pythonhosted.org/packages/6a/0f/1797c8773a22739df86c54dec46f472e69e0d43ce837dee6ca2c037fb284/tqdm-3.1.4.zip (from https://pypi.org/simple/tqdm/), version: 3.1.4
2026-07-30T19:03:42,718   Found link https://files.pythonhosted.org/packages/a2/e2/79a70d267e2016d8cf3748a14c4b83caeb0a855a415ae303b395a7c8dbd5/tqdm-3.4.0-py2.py3-none-any.whl (from https://pypi.org/simple/tqdm/), version: 3.4.0
2026-07-30T19:03:42,718   Found link https://files.pythonhosted.org/packages/9f/37/7812eb25ae70c35c82156ec06415588b96581801f434c2ef01026060d452/tqdm-3.4.0.tar.gz (from https://pypi.org/simple/tqdm/), version: 3.4.0
2026-07-30T19:03:42,718   Skipping link: unsupported archive format: .exe: https://files.pythonhosted.org/packages/a0/c5/e18c8619267d906f3e77b41c304571a3788a7bf32dca52c6e4be55044bf4/tqdm-3.4.0.win32.exe (from https://pypi.org/simple/tqdm/)
2026-07-30T19:03:42,718   Found link https://files.pythonhosted.org/packages/9f/8e/f31cbb60bc7b6ce1a932feb2873c45f9bf8b99bd59ac1a5f463013a26736/tqdm-3.4.0.zip (from https://pypi.org/simple/tqdm/), version: 3.4.0
2026-07-30T19:03:42,718   Found link https://files.pythonhosted.org/packages/a0/08/400fbfa29f14169d6d9594364673d1378c28d40c351ff9f1a6e34848f218/tqdm-3.7.0-py2.py3-none-any.whl (from https://pypi.org/simple/tqdm/), version: 3.7.0
2026-07-30T19:03:42,718   Found link https://files.pythonhosted.org/packages/fe/1a/1697e2a18398f05712514dbdd014e047dff91ac503fd6548f1f523ed2fdd/tqdm-3.7.0.tar.gz (from https://pypi.org/simple/tqdm/), version: 3.7.0
2026-07-30T19:03:42,718   Skipping link: unsupported archive format: .exe: https://files.pythonhosted.org/packages/a9/e0/57feac7462aa8dab98dda3b50308cde88f5276250bea89eab394361acf8c/tqdm-3.7.0.win32.exe (from https://pypi.org/simple/tqdm/)
2026-07-30T19:03:42,718   Found link https://files.pythonhosted.org/packages/d1/da/38dcc00ee652a5e641c54bc569272bcfeb231a5a621b3220b4bfdbb3be69/tqdm-3.7.0.zip (from https://pypi.org/simple/tqdm/), version: 3.7.0
2026-07-30T19:03:42,718   Found link https://files.pythonhosted.org/packages/53/87/f57a8c483b825111ce92dcf5120680cc1ba5d18f6c0484822673cce06411/tqdm-3.7.1-py2.py3-none-any.whl (from https://pypi.org/simple/tqdm/), version: 3.7.1
2026-07-30T19:03:42,718   Found link https://files.pythonhosted.org/packages/a3/db/dbd73a2da91f6d441418cc93f9cf91e86ead439346e41c6d836c3a34aa1c/tqdm-3.7.1.tar.gz (from https://pypi.org/simple/tqdm/), version: 3.7.1
2026-07-30T19:03:42,718   Skipping link: unsupported archive format: .exe: https://files.pythonhosted.org/packages/7a/95/e197e55ddfbbabea332903f330b485758106a8eeb64d2d5bbed474f30163/tqdm-3.7.1.win32.exe (from https://pypi.org/simple/tqdm/)
2026-07-30T19:03:42,718   Found link https://files.pythonhosted.org/packages/ae/a7/4198b41594eb9f58cc4b95d1ac4d7f91ba77dbdbfbef4129518312db9140/tqdm-3.7.1.zip (from https://pypi.org/simple/tqdm/), version: 3.7.1
2026-07-30T19:03:42,718   Found link https://files.pythonhosted.org/packages/34/41/ccddcfda1ed624b423a5871278a56b7936931ad755bcc55bad259b196c7e/tqdm-3.8.0-py2.py3-none-any.whl (from https://pypi.org/simple/tqdm/), version: 3.8.0
2026-07-30T19:03:42,718   Found link https://files.pythonhosted.org/packages/e1/ae/619b597f13ea63b60ef76f79fe8d6c0ce749e8a4cc680168a06e5196aee7/tqdm-3.8.0.tar.gz (from https://pypi.org/simple/tqdm/), version: 3.8.0
2026-07-30T19:03:42,718   Skipping link: unsupported archive format: .exe: https://files.pythonhosted.org/packages/39/7f/f9b483634253cdfc7a4ab7e89dac928c4f02d8152c823286347f2a692d73/tqdm-3.8.0.win32.exe (from https://pypi.org/simple/tqdm/)
2026-07-30T19:03:42,718   Found link https://files.pythonhosted.org/packages/f1/02/d82089b64632d727ee514d9212151f8bfb2bb8ae9d140b1fc8211940c947/tqdm-3.8.0.zip (from https://pypi.org/simple/tqdm/), version: 3.8.0
2026-07-30T19:03:42,718   Found link https://files.pythonhosted.org/packages/fb/43/bc68d028916424063660744550ecc0f43ab68dcc97d7d7adb97b87f1c65e/tqdm-4.1.0-py2.py3-none-any.whl (from https://pypi.org/simple/tqdm/), version: 4.1.0
2026-07-30T19:03:42,718   Found link https://files.pythonhosted.org/packages/dd/ea/91889841a38f27da112c41d6a4574ce9c4e08e10725ce056ac5c22a02788/tqdm-4.1.0.tar.gz (from https://pypi.org/simple/tqdm/), version: 4.1.0
2026-07-30T19:03:42,718   Found link https://files.pythonhosted.org/packages/99/a2/58317dc82513e5d75ab17589ec753cac37155a1029f8f50b008301ccc2c7/tqdm-4.1.0.zip (from https://pypi.org/simple/tqdm/), version: 4.1.0
2026-07-30T19:03:42,718   Found link https://files.pythonhosted.org/packages/1b/84/cf9bfb48b7fe511abeb6e147fbc820bdd4f21edf0a06638136d38b822c81/tqdm-4.4.0-py2.py3-none-any.whl (from https://pypi.org/simple/tqdm/), version: 4.4.0
2026-07-30T19:03:42,718   Found link https://files.pythonhosted.org/packages/6a/56/ac4463a3cf351aa5c418e62915b95d78fc5847836824c10506f63901418e/tqdm-4.4.0.tar.gz (from https://pypi.org/simple/tqdm/), version: 4.4.0
2026-07-30T19:03:42,718   Skipping link: unsupported archive format: .exe: https://files.pythonhosted.org/packages/ef/e0/de2d80181f336c1f227257aaba5cb5fffc1e59b549a890864fa90c78ea54/tqdm-4.4.0.win-amd64.exe (from https://pypi.org/simple/tqdm/)
2026-07-30T19:03:42,718   Skipping link: unsupported archive format: .msi: https://files.pythonhosted.org/packages/0c/f8/0f89c5982f6c569c2471a792dc74852f5f8a1a9b457ae10a999d6ca45f47/tqdm-4.4.0.win-amd64.msi (from https://pypi.org/simple/tqdm/)
2026-07-30T19:03:42,718   Skipping link: unsupported archive format: .exe: https://files.pythonhosted.org/packages/9e/39/a6458ec5c06b17510b5862e18ff97832b2199c5070cf5fc7379a1686ed73/tqdm-4.4.0.win32.exe (from https://pypi.org/simple/tqdm/)
2026-07-30T19:03:42,718   Skipping link: unsupported archive format: .msi: https://files.pythonhosted.org/packages/a2/9c/c262e555e99566974766583ff4fa2002d3d78307c482bffab6640e8ea923/tqdm-4.4.0.win32.msi (from https://pypi.org/simple/tqdm/)
2026-07-30T19:03:42,718   Found link https://files.pythonhosted.org/packages/fd/77/3563fd700a305d4621fac875b0acdb6ab711b335b1443c0e1a8e1791eca5/tqdm-4.4.0.zip (from https://pypi.org/simple/tqdm/), version: 4.4.0
2026-07-30T19:03:42,718   Found link https://files.pythonhosted.org/packages/a3/46/b4b460aace0733f995120d3061f2d8b1f6ec275748af0c5765a6cd314341/tqdm-4.4.1-py2.py3-none-any.whl (from https://pypi.org/simple/tqdm/), version: 4.4.1
2026-07-30T19:03:42,718   Found link https://files.pythonhosted.org/packages/10/8c/3c51111b6cee56d1d8e189d54e3964b4b57da6717bbd52fcb41092bfc3a9/tqdm-4.4.1.tar.gz (from https://pypi.org/simple/tqdm/), version: 4.4.1
2026-07-30T19:03:42,718   Found link https://files.pythonhosted.org/packages/57/33/b16d2a2596b0f58c5d807674988ef714304fc028613f4cf2cca379e46a88/tqdm-4.4.1.zip (from https://pypi.org/simple/tqdm/), version: 4.4.1
2026-07-30T19:03:42,718   Found link https://files.pythonhosted.org/packages/99/73/2d2dd137a36d1441a1d72ebd668ac79d9d433b81384134b565e28be800ab/tqdm-4.4.3-py2.py3-none-any.whl (from https://pypi.org/simple/tqdm/), version: 4.4.3
2026-07-30T19:03:42,718   Found link https://files.pythonhosted.org/packages/67/1f/55196e1cf77aa5ac3a9c670e2093afdefdefc858e62e096900b03cfd4f09/tqdm-4.4.3.tar.gz (from https://pypi.org/simple/tqdm/), version: 4.4.3
2026-07-30T19:03:42,718   Found link https://files.pythonhosted.org/packages/2c/4e/1d669690669c3306d6b002dfa32b2418d9fed209c6baee05c6f10e702ddb/tqdm-4.4.3.zip (from https://pypi.org/simple/tqdm/), version: 4.4.3
2026-07-30T19:03:42,718   Found link https://files.pythonhosted.org/packages/83/4f/50d87b628eeae681eb9b5217840a215808ce3cf42c0d72752be286b1bfdf/tqdm-4.5.0-py2.py3-none-any.whl (from https://pypi.org/simple/tqdm/), version: 4.5.0
2026-07-30T19:03:42,718   Found link https://files.pythonhosted.org/packages/c3/a6/d7ca9bcc2ab63c686fe3e7173a4c6864be6220b9efb5b68ad141f15c04bb/tqdm-4.5.0.tar.gz (from https://pypi.org/simple/tqdm/), version: 4.5.0
2026-07-30T19:03:42,718   Found link https://files.pythonhosted.org/packages/7d/90/ec2383e473e91afb3d86b9de0120514bb03e944651011084c9d5ecd8a372/tqdm-4.5.0.zip (from https://pypi.org/simple/tqdm/), version: 4.5.0
2026-07-30T19:03:42,718   Found link https://files.pythonhosted.org/packages/3d/76/3f08591021503b1adf9ba8173f6371be28e808b29c55b6158650bb56dbba/tqdm-4.5.2-py2.py3-none-any.whl (from https://pypi.org/simple/tqdm/), version: 4.5.2
2026-07-30T19:03:42,718   Found link https://files.pythonhosted.org/packages/50/74/0fc5f0caa42325ef95a3abd0489b5a324d8e85be1cba9df745b22b046856/tqdm-4.5.2.tar.gz (from https://pypi.org/simple/tqdm/), version: 4.5.2
2026-07-30T19:03:42,718   Found link https://files.pythonhosted.org/packages/1c/24/7e978d6819cf59bbeeba0a6927f104273f1acccc1884cdd273766797a10c/tqdm-4.5.2.zip (from https://pypi.org/simple/tqdm/), version: 4.5.2
2026-07-30T19:03:42,718   Found link https://files.pythonhosted.org/packages/24/99/e168b20f026192aba3383180158f924f6f5fbf4798610f61d922f52a5103/tqdm-4.6.1-py2.py3-none-any.whl (from https://pypi.org/simple/tqdm/), version: 4.6.1
2026-07-30T19:03:42,718   Found link https://files.pythonhosted.org/packages/03/32/eb08f0d52a494ba60890c37b2e932d2b96ac9aea13594d18e616f2541637/tqdm-4.6.1.tar.gz (from https://pypi.org/simple/tqdm/), version: 4.6.1
2026-07-30T19:03:42,718   Skipping link: unsupported archive format: .exe: https://files.pythonhosted.org/packages/76/75/63ad2092d81296ed0037eaf52d67654fea80e84690560d191048f2e56d9e/tqdm-4.6.1.win32.exe (from https://pypi.org/simple/tqdm/)
2026-07-30T19:03:42,718   Found link https://files.pythonhosted.org/packages/75/39/97ac69046c34748d811e55812b6bd9d344fec11e2986accdd88480a1c4f9/tqdm-4.6.1.zip (from https://pypi.org/simple/tqdm/), version: 4.6.1
2026-07-30T19:03:42,718   Found link https://files.pythonhosted.org/packages/36/b0/7dcca1128e76ed77da47ec95842349f65c45f04542d85c21cad1f8a4beaa/tqdm-4.6.2-py2.py3-none-any.whl (from https://pypi.org/simple/tqdm/), version: 4.6.2
2026-07-30T19:03:42,718   Found link https://files.pythonhosted.org/packages/54/3e/34140438fafd390e12c47c4a9066f9676a8f17c31d4df377f195190fc0af/tqdm-4.6.2.tar.gz (from https://pypi.org/simple/tqdm/), version: 4.6.2
2026-07-30T19:03:42,718   Skipping link: unsupported archive format: .exe: https://files.pythonhosted.org/packages/72/82/f881387e6659eec1cf0dce30a49e12a9fccb7b30751eb50167f0e9b8986c/tqdm-4.6.2.win32.exe (from https://pypi.org/simple/tqdm/)
2026-07-30T19:03:42,718   Found link https://files.pythonhosted.org/packages/a1/2b/b2d0d1a283b5bc20d9d42fd3094f3e097c42af087c1ea2871d6b11eb6d69/tqdm-4.6.2.zip (from https://pypi.org/simple/tqdm/), version: 4.6.2
2026-07-30T19:03:42,718   Found link https://files.pythonhosted.org/packages/a8/aa/77c98025c73d82e97d3da071e710db168f72e205e08c7297a9db4a5ef0da/tqdm-4.7.0-py2.py3-none-any.whl (from https://pypi.org/simple/tqdm/), version: 4.7.0
2026-07-30T19:03:42,718   Found link https://files.pythonhosted.org/packages/e3/f4/45e0a3bb671d96acc82ee6dee663909525f1041094e9959d6add73adefca/tqdm-4.7.0.tar.gz (from https://pypi.org/simple/tqdm/), version: 4.7.0
2026-07-30T19:03:42,718   Found link https://files.pythonhosted.org/packages/18/25/f1f75a431f2e7013623a9bdb707be428e3fbd107bcba72beb5b0da0990a1/tqdm-4.7.0.zip (from https://pypi.org/simple/tqdm/), version: 4.7.0
2026-07-30T19:03:42,718   Found link https://files.pythonhosted.org/packages/7c/cd/382c5a796409528b970cbca8f598273e76a0f7df9b13143723076a12dada/tqdm-4.7.1-py2.py3-none-any.whl (from https://pypi.org/simple/tqdm/), version: 4.7.1
2026-07-30T19:03:42,718   Found link https://files.pythonhosted.org/packages/a6/74/f4bf4f44f68a8dcba74db6892bbcebb3e78edcab0f5d5640d5054a43a67b/tqdm-4.7.1.tar.gz (from https://pypi.org/simple/tqdm/), version: 4.7.1
2026-07-30T19:03:42,718   Found link https://files.pythonhosted.org/packages/0e/4f/87071164ccd63ab7e904827dd1ba33abe53ac6fb83700e2a1730302c3784/tqdm-4.7.1.zip (from https://pypi.org/simple/tqdm/), version: 4.7.1
2026-07-30T19:03:42,718   Found link https://files.pythonhosted.org/packages/66/15/31b6720c33413a818c588125f7372414033ff702ae55f35744c01ace28ec/tqdm-4.7.2-py2.py3-none-any.whl (from https://pypi.org/simple/tqdm/), version: 4.7.2
2026-07-30T19:03:42,718   Found link https://files.pythonhosted.org/packages/b0/66/1888cc699f6f7d73e262c2da7f0169ffdf358949af6e5dfbd6548ba82ac7/tqdm-4.7.2.tar.gz (from https://pypi.org/simple/tqdm/), version: 4.7.2
2026-07-30T19:03:42,718   Found link https://files.pythonhosted.org/packages/50/40/4f3afeb08bcc676b782594663d584eb07412709a81aaae8cdcf116472678/tqdm-4.7.2.zip (from https://pypi.org/simple/tqdm/), version: 4.7.2
2026-07-30T19:03:42,718   Found link https://files.pythonhosted.org/packages/83/f8/790fe305a9ee685705ab6374add7c41081c3117cd2c8e4ba6b38603b24a2/tqdm-4.7.4-py2.py3-none-any.whl (from https://pypi.org/simple/tqdm/), version: 4.7.4
2026-07-30T19:03:42,718   Found link https://files.pythonhosted.org/packages/af/22/7720601df9bd489f66395910d423836ab4720a35ce56dd6e13c927b8dcd6/tqdm-4.7.4.tar.gz (from https://pypi.org/simple/tqdm/), version: 4.7.4
2026-07-30T19:03:42,718   Found link https://files.pythonhosted.org/packages/c2/82/7b85200d2a8083515852c9653b2b64bac849dacc54ade5f6255a850cc4ea/tqdm-4.7.4.zip (from https://pypi.org/simple/tqdm/), version: 4.7.4
2026-07-30T19:03:42,718   Found link https://files.pythonhosted.org/packages/a7/1c/fc49b324b996b65da9d87f0aeb645c96ed794bca09bf54adf57295da1e59/tqdm-4.7.6-py2.py3-none-any.whl (from https://pypi.org/simple/tqdm/), version: 4.7.6
2026-07-30T19:03:42,718   Found link https://files.pythonhosted.org/packages/ac/69/230201e59820455e4b3470c04c0153bb492bf7e885681c5c46635d273815/tqdm-4.7.6.tar.gz (from https://pypi.org/simple/tqdm/), version: 4.7.6
2026-07-30T19:03:42,718   Found link https://files.pythonhosted.org/packages/f9/38/923cbf953278d32ad00791faaae3de16707ec54f4a277e45b3dcd7f98202/tqdm-4.7.6.zip (from https://pypi.org/simple/tqdm/), version: 4.7.6
2026-07-30T19:03:42,718   Found link https://files.pythonhosted.org/packages/76/6b/b80c69a765b12a80a66c863670f0c03006fbad81f097583193463f5df5dc/tqdm-4.8.1-py2.py3-none-any.whl (from https://pypi.org/simple/tqdm/), version: 4.8.1
2026-07-30T19:03:42,718   Found link https://files.pythonhosted.org/packages/9b/e4/e916747744cfbaad748203948d50743459405c76e53f925bde4255a66eb3/tqdm-4.8.1.tar.gz (from https://pypi.org/simple/tqdm/), version: 4.8.1
2026-07-30T19:03:42,718   Found link https://files.pythonhosted.org/packages/0c/31/4ab60c44a033b218bf80a23d4f0221c4f65a5615588886d16d6f4b748db0/tqdm-4.8.1.zip (from https://pypi.org/simple/tqdm/), version: 4.8.1
2026-07-30T19:03:42,718   Found link https://files.pythonhosted.org/packages/06/cf/0f4fdba8d6f4fd6fc4e2f01ba9e7dd572ca181a9a0335b900ebd86acafe8/tqdm-4.8.2-py2.py3-none-any.whl (from https://pypi.org/simple/tqdm/), version: 4.8.2
2026-07-30T19:03:42,718   Found link https://files.pythonhosted.org/packages/2a/b4/159a6511a58c79df11fb8fa622d030b83e10c73637fbc1abff220d6ca048/tqdm-4.8.2.tar.gz (from https://pypi.org/simple/tqdm/), version: 4.8.2
2026-07-30T19:03:42,718   Found link https://files.pythonhosted.org/packages/0a/b0/ef5a8a0f36364be2eccce3bd1bbb19dc206bcf8c80ff728a97ae8e924361/tqdm-4.8.2.zip (from https://pypi.org/simple/tqdm/), version: 4.8.2
2026-07-30T19:03:42,718   Found link https://files.pythonhosted.org/packages/86/ce/6eab313314eb638535ee800b12bc7a33a3d3dc49f13e5edd54ae0d9455c0/tqdm-4.8.3-py2.py3-none-any.whl (from https://pypi.org/simple/tqdm/), version: 4.8.3
2026-07-30T19:03:42,718   Found link https://files.pythonhosted.org/packages/0b/2f/391ad189d0b7cde199395d70f5cbcfb0fd548f5c245f173dcd9f1628bbb7/tqdm-4.8.3.tar.gz (from https://pypi.org/simple/tqdm/), version: 4.8.3
2026-07-30T19:03:42,718   Found link https://files.pythonhosted.org/packages/c7/83/b002977afc27787a06509a34845bbb6788f95ffb066d245c13285b6b8f96/tqdm-4.8.3.zip (from https://pypi.org/simple/tqdm/), version: 4.8.3
2026-07-30T19:03:42,718   Found link https://files.pythonhosted.org/packages/3a/c0/2653e9a90aef358da8880980c155218791f79b9a1d479a9a00f88ac42aac/tqdm-4.8.4-py2.py3-none-any.whl (from https://pypi.org/simple/tqdm/), version: 4.8.4
2026-07-30T19:03:42,718   Found link https://files.pythonhosted.org/packages/12/f6/2d7be1c049d3e1556a43825728b51600ccb54be5ee1f5b2b0cc27887112b/tqdm-4.8.4.tar.gz (from https://pypi.org/simple/tqdm/), version: 4.8.4
2026-07-30T19:03:42,718   Found link https://files.pythonhosted.org/packages/64/5b/cc47ee68389ebf815ad6e2f7fe70449d0c1b02d91f01852551e3946c955e/tqdm-4.8.4.zip (from https://pypi.org/simple/tqdm/), version: 4.8.4
2026-07-30T19:03:42,718   Found link https://files.pythonhosted.org/packages/e5/28/26a7584bd0b824f8f750a0cd0c6230fc14653dfb88813516caec1cd42475/tqdm-4.9.0-py2.py3-none-any.whl (from https://pypi.org/simple/tqdm/), version: 4.9.0
2026-07-30T19:03:42,718   Found link https://files.pythonhosted.org/packages/31/99/65610a0c0f1ae49227e64cc30a46904757301eadc52e0a7da0a6f0f5dcff/tqdm-4.9.0.tar.gz (from https://pypi.org/simple/tqdm/), version: 4.9.0
2026-07-30T19:03:42,718   Found link https://files.pythonhosted.org/packages/7b/df/9471473daf56be8f04d9bc65755c4fc0ddc78c622758782bbf03a4d53d43/tqdm-4.9.0.zip (from https://pypi.org/simple/tqdm/), version: 4.9.0
2026-07-30T19:03:42,718   Found link https://files.pythonhosted.org/packages/5e/f3/5b77f5041776cf78d96a705389f9a7f31eabc63ceca4dca9d7cc060cd965/tqdm-4.10.0-py2.py3-none-any.whl (from https://pypi.org/simple/tqdm/), version: 4.10.0
2026-07-30T19:03:42,718   Found link https://files.pythonhosted.org/packages/88/14/0db1706f249108199bd92ccc5b59b4fd15425d6eb83dc061fbecf59a945e/tqdm-4.10.0.tar.gz (from https://pypi.org/simple/tqdm/), version: 4.10.0
2026-07-30T19:03:42,718   Found link https://files.pythonhosted.org/packages/d6/45/85dd552912ccbbcce360fd4b7310533088a56c8bcb799c31f2d1408ac7a4/tqdm-4.10.0.zip (from https://pypi.org/simple/tqdm/), version: 4.10.0
2026-07-30T19:03:42,718   Found link https://files.pythonhosted.org/packages/34/48/8a022bc7774c5947a82d44c10bc2f9d569b2e7ace11fab85f9fa4aec2e47/tqdm-4.11.0-py2.py3-none-any.whl (from https://pypi.org/simple/tqdm/), version: 4.11.0
2026-07-30T19:03:42,718   Found link https://files.pythonhosted.org/packages/1f/40/53d3d17f30fa2f0c21ac6383f7ffcfffae7eabd816edfad216d2cf194702/tqdm-4.11.0.tar.gz (from https://pypi.org/simple/tqdm/), version: 4.11.0
2026-07-30T19:03:42,718   Found link https://files.pythonhosted.org/packages/b4/c2/7e18141f90513fe92a6e4eb35f3877f4c25db4001e8b1dac4e4d288d3977/tqdm-4.11.1-py2.py3-none-any.whl (from https://pypi.org/simple/tqdm/), version: 4.11.1
2026-07-30T19:03:42,718   Found link https://files.pythonhosted.org/packages/2e/c8/8085c2adbee07f36274dc46c13193f28c82e56554eb0d6f5be1573a957f3/tqdm-4.11.1.tar.gz (from https://pypi.org/simple/tqdm/), version: 4.11.1
2026-07-30T19:03:42,718   Skipping link: unsupported archive format: .exe: https://files.pythonhosted.org/packages/d9/fa/566d88f47dabaf8ed3e115458e35c61c4f4f2c354c2c6316ff185f107fd5/tqdm-4.11.1.win-amd64.exe (from https://pypi.org/simple/tqdm/)
2026-07-30T19:03:42,718   Found link https://files.pythonhosted.org/packages/b7/0d/174388e99e21ee2c91ea318994c3f8744e26158e43cff0ec9d045bf08a96/tqdm-4.11.2-py2.py3-none-any.whl (from https://pypi.org/simple/tqdm/), version: 4.11.2
2026-07-30T19:03:42,718   Found link https://files.pythonhosted.org/packages/46/b0/615b394ac0b25f1f1ef229e223c335558d69db97301c93e932fb7e5e4679/tqdm-4.11.2.tar.gz (from https://pypi.org/simple/tqdm/), version: 4.11.2
2026-07-30T19:03:42,718   Found link https://files.pythonhosted.org/packages/33/4b/8bd9e0944e59ca8df1e647887fabc592d4c5bf4632083f2e797d06b7ecc9/tqdm-4.12.0-py2.py3-none-any.whl (from https://pypi.org/simple/tqdm/), version: 4.12.0
2026-07-30T19:03:42,718   Found link https://files.pythonhosted.org/packages/de/15/586d46058ac726dbf4837ad614c89423e2ac2b71acb11a45f70ee76a9b5b/tqdm-4.12.0.tar.gz (from https://pypi.org/simple/tqdm/), version: 4.12.0
2026-07-30T19:03:42,718   Found link https://files.pythonhosted.org/packages/5e/79/3cb37c01979dd7ac3c695fa82d6a6195dcf8e7b09965d5114bf4a99b05d7/tqdm-4.13.0-py2.py3-none-any.whl (from https://pypi.org/simple/tqdm/), version: 4.13.0
2026-07-30T19:03:42,718   Found link https://files.pythonhosted.org/packages/4e/a1/b498560d46a845b341ff67823261e1c39c9fece03b117fd98891f0a78698/tqdm-4.13.0.tar.gz (from https://pypi.org/simple/tqdm/), version: 4.13.0
2026-07-30T19:03:42,718   Found link https://files.pythonhosted.org/packages/dc/2c/3331cecd0dbbb3613842e70d78d04967f3f695bd89e9967bd046055fdbf0/tqdm-4.14.0-py2.py3-none-any.whl (from https://pypi.org/simple/tqdm/), version: 4.14.0
2026-07-30T19:03:42,718   Found link https://files.pythonhosted.org/packages/67/7c/95e5425871bf314e484aea5f8ec65b49ab006944309b496cd53c47646155/tqdm-4.14.0.tar.gz (from https://pypi.org/simple/tqdm/), version: 4.14.0
2026-07-30T19:03:42,718   Found link https://files.pythonhosted.org/packages/4b/8c/f578581f1ea3e65af88a0c30c3d09d264b01acf585c1e6dcde022fbc664b/tqdm-4.15.0-py2.py3-none-any.whl (from https://pypi.org/simple/tqdm/), version: 4.15.0
2026-07-30T19:03:42,718   Found link https://files.pythonhosted.org/packages/01/f7/2058bd94a903f445e8ff19c0af64b9456187acab41090ff2da21c7c7e193/tqdm-4.15.0.tar.gz (from https://pypi.org/simple/tqdm/), version: 4.15.0
2026-07-30T19:03:42,718   Found link https://files.pythonhosted.org/packages/d1/4c/0e6c711d556d9f4aef58ce363c5f1be007deff7f825e07323f367f5ffcd5/tqdm-4.16.0-py2.py3-none-any.whl (from https://pypi.org/simple/tqdm/), version: 4.16.0
2026-07-30T19:03:42,718   Found link https://files.pythonhosted.org/packages/fb/28/005aba3e55bbaed3872acf50ff0f7be42f144b61b114d3b3b7305467c6a2/tqdm-4.16.0.tar.gz (from https://pypi.org/simple/tqdm/), version: 4.16.0
2026-07-30T19:03:42,718   Found link https://files.pythonhosted.org/packages/9a/90/9ca4df92ea619174768003b5c221e0a3139f72992214fc23db589028eb1c/tqdm-4.17.0-py2.py3-none-any.whl (from https://pypi.org/simple/tqdm/), version: 4.17.0
2026-07-30T19:03:42,718   Found link https://files.pythonhosted.org/packages/fd/5e/abbc1156ba615b9a72011988c3628a53a2137ecbab9c813fe0d3bbdd4cb7/tqdm-4.17.0.tar.gz (from https://pypi.org/simple/tqdm/), version: 4.17.0
2026-07-30T19:03:42,718   Found link https://files.pythonhosted.org/packages/eb/90/123ff39f7e454566bcd7482244ca9893df92c28364351a3308b7091effa9/tqdm-4.17.1-py2.py3-none-any.whl (from https://pypi.org/simple/tqdm/), version: 4.17.1
2026-07-30T19:03:42,718   Found link https://files.pythonhosted.org/packages/b1/68/f38bc2999583ec5af3385894484bd88ce214d7fb0f5c958990e1b85483d1/tqdm-4.17.1.tar.gz (from https://pypi.org/simple/tqdm/), version: 4.17.1
2026-07-30T19:03:42,718   Found link https://files.pythonhosted.org/packages/cd/cb/a12e63ce28a0db97580fc5d18085281cd3d5393acc6d18e0aa9c3dcdd0ee/tqdm-4.18.0-py2.py3-none-any.whl (from https://pypi.org/simple/tqdm/), version: 4.18.0
2026-07-30T19:03:42,718   Found link https://files.pythonhosted.org/packages/c4/c6/fe5f2d78747b125abb542297a32460804a7e30b70e7019fd6f21e52660a2/tqdm-4.18.0.tar.gz (from https://pypi.org/simple/tqdm/), version: 4.18.0
2026-07-30T19:03:42,718   Found link https://files.pythonhosted.org/packages/c0/d3/7f930cbfcafae3836be39dd3ed9b77e5bb177bdcf587a80b6cd1c7b85e74/tqdm-4.19.1-py2.py3-none-any.whl (from https://pypi.org/simple/tqdm/), version: 4.19.1
2026-07-30T19:03:42,718   Found link https://files.pythonhosted.org/packages/73/74/5201d3c79b9c5859d28d2bda1c57f7980b913662b3f03dd4ba01c7252a66/tqdm-4.19.1.tar.gz (from https://pypi.org/simple/tqdm/), version: 4.19.1
2026-07-30T19:03:42,718   Found link https://files.pythonhosted.org/packages/d6/b5/57917f11b2df6dd0f169ab9768250e159422d9da4e69ced4336f7e81916a/tqdm-4.19.1.post1-py2.py3-none-any.whl (from https://pypi.org/simple/tqdm/), version: 4.19.1.post1
2026-07-30T19:03:42,718   Found link https://files.pythonhosted.org/packages/b4/7a/5e830a81d0872d6a5d4175bca21c0d6419fced5dd290a5180541709cda8c/tqdm-4.19.1.post1.tar.gz (from https://pypi.org/simple/tqdm/), version: 4.19.1.post1
2026-07-30T19:03:42,718   Found link https://files.pythonhosted.org/packages/36/78/24d014e633fdf3d854e06b1a1b765b142e02b2f84a5f05775fdcf45dfcf5/tqdm-4.19.2-py2.py3-none-any.whl (from https://pypi.org/simple/tqdm/), version: 4.19.2
2026-07-30T19:03:42,718   Found link https://files.pythonhosted.org/packages/fd/1f/89d269b509f9b320d5f1c116fdef987d6d4198e49b96a1d459ea09853044/tqdm-4.19.2.tar.gz (from https://pypi.org/simple/tqdm/), version: 4.19.2
2026-07-30T19:03:42,718   Found link https://files.pythonhosted.org/packages/29/64/4f1831bc77c174c3927f08222d87d5635f691288c5a513579eb9aac1b4da/tqdm-4.19.4-py2.py3-none-any.whl (from https://pypi.org/simple/tqdm/), version: 4.19.4
2026-07-30T19:03:42,718   Found link https://files.pythonhosted.org/packages/68/bf/f1f515b82e15d367c073d4b1fd6d47ac072657b0b1ace45f17c50f8dc84c/tqdm-4.19.4.tar.gz (from https://pypi.org/simple/tqdm/), version: 4.19.4
2026-07-30T19:03:42,718   Found link https://files.pythonhosted.org/packages/71/3c/341b4fa23cb3abc335207dba057c790f3bb329f6757e1fcd5d347bcf8308/tqdm-4.19.5-py2.py3-none-any.whl (from https://pypi.org/simple/tqdm/), version: 4.19.5
2026-07-30T19:03:42,718   Found link https://files.pythonhosted.org/packages/19/c6/4d74a16323f5045e6d4444bd1e3104b8ba52507700bc152a9c6bd88d1cfb/tqdm-4.19.5.tar.gz (from https://pypi.org/simple/tqdm/), version: 4.19.5
2026-07-30T19:03:42,718   Found link https://files.pythonhosted.org/packages/e4/ef/9b43fb0fa4a65a7b41b12ad6a0c6cd11f5d02591e3c50d22fb5b68b67797/tqdm-4.19.6-py2.py3-none-any.whl (from https://pypi.org/simple/tqdm/), version: 4.19.6
2026-07-30T19:03:42,718   Found link https://files.pythonhosted.org/packages/48/18/7a36d86aded6533ebd66148872f07e489647be6a431a5bf94be2a9dbd232/tqdm-4.19.6.tar.gz (from https://pypi.org/simple/tqdm/), version: 4.19.6
2026-07-30T19:03:42,718   Found link https://files.pythonhosted.org/packages/88/c7/0f26e2cc82692cf9bb77ef6acbcc23b2593d2c4573651068f1e67618bb2b/tqdm-4.19.7-py2.py3-none-any.whl (from https://pypi.org/simple/tqdm/), version: 4.19.7
2026-07-30T19:03:42,718   Found link https://files.pythonhosted.org/packages/35/b4/316110959d37fa8e668145a078d8922bc969e86151616255bd254bd29ae1/tqdm-4.19.7.tar.gz (from https://pypi.org/simple/tqdm/), version: 4.19.7
2026-07-30T19:03:42,718   Found link https://files.pythonhosted.org/packages/54/6c/dfa0fdf801d3433a7cfa566e229e8057fece3b1b54372678cefbe542a97b/tqdm-4.19.8-py2.py3-none-any.whl (from https://pypi.org/simple/tqdm/), version: 4.19.8
2026-07-30T19:03:42,718   Found link https://files.pythonhosted.org/packages/a6/74/cb6927443849ec849ad7cdcdc8e38f04d81fce41783150c0d5215ec504a8/tqdm-4.19.8.tar.gz (from https://pypi.org/simple/tqdm/), version: 4.19.8
2026-07-30T19:03:42,718   Found link https://files.pythonhosted.org/packages/b3/c4/b67cf1ab472b770e08e94105a0c7ca7032cd070627c435f5998c9cf6e64f/tqdm-4.19.9-py2.py3-none-any.whl (from https://pypi.org/simple/tqdm/), version: 4.19.9
2026-07-30T19:03:42,718   Found link https://files.pythonhosted.org/packages/83/83/343d255dc5444c0e69e2bcd3976be05578fe3bbbdc305c755abf63c8fb4f/tqdm-4.19.9.tar.gz (from https://pypi.org/simple/tqdm/), version: 4.19.9
2026-07-30T19:03:42,718   Found link https://files.pythonhosted.org/packages/70/72/06052de3cd833aa73b429be21a0077591239873056af0f31edf3269b978b/tqdm-4.20.0-py2.py3-none-any.whl (from https://pypi.org/simple/tqdm/), version: 4.20.0
2026-07-30T19:03:42,718   Found link https://files.pythonhosted.org/packages/02/b3/8ddd17d1ac31d388f18b69db89a61889b859f6c02aed8425c4495662ea7f/tqdm-4.20.0.tar.gz (from https://pypi.org/simple/tqdm/), version: 4.20.0
2026-07-30T19:03:42,718   Found link https://files.pythonhosted.org/packages/37/2c/4ba7ffcb061528ba34c524cc880d4e7a4be4f6ea75abb007070ca39a353c/tqdm-4.21.0-py2.py3-none-any.whl (from https://pypi.org/simple/tqdm/), version: 4.21.0
2026-07-30T19:03:42,718   Found link https://files.pythonhosted.org/packages/b2/e8/722388675a980859ebe6cd8bc1209ae483ad78721a737d08bd981521b5c5/tqdm-4.21.0.tar.gz (from https://pypi.org/simple/tqdm/), version: 4.21.0
2026-07-30T19:03:42,718   Found link https://files.pythonhosted.org/packages/5e/49/a1a39f8038da939443912d322f2ebdc11020983d771d10ad9991f3125671/tqdm-4.22.0-py2.py3-none-any.whl (from https://pypi.org/simple/tqdm/), version: 4.22.0
2026-07-30T19:03:42,718   Found link https://files.pythonhosted.org/packages/15/56/2060cb920e31cb44beff6fe91cf22b2377604a8cf57e4c4e86547d49d50c/tqdm-4.22.0.tar.gz (from https://pypi.org/simple/tqdm/), version: 4.22.0
2026-07-30T19:03:42,718   Found link https://files.pythonhosted.org/packages/78/bc/de067ab2d700b91717dc5459d86a1877e2df31abfb90ab01a5a5a5ce30b4/tqdm-4.23.0-py2.py3-none-any.whl (from https://pypi.org/simple/tqdm/), version: 4.23.0
2026-07-30T19:03:42,718   Found link https://files.pythonhosted.org/packages/f3/18/3dbaeecc50255693492776ad869125b19842ca7933a4c9e5d076dee6c60a/tqdm-4.23.0.tar.gz (from https://pypi.org/simple/tqdm/), version: 4.23.0
2026-07-30T19:03:42,718   Found link https://files.pythonhosted.org/packages/c2/d4/bf1d99216672eef50392c009a8d0f282c4b643e4f764c962ff7b611ebce4/tqdm-4.23.1-py2.py3-none-any.whl (from https://pypi.org/simple/tqdm/), version: 4.23.1
2026-07-30T19:03:42,718   Found link https://files.pythonhosted.org/packages/8f/25/432f2cbb27c209477ae106ac997b733690be2374a6635222489641b6b96a/tqdm-4.23.1.tar.gz (from https://pypi.org/simple/tqdm/), version: 4.23.1
2026-07-30T19:03:42,718   Found link https://files.pythonhosted.org/packages/7b/05/d95bda5a2d833be7593ac0d7eee502acf70d05a4d3a93ef474691a55c531/tqdm-4.23.2-py2.py3-none-any.whl (from https://pypi.org/simple/tqdm/), version: 4.23.2
2026-07-30T19:03:42,718   Found link https://files.pythonhosted.org/packages/79/b5/743d384bdbf970ba5a2ed820a2f69e409e6e5388e77c6f483c4a3f89ac23/tqdm-4.23.2.tar.gz (from https://pypi.org/simple/tqdm/), version: 4.23.2
2026-07-30T19:03:42,718   Found link https://files.pythonhosted.org/packages/d8/ca/6524dfba7a0e850d3fda223693779035ddc8bf5c242acd9ee4eb9e52711a/tqdm-4.23.3-py2.py3-none-any.whl (from https://pypi.org/simple/tqdm/), version: 4.23.3
2026-07-30T19:03:42,718   Found link https://files.pythonhosted.org/packages/6a/8c/7d79a901f28a98b1ff66e0cef456dbf38b7b8be4ba7da88394039e020c96/tqdm-4.23.3.tar.gz (from https://pypi.org/simple/tqdm/), version: 4.23.3
2026-07-30T19:03:42,718   Found link https://files.pythonhosted.org/packages/93/24/6ab1df969db228aed36a648a8959d1027099ce45fad67532b9673d533318/tqdm-4.23.4-py2.py3-none-any.whl (from https://pypi.org/simple/tqdm/) (requires-python:>=2.6, !=3.0.*, !=3.1.*), version: 4.23.4
2026-07-30T19:03:42,718   Found link https://files.pythonhosted.org/packages/41/61/d36ff28878ca73bb3932dfa6bab36ff872e6dac18c9ace328879b1798279/tqdm-4.23.4.tar.gz (from https://pypi.org/simple/tqdm/) (requires-python:>=2.6, !=3.0.*, !=3.1.*), version: 4.23.4
2026-07-30T19:03:42,718   Found link https://files.pythonhosted.org/packages/7d/e6/19dfaff08fcbee7f3453e5b537e65a8364f1945f921a36d08be1e2ff3475/tqdm-4.24.0-py2.py3-none-any.whl (from https://pypi.org/simple/tqdm/) (requires-python:>=2.6, !=3.0.*, !=3.1.*), version: 4.24.0
2026-07-30T19:03:42,718   Found link https://files.pythonhosted.org/packages/92/cb/2b07b529284f324293a8919185cc4b15007f32a2aba64c93b0c1696a26f3/tqdm-4.24.0.tar.gz (from https://pypi.org/simple/tqdm/) (requires-python:>=2.6, !=3.0.*, !=3.1.*), version: 4.24.0
2026-07-30T19:03:42,718   Found link https://files.pythonhosted.org/packages/c7/e0/52b2faaef4fd87f86eb8a8f1afa2cd6eb11146822033e29c04ac48ada32c/tqdm-4.25.0-py2.py3-none-any.whl (from https://pypi.org/simple/tqdm/) (requires-python:>=2.6, !=3.0.*, !=3.1.*), version: 4.25.0
2026-07-30T19:03:42,718   Found link https://files.pythonhosted.org/packages/48/9e/db8e0c2def12e8d3209ac1e23bfb630c6bbb9c9aa0a2ff000eda23ec1d8c/tqdm-4.25.0.tar.gz (from https://pypi.org/simple/tqdm/) (requires-python:>=2.6, !=3.0.*, !=3.1.*), version: 4.25.0
2026-07-30T19:03:42,718   Found link https://files.pythonhosted.org/packages/79/43/19c9fee28110cd47f73e6bc596394337fe9f3e5825b4de402bbf30b3beb5/tqdm-4.26.0-py2.py3-none-any.whl (from https://pypi.org/simple/tqdm/) (requires-python:>=2.6, !=3.0.*, !=3.1.*), version: 4.26.0
2026-07-30T19:03:42,718   Found link https://files.pythonhosted.org/packages/5a/53/05ac96b04b6417d5d8d4638ac22e39b39a8c8e5e2a35cda5e8d2efa275c3/tqdm-4.26.0.tar.gz (from https://pypi.org/simple/tqdm/) (requires-python:>=2.6, !=3.0.*, !=3.1.*), version: 4.26.0
2026-07-30T19:03:42,718   Found link https://files.pythonhosted.org/packages/16/33/6d8bd6a7c4238f383426b7593bf05bfd6d9e1f10c3084b56c0f14d973754/tqdm-4.27.0-py2.py3-none-any.whl (from https://pypi.org/simple/tqdm/) (requires-python:>=2.6, !=3.0.*, !=3.1.*), version: 4.27.0
2026-07-30T19:03:42,718   Found link https://files.pythonhosted.org/packages/11/2e/f1ce746f1e8eddee065b0ab55bb57f00c493c9d626b6d0396e0093db9a2e/tqdm-4.27.0.tar.gz (from https://pypi.org/simple/tqdm/) (requires-python:>=2.6, !=3.0.*, !=3.1.*), version: 4.27.0
2026-07-30T19:03:42,718   Found link https://files.pythonhosted.org/packages/8d/d5/9d550417ffae882971703d64b1d6050a74870061809ab1def57eb4267c2c/tqdm-4.28.0-py2.py3-none-any.whl (from https://pypi.org/simple/tqdm/) (requires-python:>=2.6, !=3.0.*, !=3.1.*), version: 4.28.0
2026-07-30T19:03:42,718   Found link https://files.pythonhosted.org/packages/85/8a/b5a1cf85b47072122e1521fa591550a283af19d41936942272696ebb527b/tqdm-4.28.0.tar.gz (from https://pypi.org/simple/tqdm/) (requires-python:>=2.6, !=3.0.*, !=3.1.*), version: 4.28.0
2026-07-30T19:03:42,718   Found link https://files.pythonhosted.org/packages/91/55/8cb23a97301b177e9c8e3226dba45bb454411de2cbd25746763267f226c2/tqdm-4.28.1-py2.py3-none-any.whl (from https://pypi.org/simple/tqdm/) (requires-python:>=2.6, !=3.0.*, !=3.1.*), version: 4.28.1
2026-07-30T19:03:42,718   Found link https://files.pythonhosted.org/packages/b0/9b/0b2f9dd0e42da42e17c79883021b21cda31dd3216aa2538205ccdd10cc7a/tqdm-4.28.1.tar.gz (from https://pypi.org/simple/tqdm/) (requires-python:>=2.6, !=3.0.*, !=3.1.*), version: 4.28.1
2026-07-30T19:03:42,718   Found link https://files.pythonhosted.org/packages/d1/f9/8cbd36ef8bf84c5281e4943eaa12fe34850a0e8204e44872d8ca0c0ec741/tqdm-4.29.0-py2.py3-none-any.whl (from https://pypi.org/simple/tqdm/) (requires-python:>=2.6, !=3.0.*, !=3.1.*), version: 4.29.0
2026-07-30T19:03:42,718   Found link https://files.pythonhosted.org/packages/f3/75/1072640a8ef9eb6cd338215800f0f3c6eb8150c0733aec47b57363d356d1/tqdm-4.29.0.tar.gz (from https://pypi.org/simple/tqdm/) (requires-python:>=2.6, !=3.0.*, !=3.1.*), version: 4.29.0
2026-07-30T19:03:42,718   Found link https://files.pythonhosted.org/packages/ed/d6/3458d39cf4978f4ece846295e83daf5ece710ab0a4106774f7f7b3a68697/tqdm-4.29.1-py2.py3-none-any.whl (from https://pypi.org/simple/tqdm/) (requires-python:>=2.6, !=3.0.*, !=3.1.*), version: 4.29.1
2026-07-30T19:03:42,718   Found link https://files.pythonhosted.org/packages/88/fa/606f84272fcfee9b474c6e8366be8fb8da76b38f019a0a65d7ccb8f6cd2b/tqdm-4.29.1.tar.gz (from https://pypi.org/simple/tqdm/) (requires-python:>=2.6, !=3.0.*, !=3.1.*), version: 4.29.1
2026-07-30T19:03:42,718   Found link https://files.pythonhosted.org/packages/76/4c/103a4d3415dafc1ddfe6a6624333971756e2d3dd8c6dc0f520152855f040/tqdm-4.30.0-py2.py3-none-any.whl (from https://pypi.org/simple/tqdm/) (requires-python:>=2.6, !=3.0.*, !=3.1.*), version: 4.30.0
2026-07-30T19:03:42,733   Found link https://files.pythonhosted.org/packages/df/85/1b4a823ee751ae69d028f2b65f5127b03218dfab3289b6d720578fb724f2/tqdm-4.30.0.tar.gz (from https://pypi.org/simple/tqdm/) (requires-python:>=2.6, !=3.0.*, !=3.1.*), version: 4.30.0
2026-07-30T19:03:42,733   Found link https://files.pythonhosted.org/packages/5b/6b/e0095b66a77cb80cf00962258a6c45dd543aebc719ddb9537b97721ccc75/tqdm-4.31.0-py2.py3-none-any.whl (from https://pypi.org/simple/tqdm/) (requires-python:>=2.6, !=3.0.*, !=3.1.*), version: 4.31.0
2026-07-30T19:03:42,733   Found link https://files.pythonhosted.org/packages/44/5c/e4f0a8902ffb5f490051a0af8172fb369266f41848a3cee77da7e171c76f/tqdm-4.31.0.tar.gz (from https://pypi.org/simple/tqdm/) (requires-python:>=2.6, !=3.0.*, !=3.1.*), version: 4.31.0
2026-07-30T19:03:42,733   Found link https://files.pythonhosted.org/packages/6c/4b/c38b5144cf167c4f52288517436ccafefe9dc01b8d1c190e18a6b154cd4a/tqdm-4.31.1-py2.py3-none-any.whl (from https://pypi.org/simple/tqdm/) (requires-python:>=2.6, !=3.0.*, !=3.1.*), version: 4.31.1
2026-07-30T19:03:42,733   Found link https://files.pythonhosted.org/packages/80/9b/f3036a9a11c250eb51d38acf94d1d7c33a0d4da8a8931bfdf15e12d505b1/tqdm-4.31.1.tar.gz (from https://pypi.org/simple/tqdm/) (requires-python:>=2.6, !=3.0.*, !=3.1.*), version: 4.31.1
2026-07-30T19:03:42,733   Found link https://files.pythonhosted.org/packages/74/ab/97014da326141edd2c70711ff2b355ef16b4fb856ae3a176f93c310a25a1/tqdm-4.32.0-py2.py3-none-any.whl (from https://pypi.org/simple/tqdm/) (requires-python:>=2.6, !=3.0.*, !=3.1.*), version: 4.32.0
2026-07-30T19:03:42,733   Found link https://files.pythonhosted.org/packages/e4/7f/fc2d83e8f1cc657e2c06e0f4b7f1e608791843d5e40725561aead5ec4a50/tqdm-4.32.0.tar.gz (from https://pypi.org/simple/tqdm/) (requires-python:>=2.6, !=3.0.*, !=3.1.*), version: 4.32.0
2026-07-30T19:03:42,733   Found link https://files.pythonhosted.org/packages/45/af/685bf3ce889ea191f3b916557f5677cc95a5e87b2fa120d74b5dd6d049d0/tqdm-4.32.1-py2.py3-none-any.whl (from https://pypi.org/simple/tqdm/) (requires-python:>=2.6, !=3.0.*, !=3.1.*), version: 4.32.1
2026-07-30T19:03:42,733   Found link https://files.pythonhosted.org/packages/36/64/071ce46cbb8cd02e5fa88cc6abf31e51724db858a5ffb3f56dc1c6311f3a/tqdm-4.32.1.tar.gz (from https://pypi.org/simple/tqdm/) (requires-python:>=2.6, !=3.0.*, !=3.1.*), version: 4.32.1
2026-07-30T19:03:42,733   Found link https://files.pythonhosted.org/packages/9f/3d/7a6b68b631d2ab54975f3a4863f3c4e9b26445353264ef01f465dc9b0208/tqdm-4.32.2-py2.py3-none-any.whl (from https://pypi.org/simple/tqdm/) (requires-python:>=2.6, !=3.0.*, !=3.1.*), version: 4.32.2
2026-07-30T19:03:42,733   Found link https://files.pythonhosted.org/packages/d0/0a/50a145091ce0c02db89d0342a59327c1ddeee206ef2991f09158d4e52406/tqdm-4.32.2.tar.gz (from https://pypi.org/simple/tqdm/) (requires-python:>=2.6, !=3.0.*, !=3.1.*), version: 4.32.2
2026-07-30T19:03:42,733   Found link https://files.pythonhosted.org/packages/02/56/60a5b1c2e634d8e4ff89c7bab47645604e19658f448050a21facffd43796/tqdm-4.33.0-py2.py3-none-any.whl (from https://pypi.org/simple/tqdm/) (requires-python:>=2.6, !=3.0.*, !=3.1.*), version: 4.33.0
2026-07-30T19:03:42,733   Found link https://files.pythonhosted.org/packages/2a/ff/7879a4f6853cc7f4672a12277f92e059d9993d37501d5e7f0729d94abe64/tqdm-4.33.0.tar.gz (from https://pypi.org/simple/tqdm/) (requires-python:>=2.6, !=3.0.*, !=3.1.*), version: 4.33.0
2026-07-30T19:03:42,733   Found link https://files.pythonhosted.org/packages/a5/83/06029af22fe06b8a7be013aeae5e104b3ed26867e5d4ca91408b30aa602e/tqdm-4.34.0-py2.py3-none-any.whl (from https://pypi.org/simple/tqdm/) (requires-python:>=2.6, !=3.0.*, !=3.1.*), version: 4.34.0
2026-07-30T19:03:42,733   Found link https://files.pythonhosted.org/packages/f2/6e/b66335fed60fdba9f730f1c23682c78667282243995b63a14f033dae5701/tqdm-4.34.0.tar.gz (from https://pypi.org/simple/tqdm/) (requires-python:>=2.6, !=3.0.*, !=3.1.*), version: 4.34.0
2026-07-30T19:03:42,733   Found link https://files.pythonhosted.org/packages/dc/88/d3213e2f3492daf09d8b41631ad6899f56db17ce83ea9c8a579902bafe5e/tqdm-4.35.0-py2.py3-none-any.whl (from https://pypi.org/simple/tqdm/) (requires-python:>=2.6, !=3.0.*, !=3.1.*), version: 4.35.0
2026-07-30T19:03:42,733   Found link https://files.pythonhosted.org/packages/d0/10/54a72929d8b042965180f01cbf0701b5377c5cce0148c552807d195d8d0b/tqdm-4.35.0.tar.gz (from https://pypi.org/simple/tqdm/) (requires-python:>=2.6, !=3.0.*, !=3.1.*), version: 4.35.0
2026-07-30T19:03:42,733   Found link https://files.pythonhosted.org/packages/95/6b/fe4304220f7a9800f820a6379ee9b1b87128ae8a9703cc3e1ec5171e12ac/tqdm-4.36.0-py2.py3-none-any.whl (from https://pypi.org/simple/tqdm/) (requires-python:>=2.6, !=3.0.*, !=3.1.*), version: 4.36.0
2026-07-30T19:03:42,733   Found link https://files.pythonhosted.org/packages/7a/6e/aee64848bfa1d901f4b7ee16b9e691e109e803937c09e9b3cc2f69de8a79/tqdm-4.36.0.tar.gz (from https://pypi.org/simple/tqdm/) (requires-python:>=2.6, !=3.0.*, !=3.1.*), version: 4.36.0
2026-07-30T19:03:42,733   Found link https://files.pythonhosted.org/packages/e1/c1/bc1dba38b48f4ae3c4428aea669c5e27bd5a7642a74c8348451e0bd8ff86/tqdm-4.36.1-py2.py3-none-any.whl (from https://pypi.org/simple/tqdm/) (requires-python:>=2.6, !=3.0.*, !=3.1.*), version: 4.36.1
2026-07-30T19:03:42,733   Found link https://files.pythonhosted.org/packages/80/b3/6ca4806441b730782fc4613c6aa2070412295c5521f33ae151988e448929/tqdm-4.36.1.tar.gz (from https://pypi.org/simple/tqdm/) (requires-python:>=2.6, !=3.0.*, !=3.1.*), version: 4.36.1
2026-07-30T19:03:42,733   Found link https://files.pythonhosted.org/packages/05/f2/764a5d530cf143ded9bc95216edb6e258c6554511e78de7c250557e8f3ed/tqdm-4.37.0-py2.py3-none-any.whl (from https://pypi.org/simple/tqdm/) (requires-python:>=2.6, !=3.0.*, !=3.1.*), version: 4.37.0
2026-07-30T19:03:42,733   Found link https://files.pythonhosted.org/packages/cc/7b/5878d4e1b01a2eb802f78ea277f2385072681cabefc8fb4fbdee28dd1869/tqdm-4.37.0.tar.gz (from https://pypi.org/simple/tqdm/) (requires-python:>=2.6, !=3.0.*, !=3.1.*), version: 4.37.0
2026-07-30T19:03:42,733   Found link https://files.pythonhosted.org/packages/b9/08/8505f192efc72bfafec79655e1d8351d219e2b80b0dec4ae71f50934c17a/tqdm-4.38.0-py2.py3-none-any.whl (from https://pypi.org/simple/tqdm/) (requires-python:>=2.6, !=3.0.*, !=3.1.*), version: 4.38.0
2026-07-30T19:03:42,733   Found link https://files.pythonhosted.org/packages/08/ad/be20d03f9fae7059cd2bd866f47cef00cfaebab304d3699200245bc31583/tqdm-4.38.0.tar.gz (from https://pypi.org/simple/tqdm/) (requires-python:>=2.6, !=3.0.*, !=3.1.*), version: 4.38.0
2026-07-30T19:03:42,733   Found link https://files.pythonhosted.org/packages/bb/62/6f823501b3bf2bac242bd3c320b592ad1516b3081d82c77c1d813f076856/tqdm-4.39.0-py2.py3-none-any.whl (from https://pypi.org/simple/tqdm/) (requires-python:>=2.6, !=3.0.*, !=3.1.*), version: 4.39.0
2026-07-30T19:03:42,733   Found link https://files.pythonhosted.org/packages/a0/77/ee3aad4ee074d519597c16149ddebc7587ead2e5b609b8d765a860989c6a/tqdm-4.39.0.tar.gz (from https://pypi.org/simple/tqdm/) (requires-python:>=2.6, !=3.0.*, !=3.1.*), version: 4.39.0
2026-07-30T19:03:42,733   Found link https://files.pythonhosted.org/packages/a5/13/cd55c23e3e158ed5b87cae415ee3844fc54cb43803fa3a0a064d23ecb883/tqdm-4.40.0-py2.py3-none-any.whl (from https://pypi.org/simple/tqdm/) (requires-python:>=2.6, !=3.0.*, !=3.1.*), version: 4.40.0
2026-07-30T19:03:42,733   Found link https://files.pythonhosted.org/packages/09/ba/b3cfc49af38fae9464e8bbd9950d592c177ef264346cdb74cf4d492ec7d9/tqdm-4.40.0.tar.gz (from https://pypi.org/simple/tqdm/) (requires-python:>=2.6, !=3.0.*, !=3.1.*), version: 4.40.0
2026-07-30T19:03:42,733   Found link https://files.pythonhosted.org/packages/71/b0/6d63e33dbf5935dccd334ee2b83cc4d3828817de6faaa3a3f7f5b8cc5141/tqdm-4.40.1-py2.py3-none-any.whl (from https://pypi.org/simple/tqdm/) (requires-python:>=2.6, !=3.0.*, !=3.1.*), version: 4.40.1
2026-07-30T19:03:42,733   Found link https://files.pythonhosted.org/packages/4c/45/830c5c4bfaba60ef7d356a53c7751a86c81d148a16fda0daf3ac5ca8e288/tqdm-4.40.1.tar.gz (from https://pypi.org/simple/tqdm/) (requires-python:>=2.6, !=3.0.*, !=3.1.*), version: 4.40.1
2026-07-30T19:03:42,733   Found link https://files.pythonhosted.org/packages/7f/32/5144caf0478b1f26bd9d97f510a47336cf4ac0f96c6bc3b5af20d4173920/tqdm-4.40.2-py2.py3-none-any.whl (from https://pypi.org/simple/tqdm/) (requires-python:>=2.6, !=3.0.*, !=3.1.*), version: 4.40.2
2026-07-30T19:03:42,733   Found link https://files.pythonhosted.org/packages/61/db/c7d23eb08579d4cda0d278f1f2621991caf3fc526bd1c57ac591ddb5c35a/tqdm-4.40.2.tar.gz (from https://pypi.org/simple/tqdm/) (requires-python:>=2.6, !=3.0.*, !=3.1.*), version: 4.40.2
2026-07-30T19:03:42,733   Found link https://files.pythonhosted.org/packages/8c/c3/d049cf3fb31094ee045ec1ee29fffac218c91e82c8838c49ab4c3e52627b/tqdm-4.41.0-py2.py3-none-any.whl (from https://pypi.org/simple/tqdm/) (requires-python:>=2.6, !=3.0.*, !=3.1.*), version: 4.41.0
2026-07-30T19:03:42,733   Found link https://files.pythonhosted.org/packages/cc/84/6005c80747390ca4355d0f0ec416068a46f26eed4ea6029660c71e87ccd4/tqdm-4.41.0.tar.gz (from https://pypi.org/simple/tqdm/) (requires-python:>=2.6, !=3.0.*, !=3.1.*), version: 4.41.0
2026-07-30T19:03:42,733   Found link https://files.pythonhosted.org/packages/72/c9/7fc20feac72e79032a7c8138fd0d395dc6d8812b5b9edf53c3afd0b31017/tqdm-4.41.1-py2.py3-none-any.whl (from https://pypi.org/simple/tqdm/) (requires-python:>=2.6, !=3.0.*, !=3.1.*), version: 4.41.1
2026-07-30T19:03:42,733   Found link https://files.pythonhosted.org/packages/cd/22/f15bb3c0a2810da0e825d193fb76d782015d82c676c4f682a957814926d7/tqdm-4.41.1.tar.gz (from https://pypi.org/simple/tqdm/) (requires-python:>=2.6, !=3.0.*, !=3.1.*), version: 4.41.1
2026-07-30T19:03:42,733   Found link https://files.pythonhosted.org/packages/cc/2e/4307206db63f05ed37e21d4c0d843d0fbcacd62479f8ce99ba0f2c0875e0/tqdm-4.42.0-py2.py3-none-any.whl (from https://pypi.org/simple/tqdm/) (requires-python:>=2.6, !=3.0.*, !=3.1.*), version: 4.42.0
2026-07-30T19:03:42,733   Found link https://files.pythonhosted.org/packages/c3/31/e6505e9ed53fbffc82c72b8f598f3f883f27f3a186855097a75149b9c62f/tqdm-4.42.0.tar.gz (from https://pypi.org/simple/tqdm/) (requires-python:>=2.6, !=3.0.*, !=3.1.*), version: 4.42.0
2026-07-30T19:03:42,733   Found link https://files.pythonhosted.org/packages/cd/80/5bb262050dd2f30f8819626b7c92339708fe2ed7bd5554c8193b4487b367/tqdm-4.42.1-py2.py3-none-any.whl (from https://pypi.org/simple/tqdm/) (requires-python:>=2.6, !=3.0.*, !=3.1.*), version: 4.42.1
2026-07-30T19:03:42,733   Found link https://files.pythonhosted.org/packages/f7/83/9dc2296d40020ba54cbc711160577157d7aa3c2bbdcf6b245c96a7ba6f67/tqdm-4.42.1.tar.gz (from https://pypi.org/simple/tqdm/) (requires-python:>=2.6, !=3.0.*, !=3.1.*), version: 4.42.1
2026-07-30T19:03:42,733   Found link https://files.pythonhosted.org/packages/47/55/fd9170ba08a1a64a18a7f8a18f088037316f2a41be04d2fe6ece5a653e8f/tqdm-4.43.0-py2.py3-none-any.whl (from https://pypi.org/simple/tqdm/) (requires-python:>=2.6, !=3.0.*, !=3.1.*), version: 4.43.0
2026-07-30T19:03:42,733   Found link https://files.pythonhosted.org/packages/7a/cf/625e53bb8c6ad88302192c7aa50d45cdfb2b0fe97892869ec3dd9309f67f/tqdm-4.43.0.tar.gz (from https://pypi.org/simple/tqdm/) (requires-python:>=2.6, !=3.0.*, !=3.1.*), version: 4.43.0
2026-07-30T19:03:42,733   Found link https://files.pythonhosted.org/packages/ee/57/823bec179380e4829021cae90c8519f58d426e4b712d2a50b6651990461a/tqdm-4.44.0-py2.py3-none-any.whl (from https://pypi.org/simple/tqdm/) (requires-python:>=2.6, !=3.0.*, !=3.1.*), version: 4.44.0
2026-07-30T19:03:42,733   Found link https://files.pythonhosted.org/packages/69/56/14c4fc2be50a3e252cbffc572ae4a8ac130c2f2fa06b7ca013aa74b0e2be/tqdm-4.44.0.tar.gz (from https://pypi.org/simple/tqdm/) (requires-python:>=2.6, !=3.0.*, !=3.1.*), version: 4.44.0
2026-07-30T19:03:42,733   Found link https://files.pythonhosted.org/packages/1c/1a/cd6ee6b8b06557dcc5590785af2fe90fa10c19c28e567c1e3a299d5081e7/tqdm-4.44.1-py2.py3-none-any.whl (from https://pypi.org/simple/tqdm/) (requires-python:>=2.6, !=3.0.*, !=3.1.*), version: 4.44.1
2026-07-30T19:03:42,733   Found link https://files.pythonhosted.org/packages/8d/b0/40dedb13c1f1046218a28e9141018310305128ac577d0557b0999b42f766/tqdm-4.44.1.tar.gz (from https://pypi.org/simple/tqdm/) (requires-python:>=2.6, !=3.0.*, !=3.1.*), version: 4.44.1
2026-07-30T19:03:42,737   Found link https://files.pythonhosted.org/packages/4a/1c/6359be64e8301b84160f6f6f7936bbfaaa5e9a4eab6cbc681db07600b949/tqdm-4.45.0-py2.py3-none-any.whl (from https://pypi.org/simple/tqdm/) (requires-python:>=2.6, !=3.0.*, !=3.1.*), version: 4.45.0
2026-07-30T19:03:42,737   Found link https://files.pythonhosted.org/packages/12/67/e736c012c6c8b4092dd54bb9bdd7737acf9a140a98c58b87c35363d0105d/tqdm-4.45.0.tar.gz (from https://pypi.org/simple/tqdm/) (requires-python:>=2.6, !=3.0.*, !=3.1.*), version: 4.45.0
2026-07-30T19:03:42,737   Found link https://files.pythonhosted.org/packages/c9/40/058b12e8ba10e35f89c9b1fdfc2d4c7f8c05947df2d5eb3c7b258019fda0/tqdm-4.46.0-py2.py3-none-any.whl (from https://pypi.org/simple/tqdm/) (requires-python:>=2.6, !=3.0.*, !=3.1.*), version: 4.46.0
2026-07-30T19:03:42,737   Found link https://files.pythonhosted.org/packages/3b/42/d14dda3dc578485ec6e24d66fac5b731b2a4c5441db0e2fdc31672864115/tqdm-4.46.0.tar.gz (from https://pypi.org/simple/tqdm/) (requires-python:>=2.6, !=3.0.*, !=3.1.*), version: 4.46.0
2026-07-30T19:03:42,737   Found link https://files.pythonhosted.org/packages/f3/76/4697ce203a3d42b2ead61127b35e5fcc26bba9a35c03b32a2bd342a4c869/tqdm-4.46.1-py2.py3-none-any.whl (from https://pypi.org/simple/tqdm/) (requires-python:>=2.6, !=3.0.*, !=3.1.*), version: 4.46.1
2026-07-30T19:03:42,737   Found link https://files.pythonhosted.org/packages/a9/03/df1d77e852dd697c0ff7b7b1b9888739517e5f97dfbd2cf7ebd13234084c/tqdm-4.46.1.tar.gz (from https://pypi.org/simple/tqdm/) (requires-python:>=2.6, !=3.0.*, !=3.1.*), version: 4.46.1
2026-07-30T19:03:42,737   Found link https://files.pythonhosted.org/packages/46/62/7663894f67ac5a41a0d8812d78d9d2a9404124051885af9d77dc526fb399/tqdm-4.47.0-py2.py3-none-any.whl (from https://pypi.org/simple/tqdm/) (requires-python:>=2.6, !=3.0.*, !=3.1.*), version: 4.47.0
2026-07-30T19:03:42,737   Found link https://files.pythonhosted.org/packages/3c/17/229e06a959dc41b85be2e372096b2637e51de5f84afc58b3e588f1826c80/tqdm-4.47.0.tar.gz (from https://pypi.org/simple/tqdm/) (requires-python:>=2.6, !=3.0.*, !=3.1.*), version: 4.47.0
2026-07-30T19:03:42,737   Found link https://files.pythonhosted.org/packages/af/88/7b0ea5fa8192d1733dea459a9e3059afc87819cb4072c43263f2ec7ab768/tqdm-4.48.0-py2.py3-none-any.whl (from https://pypi.org/simple/tqdm/) (requires-python:>=2.6, !=3.0.*, !=3.1.*), version: 4.48.0
2026-07-30T19:03:42,737   Found link https://files.pythonhosted.org/packages/71/6c/6530032ec26dddd47bb9e052781bcbbcaa560f05d10cdaf365ecb990d220/tqdm-4.48.0.tar.gz (from https://pypi.org/simple/tqdm/) (requires-python:>=2.6, !=3.0.*, !=3.1.*), version: 4.48.0
2026-07-30T19:03:42,737   Found link https://files.pythonhosted.org/packages/43/74/ff00ba1f998684ffc67ea700ed45e5099877906ac36ca6d7b5d9695e6166/tqdm-4.48.1-py2.py3-none-any.whl (from https://pypi.org/simple/tqdm/) (requires-python:>=2.6, !=3.0.*, !=3.1.*), version: 4.48.1
2026-07-30T19:03:42,737   Found link https://files.pythonhosted.org/packages/a2/d3/d6fcee65655e288c308f787d96316440469448d29e1034aa7c8cc6a6dced/tqdm-4.48.1.tar.gz (from https://pypi.org/simple/tqdm/) (requires-python:>=2.6, !=3.0.*, !=3.1.*), version: 4.48.1
2026-07-30T19:03:42,737   Found link https://files.pythonhosted.org/packages/28/7e/281edb5bc3274dfb894d90f4dbacfceaca381c2435ec6187a2c6f329aed7/tqdm-4.48.2-py2.py3-none-any.whl (from https://pypi.org/simple/tqdm/) (requires-python:>=2.6, !=3.0.*, !=3.1.*), version: 4.48.2
2026-07-30T19:03:42,737   Found link https://files.pythonhosted.org/packages/7c/a2/4cc95d7766a5d17ea2541d88da357d5905f75b6dbdfd17dfffd6c37647ae/tqdm-4.48.2.tar.gz (from https://pypi.org/simple/tqdm/) (requires-python:>=2.6, !=3.0.*, !=3.1.*), version: 4.48.2
2026-07-30T19:03:42,737   Found link https://files.pythonhosted.org/packages/73/d5/f220e0c69b2f346b5649b66abebb391df1a00a59997a7ccf823325bd7a3e/tqdm-4.49.0-py2.py3-none-any.whl (from https://pypi.org/simple/tqdm/) (requires-python:>=2.6, !=3.0.*, !=3.1.*), version: 4.49.0
2026-07-30T19:03:42,737   Found link https://files.pythonhosted.org/packages/bc/03/2bc607a15e201058cb6b19784b9c217d7ff37a686ce4a2d8a37a638f3ba5/tqdm-4.49.0.tar.gz (from https://pypi.org/simple/tqdm/) (requires-python:>=2.6, !=3.0.*, !=3.1.*), version: 4.49.0
2026-07-30T19:03:42,737   Found link https://files.pythonhosted.org/packages/0a/0e/ea53a3d6f1eb2cc31162c9ae89555cc26a3986e5559781f0b0df75aea5cf/tqdm-4.50.0-py2.py3-none-any.whl (from https://pypi.org/simple/tqdm/) (requires-python:>=2.6, !=3.0.*, !=3.1.*), version: 4.50.0
2026-07-30T19:03:42,737   Found link https://files.pythonhosted.org/packages/9f/7b/76c4e5ef1a1b528fcaada4133f972e77d33c252831676cf414119ca6093d/tqdm-4.50.0.tar.gz (from https://pypi.org/simple/tqdm/) (requires-python:>=2.6, !=3.0.*, !=3.1.*), version: 4.50.0
2026-07-30T19:03:42,737   Found link https://files.pythonhosted.org/packages/12/cd/2dc00ab02b89727062697e0851b512664c851f77b4f272b74489d82d9d37/tqdm-4.50.1-py2.py3-none-any.whl (from https://pypi.org/simple/tqdm/) (requires-python:>=2.6, !=3.0.*, !=3.1.*), version: 4.50.1
2026-07-30T19:03:42,737   Found link https://files.pythonhosted.org/packages/47/e2/60281191b978c59bca6fd0d1c02970ce16774e4a3f112bfcfe9f1a908ae1/tqdm-4.50.1.tar.gz (from https://pypi.org/simple/tqdm/) (requires-python:>=2.6, !=3.0.*, !=3.1.*), version: 4.50.1
2026-07-30T19:03:42,737   Found link https://files.pythonhosted.org/packages/bd/cf/f91813073e4135c1183cadf968256764a6fe4e35c351d596d527c0540461/tqdm-4.50.2-py2.py3-none-any.whl (from https://pypi.org/simple/tqdm/) (requires-python:>=2.6, !=3.0.*, !=3.1.*), version: 4.50.2
2026-07-30T19:03:42,737   Found link https://files.pythonhosted.org/packages/e0/98/e3fbad184a671b51d5a873da486362884e7205eeeed1f597c48731efd122/tqdm-4.50.2.tar.gz (from https://pypi.org/simple/tqdm/) (requires-python:>=2.6, !=3.0.*, !=3.1.*), version: 4.50.2
2026-07-30T19:03:42,737   Found link https://files.pythonhosted.org/packages/93/3a/96b3dc293aa72443cf9627444c3c221a7ba34bb622e4d8bf1b5d4f2d9d08/tqdm-4.51.0-py2.py3-none-any.whl (from https://pypi.org/simple/tqdm/) (requires-python:>=2.6, !=3.0.*, !=3.1.*), version: 4.51.0
2026-07-30T19:03:42,737   Found link https://files.pythonhosted.org/packages/88/e6/13dde83089386c9aa200c4539891948094443d4f6fe85fe95c7806c1f3d5/tqdm-4.51.0.tar.gz (from https://pypi.org/simple/tqdm/) (requires-python:>=2.6, !=3.0.*, !=3.1.*), version: 4.51.0
2026-07-30T19:03:42,737   Found link https://files.pythonhosted.org/packages/dc/7e/bc84ebdb47cfc1f643d026570cb24dd40c2b7a29e167ea101f1702717658/tqdm-4.52.0-py2.py3-none-any.whl (from https://pypi.org/simple/tqdm/) (requires-python:>=2.6, !=3.0.*, !=3.1.*), version: 4.52.0
2026-07-30T19:03:42,740   Found link https://files.pythonhosted.org/packages/9f/30/8c8015735a54e13444a3d4982a7a9538bde27f8b3bd35203f9e920f0d78c/tqdm-4.52.0.tar.gz (from https://pypi.org/simple/tqdm/) (requires-python:>=2.6, !=3.0.*, !=3.1.*), version: 4.52.0
2026-07-30T19:03:42,740   Found link https://files.pythonhosted.org/packages/02/bc/857fff709f7ce9eabdc502d6fa71f4b7e964200b1bcd00f0a2f59667d1bf/tqdm-4.53.0-py2.py3-none-any.whl (from https://pypi.org/simple/tqdm/) (requires-python:!=3.0.*,!=3.1.*,!=3.2.*,!=3.3.*,>=2.7), version: 4.53.0
2026-07-30T19:03:42,740   Found link https://files.pythonhosted.org/packages/db/af/6af426ad64a4e89696069f8a87d985c10a79e4c6f975ac772b676afc21a5/tqdm-4.53.0.tar.gz (from https://pypi.org/simple/tqdm/) (requires-python:!=3.0.*,!=3.1.*,!=3.2.*,!=3.3.*,>=2.7), version: 4.53.0
2026-07-30T19:03:42,740   Found link https://files.pythonhosted.org/packages/e9/4e/afa45872365fe2abd13c8022d39348c01808b8cfeea129937920d7bb2244/tqdm-4.54.0-py2.py3-none-any.whl (from https://pypi.org/simple/tqdm/) (requires-python:!=3.0.*,!=3.1.*,!=3.2.*,!=3.3.*,>=2.7), version: 4.54.0
2026-07-30T19:03:42,740   Found link https://files.pythonhosted.org/packages/3a/76/467422c5a0157c92a8b8e1ffe14411443682e2951e6f6dde3748e47b31ba/tqdm-4.54.0.tar.gz (from https://pypi.org/simple/tqdm/) (requires-python:!=3.0.*,!=3.1.*,!=3.2.*,!=3.3.*,>=2.7), version: 4.54.0
2026-07-30T19:03:42,740   Found link https://files.pythonhosted.org/packages/8a/54/115f0c28a61d56674c3a5e05c46d6c3523ad196e1dcd3e2d8b119026df36/tqdm-4.54.1-py2.py3-none-any.whl (from https://pypi.org/simple/tqdm/) (requires-python:!=3.0.*,!=3.1.*,!=3.2.*,!=3.3.*,>=2.7), version: 4.54.1
2026-07-30T19:03:42,740   Found link https://files.pythonhosted.org/packages/80/e9/a51c724ce67ff24a18861af5b0c6f9468e4b4ecdbd53fd43a9288b856372/tqdm-4.54.1.tar.gz (from https://pypi.org/simple/tqdm/) (requires-python:!=3.0.*,!=3.1.*,!=3.2.*,!=3.3.*,>=2.7), version: 4.54.1
2026-07-30T19:03:42,740   Found link https://files.pythonhosted.org/packages/05/bb/9403e1f30ed060e16835c9b275620ca89191a41ccc2b995b88efbc32dfd9/tqdm-4.55.0-py2.py3-none-any.whl (from https://pypi.org/simple/tqdm/) (requires-python:!=3.0.*,!=3.1.*,!=3.2.*,!=3.3.*,>=2.7), version: 4.55.0
2026-07-30T19:03:42,740   Found link https://files.pythonhosted.org/packages/de/ea/171518e4f9aacbfd71ca969251f3b1508b00b35562cd5fe8fd47647f6253/tqdm-4.55.0.tar.gz (from https://pypi.org/simple/tqdm/) (requires-python:!=3.0.*,!=3.1.*,!=3.2.*,!=3.3.*,>=2.7), version: 4.55.0
2026-07-30T19:03:42,740   Found link https://files.pythonhosted.org/packages/ac/a2/1fc6ceff232a4755fa85e2bd3aaca1145c3103b298000129381309995072/tqdm-4.55.1-py2.py3-none-any.whl (from https://pypi.org/simple/tqdm/) (requires-python:!=3.0.*,!=3.1.*,!=3.2.*,!=3.3.*,>=2.7), version: 4.55.1
2026-07-30T19:03:42,741   Found link https://files.pythonhosted.org/packages/9c/97/6627aaf69c42a41d0d22a54ad2bf420290e07da82448823dcd6851de427e/tqdm-4.55.1.tar.gz (from https://pypi.org/simple/tqdm/) (requires-python:!=3.0.*,!=3.1.*,!=3.2.*,!=3.3.*,>=2.7), version: 4.55.1
2026-07-30T19:03:42,741   Found link https://files.pythonhosted.org/packages/09/4d/340961625f60e9339e5b9d372d008683f26ab8774f08cedeb20e38f9569e/tqdm-4.55.2-py2.py3-none-any.whl (from https://pypi.org/simple/tqdm/) (requires-python:!=3.0.*,!=3.1.*,!=3.2.*,!=3.3.*,>=2.7), version: 4.55.2
2026-07-30T19:03:42,741   Found link https://files.pythonhosted.org/packages/b6/d1/39a24ca38121a29c6ba4a85fb6cbe4429448a6d1e02944625933367a872f/tqdm-4.55.2.tar.gz (from https://pypi.org/simple/tqdm/) (requires-python:!=3.0.*,!=3.1.*,!=3.2.*,!=3.3.*,>=2.7), version: 4.55.2
2026-07-30T19:03:42,741   Found link https://files.pythonhosted.org/packages/80/02/8f8880a4fd6625461833abcf679d4c12a44c76f9925f92bf212bb6cefaad/tqdm-4.56.0-py2.py3-none-any.whl (from https://pypi.org/simple/tqdm/) (requires-python:!=3.0.*,!=3.1.*,!=3.2.*,!=3.3.*,>=2.7), version: 4.56.0
2026-07-30T19:03:42,741   Found link https://files.pythonhosted.org/packages/69/50/9f29874d835945b845812799edc732ba30c41e9d20431f9f69c8ffb9c670/tqdm-4.56.0.tar.gz (from https://pypi.org/simple/tqdm/) (requires-python:!=3.0.*,!=3.1.*,!=3.2.*,!=3.3.*,>=2.7), version: 4.56.0
2026-07-30T19:03:42,741   Found link https://files.pythonhosted.org/packages/51/c1/2b9a2bf4b47481777c79bf6daad23a621ffc81e15fb0edf23b8ce42e0d61/tqdm-4.56.1-py2.py3-none-any.whl (from https://pypi.org/simple/tqdm/) (requires-python:!=3.0.*,!=3.1.*,!=3.2.*,!=3.3.*,>=2.7), version: 4.56.1
2026-07-30T19:03:42,741   Found link https://files.pythonhosted.org/packages/4e/68/d837e3e0a04b1a23a473b642c8d2a36ac7ad24f74c8a18094e258ec469d2/tqdm-4.56.1.tar.gz (from https://pypi.org/simple/tqdm/) (requires-python:!=3.0.*,!=3.1.*,!=3.2.*,!=3.3.*,>=2.7), version: 4.56.1
2026-07-30T19:03:42,741   Found link https://files.pythonhosted.org/packages/b3/db/dcda019790a8d989b8b0e7290f1c651a0aaef10bbe6af00032155e04858d/tqdm-4.56.2-py2.py3-none-any.whl (from https://pypi.org/simple/tqdm/) (requires-python:!=3.0.*,!=3.1.*,!=3.2.*,!=3.3.*,>=2.7), version: 4.56.2
2026-07-30T19:03:42,741   Found link https://files.pythonhosted.org/packages/d4/2a/99ac62cb012d81ffd96a2ddd9eba54d942c56f9244feb58b6a9a49d547d8/tqdm-4.56.2.tar.gz (from https://pypi.org/simple/tqdm/) (requires-python:!=3.0.*,!=3.1.*,!=3.2.*,!=3.3.*,>=2.7), version: 4.56.2
2026-07-30T19:03:42,742   Found link https://files.pythonhosted.org/packages/d9/13/f3f815bb73804a8af9cfbb6f084821c037109108885f46131045e8cf044e/tqdm-4.57.0-py2.py3-none-any.whl (from https://pypi.org/simple/tqdm/) (requires-python:!=3.0.*,!=3.1.*,!=3.2.*,!=3.3.*,>=2.7), version: 4.57.0
2026-07-30T19:03:42,742   Found link https://files.pythonhosted.org/packages/af/34/0fb7d9ce9f84244618e0acf8355f944e27107d617534e07978cb2221a59b/tqdm-4.57.0.tar.gz (from https://pypi.org/simple/tqdm/) (requires-python:!=3.0.*,!=3.1.*,!=3.2.*,!=3.3.*,>=2.7), version: 4.57.0
2026-07-30T19:03:42,742   Found link https://files.pythonhosted.org/packages/4e/8c/f1035bd24b0e352ddba7be320abc1603fc4c9976fcda6971ed287be59164/tqdm-4.58.0-py2.py3-none-any.whl (from https://pypi.org/simple/tqdm/) (requires-python:!=3.0.*,!=3.1.*,!=3.2.*,!=3.3.*,>=2.7), version: 4.58.0
2026-07-30T19:03:42,742   Found link https://files.pythonhosted.org/packages/b1/43/5fbcc228769304f437f412b98be988121afff58245105ad4fdad7f8c1526/tqdm-4.58.0.tar.gz (from https://pypi.org/simple/tqdm/) (requires-python:!=3.0.*,!=3.1.*,!=3.2.*,!=3.3.*,>=2.7), version: 4.58.0
2026-07-30T19:03:42,742   Found link https://files.pythonhosted.org/packages/f8/3e/2730d0effc282960dbff3cf91599ad0d8f3faedc8e75720fdf224b31ab24/tqdm-4.59.0-py2.py3-none-any.whl (from https://pypi.org/simple/tqdm/) (requires-python:!=3.0.*,!=3.1.*,!=3.2.*,!=3.3.*,>=2.7), version: 4.59.0
2026-07-30T19:03:42,742   Found link https://files.pythonhosted.org/packages/ef/58/60cc1e9af5714d1b86062f6dc00c5dd6973c902da6259f930b9c6e7a3430/tqdm-4.59.0.tar.gz (from https://pypi.org/simple/tqdm/) (requires-python:!=3.0.*,!=3.1.*,!=3.2.*,!=3.3.*,>=2.7), version: 4.59.0
2026-07-30T19:03:42,742   Found link https://files.pythonhosted.org/packages/72/8a/34efae5cf9924328a8f34eeb2fdaae14c011462d9f0e3fcded48e1266d1c/tqdm-4.60.0-py2.py3-none-any.whl (from https://pypi.org/simple/tqdm/) (requires-python:!=3.0.*,!=3.1.*,!=3.2.*,!=3.3.*,>=2.7), version: 4.60.0
2026-07-30T19:03:42,742   Found link https://files.pythonhosted.org/packages/35/35/bd5af89c97ad5177ed234d9e79d01a984f8b5226b8ffc8b5d3c4fc8e157d/tqdm-4.60.0.tar.gz (from https://pypi.org/simple/tqdm/) (requires-python:!=3.0.*,!=3.1.*,!=3.2.*,!=3.3.*,>=2.7), version: 4.60.0
2026-07-30T19:03:42,743   Found link https://files.pythonhosted.org/packages/42/d7/f357d98e9b50346bcb6095fe3ad205d8db3174eb5edb03edfe7c4099576d/tqdm-4.61.0-py2.py3-none-any.whl (from https://pypi.org/simple/tqdm/) (requires-python:!=3.0.*,!=3.1.*,!=3.2.*,!=3.3.*,>=2.7), version: 4.61.0
2026-07-30T19:03:42,743   Found link https://files.pythonhosted.org/packages/06/ca/721a7abe555012efaa4d6ee18a0048a4f27d84c6220bb6aa6eba049117d6/tqdm-4.61.0.tar.gz (from https://pypi.org/simple/tqdm/) (requires-python:!=3.0.*,!=3.1.*,!=3.2.*,!=3.3.*,>=2.7), version: 4.61.0
2026-07-30T19:03:42,743   Found link https://files.pythonhosted.org/packages/b4/20/9f1e974bb4761128fc0d0a32813eaa92827309b1756c4b892d28adfb4415/tqdm-4.61.1-py2.py3-none-any.whl (from https://pypi.org/simple/tqdm/) (requires-python:!=3.0.*,!=3.1.*,!=3.2.*,!=3.3.*,>=2.7), version: 4.61.1
2026-07-30T19:03:42,743   Found link https://files.pythonhosted.org/packages/f2/9c/99aae7670351c694c60c72e3cc834b7eab396f738b391bd0bdfc5101a663/tqdm-4.61.1.tar.gz (from https://pypi.org/simple/tqdm/) (requires-python:!=3.0.*,!=3.1.*,!=3.2.*,!=3.3.*,>=2.7), version: 4.61.1
2026-07-30T19:03:42,743   Found link https://files.pythonhosted.org/packages/7a/ec/f8ff3ccfc4e59ce619a66a0bf29dc3b49c2e8c07de29d572e191c006eaa2/tqdm-4.61.2-py2.py3-none-any.whl (from https://pypi.org/simple/tqdm/) (requires-python:!=3.0.*,!=3.1.*,!=3.2.*,!=3.3.*,>=2.7), version: 4.61.2
2026-07-30T19:03:42,743   Found link https://files.pythonhosted.org/packages/0d/dd/78f7e080d3bfc87fc19bed54513b430659d38efb2d9ea6e3ad815a665a02/tqdm-4.61.2.tar.gz (from https://pypi.org/simple/tqdm/) (requires-python:!=3.0.*,!=3.1.*,!=3.2.*,!=3.3.*,>=2.7), version: 4.61.2
2026-07-30T19:03:42,743   Found link https://files.pythonhosted.org/packages/0b/e8/d6f4db0886dbba2fc87b5314f2d5127acdc782e4b51e6f86972a2e45ffd6/tqdm-4.62.0-py2.py3-none-any.whl (from https://pypi.org/simple/tqdm/) (requires-python:!=3.0.*,!=3.1.*,!=3.2.*,!=3.3.*,>=2.7), version: 4.62.0
2026-07-30T19:03:42,743   Found link https://files.pythonhosted.org/packages/7f/e6/23e3f15ff29970dd64065a9a27bc809b1df727f7f9f6dfa3e36cf7975e58/tqdm-4.62.0.tar.gz (from https://pypi.org/simple/tqdm/) (requires-python:!=3.0.*,!=3.1.*,!=3.2.*,!=3.3.*,>=2.7), version: 4.62.0
2026-07-30T19:03:42,743   Found link https://files.pythonhosted.org/packages/96/8f/61d0ab27df8252139eadfd54ba92c6520fec87b205b23ccf77fc3b8225b8/tqdm-4.62.1-py2.py3-none-any.whl (from https://pypi.org/simple/tqdm/) (requires-python:!=3.0.*,!=3.1.*,!=3.2.*,!=3.3.*,>=2.7), version: 4.62.1
2026-07-30T19:03:42,744   Found link https://files.pythonhosted.org/packages/48/a9/06793044a329e3d80489d5bf2153924f9463c08beec7f8ce4d20efd3cfbc/tqdm-4.62.1.tar.gz (from https://pypi.org/simple/tqdm/) (requires-python:!=3.0.*,!=3.1.*,!=3.2.*,!=3.3.*,>=2.7), version: 4.62.1
2026-07-30T19:03:42,744   Found link https://files.pythonhosted.org/packages/9c/05/cf212f57daa0eb6106fa668a04d74d932e9881fd4a22f322ea1dadb5aba0/tqdm-4.62.2-py2.py3-none-any.whl (from https://pypi.org/simple/tqdm/) (requires-python:!=3.0.*,!=3.1.*,!=3.2.*,!=3.3.*,>=2.7), version: 4.62.2
2026-07-30T19:03:42,744   Found link https://files.pythonhosted.org/packages/37/e5/1b54ef934d731576d0145bc8ae22da5b410f96922cec52b91cc29d3ff1b6/tqdm-4.62.2.tar.gz (from https://pypi.org/simple/tqdm/) (requires-python:!=3.0.*,!=3.1.*,!=3.2.*,!=3.3.*,>=2.7), version: 4.62.2
2026-07-30T19:03:42,744   Found link https://files.pythonhosted.org/packages/63/f3/b7a1b8e40fd1bd049a34566eb353527bb9b8e9b98f8b6cf803bb64d8ce95/tqdm-4.62.3-py2.py3-none-any.whl (from https://pypi.org/simple/tqdm/) (requires-python:!=3.0.*,!=3.1.*,!=3.2.*,!=3.3.*,>=2.7), version: 4.62.3
2026-07-30T19:03:42,744   Found link https://files.pythonhosted.org/packages/e3/c1/b3e42d5b659ca598508e2a9ef315d5eef0a970f874ef9d3b38d4578765bd/tqdm-4.62.3.tar.gz (from https://pypi.org/simple/tqdm/) (requires-python:!=3.0.*,!=3.1.*,!=3.2.*,!=3.3.*,>=2.7), version: 4.62.3
2026-07-30T19:03:42,744   Found link https://files.pythonhosted.org/packages/81/1c/93a2b77b97cdba15a59c3d2d03e53d3292158d1106d37f579069abd90ece/tqdm-4.63.0-py2.py3-none-any.whl (from https://pypi.org/simple/tqdm/) (requires-python:!=3.0.*,!=3.1.*,!=3.2.*,!=3.3.*,>=2.7), version: 4.63.0
2026-07-30T19:03:42,744   Found link https://files.pythonhosted.org/packages/cb/a5/803a55cae355bc2402492c6a1c23dc08117844e4a1c3a293b0ea19bca6fa/tqdm-4.63.0.tar.gz (from https://pypi.org/simple/tqdm/) (requires-python:!=3.0.*,!=3.1.*,!=3.2.*,!=3.3.*,>=2.7), version: 4.63.0
2026-07-30T19:03:42,744   Found link https://files.pythonhosted.org/packages/a6/73/7780b2c0868bdce1f13ce27b09b239f0eefc975a5c7ebc82a7613b2a2f05/tqdm-4.63.1-py2.py3-none-any.whl (from https://pypi.org/simple/tqdm/) (requires-python:!=3.0.*,!=3.1.*,!=3.2.*,!=3.3.*,>=2.7), version: 4.63.1
2026-07-30T19:03:42,744   Found link https://files.pythonhosted.org/packages/3c/77/e75fb048907ccc065030bf7d9d2d1441247e4e234dbfceb5466207190962/tqdm-4.63.1.tar.gz (from https://pypi.org/simple/tqdm/) (requires-python:!=3.0.*,!=3.1.*,!=3.2.*,!=3.3.*,>=2.7), version: 4.63.1
2026-07-30T19:03:42,744   Found link https://files.pythonhosted.org/packages/eb/d9/2fab9a32aface12b5ca96627e75609d1477bf37f1039fc0ca7ff56e7029b/tqdm-4.63.2-py2.py3-none-any.whl (from https://pypi.org/simple/tqdm/) (requires-python:!=3.0.*,!=3.1.*,!=3.2.*,!=3.3.*,>=2.7), version: 4.63.2
2026-07-30T19:03:42,745   Found link https://files.pythonhosted.org/packages/28/fb/fb17882c563a3135d6599ad89d5100e056ab3f478714850d015738ebe8b0/tqdm-4.63.2.tar.gz (from https://pypi.org/simple/tqdm/) (requires-python:!=3.0.*,!=3.1.*,!=3.2.*,!=3.3.*,>=2.7), version: 4.63.2
2026-07-30T19:03:42,745   Found link https://files.pythonhosted.org/packages/8a/c4/d15f1e627fff25443ded77ea70a7b5532d6371498f9285d44d62587e209c/tqdm-4.64.0-py2.py3-none-any.whl (from https://pypi.org/simple/tqdm/) (requires-python:!=3.0.*,!=3.1.*,!=3.2.*,!=3.3.*,>=2.7), version: 4.64.0
2026-07-30T19:03:42,745   Found link https://files.pythonhosted.org/packages/98/2a/838de32e09bd511cf69fe4ae13ffc748ac143449bfc24bb3fd172d53a84f/tqdm-4.64.0.tar.gz (from https://pypi.org/simple/tqdm/) (requires-python:!=3.0.*,!=3.1.*,!=3.2.*,!=3.3.*,>=2.7), version: 4.64.0
2026-07-30T19:03:42,745   Found link https://files.pythonhosted.org/packages/47/bb/849011636c4da2e44f1253cd927cfb20ada4374d8b3a4e425416e84900cc/tqdm-4.64.1-py2.py3-none-any.whl (from https://pypi.org/simple/tqdm/) (requires-python:!=3.0.*,!=3.1.*,!=3.2.*,!=3.3.*,>=2.7), version: 4.64.1
2026-07-30T19:03:42,745   Found link https://files.pythonhosted.org/packages/c1/c2/d8a40e5363fb01806870e444fc1d066282743292ff32a9da54af51ce36a2/tqdm-4.64.1.tar.gz (from https://pypi.org/simple/tqdm/) (requires-python:!=3.0.*,!=3.1.*,!=3.2.*,!=3.3.*,>=2.7), version: 4.64.1
2026-07-30T19:03:42,745   Found link https://files.pythonhosted.org/packages/e6/02/a2cff6306177ae6bc73bc0665065de51dfb3b9db7373e122e2735faf0d97/tqdm-4.65.0-py3-none-any.whl (from https://pypi.org/simple/tqdm/) (requires-python:>=3.7), version: 4.65.0
2026-07-30T19:03:42,745   Found link https://files.pythonhosted.org/packages/3d/78/81191f56abb7d3d56963337dbdff6aa4f55805c8afd8bad64b0a34199e9b/tqdm-4.65.0.tar.gz (from https://pypi.org/simple/tqdm/) (requires-python:>=3.7), version: 4.65.0
2026-07-30T19:03:42,745   Found link https://files.pythonhosted.org/packages/40/14/63f9a5bc62e8a50585b8a7a6de1ffab8eab09aaa5321b86127919ee7de02/tqdm-4.65.1-py3-none-any.whl (from https://pypi.org/simple/tqdm/) (requires-python:>=3.7), version: 4.65.1
2026-07-30T19:03:42,745   Found link https://files.pythonhosted.org/packages/43/1d/05cab81c428967dad3fbf77e9a9e40a24a0199faccf52afc19e079205263/tqdm-4.65.1.tar.gz (from https://pypi.org/simple/tqdm/) (requires-python:>=3.7), version: 4.65.1
2026-07-30T19:03:42,745   Found link https://files.pythonhosted.org/packages/c0/ab/bd9ba7f84c509c8b377628bc66696d52623e30c6c0830db3c78748eec4b4/tqdm-4.65.2-py3-none-any.whl (from https://pypi.org/simple/tqdm/) (requires-python:>=3.7), version: 4.65.2
2026-07-30T19:03:42,746   Found link https://files.pythonhosted.org/packages/06/04/e65e7f457ce9a2e338366a3a873ec6994e081cf4f99becb59ab6ce19e4b5/tqdm-4.65.2.tar.gz (from https://pypi.org/simple/tqdm/) (requires-python:>=3.7), version: 4.65.2
2026-07-30T19:03:42,746   Found link https://files.pythonhosted.org/packages/a5/d6/502a859bac4ad5e274255576cd3e15ca273cdb91731bc39fb840dd422ee9/tqdm-4.66.0-py3-none-any.whl (from https://pypi.org/simple/tqdm/) (requires-python:>=3.7), version: 4.66.0
2026-07-30T19:03:42,746   Found link https://files.pythonhosted.org/packages/f1/fb/6f40278d3b74f1486147aebf828ad081226f4f80b5b31a042386acc76dde/tqdm-4.66.0.tar.gz (from https://pypi.org/simple/tqdm/) (requires-python:>=3.7), version: 4.66.0
2026-07-30T19:03:42,746   Found link https://files.pythonhosted.org/packages/00/e5/f12a80907d0884e6dff9c16d0c0114d81b8cd07dc3ae54c5e962cc83037e/tqdm-4.66.1-py3-none-any.whl (from https://pypi.org/simple/tqdm/) (requires-python:>=3.7), version: 4.66.1
2026-07-30T19:03:42,746   Found link https://files.pythonhosted.org/packages/62/06/d5604a70d160f6a6ca5fd2ba25597c24abd5c5ca5f437263d177ac242308/tqdm-4.66.1.tar.gz (from https://pypi.org/simple/tqdm/) (requires-python:>=3.7), version: 4.66.1
2026-07-30T19:03:42,746   Found link https://files.pythonhosted.org/packages/2a/14/e75e52d521442e2fcc9f1df3c5e456aead034203d4797867980de558ab34/tqdm-4.66.2-py3-none-any.whl (from https://pypi.org/simple/tqdm/) (requires-python:>=3.7), version: 4.66.2
2026-07-30T19:03:42,746   Found link https://files.pythonhosted.org/packages/ea/85/3ce0f9f7d3f596e7ea57f4e5ce8c18cb44e4a9daa58ddb46ee0d13d6bff8/tqdm-4.66.2.tar.gz (from https://pypi.org/simple/tqdm/) (requires-python:>=3.7), version: 4.66.2
2026-07-30T19:03:42,746   Found link https://files.pythonhosted.org/packages/d1/ad/7d47bbf2cae78ff79f29db0bed5016ec9c56b212a93fca624bb88b551a7c/tqdm-4.66.3-py3-none-any.whl (from https://pypi.org/simple/tqdm/) (requires-python:>=3.7), version: 4.66.3
2026-07-30T19:03:42,746   Found link https://files.pythonhosted.org/packages/03/00/6a9b3aedb0b60a80995ade30f718f1a9902612f22a1aaf531c85a02987f7/tqdm-4.66.3.tar.gz (from https://pypi.org/simple/tqdm/) (requires-python:>=3.7), version: 4.66.3
2026-07-30T19:03:42,746   Found link https://files.pythonhosted.org/packages/18/eb/fdb7eb9e48b7b02554e1664afd3bd3f117f6b6d6c5881438a0b055554f9b/tqdm-4.66.4-py3-none-any.whl (from https://pypi.org/simple/tqdm/) (requires-python:>=3.7), version: 4.66.4
2026-07-30T19:03:42,746   Found link https://files.pythonhosted.org/packages/5a/c0/b7599d6e13fe0844b0cda01b9aaef9a0e87dbb10b06e4ee255d3fa1c79a2/tqdm-4.66.4.tar.gz (from https://pypi.org/simple/tqdm/) (requires-python:>=3.7), version: 4.66.4
2026-07-30T19:03:42,747   Found link https://files.pythonhosted.org/packages/48/5d/acf5905c36149bbaec41ccf7f2b68814647347b72075ac0b1fe3022fdc73/tqdm-4.66.5-py3-none-any.whl (from https://pypi.org/simple/tqdm/) (requires-python:>=3.7), version: 4.66.5
2026-07-30T19:03:42,747   Found link https://files.pythonhosted.org/packages/58/83/6ba9844a41128c62e810fddddd72473201f3eacde02046066142a2d96cc5/tqdm-4.66.5.tar.gz (from https://pypi.org/simple/tqdm/) (requires-python:>=3.7), version: 4.66.5
2026-07-30T19:03:42,747   Found link https://files.pythonhosted.org/packages/41/73/02342de9c2d20922115f787e101527b831c0cffd2105c946c4a4826bcfd4/tqdm-4.66.6-py3-none-any.whl (from https://pypi.org/simple/tqdm/) (requires-python:>=3.7), version: 4.66.6
2026-07-30T19:03:42,747   Found link https://files.pythonhosted.org/packages/e9/34/bef135b27fe1864993a5284ad001157ee9b5538e859ac90f5b0e8cc8c9ec/tqdm-4.66.6.tar.gz (from https://pypi.org/simple/tqdm/) (requires-python:>=3.7), version: 4.66.6
2026-07-30T19:03:42,747   Found link https://files.pythonhosted.org/packages/2b/78/57043611a16c655c8350b4c01b8d6abfb38cc2acb475238b62c2146186d7/tqdm-4.67.0-py3-none-any.whl (from https://pypi.org/simple/tqdm/) (requires-python:>=3.7), version: 4.67.0
2026-07-30T19:03:42,747   Found link https://files.pythonhosted.org/packages/e8/4f/0153c21dc5779a49a0598c445b1978126b1344bab9ee71e53e44877e14e0/tqdm-4.67.0.tar.gz (from https://pypi.org/simple/tqdm/) (requires-python:>=3.7), version: 4.67.0
2026-07-30T19:03:42,747   Found link https://files.pythonhosted.org/packages/d0/30/dc54f88dd4a2b5dc8a0279bdd7270e735851848b762aeb1c1184ed1f6b14/tqdm-4.67.1-py3-none-any.whl (from https://pypi.org/simple/tqdm/) (requires-python:>=3.7), version: 4.67.1
2026-07-30T19:03:42,747   Found link https://files.pythonhosted.org/packages/a8/4b/29b4ef32e036bb34e4ab51796dd745cdba7ed47ad142a9f4a1eb8e0c744d/tqdm-4.67.1.tar.gz (from https://pypi.org/simple/tqdm/) (requires-python:>=3.7), version: 4.67.1
2026-07-30T19:03:42,747   Found link https://files.pythonhosted.org/packages/f5/e2/31eac96de2915cf20ccaed0225035db149dfb9165a9ed28d4b252ef3f7f7/tqdm-4.67.2-py3-none-any.whl (from https://pypi.org/simple/tqdm/) (requires-python:>=3.7), version: 4.67.2
2026-07-30T19:03:42,747   Found link https://files.pythonhosted.org/packages/27/89/4b0001b2dab8df0a5ee2787dcbe771de75ded01f18f1f8d53dedeea2882b/tqdm-4.67.2.tar.gz (from https://pypi.org/simple/tqdm/) (requires-python:>=3.7), version: 4.67.2
2026-07-30T19:03:42,747   Found link https://files.pythonhosted.org/packages/16/e1/3079a9ff9b8e11b846c6ac5c8b5bfb7ff225eee721825310c91b3b50304f/tqdm-4.67.3-py3-none-any.whl (from https://pypi.org/simple/tqdm/) (requires-python:>=3.7), version: 4.67.3
2026-07-30T19:03:42,748   Found link https://files.pythonhosted.org/packages/09/a9/6ba95a270c6f1fbcd8dac228323f2777d886cb206987444e4bce66338dd4/tqdm-4.67.3.tar.gz (from https://pypi.org/simple/tqdm/) (requires-python:>=3.7), version: 4.67.3
2026-07-30T19:03:42,748   Found link https://files.pythonhosted.org/packages/c2/51/ab57af723f38a041c5027040fc6fa93a9a066ca7294fc380c1c0810813b2/tqdm-4.68.0-py3-none-any.whl (from https://pypi.org/simple/tqdm/) (requires-python:>=3.7), version: 4.68.0
2026-07-30T19:03:42,748   Found link https://files.pythonhosted.org/packages/6a/1e/a5e2602851e2a8c49372e3ed4d8437fa43c996941899af7aea6e30173a3d/tqdm-4.68.0.tar.gz (from https://pypi.org/simple/tqdm/) (requires-python:>=3.7), version: 4.68.0
2026-07-30T19:03:42,748   Found link https://files.pythonhosted.org/packages/47/aa/218a0eb34de1f753c83e4d0d1c8e7c4cef27f20dcb8342e024f63a80dc86/tqdm-4.68.1-py3-none-any.whl (from https://pypi.org/simple/tqdm/) (requires-python:>=3.7), version: 4.68.1
2026-07-30T19:03:42,748   Found link https://files.pythonhosted.org/packages/06/b3/36c8ecf72e8925200671613332db156d84b99b3aee742a41c1938ebb0808/tqdm-4.68.1.tar.gz (from https://pypi.org/simple/tqdm/) (requires-python:>=3.7), version: 4.68.1
2026-07-30T19:03:42,748   Found link https://files.pythonhosted.org/packages/eb/75/1a0392bcc21c44dcdf87b3cf2d137e7829be2c083a1e38d44efca3d57a16/tqdm-4.68.2-py3-none-any.whl (from https://pypi.org/simple/tqdm/) (requires-python:>=3.7), version: 4.68.2
2026-07-30T19:03:42,748   Found link https://files.pythonhosted.org/packages/85/05/0d5260f1f1ca784f4a4a0def9cbe6affe587f5b4025328d446c3d67765f4/tqdm-4.68.2.tar.gz (from https://pypi.org/simple/tqdm/) (requires-python:>=3.7), version: 4.68.2
2026-07-30T19:03:42,748   Found link https://files.pythonhosted.org/packages/d8/8e/bb97bb0c71802080bfc8952937d174e49cfc50de5c951dd47b2496f0dcdb/tqdm-4.68.3-py3-none-any.whl (from https://pypi.org/simple/tqdm/) (requires-python:>=3.8), version: 4.68.3
2026-07-30T19:03:42,749   Found link https://files.pythonhosted.org/packages/87/d7/0535a28b1f5f24f6612fb3ff1e89fb1a8d160fee0f976e0aa6803862134b/tqdm-4.68.3.tar.gz (from https://pypi.org/simple/tqdm/) (requires-python:>=3.8), version: 4.68.3
2026-07-30T19:03:42,749   Found link https://files.pythonhosted.org/packages/22/2a/5e5e750890ada51017d18d0d4c30da696e5b5bd3180947729927628fc3cb/tqdm-4.68.4-py3-none-any.whl (from https://pypi.org/simple/tqdm/) (requires-python:>=3.8), version: 4.68.4
2026-07-30T19:03:42,749   Found link https://files.pythonhosted.org/packages/ae/5f/57ff8b434839e70dab45601284ea413e947a63799891b7553e5960a793a8/tqdm-4.68.4.tar.gz (from https://pypi.org/simple/tqdm/) (requires-python:>=3.8), version: 4.68.4
2026-07-30T19:03:42,749   Found link https://files.pythonhosted.org/packages/fe/21/99a0cdaf54eb35e77623c41b5a2c9472ee4404bba687052791fe2aba6773/tqdm-4.69.0-py3-none-any.whl (from https://pypi.org/simple/tqdm/) (requires-python:>=3.8), version: 4.69.0
2026-07-30T19:03:42,749   Found link https://files.pythonhosted.org/packages/8c/69/40407dfc835517f058b603dbf37a6df094d8582b015a51eddc988febbcb7/tqdm-4.69.0.tar.gz (from https://pypi.org/simple/tqdm/) (requires-python:>=3.8), version: 4.69.0
2026-07-30T19:03:42,749   Found link https://files.pythonhosted.org/packages/01/50/5817619a0fca56aff06383dbfde7ae017b3ca383915b3f1e4713164273cf/tqdm-4.69.1-py3-none-any.whl (from https://pypi.org/simple/tqdm/) (requires-python:>=3.8), version: 4.69.1
2026-07-30T19:03:42,749   Found link https://files.pythonhosted.org/packages/dd/84/da0e5038228fa34dfd77c5026b173ed035d2a3ba31f1077590c013de2bff/tqdm-4.69.1.tar.gz (from https://pypi.org/simple/tqdm/) (requires-python:>=3.8), version: 4.69.1
2026-07-30T19:03:42,749   Found link https://files.pythonhosted.org/packages/f9/1c/01bfd571a64e7f270e6bab5e33777debe0edc56759233ce84f27dec92d14/tqdm-4.70.0-py3-none-any.whl (from https://pypi.org/simple/tqdm/) (requires-python:>=3.8), version: 4.70.0
2026-07-30T19:03:42,749   Found link https://files.pythonhosted.org/packages/21/3b/6c24bec5be5e743ffd99576daa5cc077722fc7d5bbc00bd133fa0c698dc6/tqdm-4.70.0.tar.gz (from https://pypi.org/simple/tqdm/) (requires-python:>=3.8), version: 4.70.0
2026-07-30T19:03:42,749 Skipping link: not a file: https://pypi.org/simple/tqdm/
2026-07-30T19:03:42,750 Given no hashes to check 325 links for project 'tqdm': discarding no candidates
2026-07-30T19:03:42,755 Collecting tqdm (from andes==2.0.0)
2026-07-30T19:03:42,755   Obtaining dependency information for tqdm from https://files.pythonhosted.org/packages/f9/1c/01bfd571a64e7f270e6bab5e33777debe0edc56759233ce84f27dec92d14/tqdm-4.70.0-py3-none-any.whl.metadata
2026-07-30T19:03:42,756   Created temporary directory: C:\Users\Administrator\AppData\Local\Temp\pip-unpack-2q0owv9m
2026-07-30T19:03:42,758   Using cached tqdm-4.70.0-py3-none-any.whl.metadata (57 kB)
2026-07-30T19:03:42,760   Created temporary directory: C:\Users\Administrator\AppData\Local\Temp\pip-metadata-vpjlf8fe
2026-07-30T19:03:42,761 Requirement already satisfied: ipywidgets in D:\Miniconda3\envs\topo_sfr\Lib\site-packages (from andes==2.0.0) (8.1.8)
2026-07-30T19:03:42,761 Requirement already satisfied: pyyaml in D:\Miniconda3\envs\topo_sfr\Lib\site-packages (from andes==2.0.0) (6.0.3)
2026-07-30T19:03:42,766 1 location(s) to search for versions of chardet:
2026-07-30T19:03:42,766 * https://pypi.org/simple/chardet/
2026-07-30T19:03:42,766 Fetching project page and analyzing links: https://pypi.org/simple/chardet/
2026-07-30T19:03:42,766 Getting page https://pypi.org/simple/chardet/
2026-07-30T19:03:42,767 Found index url https://pypi.org/simple/
2026-07-30T19:03:43,030 Fetched page https://pypi.org/simple/chardet/ as application/vnd.pypi.simple.v1+json
2026-07-30T19:03:43,038   Found link https://files.pythonhosted.org/packages/13/29/9336841b1a5d9de9de808e1797ab04057bc17982bbab87dd14fc06aa4160/chardet-1.0.tar.gz (from https://pypi.org/simple/chardet/), version: 1.0
2026-07-30T19:03:43,038   Skipping link: unsupported archive format: .egg: https://files.pythonhosted.org/packages/ec/32/19eab081980cc61aa8d49c44930cf897c1dbce6888579743aed12140810a/chardet-1.0.1-py2.4.egg (from https://pypi.org/simple/chardet/)
2026-07-30T19:03:43,038   Skipping link: unsupported archive format: .egg: https://files.pythonhosted.org/packages/d4/bc/c1b877d19bc02610873a21cc3978260008c2839acac36772dd29c1f78316/chardet-1.0.1-py2.5.egg (from https://pypi.org/simple/chardet/)
2026-07-30T19:03:43,038   Found link https://files.pythonhosted.org/packages/94/f1/f3237e3045c422c83968d3a2dfdefc7d4d687d84957e12810564b16ac5d5/chardet-1.0.1.tar.gz (from https://pypi.org/simple/chardet/), version: 1.0.1
2026-07-30T19:03:43,039   Found link https://files.pythonhosted.org/packages/11/da/101ef38e05881445c1dec36dbd0573f9561e357a2da9e2409656e4677ffa/chardet-1.1.tar.gz (from https://pypi.org/simple/chardet/), version: 1.1
2026-07-30T19:03:43,039   Found link https://files.pythonhosted.org/packages/f2/f1/2b5ab854299fe1ea312a9c10dda58421ea24af98a128ad1bff6b87c0c927/chardet-2.1.1.tar.gz (from https://pypi.org/simple/chardet/), version: 2.1.1
2026-07-30T19:03:43,039   Found link https://files.pythonhosted.org/packages/63/b7/de3834dc5c84dec3b839690bd663a07613b166b0b7217e46687a1f7eced2/chardet-2.2.1-py2.py3-none-any.whl (from https://pypi.org/simple/chardet/), version: 2.2.1
2026-07-30T19:03:43,039   Found link https://files.pythonhosted.org/packages/86/e5/e5f97d77cda0622e875d83edfdbb2f81ba38165e7197f9d185ba2c799f77/chardet-2.2.1.tar.gz (from https://pypi.org/simple/chardet/), version: 2.2.1
2026-07-30T19:03:43,039   Found link https://files.pythonhosted.org/packages/7e/5c/605ca2daa5cf21c87690d8fe6ab05a6f2278c451f4ede6456dd26453f4bd/chardet-2.3.0-py2.py3-none-any.whl (from https://pypi.org/simple/chardet/), version: 2.3.0
2026-07-30T19:03:43,039   Found link https://files.pythonhosted.org/packages/7d/87/4e3a3f38b2f5c578ce44f8dc2aa053217de9f0b6d737739b0ddac38ed237/chardet-2.3.0.tar.gz (from https://pypi.org/simple/chardet/), version: 2.3.0
2026-07-30T19:03:43,039   Found link https://files.pythonhosted.org/packages/63/8b/44ea61e33bd7d38c1416b625c87a98aeb4ee9abdad3bff630c69b6b5ffc8/chardet-3.0.0-py2.py3-none-any.whl (from https://pypi.org/simple/chardet/), version: 3.0.0
2026-07-30T19:03:43,039   Found link https://files.pythonhosted.org/packages/33/d9/43cd46d6b8cf2e393aeb60f338cfe0154cee7dd3de13a1752d3e4814aee2/chardet-3.0.0.tar.gz (from https://pypi.org/simple/chardet/), version: 3.0.0
2026-07-30T19:03:43,039   Found link https://files.pythonhosted.org/packages/de/e5/3226e65c6f4291bc3f7ec0a9329ed9949bf074d8663a037c58c78d275745/chardet-3.0.1-py2.py3-none-any.whl (from https://pypi.org/simple/chardet/), version: 3.0.1
2026-07-30T19:03:43,040   Found link https://files.pythonhosted.org/packages/42/d1/c7e0023643df3c53ff72513f53f28bc1e948cb18a56f8a20aee289537ee9/chardet-3.0.1.tar.gz (from https://pypi.org/simple/chardet/), version: 3.0.1
2026-07-30T19:03:43,040   Found link https://files.pythonhosted.org/packages/b8/74/54fdc2fcfdd46b6c486964b64c5bb7db9a3664033ab25cf11aab06dd2a5d/chardet-3.0.2-py2.py3-none-any.whl (from https://pypi.org/simple/chardet/), version: 3.0.2
2026-07-30T19:03:43,040   Found link https://files.pythonhosted.org/packages/91/05/28f23094cdf1410fb03533f0d71e6b4aad3c504100e83b8cea6fc899552c/chardet-3.0.2.tar.gz (from https://pypi.org/simple/chardet/), version: 3.0.2
2026-07-30T19:03:43,040   Found link https://files.pythonhosted.org/packages/8c/27/99f781a11e4daa5acadf97add6e5883ec5f8f9abbf279e790fd0ff371db7/chardet-3.0.3-py2.py3-none-any.whl (from https://pypi.org/simple/chardet/), version: 3.0.3
2026-07-30T19:03:43,040   Found link https://files.pythonhosted.org/packages/fc/f9/3963ae8e196ceb4a09e0d7906f511fdf62a631f05d9288dc4905a93a1f52/chardet-3.0.3.tar.gz (from https://pypi.org/simple/chardet/), version: 3.0.3
2026-07-30T19:03:43,040   Found link https://files.pythonhosted.org/packages/bc/a9/01ffebfb562e4274b6487b4bb1ddec7ca55ec7510b22e4c51f14098443b8/chardet-3.0.4-py2.py3-none-any.whl (from https://pypi.org/simple/chardet/), version: 3.0.4
2026-07-30T19:03:43,040   Found link https://files.pythonhosted.org/packages/fc/bb/a5768c230f9ddb03acc9ef3f0d4a3cf93462473795d18e9535498c8f929d/chardet-3.0.4.tar.gz (from https://pypi.org/simple/chardet/), version: 3.0.4
2026-07-30T19:03:43,040   Found link https://files.pythonhosted.org/packages/19/c7/fa589626997dd07bd87d9269342ccb74b1720384a4d739a1872bd84fbe68/chardet-4.0.0-py2.py3-none-any.whl (from https://pypi.org/simple/chardet/) (requires-python:>=2.7, !=3.0.*, !=3.1.*, !=3.2.*, !=3.3.*, !=3.4.*), version: 4.0.0
2026-07-30T19:03:43,041   Found link https://files.pythonhosted.org/packages/ee/2d/9cdc2b527e127b4c9db64b86647d567985940ac3698eeabc7ffaccb4ea61/chardet-4.0.0.tar.gz (from https://pypi.org/simple/chardet/) (requires-python:>=2.7, !=3.0.*, !=3.1.*, !=3.2.*, !=3.3.*, !=3.4.*), version: 4.0.0
2026-07-30T19:03:43,041   Found link https://files.pythonhosted.org/packages/4c/d1/1b96dd69fa42f20b70701b5cd42a75dd5f0c7a24dc0abfef35cc146210dc/chardet-5.0.0-py3-none-any.whl (from https://pypi.org/simple/chardet/) (requires-python:>=3.6), version: 5.0.0
2026-07-30T19:03:43,041   Found link https://files.pythonhosted.org/packages/31/a2/12c090713b3d0e141f367236d3a8bdc3e5fca0d83ff3647af4892c16c205/chardet-5.0.0.tar.gz (from https://pypi.org/simple/chardet/) (requires-python:>=3.6), version: 5.0.0
2026-07-30T19:03:43,041   Found link https://files.pythonhosted.org/packages/74/8f/8fc49109009e8d2169d94d72e6b1f4cd45c13d147ba7d6170fb41f22b08f/chardet-5.1.0-py3-none-any.whl (from https://pypi.org/simple/chardet/) (requires-python:>=3.7), version: 5.1.0
2026-07-30T19:03:43,041   Found link https://files.pythonhosted.org/packages/41/32/cdc91dcf83849c7385bf8e2a5693d87376536ed000807fa07f5eab33430d/chardet-5.1.0.tar.gz (from https://pypi.org/simple/chardet/) (requires-python:>=3.7), version: 5.1.0
2026-07-30T19:03:43,041   Found link https://files.pythonhosted.org/packages/38/6f/f5fbc992a329ee4e0f288c1fe0e2ad9485ed064cac731ed2fe47dcc38cbf/chardet-5.2.0-py3-none-any.whl (from https://pypi.org/simple/chardet/) (requires-python:>=3.7), version: 5.2.0
2026-07-30T19:03:43,041   Found link https://files.pythonhosted.org/packages/f3/0d/f7b6ab21ec75897ed80c17d79b15951a719226b9fababf1e40ea74d69079/chardet-5.2.0.tar.gz (from https://pypi.org/simple/chardet/) (requires-python:>=3.7), version: 5.2.0
2026-07-30T19:03:43,041   Found link https://files.pythonhosted.org/packages/db/4d/e80f926abb83cff88710b275667173fe8407a093bc42369739c37535cb90/chardet-6.0.0-py3-none-any.whl (from https://pypi.org/simple/chardet/) (requires-python:>=3.10), version: 6.0.0
2026-07-30T19:03:43,041   Found link https://files.pythonhosted.org/packages/b8/f3/3005cbe63db313a572c6094611da51be38e1354a4b039d089ad22820e5ee/chardet-6.0.0.tar.gz (from https://pypi.org/simple/chardet/) (requires-python:>=3.10), version: 6.0.0
2026-07-30T19:03:43,041   Found link https://files.pythonhosted.org/packages/66/42/5de54f632c2de53cd3415b3703383d5fff43a94cbc0567ef362515261a21/chardet-6.0.0.post1-py3-none-any.whl (from https://pypi.org/simple/chardet/) (requires-python:>=3.10), version: 6.0.0.post1
2026-07-30T19:03:43,042   Found link https://files.pythonhosted.org/packages/7f/42/fb9436c103a881a377e34b9f58d77b5f503461c702ff654ebe86151bcfe9/chardet-6.0.0.post1.tar.gz (from https://pypi.org/simple/chardet/) (requires-python:>=3.10), version: 6.0.0.post1
2026-07-30T19:03:43,042   Skipping link: none of the wheel's tags (cp310-cp310-macosx_10_9_x86_64) are compatible (run pip debug --verbose to show compatible tags): https://files.pythonhosted.org/packages/ab/00/2cc56d44c42a0520d5b6920aab4cc6921dc49f5272b6b49f11c3db610c85/chardet-7.0.0rc4-cp310-cp310-macosx_10_9_x86_64.whl (from https://pypi.org/simple/chardet/) (requires-python:>=3.10)
2026-07-30T19:03:43,042   Skipping link: none of the wheel's tags (cp310-cp310-macosx_11_0_arm64) are compatible (run pip debug --verbose to show compatible tags): https://files.pythonhosted.org/packages/a4/87/74b832978c05d0c598ce52ea2230419d35f8583c69972ce22b8f0892a838/chardet-7.0.0rc4-cp310-cp310-macosx_11_0_arm64.whl (from https://pypi.org/simple/chardet/) (requires-python:>=3.10)
2026-07-30T19:03:43,042   Skipping link: none of the wheel's tags (cp310-cp310-manylinux2014_aarch64, cp310-cp310-manylinux_2_17_aarch64, cp310-cp310-manylinux_2_28_aarch64) are compatible (run pip debug --verbose to show compatible tags): https://files.pythonhosted.org/packages/8b/b4/81abccf427eb9d171b7e0290d24d406abf627806ef3686ed8d73afb7eb6d/chardet-7.0.0rc4-cp310-cp310-manylinux2014_aarch64.manylinux_2_17_aarch64.manylinux_2_28_aarch64.whl (from https://pypi.org/simple/chardet/) (requires-python:>=3.10)
2026-07-30T19:03:43,042   Skipping link: none of the wheel's tags (cp310-cp310-manylinux2014_x86_64, cp310-cp310-manylinux_2_17_x86_64, cp310-cp310-manylinux_2_28_x86_64) are compatible (run pip debug --verbose to show compatible tags): https://files.pythonhosted.org/packages/8e/a8/c31f79cc34272cc2731c1a30a217429268df5d65be36aba417e86883cad8/chardet-7.0.0rc4-cp310-cp310-manylinux2014_x86_64.manylinux_2_17_x86_64.manylinux_2_28_x86_64.whl (from https://pypi.org/simple/chardet/) (requires-python:>=3.10)
2026-07-30T19:03:43,042   Skipping link: none of the wheel's tags (cp310-cp310-win_amd64) are compatible (run pip debug --verbose to show compatible tags): https://files.pythonhosted.org/packages/6c/34/9d0db37d97796e2ef46f01fc5711a9bbc4de5e1de37dbd7d3402a3ede5e9/chardet-7.0.0rc4-cp310-cp310-win_amd64.whl (from https://pypi.org/simple/chardet/) (requires-python:>=3.10)
2026-07-30T19:03:43,042   Skipping link: none of the wheel's tags (cp311-cp311-macosx_10_9_x86_64) are compatible (run pip debug --verbose to show compatible tags): https://files.pythonhosted.org/packages/1b/11/ebcff5e2a5400369aba7131d0314cf9db03ac48f3c4760cae7112bd03069/chardet-7.0.0rc4-cp311-cp311-macosx_10_9_x86_64.whl (from https://pypi.org/simple/chardet/) (requires-python:>=3.10)
2026-07-30T19:03:43,042   Skipping link: none of the wheel's tags (cp311-cp311-macosx_11_0_arm64) are compatible (run pip debug --verbose to show compatible tags): https://files.pythonhosted.org/packages/4c/6e/e497176f7b78632a0771576d9c443769ddf16a3b4da6a2a5298a1440070f/chardet-7.0.0rc4-cp311-cp311-macosx_11_0_arm64.whl (from https://pypi.org/simple/chardet/) (requires-python:>=3.10)
2026-07-30T19:03:43,042   Skipping link: none of the wheel's tags (cp311-cp311-manylinux2014_aarch64, cp311-cp311-manylinux_2_17_aarch64, cp311-cp311-manylinux_2_28_aarch64) are compatible (run pip debug --verbose to show compatible tags): https://files.pythonhosted.org/packages/15/15/9b610a702705ee48827bdab24ea840eb32bedb6782108681c437f711a778/chardet-7.0.0rc4-cp311-cp311-manylinux2014_aarch64.manylinux_2_17_aarch64.manylinux_2_28_aarch64.whl (from https://pypi.org/simple/chardet/) (requires-python:>=3.10)
2026-07-30T19:03:43,042   Skipping link: none of the wheel's tags (cp311-cp311-manylinux2014_x86_64, cp311-cp311-manylinux_2_17_x86_64, cp311-cp311-manylinux_2_28_x86_64) are compatible (run pip debug --verbose to show compatible tags): https://files.pythonhosted.org/packages/5c/a1/9d8a6f594b73a86f6a12b09588e9d75dbcaa2ea618aee9b7947597b15be4/chardet-7.0.0rc4-cp311-cp311-manylinux2014_x86_64.manylinux_2_17_x86_64.manylinux_2_28_x86_64.whl (from https://pypi.org/simple/chardet/) (requires-python:>=3.10)
2026-07-30T19:03:43,043   Found link https://files.pythonhosted.org/packages/68/31/335feb5131dc368bdfbc961998658085bdc0e6b5ace7d2c4b07b2aae23a3/chardet-7.0.0rc4-cp311-cp311-win_amd64.whl (from https://pypi.org/simple/chardet/) (requires-python:>=3.10), version: 7.0.0rc4
2026-07-30T19:03:43,043   Skipping link: none of the wheel's tags (cp312-cp312-macosx_10_13_x86_64) are compatible (run pip debug --verbose to show compatible tags): https://files.pythonhosted.org/packages/ee/c2/fb1f5ad655cf672804dae80c9d9f35556d35e0589311a358f4e96034c9b3/chardet-7.0.0rc4-cp312-cp312-macosx_10_13_x86_64.whl (from https://pypi.org/simple/chardet/) (requires-python:>=3.10)
2026-07-30T19:03:43,043   Skipping link: none of the wheel's tags (cp312-cp312-macosx_11_0_arm64) are compatible (run pip debug --verbose to show compatible tags): https://files.pythonhosted.org/packages/52/c7/eece48df2d26b4b77034a11e1fd2074f631eee4f25f3bb943f3de7aa55fc/chardet-7.0.0rc4-cp312-cp312-macosx_11_0_arm64.whl (from https://pypi.org/simple/chardet/) (requires-python:>=3.10)
2026-07-30T19:03:43,043   Skipping link: none of the wheel's tags (cp312-cp312-manylinux2014_aarch64, cp312-cp312-manylinux_2_17_aarch64, cp312-cp312-manylinux_2_28_aarch64) are compatible (run pip debug --verbose to show compatible tags): https://files.pythonhosted.org/packages/b0/c5/8eacc43be31d29f41562eb62ec9875769b0b99e3683762b0e57f6ee0f673/chardet-7.0.0rc4-cp312-cp312-manylinux2014_aarch64.manylinux_2_17_aarch64.manylinux_2_28_aarch64.whl (from https://pypi.org/simple/chardet/) (requires-python:>=3.10)
2026-07-30T19:03:43,043   Skipping link: none of the wheel's tags (cp312-cp312-manylinux2014_x86_64, cp312-cp312-manylinux_2_17_x86_64, cp312-cp312-manylinux_2_28_x86_64) are compatible (run pip debug --verbose to show compatible tags): https://files.pythonhosted.org/packages/66/8e/feb55e48024a4c8dc5f69265f6c666503bbc488775476fc8c582cfe6f9c8/chardet-7.0.0rc4-cp312-cp312-manylinux2014_x86_64.manylinux_2_17_x86_64.manylinux_2_28_x86_64.whl (from https://pypi.org/simple/chardet/) (requires-python:>=3.10)
2026-07-30T19:03:43,043   Skipping link: none of the wheel's tags (cp312-cp312-win_amd64) are compatible (run pip debug --verbose to show compatible tags): https://files.pythonhosted.org/packages/ed/49/a98a1980c5e7496b165eab69e67bdaafaeedacd91e44457b9a1cc16f4294/chardet-7.0.0rc4-cp312-cp312-win_amd64.whl (from https://pypi.org/simple/chardet/) (requires-python:>=3.10)
2026-07-30T19:03:43,043   Skipping link: none of the wheel's tags (cp313-cp313-macosx_10_13_x86_64) are compatible (run pip debug --verbose to show compatible tags): https://files.pythonhosted.org/packages/85/df/d6c5687babfe073d7f8e60f69a474b350a18768671cafdc287a8043638fc/chardet-7.0.0rc4-cp313-cp313-macosx_10_13_x86_64.whl (from https://pypi.org/simple/chardet/) (requires-python:>=3.10)
2026-07-30T19:03:43,043   Skipping link: none of the wheel's tags (cp313-cp313-macosx_11_0_arm64) are compatible (run pip debug --verbose to show compatible tags): https://files.pythonhosted.org/packages/65/6b/02b2166966a21296d530d9f36e59e0b885cfd98f9eebb1f912e4d5455aa6/chardet-7.0.0rc4-cp313-cp313-macosx_11_0_arm64.whl (from https://pypi.org/simple/chardet/) (requires-python:>=3.10)
2026-07-30T19:03:43,043   Skipping link: none of the wheel's tags (cp313-cp313-manylinux2014_aarch64, cp313-cp313-manylinux_2_17_aarch64, cp313-cp313-manylinux_2_28_aarch64) are compatible (run pip debug --verbose to show compatible tags): https://files.pythonhosted.org/packages/9e/f5/703b8582f76b1d1039f3cf5f34e5ac4d7ac40a8589f21c63276714d45b6d/chardet-7.0.0rc4-cp313-cp313-manylinux2014_aarch64.manylinux_2_17_aarch64.manylinux_2_28_aarch64.whl (from https://pypi.org/simple/chardet/) (requires-python:>=3.10)
2026-07-30T19:03:43,043   Skipping link: none of the wheel's tags (cp313-cp313-manylinux2014_x86_64, cp313-cp313-manylinux_2_17_x86_64, cp313-cp313-manylinux_2_28_x86_64) are compatible (run pip debug --verbose to show compatible tags): https://files.pythonhosted.org/packages/56/b4/0d88de7218ada06fcdcda773b06910722de7d55a46fe57ac35d2c6a0ceb6/chardet-7.0.0rc4-cp313-cp313-manylinux2014_x86_64.manylinux_2_17_x86_64.manylinux_2_28_x86_64.whl (from https://pypi.org/simple/chardet/) (requires-python:>=3.10)
2026-07-30T19:03:43,044   Skipping link: none of the wheel's tags (cp313-cp313-win_amd64) are compatible (run pip debug --verbose to show compatible tags): https://files.pythonhosted.org/packages/8e/9a/2514f7a50c45d35b06e0a85cc6d95477b7431dfd755546996c6177bca723/chardet-7.0.0rc4-cp313-cp313-win_amd64.whl (from https://pypi.org/simple/chardet/) (requires-python:>=3.10)
2026-07-30T19:03:43,044   Skipping link: none of the wheel's tags (cp314-cp314-macosx_10_15_x86_64) are compatible (run pip debug --verbose to show compatible tags): https://files.pythonhosted.org/packages/2b/33/a21c9dc42ae716049edcda577cc33a8168d0b76f1e3a8590a8f8e86296b0/chardet-7.0.0rc4-cp314-cp314-macosx_10_15_x86_64.whl (from https://pypi.org/simple/chardet/) (requires-python:>=3.10)
2026-07-30T19:03:43,044   Skipping link: none of the wheel's tags (cp314-cp314-macosx_11_0_arm64) are compatible (run pip debug --verbose to show compatible tags): https://files.pythonhosted.org/packages/fd/dd/894c2b7a48517f4064fd33be6625050efb074ab57ce58b747b9aa0fd35de/chardet-7.0.0rc4-cp314-cp314-macosx_11_0_arm64.whl (from https://pypi.org/simple/chardet/) (requires-python:>=3.10)
2026-07-30T19:03:43,044   Skipping link: none of the wheel's tags (cp314-cp314-manylinux2014_aarch64, cp314-cp314-manylinux_2_17_aarch64, cp314-cp314-manylinux_2_28_aarch64) are compatible (run pip debug --verbose to show compatible tags): https://files.pythonhosted.org/packages/4d/94/414d82c4389b953de01d7f211f7b63dc4fc217f0a43882df977e5e69cc84/chardet-7.0.0rc4-cp314-cp314-manylinux2014_aarch64.manylinux_2_17_aarch64.manylinux_2_28_aarch64.whl (from https://pypi.org/simple/chardet/) (requires-python:>=3.10)
2026-07-30T19:03:43,044   Skipping link: none of the wheel's tags (cp314-cp314-manylinux2014_x86_64, cp314-cp314-manylinux_2_17_x86_64, cp314-cp314-manylinux_2_28_x86_64) are compatible (run pip debug --verbose to show compatible tags): https://files.pythonhosted.org/packages/3e/b1/f97f4b8e78ddaa7b661173bdb2c2e018bb4ffcb24e0ccc4e484387bd37ea/chardet-7.0.0rc4-cp314-cp314-manylinux2014_x86_64.manylinux_2_17_x86_64.manylinux_2_28_x86_64.whl (from https://pypi.org/simple/chardet/) (requires-python:>=3.10)
2026-07-30T19:03:43,044   Skipping link: none of the wheel's tags (cp314-cp314-win_amd64) are compatible (run pip debug --verbose to show compatible tags): https://files.pythonhosted.org/packages/7c/6f/a4ea3a19b9e8fdd8e03d3543d9a40c2011bc2bf6c305d059058e6aea59ac/chardet-7.0.0rc4-cp314-cp314-win_amd64.whl (from https://pypi.org/simple/chardet/) (requires-python:>=3.10)
2026-07-30T19:03:43,044   Found link https://files.pythonhosted.org/packages/a7/47/db731497d1f98f21c77cfe5164d123def48a7182ce8bc7570b18e497608f/chardet-7.0.0rc4-py3-none-any.whl (from https://pypi.org/simple/chardet/) (requires-python:>=3.10), version: 7.0.0rc4
2026-07-30T19:03:43,044   Found link https://files.pythonhosted.org/packages/c0/9b/95e995541065ce61aa4b77ccb0d252ad35db064eddbedcc6974ceb56fd07/chardet-7.0.0rc4.tar.gz (from https://pypi.org/simple/chardet/) (requires-python:>=3.10), version: 7.0.0rc4
2026-07-30T19:03:43,045   Skipping link: none of the wheel's tags (cp310-cp310-macosx_10_9_x86_64) are compatible (run pip debug --verbose to show compatible tags): https://files.pythonhosted.org/packages/36/67/d40a3217a0bbd5fcda7bcd099205946165c321b02ad46cf6cdad88dcb42d/chardet-7.0.0-cp310-cp310-macosx_10_9_x86_64.whl (from https://pypi.org/simple/chardet/) (requires-python:>=3.10)
2026-07-30T19:03:43,045   Skipping link: none of the wheel's tags (cp310-cp310-macosx_11_0_arm64) are compatible (run pip debug --verbose to show compatible tags): https://files.pythonhosted.org/packages/a0/d8/34ec4737783379e3dade793b4ca5fce620c61144ea5ad907d42df6b2d40d/chardet-7.0.0-cp310-cp310-macosx_11_0_arm64.whl (from https://pypi.org/simple/chardet/) (requires-python:>=3.10)
2026-07-30T19:03:43,045   Skipping link: none of the wheel's tags (cp310-cp310-manylinux2014_aarch64, cp310-cp310-manylinux_2_17_aarch64, cp310-cp310-manylinux_2_28_aarch64) are compatible (run pip debug --verbose to show compatible tags): https://files.pythonhosted.org/packages/7e/46/92117450bd18eb7b779f13e433d20cf3c0c19c266f1970cd3ccbe96ca76e/chardet-7.0.0-cp310-cp310-manylinux2014_aarch64.manylinux_2_17_aarch64.manylinux_2_28_aarch64.whl (from https://pypi.org/simple/chardet/) (requires-python:>=3.10)
2026-07-30T19:03:43,045   Skipping link: none of the wheel's tags (cp310-cp310-manylinux2014_x86_64, cp310-cp310-manylinux_2_17_x86_64, cp310-cp310-manylinux_2_28_x86_64) are compatible (run pip debug --verbose to show compatible tags): https://files.pythonhosted.org/packages/de/79/fb8555228fcd012abeb98810ae57056a90c1dd061a8000d85035fee7e02b/chardet-7.0.0-cp310-cp310-manylinux2014_x86_64.manylinux_2_17_x86_64.manylinux_2_28_x86_64.whl (from https://pypi.org/simple/chardet/) (requires-python:>=3.10)
2026-07-30T19:03:43,045   Skipping link: none of the wheel's tags (cp310-cp310-win_amd64) are compatible (run pip debug --verbose to show compatible tags): https://files.pythonhosted.org/packages/6f/d6/7cebb2188d6577f5392c9d843cfcbeb270d81dbd82ad77bf801615ec3957/chardet-7.0.0-cp310-cp310-win_amd64.whl (from https://pypi.org/simple/chardet/) (requires-python:>=3.10)
2026-07-30T19:03:43,045   Skipping link: none of the wheel's tags (cp311-cp311-macosx_10_9_x86_64) are compatible (run pip debug --verbose to show compatible tags): https://files.pythonhosted.org/packages/2e/26/78bceb5b6811ef6b8f0cdf343a7e27a4a7efaceea71aebcc1366b660d032/chardet-7.0.0-cp311-cp311-macosx_10_9_x86_64.whl (from https://pypi.org/simple/chardet/) (requires-python:>=3.10)
2026-07-30T19:03:43,046   Skipping link: none of the wheel's tags (cp311-cp311-macosx_11_0_arm64) are compatible (run pip debug --verbose to show compatible tags): https://files.pythonhosted.org/packages/03/e5/d986cb5d7de4cf4906d8799d594991db971b4ac8933eb8d48dc3ff89ef90/chardet-7.0.0-cp311-cp311-macosx_11_0_arm64.whl (from https://pypi.org/simple/chardet/) (requires-python:>=3.10)
2026-07-30T19:03:43,046   Skipping link: none of the wheel's tags (cp311-cp311-manylinux2014_aarch64, cp311-cp311-manylinux_2_17_aarch64, cp311-cp311-manylinux_2_28_aarch64) are compatible (run pip debug --verbose to show compatible tags): https://files.pythonhosted.org/packages/d5/29/b4a803b5ad8200b05251d09bfad7163d193387b03457d7e157b6ff993635/chardet-7.0.0-cp311-cp311-manylinux2014_aarch64.manylinux_2_17_aarch64.manylinux_2_28_aarch64.whl (from https://pypi.org/simple/chardet/) (requires-python:>=3.10)
2026-07-30T19:03:43,046   Skipping link: none of the wheel's tags (cp311-cp311-manylinux2014_x86_64, cp311-cp311-manylinux_2_17_x86_64, cp311-cp311-manylinux_2_28_x86_64) are compatible (run pip debug --verbose to show compatible tags): https://files.pythonhosted.org/packages/98/61/10cb2332999fb676c4c043538af798b40dea36e931f2f1f06d757569396f/chardet-7.0.0-cp311-cp311-manylinux2014_x86_64.manylinux_2_17_x86_64.manylinux_2_28_x86_64.whl (from https://pypi.org/simple/chardet/) (requires-python:>=3.10)
2026-07-30T19:03:43,046   Found link https://files.pythonhosted.org/packages/47/d7/04bab6410675d58411e65b163a772398b726788c6eae770e7f21d3d1fd01/chardet-7.0.0-cp311-cp311-win_amd64.whl (from https://pypi.org/simple/chardet/) (requires-python:>=3.10), version: 7.0.0
2026-07-30T19:03:43,046   Skipping link: none of the wheel's tags (cp312-cp312-macosx_10_13_x86_64) are compatible (run pip debug --verbose to show compatible tags): https://files.pythonhosted.org/packages/73/97/ad1980a7ff8ba92ef29111f993a71ad7fdff70533f679748d155e4f07994/chardet-7.0.0-cp312-cp312-macosx_10_13_x86_64.whl (from https://pypi.org/simple/chardet/) (requires-python:>=3.10)
2026-07-30T19:03:43,046   Skipping link: none of the wheel's tags (cp312-cp312-macosx_11_0_arm64) are compatible (run pip debug --verbose to show compatible tags): https://files.pythonhosted.org/packages/6e/c4/926abd191032b7e8585ee4db6daa9ff7810b71e607c750295330a5e67b6b/chardet-7.0.0-cp312-cp312-macosx_11_0_arm64.whl (from https://pypi.org/simple/chardet/) (requires-python:>=3.10)
2026-07-30T19:03:43,046   Skipping link: none of the wheel's tags (cp312-cp312-manylinux2014_aarch64, cp312-cp312-manylinux_2_17_aarch64, cp312-cp312-manylinux_2_28_aarch64) are compatible (run pip debug --verbose to show compatible tags): https://files.pythonhosted.org/packages/b1/2e/de4b6e8a4f257442e473e60e5e18a21c9f83bf545189d481a1046dc7fec7/chardet-7.0.0-cp312-cp312-manylinux2014_aarch64.manylinux_2_17_aarch64.manylinux_2_28_aarch64.whl (from https://pypi.org/simple/chardet/) (requires-python:>=3.10)
2026-07-30T19:03:43,046   Skipping link: none of the wheel's tags (cp312-cp312-manylinux2014_x86_64, cp312-cp312-manylinux_2_17_x86_64, cp312-cp312-manylinux_2_28_x86_64) are compatible (run pip debug --verbose to show compatible tags): https://files.pythonhosted.org/packages/62/d0/7ffba4cf8f9a1b43ece1c48081b8de07995b75ec71fcff35cf380093d050/chardet-7.0.0-cp312-cp312-manylinux2014_x86_64.manylinux_2_17_x86_64.manylinux_2_28_x86_64.whl (from https://pypi.org/simple/chardet/) (requires-python:>=3.10)
2026-07-30T19:03:43,046   Skipping link: none of the wheel's tags (cp312-cp312-win_amd64) are compatible (run pip debug --verbose to show compatible tags): https://files.pythonhosted.org/packages/4c/51/0b2d396782306bc8c1d18edce1492ea97b37c3e8eae601a5f544d1a9b67e/chardet-7.0.0-cp312-cp312-win_amd64.whl (from https://pypi.org/simple/chardet/) (requires-python:>=3.10)
2026-07-30T19:03:43,046   Skipping link: none of the wheel's tags (cp313-cp313-macosx_10_13_x86_64) are compatible (run pip debug --verbose to show compatible tags): https://files.pythonhosted.org/packages/8b/43/3ba3731d7c35ff5f1586ce7879e317fde94a48a8d75bf7a8e0ac5e42ddf4/chardet-7.0.0-cp313-cp313-macosx_10_13_x86_64.whl (from https://pypi.org/simple/chardet/) (requires-python:>=3.10)
2026-07-30T19:03:43,047   Skipping link: none of the wheel's tags (cp313-cp313-macosx_11_0_arm64) are compatible (run pip debug --verbose to show compatible tags): https://files.pythonhosted.org/packages/78/21/61558595f048445f8231541e28f907491cd0f267774dc9ee8a34bbc1185d/chardet-7.0.0-cp313-cp313-macosx_11_0_arm64.whl (from https://pypi.org/simple/chardet/) (requires-python:>=3.10)
2026-07-30T19:03:43,047   Skipping link: none of the wheel's tags (cp313-cp313-manylinux2014_aarch64, cp313-cp313-manylinux_2_17_aarch64, cp313-cp313-manylinux_2_28_aarch64) are compatible (run pip debug --verbose to show compatible tags): https://files.pythonhosted.org/packages/14/72/498a2d3922fc1ccff3bda47c4589fa3ca4c52fd4a85e527dbd5a4164dd2a/chardet-7.0.0-cp313-cp313-manylinux2014_aarch64.manylinux_2_17_aarch64.manylinux_2_28_aarch64.whl (from https://pypi.org/simple/chardet/) (requires-python:>=3.10)
2026-07-30T19:03:43,047   Skipping link: none of the wheel's tags (cp313-cp313-manylinux2014_x86_64, cp313-cp313-manylinux_2_17_x86_64, cp313-cp313-manylinux_2_28_x86_64) are compatible (run pip debug --verbose to show compatible tags): https://files.pythonhosted.org/packages/46/d8/8ba7e01ea462fd20f969cf059cddc45765d8f3020b006b408c9603c1c5d0/chardet-7.0.0-cp313-cp313-manylinux2014_x86_64.manylinux_2_17_x86_64.manylinux_2_28_x86_64.whl (from https://pypi.org/simple/chardet/) (requires-python:>=3.10)
2026-07-30T19:03:43,047   Skipping link: none of the wheel's tags (cp313-cp313-win_amd64) are compatible (run pip debug --verbose to show compatible tags): https://files.pythonhosted.org/packages/fb/5e/d65da9bac1eb1648125fd1e68a3faab5c41931659820c2f690f35d49cad6/chardet-7.0.0-cp313-cp313-win_amd64.whl (from https://pypi.org/simple/chardet/) (requires-python:>=3.10)
2026-07-30T19:03:43,047   Skipping link: none of the wheel's tags (cp314-cp314-macosx_10_15_x86_64) are compatible (run pip debug --verbose to show compatible tags): https://files.pythonhosted.org/packages/54/74/8311899ecad99e0e07b1f76b1afb1ce8c464bd6955070b6ff37c6fdab51e/chardet-7.0.0-cp314-cp314-macosx_10_15_x86_64.whl (from https://pypi.org/simple/chardet/) (requires-python:>=3.10)
2026-07-30T19:03:43,047   Skipping link: none of the wheel's tags (cp314-cp314-macosx_11_0_arm64) are compatible (run pip debug --verbose to show compatible tags): https://files.pythonhosted.org/packages/7c/a3/75a91d7b3de6dc3df4426a0f6817595d6c9dab679b5727a55f8f0ea5ad1b/chardet-7.0.0-cp314-cp314-macosx_11_0_arm64.whl (from https://pypi.org/simple/chardet/) (requires-python:>=3.10)
2026-07-30T19:03:43,047   Skipping link: none of the wheel's tags (cp314-cp314-manylinux2014_aarch64, cp314-cp314-manylinux_2_17_aarch64, cp314-cp314-manylinux_2_28_aarch64) are compatible (run pip debug --verbose to show compatible tags): https://files.pythonhosted.org/packages/ef/13/a5fd9e60ced4f4bd16f372f2b7dde02696858009a006b032f1b960053d3c/chardet-7.0.0-cp314-cp314-manylinux2014_aarch64.manylinux_2_17_aarch64.manylinux_2_28_aarch64.whl (from https://pypi.org/simple/chardet/) (requires-python:>=3.10)
2026-07-30T19:03:43,047   Skipping link: none of the wheel's tags (cp314-cp314-manylinux2014_x86_64, cp314-cp314-manylinux_2_17_x86_64, cp314-cp314-manylinux_2_28_x86_64) are compatible (run pip debug --verbose to show compatible tags): https://files.pythonhosted.org/packages/ae/bc/abd5539ae99b2e10c50ede3f398e0cd657ca52744aa1cb6cadd5bea17df4/chardet-7.0.0-cp314-cp314-manylinux2014_x86_64.manylinux_2_17_x86_64.manylinux_2_28_x86_64.whl (from https://pypi.org/simple/chardet/) (requires-python:>=3.10)
2026-07-30T19:03:43,047   Skipping link: none of the wheel's tags (cp314-cp314-win_amd64) are compatible (run pip debug --verbose to show compatible tags): https://files.pythonhosted.org/packages/6c/ee/87f528b78bbda1f7e360ae19c2050c05ac89acdebe9f5def496bd73359ea/chardet-7.0.0-cp314-cp314-win_amd64.whl (from https://pypi.org/simple/chardet/) (requires-python:>=3.10)
2026-07-30T19:03:43,047   Found link https://files.pythonhosted.org/packages/4b/89/8607111108b362ba444db6f054d1c1f2f28791428e7f177804c998efee2c/chardet-7.0.0-py3-none-any.whl (from https://pypi.org/simple/chardet/) (requires-python:>=3.10), version: 7.0.0
2026-07-30T19:03:43,048   Found link https://files.pythonhosted.org/packages/a3/20/e1e92c8f05666debb7c0c18285646195ef9915e72127771962408609815e/chardet-7.0.0.tar.gz (from https://pypi.org/simple/chardet/) (requires-python:>=3.10), version: 7.0.0
2026-07-30T19:03:43,048   Skipping link: none of the wheel's tags (cp310-cp310-macosx_10_9_x86_64) are compatible (run pip debug --verbose to show compatible tags): https://files.pythonhosted.org/packages/25/97/07c01ad079ede646f241fe34de7686f2385e0deae4feb36ca2041a9ed059/chardet-7.0.1-cp310-cp310-macosx_10_9_x86_64.whl (from https://pypi.org/simple/chardet/) (requires-python:>=3.10)
2026-07-30T19:03:43,048   Skipping link: none of the wheel's tags (cp310-cp310-macosx_11_0_arm64) are compatible (run pip debug --verbose to show compatible tags): https://files.pythonhosted.org/packages/a7/a2/5f9afb10c47852de7bd2399e25dd72fe3884b16b79a195c230e9e4affd4f/chardet-7.0.1-cp310-cp310-macosx_11_0_arm64.whl (from https://pypi.org/simple/chardet/) (requires-python:>=3.10)
2026-07-30T19:03:43,048   Skipping link: none of the wheel's tags (cp310-cp310-manylinux2014_aarch64, cp310-cp310-manylinux_2_17_aarch64, cp310-cp310-manylinux_2_28_aarch64) are compatible (run pip debug --verbose to show compatible tags): https://files.pythonhosted.org/packages/c0/e4/47a9306a1c5757e86309f558d0e206d71842efb7b5109ab8e5991a63e926/chardet-7.0.1-cp310-cp310-manylinux2014_aarch64.manylinux_2_17_aarch64.manylinux_2_28_aarch64.whl (from https://pypi.org/simple/chardet/) (requires-python:>=3.10)
2026-07-30T19:03:43,048   Skipping link: none of the wheel's tags (cp310-cp310-manylinux2014_x86_64, cp310-cp310-manylinux_2_17_x86_64, cp310-cp310-manylinux_2_28_x86_64) are compatible (run pip debug --verbose to show compatible tags): https://files.pythonhosted.org/packages/23/b3/7494df94d362bc5602fdb7bd3df20afc9d6005c6e781030c1415c40e812f/chardet-7.0.1-cp310-cp310-manylinux2014_x86_64.manylinux_2_17_x86_64.manylinux_2_28_x86_64.whl (from https://pypi.org/simple/chardet/) (requires-python:>=3.10)
2026-07-30T19:03:43,048   Skipping link: none of the wheel's tags (cp310-cp310-win_amd64) are compatible (run pip debug --verbose to show compatible tags): https://files.pythonhosted.org/packages/5e/bb/388f15997240ea245087e66a258ed301247f84cd34328dd8f73a6bba9184/chardet-7.0.1-cp310-cp310-win_amd64.whl (from https://pypi.org/simple/chardet/) (requires-python:>=3.10)
2026-07-30T19:03:43,048   Skipping link: none of the wheel's tags (cp311-cp311-macosx_10_9_x86_64) are compatible (run pip debug --verbose to show compatible tags): https://files.pythonhosted.org/packages/00/fb/a90b4510aa9080966c65321db2084bcfa184518ee1ed15570d351649ecb2/chardet-7.0.1-cp311-cp311-macosx_10_9_x86_64.whl (from https://pypi.org/simple/chardet/) (requires-python:>=3.10)
2026-07-30T19:03:43,048   Skipping link: none of the wheel's tags (cp311-cp311-macosx_11_0_arm64) are compatible (run pip debug --verbose to show compatible tags): https://files.pythonhosted.org/packages/24/fa/3ad0b454a55376b7971fe64c2f225dfe56a491d8d8728fbfba63f8ff416d/chardet-7.0.1-cp311-cp311-macosx_11_0_arm64.whl (from https://pypi.org/simple/chardet/) (requires-python:>=3.10)
2026-07-30T19:03:43,048   Skipping link: none of the wheel's tags (cp311-cp311-manylinux2014_aarch64, cp311-cp311-manylinux_2_17_aarch64, cp311-cp311-manylinux_2_28_aarch64) are compatible (run pip debug --verbose to show compatible tags): https://files.pythonhosted.org/packages/ad/53/a57a8a6be34379e55c8bdbf2b988c145d3b7675577bd152e73bff7c4ba3c/chardet-7.0.1-cp311-cp311-manylinux2014_aarch64.manylinux_2_17_aarch64.manylinux_2_28_aarch64.whl (from https://pypi.org/simple/chardet/) (requires-python:>=3.10)
2026-07-30T19:03:43,048   Skipping link: none of the wheel's tags (cp311-cp311-manylinux2014_x86_64, cp311-cp311-manylinux_2_17_x86_64, cp311-cp311-manylinux_2_28_x86_64) are compatible (run pip debug --verbose to show compatible tags): https://files.pythonhosted.org/packages/e4/9f/3d4ba1650e3eb3e7431a054e3bf1b5eaea25b84c72afabf5ef6fc33305d1/chardet-7.0.1-cp311-cp311-manylinux2014_x86_64.manylinux_2_17_x86_64.manylinux_2_28_x86_64.whl (from https://pypi.org/simple/chardet/) (requires-python:>=3.10)
2026-07-30T19:03:43,049   Found link https://files.pythonhosted.org/packages/73/64/9c5c450ba18359a8e8ab2943e6c3a0b100bd394799bc73a844e3c5cd9c7c/chardet-7.0.1-cp311-cp311-win_amd64.whl (from https://pypi.org/simple/chardet/) (requires-python:>=3.10), version: 7.0.1
2026-07-30T19:03:43,049   Skipping link: none of the wheel's tags (cp312-cp312-macosx_10_13_x86_64) are compatible (run pip debug --verbose to show compatible tags): https://files.pythonhosted.org/packages/f6/88/4c6fe7dcd5d36a2cfd7030084fbd79264083f329faaf96038c23888a8e05/chardet-7.0.1-cp312-cp312-macosx_10_13_x86_64.whl (from https://pypi.org/simple/chardet/) (requires-python:>=3.10)
2026-07-30T19:03:43,049   Skipping link: none of the wheel's tags (cp312-cp312-macosx_11_0_arm64) are compatible (run pip debug --verbose to show compatible tags): https://files.pythonhosted.org/packages/f9/fb/3b92a2433eadef83ae131fa720a17857cfbf7687c5f188bfb2f9eee2d3dd/chardet-7.0.1-cp312-cp312-macosx_11_0_arm64.whl (from https://pypi.org/simple/chardet/) (requires-python:>=3.10)
2026-07-30T19:03:43,049   Skipping link: none of the wheel's tags (cp312-cp312-manylinux2014_aarch64, cp312-cp312-manylinux_2_17_aarch64, cp312-cp312-manylinux_2_28_aarch64) are compatible (run pip debug --verbose to show compatible tags): https://files.pythonhosted.org/packages/d9/75/37bee6900183ea08a3a0ae04b9f018f9e64c6b10716e1f7b423db0c4356c/chardet-7.0.1-cp312-cp312-manylinux2014_aarch64.manylinux_2_17_aarch64.manylinux_2_28_aarch64.whl (from https://pypi.org/simple/chardet/) (requires-python:>=3.10)
2026-07-30T19:03:43,049   Skipping link: none of the wheel's tags (cp312-cp312-manylinux2014_x86_64, cp312-cp312-manylinux_2_17_x86_64, cp312-cp312-manylinux_2_28_x86_64) are compatible (run pip debug --verbose to show compatible tags): https://files.pythonhosted.org/packages/e8/ed/2fe5ea435ae480bd3a76be1415920ce52b3ff6e188d8eab6a635d6a2a1d1/chardet-7.0.1-cp312-cp312-manylinux2014_x86_64.manylinux_2_17_x86_64.manylinux_2_28_x86_64.whl (from https://pypi.org/simple/chardet/) (requires-python:>=3.10)
2026-07-30T19:03:43,049   Skipping link: none of the wheel's tags (cp312-cp312-win_amd64) are compatible (run pip debug --verbose to show compatible tags): https://files.pythonhosted.org/packages/07/ba/7ca89301e492ac4184ba7f4736565d954ba3125acf6bf02c66a38a802bda/chardet-7.0.1-cp312-cp312-win_amd64.whl (from https://pypi.org/simple/chardet/) (requires-python:>=3.10)
2026-07-30T19:03:43,049   Skipping link: none of the wheel's tags (cp313-cp313-macosx_10_13_x86_64) are compatible (run pip debug --verbose to show compatible tags): https://files.pythonhosted.org/packages/56/26/1a22b9a19b4ca167ca462eaf91d0fc31285874d80b0381c55fdc5bc5f066/chardet-7.0.1-cp313-cp313-macosx_10_13_x86_64.whl (from https://pypi.org/simple/chardet/) (requires-python:>=3.10)
2026-07-30T19:03:43,049   Skipping link: none of the wheel's tags (cp313-cp313-macosx_11_0_arm64) are compatible (run pip debug --verbose to show compatible tags): https://files.pythonhosted.org/packages/24/fe/2f2425f3b0801e897653723ee827bc87e5a0feacf826ab268a9216680615/chardet-7.0.1-cp313-cp313-macosx_11_0_arm64.whl (from https://pypi.org/simple/chardet/) (requires-python:>=3.10)
2026-07-30T19:03:43,049   Skipping link: none of the wheel's tags (cp313-cp313-manylinux2014_aarch64, cp313-cp313-manylinux_2_17_aarch64, cp313-cp313-manylinux_2_28_aarch64) are compatible (run pip debug --verbose to show compatible tags): https://files.pythonhosted.org/packages/b2/8c/6b5f4b49c471b396bdbddad55b569e05d686ea65d91795dae6c774b285f0/chardet-7.0.1-cp313-cp313-manylinux2014_aarch64.manylinux_2_17_aarch64.manylinux_2_28_aarch64.whl (from https://pypi.org/simple/chardet/) (requires-python:>=3.10)
2026-07-30T19:03:43,049   Skipping link: none of the wheel's tags (cp313-cp313-manylinux2014_x86_64, cp313-cp313-manylinux_2_17_x86_64, cp313-cp313-manylinux_2_28_x86_64) are compatible (run pip debug --verbose to show compatible tags): https://files.pythonhosted.org/packages/b9/45/860a82d618e5c3930faef0a0fe205b752323e5d10ce0c18fe5016fd4f8d2/chardet-7.0.1-cp313-cp313-manylinux2014_x86_64.manylinux_2_17_x86_64.manylinux_2_28_x86_64.whl (from https://pypi.org/simple/chardet/) (requires-python:>=3.10)
2026-07-30T19:03:43,050   Skipping link: none of the wheel's tags (cp313-cp313-win_amd64) are compatible (run pip debug --verbose to show compatible tags): https://files.pythonhosted.org/packages/ed/44/7acb8f84fc7b5ad3c977ac31865b308881da1c0a6ca58be35554d2473dd7/chardet-7.0.1-cp313-cp313-win_amd64.whl (from https://pypi.org/simple/chardet/) (requires-python:>=3.10)
2026-07-30T19:03:43,050   Skipping link: none of the wheel's tags (cp314-cp314-macosx_10_15_x86_64) are compatible (run pip debug --verbose to show compatible tags): https://files.pythonhosted.org/packages/b5/bd/30c131115b0b3ba72da996ba4fefe23d9ac96ff55f9e981bcf1896bff516/chardet-7.0.1-cp314-cp314-macosx_10_15_x86_64.whl (from https://pypi.org/simple/chardet/) (requires-python:>=3.10)
2026-07-30T19:03:43,050   Skipping link: none of the wheel's tags (cp314-cp314-macosx_11_0_arm64) are compatible (run pip debug --verbose to show compatible tags): https://files.pythonhosted.org/packages/98/2d/5f77ea0d96cf89e8312261a435c6899e023c672a7d20287997647c0da079/chardet-7.0.1-cp314-cp314-macosx_11_0_arm64.whl (from https://pypi.org/simple/chardet/) (requires-python:>=3.10)
2026-07-30T19:03:43,050   Skipping link: none of the wheel's tags (cp314-cp314-manylinux2014_aarch64, cp314-cp314-manylinux_2_17_aarch64, cp314-cp314-manylinux_2_28_aarch64) are compatible (run pip debug --verbose to show compatible tags): https://files.pythonhosted.org/packages/15/03/0f3fe90b5fba51e3f79c48b299497626ff231a1a3326865cf8edb94f65f6/chardet-7.0.1-cp314-cp314-manylinux2014_aarch64.manylinux_2_17_aarch64.manylinux_2_28_aarch64.whl (from https://pypi.org/simple/chardet/) (requires-python:>=3.10)
2026-07-30T19:03:43,050   Skipping link: none of the wheel's tags (cp314-cp314-manylinux2014_x86_64, cp314-cp314-manylinux_2_17_x86_64, cp314-cp314-manylinux_2_28_x86_64) are compatible (run pip debug --verbose to show compatible tags): https://files.pythonhosted.org/packages/89/3b/a8d2a8ee1baa43f8d3b06c8fd9a86317ea4418b2c90fbe084c45665916e0/chardet-7.0.1-cp314-cp314-manylinux2014_x86_64.manylinux_2_17_x86_64.manylinux_2_28_x86_64.whl (from https://pypi.org/simple/chardet/) (requires-python:>=3.10)
2026-07-30T19:03:43,050   Skipping link: none of the wheel's tags (cp314-cp314-win_amd64) are compatible (run pip debug --verbose to show compatible tags): https://files.pythonhosted.org/packages/9c/46/71151da7b43673ef8b1bb83503e0e4ac9658d24b908f208a84d439767036/chardet-7.0.1-cp314-cp314-win_amd64.whl (from https://pypi.org/simple/chardet/) (requires-python:>=3.10)
2026-07-30T19:03:43,050   Found link https://files.pythonhosted.org/packages/a3/1f/c1a089db6333b1283409cad3714b8935e7e56722c9c60f9299726a1e57c2/chardet-7.0.1-py3-none-any.whl (from https://pypi.org/simple/chardet/) (requires-python:>=3.10), version: 7.0.1
2026-07-30T19:03:43,050   Found link https://files.pythonhosted.org/packages/6c/80/4684035f1a2a3096506bc377276a815ccf0be3c3316eab35d589e82d9f3c/chardet-7.0.1.tar.gz (from https://pypi.org/simple/chardet/) (requires-python:>=3.10), version: 7.0.1
2026-07-30T19:03:43,050   Skipping link: none of the wheel's tags (cp310-cp310-macosx_10_9_x86_64) are compatible (run pip debug --verbose to show compatible tags): https://files.pythonhosted.org/packages/f9/36/a5c65fa79d26d84075c9b976081a7713fa1454003e08425f428e61fd7544/chardet-7.1.0-cp310-cp310-macosx_10_9_x86_64.whl (from https://pypi.org/simple/chardet/) (requires-python:>=3.10)
2026-07-30T19:03:43,051   Skipping link: none of the wheel's tags (cp310-cp310-macosx_11_0_arm64) are compatible (run pip debug --verbose to show compatible tags): https://files.pythonhosted.org/packages/3d/68/52b839a62b18be0aeca70440fddc07003b74ba81a6ba5bd2065a90a32d60/chardet-7.1.0-cp310-cp310-macosx_11_0_arm64.whl (from https://pypi.org/simple/chardet/) (requires-python:>=3.10)
2026-07-30T19:03:43,051   Skipping link: none of the wheel's tags (cp310-cp310-manylinux2014_aarch64, cp310-cp310-manylinux_2_17_aarch64, cp310-cp310-manylinux_2_28_aarch64) are compatible (run pip debug --verbose to show compatible tags): https://files.pythonhosted.org/packages/4f/96/495dee7148f4809862db23892d4217bed841f0551f9bb6d1eb357b7f4046/chardet-7.1.0-cp310-cp310-manylinux2014_aarch64.manylinux_2_17_aarch64.manylinux_2_28_aarch64.whl (from https://pypi.org/simple/chardet/) (requires-python:>=3.10)
2026-07-30T19:03:43,051   Skipping link: none of the wheel's tags (cp310-cp310-manylinux2014_x86_64, cp310-cp310-manylinux_2_17_x86_64, cp310-cp310-manylinux_2_28_x86_64) are compatible (run pip debug --verbose to show compatible tags): https://files.pythonhosted.org/packages/0d/67/efbac9a4c5dbfba0b9a87aa786054fe3fa6db4bff3802c4f1c299b6daa68/chardet-7.1.0-cp310-cp310-manylinux2014_x86_64.manylinux_2_17_x86_64.manylinux_2_28_x86_64.whl (from https://pypi.org/simple/chardet/) (requires-python:>=3.10)
2026-07-30T19:03:43,051   Skipping link: none of the wheel's tags (cp310-cp310-win_amd64) are compatible (run pip debug --verbose to show compatible tags): https://files.pythonhosted.org/packages/f7/ea/d41d1732d0d7bd5eb39275143e573ed993a4e43f94264c84654e18216e87/chardet-7.1.0-cp310-cp310-win_amd64.whl (from https://pypi.org/simple/chardet/) (requires-python:>=3.10)
2026-07-30T19:03:43,051   Skipping link: none of the wheel's tags (cp311-cp311-macosx_10_9_x86_64) are compatible (run pip debug --verbose to show compatible tags): https://files.pythonhosted.org/packages/79/77/f7084d3b729389b409f1d2db5a967d4cb754f87014e4c6e2bf1eb285c865/chardet-7.1.0-cp311-cp311-macosx_10_9_x86_64.whl (from https://pypi.org/simple/chardet/) (requires-python:>=3.10)
2026-07-30T19:03:43,051   Skipping link: none of the wheel's tags (cp311-cp311-macosx_11_0_arm64) are compatible (run pip debug --verbose to show compatible tags): https://files.pythonhosted.org/packages/f5/17/ef3d76d2c2902c66d407bad019bfd65164e40dfbbd4554ee86b8b1a5997f/chardet-7.1.0-cp311-cp311-macosx_11_0_arm64.whl (from https://pypi.org/simple/chardet/) (requires-python:>=3.10)
2026-07-30T19:03:43,051   Skipping link: none of the wheel's tags (cp311-cp311-manylinux2014_aarch64, cp311-cp311-manylinux_2_17_aarch64, cp311-cp311-manylinux_2_28_aarch64) are compatible (run pip debug --verbose to show compatible tags): https://files.pythonhosted.org/packages/55/8f/c0d6f2d51c80a3103c2dc876d165478d9c90fedb3f4df1c36bea9cb6358e/chardet-7.1.0-cp311-cp311-manylinux2014_aarch64.manylinux_2_17_aarch64.manylinux_2_28_aarch64.whl (from https://pypi.org/simple/chardet/) (requires-python:>=3.10)
2026-07-30T19:03:43,051   Skipping link: none of the wheel's tags (cp311-cp311-manylinux2014_x86_64, cp311-cp311-manylinux_2_17_x86_64, cp311-cp311-manylinux_2_28_x86_64) are compatible (run pip debug --verbose to show compatible tags): https://files.pythonhosted.org/packages/79/18/9fd9d90901781a2890f69acf4a616a4ea7fb40c79f902afbcf67a1d207a2/chardet-7.1.0-cp311-cp311-manylinux2014_x86_64.manylinux_2_17_x86_64.manylinux_2_28_x86_64.whl (from https://pypi.org/simple/chardet/) (requires-python:>=3.10)
2026-07-30T19:03:43,052   Found link https://files.pythonhosted.org/packages/59/19/c90dd953e842392cb16ca385b50e9e88c591333b301e9087c56524c9bd30/chardet-7.1.0-cp311-cp311-win_amd64.whl (from https://pypi.org/simple/chardet/) (requires-python:>=3.10), version: 7.1.0
2026-07-30T19:03:43,052   Skipping link: none of the wheel's tags (cp312-cp312-macosx_10_13_x86_64) are compatible (run pip debug --verbose to show compatible tags): https://files.pythonhosted.org/packages/f0/b8/415efba024c5d6a3d81609de51598a11a99b9f2ffb916c42b72190da1973/chardet-7.1.0-cp312-cp312-macosx_10_13_x86_64.whl (from https://pypi.org/simple/chardet/) (requires-python:>=3.10)
2026-07-30T19:03:43,052   Skipping link: none of the wheel's tags (cp312-cp312-macosx_11_0_arm64) are compatible (run pip debug --verbose to show compatible tags): https://files.pythonhosted.org/packages/7f/d7/9517de8b58b487d5d05e957efacc8c9af180cb2cc97103b1a1c67120d8c0/chardet-7.1.0-cp312-cp312-macosx_11_0_arm64.whl (from https://pypi.org/simple/chardet/) (requires-python:>=3.10)
2026-07-30T19:03:43,052   Skipping link: none of the wheel's tags (cp312-cp312-manylinux2014_aarch64, cp312-cp312-manylinux_2_17_aarch64, cp312-cp312-manylinux_2_28_aarch64) are compatible (run pip debug --verbose to show compatible tags): https://files.pythonhosted.org/packages/c3/33/1286f2a05935a80eaadcc13fc70fb0eaa00805acc756363f0f4aca2ed936/chardet-7.1.0-cp312-cp312-manylinux2014_aarch64.manylinux_2_17_aarch64.manylinux_2_28_aarch64.whl (from https://pypi.org/simple/chardet/) (requires-python:>=3.10)
2026-07-30T19:03:43,052   Skipping link: none of the wheel's tags (cp312-cp312-manylinux2014_x86_64, cp312-cp312-manylinux_2_17_x86_64, cp312-cp312-manylinux_2_28_x86_64) are compatible (run pip debug --verbose to show compatible tags): https://files.pythonhosted.org/packages/c7/cc/556aeffb4768b258cc461bc1063d3592e411e1744223da8c7fbbf524438e/chardet-7.1.0-cp312-cp312-manylinux2014_x86_64.manylinux_2_17_x86_64.manylinux_2_28_x86_64.whl (from https://pypi.org/simple/chardet/) (requires-python:>=3.10)
2026-07-30T19:03:43,052   Skipping link: none of the wheel's tags (cp312-cp312-win_amd64) are compatible (run pip debug --verbose to show compatible tags): https://files.pythonhosted.org/packages/af/4a/147151940ad5ac8bf9f8728a1e46bc63502cd95e93c3a9796f01914188f9/chardet-7.1.0-cp312-cp312-win_amd64.whl (from https://pypi.org/simple/chardet/) (requires-python:>=3.10)
2026-07-30T19:03:43,052   Skipping link: none of the wheel's tags (cp313-cp313-macosx_10_13_x86_64) are compatible (run pip debug --verbose to show compatible tags): https://files.pythonhosted.org/packages/b9/79/2c61f33c87d3698f15ca01b0882fbd2fcb95911a783cc615d31adfae025a/chardet-7.1.0-cp313-cp313-macosx_10_13_x86_64.whl (from https://pypi.org/simple/chardet/) (requires-python:>=3.10)
2026-07-30T19:03:43,052   Skipping link: none of the wheel's tags (cp313-cp313-macosx_11_0_arm64) are compatible (run pip debug --verbose to show compatible tags): https://files.pythonhosted.org/packages/eb/0c/2d0c4897e43f1bb1b68dad840551cda224696eda9951524db50721d3bc18/chardet-7.1.0-cp313-cp313-macosx_11_0_arm64.whl (from https://pypi.org/simple/chardet/) (requires-python:>=3.10)
2026-07-30T19:03:43,052   Skipping link: none of the wheel's tags (cp313-cp313-manylinux2014_aarch64, cp313-cp313-manylinux_2_17_aarch64, cp313-cp313-manylinux_2_28_aarch64) are compatible (run pip debug --verbose to show compatible tags): https://files.pythonhosted.org/packages/17/cb/a568eea24adc1a023da266854e9fc9e0eaffa72580d43c45b47f1b62dd2e/chardet-7.1.0-cp313-cp313-manylinux2014_aarch64.manylinux_2_17_aarch64.manylinux_2_28_aarch64.whl (from https://pypi.org/simple/chardet/) (requires-python:>=3.10)
2026-07-30T19:03:43,052   Skipping link: none of the wheel's tags (cp313-cp313-manylinux2014_x86_64, cp313-cp313-manylinux_2_17_x86_64, cp313-cp313-manylinux_2_28_x86_64) are compatible (run pip debug --verbose to show compatible tags): https://files.pythonhosted.org/packages/f3/e7/958975ca18c7b5be9b94354c302a7f3d757c02e7c14e88e0c85af1e16c70/chardet-7.1.0-cp313-cp313-manylinux2014_x86_64.manylinux_2_17_x86_64.manylinux_2_28_x86_64.whl (from https://pypi.org/simple/chardet/) (requires-python:>=3.10)
2026-07-30T19:03:43,053   Skipping link: none of the wheel's tags (cp313-cp313-win_amd64) are compatible (run pip debug --verbose to show compatible tags): https://files.pythonhosted.org/packages/84/0b/1eddfd650e98bb80ec9f74c0bb98fa60cc36f63d9209214cd069b2a27340/chardet-7.1.0-cp313-cp313-win_amd64.whl (from https://pypi.org/simple/chardet/) (requires-python:>=3.10)
2026-07-30T19:03:43,053   Skipping link: none of the wheel's tags (cp314-cp314-macosx_10_15_x86_64) are compatible (run pip debug --verbose to show compatible tags): https://files.pythonhosted.org/packages/49/70/abaaae51228ce2e87f48b90b6c4a9636882d0515bf94adfad494af89bd6f/chardet-7.1.0-cp314-cp314-macosx_10_15_x86_64.whl (from https://pypi.org/simple/chardet/) (requires-python:>=3.10)
2026-07-30T19:03:43,053   Skipping link: none of the wheel's tags (cp314-cp314-macosx_11_0_arm64) are compatible (run pip debug --verbose to show compatible tags): https://files.pythonhosted.org/packages/72/af/2c494522099248fb44da57c7e4916c8d89f6e21e4dde4978aff15b15bf13/chardet-7.1.0-cp314-cp314-macosx_11_0_arm64.whl (from https://pypi.org/simple/chardet/) (requires-python:>=3.10)
2026-07-30T19:03:43,053   Skipping link: none of the wheel's tags (cp314-cp314-manylinux2014_aarch64, cp314-cp314-manylinux_2_17_aarch64, cp314-cp314-manylinux_2_28_aarch64) are compatible (run pip debug --verbose to show compatible tags): https://files.pythonhosted.org/packages/00/1e/3510e8055b60fa9e14572495975795db856ab4f0982daa41efa64a204afd/chardet-7.1.0-cp314-cp314-manylinux2014_aarch64.manylinux_2_17_aarch64.manylinux_2_28_aarch64.whl (from https://pypi.org/simple/chardet/) (requires-python:>=3.10)
2026-07-30T19:03:43,053   Skipping link: none of the wheel's tags (cp314-cp314-manylinux2014_x86_64, cp314-cp314-manylinux_2_17_x86_64, cp314-cp314-manylinux_2_28_x86_64) are compatible (run pip debug --verbose to show compatible tags): https://files.pythonhosted.org/packages/32/40/31fbc4c7609e5c94e7eb4917faf3a8a222afa7da2ee11ec003fb3d9f267f/chardet-7.1.0-cp314-cp314-manylinux2014_x86_64.manylinux_2_17_x86_64.manylinux_2_28_x86_64.whl (from https://pypi.org/simple/chardet/) (requires-python:>=3.10)
2026-07-30T19:03:43,053   Skipping link: none of the wheel's tags (cp314-cp314-win_amd64) are compatible (run pip debug --verbose to show compatible tags): https://files.pythonhosted.org/packages/4a/12/7551df67438d751fd6ce0f74a357cb0ebda998830ea2481bbe40eb83e848/chardet-7.1.0-cp314-cp314-win_amd64.whl (from https://pypi.org/simple/chardet/) (requires-python:>=3.10)
2026-07-30T19:03:43,053   Found link https://files.pythonhosted.org/packages/87/13/6aa6c9118ce153a806bb0472e27e8f8c24e6925db8a5b9fe99e03e45af15/chardet-7.1.0-py3-none-any.whl (from https://pypi.org/simple/chardet/) (requires-python:>=3.10), version: 7.1.0
2026-07-30T19:03:43,053   Found link https://files.pythonhosted.org/packages/0d/84/e72ea5c06e687db591283474b8442ab95665fc6bae7b06043b2a6f0eaf6c/chardet-7.1.0.tar.gz (from https://pypi.org/simple/chardet/) (requires-python:>=3.10), version: 7.1.0
2026-07-30T19:03:43,053   Skipping link: none of the wheel's tags (cp310-cp310-macosx_10_9_x86_64) are compatible (run pip debug --verbose to show compatible tags): https://files.pythonhosted.org/packages/23/43/ecfd2d5bf0a9c8be18c797b66d60679e72ec7d1d90aeff43c16f7d7eb221/chardet-7.2.0-cp310-cp310-macosx_10_9_x86_64.whl (from https://pypi.org/simple/chardet/) (requires-python:>=3.10)
2026-07-30T19:03:43,053   Skipping link: none of the wheel's tags (cp310-cp310-macosx_11_0_arm64) are compatible (run pip debug --verbose to show compatible tags): https://files.pythonhosted.org/packages/f5/fc/1ab28e7141f6d3281ab6cc91e3e8710dbf52087f07b9929e9c14573b549e/chardet-7.2.0-cp310-cp310-macosx_11_0_arm64.whl (from https://pypi.org/simple/chardet/) (requires-python:>=3.10)
2026-07-30T19:03:43,054   Skipping link: none of the wheel's tags (cp310-cp310-manylinux2014_aarch64, cp310-cp310-manylinux_2_17_aarch64, cp310-cp310-manylinux_2_28_aarch64) are compatible (run pip debug --verbose to show compatible tags): https://files.pythonhosted.org/packages/ec/11/3773136276ba99974b8fed89b792dabe6ee5ec361726b9bd5558dcbb3849/chardet-7.2.0-cp310-cp310-manylinux2014_aarch64.manylinux_2_17_aarch64.manylinux_2_28_aarch64.whl (from https://pypi.org/simple/chardet/) (requires-python:>=3.10)
2026-07-30T19:03:43,054   Skipping link: none of the wheel's tags (cp310-cp310-manylinux2014_x86_64, cp310-cp310-manylinux_2_17_x86_64, cp310-cp310-manylinux_2_28_x86_64) are compatible (run pip debug --verbose to show compatible tags): https://files.pythonhosted.org/packages/b8/c2/3c62771e0b62feae157ffc99641a2b47a9dbeccfd0ccc455dd6af4b62278/chardet-7.2.0-cp310-cp310-manylinux2014_x86_64.manylinux_2_17_x86_64.manylinux_2_28_x86_64.whl (from https://pypi.org/simple/chardet/) (requires-python:>=3.10)
2026-07-30T19:03:43,054   Skipping link: none of the wheel's tags (cp310-cp310-win_amd64) are compatible (run pip debug --verbose to show compatible tags): https://files.pythonhosted.org/packages/d3/c4/43eebdfa8a76ea00d6cad55ae0d07be455a86d3d9b9bb8769f15c8a27d5c/chardet-7.2.0-cp310-cp310-win_amd64.whl (from https://pypi.org/simple/chardet/) (requires-python:>=3.10)
2026-07-30T19:03:43,054   Skipping link: none of the wheel's tags (cp311-cp311-macosx_10_9_x86_64) are compatible (run pip debug --verbose to show compatible tags): https://files.pythonhosted.org/packages/88/63/3ba1b7828340ac4b4761df5454abd0c48dd620eb4f12a5106c3390539711/chardet-7.2.0-cp311-cp311-macosx_10_9_x86_64.whl (from https://pypi.org/simple/chardet/) (requires-python:>=3.10)
2026-07-30T19:03:43,054   Skipping link: none of the wheel's tags (cp311-cp311-macosx_11_0_arm64) are compatible (run pip debug --verbose to show compatible tags): https://files.pythonhosted.org/packages/0d/b4/c3d87a7aa5ee1c71fff91a503ae1a0c3bc3b756e646948f6bfdfd2c8c873/chardet-7.2.0-cp311-cp311-macosx_11_0_arm64.whl (from https://pypi.org/simple/chardet/) (requires-python:>=3.10)
2026-07-30T19:03:43,054   Skipping link: none of the wheel's tags (cp311-cp311-manylinux2014_aarch64, cp311-cp311-manylinux_2_17_aarch64, cp311-cp311-manylinux_2_28_aarch64) are compatible (run pip debug --verbose to show compatible tags): https://files.pythonhosted.org/packages/71/51/8eb14c4b5308225889eb4bdd9499a3d7cab1a77a82e1bcc1ad0ad22cb3a3/chardet-7.2.0-cp311-cp311-manylinux2014_aarch64.manylinux_2_17_aarch64.manylinux_2_28_aarch64.whl (from https://pypi.org/simple/chardet/) (requires-python:>=3.10)
2026-07-30T19:03:43,054   Skipping link: none of the wheel's tags (cp311-cp311-manylinux2014_x86_64, cp311-cp311-manylinux_2_17_x86_64, cp311-cp311-manylinux_2_28_x86_64) are compatible (run pip debug --verbose to show compatible tags): https://files.pythonhosted.org/packages/1e/cc/350b4ac6916291624093ea07ac186733e490bd33948d205d07848dbd51ff/chardet-7.2.0-cp311-cp311-manylinux2014_x86_64.manylinux_2_17_x86_64.manylinux_2_28_x86_64.whl (from https://pypi.org/simple/chardet/) (requires-python:>=3.10)
2026-07-30T19:03:43,054   Found link https://files.pythonhosted.org/packages/36/f9/b757ade39ad981f89e3607abc75827729bf408359ddd31073e7a85cb8aeb/chardet-7.2.0-cp311-cp311-win_amd64.whl (from https://pypi.org/simple/chardet/) (requires-python:>=3.10), version: 7.2.0
2026-07-30T19:03:43,054   Skipping link: none of the wheel's tags (cp312-cp312-macosx_10_13_x86_64) are compatible (run pip debug --verbose to show compatible tags): https://files.pythonhosted.org/packages/04/f2/5b4bfc3c93458c2d618d71f79e34def05552f178b4d452555a8333696f1a/chardet-7.2.0-cp312-cp312-macosx_10_13_x86_64.whl (from https://pypi.org/simple/chardet/) (requires-python:>=3.10)
2026-07-30T19:03:43,054   Skipping link: none of the wheel's tags (cp312-cp312-macosx_11_0_arm64) are compatible (run pip debug --verbose to show compatible tags): https://files.pythonhosted.org/packages/38/fd/3effc8151d19b6ced8d1de427df5a039b1cce4cef79a3ac6f3c1d1135502/chardet-7.2.0-cp312-cp312-macosx_11_0_arm64.whl (from https://pypi.org/simple/chardet/) (requires-python:>=3.10)
2026-07-30T19:03:43,055   Skipping link: none of the wheel's tags (cp312-cp312-manylinux2014_aarch64, cp312-cp312-manylinux_2_17_aarch64, cp312-cp312-manylinux_2_28_aarch64) are compatible (run pip debug --verbose to show compatible tags): https://files.pythonhosted.org/packages/9e/b1/c1990fcafa601fcebe9308ae23026906f1e04b53b53ed38e6a81499acd30/chardet-7.2.0-cp312-cp312-manylinux2014_aarch64.manylinux_2_17_aarch64.manylinux_2_28_aarch64.whl (from https://pypi.org/simple/chardet/) (requires-python:>=3.10)
2026-07-30T19:03:43,055   Skipping link: none of the wheel's tags (cp312-cp312-manylinux2014_x86_64, cp312-cp312-manylinux_2_17_x86_64, cp312-cp312-manylinux_2_28_x86_64) are compatible (run pip debug --verbose to show compatible tags): https://files.pythonhosted.org/packages/19/5e/4ddbef974a1036416431ef6ceb13dae8c5ab2193a301f2b58c5348855f1b/chardet-7.2.0-cp312-cp312-manylinux2014_x86_64.manylinux_2_17_x86_64.manylinux_2_28_x86_64.whl (from https://pypi.org/simple/chardet/) (requires-python:>=3.10)
2026-07-30T19:03:43,055   Skipping link: none of the wheel's tags (cp312-cp312-win_amd64) are compatible (run pip debug --verbose to show compatible tags): https://files.pythonhosted.org/packages/ae/6b/045858a8b6a54777e64ff4880058018cc05e547e49808f84f7a41a45615a/chardet-7.2.0-cp312-cp312-win_amd64.whl (from https://pypi.org/simple/chardet/) (requires-python:>=3.10)
2026-07-30T19:03:43,055   Skipping link: none of the wheel's tags (cp313-cp313-macosx_10_13_x86_64) are compatible (run pip debug --verbose to show compatible tags): https://files.pythonhosted.org/packages/65/3e/456ceb2f562dc7969ffaec1e989d9315ad82a023d62a27703a5a5ffdb986/chardet-7.2.0-cp313-cp313-macosx_10_13_x86_64.whl (from https://pypi.org/simple/chardet/) (requires-python:>=3.10)
2026-07-30T19:03:43,055   Skipping link: none of the wheel's tags (cp313-cp313-macosx_11_0_arm64) are compatible (run pip debug --verbose to show compatible tags): https://files.pythonhosted.org/packages/83/f1/5ef3b6f87e67d73049c632c931baa554364a3826a3522684c4b494e458f8/chardet-7.2.0-cp313-cp313-macosx_11_0_arm64.whl (from https://pypi.org/simple/chardet/) (requires-python:>=3.10)
2026-07-30T19:03:43,055   Skipping link: none of the wheel's tags (cp313-cp313-manylinux2014_aarch64, cp313-cp313-manylinux_2_17_aarch64, cp313-cp313-manylinux_2_28_aarch64) are compatible (run pip debug --verbose to show compatible tags): https://files.pythonhosted.org/packages/4d/48/8886c21375ff29493bad014fd2b258bb686ac635968b34343e94f8d38745/chardet-7.2.0-cp313-cp313-manylinux2014_aarch64.manylinux_2_17_aarch64.manylinux_2_28_aarch64.whl (from https://pypi.org/simple/chardet/) (requires-python:>=3.10)
2026-07-30T19:03:43,055   Skipping link: none of the wheel's tags (cp313-cp313-manylinux2014_x86_64, cp313-cp313-manylinux_2_17_x86_64, cp313-cp313-manylinux_2_28_x86_64) are compatible (run pip debug --verbose to show compatible tags): https://files.pythonhosted.org/packages/e6/19/f474429b3c6f829b0eeaaeb964c06737c7dc148c97822937b1a2def55b40/chardet-7.2.0-cp313-cp313-manylinux2014_x86_64.manylinux_2_17_x86_64.manylinux_2_28_x86_64.whl (from https://pypi.org/simple/chardet/) (requires-python:>=3.10)
2026-07-30T19:03:43,055   Skipping link: none of the wheel's tags (cp313-cp313-win_amd64) are compatible (run pip debug --verbose to show compatible tags): https://files.pythonhosted.org/packages/dd/be/4fc8c10513cdb9421e731a0a0752973bf2477dad29c490c1dbab7cd0e8db/chardet-7.2.0-cp313-cp313-win_amd64.whl (from https://pypi.org/simple/chardet/) (requires-python:>=3.10)
2026-07-30T19:03:43,055   Skipping link: none of the wheel's tags (cp314-cp314-macosx_10_15_x86_64) are compatible (run pip debug --verbose to show compatible tags): https://files.pythonhosted.org/packages/f0/7f/0157f588bf8e40e75cc5ca5b3b1cf19cf27b90ea177e3ccd56b73a8adab0/chardet-7.2.0-cp314-cp314-macosx_10_15_x86_64.whl (from https://pypi.org/simple/chardet/) (requires-python:>=3.10)
2026-07-30T19:03:43,055   Skipping link: none of the wheel's tags (cp314-cp314-macosx_11_0_arm64) are compatible (run pip debug --verbose to show compatible tags): https://files.pythonhosted.org/packages/bd/30/6d216eb2d928ee8db2f30ed7c1451cc7e1a68aa80c551ee9b8ff967e8a38/chardet-7.2.0-cp314-cp314-macosx_11_0_arm64.whl (from https://pypi.org/simple/chardet/) (requires-python:>=3.10)
2026-07-30T19:03:43,056   Skipping link: none of the wheel's tags (cp314-cp314-manylinux2014_aarch64, cp314-cp314-manylinux_2_17_aarch64, cp314-cp314-manylinux_2_28_aarch64) are compatible (run pip debug --verbose to show compatible tags): https://files.pythonhosted.org/packages/69/4e/fd878a7dc50fe0ece1b3f8baa0c7dcbfc25503d72199200a6f510684549e/chardet-7.2.0-cp314-cp314-manylinux2014_aarch64.manylinux_2_17_aarch64.manylinux_2_28_aarch64.whl (from https://pypi.org/simple/chardet/) (requires-python:>=3.10)
2026-07-30T19:03:43,056   Skipping link: none of the wheel's tags (cp314-cp314-manylinux2014_x86_64, cp314-cp314-manylinux_2_17_x86_64, cp314-cp314-manylinux_2_28_x86_64) are compatible (run pip debug --verbose to show compatible tags): https://files.pythonhosted.org/packages/cd/09/aab35a20545b2d70811bfdc8b55f70161856d9e264ab8ba5259fc09af355/chardet-7.2.0-cp314-cp314-manylinux2014_x86_64.manylinux_2_17_x86_64.manylinux_2_28_x86_64.whl (from https://pypi.org/simple/chardet/) (requires-python:>=3.10)
2026-07-30T19:03:43,056   Skipping link: none of the wheel's tags (cp314-cp314-win_amd64) are compatible (run pip debug --verbose to show compatible tags): https://files.pythonhosted.org/packages/f9/c0/773b4f0557fdfd6af538e166488824b99a996db558f1c930b1ca27b4775f/chardet-7.2.0-cp314-cp314-win_amd64.whl (from https://pypi.org/simple/chardet/) (requires-python:>=3.10)
2026-07-30T19:03:43,056   Found link https://files.pythonhosted.org/packages/c2/47/97786f40be59ff5ff10ec5ebcb1ef0ad28dd915717cb210cee89ae7a83a6/chardet-7.2.0-py3-none-any.whl (from https://pypi.org/simple/chardet/) (requires-python:>=3.10), version: 7.2.0
2026-07-30T19:03:43,056   Found link https://files.pythonhosted.org/packages/1d/94/7af830a4c63df020644aa99d76147d003a1463f255d0a054958978be5a8a/chardet-7.2.0.tar.gz (from https://pypi.org/simple/chardet/) (requires-python:>=3.10), version: 7.2.0
2026-07-30T19:03:43,056   Skipping link: none of the wheel's tags (cp310-cp310-macosx_10_9_x86_64) are compatible (run pip debug --verbose to show compatible tags): https://files.pythonhosted.org/packages/f7/0a/e926b5b29ff5a822e03279bcc2ab9a216f08111d409e3e6ef51954b23570/chardet-7.3.0-cp310-cp310-macosx_10_9_x86_64.whl (from https://pypi.org/simple/chardet/) (requires-python:>=3.10)
2026-07-30T19:03:43,056   Skipping link: none of the wheel's tags (cp310-cp310-macosx_11_0_arm64) are compatible (run pip debug --verbose to show compatible tags): https://files.pythonhosted.org/packages/de/26/4eebcaed4959e4fc85b577afa79d0a562291dccd2caa645183792435506d/chardet-7.3.0-cp310-cp310-macosx_11_0_arm64.whl (from https://pypi.org/simple/chardet/) (requires-python:>=3.10)
2026-07-30T19:03:43,056   Skipping link: none of the wheel's tags (cp310-cp310-manylinux2014_aarch64, cp310-cp310-manylinux_2_17_aarch64, cp310-cp310-manylinux_2_28_aarch64) are compatible (run pip debug --verbose to show compatible tags): https://files.pythonhosted.org/packages/17/99/5393aa9be32bcd923bbbe2968521d191953d858fb556d61b9c1f148d3d26/chardet-7.3.0-cp310-cp310-manylinux2014_aarch64.manylinux_2_17_aarch64.manylinux_2_28_aarch64.whl (from https://pypi.org/simple/chardet/) (requires-python:>=3.10)
2026-07-30T19:03:43,056   Skipping link: none of the wheel's tags (cp310-cp310-manylinux2014_x86_64, cp310-cp310-manylinux_2_17_x86_64, cp310-cp310-manylinux_2_28_x86_64) are compatible (run pip debug --verbose to show compatible tags): https://files.pythonhosted.org/packages/77/d1/8be99162c353a4908bfb16e6435075c53e1f83d3b6853aeba9e2a8f73743/chardet-7.3.0-cp310-cp310-manylinux2014_x86_64.manylinux_2_17_x86_64.manylinux_2_28_x86_64.whl (from https://pypi.org/simple/chardet/) (requires-python:>=3.10)
2026-07-30T19:03:43,057   Skipping link: none of the wheel's tags (cp310-cp310-manylinux_2_31_riscv64, cp310-cp310-manylinux_2_39_riscv64) are compatible (run pip debug --verbose to show compatible tags): https://files.pythonhosted.org/packages/0c/a6/c255eaf255e4e681ab8610cf6036505863aad88f41e7f01abd98066a8831/chardet-7.3.0-cp310-cp310-manylinux_2_31_riscv64.manylinux_2_39_riscv64.whl (from https://pypi.org/simple/chardet/) (requires-python:>=3.10)
2026-07-30T19:03:43,057   Skipping link: none of the wheel's tags (cp310-cp310-win_amd64) are compatible (run pip debug --verbose to show compatible tags): https://files.pythonhosted.org/packages/84/49/c0754542e67959205cb19167e973bb52d8c3b357289df7c85733da2f4afd/chardet-7.3.0-cp310-cp310-win_amd64.whl (from https://pypi.org/simple/chardet/) (requires-python:>=3.10)
2026-07-30T19:03:43,057   Skipping link: none of the wheel's tags (cp311-cp311-macosx_10_9_x86_64) are compatible (run pip debug --verbose to show compatible tags): https://files.pythonhosted.org/packages/ef/97/eaf0d2b7c62d4de86e0c95adb30d9d56febe1bf78e57d62f198ece85b236/chardet-7.3.0-cp311-cp311-macosx_10_9_x86_64.whl (from https://pypi.org/simple/chardet/) (requires-python:>=3.10)
2026-07-30T19:03:43,057   Skipping link: none of the wheel's tags (cp311-cp311-macosx_11_0_arm64) are compatible (run pip debug --verbose to show compatible tags): https://files.pythonhosted.org/packages/6b/02/4b814ab51e5b3981ea1ded8bd97dee878e64458f7e954597692dc37c00ca/chardet-7.3.0-cp311-cp311-macosx_11_0_arm64.whl (from https://pypi.org/simple/chardet/) (requires-python:>=3.10)
2026-07-30T19:03:43,057   Skipping link: none of the wheel's tags (cp311-cp311-manylinux2014_aarch64, cp311-cp311-manylinux_2_17_aarch64, cp311-cp311-manylinux_2_28_aarch64) are compatible (run pip debug --verbose to show compatible tags): https://files.pythonhosted.org/packages/f7/ea/7d42eff9980490fe4c6e2f0025b4cb1beeca7d89f7f8463bd15151e99b63/chardet-7.3.0-cp311-cp311-manylinux2014_aarch64.manylinux_2_17_aarch64.manylinux_2_28_aarch64.whl (from https://pypi.org/simple/chardet/) (requires-python:>=3.10)
2026-07-30T19:03:43,057   Skipping link: none of the wheel's tags (cp311-cp311-manylinux2014_x86_64, cp311-cp311-manylinux_2_17_x86_64, cp311-cp311-manylinux_2_28_x86_64) are compatible (run pip debug --verbose to show compatible tags): https://files.pythonhosted.org/packages/96/91/9cb4259a08689fd0d7f0552e8f78bead89a1778429a478e9857cc0ccfb43/chardet-7.3.0-cp311-cp311-manylinux2014_x86_64.manylinux_2_17_x86_64.manylinux_2_28_x86_64.whl (from https://pypi.org/simple/chardet/) (requires-python:>=3.10)
2026-07-30T19:03:43,057   Skipping link: none of the wheel's tags (cp311-cp311-manylinux_2_31_riscv64, cp311-cp311-manylinux_2_39_riscv64) are compatible (run pip debug --verbose to show compatible tags): https://files.pythonhosted.org/packages/34/41/ca801a77a01aafa119d6af0ec20165226c4d6d75179b364d04aeab01171a/chardet-7.3.0-cp311-cp311-manylinux_2_31_riscv64.manylinux_2_39_riscv64.whl (from https://pypi.org/simple/chardet/) (requires-python:>=3.10)
2026-07-30T19:03:43,057   Found link https://files.pythonhosted.org/packages/c8/a4/067808ec52282aa4c4a5e2a87b5afb3ed5270b7ebb81c969c75169bc8947/chardet-7.3.0-cp311-cp311-win_amd64.whl (from https://pypi.org/simple/chardet/) (requires-python:>=3.10), version: 7.3.0
2026-07-30T19:03:43,058   Skipping link: none of the wheel's tags (cp312-cp312-macosx_10_13_x86_64) are compatible (run pip debug --verbose to show compatible tags): https://files.pythonhosted.org/packages/99/0b/08370f00aca62c516869417fb984bc9d8652da0d62ca3596e924019bd031/chardet-7.3.0-cp312-cp312-macosx_10_13_x86_64.whl (from https://pypi.org/simple/chardet/) (requires-python:>=3.10)
2026-07-30T19:03:43,058   Skipping link: none of the wheel's tags (cp312-cp312-macosx_11_0_arm64) are compatible (run pip debug --verbose to show compatible tags): https://files.pythonhosted.org/packages/47/b9/f505898ae69b6de98aa1dab56bd52cc5d3fda7999a9d313515c9fdb255d7/chardet-7.3.0-cp312-cp312-macosx_11_0_arm64.whl (from https://pypi.org/simple/chardet/) (requires-python:>=3.10)
2026-07-30T19:03:43,058   Skipping link: none of the wheel's tags (cp312-cp312-manylinux2014_aarch64, cp312-cp312-manylinux_2_17_aarch64, cp312-cp312-manylinux_2_28_aarch64) are compatible (run pip debug --verbose to show compatible tags): https://files.pythonhosted.org/packages/df/0c/de630f3ae2671e205f89e32b74a5da4f4ab6747b444cd8a694d9b2f2b8a8/chardet-7.3.0-cp312-cp312-manylinux2014_aarch64.manylinux_2_17_aarch64.manylinux_2_28_aarch64.whl (from https://pypi.org/simple/chardet/) (requires-python:>=3.10)
2026-07-30T19:03:43,058   Skipping link: none of the wheel's tags (cp312-cp312-manylinux2014_x86_64, cp312-cp312-manylinux_2_17_x86_64, cp312-cp312-manylinux_2_28_x86_64) are compatible (run pip debug --verbose to show compatible tags): https://files.pythonhosted.org/packages/da/c7/12dbe1cf53143de0008e562408533deb610c2bdc868edc820486e9d5264f/chardet-7.3.0-cp312-cp312-manylinux2014_x86_64.manylinux_2_17_x86_64.manylinux_2_28_x86_64.whl (from https://pypi.org/simple/chardet/) (requires-python:>=3.10)
2026-07-30T19:03:43,058   Skipping link: none of the wheel's tags (cp312-cp312-manylinux_2_31_riscv64, cp312-cp312-manylinux_2_39_riscv64) are compatible (run pip debug --verbose to show compatible tags): https://files.pythonhosted.org/packages/87/03/7633eaa7bf5426691809480af963c2b3eb3170623381bfd489897ec6e6ac/chardet-7.3.0-cp312-cp312-manylinux_2_31_riscv64.manylinux_2_39_riscv64.whl (from https://pypi.org/simple/chardet/) (requires-python:>=3.10)
2026-07-30T19:03:43,058   Skipping link: none of the wheel's tags (cp312-cp312-win_amd64) are compatible (run pip debug --verbose to show compatible tags): https://files.pythonhosted.org/packages/d4/97/298ae0f18434f231e9be5858d7cd118de899c78db3d9fb787dd97d00738f/chardet-7.3.0-cp312-cp312-win_amd64.whl (from https://pypi.org/simple/chardet/) (requires-python:>=3.10)
2026-07-30T19:03:43,058   Skipping link: none of the wheel's tags (cp313-cp313-macosx_10_13_x86_64) are compatible (run pip debug --verbose to show compatible tags): https://files.pythonhosted.org/packages/54/2f/ca2f6d868e450eb37c8b91903f6741024caa2c884418e6a26c96df34751d/chardet-7.3.0-cp313-cp313-macosx_10_13_x86_64.whl (from https://pypi.org/simple/chardet/) (requires-python:>=3.10)
2026-07-30T19:03:43,058   Skipping link: none of the wheel's tags (cp313-cp313-macosx_11_0_arm64) are compatible (run pip debug --verbose to show compatible tags): https://files.pythonhosted.org/packages/dc/ca/df314f70a6ed83394ac31eb835d024c04c9b46f6c2fe5d260fc7287058c3/chardet-7.3.0-cp313-cp313-macosx_11_0_arm64.whl (from https://pypi.org/simple/chardet/) (requires-python:>=3.10)
2026-07-30T19:03:43,058   Skipping link: none of the wheel's tags (cp313-cp313-manylinux2014_aarch64, cp313-cp313-manylinux_2_17_aarch64, cp313-cp313-manylinux_2_28_aarch64) are compatible (run pip debug --verbose to show compatible tags): https://files.pythonhosted.org/packages/3e/f0/8c1aac8a8f046aa7d0b8e2aea5aaa00ac9725df74e2a1ccf707eb7913141/chardet-7.3.0-cp313-cp313-manylinux2014_aarch64.manylinux_2_17_aarch64.manylinux_2_28_aarch64.whl (from https://pypi.org/simple/chardet/) (requires-python:>=3.10)
2026-07-30T19:03:43,058   Skipping link: none of the wheel's tags (cp313-cp313-manylinux2014_x86_64, cp313-cp313-manylinux_2_17_x86_64, cp313-cp313-manylinux_2_28_x86_64) are compatible (run pip debug --verbose to show compatible tags): https://files.pythonhosted.org/packages/d0/c1/8f69e69303554fb3a5ada668683690d68623dcfb1eb52067cce85c91012a/chardet-7.3.0-cp313-cp313-manylinux2014_x86_64.manylinux_2_17_x86_64.manylinux_2_28_x86_64.whl (from https://pypi.org/simple/chardet/) (requires-python:>=3.10)
2026-07-30T19:03:43,058   Skipping link: none of the wheel's tags (cp313-cp313-manylinux_2_31_riscv64, cp313-cp313-manylinux_2_39_riscv64) are compatible (run pip debug --verbose to show compatible tags): https://files.pythonhosted.org/packages/17/7c/ab2a41aba350be50249a8da44ee3872fb7547f78e873f1bb840c480ba0d6/chardet-7.3.0-cp313-cp313-manylinux_2_31_riscv64.manylinux_2_39_riscv64.whl (from https://pypi.org/simple/chardet/) (requires-python:>=3.10)
2026-07-30T19:03:43,058   Skipping link: none of the wheel's tags (cp313-cp313-win_amd64) are compatible (run pip debug --verbose to show compatible tags): https://files.pythonhosted.org/packages/a2/6b/2ac79f482dc59ea6ca2205830396ee23efd767db9a757394b7cf486ff00a/chardet-7.3.0-cp313-cp313-win_amd64.whl (from https://pypi.org/simple/chardet/) (requires-python:>=3.10)
2026-07-30T19:03:43,058   Skipping link: none of the wheel's tags (cp314-cp314-macosx_10_15_x86_64) are compatible (run pip debug --verbose to show compatible tags): https://files.pythonhosted.org/packages/47/6b/ca20c180d22ad7b7918dc0796969765087872ccf8ac70c422dd09d89dcf2/chardet-7.3.0-cp314-cp314-macosx_10_15_x86_64.whl (from https://pypi.org/simple/chardet/) (requires-python:>=3.10)
2026-07-30T19:03:43,058   Skipping link: none of the wheel's tags (cp314-cp314-macosx_11_0_arm64) are compatible (run pip debug --verbose to show compatible tags): https://files.pythonhosted.org/packages/3a/88/8f56b482570247810bb43c55fed96ed10057d75e4fa5a01363ac8f9c2ae1/chardet-7.3.0-cp314-cp314-macosx_11_0_arm64.whl (from https://pypi.org/simple/chardet/) (requires-python:>=3.10)
2026-07-30T19:03:43,058   Skipping link: none of the wheel's tags (cp314-cp314-manylinux2014_aarch64, cp314-cp314-manylinux_2_17_aarch64, cp314-cp314-manylinux_2_28_aarch64) are compatible (run pip debug --verbose to show compatible tags): https://files.pythonhosted.org/packages/f4/74/017aeae27faa2d0763b1eed434b63425b515fcc4e5dded7608f0ad5bad65/chardet-7.3.0-cp314-cp314-manylinux2014_aarch64.manylinux_2_17_aarch64.manylinux_2_28_aarch64.whl (from https://pypi.org/simple/chardet/) (requires-python:>=3.10)
2026-07-30T19:03:43,060   Skipping link: none of the wheel's tags (cp314-cp314-manylinux2014_x86_64, cp314-cp314-manylinux_2_17_x86_64, cp314-cp314-manylinux_2_28_x86_64) are compatible (run pip debug --verbose to show compatible tags): https://files.pythonhosted.org/packages/70/36/217c0f370fa114ca42f44a4febd4b809a94fbfcc3e85e7bbf78a4227ba18/chardet-7.3.0-cp314-cp314-manylinux2014_x86_64.manylinux_2_17_x86_64.manylinux_2_28_x86_64.whl (from https://pypi.org/simple/chardet/) (requires-python:>=3.10)
2026-07-30T19:03:43,060   Skipping link: none of the wheel's tags (cp314-cp314-manylinux_2_31_riscv64, cp314-cp314-manylinux_2_39_riscv64) are compatible (run pip debug --verbose to show compatible tags): https://files.pythonhosted.org/packages/e9/ec/7895eb868204ff55b5a2e0b96afa153fc34428cb59eec9d41c577242b8f1/chardet-7.3.0-cp314-cp314-manylinux_2_31_riscv64.manylinux_2_39_riscv64.whl (from https://pypi.org/simple/chardet/) (requires-python:>=3.10)
2026-07-30T19:03:43,060   Skipping link: none of the wheel's tags (cp314-cp314-win_amd64) are compatible (run pip debug --verbose to show compatible tags): https://files.pythonhosted.org/packages/76/cf/29c1abaa6ee970a2d655232468ae81257ae8eba8133cc68aef42d6465794/chardet-7.3.0-cp314-cp314-win_amd64.whl (from https://pypi.org/simple/chardet/) (requires-python:>=3.10)
2026-07-30T19:03:43,060   Found link https://files.pythonhosted.org/packages/a6/85/e37beeb6abd6e64d79e624cb66855c95d919b55ca0f61b81d9e8e288183d/chardet-7.3.0-py3-none-any.whl (from https://pypi.org/simple/chardet/) (requires-python:>=3.10), version: 7.3.0
2026-07-30T19:03:43,060   Found link https://files.pythonhosted.org/packages/3e/af/8d6ad988a6a4b9830c4e39e4c2e390e3037465b76a5e32e92273df27a973/chardet-7.3.0.tar.gz (from https://pypi.org/simple/chardet/) (requires-python:>=3.10), version: 7.3.0
2026-07-30T19:03:43,060   Skipping link: none of the wheel's tags (cp310-cp310-macosx_10_9_x86_64) are compatible (run pip debug --verbose to show compatible tags): https://files.pythonhosted.org/packages/d0/d7/2555f9b2c54247496b51539d159d1c63c2f694b1d7c287d7f1d23f0c0735/chardet-7.4.0.post1-cp310-cp310-macosx_10_9_x86_64.whl (from https://pypi.org/simple/chardet/) (requires-python:>=3.10)
2026-07-30T19:03:43,060   Skipping link: none of the wheel's tags (cp310-cp310-macosx_11_0_arm64) are compatible (run pip debug --verbose to show compatible tags): https://files.pythonhosted.org/packages/b4/13/986f2b46ec395100f97684fb3c731b2f8956c97e93ef66272665d6726fe2/chardet-7.4.0.post1-cp310-cp310-macosx_11_0_arm64.whl (from https://pypi.org/simple/chardet/) (requires-python:>=3.10)
2026-07-30T19:03:43,060   Skipping link: none of the wheel's tags (cp310-cp310-manylinux2014_aarch64, cp310-cp310-manylinux_2_17_aarch64, cp310-cp310-manylinux_2_28_aarch64) are compatible (run pip debug --verbose to show compatible tags): https://files.pythonhosted.org/packages/69/1a/6d61e3ab017bb200137c8f048d879828ed25808f831571dfc2617755e3a4/chardet-7.4.0.post1-cp310-cp310-manylinux2014_aarch64.manylinux_2_17_aarch64.manylinux_2_28_aarch64.whl (from https://pypi.org/simple/chardet/) (requires-python:>=3.10)
2026-07-30T19:03:43,060   Skipping link: none of the wheel's tags (cp310-cp310-manylinux2014_x86_64, cp310-cp310-manylinux_2_17_x86_64, cp310-cp310-manylinux_2_28_x86_64) are compatible (run pip debug --verbose to show compatible tags): https://files.pythonhosted.org/packages/a1/e4/2f964168d798c7091690a8f71895f1b1a3aa067de964a03537f75e6f6d4b/chardet-7.4.0.post1-cp310-cp310-manylinux2014_x86_64.manylinux_2_17_x86_64.manylinux_2_28_x86_64.whl (from https://pypi.org/simple/chardet/) (requires-python:>=3.10)
2026-07-30T19:03:43,061   Skipping link: none of the wheel's tags (cp310-cp310-manylinux_2_31_riscv64, cp310-cp310-manylinux_2_39_riscv64) are compatible (run pip debug --verbose to show compatible tags): https://files.pythonhosted.org/packages/6b/c4/0ca016f473f9f805e2e620c3fb1bbe1d370a83007a822ddc654fca085d8b/chardet-7.4.0.post1-cp310-cp310-manylinux_2_31_riscv64.manylinux_2_39_riscv64.whl (from https://pypi.org/simple/chardet/) (requires-python:>=3.10)
2026-07-30T19:03:43,061   Skipping link: none of the wheel's tags (cp311-cp311-macosx_10_9_x86_64) are compatible (run pip debug --verbose to show compatible tags): https://files.pythonhosted.org/packages/3e/38/fe380893cbba72febb24d5dc0c2f9ac99f437153c36a409a8e254ed77bb6/chardet-7.4.0.post1-cp311-cp311-macosx_10_9_x86_64.whl (from https://pypi.org/simple/chardet/) (requires-python:>=3.10)
2026-07-30T19:03:43,061   Skipping link: none of the wheel's tags (cp311-cp311-macosx_11_0_arm64) are compatible (run pip debug --verbose to show compatible tags): https://files.pythonhosted.org/packages/5e/24/3c1522d777b66e2e3615ee33d1d4291c47b0ec258a9471b559339b01fac5/chardet-7.4.0.post1-cp311-cp311-macosx_11_0_arm64.whl (from https://pypi.org/simple/chardet/) (requires-python:>=3.10)
2026-07-30T19:03:43,061   Skipping link: none of the wheel's tags (cp311-cp311-manylinux2014_aarch64, cp311-cp311-manylinux_2_17_aarch64, cp311-cp311-manylinux_2_28_aarch64) are compatible (run pip debug --verbose to show compatible tags): https://files.pythonhosted.org/packages/3b/0d/be32abacdb6ed59b5e53b55da04102946b03eadac8a0bb107e359b22e257/chardet-7.4.0.post1-cp311-cp311-manylinux2014_aarch64.manylinux_2_17_aarch64.manylinux_2_28_aarch64.whl (from https://pypi.org/simple/chardet/) (requires-python:>=3.10)
2026-07-30T19:03:43,061   Skipping link: none of the wheel's tags (cp311-cp311-manylinux2014_x86_64, cp311-cp311-manylinux_2_17_x86_64, cp311-cp311-manylinux_2_28_x86_64) are compatible (run pip debug --verbose to show compatible tags): https://files.pythonhosted.org/packages/e3/a2/dab58511fbeef06dd88866568ea1a11b2f15654223cafc2681e2da84b1f2/chardet-7.4.0.post1-cp311-cp311-manylinux2014_x86_64.manylinux_2_17_x86_64.manylinux_2_28_x86_64.whl (from https://pypi.org/simple/chardet/) (requires-python:>=3.10)
2026-07-30T19:03:43,061   Skipping link: none of the wheel's tags (cp311-cp311-manylinux_2_31_riscv64, cp311-cp311-manylinux_2_39_riscv64) are compatible (run pip debug --verbose to show compatible tags): https://files.pythonhosted.org/packages/e1/3a/f392d9b8465575140f250a8571e6cc643b08c8b650d84d0b499b542a0f2f/chardet-7.4.0.post1-cp311-cp311-manylinux_2_31_riscv64.manylinux_2_39_riscv64.whl (from https://pypi.org/simple/chardet/) (requires-python:>=3.10)
2026-07-30T19:03:43,061   Skipping link: none of the wheel's tags (cp312-cp312-macosx_10_13_x86_64) are compatible (run pip debug --verbose to show compatible tags): https://files.pythonhosted.org/packages/89/e0/7747b1bd30b8686088581382e1465463f40d27d25db94eccfd872f088ac7/chardet-7.4.0.post1-cp312-cp312-macosx_10_13_x86_64.whl (from https://pypi.org/simple/chardet/) (requires-python:>=3.10)
2026-07-30T19:03:43,061   Skipping link: none of the wheel's tags (cp312-cp312-macosx_11_0_arm64) are compatible (run pip debug --verbose to show compatible tags): https://files.pythonhosted.org/packages/2e/24/de2ba4786ada1c10147612cb7ff469ac8b835a47e9e5a772ce15735a8f4a/chardet-7.4.0.post1-cp312-cp312-macosx_11_0_arm64.whl (from https://pypi.org/simple/chardet/) (requires-python:>=3.10)
2026-07-30T19:03:43,061   Skipping link: none of the wheel's tags (cp312-cp312-manylinux2014_aarch64, cp312-cp312-manylinux_2_17_aarch64, cp312-cp312-manylinux_2_28_aarch64) are compatible (run pip debug --verbose to show compatible tags): https://files.pythonhosted.org/packages/29/59/133001a6a7549dd34a3c28d1358122b0e68a59f27840efb2102b72eb73cf/chardet-7.4.0.post1-cp312-cp312-manylinux2014_aarch64.manylinux_2_17_aarch64.manylinux_2_28_aarch64.whl (from https://pypi.org/simple/chardet/) (requires-python:>=3.10)
2026-07-30T19:03:43,061   Skipping link: none of the wheel's tags (cp312-cp312-manylinux2014_x86_64, cp312-cp312-manylinux_2_17_x86_64, cp312-cp312-manylinux_2_28_x86_64) are compatible (run pip debug --verbose to show compatible tags): https://files.pythonhosted.org/packages/c3/00/2eec7b47263524f204b3225d023f7d75e9c06a0a75c06a4c85faf2aec246/chardet-7.4.0.post1-cp312-cp312-manylinux2014_x86_64.manylinux_2_17_x86_64.manylinux_2_28_x86_64.whl (from https://pypi.org/simple/chardet/) (requires-python:>=3.10)
2026-07-30T19:03:43,062   Skipping link: none of the wheel's tags (cp312-cp312-manylinux_2_31_riscv64, cp312-cp312-manylinux_2_39_riscv64) are compatible (run pip debug --verbose to show compatible tags): https://files.pythonhosted.org/packages/00/a2/36e5b1a46a36293cac237fa5c61f9e11497e025ec2e4b10e8d187dede9b9/chardet-7.4.0.post1-cp312-cp312-manylinux_2_31_riscv64.manylinux_2_39_riscv64.whl (from https://pypi.org/simple/chardet/) (requires-python:>=3.10)
2026-07-30T19:03:43,062   Skipping link: none of the wheel's tags (cp313-cp313-macosx_10_13_x86_64) are compatible (run pip debug --verbose to show compatible tags): https://files.pythonhosted.org/packages/e9/32/83a15c6077e7f240834ffd9ed78ef12f20f6e1924d7d7986d33f3d2af905/chardet-7.4.0.post1-cp313-cp313-macosx_10_13_x86_64.whl (from https://pypi.org/simple/chardet/) (requires-python:>=3.10)
2026-07-30T19:03:43,062   Skipping link: none of the wheel's tags (cp313-cp313-macosx_11_0_arm64) are compatible (run pip debug --verbose to show compatible tags): https://files.pythonhosted.org/packages/83/d3/80554c1cc15631446c9b90aec6fe63b7310aa0b82d3004f7ba38bd8a8270/chardet-7.4.0.post1-cp313-cp313-macosx_11_0_arm64.whl (from https://pypi.org/simple/chardet/) (requires-python:>=3.10)
2026-07-30T19:03:43,062   Skipping link: none of the wheel's tags (cp313-cp313-manylinux2014_aarch64, cp313-cp313-manylinux_2_17_aarch64, cp313-cp313-manylinux_2_28_aarch64) are compatible (run pip debug --verbose to show compatible tags): https://files.pythonhosted.org/packages/6b/4d/e9bbe23cec7394ed1190f5af688efd1b41dea8515371f0b1ee6ad4c09682/chardet-7.4.0.post1-cp313-cp313-manylinux2014_aarch64.manylinux_2_17_aarch64.manylinux_2_28_aarch64.whl (from https://pypi.org/simple/chardet/) (requires-python:>=3.10)
2026-07-30T19:03:43,062   Skipping link: none of the wheel's tags (cp313-cp313-manylinux2014_x86_64, cp313-cp313-manylinux_2_17_x86_64, cp313-cp313-manylinux_2_28_x86_64) are compatible (run pip debug --verbose to show compatible tags): https://files.pythonhosted.org/packages/d1/3b/6103194ea934f1c3a4ea080905c8849f71e83de455c16cb625d25f49b779/chardet-7.4.0.post1-cp313-cp313-manylinux2014_x86_64.manylinux_2_17_x86_64.manylinux_2_28_x86_64.whl (from https://pypi.org/simple/chardet/) (requires-python:>=3.10)
2026-07-30T19:03:43,062   Skipping link: none of the wheel's tags (cp313-cp313-manylinux_2_31_riscv64, cp313-cp313-manylinux_2_39_riscv64) are compatible (run pip debug --verbose to show compatible tags): https://files.pythonhosted.org/packages/72/06/317627e347072507e448e0515b736cdb650826c57c7217ce1361615d7a85/chardet-7.4.0.post1-cp313-cp313-manylinux_2_31_riscv64.manylinux_2_39_riscv64.whl (from https://pypi.org/simple/chardet/) (requires-python:>=3.10)
2026-07-30T19:03:43,062   Skipping link: none of the wheel's tags (cp314-cp314-macosx_10_15_x86_64) are compatible (run pip debug --verbose to show compatible tags): https://files.pythonhosted.org/packages/6f/11/74e49a9fa914afe7e751263969894c61e2c49b7e71c0047bcaab64c8117f/chardet-7.4.0.post1-cp314-cp314-macosx_10_15_x86_64.whl (from https://pypi.org/simple/chardet/) (requires-python:>=3.10)
2026-07-30T19:03:43,062   Skipping link: none of the wheel's tags (cp314-cp314-macosx_11_0_arm64) are compatible (run pip debug --verbose to show compatible tags): https://files.pythonhosted.org/packages/7e/a3/a358e5fb4144da67fe9572b4506ce3a065dc24e9cc030d1b049c6b1e914e/chardet-7.4.0.post1-cp314-cp314-macosx_11_0_arm64.whl (from https://pypi.org/simple/chardet/) (requires-python:>=3.10)
2026-07-30T19:03:43,062   Skipping link: none of the wheel's tags (cp314-cp314-manylinux2014_aarch64, cp314-cp314-manylinux_2_17_aarch64, cp314-cp314-manylinux_2_28_aarch64) are compatible (run pip debug --verbose to show compatible tags): https://files.pythonhosted.org/packages/b6/8e/488e166cc97bf7544d246c628a1abd7af1e369c4068cedb02a5f0abe8a74/chardet-7.4.0.post1-cp314-cp314-manylinux2014_aarch64.manylinux_2_17_aarch64.manylinux_2_28_aarch64.whl (from https://pypi.org/simple/chardet/) (requires-python:>=3.10)
2026-07-30T19:03:43,063   Skipping link: none of the wheel's tags (cp314-cp314-manylinux2014_x86_64, cp314-cp314-manylinux_2_17_x86_64, cp314-cp314-manylinux_2_28_x86_64) are compatible (run pip debug --verbose to show compatible tags): https://files.pythonhosted.org/packages/19/0e/d3ed1a607f64c831ff2c35adc43d1a5db1cce4494585d494d3465e4b593b/chardet-7.4.0.post1-cp314-cp314-manylinux2014_x86_64.manylinux_2_17_x86_64.manylinux_2_28_x86_64.whl (from https://pypi.org/simple/chardet/) (requires-python:>=3.10)
2026-07-30T19:03:43,063   Skipping link: none of the wheel's tags (cp314-cp314-manylinux_2_31_riscv64, cp314-cp314-manylinux_2_39_riscv64) are compatible (run pip debug --verbose to show compatible tags): https://files.pythonhosted.org/packages/8d/6a/9ad635e2b75e6b058c1104a2821a1ed444161279f112df2c0f914193dff1/chardet-7.4.0.post1-cp314-cp314-manylinux_2_31_riscv64.manylinux_2_39_riscv64.whl (from https://pypi.org/simple/chardet/) (requires-python:>=3.10)
2026-07-30T19:03:43,063   Found link https://files.pythonhosted.org/packages/91/d7/47988d40231b41376f5a66346ef3b322c81091dfd4c0f84df5a1e3bb06b5/chardet-7.4.0.post1-py3-none-any.whl (from https://pypi.org/simple/chardet/) (requires-python:>=3.10), version: 7.4.0.post1
2026-07-30T19:03:43,063   Skipping link: none of the wheel's tags (cp310-cp310-macosx_10_9_x86_64) are compatible (run pip debug --verbose to show compatible tags): https://files.pythonhosted.org/packages/e9/35/1adb720ebfa87dfdc089e0acc0e911adc7f1c9394824fcbfea188ca7cabf/chardet-7.4.0.post2-cp310-cp310-macosx_10_9_x86_64.whl (from https://pypi.org/simple/chardet/) (requires-python:>=3.10)
2026-07-30T19:03:43,063   Skipping link: none of the wheel's tags (cp310-cp310-macosx_11_0_arm64) are compatible (run pip debug --verbose to show compatible tags): https://files.pythonhosted.org/packages/f6/69/969ded64b37176f066c4c45871d660fedca3f8da96e0ef8fb3bde6187416/chardet-7.4.0.post2-cp310-cp310-macosx_11_0_arm64.whl (from https://pypi.org/simple/chardet/) (requires-python:>=3.10)
2026-07-30T19:03:43,063   Skipping link: none of the wheel's tags (cp310-cp310-manylinux2014_aarch64, cp310-cp310-manylinux_2_17_aarch64, cp310-cp310-manylinux_2_28_aarch64) are compatible (run pip debug --verbose to show compatible tags): https://files.pythonhosted.org/packages/77/1d/1ecd889464d7a641f26ecdf1cd4dbe0dcbd0b0afac47435ca2031b3f50da/chardet-7.4.0.post2-cp310-cp310-manylinux2014_aarch64.manylinux_2_17_aarch64.manylinux_2_28_aarch64.whl (from https://pypi.org/simple/chardet/) (requires-python:>=3.10)
2026-07-30T19:03:43,063   Skipping link: none of the wheel's tags (cp310-cp310-manylinux2014_x86_64, cp310-cp310-manylinux_2_17_x86_64, cp310-cp310-manylinux_2_28_x86_64) are compatible (run pip debug --verbose to show compatible tags): https://files.pythonhosted.org/packages/38/20/eb8babbc63b95d98c0b82fd2870fcd52b55ef7980039547cb5c04e75bd16/chardet-7.4.0.post2-cp310-cp310-manylinux2014_x86_64.manylinux_2_17_x86_64.manylinux_2_28_x86_64.whl (from https://pypi.org/simple/chardet/) (requires-python:>=3.10)
2026-07-30T19:03:43,063   Skipping link: none of the wheel's tags (cp310-cp310-manylinux_2_31_riscv64, cp310-cp310-manylinux_2_39_riscv64) are compatible (run pip debug --verbose to show compatible tags): https://files.pythonhosted.org/packages/0e/5f/be8a831885459580a5975e162da7a6e8111bcc942f9562fe69f9fa152b41/chardet-7.4.0.post2-cp310-cp310-manylinux_2_31_riscv64.manylinux_2_39_riscv64.whl (from https://pypi.org/simple/chardet/) (requires-python:>=3.10)
2026-07-30T19:03:43,064   Skipping link: none of the wheel's tags (cp310-cp310-win_amd64) are compatible (run pip debug --verbose to show compatible tags): https://files.pythonhosted.org/packages/36/09/7618514ecc1a47d9316cf0c2f49437b6bef3d5281a00abd675f3731ef6eb/chardet-7.4.0.post2-cp310-cp310-win_amd64.whl (from https://pypi.org/simple/chardet/) (requires-python:>=3.10)
2026-07-30T19:03:43,064   Skipping link: none of the wheel's tags (cp311-cp311-macosx_10_9_x86_64) are compatible (run pip debug --verbose to show compatible tags): https://files.pythonhosted.org/packages/4a/db/fcccf6858e87927a22df20251bda9e672819f3db1f2497eccd0290059761/chardet-7.4.0.post2-cp311-cp311-macosx_10_9_x86_64.whl (from https://pypi.org/simple/chardet/) (requires-python:>=3.10)
2026-07-30T19:03:43,064   Skipping link: none of the wheel's tags (cp311-cp311-macosx_11_0_arm64) are compatible (run pip debug --verbose to show compatible tags): https://files.pythonhosted.org/packages/fe/79/c92968b31cd51d87328d0298ec3e8278027ad74c79309a60af3b88d0b199/chardet-7.4.0.post2-cp311-cp311-macosx_11_0_arm64.whl (from https://pypi.org/simple/chardet/) (requires-python:>=3.10)
2026-07-30T19:03:43,064   Skipping link: none of the wheel's tags (cp311-cp311-manylinux2014_aarch64, cp311-cp311-manylinux_2_17_aarch64, cp311-cp311-manylinux_2_28_aarch64) are compatible (run pip debug --verbose to show compatible tags): https://files.pythonhosted.org/packages/e8/e4/dc9f68093dac581f02bb842cc1d4b96468ce3388f241168b02d97b05fe3e/chardet-7.4.0.post2-cp311-cp311-manylinux2014_aarch64.manylinux_2_17_aarch64.manylinux_2_28_aarch64.whl (from https://pypi.org/simple/chardet/) (requires-python:>=3.10)
2026-07-30T19:03:43,064   Skipping link: none of the wheel's tags (cp311-cp311-manylinux2014_x86_64, cp311-cp311-manylinux_2_17_x86_64, cp311-cp311-manylinux_2_28_x86_64) are compatible (run pip debug --verbose to show compatible tags): https://files.pythonhosted.org/packages/8c/57/053b571501feffd18bc7ff97d251293ad0e7ccc362c38be7fd6d640ca3fc/chardet-7.4.0.post2-cp311-cp311-manylinux2014_x86_64.manylinux_2_17_x86_64.manylinux_2_28_x86_64.whl (from https://pypi.org/simple/chardet/) (requires-python:>=3.10)
2026-07-30T19:03:43,064   Skipping link: none of the wheel's tags (cp311-cp311-manylinux_2_31_riscv64, cp311-cp311-manylinux_2_39_riscv64) are compatible (run pip debug --verbose to show compatible tags): https://files.pythonhosted.org/packages/a9/4e/53cc4b9128e6449ad21ac023bfa4495f6c0b8e5ededf883368f541866a93/chardet-7.4.0.post2-cp311-cp311-manylinux_2_31_riscv64.manylinux_2_39_riscv64.whl (from https://pypi.org/simple/chardet/) (requires-python:>=3.10)
2026-07-30T19:03:43,064   Found link https://files.pythonhosted.org/packages/b6/86/2f178028970f0c8beaaf54f7ba6dbb1767f41435f332406f88f7c2711f84/chardet-7.4.0.post2-cp311-cp311-win_amd64.whl (from https://pypi.org/simple/chardet/) (requires-python:>=3.10), version: 7.4.0.post2
2026-07-30T19:03:43,064   Skipping link: none of the wheel's tags (cp312-cp312-macosx_10_13_x86_64) are compatible (run pip debug --verbose to show compatible tags): https://files.pythonhosted.org/packages/b0/24/b012c1fd362e1a25425afd9f746166976b8ba3b2d78140a39df23bba2886/chardet-7.4.0.post2-cp312-cp312-macosx_10_13_x86_64.whl (from https://pypi.org/simple/chardet/) (requires-python:>=3.10)
2026-07-30T19:03:43,064   Skipping link: none of the wheel's tags (cp312-cp312-macosx_11_0_arm64) are compatible (run pip debug --verbose to show compatible tags): https://files.pythonhosted.org/packages/0d/01/778bcb1e162000c5b8295a25191935b0b2eaf0000096bd3fcbf782b5c8c0/chardet-7.4.0.post2-cp312-cp312-macosx_11_0_arm64.whl (from https://pypi.org/simple/chardet/) (requires-python:>=3.10)
2026-07-30T19:03:43,065   Skipping link: none of the wheel's tags (cp312-cp312-manylinux2014_aarch64, cp312-cp312-manylinux_2_17_aarch64, cp312-cp312-manylinux_2_28_aarch64) are compatible (run pip debug --verbose to show compatible tags): https://files.pythonhosted.org/packages/e6/6a/827065f0390160d1c74e4cbe8f68815d56daf392c1eb5027fb16d0700d75/chardet-7.4.0.post2-cp312-cp312-manylinux2014_aarch64.manylinux_2_17_aarch64.manylinux_2_28_aarch64.whl (from https://pypi.org/simple/chardet/) (requires-python:>=3.10)
2026-07-30T19:03:43,065   Skipping link: none of the wheel's tags (cp312-cp312-manylinux2014_x86_64, cp312-cp312-manylinux_2_17_x86_64, cp312-cp312-manylinux_2_28_x86_64) are compatible (run pip debug --verbose to show compatible tags): https://files.pythonhosted.org/packages/e2/32/3abb90c7057e2cbdd711b59d99dc4dfc1a28b7da5a41971ec918f0928682/chardet-7.4.0.post2-cp312-cp312-manylinux2014_x86_64.manylinux_2_17_x86_64.manylinux_2_28_x86_64.whl (from https://pypi.org/simple/chardet/) (requires-python:>=3.10)
2026-07-30T19:03:43,065   Skipping link: none of the wheel's tags (cp312-cp312-manylinux_2_31_riscv64, cp312-cp312-manylinux_2_39_riscv64) are compatible (run pip debug --verbose to show compatible tags): https://files.pythonhosted.org/packages/7d/e2/c0f2a96cbda065765ad33b3a8f466b279983a72a6e3035e0f5cfa54b831f/chardet-7.4.0.post2-cp312-cp312-manylinux_2_31_riscv64.manylinux_2_39_riscv64.whl (from https://pypi.org/simple/chardet/) (requires-python:>=3.10)
2026-07-30T19:03:43,065   Skipping link: none of the wheel's tags (cp312-cp312-win_amd64) are compatible (run pip debug --verbose to show compatible tags): https://files.pythonhosted.org/packages/46/0d/0b6039f2d254698a525d9a1b00334b3262a6521adede50885f05ba714fad/chardet-7.4.0.post2-cp312-cp312-win_amd64.whl (from https://pypi.org/simple/chardet/) (requires-python:>=3.10)
2026-07-30T19:03:43,065   Skipping link: none of the wheel's tags (cp313-cp313-macosx_10_13_x86_64) are compatible (run pip debug --verbose to show compatible tags): https://files.pythonhosted.org/packages/64/6f/40998484582edf32ebcbe30a51c0b33fb476aa4d22b172d4aabc3f47c5ed/chardet-7.4.0.post2-cp313-cp313-macosx_10_13_x86_64.whl (from https://pypi.org/simple/chardet/) (requires-python:>=3.10)
2026-07-30T19:03:43,065   Skipping link: none of the wheel's tags (cp313-cp313-macosx_11_0_arm64) are compatible (run pip debug --verbose to show compatible tags): https://files.pythonhosted.org/packages/32/ed/0fc7f4be6d346049bafec134cb4d122317e8e803b42e520f8214f02d9d13/chardet-7.4.0.post2-cp313-cp313-macosx_11_0_arm64.whl (from https://pypi.org/simple/chardet/) (requires-python:>=3.10)
2026-07-30T19:03:43,065   Skipping link: none of the wheel's tags (cp313-cp313-manylinux2014_aarch64, cp313-cp313-manylinux_2_17_aarch64, cp313-cp313-manylinux_2_28_aarch64) are compatible (run pip debug --verbose to show compatible tags): https://files.pythonhosted.org/packages/11/7d/f22cf8861c18126b6775b4d4a95fa4141ecc4a24d87c5a225d1d5df472c1/chardet-7.4.0.post2-cp313-cp313-manylinux2014_aarch64.manylinux_2_17_aarch64.manylinux_2_28_aarch64.whl (from https://pypi.org/simple/chardet/) (requires-python:>=3.10)
2026-07-30T19:03:43,065   Skipping link: none of the wheel's tags (cp313-cp313-manylinux2014_x86_64, cp313-cp313-manylinux_2_17_x86_64, cp313-cp313-manylinux_2_28_x86_64) are compatible (run pip debug --verbose to show compatible tags): https://files.pythonhosted.org/packages/27/ff/0f582b7a9369bba8abb47d72c3d1d1122c351b8fb04dcac2637683072bcb/chardet-7.4.0.post2-cp313-cp313-manylinux2014_x86_64.manylinux_2_17_x86_64.manylinux_2_28_x86_64.whl (from https://pypi.org/simple/chardet/) (requires-python:>=3.10)
2026-07-30T19:03:43,065   Skipping link: none of the wheel's tags (cp313-cp313-manylinux_2_31_riscv64, cp313-cp313-manylinux_2_39_riscv64) are compatible (run pip debug --verbose to show compatible tags): https://files.pythonhosted.org/packages/51/7b/226d88c86a5351dcb03cf7702f6916ab304d6ce5146a96d1636c9b4287a2/chardet-7.4.0.post2-cp313-cp313-manylinux_2_31_riscv64.manylinux_2_39_riscv64.whl (from https://pypi.org/simple/chardet/) (requires-python:>=3.10)
2026-07-30T19:03:43,066   Skipping link: none of the wheel's tags (cp313-cp313-win_amd64) are compatible (run pip debug --verbose to show compatible tags): https://files.pythonhosted.org/packages/55/ef/b34d768e047796f69866b88dd81f10993bb5d7421a6196799512e478dd6a/chardet-7.4.0.post2-cp313-cp313-win_amd64.whl (from https://pypi.org/simple/chardet/) (requires-python:>=3.10)
2026-07-30T19:03:43,066   Skipping link: none of the wheel's tags (cp314-cp314-macosx_10_15_x86_64) are compatible (run pip debug --verbose to show compatible tags): https://files.pythonhosted.org/packages/b2/1e/8b5d54ecc873e828e9b91cddfce6bf5a058d7bb3d64007cfbbbc872b0bda/chardet-7.4.0.post2-cp314-cp314-macosx_10_15_x86_64.whl (from https://pypi.org/simple/chardet/) (requires-python:>=3.10)
2026-07-30T19:03:43,066   Skipping link: none of the wheel's tags (cp314-cp314-macosx_11_0_arm64) are compatible (run pip debug --verbose to show compatible tags): https://files.pythonhosted.org/packages/26/17/8c2cf762c876b04036e561d2a27df8a6305435db1cb584f71c356e319c40/chardet-7.4.0.post2-cp314-cp314-macosx_11_0_arm64.whl (from https://pypi.org/simple/chardet/) (requires-python:>=3.10)
2026-07-30T19:03:43,066   Skipping link: none of the wheel's tags (cp314-cp314-manylinux2014_aarch64, cp314-cp314-manylinux_2_17_aarch64, cp314-cp314-manylinux_2_28_aarch64) are compatible (run pip debug --verbose to show compatible tags): https://files.pythonhosted.org/packages/3b/21/51fb8cfbcf2f1acc7c03776f4452f64ff2b9051505b38bc9e2a3941af330/chardet-7.4.0.post2-cp314-cp314-manylinux2014_aarch64.manylinux_2_17_aarch64.manylinux_2_28_aarch64.whl (from https://pypi.org/simple/chardet/) (requires-python:>=3.10)
2026-07-30T19:03:43,066   Skipping link: none of the wheel's tags (cp314-cp314-manylinux2014_x86_64, cp314-cp314-manylinux_2_17_x86_64, cp314-cp314-manylinux_2_28_x86_64) are compatible (run pip debug --verbose to show compatible tags): https://files.pythonhosted.org/packages/fb/b6/13cc503f45beeb1117fc9c83f294df16ebce5d75eac9f0cefb8cce4357a1/chardet-7.4.0.post2-cp314-cp314-manylinux2014_x86_64.manylinux_2_17_x86_64.manylinux_2_28_x86_64.whl (from https://pypi.org/simple/chardet/) (requires-python:>=3.10)
2026-07-30T19:03:43,066   Skipping link: none of the wheel's tags (cp314-cp314-manylinux_2_31_riscv64, cp314-cp314-manylinux_2_39_riscv64) are compatible (run pip debug --verbose to show compatible tags): https://files.pythonhosted.org/packages/30/ca/f1ab73f8d431c5257ad536956992513a5c135c53cf2a3dc94b8a45f83082/chardet-7.4.0.post2-cp314-cp314-manylinux_2_31_riscv64.manylinux_2_39_riscv64.whl (from https://pypi.org/simple/chardet/) (requires-python:>=3.10)
2026-07-30T19:03:43,066   Skipping link: none of the wheel's tags (cp314-cp314-win_amd64) are compatible (run pip debug --verbose to show compatible tags): https://files.pythonhosted.org/packages/1a/cc/d2918dc6d110cf585a30ee11dbdcfa56a2b2fbf16e2b4117fe8bf800f320/chardet-7.4.0.post2-cp314-cp314-win_amd64.whl (from https://pypi.org/simple/chardet/) (requires-python:>=3.10)
2026-07-30T19:03:43,066   Found link https://files.pythonhosted.org/packages/94/d2/22ac0b5b832bb9d2f29311dcded6c09ad0c32c23e3e53a8033aad5eb8652/chardet-7.4.0.post2-py3-none-any.whl (from https://pypi.org/simple/chardet/) (requires-python:>=3.10), version: 7.4.0.post2
2026-07-30T19:03:43,066   Found link https://files.pythonhosted.org/packages/03/4b/1fe1ade6b4d33abff0224b45a8310775b04308668ad1bdef725af8e3fcaa/chardet-7.4.0.post2.tar.gz (from https://pypi.org/simple/chardet/) (requires-python:>=3.10), version: 7.4.0.post2
2026-07-30T19:03:43,066   Skipping link: none of the wheel's tags (cp310-cp310-macosx_10_9_x86_64) are compatible (run pip debug --verbose to show compatible tags): https://files.pythonhosted.org/packages/e7/93/f424a68707300bd9d516b3910382f43e0fac3cf08ec0835771d4ab61ec90/chardet-7.4.1-cp310-cp310-macosx_10_9_x86_64.whl (from https://pypi.org/simple/chardet/) (requires-python:>=3.10)
2026-07-30T19:03:43,066   Skipping link: none of the wheel's tags (cp310-cp310-macosx_11_0_arm64) are compatible (run pip debug --verbose to show compatible tags): https://files.pythonhosted.org/packages/9e/e9/fb8a37373cb8a7217e2284fcbacab3f93413827ebfdd8836830e6aab559c/chardet-7.4.1-cp310-cp310-macosx_11_0_arm64.whl (from https://pypi.org/simple/chardet/) (requires-python:>=3.10)
2026-07-30T19:03:43,067   Skipping link: none of the wheel's tags (cp310-cp310-manylinux2014_aarch64, cp310-cp310-manylinux_2_17_aarch64, cp310-cp310-manylinux_2_28_aarch64) are compatible (run pip debug --verbose to show compatible tags): https://files.pythonhosted.org/packages/77/82/8e86c71232962f35b5baede1535dc22d155dc45256ab632af3ec25526a1f/chardet-7.4.1-cp310-cp310-manylinux2014_aarch64.manylinux_2_17_aarch64.manylinux_2_28_aarch64.whl (from https://pypi.org/simple/chardet/) (requires-python:>=3.10)
2026-07-30T19:03:43,067   Skipping link: none of the wheel's tags (cp310-cp310-manylinux2014_x86_64, cp310-cp310-manylinux_2_17_x86_64, cp310-cp310-manylinux_2_28_x86_64) are compatible (run pip debug --verbose to show compatible tags): https://files.pythonhosted.org/packages/28/b7/63c46c95a47dddfd10269cce047b3cc144868683941ba188047b9ce7491e/chardet-7.4.1-cp310-cp310-manylinux2014_x86_64.manylinux_2_17_x86_64.manylinux_2_28_x86_64.whl (from https://pypi.org/simple/chardet/) (requires-python:>=3.10)
2026-07-30T19:03:43,067   Skipping link: none of the wheel's tags (cp310-cp310-manylinux_2_31_riscv64, cp310-cp310-manylinux_2_39_riscv64) are compatible (run pip debug --verbose to show compatible tags): https://files.pythonhosted.org/packages/9e/d0/cd925d362e07242fd2d283ea6998e1206991a395b361e90965409ccad70d/chardet-7.4.1-cp310-cp310-manylinux_2_31_riscv64.manylinux_2_39_riscv64.whl (from https://pypi.org/simple/chardet/) (requires-python:>=3.10)
2026-07-30T19:03:43,067   Skipping link: none of the wheel's tags (cp310-cp310-win_amd64) are compatible (run pip debug --verbose to show compatible tags): https://files.pythonhosted.org/packages/d1/be/2a9dcd14c069efe657648a883ee2c2817515e8fae7e5e2e4ce9843a03266/chardet-7.4.1-cp310-cp310-win_amd64.whl (from https://pypi.org/simple/chardet/) (requires-python:>=3.10)
2026-07-30T19:03:43,067   Skipping link: none of the wheel's tags (cp311-cp311-macosx_10_9_x86_64) are compatible (run pip debug --verbose to show compatible tags): https://files.pythonhosted.org/packages/cb/2c/bc6d4f9acbad0bf402ce1fe47bac43324f04036848ca3525f4e53bca8198/chardet-7.4.1-cp311-cp311-macosx_10_9_x86_64.whl (from https://pypi.org/simple/chardet/) (requires-python:>=3.10)
2026-07-30T19:03:43,067   Skipping link: none of the wheel's tags (cp311-cp311-macosx_11_0_arm64) are compatible (run pip debug --verbose to show compatible tags): https://files.pythonhosted.org/packages/9f/dd/d1f18e3f3fe00799c652560521ba699f9698c264a0e1bbfc67e567a6d995/chardet-7.4.1-cp311-cp311-macosx_11_0_arm64.whl (from https://pypi.org/simple/chardet/) (requires-python:>=3.10)
2026-07-30T19:03:43,067   Skipping link: none of the wheel's tags (cp311-cp311-manylinux2014_aarch64, cp311-cp311-manylinux_2_17_aarch64, cp311-cp311-manylinux_2_28_aarch64) are compatible (run pip debug --verbose to show compatible tags): https://files.pythonhosted.org/packages/6a/cc/04f75834c7c8e37c43f4b5d5c29a9e6ae8002e87de335418a9f277efdbbf/chardet-7.4.1-cp311-cp311-manylinux2014_aarch64.manylinux_2_17_aarch64.manylinux_2_28_aarch64.whl (from https://pypi.org/simple/chardet/) (requires-python:>=3.10)
2026-07-30T19:03:43,067   Skipping link: none of the wheel's tags (cp311-cp311-manylinux2014_x86_64, cp311-cp311-manylinux_2_17_x86_64, cp311-cp311-manylinux_2_28_x86_64) are compatible (run pip debug --verbose to show compatible tags): https://files.pythonhosted.org/packages/65/6a/9cc5221337a0f47478e4cb91623bf89c99728a43ff682ea8772827cc45a6/chardet-7.4.1-cp311-cp311-manylinux2014_x86_64.manylinux_2_17_x86_64.manylinux_2_28_x86_64.whl (from https://pypi.org/simple/chardet/) (requires-python:>=3.10)
2026-07-30T19:03:43,067   Skipping link: none of the wheel's tags (cp311-cp311-manylinux_2_31_riscv64, cp311-cp311-manylinux_2_39_riscv64) are compatible (run pip debug --verbose to show compatible tags): https://files.pythonhosted.org/packages/73/c9/6e378a9337c8710f0bb7d6ad847a49f65858ecd88aa75a826ece8f6ec9df/chardet-7.4.1-cp311-cp311-manylinux_2_31_riscv64.manylinux_2_39_riscv64.whl (from https://pypi.org/simple/chardet/) (requires-python:>=3.10)
2026-07-30T19:03:43,067   Found link https://files.pythonhosted.org/packages/c0/a9/68387dfc67972bc3547e84f3545af6bc1a53c46a01b6976ffa263485d61a/chardet-7.4.1-cp311-cp311-win_amd64.whl (from https://pypi.org/simple/chardet/) (requires-python:>=3.10), version: 7.4.1
2026-07-30T19:03:43,068   Skipping link: none of the wheel's tags (cp312-cp312-macosx_10_13_x86_64) are compatible (run pip debug --verbose to show compatible tags): https://files.pythonhosted.org/packages/fb/4a/ff2acdb422d32a2440718910da996bd5be03bd67fd504255918409b88439/chardet-7.4.1-cp312-cp312-macosx_10_13_x86_64.whl (from https://pypi.org/simple/chardet/) (requires-python:>=3.10)
2026-07-30T19:03:43,068   Skipping link: none of the wheel's tags (cp312-cp312-macosx_11_0_arm64) are compatible (run pip debug --verbose to show compatible tags): https://files.pythonhosted.org/packages/53/b1/320ee3b3d8b1b95f48d02a081f28e23caf9bd044ff11e6c1597ffe65fa2f/chardet-7.4.1-cp312-cp312-macosx_11_0_arm64.whl (from https://pypi.org/simple/chardet/) (requires-python:>=3.10)
2026-07-30T19:03:43,068   Skipping link: none of the wheel's tags (cp312-cp312-manylinux2014_aarch64, cp312-cp312-manylinux_2_17_aarch64, cp312-cp312-manylinux_2_28_aarch64) are compatible (run pip debug --verbose to show compatible tags): https://files.pythonhosted.org/packages/a2/db/6b410be7880dfd1d3e4ab4635772755010bc0671d5a8bd4fc4935d22af29/chardet-7.4.1-cp312-cp312-manylinux2014_aarch64.manylinux_2_17_aarch64.manylinux_2_28_aarch64.whl (from https://pypi.org/simple/chardet/) (requires-python:>=3.10)
2026-07-30T19:03:43,068   Skipping link: none of the wheel's tags (cp312-cp312-manylinux2014_x86_64, cp312-cp312-manylinux_2_17_x86_64, cp312-cp312-manylinux_2_28_x86_64) are compatible (run pip debug --verbose to show compatible tags): https://files.pythonhosted.org/packages/5a/ea/119e9b64e74762ec279f4c742c353e35602437f29ae3ddc2b0cb43071dba/chardet-7.4.1-cp312-cp312-manylinux2014_x86_64.manylinux_2_17_x86_64.manylinux_2_28_x86_64.whl (from https://pypi.org/simple/chardet/) (requires-python:>=3.10)
2026-07-30T19:03:43,068   Skipping link: none of the wheel's tags (cp312-cp312-manylinux_2_31_riscv64, cp312-cp312-manylinux_2_39_riscv64) are compatible (run pip debug --verbose to show compatible tags): https://files.pythonhosted.org/packages/9a/b7/ba80b9936829323088d1721d74ed2a38791a9e838246757c54d9b1c880f6/chardet-7.4.1-cp312-cp312-manylinux_2_31_riscv64.manylinux_2_39_riscv64.whl (from https://pypi.org/simple/chardet/) (requires-python:>=3.10)
2026-07-30T19:03:43,068   Skipping link: none of the wheel's tags (cp312-cp312-win_amd64) are compatible (run pip debug --verbose to show compatible tags): https://files.pythonhosted.org/packages/6e/4c/dc7359553bcb0ff0511ef84bf997ad6308bc1bd0ca268bbcebb2866cebf5/chardet-7.4.1-cp312-cp312-win_amd64.whl (from https://pypi.org/simple/chardet/) (requires-python:>=3.10)
2026-07-30T19:03:43,068   Skipping link: none of the wheel's tags (cp313-cp313-macosx_10_13_x86_64) are compatible (run pip debug --verbose to show compatible tags): https://files.pythonhosted.org/packages/07/f2/b64a7edb73e6977c75d953a563827293726a6b17c32bceebb343cb515822/chardet-7.4.1-cp313-cp313-macosx_10_13_x86_64.whl (from https://pypi.org/simple/chardet/) (requires-python:>=3.10)
2026-07-30T19:03:43,068   Skipping link: none of the wheel's tags (cp313-cp313-macosx_11_0_arm64) are compatible (run pip debug --verbose to show compatible tags): https://files.pythonhosted.org/packages/29/37/0fa39432d526392ed17a91566f878c397da8990956a5552bcae915412ded/chardet-7.4.1-cp313-cp313-macosx_11_0_arm64.whl (from https://pypi.org/simple/chardet/) (requires-python:>=3.10)
2026-07-30T19:03:43,068   Skipping link: none of the wheel's tags (cp313-cp313-manylinux2014_aarch64, cp313-cp313-manylinux_2_17_aarch64, cp313-cp313-manylinux_2_28_aarch64) are compatible (run pip debug --verbose to show compatible tags): https://files.pythonhosted.org/packages/6c/f2/0a6b22e6d1d8fbfdfeea65cf91d9d33222a7aa20256729a18bf920cbde9f/chardet-7.4.1-cp313-cp313-manylinux2014_aarch64.manylinux_2_17_aarch64.manylinux_2_28_aarch64.whl (from https://pypi.org/simple/chardet/) (requires-python:>=3.10)
2026-07-30T19:03:43,068   Skipping link: none of the wheel's tags (cp313-cp313-manylinux2014_x86_64, cp313-cp313-manylinux_2_17_x86_64, cp313-cp313-manylinux_2_28_x86_64) are compatible (run pip debug --verbose to show compatible tags): https://files.pythonhosted.org/packages/b9/14/5fcd93d44ff6c2142907662888b296c0b303376fd1c332c488981ccb2f21/chardet-7.4.1-cp313-cp313-manylinux2014_x86_64.manylinux_2_17_x86_64.manylinux_2_28_x86_64.whl (from https://pypi.org/simple/chardet/) (requires-python:>=3.10)
2026-07-30T19:03:43,069   Skipping link: none of the wheel's tags (cp313-cp313-manylinux_2_31_riscv64, cp313-cp313-manylinux_2_39_riscv64) are compatible (run pip debug --verbose to show compatible tags): https://files.pythonhosted.org/packages/b9/17/d6da96aa2a00d65a40732725e5262c7314dd5b9bdc3036d83d7b0cb96c40/chardet-7.4.1-cp313-cp313-manylinux_2_31_riscv64.manylinux_2_39_riscv64.whl (from https://pypi.org/simple/chardet/) (requires-python:>=3.10)
2026-07-30T19:03:43,069   Skipping link: none of the wheel's tags (cp313-cp313-win_amd64) are compatible (run pip debug --verbose to show compatible tags): https://files.pythonhosted.org/packages/67/ee/7f5833299f6e193214c386072e5350b29ce0db2bace7ebe7a7aadb621774/chardet-7.4.1-cp313-cp313-win_amd64.whl (from https://pypi.org/simple/chardet/) (requires-python:>=3.10)
2026-07-30T19:03:43,069   Skipping link: none of the wheel's tags (cp314-cp314-macosx_10_15_x86_64) are compatible (run pip debug --verbose to show compatible tags): https://files.pythonhosted.org/packages/24/05/b01e2a64d863d76af594405ecebf244b982b16571a43c5cd4a4c9303d528/chardet-7.4.1-cp314-cp314-macosx_10_15_x86_64.whl (from https://pypi.org/simple/chardet/) (requires-python:>=3.10)
2026-07-30T19:03:43,069   Skipping link: none of the wheel's tags (cp314-cp314-macosx_11_0_arm64) are compatible (run pip debug --verbose to show compatible tags): https://files.pythonhosted.org/packages/f1/ac/f2661976d435f2e16ed31b2e61cbdf6afcd2289220cf5f35fc981bae828b/chardet-7.4.1-cp314-cp314-macosx_11_0_arm64.whl (from https://pypi.org/simple/chardet/) (requires-python:>=3.10)
2026-07-30T19:03:43,069   Skipping link: none of the wheel's tags (cp314-cp314-manylinux2014_aarch64, cp314-cp314-manylinux_2_17_aarch64, cp314-cp314-manylinux_2_28_aarch64) are compatible (run pip debug --verbose to show compatible tags): https://files.pythonhosted.org/packages/d6/89/9bc5b116e91ec5d72dd89f5cab0f200aafbea379c9f92e6af1d6f751e4de/chardet-7.4.1-cp314-cp314-manylinux2014_aarch64.manylinux_2_17_aarch64.manylinux_2_28_aarch64.whl (from https://pypi.org/simple/chardet/) (requires-python:>=3.10)
2026-07-30T19:03:43,069   Skipping link: none of the wheel's tags (cp314-cp314-manylinux2014_x86_64, cp314-cp314-manylinux_2_17_x86_64, cp314-cp314-manylinux_2_28_x86_64) are compatible (run pip debug --verbose to show compatible tags): https://files.pythonhosted.org/packages/e3/30/1af6666f34e3ced9a2dd2993743c1f70af7b52d5db4c4eba22c42a265eae/chardet-7.4.1-cp314-cp314-manylinux2014_x86_64.manylinux_2_17_x86_64.manylinux_2_28_x86_64.whl (from https://pypi.org/simple/chardet/) (requires-python:>=3.10)
2026-07-30T19:03:43,069   Skipping link: none of the wheel's tags (cp314-cp314-manylinux_2_31_riscv64, cp314-cp314-manylinux_2_39_riscv64) are compatible (run pip debug --verbose to show compatible tags): https://files.pythonhosted.org/packages/8d/ec/3741b48d7dfa241a3ef701b1bb49bf0a3862309378f1bd39e0026b81fc7c/chardet-7.4.1-cp314-cp314-manylinux_2_31_riscv64.manylinux_2_39_riscv64.whl (from https://pypi.org/simple/chardet/) (requires-python:>=3.10)
2026-07-30T19:03:43,069   Skipping link: none of the wheel's tags (cp314-cp314-win_amd64) are compatible (run pip debug --verbose to show compatible tags): https://files.pythonhosted.org/packages/61/52/38714d4cb9d0a7d864aaf405ea7c26bcdb0fce7035a4fbc7a34c548afb2e/chardet-7.4.1-cp314-cp314-win_amd64.whl (from https://pypi.org/simple/chardet/) (requires-python:>=3.10)
2026-07-30T19:03:43,069   Found link https://files.pythonhosted.org/packages/82/1e/e61baae08212bd3e4d63b49203e36d75f6bc16062d5ee137b95eb9e6692f/chardet-7.4.1-py3-none-any.whl (from https://pypi.org/simple/chardet/) (requires-python:>=3.10), version: 7.4.1
2026-07-30T19:03:43,070   Found link https://files.pythonhosted.org/packages/a7/e7/58aadb0c7a4647957ef6a2a7d759f28904992632808328a1ba443a4e44d7/chardet-7.4.1.tar.gz (from https://pypi.org/simple/chardet/) (requires-python:>=3.10), version: 7.4.1
2026-07-30T19:03:43,070   Skipping link: none of the wheel's tags (cp310-cp310-macosx_10_9_x86_64) are compatible (run pip debug --verbose to show compatible tags): https://files.pythonhosted.org/packages/12/24/d3caa08d6ec8f3a344d514aab0d776b8df983e4cf081076da8c41dffd7fb/chardet-7.4.2-cp310-cp310-macosx_10_9_x86_64.whl (from https://pypi.org/simple/chardet/) (requires-python:>=3.10)
2026-07-30T19:03:43,070   Skipping link: none of the wheel's tags (cp310-cp310-macosx_11_0_arm64) are compatible (run pip debug --verbose to show compatible tags): https://files.pythonhosted.org/packages/41/9c/9938d6c86654b900b929b48d164d896d5f57cf681c5e7d30ee8ba50f1096/chardet-7.4.2-cp310-cp310-macosx_11_0_arm64.whl (from https://pypi.org/simple/chardet/) (requires-python:>=3.10)
2026-07-30T19:03:43,070   Skipping link: none of the wheel's tags (cp310-cp310-manylinux2014_aarch64, cp310-cp310-manylinux_2_17_aarch64, cp310-cp310-manylinux_2_28_aarch64) are compatible (run pip debug --verbose to show compatible tags): https://files.pythonhosted.org/packages/4a/91/a8387c63cd8d20bcd76cf85728ba5a929c2791e88a748388545e01044b66/chardet-7.4.2-cp310-cp310-manylinux2014_aarch64.manylinux_2_17_aarch64.manylinux_2_28_aarch64.whl (from https://pypi.org/simple/chardet/) (requires-python:>=3.10)
2026-07-30T19:03:43,070   Skipping link: none of the wheel's tags (cp310-cp310-manylinux2014_x86_64, cp310-cp310-manylinux_2_17_x86_64, cp310-cp310-manylinux_2_28_x86_64) are compatible (run pip debug --verbose to show compatible tags): https://files.pythonhosted.org/packages/d2/48/1bdf0976c925063c4932353032e515aabd38b543fb0b004e8f9548098a7a/chardet-7.4.2-cp310-cp310-manylinux2014_x86_64.manylinux_2_17_x86_64.manylinux_2_28_x86_64.whl (from https://pypi.org/simple/chardet/) (requires-python:>=3.10)
2026-07-30T19:03:43,070   Skipping link: none of the wheel's tags (cp310-cp310-manylinux_2_31_riscv64, cp310-cp310-manylinux_2_39_riscv64) are compatible (run pip debug --verbose to show compatible tags): https://files.pythonhosted.org/packages/71/dc/83af4434153218a7af2c72d4dbcf3024f4a535c38948ae199654a1efef2f/chardet-7.4.2-cp310-cp310-manylinux_2_31_riscv64.manylinux_2_39_riscv64.whl (from https://pypi.org/simple/chardet/) (requires-python:>=3.10)
2026-07-30T19:03:43,070   Skipping link: none of the wheel's tags (cp310-cp310-win_amd64) are compatible (run pip debug --verbose to show compatible tags): https://files.pythonhosted.org/packages/b0/c4/d606bd8fe1e873f76cf5327acef1d3a7d76e296d2aba8b38dea164e7d8fc/chardet-7.4.2-cp310-cp310-win_amd64.whl (from https://pypi.org/simple/chardet/) (requires-python:>=3.10)
2026-07-30T19:03:43,070   Skipping link: none of the wheel's tags (cp311-cp311-macosx_10_9_x86_64) are compatible (run pip debug --verbose to show compatible tags): https://files.pythonhosted.org/packages/7e/5a/522464b4db2c1506b3dafc5bc79aa8d9945c7205f7279a0b4c848273c583/chardet-7.4.2-cp311-cp311-macosx_10_9_x86_64.whl (from https://pypi.org/simple/chardet/) (requires-python:>=3.10)
2026-07-30T19:03:43,070   Skipping link: none of the wheel's tags (cp311-cp311-macosx_11_0_arm64) are compatible (run pip debug --verbose to show compatible tags): https://files.pythonhosted.org/packages/94/96/5f0193da84a805723fa68aa231e3b3467037578320886f2aa3c2114338db/chardet-7.4.2-cp311-cp311-macosx_11_0_arm64.whl (from https://pypi.org/simple/chardet/) (requires-python:>=3.10)
2026-07-30T19:03:43,070   Skipping link: none of the wheel's tags (cp311-cp311-manylinux2014_aarch64, cp311-cp311-manylinux_2_17_aarch64, cp311-cp311-manylinux_2_28_aarch64) are compatible (run pip debug --verbose to show compatible tags): https://files.pythonhosted.org/packages/5d/d3/f13a04a9d558670c94c775e4ba3f04e7b6068f9f1956738e3a58afce7740/chardet-7.4.2-cp311-cp311-manylinux2014_aarch64.manylinux_2_17_aarch64.manylinux_2_28_aarch64.whl (from https://pypi.org/simple/chardet/) (requires-python:>=3.10)
2026-07-30T19:03:43,071   Skipping link: none of the wheel's tags (cp311-cp311-manylinux2014_x86_64, cp311-cp311-manylinux_2_17_x86_64, cp311-cp311-manylinux_2_28_x86_64) are compatible (run pip debug --verbose to show compatible tags): https://files.pythonhosted.org/packages/7a/d1/c81c94e4ad69a18acf8cb062a9020df1fe8ee585069743c1f7bc58bb8000/chardet-7.4.2-cp311-cp311-manylinux2014_x86_64.manylinux_2_17_x86_64.manylinux_2_28_x86_64.whl (from https://pypi.org/simple/chardet/) (requires-python:>=3.10)
2026-07-30T19:03:43,071   Skipping link: none of the wheel's tags (cp311-cp311-manylinux_2_31_riscv64, cp311-cp311-manylinux_2_39_riscv64) are compatible (run pip debug --verbose to show compatible tags): https://files.pythonhosted.org/packages/b6/66/97b24adefcc41a8a853723fffafa8718088c247344fe7c0f546a5dce5ae3/chardet-7.4.2-cp311-cp311-manylinux_2_31_riscv64.manylinux_2_39_riscv64.whl (from https://pypi.org/simple/chardet/) (requires-python:>=3.10)
2026-07-30T19:03:43,071   Found link https://files.pythonhosted.org/packages/40/5d/c04277fd29ffbd82ff1adf62b63c338b010d27ac54f9c750de33b6969805/chardet-7.4.2-cp311-cp311-win_amd64.whl (from https://pypi.org/simple/chardet/) (requires-python:>=3.10), version: 7.4.2
2026-07-30T19:03:43,071   Skipping link: none of the wheel's tags (cp312-cp312-macosx_10_13_x86_64) are compatible (run pip debug --verbose to show compatible tags): https://files.pythonhosted.org/packages/64/56/053f0ead4c9b16bff717b3d34641a68ace197ab8af1232c33328aa68cb3e/chardet-7.4.2-cp312-cp312-macosx_10_13_x86_64.whl (from https://pypi.org/simple/chardet/) (requires-python:>=3.10)
2026-07-30T19:03:43,071   Skipping link: none of the wheel's tags (cp312-cp312-macosx_11_0_arm64) are compatible (run pip debug --verbose to show compatible tags): https://files.pythonhosted.org/packages/62/48/32f4b84d62a290f568168b2e4d8989e3fe9da5089487ad3aea032d8b92d0/chardet-7.4.2-cp312-cp312-macosx_11_0_arm64.whl (from https://pypi.org/simple/chardet/) (requires-python:>=3.10)
2026-07-30T19:03:43,071   Skipping link: none of the wheel's tags (cp312-cp312-manylinux2014_aarch64, cp312-cp312-manylinux_2_17_aarch64, cp312-cp312-manylinux_2_28_aarch64) are compatible (run pip debug --verbose to show compatible tags): https://files.pythonhosted.org/packages/01/13/4f9b1e77eb344ae30e32d43e29c51cabbaf62735ff8295d8a3a9228d6b4f/chardet-7.4.2-cp312-cp312-manylinux2014_aarch64.manylinux_2_17_aarch64.manylinux_2_28_aarch64.whl (from https://pypi.org/simple/chardet/) (requires-python:>=3.10)
2026-07-30T19:03:43,071   Skipping link: none of the wheel's tags (cp312-cp312-manylinux2014_x86_64, cp312-cp312-manylinux_2_17_x86_64, cp312-cp312-manylinux_2_28_x86_64) are compatible (run pip debug --verbose to show compatible tags): https://files.pythonhosted.org/packages/35/e6/0c06add96eb9d8649d88d57576c31fa4a96f7c9b805b50968caad494cc56/chardet-7.4.2-cp312-cp312-manylinux2014_x86_64.manylinux_2_17_x86_64.manylinux_2_28_x86_64.whl (from https://pypi.org/simple/chardet/) (requires-python:>=3.10)
2026-07-30T19:03:43,071   Skipping link: none of the wheel's tags (cp312-cp312-manylinux_2_31_riscv64, cp312-cp312-manylinux_2_39_riscv64) are compatible (run pip debug --verbose to show compatible tags): https://files.pythonhosted.org/packages/f7/72/5f2c7b548a37369c495710931adbb3111ecaa50e1a304e0578d5c8a1b489/chardet-7.4.2-cp312-cp312-manylinux_2_31_riscv64.manylinux_2_39_riscv64.whl (from https://pypi.org/simple/chardet/) (requires-python:>=3.10)
2026-07-30T19:03:43,071   Skipping link: none of the wheel's tags (cp312-cp312-win_amd64) are compatible (run pip debug --verbose to show compatible tags): https://files.pythonhosted.org/packages/a5/f8/f7dda18efbf7887e5aad6df999900b0487b3fb88418bfa5eda9b171b8953/chardet-7.4.2-cp312-cp312-win_amd64.whl (from https://pypi.org/simple/chardet/) (requires-python:>=3.10)
2026-07-30T19:03:43,072   Skipping link: none of the wheel's tags (cp313-cp313-macosx_10_13_x86_64) are compatible (run pip debug --verbose to show compatible tags): https://files.pythonhosted.org/packages/6c/ba/540d17ff88793c39fa53e2ba2e1e63a5d49fcffb45c3daa8d6af094683bd/chardet-7.4.2-cp313-cp313-macosx_10_13_x86_64.whl (from https://pypi.org/simple/chardet/) (requires-python:>=3.10)
2026-07-30T19:03:43,072   Skipping link: none of the wheel's tags (cp313-cp313-macosx_11_0_arm64) are compatible (run pip debug --verbose to show compatible tags): https://files.pythonhosted.org/packages/c9/3d/12f55619f50b9be136c08b44873eafa7ccb0a406097fcce1c256878bd792/chardet-7.4.2-cp313-cp313-macosx_11_0_arm64.whl (from https://pypi.org/simple/chardet/) (requires-python:>=3.10)
2026-07-30T19:03:43,072   Skipping link: none of the wheel's tags (cp313-cp313-manylinux2014_aarch64, cp313-cp313-manylinux_2_17_aarch64, cp313-cp313-manylinux_2_28_aarch64) are compatible (run pip debug --verbose to show compatible tags): https://files.pythonhosted.org/packages/83/f1/fbba65929a25a1db7d1dab4ed1d3400c862fdf7713f57f8d0f56004c58ec/chardet-7.4.2-cp313-cp313-manylinux2014_aarch64.manylinux_2_17_aarch64.manylinux_2_28_aarch64.whl (from https://pypi.org/simple/chardet/) (requires-python:>=3.10)
2026-07-30T19:03:43,072   Skipping link: none of the wheel's tags (cp313-cp313-manylinux2014_x86_64, cp313-cp313-manylinux_2_17_x86_64, cp313-cp313-manylinux_2_28_x86_64) are compatible (run pip debug --verbose to show compatible tags): https://files.pythonhosted.org/packages/af/b7/b227d8c6f64c4e31f3eb12ca8427840e7bf9eb7a100156285e3caef51630/chardet-7.4.2-cp313-cp313-manylinux2014_x86_64.manylinux_2_17_x86_64.manylinux_2_28_x86_64.whl (from https://pypi.org/simple/chardet/) (requires-python:>=3.10)
2026-07-30T19:03:43,072   Skipping link: none of the wheel's tags (cp313-cp313-manylinux_2_31_riscv64, cp313-cp313-manylinux_2_39_riscv64) are compatible (run pip debug --verbose to show compatible tags): https://files.pythonhosted.org/packages/27/b4/53e5a1c8baaa0a8b36dd867dec03a01233dc8d5d9d69d523ce4d78dce5e3/chardet-7.4.2-cp313-cp313-manylinux_2_31_riscv64.manylinux_2_39_riscv64.whl (from https://pypi.org/simple/chardet/) (requires-python:>=3.10)
2026-07-30T19:03:43,072   Skipping link: none of the wheel's tags (cp313-cp313-win_amd64) are compatible (run pip debug --verbose to show compatible tags): https://files.pythonhosted.org/packages/43/8c/78b387768ee1f7a592867224372635367e1603cf3131c30f25c43257e588/chardet-7.4.2-cp313-cp313-win_amd64.whl (from https://pypi.org/simple/chardet/) (requires-python:>=3.10)
2026-07-30T19:03:43,072   Skipping link: none of the wheel's tags (cp314-cp314-macosx_10_15_x86_64) are compatible (run pip debug --verbose to show compatible tags): https://files.pythonhosted.org/packages/60/34/31ba56222a398829cbefd8f6939c5af1ad2ec9ac3bbb6fe1318d40072d31/chardet-7.4.2-cp314-cp314-macosx_10_15_x86_64.whl (from https://pypi.org/simple/chardet/) (requires-python:>=3.10)
2026-07-30T19:03:43,072   Skipping link: none of the wheel's tags (cp314-cp314-macosx_11_0_arm64) are compatible (run pip debug --verbose to show compatible tags): https://files.pythonhosted.org/packages/34/9c/eb9a9a3e1a12fb0e2852ac950add684477513986a5aa282ef152be4a8172/chardet-7.4.2-cp314-cp314-macosx_11_0_arm64.whl (from https://pypi.org/simple/chardet/) (requires-python:>=3.10)
2026-07-30T19:03:43,072   Skipping link: none of the wheel's tags (cp314-cp314-manylinux2014_aarch64, cp314-cp314-manylinux_2_17_aarch64, cp314-cp314-manylinux_2_28_aarch64) are compatible (run pip debug --verbose to show compatible tags): https://files.pythonhosted.org/packages/62/3d/17532b848ff3cf81ea997817d84c6bd730aa6709a68631a1f7ca07fd633d/chardet-7.4.2-cp314-cp314-manylinux2014_aarch64.manylinux_2_17_aarch64.manylinux_2_28_aarch64.whl (from https://pypi.org/simple/chardet/) (requires-python:>=3.10)
2026-07-30T19:03:43,072   Skipping link: none of the wheel's tags (cp314-cp314-manylinux2014_x86_64, cp314-cp314-manylinux_2_17_x86_64, cp314-cp314-manylinux_2_28_x86_64) are compatible (run pip debug --verbose to show compatible tags): https://files.pythonhosted.org/packages/fd/ea/5e9329696e3f6a753524cf0c3dcc15f581c4b147283e9cbee5001f39da8a/chardet-7.4.2-cp314-cp314-manylinux2014_x86_64.manylinux_2_17_x86_64.manylinux_2_28_x86_64.whl (from https://pypi.org/simple/chardet/) (requires-python:>=3.10)
2026-07-30T19:03:43,072   Skipping link: none of the wheel's tags (cp314-cp314-manylinux_2_31_riscv64, cp314-cp314-manylinux_2_39_riscv64) are compatible (run pip debug --verbose to show compatible tags): https://files.pythonhosted.org/packages/7d/fc/ea1698d45956bbf805378c49507c8c87b57a8847b13c7de280556389c4df/chardet-7.4.2-cp314-cp314-manylinux_2_31_riscv64.manylinux_2_39_riscv64.whl (from https://pypi.org/simple/chardet/) (requires-python:>=3.10)
2026-07-30T19:03:43,072   Skipping link: none of the wheel's tags (cp314-cp314-win_amd64) are compatible (run pip debug --verbose to show compatible tags): https://files.pythonhosted.org/packages/ea/ea/7b6d7eb2d9153ca6301531f74571b5f8e2ada14f0c0ec5895a247579995a/chardet-7.4.2-cp314-cp314-win_amd64.whl (from https://pypi.org/simple/chardet/) (requires-python:>=3.10)
2026-07-30T19:03:43,072   Found link https://files.pythonhosted.org/packages/8c/81/7a0cb90b97de02038ef4882776fd643998fe9e78ba7d720c3b04bdaa0eaf/chardet-7.4.2-py3-none-any.whl (from https://pypi.org/simple/chardet/) (requires-python:>=3.10), version: 7.4.2
2026-07-30T19:03:43,072   Found link https://files.pythonhosted.org/packages/05/1d/0d102acd04cebb03377a3aa79f0c501db68bd0afbc1306e40cb208911319/chardet-7.4.2.tar.gz (from https://pypi.org/simple/chardet/) (requires-python:>=3.10), version: 7.4.2
2026-07-30T19:03:43,072   Skipping link: none of the wheel's tags (cp310-cp310-macosx_10_9_x86_64) are compatible (run pip debug --verbose to show compatible tags): https://files.pythonhosted.org/packages/6b/1b/7f73766c119a1344eb69e31890ede7c5825ce03d69a9d29292d1bd1cfa1b/chardet-7.4.3-cp310-cp310-macosx_10_9_x86_64.whl (from https://pypi.org/simple/chardet/) (requires-python:>=3.10)
2026-07-30T19:03:43,072   Skipping link: none of the wheel's tags (cp310-cp310-macosx_11_0_arm64) are compatible (run pip debug --verbose to show compatible tags): https://files.pythonhosted.org/packages/8b/02/b677c8203d34dad6c2af48287bb1f8c5dff63db2094636fbe634b555b7fb/chardet-7.4.3-cp310-cp310-macosx_11_0_arm64.whl (from https://pypi.org/simple/chardet/) (requires-python:>=3.10)
2026-07-30T19:03:43,073   Skipping link: none of the wheel's tags (cp310-cp310-manylinux2014_aarch64, cp310-cp310-manylinux_2_17_aarch64, cp310-cp310-manylinux_2_28_aarch64) are compatible (run pip debug --verbose to show compatible tags): https://files.pythonhosted.org/packages/c4/4b/1361a485a999d97cac4c895e615326f69a639532a52ef365a468bd09bad1/chardet-7.4.3-cp310-cp310-manylinux2014_aarch64.manylinux_2_17_aarch64.manylinux_2_28_aarch64.whl (from https://pypi.org/simple/chardet/) (requires-python:>=3.10)
2026-07-30T19:03:43,073   Skipping link: none of the wheel's tags (cp310-cp310-manylinux2014_x86_64, cp310-cp310-manylinux_2_17_x86_64, cp310-cp310-manylinux_2_28_x86_64) are compatible (run pip debug --verbose to show compatible tags): https://files.pythonhosted.org/packages/87/23/e31c8ad33aa448f0845fd58af5fc22da1626407616d09df4973b2b34f477/chardet-7.4.3-cp310-cp310-manylinux2014_x86_64.manylinux_2_17_x86_64.manylinux_2_28_x86_64.whl (from https://pypi.org/simple/chardet/) (requires-python:>=3.10)
2026-07-30T19:03:43,073   Skipping link: none of the wheel's tags (cp310-cp310-manylinux_2_31_riscv64, cp310-cp310-manylinux_2_39_riscv64) are compatible (run pip debug --verbose to show compatible tags): https://files.pythonhosted.org/packages/18/ef/ea4edec8c87f7e6eda02673acc68fe48725e564fc5a1865782efb53d5598/chardet-7.4.3-cp310-cp310-manylinux_2_31_riscv64.manylinux_2_39_riscv64.whl (from https://pypi.org/simple/chardet/) (requires-python:>=3.10)
2026-07-30T19:03:43,073   Skipping link: none of the wheel's tags (cp310-cp310-win_amd64) are compatible (run pip debug --verbose to show compatible tags): https://files.pythonhosted.org/packages/f2/11/fc10600da98541777d720ad9e6bc040c0e0af1adb92e27142e35158957cb/chardet-7.4.3-cp310-cp310-win_amd64.whl (from https://pypi.org/simple/chardet/) (requires-python:>=3.10)
2026-07-30T19:03:43,073   Skipping link: none of the wheel's tags (cp311-cp311-macosx_10_9_x86_64) are compatible (run pip debug --verbose to show compatible tags): https://files.pythonhosted.org/packages/19/52/505c207f334d51e937cbaa27ff95776e16e2d120e13cbe491cd7b3a70b50/chardet-7.4.3-cp311-cp311-macosx_10_9_x86_64.whl (from https://pypi.org/simple/chardet/) (requires-python:>=3.10)
2026-07-30T19:03:43,073   Skipping link: none of the wheel's tags (cp311-cp311-macosx_11_0_arm64) are compatible (run pip debug --verbose to show compatible tags): https://files.pythonhosted.org/packages/14/4b/d3c79495dee4831b8bebca2790e72cb90f0c5849c940570a7c7e5b70b952/chardet-7.4.3-cp311-cp311-macosx_11_0_arm64.whl (from https://pypi.org/simple/chardet/) (requires-python:>=3.10)
2026-07-30T19:03:43,073   Skipping link: none of the wheel's tags (cp311-cp311-manylinux2014_aarch64, cp311-cp311-manylinux_2_17_aarch64, cp311-cp311-manylinux_2_28_aarch64) are compatible (run pip debug --verbose to show compatible tags): https://files.pythonhosted.org/packages/b9/99/f6a822ad1bde25a4c38dc3e770485e78e0893dfd871cd6e18ed3ea3a795e/chardet-7.4.3-cp311-cp311-manylinux2014_aarch64.manylinux_2_17_aarch64.manylinux_2_28_aarch64.whl (from https://pypi.org/simple/chardet/) (requires-python:>=3.10)
2026-07-30T19:03:43,073   Skipping link: none of the wheel's tags (cp311-cp311-manylinux2014_x86_64, cp311-cp311-manylinux_2_17_x86_64, cp311-cp311-manylinux_2_28_x86_64) are compatible (run pip debug --verbose to show compatible tags): https://files.pythonhosted.org/packages/b1/10/31932775c94a86814f76b41c4a772b52abfb0e6125324f32c6da1196c297/chardet-7.4.3-cp311-cp311-manylinux2014_x86_64.manylinux_2_17_x86_64.manylinux_2_28_x86_64.whl (from https://pypi.org/simple/chardet/) (requires-python:>=3.10)
2026-07-30T19:03:43,073   Skipping link: none of the wheel's tags (cp311-cp311-manylinux_2_31_riscv64, cp311-cp311-manylinux_2_39_riscv64) are compatible (run pip debug --verbose to show compatible tags): https://files.pythonhosted.org/packages/6c/63/0f43e3acf2c436fdb32a0f904aeb03a2904d2126eed34a042a194d235926/chardet-7.4.3-cp311-cp311-manylinux_2_31_riscv64.manylinux_2_39_riscv64.whl (from https://pypi.org/simple/chardet/) (requires-python:>=3.10)
2026-07-30T19:03:43,073   Found link https://files.pythonhosted.org/packages/5d/a6/e9b8f8a3e99602792b01fa7d0a731737615ab56d8bfd0b52935a0ef88b85/chardet-7.4.3-cp311-cp311-win_amd64.whl (from https://pypi.org/simple/chardet/) (requires-python:>=3.10), version: 7.4.3
2026-07-30T19:03:43,074   Skipping link: none of the wheel's tags (cp312-cp312-macosx_10_13_x86_64) are compatible (run pip debug --verbose to show compatible tags): https://files.pythonhosted.org/packages/61/33/29de185079e6675c3f375546e30a559b7ddc75ce972f18d6e566cd9ea4eb/chardet-7.4.3-cp312-cp312-macosx_10_13_x86_64.whl (from https://pypi.org/simple/chardet/) (requires-python:>=3.10)
2026-07-30T19:03:43,074   Skipping link: none of the wheel's tags (cp312-cp312-macosx_11_0_arm64) are compatible (run pip debug --verbose to show compatible tags): https://files.pythonhosted.org/packages/9c/2f/4c5af01fd1a7506a1d5375403d68925eac70289229492db5aa68b58103d8/chardet-7.4.3-cp312-cp312-macosx_11_0_arm64.whl (from https://pypi.org/simple/chardet/) (requires-python:>=3.10)
2026-07-30T19:03:43,074   Skipping link: none of the wheel's tags (cp312-cp312-manylinux2014_aarch64, cp312-cp312-manylinux_2_17_aarch64, cp312-cp312-manylinux_2_28_aarch64) are compatible (run pip debug --verbose to show compatible tags): https://files.pythonhosted.org/packages/36/21/edb36ad5dfa48d7f8eed97ab43931ecdaa8c15166c21b1d614967e49d681/chardet-7.4.3-cp312-cp312-manylinux2014_aarch64.manylinux_2_17_aarch64.manylinux_2_28_aarch64.whl (from https://pypi.org/simple/chardet/) (requires-python:>=3.10)
2026-07-30T19:03:43,074   Skipping link: none of the wheel's tags (cp312-cp312-manylinux2014_x86_64, cp312-cp312-manylinux_2_17_x86_64, cp312-cp312-manylinux_2_28_x86_64) are compatible (run pip debug --verbose to show compatible tags): https://files.pythonhosted.org/packages/e5/59/a32a241d861cf180853a11c8e5a67641cb1b2af13c3a5ccce83ec07e2c9f/chardet-7.4.3-cp312-cp312-manylinux2014_x86_64.manylinux_2_17_x86_64.manylinux_2_28_x86_64.whl (from https://pypi.org/simple/chardet/) (requires-python:>=3.10)
2026-07-30T19:03:43,074   Skipping link: none of the wheel's tags (cp312-cp312-manylinux_2_31_riscv64, cp312-cp312-manylinux_2_39_riscv64) are compatible (run pip debug --verbose to show compatible tags): https://files.pythonhosted.org/packages/87/2e/e1ee6a77abf3782c00e05b89c4d4328c8353bf9500661c4348df1dd68614/chardet-7.4.3-cp312-cp312-manylinux_2_31_riscv64.manylinux_2_39_riscv64.whl (from https://pypi.org/simple/chardet/) (requires-python:>=3.10)
2026-07-30T19:03:43,074   Skipping link: none of the wheel's tags (cp312-cp312-win_amd64) are compatible (run pip debug --verbose to show compatible tags): https://files.pythonhosted.org/packages/32/60/fca69c534602a7ced04280c952a246ad1edde2a6ca3a164f65d32ac41fe7/chardet-7.4.3-cp312-cp312-win_amd64.whl (from https://pypi.org/simple/chardet/) (requires-python:>=3.10)
2026-07-30T19:03:43,074   Skipping link: none of the wheel's tags (cp313-cp313-macosx_10_13_x86_64) are compatible (run pip debug --verbose to show compatible tags): https://files.pythonhosted.org/packages/7c/43/79ac9b4db5bc87020c9dbc419125371d80882d1d197e9c4765ba8682b605/chardet-7.4.3-cp313-cp313-macosx_10_13_x86_64.whl (from https://pypi.org/simple/chardet/) (requires-python:>=3.10)
2026-07-30T19:03:43,074   Skipping link: none of the wheel's tags (cp313-cp313-macosx_11_0_arm64) are compatible (run pip debug --verbose to show compatible tags): https://files.pythonhosted.org/packages/55/5f/25bdec773905bff0ff6cf35ca73b17bd05593b4f87bd8c5fa43705f7167d/chardet-7.4.3-cp313-cp313-macosx_11_0_arm64.whl (from https://pypi.org/simple/chardet/) (requires-python:>=3.10)
2026-07-30T19:03:43,074   Skipping link: none of the wheel's tags (cp313-cp313-manylinux2014_aarch64, cp313-cp313-manylinux_2_17_aarch64, cp313-cp313-manylinux_2_28_aarch64) are compatible (run pip debug --verbose to show compatible tags): https://files.pythonhosted.org/packages/b4/07/a29380ee0b215d23d77733b5ad60c5c0c7969650e080c667acdf9462040d/chardet-7.4.3-cp313-cp313-manylinux2014_aarch64.manylinux_2_17_aarch64.manylinux_2_28_aarch64.whl (from https://pypi.org/simple/chardet/) (requires-python:>=3.10)
2026-07-30T19:03:43,074   Skipping link: none of the wheel's tags (cp313-cp313-manylinux2014_x86_64, cp313-cp313-manylinux_2_17_x86_64, cp313-cp313-manylinux_2_28_x86_64) are compatible (run pip debug --verbose to show compatible tags): https://files.pythonhosted.org/packages/a8/b1/3338e121cbd4c8a126b8ccb1061170c2ce51a53f678c502793ea49c6fd6d/chardet-7.4.3-cp313-cp313-manylinux2014_x86_64.manylinux_2_17_x86_64.manylinux_2_28_x86_64.whl (from https://pypi.org/simple/chardet/) (requires-python:>=3.10)
2026-07-30T19:03:43,075   Skipping link: none of the wheel's tags (cp313-cp313-manylinux_2_31_riscv64, cp313-cp313-manylinux_2_39_riscv64) are compatible (run pip debug --verbose to show compatible tags): https://files.pythonhosted.org/packages/63/1c/44a9a9e0c59c185a5d307ceaeee8768afa1558f0a24f7a4b5fa11b67586b/chardet-7.4.3-cp313-cp313-manylinux_2_31_riscv64.manylinux_2_39_riscv64.whl (from https://pypi.org/simple/chardet/) (requires-python:>=3.10)
2026-07-30T19:03:43,075   Skipping link: none of the wheel's tags (cp313-cp313-win_amd64) are compatible (run pip debug --verbose to show compatible tags): https://files.pythonhosted.org/packages/1b/b3/5d0e77ea774bd3224321c248880ea0c0379000ac5c2bb6d77609549de247/chardet-7.4.3-cp313-cp313-win_amd64.whl (from https://pypi.org/simple/chardet/) (requires-python:>=3.10)
2026-07-30T19:03:43,075   Skipping link: none of the wheel's tags (cp314-cp314-macosx_10_15_x86_64) are compatible (run pip debug --verbose to show compatible tags): https://files.pythonhosted.org/packages/70/a8/bf0811d859e13801279a2ae64f37a408027b282f2047bc0001c75dd356ad/chardet-7.4.3-cp314-cp314-macosx_10_15_x86_64.whl (from https://pypi.org/simple/chardet/) (requires-python:>=3.10)
2026-07-30T19:03:43,075   Skipping link: none of the wheel's tags (cp314-cp314-macosx_11_0_arm64) are compatible (run pip debug --verbose to show compatible tags): https://files.pythonhosted.org/packages/51/ac/b9d68ebddfe1b02c77af5bf81120e12b036b4432dc6af7a303d90e2bc38b/chardet-7.4.3-cp314-cp314-macosx_11_0_arm64.whl (from https://pypi.org/simple/chardet/) (requires-python:>=3.10)
2026-07-30T19:03:43,075   Skipping link: none of the wheel's tags (cp314-cp314-manylinux2014_aarch64, cp314-cp314-manylinux_2_17_aarch64, cp314-cp314-manylinux_2_28_aarch64) are compatible (run pip debug --verbose to show compatible tags): https://files.pythonhosted.org/packages/2a/81/17fa103ea9caf5d325a5e4051ab2ba65996fd66baa60b81ee41af1f54e10/chardet-7.4.3-cp314-cp314-manylinux2014_aarch64.manylinux_2_17_aarch64.manylinux_2_28_aarch64.whl (from https://pypi.org/simple/chardet/) (requires-python:>=3.10)
2026-07-30T19:03:43,075   Skipping link: none of the wheel's tags (cp314-cp314-manylinux2014_x86_64, cp314-cp314-manylinux_2_17_x86_64, cp314-cp314-manylinux_2_28_x86_64) are compatible (run pip debug --verbose to show compatible tags): https://files.pythonhosted.org/packages/c2/20/193faab46a68ea550587331a698c3dca8099f8901d10937c4443135c7ed9/chardet-7.4.3-cp314-cp314-manylinux2014_x86_64.manylinux_2_17_x86_64.manylinux_2_28_x86_64.whl (from https://pypi.org/simple/chardet/) (requires-python:>=3.10)
2026-07-30T19:03:43,075   Skipping link: none of the wheel's tags (cp314-cp314-manylinux_2_31_riscv64, cp314-cp314-manylinux_2_39_riscv64) are compatible (run pip debug --verbose to show compatible tags): https://files.pythonhosted.org/packages/40/c6/94a3c673327392652ee8bdea9a45bc8a5f5365197a7387d68f0eed007115/chardet-7.4.3-cp314-cp314-manylinux_2_31_riscv64.manylinux_2_39_riscv64.whl (from https://pypi.org/simple/chardet/) (requires-python:>=3.10)
2026-07-30T19:03:43,075   Skipping link: none of the wheel's tags (cp314-cp314-win_amd64) are compatible (run pip debug --verbose to show compatible tags): https://files.pythonhosted.org/packages/b1/2c/cad8b5e3623a987f3c930b68e2bdd06cfc388cd91cd42ed05f1227701b73/chardet-7.4.3-cp314-cp314-win_amd64.whl (from https://pypi.org/simple/chardet/) (requires-python:>=3.10)
2026-07-30T19:03:43,076   Skipping link: none of the wheel's tags (cp314-cp314t-macosx_10_15_x86_64) are compatible (run pip debug --verbose to show compatible tags): https://files.pythonhosted.org/packages/33/e0/d06e42fd6f02a58e5e227e5106587751cb38adcff0aaf949add744b78b6e/chardet-7.4.3-cp314-cp314t-macosx_10_15_x86_64.whl (from https://pypi.org/simple/chardet/) (requires-python:>=3.10)
2026-07-30T19:03:43,076   Skipping link: none of the wheel's tags (cp314-cp314t-macosx_11_0_arm64) are compatible (run pip debug --verbose to show compatible tags): https://files.pythonhosted.org/packages/d4/ed/40d091954d48abea037baae6be8fb79905e5f78d34d12ea955132c7d8011/chardet-7.4.3-cp314-cp314t-macosx_11_0_arm64.whl (from https://pypi.org/simple/chardet/) (requires-python:>=3.10)
2026-07-30T19:03:43,076   Skipping link: none of the wheel's tags (cp314-cp314t-manylinux2014_aarch64, cp314-cp314t-manylinux_2_17_aarch64, cp314-cp314t-manylinux_2_28_aarch64) are compatible (run pip debug --verbose to show compatible tags): https://files.pythonhosted.org/packages/bb/77/82a46821dbfbdfe062710d2bf2ede13426304e3567a23c57d919c0c31630/chardet-7.4.3-cp314-cp314t-manylinux2014_aarch64.manylinux_2_17_aarch64.manylinux_2_28_aarch64.whl (from https://pypi.org/simple/chardet/) (requires-python:>=3.10)
2026-07-30T19:03:43,076   Skipping link: none of the wheel's tags (cp314-cp314t-manylinux2014_x86_64, cp314-cp314t-manylinux_2_17_x86_64, cp314-cp314t-manylinux_2_28_x86_64) are compatible (run pip debug --verbose to show compatible tags): https://files.pythonhosted.org/packages/49/57/42d30c562bda5b4a839766c1aad8d5856b798ad2a1c3247b72a679afec94/chardet-7.4.3-cp314-cp314t-manylinux2014_x86_64.manylinux_2_17_x86_64.manylinux_2_28_x86_64.whl (from https://pypi.org/simple/chardet/) (requires-python:>=3.10)
2026-07-30T19:03:43,076   Found link https://files.pythonhosted.org/packages/8c/6c/0a40afdb50a0fe041ab95553b835a8160b6cf0e81edf2ae2fe9f5224cbf9/chardet-7.4.3-py3-none-any.whl (from https://pypi.org/simple/chardet/) (requires-python:>=3.10), version: 7.4.3
2026-07-30T19:03:43,076   Found link https://files.pythonhosted.org/packages/19/b6/9df434a8eeba2e6628c465a1dfa31034228ef79b26f76f46278f4ef7e49d/chardet-7.4.3.tar.gz (from https://pypi.org/simple/chardet/) (requires-python:>=3.10), version: 7.4.3
2026-07-30T19:03:43,076 Skipping link: not a file: https://pypi.org/simple/chardet/
2026-07-30T19:03:43,076 Given no hashes to check 58 links for project 'chardet': discarding no candidates
2026-07-30T19:03:43,078 Collecting chardet (from andes==2.0.0)
2026-07-30T19:03:43,078   Obtaining dependency information for chardet from https://files.pythonhosted.org/packages/5d/a6/e9b8f8a3e99602792b01fa7d0a731737615ab56d8bfd0b52935a0ef88b85/chardet-7.4.3-cp311-cp311-win_amd64.whl.metadata
2026-07-30T19:03:43,079   Created temporary directory: C:\Users\Administrator\AppData\Local\Temp\pip-unpack-0klt7_ht
2026-07-30T19:03:43,080   Using cached chardet-7.4.3-cp311-cp311-win_amd64.whl.metadata (9.4 kB)
2026-07-30T19:03:43,082   Created temporary directory: C:\Users\Administrator\AppData\Local\Temp\pip-metadata-d10dk3k1
2026-07-30T19:03:43,082 1 location(s) to search for versions of texttable:
2026-07-30T19:03:43,082 * https://pypi.org/simple/texttable/
2026-07-30T19:03:43,082 Fetching project page and analyzing links: https://pypi.org/simple/texttable/
2026-07-30T19:03:43,082 Getting page https://pypi.org/simple/texttable/
2026-07-30T19:03:43,082 Found index url https://pypi.org/simple/
2026-07-30T19:03:43,333 Fetched page https://pypi.org/simple/texttable/ as application/vnd.pypi.simple.v1+json
2026-07-30T19:03:43,334   Found link https://files.pythonhosted.org/packages/33/47/f3a8568d45cb9185f075b2c5e5abae62f9e18cc51939435dcd8950ce2a9a/texttable-0.8.0.tgz (from https://pypi.org/simple/texttable/), version: 0.8.0
2026-07-30T19:03:43,334   Found link https://files.pythonhosted.org/packages/e8/99/d6bb3063b52f7a9a7bf111d40e1886c8ee35b09b41348c3039def0ea7c3d/texttable-0.8.1.tgz (from https://pypi.org/simple/texttable/), version: 0.8.1
2026-07-30T19:03:43,334   Found link https://files.pythonhosted.org/packages/aa/a4/861be895f52606bb3ff68b6a73a516bd262b638e128688fd5213b584b67e/texttable-0.8.2.tgz (from https://pypi.org/simple/texttable/), version: 0.8.2
2026-07-30T19:03:43,334   Found link https://files.pythonhosted.org/packages/48/6f/59c84f861cad9a0241c1b6131d881b53411684e98a6c04a23dbdc61e5c25/texttable-0.8.3.zip (from https://pypi.org/simple/texttable/), version: 0.8.3
2026-07-30T19:03:43,334   Found link https://files.pythonhosted.org/packages/f5/5e/47cbc50187ca719a39ce4838182c6126487ca62ddd299bc34cafb94260fe/texttable-0.8.4.tar.gz (from https://pypi.org/simple/texttable/), version: 0.8.4
2026-07-30T19:03:43,335   Found link https://files.pythonhosted.org/packages/92/3e/7d05feb005057009c323ff5edcb3800fb5d53435a649207192e710d8c175/texttable-0.8.5.tar.gz (from https://pypi.org/simple/texttable/), version: 0.8.5
2026-07-30T19:03:43,335   Found link https://files.pythonhosted.org/packages/39/d9/248f17caef9214c17227c43598828eec3a9bff96cef1df5a8c1ab58d19b3/texttable-0.8.6.tar.gz (from https://pypi.org/simple/texttable/), version: 0.8.6
2026-07-30T19:03:43,335   Found link https://files.pythonhosted.org/packages/65/d4/bab53c112e44fcdc562e0bea19bda1f28db9d25340c4fcbf43b50ac0555d/texttable-0.8.7.tar.gz (from https://pypi.org/simple/texttable/), version: 0.8.7
2026-07-30T19:03:43,335   Found link https://files.pythonhosted.org/packages/74/49/23d944a6f7d4dd20846b2df2914fe108c96a253567c140c416edbf270f80/texttable-0.8.8.tar.gz (from https://pypi.org/simple/texttable/), version: 0.8.8
2026-07-30T19:03:43,335   Found link https://files.pythonhosted.org/packages/02/fb/ed19f2cc3aff43c6ec8d5aebc1c5f461a7330c6248aa7f56064fcb1346cb/texttable-0.9.0.tar.gz (from https://pypi.org/simple/texttable/), version: 0.9.0
2026-07-30T19:03:43,335   Found link https://files.pythonhosted.org/packages/02/e1/2565e6b842de7945af0555167d33acfc8a615584ef7abd30d1eae00a4d80/texttable-0.9.1.tar.gz (from https://pypi.org/simple/texttable/), version: 0.9.1
2026-07-30T19:03:43,335   Found link https://files.pythonhosted.org/packages/19/a6/23fed5cf142b26fd0837b68e4a0c83e4683fc2357192bbe0cac78976bb24/texttable-1.0.0.tar.gz (from https://pypi.org/simple/texttable/), version: 1.0.0
2026-07-30T19:03:43,335   Found link https://files.pythonhosted.org/packages/d3/96/e446e65e50d712c6d5291d4ba839b9b7d11a79fbd0b89dbc8c25a1e6ae5d/texttable-1.1.0.tar.gz (from https://pypi.org/simple/texttable/), version: 1.1.0
2026-07-30T19:03:43,335   Found link https://files.pythonhosted.org/packages/74/81/a1a1cd1bb26df1d5eef1887dd9c887aa100e065fe6708eb93ee96291befd/texttable-1.1.1.tar.gz (from https://pypi.org/simple/texttable/), version: 1.1.1
2026-07-30T19:03:43,335   Found link https://files.pythonhosted.org/packages/a9/e2/1f52a870724c46e1563842ad2c5e052a631fbe4ac80d7b8c48cffa186f6f/texttable-1.2.0.tar.gz (from https://pypi.org/simple/texttable/), version: 1.2.0
2026-07-30T19:03:43,335   Found link https://files.pythonhosted.org/packages/ba/16/ac997890d27d6a78e4bcb379ecd9ce105a0d923f4fefff2eb0c489697da0/texttable-1.2.1.tar.gz (from https://pypi.org/simple/texttable/), version: 1.2.1
2026-07-30T19:03:43,336   Found link https://files.pythonhosted.org/packages/ea/38/5ea31382df7b045156d3e021e8f60c1fbb71a907dec4979109e59df11df4/texttable-1.3.0.tar.gz (from https://pypi.org/simple/texttable/), version: 1.3.0
2026-07-30T19:03:43,336   Found link https://files.pythonhosted.org/packages/d2/8f/1b1b4d07c0bf86a05f7b70631a447224e3db9d662a0f3f4fb54e12df288f/texttable-1.3.1.tar.gz (from https://pypi.org/simple/texttable/), version: 1.3.1
2026-07-30T19:03:43,336   Found link https://files.pythonhosted.org/packages/4d/35/88cd3b6c9cfe79f98fa52a57843fc6501988b9da13dce1e6a27e1d70d357/texttable-1.4.0.tar.gz (from https://pypi.org/simple/texttable/), version: 1.4.0
2026-07-30T19:03:43,336   Found link https://files.pythonhosted.org/packages/bd/a8/45aa1c64f0aea4967766d9b46be3c0b03b096d8fb8c3cfe119884cfeed5e/texttable-1.5.0.tar.gz (from https://pypi.org/simple/texttable/), version: 1.5.0
2026-07-30T19:03:43,336   Found link https://files.pythonhosted.org/packages/2e/e4/101fddb4f58143b810283f0ee438596eb241c0135cc9691f7d43794dbf90/texttable-1.6.0.tar.gz (from https://pypi.org/simple/texttable/), version: 1.6.0
2026-07-30T19:03:43,336   Found link https://files.pythonhosted.org/packages/04/c6/7d2514d76fefba65bfe2fa4e1082c3adea9edef5a149a3027b8f2d5ee0eb/texttable-1.6.1.tar.gz (from https://pypi.org/simple/texttable/), version: 1.6.1
2026-07-30T19:03:43,336   Found link https://files.pythonhosted.org/packages/ec/b1/8a1c659ce288bf771d5b1c7cae318ada466f73bd0e16df8d86f27a2a3ee7/texttable-1.6.2-py2.py3-none-any.whl (from https://pypi.org/simple/texttable/), version: 1.6.2
2026-07-30T19:03:43,336   Found link https://files.pythonhosted.org/packages/82/a8/60df592e3a100a1f83928795aca210414d72cebdc6e4e0c95a6d8ac632fe/texttable-1.6.2.tar.gz (from https://pypi.org/simple/texttable/), version: 1.6.2
2026-07-30T19:03:43,336   Found link https://files.pythonhosted.org/packages/06/f5/46201c428aebe0eecfa83df66bf3e6caa29659dbac5a56ddfd83cae0d4a4/texttable-1.6.3-py2.py3-none-any.whl (from https://pypi.org/simple/texttable/), version: 1.6.3
2026-07-30T19:03:43,337   Found link https://files.pythonhosted.org/packages/f5/be/716342325d6d6e05608e3a10e15f192f3723e454a25ce14bc9b9d1332772/texttable-1.6.3.tar.gz (from https://pypi.org/simple/texttable/), version: 1.6.3
2026-07-30T19:03:43,337   Found link https://files.pythonhosted.org/packages/75/23/8170868d04b153b1b9ed1bb84348212bb4a08f31b292ef9d7f6ea648fd49/texttable-1.6.4-py2.py3-none-any.whl (from https://pypi.org/simple/texttable/), version: 1.6.4
2026-07-30T19:03:43,337   Found link https://files.pythonhosted.org/packages/d5/78/dbc2a5eab57a01fedaf975f2c16f04e76f09336dbeadb9994258aa0a2b1a/texttable-1.6.4.tar.gz (from https://pypi.org/simple/texttable/), version: 1.6.4
2026-07-30T19:03:43,337   Found link https://files.pythonhosted.org/packages/cd/ed/f6d24142b95ac61d21f04697104e3087e0c6bc7525df44a2641feeb9b94f/texttable-1.6.5-py2.py3-none-any.whl (from https://pypi.org/simple/texttable/), version: 1.6.5
2026-07-30T19:03:43,337   Found link https://files.pythonhosted.org/packages/80/be/8131739352ee2ca12324c46cc658fbcf9c480a37b3d92f5f651f740d631d/texttable-1.6.5.tar.gz (from https://pypi.org/simple/texttable/), version: 1.6.5
2026-07-30T19:03:43,337   Found link https://files.pythonhosted.org/packages/63/80/e9928c84a25a7edc0891a4a939a5402e14c6c3346783eb4e1c002974f68c/texttable-1.6.6-py2.py3-none-any.whl (from https://pypi.org/simple/texttable/), version: 1.6.6
2026-07-30T19:03:43,337   Found link https://files.pythonhosted.org/packages/34/79/91c35a4bbc8c4a5a0ca3ae7ec4f36d2862ae65723843cb3c995d567bc1ab/texttable-1.6.6.tar.gz (from https://pypi.org/simple/texttable/), version: 1.6.6
2026-07-30T19:03:43,337   Found link https://files.pythonhosted.org/packages/ba/a7/2c12b543f853dae886286b824200eb9d7cd2466e3d14eff1799fbe8223b9/texttable-1.6.7-py2.py3-none-any.whl (from https://pypi.org/simple/texttable/), version: 1.6.7
2026-07-30T19:03:43,337   Found link https://files.pythonhosted.org/packages/e4/84/4686ee611bb020038375c5f11fe7b6b3bb94ee78614a1faba45effe51591/texttable-1.6.7.tar.gz (from https://pypi.org/simple/texttable/), version: 1.6.7
2026-07-30T19:03:43,337   Found link https://files.pythonhosted.org/packages/24/99/4772b8e00a136f3e01236de33b0efda31ee7077203ba5967fcc76da94d65/texttable-1.7.0-py2.py3-none-any.whl (from https://pypi.org/simple/texttable/), version: 1.7.0
2026-07-30T19:03:43,338   Found link https://files.pythonhosted.org/packages/1c/dc/0aff23d6036a4d3bf4f1d8c8204c5c79c4437e25e0ae94ffe4bbb55ee3c2/texttable-1.7.0.tar.gz (from https://pypi.org/simple/texttable/), version: 1.7.0
2026-07-30T19:03:43,338 Skipping link: not a file: https://pypi.org/simple/texttable/
2026-07-30T19:03:43,338 Given no hashes to check 36 links for project 'texttable': discarding no candidates
2026-07-30T19:03:43,339 Collecting texttable (from andes==2.0.0)
2026-07-30T19:03:43,339   Obtaining dependency information for texttable from https://files.pythonhosted.org/packages/24/99/4772b8e00a136f3e01236de33b0efda31ee7077203ba5967fcc76da94d65/texttable-1.7.0-py2.py3-none-any.whl.metadata
2026-07-30T19:03:43,339   Created temporary directory: C:\Users\Administrator\AppData\Local\Temp\pip-unpack-_8y911j0
2026-07-30T19:03:43,341   Using cached texttable-1.7.0-py2.py3-none-any.whl.metadata (9.8 kB)
2026-07-30T19:03:43,342   Created temporary directory: C:\Users\Administrator\AppData\Local\Temp\pip-metadata-ttzon9ot
2026-07-30T19:03:43,348 Requirement already satisfied: mpmath<1.4,>=1.1.0 in D:\Miniconda3\envs\topo_sfr\Lib\site-packages (from sympy!=1.10.0,>=1.6->andes==2.0.0) (1.3.0)
2026-07-30T19:03:43,348 Requirement already satisfied: comm>=0.1.3 in D:\Miniconda3\envs\topo_sfr\Lib\site-packages (from ipywidgets->andes==2.0.0) (0.2.3)
2026-07-30T19:03:43,348 Requirement already satisfied: ipython>=6.1.0 in D:\Miniconda3\envs\topo_sfr\Lib\site-packages (from ipywidgets->andes==2.0.0) (9.15.0)
2026-07-30T19:03:43,348 Requirement already satisfied: traitlets>=4.3.1 in D:\Miniconda3\envs\topo_sfr\Lib\site-packages (from ipywidgets->andes==2.0.0) (5.15.1)
2026-07-30T19:03:43,354 Requirement already satisfied: widgetsnbextension~=4.0.14 in D:\Miniconda3\envs\topo_sfr\Lib\site-packages (from ipywidgets->andes==2.0.0) (4.0.15)
2026-07-30T19:03:43,354 Requirement already satisfied: jupyterlab_widgets~=3.0.15 in D:\Miniconda3\envs\topo_sfr\Lib\site-packages (from ipywidgets->andes==2.0.0) (3.0.16)
2026-07-30T19:03:43,361 Requirement already satisfied: colorama>=0.4.4 in D:\Miniconda3\envs\topo_sfr\Lib\site-packages (from ipython>=6.1.0->ipywidgets->andes==2.0.0) (0.4.6)
2026-07-30T19:03:43,361 Requirement already satisfied: decorator>=5.1.0 in D:\Miniconda3\envs\topo_sfr\Lib\site-packages (from ipython>=6.1.0->ipywidgets->andes==2.0.0) (5.3.1)
2026-07-30T19:03:43,361 Requirement already satisfied: ipython-pygments-lexers>=1.0.0 in D:\Miniconda3\envs\topo_sfr\Lib\site-packages (from ipython>=6.1.0->ipywidgets->andes==2.0.0) (1.1.1)
2026-07-30T19:03:43,361 Requirement already satisfied: jedi>=0.18.2 in D:\Miniconda3\envs\topo_sfr\Lib\site-packages (from ipython>=6.1.0->ipywidgets->andes==2.0.0) (0.20.0)
2026-07-30T19:03:43,361 Requirement already satisfied: matplotlib-inline>=0.1.6 in D:\Miniconda3\envs\topo_sfr\Lib\site-packages (from ipython>=6.1.0->ipywidgets->andes==2.0.0) (0.2.2)
2026-07-30T19:03:43,361 Requirement already satisfied: prompt_toolkit<3.1.0,>=3.0.41 in D:\Miniconda3\envs\topo_sfr\Lib\site-packages (from ipython>=6.1.0->ipywidgets->andes==2.0.0) (3.0.53)
2026-07-30T19:03:43,361 Requirement already satisfied: psutil>=7 in D:\Miniconda3\envs\topo_sfr\Lib\site-packages (from ipython>=6.1.0->ipywidgets->andes==2.0.0) (7.2.2)
2026-07-30T19:03:43,361 Requirement already satisfied: pygments>=2.14.0 in D:\Miniconda3\envs\topo_sfr\Lib\site-packages (from ipython>=6.1.0->ipywidgets->andes==2.0.0) (2.20.0)
2026-07-30T19:03:43,361 Requirement already satisfied: stack_data>=0.6.0 in D:\Miniconda3\envs\topo_sfr\Lib\site-packages (from ipython>=6.1.0->ipywidgets->andes==2.0.0) (0.6.3)
2026-07-30T19:03:43,366 Requirement already satisfied: typing_extensions>=4.6 in D:\Miniconda3\envs\topo_sfr\Lib\site-packages (from ipython>=6.1.0->ipywidgets->andes==2.0.0) (4.16.0)
2026-07-30T19:03:43,368 Requirement already satisfied: wcwidth>=0.1.4 in D:\Miniconda3\envs\topo_sfr\Lib\site-packages (from prompt_toolkit<3.1.0,>=3.0.41->ipython>=6.1.0->ipywidgets->andes==2.0.0) (0.8.2)
2026-07-30T19:03:43,373 Requirement already satisfied: parso<0.9.0,>=0.8.6 in D:\Miniconda3\envs\topo_sfr\Lib\site-packages (from jedi>=0.18.2->ipython>=6.1.0->ipywidgets->andes==2.0.0) (0.8.7)
2026-07-30T19:03:43,384 Requirement already satisfied: executing>=1.2.0 in D:\Miniconda3\envs\topo_sfr\Lib\site-packages (from stack_data>=0.6.0->ipython>=6.1.0->ipywidgets->andes==2.0.0) (2.2.1)
2026-07-30T19:03:43,385 Requirement already satisfied: asttokens>=2.1.0 in D:\Miniconda3\envs\topo_sfr\Lib\site-packages (from stack_data>=0.6.0->ipython>=6.1.0->ipywidgets->andes==2.0.0) (3.0.2)
2026-07-30T19:03:43,385 Requirement already satisfied: pure_eval in D:\Miniconda3\envs\topo_sfr\Lib\site-packages (from stack_data>=0.6.0->ipython>=6.1.0->ipywidgets->andes==2.0.0) (0.2.3)
2026-07-30T19:03:43,391 Requirement already satisfied: contourpy>=1.0.1 in D:\Miniconda3\envs\topo_sfr\Lib\site-packages (from matplotlib->andes==2.0.0) (1.3.3)
2026-07-30T19:03:43,391 Requirement already satisfied: cycler>=0.10 in D:\Miniconda3\envs\topo_sfr\Lib\site-packages (from matplotlib->andes==2.0.0) (0.12.1)
2026-07-30T19:03:43,391 Requirement already satisfied: fonttools>=4.28.2 in D:\Miniconda3\envs\topo_sfr\Lib\site-packages (from matplotlib->andes==2.0.0) (4.63.0)
2026-07-30T19:03:43,391 Requirement already satisfied: kiwisolver>=1.3.1 in D:\Miniconda3\envs\topo_sfr\Lib\site-packages (from matplotlib->andes==2.0.0) (1.5.0)
2026-07-30T19:03:43,391 Requirement already satisfied: packaging>=20.0 in D:\Miniconda3\envs\topo_sfr\Lib\site-packages (from matplotlib->andes==2.0.0) (26.2)
2026-07-30T19:03:43,396 Requirement already satisfied: pillow>=9 in D:\Miniconda3\envs\topo_sfr\Lib\site-packages (from matplotlib->andes==2.0.0) (12.3.0)
2026-07-30T19:03:43,397 Requirement already satisfied: pyparsing>=3 in D:\Miniconda3\envs\topo_sfr\Lib\site-packages (from matplotlib->andes==2.0.0) (3.3.2)
2026-07-30T19:03:43,397 Requirement already satisfied: python-dateutil>=2.7 in D:\Miniconda3\envs\topo_sfr\Lib\site-packages (from matplotlib->andes==2.0.0) (2.9.0.post0)
2026-07-30T19:03:43,409 Requirement already satisfied: six>=1.5 in D:\Miniconda3\envs\topo_sfr\Lib\site-packages (from python-dateutil>=2.7->matplotlib->andes==2.0.0) (1.17.0)
2026-07-30T19:03:43,415 1 location(s) to search for versions of et-xmlfile:
2026-07-30T19:03:43,415 * https://pypi.org/simple/et-xmlfile/
2026-07-30T19:03:43,415 Fetching project page and analyzing links: https://pypi.org/simple/et-xmlfile/
2026-07-30T19:03:43,415 Getting page https://pypi.org/simple/et-xmlfile/
2026-07-30T19:03:43,415 Found index url https://pypi.org/simple/
2026-07-30T19:03:43,659 Fetched page https://pypi.org/simple/et-xmlfile/ as application/vnd.pypi.simple.v1+json
2026-07-30T19:03:43,659   Found link https://files.pythonhosted.org/packages/23/4f/82bcae59f404b76ee1458c6d11b437cf2da371fb5f366fc54c8b1673df0b/et_xmlfile-1.0.0.tar.gz (from https://pypi.org/simple/et-xmlfile/), version: 1.0.0
2026-07-30T19:03:43,659   Found link https://files.pythonhosted.org/packages/22/28/a99c42aea746e18382ad9fb36f64c1c1f04216f41797f2f0fa567da11388/et_xmlfile-1.0.1.tar.gz (from https://pypi.org/simple/et-xmlfile/), version: 1.0.1
2026-07-30T19:03:43,659   Found link https://files.pythonhosted.org/packages/96/c2/3dd434b0108730014f1b96fd286040dc3bcb70066346f7e01ec2ac95865f/et_xmlfile-1.1.0-py3-none-any.whl (from https://pypi.org/simple/et-xmlfile/) (requires-python:>=3.6), version: 1.1.0
2026-07-30T19:03:43,659   Found link https://files.pythonhosted.org/packages/3d/5d/0413a31d184a20c763ad741cc7852a659bf15094c24840c5bdd1754765cd/et_xmlfile-1.1.0.tar.gz (from https://pypi.org/simple/et-xmlfile/) (requires-python:>=3.6), version: 1.1.0
2026-07-30T19:03:43,659   Found link https://files.pythonhosted.org/packages/c1/8b/5fe2cc11fee489817272089c4203e679c63b570a5aaeb18d852ae3cbba6a/et_xmlfile-2.0.0-py3-none-any.whl (from https://pypi.org/simple/et-xmlfile/) (requires-python:>=3.8), version: 2.0.0
2026-07-30T19:03:43,660   Found link https://files.pythonhosted.org/packages/d3/38/af70d7ab1ae9d4da450eeec1fa3918940a5fafb9055e934af8d6eb0c2313/et_xmlfile-2.0.0.tar.gz (from https://pypi.org/simple/et-xmlfile/) (requires-python:>=3.8), version: 2.0.0
2026-07-30T19:03:43,660 Skipping link: not a file: https://pypi.org/simple/et-xmlfile/
2026-07-30T19:03:43,660 Given no hashes to check 6 links for project 'et-xmlfile': discarding no candidates
2026-07-30T19:03:43,660 Collecting et-xmlfile (from openpyxl->andes==2.0.0)
2026-07-30T19:03:43,661   Obtaining dependency information for et-xmlfile from https://files.pythonhosted.org/packages/c1/8b/5fe2cc11fee489817272089c4203e679c63b570a5aaeb18d852ae3cbba6a/et_xmlfile-2.0.0-py3-none-any.whl.metadata
2026-07-30T19:03:43,661   Created temporary directory: C:\Users\Administrator\AppData\Local\Temp\pip-unpack-6s15ld04
2026-07-30T19:03:43,662   Using cached et_xmlfile-2.0.0-py3-none-any.whl.metadata (2.7 kB)
2026-07-30T19:03:43,664   Created temporary directory: C:\Users\Administrator\AppData\Local\Temp\pip-metadata-0rwlbuc5
2026-07-30T19:03:43,668 Requirement already satisfied: tzdata in D:\Miniconda3\envs\topo_sfr\Lib\site-packages (from pandas->andes==2.0.0) (2026.3)
2026-07-30T19:03:43,673 1 location(s) to search for versions of ppft:
2026-07-30T19:03:43,673 * https://pypi.org/simple/ppft/
2026-07-30T19:03:43,673 Fetching project page and analyzing links: https://pypi.org/simple/ppft/
2026-07-30T19:03:43,673 Getting page https://pypi.org/simple/ppft/
2026-07-30T19:03:43,674 Found index url https://pypi.org/simple/
2026-07-30T19:03:43,933 Fetched page https://pypi.org/simple/ppft/ as application/vnd.pypi.simple.v1+json
2026-07-30T19:03:43,936   Found link https://files.pythonhosted.org/packages/65/ec/0fd42f9c7496c5a4c4d244d49acc976ccb3ae276c314c0e525c1bcbe416d/ppft-1.6.4.5.tgz (from https://pypi.org/simple/ppft/), version: 1.6.4.5
2026-07-30T19:03:43,936   Found link https://files.pythonhosted.org/packages/f4/d2/80e1451bfdda79250adecef4fd75107d606ca414df56436e65d2816d855f/ppft-1.6.4.5.zip (from https://pypi.org/simple/ppft/), version: 1.6.4.5
2026-07-30T19:03:43,936   Found link https://files.pythonhosted.org/packages/2f/a0/ad332673e28c873deb3c1facaf3ad723d5472f5c14c054750f663e0a98c8/ppft-1.6.4.6.tgz (from https://pypi.org/simple/ppft/), version: 1.6.4.6
2026-07-30T19:03:43,936   Found link https://files.pythonhosted.org/packages/d6/6b/dcd9898e6fa21cf708ce95b45eaa7ac867453ae104ec510c22d1365e8943/ppft-1.6.4.6.zip (from https://pypi.org/simple/ppft/), version: 1.6.4.6
2026-07-30T19:03:43,936   Found link https://files.pythonhosted.org/packages/af/5c/1caaa791e4bd77a977692250b0fe5c14fc816576485c88e8ccf328f03fc9/ppft-1.6.4.7.1.zip (from https://pypi.org/simple/ppft/), version: 1.6.4.7.1
2026-07-30T19:03:43,936   Found link https://files.pythonhosted.org/packages/0f/39/b08e3d12b9f6ba97b168b17088b849d4887957f57f64cf0ee6a68db35699/ppft-1.6.4.8.tar.gz (from https://pypi.org/simple/ppft/), version: 1.6.4.8
2026-07-30T19:03:43,936   Found link https://files.pythonhosted.org/packages/a5/6c/16bdc13a8defc8ccab8b5c1a3dfb1331343b313f52984be0f4d6521eb92c/ppft-1.6.4.9.tar.gz (from https://pypi.org/simple/ppft/), version: 1.6.4.9
2026-07-30T19:03:43,936   Found link https://files.pythonhosted.org/packages/5b/16/9e83c2aa45949ee9cd6e8731275acdaeb6c624b8728d6598196c65074f3e/ppft-1.6.6.1.tar.gz (from https://pypi.org/simple/ppft/), version: 1.6.6.1
2026-07-30T19:03:43,936   Found link https://files.pythonhosted.org/packages/2b/fb/fa21f6e9aedc4823448473ed96e8eab64af1cb248c18165f045a90e1c6b4/ppft-1.6.6.2.zip (from https://pypi.org/simple/ppft/), version: 1.6.6.2
2026-07-30T19:03:43,936   Skipping link: none of the wheel's tags (py2-none-any) are compatible (run pip debug --verbose to show compatible tags): https://files.pythonhosted.org/packages/db/a4/ee59af5fe3dd734332986bfc98e4466a4937cb376a0cb224fe2559e1e678/ppft-1.6.6.3-py2-none-any.whl (from https://pypi.org/simple/ppft/)
2026-07-30T19:03:43,936   Found link https://files.pythonhosted.org/packages/51/7b/e63dcf1f9b5ecd37691ee8a7029f71ddb7cafab780a60e312d913afc0f29/ppft-1.6.6.3-py3-none-any.whl (from https://pypi.org/simple/ppft/), version: 1.6.6.3
2026-07-30T19:03:43,936   Found link https://files.pythonhosted.org/packages/95/a9/f6fcdbba44a8366f9da431a67af04f92ba150a88d7b7ef62bfd10a77fdac/ppft-1.6.6.3.zip (from https://pypi.org/simple/ppft/), version: 1.6.6.3
2026-07-30T19:03:43,936   Skipping link: none of the wheel's tags (py2-none-any) are compatible (run pip debug --verbose to show compatible tags): https://files.pythonhosted.org/packages/db/88/d14593ff542e93d3681fa12e843c015f5d91721d3d2e064d96c4d0f0aa42/ppft-1.6.6.4-py2-none-any.whl (from https://pypi.org/simple/ppft/)
2026-07-30T19:03:43,936   Found link https://files.pythonhosted.org/packages/e1/95/17253538621d21308a6e7ca67cd8f87c64e81f95477e57ee78766cf79aaa/ppft-1.6.6.4-py3-none-any.whl (from https://pypi.org/simple/ppft/), version: 1.6.6.4
2026-07-30T19:03:43,936   Found link https://files.pythonhosted.org/packages/6b/89/871fdf9f6b295559099de627d56e8a5d052d2654c80e249a71b10037f232/ppft-1.6.6.4.zip (from https://pypi.org/simple/ppft/), version: 1.6.6.4
2026-07-30T19:03:43,936   Found link https://files.pythonhosted.org/packages/dc/e9/5060afcfad6e19f4725d59e64398e31ec9439863244b401cb3437becbbff/ppft-1.7.6.5-py2.py3-none-any.whl (from https://pypi.org/simple/ppft/) (requires-python:>=2.7, !=3.0.*, !=3.1.*, !=3.2.*, !=3.3.*, !=3.4.*, !=3.5.*, !=3.6.*), version: 1.7.6.5
2026-07-30T19:03:43,936   Found link https://files.pythonhosted.org/packages/c5/b6/b26bde67d90ae6e98050b9a98c893301a8363d29e39625d65f69f227ec37/ppft-1.7.6.5.tar.gz (from https://pypi.org/simple/ppft/) (requires-python:>=2.7, !=3.0.*, !=3.1.*, !=3.2.*, !=3.3.*, !=3.4.*, !=3.5.*, !=3.6.*), version: 1.7.6.5
2026-07-30T19:03:43,936   Found link https://files.pythonhosted.org/packages/0f/c1/dd740386023b1472d2635db9d8f7107024d9931cc8c01b37b48a85eb3811/ppft-1.7.6.6-py3-none-any.whl (from https://pypi.org/simple/ppft/) (requires-python:>=3.7), version: 1.7.6.6
2026-07-30T19:03:43,936   Found link https://files.pythonhosted.org/packages/ba/08/a238117f13f0bb8283af83ff3ee32b0c68a9b0f910a0639eb17981024d7f/ppft-1.7.6.6.tar.gz (from https://pypi.org/simple/ppft/) (requires-python:>=3.7), version: 1.7.6.6
2026-07-30T19:03:43,936   Found link https://files.pythonhosted.org/packages/f0/f8/0a493dfdf73edbfe58cae1323aec72d0152f463c7a351bd285e9d500985c/ppft-1.7.6.7-py3-none-any.whl (from https://pypi.org/simple/ppft/) (requires-python:>=3.7), version: 1.7.6.7
2026-07-30T19:03:43,936   Found link https://files.pythonhosted.org/packages/90/87/f66019ecce0309cd40aed376768358a15da4b18dd50a08c1c955dd45cb23/ppft-1.7.6.7.tar.gz (from https://pypi.org/simple/ppft/) (requires-python:>=3.7), version: 1.7.6.7
2026-07-30T19:03:43,936   Found link https://files.pythonhosted.org/packages/ff/fa/5160c7d2fb1d4f2b83cba7a40f0eb4b015b78f6973b7ab6b2e73c233cfdc/ppft-1.7.6.8-py3-none-any.whl (from https://pypi.org/simple/ppft/) (requires-python:>=3.8), version: 1.7.6.8
2026-07-30T19:03:43,936   Found link https://files.pythonhosted.org/packages/f8/c1/6aa25972c1910cf120a6c82bf2fc67edfdd1375c26f75048aae769caccc1/ppft-1.7.6.8.tar.gz (from https://pypi.org/simple/ppft/) (requires-python:>=3.8), version: 1.7.6.8
2026-07-30T19:03:43,936   Found link https://files.pythonhosted.org/packages/02/b3/45a04dabc39d93ad4836d99625e7c5350257b48e9ae2c5b701f3d5da6960/ppft-1.7.6.9-py3-none-any.whl (from https://pypi.org/simple/ppft/) (requires-python:>=3.8), version: 1.7.6.9
2026-07-30T19:03:43,936   Found link https://files.pythonhosted.org/packages/2b/06/305532df3e1b0c601f60854b6e080991835809d077934cf41976d0f224ce/ppft-1.7.6.9.tar.gz (from https://pypi.org/simple/ppft/) (requires-python:>=3.8), version: 1.7.6.9
2026-07-30T19:03:43,936   Found link https://files.pythonhosted.org/packages/5b/23/6aef7c24f4ee6f765aeaaaa3bf24cfdb0730a20336a02b1a061d227d84be/ppft-1.7.7-py3-none-any.whl (from https://pypi.org/simple/ppft/) (requires-python:>=3.8), version: 1.7.7
2026-07-30T19:03:43,936   Found link https://files.pythonhosted.org/packages/1d/46/9e9f2ae7e8e284acbde6ab36f7f4a35b273519a60c0ed419af2da780d49f/ppft-1.7.7.tar.gz (from https://pypi.org/simple/ppft/) (requires-python:>=3.8), version: 1.7.7
2026-07-30T19:03:43,936   Found link https://files.pythonhosted.org/packages/8e/e1/d1b380af6443e7c33aeb40617ebdc17c39dc30095235643cc518e3908203/ppft-1.7.8-py3-none-any.whl (from https://pypi.org/simple/ppft/) (requires-python:>=3.9), version: 1.7.8
2026-07-30T19:03:43,936   Found link https://files.pythonhosted.org/packages/8b/d2/281aa3466e948283d51b83238fb456f65e14f8ade5f8627822578cd2708f/ppft-1.7.8.tar.gz (from https://pypi.org/simple/ppft/) (requires-python:>=3.9), version: 1.7.8
2026-07-30T19:03:43,936 Skipping link: not a file: https://pypi.org/simple/ppft/
2026-07-30T19:03:43,936 Given no hashes to check 2 links for project 'ppft': discarding no candidates
2026-07-30T19:03:43,936 Collecting ppft>=1.7.8 (from pathos->andes==2.0.0)
2026-07-30T19:03:43,936   Obtaining dependency information for ppft>=1.7.8 from https://files.pythonhosted.org/packages/8e/e1/d1b380af6443e7c33aeb40617ebdc17c39dc30095235643cc518e3908203/ppft-1.7.8-py3-none-any.whl.metadata
2026-07-30T19:03:43,936   Created temporary directory: C:\Users\Administrator\AppData\Local\Temp\pip-unpack-xkegqrae
2026-07-30T19:03:43,942   Using cached ppft-1.7.8-py3-none-any.whl.metadata (12 kB)
2026-07-30T19:03:43,942   Created temporary directory: C:\Users\Administrator\AppData\Local\Temp\pip-metadata-yyoj_w6x
2026-07-30T19:03:43,942 Given no hashes to check 2 links for project 'dill': discarding no candidates
2026-07-30T19:03:43,942 1 location(s) to search for versions of pox:
2026-07-30T19:03:43,942 * https://pypi.org/simple/pox/
2026-07-30T19:03:43,942 Fetching project page and analyzing links: https://pypi.org/simple/pox/
2026-07-30T19:03:43,942 Getting page https://pypi.org/simple/pox/
2026-07-30T19:03:43,942 Found index url https://pypi.org/simple/
2026-07-30T19:03:44,192 Fetched page https://pypi.org/simple/pox/ as application/vnd.pypi.simple.v1+json
2026-07-30T19:03:44,192   Found link https://files.pythonhosted.org/packages/25/5d/5ebd632cba59ed4c6f955723da8fd1aaabb848fb0d54ae570ded10981c86/pox-0.1a1.tgz (from https://pypi.org/simple/pox/), version: 0.1a1
2026-07-30T19:03:44,192   Found link https://files.pythonhosted.org/packages/d2/c2/5880aa62f30a47a371b690618632f6731d9cb777bd9ee5046b199b9c673a/pox-0.2.tgz (from https://pypi.org/simple/pox/), version: 0.2
2026-07-30T19:03:44,192   Found link https://files.pythonhosted.org/packages/99/09/1791c1525bec9e5e83693fa1cf7a5cf6168937d55249ab91eae8868f1b7a/pox-0.2.zip (from https://pypi.org/simple/pox/), version: 0.2
2026-07-30T19:03:44,192   Found link https://files.pythonhosted.org/packages/75/42/d7a3e9595d1b046c57c687e7260eeb962cbd1bbda563a3a3f30f13aea6f4/pox-0.2.1.tgz (from https://pypi.org/simple/pox/), version: 0.2.1
2026-07-30T19:03:44,192   Found link https://files.pythonhosted.org/packages/77/af/cb61d7572b804b82ff32dedc16e879af3247bc0ab2fefd2ca039e427bbc3/pox-0.2.1.zip (from https://pypi.org/simple/pox/), version: 0.2.1
2026-07-30T19:03:44,192   Found link https://files.pythonhosted.org/packages/6d/ae/40f02d47cdb88363ec7eb3d0851805053dbee95a2710532f7e4955babc3b/pox-0.2.2.tgz (from https://pypi.org/simple/pox/), version: 0.2.2
2026-07-30T19:03:44,192   Found link https://files.pythonhosted.org/packages/13/b4/eaccb63721a8e5488f0732276fa83c722a0780a3b1cbb523ecd6f75d2829/pox-0.2.2.zip (from https://pypi.org/simple/pox/), version: 0.2.2
2026-07-30T19:03:44,196   Found link https://files.pythonhosted.org/packages/1e/27/effa6e207856eb60dd86bfe0a1954460b911cd88978450ee8a37a4b7826f/pox-0.2.3.zip (from https://pypi.org/simple/pox/), version: 0.2.3
2026-07-30T19:03:44,196   Found link https://files.pythonhosted.org/packages/7d/a2/aff99902359ee6e59f5a7846b5d0ce52389c17587d80ea68ef63ca6530cc/pox-0.2.4.tar.gz (from https://pypi.org/simple/pox/), version: 0.2.4
2026-07-30T19:03:44,196   Found link https://files.pythonhosted.org/packages/d7/4d/56db34aac51e9bb2005cf7fffabbd1d7a7d18b42fe6ccb05ffae571d356b/pox-0.2.5.tar.gz (from https://pypi.org/simple/pox/), version: 0.2.5
2026-07-30T19:03:44,196   Found link https://files.pythonhosted.org/packages/b0/8e/e8095866c3b512f9ef844ad20669e0c4785da1784dcfd282377896ffd3b1/pox-0.2.6.tar.gz (from https://pypi.org/simple/pox/), version: 0.2.6
2026-07-30T19:03:44,196   Found link https://files.pythonhosted.org/packages/6c/9a/957818485aa165ce93b646aeb20181215bb415c9dca8345bdbe23b08ae67/pox-0.2.7.tar.gz (from https://pypi.org/simple/pox/), version: 0.2.7
2026-07-30T19:03:44,196   Found link https://files.pythonhosted.org/packages/1a/0c/ec447fb0ed88bc1c09bf0dadf00e40ea05fda17e841d15bb351a52d9e192/pox-0.2.8.zip (from https://pypi.org/simple/pox/), version: 0.2.8
2026-07-30T19:03:44,196   Found link https://files.pythonhosted.org/packages/6b/06/600e1b1103336ce94cf01e63a6c7b134f0edccf59bbf99189c975e2f257e/pox-0.2.9-py2.py3-none-any.whl (from https://pypi.org/simple/pox/), version: 0.2.9
2026-07-30T19:03:44,196   Found link https://files.pythonhosted.org/packages/a0/d6/0540d48a72830a1b061c7e51c3ed114801bcc46f66f1a148fd4179bd37e5/pox-0.2.9.zip (from https://pypi.org/simple/pox/), version: 0.2.9
2026-07-30T19:03:44,197   Found link https://files.pythonhosted.org/packages/25/6e/7bc83d285dd0438f6ba106dba4fa85e569b09bae14f3c8d9df7acdc92629/pox-0.3.0-py2.py3-none-any.whl (from https://pypi.org/simple/pox/), version: 0.3.0
2026-07-30T19:03:44,197   Found link https://files.pythonhosted.org/packages/b9/bc/d348b6372b72fea32be294481e068659d277db3fb49be08f7955c5a55425/pox-0.3.0.zip (from https://pypi.org/simple/pox/), version: 0.3.0
2026-07-30T19:03:44,197   Found link https://files.pythonhosted.org/packages/ee/ae/47dde73e5fa582669d08d0c8284e1863d8e8353947da264c38bc2831e8bb/pox-0.3.1-py2.py3-none-any.whl (from https://pypi.org/simple/pox/) (requires-python:>=2.7, !=3.0.*, !=3.1.*, !=3.2.*, !=3.3.*, !=3.4.*, !=3.5.*, !=3.6.*), version: 0.3.1
2026-07-30T19:03:44,197   Found link https://files.pythonhosted.org/packages/db/37/e6543549c9943c93019d414c9c3cd7efaeac72095e0445d0568b64c04dff/pox-0.3.1.tar.gz (from https://pypi.org/simple/pox/) (requires-python:>=2.7, !=3.0.*, !=3.1.*, !=3.2.*, !=3.3.*, !=3.4.*, !=3.5.*, !=3.6.*), version: 0.3.1
2026-07-30T19:03:44,197   Found link https://files.pythonhosted.org/packages/7d/ee/93fb2380de1458a50c44b8aa65c6f111df1103c3d4fbd74b70f51745e081/pox-0.3.2-py3-none-any.whl (from https://pypi.org/simple/pox/) (requires-python:>=3.7), version: 0.3.2
2026-07-30T19:03:44,197   Found link https://files.pythonhosted.org/packages/e6/91/9e0abb44af18a53b238cd3d0c707b38fa74083da3701e7599a20786b37d5/pox-0.3.2.tar.gz (from https://pypi.org/simple/pox/) (requires-python:>=3.7), version: 0.3.2
2026-07-30T19:03:44,197   Found link https://files.pythonhosted.org/packages/17/c7/ef7e37e5a895f5de068b408a52bee0710b1092574b6b4ab247a767e9fbd5/pox-0.3.3-py3-none-any.whl (from https://pypi.org/simple/pox/) (requires-python:>=3.7), version: 0.3.3
2026-07-30T19:03:44,197   Found link https://files.pythonhosted.org/packages/ec/4c/22beb011c819df2f70a9ae4eac0d28a90ee982b5e325f41a93351c5d852d/pox-0.3.3.tar.gz (from https://pypi.org/simple/pox/) (requires-python:>=3.7), version: 0.3.3
2026-07-30T19:03:44,197   Found link https://files.pythonhosted.org/packages/e1/d7/9e73c32f73da71e8224b4cb861b5db50ebdebcdff14d3e3fb47a63c578b2/pox-0.3.4-py3-none-any.whl (from https://pypi.org/simple/pox/) (requires-python:>=3.8), version: 0.3.4
2026-07-30T19:03:44,198   Found link https://files.pythonhosted.org/packages/87/8c/6e1e0e919b64d1a3fe11f461a34e5d0c570c00051cde44828514917f9651/pox-0.3.4.tar.gz (from https://pypi.org/simple/pox/) (requires-python:>=3.8), version: 0.3.4
2026-07-30T19:03:44,198   Found link https://files.pythonhosted.org/packages/1d/4c/490d8f7825f38fa77bff188c568163f222d01f6c6d76f574429135edfc49/pox-0.3.5-py3-none-any.whl (from https://pypi.org/simple/pox/) (requires-python:>=3.8), version: 0.3.5
2026-07-30T19:03:44,198   Found link https://files.pythonhosted.org/packages/2e/0d/f2eb94b4d1358a60f3539a6abcbbd757fbcb78538fe8d4cfa49850356ccf/pox-0.3.5.tar.gz (from https://pypi.org/simple/pox/) (requires-python:>=3.8), version: 0.3.5
2026-07-30T19:03:44,198   Found link https://files.pythonhosted.org/packages/0d/c2/6435789c26661bef699868ee54d2763aea636a1ed21ec8e350b1f9f65888/pox-0.3.6-py3-none-any.whl (from https://pypi.org/simple/pox/) (requires-python:>=3.8), version: 0.3.6
2026-07-30T19:03:44,198   Found link https://files.pythonhosted.org/packages/56/99/42670d273fd598a6fe98c8b2f593ee425b29e44f2d1a61ff622031204ccd/pox-0.3.6.tar.gz (from https://pypi.org/simple/pox/) (requires-python:>=3.8), version: 0.3.6
2026-07-30T19:03:44,198   Found link https://files.pythonhosted.org/packages/2a/ac/4d5f104edf2aae2fec85567ec1d1969010de8124c5c45514f25e14900b65/pox-0.3.7-py3-none-any.whl (from https://pypi.org/simple/pox/) (requires-python:>=3.9), version: 0.3.7
2026-07-30T19:03:44,198   Found link https://files.pythonhosted.org/packages/44/58/4385741dea1d74fe9dfed7ff42975266634ef8000f2c8e96717079c916b1/pox-0.3.7.tar.gz (from https://pypi.org/simple/pox/) (requires-python:>=3.9), version: 0.3.7
2026-07-30T19:03:44,198 Skipping link: not a file: https://pypi.org/simple/pox/
2026-07-30T19:03:44,198 Given no hashes to check 2 links for project 'pox': discarding no candidates
2026-07-30T19:03:44,199 Collecting pox>=0.3.7 (from pathos->andes==2.0.0)
2026-07-30T19:03:44,199   Obtaining dependency information for pox>=0.3.7 from https://files.pythonhosted.org/packages/2a/ac/4d5f104edf2aae2fec85567ec1d1969010de8124c5c45514f25e14900b65/pox-0.3.7-py3-none-any.whl.metadata
2026-07-30T19:03:44,199   Created temporary directory: C:\Users\Administrator\AppData\Local\Temp\pip-unpack-3wxeyt6b
2026-07-30T19:03:44,201   Using cached pox-0.3.7-py3-none-any.whl.metadata (8.0 kB)
2026-07-30T19:03:44,203   Created temporary directory: C:\Users\Administrator\AppData\Local\Temp\pip-metadata-g9qhso6_
2026-07-30T19:03:44,204 1 location(s) to search for versions of multiprocess:
2026-07-30T19:03:44,204 * https://pypi.org/simple/multiprocess/
2026-07-30T19:03:44,205 Fetching project page and analyzing links: https://pypi.org/simple/multiprocess/
2026-07-30T19:03:44,205 Getting page https://pypi.org/simple/multiprocess/
2026-07-30T19:03:44,205 Found index url https://pypi.org/simple/
2026-07-30T19:03:44,452 Fetched page https://pypi.org/simple/multiprocess/ as application/vnd.pypi.simple.v1+json
2026-07-30T19:03:44,457   Found link https://files.pythonhosted.org/packages/96/b5/b5becc490b955c57ee5e03a3f4c3c17cb66a6a80fcf5b3782fa285d46c63/multiprocess-0.70.1.tgz (from https://pypi.org/simple/multiprocess/), version: 0.70.1
2026-07-30T19:03:44,457   Found link https://files.pythonhosted.org/packages/5f/16/d08c0106df2aa70c0301e9ffd03bd47fa6268c2a7abb097d1fa6788a238d/multiprocess-0.70.1.zip (from https://pypi.org/simple/multiprocess/), version: 0.70.1
2026-07-30T19:03:44,457   Found link https://files.pythonhosted.org/packages/8f/b9/448333267d8a13fc286ddb7cbed536ab85e650276a2bd487d5481a752263/multiprocess-0.70.3.tgz (from https://pypi.org/simple/multiprocess/), version: 0.70.3
2026-07-30T19:03:44,457   Found link https://files.pythonhosted.org/packages/42/fa/137ed6eb3fef5d6273be8147ab4e2641115710b6b4db5fe168c1ae97697c/multiprocess-0.70.3.zip (from https://pypi.org/simple/multiprocess/), version: 0.70.3
2026-07-30T19:03:44,457   Found link https://files.pythonhosted.org/packages/0b/24/21184ba071263e99655452680943701e5aeb4ac7c25bd8691b150aef64c4/multiprocess-0.70.4.tgz (from https://pypi.org/simple/multiprocess/), version: 0.70.4
2026-07-30T19:03:44,457   Found link https://files.pythonhosted.org/packages/fb/44/308000ee233ce789e139978b15c1da4a8cdb0126522f2cb8a4ba560f4fb3/multiprocess-0.70.4.zip (from https://pypi.org/simple/multiprocess/), version: 0.70.4
2026-07-30T19:03:44,457   Found link https://files.pythonhosted.org/packages/65/03/bd8ac79948049b5a0f7ee5f2642f76dbb2d9cb83cc5433dfb2112f89d69a/multiprocess-0.70.5.zip (from https://pypi.org/simple/multiprocess/), version: 0.70.5
2026-07-30T19:03:44,457   Found link https://files.pythonhosted.org/packages/54/82/fb11d15fc4cb9535a1846bd97d0fdf7967cdff1427700a0a8a1351f6bfbd/multiprocess-0.70.6.tar.gz (from https://pypi.org/simple/multiprocess/), version: 0.70.6
2026-07-30T19:03:44,457   Found link https://files.pythonhosted.org/packages/7a/ee/b9bf3e171f936743758ef924622d8dd00516c5532b00a1210a09bce68325/multiprocess-0.70.6.1.tar.gz (from https://pypi.org/simple/multiprocess/), version: 0.70.6.1
2026-07-30T19:03:44,457   Skipping link: none of the wheel's tags (cp27-cp27m-win32) are compatible (run pip debug --verbose to show compatible tags): https://files.pythonhosted.org/packages/75/e2/3714774fa149e9882c325033c5c155b171777d38b149fd1a7beeae327c9c/multiprocess-0.70.7-cp27-cp27m-win32.whl (from https://pypi.org/simple/multiprocess/)
2026-07-30T19:03:44,457   Skipping link: none of the wheel's tags (cp27-cp27m-win_amd64) are compatible (run pip debug --verbose to show compatible tags): https://files.pythonhosted.org/packages/db/bd/7ca8032007a832781d03e5e959d815545948d61b8b6440a554bab0bf6725/multiprocess-0.70.7-cp27-cp27m-win_amd64.whl (from https://pypi.org/simple/multiprocess/)
2026-07-30T19:03:44,457   Skipping link: none of the wheel's tags (cp35-cp35m-win32) are compatible (run pip debug --verbose to show compatible tags): https://files.pythonhosted.org/packages/99/85/bad3806c81399d5734601ba077892b39db746429bb217906e2e3086f89d1/multiprocess-0.70.7-cp35-cp35m-win32.whl (from https://pypi.org/simple/multiprocess/)
2026-07-30T19:03:44,457   Skipping link: none of the wheel's tags (cp35-cp35m-win_amd64) are compatible (run pip debug --verbose to show compatible tags): https://files.pythonhosted.org/packages/0f/96/00d18606742f332e2aebb2f9df20d378051fc531653cceef087699041262/multiprocess-0.70.7-cp35-cp35m-win_amd64.whl (from https://pypi.org/simple/multiprocess/)
2026-07-30T19:03:44,457   Skipping link: none of the wheel's tags (cp36-cp36m-win32) are compatible (run pip debug --verbose to show compatible tags): https://files.pythonhosted.org/packages/ca/6d/5c03727616f27c0ef46f5ba4cabcea58d893d549a9731ef77accd9467fce/multiprocess-0.70.7-cp36-cp36m-win32.whl (from https://pypi.org/simple/multiprocess/)
2026-07-30T19:03:44,457   Skipping link: none of the wheel's tags (cp36-cp36m-win_amd64) are compatible (run pip debug --verbose to show compatible tags): https://files.pythonhosted.org/packages/ca/44/1c24627fe1462b6860012d4f9f7d6da18789f9feca8263b55fbf9371f875/multiprocess-0.70.7-cp36-cp36m-win_amd64.whl (from https://pypi.org/simple/multiprocess/)
2026-07-30T19:03:44,457   Skipping link: none of the wheel's tags (cp37-cp37m-win32) are compatible (run pip debug --verbose to show compatible tags): https://files.pythonhosted.org/packages/7b/0a/6b2c560f886e9b2f39b4d0a4b6fc5b0bab9c4189d4257887752e9a916630/multiprocess-0.70.7-cp37-cp37m-win32.whl (from https://pypi.org/simple/multiprocess/)
2026-07-30T19:03:44,457   Skipping link: none of the wheel's tags (cp37-cp37m-win_amd64) are compatible (run pip debug --verbose to show compatible tags): https://files.pythonhosted.org/packages/49/c6/48f859cab2ca851fb7b2f4abfea930c47dcac7676723065b7740ba5ed843/multiprocess-0.70.7-cp37-cp37m-win_amd64.whl (from https://pypi.org/simple/multiprocess/)
2026-07-30T19:03:44,457   Found link https://files.pythonhosted.org/packages/31/60/6d74caa02b54ca43092e745640c7d98f367f07160441682a01602ce00bc5/multiprocess-0.70.7.tar.gz (from https://pypi.org/simple/multiprocess/), version: 0.70.7
2026-07-30T19:03:44,457   Skipping link: none of the wheel's tags (cp27-cp27m-win32) are compatible (run pip debug --verbose to show compatible tags): https://files.pythonhosted.org/packages/87/1e/a759fe6d24b14fdd2c249a7c5fe96c3d9cdeb03057e368556fedd3e492fa/multiprocess-0.70.8-cp27-cp27m-win32.whl (from https://pypi.org/simple/multiprocess/)
2026-07-30T19:03:44,457   Skipping link: none of the wheel's tags (cp27-cp27m-win_amd64) are compatible (run pip debug --verbose to show compatible tags): https://files.pythonhosted.org/packages/d3/75/e808d9f8910b01397566023d106ec120744ef377f82739d569844d2170ba/multiprocess-0.70.8-cp27-cp27m-win_amd64.whl (from https://pypi.org/simple/multiprocess/)
2026-07-30T19:03:44,457   Skipping link: none of the wheel's tags (cp35-cp35m-win32) are compatible (run pip debug --verbose to show compatible tags): https://files.pythonhosted.org/packages/ef/05/df37ec280a5211cbf39fe14659701349df5aa7aaf33a0430d8d6ad125043/multiprocess-0.70.8-cp35-cp35m-win32.whl (from https://pypi.org/simple/multiprocess/)
2026-07-30T19:03:44,457   Skipping link: none of the wheel's tags (cp35-cp35m-win_amd64) are compatible (run pip debug --verbose to show compatible tags): https://files.pythonhosted.org/packages/10/8a/d755f7ff7e3315c536c13dc6736da2e422edb9c3e0d59b5ade2aa8e64fbd/multiprocess-0.70.8-cp35-cp35m-win_amd64.whl (from https://pypi.org/simple/multiprocess/)
2026-07-30T19:03:44,457   Skipping link: none of the wheel's tags (cp36-cp36m-win32) are compatible (run pip debug --verbose to show compatible tags): https://files.pythonhosted.org/packages/4e/64/53935e39ea7f5030967f30e0285ef28f3bb6ca7d256625a2e46b4d1e19cd/multiprocess-0.70.8-cp36-cp36m-win32.whl (from https://pypi.org/simple/multiprocess/)
2026-07-30T19:03:44,457   Skipping link: none of the wheel's tags (cp36-cp36m-win_amd64) are compatible (run pip debug --verbose to show compatible tags): https://files.pythonhosted.org/packages/d8/ee/6ea4c86a8416441afa027f9aaa40e596bde737bd3a774ed4dce6f0563440/multiprocess-0.70.8-cp36-cp36m-win_amd64.whl (from https://pypi.org/simple/multiprocess/)
2026-07-30T19:03:44,457   Skipping link: none of the wheel's tags (cp37-cp37m-win32) are compatible (run pip debug --verbose to show compatible tags): https://files.pythonhosted.org/packages/f4/e9/8135320fb5be3d08b75d673ad123244cc8ebb71c7464cc9848be3e413da5/multiprocess-0.70.8-cp37-cp37m-win32.whl (from https://pypi.org/simple/multiprocess/)
2026-07-30T19:03:44,457   Skipping link: none of the wheel's tags (cp37-cp37m-win_amd64) are compatible (run pip debug --verbose to show compatible tags): https://files.pythonhosted.org/packages/8f/1c/60b2259979898b93693fbc7ffcbe57dc4339fc609d58e11bf19083aee155/multiprocess-0.70.8-cp37-cp37m-win_amd64.whl (from https://pypi.org/simple/multiprocess/)
2026-07-30T19:03:44,457   Found link https://files.pythonhosted.org/packages/50/40/b23b1ddd3cb0e072fdbec5f458e8369df48643a3b04dfb55365a63a51687/multiprocess-0.70.8.tar.gz (from https://pypi.org/simple/multiprocess/), version: 0.70.8
2026-07-30T19:03:44,457   Skipping link: none of the wheel's tags (cp27-cp27m-win32) are compatible (run pip debug --verbose to show compatible tags): https://files.pythonhosted.org/packages/43/05/3ee40843b8b671c42706fa184745b05413aacc1f90632707934e35eeb49f/multiprocess-0.70.9-cp27-cp27m-win32.whl (from https://pypi.org/simple/multiprocess/)
2026-07-30T19:03:44,457   Skipping link: none of the wheel's tags (cp27-cp27m-win_amd64) are compatible (run pip debug --verbose to show compatible tags): https://files.pythonhosted.org/packages/18/1d/3d75b156f1c5d7d27819e8f763288c4bda8b24c5736d2a00a8808ac309f2/multiprocess-0.70.9-cp27-cp27m-win_amd64.whl (from https://pypi.org/simple/multiprocess/)
2026-07-30T19:03:44,457   Found link https://files.pythonhosted.org/packages/58/17/5151b6ac2ac9b6276d46c33369ff814b0901872b2a0871771252f02e9192/multiprocess-0.70.9.tar.gz (from https://pypi.org/simple/multiprocess/), version: 0.70.9
2026-07-30T19:03:44,457   Skipping link: none of the wheel's tags (cp27-cp27m-win32) are compatible (run pip debug --verbose to show compatible tags): https://files.pythonhosted.org/packages/ec/b6/ada68fffcfa032e104e2b4d792f9dab9dbef99c0cc4b3f8e271cd9daa83f/multiprocess-0.70.10-cp27-cp27m-win32.whl (from https://pypi.org/simple/multiprocess/)
2026-07-30T19:03:44,457   Skipping link: none of the wheel's tags (cp27-cp27m-win_amd64) are compatible (run pip debug --verbose to show compatible tags): https://files.pythonhosted.org/packages/0b/e0/0137586a80a8aa752555ffc5e0b23e65e14348b369b582ed48b1d5022297/multiprocess-0.70.10-cp27-cp27m-win_amd64.whl (from https://pypi.org/simple/multiprocess/)
2026-07-30T19:03:44,457   Found link https://files.pythonhosted.org/packages/1a/4e/4591c45b85fbcbcc3de9554e20e079e0006c4332e0a780ed0883f2b07965/multiprocess-0.70.10.zip (from https://pypi.org/simple/multiprocess/), version: 0.70.10
2026-07-30T19:03:44,457   Skipping link: none of the wheel's tags (cp27-cp27m-macosx_10_8_x86_64) are compatible (run pip debug --verbose to show compatible tags): https://files.pythonhosted.org/packages/cb/5f/aec1437e771b47bb2b9463423bc434c9403a059f88f496cbc90679bf6aff/multiprocess-0.70.11-cp27-cp27m-macosx_10_8_x86_64.whl (from https://pypi.org/simple/multiprocess/)
2026-07-30T19:03:44,457   Skipping link: none of the wheel's tags (cp27-cp27m-manylinux1_i686) are compatible (run pip debug --verbose to show compatible tags): https://files.pythonhosted.org/packages/5b/2d/ce2c00438c43f640c03fc626d019ec84eeb2b9d3bbdc855e56c0cbc93d0d/multiprocess-0.70.11-cp27-cp27m-manylinux1_i686.whl (from https://pypi.org/simple/multiprocess/)
2026-07-30T19:03:44,457   Skipping link: none of the wheel's tags (cp27-cp27m-manylinux1_x86_64) are compatible (run pip debug --verbose to show compatible tags): https://files.pythonhosted.org/packages/64/e4/4a8401ce1f5a8e7f8993abdad84af557e4391698e36323643f984e200bee/multiprocess-0.70.11-cp27-cp27m-manylinux1_x86_64.whl (from https://pypi.org/simple/multiprocess/)
2026-07-30T19:03:44,457   Skipping link: none of the wheel's tags (cp27-cp27m-win32) are compatible (run pip debug --verbose to show compatible tags): https://files.pythonhosted.org/packages/0e/64/9508ce7b82dcf3c39cf0ef4c7e4b2b6de30a8d13fd686d7cde39f104a314/multiprocess-0.70.11-cp27-cp27m-win32.whl (from https://pypi.org/simple/multiprocess/)
2026-07-30T19:03:44,457   Skipping link: none of the wheel's tags (cp27-cp27m-win_amd64) are compatible (run pip debug --verbose to show compatible tags): https://files.pythonhosted.org/packages/c5/ae/447f3d3a0f3c4b1d1e7d495a93ef7ff1e16c97b3fe3a1679b838e67869a2/multiprocess-0.70.11-cp27-cp27m-win_amd64.whl (from https://pypi.org/simple/multiprocess/)
2026-07-30T19:03:44,457   Found link https://files.pythonhosted.org/packages/fe/cc/97c27e9aa9a75b2cdd9c279f17dffcc04702b09b8968038025d4190dd1af/multiprocess-0.70.11-py3-none-any.whl (from https://pypi.org/simple/multiprocess/), version: 0.70.11
2026-07-30T19:03:44,457   Found link https://files.pythonhosted.org/packages/a4/0a/b0d517755cce23781c69c27b6bfe1463e88ebb63270183807b15e05aa9fc/multiprocess-0.70.11.zip (from https://pypi.org/simple/multiprocess/), version: 0.70.11
2026-07-30T19:03:44,457   Skipping link: none of the wheel's tags (cp27-cp27m-macosx_10_8_x86_64) are compatible (run pip debug --verbose to show compatible tags): https://files.pythonhosted.org/packages/a1/a0/101ccefa388a80ff28d4ea587506f97308fc4992842e090a6c56e55fd0b3/multiprocess-0.70.11.1-cp27-cp27m-macosx_10_8_x86_64.whl (from https://pypi.org/simple/multiprocess/)
2026-07-30T19:03:44,457   Skipping link: none of the wheel's tags (cp27-cp27m-manylinux1_i686) are compatible (run pip debug --verbose to show compatible tags): https://files.pythonhosted.org/packages/4a/36/e5d66cee86df04c9b317b2781e26509564d28879df2f7834e9daea13edac/multiprocess-0.70.11.1-cp27-cp27m-manylinux1_i686.whl (from https://pypi.org/simple/multiprocess/)
2026-07-30T19:03:44,463   Skipping link: none of the wheel's tags (cp27-cp27m-manylinux1_x86_64) are compatible (run pip debug --verbose to show compatible tags): https://files.pythonhosted.org/packages/a6/7f/bee24a76fa65cf6a189554df68a3e620a10985c0663ee803dbc2cb7aa84d/multiprocess-0.70.11.1-cp27-cp27m-manylinux1_x86_64.whl (from https://pypi.org/simple/multiprocess/)
2026-07-30T19:03:44,463   Skipping link: none of the wheel's tags (cp27-cp27m-win32) are compatible (run pip debug --verbose to show compatible tags): https://files.pythonhosted.org/packages/6b/ab/4ef599b0c71a8efdd8c55131abdadfaae7d194e32b924228a833578ed017/multiprocess-0.70.11.1-cp27-cp27m-win32.whl (from https://pypi.org/simple/multiprocess/)
2026-07-30T19:03:44,463   Skipping link: none of the wheel's tags (cp27-cp27m-win_amd64) are compatible (run pip debug --verbose to show compatible tags): https://files.pythonhosted.org/packages/7e/67/9e19b35560a4131fc91353bfe1f25e9c744e621ba346908f1b7e23e6fd6e/multiprocess-0.70.11.1-cp27-cp27m-win_amd64.whl (from https://pypi.org/simple/multiprocess/)
2026-07-30T19:03:44,463   Found link https://files.pythonhosted.org/packages/43/25/14f6772a43ac868af894138f6aea7f04b7838587750e05978b22b6829c8b/multiprocess-0.70.11.1-py35-none-any.whl (from https://pypi.org/simple/multiprocess/), version: 0.70.11.1
2026-07-30T19:03:44,463   Found link https://files.pythonhosted.org/packages/8f/dc/426a82723c460cfab653ebb717590103d6e38cebc9d1f599b0898915ac1d/multiprocess-0.70.11.1-py36-none-any.whl (from https://pypi.org/simple/multiprocess/), version: 0.70.11.1
2026-07-30T19:03:44,463   Found link https://files.pythonhosted.org/packages/db/20/458ac043a57322365ac2ed86a911bf7598fc2e49bccb3f94ea810fbb6b9b/multiprocess-0.70.11.1-py37-none-any.whl (from https://pypi.org/simple/multiprocess/), version: 0.70.11.1
2026-07-30T19:03:44,463   Found link https://files.pythonhosted.org/packages/6b/d1/43fd2b01aebd1294777051dadc87b6326dccc1b89f82981f261eaa92d0e8/multiprocess-0.70.11.1-py38-none-any.whl (from https://pypi.org/simple/multiprocess/), version: 0.70.11.1
2026-07-30T19:03:44,463   Found link https://files.pythonhosted.org/packages/b6/50/bcaac232864960146b19fb133e901f7cf3d0730d04778b7ef7dcc169f99b/multiprocess-0.70.11.1-py39-none-any.whl (from https://pypi.org/simple/multiprocess/), version: 0.70.11.1
2026-07-30T19:03:44,463   Found link https://files.pythonhosted.org/packages/28/22/d41648b1303352bccfa497509a32606085bfb2f99fbb423d8863a635a9fd/multiprocess-0.70.11.1.zip (from https://pypi.org/simple/multiprocess/), version: 0.70.11.1
2026-07-30T19:03:44,463   Skipping link: none of the wheel's tags (cp27-cp27m-macosx_10_12_x86_64) are compatible (run pip debug --verbose to show compatible tags): https://files.pythonhosted.org/packages/e1/80/be4383be35c650403dff06d59168259c1a45ef111926e291395e9d3d79ea/multiprocess-0.70.12-cp27-cp27m-macosx_10_12_x86_64.whl (from https://pypi.org/simple/multiprocess/)
2026-07-30T19:03:44,463   Skipping link: none of the wheel's tags (cp27-cp27m-manylinux1_i686) are compatible (run pip debug --verbose to show compatible tags): https://files.pythonhosted.org/packages/b1/6e/bd188c8adbb030a43c3f01afa2969a99ca8bec0467d3e101e3f781cb97a8/multiprocess-0.70.12-cp27-cp27m-manylinux1_i686.whl (from https://pypi.org/simple/multiprocess/)
2026-07-30T19:03:44,463   Skipping link: none of the wheel's tags (cp27-cp27m-manylinux1_x86_64) are compatible (run pip debug --verbose to show compatible tags): https://files.pythonhosted.org/packages/12/c3/087ba3890842124eeeb004a8dbd30d7dba3be5ed8b46ba1855ad65e6ee33/multiprocess-0.70.12-cp27-cp27m-manylinux1_x86_64.whl (from https://pypi.org/simple/multiprocess/)
2026-07-30T19:03:44,463   Skipping link: none of the wheel's tags (cp27-cp27m-win32) are compatible (run pip debug --verbose to show compatible tags): https://files.pythonhosted.org/packages/0d/9b/c900fc1725e22413a0fb241d8af9e87b76f38492d94ea2273564a7c99e4d/multiprocess-0.70.12-cp27-cp27m-win32.whl (from https://pypi.org/simple/multiprocess/)
2026-07-30T19:03:44,463   Skipping link: none of the wheel's tags (cp27-cp27m-win_amd64) are compatible (run pip debug --verbose to show compatible tags): https://files.pythonhosted.org/packages/77/74/358fe2deb05fb63e1316107ee21fdd030ed5db95522a18fcdc5bbbe97d25/multiprocess-0.70.12-cp27-cp27m-win_amd64.whl (from https://pypi.org/simple/multiprocess/)
2026-07-30T19:03:44,463   Skipping link: none of the wheel's tags (pp27-none-any) are compatible (run pip debug --verbose to show compatible tags): https://files.pythonhosted.org/packages/a9/89/4459e52f7829908910f9e1d80db65b8c7103cf3e1a09e0973ad324392103/multiprocess-0.70.12-pp27-none-any.whl (from https://pypi.org/simple/multiprocess/)
2026-07-30T19:03:44,463   Skipping link: none of the wheel's tags (pp36-none-any) are compatible (run pip debug --verbose to show compatible tags): https://files.pythonhosted.org/packages/60/c9/748480c4cc2c08cd7425c8a70449432790b0b83136e539e140bac0c93275/multiprocess-0.70.12-pp36-none-any.whl (from https://pypi.org/simple/multiprocess/)
2026-07-30T19:03:44,463   Skipping link: none of the wheel's tags (pp37-none-any) are compatible (run pip debug --verbose to show compatible tags): https://files.pythonhosted.org/packages/d5/6b/3298b6392682855b4f00d5e755d83fafce90188865961fd1ead58f1b0d7f/multiprocess-0.70.12-pp37-none-any.whl (from https://pypi.org/simple/multiprocess/)
2026-07-30T19:03:44,463   Found link https://files.pythonhosted.org/packages/dd/bf/995e61e96aa7fcf67bd981d51d7ee73be64ddd34fb5dccb0a032f7f5b898/multiprocess-0.70.12-py36-none-any.whl (from https://pypi.org/simple/multiprocess/), version: 0.70.12
2026-07-30T19:03:44,463   Found link https://files.pythonhosted.org/packages/35/be/a428bdf9a76cb7c60e516f7849dc8457a942ea7ae6ce3dfa0afad1e566be/multiprocess-0.70.12-py37-none-any.whl (from https://pypi.org/simple/multiprocess/), version: 0.70.12
2026-07-30T19:03:44,463   Found link https://files.pythonhosted.org/packages/66/7c/85a5f8463afeb7f80ba749d07561a963233ddf7f63bddffbdb520865307f/multiprocess-0.70.12-py38-none-any.whl (from https://pypi.org/simple/multiprocess/), version: 0.70.12
2026-07-30T19:03:44,463   Found link https://files.pythonhosted.org/packages/78/ee/ef4f551b823cecc5354748ac4d797347b831a338b268d17ab8a1bea0adef/multiprocess-0.70.12-py39-none-any.whl (from https://pypi.org/simple/multiprocess/), version: 0.70.12
2026-07-30T19:03:44,463   Found link https://files.pythonhosted.org/packages/c6/ff/d85f76f7fb62745664924414cb58340725b61a61f9226db10bec16de01c9/multiprocess-0.70.12.zip (from https://pypi.org/simple/multiprocess/), version: 0.70.12
2026-07-30T19:03:44,463   Skipping link: none of the wheel's tags (cp27-cp27m-win32) are compatible (run pip debug --verbose to show compatible tags): https://files.pythonhosted.org/packages/13/83/896bcd2b08d4143228fe511ed34824e53ab3a86f7a3bb4a231eab4c1a9aa/multiprocess-0.70.12.1-cp27-cp27m-win32.whl (from https://pypi.org/simple/multiprocess/)
2026-07-30T19:03:44,463   Skipping link: none of the wheel's tags (cp27-cp27m-win_amd64) are compatible (run pip debug --verbose to show compatible tags): https://files.pythonhosted.org/packages/a8/65/31a542d7f3271a86b69599aae812bb37d40482a9b7d40d608d11b3858a62/multiprocess-0.70.12.1-cp27-cp27m-win_amd64.whl (from https://pypi.org/simple/multiprocess/)
2026-07-30T19:03:44,463   Found link https://files.pythonhosted.org/packages/26/19/7034777e8ffe6892a27d232466ac81400e7dfb98ba1d3438a15344d2f565/multiprocess-0.70.12.1.zip (from https://pypi.org/simple/multiprocess/), version: 0.70.12.1
2026-07-30T19:03:44,463   Skipping link: none of the wheel's tags (cp27-cp27m-macosx_10_12_x86_64) are compatible (run pip debug --verbose to show compatible tags): https://files.pythonhosted.org/packages/35/04/114627437f9bce88375c7d5abfe52db9c63877f86cfa61e4d90db9d5b4e9/multiprocess-0.70.12.2-cp27-cp27m-macosx_10_12_x86_64.whl (from https://pypi.org/simple/multiprocess/)
2026-07-30T19:03:44,463   Skipping link: none of the wheel's tags (cp27-cp27m-manylinux1_i686) are compatible (run pip debug --verbose to show compatible tags): https://files.pythonhosted.org/packages/87/7a/f62e81b67e585f4bbc64b63941d2b884970cf3ecea2bd5617c44fcfb2a2b/multiprocess-0.70.12.2-cp27-cp27m-manylinux1_i686.whl (from https://pypi.org/simple/multiprocess/)
2026-07-30T19:03:44,463   Skipping link: none of the wheel's tags (cp27-cp27m-manylinux1_x86_64) are compatible (run pip debug --verbose to show compatible tags): https://files.pythonhosted.org/packages/8c/17/79345dffec97d04019b391258eb0c79cf033796605ba799aad6fd015a5ad/multiprocess-0.70.12.2-cp27-cp27m-manylinux1_x86_64.whl (from https://pypi.org/simple/multiprocess/)
2026-07-30T19:03:44,463   Skipping link: none of the wheel's tags (cp27-cp27m-win32) are compatible (run pip debug --verbose to show compatible tags): https://files.pythonhosted.org/packages/a1/d8/384813353c85d2a6daefc1e334e6211073780a35d9f6bd7d3d46c6d62b47/multiprocess-0.70.12.2-cp27-cp27m-win32.whl (from https://pypi.org/simple/multiprocess/)
2026-07-30T19:03:44,463   Skipping link: none of the wheel's tags (cp27-cp27m-win_amd64) are compatible (run pip debug --verbose to show compatible tags): https://files.pythonhosted.org/packages/ea/8b/e06fb8dccc91ba8060f5f950f1418a656aa3358c4734a841ed6659dc0eff/multiprocess-0.70.12.2-cp27-cp27m-win_amd64.whl (from https://pypi.org/simple/multiprocess/)
2026-07-30T19:03:44,463   Skipping link: none of the wheel's tags (pp27-none-any) are compatible (run pip debug --verbose to show compatible tags): https://files.pythonhosted.org/packages/97/0a/c9e66e0c3fd4f2a9404c91ba1a967858041c865c958746bb6939454eed10/multiprocess-0.70.12.2-pp27-none-any.whl (from https://pypi.org/simple/multiprocess/)
2026-07-30T19:03:44,463   Skipping link: none of the wheel's tags (pp36-none-any) are compatible (run pip debug --verbose to show compatible tags): https://files.pythonhosted.org/packages/f1/4b/fe61ba68c54e96802c4b2b181cae4a5b658a96bb9f251485a66344245556/multiprocess-0.70.12.2-pp36-none-any.whl (from https://pypi.org/simple/multiprocess/)
2026-07-30T19:03:44,463   Skipping link: none of the wheel's tags (pp37-none-any) are compatible (run pip debug --verbose to show compatible tags): https://files.pythonhosted.org/packages/b7/94/6efd1e87108d5ae86f75ee2049ad5bacbaeb58ee7a521570a144e1d8796d/multiprocess-0.70.12.2-pp37-none-any.whl (from https://pypi.org/simple/multiprocess/)
2026-07-30T19:03:44,463   Found link https://files.pythonhosted.org/packages/df/d0/c3011a5bb77f307e68682a5046cce1a2c6591267bf24b5bf3fc4130bb39d/multiprocess-0.70.12.2-py36-none-any.whl (from https://pypi.org/simple/multiprocess/), version: 0.70.12.2
2026-07-30T19:03:44,463   Found link https://files.pythonhosted.org/packages/aa/d8/d7bbcef5c03890f5fe983d8419b0c5236af3657c5aa9bddf1991a6ed813a/multiprocess-0.70.12.2-py37-none-any.whl (from https://pypi.org/simple/multiprocess/), version: 0.70.12.2
2026-07-30T19:03:44,463   Found link https://files.pythonhosted.org/packages/e6/22/b09b8394f8c86ff0cfebd725ea96bba0accd4a4b2be437bcba6a0cf7d1c3/multiprocess-0.70.12.2-py38-none-any.whl (from https://pypi.org/simple/multiprocess/), version: 0.70.12.2
2026-07-30T19:03:44,463   Found link https://files.pythonhosted.org/packages/e3/12/c1c7b5574a574a5bc898c8656b0ab8514d0609356b3ca18180e2ae94c2f7/multiprocess-0.70.12.2-py39-none-any.whl (from https://pypi.org/simple/multiprocess/), version: 0.70.12.2
2026-07-30T19:03:44,463   Found link https://files.pythonhosted.org/packages/99/1a/472900644359cdd208d1fbe71706bdeecbc6e8db2e39c35ebe89459e9172/multiprocess-0.70.12.2.zip (from https://pypi.org/simple/multiprocess/), version: 0.70.12.2
2026-07-30T19:03:44,463   Skipping link: none of the wheel's tags (cp27-cp27m-macosx_10_14_x86_64) are compatible (run pip debug --verbose to show compatible tags): https://files.pythonhosted.org/packages/c4/42/2e4f8c2dbe890fdc4d7a271254204f523e7c4d6723bfe95f2d7f98105f5c/multiprocess-0.70.13-cp27-cp27m-macosx_10_14_x86_64.whl (from https://pypi.org/simple/multiprocess/) (requires-python:>=2.7, !=3.0.*, !=3.1.*, !=3.2.*, !=3.3.*, !=3.4.*, !=3.5.*, !=3.6.*)
2026-07-30T19:03:44,463   Skipping link: none of the wheel's tags (cp27-cp27m-manylinux1_i686) are compatible (run pip debug --verbose to show compatible tags): https://files.pythonhosted.org/packages/dc/d4/c7f35e12375e98aad20a84297dc8d89533aeb65000c57aa9d98ac6b24948/multiprocess-0.70.13-cp27-cp27m-manylinux1_i686.whl (from https://pypi.org/simple/multiprocess/) (requires-python:>=2.7, !=3.0.*, !=3.1.*, !=3.2.*, !=3.3.*, !=3.4.*, !=3.5.*, !=3.6.*)
2026-07-30T19:03:44,463   Skipping link: none of the wheel's tags (cp27-cp27m-manylinux1_x86_64) are compatible (run pip debug --verbose to show compatible tags): https://files.pythonhosted.org/packages/a3/cd/235471d3a8c17bce1fed180026ab5ecd60a6c7f425303f1d29c4b7d724e1/multiprocess-0.70.13-cp27-cp27m-manylinux1_x86_64.whl (from https://pypi.org/simple/multiprocess/) (requires-python:>=2.7, !=3.0.*, !=3.1.*, !=3.2.*, !=3.3.*, !=3.4.*, !=3.5.*, !=3.6.*)
2026-07-30T19:03:44,463   Skipping link: none of the wheel's tags (cp27-cp27m-win32) are compatible (run pip debug --verbose to show compatible tags): https://files.pythonhosted.org/packages/a2/02/3fc7e636c453a3161c65f7d6ddc43a992a85f8dbd402c336a06f29875818/multiprocess-0.70.13-cp27-cp27m-win32.whl (from https://pypi.org/simple/multiprocess/) (requires-python:>=2.7, !=3.0.*, !=3.1.*, !=3.2.*, !=3.3.*, !=3.4.*, !=3.5.*, !=3.6.*)
2026-07-30T19:03:44,463   Skipping link: none of the wheel's tags (cp27-cp27m-win_amd64) are compatible (run pip debug --verbose to show compatible tags): https://files.pythonhosted.org/packages/7a/c9/894c5c85d11ac69aca7bb5f3127d5317b07dc772377485c6f08a6b61f689/multiprocess-0.70.13-cp27-cp27m-win_amd64.whl (from https://pypi.org/simple/multiprocess/) (requires-python:>=2.7, !=3.0.*, !=3.1.*, !=3.2.*, !=3.3.*, !=3.4.*, !=3.5.*, !=3.6.*)
2026-07-30T19:03:44,469   Skipping link: none of the wheel's tags (pp27-pypy_73-macosx_10_7_x86_64) are compatible (run pip debug --verbose to show compatible tags): https://files.pythonhosted.org/packages/69/91/abefd80068dcaa94d0888b90d3d24e28cfa3a42ae69dfb45af6d948b6d77/multiprocess-0.70.13-pp27-pypy_73-macosx_10_7_x86_64.whl (from https://pypi.org/simple/multiprocess/) (requires-python:>=2.7, !=3.0.*, !=3.1.*, !=3.2.*, !=3.3.*, !=3.4.*, !=3.5.*, !=3.6.*)
2026-07-30T19:03:44,469   Skipping link: none of the wheel's tags (pp27-pypy_73-manylinux2010_x86_64) are compatible (run pip debug --verbose to show compatible tags): https://files.pythonhosted.org/packages/a4/95/e473055ea7bf887b75e242652f79dd7b8081fabdc748906b31a1ea28ce98/multiprocess-0.70.13-pp27-pypy_73-manylinux2010_x86_64.whl (from https://pypi.org/simple/multiprocess/) (requires-python:>=2.7, !=3.0.*, !=3.1.*, !=3.2.*, !=3.3.*, !=3.4.*, !=3.5.*, !=3.6.*)
2026-07-30T19:03:44,469   Skipping link: none of the wheel's tags (pp37-pypy37_pp73-macosx_10_9_x86_64) are compatible (run pip debug --verbose to show compatible tags): https://files.pythonhosted.org/packages/d3/e7/be7ea01910a2808c1869bb928830ed66802a224b6e45aa655f17328b99e2/multiprocess-0.70.13-pp37-pypy37_pp73-macosx_10_9_x86_64.whl (from https://pypi.org/simple/multiprocess/) (requires-python:>=2.7, !=3.0.*, !=3.1.*, !=3.2.*, !=3.3.*, !=3.4.*, !=3.5.*, !=3.6.*)
2026-07-30T19:03:44,469   Skipping link: none of the wheel's tags (pp37-pypy37_pp73-manylinux_2_24_i686) are compatible (run pip debug --verbose to show compatible tags): https://files.pythonhosted.org/packages/31/47/f683d6544369ca017ae92e590b8ddcbf4e112a49cddd994c51dd76c64ced/multiprocess-0.70.13-pp37-pypy37_pp73-manylinux_2_24_i686.whl (from https://pypi.org/simple/multiprocess/) (requires-python:>=2.7, !=3.0.*, !=3.1.*, !=3.2.*, !=3.3.*, !=3.4.*, !=3.5.*, !=3.6.*)
2026-07-30T19:03:44,469   Skipping link: none of the wheel's tags (pp37-pypy37_pp73-manylinux_2_24_x86_64) are compatible (run pip debug --verbose to show compatible tags): https://files.pythonhosted.org/packages/64/0e/e222cac7a5be78c4e2912f4bc5315caad9b661db0e82202283de6f422ae1/multiprocess-0.70.13-pp37-pypy37_pp73-manylinux_2_24_x86_64.whl (from https://pypi.org/simple/multiprocess/) (requires-python:>=2.7, !=3.0.*, !=3.1.*, !=3.2.*, !=3.3.*, !=3.4.*, !=3.5.*, !=3.6.*)
2026-07-30T19:03:44,469   Skipping link: none of the wheel's tags (pp38-pypy38_pp73-macosx_10_9_x86_64) are compatible (run pip debug --verbose to show compatible tags): https://files.pythonhosted.org/packages/46/01/8ffbd9aedc795e0bac153ca7ff34403f4654bda64516a027111ddb239bf5/multiprocess-0.70.13-pp38-pypy38_pp73-macosx_10_9_x86_64.whl (from https://pypi.org/simple/multiprocess/) (requires-python:>=2.7, !=3.0.*, !=3.1.*, !=3.2.*, !=3.3.*, !=3.4.*, !=3.5.*, !=3.6.*)
2026-07-30T19:03:44,469   Skipping link: none of the wheel's tags (pp38-pypy38_pp73-manylinux_2_24_i686) are compatible (run pip debug --verbose to show compatible tags): https://files.pythonhosted.org/packages/f1/1c/40dd84a93f88ca6191234c4968a218d4eaa649f58697d8550268b653adb1/multiprocess-0.70.13-pp38-pypy38_pp73-manylinux_2_24_i686.whl (from https://pypi.org/simple/multiprocess/) (requires-python:>=2.7, !=3.0.*, !=3.1.*, !=3.2.*, !=3.3.*, !=3.4.*, !=3.5.*, !=3.6.*)
2026-07-30T19:03:44,469   Skipping link: none of the wheel's tags (pp38-pypy38_pp73-manylinux_2_24_x86_64) are compatible (run pip debug --verbose to show compatible tags): https://files.pythonhosted.org/packages/36/2e/5a04bfa3bbe4b6f8c479f81df995c6c7f3b481230ca0067eccd40516fc22/multiprocess-0.70.13-pp38-pypy38_pp73-manylinux_2_24_x86_64.whl (from https://pypi.org/simple/multiprocess/) (requires-python:>=2.7, !=3.0.*, !=3.1.*, !=3.2.*, !=3.3.*, !=3.4.*, !=3.5.*, !=3.6.*)
2026-07-30T19:03:44,469   Skipping link: none of the wheel's tags (pp39-pypy39_pp73-macosx_10_9_x86_64) are compatible (run pip debug --verbose to show compatible tags): https://files.pythonhosted.org/packages/8f/0c/3131b0bdf6f1df6f14e42044507c26d8c33813d528c5566f4b4c16909f36/multiprocess-0.70.13-pp39-pypy39_pp73-macosx_10_9_x86_64.whl (from https://pypi.org/simple/multiprocess/) (requires-python:>=2.7, !=3.0.*, !=3.1.*, !=3.2.*, !=3.3.*, !=3.4.*, !=3.5.*, !=3.6.*)
2026-07-30T19:03:44,469   Skipping link: none of the wheel's tags (pp39-pypy39_pp73-manylinux_2_24_i686) are compatible (run pip debug --verbose to show compatible tags): https://files.pythonhosted.org/packages/01/f8/9cc3411ba3191aa4bc96710fa4859a5f3a35afe3acffa2241d7877ea6f06/multiprocess-0.70.13-pp39-pypy39_pp73-manylinux_2_24_i686.whl (from https://pypi.org/simple/multiprocess/) (requires-python:>=2.7, !=3.0.*, !=3.1.*, !=3.2.*, !=3.3.*, !=3.4.*, !=3.5.*, !=3.6.*)
2026-07-30T19:03:44,470   Skipping link: none of the wheel's tags (pp39-pypy39_pp73-manylinux_2_24_x86_64) are compatible (run pip debug --verbose to show compatible tags): https://files.pythonhosted.org/packages/fa/df/b74da3323f04f595739d36a3c3bbde50b3c1368cf78b299d6c3ed6f2d6f3/multiprocess-0.70.13-pp39-pypy39_pp73-manylinux_2_24_x86_64.whl (from https://pypi.org/simple/multiprocess/) (requires-python:>=2.7, !=3.0.*, !=3.1.*, !=3.2.*, !=3.3.*, !=3.4.*, !=3.5.*, !=3.6.*)
2026-07-30T19:03:44,470   Found link https://files.pythonhosted.org/packages/fa/e6/3b9d10a3700782464eb304b6703224428404bac36d14acdb1b2a0046ade6/multiprocess-0.70.13-py310-none-any.whl (from https://pypi.org/simple/multiprocess/) (requires-python:>=2.7, !=3.0.*, !=3.1.*, !=3.2.*, !=3.3.*, !=3.4.*, !=3.5.*, !=3.6.*), version: 0.70.13
2026-07-30T19:03:44,470   Found link https://files.pythonhosted.org/packages/4b/28/915e6d4943eab538963a4fac7c409aa4a75213f5e6b98d91334e9a284c5c/multiprocess-0.70.13-py37-none-any.whl (from https://pypi.org/simple/multiprocess/) (requires-python:>=2.7, !=3.0.*, !=3.1.*, !=3.2.*, !=3.3.*, !=3.4.*, !=3.5.*, !=3.6.*), version: 0.70.13
2026-07-30T19:03:44,470   Found link https://files.pythonhosted.org/packages/1e/bc/625b7345861101ef708a0d5b4e9fd7694e2f97621a69e9b869100e0be47d/multiprocess-0.70.13-py38-none-any.whl (from https://pypi.org/simple/multiprocess/) (requires-python:>=2.7, !=3.0.*, !=3.1.*, !=3.2.*, !=3.3.*, !=3.4.*, !=3.5.*, !=3.6.*), version: 0.70.13
2026-07-30T19:03:44,470   Found link https://files.pythonhosted.org/packages/e1/a4/98f97b3aaa84b8be6702bad22ee9893dd506ed7c9dbfdad481793677066b/multiprocess-0.70.13-py39-none-any.whl (from https://pypi.org/simple/multiprocess/) (requires-python:>=2.7, !=3.0.*, !=3.1.*, !=3.2.*, !=3.3.*, !=3.4.*, !=3.5.*, !=3.6.*), version: 0.70.13
2026-07-30T19:03:44,470   Found link https://files.pythonhosted.org/packages/4b/7f/55f7dacc3127a918110763998dfbabbec8dd693bfde9a7df9c4e44f4da29/multiprocess-0.70.13.tar.gz (from https://pypi.org/simple/multiprocess/) (requires-python:>=2.7, !=3.0.*, !=3.1.*, !=3.2.*, !=3.3.*, !=3.4.*, !=3.5.*, !=3.6.*), version: 0.70.13
2026-07-30T19:03:44,470   Skipping link: none of the wheel's tags (pp37-pypy37_pp73-macosx_10_9_x86_64) are compatible (run pip debug --verbose to show compatible tags): https://files.pythonhosted.org/packages/6c/5f/582156e3c2b060f886a2746a78c7ee1bfeb326d98dce29e61be7a05bef92/multiprocess-0.70.14-pp37-pypy37_pp73-macosx_10_9_x86_64.whl (from https://pypi.org/simple/multiprocess/) (requires-python:>=3.7)
2026-07-30T19:03:44,471   Skipping link: none of the wheel's tags (pp37-pypy37_pp73-manylinux_2_24_i686) are compatible (run pip debug --verbose to show compatible tags): https://files.pythonhosted.org/packages/22/bd/a0e41a1cef8ca5276696e894fcf31276713d8e82e14bfcd1682834647300/multiprocess-0.70.14-pp37-pypy37_pp73-manylinux_2_24_i686.whl (from https://pypi.org/simple/multiprocess/) (requires-python:>=3.7)
2026-07-30T19:03:44,471   Skipping link: none of the wheel's tags (pp37-pypy37_pp73-manylinux_2_24_x86_64) are compatible (run pip debug --verbose to show compatible tags): https://files.pythonhosted.org/packages/3b/51/bbb9f1c814767f61ceb29bed72b8804153a84d56d7d1c503873a4b34d130/multiprocess-0.70.14-pp37-pypy37_pp73-manylinux_2_24_x86_64.whl (from https://pypi.org/simple/multiprocess/) (requires-python:>=3.7)
2026-07-30T19:03:44,471   Skipping link: none of the wheel's tags (pp38-pypy38_pp73-macosx_10_9_x86_64) are compatible (run pip debug --verbose to show compatible tags): https://files.pythonhosted.org/packages/eb/97/d96514a4702697d52074b65c7e53b7557654f492f5233e2b84d4b374a932/multiprocess-0.70.14-pp38-pypy38_pp73-macosx_10_9_x86_64.whl (from https://pypi.org/simple/multiprocess/) (requires-python:>=3.7)
2026-07-30T19:03:44,471   Skipping link: none of the wheel's tags (pp38-pypy38_pp73-manylinux_2_24_i686) are compatible (run pip debug --verbose to show compatible tags): https://files.pythonhosted.org/packages/e6/9e/5e3a2a924d11fdad006d27a6a009cb68ae23dda7f94e738a005bd84046b7/multiprocess-0.70.14-pp38-pypy38_pp73-manylinux_2_24_i686.whl (from https://pypi.org/simple/multiprocess/) (requires-python:>=3.7)
2026-07-30T19:03:44,471   Skipping link: none of the wheel's tags (pp38-pypy38_pp73-manylinux_2_24_x86_64) are compatible (run pip debug --verbose to show compatible tags): https://files.pythonhosted.org/packages/e0/88/94282ab787f8d4adb86bd904017e0edff22115be601f53604755396b8043/multiprocess-0.70.14-pp38-pypy38_pp73-manylinux_2_24_x86_64.whl (from https://pypi.org/simple/multiprocess/) (requires-python:>=3.7)
2026-07-30T19:03:44,471   Skipping link: none of the wheel's tags (pp39-pypy39_pp73-macosx_10_9_x86_64) are compatible (run pip debug --verbose to show compatible tags): https://files.pythonhosted.org/packages/5b/28/02430c489398529a6dbe79c2af31a6e3872761541b58415b3896672e9999/multiprocess-0.70.14-pp39-pypy39_pp73-macosx_10_9_x86_64.whl (from https://pypi.org/simple/multiprocess/) (requires-python:>=3.7)
2026-07-30T19:03:44,471   Skipping link: none of the wheel's tags (pp39-pypy39_pp73-manylinux_2_24_i686) are compatible (run pip debug --verbose to show compatible tags): https://files.pythonhosted.org/packages/8f/71/58e5b6f1c3f63701a228ba94ffe9af9609ee2616d1a180a635290eeead21/multiprocess-0.70.14-pp39-pypy39_pp73-manylinux_2_24_i686.whl (from https://pypi.org/simple/multiprocess/) (requires-python:>=3.7)
2026-07-30T19:03:44,471   Skipping link: none of the wheel's tags (pp39-pypy39_pp73-manylinux_2_24_x86_64) are compatible (run pip debug --verbose to show compatible tags): https://files.pythonhosted.org/packages/c8/c1/f645c98666bd416594b57e126391a19c537ffe9e95a4098f2ef0be5c5c12/multiprocess-0.70.14-pp39-pypy39_pp73-manylinux_2_24_x86_64.whl (from https://pypi.org/simple/multiprocess/) (requires-python:>=3.7)
2026-07-30T19:03:44,472   Found link https://files.pythonhosted.org/packages/b8/0c/c26b346b41bb1f81ac921fa10074a9595c22e5f99cc89c0410fc4efd5df3/multiprocess-0.70.14-py310-none-any.whl (from https://pypi.org/simple/multiprocess/) (requires-python:>=3.7), version: 0.70.14
2026-07-30T19:03:44,472   Found link https://files.pythonhosted.org/packages/f1/00/c1b90843cb80e6a1911f480e92a92b1258efcdd32ed4fe87449703416fc4/multiprocess-0.70.14-py37-none-any.whl (from https://pypi.org/simple/multiprocess/) (requires-python:>=3.7), version: 0.70.14
2026-07-30T19:03:44,472   Found link https://files.pythonhosted.org/packages/13/95/8b875a678c6f9db81809dd5d6032e9f8628426e37f6aa6b7d404ba582de1/multiprocess-0.70.14-py38-none-any.whl (from https://pypi.org/simple/multiprocess/) (requires-python:>=3.7), version: 0.70.14
2026-07-30T19:03:44,472   Found link https://files.pythonhosted.org/packages/6a/f4/fbeb03ef7abdda54db4a6a75c971b88ab73d724ff09e3275cc1e99f1c946/multiprocess-0.70.14-py39-none-any.whl (from https://pypi.org/simple/multiprocess/) (requires-python:>=3.7), version: 0.70.14
2026-07-30T19:03:44,472   Found link https://files.pythonhosted.org/packages/e3/ab/9aafc121c6a3d2470ccdf28f99897e88d324c948893b30e46cb359f595e3/multiprocess-0.70.14.tar.gz (from https://pypi.org/simple/multiprocess/) (requires-python:>=3.7), version: 0.70.14
2026-07-30T19:03:44,472   Skipping link: none of the wheel's tags (pp310-pypy310_pp73-macosx_10_9_x86_64) are compatible (run pip debug --verbose to show compatible tags): https://files.pythonhosted.org/packages/36/73/3dcd3175c0295d3989859197c8a9111d5936693a0ea639dc80de87bb7803/multiprocess-0.70.15-pp310-pypy310_pp73-macosx_10_9_x86_64.whl (from https://pypi.org/simple/multiprocess/) (requires-python:>=3.7)
2026-07-30T19:03:44,472   Skipping link: none of the wheel's tags (pp37-pypy37_pp73-macosx_10_9_x86_64) are compatible (run pip debug --verbose to show compatible tags): https://files.pythonhosted.org/packages/42/e0/6de4f04d8b8b1b63d3df5d1af166fe130f18141eb79280d43becb5bb4977/multiprocess-0.70.15-pp37-pypy37_pp73-macosx_10_9_x86_64.whl (from https://pypi.org/simple/multiprocess/) (requires-python:>=3.7)
2026-07-30T19:03:44,472   Skipping link: none of the wheel's tags (pp37-pypy37_pp73-manylinux_2_24_i686) are compatible (run pip debug --verbose to show compatible tags): https://files.pythonhosted.org/packages/33/b1/5101fb55d499810fde73fba93733cec84b19ebcd8f0cec70f625eafaba8a/multiprocess-0.70.15-pp37-pypy37_pp73-manylinux_2_24_i686.whl (from https://pypi.org/simple/multiprocess/) (requires-python:>=3.7)
2026-07-30T19:03:44,472   Skipping link: none of the wheel's tags (pp37-pypy37_pp73-manylinux_2_24_x86_64) are compatible (run pip debug --verbose to show compatible tags): https://files.pythonhosted.org/packages/c6/87/5b60dc95f970d1247ab049acb42acab0146ef29a96837de5edd29a74cc10/multiprocess-0.70.15-pp37-pypy37_pp73-manylinux_2_24_x86_64.whl (from https://pypi.org/simple/multiprocess/) (requires-python:>=3.7)
2026-07-30T19:03:44,472   Skipping link: none of the wheel's tags (pp38-pypy38_pp73-macosx_10_9_x86_64) are compatible (run pip debug --verbose to show compatible tags): https://files.pythonhosted.org/packages/74/25/aedbe24da8855bf77fa3b220843c67c8036af970fe298a96f1e73e2c757a/multiprocess-0.70.15-pp38-pypy38_pp73-macosx_10_9_x86_64.whl (from https://pypi.org/simple/multiprocess/) (requires-python:>=3.7)
2026-07-30T19:03:44,473   Skipping link: none of the wheel's tags (pp38-pypy38_pp73-manylinux_2_24_i686) are compatible (run pip debug --verbose to show compatible tags): https://files.pythonhosted.org/packages/d9/19/fd4b34b7ca6561424d4fec063ae50ecd2517bf6a5627044fe74a70fe2b8b/multiprocess-0.70.15-pp38-pypy38_pp73-manylinux_2_24_i686.whl (from https://pypi.org/simple/multiprocess/) (requires-python:>=3.7)
2026-07-30T19:03:44,473   Skipping link: none of the wheel's tags (pp38-pypy38_pp73-manylinux_2_24_x86_64) are compatible (run pip debug --verbose to show compatible tags): https://files.pythonhosted.org/packages/64/84/86590899265e02120ca435f415221af2ead750cfb468b91829e2088fa844/multiprocess-0.70.15-pp38-pypy38_pp73-manylinux_2_24_x86_64.whl (from https://pypi.org/simple/multiprocess/) (requires-python:>=3.7)
2026-07-30T19:03:44,473   Skipping link: none of the wheel's tags (pp39-pypy39_pp73-macosx_10_9_x86_64) are compatible (run pip debug --verbose to show compatible tags): https://files.pythonhosted.org/packages/7b/56/86312ddac225d6fba16ec1af772bab7c8c9845fe11063c7492fdb1e9be04/multiprocess-0.70.15-pp39-pypy39_pp73-macosx_10_9_x86_64.whl (from https://pypi.org/simple/multiprocess/) (requires-python:>=3.7)
2026-07-30T19:03:44,473   Skipping link: none of the wheel's tags (pp39-pypy39_pp73-manylinux_2_24_i686) are compatible (run pip debug --verbose to show compatible tags): https://files.pythonhosted.org/packages/83/97/08402e5ec72c1cc461df1f2e654c1e55527bb05c22120dcdf59745189df6/multiprocess-0.70.15-pp39-pypy39_pp73-manylinux_2_24_i686.whl (from https://pypi.org/simple/multiprocess/) (requires-python:>=3.7)
2026-07-30T19:03:44,473   Skipping link: none of the wheel's tags (pp39-pypy39_pp73-manylinux_2_24_x86_64) are compatible (run pip debug --verbose to show compatible tags): https://files.pythonhosted.org/packages/71/47/5d12db2427465486c0b336cc67753e8826b756a2e4d4ef6385f4f01b355b/multiprocess-0.70.15-pp39-pypy39_pp73-manylinux_2_24_x86_64.whl (from https://pypi.org/simple/multiprocess/) (requires-python:>=3.7)
2026-07-30T19:03:44,473   Found link https://files.pythonhosted.org/packages/35/a8/36d8d7b3e46b377800d8dec47891cdf05842d1a2366909ae4a0c89fbc5e6/multiprocess-0.70.15-py310-none-any.whl (from https://pypi.org/simple/multiprocess/) (requires-python:>=3.7), version: 0.70.15
2026-07-30T19:03:44,473   Found link https://files.pythonhosted.org/packages/e7/41/96ac938770ba6e7d5ae1d8c9cafebac54b413549042c6260f0d0a6ec6622/multiprocess-0.70.15-py311-none-any.whl (from https://pypi.org/simple/multiprocess/) (requires-python:>=3.7), version: 0.70.15
2026-07-30T19:03:44,473   Found link https://files.pythonhosted.org/packages/ca/3f/8354ce12fd13bd5c5bb4722261a10ca1d6e2eb7c1c08fa3d8a4e9dc98f44/multiprocess-0.70.15-py37-none-any.whl (from https://pypi.org/simple/multiprocess/) (requires-python:>=3.7), version: 0.70.15
2026-07-30T19:03:44,473   Found link https://files.pythonhosted.org/packages/c2/a6/c5cb599d917904878f220a4dbdfdcc4ef291dd3956c35b3b0dc6fc42fb6d/multiprocess-0.70.15-py38-none-any.whl (from https://pypi.org/simple/multiprocess/) (requires-python:>=3.7), version: 0.70.15
2026-07-30T19:03:44,473   Found link https://files.pythonhosted.org/packages/c6/c9/820b5ab056f4ada76fbe05bd481a948f287957d6cbfd59e2dd2618b408c1/multiprocess-0.70.15-py39-none-any.whl (from https://pypi.org/simple/multiprocess/) (requires-python:>=3.7), version: 0.70.15
2026-07-30T19:03:44,474   Found link https://files.pythonhosted.org/packages/68/e0/a77ca96e772e13c828fa52f3ad370d413bef194aeaf78b7c6611870ad815/multiprocess-0.70.15.tar.gz (from https://pypi.org/simple/multiprocess/) (requires-python:>=3.7), version: 0.70.15
2026-07-30T19:03:44,474   Skipping link: none of the wheel's tags (pp310-pypy310_pp73-macosx_10_13_x86_64) are compatible (run pip debug --verbose to show compatible tags): https://files.pythonhosted.org/packages/ef/76/6e712a2623d146d314f17598df5de7224c85c0060ef63fd95cc15a25b3fa/multiprocess-0.70.16-pp310-pypy310_pp73-macosx_10_13_x86_64.whl (from https://pypi.org/simple/multiprocess/) (requires-python:>=3.8)
2026-07-30T19:03:44,474   Skipping link: none of the wheel's tags (pp310-pypy310_pp73-manylinux_2_28_x86_64) are compatible (run pip debug --verbose to show compatible tags): https://files.pythonhosted.org/packages/0f/ab/1e6e8009e380e22254ff539ebe117861e5bdb3bff1fc977920972237c6c7/multiprocess-0.70.16-pp310-pypy310_pp73-manylinux_2_28_x86_64.whl (from https://pypi.org/simple/multiprocess/) (requires-python:>=3.8)
2026-07-30T19:03:44,474   Skipping link: none of the wheel's tags (pp38-pypy38_pp73-macosx_10_9_x86_64) are compatible (run pip debug --verbose to show compatible tags): https://files.pythonhosted.org/packages/41/42/b77fb443e3f5d9ed1f77e7bfe9424231904e4656c2145135b50b732f8529/multiprocess-0.70.16-pp38-pypy38_pp73-macosx_10_9_x86_64.whl (from https://pypi.org/simple/multiprocess/) (requires-python:>=3.8)
2026-07-30T19:03:44,474   Skipping link: none of the wheel's tags (pp38-pypy38_pp73-manylinux_2_28_x86_64) are compatible (run pip debug --verbose to show compatible tags): https://files.pythonhosted.org/packages/50/07/6daf536ec054b2cd97d4c57bd38ae3d5a75ce944f4f6560c217194b88886/multiprocess-0.70.16-pp38-pypy38_pp73-manylinux_2_28_x86_64.whl (from https://pypi.org/simple/multiprocess/) (requires-python:>=3.8)
2026-07-30T19:03:44,474   Skipping link: none of the wheel's tags (pp39-pypy39_pp73-macosx_10_13_x86_64) are compatible (run pip debug --verbose to show compatible tags): https://files.pythonhosted.org/packages/d8/94/8638a89f93c80df329116e6781a060506c7e91e1f4370dc831e9d17a041d/multiprocess-0.70.16-pp39-pypy39_pp73-macosx_10_13_x86_64.whl (from https://pypi.org/simple/multiprocess/) (requires-python:>=3.8)
2026-07-30T19:03:44,474   Skipping link: none of the wheel's tags (pp39-pypy39_pp73-manylinux_2_28_x86_64) are compatible (run pip debug --verbose to show compatible tags): https://files.pythonhosted.org/packages/89/21/222066f6bb8d8af287923ae3bd26cf4699a9ce020228ac273caca1de8250/multiprocess-0.70.16-pp39-pypy39_pp73-manylinux_2_28_x86_64.whl (from https://pypi.org/simple/multiprocess/) (requires-python:>=3.8)
2026-07-30T19:03:44,474   Found link https://files.pythonhosted.org/packages/bc/f7/7ec7fddc92e50714ea3745631f79bd9c96424cb2702632521028e57d3a36/multiprocess-0.70.16-py310-none-any.whl (from https://pypi.org/simple/multiprocess/) (requires-python:>=3.8), version: 0.70.16
2026-07-30T19:03:44,475   Found link https://files.pythonhosted.org/packages/50/15/b56e50e8debaf439f44befec5b2af11db85f6e0f344c3113ae0be0593a91/multiprocess-0.70.16-py311-none-any.whl (from https://pypi.org/simple/multiprocess/) (requires-python:>=3.8), version: 0.70.16
2026-07-30T19:03:44,475   Skipping link: none of the wheel's tags (py312-none-any) are compatible (run pip debug --verbose to show compatible tags): https://files.pythonhosted.org/packages/0a/7d/a988f258104dcd2ccf1ed40fdc97e26c4ac351eeaf81d76e266c52d84e2f/multiprocess-0.70.16-py312-none-any.whl (from https://pypi.org/simple/multiprocess/) (requires-python:>=3.8)
2026-07-30T19:03:44,475   Found link https://files.pythonhosted.org/packages/ea/89/38df130f2c799090c978b366cfdf5b96d08de5b29a4a293df7f7429fa50b/multiprocess-0.70.16-py38-none-any.whl (from https://pypi.org/simple/multiprocess/) (requires-python:>=3.8), version: 0.70.16
2026-07-30T19:03:44,475   Found link https://files.pythonhosted.org/packages/da/d9/f7f9379981e39b8c2511c9e0326d212accacb82f12fbfdc1aa2ce2a7b2b6/multiprocess-0.70.16-py39-none-any.whl (from https://pypi.org/simple/multiprocess/) (requires-python:>=3.8), version: 0.70.16
2026-07-30T19:03:44,475   Found link https://files.pythonhosted.org/packages/b5/ae/04f39c5d0d0def03247c2893d6f2b83c136bf3320a2154d7b8858f2ba72d/multiprocess-0.70.16.tar.gz (from https://pypi.org/simple/multiprocess/) (requires-python:>=3.8), version: 0.70.16
2026-07-30T19:03:44,475   Skipping link: none of the wheel's tags (pp310-pypy310_pp73-macosx_10_15_x86_64) are compatible (run pip debug --verbose to show compatible tags): https://files.pythonhosted.org/packages/f2/97/e57eaa8a4dc4036460d13162470eb0da520e6496a90b943529cf1ca40ebd/multiprocess-0.70.17-pp310-pypy310_pp73-macosx_10_15_x86_64.whl (from https://pypi.org/simple/multiprocess/) (requires-python:>=3.8)
2026-07-30T19:03:44,475   Skipping link: none of the wheel's tags (pp310-pypy310_pp73-macosx_11_0_arm64) are compatible (run pip debug --verbose to show compatible tags): https://files.pythonhosted.org/packages/8f/0a/bb06ea45e5b400cd9944e05878fdbb9016ba78ffb9190c541eec9c8e8380/multiprocess-0.70.17-pp310-pypy310_pp73-macosx_11_0_arm64.whl (from https://pypi.org/simple/multiprocess/) (requires-python:>=3.8)
2026-07-30T19:03:44,475   Skipping link: none of the wheel's tags (pp310-pypy310_pp73-manylinux_2_28_x86_64) are compatible (run pip debug --verbose to show compatible tags): https://files.pythonhosted.org/packages/20/e3/db48b10f0a25569c5c3a20288d82f9677cb312bccbd1da16cf8fb759649f/multiprocess-0.70.17-pp310-pypy310_pp73-manylinux_2_28_x86_64.whl (from https://pypi.org/simple/multiprocess/) (requires-python:>=3.8)
2026-07-30T19:03:44,475   Skipping link: none of the wheel's tags (pp38-pypy38_pp73-macosx_10_9_arm64) are compatible (run pip debug --verbose to show compatible tags): https://files.pythonhosted.org/packages/29/24/a0be32891f474f58adb1f732c6c7e1eb68d932920168a517a3939c7193ea/multiprocess-0.70.17-pp38-pypy38_pp73-macosx_10_9_arm64.whl (from https://pypi.org/simple/multiprocess/) (requires-python:>=3.8)
2026-07-30T19:03:44,475   Skipping link: none of the wheel's tags (pp38-pypy38_pp73-macosx_10_9_x86_64) are compatible (run pip debug --verbose to show compatible tags): https://files.pythonhosted.org/packages/38/f0/67f2ae380115f43e8f2cb04bcd7d784841ee485be4ba98d88425d5e02e26/multiprocess-0.70.17-pp38-pypy38_pp73-macosx_10_9_x86_64.whl (from https://pypi.org/simple/multiprocess/) (requires-python:>=3.8)
2026-07-30T19:03:44,475   Skipping link: none of the wheel's tags (pp38-pypy38_pp73-manylinux_2_28_x86_64) are compatible (run pip debug --verbose to show compatible tags): https://files.pythonhosted.org/packages/c1/bc/f85768d4d9889219e69aae5c94c333a2e56c9929befc941d3206648194b9/multiprocess-0.70.17-pp38-pypy38_pp73-manylinux_2_28_x86_64.whl (from https://pypi.org/simple/multiprocess/) (requires-python:>=3.8)
2026-07-30T19:03:44,475   Skipping link: none of the wheel's tags (pp39-pypy39_pp73-macosx_10_13_arm64) are compatible (run pip debug --verbose to show compatible tags): https://files.pythonhosted.org/packages/60/a1/3359dd7d4ecee40ce05f952bef3737075d0d1cccab04b59e732dac26534c/multiprocess-0.70.17-pp39-pypy39_pp73-macosx_10_13_arm64.whl (from https://pypi.org/simple/multiprocess/) (requires-python:>=3.8)
2026-07-30T19:03:44,475   Skipping link: none of the wheel's tags (pp39-pypy39_pp73-macosx_10_13_x86_64) are compatible (run pip debug --verbose to show compatible tags): https://files.pythonhosted.org/packages/12/73/59682eecafc2c7880141a7b9c0cf65d6491ffd67a2a8453396976f2a4f33/multiprocess-0.70.17-pp39-pypy39_pp73-macosx_10_13_x86_64.whl (from https://pypi.org/simple/multiprocess/) (requires-python:>=3.8)
2026-07-30T19:03:44,475   Skipping link: none of the wheel's tags (pp39-pypy39_pp73-manylinux_2_28_x86_64) are compatible (run pip debug --verbose to show compatible tags): https://files.pythonhosted.org/packages/d6/be/efe661a064d9348bcc4a21bcdb6c8c02a2ab61ec337a70fbdeaeb75693e0/multiprocess-0.70.17-pp39-pypy39_pp73-manylinux_2_28_x86_64.whl (from https://pypi.org/simple/multiprocess/) (requires-python:>=3.8)
2026-07-30T19:03:44,475   Found link https://files.pythonhosted.org/packages/e7/a9/39cf856d03690af6fd570cf40331f1f79acdbb3132a9c35d2c5002f7f30b/multiprocess-0.70.17-py310-none-any.whl (from https://pypi.org/simple/multiprocess/) (requires-python:>=3.8), version: 0.70.17
2026-07-30T19:03:44,475   Found link https://files.pythonhosted.org/packages/b2/07/8cbb75d6cfbe8712d8f7f6a5615f083c6e710ab916b748fbb20373ddb142/multiprocess-0.70.17-py311-none-any.whl (from https://pypi.org/simple/multiprocess/) (requires-python:>=3.8), version: 0.70.17
2026-07-30T19:03:44,475   Skipping link: none of the wheel's tags (py312-none-any) are compatible (run pip debug --verbose to show compatible tags): https://files.pythonhosted.org/packages/a4/69/d3f343a61a2f86ef10ed7865a26beda7c71554136ce187b0384b1c2c9ca3/multiprocess-0.70.17-py312-none-any.whl (from https://pypi.org/simple/multiprocess/) (requires-python:>=3.8)
2026-07-30T19:03:44,475   Skipping link: none of the wheel's tags (py313-none-any) are compatible (run pip debug --verbose to show compatible tags): https://files.pythonhosted.org/packages/c8/b7/2e9a4fcd871b81e1f2a812cd5c6fb52ad1e8da7bf0d7646c55eaae220484/multiprocess-0.70.17-py313-none-any.whl (from https://pypi.org/simple/multiprocess/) (requires-python:>=3.8)
2026-07-30T19:03:44,475   Found link https://files.pythonhosted.org/packages/ae/d7/fd7a092fc0ab1845a1a97ca88e61b9b7cc2e9d6fcf0ed24e9480590c2336/multiprocess-0.70.17-py38-none-any.whl (from https://pypi.org/simple/multiprocess/) (requires-python:>=3.8), version: 0.70.17
2026-07-30T19:03:44,475   Found link https://files.pythonhosted.org/packages/f9/41/0618ac724b8a56254962c143759e04fa01c73b37aa69dd433f16643bd38b/multiprocess-0.70.17-py39-none-any.whl (from https://pypi.org/simple/multiprocess/) (requires-python:>=3.8), version: 0.70.17
2026-07-30T19:03:44,475   Found link https://files.pythonhosted.org/packages/e9/34/1acca6e18697017ad5c8b45279b59305d660ecf2fbed13e5f406f69890e4/multiprocess-0.70.17.tar.gz (from https://pypi.org/simple/multiprocess/) (requires-python:>=3.8), version: 0.70.17
2026-07-30T19:03:44,475   Skipping link: none of the wheel's tags (pp310-pypy310_pp73-macosx_10_15_x86_64) are compatible (run pip debug --verbose to show compatible tags): https://files.pythonhosted.org/packages/c8/f8/7f9a8f08bf98cea1dfaa181e05cc8bbcb59cecf044b5a9ac3cce39f9c449/multiprocess-0.70.18-pp310-pypy310_pp73-macosx_10_15_x86_64.whl (from https://pypi.org/simple/multiprocess/) (requires-python:>=3.8)
2026-07-30T19:03:44,475   Skipping link: none of the wheel's tags (pp310-pypy310_pp73-macosx_11_0_arm64) are compatible (run pip debug --verbose to show compatible tags): https://files.pythonhosted.org/packages/e5/03/b7b10dbfc17b2b3ce07d4d30b3ba8367d0ed32d6d46cd166e298f161dd46/multiprocess-0.70.18-pp310-pypy310_pp73-macosx_11_0_arm64.whl (from https://pypi.org/simple/multiprocess/) (requires-python:>=3.8)
2026-07-30T19:03:44,475   Skipping link: none of the wheel's tags (pp310-pypy310_pp73-manylinux_2_28_x86_64) are compatible (run pip debug --verbose to show compatible tags): https://files.pythonhosted.org/packages/c1/a3/5f8d3b9690ea5580bee5868ab7d7e2cfca74b7e826b28192b40aa3881cdc/multiprocess-0.70.18-pp310-pypy310_pp73-manylinux_2_28_x86_64.whl (from https://pypi.org/simple/multiprocess/) (requires-python:>=3.8)
2026-07-30T19:03:44,475   Skipping link: none of the wheel's tags (pp311-pypy311_pp73-macosx_10_15_x86_64) are compatible (run pip debug --verbose to show compatible tags): https://files.pythonhosted.org/packages/55/4d/9af0d1279c84618bcd35bf5fd7e371657358c7b0a523e54a9cffb87461f8/multiprocess-0.70.18-pp311-pypy311_pp73-macosx_10_15_x86_64.whl (from https://pypi.org/simple/multiprocess/) (requires-python:>=3.8)
2026-07-30T19:03:44,475   Skipping link: none of the wheel's tags (pp311-pypy311_pp73-macosx_11_0_arm64) are compatible (run pip debug --verbose to show compatible tags): https://files.pythonhosted.org/packages/17/bf/87323e79dd0562474fad3373c21c66bc6c3c9963b68eb2a209deb4c8575e/multiprocess-0.70.18-pp311-pypy311_pp73-macosx_11_0_arm64.whl (from https://pypi.org/simple/multiprocess/) (requires-python:>=3.8)
2026-07-30T19:03:44,475   Skipping link: none of the wheel's tags (pp311-pypy311_pp73-manylinux_2_28_x86_64) are compatible (run pip debug --verbose to show compatible tags): https://files.pythonhosted.org/packages/dd/74/cb8c831e58dc6d5cf450b17c7db87f14294a1df52eb391da948b5e0a0b94/multiprocess-0.70.18-pp311-pypy311_pp73-manylinux_2_28_x86_64.whl (from https://pypi.org/simple/multiprocess/) (requires-python:>=3.8)
2026-07-30T19:03:44,475   Skipping link: none of the wheel's tags (pp38-pypy38_pp73-macosx_10_9_arm64) are compatible (run pip debug --verbose to show compatible tags): https://files.pythonhosted.org/packages/2d/8a/625c4aaf84f1654dfa233494accd83723e244ec0d4d26da4642233defc91/multiprocess-0.70.18-pp38-pypy38_pp73-macosx_10_9_arm64.whl (from https://pypi.org/simple/multiprocess/) (requires-python:>=3.8)
2026-07-30T19:03:44,475   Skipping link: none of the wheel's tags (pp38-pypy38_pp73-macosx_10_9_x86_64) are compatible (run pip debug --verbose to show compatible tags): https://files.pythonhosted.org/packages/b9/7d/934d6411a16870a46d4677f8d7013c536abd41ed8c25897ff872a26b918d/multiprocess-0.70.18-pp38-pypy38_pp73-macosx_10_9_x86_64.whl (from https://pypi.org/simple/multiprocess/) (requires-python:>=3.8)
2026-07-30T19:03:44,475   Skipping link: none of the wheel's tags (pp38-pypy38_pp73-manylinux_2_28_x86_64) are compatible (run pip debug --verbose to show compatible tags): https://files.pythonhosted.org/packages/30/17/cf4fb6957efb9e6665134a819809c408afeee9654e8b0f0a8b5de5d5d6ad/multiprocess-0.70.18-pp38-pypy38_pp73-manylinux_2_28_x86_64.whl (from https://pypi.org/simple/multiprocess/) (requires-python:>=3.8)
2026-07-30T19:03:44,475   Skipping link: none of the wheel's tags (pp39-pypy39_pp73-macosx_10_13_arm64) are compatible (run pip debug --verbose to show compatible tags): https://files.pythonhosted.org/packages/12/89/733ebfc487a4381590d863222f3f0c8bac105d032102d7a96d6566823d67/multiprocess-0.70.18-pp39-pypy39_pp73-macosx_10_13_arm64.whl (from https://pypi.org/simple/multiprocess/) (requires-python:>=3.8)
2026-07-30T19:03:44,475   Skipping link: none of the wheel's tags (pp39-pypy39_pp73-macosx_10_13_x86_64) are compatible (run pip debug --verbose to show compatible tags): https://files.pythonhosted.org/packages/41/65/d74a7955593c2c56c79d01ef07be5aa103342441673657dc7387855703de/multiprocess-0.70.18-pp39-pypy39_pp73-macosx_10_13_x86_64.whl (from https://pypi.org/simple/multiprocess/) (requires-python:>=3.8)
2026-07-30T19:03:44,475   Skipping link: none of the wheel's tags (pp39-pypy39_pp73-manylinux_2_28_x86_64) are compatible (run pip debug --verbose to show compatible tags): https://files.pythonhosted.org/packages/7d/5a/6f3ebcbc1508aa651cbe8deeca612b7915b97303410c93e9a4d83ba07e03/multiprocess-0.70.18-pp39-pypy39_pp73-manylinux_2_28_x86_64.whl (from https://pypi.org/simple/multiprocess/) (requires-python:>=3.8)
2026-07-30T19:03:44,475   Found link https://files.pythonhosted.org/packages/ba/d8/0cba6cf51a1a31f20471fbc823a716170c73012ddc4fb85d706630ed6e8f/multiprocess-0.70.18-py310-none-any.whl (from https://pypi.org/simple/multiprocess/) (requires-python:>=3.8), version: 0.70.18
2026-07-30T19:03:44,475   Found link https://files.pythonhosted.org/packages/4b/88/9039f2fed1012ef584751d4ceff9ab4a51e5ae264898f0b7cbf44340a859/multiprocess-0.70.18-py311-none-any.whl (from https://pypi.org/simple/multiprocess/) (requires-python:>=3.8), version: 0.70.18
2026-07-30T19:03:44,475   Skipping link: none of the wheel's tags (py312-none-any) are compatible (run pip debug --verbose to show compatible tags): https://files.pythonhosted.org/packages/bf/b6/5f922792be93b82ec6b5f270bbb1ef031fd0622847070bbcf9da816502cc/multiprocess-0.70.18-py312-none-any.whl (from https://pypi.org/simple/multiprocess/) (requires-python:>=3.8)
2026-07-30T19:03:44,475   Skipping link: none of the wheel's tags (py313-none-any) are compatible (run pip debug --verbose to show compatible tags): https://files.pythonhosted.org/packages/ee/25/7d7e78e750bc1aecfaf0efbf826c69a791d2eeaf29cf20cba93ff4cced78/multiprocess-0.70.18-py313-none-any.whl (from https://pypi.org/simple/multiprocess/) (requires-python:>=3.8)
2026-07-30T19:03:44,475   Found link https://files.pythonhosted.org/packages/3b/c3/ca84c19bd14cdfc21c388fdcebf08b86a7a470ebc9f5c3c084fc2dbc50f7/multiprocess-0.70.18-py38-none-any.whl (from https://pypi.org/simple/multiprocess/) (requires-python:>=3.8), version: 0.70.18
2026-07-30T19:03:44,475   Found link https://files.pythonhosted.org/packages/6c/28/dd72947e59a6a8c856448a5e74da6201cb5502ddff644fbc790e4bd40b9a/multiprocess-0.70.18-py39-none-any.whl (from https://pypi.org/simple/multiprocess/) (requires-python:>=3.8), version: 0.70.18
2026-07-30T19:03:44,475   Found link https://files.pythonhosted.org/packages/72/fd/2ae3826f5be24c6ed87266bc4e59c46ea5b059a103f3d7e7eb76a52aeecb/multiprocess-0.70.18.tar.gz (from https://pypi.org/simple/multiprocess/) (requires-python:>=3.8), version: 0.70.18
2026-07-30T19:03:44,475   Skipping link: none of the wheel's tags (pp310-pypy310_pp73-macosx_10_15_x86_64) are compatible (run pip debug --verbose to show compatible tags): https://files.pythonhosted.org/packages/8b/b6/10832f96b499690854e574360be342a282f5f7dba58eff791299ff6c0637/multiprocess-0.70.19-pp310-pypy310_pp73-macosx_10_15_x86_64.whl (from https://pypi.org/simple/multiprocess/) (requires-python:>=3.9)
2026-07-30T19:03:44,475   Skipping link: none of the wheel's tags (pp310-pypy310_pp73-macosx_11_0_arm64) are compatible (run pip debug --verbose to show compatible tags): https://files.pythonhosted.org/packages/99/50/faef2d8106534b0dc4a0b772668a1a99682696ebf17d3c0f13f2ed6a656a/multiprocess-0.70.19-pp310-pypy310_pp73-macosx_11_0_arm64.whl (from https://pypi.org/simple/multiprocess/) (requires-python:>=3.9)
2026-07-30T19:03:44,475   Skipping link: none of the wheel's tags (pp310-pypy310_pp73-manylinux_2_28_x86_64) are compatible (run pip debug --verbose to show compatible tags): https://files.pythonhosted.org/packages/94/b1/0b71d18b76bf423c2e8ee00b31db37d17297ab3b4db44e188692afdca628/multiprocess-0.70.19-pp310-pypy310_pp73-manylinux_2_28_x86_64.whl (from https://pypi.org/simple/multiprocess/) (requires-python:>=3.9)
2026-07-30T19:03:44,475   Skipping link: none of the wheel's tags (pp311-pypy311_pp73-macosx_10_15_x86_64) are compatible (run pip debug --verbose to show compatible tags): https://files.pythonhosted.org/packages/7e/aa/714635c727dbfc251139226fa4eaf1b07f00dc12d9cd2eb25f931adaf873/multiprocess-0.70.19-pp311-pypy311_pp73-macosx_10_15_x86_64.whl (from https://pypi.org/simple/multiprocess/) (requires-python:>=3.9)
2026-07-30T19:03:44,475   Skipping link: none of the wheel's tags (pp311-pypy311_pp73-macosx_11_0_arm64) are compatible (run pip debug --verbose to show compatible tags): https://files.pythonhosted.org/packages/0f/e1/155f6abf5e6b5d9cef29b6d0167c180846157a4aca9b9bee1a217f67c959/multiprocess-0.70.19-pp311-pypy311_pp73-macosx_11_0_arm64.whl (from https://pypi.org/simple/multiprocess/) (requires-python:>=3.9)
2026-07-30T19:03:44,475   Skipping link: none of the wheel's tags (pp311-pypy311_pp73-manylinux_2_28_x86_64) are compatible (run pip debug --verbose to show compatible tags): https://files.pythonhosted.org/packages/af/cb/f421c2869d75750a4f32301cc20c4b63fab6376e9a75c8e5e655bdeb3d9b/multiprocess-0.70.19-pp311-pypy311_pp73-manylinux_2_28_x86_64.whl (from https://pypi.org/simple/multiprocess/) (requires-python:>=3.9)
2026-07-30T19:03:44,475   Skipping link: none of the wheel's tags (pp39-pypy39_pp73-macosx_10_13_arm64) are compatible (run pip debug --verbose to show compatible tags): https://files.pythonhosted.org/packages/41/ab/ccd9652d32e79f8fc4235f64fbfb39c85583c96f4c2290ff7757cf213ccb/multiprocess-0.70.19-pp39-pypy39_pp73-macosx_10_13_arm64.whl (from https://pypi.org/simple/multiprocess/) (requires-python:>=3.9)
2026-07-30T19:03:44,475   Skipping link: none of the wheel's tags (pp39-pypy39_pp73-macosx_10_13_x86_64) are compatible (run pip debug --verbose to show compatible tags): https://files.pythonhosted.org/packages/d0/75/6e4fc33200ff67819b234150c594193109f4a4573106ee4e0f417b6f6e44/multiprocess-0.70.19-pp39-pypy39_pp73-macosx_10_13_x86_64.whl (from https://pypi.org/simple/multiprocess/) (requires-python:>=3.9)
2026-07-30T19:03:44,475   Skipping link: none of the wheel's tags (pp39-pypy39_pp73-manylinux_2_28_x86_64) are compatible (run pip debug --verbose to show compatible tags): https://files.pythonhosted.org/packages/4e/db/a5fcaad04fb7b2e1c043df6f00d2a34ba88861ef5eeb11b82a3c80f813bd/multiprocess-0.70.19-pp39-pypy39_pp73-manylinux_2_28_x86_64.whl (from https://pypi.org/simple/multiprocess/) (requires-python:>=3.9)
2026-07-30T19:03:44,475   Found link https://files.pythonhosted.org/packages/e3/45/8004d1e6b9185c1a444d6b55ac5682acf9d98035e54386d967366035a03a/multiprocess-0.70.19-py310-none-any.whl (from https://pypi.org/simple/multiprocess/) (requires-python:>=3.9), version: 0.70.19
2026-07-30T19:03:44,475   Found link https://files.pythonhosted.org/packages/86/c2/dec9722dc3474c164a0b6bcd9a7ed7da542c98af8cabce05374abab35edd/multiprocess-0.70.19-py311-none-any.whl (from https://pypi.org/simple/multiprocess/) (requires-python:>=3.9), version: 0.70.19
2026-07-30T19:03:44,475   Skipping link: none of the wheel's tags (py312-none-any) are compatible (run pip debug --verbose to show compatible tags): https://files.pythonhosted.org/packages/71/70/38998b950a97ea279e6bd657575d22d1a2047256caf707d9a10fbce4f065/multiprocess-0.70.19-py312-none-any.whl (from https://pypi.org/simple/multiprocess/) (requires-python:>=3.9)
2026-07-30T19:03:44,475   Skipping link: none of the wheel's tags (py313-none-any) are compatible (run pip debug --verbose to show compatible tags): https://files.pythonhosted.org/packages/7f/74/d2c27e03cb84251dfe7249b8e82923643c6d48fa4883b9476b025e7dc7eb/multiprocess-0.70.19-py313-none-any.whl (from https://pypi.org/simple/multiprocess/) (requires-python:>=3.9)
2026-07-30T19:03:44,481   Skipping link: none of the wheel's tags (py314-none-any) are compatible (run pip debug --verbose to show compatible tags): https://files.pythonhosted.org/packages/a0/61/af9115673a5870fd885247e2f1b68c4f1197737da315b520a91c757a861a/multiprocess-0.70.19-py314-none-any.whl (from https://pypi.org/simple/multiprocess/) (requires-python:>=3.9)
2026-07-30T19:03:44,481   Found link https://files.pythonhosted.org/packages/7e/82/69e539c4c2027f1e1697e09aaa2449243085a0edf81ae2c6341e84d769b6/multiprocess-0.70.19-py39-none-any.whl (from https://pypi.org/simple/multiprocess/) (requires-python:>=3.9), version: 0.70.19
2026-07-30T19:03:44,481   Found link https://files.pythonhosted.org/packages/a2/f2/e783ac7f2aeeed14e9e12801f22529cc7e6b7ab80928d6dcce4e9f00922d/multiprocess-0.70.19.tar.gz (from https://pypi.org/simple/multiprocess/) (requires-python:>=3.9), version: 0.70.19
2026-07-30T19:03:44,481 Skipping link: not a file: https://pypi.org/simple/multiprocess/
2026-07-30T19:03:44,481 Given no hashes to check 4 links for project 'multiprocess': discarding no candidates
2026-07-30T19:03:44,482 Collecting multiprocess>=0.70.19 (from pathos->andes==2.0.0)
2026-07-30T19:03:44,482   Obtaining dependency information for multiprocess>=0.70.19 from https://files.pythonhosted.org/packages/86/c2/dec9722dc3474c164a0b6bcd9a7ed7da542c98af8cabce05374abab35edd/multiprocess-0.70.19-py311-none-any.whl.metadata
2026-07-30T19:03:44,482   Created temporary directory: C:\Users\Administrator\AppData\Local\Temp\pip-unpack-furlyphl
2026-07-30T19:03:44,484   Using cached multiprocess-0.70.19-py311-none-any.whl.metadata (7.5 kB)
2026-07-30T19:03:44,486   Created temporary directory: C:\Users\Administrator\AppData\Local\Temp\pip-metadata-wflrwyik
2026-07-30T19:03:44,494 Created temporary directory: C:\Users\Administrator\AppData\Local\Temp\pip-unpack-i69bs07v
2026-07-30T19:03:44,494 Using cached andes-2.0.0-py3-none-any.whl (3.2 MB)
2026-07-30T19:03:44,500 Downloading link https://files.pythonhosted.org/packages/c1/7f/c364e4cf203875c8e438128a0f44ce9d8a7a55062f7dd02a2de9a0aa1100/andes-2.0.0-py3-none-any.whl (from https://pypi.org/simple/andes/) (requires-python:>=3.11) to C:\Users\Administrator\AppData\Local\Temp\pip-unpack-i69bs07v\andes-2.0.0-py3-none-any.whl
2026-07-30T19:03:44,500 Using cached kvxopt-1.3.3.1-cp311-cp311-win_amd64.whl (17.3 MB)
2026-07-30T19:03:44,512 Downloading link https://files.pythonhosted.org/packages/59/65/6a39827edb6883400a145feb07640e3256ac88e04c0fc1fbc67a464e9246/kvxopt-1.3.3.1-cp311-cp311-win_amd64.whl (from https://pypi.org/simple/kvxopt/) (requires-python:!=3.0.*,!=3.1.*,!=3.2.*,!=3.3.*,!=3.4.*,>=3.5) to C:\Users\Administrator\AppData\Local\Temp\pip-unpack-i69bs07v\kvxopt-1.3.3.1-cp311-cp311-win_amd64.whl
2026-07-30T19:03:44,518 Using cached chardet-7.4.3-cp311-cp311-win_amd64.whl (941 kB)
2026-07-30T19:03:44,518 Downloading link https://files.pythonhosted.org/packages/5d/a6/e9b8f8a3e99602792b01fa7d0a731737615ab56d8bfd0b52935a0ef88b85/chardet-7.4.3-cp311-cp311-win_amd64.whl (from https://pypi.org/simple/chardet/) (requires-python:>=3.10) to C:\Users\Administrator\AppData\Local\Temp\pip-unpack-i69bs07v\chardet-7.4.3-cp311-cp311-win_amd64.whl
2026-07-30T19:03:44,518 Using cached dill-0.4.1-py3-none-any.whl (120 kB)
2026-07-30T19:03:44,518 Downloading link https://files.pythonhosted.org/packages/1e/77/dc8c558f7593132cf8fefec57c4f60c83b16941c574ac5f619abb3ae7933/dill-0.4.1-py3-none-any.whl (from https://pypi.org/simple/dill/) (requires-python:>=3.9) to C:\Users\Administrator\AppData\Local\Temp\pip-unpack-i69bs07v\dill-0.4.1-py3-none-any.whl
2026-07-30T19:03:44,524 Using cached openpyxl-3.1.5-py2.py3-none-any.whl (250 kB)
2026-07-30T19:03:44,525 Downloading link https://files.pythonhosted.org/packages/c0/da/977ded879c29cbd04de313843e76868e6e13408a94ed6b987245dc7c8506/openpyxl-3.1.5-py2.py3-none-any.whl (from https://pypi.org/simple/openpyxl/) (requires-python:>=3.8) to C:\Users\Administrator\AppData\Local\Temp\pip-unpack-i69bs07v\openpyxl-3.1.5-py2.py3-none-any.whl
2026-07-30T19:03:44,527 Using cached et_xmlfile-2.0.0-py3-none-any.whl (18 kB)
2026-07-30T19:03:44,528 Downloading link https://files.pythonhosted.org/packages/c1/8b/5fe2cc11fee489817272089c4203e679c63b570a5aaeb18d852ae3cbba6a/et_xmlfile-2.0.0-py3-none-any.whl (from https://pypi.org/simple/et-xmlfile/) (requires-python:>=3.8) to C:\Users\Administrator\AppData\Local\Temp\pip-unpack-i69bs07v\et_xmlfile-2.0.0-py3-none-any.whl
2026-07-30T19:03:44,529 Using cached pathos-0.3.5-py3-none-any.whl (82 kB)
2026-07-30T19:03:44,529 Downloading link https://files.pythonhosted.org/packages/37/44/be2146c650ee9ca4d9a770c995f5c92c1ea52292dcf618ce1a336d3146dd/pathos-0.3.5-py3-none-any.whl (from https://pypi.org/simple/pathos/) (requires-python:>=3.9) to C:\Users\Administrator\AppData\Local\Temp\pip-unpack-i69bs07v\pathos-0.3.5-py3-none-any.whl
2026-07-30T19:03:44,531 Using cached multiprocess-0.70.19-py311-none-any.whl (144 kB)
2026-07-30T19:03:44,532 Downloading link https://files.pythonhosted.org/packages/86/c2/dec9722dc3474c164a0b6bcd9a7ed7da542c98af8cabce05374abab35edd/multiprocess-0.70.19-py311-none-any.whl (from https://pypi.org/simple/multiprocess/) (requires-python:>=3.9) to C:\Users\Administrator\AppData\Local\Temp\pip-unpack-i69bs07v\multiprocess-0.70.19-py311-none-any.whl
2026-07-30T19:03:44,533 Using cached pox-0.3.7-py3-none-any.whl (29 kB)
2026-07-30T19:03:44,534 Downloading link https://files.pythonhosted.org/packages/2a/ac/4d5f104edf2aae2fec85567ec1d1969010de8124c5c45514f25e14900b65/pox-0.3.7-py3-none-any.whl (from https://pypi.org/simple/pox/) (requires-python:>=3.9) to C:\Users\Administrator\AppData\Local\Temp\pip-unpack-i69bs07v\pox-0.3.7-py3-none-any.whl
2026-07-30T19:03:44,535 Using cached ppft-1.7.8-py3-none-any.whl (56 kB)
2026-07-30T19:03:44,536 Downloading link https://files.pythonhosted.org/packages/8e/e1/d1b380af6443e7c33aeb40617ebdc17c39dc30095235643cc518e3908203/ppft-1.7.8-py3-none-any.whl (from https://pypi.org/simple/ppft/) (requires-python:>=3.9) to C:\Users\Administrator\AppData\Local\Temp\pip-unpack-i69bs07v\ppft-1.7.8-py3-none-any.whl
2026-07-30T19:03:44,537 Using cached texttable-1.7.0-py2.py3-none-any.whl (10 kB)
2026-07-30T19:03:44,538 Downloading link https://files.pythonhosted.org/packages/24/99/4772b8e00a136f3e01236de33b0efda31ee7077203ba5967fcc76da94d65/texttable-1.7.0-py2.py3-none-any.whl (from https://pypi.org/simple/texttable/) to C:\Users\Administrator\AppData\Local\Temp\pip-unpack-i69bs07v\texttable-1.7.0-py2.py3-none-any.whl
2026-07-30T19:03:44,539 Using cached tqdm-4.70.0-py3-none-any.whl (80 kB)
2026-07-30T19:03:44,540 Downloading link https://files.pythonhosted.org/packages/f9/1c/01bfd571a64e7f270e6bab5e33777debe0edc56759233ce84f27dec92d14/tqdm-4.70.0-py3-none-any.whl (from https://pypi.org/simple/tqdm/) (requires-python:>=3.8) to C:\Users\Administrator\AppData\Local\Temp\pip-unpack-i69bs07v\tqdm-4.70.0-py3-none-any.whl
2026-07-30T19:03:44,541 Using cached xlsxwriter-3.2.9-py3-none-any.whl (175 kB)
2026-07-30T19:03:44,542 Downloading link https://files.pythonhosted.org/packages/3a/0c/3662f4a66880196a590b202f0db82d919dd2f89e99a27fadef91c4a33d41/xlsxwriter-3.2.9-py3-none-any.whl (from https://pypi.org/simple/xlsxwriter/) (requires-python:>=3.8) to C:\Users\Administrator\AppData\Local\Temp\pip-unpack-i69bs07v\xlsxwriter-3.2.9-py3-none-any.whl
2026-07-30T19:03:44,723 Installing collected packages: texttable, xlsxwriter, tqdm, ppft, pox, kvxopt, et-xmlfile, dill, chardet, openpyxl, multiprocess, pathos, andes



2026-07-30T19:03:44,930   WARNING: The script tqdm.exe is installed in 'D:\Miniconda3\envs\topo_sfr\Scripts' which is not on PATH.
2026-07-30T19:03:44,930   Consider adding this directory to PATH or, if you prefer to suppress this warning, use --no-warn-script-location.






2026-07-30T19:03:45,511   WARNING: The script chardetect.exe is installed in 'D:\Miniconda3\envs\topo_sfr\Scripts' which is not on PATH.
2026-07-30T19:03:45,511   Consider adding this directory to PATH or, if you prefer to suppress this warning, use --no-warn-script-location.




2026-07-30T19:03:46,403   WARNING: The script andes.exe is installed in 'D:\Miniconda3\envs\topo_sfr\Scripts' which is not on PATH.
2026-07-30T19:03:46,403   Consider adding this directory to PATH or, if you prefer to suppress this warning, use --no-warn-script-location.
2026-07-30T19:03:46,414 Successfully installed andes-2.0.0 chardet-7.4.3 dill-0.4.1 et-xmlfile-2.0.0 kvxopt-1.3.3.1 multiprocess-0.70.19 openpyxl-3.1.5 pathos-0.3.5 pox-0.3.7 ppft-1.7.8 texttable-1.7.0 tqdm-4.70.0 xlsxwriter-3.2.9
2026-07-30T19:03:46,414 Removed build tracker: 'C:\\Users\\Administrator\\AppData\\Local\\Temp\\pip-build-tracker-js88fbuw'
